arquivo,particao_interna
LA_E_1004222,treino_interno
LA_E_1007597,treino_interno
LA_E_1007709,treino_interno
LA_E_1007969,treino_interno
LA_E_1008441,treino_interno
LA_E_1008780,treino_interno
LA_E_1008951,treino_interno
LA_E_1009420,treino_interno
LA_E_1010526,treino_interno
LA_E_1010695,treino_interno
LA_E_1011092,treino_interno
LA_E_1011419,treino_interno
LA_E_1011791,treino_interno
LA_E_1012584,treino_interno
LA_E_1013559,treino_interno
LA_E_1013759,treino_interno
LA_E_1013933,treino_interno
LA_E_1013975,treino_interno
LA_E_1014509,treino_interno
LA_E_1014946,treino_interno
LA_E_1015732,treino_interno
LA_E_1015815,treino_interno
LA_E_1016141,treino_interno
LA_E_1016303,treino_interno
LA_E_1017023,treino_interno
LA_E_1017127,treino_interno
LA_E_1017221,treino_interno
LA_E_1017300,treino_interno
LA_E_1017441,treino_interno
LA_E_1017599,treino_interno
LA_E_1017648,treino_interno
LA_E_1017688,treino_interno
LA_E_1017924,treino_interno
LA_E_1018583,treino_interno
LA_E_1018744,treino_interno
LA_E_1019173,treino_interno
LA_E_1019554,treino_interno
LA_E_1019682,treino_interno
LA_E_1020265,treino_interno
LA_E_1020284,treino_interno
LA_E_1020564,treino_interno
LA_E_1020757,treino_interno
LA_E_1020965,treino_interno
LA_E_1021072,treino_interno
LA_E_1021095,treino_interno
LA_E_1021824,treino_interno
LA_E_1022057,treino_interno
LA_E_1022068,treino_interno
LA_E_1022069,treino_interno
LA_E_1022216,treino_interno
LA_E_1022414,treino_interno
LA_E_1022616,treino_interno
LA_E_1022713,treino_interno
LA_E_1022945,treino_interno
LA_E_1023566,treino_interno
LA_E_1023789,treino_interno
LA_E_1024089,treino_interno
LA_E_1024893,treino_interno
LA_E_1025312,treino_interno
LA_E_1026241,treino_interno
LA_E_1026428,treino_interno
LA_E_1026801,treino_interno
LA_E_1026853,treino_interno
LA_E_1026957,treino_interno
LA_E_1027054,treino_interno
LA_E_1027320,treino_interno
LA_E_1027442,treino_interno
LA_E_1027595,treino_interno
LA_E_1027709,treino_interno
LA_E_1027840,treino_interno
LA_E_1027872,treino_interno
LA_E_1028148,treino_interno
LA_E_1028164,treino_interno
LA_E_1028170,treino_interno
LA_E_1028201,treino_interno
LA_E_1028591,treino_interno
LA_E_1028611,treino_interno
LA_E_1028666,treino_interno
LA_E_1028818,treino_interno
LA_E_1028882,treino_interno
LA_E_1028907,treino_interno
LA_E_1028945,treino_interno
LA_E_1029038,treino_interno
LA_E_1029431,treino_interno
LA_E_1029476,treino_interno
LA_E_1029549,treino_interno
LA_E_1029550,treino_interno
LA_E_1029696,treino_interno
LA_E_1029740,treino_interno
LA_E_1030072,treino_interno
LA_E_1030276,treino_interno
LA_E_1030370,treino_interno
LA_E_1031271,treino_interno
LA_E_1031642,treino_interno
LA_E_1031902,treino_interno
LA_E_1032157,treino_interno
LA_E_1032202,treino_interno
LA_E_1032299,treino_interno
LA_E_1032300,treino_interno
LA_E_1032320,treino_interno
LA_E_1032337,treino_interno
LA_E_1032876,treino_interno
LA_E_1033028,treino_interno
LA_E_1033069,treino_interno
LA_E_1033304,treino_interno
LA_E_1033392,treino_interno
LA_E_1033444,treino_interno
LA_E_1033448,treino_interno
LA_E_1033499,treino_interno
LA_E_1033674,treino_interno
LA_E_1033913,treino_interno
LA_E_1034241,treino_interno
LA_E_1034467,treino_interno
LA_E_1034623,treino_interno
LA_E_1034688,treino_interno
LA_E_1035340,treino_interno
LA_E_1035372,treino_interno
LA_E_1035397,treino_interno
LA_E_1035420,treino_interno
LA_E_1035673,treino_interno
LA_E_1035776,treino_interno
LA_E_1035806,treino_interno
LA_E_1036080,treino_interno
LA_E_1037150,treino_interno
LA_E_1037364,treino_interno
LA_E_1038001,treino_interno
LA_E_1038175,treino_interno
LA_E_1038483,treino_interno
LA_E_1038754,treino_interno
LA_E_1039594,treino_interno
LA_E_1039645,treino_interno
LA_E_1039928,treino_interno
LA_E_1040053,treino_interno
LA_E_1040070,treino_interno
LA_E_1041023,treino_interno
LA_E_1041460,treino_interno
LA_E_1041859,treino_interno
LA_E_1042101,treino_interno
LA_E_1042326,treino_interno
LA_E_1042584,treino_interno
LA_E_1042805,early_stopping
LA_E_1042860,treino_interno
LA_E_1043329,treino_interno
LA_E_1043528,treino_interno
LA_E_1043665,treino_interno
LA_E_1043772,treino_interno
LA_E_1043803,treino_interno
LA_E_1044468,treino_interno
LA_E_1044816,treino_interno
LA_E_1044957,treino_interno
LA_E_1044998,treino_interno
LA_E_1045222,treino_interno
LA_E_1045414,treino_interno
LA_E_1045533,treino_interno
LA_E_1045783,treino_interno
LA_E_1045940,treino_interno
LA_E_1046465,treino_interno
LA_E_1047554,treino_interno
LA_E_1047823,treino_interno
LA_E_1047827,treino_interno
LA_E_1047901,treino_interno
LA_E_1048016,treino_interno
LA_E_1048638,treino_interno
LA_E_1048746,treino_interno
LA_E_1048762,treino_interno
LA_E_1048965,treino_interno
LA_E_1049031,treino_interno
LA_E_1049989,treino_interno
LA_E_1050106,treino_interno
LA_E_1050200,treino_interno
LA_E_1051926,treino_interno
LA_E_1052008,treino_interno
LA_E_1052644,treino_interno
LA_E_1052835,treino_interno
LA_E_1052933,treino_interno
LA_E_1054106,treino_interno
LA_E_1054112,treino_interno
LA_E_1054198,treino_interno
LA_E_1054484,treino_interno
LA_E_1054794,treino_interno
LA_E_1054935,treino_interno
LA_E_1054958,treino_interno
LA_E_1056164,treino_interno
LA_E_1056193,treino_interno
LA_E_1056268,treino_interno
LA_E_1056291,treino_interno
LA_E_1056609,treino_interno
LA_E_1056668,treino_interno
LA_E_1056790,treino_interno
LA_E_1057066,treino_interno
LA_E_1057854,treino_interno
LA_E_1058171,treino_interno
LA_E_1058339,treino_interno
LA_E_1058512,treino_interno
LA_E_1058646,early_stopping
LA_E_1058728,treino_interno
LA_E_1058835,treino_interno
LA_E_1058898,treino_interno
LA_E_1058936,treino_interno
LA_E_1059183,treino_interno
LA_E_1059203,treino_interno
LA_E_1059322,treino_interno
LA_E_1060622,treino_interno
LA_E_1060904,treino_interno
LA_E_1060911,treino_interno
LA_E_1061092,treino_interno
LA_E_1061243,treino_interno
LA_E_1061658,treino_interno
LA_E_1062374,early_stopping
LA_E_1062605,treino_interno
LA_E_1063599,treino_interno
LA_E_1063694,treino_interno
LA_E_1063885,treino_interno
LA_E_1064050,treino_interno
LA_E_1064236,treino_interno
LA_E_1064381,treino_interno
LA_E_1064714,treino_interno
LA_E_1064854,treino_interno
LA_E_1064946,treino_interno
LA_E_1065161,treino_interno
LA_E_1065554,treino_interno
LA_E_1065665,treino_interno
LA_E_1065686,treino_interno
LA_E_1066250,treino_interno
LA_E_1066511,treino_interno
LA_E_1066513,treino_interno
LA_E_1066827,treino_interno
LA_E_1066924,early_stopping
LA_E_1066968,treino_interno
LA_E_1067475,treino_interno
LA_E_1067578,treino_interno
LA_E_1067929,treino_interno
LA_E_1068122,treino_interno
LA_E_1068308,treino_interno
LA_E_1069528,treino_interno
LA_E_1069942,treino_interno
LA_E_1070317,treino_interno
LA_E_1070576,treino_interno
LA_E_1071071,early_stopping
LA_E_1071143,treino_interno
LA_E_1071230,treino_interno
LA_E_1071778,treino_interno
LA_E_1071887,treino_interno
LA_E_1072378,treino_interno
LA_E_1072836,treino_interno
LA_E_1073263,treino_interno
LA_E_1073373,treino_interno
LA_E_1073859,treino_interno
LA_E_1074164,treino_interno
LA_E_1074396,treino_interno
LA_E_1075324,treino_interno
LA_E_1075445,treino_interno
LA_E_1075618,treino_interno
LA_E_1076130,treino_interno
LA_E_1076229,treino_interno
LA_E_1076578,treino_interno
LA_E_1076580,treino_interno
LA_E_1077583,treino_interno
LA_E_1077691,treino_interno
LA_E_1077837,treino_interno
LA_E_1078231,treino_interno
LA_E_1078418,early_stopping
LA_E_1079023,treino_interno
LA_E_1079577,treino_interno
LA_E_1080057,treino_interno
LA_E_1080158,treino_interno
LA_E_1080197,treino_interno
LA_E_1080279,treino_interno
LA_E_1080541,treino_interno
LA_E_1080547,treino_interno
LA_E_1080674,treino_interno
LA_E_1080736,treino_interno
LA_E_1081150,treino_interno
LA_E_1081666,treino_interno
LA_E_1081853,treino_interno
LA_E_1082450,treino_interno
LA_E_1082534,treino_interno
LA_E_1082595,treino_interno
LA_E_1082627,treino_interno
LA_E_1082752,treino_interno
LA_E_1083073,treino_interno
LA_E_1083378,treino_interno
LA_E_1083588,treino_interno
LA_E_1083863,treino_interno
LA_E_1084148,early_stopping
LA_E_1084917,treino_interno
LA_E_1085583,treino_interno
LA_E_1085620,treino_interno
LA_E_1085641,treino_interno
LA_E_1085679,treino_interno
LA_E_1085772,treino_interno
LA_E_1085807,treino_interno
LA_E_1086050,treino_interno
LA_E_1087293,treino_interno
LA_E_1087435,treino_interno
LA_E_1087909,treino_interno
LA_E_1087936,treino_interno
LA_E_1088147,treino_interno
LA_E_1088922,treino_interno
LA_E_1089116,treino_interno
LA_E_1089138,treino_interno
LA_E_1089699,treino_interno
LA_E_1089831,treino_interno
LA_E_1090073,treino_interno
LA_E_1090086,treino_interno
LA_E_1090196,treino_interno
LA_E_1090591,early_stopping
LA_E_1090709,treino_interno
LA_E_1090802,treino_interno
LA_E_1091260,treino_interno
LA_E_1091855,treino_interno
LA_E_1091903,treino_interno
LA_E_1092001,treino_interno
LA_E_1092655,treino_interno
LA_E_1093338,treino_interno
LA_E_1093757,treino_interno
LA_E_1094700,treino_interno
LA_E_1094981,treino_interno
LA_E_1095581,treino_interno
LA_E_1096089,early_stopping
LA_E_1096526,early_stopping
LA_E_1096558,treino_interno
LA_E_1096806,treino_interno
LA_E_1097023,treino_interno
LA_E_1098033,treino_interno
LA_E_1098099,treino_interno
LA_E_1098161,treino_interno
LA_E_1098580,treino_interno
LA_E_1098671,treino_interno
LA_E_1098679,treino_interno
LA_E_1098828,treino_interno
LA_E_1098943,treino_interno
LA_E_1099888,treino_interno
LA_E_1100041,treino_interno
LA_E_1100352,early_stopping
LA_E_1100487,early_stopping
LA_E_1101369,treino_interno
LA_E_1101639,treino_interno
LA_E_1102140,treino_interno
LA_E_1102239,treino_interno
LA_E_1102915,treino_interno
LA_E_1103044,treino_interno
LA_E_1103333,treino_interno
LA_E_1103751,treino_interno
LA_E_1104788,treino_interno
LA_E_1105342,treino_interno
LA_E_1105519,treino_interno
LA_E_1105843,treino_interno
LA_E_1105952,treino_interno
LA_E_1106224,treino_interno
LA_E_1106629,treino_interno
LA_E_1107638,treino_interno
LA_E_1107788,treino_interno
LA_E_1108811,treino_interno
LA_E_1109456,treino_interno
LA_E_1110332,treino_interno
LA_E_1110442,treino_interno
LA_E_1110826,treino_interno
LA_E_1111340,early_stopping
LA_E_1111640,treino_interno
LA_E_1112200,treino_interno
LA_E_1112955,treino_interno
LA_E_1112976,treino_interno
LA_E_1113301,treino_interno
LA_E_1113878,treino_interno
LA_E_1113889,treino_interno
LA_E_1114467,early_stopping
LA_E_1114496,treino_interno
LA_E_1114805,early_stopping
LA_E_1115281,treino_interno
LA_E_1116068,treino_interno
LA_E_1116387,treino_interno
LA_E_1117155,treino_interno
LA_E_1117722,treino_interno
LA_E_1118777,treino_interno
LA_E_1119516,treino_interno
LA_E_1120089,treino_interno
LA_E_1120400,treino_interno
LA_E_1120646,treino_interno
LA_E_1120735,treino_interno
LA_E_1120860,treino_interno
LA_E_1121305,treino_interno
LA_E_1122308,treino_interno
LA_E_1123419,early_stopping
LA_E_1124570,treino_interno
LA_E_1124904,treino_interno
LA_E_1125780,treino_interno
LA_E_1126267,treino_interno
LA_E_1127015,treino_interno
LA_E_1127346,treino_interno
LA_E_1128871,treino_interno
LA_E_1129061,treino_interno
LA_E_1129758,treino_interno
LA_E_1130454,treino_interno
LA_E_1130756,treino_interno
LA_E_1131247,treino_interno
LA_E_1132206,treino_interno
LA_E_1132456,treino_interno
LA_E_1133070,early_stopping
LA_E_1135357,treino_interno
LA_E_1136791,treino_interno
LA_E_1136879,early_stopping
LA_E_1138231,treino_interno
LA_E_1138348,treino_interno
LA_E_1138577,treino_interno
LA_E_1139009,treino_interno
LA_E_1139260,early_stopping
LA_E_1140022,treino_interno
LA_E_1140516,treino_interno
LA_E_1140737,treino_interno
LA_E_1141230,early_stopping
LA_E_1142085,treino_interno
LA_E_1144528,treino_interno
LA_E_1144869,treino_interno
LA_E_1146263,treino_interno
LA_E_1146814,early_stopping
LA_E_1146964,treino_interno
LA_E_1147409,treino_interno
LA_E_1147667,treino_interno
LA_E_1148285,early_stopping
LA_E_1149488,early_stopping
LA_E_1152523,treino_interno
LA_E_1152977,treino_interno
LA_E_1153048,treino_interno
LA_E_1154768,early_stopping
LA_E_1158108,treino_interno
LA_E_1158164,treino_interno
LA_E_1158207,treino_interno
LA_E_1159189,treino_interno
LA_E_1159240,treino_interno
LA_E_1159904,treino_interno
LA_E_1160893,treino_interno
LA_E_1160939,treino_interno
LA_E_1161145,treino_interno
LA_E_1161415,treino_interno
LA_E_1161836,early_stopping
LA_E_1163127,treino_interno
LA_E_1164329,treino_interno
LA_E_1164658,early_stopping
LA_E_1165054,treino_interno
LA_E_1165449,treino_interno
LA_E_1165969,treino_interno
LA_E_1166262,early_stopping
LA_E_1167011,treino_interno
LA_E_1167172,treino_interno
LA_E_1168285,treino_interno
LA_E_1168319,treino_interno
LA_E_1168641,treino_interno
LA_E_1169362,treino_interno
LA_E_1169388,treino_interno
LA_E_1169618,early_stopping
LA_E_1169997,treino_interno
LA_E_1170514,early_stopping
LA_E_1171115,treino_interno
LA_E_1171483,treino_interno
LA_E_1171789,treino_interno
LA_E_1171934,treino_interno
LA_E_1172035,early_stopping
LA_E_1172437,treino_interno
LA_E_1172714,treino_interno
LA_E_1173103,treino_interno
LA_E_1173260,treino_interno
LA_E_1174381,treino_interno
LA_E_1175184,treino_interno
LA_E_1176316,treino_interno
LA_E_1176358,treino_interno
LA_E_1176849,treino_interno
LA_E_1177037,treino_interno
LA_E_1177169,treino_interno
LA_E_1177215,early_stopping
LA_E_1177969,early_stopping
LA_E_1179567,treino_interno
LA_E_1179789,treino_interno
LA_E_1180771,treino_interno
LA_E_1181285,treino_interno
LA_E_1181476,treino_interno
LA_E_1181987,treino_interno
LA_E_1183663,early_stopping
LA_E_1183955,early_stopping
LA_E_1184165,treino_interno
LA_E_1184504,early_stopping
LA_E_1184559,treino_interno
LA_E_1184714,treino_interno
LA_E_1185346,treino_interno
LA_E_1185653,treino_interno
LA_E_1185831,treino_interno
LA_E_1186218,treino_interno
LA_E_1188809,treino_interno
LA_E_1188812,treino_interno
LA_E_1189222,treino_interno
LA_E_1189295,treino_interno
LA_E_1189305,treino_interno
LA_E_1189312,treino_interno
LA_E_1189742,treino_interno
LA_E_1189877,treino_interno
LA_E_1190629,treino_interno
LA_E_1190641,early_stopping
LA_E_1191735,treino_interno
LA_E_1191832,treino_interno
LA_E_1192160,early_stopping
LA_E_1192545,treino_interno
LA_E_1193390,treino_interno
LA_E_1193576,treino_interno
LA_E_1193605,treino_interno
LA_E_1193709,treino_interno
LA_E_1193758,treino_interno
LA_E_1193785,early_stopping
LA_E_1194544,treino_interno
LA_E_1195896,treino_interno
LA_E_1196622,treino_interno
LA_E_1196893,treino_interno
LA_E_1196952,treino_interno
LA_E_1197177,treino_interno
LA_E_1198407,treino_interno
LA_E_1198908,early_stopping
LA_E_1199438,treino_interno
LA_E_1199985,treino_interno
LA_E_1200357,treino_interno
LA_E_1200528,early_stopping
LA_E_1200932,treino_interno
LA_E_1201838,treino_interno
LA_E_1202111,treino_interno
LA_E_1202242,treino_interno
LA_E_1202634,treino_interno
LA_E_1202666,treino_interno
LA_E_1202744,treino_interno
LA_E_1202776,treino_interno
LA_E_1203689,treino_interno
LA_E_1203791,treino_interno
LA_E_1203860,treino_interno
LA_E_1204263,treino_interno
LA_E_1204314,treino_interno
LA_E_1205438,early_stopping
LA_E_1206419,treino_interno
LA_E_1207138,treino_interno
LA_E_1207199,treino_interno
LA_E_1208174,treino_interno
LA_E_1208414,treino_interno
LA_E_1208542,treino_interno
LA_E_1208683,treino_interno
LA_E_1208766,treino_interno
LA_E_1209571,treino_interno
LA_E_1210144,treino_interno
LA_E_1210186,treino_interno
LA_E_1210283,treino_interno
LA_E_1210598,treino_interno
LA_E_1210860,treino_interno
LA_E_1210876,treino_interno
LA_E_1212730,early_stopping
LA_E_1214797,early_stopping
LA_E_1214888,treino_interno
LA_E_1215246,treino_interno
LA_E_1215628,treino_interno
LA_E_1215707,treino_interno
LA_E_1215711,treino_interno
LA_E_1216102,treino_interno
LA_E_1217175,early_stopping
LA_E_1217472,treino_interno
LA_E_1217531,treino_interno
LA_E_1217711,treino_interno
LA_E_1217905,treino_interno
LA_E_1218395,treino_interno
LA_E_1218769,treino_interno
LA_E_1218939,treino_interno
LA_E_1220198,treino_interno
LA_E_1220906,treino_interno
LA_E_1220964,treino_interno
LA_E_1221261,treino_interno
LA_E_1221338,treino_interno
LA_E_1221507,treino_interno
LA_E_1221640,treino_interno
LA_E_1221696,treino_interno
LA_E_1222150,treino_interno
LA_E_1222185,treino_interno
LA_E_1222236,early_stopping
LA_E_1222531,treino_interno
LA_E_1222683,early_stopping
LA_E_1223480,treino_interno
LA_E_1223567,treino_interno
LA_E_1224277,treino_interno
LA_E_1224496,treino_interno
LA_E_1224722,treino_interno
LA_E_1225101,treino_interno
LA_E_1225657,treino_interno
LA_E_1225751,treino_interno
LA_E_1226309,treino_interno
LA_E_1226796,treino_interno
LA_E_1227117,treino_interno
LA_E_1227257,treino_interno
LA_E_1227312,treino_interno
LA_E_1227473,treino_interno
LA_E_1227648,early_stopping
LA_E_1228292,treino_interno
LA_E_1228915,treino_interno
LA_E_1229691,early_stopping
LA_E_1229869,treino_interno
LA_E_1230224,early_stopping
LA_E_1230758,treino_interno
LA_E_1230777,treino_interno
LA_E_1230839,treino_interno
LA_E_1231196,treino_interno
LA_E_1231715,treino_interno
LA_E_1231794,treino_interno
LA_E_1231901,treino_interno
LA_E_1232047,treino_interno
LA_E_1232287,treino_interno
LA_E_1232511,treino_interno
LA_E_1232515,treino_interno
LA_E_1233061,treino_interno
LA_E_1233153,treino_interno
LA_E_1233493,treino_interno
LA_E_1233549,treino_interno
LA_E_1233583,treino_interno
LA_E_1234371,treino_interno
LA_E_1234966,treino_interno
LA_E_1235508,treino_interno
LA_E_1235908,treino_interno
LA_E_1235953,treino_interno
LA_E_1235955,treino_interno
LA_E_1236404,treino_interno
LA_E_1236535,treino_interno
LA_E_1236684,treino_interno
LA_E_1237068,treino_interno
LA_E_1237259,treino_interno
LA_E_1237302,treino_interno
LA_E_1237700,treino_interno
LA_E_1237743,treino_interno
LA_E_1238269,treino_interno
LA_E_1238531,treino_interno
LA_E_1238963,treino_interno
LA_E_1239234,early_stopping
LA_E_1239367,treino_interno
LA_E_1239523,treino_interno
LA_E_1239598,treino_interno
LA_E_1239982,treino_interno
LA_E_1240089,treino_interno
LA_E_1240265,early_stopping
LA_E_1241006,treino_interno
LA_E_1241385,early_stopping
LA_E_1241587,treino_interno
LA_E_1242271,treino_interno
LA_E_1242985,treino_interno
LA_E_1243259,treino_interno
LA_E_1243301,treino_interno
LA_E_1243628,treino_interno
LA_E_1244244,treino_interno
LA_E_1244829,treino_interno
LA_E_1245635,treino_interno
LA_E_1246167,treino_interno
LA_E_1246513,treino_interno
LA_E_1246600,treino_interno
LA_E_1246690,early_stopping
LA_E_1246757,treino_interno
LA_E_1246942,treino_interno
LA_E_1247013,treino_interno
LA_E_1247301,treino_interno
LA_E_1247499,treino_interno
LA_E_1247500,treino_interno
LA_E_1248105,early_stopping
LA_E_1248414,treino_interno
LA_E_1249036,treino_interno
LA_E_1249087,treino_interno
LA_E_1249559,treino_interno
LA_E_1249680,early_stopping
LA_E_1249682,treino_interno
LA_E_1249922,treino_interno
LA_E_1250101,treino_interno
LA_E_1251018,treino_interno
LA_E_1251102,treino_interno
LA_E_1251201,treino_interno
LA_E_1251214,early_stopping
LA_E_1251646,treino_interno
LA_E_1251672,treino_interno
LA_E_1252094,early_stopping
LA_E_1252251,treino_interno
LA_E_1252412,early_stopping
LA_E_1252960,treino_interno
LA_E_1253135,treino_interno
LA_E_1253653,early_stopping
LA_E_1253789,treino_interno
LA_E_1254063,early_stopping
LA_E_1254205,treino_interno
LA_E_1254636,treino_interno
LA_E_1254781,treino_interno
LA_E_1255119,treino_interno
LA_E_1255135,treino_interno
LA_E_1255418,treino_interno
LA_E_1255793,treino_interno
LA_E_1256120,early_stopping
LA_E_1257049,treino_interno
LA_E_1257323,treino_interno
LA_E_1258763,treino_interno
LA_E_1258895,early_stopping
LA_E_1259003,treino_interno
LA_E_1259127,treino_interno
LA_E_1259210,treino_interno
LA_E_1259854,treino_interno
LA_E_1260005,treino_interno
LA_E_1260207,treino_interno
LA_E_1260415,treino_interno
LA_E_1260706,early_stopping
LA_E_1261286,early_stopping
LA_E_1261652,treino_interno
LA_E_1261684,early_stopping
LA_E_1261731,treino_interno
LA_E_1261862,early_stopping
LA_E_1262162,treino_interno
LA_E_1262307,treino_interno
LA_E_1262379,treino_interno
LA_E_1262907,treino_interno
LA_E_1262952,treino_interno
LA_E_1262984,treino_interno
LA_E_1264737,treino_interno
LA_E_1264781,treino_interno
LA_E_1265062,treino_interno
LA_E_1265446,treino_interno
LA_E_1265990,treino_interno
LA_E_1266033,treino_interno
LA_E_1266038,early_stopping
LA_E_1266090,early_stopping
LA_E_1266144,treino_interno
LA_E_1266150,early_stopping
LA_E_1266260,early_stopping
LA_E_1266424,early_stopping
LA_E_1266835,treino_interno
LA_E_1266864,treino_interno
LA_E_1267059,treino_interno
LA_E_1267339,treino_interno
LA_E_1267374,treino_interno
LA_E_1267555,treino_interno
LA_E_1267711,treino_interno
LA_E_1267782,treino_interno
LA_E_1268089,treino_interno
LA_E_1268168,early_stopping
LA_E_1268567,treino_interno
LA_E_1268715,treino_interno
LA_E_1268796,treino_interno
LA_E_1268948,early_stopping
LA_E_1269116,treino_interno
LA_E_1269172,early_stopping
LA_E_1269335,treino_interno
LA_E_1269446,treino_interno
LA_E_1269814,treino_interno
LA_E_1269904,treino_interno
LA_E_1270525,treino_interno
LA_E_1271403,treino_interno
LA_E_1271684,treino_interno
LA_E_1271719,treino_interno
LA_E_1272242,treino_interno
LA_E_1272630,treino_interno
LA_E_1272647,treino_interno
LA_E_1272711,treino_interno
LA_E_1272752,treino_interno
LA_E_1273033,treino_interno
LA_E_1273069,treino_interno
LA_E_1273646,treino_interno
LA_E_1273668,treino_interno
LA_E_1274465,treino_interno
LA_E_1274481,treino_interno
LA_E_1274719,treino_interno
LA_E_1275134,treino_interno
LA_E_1275322,treino_interno
LA_E_1275727,treino_interno
LA_E_1276116,treino_interno
LA_E_1277003,treino_interno
LA_E_1277601,treino_interno
LA_E_1277748,treino_interno
LA_E_1277957,treino_interno
LA_E_1278066,treino_interno
LA_E_1279344,treino_interno
LA_E_1279401,treino_interno
LA_E_1279605,treino_interno
LA_E_1279770,treino_interno
LA_E_1279926,treino_interno
LA_E_1281175,treino_interno
LA_E_1281535,early_stopping
LA_E_1281746,early_stopping
LA_E_1281808,treino_interno
LA_E_1281899,treino_interno
LA_E_1282134,treino_interno
LA_E_1282146,treino_interno
LA_E_1282174,early_stopping
LA_E_1282575,treino_interno
LA_E_1282753,treino_interno
LA_E_1282836,treino_interno
LA_E_1282994,treino_interno
LA_E_1283138,treino_interno
LA_E_1283242,treino_interno
LA_E_1283411,treino_interno
LA_E_1283777,treino_interno
LA_E_1284654,treino_interno
LA_E_1285020,treino_interno
LA_E_1285884,treino_interno
LA_E_1286498,treino_interno
LA_E_1286523,early_stopping
LA_E_1286671,treino_interno
LA_E_1287037,treino_interno
LA_E_1287100,treino_interno
LA_E_1288271,treino_interno
LA_E_1288670,treino_interno
LA_E_1288854,treino_interno
LA_E_1289058,early_stopping
LA_E_1289354,treino_interno
LA_E_1289490,treino_interno
LA_E_1289528,treino_interno
LA_E_1289603,treino_interno
LA_E_1289999,early_stopping
LA_E_1290030,treino_interno
LA_E_1290177,treino_interno
LA_E_1291186,early_stopping
LA_E_1291494,treino_interno
LA_E_1291995,treino_interno
LA_E_1292111,treino_interno
LA_E_1292119,treino_interno
LA_E_1292435,treino_interno
LA_E_1292504,treino_interno
LA_E_1292762,treino_interno
LA_E_1292888,treino_interno
LA_E_1292955,treino_interno
LA_E_1293520,early_stopping
LA_E_1294049,treino_interno
LA_E_1294091,treino_interno
LA_E_1294991,early_stopping
LA_E_1295238,treino_interno
LA_E_1295431,early_stopping
LA_E_1295581,early_stopping
LA_E_1295979,early_stopping
LA_E_1296177,early_stopping
LA_E_1296205,treino_interno
LA_E_1296600,early_stopping
LA_E_1296768,treino_interno
LA_E_1297390,treino_interno
LA_E_1297671,treino_interno
LA_E_1297970,treino_interno
LA_E_1298235,treino_interno
LA_E_1298302,early_stopping
LA_E_1298474,early_stopping
LA_E_1298564,treino_interno
LA_E_1299060,treino_interno
LA_E_1299253,treino_interno
LA_E_1299519,early_stopping
LA_E_1299607,treino_interno
LA_E_1299831,treino_interno
LA_E_1299885,treino_interno
LA_E_1300197,treino_interno
LA_E_1300314,treino_interno
LA_E_1300465,treino_interno
LA_E_1300540,treino_interno
LA_E_1300786,treino_interno
LA_E_1300905,treino_interno
LA_E_1301004,treino_interno
LA_E_1301092,treino_interno
LA_E_1301711,early_stopping
LA_E_1301758,treino_interno
LA_E_1301860,early_stopping
LA_E_1302666,treino_interno
LA_E_1302941,treino_interno
LA_E_1303313,treino_interno
LA_E_1303553,treino_interno
LA_E_1303603,treino_interno
LA_E_1303682,treino_interno
LA_E_1304156,treino_interno
LA_E_1304502,early_stopping
LA_E_1304971,treino_interno
LA_E_1305155,treino_interno
LA_E_1305840,treino_interno
LA_E_1305971,treino_interno
LA_E_1306227,treino_interno
LA_E_1306371,treino_interno
LA_E_1306623,treino_interno
LA_E_1306676,treino_interno
LA_E_1306942,treino_interno
LA_E_1306994,treino_interno
LA_E_1307244,treino_interno
LA_E_1307371,treino_interno
LA_E_1307417,treino_interno
LA_E_1307444,early_stopping
LA_E_1307451,early_stopping
LA_E_1307703,treino_interno
LA_E_1307959,treino_interno
LA_E_1308181,treino_interno
LA_E_1308288,treino_interno
LA_E_1308451,early_stopping
LA_E_1308524,treino_interno
LA_E_1308790,early_stopping
LA_E_1308825,treino_interno
LA_E_1309389,treino_interno
LA_E_1310059,treino_interno
LA_E_1310118,treino_interno
LA_E_1310131,treino_interno
LA_E_1310184,treino_interno
LA_E_1310268,treino_interno
LA_E_1310361,treino_interno
LA_E_1310400,treino_interno
LA_E_1311420,treino_interno
LA_E_1311481,treino_interno
LA_E_1312559,treino_interno
LA_E_1312888,treino_interno
LA_E_1313224,treino_interno
LA_E_1313596,treino_interno
LA_E_1313861,treino_interno
LA_E_1314498,early_stopping
LA_E_1314568,treino_interno
LA_E_1314586,treino_interno
LA_E_1314602,treino_interno
LA_E_1314686,early_stopping
LA_E_1315215,treino_interno
LA_E_1315300,treino_interno
LA_E_1315752,treino_interno
LA_E_1315783,treino_interno
LA_E_1316263,treino_interno
LA_E_1316593,treino_interno
LA_E_1316981,treino_interno
LA_E_1317377,treino_interno
LA_E_1317788,treino_interno
LA_E_1317797,treino_interno
LA_E_1318030,early_stopping
LA_E_1318166,early_stopping
LA_E_1318262,early_stopping
LA_E_1318335,treino_interno
LA_E_1318781,treino_interno
LA_E_1319160,treino_interno
LA_E_1319460,treino_interno
LA_E_1319703,treino_interno
LA_E_1319898,treino_interno
LA_E_1320020,treino_interno
LA_E_1320229,treino_interno
LA_E_1320272,treino_interno
LA_E_1320416,early_stopping
LA_E_1320597,early_stopping
LA_E_1320699,early_stopping
LA_E_1321033,treino_interno
LA_E_1321060,treino_interno
LA_E_1321438,treino_interno
LA_E_1321559,treino_interno
LA_E_1321634,early_stopping
LA_E_1321727,treino_interno
LA_E_1322215,treino_interno
LA_E_1322344,treino_interno
LA_E_1322779,treino_interno
LA_E_1322990,treino_interno
LA_E_1323137,treino_interno
LA_E_1323378,early_stopping
LA_E_1323850,treino_interno
LA_E_1324330,treino_interno
LA_E_1324670,treino_interno
LA_E_1325008,treino_interno
LA_E_1325030,treino_interno
LA_E_1325160,early_stopping
LA_E_1325505,treino_interno
LA_E_1325808,treino_interno
LA_E_1327021,treino_interno
LA_E_1327191,early_stopping
LA_E_1327286,treino_interno
LA_E_1327760,treino_interno
LA_E_1327889,treino_interno
LA_E_1327894,treino_interno
LA_E_1328448,treino_interno
LA_E_1328760,treino_interno
LA_E_1329097,treino_interno
LA_E_1329242,treino_interno
LA_E_1329337,treino_interno
LA_E_1329569,treino_interno
LA_E_1329622,treino_interno
LA_E_1329994,treino_interno
LA_E_1330528,treino_interno
LA_E_1330665,treino_interno
LA_E_1330729,treino_interno
LA_E_1330882,treino_interno
LA_E_1331686,treino_interno
LA_E_1331793,treino_interno
LA_E_1331981,treino_interno
LA_E_1332026,treino_interno
LA_E_1332106,treino_interno
LA_E_1333054,treino_interno
LA_E_1333458,treino_interno
LA_E_1333861,early_stopping
LA_E_1333982,treino_interno
LA_E_1334476,treino_interno
LA_E_1334921,treino_interno
LA_E_1334963,early_stopping
LA_E_1335439,treino_interno
LA_E_1335487,treino_interno
LA_E_1335776,early_stopping
LA_E_1336540,treino_interno
LA_E_1336940,treino_interno
LA_E_1337092,treino_interno
LA_E_1337315,treino_interno
LA_E_1337697,treino_interno
LA_E_1337739,treino_interno
LA_E_1337804,treino_interno
LA_E_1337835,early_stopping
LA_E_1338125,treino_interno
LA_E_1338134,treino_interno
LA_E_1338406,treino_interno
LA_E_1338711,treino_interno
LA_E_1339114,treino_interno
LA_E_1339290,treino_interno
LA_E_1339644,treino_interno
LA_E_1340387,treino_interno
LA_E_1340697,treino_interno
LA_E_1340936,early_stopping
LA_E_1341201,early_stopping
LA_E_1341354,early_stopping
LA_E_1341362,treino_interno
LA_E_1341511,treino_interno
LA_E_1341784,treino_interno
LA_E_1342098,treino_interno
LA_E_1342107,treino_interno
LA_E_1342662,treino_interno
LA_E_1342690,treino_interno
LA_E_1342800,treino_interno
LA_E_1344319,treino_interno
LA_E_1344507,early_stopping
LA_E_1344794,treino_interno
LA_E_1344872,treino_interno
LA_E_1345008,early_stopping
LA_E_1345488,treino_interno
LA_E_1345752,treino_interno
LA_E_1345821,treino_interno
LA_E_1346210,treino_interno
LA_E_1346277,treino_interno
LA_E_1346395,treino_interno
LA_E_1346921,treino_interno
LA_E_1347307,treino_interno
LA_E_1348391,treino_interno
LA_E_1349170,treino_interno
LA_E_1349943,treino_interno
LA_E_1350342,treino_interno
LA_E_1350405,treino_interno
LA_E_1350605,treino_interno
LA_E_1350791,treino_interno
LA_E_1351267,treino_interno
LA_E_1352006,treino_interno
LA_E_1352409,treino_interno
LA_E_1352842,treino_interno
LA_E_1353295,treino_interno
LA_E_1353355,treino_interno
LA_E_1354068,treino_interno
LA_E_1354577,treino_interno
LA_E_1355090,treino_interno
LA_E_1355591,treino_interno
LA_E_1356037,early_stopping
LA_E_1356788,treino_interno
LA_E_1356977,treino_interno
LA_E_1357117,treino_interno
LA_E_1357294,treino_interno
LA_E_1357331,treino_interno
LA_E_1358147,treino_interno
LA_E_1358496,treino_interno
LA_E_1358857,treino_interno
LA_E_1359078,treino_interno
LA_E_1359252,early_stopping
LA_E_1359324,treino_interno
LA_E_1359441,early_stopping
LA_E_1359802,treino_interno
LA_E_1360139,treino_interno
LA_E_1360140,treino_interno
LA_E_1360409,treino_interno
LA_E_1360603,treino_interno
LA_E_1360709,treino_interno
LA_E_1360859,early_stopping
LA_E_1361309,treino_interno
LA_E_1361396,early_stopping
LA_E_1361570,treino_interno
LA_E_1361581,early_stopping
LA_E_1361774,treino_interno
LA_E_1361930,treino_interno
LA_E_1362299,treino_interno
LA_E_1362378,early_stopping
LA_E_1362648,treino_interno
LA_E_1363445,treino_interno
LA_E_1363548,early_stopping
LA_E_1363559,treino_interno
LA_E_1363819,treino_interno
LA_E_1363878,early_stopping
LA_E_1364271,treino_interno
LA_E_1364366,early_stopping
LA_E_1364536,treino_interno
LA_E_1366226,treino_interno
LA_E_1366262,early_stopping
LA_E_1366335,treino_interno
LA_E_1366440,treino_interno
LA_E_1366651,treino_interno
LA_E_1366962,treino_interno
LA_E_1366971,treino_interno
LA_E_1367354,treino_interno
LA_E_1368022,treino_interno
LA_E_1368052,treino_interno
LA_E_1368112,treino_interno
LA_E_1368152,treino_interno
LA_E_1368179,treino_interno
LA_E_1369486,treino_interno
LA_E_1369758,treino_interno
LA_E_1369994,treino_interno
LA_E_1370156,treino_interno
LA_E_1370187,treino_interno
LA_E_1370264,treino_interno
LA_E_1370336,treino_interno
LA_E_1370966,treino_interno
LA_E_1370986,treino_interno
LA_E_1371121,treino_interno
LA_E_1371484,treino_interno
LA_E_1371558,treino_interno
LA_E_1371934,treino_interno
LA_E_1372037,treino_interno
LA_E_1372867,treino_interno
LA_E_1373685,treino_interno
LA_E_1374192,treino_interno
LA_E_1374429,treino_interno
LA_E_1374626,treino_interno
LA_E_1374941,treino_interno
LA_E_1375213,treino_interno
LA_E_1375614,treino_interno
LA_E_1375802,treino_interno
LA_E_1376742,treino_interno
LA_E_1376814,treino_interno
LA_E_1377240,treino_interno
LA_E_1377529,treino_interno
LA_E_1377587,treino_interno
LA_E_1377682,treino_interno
LA_E_1378258,treino_interno
LA_E_1378337,treino_interno
LA_E_1378350,treino_interno
LA_E_1378735,treino_interno
LA_E_1378779,treino_interno
LA_E_1379235,treino_interno
LA_E_1379706,treino_interno
LA_E_1379744,treino_interno
LA_E_1379767,early_stopping
LA_E_1380506,treino_interno
LA_E_1380643,treino_interno
LA_E_1380672,treino_interno
LA_E_1380730,treino_interno
LA_E_1380977,treino_interno
LA_E_1381238,treino_interno
LA_E_1381494,treino_interno
LA_E_1381555,treino_interno
LA_E_1381863,treino_interno
LA_E_1382002,treino_interno
LA_E_1382543,treino_interno
LA_E_1382818,treino_interno
LA_E_1382839,treino_interno
LA_E_1382893,treino_interno
LA_E_1382963,treino_interno
LA_E_1383294,treino_interno
LA_E_1383625,treino_interno
LA_E_1383779,treino_interno
LA_E_1383840,early_stopping
LA_E_1383889,treino_interno
LA_E_1383933,treino_interno
LA_E_1385097,treino_interno
LA_E_1385552,treino_interno
LA_E_1385652,treino_interno
LA_E_1385926,treino_interno
LA_E_1386201,treino_interno
LA_E_1386531,treino_interno
LA_E_1386558,treino_interno
LA_E_1386655,treino_interno
LA_E_1386688,treino_interno
LA_E_1386801,treino_interno
LA_E_1387017,treino_interno
LA_E_1387019,treino_interno
LA_E_1388015,treino_interno
LA_E_1388099,treino_interno
LA_E_1388343,treino_interno
LA_E_1388531,treino_interno
LA_E_1388547,treino_interno
LA_E_1388821,treino_interno
LA_E_1388935,treino_interno
LA_E_1389080,early_stopping
LA_E_1389220,treino_interno
LA_E_1389535,treino_interno
LA_E_1389752,treino_interno
LA_E_1389915,treino_interno
LA_E_1390632,treino_interno
LA_E_1390905,treino_interno
LA_E_1390973,treino_interno
LA_E_1391000,treino_interno
LA_E_1391731,treino_interno
LA_E_1391773,treino_interno
LA_E_1391853,treino_interno
LA_E_1391976,treino_interno
LA_E_1392301,treino_interno
LA_E_1393148,treino_interno
LA_E_1393683,treino_interno
LA_E_1394945,treino_interno
LA_E_1395100,treino_interno
LA_E_1395193,treino_interno
LA_E_1395213,treino_interno
LA_E_1395761,treino_interno
LA_E_1395863,treino_interno
LA_E_1396149,treino_interno
LA_E_1396205,treino_interno
LA_E_1396263,treino_interno
LA_E_1396334,treino_interno
LA_E_1396759,treino_interno
LA_E_1397166,treino_interno
LA_E_1397204,treino_interno
LA_E_1397276,treino_interno
LA_E_1398030,treino_interno
LA_E_1398064,treino_interno
LA_E_1399468,treino_interno
LA_E_1399765,treino_interno
LA_E_1399797,treino_interno
LA_E_1399910,treino_interno
LA_E_1400603,early_stopping
LA_E_1400887,treino_interno
LA_E_1401275,treino_interno
LA_E_1402091,treino_interno
LA_E_1402183,treino_interno
LA_E_1402366,treino_interno
LA_E_1402589,treino_interno
LA_E_1402869,treino_interno
LA_E_1402914,treino_interno
LA_E_1402945,treino_interno
LA_E_1403127,treino_interno
LA_E_1403880,treino_interno
LA_E_1403942,treino_interno
LA_E_1404057,treino_interno
LA_E_1404116,treino_interno
LA_E_1404944,treino_interno
LA_E_1405266,treino_interno
LA_E_1405448,treino_interno
LA_E_1405547,treino_interno
LA_E_1405622,treino_interno
LA_E_1405716,treino_interno
LA_E_1405977,treino_interno
LA_E_1405980,treino_interno
LA_E_1406458,treino_interno
LA_E_1406806,treino_interno
LA_E_1406900,early_stopping
LA_E_1407369,treino_interno
LA_E_1407918,treino_interno
LA_E_1408206,treino_interno
LA_E_1408709,treino_interno
LA_E_1408994,treino_interno
LA_E_1409042,treino_interno
LA_E_1409364,treino_interno
LA_E_1409380,treino_interno
LA_E_1409925,treino_interno
LA_E_1409927,treino_interno
LA_E_1411538,treino_interno
LA_E_1411611,treino_interno
LA_E_1411978,treino_interno
LA_E_1412047,treino_interno
LA_E_1412263,treino_interno
LA_E_1412592,treino_interno
LA_E_1412636,treino_interno
LA_E_1412903,treino_interno
LA_E_1413193,early_stopping
LA_E_1413270,treino_interno
LA_E_1413277,treino_interno
LA_E_1413534,treino_interno
LA_E_1413593,treino_interno
LA_E_1413612,treino_interno
LA_E_1414289,treino_interno
LA_E_1414313,treino_interno
LA_E_1414563,treino_interno
LA_E_1414697,treino_interno
LA_E_1414744,treino_interno
LA_E_1415496,treino_interno
LA_E_1415755,treino_interno
LA_E_1416246,treino_interno
LA_E_1416323,treino_interno
LA_E_1416431,early_stopping
LA_E_1416576,treino_interno
LA_E_1416804,treino_interno
LA_E_1416868,treino_interno
LA_E_1417300,treino_interno
LA_E_1417467,early_stopping
LA_E_1417558,treino_interno
LA_E_1417789,treino_interno
LA_E_1417813,treino_interno
LA_E_1417966,treino_interno
LA_E_1418245,treino_interno
LA_E_1418249,treino_interno
LA_E_1418444,treino_interno
LA_E_1418770,treino_interno
LA_E_1418972,treino_interno
LA_E_1419366,treino_interno
LA_E_1419470,treino_interno
LA_E_1419508,treino_interno
LA_E_1419601,treino_interno
LA_E_1419849,early_stopping
LA_E_1420009,treino_interno
LA_E_1420063,treino_interno
LA_E_1420501,treino_interno
LA_E_1420691,treino_interno
LA_E_1421023,early_stopping
LA_E_1421443,treino_interno
LA_E_1421832,treino_interno
LA_E_1422091,treino_interno
LA_E_1422133,treino_interno
LA_E_1422472,early_stopping
LA_E_1422572,treino_interno
LA_E_1422622,treino_interno
LA_E_1423505,treino_interno
LA_E_1424516,treino_interno
LA_E_1424682,treino_interno
LA_E_1424722,treino_interno
LA_E_1425085,treino_interno
LA_E_1425130,treino_interno
LA_E_1425398,treino_interno
LA_E_1425637,treino_interno
LA_E_1425670,treino_interno
LA_E_1425872,treino_interno
LA_E_1426034,treino_interno
LA_E_1426762,treino_interno
LA_E_1426851,treino_interno
LA_E_1426870,treino_interno
LA_E_1426948,treino_interno
LA_E_1426963,treino_interno
LA_E_1427065,treino_interno
LA_E_1427391,treino_interno
LA_E_1427678,early_stopping
LA_E_1428125,treino_interno
LA_E_1428366,treino_interno
LA_E_1428404,treino_interno
LA_E_1428505,treino_interno
LA_E_1428855,treino_interno
LA_E_1429445,treino_interno
LA_E_1429967,treino_interno
LA_E_1430169,treino_interno
LA_E_1430413,treino_interno
LA_E_1430649,treino_interno
LA_E_1430739,treino_interno
LA_E_1430920,treino_interno
LA_E_1431594,treino_interno
LA_E_1432028,treino_interno
LA_E_1432701,treino_interno
LA_E_1432720,treino_interno
LA_E_1433332,treino_interno
LA_E_1434004,treino_interno
LA_E_1434049,treino_interno
LA_E_1434271,treino_interno
LA_E_1434737,treino_interno
LA_E_1434738,treino_interno
LA_E_1434873,treino_interno
LA_E_1435064,treino_interno
LA_E_1435496,treino_interno
LA_E_1435507,early_stopping
LA_E_1435930,treino_interno
LA_E_1436266,treino_interno
LA_E_1436387,treino_interno
LA_E_1436862,treino_interno
LA_E_1436906,treino_interno
LA_E_1437368,treino_interno
LA_E_1437643,treino_interno
LA_E_1437727,treino_interno
LA_E_1437902,treino_interno
LA_E_1437986,treino_interno
LA_E_1438252,treino_interno
LA_E_1439334,treino_interno
LA_E_1439627,treino_interno
LA_E_1439641,treino_interno
LA_E_1439766,early_stopping
LA_E_1439785,treino_interno
LA_E_1440262,treino_interno
LA_E_1440966,treino_interno
LA_E_1441024,treino_interno
LA_E_1441427,treino_interno
LA_E_1441553,treino_interno
LA_E_1441697,early_stopping
LA_E_1441813,treino_interno
LA_E_1442036,treino_interno
LA_E_1442096,treino_interno
LA_E_1442429,treino_interno
LA_E_1442579,treino_interno
LA_E_1442863,treino_interno
LA_E_1443235,treino_interno
LA_E_1443748,treino_interno
LA_E_1443753,treino_interno
LA_E_1444166,treino_interno
LA_E_1444284,treino_interno
LA_E_1444593,treino_interno
LA_E_1444720,treino_interno
LA_E_1444888,treino_interno
LA_E_1445092,treino_interno
LA_E_1445116,treino_interno
LA_E_1445373,treino_interno
LA_E_1445699,treino_interno
LA_E_1445730,treino_interno
LA_E_1446119,treino_interno
LA_E_1446151,treino_interno
LA_E_1446236,treino_interno
LA_E_1446277,treino_interno
LA_E_1446329,treino_interno
LA_E_1446459,treino_interno
LA_E_1446578,treino_interno
LA_E_1446682,treino_interno
LA_E_1446837,treino_interno
LA_E_1446855,early_stopping
LA_E_1447503,treino_interno
LA_E_1448123,treino_interno
LA_E_1448242,treino_interno
LA_E_1448743,treino_interno
LA_E_1448773,treino_interno
LA_E_1449600,treino_interno
LA_E_1449608,treino_interno
LA_E_1449661,treino_interno
LA_E_1449973,treino_interno
LA_E_1450120,treino_interno
LA_E_1450376,treino_interno
LA_E_1450566,treino_interno
LA_E_1450842,treino_interno
LA_E_1451012,treino_interno
LA_E_1451444,treino_interno
LA_E_1451549,treino_interno
LA_E_1451718,treino_interno
LA_E_1451742,treino_interno
LA_E_1451784,treino_interno
LA_E_1451889,treino_interno
LA_E_1452374,treino_interno
LA_E_1452455,treino_interno
LA_E_1453045,treino_interno
LA_E_1453190,treino_interno
LA_E_1453222,treino_interno
LA_E_1453316,treino_interno
LA_E_1453509,treino_interno
LA_E_1454169,treino_interno
LA_E_1454185,treino_interno
LA_E_1454465,treino_interno
LA_E_1454574,treino_interno
LA_E_1454693,treino_interno
LA_E_1454736,treino_interno
LA_E_1454884,treino_interno
LA_E_1455144,treino_interno
LA_E_1455197,treino_interno
LA_E_1455265,treino_interno
LA_E_1455332,treino_interno
LA_E_1455504,treino_interno
LA_E_1455831,treino_interno
LA_E_1455906,treino_interno
LA_E_1456125,treino_interno
LA_E_1456418,treino_interno
LA_E_1456622,treino_interno
LA_E_1456934,treino_interno
LA_E_1457158,treino_interno
LA_E_1457223,treino_interno
LA_E_1457260,treino_interno
LA_E_1457384,treino_interno
LA_E_1458365,treino_interno
LA_E_1458522,treino_interno
LA_E_1458548,treino_interno
LA_E_1458698,treino_interno
LA_E_1458730,treino_interno
LA_E_1458780,treino_interno
LA_E_1459448,treino_interno
LA_E_1459523,treino_interno
LA_E_1459659,treino_interno
LA_E_1459683,treino_interno
LA_E_1460104,treino_interno
LA_E_1460206,treino_interno
LA_E_1460284,treino_interno
LA_E_1460307,treino_interno
LA_E_1460413,treino_interno
LA_E_1460624,treino_interno
LA_E_1460800,treino_interno
LA_E_1460907,treino_interno
LA_E_1461262,treino_interno
LA_E_1461414,treino_interno
LA_E_1461661,treino_interno
LA_E_1461846,treino_interno
LA_E_1462558,early_stopping
LA_E_1462675,treino_interno
LA_E_1462754,treino_interno
LA_E_1462846,treino_interno
LA_E_1463323,treino_interno
LA_E_1463427,treino_interno
LA_E_1463679,treino_interno
LA_E_1463732,treino_interno
LA_E_1464083,treino_interno
LA_E_1464230,treino_interno
LA_E_1464385,treino_interno
LA_E_1464429,treino_interno
LA_E_1464784,treino_interno
LA_E_1464936,treino_interno
LA_E_1465286,treino_interno
LA_E_1465510,treino_interno
LA_E_1465546,treino_interno
LA_E_1465668,treino_interno
LA_E_1465680,treino_interno
LA_E_1465900,treino_interno
LA_E_1466074,treino_interno
LA_E_1466648,treino_interno
LA_E_1467300,treino_interno
LA_E_1467427,treino_interno
LA_E_1467794,treino_interno
LA_E_1467987,treino_interno
LA_E_1468084,treino_interno
LA_E_1468396,treino_interno
LA_E_1468873,treino_interno
LA_E_1468935,treino_interno
LA_E_1469101,treino_interno
LA_E_1469214,treino_interno
LA_E_1469384,treino_interno
LA_E_1469527,treino_interno
LA_E_1469667,treino_interno
LA_E_1469979,treino_interno
LA_E_1471031,treino_interno
LA_E_1471456,treino_interno
LA_E_1471799,treino_interno
LA_E_1471923,early_stopping
LA_E_1472190,treino_interno
LA_E_1472453,treino_interno
LA_E_1472720,treino_interno
LA_E_1472925,treino_interno
LA_E_1473402,early_stopping
LA_E_1474255,treino_interno
LA_E_1474332,early_stopping
LA_E_1474766,treino_interno
LA_E_1474815,treino_interno
LA_E_1475083,treino_interno
LA_E_1475319,treino_interno
LA_E_1475681,treino_interno
LA_E_1475960,treino_interno
LA_E_1476084,treino_interno
LA_E_1476112,treino_interno
LA_E_1476149,treino_interno
LA_E_1476258,treino_interno
LA_E_1476335,treino_interno
LA_E_1476477,treino_interno
LA_E_1476637,treino_interno
LA_E_1476651,treino_interno
LA_E_1476824,treino_interno
LA_E_1476870,treino_interno
LA_E_1477470,treino_interno
LA_E_1477554,treino_interno
LA_E_1477820,treino_interno
LA_E_1477825,treino_interno
LA_E_1478038,treino_interno
LA_E_1478091,treino_interno
LA_E_1478406,treino_interno
LA_E_1478571,treino_interno
LA_E_1478732,treino_interno
LA_E_1478776,treino_interno
LA_E_1479120,treino_interno
LA_E_1479202,treino_interno
LA_E_1479219,treino_interno
LA_E_1479230,treino_interno
LA_E_1479520,treino_interno
LA_E_1479569,treino_interno
LA_E_1479570,treino_interno
LA_E_1479647,treino_interno
LA_E_1480296,treino_interno
LA_E_1480402,treino_interno
LA_E_1480436,treino_interno
LA_E_1480451,treino_interno
LA_E_1480692,treino_interno
LA_E_1480997,treino_interno
LA_E_1481441,treino_interno
LA_E_1481537,treino_interno
LA_E_1481875,treino_interno
LA_E_1482025,treino_interno
LA_E_1482371,treino_interno
LA_E_1482845,treino_interno
LA_E_1482885,treino_interno
LA_E_1482893,treino_interno
LA_E_1482908,treino_interno
LA_E_1483352,treino_interno
LA_E_1483357,treino_interno
LA_E_1483610,treino_interno
LA_E_1484058,treino_interno
LA_E_1484423,treino_interno
LA_E_1484992,treino_interno
LA_E_1485324,treino_interno
LA_E_1485973,treino_interno
LA_E_1486048,treino_interno
LA_E_1486919,treino_interno
LA_E_1487354,treino_interno
LA_E_1487416,treino_interno
LA_E_1487450,treino_interno
LA_E_1487612,early_stopping
LA_E_1487827,treino_interno
LA_E_1487896,treino_interno
LA_E_1488387,treino_interno
LA_E_1488465,treino_interno
LA_E_1488822,treino_interno
LA_E_1488948,treino_interno
LA_E_1489214,treino_interno
LA_E_1489217,treino_interno
LA_E_1489239,treino_interno
LA_E_1489308,early_stopping
LA_E_1489341,treino_interno
LA_E_1489607,treino_interno
LA_E_1489903,treino_interno
LA_E_1490289,treino_interno
LA_E_1490507,treino_interno
LA_E_1490536,treino_interno
LA_E_1490850,treino_interno
LA_E_1491036,treino_interno
LA_E_1491122,treino_interno
LA_E_1491174,treino_interno
LA_E_1491390,treino_interno
LA_E_1491782,treino_interno
LA_E_1491795,treino_interno
LA_E_1491991,treino_interno
LA_E_1492008,treino_interno
LA_E_1492212,treino_interno
LA_E_1492492,treino_interno
LA_E_1492496,treino_interno
LA_E_1492634,treino_interno
LA_E_1492979,treino_interno
LA_E_1493000,treino_interno
LA_E_1493060,treino_interno
LA_E_1493193,treino_interno
LA_E_1493281,treino_interno
LA_E_1494027,treino_interno
LA_E_1494031,treino_interno
LA_E_1494090,treino_interno
LA_E_1494227,treino_interno
LA_E_1494553,treino_interno
LA_E_1494616,treino_interno
LA_E_1494835,treino_interno
LA_E_1495076,treino_interno
LA_E_1495388,treino_interno
LA_E_1496149,treino_interno
LA_E_1496313,early_stopping
LA_E_1496315,treino_interno
LA_E_1496414,treino_interno
LA_E_1496805,treino_interno
LA_E_1497357,treino_interno
LA_E_1497740,treino_interno
LA_E_1498081,treino_interno
LA_E_1498335,treino_interno
LA_E_1498379,treino_interno
LA_E_1498473,early_stopping
LA_E_1498667,early_stopping
LA_E_1498754,treino_interno
LA_E_1499362,treino_interno
LA_E_1499554,treino_interno
LA_E_1499803,treino_interno
LA_E_1500113,treino_interno
LA_E_1500317,treino_interno
LA_E_1500449,treino_interno
LA_E_1500733,treino_interno
LA_E_1501363,treino_interno
LA_E_1501659,treino_interno
LA_E_1501781,treino_interno
LA_E_1502177,treino_interno
LA_E_1502770,treino_interno
LA_E_1502799,treino_interno
LA_E_1502830,treino_interno
LA_E_1502925,early_stopping
LA_E_1503089,treino_interno
LA_E_1503239,treino_interno
LA_E_1503340,treino_interno
LA_E_1503829,treino_interno
LA_E_1504204,treino_interno
LA_E_1504254,treino_interno
LA_E_1504813,treino_interno
LA_E_1504843,treino_interno
LA_E_1505185,treino_interno
LA_E_1505536,treino_interno
LA_E_1506281,treino_interno
LA_E_1506972,treino_interno
LA_E_1507068,treino_interno
LA_E_1507154,treino_interno
LA_E_1507415,treino_interno
LA_E_1507655,treino_interno
LA_E_1507864,treino_interno
LA_E_1507946,treino_interno
LA_E_1508078,treino_interno
LA_E_1508160,treino_interno
LA_E_1508215,treino_interno
LA_E_1508649,treino_interno
LA_E_1508820,treino_interno
LA_E_1509075,treino_interno
LA_E_1509268,treino_interno
LA_E_1509300,early_stopping
LA_E_1509714,treino_interno
LA_E_1509833,treino_interno
LA_E_1510646,treino_interno
LA_E_1510854,treino_interno
LA_E_1511593,treino_interno
LA_E_1512398,treino_interno
LA_E_1512522,treino_interno
LA_E_1512604,treino_interno
LA_E_1512785,treino_interno
LA_E_1513140,treino_interno
LA_E_1513550,treino_interno
LA_E_1513786,treino_interno
LA_E_1513805,early_stopping
LA_E_1513987,treino_interno
LA_E_1514005,treino_interno
LA_E_1514189,treino_interno
LA_E_1514380,treino_interno
LA_E_1514549,treino_interno
LA_E_1515102,treino_interno
LA_E_1515198,treino_interno
LA_E_1515204,treino_interno
LA_E_1515240,treino_interno
LA_E_1515748,treino_interno
LA_E_1515822,treino_interno
LA_E_1515967,treino_interno
LA_E_1516092,treino_interno
LA_E_1516131,treino_interno
LA_E_1516265,treino_interno
LA_E_1516415,treino_interno
LA_E_1516452,treino_interno
LA_E_1516645,treino_interno
LA_E_1516706,treino_interno
LA_E_1516819,treino_interno
LA_E_1516884,treino_interno
LA_E_1516940,treino_interno
LA_E_1516994,treino_interno
LA_E_1517208,treino_interno
LA_E_1517333,treino_interno
LA_E_1517486,treino_interno
LA_E_1517635,treino_interno
LA_E_1518149,treino_interno
LA_E_1518454,treino_interno
LA_E_1518793,treino_interno
LA_E_1519114,early_stopping
LA_E_1519181,treino_interno
LA_E_1519182,treino_interno
LA_E_1519491,treino_interno
LA_E_1519691,treino_interno
LA_E_1519889,treino_interno
LA_E_1519916,treino_interno
LA_E_1520095,treino_interno
LA_E_1520181,treino_interno
LA_E_1520284,treino_interno
LA_E_1520714,treino_interno
LA_E_1520828,treino_interno
LA_E_1521081,treino_interno
LA_E_1521283,treino_interno
LA_E_1521286,treino_interno
LA_E_1521413,treino_interno
LA_E_1522247,treino_interno
LA_E_1522276,treino_interno
LA_E_1522512,treino_interno
LA_E_1522947,treino_interno
LA_E_1523066,treino_interno
LA_E_1523155,treino_interno
LA_E_1523253,treino_interno
LA_E_1523508,treino_interno
LA_E_1523688,treino_interno
LA_E_1523908,treino_interno
LA_E_1524219,treino_interno
LA_E_1524516,treino_interno
LA_E_1524659,treino_interno
LA_E_1524755,treino_interno
LA_E_1524994,treino_interno
LA_E_1525113,treino_interno
LA_E_1525261,treino_interno
LA_E_1525330,treino_interno
LA_E_1525764,treino_interno
LA_E_1525830,treino_interno
LA_E_1526193,treino_interno
LA_E_1526566,treino_interno
LA_E_1526915,treino_interno
LA_E_1527110,treino_interno
LA_E_1527901,treino_interno
LA_E_1528356,treino_interno
LA_E_1528389,treino_interno
LA_E_1528692,treino_interno
LA_E_1528693,treino_interno
LA_E_1528855,treino_interno
LA_E_1528865,treino_interno
LA_E_1528894,treino_interno
LA_E_1529013,treino_interno
LA_E_1529348,treino_interno
LA_E_1529436,treino_interno
LA_E_1530023,treino_interno
LA_E_1530162,treino_interno
LA_E_1530190,treino_interno
LA_E_1530239,treino_interno
LA_E_1530525,treino_interno
LA_E_1530643,treino_interno
LA_E_1530839,treino_interno
LA_E_1531153,treino_interno
LA_E_1531275,treino_interno
LA_E_1531470,treino_interno
LA_E_1531480,treino_interno
LA_E_1531691,treino_interno
LA_E_1531817,treino_interno
LA_E_1532430,treino_interno
LA_E_1532635,treino_interno
LA_E_1532674,treino_interno
LA_E_1532903,early_stopping
LA_E_1533351,treino_interno
LA_E_1533375,treino_interno
LA_E_1533606,treino_interno
LA_E_1533711,treino_interno
LA_E_1533826,treino_interno
LA_E_1534311,treino_interno
LA_E_1534725,treino_interno
LA_E_1534861,treino_interno
LA_E_1535354,treino_interno
LA_E_1535444,treino_interno
LA_E_1536136,treino_interno
LA_E_1536219,treino_interno
LA_E_1536722,treino_interno
LA_E_1537632,treino_interno
LA_E_1538881,treino_interno
LA_E_1538962,treino_interno
LA_E_1539229,treino_interno
LA_E_1539329,treino_interno
LA_E_1540286,treino_interno
LA_E_1540304,treino_interno
LA_E_1540355,early_stopping
LA_E_1540549,treino_interno
LA_E_1540673,treino_interno
LA_E_1541081,treino_interno
LA_E_1541398,treino_interno
LA_E_1541697,treino_interno
LA_E_1541855,treino_interno
LA_E_1541874,treino_interno
LA_E_1542306,treino_interno
LA_E_1542341,treino_interno
LA_E_1542546,treino_interno
LA_E_1543543,treino_interno
LA_E_1543580,treino_interno
LA_E_1543761,treino_interno
LA_E_1543849,treino_interno
LA_E_1544383,treino_interno
LA_E_1544388,treino_interno
LA_E_1544793,treino_interno
LA_E_1545025,treino_interno
LA_E_1545072,treino_interno
LA_E_1545149,treino_interno
LA_E_1545195,treino_interno
LA_E_1545250,treino_interno
LA_E_1545521,treino_interno
LA_E_1545771,treino_interno
LA_E_1545979,treino_interno
LA_E_1546049,treino_interno
LA_E_1546395,treino_interno
LA_E_1546435,treino_interno
LA_E_1546622,treino_interno
LA_E_1546789,treino_interno
LA_E_1547099,treino_interno
LA_E_1547106,treino_interno
LA_E_1547177,treino_interno
LA_E_1547438,treino_interno
LA_E_1547491,treino_interno
LA_E_1547849,treino_interno
LA_E_1548005,treino_interno
LA_E_1548038,treino_interno
LA_E_1548253,treino_interno
LA_E_1548361,treino_interno
LA_E_1548395,treino_interno
LA_E_1548490,treino_interno
LA_E_1548543,treino_interno
LA_E_1548706,treino_interno
LA_E_1548749,treino_interno
LA_E_1548750,treino_interno
LA_E_1548923,treino_interno
LA_E_1549201,treino_interno
LA_E_1549222,treino_interno
LA_E_1549262,treino_interno
LA_E_1549626,treino_interno
LA_E_1549712,treino_interno
LA_E_1549740,treino_interno
LA_E_1550224,treino_interno
LA_E_1550236,treino_interno
LA_E_1550740,treino_interno
LA_E_1550812,treino_interno
LA_E_1550865,treino_interno
LA_E_1550884,treino_interno
LA_E_1551242,treino_interno
LA_E_1551555,treino_interno
LA_E_1551793,treino_interno
LA_E_1551862,treino_interno
LA_E_1552046,treino_interno
LA_E_1552377,treino_interno
LA_E_1552509,treino_interno
LA_E_1552737,treino_interno
LA_E_1552868,treino_interno
LA_E_1552973,treino_interno
LA_E_1553231,treino_interno
LA_E_1553541,treino_interno
LA_E_1553662,treino_interno
LA_E_1553982,treino_interno
LA_E_1554115,treino_interno
LA_E_1554189,treino_interno
LA_E_1554324,early_stopping
LA_E_1554792,treino_interno
LA_E_1555492,treino_interno
LA_E_1555729,treino_interno
LA_E_1555734,treino_interno
LA_E_1555867,treino_interno
LA_E_1556077,treino_interno
LA_E_1556150,treino_interno
LA_E_1556464,treino_interno
LA_E_1556488,treino_interno
LA_E_1556575,treino_interno
LA_E_1556606,treino_interno
LA_E_1556835,treino_interno
LA_E_1557100,treino_interno
LA_E_1557117,treino_interno
LA_E_1557301,treino_interno
LA_E_1558009,treino_interno
LA_E_1558300,treino_interno
LA_E_1558394,treino_interno
LA_E_1558444,treino_interno
LA_E_1558491,treino_interno
LA_E_1558785,treino_interno
LA_E_1558928,treino_interno
LA_E_1559329,treino_interno
LA_E_1559378,treino_interno
LA_E_1559415,treino_interno
LA_E_1560474,treino_interno
LA_E_1560849,treino_interno
LA_E_1560869,treino_interno
LA_E_1561288,treino_interno
LA_E_1561317,treino_interno
LA_E_1561351,treino_interno
LA_E_1561627,treino_interno
LA_E_1561742,treino_interno
LA_E_1561930,treino_interno
LA_E_1561993,treino_interno
LA_E_1562138,treino_interno
LA_E_1562557,treino_interno
LA_E_1562742,treino_interno
LA_E_1563234,treino_interno
LA_E_1563537,treino_interno
LA_E_1564086,treino_interno
LA_E_1564200,treino_interno
LA_E_1564287,treino_interno
LA_E_1564585,treino_interno
LA_E_1564686,treino_interno
LA_E_1564802,treino_interno
LA_E_1564859,treino_interno
LA_E_1565528,treino_interno
LA_E_1565686,treino_interno
LA_E_1565738,treino_interno
LA_E_1565779,treino_interno
LA_E_1566377,treino_interno
LA_E_1566579,treino_interno
LA_E_1567197,treino_interno
LA_E_1567499,early_stopping
LA_E_1567523,treino_interno
LA_E_1567848,treino_interno
LA_E_1567858,treino_interno
LA_E_1568344,treino_interno
LA_E_1568500,treino_interno
LA_E_1568594,treino_interno
LA_E_1568850,treino_interno
LA_E_1569066,treino_interno
LA_E_1569122,treino_interno
LA_E_1569641,treino_interno
LA_E_1569814,treino_interno
LA_E_1569817,treino_interno
LA_E_1569854,treino_interno
LA_E_1569965,treino_interno
LA_E_1569984,treino_interno
LA_E_1570181,treino_interno
LA_E_1570231,treino_interno
LA_E_1570300,treino_interno
LA_E_1570575,treino_interno
LA_E_1570595,treino_interno
LA_E_1571021,treino_interno
LA_E_1571513,early_stopping
LA_E_1571568,treino_interno
LA_E_1571808,early_stopping
LA_E_1572531,treino_interno
LA_E_1572773,treino_interno
LA_E_1572953,treino_interno
LA_E_1573121,treino_interno
LA_E_1573424,treino_interno
LA_E_1573645,treino_interno
LA_E_1574775,treino_interno
LA_E_1575166,treino_interno
LA_E_1575327,treino_interno
LA_E_1575353,treino_interno
LA_E_1575848,treino_interno
LA_E_1576127,treino_interno
LA_E_1576154,treino_interno
LA_E_1576178,treino_interno
LA_E_1576220,treino_interno
LA_E_1576306,treino_interno
LA_E_1576426,treino_interno
LA_E_1577090,treino_interno
LA_E_1577305,treino_interno
LA_E_1577325,treino_interno
LA_E_1577570,treino_interno
LA_E_1578133,treino_interno
LA_E_1578241,treino_interno
LA_E_1578820,treino_interno
LA_E_1579482,treino_interno
LA_E_1579697,treino_interno
LA_E_1579952,treino_interno
LA_E_1580327,treino_interno
LA_E_1580365,treino_interno
LA_E_1580415,treino_interno
LA_E_1581004,treino_interno
LA_E_1581162,treino_interno
LA_E_1581215,treino_interno
LA_E_1581277,treino_interno
LA_E_1581340,treino_interno
LA_E_1581777,treino_interno
LA_E_1581807,treino_interno
LA_E_1582070,treino_interno
LA_E_1582243,early_stopping
LA_E_1582290,early_stopping
LA_E_1582912,treino_interno
LA_E_1582939,treino_interno
LA_E_1583158,treino_interno
LA_E_1583279,treino_interno
LA_E_1583552,treino_interno
LA_E_1583798,treino_interno
LA_E_1584022,treino_interno
LA_E_1584028,treino_interno
LA_E_1584200,treino_interno
LA_E_1584645,treino_interno
LA_E_1584971,treino_interno
LA_E_1585361,treino_interno
LA_E_1585423,treino_interno
LA_E_1585476,treino_interno
LA_E_1585664,treino_interno
LA_E_1585711,treino_interno
LA_E_1585946,treino_interno
LA_E_1586145,treino_interno
LA_E_1586193,treino_interno
LA_E_1586330,treino_interno
LA_E_1586748,treino_interno
LA_E_1586795,treino_interno
LA_E_1586846,treino_interno
LA_E_1586878,treino_interno
LA_E_1586899,treino_interno
LA_E_1586985,treino_interno
LA_E_1587241,treino_interno
LA_E_1587331,treino_interno
LA_E_1587339,treino_interno
LA_E_1587477,treino_interno
LA_E_1587665,treino_interno
LA_E_1589190,treino_interno
LA_E_1589327,treino_interno
LA_E_1589783,treino_interno
LA_E_1590058,treino_interno
LA_E_1590440,treino_interno
LA_E_1590467,early_stopping
LA_E_1590708,treino_interno
LA_E_1590864,treino_interno
LA_E_1591134,treino_interno
LA_E_1591194,treino_interno
LA_E_1591247,treino_interno
LA_E_1591973,treino_interno
LA_E_1591984,treino_interno
LA_E_1592649,treino_interno
LA_E_1593540,treino_interno
LA_E_1593963,treino_interno
LA_E_1594300,treino_interno
LA_E_1594337,treino_interno
LA_E_1594915,treino_interno
LA_E_1594966,treino_interno
LA_E_1595568,treino_interno
LA_E_1595880,treino_interno
LA_E_1596007,treino_interno
LA_E_1596060,treino_interno
LA_E_1596188,treino_interno
LA_E_1596310,treino_interno
LA_E_1596365,treino_interno
LA_E_1596602,treino_interno
LA_E_1596810,treino_interno
LA_E_1597374,treino_interno
LA_E_1597481,early_stopping
LA_E_1597725,treino_interno
LA_E_1597914,treino_interno
LA_E_1598513,treino_interno
LA_E_1598560,treino_interno
LA_E_1599423,treino_interno
LA_E_1599750,treino_interno
LA_E_1600225,treino_interno
LA_E_1600352,treino_interno
LA_E_1600396,treino_interno
LA_E_1600463,treino_interno
LA_E_1600522,treino_interno
LA_E_1600544,treino_interno
LA_E_1601021,treino_interno
LA_E_1601522,treino_interno
LA_E_1602853,treino_interno
LA_E_1603036,treino_interno
LA_E_1603183,treino_interno
LA_E_1603656,treino_interno
LA_E_1604163,treino_interno
LA_E_1604223,treino_interno
LA_E_1604771,treino_interno
LA_E_1604883,treino_interno
LA_E_1604929,treino_interno
LA_E_1605029,treino_interno
LA_E_1605356,treino_interno
LA_E_1606118,treino_interno
LA_E_1606144,treino_interno
LA_E_1606611,treino_interno
LA_E_1606664,treino_interno
LA_E_1607080,treino_interno
LA_E_1607410,treino_interno
LA_E_1607857,treino_interno
LA_E_1608081,treino_interno
LA_E_1608290,treino_interno
LA_E_1608492,early_stopping
LA_E_1608577,treino_interno
LA_E_1608670,treino_interno
LA_E_1608813,treino_interno
LA_E_1609463,treino_interno
LA_E_1609514,treino_interno
LA_E_1609542,treino_interno
LA_E_1609602,treino_interno
LA_E_1609726,treino_interno
LA_E_1610446,treino_interno
LA_E_1610863,treino_interno
LA_E_1611021,treino_interno
LA_E_1611389,treino_interno
LA_E_1611420,treino_interno
LA_E_1611430,treino_interno
LA_E_1611852,treino_interno
LA_E_1612212,treino_interno
LA_E_1612903,treino_interno
LA_E_1612958,early_stopping
LA_E_1613295,treino_interno
LA_E_1613586,treino_interno
LA_E_1613597,treino_interno
LA_E_1613808,treino_interno
LA_E_1613902,treino_interno
LA_E_1613966,early_stopping
LA_E_1614014,treino_interno
LA_E_1614045,treino_interno
LA_E_1614060,treino_interno
LA_E_1614181,treino_interno
LA_E_1614308,treino_interno
LA_E_1614313,treino_interno
LA_E_1614756,treino_interno
LA_E_1615048,treino_interno
LA_E_1615151,treino_interno
LA_E_1615447,treino_interno
LA_E_1615454,treino_interno
LA_E_1615523,treino_interno
LA_E_1615776,treino_interno
LA_E_1615930,treino_interno
LA_E_1616148,treino_interno
LA_E_1616295,treino_interno
LA_E_1617012,treino_interno
LA_E_1617837,treino_interno
LA_E_1618009,early_stopping
LA_E_1618178,treino_interno
LA_E_1618249,treino_interno
LA_E_1618446,treino_interno
LA_E_1618559,early_stopping
LA_E_1618977,treino_interno
LA_E_1619021,treino_interno
LA_E_1619087,treino_interno
LA_E_1619247,treino_interno
LA_E_1619683,treino_interno
LA_E_1619789,treino_interno
LA_E_1619875,treino_interno
LA_E_1619913,treino_interno
LA_E_1620104,treino_interno
LA_E_1620521,early_stopping
LA_E_1620567,early_stopping
LA_E_1620747,treino_interno
LA_E_1621303,treino_interno
LA_E_1621392,treino_interno
LA_E_1622060,early_stopping
LA_E_1622082,treino_interno
LA_E_1622135,treino_interno
LA_E_1622158,treino_interno
LA_E_1622397,treino_interno
LA_E_1622933,treino_interno
LA_E_1623060,treino_interno
LA_E_1623139,treino_interno
LA_E_1623487,treino_interno
LA_E_1623566,treino_interno
LA_E_1623698,treino_interno
LA_E_1623827,treino_interno
LA_E_1624044,treino_interno
LA_E_1624069,early_stopping
LA_E_1624641,treino_interno
LA_E_1624724,treino_interno
LA_E_1625055,treino_interno
LA_E_1625218,early_stopping
LA_E_1625321,treino_interno
LA_E_1625384,treino_interno
LA_E_1625433,treino_interno
LA_E_1625602,treino_interno
LA_E_1625717,treino_interno
LA_E_1625736,treino_interno
LA_E_1626112,treino_interno
LA_E_1626380,early_stopping
LA_E_1626702,treino_interno
LA_E_1627086,treino_interno
LA_E_1627159,treino_interno
LA_E_1627463,treino_interno
LA_E_1627627,treino_interno
LA_E_1628019,treino_interno
LA_E_1628137,treino_interno
LA_E_1628376,treino_interno
LA_E_1628421,treino_interno
LA_E_1628443,early_stopping
LA_E_1628471,treino_interno
LA_E_1628592,treino_interno
LA_E_1628639,treino_interno
LA_E_1628659,treino_interno
LA_E_1628849,treino_interno
LA_E_1629067,treino_interno
LA_E_1629314,treino_interno
LA_E_1629555,treino_interno
LA_E_1629665,early_stopping
LA_E_1629888,early_stopping
LA_E_1629989,treino_interno
LA_E_1630211,treino_interno
LA_E_1630294,treino_interno
LA_E_1630369,treino_interno
LA_E_1630374,treino_interno
LA_E_1630393,treino_interno
LA_E_1630769,treino_interno
LA_E_1630797,treino_interno
LA_E_1631052,treino_interno
LA_E_1631055,treino_interno
LA_E_1631095,treino_interno
LA_E_1631194,early_stopping
LA_E_1631619,treino_interno
LA_E_1631672,treino_interno
LA_E_1631690,treino_interno
LA_E_1632020,treino_interno
LA_E_1632053,treino_interno
LA_E_1632378,treino_interno
LA_E_1632407,treino_interno
LA_E_1633594,treino_interno
LA_E_1633987,treino_interno
LA_E_1634005,treino_interno
LA_E_1634482,early_stopping
LA_E_1634921,treino_interno
LA_E_1635076,treino_interno
LA_E_1635130,treino_interno
LA_E_1635143,early_stopping
LA_E_1635156,treino_interno
LA_E_1635791,treino_interno
LA_E_1636142,treino_interno
LA_E_1636282,treino_interno
LA_E_1636356,treino_interno
LA_E_1636384,treino_interno
LA_E_1636435,treino_interno
LA_E_1636635,treino_interno
LA_E_1636680,treino_interno
LA_E_1637144,treino_interno
LA_E_1638337,treino_interno
LA_E_1638421,treino_interno
LA_E_1638493,treino_interno
LA_E_1638501,treino_interno
LA_E_1638502,treino_interno
LA_E_1638770,treino_interno
LA_E_1638850,treino_interno
LA_E_1638976,treino_interno
LA_E_1640244,treino_interno
LA_E_1640323,treino_interno
LA_E_1640340,treino_interno
LA_E_1640479,treino_interno
LA_E_1640569,treino_interno
LA_E_1640625,treino_interno
LA_E_1641331,treino_interno
LA_E_1641516,treino_interno
LA_E_1641522,treino_interno
LA_E_1641999,treino_interno
LA_E_1642196,early_stopping
LA_E_1643305,treino_interno
LA_E_1644443,treino_interno
LA_E_1644589,treino_interno
LA_E_1644601,treino_interno
LA_E_1644614,treino_interno
LA_E_1644703,treino_interno
LA_E_1644777,treino_interno
LA_E_1644936,treino_interno
LA_E_1645053,treino_interno
LA_E_1645777,treino_interno
LA_E_1645831,treino_interno
LA_E_1645848,treino_interno
LA_E_1646061,treino_interno
LA_E_1646404,treino_interno
LA_E_1646525,treino_interno
LA_E_1646588,treino_interno
LA_E_1646945,treino_interno
LA_E_1647196,treino_interno
LA_E_1647198,treino_interno
LA_E_1647483,treino_interno
LA_E_1647915,treino_interno
LA_E_1648120,treino_interno
LA_E_1648233,treino_interno
LA_E_1648283,treino_interno
LA_E_1648518,treino_interno
LA_E_1649190,treino_interno
LA_E_1649293,early_stopping
LA_E_1649724,treino_interno
LA_E_1649944,early_stopping
LA_E_1650100,treino_interno
LA_E_1650216,treino_interno
LA_E_1650449,treino_interno
LA_E_1650657,treino_interno
LA_E_1650885,treino_interno
LA_E_1650975,treino_interno
LA_E_1651656,early_stopping
LA_E_1651691,treino_interno
LA_E_1651889,treino_interno
LA_E_1651988,treino_interno
LA_E_1652064,treino_interno
LA_E_1652286,treino_interno
LA_E_1652647,treino_interno
LA_E_1652672,treino_interno
LA_E_1653025,treino_interno
LA_E_1653409,treino_interno
LA_E_1653650,treino_interno
LA_E_1653888,treino_interno
LA_E_1654167,treino_interno
LA_E_1654334,treino_interno
LA_E_1654369,treino_interno
LA_E_1654515,treino_interno
LA_E_1655196,treino_interno
LA_E_1655633,treino_interno
LA_E_1655924,treino_interno
LA_E_1656084,treino_interno
LA_E_1656113,treino_interno
LA_E_1656144,treino_interno
LA_E_1656334,treino_interno
LA_E_1656402,early_stopping
LA_E_1656704,treino_interno
LA_E_1656864,treino_interno
LA_E_1656897,treino_interno
LA_E_1657022,treino_interno
LA_E_1657076,treino_interno
LA_E_1657077,treino_interno
LA_E_1657268,treino_interno
LA_E_1657914,treino_interno
LA_E_1657994,treino_interno
LA_E_1657999,treino_interno
LA_E_1658107,treino_interno
LA_E_1658236,treino_interno
LA_E_1658296,treino_interno
LA_E_1658306,treino_interno
LA_E_1658315,treino_interno
LA_E_1659029,treino_interno
LA_E_1659189,treino_interno
LA_E_1659499,treino_interno
LA_E_1659557,treino_interno
LA_E_1659615,treino_interno
LA_E_1659788,treino_interno
LA_E_1659844,early_stopping
LA_E_1659916,treino_interno
LA_E_1660112,treino_interno
LA_E_1660308,treino_interno
LA_E_1660381,treino_interno
LA_E_1660412,treino_interno
LA_E_1660463,treino_interno
LA_E_1660617,treino_interno
LA_E_1660782,treino_interno
LA_E_1662151,treino_interno
LA_E_1662183,treino_interno
LA_E_1662295,treino_interno
LA_E_1662327,treino_interno
LA_E_1662687,early_stopping
LA_E_1663182,treino_interno
LA_E_1663392,treino_interno
LA_E_1663723,treino_interno
LA_E_1663740,treino_interno
LA_E_1663822,treino_interno
LA_E_1664255,treino_interno
LA_E_1664481,treino_interno
LA_E_1664867,treino_interno
LA_E_1664906,treino_interno
LA_E_1664918,treino_interno
LA_E_1664993,treino_interno
LA_E_1665142,treino_interno
LA_E_1666298,treino_interno
LA_E_1666449,treino_interno
LA_E_1666701,treino_interno
LA_E_1667008,treino_interno
LA_E_1667340,treino_interno
LA_E_1667448,treino_interno
LA_E_1667500,treino_interno
LA_E_1667749,treino_interno
LA_E_1667917,treino_interno
LA_E_1667935,treino_interno
LA_E_1668069,treino_interno
LA_E_1668170,treino_interno
LA_E_1668286,treino_interno
LA_E_1668366,treino_interno
LA_E_1668444,treino_interno
LA_E_1668640,treino_interno
LA_E_1668657,treino_interno
LA_E_1669985,treino_interno
LA_E_1670339,treino_interno
LA_E_1670516,treino_interno
LA_E_1670769,treino_interno
LA_E_1670901,treino_interno
LA_E_1671012,treino_interno
LA_E_1671170,treino_interno
LA_E_1671334,treino_interno
LA_E_1671460,treino_interno
LA_E_1671954,treino_interno
LA_E_1672030,treino_interno
LA_E_1672331,treino_interno
LA_E_1672777,treino_interno
LA_E_1672779,treino_interno
LA_E_1672892,treino_interno
LA_E_1673550,treino_interno
LA_E_1673643,early_stopping
LA_E_1673650,treino_interno
LA_E_1674023,treino_interno
LA_E_1674472,treino_interno
LA_E_1674547,early_stopping
LA_E_1674718,treino_interno
LA_E_1675324,early_stopping
LA_E_1675410,treino_interno
LA_E_1675891,treino_interno
LA_E_1676247,treino_interno
LA_E_1676355,treino_interno
LA_E_1676852,treino_interno
LA_E_1677214,early_stopping
LA_E_1677246,treino_interno
LA_E_1677330,early_stopping
LA_E_1677427,treino_interno
LA_E_1677447,treino_interno
LA_E_1678046,treino_interno
LA_E_1678125,treino_interno
LA_E_1678373,treino_interno
LA_E_1678883,treino_interno
LA_E_1678903,early_stopping
LA_E_1678986,treino_interno
LA_E_1679120,early_stopping
LA_E_1679866,early_stopping
LA_E_1679934,treino_interno
LA_E_1680266,treino_interno
LA_E_1680520,treino_interno
LA_E_1680914,treino_interno
LA_E_1680980,treino_interno
LA_E_1680983,treino_interno
LA_E_1681170,treino_interno
LA_E_1681294,treino_interno
LA_E_1681328,early_stopping
LA_E_1681355,treino_interno
LA_E_1681844,treino_interno
LA_E_1683570,treino_interno
LA_E_1684000,treino_interno
LA_E_1684208,treino_interno
LA_E_1684258,treino_interno
LA_E_1684609,treino_interno
LA_E_1684749,treino_interno
LA_E_1684856,treino_interno
LA_E_1684921,treino_interno
LA_E_1684954,treino_interno
LA_E_1685184,treino_interno
LA_E_1685329,treino_interno
LA_E_1685339,treino_interno
LA_E_1685578,treino_interno
LA_E_1685723,treino_interno
LA_E_1685787,treino_interno
LA_E_1686048,treino_interno
LA_E_1686056,treino_interno
LA_E_1686123,treino_interno
LA_E_1686155,treino_interno
LA_E_1686869,early_stopping
LA_E_1687375,treino_interno
LA_E_1687720,treino_interno
LA_E_1687723,treino_interno
LA_E_1688231,treino_interno
LA_E_1689040,treino_interno
LA_E_1689319,treino_interno
LA_E_1689462,treino_interno
LA_E_1689838,treino_interno
LA_E_1689868,treino_interno
LA_E_1690309,treino_interno
LA_E_1690379,treino_interno
LA_E_1690997,treino_interno
LA_E_1691194,treino_interno
LA_E_1691248,treino_interno
LA_E_1691282,treino_interno
LA_E_1691500,treino_interno
LA_E_1691549,treino_interno
LA_E_1691679,treino_interno
LA_E_1691771,treino_interno
LA_E_1691824,treino_interno
LA_E_1692017,treino_interno
LA_E_1692970,treino_interno
LA_E_1693123,treino_interno
LA_E_1693185,treino_interno
LA_E_1693475,treino_interno
LA_E_1693632,treino_interno
LA_E_1693634,treino_interno
LA_E_1693742,treino_interno
LA_E_1693848,treino_interno
LA_E_1693907,treino_interno
LA_E_1693953,treino_interno
LA_E_1694366,treino_interno
LA_E_1695137,treino_interno
LA_E_1695725,early_stopping
LA_E_1696056,treino_interno
LA_E_1696368,treino_interno
LA_E_1696530,treino_interno
LA_E_1696739,treino_interno
LA_E_1696893,treino_interno
LA_E_1697023,treino_interno
LA_E_1697122,treino_interno
LA_E_1697219,treino_interno
LA_E_1697610,treino_interno
LA_E_1697637,treino_interno
LA_E_1697980,treino_interno
LA_E_1698109,treino_interno
LA_E_1698314,treino_interno
LA_E_1698560,treino_interno
LA_E_1698606,treino_interno
LA_E_1698676,treino_interno
LA_E_1698803,treino_interno
LA_E_1698875,treino_interno
LA_E_1698933,treino_interno
LA_E_1699240,treino_interno
LA_E_1699381,treino_interno
LA_E_1699797,treino_interno
LA_E_1699809,treino_interno
LA_E_1699889,treino_interno
LA_E_1699896,treino_interno
LA_E_1700147,treino_interno
LA_E_1700559,treino_interno
LA_E_1700834,treino_interno
LA_E_1701548,treino_interno
LA_E_1701968,treino_interno
LA_E_1702002,treino_interno
LA_E_1702240,treino_interno
LA_E_1702611,treino_interno
LA_E_1702938,treino_interno
LA_E_1703071,early_stopping
LA_E_1703494,treino_interno
LA_E_1703511,treino_interno
LA_E_1703725,treino_interno
LA_E_1703839,treino_interno
LA_E_1703873,treino_interno
LA_E_1704302,treino_interno
LA_E_1704583,treino_interno
LA_E_1704624,treino_interno
LA_E_1704968,treino_interno
LA_E_1705231,treino_interno
LA_E_1705735,treino_interno
LA_E_1705954,treino_interno
LA_E_1706147,treino_interno
LA_E_1706171,treino_interno
LA_E_1706302,treino_interno
LA_E_1706543,treino_interno
LA_E_1706850,treino_interno
LA_E_1706942,treino_interno
LA_E_1707036,treino_interno
LA_E_1707486,early_stopping
LA_E_1707851,treino_interno
LA_E_1707905,treino_interno
LA_E_1707936,treino_interno
LA_E_1707949,treino_interno
LA_E_1708373,treino_interno
LA_E_1708527,treino_interno
LA_E_1708546,early_stopping
LA_E_1708774,treino_interno
LA_E_1709060,treino_interno
LA_E_1709066,treino_interno
LA_E_1709077,treino_interno
LA_E_1709109,treino_interno
LA_E_1709629,treino_interno
LA_E_1710091,early_stopping
LA_E_1710405,treino_interno
LA_E_1710599,treino_interno
LA_E_1710697,treino_interno
LA_E_1710717,treino_interno
LA_E_1710940,treino_interno
LA_E_1711196,treino_interno
LA_E_1711414,treino_interno
LA_E_1712215,treino_interno
LA_E_1712430,treino_interno
LA_E_1712645,treino_interno
LA_E_1712774,treino_interno
LA_E_1712918,early_stopping
LA_E_1713344,treino_interno
LA_E_1713429,early_stopping
LA_E_1713451,treino_interno
LA_E_1713455,treino_interno
LA_E_1713608,treino_interno
LA_E_1713610,treino_interno
LA_E_1713863,treino_interno
LA_E_1714421,treino_interno
LA_E_1714526,treino_interno
LA_E_1714607,treino_interno
LA_E_1714679,treino_interno
LA_E_1714680,early_stopping
LA_E_1715631,early_stopping
LA_E_1715732,early_stopping
LA_E_1715753,treino_interno
LA_E_1715938,treino_interno
LA_E_1716054,treino_interno
LA_E_1716736,treino_interno
LA_E_1716842,treino_interno
LA_E_1716918,treino_interno
LA_E_1717152,treino_interno
LA_E_1717403,treino_interno
LA_E_1717813,treino_interno
LA_E_1718226,treino_interno
LA_E_1718332,treino_interno
LA_E_1718607,treino_interno
LA_E_1719761,treino_interno
LA_E_1719870,treino_interno
LA_E_1720294,treino_interno
LA_E_1720400,treino_interno
LA_E_1720464,treino_interno
LA_E_1720526,treino_interno
LA_E_1721210,treino_interno
LA_E_1721405,treino_interno
LA_E_1721414,treino_interno
LA_E_1721596,treino_interno
LA_E_1721599,treino_interno
LA_E_1721735,treino_interno
LA_E_1722016,treino_interno
LA_E_1722270,treino_interno
LA_E_1722286,treino_interno
LA_E_1722302,treino_interno
LA_E_1722455,treino_interno
LA_E_1722695,treino_interno
LA_E_1723109,treino_interno
LA_E_1723238,early_stopping
LA_E_1723412,treino_interno
LA_E_1723476,treino_interno
LA_E_1723690,treino_interno
LA_E_1723799,treino_interno
LA_E_1723858,treino_interno
LA_E_1724185,treino_interno
LA_E_1724729,treino_interno
LA_E_1724807,treino_interno
LA_E_1725038,treino_interno
LA_E_1725066,treino_interno
LA_E_1725236,early_stopping
LA_E_1725272,treino_interno
LA_E_1725306,treino_interno
LA_E_1725499,treino_interno
LA_E_1725508,treino_interno
LA_E_1725538,early_stopping
LA_E_1725952,treino_interno
LA_E_1726706,treino_interno
LA_E_1726786,treino_interno
LA_E_1726881,treino_interno
LA_E_1727060,treino_interno
LA_E_1727682,treino_interno
LA_E_1728194,treino_interno
LA_E_1728390,treino_interno
LA_E_1728598,treino_interno
LA_E_1728684,early_stopping
LA_E_1728738,treino_interno
LA_E_1728866,treino_interno
LA_E_1729036,treino_interno
LA_E_1729197,treino_interno
LA_E_1729303,early_stopping
LA_E_1729614,treino_interno
LA_E_1729889,treino_interno
LA_E_1730101,treino_interno
LA_E_1730177,treino_interno
LA_E_1730451,treino_interno
LA_E_1730574,treino_interno
LA_E_1730816,treino_interno
LA_E_1730832,treino_interno
LA_E_1730857,treino_interno
LA_E_1730890,treino_interno
LA_E_1730961,treino_interno
LA_E_1731385,treino_interno
LA_E_1731705,early_stopping
LA_E_1731717,treino_interno
LA_E_1731785,early_stopping
LA_E_1731816,treino_interno
LA_E_1732093,treino_interno
LA_E_1732148,treino_interno
LA_E_1732188,treino_interno
LA_E_1732357,treino_interno
LA_E_1732361,treino_interno
LA_E_1732443,early_stopping
LA_E_1732636,treino_interno
LA_E_1732803,treino_interno
LA_E_1732981,treino_interno
LA_E_1733055,treino_interno
LA_E_1733213,treino_interno
LA_E_1733438,treino_interno
LA_E_1733695,treino_interno
LA_E_1733759,treino_interno
LA_E_1733945,treino_interno
LA_E_1734138,treino_interno
LA_E_1734369,treino_interno
LA_E_1734372,treino_interno
LA_E_1734549,treino_interno
LA_E_1735461,treino_interno
LA_E_1735800,treino_interno
LA_E_1735875,treino_interno
LA_E_1735923,treino_interno
LA_E_1736352,treino_interno
LA_E_1736360,treino_interno
LA_E_1736599,treino_interno
LA_E_1736604,treino_interno
LA_E_1736918,treino_interno
LA_E_1736994,treino_interno
LA_E_1737056,treino_interno
LA_E_1737250,treino_interno
LA_E_1737605,treino_interno
LA_E_1737821,early_stopping
LA_E_1738089,treino_interno
LA_E_1738530,treino_interno
LA_E_1738957,treino_interno
LA_E_1739160,treino_interno
LA_E_1740155,treino_interno
LA_E_1740216,treino_interno
LA_E_1740320,early_stopping
LA_E_1740478,treino_interno
LA_E_1740709,treino_interno
LA_E_1740880,treino_interno
LA_E_1741032,treino_interno
LA_E_1741064,treino_interno
LA_E_1741384,treino_interno
LA_E_1741503,treino_interno
LA_E_1741506,treino_interno
LA_E_1742029,treino_interno
LA_E_1742421,treino_interno
LA_E_1742675,treino_interno
LA_E_1743185,treino_interno
LA_E_1743261,treino_interno
LA_E_1743353,treino_interno
LA_E_1743595,treino_interno
LA_E_1744094,early_stopping
LA_E_1744209,treino_interno
LA_E_1744509,treino_interno
LA_E_1744511,treino_interno
LA_E_1745667,early_stopping
LA_E_1745748,treino_interno
LA_E_1746083,treino_interno
LA_E_1746215,treino_interno
LA_E_1746222,treino_interno
LA_E_1746622,treino_interno
LA_E_1746734,treino_interno
LA_E_1747030,treino_interno
LA_E_1747033,early_stopping
LA_E_1747237,treino_interno
LA_E_1747378,treino_interno
LA_E_1747894,treino_interno
LA_E_1748136,treino_interno
LA_E_1748191,treino_interno
LA_E_1748379,treino_interno
LA_E_1748461,treino_interno
LA_E_1748506,treino_interno
LA_E_1748885,treino_interno
LA_E_1749003,treino_interno
LA_E_1749094,treino_interno
LA_E_1749101,treino_interno
LA_E_1749322,treino_interno
LA_E_1749488,treino_interno
LA_E_1749684,treino_interno
LA_E_1749837,treino_interno
LA_E_1749977,treino_interno
LA_E_1749994,treino_interno
LA_E_1750550,treino_interno
LA_E_1751007,treino_interno
LA_E_1751242,treino_interno
LA_E_1751261,treino_interno
LA_E_1751364,treino_interno
LA_E_1751503,treino_interno
LA_E_1751623,treino_interno
LA_E_1751814,treino_interno
LA_E_1752485,treino_interno
LA_E_1752704,treino_interno
LA_E_1752760,treino_interno
LA_E_1753096,treino_interno
LA_E_1753128,treino_interno
LA_E_1753367,treino_interno
LA_E_1753463,treino_interno
LA_E_1753631,treino_interno
LA_E_1753709,treino_interno
LA_E_1753787,treino_interno
LA_E_1754161,treino_interno
LA_E_1754483,treino_interno
LA_E_1755006,treino_interno
LA_E_1755249,treino_interno
LA_E_1755319,treino_interno
LA_E_1755841,treino_interno
LA_E_1756127,treino_interno
LA_E_1756321,treino_interno
LA_E_1756906,treino_interno
LA_E_1757427,treino_interno
LA_E_1757439,treino_interno
LA_E_1757565,treino_interno
LA_E_1757601,treino_interno
LA_E_1758001,treino_interno
LA_E_1758369,treino_interno
LA_E_1758392,treino_interno
LA_E_1758423,treino_interno
LA_E_1758479,treino_interno
LA_E_1758513,treino_interno
LA_E_1759204,treino_interno
LA_E_1759414,treino_interno
LA_E_1759547,treino_interno
LA_E_1760032,treino_interno
LA_E_1760718,treino_interno
LA_E_1761167,treino_interno
LA_E_1761436,treino_interno
LA_E_1761507,treino_interno
LA_E_1761719,treino_interno
LA_E_1762073,treino_interno
LA_E_1762373,treino_interno
LA_E_1762390,treino_interno
LA_E_1762398,early_stopping
LA_E_1762408,treino_interno
LA_E_1762425,treino_interno
LA_E_1762458,treino_interno
LA_E_1762603,treino_interno
LA_E_1763147,treino_interno
LA_E_1763387,treino_interno
LA_E_1763428,early_stopping
LA_E_1763978,treino_interno
LA_E_1764121,treino_interno
LA_E_1764148,treino_interno
LA_E_1764228,treino_interno
LA_E_1764271,treino_interno
LA_E_1764338,treino_interno
LA_E_1764409,treino_interno
LA_E_1764478,early_stopping
LA_E_1764778,treino_interno
LA_E_1764862,treino_interno
LA_E_1765095,treino_interno
LA_E_1765498,treino_interno
LA_E_1765650,treino_interno
LA_E_1765840,treino_interno
LA_E_1766036,treino_interno
LA_E_1766776,treino_interno
LA_E_1766827,treino_interno
LA_E_1766978,treino_interno
LA_E_1767097,treino_interno
LA_E_1767199,treino_interno
LA_E_1767299,treino_interno
LA_E_1767749,treino_interno
LA_E_1767812,treino_interno
LA_E_1767838,treino_interno
LA_E_1768287,treino_interno
LA_E_1768964,treino_interno
LA_E_1768969,treino_interno
LA_E_1769647,treino_interno
LA_E_1769729,treino_interno
LA_E_1770021,treino_interno
LA_E_1770124,treino_interno
LA_E_1770234,treino_interno
LA_E_1770674,treino_interno
LA_E_1770774,treino_interno
LA_E_1771133,treino_interno
LA_E_1771746,treino_interno
LA_E_1772367,treino_interno
LA_E_1772781,treino_interno
LA_E_1773266,treino_interno
LA_E_1773875,treino_interno
LA_E_1774308,early_stopping
LA_E_1774480,treino_interno
LA_E_1774691,treino_interno
LA_E_1774880,treino_interno
LA_E_1774889,treino_interno
LA_E_1775354,treino_interno
LA_E_1775483,treino_interno
LA_E_1775689,treino_interno
LA_E_1776283,treino_interno
LA_E_1776518,treino_interno
LA_E_1776559,treino_interno
LA_E_1776895,treino_interno
LA_E_1777000,treino_interno
LA_E_1777495,treino_interno
LA_E_1778038,treino_interno
LA_E_1778254,treino_interno
LA_E_1778446,treino_interno
LA_E_1778897,treino_interno
LA_E_1778970,treino_interno
LA_E_1779004,treino_interno
LA_E_1779313,treino_interno
LA_E_1779474,treino_interno
LA_E_1779538,treino_interno
LA_E_1779579,treino_interno
LA_E_1779730,treino_interno
LA_E_1780056,treino_interno
LA_E_1780221,treino_interno
LA_E_1780471,treino_interno
LA_E_1780536,treino_interno
LA_E_1781518,treino_interno
LA_E_1781532,treino_interno
LA_E_1781830,treino_interno
LA_E_1782298,treino_interno
LA_E_1782489,treino_interno
LA_E_1782493,treino_interno
LA_E_1782621,treino_interno
LA_E_1782866,treino_interno
LA_E_1782949,treino_interno
LA_E_1783080,early_stopping
LA_E_1783570,treino_interno
LA_E_1783789,treino_interno
LA_E_1784104,treino_interno
LA_E_1784401,treino_interno
LA_E_1785161,treino_interno
LA_E_1785655,treino_interno
LA_E_1785842,treino_interno
LA_E_1786160,treino_interno
LA_E_1786163,treino_interno
LA_E_1786463,treino_interno
LA_E_1786926,treino_interno
LA_E_1787644,treino_interno
LA_E_1787679,treino_interno
LA_E_1788376,treino_interno
LA_E_1788575,treino_interno
LA_E_1788630,treino_interno
LA_E_1788880,treino_interno
LA_E_1789214,treino_interno
LA_E_1789245,early_stopping
LA_E_1789270,treino_interno
LA_E_1789429,treino_interno
LA_E_1789559,treino_interno
LA_E_1790551,treino_interno
LA_E_1790742,treino_interno
LA_E_1790942,treino_interno
LA_E_1791019,treino_interno
LA_E_1791260,treino_interno
LA_E_1791778,treino_interno
LA_E_1791813,treino_interno
LA_E_1792298,treino_interno
LA_E_1792341,treino_interno
LA_E_1792658,treino_interno
LA_E_1792787,treino_interno
LA_E_1793027,treino_interno
LA_E_1793114,treino_interno
LA_E_1793256,treino_interno
LA_E_1793619,treino_interno
LA_E_1793758,treino_interno
LA_E_1793869,treino_interno
LA_E_1794096,treino_interno
LA_E_1794845,treino_interno
LA_E_1795044,treino_interno
LA_E_1795065,early_stopping
LA_E_1795699,treino_interno
LA_E_1795763,treino_interno
LA_E_1795874,treino_interno
LA_E_1796441,treino_interno
LA_E_1796656,treino_interno
LA_E_1796936,treino_interno
LA_E_1797039,treino_interno
LA_E_1797079,treino_interno
LA_E_1797332,treino_interno
LA_E_1798608,treino_interno
LA_E_1799283,treino_interno
LA_E_1799405,treino_interno
LA_E_1799455,treino_interno
LA_E_1799691,treino_interno
LA_E_1799754,treino_interno
LA_E_1799817,treino_interno
LA_E_1800195,early_stopping
LA_E_1800381,treino_interno
LA_E_1800549,treino_interno
LA_E_1800768,treino_interno
LA_E_1800900,treino_interno
LA_E_1801091,treino_interno
LA_E_1801208,treino_interno
LA_E_1801601,treino_interno
LA_E_1802322,treino_interno
LA_E_1802424,treino_interno
LA_E_1802518,treino_interno
LA_E_1802599,treino_interno
LA_E_1803245,treino_interno
LA_E_1803743,treino_interno
LA_E_1803767,treino_interno
LA_E_1803997,treino_interno
LA_E_1804033,treino_interno
LA_E_1804618,treino_interno
LA_E_1804821,treino_interno
LA_E_1805104,treino_interno
LA_E_1805401,treino_interno
LA_E_1805859,treino_interno
LA_E_1806675,treino_interno
LA_E_1806839,treino_interno
LA_E_1806936,treino_interno
LA_E_1807168,early_stopping
LA_E_1807592,treino_interno
LA_E_1807730,treino_interno
LA_E_1808346,treino_interno
LA_E_1808567,early_stopping
LA_E_1808624,treino_interno
LA_E_1809127,treino_interno
LA_E_1809396,treino_interno
LA_E_1809672,treino_interno
LA_E_1809823,treino_interno
LA_E_1809868,treino_interno
LA_E_1809881,treino_interno
LA_E_1810010,treino_interno
LA_E_1810542,treino_interno
LA_E_1810845,treino_interno
LA_E_1810910,early_stopping
LA_E_1811234,treino_interno
LA_E_1811267,treino_interno
LA_E_1811541,treino_interno
LA_E_1811570,treino_interno
LA_E_1811916,early_stopping
LA_E_1812817,treino_interno
LA_E_1812851,early_stopping
LA_E_1812912,treino_interno
LA_E_1813404,treino_interno
LA_E_1814271,treino_interno
LA_E_1814707,treino_interno
LA_E_1814793,treino_interno
LA_E_1814840,treino_interno
LA_E_1815083,treino_interno
LA_E_1815679,treino_interno
LA_E_1815980,treino_interno
LA_E_1815987,early_stopping
LA_E_1816204,treino_interno
LA_E_1816902,treino_interno
LA_E_1817001,treino_interno
LA_E_1817119,treino_interno
LA_E_1817156,early_stopping
LA_E_1817436,treino_interno
LA_E_1818011,treino_interno
LA_E_1818447,treino_interno
LA_E_1818661,treino_interno
LA_E_1819228,treino_interno
LA_E_1819398,early_stopping
LA_E_1819584,treino_interno
LA_E_1819664,treino_interno
LA_E_1819914,treino_interno
LA_E_1819977,treino_interno
LA_E_1820036,treino_interno
LA_E_1822076,treino_interno
LA_E_1822319,early_stopping
LA_E_1822370,treino_interno
LA_E_1822864,treino_interno
LA_E_1823157,treino_interno
LA_E_1824232,treino_interno
LA_E_1824454,treino_interno
LA_E_1824672,early_stopping
LA_E_1824725,treino_interno
LA_E_1825219,treino_interno
LA_E_1825426,treino_interno
LA_E_1825455,treino_interno
LA_E_1825529,treino_interno
LA_E_1825716,treino_interno
LA_E_1825808,treino_interno
LA_E_1826011,treino_interno
LA_E_1826129,early_stopping
LA_E_1826212,treino_interno
LA_E_1826315,treino_interno
LA_E_1826393,treino_interno
LA_E_1826801,treino_interno
LA_E_1826821,treino_interno
LA_E_1827061,treino_interno
LA_E_1827268,treino_interno
LA_E_1827321,treino_interno
LA_E_1827327,treino_interno
LA_E_1828228,treino_interno
LA_E_1828576,treino_interno
LA_E_1828688,treino_interno
LA_E_1829251,treino_interno
LA_E_1829571,treino_interno
LA_E_1830044,treino_interno
LA_E_1830415,treino_interno
LA_E_1830569,treino_interno
LA_E_1830632,treino_interno
LA_E_1831086,treino_interno
LA_E_1831260,treino_interno
LA_E_1831581,treino_interno
LA_E_1831626,treino_interno
LA_E_1831884,treino_interno
LA_E_1832216,treino_interno
LA_E_1832362,treino_interno
LA_E_1832549,treino_interno
LA_E_1832691,treino_interno
LA_E_1832913,treino_interno
LA_E_1832951,treino_interno
LA_E_1833004,treino_interno
LA_E_1833814,treino_interno
LA_E_1833818,treino_interno
LA_E_1833939,treino_interno
LA_E_1834690,treino_interno
LA_E_1834786,treino_interno
LA_E_1835473,treino_interno
LA_E_1835556,treino_interno
LA_E_1835576,treino_interno
LA_E_1835700,treino_interno
LA_E_1835961,treino_interno
LA_E_1836117,treino_interno
LA_E_1836253,treino_interno
LA_E_1836353,treino_interno
LA_E_1836774,treino_interno
LA_E_1836868,early_stopping
LA_E_1836909,treino_interno
LA_E_1836922,treino_interno
LA_E_1837155,treino_interno
LA_E_1837208,treino_interno
LA_E_1837899,treino_interno
LA_E_1838221,treino_interno
LA_E_1838230,treino_interno
LA_E_1838240,treino_interno
LA_E_1838489,early_stopping
LA_E_1838751,treino_interno
LA_E_1839012,treino_interno
LA_E_1839269,treino_interno
LA_E_1839503,treino_interno
LA_E_1839634,treino_interno
LA_E_1839823,treino_interno
LA_E_1839866,treino_interno
LA_E_1840075,treino_interno
LA_E_1840296,treino_interno
LA_E_1840601,treino_interno
LA_E_1840794,treino_interno
LA_E_1841315,treino_interno
LA_E_1841555,early_stopping
LA_E_1841986,treino_interno
LA_E_1842539,treino_interno
LA_E_1843482,treino_interno
LA_E_1843836,treino_interno
LA_E_1843890,treino_interno
LA_E_1844604,treino_interno
LA_E_1844774,treino_interno
LA_E_1844922,treino_interno
LA_E_1845221,treino_interno
LA_E_1845424,treino_interno
LA_E_1845643,treino_interno
LA_E_1845776,treino_interno
LA_E_1846166,treino_interno
LA_E_1846788,treino_interno
LA_E_1846908,treino_interno
LA_E_1846986,treino_interno
LA_E_1847193,treino_interno
LA_E_1847997,treino_interno
LA_E_1848032,early_stopping
LA_E_1848602,treino_interno
LA_E_1848612,treino_interno
LA_E_1848866,treino_interno
LA_E_1849321,treino_interno
LA_E_1849458,treino_interno
LA_E_1849760,treino_interno
LA_E_1851034,treino_interno
LA_E_1851082,treino_interno
LA_E_1851299,treino_interno
LA_E_1851453,treino_interno
LA_E_1852036,treino_interno
LA_E_1852094,treino_interno
LA_E_1852141,treino_interno
LA_E_1852364,treino_interno
LA_E_1852828,treino_interno
LA_E_1852998,treino_interno
LA_E_1853065,early_stopping
LA_E_1853295,treino_interno
LA_E_1853804,treino_interno
LA_E_1855573,treino_interno
LA_E_1856084,treino_interno
LA_E_1856688,treino_interno
LA_E_1856846,treino_interno
LA_E_1858140,treino_interno
LA_E_1858420,treino_interno
LA_E_1858697,treino_interno
LA_E_1858983,treino_interno
LA_E_1859325,treino_interno
LA_E_1859417,treino_interno
LA_E_1859520,early_stopping
LA_E_1859805,treino_interno
LA_E_1860261,early_stopping
LA_E_1861012,treino_interno
LA_E_1861081,treino_interno
LA_E_1861571,treino_interno
LA_E_1861723,treino_interno
LA_E_1861769,treino_interno
LA_E_1862689,early_stopping
LA_E_1863062,treino_interno
LA_E_1863202,treino_interno
LA_E_1863311,treino_interno
LA_E_1863789,treino_interno
LA_E_1863948,treino_interno
LA_E_1864697,treino_interno
LA_E_1865322,treino_interno
LA_E_1865904,treino_interno
LA_E_1866305,treino_interno
LA_E_1866309,treino_interno
LA_E_1866818,treino_interno
LA_E_1866893,treino_interno
LA_E_1866999,treino_interno
LA_E_1867106,treino_interno
LA_E_1867802,treino_interno
LA_E_1867983,early_stopping
LA_E_1868166,treino_interno
LA_E_1868318,treino_interno
LA_E_1868327,treino_interno
LA_E_1868409,treino_interno
LA_E_1868711,early_stopping
LA_E_1868759,treino_interno
LA_E_1869203,treino_interno
LA_E_1869245,treino_interno
LA_E_1869761,treino_interno
LA_E_1870045,treino_interno
LA_E_1870101,treino_interno
LA_E_1871454,treino_interno
LA_E_1871487,treino_interno
LA_E_1871694,treino_interno
LA_E_1871780,treino_interno
LA_E_1871848,treino_interno
LA_E_1871969,treino_interno
LA_E_1872093,treino_interno
LA_E_1872547,treino_interno
LA_E_1872740,treino_interno
LA_E_1873553,treino_interno
LA_E_1873721,treino_interno
LA_E_1873942,treino_interno
LA_E_1874177,treino_interno
LA_E_1874451,treino_interno
LA_E_1875606,treino_interno
LA_E_1875768,treino_interno
LA_E_1875981,treino_interno
LA_E_1876455,treino_interno
LA_E_1876618,treino_interno
LA_E_1876619,treino_interno
LA_E_1877032,treino_interno
LA_E_1877452,treino_interno
LA_E_1877708,treino_interno
LA_E_1877850,treino_interno
LA_E_1878042,treino_interno
LA_E_1878690,treino_interno
LA_E_1878694,treino_interno
LA_E_1878836,treino_interno
LA_E_1878913,treino_interno
LA_E_1879195,treino_interno
LA_E_1879269,treino_interno
LA_E_1879779,early_stopping
LA_E_1880444,treino_interno
LA_E_1881579,treino_interno
LA_E_1881717,early_stopping
LA_E_1881745,early_stopping
LA_E_1882103,treino_interno
LA_E_1883440,treino_interno
LA_E_1883777,treino_interno
LA_E_1884178,treino_interno
LA_E_1884417,treino_interno
LA_E_1884536,treino_interno
LA_E_1884972,treino_interno
LA_E_1885471,treino_interno
LA_E_1885517,treino_interno
LA_E_1885576,treino_interno
LA_E_1886189,early_stopping
LA_E_1887297,treino_interno
LA_E_1887368,treino_interno
LA_E_1888010,treino_interno
LA_E_1888159,treino_interno
LA_E_1888249,treino_interno
LA_E_1888275,treino_interno
LA_E_1888550,treino_interno
LA_E_1888635,early_stopping
LA_E_1888668,treino_interno
LA_E_1889681,treino_interno
LA_E_1889851,treino_interno
LA_E_1890241,early_stopping
LA_E_1890412,treino_interno
LA_E_1892127,treino_interno
LA_E_1892557,treino_interno
LA_E_1892988,treino_interno
LA_E_1893051,early_stopping
LA_E_1893142,treino_interno
LA_E_1893901,treino_interno
LA_E_1893907,treino_interno
LA_E_1894261,treino_interno
LA_E_1894673,early_stopping
LA_E_1894695,treino_interno
LA_E_1894940,treino_interno
LA_E_1894997,treino_interno
LA_E_1895157,treino_interno
LA_E_1896172,early_stopping
LA_E_1896254,treino_interno
LA_E_1897875,treino_interno
LA_E_1897933,treino_interno
LA_E_1898057,treino_interno
LA_E_1898181,early_stopping
LA_E_1898191,early_stopping
LA_E_1898206,treino_interno
LA_E_1898225,treino_interno
LA_E_1898303,treino_interno
LA_E_1898640,treino_interno
LA_E_1898654,treino_interno
LA_E_1899309,treino_interno
LA_E_1899349,treino_interno
LA_E_1900236,treino_interno
LA_E_1900323,early_stopping
LA_E_1900406,treino_interno
LA_E_1900563,treino_interno
LA_E_1901365,treino_interno
LA_E_1901396,treino_interno
LA_E_1901750,treino_interno
LA_E_1901935,treino_interno
LA_E_1902348,treino_interno
LA_E_1903100,treino_interno
LA_E_1903489,treino_interno
LA_E_1903852,treino_interno
LA_E_1903919,early_stopping
LA_E_1904143,treino_interno
LA_E_1904524,treino_interno
LA_E_1904702,treino_interno
LA_E_1905325,treino_interno
LA_E_1905638,treino_interno
LA_E_1906394,treino_interno
LA_E_1906619,treino_interno
LA_E_1906697,treino_interno
LA_E_1906904,treino_interno
LA_E_1907188,early_stopping
LA_E_1907340,treino_interno
LA_E_1907682,treino_interno
LA_E_1907779,treino_interno
LA_E_1908765,treino_interno
LA_E_1908909,treino_interno
LA_E_1909211,treino_interno
LA_E_1909262,treino_interno
LA_E_1909379,treino_interno
LA_E_1909505,treino_interno
LA_E_1909780,treino_interno
LA_E_1909839,treino_interno
LA_E_1910205,treino_interno
LA_E_1910514,treino_interno
LA_E_1911132,treino_interno
LA_E_1911717,treino_interno
LA_E_1911748,treino_interno
LA_E_1912153,treino_interno
LA_E_1912318,treino_interno
LA_E_1912488,treino_interno
LA_E_1912539,treino_interno
LA_E_1912587,treino_interno
LA_E_1912591,treino_interno
LA_E_1912683,treino_interno
LA_E_1912823,treino_interno
LA_E_1913246,treino_interno
LA_E_1913316,treino_interno
LA_E_1913548,treino_interno
LA_E_1914154,treino_interno
LA_E_1914443,treino_interno
LA_E_1915031,treino_interno
LA_E_1915208,treino_interno
LA_E_1915216,treino_interno
LA_E_1915291,treino_interno
LA_E_1915441,treino_interno
LA_E_1915589,treino_interno
LA_E_1915631,treino_interno
LA_E_1915979,treino_interno
LA_E_1916234,treino_interno
LA_E_1916680,treino_interno
LA_E_1916811,treino_interno
LA_E_1916849,treino_interno
LA_E_1916995,treino_interno
LA_E_1917735,treino_interno
LA_E_1918263,treino_interno
LA_E_1918523,treino_interno
LA_E_1918994,treino_interno
LA_E_1919006,treino_interno
LA_E_1919092,treino_interno
LA_E_1919119,treino_interno
LA_E_1919448,treino_interno
LA_E_1919725,treino_interno
LA_E_1919781,treino_interno
LA_E_1920231,treino_interno
LA_E_1920259,treino_interno
LA_E_1920428,treino_interno
LA_E_1920721,treino_interno
LA_E_1920995,treino_interno
LA_E_1921463,early_stopping
LA_E_1921464,treino_interno
LA_E_1921619,treino_interno
LA_E_1922030,treino_interno
LA_E_1922503,treino_interno
LA_E_1922742,treino_interno
LA_E_1923155,treino_interno
LA_E_1923238,treino_interno
LA_E_1923882,treino_interno
LA_E_1925133,treino_interno
LA_E_1925149,treino_interno
LA_E_1925580,treino_interno
LA_E_1927310,treino_interno
LA_E_1927348,early_stopping
LA_E_1927416,early_stopping
LA_E_1927644,treino_interno
LA_E_1927668,treino_interno
LA_E_1927738,treino_interno
LA_E_1928037,treino_interno
LA_E_1928534,treino_interno
LA_E_1928601,early_stopping
LA_E_1928639,treino_interno
LA_E_1928675,early_stopping
LA_E_1929000,treino_interno
LA_E_1930144,treino_interno
LA_E_1930482,treino_interno
LA_E_1930528,treino_interno
LA_E_1931109,treino_interno
LA_E_1931613,treino_interno
LA_E_1931719,early_stopping
LA_E_1932091,treino_interno
LA_E_1932818,early_stopping
LA_E_1933459,treino_interno
LA_E_1933832,treino_interno
LA_E_1935024,treino_interno
LA_E_1935031,treino_interno
LA_E_1935088,treino_interno
LA_E_1935290,treino_interno
LA_E_1935376,treino_interno
LA_E_1935488,treino_interno
LA_E_1935561,early_stopping
LA_E_1935811,treino_interno
LA_E_1935957,treino_interno
LA_E_1936188,treino_interno
LA_E_1936218,treino_interno
LA_E_1936241,treino_interno
LA_E_1936384,treino_interno
LA_E_1936612,treino_interno
LA_E_1936613,treino_interno
LA_E_1936654,treino_interno
LA_E_1936757,treino_interno
LA_E_1937053,treino_interno
LA_E_1937163,treino_interno
LA_E_1937620,treino_interno
LA_E_1937930,treino_interno
LA_E_1938117,treino_interno
LA_E_1938517,treino_interno
LA_E_1939133,treino_interno
LA_E_1939675,treino_interno
LA_E_1940395,early_stopping
LA_E_1941417,treino_interno
LA_E_1941475,treino_interno
LA_E_1941564,treino_interno
LA_E_1941931,treino_interno
LA_E_1942256,treino_interno
LA_E_1942524,treino_interno
LA_E_1943329,treino_interno
LA_E_1943374,treino_interno
LA_E_1943781,treino_interno
LA_E_1943803,treino_interno
LA_E_1943878,early_stopping
LA_E_1944587,early_stopping
LA_E_1945686,treino_interno
LA_E_1945889,treino_interno
LA_E_1945995,treino_interno
LA_E_1946210,treino_interno
LA_E_1946456,treino_interno
LA_E_1946701,treino_interno
LA_E_1946735,treino_interno
LA_E_1946825,treino_interno
LA_E_1947171,treino_interno
LA_E_1947440,treino_interno
LA_E_1948254,treino_interno
LA_E_1948266,early_stopping
LA_E_1948280,early_stopping
LA_E_1948428,treino_interno
LA_E_1949221,treino_interno
LA_E_1949252,treino_interno
LA_E_1949455,treino_interno
LA_E_1949943,treino_interno
LA_E_1949975,treino_interno
LA_E_1950584,treino_interno
LA_E_1950611,treino_interno
LA_E_1950660,treino_interno
LA_E_1950796,treino_interno
LA_E_1951331,treino_interno
LA_E_1951439,treino_interno
LA_E_1951622,treino_interno
LA_E_1952140,treino_interno
LA_E_1952531,treino_interno
LA_E_1952550,treino_interno
LA_E_1952572,treino_interno
LA_E_1952594,early_stopping
LA_E_1953049,treino_interno
LA_E_1953256,treino_interno
LA_E_1953445,treino_interno
LA_E_1953472,treino_interno
LA_E_1954189,treino_interno
LA_E_1954436,treino_interno
LA_E_1954602,treino_interno
LA_E_1954835,treino_interno
LA_E_1954947,treino_interno
LA_E_1955710,treino_interno
LA_E_1955887,treino_interno
LA_E_1956119,treino_interno
LA_E_1956226,treino_interno
LA_E_1956290,treino_interno
LA_E_1956358,early_stopping
LA_E_1956373,treino_interno
LA_E_1956715,treino_interno
LA_E_1956773,treino_interno
LA_E_1956878,treino_interno
LA_E_1957268,treino_interno
LA_E_1959617,treino_interno
LA_E_1959658,treino_interno
LA_E_1960154,treino_interno
LA_E_1960161,treino_interno
LA_E_1960219,treino_interno
LA_E_1960373,treino_interno
LA_E_1961946,treino_interno
LA_E_1962013,treino_interno
LA_E_1962165,treino_interno
LA_E_1962200,treino_interno
LA_E_1962670,treino_interno
LA_E_1962913,treino_interno
LA_E_1963326,treino_interno
LA_E_1963442,treino_interno
LA_E_1963885,treino_interno
LA_E_1964309,treino_interno
LA_E_1964564,treino_interno
LA_E_1964689,treino_interno
LA_E_1964715,treino_interno
LA_E_1964837,treino_interno
LA_E_1965014,treino_interno
LA_E_1965078,treino_interno
LA_E_1965609,treino_interno
LA_E_1966560,treino_interno
LA_E_1967655,treino_interno
LA_E_1967695,treino_interno
LA_E_1968404,treino_interno
LA_E_1968439,treino_interno
LA_E_1968486,treino_interno
LA_E_1968604,treino_interno
LA_E_1968807,treino_interno
LA_E_1969137,treino_interno
LA_E_1970394,treino_interno
LA_E_1970520,treino_interno
LA_E_1970888,early_stopping
LA_E_1970912,treino_interno
LA_E_1971361,treino_interno
LA_E_1971995,treino_interno
LA_E_1972018,treino_interno
LA_E_1972803,treino_interno
LA_E_1973265,treino_interno
LA_E_1973508,treino_interno
LA_E_1973873,treino_interno
LA_E_1974426,treino_interno
LA_E_1974556,treino_interno
LA_E_1976053,treino_interno
LA_E_1976092,treino_interno
LA_E_1976777,treino_interno
LA_E_1977335,treino_interno
LA_E_1977455,treino_interno
LA_E_1977599,treino_interno
LA_E_1978411,treino_interno
LA_E_1978967,treino_interno
LA_E_1979358,treino_interno
LA_E_1979474,treino_interno
LA_E_1980519,treino_interno
LA_E_1981229,treino_interno
LA_E_1981630,treino_interno
LA_E_1981920,treino_interno
LA_E_1982215,treino_interno
LA_E_1982758,treino_interno
LA_E_1983138,early_stopping
LA_E_1983324,treino_interno
LA_E_1983645,treino_interno
LA_E_1984709,treino_interno
LA_E_1984832,early_stopping
LA_E_1985274,treino_interno
LA_E_1985425,treino_interno
LA_E_1986252,treino_interno
LA_E_1986385,treino_interno
LA_E_1986817,treino_interno
LA_E_1987153,treino_interno
LA_E_1987193,treino_interno
LA_E_1987270,treino_interno
LA_E_1988102,treino_interno
LA_E_1988164,treino_interno
LA_E_1988815,treino_interno
LA_E_1989025,treino_interno
LA_E_1989192,treino_interno
LA_E_1989371,treino_interno
LA_E_1990013,treino_interno
LA_E_1992012,treino_interno
LA_E_1992087,treino_interno
LA_E_1992638,early_stopping
LA_E_1992864,treino_interno
LA_E_1993374,treino_interno
LA_E_1993465,treino_interno
LA_E_1993538,treino_interno
LA_E_1994322,treino_interno
LA_E_1994461,treino_interno
LA_E_1994783,treino_interno
LA_E_1994975,treino_interno
LA_E_1995142,treino_interno
LA_E_1995611,treino_interno
LA_E_1995641,treino_interno
LA_E_1996349,treino_interno
LA_E_1996719,treino_interno
LA_E_1997111,treino_interno
LA_E_1997283,treino_interno
LA_E_1997639,treino_interno
LA_E_1997925,treino_interno
LA_E_1997972,treino_interno
LA_E_1998099,treino_interno
LA_E_1998450,treino_interno
LA_E_1998882,treino_interno
LA_E_1999065,treino_interno
LA_E_1999129,early_stopping
LA_E_1999738,treino_interno
LA_E_1999996,early_stopping
LA_E_2000465,treino_interno
LA_E_2000782,treino_interno
LA_E_2001047,treino_interno
LA_E_2001556,treino_interno
LA_E_2001673,treino_interno
LA_E_2003124,treino_interno
LA_E_2003133,treino_interno
LA_E_2003554,treino_interno
LA_E_2004301,treino_interno
LA_E_2005274,treino_interno
LA_E_2005590,early_stopping
LA_E_2005612,treino_interno
LA_E_2006386,treino_interno
LA_E_2006555,treino_interno
LA_E_2007004,treino_interno
LA_E_2007327,early_stopping
LA_E_2007380,treino_interno
LA_E_2007447,treino_interno
LA_E_2007873,treino_interno
LA_E_2008187,treino_interno
LA_E_2008381,treino_interno
LA_E_2009561,treino_interno
LA_E_2009976,treino_interno
LA_E_2010348,treino_interno
LA_E_2010592,treino_interno
LA_E_2010600,early_stopping
LA_E_2010620,treino_interno
LA_E_2012133,treino_interno
LA_E_2012947,treino_interno
LA_E_2012987,treino_interno
LA_E_2013196,treino_interno
LA_E_2013241,treino_interno
LA_E_2013666,treino_interno
LA_E_2013808,treino_interno
LA_E_2014498,early_stopping
LA_E_2014836,treino_interno
LA_E_2015257,treino_interno
LA_E_2015374,treino_interno
LA_E_2015707,treino_interno
LA_E_2015839,treino_interno
LA_E_2016113,treino_interno
LA_E_2016320,treino_interno
LA_E_2016606,treino_interno
LA_E_2016663,treino_interno
LA_E_2016801,treino_interno
LA_E_2017213,treino_interno
LA_E_2017218,treino_interno
LA_E_2017477,treino_interno
LA_E_2017603,treino_interno
LA_E_2018029,treino_interno
LA_E_2018338,early_stopping
LA_E_2018417,early_stopping
LA_E_2018496,treino_interno
LA_E_2018713,treino_interno
LA_E_2018881,treino_interno
LA_E_2019232,treino_interno
LA_E_2019839,treino_interno
LA_E_2020184,treino_interno
LA_E_2020483,treino_interno
LA_E_2021006,treino_interno
LA_E_2021421,early_stopping
LA_E_2021598,treino_interno
LA_E_2022029,treino_interno
LA_E_2022515,treino_interno
LA_E_2023049,treino_interno
LA_E_2023273,treino_interno
LA_E_2023405,treino_interno
LA_E_2023721,treino_interno
LA_E_2023777,treino_interno
LA_E_2024314,treino_interno
LA_E_2024663,treino_interno
LA_E_2024722,treino_interno
LA_E_2024876,treino_interno
LA_E_2025060,treino_interno
LA_E_2025419,treino_interno
LA_E_2027090,treino_interno
LA_E_2028074,treino_interno
LA_E_2028174,treino_interno
LA_E_2028223,treino_interno
LA_E_2028262,treino_interno
LA_E_2028609,treino_interno
LA_E_2028648,early_stopping
LA_E_2028825,treino_interno
LA_E_2028906,treino_interno
LA_E_2029441,treino_interno
LA_E_2030002,treino_interno
LA_E_2030364,treino_interno
LA_E_2031813,treino_interno
LA_E_2032261,treino_interno
LA_E_2032410,treino_interno
LA_E_2032724,treino_interno
LA_E_2033451,treino_interno
LA_E_2035070,treino_interno
LA_E_2035129,early_stopping
LA_E_2035280,treino_interno
LA_E_2035290,treino_interno
LA_E_2035498,treino_interno
LA_E_2035791,treino_interno
LA_E_2035986,treino_interno
LA_E_2036101,treino_interno
LA_E_2036675,treino_interno
LA_E_2036803,treino_interno
LA_E_2037878,treino_interno
LA_E_2038526,early_stopping
LA_E_2038565,treino_interno
LA_E_2039486,treino_interno
LA_E_2040765,treino_interno
LA_E_2041455,treino_interno
LA_E_2041738,treino_interno
LA_E_2042061,treino_interno
LA_E_2042244,treino_interno
LA_E_2042602,treino_interno
LA_E_2042700,treino_interno
LA_E_2043292,treino_interno
LA_E_2043491,treino_interno
LA_E_2043618,treino_interno
LA_E_2044207,treino_interno
LA_E_2044307,treino_interno
LA_E_2044893,treino_interno
LA_E_2044996,treino_interno
LA_E_2045309,treino_interno
LA_E_2045488,treino_interno
LA_E_2045753,treino_interno
LA_E_2045762,treino_interno
LA_E_2045882,treino_interno
LA_E_2046177,treino_interno
LA_E_2046809,treino_interno
LA_E_2046840,treino_interno
LA_E_2047169,treino_interno
LA_E_2047266,treino_interno
LA_E_2047595,treino_interno
LA_E_2047992,treino_interno
LA_E_2048838,treino_interno
LA_E_2048954,treino_interno
LA_E_2048990,treino_interno
LA_E_2049088,treino_interno
LA_E_2049353,treino_interno
LA_E_2049951,treino_interno
LA_E_2050526,treino_interno
LA_E_2050781,treino_interno
LA_E_2051569,treino_interno
LA_E_2051597,treino_interno
LA_E_2052199,treino_interno
LA_E_2052300,treino_interno
LA_E_2052360,early_stopping
LA_E_2053477,treino_interno
LA_E_2054522,treino_interno
LA_E_2054772,treino_interno
LA_E_2054784,treino_interno
LA_E_2054880,treino_interno
LA_E_2055314,treino_interno
LA_E_2055613,treino_interno
LA_E_2055717,treino_interno
LA_E_2056550,treino_interno
LA_E_2057857,treino_interno
LA_E_2057983,treino_interno
LA_E_2058315,treino_interno
LA_E_2058366,treino_interno
LA_E_2058518,treino_interno
LA_E_2058931,treino_interno
LA_E_2058962,treino_interno
LA_E_2059002,treino_interno
LA_E_2059083,treino_interno
LA_E_2059221,treino_interno
LA_E_2059859,treino_interno
LA_E_2059869,treino_interno
LA_E_2060398,treino_interno
LA_E_2063494,treino_interno
LA_E_2063887,treino_interno
LA_E_2064107,treino_interno
LA_E_2064232,treino_interno
LA_E_2064340,treino_interno
LA_E_2064664,treino_interno
LA_E_2064873,treino_interno
LA_E_2065678,treino_interno
LA_E_2065692,treino_interno
LA_E_2065780,treino_interno
LA_E_2067037,treino_interno
LA_E_2067794,early_stopping
LA_E_2068005,treino_interno
LA_E_2068010,treino_interno
LA_E_2068307,treino_interno
LA_E_2068862,treino_interno
LA_E_2068926,treino_interno
LA_E_2068947,treino_interno
LA_E_2069004,treino_interno
LA_E_2069038,treino_interno
LA_E_2069068,treino_interno
LA_E_2069962,treino_interno
LA_E_2070566,treino_interno
LA_E_2071197,treino_interno
LA_E_2072504,treino_interno
LA_E_2072644,treino_interno
LA_E_2072726,treino_interno
LA_E_2073258,treino_interno
LA_E_2073329,treino_interno
LA_E_2073376,treino_interno
LA_E_2073975,treino_interno
LA_E_2074076,early_stopping
LA_E_2074314,treino_interno
LA_E_2076881,treino_interno
LA_E_2076891,treino_interno
LA_E_2077047,treino_interno
LA_E_2077083,treino_interno
LA_E_2077654,treino_interno
LA_E_2077701,treino_interno
LA_E_2078594,treino_interno
LA_E_2079106,treino_interno
LA_E_2079441,treino_interno
LA_E_2079485,treino_interno
LA_E_2079722,treino_interno
LA_E_2080489,treino_interno
LA_E_2080807,treino_interno
LA_E_2082558,treino_interno
LA_E_2082741,treino_interno
LA_E_2082940,treino_interno
LA_E_2083184,treino_interno
LA_E_2083679,treino_interno
LA_E_2083839,treino_interno
LA_E_2084222,treino_interno
LA_E_2084684,treino_interno
LA_E_2084688,treino_interno
LA_E_2084920,treino_interno
LA_E_2085015,treino_interno
LA_E_2085657,treino_interno
LA_E_2085887,treino_interno
LA_E_2086308,treino_interno
LA_E_2086392,treino_interno
LA_E_2086440,treino_interno
LA_E_2087114,treino_interno
LA_E_2087353,treino_interno
LA_E_2087951,treino_interno
LA_E_2088202,treino_interno
LA_E_2088402,treino_interno
LA_E_2088493,treino_interno
LA_E_2088505,treino_interno
LA_E_2089757,treino_interno
LA_E_2090228,treino_interno
LA_E_2090910,treino_interno
LA_E_2091836,treino_interno
LA_E_2092715,treino_interno
LA_E_2094127,treino_interno
LA_E_2094411,treino_interno
LA_E_2095211,treino_interno
LA_E_2095214,treino_interno
LA_E_2095632,treino_interno
LA_E_2095952,treino_interno
LA_E_2095988,treino_interno
LA_E_2096021,treino_interno
LA_E_2096052,treino_interno
LA_E_2096273,treino_interno
LA_E_2096656,early_stopping
LA_E_2097568,treino_interno
LA_E_2098342,treino_interno
LA_E_2098750,treino_interno
LA_E_2098955,treino_interno
LA_E_2099413,treino_interno
LA_E_2099952,treino_interno
LA_E_2100432,treino_interno
LA_E_2100741,treino_interno
LA_E_2101111,treino_interno
LA_E_2101459,treino_interno
LA_E_2101915,treino_interno
LA_E_2102009,treino_interno
LA_E_2102073,treino_interno
LA_E_2102238,treino_interno
LA_E_2103379,treino_interno
LA_E_2103918,treino_interno
LA_E_2104004,treino_interno
LA_E_2104059,treino_interno
LA_E_2104313,early_stopping
LA_E_2105315,treino_interno
LA_E_2105496,treino_interno
LA_E_2105995,treino_interno
LA_E_2106526,treino_interno
LA_E_2106868,treino_interno
LA_E_2107613,treino_interno
LA_E_2108073,treino_interno
LA_E_2108291,treino_interno
LA_E_2108404,treino_interno
LA_E_2108448,treino_interno
LA_E_2108579,treino_interno
LA_E_2110074,treino_interno
LA_E_2110138,treino_interno
LA_E_2110218,treino_interno
LA_E_2110559,treino_interno
LA_E_2110680,early_stopping
LA_E_2111289,treino_interno
LA_E_2111530,treino_interno
LA_E_2112795,treino_interno
LA_E_2112887,treino_interno
LA_E_2113106,treino_interno
LA_E_2113413,treino_interno
LA_E_2113502,treino_interno
LA_E_2113827,treino_interno
LA_E_2114040,treino_interno
LA_E_2114142,treino_interno
LA_E_2114340,treino_interno
LA_E_2116660,treino_interno
LA_E_2116828,treino_interno
LA_E_2117035,treino_interno
LA_E_2118344,treino_interno
LA_E_2118433,treino_interno
LA_E_2118670,treino_interno
LA_E_2118986,treino_interno
LA_E_2119016,treino_interno
LA_E_2119342,treino_interno
LA_E_2119805,treino_interno
LA_E_2120067,treino_interno
LA_E_2120080,treino_interno
LA_E_2120970,treino_interno
LA_E_2121679,treino_interno
LA_E_2122142,treino_interno
LA_E_2122198,treino_interno
LA_E_2122473,treino_interno
LA_E_2123335,treino_interno
LA_E_2123890,treino_interno
LA_E_2123968,early_stopping
LA_E_2124006,treino_interno
LA_E_2124014,treino_interno
LA_E_2124368,treino_interno
LA_E_2125008,treino_interno
LA_E_2125251,treino_interno
LA_E_2125438,treino_interno
LA_E_2125952,treino_interno
LA_E_2127073,treino_interno
LA_E_2127411,treino_interno
LA_E_2128027,treino_interno
LA_E_2129214,treino_interno
LA_E_2129265,treino_interno
LA_E_2129385,treino_interno
LA_E_2129838,treino_interno
LA_E_2131327,early_stopping
LA_E_2131350,treino_interno
LA_E_2132209,treino_interno
LA_E_2132500,early_stopping
LA_E_2132753,early_stopping
LA_E_2133025,treino_interno
LA_E_2133069,treino_interno
LA_E_2133102,treino_interno
LA_E_2134106,treino_interno
LA_E_2134211,treino_interno
LA_E_2134377,treino_interno
LA_E_2134452,treino_interno
LA_E_2134517,treino_interno
LA_E_2134961,treino_interno
LA_E_2135064,treino_interno
LA_E_2135419,treino_interno
LA_E_2135502,treino_interno
LA_E_2136192,treino_interno
LA_E_2136244,treino_interno
LA_E_2136474,treino_interno
LA_E_2137209,treino_interno
LA_E_2137269,treino_interno
LA_E_2137321,treino_interno
LA_E_2138279,treino_interno
LA_E_2138288,treino_interno
LA_E_2139905,treino_interno
LA_E_2139908,treino_interno
LA_E_2140003,treino_interno
LA_E_2140270,early_stopping
LA_E_2140577,treino_interno
LA_E_2140623,treino_interno
LA_E_2140936,treino_interno
LA_E_2140946,treino_interno
LA_E_2141315,treino_interno
LA_E_2141921,treino_interno
LA_E_2142825,treino_interno
LA_E_2142934,treino_interno
LA_E_2143512,treino_interno
LA_E_2143517,treino_interno
LA_E_2143963,treino_interno
LA_E_2144988,treino_interno
LA_E_2145235,treino_interno
LA_E_2145247,treino_interno
LA_E_2145306,treino_interno
LA_E_2145327,treino_interno
LA_E_2145416,treino_interno
LA_E_2145694,treino_interno
LA_E_2145918,treino_interno
LA_E_2146080,treino_interno
LA_E_2146622,treino_interno
LA_E_2148132,treino_interno
LA_E_2148449,treino_interno
LA_E_2148585,treino_interno
LA_E_2148779,treino_interno
LA_E_2148908,treino_interno
LA_E_2149472,treino_interno
LA_E_2149726,early_stopping
LA_E_2149975,treino_interno
LA_E_2150379,treino_interno
LA_E_2150646,treino_interno
LA_E_2150996,treino_interno
LA_E_2151111,treino_interno
LA_E_2151215,treino_interno
LA_E_2151237,treino_interno
LA_E_2151339,treino_interno
LA_E_2151439,early_stopping
LA_E_2152515,treino_interno
LA_E_2152861,treino_interno
LA_E_2153280,treino_interno
LA_E_2153775,treino_interno
LA_E_2154214,early_stopping
LA_E_2154447,treino_interno
LA_E_2155111,treino_interno
LA_E_2155282,treino_interno
LA_E_2155613,treino_interno
LA_E_2156160,treino_interno
LA_E_2156328,treino_interno
LA_E_2156441,treino_interno
LA_E_2156639,treino_interno
LA_E_2157283,early_stopping
LA_E_2157698,treino_interno
LA_E_2157906,treino_interno
LA_E_2158430,early_stopping
LA_E_2158704,treino_interno
LA_E_2159392,treino_interno
LA_E_2159485,treino_interno
LA_E_2159806,treino_interno
LA_E_2159824,treino_interno
LA_E_2159839,treino_interno
LA_E_2160130,treino_interno
LA_E_2160278,treino_interno
LA_E_2161459,treino_interno
LA_E_2161808,treino_interno
LA_E_2162151,treino_interno
LA_E_2162632,treino_interno
LA_E_2162658,treino_interno
LA_E_2162905,treino_interno
LA_E_2163285,treino_interno
LA_E_2165243,treino_interno
LA_E_2165633,treino_interno
LA_E_2166011,early_stopping
LA_E_2166118,early_stopping
LA_E_2166289,treino_interno
LA_E_2166357,early_stopping
LA_E_2166393,treino_interno
LA_E_2166460,treino_interno
LA_E_2166981,treino_interno
LA_E_2167172,treino_interno
LA_E_2167177,treino_interno
LA_E_2167260,treino_interno
LA_E_2167433,treino_interno
LA_E_2167460,treino_interno
LA_E_2167677,treino_interno
LA_E_2167692,treino_interno
LA_E_2168116,treino_interno
LA_E_2168212,treino_interno
LA_E_2168266,treino_interno
LA_E_2168734,treino_interno
LA_E_2168822,treino_interno
LA_E_2169168,treino_interno
LA_E_2169440,treino_interno
LA_E_2170397,treino_interno
LA_E_2170477,treino_interno
LA_E_2170506,treino_interno
LA_E_2171057,treino_interno
LA_E_2171884,treino_interno
LA_E_2171901,treino_interno
LA_E_2172363,treino_interno
LA_E_2172406,treino_interno
LA_E_2172903,treino_interno
LA_E_2172967,treino_interno
LA_E_2173120,treino_interno
LA_E_2173165,treino_interno
LA_E_2173803,treino_interno
LA_E_2173939,early_stopping
LA_E_2174448,treino_interno
LA_E_2174599,treino_interno
LA_E_2174995,early_stopping
LA_E_2175094,treino_interno
LA_E_2175929,treino_interno
LA_E_2175930,treino_interno
LA_E_2176168,treino_interno
LA_E_2176225,treino_interno
LA_E_2176598,treino_interno
LA_E_2176740,treino_interno
LA_E_2177813,treino_interno
LA_E_2178368,treino_interno
LA_E_2178394,treino_interno
LA_E_2179511,treino_interno
LA_E_2180435,treino_interno
LA_E_2180713,treino_interno
LA_E_2181093,early_stopping
LA_E_2182282,treino_interno
LA_E_2182549,treino_interno
LA_E_2182663,treino_interno
LA_E_2183197,treino_interno
LA_E_2183269,treino_interno
LA_E_2183336,treino_interno
LA_E_2184188,treino_interno
LA_E_2184263,treino_interno
LA_E_2184515,early_stopping
LA_E_2184614,treino_interno
LA_E_2185158,treino_interno
LA_E_2185609,treino_interno
LA_E_2186214,treino_interno
LA_E_2186258,treino_interno
LA_E_2187174,treino_interno
LA_E_2187201,treino_interno
LA_E_2187230,treino_interno
LA_E_2187642,treino_interno
LA_E_2187770,treino_interno
LA_E_2187809,treino_interno
LA_E_2187868,treino_interno
LA_E_2188082,treino_interno
LA_E_2188372,treino_interno
LA_E_2188418,treino_interno
LA_E_2188423,treino_interno
LA_E_2189182,treino_interno
LA_E_2190289,treino_interno
LA_E_2190692,early_stopping
LA_E_2191054,treino_interno
LA_E_2191288,treino_interno
LA_E_2191457,treino_interno
LA_E_2191740,treino_interno
LA_E_2191982,treino_interno
LA_E_2192067,treino_interno
LA_E_2192086,treino_interno
LA_E_2192750,treino_interno
LA_E_2192979,treino_interno
LA_E_2193128,treino_interno
LA_E_2193965,treino_interno
LA_E_2194516,treino_interno
LA_E_2195313,treino_interno
LA_E_2196673,early_stopping
LA_E_2196793,treino_interno
LA_E_2196833,treino_interno
LA_E_2196918,treino_interno
LA_E_2197034,treino_interno
LA_E_2197525,treino_interno
LA_E_2197803,treino_interno
LA_E_2198260,treino_interno
LA_E_2198339,treino_interno
LA_E_2198702,treino_interno
LA_E_2198894,treino_interno
LA_E_2199107,treino_interno
LA_E_2199595,treino_interno
LA_E_2200662,treino_interno
LA_E_2201677,early_stopping
LA_E_2202047,treino_interno
LA_E_2202127,treino_interno
LA_E_2202578,treino_interno
LA_E_2202604,treino_interno
LA_E_2204533,treino_interno
LA_E_2207005,treino_interno
LA_E_2209404,treino_interno
LA_E_2209801,treino_interno
LA_E_2210060,treino_interno
LA_E_2210147,treino_interno
LA_E_2210492,treino_interno
LA_E_2210847,treino_interno
LA_E_2210953,treino_interno
LA_E_2212140,treino_interno
LA_E_2212986,treino_interno
LA_E_2213043,treino_interno
LA_E_2213223,treino_interno
LA_E_2213379,treino_interno
LA_E_2213610,treino_interno
LA_E_2213753,treino_interno
LA_E_2213903,treino_interno
LA_E_2214133,treino_interno
LA_E_2214242,treino_interno
LA_E_2214659,treino_interno
LA_E_2214676,treino_interno
LA_E_2215940,early_stopping
LA_E_2215942,treino_interno
LA_E_2216180,early_stopping
LA_E_2216816,treino_interno
LA_E_2216817,treino_interno
LA_E_2217194,treino_interno
LA_E_2217369,treino_interno
LA_E_2217490,treino_interno
LA_E_2218131,treino_interno
LA_E_2219059,early_stopping
LA_E_2219196,treino_interno
LA_E_2219605,treino_interno
LA_E_2219788,treino_interno
LA_E_2219914,treino_interno
LA_E_2219993,treino_interno
LA_E_2220136,treino_interno
LA_E_2220705,treino_interno
LA_E_2220751,treino_interno
LA_E_2221258,treino_interno
LA_E_2221272,early_stopping
LA_E_2222507,treino_interno
LA_E_2223082,treino_interno
LA_E_2223116,early_stopping
LA_E_2223137,treino_interno
LA_E_2223563,treino_interno
LA_E_2223573,treino_interno
LA_E_2224038,treino_interno
LA_E_2224372,treino_interno
LA_E_2224662,treino_interno
LA_E_2226604,treino_interno
LA_E_2226946,treino_interno
LA_E_2228357,treino_interno
LA_E_2228498,treino_interno
LA_E_2228577,treino_interno
LA_E_2228588,treino_interno
LA_E_2228951,treino_interno
LA_E_2229740,treino_interno
LA_E_2230148,treino_interno
LA_E_2230168,treino_interno
LA_E_2230263,treino_interno
LA_E_2230470,treino_interno
LA_E_2231690,treino_interno
LA_E_2231692,treino_interno
LA_E_2232250,treino_interno
LA_E_2232675,early_stopping
LA_E_2232880,treino_interno
LA_E_2233126,treino_interno
LA_E_2233511,treino_interno
LA_E_2233722,treino_interno
LA_E_2233906,treino_interno
LA_E_2233972,treino_interno
LA_E_2234271,treino_interno
LA_E_2234523,treino_interno
LA_E_2235019,treino_interno
LA_E_2235256,treino_interno
LA_E_2236594,treino_interno
LA_E_2236662,treino_interno
LA_E_2236906,treino_interno
LA_E_2237248,treino_interno
LA_E_2237717,treino_interno
LA_E_2238166,treino_interno
LA_E_2239167,treino_interno
LA_E_2239277,treino_interno
LA_E_2239488,treino_interno
LA_E_2239686,treino_interno
LA_E_2239692,treino_interno
LA_E_2240150,treino_interno
LA_E_2240236,treino_interno
LA_E_2241146,treino_interno
LA_E_2241747,treino_interno
LA_E_2242280,treino_interno
LA_E_2242815,treino_interno
LA_E_2243466,treino_interno
LA_E_2243567,early_stopping
LA_E_2243798,treino_interno
LA_E_2243914,treino_interno
LA_E_2243932,treino_interno
LA_E_2244109,treino_interno
LA_E_2244723,early_stopping
LA_E_2244731,early_stopping
LA_E_2244807,treino_interno
LA_E_2245898,treino_interno
LA_E_2246444,early_stopping
LA_E_2247772,treino_interno
LA_E_2248080,treino_interno
LA_E_2248438,treino_interno
LA_E_2248889,treino_interno
LA_E_2249403,treino_interno
LA_E_2250043,treino_interno
LA_E_2250465,treino_interno
LA_E_2250660,treino_interno
LA_E_2250916,treino_interno
LA_E_2251306,treino_interno
LA_E_2251766,treino_interno
LA_E_2251864,early_stopping
LA_E_2252128,treino_interno
LA_E_2252901,treino_interno
LA_E_2252906,treino_interno
LA_E_2253600,treino_interno
LA_E_2254287,treino_interno
LA_E_2254801,treino_interno
LA_E_2255174,treino_interno
LA_E_2256041,treino_interno
LA_E_2256593,treino_interno
LA_E_2257765,treino_interno
LA_E_2257865,treino_interno
LA_E_2258525,treino_interno
LA_E_2258589,treino_interno
LA_E_2258823,treino_interno
LA_E_2259488,treino_interno
LA_E_2260171,treino_interno
LA_E_2260185,treino_interno
LA_E_2260357,early_stopping
LA_E_2260786,treino_interno
LA_E_2261590,treino_interno
LA_E_2262189,treino_interno
LA_E_2262371,early_stopping
LA_E_2263601,treino_interno
LA_E_2263807,treino_interno
LA_E_2264389,treino_interno
LA_E_2266501,treino_interno
LA_E_2266649,treino_interno
LA_E_2266712,treino_interno
LA_E_2267462,treino_interno
LA_E_2268467,treino_interno
LA_E_2269116,treino_interno
LA_E_2269168,treino_interno
LA_E_2269195,treino_interno
LA_E_2269703,early_stopping
LA_E_2270001,treino_interno
LA_E_2270698,treino_interno
LA_E_2271595,treino_interno
LA_E_2271847,treino_interno
LA_E_2272111,early_stopping
LA_E_2273427,early_stopping
LA_E_2274220,treino_interno
LA_E_2275937,treino_interno
LA_E_2277498,treino_interno
LA_E_2278661,treino_interno
LA_E_2279116,treino_interno
LA_E_2279662,treino_interno
LA_E_2280351,treino_interno
LA_E_2280981,treino_interno
LA_E_2282146,treino_interno
LA_E_2282391,treino_interno
LA_E_2282591,treino_interno
LA_E_2282962,treino_interno
LA_E_2283208,treino_interno
LA_E_2283671,treino_interno
LA_E_2284342,treino_interno
LA_E_2284675,treino_interno
LA_E_2284857,treino_interno
LA_E_2285302,treino_interno
LA_E_2286151,treino_interno
LA_E_2286309,treino_interno
LA_E_2286849,treino_interno
LA_E_2287368,treino_interno
LA_E_2287623,early_stopping
LA_E_2287696,treino_interno
LA_E_2288480,treino_interno
LA_E_2288508,treino_interno
LA_E_2290556,early_stopping
LA_E_2291130,treino_interno
LA_E_2291551,treino_interno
LA_E_2291728,treino_interno
LA_E_2291987,treino_interno
LA_E_2292974,early_stopping
LA_E_2293182,treino_interno
LA_E_2294326,treino_interno
LA_E_2294456,treino_interno
LA_E_2294550,treino_interno
LA_E_2296109,treino_interno
LA_E_2296431,treino_interno
LA_E_2296467,treino_interno
LA_E_2296555,treino_interno
LA_E_2297216,treino_interno
LA_E_2297248,treino_interno
LA_E_2297418,early_stopping
LA_E_2300282,treino_interno
LA_E_2300690,treino_interno
LA_E_2301060,treino_interno
LA_E_2301289,treino_interno
LA_E_2301385,treino_interno
LA_E_2301873,treino_interno
LA_E_2302205,treino_interno
LA_E_2302318,treino_interno
LA_E_2302434,treino_interno
LA_E_2303233,treino_interno
LA_E_2303667,treino_interno
LA_E_2304352,treino_interno
LA_E_2304421,early_stopping
LA_E_2304699,treino_interno
LA_E_2304953,treino_interno
LA_E_2306986,treino_interno
LA_E_2307246,treino_interno
LA_E_2307261,treino_interno
LA_E_2307339,treino_interno
LA_E_2308193,treino_interno
LA_E_2308598,treino_interno
LA_E_2309030,early_stopping
LA_E_2309384,early_stopping
LA_E_2310056,treino_interno
LA_E_2311517,treino_interno
LA_E_2311578,treino_interno
LA_E_2313341,treino_interno
LA_E_2314198,treino_interno
LA_E_2314449,treino_interno
LA_E_2315217,treino_interno
LA_E_2315315,treino_interno
LA_E_2315408,treino_interno
LA_E_2315455,treino_interno
LA_E_2315568,treino_interno
LA_E_2315684,treino_interno
LA_E_2315837,treino_interno
LA_E_2316333,treino_interno
LA_E_2316791,treino_interno
LA_E_2316868,treino_interno
LA_E_2317699,treino_interno
LA_E_2318200,treino_interno
LA_E_2318250,treino_interno
LA_E_2318492,treino_interno
LA_E_2319159,early_stopping
LA_E_2319854,treino_interno
LA_E_2320228,treino_interno
LA_E_2320378,treino_interno
LA_E_2320591,treino_interno
LA_E_2321084,treino_interno
LA_E_2321153,treino_interno
LA_E_2321789,treino_interno
LA_E_2322233,treino_interno
LA_E_2322812,treino_interno
LA_E_2324115,treino_interno
LA_E_2324603,early_stopping
LA_E_2325568,treino_interno
LA_E_2325914,treino_interno
LA_E_2326365,treino_interno
LA_E_2327680,treino_interno
LA_E_2327796,treino_interno
LA_E_2328766,treino_interno
LA_E_2329565,treino_interno
LA_E_2330128,treino_interno
LA_E_2331006,treino_interno
LA_E_2332350,treino_interno
LA_E_2332399,treino_interno
LA_E_2333031,treino_interno
LA_E_2333034,treino_interno
LA_E_2333391,treino_interno
LA_E_2333539,treino_interno
LA_E_2333865,treino_interno
LA_E_2333966,treino_interno
LA_E_2334173,treino_interno
LA_E_2334367,treino_interno
LA_E_2334719,early_stopping
LA_E_2335635,treino_interno
LA_E_2335704,treino_interno
LA_E_2335850,treino_interno
LA_E_2336175,treino_interno
LA_E_2336272,treino_interno
LA_E_2336517,treino_interno
LA_E_2338027,treino_interno
LA_E_2338244,treino_interno
LA_E_2338913,treino_interno
LA_E_2338920,treino_interno
LA_E_2339246,treino_interno
LA_E_2339252,treino_interno
LA_E_2339372,treino_interno
LA_E_2339424,treino_interno
LA_E_2339781,treino_interno
LA_E_2340921,treino_interno
LA_E_2341366,treino_interno
LA_E_2341966,treino_interno
LA_E_2342291,treino_interno
LA_E_2342551,treino_interno
LA_E_2342554,treino_interno
LA_E_2342613,early_stopping
LA_E_2342962,treino_interno
LA_E_2343888,treino_interno
LA_E_2343952,treino_interno
LA_E_2344004,treino_interno
LA_E_2344905,early_stopping
LA_E_2345111,treino_interno
LA_E_2346006,treino_interno
LA_E_2346218,treino_interno
LA_E_2347575,treino_interno
LA_E_2348440,treino_interno
LA_E_2348468,treino_interno
LA_E_2348565,early_stopping
LA_E_2349271,treino_interno
LA_E_2349322,treino_interno
LA_E_2349474,treino_interno
LA_E_2349756,treino_interno
LA_E_2349793,early_stopping
LA_E_2349846,treino_interno
LA_E_2350055,treino_interno
LA_E_2350060,treino_interno
LA_E_2350385,treino_interno
LA_E_2350422,early_stopping
LA_E_2352731,treino_interno
LA_E_2353566,treino_interno
LA_E_2354856,treino_interno
LA_E_2354862,treino_interno
LA_E_2354963,treino_interno
LA_E_2355114,treino_interno
LA_E_2355119,treino_interno
LA_E_2355199,treino_interno
LA_E_2355609,treino_interno
LA_E_2355793,treino_interno
LA_E_2355842,treino_interno
LA_E_2355888,treino_interno
LA_E_2356629,treino_interno
LA_E_2356774,treino_interno
LA_E_2357057,early_stopping
LA_E_2357396,treino_interno
LA_E_2357545,treino_interno
LA_E_2358028,treino_interno
LA_E_2358344,treino_interno
LA_E_2359255,treino_interno
LA_E_2360463,early_stopping
LA_E_2361033,treino_interno
LA_E_2361243,treino_interno
LA_E_2361399,treino_interno
LA_E_2362056,treino_interno
LA_E_2362242,treino_interno
LA_E_2362711,early_stopping
LA_E_2362846,treino_interno
LA_E_2363434,treino_interno
LA_E_2363483,treino_interno
LA_E_2363772,treino_interno
LA_E_2364077,treino_interno
LA_E_2364449,treino_interno
LA_E_2364792,treino_interno
LA_E_2365565,treino_interno
LA_E_2366401,treino_interno
LA_E_2366563,treino_interno
LA_E_2367175,treino_interno
LA_E_2367217,early_stopping
LA_E_2367359,treino_interno
LA_E_2367596,treino_interno
LA_E_2368352,treino_interno
LA_E_2369324,treino_interno
LA_E_2370228,treino_interno
LA_E_2371257,treino_interno
LA_E_2371305,treino_interno
LA_E_2372165,treino_interno
LA_E_2372555,treino_interno
LA_E_2373165,treino_interno
LA_E_2373202,treino_interno
LA_E_2373597,treino_interno
LA_E_2373607,treino_interno
LA_E_2373612,treino_interno
LA_E_2373993,treino_interno
LA_E_2374169,treino_interno
LA_E_2374333,treino_interno
LA_E_2374518,treino_interno
LA_E_2374573,treino_interno
LA_E_2375042,treino_interno
LA_E_2375332,treino_interno
LA_E_2376174,treino_interno
LA_E_2376364,treino_interno
LA_E_2376495,treino_interno
LA_E_2376544,treino_interno
LA_E_2377112,early_stopping
LA_E_2377186,treino_interno
LA_E_2377435,treino_interno
LA_E_2377487,early_stopping
LA_E_2377635,treino_interno
LA_E_2378701,treino_interno
LA_E_2378862,treino_interno
LA_E_2378984,early_stopping
LA_E_2379879,treino_interno
LA_E_2380134,early_stopping
LA_E_2380465,treino_interno
LA_E_2381227,treino_interno
LA_E_2381850,early_stopping
LA_E_2383249,treino_interno
LA_E_2383340,early_stopping
LA_E_2383828,early_stopping
LA_E_2385046,treino_interno
LA_E_2385262,treino_interno
LA_E_2385371,treino_interno
LA_E_2385667,treino_interno
LA_E_2386989,treino_interno
LA_E_2387063,treino_interno
LA_E_2387762,treino_interno
LA_E_2387820,treino_interno
LA_E_2388153,treino_interno
LA_E_2389193,treino_interno
LA_E_2390067,treino_interno
LA_E_2390102,treino_interno
LA_E_2390497,treino_interno
LA_E_2390587,treino_interno
LA_E_2390642,treino_interno
LA_E_2392132,treino_interno
LA_E_2392303,treino_interno
LA_E_2393099,treino_interno
LA_E_2394165,treino_interno
LA_E_2394173,treino_interno
LA_E_2394188,treino_interno
LA_E_2394659,treino_interno
LA_E_2395122,treino_interno
LA_E_2395129,treino_interno
LA_E_2395820,treino_interno
LA_E_2396265,treino_interno
LA_E_2396536,treino_interno
LA_E_2396543,treino_interno
LA_E_2396631,treino_interno
LA_E_2396765,treino_interno
LA_E_2396816,treino_interno
LA_E_2397156,early_stopping
LA_E_2397654,treino_interno
LA_E_2397972,treino_interno
LA_E_2398397,treino_interno
LA_E_2398455,treino_interno
LA_E_2398483,treino_interno
LA_E_2399198,treino_interno
LA_E_2399413,treino_interno
LA_E_2400130,treino_interno
LA_E_2400232,treino_interno
LA_E_2400443,treino_interno
LA_E_2400467,treino_interno
LA_E_2400570,early_stopping
LA_E_2401258,treino_interno
LA_E_2401857,treino_interno
LA_E_2402279,treino_interno
LA_E_2402833,treino_interno
LA_E_2403341,treino_interno
LA_E_2404002,treino_interno
LA_E_2404378,treino_interno
LA_E_2404688,treino_interno
LA_E_2404951,treino_interno
LA_E_2405060,early_stopping
LA_E_2405351,treino_interno
LA_E_2405787,treino_interno
LA_E_2406693,treino_interno
LA_E_2408915,treino_interno
LA_E_2409610,treino_interno
LA_E_2411073,early_stopping
LA_E_2411081,early_stopping
LA_E_2411623,treino_interno
LA_E_2413322,treino_interno
LA_E_2413341,treino_interno
LA_E_2413540,treino_interno
LA_E_2414259,treino_interno
LA_E_2415029,treino_interno
LA_E_2416251,treino_interno
LA_E_2416353,treino_interno
LA_E_2416481,treino_interno
LA_E_2416491,early_stopping
LA_E_2416636,treino_interno
LA_E_2417382,treino_interno
LA_E_2417976,treino_interno
LA_E_2418069,treino_interno
LA_E_2418387,treino_interno
LA_E_2418659,treino_interno
LA_E_2418813,treino_interno
LA_E_2419317,treino_interno
LA_E_2420130,treino_interno
LA_E_2420131,treino_interno
LA_E_2421728,early_stopping
LA_E_2422374,treino_interno
LA_E_2423489,treino_interno
LA_E_2423743,treino_interno
LA_E_2423818,treino_interno
LA_E_2424275,treino_interno
LA_E_2424450,early_stopping
LA_E_2426824,treino_interno
LA_E_2427096,treino_interno
LA_E_2427396,treino_interno
LA_E_2427572,treino_interno
LA_E_2427840,treino_interno
LA_E_2427993,treino_interno
LA_E_2428252,treino_interno
LA_E_2428361,early_stopping
LA_E_2428894,treino_interno
LA_E_2429150,treino_interno
LA_E_2429440,treino_interno
LA_E_2429531,treino_interno
LA_E_2430387,treino_interno
LA_E_2430711,treino_interno
LA_E_2431332,treino_interno
LA_E_2431429,treino_interno
LA_E_2431481,treino_interno
LA_E_2432500,treino_interno
LA_E_2432676,treino_interno
LA_E_2433008,early_stopping
LA_E_2433983,treino_interno
LA_E_2434842,treino_interno
LA_E_2435052,treino_interno
LA_E_2435276,treino_interno
LA_E_2435329,treino_interno
LA_E_2435361,treino_interno
LA_E_2436223,treino_interno
LA_E_2436462,treino_interno
LA_E_2436474,treino_interno
LA_E_2436662,treino_interno
LA_E_2438210,treino_interno
LA_E_2438300,treino_interno
LA_E_2438312,treino_interno
LA_E_2438622,treino_interno
LA_E_2438699,treino_interno
LA_E_2439037,treino_interno
LA_E_2439976,treino_interno
LA_E_2440115,treino_interno
LA_E_2440140,treino_interno
LA_E_2441027,early_stopping
LA_E_2442937,treino_interno
LA_E_2443629,treino_interno
LA_E_2443846,treino_interno
LA_E_2444229,treino_interno
LA_E_2444426,treino_interno
LA_E_2444769,treino_interno
LA_E_2445723,early_stopping
LA_E_2446005,treino_interno
LA_E_2446605,treino_interno
LA_E_2447063,treino_interno
LA_E_2447072,treino_interno
LA_E_2447430,treino_interno
LA_E_2447564,treino_interno
LA_E_2447732,treino_interno
LA_E_2448104,treino_interno
LA_E_2449804,early_stopping
LA_E_2450216,treino_interno
LA_E_2450902,treino_interno
LA_E_2451131,treino_interno
LA_E_2451215,treino_interno
LA_E_2451274,treino_interno
LA_E_2451400,treino_interno
LA_E_2451464,treino_interno
LA_E_2452266,treino_interno
LA_E_2452405,treino_interno
LA_E_2452413,treino_interno
LA_E_2452426,treino_interno
LA_E_2452894,early_stopping
LA_E_2453415,treino_interno
LA_E_2453416,treino_interno
LA_E_2454319,treino_interno
LA_E_2454826,treino_interno
LA_E_2455338,treino_interno
LA_E_2455921,treino_interno
LA_E_2456118,treino_interno
LA_E_2456254,treino_interno
LA_E_2456270,treino_interno
LA_E_2456347,treino_interno
LA_E_2457244,treino_interno
LA_E_2457443,treino_interno
LA_E_2458561,treino_interno
LA_E_2459028,treino_interno
LA_E_2459273,treino_interno
LA_E_2459318,treino_interno
LA_E_2461027,early_stopping
LA_E_2461139,treino_interno
LA_E_2461437,treino_interno
LA_E_2462347,early_stopping
LA_E_2462581,early_stopping
LA_E_2462942,treino_interno
LA_E_2463654,treino_interno
LA_E_2464140,treino_interno
LA_E_2464326,treino_interno
LA_E_2465368,treino_interno
LA_E_2465495,treino_interno
LA_E_2466116,treino_interno
LA_E_2466118,treino_interno
LA_E_2466767,treino_interno
LA_E_2467040,treino_interno
LA_E_2467048,treino_interno
LA_E_2467145,treino_interno
LA_E_2467972,treino_interno
LA_E_2468230,treino_interno
LA_E_2469093,treino_interno
LA_E_2469313,treino_interno
LA_E_2469552,treino_interno
LA_E_2469935,treino_interno
LA_E_2470684,treino_interno
LA_E_2470804,treino_interno
LA_E_2471139,treino_interno
LA_E_2471151,treino_interno
LA_E_2471967,treino_interno
LA_E_2471988,early_stopping
LA_E_2472067,treino_interno
LA_E_2472747,treino_interno
LA_E_2473109,treino_interno
LA_E_2473217,treino_interno
LA_E_2473707,treino_interno
LA_E_2474552,treino_interno
LA_E_2474671,treino_interno
LA_E_2475791,treino_interno
LA_E_2476539,early_stopping
LA_E_2476696,early_stopping
LA_E_2476764,treino_interno
LA_E_2477402,treino_interno
LA_E_2477519,treino_interno
LA_E_2478301,treino_interno
LA_E_2478840,treino_interno
LA_E_2478889,treino_interno
LA_E_2479232,treino_interno
LA_E_2479421,treino_interno
LA_E_2480106,treino_interno
LA_E_2480326,treino_interno
LA_E_2480567,treino_interno
LA_E_2480814,treino_interno
LA_E_2480827,treino_interno
LA_E_2481182,treino_interno
LA_E_2482046,early_stopping
LA_E_2482128,early_stopping
LA_E_2482477,treino_interno
LA_E_2482635,early_stopping
LA_E_2482903,treino_interno
LA_E_2482921,treino_interno
LA_E_2483144,treino_interno
LA_E_2483740,treino_interno
LA_E_2485262,treino_interno
LA_E_2486609,early_stopping
LA_E_2486836,treino_interno
LA_E_2487171,treino_interno
LA_E_2487190,treino_interno
LA_E_2487767,early_stopping
LA_E_2487884,treino_interno
LA_E_2488654,treino_interno
LA_E_2489204,treino_interno
LA_E_2490357,early_stopping
LA_E_2490992,early_stopping
LA_E_2491149,treino_interno
LA_E_2491443,treino_interno
LA_E_2491678,treino_interno
LA_E_2491847,treino_interno
LA_E_2492120,treino_interno
LA_E_2492799,early_stopping
LA_E_2492966,treino_interno
LA_E_2493010,treino_interno
LA_E_2493784,early_stopping
LA_E_2494466,early_stopping
LA_E_2495955,treino_interno
LA_E_2495972,treino_interno
LA_E_2496085,treino_interno
LA_E_2496181,treino_interno
LA_E_2497201,early_stopping
LA_E_2497261,treino_interno
LA_E_2497572,treino_interno
LA_E_2498056,treino_interno
LA_E_2498855,treino_interno
LA_E_2499004,treino_interno
LA_E_2499655,treino_interno
LA_E_2499801,treino_interno
LA_E_2500552,treino_interno
LA_E_2501364,treino_interno
LA_E_2501459,treino_interno
LA_E_2501950,treino_interno
LA_E_2502244,treino_interno
LA_E_2502336,treino_interno
LA_E_2502536,treino_interno
LA_E_2503427,treino_interno
LA_E_2503431,treino_interno
LA_E_2503435,treino_interno
LA_E_2503594,treino_interno
LA_E_2504226,treino_interno
LA_E_2504245,treino_interno
LA_E_2504943,treino_interno
LA_E_2504967,treino_interno
LA_E_2505382,treino_interno
LA_E_2506727,treino_interno
LA_E_2507028,treino_interno
LA_E_2507666,treino_interno
LA_E_2509110,treino_interno
LA_E_2509370,early_stopping
LA_E_2509829,early_stopping
LA_E_2510356,treino_interno
LA_E_2510376,treino_interno
LA_E_2510637,treino_interno
LA_E_2510686,early_stopping
LA_E_2511009,treino_interno
LA_E_2511119,treino_interno
LA_E_2512921,treino_interno
LA_E_2513452,treino_interno
LA_E_2513458,treino_interno
LA_E_2513554,treino_interno
LA_E_2513722,treino_interno
LA_E_2514032,treino_interno
LA_E_2514562,treino_interno
LA_E_2514868,treino_interno
LA_E_2515315,treino_interno
LA_E_2516684,treino_interno
LA_E_2516918,early_stopping
LA_E_2517112,treino_interno
LA_E_2517989,treino_interno
LA_E_2518148,treino_interno
LA_E_2518426,treino_interno
LA_E_2519481,treino_interno
LA_E_2520126,treino_interno
LA_E_2520303,treino_interno
LA_E_2520495,treino_interno
LA_E_2521021,treino_interno
LA_E_2521171,treino_interno
LA_E_2521235,treino_interno
LA_E_2521529,treino_interno
LA_E_2522101,treino_interno
LA_E_2522758,treino_interno
LA_E_2523388,treino_interno
LA_E_2524537,early_stopping
LA_E_2525129,treino_interno
LA_E_2525315,treino_interno
LA_E_2525566,early_stopping
LA_E_2525811,treino_interno
LA_E_2526412,treino_interno
LA_E_2526808,treino_interno
LA_E_2527908,treino_interno
LA_E_2528904,treino_interno
LA_E_2529017,treino_interno
LA_E_2529213,treino_interno
LA_E_2529752,early_stopping
LA_E_2529957,treino_interno
LA_E_2530001,treino_interno
LA_E_2530530,early_stopping
LA_E_2530918,treino_interno
LA_E_2531014,treino_interno
LA_E_2532022,treino_interno
LA_E_2532526,treino_interno
LA_E_2532669,early_stopping
LA_E_2532689,early_stopping
LA_E_2532773,treino_interno
LA_E_2532792,treino_interno
LA_E_2534039,treino_interno
LA_E_2534470,treino_interno
LA_E_2535375,treino_interno
LA_E_2535503,treino_interno
LA_E_2535985,treino_interno
LA_E_2536252,treino_interno
LA_E_2536650,treino_interno
LA_E_2537107,treino_interno
LA_E_2537657,treino_interno
LA_E_2538089,treino_interno
LA_E_2538190,treino_interno
LA_E_2538671,treino_interno
LA_E_2539073,treino_interno
LA_E_2539103,treino_interno
LA_E_2539267,treino_interno
LA_E_2540332,treino_interno
LA_E_2540651,early_stopping
LA_E_2540739,early_stopping
LA_E_2541582,treino_interno
LA_E_2541733,treino_interno
LA_E_2542075,treino_interno
LA_E_2542205,treino_interno
LA_E_2542893,treino_interno
LA_E_2543071,treino_interno
LA_E_2543334,treino_interno
LA_E_2543561,early_stopping
LA_E_2543567,early_stopping
LA_E_2543659,treino_interno
LA_E_2543733,early_stopping
LA_E_2543754,treino_interno
LA_E_2543959,treino_interno
LA_E_2544146,treino_interno
LA_E_2544152,treino_interno
LA_E_2545670,treino_interno
LA_E_2545819,treino_interno
LA_E_2546024,early_stopping
LA_E_2546055,treino_interno
LA_E_2546218,treino_interno
LA_E_2546224,early_stopping
LA_E_2548568,treino_interno
LA_E_2548576,treino_interno
LA_E_2548727,treino_interno
LA_E_2549883,treino_interno
LA_E_2549959,treino_interno
LA_E_2550067,treino_interno
LA_E_2550221,early_stopping
LA_E_2550315,early_stopping
LA_E_2550350,treino_interno
LA_E_2552246,early_stopping
LA_E_2552964,treino_interno
LA_E_2553033,treino_interno
LA_E_2553429,treino_interno
LA_E_2553703,treino_interno
LA_E_2554240,treino_interno
LA_E_2554512,treino_interno
LA_E_2554598,early_stopping
LA_E_2555533,treino_interno
LA_E_2556769,treino_interno
LA_E_2558016,treino_interno
LA_E_2558864,early_stopping
LA_E_2559046,treino_interno
LA_E_2559135,early_stopping
LA_E_2559934,treino_interno
LA_E_2560390,treino_interno
LA_E_2560398,treino_interno
LA_E_2560761,treino_interno
LA_E_2561326,treino_interno
LA_E_2561428,treino_interno
LA_E_2561703,treino_interno
LA_E_2562345,early_stopping
LA_E_2562615,early_stopping
LA_E_2562719,treino_interno
LA_E_2562816,treino_interno
LA_E_2563172,treino_interno
LA_E_2563931,treino_interno
LA_E_2564211,treino_interno
LA_E_2565241,treino_interno
LA_E_2565559,treino_interno
LA_E_2565903,treino_interno
LA_E_2566166,treino_interno
LA_E_2566901,treino_interno
LA_E_2567379,treino_interno
LA_E_2567462,treino_interno
LA_E_2567545,treino_interno
LA_E_2567791,treino_interno
LA_E_2568023,treino_interno
LA_E_2568397,treino_interno
LA_E_2568856,treino_interno
LA_E_2568894,treino_interno
LA_E_2569192,treino_interno
LA_E_2570942,treino_interno
LA_E_2571424,treino_interno
LA_E_2571717,treino_interno
LA_E_2572672,early_stopping
LA_E_2573059,treino_interno
LA_E_2574084,treino_interno
LA_E_2574227,treino_interno
LA_E_2574991,treino_interno
LA_E_2575257,treino_interno
LA_E_2575303,treino_interno
LA_E_2575505,early_stopping
LA_E_2576125,treino_interno
LA_E_2576276,treino_interno
LA_E_2576326,early_stopping
LA_E_2576615,treino_interno
LA_E_2576812,treino_interno
LA_E_2577629,treino_interno
LA_E_2577848,treino_interno
LA_E_2578067,treino_interno
LA_E_2578412,treino_interno
LA_E_2578525,early_stopping
LA_E_2579127,treino_interno
LA_E_2581354,treino_interno
LA_E_2581438,treino_interno
LA_E_2582321,treino_interno
LA_E_2582552,early_stopping
LA_E_2582576,treino_interno
LA_E_2582586,treino_interno
LA_E_2583009,early_stopping
LA_E_2583533,treino_interno
LA_E_2583570,early_stopping
LA_E_2583824,early_stopping
LA_E_2583943,treino_interno
LA_E_2584216,treino_interno
LA_E_2584356,treino_interno
LA_E_2585537,treino_interno
LA_E_2585751,treino_interno
LA_E_2585990,early_stopping
LA_E_2586228,treino_interno
LA_E_2586263,treino_interno
LA_E_2586790,treino_interno
LA_E_2587521,treino_interno
LA_E_2587540,treino_interno
LA_E_2588092,treino_interno
LA_E_2588161,treino_interno
LA_E_2588318,treino_interno
LA_E_2589859,treino_interno
LA_E_2589872,treino_interno
LA_E_2590156,treino_interno
LA_E_2593191,treino_interno
LA_E_2593342,early_stopping
LA_E_2593696,treino_interno
LA_E_2593971,treino_interno
LA_E_2594013,treino_interno
LA_E_2595574,treino_interno
LA_E_2596015,treino_interno
LA_E_2596105,treino_interno
LA_E_2596134,treino_interno
LA_E_2596351,early_stopping
LA_E_2596497,treino_interno
LA_E_2596545,early_stopping
LA_E_2596723,treino_interno
LA_E_2596780,treino_interno
LA_E_2597352,early_stopping
LA_E_2597437,early_stopping
LA_E_2598224,treino_interno
LA_E_2599007,treino_interno
LA_E_2599008,early_stopping
LA_E_2599197,treino_interno
LA_E_2599375,early_stopping
LA_E_2599746,treino_interno
LA_E_2600893,treino_interno
LA_E_2601545,treino_interno
LA_E_2601783,early_stopping
LA_E_2602478,treino_interno
LA_E_2602563,treino_interno
LA_E_2603096,treino_interno
LA_E_2603129,treino_interno
LA_E_2603292,early_stopping
LA_E_2603347,treino_interno
LA_E_2604212,treino_interno
LA_E_2604336,early_stopping
LA_E_2604447,early_stopping
LA_E_2604755,treino_interno
LA_E_2605555,treino_interno
LA_E_2605601,treino_interno
LA_E_2605655,treino_interno
LA_E_2605799,treino_interno
LA_E_2605859,early_stopping
LA_E_2605958,treino_interno
LA_E_2605995,treino_interno
LA_E_2606133,treino_interno
LA_E_2606558,treino_interno
LA_E_2606803,treino_interno
LA_E_2607740,treino_interno
LA_E_2607857,treino_interno
LA_E_2608371,early_stopping
LA_E_2608858,treino_interno
LA_E_2609625,treino_interno
LA_E_2610034,treino_interno
LA_E_2610253,treino_interno
LA_E_2610676,treino_interno
LA_E_2611158,early_stopping
LA_E_2612238,treino_interno
LA_E_2612403,treino_interno
LA_E_2612662,treino_interno
LA_E_2612961,treino_interno
LA_E_2613040,treino_interno
LA_E_2613045,treino_interno
LA_E_2613118,treino_interno
LA_E_2613219,treino_interno
LA_E_2613352,treino_interno
LA_E_2614086,treino_interno
LA_E_2614656,treino_interno
LA_E_2614722,early_stopping
LA_E_2615293,early_stopping
LA_E_2615317,treino_interno
LA_E_2616076,treino_interno
LA_E_2616807,treino_interno
LA_E_2616913,early_stopping
LA_E_2617120,early_stopping
LA_E_2617504,treino_interno
LA_E_2617956,treino_interno
LA_E_2619555,treino_interno
LA_E_2619930,treino_interno
LA_E_2620586,treino_interno
LA_E_2621311,treino_interno
LA_E_2621407,treino_interno
LA_E_2621841,early_stopping
LA_E_2623281,early_stopping
LA_E_2623862,treino_interno
LA_E_2624220,treino_interno
LA_E_2624384,treino_interno
LA_E_2624993,treino_interno
LA_E_2625056,treino_interno
LA_E_2625482,treino_interno
LA_E_2625816,treino_interno
LA_E_2625932,treino_interno
LA_E_2626246,treino_interno
LA_E_2627582,treino_interno
LA_E_2629324,treino_interno
LA_E_2629798,treino_interno
LA_E_2629824,treino_interno
LA_E_2629888,treino_interno
LA_E_2629923,treino_interno
LA_E_2630189,early_stopping
LA_E_2630266,treino_interno
LA_E_2630280,treino_interno
LA_E_2630338,treino_interno
LA_E_2632347,early_stopping
LA_E_2632897,treino_interno
LA_E_2633748,treino_interno
LA_E_2633935,treino_interno
LA_E_2634322,treino_interno
LA_E_2634798,treino_interno
LA_E_2635728,early_stopping
LA_E_2636034,treino_interno
LA_E_2636293,treino_interno
LA_E_2637164,treino_interno
LA_E_2637488,treino_interno
LA_E_2639824,treino_interno
LA_E_2640061,treino_interno
LA_E_2641080,early_stopping
LA_E_2641952,treino_interno
LA_E_2642193,treino_interno
LA_E_2642550,treino_interno
LA_E_2642648,treino_interno
LA_E_2642728,treino_interno
LA_E_2642831,treino_interno
LA_E_2643546,treino_interno
LA_E_2644238,treino_interno
LA_E_2645000,treino_interno
LA_E_2645605,early_stopping
LA_E_2645876,early_stopping
LA_E_2645895,early_stopping
LA_E_2646229,treino_interno
LA_E_2646416,treino_interno
LA_E_2647386,treino_interno
LA_E_2647757,treino_interno
LA_E_2647884,treino_interno
LA_E_2648252,treino_interno
LA_E_2648442,treino_interno
LA_E_2649194,early_stopping
LA_E_2649434,early_stopping
LA_E_2649756,treino_interno
LA_E_2649834,treino_interno
LA_E_2651018,treino_interno
LA_E_2651294,treino_interno
LA_E_2651732,early_stopping
LA_E_2651764,treino_interno
LA_E_2651877,early_stopping
LA_E_2651942,treino_interno
LA_E_2651986,treino_interno
LA_E_2652090,treino_interno
LA_E_2652426,treino_interno
LA_E_2653370,treino_interno
LA_E_2654506,treino_interno
LA_E_2655085,treino_interno
LA_E_2655188,treino_interno
LA_E_2655433,early_stopping
LA_E_2655521,treino_interno
LA_E_2655689,treino_interno
LA_E_2655830,treino_interno
LA_E_2656072,treino_interno
LA_E_2656203,treino_interno
LA_E_2657444,treino_interno
LA_E_2657516,treino_interno
LA_E_2658711,treino_interno
LA_E_2658886,early_stopping
LA_E_2658913,treino_interno
LA_E_2658982,treino_interno
LA_E_2659412,treino_interno
LA_E_2659879,treino_interno
LA_E_2660754,treino_interno
LA_E_2660762,early_stopping
LA_E_2661685,treino_interno
LA_E_2662530,treino_interno
LA_E_2662712,treino_interno
LA_E_2662980,early_stopping
LA_E_2663271,treino_interno
LA_E_2663570,early_stopping
LA_E_2663867,treino_interno
LA_E_2664002,treino_interno
LA_E_2664104,treino_interno
LA_E_2664270,early_stopping
LA_E_2664389,early_stopping
LA_E_2664391,early_stopping
LA_E_2664883,treino_interno
LA_E_2665112,treino_interno
LA_E_2665190,treino_interno
LA_E_2665206,treino_interno
LA_E_2665305,treino_interno
LA_E_2665421,treino_interno
LA_E_2665523,treino_interno
LA_E_2666335,treino_interno
LA_E_2666960,treino_interno
LA_E_2668145,treino_interno
LA_E_2669327,treino_interno
LA_E_2669760,early_stopping
LA_E_2669803,treino_interno
LA_E_2670103,treino_interno
LA_E_2670155,treino_interno
LA_E_2670337,early_stopping
LA_E_2671534,treino_interno
LA_E_2671830,treino_interno
LA_E_2671897,treino_interno
LA_E_2673707,early_stopping
LA_E_2673804,treino_interno
LA_E_2674310,treino_interno
LA_E_2674472,early_stopping
LA_E_2674569,early_stopping
LA_E_2674572,treino_interno
LA_E_2674610,treino_interno
LA_E_2675698,treino_interno
LA_E_2676998,treino_interno
LA_E_2677220,treino_interno
LA_E_2678295,treino_interno
LA_E_2678962,treino_interno
LA_E_2679010,treino_interno
LA_E_2679580,early_stopping
LA_E_2679639,treino_interno
LA_E_2680296,treino_interno
LA_E_2680938,treino_interno
LA_E_2681563,treino_interno
LA_E_2682065,treino_interno
LA_E_2683165,early_stopping
LA_E_2684022,treino_interno
LA_E_2684046,treino_interno
LA_E_2684392,treino_interno
LA_E_2684504,treino_interno
LA_E_2684814,early_stopping
LA_E_2685229,treino_interno
LA_E_2685726,treino_interno
LA_E_2686242,treino_interno
LA_E_2686481,treino_interno
LA_E_2687132,treino_interno
LA_E_2687157,treino_interno
LA_E_2687190,treino_interno
LA_E_2687349,treino_interno
LA_E_2688334,treino_interno
LA_E_2688931,treino_interno
LA_E_2689388,treino_interno
LA_E_2689412,treino_interno
LA_E_2689739,treino_interno
LA_E_2691091,treino_interno
LA_E_2691385,treino_interno
LA_E_2691478,treino_interno
LA_E_2691765,treino_interno
LA_E_2691865,treino_interno
LA_E_2692222,treino_interno
LA_E_2693447,treino_interno
LA_E_2694420,treino_interno
LA_E_2694922,treino_interno
LA_E_2695054,treino_interno
LA_E_2695502,treino_interno
LA_E_2695785,early_stopping
LA_E_2695861,early_stopping
LA_E_2696340,treino_interno
LA_E_2696786,treino_interno
LA_E_2697299,treino_interno
LA_E_2697962,treino_interno
LA_E_2698406,treino_interno
LA_E_2698756,treino_interno
LA_E_2699528,treino_interno
LA_E_2699943,early_stopping
LA_E_2700279,early_stopping
LA_E_2700737,treino_interno
LA_E_2701080,treino_interno
LA_E_2701229,treino_interno
LA_E_2702085,treino_interno
LA_E_2703026,treino_interno
LA_E_2703127,treino_interno
LA_E_2703640,treino_interno
LA_E_2703852,treino_interno
LA_E_2704052,treino_interno
LA_E_2704131,treino_interno
LA_E_2704620,treino_interno
LA_E_2704769,treino_interno
LA_E_2705017,treino_interno
LA_E_2705322,early_stopping
LA_E_2705561,treino_interno
LA_E_2705564,treino_interno
LA_E_2705988,treino_interno
LA_E_2706267,treino_interno
LA_E_2706385,treino_interno
LA_E_2706633,treino_interno
LA_E_2706639,treino_interno
LA_E_2707069,treino_interno
LA_E_2707148,treino_interno
LA_E_2707189,treino_interno
LA_E_2708006,treino_interno
LA_E_2708117,treino_interno
LA_E_2708531,treino_interno
LA_E_2708658,treino_interno
LA_E_2708796,treino_interno
LA_E_2708863,early_stopping
LA_E_2709609,treino_interno
LA_E_2709761,early_stopping
LA_E_2710397,treino_interno
LA_E_2710633,early_stopping
LA_E_2710996,early_stopping
LA_E_2711101,treino_interno
LA_E_2711979,early_stopping
LA_E_2712235,treino_interno
LA_E_2712449,treino_interno
LA_E_2712490,treino_interno
LA_E_2712938,treino_interno
LA_E_2712995,treino_interno
LA_E_2714306,early_stopping
LA_E_2714458,treino_interno
LA_E_2714789,treino_interno
LA_E_2714928,early_stopping
LA_E_2715067,treino_interno
LA_E_2716349,treino_interno
LA_E_2716689,treino_interno
LA_E_2716980,treino_interno
LA_E_2717723,treino_interno
LA_E_2717862,treino_interno
LA_E_2717964,treino_interno
LA_E_2718556,treino_interno
LA_E_2718873,treino_interno
LA_E_2719628,treino_interno
LA_E_2720250,treino_interno
LA_E_2720433,early_stopping
LA_E_2720466,treino_interno
LA_E_2720999,treino_interno
LA_E_2721233,treino_interno
LA_E_2721711,treino_interno
LA_E_2721730,treino_interno
LA_E_2723079,treino_interno
LA_E_2723710,treino_interno
LA_E_2723917,treino_interno
LA_E_2724044,treino_interno
LA_E_2725664,treino_interno
LA_E_2725712,treino_interno
LA_E_2725788,treino_interno
LA_E_2726158,treino_interno
LA_E_2726529,early_stopping
LA_E_2726625,treino_interno
LA_E_2727170,treino_interno
LA_E_2727874,treino_interno
LA_E_2728140,treino_interno
LA_E_2730878,treino_interno
LA_E_2731044,treino_interno
LA_E_2731334,treino_interno
LA_E_2731434,treino_interno
LA_E_2732237,treino_interno
LA_E_2732362,treino_interno
LA_E_2732542,treino_interno
LA_E_2732613,early_stopping
LA_E_2732665,treino_interno
LA_E_2732904,treino_interno
LA_E_2732906,treino_interno
LA_E_2733060,treino_interno
LA_E_2733185,treino_interno
LA_E_2734313,early_stopping
LA_E_2734706,treino_interno
LA_E_2734811,treino_interno
LA_E_2735512,treino_interno
LA_E_2735527,early_stopping
LA_E_2735582,treino_interno
LA_E_2735586,treino_interno
LA_E_2735909,treino_interno
LA_E_2735930,treino_interno
LA_E_2735960,treino_interno
LA_E_2736040,treino_interno
LA_E_2736096,treino_interno
LA_E_2736312,treino_interno
LA_E_2736477,treino_interno
LA_E_2736550,treino_interno
LA_E_2736685,treino_interno
LA_E_2737098,treino_interno
LA_E_2737165,treino_interno
LA_E_2737568,treino_interno
LA_E_2739598,treino_interno
LA_E_2739799,treino_interno
LA_E_2740072,treino_interno
LA_E_2740708,treino_interno
LA_E_2740881,treino_interno
LA_E_2741210,treino_interno
LA_E_2741256,treino_interno
LA_E_2741320,treino_interno
LA_E_2741442,treino_interno
LA_E_2741598,treino_interno
LA_E_2741646,early_stopping
LA_E_2741756,early_stopping
LA_E_2742286,treino_interno
LA_E_2742304,treino_interno
LA_E_2742509,treino_interno
LA_E_2742562,treino_interno
LA_E_2742911,treino_interno
LA_E_2742960,treino_interno
LA_E_2742978,treino_interno
LA_E_2742991,treino_interno
LA_E_2743015,treino_interno
LA_E_2743379,treino_interno
LA_E_2743622,treino_interno
LA_E_2744511,treino_interno
LA_E_2745787,early_stopping
LA_E_2745935,treino_interno
LA_E_2746392,treino_interno
LA_E_2746436,treino_interno
LA_E_2746851,treino_interno
LA_E_2747330,treino_interno
LA_E_2747490,early_stopping
LA_E_2747594,treino_interno
LA_E_2747678,early_stopping
LA_E_2747800,treino_interno
LA_E_2747950,treino_interno
LA_E_2748103,treino_interno
LA_E_2748901,treino_interno
LA_E_2749303,early_stopping
LA_E_2749407,treino_interno
LA_E_2749412,treino_interno
LA_E_2749496,treino_interno
LA_E_2749653,treino_interno
LA_E_2749890,treino_interno
LA_E_2750403,treino_interno
LA_E_2750405,treino_interno
LA_E_2750436,treino_interno
LA_E_2751125,treino_interno
LA_E_2751139,treino_interno
LA_E_2751519,treino_interno
LA_E_2752009,treino_interno
LA_E_2752429,treino_interno
LA_E_2752552,treino_interno
LA_E_2752594,treino_interno
LA_E_2752621,treino_interno
LA_E_2752761,treino_interno
LA_E_2753251,treino_interno
LA_E_2753815,early_stopping
LA_E_2754450,treino_interno
LA_E_2754657,treino_interno
LA_E_2755115,treino_interno
LA_E_2755123,treino_interno
LA_E_2755165,treino_interno
LA_E_2755197,treino_interno
LA_E_2755443,treino_interno
LA_E_2755754,treino_interno
LA_E_2755934,treino_interno
LA_E_2756353,treino_interno
LA_E_2757038,treino_interno
LA_E_2757230,early_stopping
LA_E_2758168,treino_interno
LA_E_2758177,treino_interno
LA_E_2758899,treino_interno
LA_E_2759831,treino_interno
LA_E_2759857,treino_interno
LA_E_2760180,treino_interno
LA_E_2760723,early_stopping
LA_E_2760975,treino_interno
LA_E_2761157,treino_interno
LA_E_2761601,early_stopping
LA_E_2761872,treino_interno
LA_E_2762296,treino_interno
LA_E_2762612,treino_interno
LA_E_2763665,treino_interno
LA_E_2765016,treino_interno
LA_E_2765193,treino_interno
LA_E_2765994,treino_interno
LA_E_2766184,treino_interno
LA_E_2767214,treino_interno
LA_E_2768583,treino_interno
LA_E_2769782,treino_interno
LA_E_2769989,treino_interno
LA_E_2770359,treino_interno
LA_E_2770522,treino_interno
LA_E_2771058,treino_interno
LA_E_2771125,early_stopping
LA_E_2771530,early_stopping
LA_E_2771813,treino_interno
LA_E_2771978,treino_interno
LA_E_2772177,treino_interno
LA_E_2772938,treino_interno
LA_E_2773443,treino_interno
LA_E_2773785,treino_interno
LA_E_2774045,early_stopping
LA_E_2774073,treino_interno
LA_E_2774859,treino_interno
LA_E_2775091,early_stopping
LA_E_2775464,treino_interno
LA_E_2775494,treino_interno
LA_E_2775602,treino_interno
LA_E_2776523,treino_interno
LA_E_2776574,treino_interno
LA_E_2776594,treino_interno
LA_E_2776687,treino_interno
LA_E_2776784,early_stopping
LA_E_2777153,treino_interno
LA_E_2777219,treino_interno
LA_E_2777653,treino_interno
LA_E_2777654,treino_interno
LA_E_2777821,treino_interno
LA_E_2777939,early_stopping
LA_E_2778509,treino_interno
LA_E_2779474,early_stopping
LA_E_2779571,treino_interno
LA_E_2779827,treino_interno
LA_E_2780618,treino_interno
LA_E_2781866,treino_interno
LA_E_2782260,treino_interno
LA_E_2782622,early_stopping
LA_E_2782659,treino_interno
LA_E_2782878,treino_interno
LA_E_2782933,treino_interno
LA_E_2783558,treino_interno
LA_E_2783563,treino_interno
LA_E_2783732,treino_interno
LA_E_2783940,treino_interno
LA_E_2783954,early_stopping
LA_E_2784116,treino_interno
LA_E_2784608,treino_interno
LA_E_2784948,treino_interno
LA_E_2785196,treino_interno
LA_E_2785487,treino_interno
LA_E_2786309,treino_interno
LA_E_2787175,treino_interno
LA_E_2788436,treino_interno
LA_E_2788464,treino_interno
LA_E_2788842,treino_interno
LA_E_2789031,treino_interno
LA_E_2789233,treino_interno
LA_E_2789459,treino_interno
LA_E_2789574,treino_interno
LA_E_2789768,treino_interno
LA_E_2790319,treino_interno
LA_E_2791491,early_stopping
LA_E_2791509,treino_interno
LA_E_2792051,early_stopping
LA_E_2792125,treino_interno
LA_E_2792155,treino_interno
LA_E_2792242,treino_interno
LA_E_2792287,treino_interno
LA_E_2792586,treino_interno
LA_E_2792601,treino_interno
LA_E_2792631,treino_interno
LA_E_2792877,treino_interno
LA_E_2793917,treino_interno
LA_E_2794177,treino_interno
LA_E_2794510,treino_interno
LA_E_2794613,treino_interno
LA_E_2794748,treino_interno
LA_E_2795024,treino_interno
LA_E_2795640,treino_interno
LA_E_2795688,treino_interno
LA_E_2795716,treino_interno
LA_E_2796696,treino_interno
LA_E_2796730,treino_interno
LA_E_2797121,treino_interno
LA_E_2797326,treino_interno
LA_E_2797712,treino_interno
LA_E_2797970,treino_interno
LA_E_2798265,treino_interno
LA_E_2798324,treino_interno
LA_E_2798840,treino_interno
LA_E_2798883,treino_interno
LA_E_2799207,treino_interno
LA_E_2799910,treino_interno
LA_E_2800282,treino_interno
LA_E_2800437,treino_interno
LA_E_2800716,treino_interno
LA_E_2801049,treino_interno
LA_E_2801163,treino_interno
LA_E_2801678,treino_interno
LA_E_2801902,treino_interno
LA_E_2802269,treino_interno
LA_E_2802319,treino_interno
LA_E_2802524,treino_interno
LA_E_2802697,treino_interno
LA_E_2803386,treino_interno
LA_E_2803583,treino_interno
LA_E_2803844,treino_interno
LA_E_2803896,treino_interno
LA_E_2804144,treino_interno
LA_E_2804442,treino_interno
LA_E_2804483,treino_interno
LA_E_2805590,treino_interno
LA_E_2805646,treino_interno
LA_E_2805786,treino_interno
LA_E_2806400,treino_interno
LA_E_2806967,early_stopping
LA_E_2807378,treino_interno
LA_E_2807916,treino_interno
LA_E_2808474,early_stopping
LA_E_2808842,treino_interno
LA_E_2809480,treino_interno
LA_E_2809847,treino_interno
LA_E_2810013,treino_interno
LA_E_2810056,treino_interno
LA_E_2810706,treino_interno
LA_E_2810843,treino_interno
LA_E_2810853,treino_interno
LA_E_2811123,early_stopping
LA_E_2811290,early_stopping
LA_E_2811444,treino_interno
LA_E_2811821,treino_interno
LA_E_2812071,treino_interno
LA_E_2812987,treino_interno
LA_E_2813477,treino_interno
LA_E_2814046,treino_interno
LA_E_2814182,treino_interno
LA_E_2814206,treino_interno
LA_E_2814328,treino_interno
LA_E_2814420,treino_interno
LA_E_2814809,treino_interno
LA_E_2814832,treino_interno
LA_E_2814957,treino_interno
LA_E_2815365,treino_interno
LA_E_2815770,treino_interno
LA_E_2816144,treino_interno
LA_E_2816431,treino_interno
LA_E_2816473,treino_interno
LA_E_2816516,treino_interno
LA_E_2816587,early_stopping
LA_E_2816882,treino_interno
LA_E_2816906,treino_interno
LA_E_2817510,treino_interno
LA_E_2818465,treino_interno
LA_E_2818854,treino_interno
LA_E_2819041,treino_interno
LA_E_2819401,early_stopping
LA_E_2819740,treino_interno
LA_E_2819914,treino_interno
LA_E_2820169,treino_interno
LA_E_2820349,treino_interno
LA_E_2820691,treino_interno
LA_E_2820884,treino_interno
LA_E_2821824,treino_interno
LA_E_2821916,treino_interno
LA_E_2822225,treino_interno
LA_E_2822414,treino_interno
LA_E_2822665,treino_interno
LA_E_2822867,treino_interno
LA_E_2823128,treino_interno
LA_E_2823343,treino_interno
LA_E_2823609,treino_interno
LA_E_2824227,treino_interno
LA_E_2824292,treino_interno
LA_E_2825395,early_stopping
LA_E_2825772,early_stopping
LA_E_2826043,early_stopping
LA_E_2826366,treino_interno
LA_E_2826426,treino_interno
LA_E_2826485,treino_interno
LA_E_2826495,treino_interno
LA_E_2827730,treino_interno
LA_E_2827976,treino_interno
LA_E_2828535,treino_interno
LA_E_2828736,treino_interno
LA_E_2829081,treino_interno
LA_E_2829467,treino_interno
LA_E_2829567,treino_interno
LA_E_2829851,early_stopping
LA_E_2830280,treino_interno
LA_E_2830613,treino_interno
LA_E_2831870,treino_interno
LA_E_2832067,treino_interno
LA_E_2832449,treino_interno
LA_E_2832514,treino_interno
LA_E_2832762,treino_interno
LA_E_2834052,treino_interno
LA_E_2834125,treino_interno
LA_E_2834429,treino_interno
LA_E_2834759,treino_interno
LA_E_2835432,treino_interno
LA_E_2835457,treino_interno
LA_E_2835559,treino_interno
LA_E_2835823,treino_interno
LA_E_2835911,treino_interno
LA_E_2835951,treino_interno
LA_E_2836448,treino_interno
LA_E_2836770,treino_interno
LA_E_2836877,treino_interno
LA_E_2837152,treino_interno
LA_E_2837421,treino_interno
LA_E_2837564,treino_interno
LA_E_2837682,treino_interno
LA_E_2838526,treino_interno
LA_E_2838861,treino_interno
LA_E_2839471,treino_interno
LA_E_2839591,treino_interno
LA_E_2839750,treino_interno
LA_E_2839779,treino_interno
LA_E_2839948,treino_interno
LA_E_2840131,treino_interno
LA_E_2841022,treino_interno
LA_E_2841463,treino_interno
LA_E_2841668,treino_interno
LA_E_2841777,treino_interno
LA_E_2842088,treino_interno
LA_E_2842422,treino_interno
LA_E_2842875,treino_interno
LA_E_2843449,early_stopping
LA_E_2843498,treino_interno
LA_E_2843868,treino_interno
LA_E_2843993,treino_interno
LA_E_2844483,treino_interno
LA_E_2845372,treino_interno
LA_E_2846922,treino_interno
LA_E_2846944,treino_interno
LA_E_2847497,treino_interno
LA_E_2848156,treino_interno
LA_E_2848387,treino_interno
LA_E_2849082,treino_interno
LA_E_2849274,treino_interno
LA_E_2849279,treino_interno
LA_E_2849415,treino_interno
LA_E_2849430,treino_interno
LA_E_2849711,treino_interno
LA_E_2849739,treino_interno
LA_E_2849858,treino_interno
LA_E_2850652,treino_interno
LA_E_2850675,treino_interno
LA_E_2850748,treino_interno
LA_E_2851264,treino_interno
LA_E_2851363,treino_interno
LA_E_2851937,treino_interno
LA_E_2852010,treino_interno
LA_E_2852203,treino_interno
LA_E_2852230,treino_interno
LA_E_2852726,treino_interno
LA_E_2852843,early_stopping
LA_E_2853091,treino_interno
LA_E_2853241,treino_interno
LA_E_2853580,treino_interno
LA_E_2853715,treino_interno
LA_E_2854486,treino_interno
LA_E_2854563,treino_interno
LA_E_2854729,treino_interno
LA_E_2854955,early_stopping
LA_E_2855492,treino_interno
LA_E_2855951,treino_interno
LA_E_2856032,treino_interno
LA_E_2856154,treino_interno
LA_E_2856182,early_stopping
LA_E_2856235,treino_interno
LA_E_2857355,treino_interno
LA_E_2857487,treino_interno
LA_E_2857682,treino_interno
LA_E_2858197,treino_interno
LA_E_2858470,treino_interno
LA_E_2858986,treino_interno
LA_E_2859137,treino_interno
LA_E_2859663,treino_interno
LA_E_2860262,treino_interno
LA_E_2860448,treino_interno
LA_E_2860689,treino_interno
LA_E_2861288,treino_interno
LA_E_2861289,early_stopping
LA_E_2861808,treino_interno
LA_E_2861854,treino_interno
LA_E_2861985,treino_interno
LA_E_2862110,treino_interno
LA_E_2862675,treino_interno
LA_E_2863244,treino_interno
LA_E_2863624,treino_interno
LA_E_2863752,treino_interno
LA_E_2863787,treino_interno
LA_E_2864207,early_stopping
LA_E_2864281,treino_interno
LA_E_2864436,treino_interno
LA_E_2864705,treino_interno
LA_E_2864737,treino_interno
LA_E_2864866,treino_interno
LA_E_2865292,treino_interno
LA_E_2865369,treino_interno
LA_E_2865410,treino_interno
LA_E_2865724,treino_interno
LA_E_2865864,early_stopping
LA_E_2865867,treino_interno
LA_E_2866191,treino_interno
LA_E_2866349,treino_interno
LA_E_2867108,treino_interno
LA_E_2867174,early_stopping
LA_E_2867302,treino_interno
LA_E_2867317,treino_interno
LA_E_2867448,treino_interno
LA_E_2867528,treino_interno
LA_E_2867791,early_stopping
LA_E_2867883,early_stopping
LA_E_2868177,treino_interno
LA_E_2868490,treino_interno
LA_E_2869271,early_stopping
LA_E_2869325,treino_interno
LA_E_2869712,treino_interno
LA_E_2869729,treino_interno
LA_E_2870616,treino_interno
LA_E_2870672,early_stopping
LA_E_2871388,treino_interno
LA_E_2871834,treino_interno
LA_E_2871877,treino_interno
LA_E_2872079,treino_interno
LA_E_2872444,treino_interno
LA_E_2872693,treino_interno
LA_E_2873466,treino_interno
LA_E_2874303,treino_interno
LA_E_2874638,treino_interno
LA_E_2874806,treino_interno
LA_E_2875697,treino_interno
LA_E_2875890,treino_interno
LA_E_2876315,treino_interno
LA_E_2876734,treino_interno
LA_E_2877050,treino_interno
LA_E_2877315,treino_interno
LA_E_2877677,treino_interno
LA_E_2877851,treino_interno
LA_E_2877928,treino_interno
LA_E_2878568,treino_interno
LA_E_2878582,treino_interno
LA_E_2878688,treino_interno
LA_E_2878729,treino_interno
LA_E_2879028,treino_interno
LA_E_2879356,treino_interno
LA_E_2879470,treino_interno
LA_E_2879572,treino_interno
LA_E_2879660,early_stopping
LA_E_2879890,treino_interno
LA_E_2880360,treino_interno
LA_E_2880508,treino_interno
LA_E_2880766,treino_interno
LA_E_2881624,treino_interno
LA_E_2882740,treino_interno
LA_E_2882752,treino_interno
LA_E_2883126,treino_interno
LA_E_2883180,treino_interno
LA_E_2883301,treino_interno
LA_E_2883746,treino_interno
LA_E_2883891,treino_interno
LA_E_2884046,early_stopping
LA_E_2884890,treino_interno
LA_E_2885401,treino_interno
LA_E_2885414,treino_interno
LA_E_2885628,treino_interno
LA_E_2885740,treino_interno
LA_E_2886154,treino_interno
LA_E_2886897,treino_interno
LA_E_2886928,treino_interno
LA_E_2887030,treino_interno
LA_E_2887348,treino_interno
LA_E_2887637,early_stopping
LA_E_2887750,treino_interno
LA_E_2887820,treino_interno
LA_E_2887921,treino_interno
LA_E_2888556,treino_interno
LA_E_2889002,treino_interno
LA_E_2889026,treino_interno
LA_E_2889048,treino_interno
LA_E_2890048,treino_interno
LA_E_2890263,treino_interno
LA_E_2890797,treino_interno
LA_E_2891035,treino_interno
LA_E_2891353,early_stopping
LA_E_2892155,treino_interno
LA_E_2893031,early_stopping
LA_E_2893076,treino_interno
LA_E_2893684,treino_interno
LA_E_2894012,treino_interno
LA_E_2894121,treino_interno
LA_E_2894125,treino_interno
LA_E_2895187,treino_interno
LA_E_2895246,treino_interno
LA_E_2895252,treino_interno
LA_E_2895344,treino_interno
LA_E_2895543,treino_interno
LA_E_2895563,treino_interno
LA_E_2895624,treino_interno
LA_E_2896300,treino_interno
LA_E_2896331,treino_interno
LA_E_2896537,treino_interno
LA_E_2896901,treino_interno
LA_E_2896973,treino_interno
LA_E_2897447,early_stopping
LA_E_2898348,treino_interno
LA_E_2898676,treino_interno
LA_E_2898705,treino_interno
LA_E_2898773,treino_interno
LA_E_2899027,treino_interno
LA_E_2899268,treino_interno
LA_E_2899638,treino_interno
LA_E_2899796,treino_interno
LA_E_2900057,treino_interno
LA_E_2900629,treino_interno
LA_E_2900973,treino_interno
LA_E_2901210,treino_interno
LA_E_2902149,treino_interno
LA_E_2902189,treino_interno
LA_E_2902270,treino_interno
LA_E_2902390,treino_interno
LA_E_2902409,treino_interno
LA_E_2902436,treino_interno
LA_E_2902458,treino_interno
LA_E_2902474,treino_interno
LA_E_2902630,treino_interno
LA_E_2902697,treino_interno
LA_E_2902953,treino_interno
LA_E_2903207,early_stopping
LA_E_2903434,treino_interno
LA_E_2903755,treino_interno
LA_E_2903805,treino_interno
LA_E_2903959,treino_interno
LA_E_2903960,early_stopping
LA_E_2903968,treino_interno
LA_E_2904062,treino_interno
LA_E_2904351,treino_interno
LA_E_2904523,treino_interno
LA_E_2904597,treino_interno
LA_E_2904912,treino_interno
LA_E_2905050,treino_interno
LA_E_2905381,treino_interno
LA_E_2905621,treino_interno
LA_E_2905683,treino_interno
LA_E_2906001,treino_interno
LA_E_2906600,treino_interno
LA_E_2906676,treino_interno
LA_E_2906690,treino_interno
LA_E_2906973,treino_interno
LA_E_2907741,treino_interno
LA_E_2908339,treino_interno
LA_E_2908692,early_stopping
LA_E_2908758,treino_interno
LA_E_2909453,treino_interno
LA_E_2909603,treino_interno
LA_E_2910352,treino_interno
LA_E_2910725,treino_interno
LA_E_2910770,treino_interno
LA_E_2911061,treino_interno
LA_E_2911152,treino_interno
LA_E_2911443,treino_interno
LA_E_2912049,treino_interno
LA_E_2912198,treino_interno
LA_E_2912530,treino_interno
LA_E_2913064,treino_interno
LA_E_2913343,treino_interno
LA_E_2913807,treino_interno
LA_E_2914354,treino_interno
LA_E_2915047,treino_interno
LA_E_2915104,treino_interno
LA_E_2915479,treino_interno
LA_E_2915522,treino_interno
LA_E_2915606,treino_interno
LA_E_2916219,treino_interno
LA_E_2916248,treino_interno
LA_E_2916598,treino_interno
LA_E_2916998,treino_interno
LA_E_2917284,treino_interno
LA_E_2917400,treino_interno
LA_E_2917559,treino_interno
LA_E_2917682,treino_interno
LA_E_2918546,treino_interno
LA_E_2918637,treino_interno
LA_E_2918951,treino_interno
LA_E_2919554,treino_interno
LA_E_2919980,treino_interno
LA_E_2920161,treino_interno
LA_E_2920435,treino_interno
LA_E_2920661,treino_interno
LA_E_2920771,treino_interno
LA_E_2920851,treino_interno
LA_E_2920901,treino_interno
LA_E_2920914,treino_interno
LA_E_2921108,treino_interno
LA_E_2921219,treino_interno
LA_E_2921390,treino_interno
LA_E_2921873,treino_interno
LA_E_2921900,treino_interno
LA_E_2922250,treino_interno
LA_E_2922704,treino_interno
LA_E_2922799,treino_interno
LA_E_2923048,treino_interno
LA_E_2923246,treino_interno
LA_E_2923291,treino_interno
LA_E_2923623,early_stopping
LA_E_2923901,treino_interno
LA_E_2924014,treino_interno
LA_E_2924048,treino_interno
LA_E_2924382,treino_interno
LA_E_2924589,treino_interno
LA_E_2924649,treino_interno
LA_E_2925423,treino_interno
LA_E_2925563,treino_interno
LA_E_2925740,treino_interno
LA_E_2925809,treino_interno
LA_E_2925823,treino_interno
LA_E_2926200,treino_interno
LA_E_2926637,treino_interno
LA_E_2926654,treino_interno
LA_E_2926681,treino_interno
LA_E_2926945,treino_interno
LA_E_2926982,treino_interno
LA_E_2926988,treino_interno
LA_E_2927627,treino_interno
LA_E_2927685,treino_interno
LA_E_2928296,treino_interno
LA_E_2928326,treino_interno
LA_E_2928729,treino_interno
LA_E_2929426,treino_interno
LA_E_2929902,treino_interno
LA_E_2930350,treino_interno
LA_E_2930539,treino_interno
LA_E_2930624,treino_interno
LA_E_2931264,treino_interno
LA_E_2931365,treino_interno
LA_E_2931600,treino_interno
LA_E_2931768,treino_interno
LA_E_2931798,treino_interno
LA_E_2931990,treino_interno
LA_E_2932040,treino_interno
LA_E_2932438,treino_interno
LA_E_2932483,treino_interno
LA_E_2932497,treino_interno
LA_E_2932919,treino_interno
LA_E_2933418,treino_interno
LA_E_2933519,treino_interno
LA_E_2933766,treino_interno
LA_E_2935203,treino_interno
LA_E_2935217,treino_interno
LA_E_2935569,treino_interno
LA_E_2935580,treino_interno
LA_E_2936009,treino_interno
LA_E_2936013,treino_interno
LA_E_2936382,treino_interno
LA_E_2936747,treino_interno
LA_E_2936804,treino_interno
LA_E_2936946,treino_interno
LA_E_2937220,early_stopping
LA_E_2937222,treino_interno
LA_E_2937381,treino_interno
LA_E_2937514,treino_interno
LA_E_2937699,treino_interno
LA_E_2937719,treino_interno
LA_E_2937759,treino_interno
LA_E_2938103,treino_interno
LA_E_2939151,early_stopping
LA_E_2939684,treino_interno
LA_E_2939724,treino_interno
LA_E_2940086,treino_interno
LA_E_2940213,treino_interno
LA_E_2940266,treino_interno
LA_E_2940408,treino_interno
LA_E_2940509,treino_interno
LA_E_2940520,treino_interno
LA_E_2940826,treino_interno
LA_E_2940940,treino_interno
LA_E_2941254,treino_interno
LA_E_2941492,treino_interno
LA_E_2941516,treino_interno
LA_E_2941626,treino_interno
LA_E_2941682,treino_interno
LA_E_2941758,treino_interno
LA_E_2941928,early_stopping
LA_E_2942154,treino_interno
LA_E_2943040,treino_interno
LA_E_2943339,treino_interno
LA_E_2943436,treino_interno
LA_E_2943448,treino_interno
LA_E_2943499,treino_interno
LA_E_2943506,treino_interno
LA_E_2943768,early_stopping
LA_E_2943855,treino_interno
LA_E_2943880,early_stopping
LA_E_2943919,treino_interno
LA_E_2943944,treino_interno
LA_E_2944197,treino_interno
LA_E_2944567,early_stopping
LA_E_2944858,treino_interno
LA_E_2944908,treino_interno
LA_E_2945737,treino_interno
LA_E_2946003,treino_interno
LA_E_2946326,treino_interno
LA_E_2947432,treino_interno
LA_E_2947812,treino_interno
LA_E_2948177,treino_interno
LA_E_2948890,treino_interno
LA_E_2949162,treino_interno
LA_E_2950123,treino_interno
LA_E_2950296,treino_interno
LA_E_2951433,treino_interno
LA_E_2951490,treino_interno
LA_E_2951586,treino_interno
LA_E_2951960,treino_interno
LA_E_2952131,treino_interno
LA_E_2952274,treino_interno
LA_E_2952978,treino_interno
LA_E_2953125,treino_interno
LA_E_2953300,treino_interno
LA_E_2953574,treino_interno
LA_E_2954248,treino_interno
LA_E_2954676,treino_interno
LA_E_2954823,treino_interno
LA_E_2957051,treino_interno
LA_E_2957406,treino_interno
LA_E_2957524,treino_interno
LA_E_2957572,early_stopping
LA_E_2957806,treino_interno
LA_E_2958196,early_stopping
LA_E_2958256,treino_interno
LA_E_2958556,treino_interno
LA_E_2959027,treino_interno
LA_E_2959309,treino_interno
LA_E_2959898,treino_interno
LA_E_2960398,early_stopping
LA_E_2960444,treino_interno
LA_E_2961070,treino_interno
LA_E_2961218,treino_interno
LA_E_2961237,treino_interno
LA_E_2961482,treino_interno
LA_E_2961900,treino_interno
LA_E_2961911,treino_interno
LA_E_2961927,treino_interno
LA_E_2962152,treino_interno
LA_E_2962412,treino_interno
LA_E_2962584,treino_interno
LA_E_2962672,treino_interno
LA_E_2963423,treino_interno
LA_E_2964029,treino_interno
LA_E_2964160,treino_interno
LA_E_2964171,treino_interno
LA_E_2964777,treino_interno
LA_E_2964813,treino_interno
LA_E_2964958,treino_interno
LA_E_2965069,treino_interno
LA_E_2965663,treino_interno
LA_E_2966197,treino_interno
LA_E_2966457,treino_interno
LA_E_2966639,treino_interno
LA_E_2967015,treino_interno
LA_E_2967224,treino_interno
LA_E_2967428,treino_interno
LA_E_2967448,treino_interno
LA_E_2967892,treino_interno
LA_E_2967967,treino_interno
LA_E_2968497,treino_interno
LA_E_2968610,treino_interno
LA_E_2968635,treino_interno
LA_E_2969350,treino_interno
LA_E_2969583,treino_interno
LA_E_2970081,treino_interno
LA_E_2970134,treino_interno
LA_E_2970200,treino_interno
LA_E_2970423,early_stopping
LA_E_2970814,treino_interno
LA_E_2971036,early_stopping
LA_E_2971372,treino_interno
LA_E_2971379,treino_interno
LA_E_2971495,treino_interno
LA_E_2971557,early_stopping
LA_E_2971909,treino_interno
LA_E_2972003,early_stopping
LA_E_2972700,treino_interno
LA_E_2972721,treino_interno
LA_E_2972803,treino_interno
LA_E_2973576,treino_interno
LA_E_2973595,treino_interno
LA_E_2973795,treino_interno
LA_E_2974104,treino_interno
LA_E_2974400,treino_interno
LA_E_2974712,treino_interno
LA_E_2974861,treino_interno
LA_E_2976167,treino_interno
LA_E_2976372,treino_interno
LA_E_2976414,treino_interno
LA_E_2976787,treino_interno
LA_E_2976853,treino_interno
LA_E_2976980,treino_interno
LA_E_2977303,treino_interno
LA_E_2978047,treino_interno
LA_E_2978125,treino_interno
LA_E_2978437,treino_interno
LA_E_2978925,treino_interno
LA_E_2978933,treino_interno
LA_E_2979384,treino_interno
LA_E_2979756,treino_interno
LA_E_2979852,treino_interno
LA_E_2980020,treino_interno
LA_E_2980072,treino_interno
LA_E_2980352,treino_interno
LA_E_2980525,early_stopping
LA_E_2981078,treino_interno
LA_E_2981340,treino_interno
LA_E_2981372,early_stopping
LA_E_2981579,treino_interno
LA_E_2981625,early_stopping
LA_E_2981820,treino_interno
LA_E_2982120,treino_interno
LA_E_2982153,treino_interno
LA_E_2982205,early_stopping
LA_E_2982265,treino_interno
LA_E_2982316,treino_interno
LA_E_2982476,treino_interno
LA_E_2982605,treino_interno
LA_E_2982862,treino_interno
LA_E_2982977,treino_interno
LA_E_2983047,treino_interno
LA_E_2983526,treino_interno
LA_E_2983748,treino_interno
LA_E_2984239,treino_interno
LA_E_2984307,treino_interno
LA_E_2985687,treino_interno
LA_E_2986469,treino_interno
LA_E_2986562,treino_interno
LA_E_2986596,treino_interno
LA_E_2986646,treino_interno
LA_E_2987729,treino_interno
LA_E_2988208,treino_interno
LA_E_2988651,treino_interno
LA_E_2988813,treino_interno
LA_E_2989001,treino_interno
LA_E_2989115,treino_interno
LA_E_2989485,treino_interno
LA_E_2989510,treino_interno
LA_E_2989654,treino_interno
LA_E_2989891,treino_interno
LA_E_2990092,treino_interno
LA_E_2990160,treino_interno
LA_E_2990315,treino_interno
LA_E_2991134,treino_interno
LA_E_2991485,treino_interno
LA_E_2991655,treino_interno
LA_E_2991719,treino_interno
LA_E_2992003,treino_interno
LA_E_2992014,treino_interno
LA_E_2992079,treino_interno
LA_E_2992247,early_stopping
LA_E_2992326,treino_interno
LA_E_2993025,treino_interno
LA_E_2993350,treino_interno
LA_E_2993526,treino_interno
LA_E_2993634,treino_interno
LA_E_2993673,treino_interno
LA_E_2993683,treino_interno
LA_E_2993859,early_stopping
LA_E_2993887,treino_interno
LA_E_2995226,treino_interno
LA_E_2995797,treino_interno
LA_E_2995839,treino_interno
LA_E_2995876,treino_interno
LA_E_2995986,treino_interno
LA_E_2996009,treino_interno
LA_E_2996192,treino_interno
LA_E_2996321,treino_interno
LA_E_2998012,treino_interno
LA_E_2998094,treino_interno
LA_E_2998413,treino_interno
LA_E_3000060,treino_interno
LA_E_3000175,treino_interno
LA_E_3000762,treino_interno
LA_E_3001097,treino_interno
LA_E_3001997,treino_interno
LA_E_3002110,treino_interno
LA_E_3002401,treino_interno
LA_E_3002532,treino_interno
LA_E_3002637,treino_interno
LA_E_3002888,treino_interno
LA_E_3002921,treino_interno
LA_E_3003288,treino_interno
LA_E_3003764,early_stopping
LA_E_3003885,treino_interno
LA_E_3004207,treino_interno
LA_E_3004309,treino_interno
LA_E_3005176,early_stopping
LA_E_3005216,treino_interno
LA_E_3005403,treino_interno
LA_E_3005498,treino_interno
LA_E_3005842,treino_interno
LA_E_3005936,treino_interno
LA_E_3006337,treino_interno
LA_E_3006450,treino_interno
LA_E_3006943,treino_interno
LA_E_3007121,treino_interno
LA_E_3007863,treino_interno
LA_E_3007903,treino_interno
LA_E_3007925,treino_interno
LA_E_3008425,treino_interno
LA_E_3008976,treino_interno
LA_E_3009062,treino_interno
LA_E_3009119,treino_interno
LA_E_3009301,treino_interno
LA_E_3009464,treino_interno
LA_E_3010482,treino_interno
LA_E_3010547,treino_interno
LA_E_3010773,treino_interno
LA_E_3010857,treino_interno
LA_E_3010863,treino_interno
LA_E_3010977,treino_interno
LA_E_3011384,treino_interno
LA_E_3011869,treino_interno
LA_E_3012787,treino_interno
LA_E_3012941,treino_interno
LA_E_3012999,treino_interno
LA_E_3013508,treino_interno
LA_E_3013755,treino_interno
LA_E_3014297,treino_interno
LA_E_3014785,treino_interno
LA_E_3014800,treino_interno
LA_E_3015061,treino_interno
LA_E_3015179,early_stopping
LA_E_3015275,treino_interno
LA_E_3015343,treino_interno
LA_E_3015647,treino_interno
LA_E_3015788,early_stopping
LA_E_3016290,treino_interno
LA_E_3016370,treino_interno
LA_E_3017164,treino_interno
LA_E_3017231,treino_interno
LA_E_3017425,treino_interno
LA_E_3017610,treino_interno
LA_E_3018179,treino_interno
LA_E_3018544,early_stopping
LA_E_3018627,treino_interno
LA_E_3018737,treino_interno
LA_E_3018977,treino_interno
LA_E_3018983,treino_interno
LA_E_3019384,treino_interno
LA_E_3019463,treino_interno
LA_E_3020353,treino_interno
LA_E_3020429,treino_interno
LA_E_3020470,treino_interno
LA_E_3020851,treino_interno
LA_E_3021419,treino_interno
LA_E_3021562,treino_interno
LA_E_3022095,treino_interno
LA_E_3022416,treino_interno
LA_E_3022540,treino_interno
LA_E_3022639,treino_interno
LA_E_3022865,treino_interno
LA_E_3023007,treino_interno
LA_E_3023167,treino_interno
LA_E_3023238,treino_interno
LA_E_3023476,treino_interno
LA_E_3023991,treino_interno
LA_E_3024592,treino_interno
LA_E_3024684,treino_interno
LA_E_3024773,treino_interno
LA_E_3025115,treino_interno
LA_E_3025244,early_stopping
LA_E_3025575,treino_interno
LA_E_3026289,treino_interno
LA_E_3027472,treino_interno
LA_E_3027976,treino_interno
LA_E_3028299,treino_interno
LA_E_3028457,treino_interno
LA_E_3028517,treino_interno
LA_E_3028707,treino_interno
LA_E_3029022,treino_interno
LA_E_3029504,treino_interno
LA_E_3029534,treino_interno
LA_E_3029578,treino_interno
LA_E_3029659,treino_interno
LA_E_3030387,treino_interno
LA_E_3030511,treino_interno
LA_E_3030655,treino_interno
LA_E_3030824,treino_interno
LA_E_3031027,treino_interno
LA_E_3031136,treino_interno
LA_E_3031207,treino_interno
LA_E_3031331,treino_interno
LA_E_3031741,treino_interno
LA_E_3031822,treino_interno
LA_E_3032385,treino_interno
LA_E_3032494,treino_interno
LA_E_3032877,treino_interno
LA_E_3032949,treino_interno
LA_E_3032961,early_stopping
LA_E_3032989,treino_interno
LA_E_3033403,treino_interno
LA_E_3033592,treino_interno
LA_E_3033842,early_stopping
LA_E_3034956,treino_interno
LA_E_3035544,treino_interno
LA_E_3035712,treino_interno
LA_E_3035889,treino_interno
LA_E_3036218,early_stopping
LA_E_3036987,treino_interno
LA_E_3037169,early_stopping
LA_E_3037199,treino_interno
LA_E_3037681,treino_interno
LA_E_3037738,treino_interno
LA_E_3038123,treino_interno
LA_E_3038202,treino_interno
LA_E_3038286,treino_interno
LA_E_3038365,treino_interno
LA_E_3038611,treino_interno
LA_E_3038937,treino_interno
LA_E_3040398,treino_interno
LA_E_3040540,treino_interno
LA_E_3040683,treino_interno
LA_E_3040754,treino_interno
LA_E_3041117,treino_interno
LA_E_3041218,treino_interno
LA_E_3041225,treino_interno
LA_E_3041567,treino_interno
LA_E_3041735,treino_interno
LA_E_3041916,treino_interno
LA_E_3042175,treino_interno
LA_E_3042543,treino_interno
LA_E_3042656,treino_interno
LA_E_3042683,treino_interno
LA_E_3042956,treino_interno
LA_E_3043347,treino_interno
LA_E_3043446,treino_interno
LA_E_3043465,treino_interno
LA_E_3044199,treino_interno
LA_E_3044752,treino_interno
LA_E_3045031,early_stopping
LA_E_3045975,treino_interno
LA_E_3046222,treino_interno
LA_E_3046238,treino_interno
LA_E_3046243,treino_interno
LA_E_3046309,treino_interno
LA_E_3046336,treino_interno
LA_E_3046456,treino_interno
LA_E_3047092,treino_interno
LA_E_3047138,treino_interno
LA_E_3047181,treino_interno
LA_E_3047629,treino_interno
LA_E_3047644,treino_interno
LA_E_3047689,treino_interno
LA_E_3047749,treino_interno
LA_E_3047896,treino_interno
LA_E_3048046,treino_interno
LA_E_3048220,treino_interno
LA_E_3048747,treino_interno
LA_E_3049222,treino_interno
LA_E_3049459,treino_interno
LA_E_3049497,treino_interno
LA_E_3049680,treino_interno
LA_E_3049972,treino_interno
LA_E_3050047,treino_interno
LA_E_3050122,treino_interno
LA_E_3050556,treino_interno
LA_E_3050685,treino_interno
LA_E_3050724,treino_interno
LA_E_3050775,treino_interno
LA_E_3051110,treino_interno
LA_E_3051515,treino_interno
LA_E_3051821,treino_interno
LA_E_3051836,early_stopping
LA_E_3052579,treino_interno
LA_E_3052673,treino_interno
LA_E_3053614,treino_interno
LA_E_3054123,treino_interno
LA_E_3054184,treino_interno
LA_E_3054433,treino_interno
LA_E_3054552,treino_interno
LA_E_3054592,treino_interno
LA_E_3055291,treino_interno
LA_E_3055433,treino_interno
LA_E_3055551,treino_interno
LA_E_3056679,treino_interno
LA_E_3057030,treino_interno
LA_E_3057455,treino_interno
LA_E_3057497,treino_interno
LA_E_3057857,treino_interno
LA_E_3058193,treino_interno
LA_E_3058233,treino_interno
LA_E_3058285,treino_interno
LA_E_3058333,treino_interno
LA_E_3058973,treino_interno
LA_E_3059263,treino_interno
LA_E_3059394,treino_interno
LA_E_3059630,treino_interno
LA_E_3060342,treino_interno
LA_E_3060479,treino_interno
LA_E_3061813,treino_interno
LA_E_3062028,treino_interno
LA_E_3062408,treino_interno
LA_E_3062454,treino_interno
LA_E_3062615,treino_interno
LA_E_3063051,treino_interno
LA_E_3063351,treino_interno
LA_E_3063715,treino_interno
LA_E_3063750,treino_interno
LA_E_3063828,treino_interno
LA_E_3064550,treino_interno
LA_E_3064684,early_stopping
LA_E_3064734,treino_interno
LA_E_3064914,treino_interno
LA_E_3065350,treino_interno
LA_E_3065775,treino_interno
LA_E_3066167,treino_interno
LA_E_3066464,treino_interno
LA_E_3066504,treino_interno
LA_E_3066571,treino_interno
LA_E_3066582,treino_interno
LA_E_3066914,treino_interno
LA_E_3067315,early_stopping
LA_E_3067556,treino_interno
LA_E_3067625,treino_interno
LA_E_3067628,treino_interno
LA_E_3067646,treino_interno
LA_E_3068739,treino_interno
LA_E_3068809,treino_interno
LA_E_3068814,treino_interno
LA_E_3068840,treino_interno
LA_E_3069345,treino_interno
LA_E_3069410,treino_interno
LA_E_3069622,treino_interno
LA_E_3069712,treino_interno
LA_E_3069907,treino_interno
LA_E_3069980,treino_interno
LA_E_3070259,treino_interno
LA_E_3070438,treino_interno
LA_E_3070641,treino_interno
LA_E_3070798,treino_interno
LA_E_3071824,treino_interno
LA_E_3071973,treino_interno
LA_E_3072527,treino_interno
LA_E_3072788,treino_interno
LA_E_3072864,treino_interno
LA_E_3073024,treino_interno
LA_E_3073348,treino_interno
LA_E_3074355,treino_interno
LA_E_3075514,treino_interno
LA_E_3075535,treino_interno
LA_E_3075777,treino_interno
LA_E_3075854,treino_interno
LA_E_3076393,treino_interno
LA_E_3076706,treino_interno
LA_E_3076735,treino_interno
LA_E_3077117,treino_interno
LA_E_3077174,treino_interno
LA_E_3077553,treino_interno
LA_E_3077664,early_stopping
LA_E_3077704,treino_interno
LA_E_3077765,treino_interno
LA_E_3077781,treino_interno
LA_E_3078614,treino_interno
LA_E_3079357,treino_interno
LA_E_3079362,treino_interno
LA_E_3080235,early_stopping
LA_E_3080254,treino_interno
LA_E_3080430,treino_interno
LA_E_3080461,treino_interno
LA_E_3080653,treino_interno
LA_E_3081035,treino_interno
LA_E_3081437,treino_interno
LA_E_3081501,treino_interno
LA_E_3082025,treino_interno
LA_E_3082359,treino_interno
LA_E_3083112,treino_interno
LA_E_3083285,treino_interno
LA_E_3083390,treino_interno
LA_E_3083669,treino_interno
LA_E_3083872,treino_interno
LA_E_3083909,treino_interno
LA_E_3084488,treino_interno
LA_E_3084500,treino_interno
LA_E_3084781,treino_interno
LA_E_3084898,early_stopping
LA_E_3085249,treino_interno
LA_E_3085412,treino_interno
LA_E_3085465,treino_interno
LA_E_3085477,treino_interno
LA_E_3085725,treino_interno
LA_E_3085858,treino_interno
LA_E_3085914,treino_interno
LA_E_3086538,treino_interno
LA_E_3086539,treino_interno
LA_E_3086747,treino_interno
LA_E_3086780,treino_interno
LA_E_3087041,early_stopping
LA_E_3087153,treino_interno
LA_E_3087627,treino_interno
LA_E_3087630,treino_interno
LA_E_3088051,treino_interno
LA_E_3088333,treino_interno
LA_E_3088388,treino_interno
LA_E_3088547,treino_interno
LA_E_3088568,treino_interno
LA_E_3089383,treino_interno
LA_E_3090404,treino_interno
LA_E_3090479,treino_interno
LA_E_3090706,treino_interno
LA_E_3090798,treino_interno
LA_E_3090870,early_stopping
LA_E_3090876,treino_interno
LA_E_3091350,treino_interno
LA_E_3091494,treino_interno
LA_E_3091527,treino_interno
LA_E_3092107,treino_interno
LA_E_3092249,treino_interno
LA_E_3092308,treino_interno
LA_E_3092349,early_stopping
LA_E_3092500,treino_interno
LA_E_3092522,treino_interno
LA_E_3093558,treino_interno
LA_E_3093705,treino_interno
LA_E_3093834,treino_interno
LA_E_3093850,early_stopping
LA_E_3093967,treino_interno
LA_E_3094169,early_stopping
LA_E_3094215,treino_interno
LA_E_3094812,treino_interno
LA_E_3094821,treino_interno
LA_E_3095091,treino_interno
LA_E_3095148,treino_interno
LA_E_3095950,treino_interno
LA_E_3096252,treino_interno
LA_E_3096341,treino_interno
LA_E_3096669,treino_interno
LA_E_3096806,treino_interno
LA_E_3097800,treino_interno
LA_E_3097835,treino_interno
LA_E_3098811,treino_interno
LA_E_3098885,treino_interno
LA_E_3098996,treino_interno
LA_E_3099146,treino_interno
LA_E_3099477,treino_interno
LA_E_3099619,early_stopping
LA_E_3099928,treino_interno
LA_E_3100492,treino_interno
LA_E_3100548,treino_interno
LA_E_3100664,treino_interno
LA_E_3101170,treino_interno
LA_E_3101222,treino_interno
LA_E_3101445,treino_interno
LA_E_3101452,treino_interno
LA_E_3101635,treino_interno
LA_E_3101872,treino_interno
LA_E_3101903,treino_interno
LA_E_3102004,treino_interno
LA_E_3102115,treino_interno
LA_E_3102116,treino_interno
LA_E_3102420,early_stopping
LA_E_3102696,treino_interno
LA_E_3103598,treino_interno
LA_E_3104228,treino_interno
LA_E_3104329,treino_interno
LA_E_3104385,treino_interno
LA_E_3105354,treino_interno
LA_E_3105694,treino_interno
LA_E_3105750,treino_interno
LA_E_3105959,treino_interno
LA_E_3106946,treino_interno
LA_E_3107044,treino_interno
LA_E_3107499,early_stopping
LA_E_3107514,early_stopping
LA_E_3107653,treino_interno
LA_E_3107845,treino_interno
LA_E_3107847,treino_interno
LA_E_3108244,early_stopping
LA_E_3108477,early_stopping
LA_E_3108876,treino_interno
LA_E_3109031,treino_interno
LA_E_3109387,treino_interno
LA_E_3110817,treino_interno
LA_E_3111014,treino_interno
LA_E_3111052,treino_interno
LA_E_3111550,treino_interno
LA_E_3111666,treino_interno
LA_E_3111827,treino_interno
LA_E_3112358,treino_interno
LA_E_3112770,treino_interno
LA_E_3112951,treino_interno
LA_E_3113211,treino_interno
LA_E_3114867,treino_interno
LA_E_3114936,treino_interno
LA_E_3115264,treino_interno
LA_E_3115362,treino_interno
LA_E_3116452,treino_interno
LA_E_3116507,treino_interno
LA_E_3116527,treino_interno
LA_E_3116735,treino_interno
LA_E_3117270,treino_interno
LA_E_3117430,treino_interno
LA_E_3117434,treino_interno
LA_E_3117812,treino_interno
LA_E_3117826,treino_interno
LA_E_3117947,treino_interno
LA_E_3117976,treino_interno
LA_E_3118025,treino_interno
LA_E_3118087,treino_interno
LA_E_3118103,treino_interno
LA_E_3118992,treino_interno
LA_E_3119125,treino_interno
LA_E_3119625,treino_interno
LA_E_3120776,treino_interno
LA_E_3121169,treino_interno
LA_E_3121223,treino_interno
LA_E_3121474,treino_interno
LA_E_3121484,treino_interno
LA_E_3121963,early_stopping
LA_E_3122786,treino_interno
LA_E_3122965,treino_interno
LA_E_3123123,early_stopping
LA_E_3123517,treino_interno
LA_E_3123532,treino_interno
LA_E_3123560,treino_interno
LA_E_3124513,treino_interno
LA_E_3124804,treino_interno
LA_E_3124976,early_stopping
LA_E_3125134,treino_interno
LA_E_3125222,treino_interno
LA_E_3125293,treino_interno
LA_E_3125861,treino_interno
LA_E_3126117,treino_interno
LA_E_3126363,early_stopping
LA_E_3126673,treino_interno
LA_E_3126707,treino_interno
LA_E_3127109,treino_interno
LA_E_3127719,early_stopping
LA_E_3127789,treino_interno
LA_E_3127818,treino_interno
LA_E_3128106,treino_interno
LA_E_3128315,treino_interno
LA_E_3128680,treino_interno
LA_E_3128853,treino_interno
LA_E_3129121,treino_interno
LA_E_3129192,treino_interno
LA_E_3129567,treino_interno
LA_E_3129954,treino_interno
LA_E_3130187,treino_interno
LA_E_3130264,treino_interno
LA_E_3130727,treino_interno
LA_E_3130743,treino_interno
LA_E_3131096,treino_interno
LA_E_3131332,treino_interno
LA_E_3131362,early_stopping
LA_E_3131434,treino_interno
LA_E_3132640,treino_interno
LA_E_3133027,treino_interno
LA_E_3133091,treino_interno
LA_E_3133244,treino_interno
LA_E_3133785,treino_interno
LA_E_3133949,treino_interno
LA_E_3134036,treino_interno
LA_E_3134295,treino_interno
LA_E_3134307,treino_interno
LA_E_3134410,early_stopping
LA_E_3134697,treino_interno
LA_E_3134806,treino_interno
LA_E_3135089,treino_interno
LA_E_3135223,treino_interno
LA_E_3135594,treino_interno
LA_E_3135876,treino_interno
LA_E_3135996,treino_interno
LA_E_3136153,treino_interno
LA_E_3136545,treino_interno
LA_E_3136601,treino_interno
LA_E_3137109,treino_interno
LA_E_3137316,treino_interno
LA_E_3137430,treino_interno
LA_E_3137431,treino_interno
LA_E_3137492,treino_interno
LA_E_3137531,treino_interno
LA_E_3137735,early_stopping
LA_E_3137991,treino_interno
LA_E_3138148,treino_interno
LA_E_3138661,treino_interno
LA_E_3139052,early_stopping
LA_E_3139167,treino_interno
LA_E_3139199,treino_interno
LA_E_3139279,treino_interno
LA_E_3140086,treino_interno
LA_E_3140141,treino_interno
LA_E_3140463,treino_interno
LA_E_3140501,treino_interno
LA_E_3140755,treino_interno
LA_E_3140955,treino_interno
LA_E_3141131,treino_interno
LA_E_3141189,early_stopping
LA_E_3141216,treino_interno
LA_E_3141248,early_stopping
LA_E_3141920,treino_interno
LA_E_3142146,treino_interno
LA_E_3142589,treino_interno
LA_E_3142728,treino_interno
LA_E_3142909,early_stopping
LA_E_3143156,treino_interno
LA_E_3143299,treino_interno
LA_E_3143341,treino_interno
LA_E_3143466,treino_interno
LA_E_3143703,treino_interno
LA_E_3144000,treino_interno
LA_E_3144895,treino_interno
LA_E_3144901,treino_interno
LA_E_3145051,treino_interno
LA_E_3145440,treino_interno
LA_E_3146891,treino_interno
LA_E_3147279,treino_interno
LA_E_3147371,treino_interno
LA_E_3147539,treino_interno
LA_E_3147637,treino_interno
LA_E_3148094,treino_interno
LA_E_3148218,treino_interno
LA_E_3148416,treino_interno
LA_E_3149567,treino_interno
LA_E_3149580,treino_interno
LA_E_3150068,treino_interno
LA_E_3150725,treino_interno
LA_E_3151604,treino_interno
LA_E_3152324,treino_interno
LA_E_3152661,treino_interno
LA_E_3152976,treino_interno
LA_E_3153450,treino_interno
LA_E_3153548,treino_interno
LA_E_3153998,treino_interno
LA_E_3154521,treino_interno
LA_E_3154700,treino_interno
LA_E_3154713,treino_interno
LA_E_3154956,treino_interno
LA_E_3155969,treino_interno
LA_E_3156128,treino_interno
LA_E_3156515,treino_interno
LA_E_3156632,treino_interno
LA_E_3157330,treino_interno
LA_E_3157445,treino_interno
LA_E_3157493,treino_interno
LA_E_3157995,treino_interno
LA_E_3158277,treino_interno
LA_E_3158556,early_stopping
LA_E_3158638,treino_interno
LA_E_3159364,treino_interno
LA_E_3159421,treino_interno
LA_E_3159682,treino_interno
LA_E_3160259,treino_interno
LA_E_3160521,early_stopping
LA_E_3160528,treino_interno
LA_E_3160716,early_stopping
LA_E_3160933,treino_interno
LA_E_3160941,treino_interno
LA_E_3161678,treino_interno
LA_E_3161942,treino_interno
LA_E_3162056,treino_interno
LA_E_3162314,treino_interno
LA_E_3162501,treino_interno
LA_E_3162557,treino_interno
LA_E_3162934,treino_interno
LA_E_3163170,treino_interno
LA_E_3163296,treino_interno
LA_E_3163506,treino_interno
LA_E_3163725,treino_interno
LA_E_3163799,treino_interno
LA_E_3163802,treino_interno
LA_E_3163855,treino_interno
LA_E_3163966,treino_interno
LA_E_3164181,early_stopping
LA_E_3164312,treino_interno
LA_E_3164652,treino_interno
LA_E_3164789,treino_interno
LA_E_3164911,early_stopping
LA_E_3165108,treino_interno
LA_E_3167568,treino_interno
LA_E_3167737,treino_interno
LA_E_3167900,treino_interno
LA_E_3168112,treino_interno
LA_E_3168570,treino_interno
LA_E_3168609,treino_interno
LA_E_3169243,treino_interno
LA_E_3169438,treino_interno
LA_E_3169668,treino_interno
LA_E_3169981,treino_interno
LA_E_3170192,treino_interno
LA_E_3170703,treino_interno
LA_E_3170897,treino_interno
LA_E_3171060,treino_interno
LA_E_3171088,treino_interno
LA_E_3171107,treino_interno
LA_E_3171217,treino_interno
LA_E_3171514,treino_interno
LA_E_3171570,treino_interno
LA_E_3171666,treino_interno
LA_E_3171681,treino_interno
LA_E_3171810,treino_interno
LA_E_3171991,treino_interno
LA_E_3172012,treino_interno
LA_E_3172020,treino_interno
LA_E_3172464,treino_interno
LA_E_3172577,early_stopping
LA_E_3172757,treino_interno
LA_E_3173224,treino_interno
LA_E_3173630,treino_interno
LA_E_3175272,treino_interno
LA_E_3177107,treino_interno
LA_E_3177290,treino_interno
LA_E_3177805,treino_interno
LA_E_3177843,treino_interno
LA_E_3177985,treino_interno
LA_E_3178143,treino_interno
LA_E_3178185,treino_interno
LA_E_3178249,early_stopping
LA_E_3178413,treino_interno
LA_E_3179084,early_stopping
LA_E_3179840,treino_interno
LA_E_3180111,treino_interno
LA_E_3180241,treino_interno
LA_E_3180271,early_stopping
LA_E_3180486,early_stopping
LA_E_3180603,early_stopping
LA_E_3180746,treino_interno
LA_E_3180873,treino_interno
LA_E_3181185,treino_interno
LA_E_3181795,treino_interno
LA_E_3181924,treino_interno
LA_E_3182152,treino_interno
LA_E_3182213,treino_interno
LA_E_3182262,treino_interno
LA_E_3182547,treino_interno
LA_E_3182808,treino_interno
LA_E_3183383,treino_interno
LA_E_3183780,treino_interno
LA_E_3184089,treino_interno
LA_E_3184631,treino_interno
LA_E_3184853,treino_interno
LA_E_3184876,treino_interno
LA_E_3185015,treino_interno
LA_E_3185456,treino_interno
LA_E_3185611,early_stopping
LA_E_3186139,treino_interno
LA_E_3186703,treino_interno
LA_E_3186740,treino_interno
LA_E_3186861,treino_interno
LA_E_3187726,early_stopping
LA_E_3187793,treino_interno
LA_E_3187932,treino_interno
LA_E_3188945,treino_interno
LA_E_3188950,early_stopping
LA_E_3189040,treino_interno
LA_E_3189222,treino_interno
LA_E_3189256,treino_interno
LA_E_3189478,treino_interno
LA_E_3190304,treino_interno
LA_E_3190778,treino_interno
LA_E_3190905,treino_interno
LA_E_3190921,treino_interno
LA_E_3191183,treino_interno
LA_E_3191258,treino_interno
LA_E_3191841,treino_interno
LA_E_3191924,treino_interno
LA_E_3192103,treino_interno
LA_E_3192335,treino_interno
LA_E_3192725,treino_interno
LA_E_3192894,treino_interno
LA_E_3192897,early_stopping
LA_E_3193115,treino_interno
LA_E_3193285,treino_interno
LA_E_3193534,treino_interno
LA_E_3193853,treino_interno
LA_E_3194295,treino_interno
LA_E_3194478,treino_interno
LA_E_3194807,treino_interno
LA_E_3194963,treino_interno
LA_E_3195140,treino_interno
LA_E_3195356,treino_interno
LA_E_3195528,early_stopping
LA_E_3195981,early_stopping
LA_E_3195984,treino_interno
LA_E_3196470,treino_interno
LA_E_3196727,treino_interno
LA_E_3197426,treino_interno
LA_E_3197487,treino_interno
LA_E_3197749,treino_interno
LA_E_3198141,treino_interno
LA_E_3198916,treino_interno
LA_E_3198957,treino_interno
LA_E_3199133,treino_interno
LA_E_3199447,treino_interno
LA_E_3199671,treino_interno
LA_E_3201409,treino_interno
LA_E_3201840,treino_interno
LA_E_3201882,treino_interno
LA_E_3202176,treino_interno
LA_E_3202241,treino_interno
LA_E_3202422,treino_interno
LA_E_3202455,treino_interno
LA_E_3202511,treino_interno
LA_E_3202595,treino_interno
LA_E_3202999,treino_interno
LA_E_3203027,treino_interno
LA_E_3203133,treino_interno
LA_E_3203219,treino_interno
LA_E_3203455,treino_interno
LA_E_3203988,treino_interno
LA_E_3204814,treino_interno
LA_E_3204834,treino_interno
LA_E_3205149,treino_interno
LA_E_3205421,treino_interno
LA_E_3205980,treino_interno
LA_E_3206352,treino_interno
LA_E_3206395,treino_interno
LA_E_3206440,treino_interno
LA_E_3206509,treino_interno
LA_E_3206764,treino_interno
LA_E_3206881,treino_interno
LA_E_3207259,treino_interno
LA_E_3207414,treino_interno
LA_E_3207583,treino_interno
LA_E_3208039,treino_interno
LA_E_3208270,treino_interno
LA_E_3208633,treino_interno
LA_E_3208743,treino_interno
LA_E_3208772,early_stopping
LA_E_3208915,treino_interno
LA_E_3209369,treino_interno
LA_E_3209714,treino_interno
LA_E_3209738,treino_interno
LA_E_3209799,treino_interno
LA_E_3210182,treino_interno
LA_E_3210377,treino_interno
LA_E_3210457,treino_interno
LA_E_3211103,early_stopping
LA_E_3211490,early_stopping
LA_E_3211917,treino_interno
LA_E_3212062,early_stopping
LA_E_3212268,treino_interno
LA_E_3212309,treino_interno
LA_E_3212544,treino_interno
LA_E_3212583,treino_interno
LA_E_3212598,treino_interno
LA_E_3212814,treino_interno
LA_E_3213410,treino_interno
LA_E_3214104,treino_interno
LA_E_3214206,treino_interno
LA_E_3214538,treino_interno
LA_E_3215448,early_stopping
LA_E_3215515,treino_interno
LA_E_3215546,treino_interno
LA_E_3215616,treino_interno
LA_E_3215956,treino_interno
LA_E_3216416,treino_interno
LA_E_3216858,treino_interno
LA_E_3217073,treino_interno
LA_E_3217527,early_stopping
LA_E_3217593,treino_interno
LA_E_3217856,treino_interno
LA_E_3217916,treino_interno
LA_E_3218371,treino_interno
LA_E_3218508,treino_interno
LA_E_3218570,early_stopping
LA_E_3218797,treino_interno
LA_E_3218812,treino_interno
LA_E_3219486,treino_interno
LA_E_3219588,treino_interno
LA_E_3220008,early_stopping
LA_E_3220025,treino_interno
LA_E_3220388,treino_interno
LA_E_3220820,treino_interno
LA_E_3221673,treino_interno
LA_E_3221878,treino_interno
LA_E_3221986,early_stopping
LA_E_3222098,treino_interno
LA_E_3222373,treino_interno
LA_E_3222432,treino_interno
LA_E_3222675,treino_interno
LA_E_3222891,treino_interno
LA_E_3223053,treino_interno
LA_E_3223066,treino_interno
LA_E_3223128,early_stopping
LA_E_3223171,treino_interno
LA_E_3223681,treino_interno
LA_E_3223776,treino_interno
LA_E_3224080,treino_interno
LA_E_3224181,treino_interno
LA_E_3224630,treino_interno
LA_E_3225062,treino_interno
LA_E_3225116,treino_interno
LA_E_3225520,treino_interno
LA_E_3225721,treino_interno
LA_E_3225773,early_stopping
LA_E_3226154,treino_interno
LA_E_3226269,treino_interno
LA_E_3226776,treino_interno
LA_E_3226995,treino_interno
LA_E_3227237,treino_interno
LA_E_3227768,treino_interno
LA_E_3227904,treino_interno
LA_E_3228229,treino_interno
LA_E_3228246,treino_interno
LA_E_3228256,early_stopping
LA_E_3228497,treino_interno
LA_E_3228550,treino_interno
LA_E_3229033,treino_interno
LA_E_3229096,treino_interno
LA_E_3229239,treino_interno
LA_E_3229532,treino_interno
LA_E_3229704,treino_interno
LA_E_3229961,treino_interno
LA_E_3229966,treino_interno
LA_E_3230057,treino_interno
LA_E_3230225,treino_interno
LA_E_3230739,treino_interno
LA_E_3231029,treino_interno
LA_E_3231408,early_stopping
LA_E_3232236,early_stopping
LA_E_3232344,treino_interno
LA_E_3232381,treino_interno
LA_E_3232515,treino_interno
LA_E_3232699,treino_interno
LA_E_3234219,treino_interno
LA_E_3234339,treino_interno
LA_E_3234812,treino_interno
LA_E_3235277,treino_interno
LA_E_3235347,treino_interno
LA_E_3235477,treino_interno
LA_E_3235667,treino_interno
LA_E_3235894,treino_interno
LA_E_3236318,treino_interno
LA_E_3237092,treino_interno
LA_E_3237133,treino_interno
LA_E_3237188,treino_interno
LA_E_3237283,treino_interno
LA_E_3237326,early_stopping
LA_E_3238250,treino_interno
LA_E_3238311,treino_interno
LA_E_3238874,treino_interno
LA_E_3239202,treino_interno
LA_E_3239252,treino_interno
LA_E_3239337,treino_interno
LA_E_3239764,treino_interno
LA_E_3239878,treino_interno
LA_E_3240168,treino_interno
LA_E_3240242,early_stopping
LA_E_3240266,treino_interno
LA_E_3240561,treino_interno
LA_E_3241031,treino_interno
LA_E_3241067,treino_interno
LA_E_3241259,treino_interno
LA_E_3241342,treino_interno
LA_E_3241699,treino_interno
LA_E_3241703,treino_interno
LA_E_3242235,early_stopping
LA_E_3242354,early_stopping
LA_E_3242446,treino_interno
LA_E_3242829,treino_interno
LA_E_3243772,treino_interno
LA_E_3244057,early_stopping
LA_E_3244068,early_stopping
LA_E_3244076,early_stopping
LA_E_3244137,treino_interno
LA_E_3244464,treino_interno
LA_E_3244742,treino_interno
LA_E_3244936,early_stopping
LA_E_3245769,early_stopping
LA_E_3245828,treino_interno
LA_E_3246140,treino_interno
LA_E_3246524,treino_interno
LA_E_3247242,treino_interno
LA_E_3247499,treino_interno
LA_E_3247590,treino_interno
LA_E_3247728,treino_interno
LA_E_3247934,treino_interno
LA_E_3248096,early_stopping
LA_E_3248115,treino_interno
LA_E_3248872,treino_interno
LA_E_3249089,treino_interno
LA_E_3249164,treino_interno
LA_E_3249296,treino_interno
LA_E_3249316,treino_interno
LA_E_3249421,treino_interno
LA_E_3249624,treino_interno
LA_E_3249705,treino_interno
LA_E_3249719,treino_interno
LA_E_3249949,treino_interno
LA_E_3250115,treino_interno
LA_E_3250406,treino_interno
LA_E_3250874,treino_interno
LA_E_3250897,treino_interno
LA_E_3251119,treino_interno
LA_E_3251726,treino_interno
LA_E_3251739,treino_interno
LA_E_3252177,treino_interno
LA_E_3252264,treino_interno
LA_E_3253033,treino_interno
LA_E_3253251,treino_interno
LA_E_3253801,treino_interno
LA_E_3254144,treino_interno
LA_E_3254298,treino_interno
LA_E_3255408,treino_interno
LA_E_3255798,treino_interno
LA_E_3255800,treino_interno
LA_E_3255869,early_stopping
LA_E_3256238,early_stopping
LA_E_3256845,treino_interno
LA_E_3256956,treino_interno
LA_E_3257062,treino_interno
LA_E_3257294,treino_interno
LA_E_3257355,treino_interno
LA_E_3257628,treino_interno
LA_E_3257898,treino_interno
LA_E_3258424,treino_interno
LA_E_3258435,treino_interno
LA_E_3258898,treino_interno
LA_E_3259496,treino_interno
LA_E_3259726,treino_interno
LA_E_3259753,treino_interno
LA_E_3260030,treino_interno
LA_E_3260363,treino_interno
LA_E_3260730,treino_interno
LA_E_3260800,treino_interno
LA_E_3260815,early_stopping
LA_E_3261022,treino_interno
LA_E_3261370,treino_interno
LA_E_3261560,treino_interno
LA_E_3261614,treino_interno
LA_E_3261814,treino_interno
LA_E_3261844,treino_interno
LA_E_3261893,treino_interno
LA_E_3262034,treino_interno
LA_E_3262108,treino_interno
LA_E_3262248,treino_interno
LA_E_3262619,treino_interno
LA_E_3262640,treino_interno
LA_E_3262876,treino_interno
LA_E_3263205,treino_interno
LA_E_3263465,treino_interno
LA_E_3263528,treino_interno
LA_E_3263815,early_stopping
LA_E_3263880,treino_interno
LA_E_3264359,treino_interno
LA_E_3264492,treino_interno
LA_E_3265613,treino_interno
LA_E_3265801,treino_interno
LA_E_3265892,treino_interno
LA_E_3266039,treino_interno
LA_E_3266069,treino_interno
LA_E_3266933,treino_interno
LA_E_3267093,early_stopping
LA_E_3267249,treino_interno
LA_E_3267718,treino_interno
LA_E_3267864,treino_interno
LA_E_3268090,treino_interno
LA_E_3268114,treino_interno
LA_E_3268600,treino_interno
LA_E_3268652,treino_interno
LA_E_3268774,treino_interno
LA_E_3268980,treino_interno
LA_E_3268990,treino_interno
LA_E_3269370,treino_interno
LA_E_3269929,treino_interno
LA_E_3270047,treino_interno
LA_E_3270336,treino_interno
LA_E_3270713,treino_interno
LA_E_3271055,treino_interno
LA_E_3271080,early_stopping
LA_E_3271113,treino_interno
LA_E_3271140,treino_interno
LA_E_3271211,early_stopping
LA_E_3271424,treino_interno
LA_E_3271824,treino_interno
LA_E_3272252,treino_interno
LA_E_3272292,treino_interno
LA_E_3272490,treino_interno
LA_E_3273016,early_stopping
LA_E_3273140,treino_interno
LA_E_3273434,treino_interno
LA_E_3273450,early_stopping
LA_E_3273795,treino_interno
LA_E_3273884,treino_interno
LA_E_3274143,treino_interno
LA_E_3274173,treino_interno
LA_E_3274655,treino_interno
LA_E_3274730,treino_interno
LA_E_3274793,treino_interno
LA_E_3274873,treino_interno
LA_E_3274955,treino_interno
LA_E_3274989,treino_interno
LA_E_3275356,treino_interno
LA_E_3275405,treino_interno
LA_E_3275493,treino_interno
LA_E_3275865,treino_interno
LA_E_3276068,treino_interno
LA_E_3276320,treino_interno
LA_E_3276444,treino_interno
LA_E_3276508,treino_interno
LA_E_3277331,treino_interno
LA_E_3277552,treino_interno
LA_E_3278491,treino_interno
LA_E_3278799,treino_interno
LA_E_3279034,treino_interno
LA_E_3279041,treino_interno
LA_E_3279078,treino_interno
LA_E_3279188,treino_interno
LA_E_3279587,treino_interno
LA_E_3279759,treino_interno
LA_E_3279983,treino_interno
LA_E_3280283,treino_interno
LA_E_3280333,treino_interno
LA_E_3280721,treino_interno
LA_E_3280780,treino_interno
LA_E_3280993,treino_interno
LA_E_3281153,treino_interno
LA_E_3281799,early_stopping
LA_E_3281822,treino_interno
LA_E_3282480,treino_interno
LA_E_3282565,treino_interno
LA_E_3282691,treino_interno
LA_E_3282867,treino_interno
LA_E_3283271,treino_interno
LA_E_3283714,treino_interno
LA_E_3283744,treino_interno
LA_E_3284220,treino_interno
LA_E_3284516,treino_interno
LA_E_3284722,treino_interno
LA_E_3284818,treino_interno
LA_E_3284825,early_stopping
LA_E_3285130,early_stopping
LA_E_3285215,treino_interno
LA_E_3285327,treino_interno
LA_E_3285676,early_stopping
LA_E_3286084,treino_interno
LA_E_3287503,treino_interno
LA_E_3287591,treino_interno
LA_E_3287714,treino_interno
LA_E_3287731,treino_interno
LA_E_3288223,treino_interno
LA_E_3288317,treino_interno
LA_E_3288340,treino_interno
LA_E_3289436,treino_interno
LA_E_3289625,treino_interno
LA_E_3289937,treino_interno
LA_E_3290022,treino_interno
LA_E_3290119,early_stopping
LA_E_3290356,treino_interno
LA_E_3290847,treino_interno
LA_E_3291044,treino_interno
LA_E_3291230,treino_interno
LA_E_3291266,treino_interno
LA_E_3291541,treino_interno
LA_E_3291794,treino_interno
LA_E_3291911,treino_interno
LA_E_3292018,treino_interno
LA_E_3292331,treino_interno
LA_E_3292340,treino_interno
LA_E_3292602,treino_interno
LA_E_3292666,treino_interno
LA_E_3293721,treino_interno
LA_E_3294191,early_stopping
LA_E_3294324,treino_interno
LA_E_3294382,early_stopping
LA_E_3295178,treino_interno
LA_E_3295393,treino_interno
LA_E_3295851,treino_interno
LA_E_3295939,treino_interno
LA_E_3295960,treino_interno
LA_E_3296194,treino_interno
LA_E_3296262,treino_interno
LA_E_3296990,treino_interno
LA_E_3297993,treino_interno
LA_E_3298249,treino_interno
LA_E_3298282,treino_interno
LA_E_3298502,treino_interno
LA_E_3298596,treino_interno
LA_E_3298763,treino_interno
LA_E_3298838,treino_interno
LA_E_3299022,treino_interno
LA_E_3299170,treino_interno
LA_E_3299839,treino_interno
LA_E_3300358,treino_interno
LA_E_3300421,treino_interno
LA_E_3300528,treino_interno
LA_E_3300726,treino_interno
LA_E_3301563,early_stopping
LA_E_3301842,treino_interno
LA_E_3302760,treino_interno
LA_E_3302766,treino_interno
LA_E_3302937,treino_interno
LA_E_3303001,treino_interno
LA_E_3303090,treino_interno
LA_E_3303331,treino_interno
LA_E_3303385,treino_interno
LA_E_3304077,treino_interno
LA_E_3304426,treino_interno
LA_E_3304781,treino_interno
LA_E_3304882,treino_interno
LA_E_3304927,treino_interno
LA_E_3304942,treino_interno
LA_E_3305070,treino_interno
LA_E_3305338,treino_interno
LA_E_3305387,treino_interno
LA_E_3305586,treino_interno
LA_E_3305873,treino_interno
LA_E_3306098,treino_interno
LA_E_3306125,treino_interno
LA_E_3306128,treino_interno
LA_E_3306529,early_stopping
LA_E_3306940,treino_interno
LA_E_3307169,treino_interno
LA_E_3307393,treino_interno
LA_E_3307816,treino_interno
LA_E_3308188,treino_interno
LA_E_3308438,treino_interno
LA_E_3308579,early_stopping
LA_E_3309440,treino_interno
LA_E_3309570,treino_interno
LA_E_3309588,treino_interno
LA_E_3309737,treino_interno
LA_E_3309963,treino_interno
LA_E_3310523,treino_interno
LA_E_3310700,treino_interno
LA_E_3310731,treino_interno
LA_E_3310882,treino_interno
LA_E_3310988,treino_interno
LA_E_3311217,treino_interno
LA_E_3311392,treino_interno
LA_E_3311547,treino_interno
LA_E_3311590,treino_interno
LA_E_3311927,treino_interno
LA_E_3312171,treino_interno
LA_E_3312581,treino_interno
LA_E_3312591,treino_interno
LA_E_3312641,treino_interno
LA_E_3312682,treino_interno
LA_E_3312727,early_stopping
LA_E_3312754,treino_interno
LA_E_3313011,treino_interno
LA_E_3313802,treino_interno
LA_E_3313809,treino_interno
LA_E_3313915,treino_interno
LA_E_3314019,treino_interno
LA_E_3314284,treino_interno
LA_E_3314328,treino_interno
LA_E_3314692,treino_interno
LA_E_3314948,early_stopping
LA_E_3315336,treino_interno
LA_E_3315761,treino_interno
LA_E_3316350,treino_interno
LA_E_3316502,treino_interno
LA_E_3316589,treino_interno
LA_E_3316616,treino_interno
LA_E_3316918,treino_interno
LA_E_3317124,treino_interno
LA_E_3317395,treino_interno
LA_E_3317990,treino_interno
LA_E_3318124,treino_interno
LA_E_3318473,early_stopping
LA_E_3318865,treino_interno
LA_E_3318888,treino_interno
LA_E_3318944,treino_interno
LA_E_3319224,treino_interno
LA_E_3319533,treino_interno
LA_E_3319583,treino_interno
LA_E_3320940,treino_interno
LA_E_3321184,treino_interno
LA_E_3321587,treino_interno
LA_E_3321928,treino_interno
LA_E_3322164,treino_interno
LA_E_3322177,early_stopping
LA_E_3322187,treino_interno
LA_E_3322437,treino_interno
LA_E_3322563,treino_interno
LA_E_3322904,treino_interno
LA_E_3322953,early_stopping
LA_E_3323217,treino_interno
LA_E_3323248,treino_interno
LA_E_3323270,treino_interno
LA_E_3323916,treino_interno
LA_E_3324435,treino_interno
LA_E_3324784,treino_interno
LA_E_3325107,treino_interno
LA_E_3325391,treino_interno
LA_E_3325673,treino_interno
LA_E_3326057,treino_interno
LA_E_3326083,treino_interno
LA_E_3326099,treino_interno
LA_E_3326163,treino_interno
LA_E_3326187,treino_interno
LA_E_3326494,treino_interno
LA_E_3326555,treino_interno
LA_E_3326609,treino_interno
LA_E_3326642,treino_interno
LA_E_3326649,treino_interno
LA_E_3326732,treino_interno
LA_E_3326847,treino_interno
LA_E_3326907,treino_interno
LA_E_3327236,treino_interno
LA_E_3327308,treino_interno
LA_E_3327346,treino_interno
LA_E_3327494,treino_interno
LA_E_3327633,treino_interno
LA_E_3328182,treino_interno
LA_E_3328308,treino_interno
LA_E_3328343,treino_interno
LA_E_3328819,treino_interno
LA_E_3328955,treino_interno
LA_E_3329507,early_stopping
LA_E_3330136,treino_interno
LA_E_3330279,treino_interno
LA_E_3330384,treino_interno
LA_E_3330486,treino_interno
LA_E_3330487,treino_interno
LA_E_3330679,treino_interno
LA_E_3331126,treino_interno
LA_E_3331226,treino_interno
LA_E_3331873,treino_interno
LA_E_3332021,treino_interno
LA_E_3332261,treino_interno
LA_E_3333537,treino_interno
LA_E_3333662,treino_interno
LA_E_3333994,treino_interno
LA_E_3334096,treino_interno
LA_E_3334420,treino_interno
LA_E_3334746,treino_interno
LA_E_3334906,treino_interno
LA_E_3335180,treino_interno
LA_E_3336116,early_stopping
LA_E_3336155,treino_interno
LA_E_3336353,treino_interno
LA_E_3336400,treino_interno
LA_E_3336439,treino_interno
LA_E_3336569,early_stopping
LA_E_3336610,treino_interno
LA_E_3336683,treino_interno
LA_E_3336688,treino_interno
LA_E_3336694,early_stopping
LA_E_3337499,treino_interno
LA_E_3337759,treino_interno
LA_E_3337766,treino_interno
LA_E_3337794,treino_interno
LA_E_3338369,treino_interno
LA_E_3338584,treino_interno
LA_E_3338634,treino_interno
LA_E_3338648,treino_interno
LA_E_3339977,treino_interno
LA_E_3340099,treino_interno
LA_E_3340155,treino_interno
LA_E_3340344,treino_interno
LA_E_3340411,treino_interno
LA_E_3340434,treino_interno
LA_E_3340766,treino_interno
LA_E_3340910,treino_interno
LA_E_3340994,treino_interno
LA_E_3341004,treino_interno
LA_E_3341043,treino_interno
LA_E_3341428,treino_interno
LA_E_3341593,treino_interno
LA_E_3341643,treino_interno
LA_E_3342260,early_stopping
LA_E_3342320,treino_interno
LA_E_3342378,treino_interno
LA_E_3342822,treino_interno
LA_E_3342976,treino_interno
LA_E_3343021,treino_interno
LA_E_3343950,treino_interno
LA_E_3344032,treino_interno
LA_E_3344417,treino_interno
LA_E_3344478,treino_interno
LA_E_3346488,treino_interno
LA_E_3346680,treino_interno
LA_E_3346710,treino_interno
LA_E_3346798,treino_interno
LA_E_3346895,treino_interno
LA_E_3346942,treino_interno
LA_E_3347349,treino_interno
LA_E_3348042,treino_interno
LA_E_3348582,treino_interno
LA_E_3348629,treino_interno
LA_E_3349017,treino_interno
LA_E_3349378,treino_interno
LA_E_3349714,treino_interno
LA_E_3350120,treino_interno
LA_E_3350558,treino_interno
LA_E_3350974,treino_interno
LA_E_3351038,treino_interno
LA_E_3351190,treino_interno
LA_E_3351354,treino_interno
LA_E_3351471,treino_interno
LA_E_3351494,treino_interno
LA_E_3351873,treino_interno
LA_E_3351905,treino_interno
LA_E_3352037,early_stopping
LA_E_3352579,treino_interno
LA_E_3353367,treino_interno
LA_E_3353679,treino_interno
LA_E_3353871,treino_interno
LA_E_3354254,treino_interno
LA_E_3354259,treino_interno
LA_E_3354393,treino_interno
LA_E_3354717,treino_interno
LA_E_3354770,treino_interno
LA_E_3355064,treino_interno
LA_E_3355085,treino_interno
LA_E_3355547,treino_interno
LA_E_3356247,treino_interno
LA_E_3356368,treino_interno
LA_E_3356593,early_stopping
LA_E_3357129,treino_interno
LA_E_3357247,treino_interno
LA_E_3357457,treino_interno
LA_E_3357477,treino_interno
LA_E_3357552,early_stopping
LA_E_3357561,treino_interno
LA_E_3357569,treino_interno
LA_E_3358246,treino_interno
LA_E_3358749,treino_interno
LA_E_3358934,treino_interno
LA_E_3359317,treino_interno
LA_E_3359487,treino_interno
LA_E_3359536,treino_interno
LA_E_3359793,treino_interno
LA_E_3359867,treino_interno
LA_E_3360006,treino_interno
LA_E_3360170,treino_interno
LA_E_3360660,treino_interno
LA_E_3360671,treino_interno
LA_E_3360827,early_stopping
LA_E_3361158,treino_interno
LA_E_3361169,treino_interno
LA_E_3361547,treino_interno
LA_E_3361677,treino_interno
LA_E_3362116,treino_interno
LA_E_3362849,treino_interno
LA_E_3362874,treino_interno
LA_E_3362930,treino_interno
LA_E_3363646,treino_interno
LA_E_3363763,treino_interno
LA_E_3364089,treino_interno
LA_E_3364265,treino_interno
LA_E_3364466,treino_interno
LA_E_3364774,treino_interno
LA_E_3365124,treino_interno
LA_E_3365290,early_stopping
LA_E_3365466,treino_interno
LA_E_3365525,treino_interno
LA_E_3365982,treino_interno
LA_E_3366032,treino_interno
LA_E_3366199,treino_interno
LA_E_3366464,treino_interno
LA_E_3367337,treino_interno
LA_E_3367463,treino_interno
LA_E_3367589,treino_interno
LA_E_3367729,treino_interno
LA_E_3367792,treino_interno
LA_E_3367875,treino_interno
LA_E_3368161,treino_interno
LA_E_3368216,treino_interno
LA_E_3368343,treino_interno
LA_E_3368421,treino_interno
LA_E_3368474,treino_interno
LA_E_3369139,treino_interno
LA_E_3369384,early_stopping
LA_E_3369530,treino_interno
LA_E_3369618,treino_interno
LA_E_3369828,treino_interno
LA_E_3369857,treino_interno
LA_E_3370085,treino_interno
LA_E_3370921,early_stopping
LA_E_3371063,treino_interno
LA_E_3371112,treino_interno
LA_E_3371221,treino_interno
LA_E_3371230,treino_interno
LA_E_3371326,treino_interno
LA_E_3372143,treino_interno
LA_E_3372219,treino_interno
LA_E_3372615,treino_interno
LA_E_3372757,early_stopping
LA_E_3373444,treino_interno
LA_E_3373506,early_stopping
LA_E_3373585,treino_interno
LA_E_3373607,treino_interno
LA_E_3373777,treino_interno
LA_E_3373778,treino_interno
LA_E_3373818,treino_interno
LA_E_3373905,treino_interno
LA_E_3374452,treino_interno
LA_E_3374483,treino_interno
LA_E_3374661,treino_interno
LA_E_3374920,treino_interno
LA_E_3375134,early_stopping
LA_E_3375168,treino_interno
LA_E_3376102,treino_interno
LA_E_3376231,treino_interno
LA_E_3376244,treino_interno
LA_E_3376380,treino_interno
LA_E_3376395,treino_interno
LA_E_3376429,treino_interno
LA_E_3376547,treino_interno
LA_E_3376618,treino_interno
LA_E_3376632,treino_interno
LA_E_3376674,treino_interno
LA_E_3377020,treino_interno
LA_E_3377641,treino_interno
LA_E_3378353,treino_interno
LA_E_3378641,treino_interno
LA_E_3378867,treino_interno
LA_E_3379449,treino_interno
LA_E_3379602,treino_interno
LA_E_3379822,early_stopping
LA_E_3379837,treino_interno
LA_E_3380028,treino_interno
LA_E_3380321,treino_interno
LA_E_3381142,early_stopping
LA_E_3381417,treino_interno
LA_E_3382555,treino_interno
LA_E_3382628,early_stopping
LA_E_3382629,treino_interno
LA_E_3382923,treino_interno
LA_E_3383058,treino_interno
LA_E_3383536,treino_interno
LA_E_3383842,treino_interno
LA_E_3384628,treino_interno
LA_E_3384730,treino_interno
LA_E_3385000,treino_interno
LA_E_3385019,early_stopping
LA_E_3385128,treino_interno
LA_E_3385235,treino_interno
LA_E_3385301,treino_interno
LA_E_3385429,treino_interno
LA_E_3385432,treino_interno
LA_E_3385565,treino_interno
LA_E_3385775,treino_interno
LA_E_3386974,treino_interno
LA_E_3387206,treino_interno
LA_E_3387464,treino_interno
LA_E_3387516,treino_interno
LA_E_3387676,treino_interno
LA_E_3387753,treino_interno
LA_E_3387792,treino_interno
LA_E_3387957,treino_interno
LA_E_3388160,early_stopping
LA_E_3388384,early_stopping
LA_E_3388475,early_stopping
LA_E_3388536,treino_interno
LA_E_3388655,treino_interno
LA_E_3388802,early_stopping
LA_E_3389115,treino_interno
LA_E_3389333,treino_interno
LA_E_3389497,treino_interno
LA_E_3389529,treino_interno
LA_E_3389533,treino_interno
LA_E_3389545,treino_interno
LA_E_3389658,treino_interno
LA_E_3389698,treino_interno
LA_E_3389910,early_stopping
LA_E_3389962,treino_interno
LA_E_3390550,treino_interno
LA_E_3390625,treino_interno
LA_E_3390861,treino_interno
LA_E_3391005,early_stopping
LA_E_3392145,treino_interno
LA_E_3392223,treino_interno
LA_E_3392792,early_stopping
LA_E_3393177,treino_interno
LA_E_3393188,treino_interno
LA_E_3393620,treino_interno
LA_E_3393942,treino_interno
LA_E_3394430,treino_interno
LA_E_3394545,treino_interno
LA_E_3394956,treino_interno
LA_E_3395307,treino_interno
LA_E_3395466,treino_interno
LA_E_3395639,treino_interno
LA_E_3395809,treino_interno
LA_E_3395922,treino_interno
LA_E_3396060,treino_interno
LA_E_3396129,treino_interno
LA_E_3396240,treino_interno
LA_E_3396419,treino_interno
LA_E_3396812,treino_interno
LA_E_3397516,treino_interno
LA_E_3397653,treino_interno
LA_E_3397808,treino_interno
LA_E_3397976,treino_interno
LA_E_3398266,treino_interno
LA_E_3398730,treino_interno
LA_E_3398801,treino_interno
LA_E_3398895,treino_interno
LA_E_3399093,treino_interno
LA_E_3399152,treino_interno
LA_E_3399600,treino_interno
LA_E_3399622,early_stopping
LA_E_3399931,treino_interno
LA_E_3400094,treino_interno
LA_E_3400303,treino_interno
LA_E_3400357,treino_interno
LA_E_3400453,treino_interno
LA_E_3400552,treino_interno
LA_E_3400719,treino_interno
LA_E_3400987,treino_interno
LA_E_3401480,treino_interno
LA_E_3401519,treino_interno
LA_E_3401952,treino_interno
LA_E_3402032,treino_interno
LA_E_3402688,treino_interno
LA_E_3403128,treino_interno
LA_E_3403261,treino_interno
LA_E_3403343,treino_interno
LA_E_3403382,early_stopping
LA_E_3403697,treino_interno
LA_E_3404076,treino_interno
LA_E_3404217,treino_interno
LA_E_3404455,treino_interno
LA_E_3405518,treino_interno
LA_E_3405845,treino_interno
LA_E_3406755,treino_interno
LA_E_3406900,treino_interno
LA_E_3407553,treino_interno
LA_E_3407703,treino_interno
LA_E_3407912,treino_interno
LA_E_3408614,treino_interno
LA_E_3409154,treino_interno
LA_E_3409374,treino_interno
LA_E_3409962,treino_interno
LA_E_3410128,treino_interno
LA_E_3410155,treino_interno
LA_E_3410640,treino_interno
LA_E_3410941,treino_interno
LA_E_3411002,early_stopping
LA_E_3411247,treino_interno
LA_E_3411594,treino_interno
LA_E_3411961,early_stopping
LA_E_3412436,early_stopping
LA_E_3412780,treino_interno
LA_E_3412918,treino_interno
LA_E_3412950,treino_interno
LA_E_3413146,treino_interno
LA_E_3413385,treino_interno
LA_E_3413496,treino_interno
LA_E_3413757,treino_interno
LA_E_3414989,treino_interno
LA_E_3415035,treino_interno
LA_E_3415176,treino_interno
LA_E_3415481,early_stopping
LA_E_3415590,treino_interno
LA_E_3416983,treino_interno
LA_E_3417619,treino_interno
LA_E_3418049,treino_interno
LA_E_3418236,treino_interno
LA_E_3418422,treino_interno
LA_E_3418667,treino_interno
LA_E_3418699,treino_interno
LA_E_3418982,treino_interno
LA_E_3419091,treino_interno
LA_E_3419140,early_stopping
LA_E_3419412,treino_interno
LA_E_3419575,treino_interno
LA_E_3419704,treino_interno
LA_E_3419917,treino_interno
LA_E_3420399,treino_interno
LA_E_3420681,treino_interno
LA_E_3420817,early_stopping
LA_E_3421173,treino_interno
LA_E_3422248,treino_interno
LA_E_3422805,early_stopping
LA_E_3422984,treino_interno
LA_E_3423222,early_stopping
LA_E_3423223,treino_interno
LA_E_3423444,treino_interno
LA_E_3423453,treino_interno
LA_E_3423560,treino_interno
LA_E_3423575,early_stopping
LA_E_3424357,treino_interno
LA_E_3424385,treino_interno
LA_E_3424457,treino_interno
LA_E_3424671,treino_interno
LA_E_3424701,treino_interno
LA_E_3424954,treino_interno
LA_E_3425106,early_stopping
LA_E_3425185,early_stopping
LA_E_3425585,treino_interno
LA_E_3425701,treino_interno
LA_E_3426160,treino_interno
LA_E_3426512,treino_interno
LA_E_3427015,treino_interno
LA_E_3427149,treino_interno
LA_E_3427428,treino_interno
LA_E_3427533,treino_interno
LA_E_3427675,treino_interno
LA_E_3427903,treino_interno
LA_E_3427981,treino_interno
LA_E_3428984,treino_interno
LA_E_3429497,treino_interno
LA_E_3429508,treino_interno
LA_E_3429676,treino_interno
LA_E_3429849,treino_interno
LA_E_3429956,treino_interno
LA_E_3430581,treino_interno
LA_E_3431038,early_stopping
LA_E_3431054,treino_interno
LA_E_3431365,treino_interno
LA_E_3431482,treino_interno
LA_E_3431577,early_stopping
LA_E_3431635,treino_interno
LA_E_3431736,treino_interno
LA_E_3431925,treino_interno
LA_E_3432335,treino_interno
LA_E_3432489,early_stopping
LA_E_3432599,treino_interno
LA_E_3432617,early_stopping
LA_E_3432930,treino_interno
LA_E_3433274,treino_interno
LA_E_3433879,treino_interno
LA_E_3434075,early_stopping
LA_E_3434161,treino_interno
LA_E_3434318,treino_interno
LA_E_3434362,treino_interno
LA_E_3434452,early_stopping
LA_E_3435041,treino_interno
LA_E_3435125,treino_interno
LA_E_3435170,early_stopping
LA_E_3435178,treino_interno
LA_E_3435238,treino_interno
LA_E_3435518,treino_interno
LA_E_3435796,treino_interno
LA_E_3436028,treino_interno
LA_E_3436392,treino_interno
LA_E_3436415,treino_interno
LA_E_3436862,treino_interno
LA_E_3436939,early_stopping
LA_E_3436941,treino_interno
LA_E_3437123,treino_interno
LA_E_3437250,treino_interno
LA_E_3437429,treino_interno
LA_E_3437459,treino_interno
LA_E_3437856,treino_interno
LA_E_3438090,treino_interno
LA_E_3438903,treino_interno
LA_E_3439095,treino_interno
LA_E_3439143,treino_interno
LA_E_3439241,treino_interno
LA_E_3439460,treino_interno
LA_E_3439480,treino_interno
LA_E_3439743,treino_interno
LA_E_3439822,treino_interno
LA_E_3440424,treino_interno
LA_E_3440544,treino_interno
LA_E_3440685,treino_interno
LA_E_3440850,treino_interno
LA_E_3441634,treino_interno
LA_E_3441909,treino_interno
LA_E_3441940,treino_interno
LA_E_3441998,early_stopping
LA_E_3442224,treino_interno
LA_E_3442278,treino_interno
LA_E_3442761,treino_interno
LA_E_3442899,treino_interno
LA_E_3443048,treino_interno
LA_E_3443251,treino_interno
LA_E_3443423,treino_interno
LA_E_3443595,treino_interno
LA_E_3443879,treino_interno
LA_E_3444114,treino_interno
LA_E_3445014,treino_interno
LA_E_3445035,treino_interno
LA_E_3445048,early_stopping
LA_E_3445878,treino_interno
LA_E_3446053,treino_interno
LA_E_3446784,treino_interno
LA_E_3447077,treino_interno
LA_E_3447425,treino_interno
LA_E_3447620,treino_interno
LA_E_3447692,treino_interno
LA_E_3447744,treino_interno
LA_E_3447911,treino_interno
LA_E_3447947,treino_interno
LA_E_3448262,treino_interno
LA_E_3448442,treino_interno
LA_E_3448536,treino_interno
LA_E_3448679,treino_interno
LA_E_3448743,treino_interno
LA_E_3448816,early_stopping
LA_E_3449273,treino_interno
LA_E_3449624,treino_interno
LA_E_3449957,treino_interno
LA_E_3449983,treino_interno
LA_E_3450042,treino_interno
LA_E_3450067,early_stopping
LA_E_3450501,treino_interno
LA_E_3450710,treino_interno
LA_E_3450983,treino_interno
LA_E_3451686,treino_interno
LA_E_3451839,treino_interno
LA_E_3452723,treino_interno
LA_E_3453127,treino_interno
LA_E_3453323,treino_interno
LA_E_3453926,treino_interno
LA_E_3454534,early_stopping
LA_E_3454640,treino_interno
LA_E_3454694,treino_interno
LA_E_3454864,treino_interno
LA_E_3455248,early_stopping
LA_E_3455481,treino_interno
LA_E_3455560,treino_interno
LA_E_3455620,treino_interno
LA_E_3455920,treino_interno
LA_E_3456032,treino_interno
LA_E_3456380,treino_interno
LA_E_3456383,treino_interno
LA_E_3456391,treino_interno
LA_E_3456499,early_stopping
LA_E_3456500,treino_interno
LA_E_3457423,treino_interno
LA_E_3457692,early_stopping
LA_E_3458154,treino_interno
LA_E_3458194,treino_interno
LA_E_3458491,treino_interno
LA_E_3458510,treino_interno
LA_E_3458797,treino_interno
LA_E_3458956,treino_interno
LA_E_3459043,treino_interno
LA_E_3459215,early_stopping
LA_E_3459251,treino_interno
LA_E_3459657,early_stopping
LA_E_3459984,treino_interno
LA_E_3460298,treino_interno
LA_E_3460499,treino_interno
LA_E_3461534,treino_interno
LA_E_3461794,early_stopping
LA_E_3461918,treino_interno
LA_E_3462113,treino_interno
LA_E_3463143,treino_interno
LA_E_3463228,early_stopping
LA_E_3463387,treino_interno
LA_E_3464737,treino_interno
LA_E_3465098,treino_interno
LA_E_3465402,early_stopping
LA_E_3466251,treino_interno
LA_E_3466672,early_stopping
LA_E_3466685,treino_interno
LA_E_3467048,treino_interno
LA_E_3467575,treino_interno
LA_E_3468337,treino_interno
LA_E_3468500,treino_interno
LA_E_3468797,treino_interno
LA_E_3469083,treino_interno
LA_E_3469349,treino_interno
LA_E_3469578,treino_interno
LA_E_3469687,treino_interno
LA_E_3469692,treino_interno
LA_E_3469874,treino_interno
LA_E_3470115,treino_interno
LA_E_3470133,treino_interno
LA_E_3470295,treino_interno
LA_E_3471090,treino_interno
LA_E_3471140,treino_interno
LA_E_3471648,early_stopping
LA_E_3473702,early_stopping
LA_E_3474350,treino_interno
LA_E_3474755,treino_interno
LA_E_3475161,early_stopping
LA_E_3475320,treino_interno
LA_E_3475625,treino_interno
LA_E_3476075,treino_interno
LA_E_3476430,early_stopping
LA_E_3477189,treino_interno
LA_E_3477412,treino_interno
LA_E_3477479,treino_interno
LA_E_3477941,treino_interno
LA_E_3478197,treino_interno
LA_E_3478456,treino_interno
LA_E_3478589,treino_interno
LA_E_3479201,treino_interno
LA_E_3480036,early_stopping
LA_E_3480603,treino_interno
LA_E_3480732,treino_interno
LA_E_3480989,treino_interno
LA_E_3481267,treino_interno
LA_E_3481510,treino_interno
LA_E_3481598,treino_interno
LA_E_3481986,treino_interno
LA_E_3482107,early_stopping
LA_E_3482352,early_stopping
LA_E_3482415,early_stopping
LA_E_3482441,treino_interno
LA_E_3482871,treino_interno
LA_E_3483368,treino_interno
LA_E_3483415,treino_interno
LA_E_3483683,treino_interno
LA_E_3483865,treino_interno
LA_E_3483882,treino_interno
LA_E_3483892,treino_interno
LA_E_3483994,treino_interno
LA_E_3484303,early_stopping
LA_E_3484641,treino_interno
LA_E_3484798,treino_interno
LA_E_3485491,treino_interno
LA_E_3485818,treino_interno
LA_E_3486256,treino_interno
LA_E_3486568,treino_interno
LA_E_3486648,treino_interno
LA_E_3486687,early_stopping
LA_E_3486749,treino_interno
LA_E_3486887,treino_interno
LA_E_3487567,early_stopping
LA_E_3487864,treino_interno
LA_E_3488562,treino_interno
LA_E_3488618,treino_interno
LA_E_3488648,treino_interno
LA_E_3488886,treino_interno
LA_E_3488967,treino_interno
LA_E_3489701,treino_interno
LA_E_3489936,treino_interno
LA_E_3489981,treino_interno
LA_E_3490033,treino_interno
LA_E_3490609,treino_interno
LA_E_3490926,treino_interno
LA_E_3490947,treino_interno
LA_E_3490957,early_stopping
LA_E_3492215,treino_interno
LA_E_3492555,treino_interno
LA_E_3492578,treino_interno
LA_E_3492695,treino_interno
LA_E_3492876,treino_interno
LA_E_3492926,treino_interno
LA_E_3493338,treino_interno
LA_E_3493397,treino_interno
LA_E_3493456,treino_interno
LA_E_3493895,treino_interno
LA_E_3494323,treino_interno
LA_E_3494471,treino_interno
LA_E_3494625,treino_interno
LA_E_3494683,treino_interno
LA_E_3494870,treino_interno
LA_E_3494891,treino_interno
LA_E_3494920,treino_interno
LA_E_3495090,treino_interno
LA_E_3495225,treino_interno
LA_E_3495380,treino_interno
LA_E_3495605,early_stopping
LA_E_3495878,treino_interno
LA_E_3496115,treino_interno
LA_E_3496138,treino_interno
LA_E_3496490,treino_interno
LA_E_3496860,treino_interno
LA_E_3497607,treino_interno
LA_E_3497693,treino_interno
LA_E_3498416,treino_interno
LA_E_3498980,treino_interno
LA_E_3499132,treino_interno
LA_E_3499224,treino_interno
LA_E_3500088,early_stopping
LA_E_3500177,treino_interno
LA_E_3500267,treino_interno
LA_E_3500354,treino_interno
LA_E_3500404,treino_interno
LA_E_3500487,treino_interno
LA_E_3500820,early_stopping
LA_E_3500885,treino_interno
LA_E_3501106,treino_interno
LA_E_3501255,treino_interno
LA_E_3501823,treino_interno
LA_E_3501904,treino_interno
LA_E_3501962,treino_interno
LA_E_3502071,early_stopping
LA_E_3502158,treino_interno
LA_E_3502309,treino_interno
LA_E_3502460,treino_interno
LA_E_3503365,treino_interno
LA_E_3504841,treino_interno
LA_E_3505060,treino_interno
LA_E_3505147,early_stopping
LA_E_3505452,treino_interno
LA_E_3505658,early_stopping
LA_E_3505955,treino_interno
LA_E_3505978,treino_interno
LA_E_3506694,treino_interno
LA_E_3506809,treino_interno
LA_E_3506890,treino_interno
LA_E_3507071,treino_interno
LA_E_3507080,treino_interno
LA_E_3507131,early_stopping
LA_E_3507161,treino_interno
LA_E_3507209,treino_interno
LA_E_3507260,early_stopping
LA_E_3507312,treino_interno
LA_E_3507831,treino_interno
LA_E_3508089,treino_interno
LA_E_3508279,treino_interno
LA_E_3508787,treino_interno
LA_E_3509537,treino_interno
LA_E_3509619,treino_interno
LA_E_3509805,treino_interno
LA_E_3510241,treino_interno
LA_E_3511032,treino_interno
LA_E_3511120,treino_interno
LA_E_3511253,treino_interno
LA_E_3511501,treino_interno
LA_E_3511565,treino_interno
LA_E_3511570,treino_interno
LA_E_3511599,treino_interno
LA_E_3511676,treino_interno
LA_E_3511858,treino_interno
LA_E_3511899,treino_interno
LA_E_3512538,treino_interno
LA_E_3512648,treino_interno
LA_E_3512666,treino_interno
LA_E_3512879,treino_interno
LA_E_3512909,treino_interno
LA_E_3512991,treino_interno
LA_E_3513067,treino_interno
LA_E_3513863,treino_interno
LA_E_3513902,treino_interno
LA_E_3513924,treino_interno
LA_E_3514046,treino_interno
LA_E_3514356,treino_interno
LA_E_3514492,early_stopping
LA_E_3514581,treino_interno
LA_E_3514887,treino_interno
LA_E_3515599,treino_interno
LA_E_3515965,treino_interno
LA_E_3516185,treino_interno
LA_E_3516420,treino_interno
LA_E_3516557,treino_interno
LA_E_3517166,treino_interno
LA_E_3517266,treino_interno
LA_E_3517276,treino_interno
LA_E_3518012,treino_interno
LA_E_3518223,treino_interno
LA_E_3518302,treino_interno
LA_E_3518332,treino_interno
LA_E_3518594,treino_interno
LA_E_3519328,treino_interno
LA_E_3519963,treino_interno
LA_E_3520470,treino_interno
LA_E_3520654,treino_interno
LA_E_3520702,treino_interno
LA_E_3521031,early_stopping
LA_E_3521500,treino_interno
LA_E_3521698,treino_interno
LA_E_3521780,treino_interno
LA_E_3521835,treino_interno
LA_E_3522047,treino_interno
LA_E_3523150,treino_interno
LA_E_3523543,treino_interno
LA_E_3523600,treino_interno
LA_E_3523800,treino_interno
LA_E_3523818,treino_interno
LA_E_3524099,treino_interno
LA_E_3524228,early_stopping
LA_E_3524690,treino_interno
LA_E_3524920,treino_interno
LA_E_3525281,treino_interno
LA_E_3525313,treino_interno
LA_E_3525335,treino_interno
LA_E_3525497,treino_interno
LA_E_3525685,treino_interno
LA_E_3525713,treino_interno
LA_E_3525761,treino_interno
LA_E_3526057,early_stopping
LA_E_3526227,treino_interno
LA_E_3526373,treino_interno
LA_E_3526412,early_stopping
LA_E_3527185,treino_interno
LA_E_3527321,treino_interno
LA_E_3527564,treino_interno
LA_E_3527581,treino_interno
LA_E_3527713,early_stopping
LA_E_3528599,treino_interno
LA_E_3528915,treino_interno
LA_E_3529421,treino_interno
LA_E_3529450,treino_interno
LA_E_3529617,treino_interno
LA_E_3529774,treino_interno
LA_E_3529882,treino_interno
LA_E_3530664,treino_interno
LA_E_3530822,treino_interno
LA_E_3530872,treino_interno
LA_E_3531633,treino_interno
LA_E_3532671,treino_interno
LA_E_3533313,treino_interno
LA_E_3533399,treino_interno
LA_E_3533511,treino_interno
LA_E_3533730,treino_interno
LA_E_3534236,treino_interno
LA_E_3534316,treino_interno
LA_E_3534479,treino_interno
LA_E_3534541,early_stopping
LA_E_3534671,treino_interno
LA_E_3535060,treino_interno
LA_E_3535084,treino_interno
LA_E_3535260,treino_interno
LA_E_3535332,early_stopping
LA_E_3536215,treino_interno
LA_E_3536564,treino_interno
LA_E_3536999,treino_interno
LA_E_3537129,early_stopping
LA_E_3537175,treino_interno
LA_E_3537290,treino_interno
LA_E_3537914,treino_interno
LA_E_3537998,treino_interno
LA_E_3538121,treino_interno
LA_E_3538284,treino_interno
LA_E_3538535,treino_interno
LA_E_3539292,treino_interno
LA_E_3539676,treino_interno
LA_E_3539774,treino_interno
LA_E_3540444,treino_interno
LA_E_3540516,treino_interno
LA_E_3541030,treino_interno
LA_E_3541515,treino_interno
LA_E_3542356,treino_interno
LA_E_3542390,treino_interno
LA_E_3542608,treino_interno
LA_E_3542768,early_stopping
LA_E_3543256,treino_interno
LA_E_3543569,early_stopping
LA_E_3544134,treino_interno
LA_E_3544137,treino_interno
LA_E_3544138,treino_interno
LA_E_3545580,treino_interno
LA_E_3545582,treino_interno
LA_E_3545585,treino_interno
LA_E_3546127,treino_interno
LA_E_3546408,treino_interno
LA_E_3547883,treino_interno
LA_E_3548022,early_stopping
LA_E_3548032,early_stopping
LA_E_3548066,treino_interno
LA_E_3548101,early_stopping
LA_E_3548230,treino_interno
LA_E_3548308,treino_interno
LA_E_3548399,treino_interno
LA_E_3548410,treino_interno
LA_E_3548960,treino_interno
LA_E_3549024,treino_interno
LA_E_3550421,treino_interno
LA_E_3550763,treino_interno
LA_E_3551176,treino_interno
LA_E_3551943,treino_interno
LA_E_3552596,treino_interno
LA_E_3552601,treino_interno
LA_E_3552675,treino_interno
LA_E_3552685,treino_interno
LA_E_3552924,treino_interno
LA_E_3552960,treino_interno
LA_E_3553511,treino_interno
LA_E_3553718,treino_interno
LA_E_3554100,treino_interno
LA_E_3554345,treino_interno
LA_E_3554700,early_stopping
LA_E_3555511,treino_interno
LA_E_3555739,treino_interno
LA_E_3556213,treino_interno
LA_E_3556483,treino_interno
LA_E_3556601,treino_interno
LA_E_3556722,early_stopping
LA_E_3556830,treino_interno
LA_E_3556996,treino_interno
LA_E_3557294,treino_interno
LA_E_3557320,treino_interno
LA_E_3557331,early_stopping
LA_E_3557835,early_stopping
LA_E_3558553,treino_interno
LA_E_3558677,treino_interno
LA_E_3558772,treino_interno
LA_E_3559066,treino_interno
LA_E_3559941,treino_interno
LA_E_3560052,treino_interno
LA_E_3560289,treino_interno
LA_E_3560537,treino_interno
LA_E_3560626,treino_interno
LA_E_3561109,treino_interno
LA_E_3561390,treino_interno
LA_E_3561505,treino_interno
LA_E_3561878,treino_interno
LA_E_3562182,treino_interno
LA_E_3562594,treino_interno
LA_E_3562679,treino_interno
LA_E_3562979,treino_interno
LA_E_3563202,early_stopping
LA_E_3563463,early_stopping
LA_E_3563612,treino_interno
LA_E_3564341,treino_interno
LA_E_3564699,treino_interno
LA_E_3564944,treino_interno
LA_E_3565481,treino_interno
LA_E_3566137,treino_interno
LA_E_3566290,treino_interno
LA_E_3566349,treino_interno
LA_E_3566390,early_stopping
LA_E_3566401,treino_interno
LA_E_3566700,treino_interno
LA_E_3566723,treino_interno
LA_E_3566911,treino_interno
LA_E_3566919,treino_interno
LA_E_3566923,treino_interno
LA_E_3567150,treino_interno
LA_E_3567164,treino_interno
LA_E_3567297,treino_interno
LA_E_3567302,treino_interno
LA_E_3568638,early_stopping
LA_E_3568822,treino_interno
LA_E_3568997,treino_interno
LA_E_3569039,treino_interno
LA_E_3569223,treino_interno
LA_E_3569646,treino_interno
LA_E_3569954,treino_interno
LA_E_3570178,early_stopping
LA_E_3570297,treino_interno
LA_E_3571117,treino_interno
LA_E_3571232,treino_interno
LA_E_3571283,treino_interno
LA_E_3571344,treino_interno
LA_E_3571465,treino_interno
LA_E_3571627,treino_interno
LA_E_3571721,early_stopping
LA_E_3571958,treino_interno
LA_E_3572213,treino_interno
LA_E_3572672,treino_interno
LA_E_3572950,treino_interno
LA_E_3573120,treino_interno
LA_E_3573196,early_stopping
LA_E_3573422,treino_interno
LA_E_3574075,treino_interno
LA_E_3574222,early_stopping
LA_E_3574308,treino_interno
LA_E_3574491,treino_interno
LA_E_3574536,treino_interno
LA_E_3574581,treino_interno
LA_E_3575232,treino_interno
LA_E_3575277,treino_interno
LA_E_3575389,treino_interno
LA_E_3575690,treino_interno
LA_E_3575736,early_stopping
LA_E_3576726,treino_interno
LA_E_3577791,treino_interno
LA_E_3578203,treino_interno
LA_E_3578360,treino_interno
LA_E_3578406,treino_interno
LA_E_3579020,treino_interno
LA_E_3579027,treino_interno
LA_E_3579091,treino_interno
LA_E_3579240,treino_interno
LA_E_3579248,treino_interno
LA_E_3579349,treino_interno
LA_E_3579798,treino_interno
LA_E_3579971,treino_interno
LA_E_3580083,treino_interno
LA_E_3580232,treino_interno
LA_E_3580407,early_stopping
LA_E_3581397,treino_interno
LA_E_3581781,treino_interno
LA_E_3581854,treino_interno
LA_E_3581970,treino_interno
LA_E_3583203,treino_interno
LA_E_3583336,treino_interno
LA_E_3583373,early_stopping
LA_E_3583772,treino_interno
LA_E_3584514,treino_interno
LA_E_3584557,treino_interno
LA_E_3584619,treino_interno
LA_E_3584656,treino_interno
LA_E_3584665,treino_interno
LA_E_3585170,early_stopping
LA_E_3585543,treino_interno
LA_E_3586376,treino_interno
LA_E_3586488,treino_interno
LA_E_3586994,treino_interno
LA_E_3587010,treino_interno
LA_E_3587095,treino_interno
LA_E_3587217,early_stopping
LA_E_3587283,treino_interno
LA_E_3588259,treino_interno
LA_E_3588451,treino_interno
LA_E_3588455,treino_interno
LA_E_3588822,treino_interno
LA_E_3588943,treino_interno
LA_E_3589092,treino_interno
LA_E_3589209,treino_interno
LA_E_3589235,treino_interno
LA_E_3590040,treino_interno
LA_E_3590791,treino_interno
LA_E_3591378,treino_interno
LA_E_3591499,treino_interno
LA_E_3591595,treino_interno
LA_E_3591926,treino_interno
LA_E_3593172,treino_interno
LA_E_3593201,treino_interno
LA_E_3593623,treino_interno
LA_E_3593799,early_stopping
LA_E_3593812,treino_interno
LA_E_3593993,treino_interno
LA_E_3594428,treino_interno
LA_E_3594802,treino_interno
LA_E_3595436,treino_interno
LA_E_3595610,treino_interno
LA_E_3595920,treino_interno
LA_E_3596604,early_stopping
LA_E_3596622,early_stopping
LA_E_3596853,treino_interno
LA_E_3597116,treino_interno
LA_E_3597281,early_stopping
LA_E_3597473,treino_interno
LA_E_3597477,treino_interno
LA_E_3597682,treino_interno
LA_E_3597834,treino_interno
LA_E_3597951,treino_interno
LA_E_3598340,early_stopping
LA_E_3598659,treino_interno
LA_E_3599393,treino_interno
LA_E_3599405,treino_interno
LA_E_3599809,treino_interno
LA_E_3600033,treino_interno
LA_E_3600742,early_stopping
LA_E_3600886,treino_interno
LA_E_3601095,treino_interno
LA_E_3601237,treino_interno
LA_E_3601728,treino_interno
LA_E_3601739,treino_interno
LA_E_3601848,treino_interno
LA_E_3602026,treino_interno
LA_E_3602232,treino_interno
LA_E_3602259,treino_interno
LA_E_3602355,treino_interno
LA_E_3602653,treino_interno
LA_E_3603162,treino_interno
LA_E_3605044,treino_interno
LA_E_3605468,treino_interno
LA_E_3605494,treino_interno
LA_E_3606108,treino_interno
LA_E_3606263,treino_interno
LA_E_3606407,treino_interno
LA_E_3606552,treino_interno
LA_E_3606564,treino_interno
LA_E_3606607,treino_interno
LA_E_3606660,treino_interno
LA_E_3606771,treino_interno
LA_E_3607009,treino_interno
LA_E_3607837,treino_interno
LA_E_3607854,treino_interno
LA_E_3607982,treino_interno
LA_E_3608006,treino_interno
LA_E_3608008,treino_interno
LA_E_3608054,early_stopping
LA_E_3608427,treino_interno
LA_E_3609025,early_stopping
LA_E_3609559,treino_interno
LA_E_3609598,treino_interno
LA_E_3609643,treino_interno
LA_E_3610155,early_stopping
LA_E_3610221,treino_interno
LA_E_3610536,treino_interno
LA_E_3611176,treino_interno
LA_E_3611240,early_stopping
LA_E_3611512,treino_interno
LA_E_3611587,treino_interno
LA_E_3611689,treino_interno
LA_E_3611695,treino_interno
LA_E_3611842,treino_interno
LA_E_3612020,early_stopping
LA_E_3612229,treino_interno
LA_E_3612273,treino_interno
LA_E_3612372,treino_interno
LA_E_3612767,treino_interno
LA_E_3612853,treino_interno
LA_E_3612963,treino_interno
LA_E_3613911,treino_interno
LA_E_3614191,treino_interno
LA_E_3614298,treino_interno
LA_E_3614587,treino_interno
LA_E_3614708,treino_interno
LA_E_3614738,treino_interno
LA_E_3615070,treino_interno
LA_E_3615612,treino_interno
LA_E_3615792,treino_interno
LA_E_3616182,treino_interno
LA_E_3616494,treino_interno
LA_E_3616798,early_stopping
LA_E_3616814,treino_interno
LA_E_3617541,treino_interno
LA_E_3617869,treino_interno
LA_E_3618004,treino_interno
LA_E_3618416,treino_interno
LA_E_3618435,treino_interno
LA_E_3618546,treino_interno
LA_E_3618749,treino_interno
LA_E_3618755,treino_interno
LA_E_3618887,treino_interno
LA_E_3619318,treino_interno
LA_E_3619349,treino_interno
LA_E_3619980,treino_interno
LA_E_3620410,early_stopping
LA_E_3620565,treino_interno
LA_E_3621064,treino_interno
LA_E_3621152,treino_interno
LA_E_3621283,early_stopping
LA_E_3621292,treino_interno
LA_E_3621379,treino_interno
LA_E_3621964,treino_interno
LA_E_3622032,treino_interno
LA_E_3622294,treino_interno
LA_E_3623078,treino_interno
LA_E_3623465,treino_interno
LA_E_3623595,treino_interno
LA_E_3623924,treino_interno
LA_E_3624225,treino_interno
LA_E_3624364,treino_interno
LA_E_3624608,treino_interno
LA_E_3624662,treino_interno
LA_E_3625590,treino_interno
LA_E_3626215,treino_interno
LA_E_3626506,treino_interno
LA_E_3626601,treino_interno
LA_E_3626660,treino_interno
LA_E_3627239,treino_interno
LA_E_3628145,treino_interno
LA_E_3628354,treino_interno
LA_E_3628686,treino_interno
LA_E_3629471,treino_interno
LA_E_3629532,treino_interno
LA_E_3629707,treino_interno
LA_E_3629907,treino_interno
LA_E_3630406,treino_interno
LA_E_3630475,treino_interno
LA_E_3630504,treino_interno
LA_E_3630624,treino_interno
LA_E_3630727,treino_interno
LA_E_3631422,treino_interno
LA_E_3632201,treino_interno
LA_E_3633335,treino_interno
LA_E_3633349,early_stopping
LA_E_3633471,treino_interno
LA_E_3633496,treino_interno
LA_E_3633521,treino_interno
LA_E_3633761,treino_interno
LA_E_3633971,treino_interno
LA_E_3634119,treino_interno
LA_E_3635206,treino_interno
LA_E_3635214,treino_interno
LA_E_3635982,treino_interno
LA_E_3635998,early_stopping
LA_E_3636104,treino_interno
LA_E_3636155,treino_interno
LA_E_3636328,treino_interno
LA_E_3636562,treino_interno
LA_E_3637303,treino_interno
LA_E_3637677,treino_interno
LA_E_3637918,treino_interno
LA_E_3638465,treino_interno
LA_E_3638677,treino_interno
LA_E_3638987,treino_interno
LA_E_3639847,early_stopping
LA_E_3640019,treino_interno
LA_E_3640081,treino_interno
LA_E_3640316,treino_interno
LA_E_3640743,early_stopping
LA_E_3641070,treino_interno
LA_E_3641179,treino_interno
LA_E_3641181,treino_interno
LA_E_3641227,treino_interno
LA_E_3641460,early_stopping
LA_E_3641867,treino_interno
LA_E_3642228,treino_interno
LA_E_3642488,treino_interno
LA_E_3642833,treino_interno
LA_E_3643017,treino_interno
LA_E_3643248,early_stopping
LA_E_3643385,treino_interno
LA_E_3643415,treino_interno
LA_E_3643942,treino_interno
LA_E_3644020,early_stopping
LA_E_3644239,treino_interno
LA_E_3644394,early_stopping
LA_E_3645808,treino_interno
LA_E_3646093,early_stopping
LA_E_3646099,treino_interno
LA_E_3646287,treino_interno
LA_E_3646340,treino_interno
LA_E_3646552,treino_interno
LA_E_3647605,treino_interno
LA_E_3647729,treino_interno
LA_E_3647922,treino_interno
LA_E_3648414,treino_interno
LA_E_3648748,treino_interno
LA_E_3649084,treino_interno
LA_E_3649235,early_stopping
LA_E_3649890,treino_interno
LA_E_3650022,treino_interno
LA_E_3650105,treino_interno
LA_E_3650374,treino_interno
LA_E_3650460,treino_interno
LA_E_3650573,treino_interno
LA_E_3650789,treino_interno
LA_E_3650792,early_stopping
LA_E_3651141,treino_interno
LA_E_3651158,treino_interno
LA_E_3651392,treino_interno
LA_E_3651451,treino_interno
LA_E_3651455,treino_interno
LA_E_3651528,treino_interno
LA_E_3651886,treino_interno
LA_E_3652127,treino_interno
LA_E_3652189,early_stopping
LA_E_3652206,treino_interno
LA_E_3652618,treino_interno
LA_E_3652771,treino_interno
LA_E_3653504,treino_interno
LA_E_3653743,treino_interno
LA_E_3653934,treino_interno
LA_E_3654272,early_stopping
LA_E_3654297,treino_interno
LA_E_3654315,treino_interno
LA_E_3654358,treino_interno
LA_E_3654379,treino_interno
LA_E_3654432,treino_interno
LA_E_3654462,treino_interno
LA_E_3654732,treino_interno
LA_E_3655342,treino_interno
LA_E_3655388,treino_interno
LA_E_3655422,early_stopping
LA_E_3655560,treino_interno
LA_E_3655687,treino_interno
LA_E_3655746,treino_interno
LA_E_3655751,treino_interno
LA_E_3655847,treino_interno
LA_E_3655901,treino_interno
LA_E_3656487,early_stopping
LA_E_3656812,early_stopping
LA_E_3656915,treino_interno
LA_E_3657028,treino_interno
LA_E_3657044,treino_interno
LA_E_3657045,treino_interno
LA_E_3657259,treino_interno
LA_E_3657555,treino_interno
LA_E_3657847,treino_interno
LA_E_3657856,treino_interno
LA_E_3658058,treino_interno
LA_E_3658170,treino_interno
LA_E_3658509,treino_interno
LA_E_3658705,treino_interno
LA_E_3658869,treino_interno
LA_E_3658967,treino_interno
LA_E_3659103,treino_interno
LA_E_3659144,treino_interno
LA_E_3659203,early_stopping
LA_E_3659727,treino_interno
LA_E_3659813,treino_interno
LA_E_3659976,treino_interno
LA_E_3660357,treino_interno
LA_E_3660372,treino_interno
LA_E_3660456,early_stopping
LA_E_3660601,treino_interno
LA_E_3660953,treino_interno
LA_E_3661011,treino_interno
LA_E_3661229,treino_interno
LA_E_3661964,treino_interno
LA_E_3661969,treino_interno
LA_E_3662058,treino_interno
LA_E_3662493,treino_interno
LA_E_3662878,treino_interno
LA_E_3662898,treino_interno
LA_E_3662908,treino_interno
LA_E_3662956,treino_interno
LA_E_3662973,treino_interno
LA_E_3663030,early_stopping
LA_E_3663039,early_stopping
LA_E_3663359,treino_interno
LA_E_3663511,treino_interno
LA_E_3663530,treino_interno
LA_E_3663559,treino_interno
LA_E_3663709,treino_interno
LA_E_3664139,treino_interno
LA_E_3664601,treino_interno
LA_E_3664896,treino_interno
LA_E_3665024,treino_interno
LA_E_3665060,treino_interno
LA_E_3665110,treino_interno
LA_E_3665251,treino_interno
LA_E_3665308,treino_interno
LA_E_3665700,treino_interno
LA_E_3665958,treino_interno
LA_E_3666083,early_stopping
LA_E_3666341,treino_interno
LA_E_3667134,early_stopping
LA_E_3667267,early_stopping
LA_E_3667394,treino_interno
LA_E_3667492,treino_interno
LA_E_3667533,treino_interno
LA_E_3667652,early_stopping
LA_E_3668410,treino_interno
LA_E_3668436,treino_interno
LA_E_3668598,treino_interno
LA_E_3669058,early_stopping
LA_E_3669374,treino_interno
LA_E_3669381,treino_interno
LA_E_3669389,treino_interno
LA_E_3669423,treino_interno
LA_E_3669900,treino_interno
LA_E_3669981,treino_interno
LA_E_3669986,treino_interno
LA_E_3670205,treino_interno
LA_E_3670429,treino_interno
LA_E_3671044,early_stopping
LA_E_3671259,treino_interno
LA_E_3671842,early_stopping
LA_E_3672442,treino_interno
LA_E_3672578,treino_interno
LA_E_3672657,treino_interno
LA_E_3672715,treino_interno
LA_E_3672958,treino_interno
LA_E_3673054,treino_interno
LA_E_3673060,treino_interno
LA_E_3673139,treino_interno
LA_E_3673469,treino_interno
LA_E_3674318,treino_interno
LA_E_3674535,treino_interno
LA_E_3674669,treino_interno
LA_E_3674773,treino_interno
LA_E_3674800,treino_interno
LA_E_3674871,treino_interno
LA_E_3674951,treino_interno
LA_E_3675020,treino_interno
LA_E_3675302,treino_interno
LA_E_3675792,treino_interno
LA_E_3676078,treino_interno
LA_E_3676249,treino_interno
LA_E_3677504,treino_interno
LA_E_3677537,treino_interno
LA_E_3677665,treino_interno
LA_E_3677738,treino_interno
LA_E_3678745,treino_interno
LA_E_3679003,treino_interno
LA_E_3679210,treino_interno
LA_E_3679310,early_stopping
LA_E_3679442,treino_interno
LA_E_3680028,treino_interno
LA_E_3680051,treino_interno
LA_E_3680191,treino_interno
LA_E_3680400,treino_interno
LA_E_3680735,treino_interno
LA_E_3680763,treino_interno
LA_E_3680860,treino_interno
LA_E_3680905,treino_interno
LA_E_3681046,treino_interno
LA_E_3681985,treino_interno
LA_E_3682012,treino_interno
LA_E_3682130,treino_interno
LA_E_3682172,treino_interno
LA_E_3683127,early_stopping
LA_E_3683463,treino_interno
LA_E_3683595,treino_interno
LA_E_3683746,treino_interno
LA_E_3684294,treino_interno
LA_E_3684859,treino_interno
LA_E_3684990,early_stopping
LA_E_3685333,treino_interno
LA_E_3685837,treino_interno
LA_E_3686063,treino_interno
LA_E_3686231,treino_interno
LA_E_3686811,early_stopping
LA_E_3687426,treino_interno
LA_E_3687451,treino_interno
LA_E_3687561,treino_interno
LA_E_3688108,treino_interno
LA_E_3689583,treino_interno
LA_E_3689663,treino_interno
LA_E_3690362,treino_interno
LA_E_3690392,treino_interno
LA_E_3690507,treino_interno
LA_E_3690601,treino_interno
LA_E_3690646,treino_interno
LA_E_3690870,treino_interno
LA_E_3691582,treino_interno
LA_E_3691709,treino_interno
LA_E_3691921,treino_interno
LA_E_3692143,treino_interno
LA_E_3692392,treino_interno
LA_E_3692601,treino_interno
LA_E_3692708,treino_interno
LA_E_3692825,treino_interno
LA_E_3692963,early_stopping
LA_E_3693114,treino_interno
LA_E_3693210,treino_interno
LA_E_3693455,treino_interno
LA_E_3693517,early_stopping
LA_E_3694260,early_stopping
LA_E_3694445,treino_interno
LA_E_3694934,treino_interno
LA_E_3695935,treino_interno
LA_E_3696044,early_stopping
LA_E_3696208,treino_interno
LA_E_3696233,treino_interno
LA_E_3696308,treino_interno
LA_E_3697465,early_stopping
LA_E_3697540,treino_interno
LA_E_3697879,treino_interno
LA_E_3698334,treino_interno
LA_E_3698808,treino_interno
LA_E_3698873,treino_interno
LA_E_3699253,treino_interno
LA_E_3699619,treino_interno
LA_E_3699704,treino_interno
LA_E_3699712,treino_interno
LA_E_3699751,treino_interno
LA_E_3699970,early_stopping
LA_E_3700345,early_stopping
LA_E_3700403,treino_interno
LA_E_3700953,treino_interno
LA_E_3701144,treino_interno
LA_E_3701212,treino_interno
LA_E_3701315,treino_interno
LA_E_3701335,early_stopping
LA_E_3701647,treino_interno
LA_E_3701820,treino_interno
LA_E_3701855,early_stopping
LA_E_3701945,treino_interno
LA_E_3702112,early_stopping
LA_E_3702122,treino_interno
LA_E_3702202,treino_interno
LA_E_3702280,treino_interno
LA_E_3702285,treino_interno
LA_E_3702555,treino_interno
LA_E_3702852,treino_interno
LA_E_3702905,treino_interno
LA_E_3702934,treino_interno
LA_E_3703872,treino_interno
LA_E_3704082,treino_interno
LA_E_3704338,treino_interno
LA_E_3704430,treino_interno
LA_E_3704626,early_stopping
LA_E_3704675,treino_interno
LA_E_3704856,treino_interno
LA_E_3705445,treino_interno
LA_E_3705586,early_stopping
LA_E_3705755,treino_interno
LA_E_3705929,treino_interno
LA_E_3706100,treino_interno
LA_E_3706192,treino_interno
LA_E_3706340,treino_interno
LA_E_3706767,early_stopping
LA_E_3707072,treino_interno
LA_E_3707191,treino_interno
LA_E_3707204,early_stopping
LA_E_3707232,treino_interno
LA_E_3707524,treino_interno
LA_E_3707550,treino_interno
LA_E_3707875,treino_interno
LA_E_3708055,early_stopping
LA_E_3708748,treino_interno
LA_E_3708790,treino_interno
LA_E_3708854,treino_interno
LA_E_3708987,treino_interno
LA_E_3709580,treino_interno
LA_E_3710684,treino_interno
LA_E_3710700,treino_interno
LA_E_3710756,treino_interno
LA_E_3710799,treino_interno
LA_E_3710861,treino_interno
LA_E_3710879,treino_interno
LA_E_3711230,treino_interno
LA_E_3711266,treino_interno
LA_E_3711570,treino_interno
LA_E_3711712,treino_interno
LA_E_3711820,treino_interno
LA_E_3712087,treino_interno
LA_E_3712698,treino_interno
LA_E_3712750,treino_interno
LA_E_3713211,treino_interno
LA_E_3713418,treino_interno
LA_E_3713459,treino_interno
LA_E_3713772,treino_interno
LA_E_3713835,treino_interno
LA_E_3714038,treino_interno
LA_E_3714344,early_stopping
LA_E_3714593,treino_interno
LA_E_3715081,treino_interno
LA_E_3715345,treino_interno
LA_E_3715755,early_stopping
LA_E_3716306,treino_interno
LA_E_3716478,treino_interno
LA_E_3716555,treino_interno
LA_E_3716639,treino_interno
LA_E_3716967,treino_interno
LA_E_3717056,treino_interno
LA_E_3717185,treino_interno
LA_E_3717338,early_stopping
LA_E_3717553,treino_interno
LA_E_3717890,treino_interno
LA_E_3718101,treino_interno
LA_E_3718133,treino_interno
LA_E_3718208,treino_interno
LA_E_3718590,treino_interno
LA_E_3718726,early_stopping
LA_E_3718739,treino_interno
LA_E_3718825,treino_interno
LA_E_3718950,treino_interno
LA_E_3719021,treino_interno
LA_E_3719113,treino_interno
LA_E_3719460,treino_interno
LA_E_3719851,treino_interno
LA_E_3719855,treino_interno
LA_E_3720014,treino_interno
LA_E_3720016,treino_interno
LA_E_3720480,treino_interno
LA_E_3720566,treino_interno
LA_E_3720658,treino_interno
LA_E_3720661,treino_interno
LA_E_3721147,treino_interno
LA_E_3721149,treino_interno
LA_E_3721417,early_stopping
LA_E_3721428,treino_interno
LA_E_3722043,treino_interno
LA_E_3722126,early_stopping
LA_E_3722208,treino_interno
LA_E_3722407,treino_interno
LA_E_3722410,treino_interno
LA_E_3722637,treino_interno
LA_E_3722846,treino_interno
LA_E_3722869,treino_interno
LA_E_3723091,treino_interno
LA_E_3723325,treino_interno
LA_E_3723631,treino_interno
LA_E_3723693,treino_interno
LA_E_3723743,treino_interno
LA_E_3723871,treino_interno
LA_E_3724331,treino_interno
LA_E_3724724,treino_interno
LA_E_3725622,treino_interno
LA_E_3725718,treino_interno
LA_E_3726228,treino_interno
LA_E_3726267,treino_interno
LA_E_3726418,treino_interno
LA_E_3726542,treino_interno
LA_E_3726589,treino_interno
LA_E_3726972,early_stopping
LA_E_3727239,treino_interno
LA_E_3727403,treino_interno
LA_E_3727417,treino_interno
LA_E_3727591,early_stopping
LA_E_3728082,treino_interno
LA_E_3728632,treino_interno
LA_E_3728813,treino_interno
LA_E_3728942,treino_interno
LA_E_3729064,treino_interno
LA_E_3729499,early_stopping
LA_E_3729580,early_stopping
LA_E_3729615,treino_interno
LA_E_3729654,treino_interno
LA_E_3729754,early_stopping
LA_E_3729809,treino_interno
LA_E_3730759,treino_interno
LA_E_3730959,early_stopping
LA_E_3731030,treino_interno
LA_E_3731091,treino_interno
LA_E_3731266,treino_interno
LA_E_3731386,treino_interno
LA_E_3731935,treino_interno
LA_E_3732200,treino_interno
LA_E_3732493,early_stopping
LA_E_3732624,treino_interno
LA_E_3733076,treino_interno
LA_E_3733289,treino_interno
LA_E_3733563,treino_interno
LA_E_3733725,treino_interno
LA_E_3733848,treino_interno
LA_E_3733855,treino_interno
LA_E_3734003,treino_interno
LA_E_3734095,treino_interno
LA_E_3734100,treino_interno
LA_E_3734511,early_stopping
LA_E_3734624,treino_interno
LA_E_3734918,treino_interno
LA_E_3735183,treino_interno
LA_E_3735300,treino_interno
LA_E_3735883,early_stopping
LA_E_3736196,treino_interno
LA_E_3736251,early_stopping
LA_E_3736356,early_stopping
LA_E_3737144,early_stopping
LA_E_3737269,treino_interno
LA_E_3737402,treino_interno
LA_E_3737674,treino_interno
LA_E_3738592,early_stopping
LA_E_3739333,early_stopping
LA_E_3739487,treino_interno
LA_E_3739632,treino_interno
LA_E_3739942,treino_interno
LA_E_3739984,treino_interno
LA_E_3740074,treino_interno
LA_E_3740240,treino_interno
LA_E_3740584,treino_interno
LA_E_3741061,treino_interno
LA_E_3741534,early_stopping
LA_E_3741708,treino_interno
LA_E_3741751,treino_interno
LA_E_3742346,treino_interno
LA_E_3742400,treino_interno
LA_E_3742456,treino_interno
LA_E_3742554,treino_interno
LA_E_3742617,treino_interno
LA_E_3742744,treino_interno
LA_E_3742987,treino_interno
LA_E_3743249,treino_interno
LA_E_3743259,treino_interno
LA_E_3743376,treino_interno
LA_E_3743684,treino_interno
LA_E_3743859,treino_interno
LA_E_3744339,treino_interno
LA_E_3745011,treino_interno
LA_E_3745076,treino_interno
LA_E_3745595,early_stopping
LA_E_3745825,treino_interno
LA_E_3745892,treino_interno
LA_E_3746048,early_stopping
LA_E_3746051,treino_interno
LA_E_3746707,early_stopping
LA_E_3746771,treino_interno
LA_E_3746862,treino_interno
LA_E_3747077,treino_interno
LA_E_3747559,treino_interno
LA_E_3747571,treino_interno
LA_E_3747932,treino_interno
LA_E_3748089,treino_interno
LA_E_3748300,treino_interno
LA_E_3748735,treino_interno
LA_E_3749431,treino_interno
LA_E_3749616,treino_interno
LA_E_3749834,treino_interno
LA_E_3750175,treino_interno
LA_E_3750302,treino_interno
LA_E_3750618,treino_interno
LA_E_3750821,treino_interno
LA_E_3751405,treino_interno
LA_E_3752024,treino_interno
LA_E_3752125,treino_interno
LA_E_3752560,treino_interno
LA_E_3752651,treino_interno
LA_E_3753448,treino_interno
LA_E_3753700,treino_interno
LA_E_3754009,treino_interno
LA_E_3754247,treino_interno
LA_E_3754393,treino_interno
LA_E_3754626,early_stopping
LA_E_3754739,early_stopping
LA_E_3754804,treino_interno
LA_E_3754830,treino_interno
LA_E_3755148,treino_interno
LA_E_3755327,treino_interno
LA_E_3755573,treino_interno
LA_E_3755691,treino_interno
LA_E_3755709,treino_interno
LA_E_3755728,treino_interno
LA_E_3756205,treino_interno
LA_E_3756717,treino_interno
LA_E_3757029,treino_interno
LA_E_3757137,treino_interno
LA_E_3757332,treino_interno
LA_E_3757366,treino_interno
LA_E_3757459,treino_interno
LA_E_3757470,treino_interno
LA_E_3757714,treino_interno
LA_E_3757820,treino_interno
LA_E_3758473,treino_interno
LA_E_3758626,treino_interno
LA_E_3758818,treino_interno
LA_E_3759323,treino_interno
LA_E_3759536,treino_interno
LA_E_3759586,treino_interno
LA_E_3759786,treino_interno
LA_E_3760022,early_stopping
LA_E_3760099,treino_interno
LA_E_3760150,early_stopping
LA_E_3760224,treino_interno
LA_E_3760374,early_stopping
LA_E_3760504,treino_interno
LA_E_3760949,treino_interno
LA_E_3760992,treino_interno
LA_E_3761077,treino_interno
LA_E_3761201,treino_interno
LA_E_3761295,treino_interno
LA_E_3761546,treino_interno
LA_E_3762233,treino_interno
LA_E_3762317,treino_interno
LA_E_3762404,treino_interno
LA_E_3762652,early_stopping
LA_E_3762729,early_stopping
LA_E_3762995,treino_interno
LA_E_3763214,treino_interno
LA_E_3763267,treino_interno
LA_E_3763750,treino_interno
LA_E_3764046,treino_interno
LA_E_3764254,treino_interno
LA_E_3764326,early_stopping
LA_E_3764813,treino_interno
LA_E_3764895,early_stopping
LA_E_3765454,treino_interno
LA_E_3765486,treino_interno
LA_E_3765688,treino_interno
LA_E_3765719,treino_interno
LA_E_3766011,treino_interno
LA_E_3766075,treino_interno
LA_E_3766083,treino_interno
LA_E_3766222,treino_interno
LA_E_3766359,treino_interno
LA_E_3766875,treino_interno
LA_E_3767062,treino_interno
LA_E_3767131,treino_interno
LA_E_3767133,treino_interno
LA_E_3767317,treino_interno
LA_E_3767396,treino_interno
LA_E_3767586,treino_interno
LA_E_3767597,treino_interno
LA_E_3768250,treino_interno
LA_E_3768347,treino_interno
LA_E_3768658,treino_interno
LA_E_3768705,early_stopping
LA_E_3769305,treino_interno
LA_E_3769910,treino_interno
LA_E_3770171,treino_interno
LA_E_3770183,early_stopping
LA_E_3770692,treino_interno
LA_E_3770696,treino_interno
LA_E_3770868,treino_interno
LA_E_3771729,treino_interno
LA_E_3771882,treino_interno
LA_E_3772101,treino_interno
LA_E_3772671,treino_interno
LA_E_3772679,early_stopping
LA_E_3772809,treino_interno
LA_E_3773052,early_stopping
LA_E_3773339,treino_interno
LA_E_3773501,treino_interno
LA_E_3773653,treino_interno
LA_E_3773867,treino_interno
LA_E_3774127,treino_interno
LA_E_3774364,treino_interno
LA_E_3774690,treino_interno
LA_E_3774794,early_stopping
LA_E_3774875,treino_interno
LA_E_3775287,treino_interno
LA_E_3775375,treino_interno
LA_E_3775820,treino_interno
LA_E_3775886,treino_interno
LA_E_3775952,treino_interno
LA_E_3776815,treino_interno
LA_E_3777192,treino_interno
LA_E_3777695,treino_interno
LA_E_3777782,treino_interno
LA_E_3778324,treino_interno
LA_E_3778489,treino_interno
LA_E_3778533,early_stopping
LA_E_3778788,treino_interno
LA_E_3778929,treino_interno
LA_E_3778962,treino_interno
LA_E_3779018,treino_interno
LA_E_3779414,early_stopping
LA_E_3779483,treino_interno
LA_E_3779795,treino_interno
LA_E_3779978,treino_interno
LA_E_3780098,treino_interno
LA_E_3780744,treino_interno
LA_E_3780795,treino_interno
LA_E_3781027,treino_interno
LA_E_3781367,early_stopping
LA_E_3781526,treino_interno
LA_E_3781669,treino_interno
LA_E_3781748,treino_interno
LA_E_3781934,treino_interno
LA_E_3782339,treino_interno
LA_E_3782525,treino_interno
LA_E_3782816,treino_interno
LA_E_3782843,treino_interno
LA_E_3783030,treino_interno
LA_E_3783042,treino_interno
LA_E_3783496,treino_interno
LA_E_3784031,treino_interno
LA_E_3784275,treino_interno
LA_E_3784318,early_stopping
LA_E_3785267,treino_interno
LA_E_3785421,treino_interno
LA_E_3785703,treino_interno
LA_E_3785756,treino_interno
LA_E_3785926,treino_interno
LA_E_3785972,treino_interno
LA_E_3786623,treino_interno
LA_E_3786899,treino_interno
LA_E_3786908,treino_interno
LA_E_3787473,treino_interno
LA_E_3787775,treino_interno
LA_E_3787950,treino_interno
LA_E_3787970,treino_interno
LA_E_3788013,early_stopping
LA_E_3788359,treino_interno
LA_E_3788590,treino_interno
LA_E_3789121,early_stopping
LA_E_3789129,treino_interno
LA_E_3789156,treino_interno
LA_E_3789323,early_stopping
LA_E_3789385,treino_interno
LA_E_3789402,treino_interno
LA_E_3789917,treino_interno
LA_E_3790039,early_stopping
LA_E_3790063,treino_interno
LA_E_3790548,treino_interno
LA_E_3790573,treino_interno
LA_E_3790823,treino_interno
LA_E_3790991,treino_interno
LA_E_3791079,treino_interno
LA_E_3791220,treino_interno
LA_E_3791518,treino_interno
LA_E_3791547,treino_interno
LA_E_3791627,treino_interno
LA_E_3791633,treino_interno
LA_E_3791699,treino_interno
LA_E_3791973,treino_interno
LA_E_3792187,treino_interno
LA_E_3792228,treino_interno
LA_E_3792291,treino_interno
LA_E_3792499,early_stopping
LA_E_3793154,treino_interno
LA_E_3793174,early_stopping
LA_E_3793405,treino_interno
LA_E_3793519,treino_interno
LA_E_3794123,treino_interno
LA_E_3794234,treino_interno
LA_E_3794469,treino_interno
LA_E_3794482,treino_interno
LA_E_3794966,treino_interno
LA_E_3795367,treino_interno
LA_E_3795536,treino_interno
LA_E_3795617,treino_interno
LA_E_3795811,treino_interno
LA_E_3796355,treino_interno
LA_E_3796418,treino_interno
LA_E_3796719,early_stopping
LA_E_3796867,early_stopping
LA_E_3797335,treino_interno
LA_E_3797531,treino_interno
LA_E_3797759,treino_interno
LA_E_3797805,treino_interno
LA_E_3798372,treino_interno
LA_E_3798469,treino_interno
LA_E_3798899,treino_interno
LA_E_3798914,treino_interno
LA_E_3798993,treino_interno
LA_E_3799339,treino_interno
LA_E_3799411,treino_interno
LA_E_3799872,treino_interno
LA_E_3800353,treino_interno
LA_E_3800422,early_stopping
LA_E_3800551,treino_interno
LA_E_3800567,treino_interno
LA_E_3800640,treino_interno
LA_E_3800860,treino_interno
LA_E_3800999,treino_interno
LA_E_3801175,treino_interno
LA_E_3801183,treino_interno
LA_E_3801378,treino_interno
LA_E_3801713,early_stopping
LA_E_3801983,treino_interno
LA_E_3802179,early_stopping
LA_E_3802188,treino_interno
LA_E_3802204,treino_interno
LA_E_3802252,treino_interno
LA_E_3802371,treino_interno
LA_E_3802398,treino_interno
LA_E_3802455,treino_interno
LA_E_3802662,treino_interno
LA_E_3803362,treino_interno
LA_E_3803662,treino_interno
LA_E_3804375,early_stopping
LA_E_3804420,treino_interno
LA_E_3804535,treino_interno
LA_E_3805069,treino_interno
LA_E_3805176,treino_interno
LA_E_3805461,treino_interno
LA_E_3805493,treino_interno
LA_E_3805602,treino_interno
LA_E_3805614,treino_interno
LA_E_3806030,treino_interno
LA_E_3806128,early_stopping
LA_E_3806734,treino_interno
LA_E_3806749,treino_interno
LA_E_3806753,treino_interno
LA_E_3806770,treino_interno
LA_E_3806773,treino_interno
LA_E_3807017,early_stopping
LA_E_3807046,treino_interno
LA_E_3807511,treino_interno
LA_E_3807709,early_stopping
LA_E_3807829,treino_interno
LA_E_3807891,treino_interno
LA_E_3808178,treino_interno
LA_E_3808324,treino_interno
LA_E_3809256,treino_interno
LA_E_3809625,treino_interno
LA_E_3809664,treino_interno
LA_E_3809880,treino_interno
LA_E_3810031,treino_interno
LA_E_3810103,early_stopping
LA_E_3810332,treino_interno
LA_E_3810522,treino_interno
LA_E_3810972,early_stopping
LA_E_3811119,treino_interno
LA_E_3811204,treino_interno
LA_E_3811485,treino_interno
LA_E_3811703,treino_interno
LA_E_3811799,treino_interno
LA_E_3811896,treino_interno
LA_E_3811929,treino_interno
LA_E_3812513,treino_interno
LA_E_3812895,treino_interno
LA_E_3813097,treino_interno
LA_E_3813173,treino_interno
LA_E_3813424,treino_interno
LA_E_3813591,early_stopping
LA_E_3813796,early_stopping
LA_E_3813837,treino_interno
LA_E_3813959,treino_interno
LA_E_3813962,treino_interno
LA_E_3814207,treino_interno
LA_E_3814275,treino_interno
LA_E_3814621,treino_interno
LA_E_3814886,treino_interno
LA_E_3815095,early_stopping
LA_E_3815213,treino_interno
LA_E_3815264,treino_interno
LA_E_3815391,treino_interno
LA_E_3815608,early_stopping
LA_E_3815753,treino_interno
LA_E_3815951,treino_interno
LA_E_3816352,treino_interno
LA_E_3816795,treino_interno
LA_E_3816902,treino_interno
LA_E_3817220,treino_interno
LA_E_3818069,early_stopping
LA_E_3818209,treino_interno
LA_E_3818654,treino_interno
LA_E_3818968,treino_interno
LA_E_3819475,treino_interno
LA_E_3819576,treino_interno
LA_E_3820170,treino_interno
LA_E_3820617,treino_interno
LA_E_3820650,treino_interno
LA_E_3821150,treino_interno
LA_E_3821172,treino_interno
LA_E_3821173,treino_interno
LA_E_3821411,treino_interno
LA_E_3821891,treino_interno
LA_E_3821995,treino_interno
LA_E_3822736,treino_interno
LA_E_3822784,early_stopping
LA_E_3822876,treino_interno
LA_E_3823217,treino_interno
LA_E_3823417,treino_interno
LA_E_3823438,treino_interno
LA_E_3823774,treino_interno
LA_E_3824157,treino_interno
LA_E_3824789,early_stopping
LA_E_3825143,treino_interno
LA_E_3825187,treino_interno
LA_E_3825266,early_stopping
LA_E_3825312,early_stopping
LA_E_3825413,early_stopping
LA_E_3825956,treino_interno
LA_E_3826314,treino_interno
LA_E_3826684,early_stopping
LA_E_3826722,treino_interno
LA_E_3826981,treino_interno
LA_E_3827117,treino_interno
LA_E_3827469,treino_interno
LA_E_3827486,treino_interno
LA_E_3827764,treino_interno
LA_E_3828307,treino_interno
LA_E_3828493,treino_interno
LA_E_3828560,treino_interno
LA_E_3829149,treino_interno
LA_E_3829328,early_stopping
LA_E_3829388,treino_interno
LA_E_3829564,early_stopping
LA_E_3829826,treino_interno
LA_E_3830085,treino_interno
LA_E_3830168,treino_interno
LA_E_3830474,early_stopping
LA_E_3830678,treino_interno
LA_E_3830959,treino_interno
LA_E_3831175,early_stopping
LA_E_3831453,treino_interno
LA_E_3831530,early_stopping
LA_E_3831665,treino_interno
LA_E_3831876,treino_interno
LA_E_3831882,treino_interno
LA_E_3831911,treino_interno
LA_E_3832892,treino_interno
LA_E_3833502,treino_interno
LA_E_3833696,treino_interno
LA_E_3833846,treino_interno
LA_E_3834188,treino_interno
LA_E_3834299,treino_interno
LA_E_3834484,early_stopping
LA_E_3834756,treino_interno
LA_E_3834959,treino_interno
LA_E_3835113,treino_interno
LA_E_3835193,treino_interno
LA_E_3835205,treino_interno
LA_E_3835381,treino_interno
LA_E_3835828,treino_interno
LA_E_3836014,early_stopping
LA_E_3836534,treino_interno
LA_E_3836660,treino_interno
LA_E_3836932,treino_interno
LA_E_3837086,treino_interno
LA_E_3837228,early_stopping
LA_E_3837244,early_stopping
LA_E_3837418,treino_interno
LA_E_3837423,treino_interno
LA_E_3837514,treino_interno
LA_E_3837806,treino_interno
LA_E_3838401,treino_interno
LA_E_3838874,treino_interno
LA_E_3839793,treino_interno
LA_E_3839835,treino_interno
LA_E_3840162,early_stopping
LA_E_3840425,treino_interno
LA_E_3840511,treino_interno
LA_E_3840778,treino_interno
LA_E_3840826,treino_interno
LA_E_3840935,treino_interno
LA_E_3841212,treino_interno
LA_E_3841515,treino_interno
LA_E_3841527,early_stopping
LA_E_3841874,treino_interno
LA_E_3841917,treino_interno
LA_E_3841987,treino_interno
LA_E_3842321,treino_interno
LA_E_3842622,treino_interno
LA_E_3842659,treino_interno
LA_E_3842902,early_stopping
LA_E_3843191,treino_interno
LA_E_3843306,treino_interno
LA_E_3843555,treino_interno
LA_E_3843963,treino_interno
LA_E_3844223,treino_interno
LA_E_3844679,treino_interno
LA_E_3844743,treino_interno
LA_E_3844815,treino_interno
LA_E_3845409,treino_interno
LA_E_3845972,treino_interno
LA_E_3846118,treino_interno
LA_E_3846132,treino_interno
LA_E_3846846,treino_interno
LA_E_3846963,treino_interno
LA_E_3846992,early_stopping
LA_E_3847033,early_stopping
LA_E_3847232,early_stopping
LA_E_3847599,early_stopping
LA_E_3847612,treino_interno
LA_E_3848216,treino_interno
LA_E_3848504,early_stopping
LA_E_3848720,treino_interno
LA_E_3848826,treino_interno
LA_E_3849140,treino_interno
LA_E_3849172,treino_interno
LA_E_3849210,treino_interno
LA_E_3849297,treino_interno
LA_E_3849330,treino_interno
LA_E_3849549,treino_interno
LA_E_3849582,treino_interno
LA_E_3849603,treino_interno
LA_E_3849859,treino_interno
LA_E_3850123,treino_interno
LA_E_3850277,treino_interno
LA_E_3850362,treino_interno
LA_E_3850656,treino_interno
LA_E_3850678,treino_interno
LA_E_3850885,early_stopping
LA_E_3850967,treino_interno
LA_E_3851043,treino_interno
LA_E_3851095,treino_interno
LA_E_3851197,treino_interno
LA_E_3851203,treino_interno
LA_E_3851378,treino_interno
LA_E_3851467,treino_interno
LA_E_3851527,treino_interno
LA_E_3851640,treino_interno
LA_E_3852062,treino_interno
LA_E_3852267,treino_interno
LA_E_3853087,treino_interno
LA_E_3854173,treino_interno
LA_E_3854351,early_stopping
LA_E_3854576,treino_interno
LA_E_3855581,treino_interno
LA_E_3855590,treino_interno
LA_E_3856323,treino_interno
LA_E_3856352,treino_interno
LA_E_3856569,treino_interno
LA_E_3856691,early_stopping
LA_E_3857092,treino_interno
LA_E_3857128,treino_interno
LA_E_3857194,treino_interno
LA_E_3857379,treino_interno
LA_E_3857486,treino_interno
LA_E_3858293,treino_interno
LA_E_3858377,treino_interno
LA_E_3858523,treino_interno
LA_E_3858924,early_stopping
LA_E_3859863,treino_interno
LA_E_3860051,treino_interno
LA_E_3860123,treino_interno
LA_E_3860140,early_stopping
LA_E_3860551,treino_interno
LA_E_3861046,treino_interno
LA_E_3861262,early_stopping
LA_E_3861378,treino_interno
LA_E_3861666,treino_interno
LA_E_3861689,treino_interno
LA_E_3861849,treino_interno
LA_E_3862116,treino_interno
LA_E_3862279,treino_interno
LA_E_3862416,treino_interno
LA_E_3862419,treino_interno
LA_E_3862697,treino_interno
LA_E_3862732,treino_interno
LA_E_3862806,treino_interno
LA_E_3862938,treino_interno
LA_E_3863072,treino_interno
LA_E_3863328,treino_interno
LA_E_3863431,early_stopping
LA_E_3863521,treino_interno
LA_E_3863621,treino_interno
LA_E_3863632,treino_interno
LA_E_3863712,treino_interno
LA_E_3864229,treino_interno
LA_E_3864661,treino_interno
LA_E_3864784,treino_interno
LA_E_3865022,treino_interno
LA_E_3865061,treino_interno
LA_E_3865235,early_stopping
LA_E_3865468,treino_interno
LA_E_3865872,treino_interno
LA_E_3866030,treino_interno
LA_E_3866247,treino_interno
LA_E_3866267,treino_interno
LA_E_3866411,treino_interno
LA_E_3866600,treino_interno
LA_E_3866647,treino_interno
LA_E_3866947,treino_interno
LA_E_3867072,treino_interno
LA_E_3867207,treino_interno
LA_E_3867679,treino_interno
LA_E_3867746,early_stopping
LA_E_3867984,treino_interno
LA_E_3868097,treino_interno
LA_E_3868551,treino_interno
LA_E_3869012,treino_interno
LA_E_3869376,treino_interno
LA_E_3869547,treino_interno
LA_E_3870000,treino_interno
LA_E_3870055,treino_interno
LA_E_3870078,treino_interno
LA_E_3870245,treino_interno
LA_E_3870635,treino_interno
LA_E_3871041,treino_interno
LA_E_3871189,treino_interno
LA_E_3871338,treino_interno
LA_E_3871484,early_stopping
LA_E_3871500,early_stopping
LA_E_3871753,treino_interno
LA_E_3872285,treino_interno
LA_E_3872548,treino_interno
LA_E_3872598,treino_interno
LA_E_3872672,treino_interno
LA_E_3872864,treino_interno
LA_E_3872887,treino_interno
LA_E_3873008,treino_interno
LA_E_3873243,treino_interno
LA_E_3873574,treino_interno
LA_E_3874658,treino_interno
LA_E_3874779,treino_interno
LA_E_3874843,treino_interno
LA_E_3875020,treino_interno
LA_E_3875158,treino_interno
LA_E_3875196,treino_interno
LA_E_3875222,treino_interno
LA_E_3875673,treino_interno
LA_E_3875803,treino_interno
LA_E_3875879,treino_interno
LA_E_3876186,treino_interno
LA_E_3876323,treino_interno
LA_E_3876354,treino_interno
LA_E_3876612,treino_interno
LA_E_3876687,treino_interno
LA_E_3877192,early_stopping
LA_E_3877326,treino_interno
LA_E_3877406,treino_interno
LA_E_3877436,treino_interno
LA_E_3877497,treino_interno
LA_E_3877567,early_stopping
LA_E_3877896,treino_interno
LA_E_3878051,treino_interno
LA_E_3878066,treino_interno
LA_E_3878124,treino_interno
LA_E_3878285,treino_interno
LA_E_3878326,treino_interno
LA_E_3878473,treino_interno
LA_E_3878535,treino_interno
LA_E_3879562,treino_interno
LA_E_3879723,treino_interno
LA_E_3879946,treino_interno
LA_E_3880607,treino_interno
LA_E_3880844,treino_interno
LA_E_3880896,early_stopping
LA_E_3881037,treino_interno
LA_E_3881624,treino_interno
LA_E_3881729,treino_interno
LA_E_3881838,treino_interno
LA_E_3882083,treino_interno
LA_E_3882210,treino_interno
LA_E_3882383,treino_interno
LA_E_3883017,treino_interno
LA_E_3883059,treino_interno
LA_E_3883154,treino_interno
LA_E_3883636,early_stopping
LA_E_3883912,treino_interno
LA_E_3884183,early_stopping
LA_E_3884499,treino_interno
LA_E_3884653,treino_interno
LA_E_3884880,early_stopping
LA_E_3884885,treino_interno
LA_E_3885111,treino_interno
LA_E_3885436,treino_interno
LA_E_3885716,treino_interno
LA_E_3885993,treino_interno
LA_E_3886016,treino_interno
LA_E_3886199,treino_interno
LA_E_3886267,treino_interno
LA_E_3886355,treino_interno
LA_E_3886468,treino_interno
LA_E_3886662,treino_interno
LA_E_3886756,treino_interno
LA_E_3886819,treino_interno
LA_E_3887214,treino_interno
LA_E_3887314,treino_interno
LA_E_3888660,early_stopping
LA_E_3888746,treino_interno
LA_E_3888892,treino_interno
LA_E_3888906,treino_interno
LA_E_3889177,early_stopping
LA_E_3889373,treino_interno
LA_E_3889614,treino_interno
LA_E_3889956,treino_interno
LA_E_3890666,early_stopping
LA_E_3890806,treino_interno
LA_E_3890900,treino_interno
LA_E_3891028,treino_interno
LA_E_3891245,treino_interno
LA_E_3891434,treino_interno
LA_E_3891473,treino_interno
LA_E_3891853,treino_interno
LA_E_3891997,treino_interno
LA_E_3892178,treino_interno
LA_E_3892442,treino_interno
LA_E_3893005,treino_interno
LA_E_3893201,treino_interno
LA_E_3893243,treino_interno
LA_E_3893941,treino_interno
LA_E_3894243,treino_interno
LA_E_3895026,treino_interno
LA_E_3895843,treino_interno
LA_E_3895909,early_stopping
LA_E_3896027,treino_interno
LA_E_3896804,early_stopping
LA_E_3896873,treino_interno
LA_E_3897282,treino_interno
LA_E_3897552,treino_interno
LA_E_3898469,treino_interno
LA_E_3898542,treino_interno
LA_E_3898558,treino_interno
LA_E_3898612,treino_interno
LA_E_3898951,treino_interno
LA_E_3899330,treino_interno
LA_E_3899864,treino_interno
LA_E_3899916,treino_interno
LA_E_3899938,early_stopping
LA_E_3900077,treino_interno
LA_E_3900420,treino_interno
LA_E_3900925,treino_interno
LA_E_3901358,treino_interno
LA_E_3901509,treino_interno
LA_E_3901847,treino_interno
LA_E_3901890,treino_interno
LA_E_3901996,early_stopping
LA_E_3902154,treino_interno
LA_E_3902303,treino_interno
LA_E_3902407,treino_interno
LA_E_3902825,treino_interno
LA_E_3902929,early_stopping
LA_E_3903244,early_stopping
LA_E_3903456,treino_interno
LA_E_3903528,treino_interno
LA_E_3903704,treino_interno
LA_E_3903714,treino_interno
LA_E_3903902,treino_interno
LA_E_3904006,treino_interno
LA_E_3904071,treino_interno
LA_E_3904084,treino_interno
LA_E_3904193,treino_interno
LA_E_3904215,treino_interno
LA_E_3904339,early_stopping
LA_E_3904390,treino_interno
LA_E_3904451,treino_interno
LA_E_3905413,early_stopping
LA_E_3905983,treino_interno
LA_E_3906144,treino_interno
LA_E_3906228,treino_interno
LA_E_3906319,treino_interno
LA_E_3906482,treino_interno
LA_E_3906854,treino_interno
LA_E_3907301,treino_interno
LA_E_3907626,treino_interno
LA_E_3907928,treino_interno
LA_E_3908393,treino_interno
LA_E_3908402,treino_interno
LA_E_3908534,treino_interno
LA_E_3908704,treino_interno
LA_E_3909197,treino_interno
LA_E_3909401,treino_interno
LA_E_3909850,treino_interno
LA_E_3910056,treino_interno
LA_E_3910515,treino_interno
LA_E_3910871,treino_interno
LA_E_3910880,treino_interno
LA_E_3911072,treino_interno
LA_E_3911383,treino_interno
LA_E_3911934,treino_interno
LA_E_3912115,treino_interno
LA_E_3912332,treino_interno
LA_E_3913152,treino_interno
LA_E_3913237,treino_interno
LA_E_3913533,treino_interno
LA_E_3913650,treino_interno
LA_E_3914335,treino_interno
LA_E_3914972,treino_interno
LA_E_3915455,early_stopping
LA_E_3915922,treino_interno
LA_E_3916092,treino_interno
LA_E_3916559,treino_interno
LA_E_3916606,treino_interno
LA_E_3916953,early_stopping
LA_E_3917241,treino_interno
LA_E_3917808,treino_interno
LA_E_3918076,treino_interno
LA_E_3918112,treino_interno
LA_E_3918273,treino_interno
LA_E_3918447,treino_interno
LA_E_3918591,treino_interno
LA_E_3918644,treino_interno
LA_E_3919011,treino_interno
LA_E_3919256,treino_interno
LA_E_3919762,early_stopping
LA_E_3920064,treino_interno
LA_E_3920129,treino_interno
LA_E_3920785,treino_interno
LA_E_3920813,treino_interno
LA_E_3920927,treino_interno
LA_E_3920940,early_stopping
LA_E_3921045,treino_interno
LA_E_3921238,treino_interno
LA_E_3921243,treino_interno
LA_E_3921252,treino_interno
LA_E_3921359,treino_interno
LA_E_3921425,early_stopping
LA_E_3921702,treino_interno
LA_E_3921753,treino_interno
LA_E_3921866,treino_interno
LA_E_3921882,treino_interno
LA_E_3921934,treino_interno
LA_E_3921988,treino_interno
LA_E_3922014,treino_interno
LA_E_3922314,early_stopping
LA_E_3922351,treino_interno
LA_E_3922742,treino_interno
LA_E_3922858,treino_interno
LA_E_3922956,early_stopping
LA_E_3923308,treino_interno
LA_E_3923923,treino_interno
LA_E_3924604,treino_interno
LA_E_3925328,treino_interno
LA_E_3925441,treino_interno
LA_E_3925638,treino_interno
LA_E_3925848,treino_interno
LA_E_3925896,early_stopping
LA_E_3925989,treino_interno
LA_E_3926181,treino_interno
LA_E_3926192,treino_interno
LA_E_3926943,treino_interno
LA_E_3927079,treino_interno
LA_E_3927352,treino_interno
LA_E_3927489,early_stopping
LA_E_3927553,treino_interno
LA_E_3927888,treino_interno
LA_E_3928120,treino_interno
LA_E_3928405,treino_interno
LA_E_3928833,treino_interno
LA_E_3929110,treino_interno
LA_E_3929184,treino_interno
LA_E_3930696,treino_interno
LA_E_3930815,treino_interno
LA_E_3931034,treino_interno
LA_E_3931260,treino_interno
LA_E_3931324,treino_interno
LA_E_3931393,treino_interno
LA_E_3931505,treino_interno
LA_E_3931804,early_stopping
LA_E_3932143,treino_interno
LA_E_3932320,treino_interno
LA_E_3932353,treino_interno
LA_E_3932503,treino_interno
LA_E_3932790,treino_interno
LA_E_3932875,treino_interno
LA_E_3932906,treino_interno
LA_E_3932936,treino_interno
LA_E_3932981,treino_interno
LA_E_3933004,treino_interno
LA_E_3933428,treino_interno
LA_E_3933451,treino_interno
LA_E_3933453,early_stopping
LA_E_3933774,treino_interno
LA_E_3933880,early_stopping
LA_E_3933931,treino_interno
LA_E_3933953,treino_interno
LA_E_3934177,early_stopping
LA_E_3934566,treino_interno
LA_E_3934773,treino_interno
LA_E_3934968,treino_interno
LA_E_3935104,treino_interno
LA_E_3935169,treino_interno
LA_E_3935353,treino_interno
LA_E_3935612,early_stopping
LA_E_3935644,treino_interno
LA_E_3936529,early_stopping
LA_E_3936848,early_stopping
LA_E_3936879,treino_interno
LA_E_3938033,treino_interno
LA_E_3938108,treino_interno
LA_E_3938225,treino_interno
LA_E_3938524,treino_interno
LA_E_3938530,treino_interno
LA_E_3938539,early_stopping
LA_E_3938714,treino_interno
LA_E_3938817,treino_interno
LA_E_3938986,treino_interno
LA_E_3939031,treino_interno
LA_E_3939381,treino_interno
LA_E_3939390,treino_interno
LA_E_3940205,treino_interno
LA_E_3940262,treino_interno
LA_E_3940466,treino_interno
LA_E_3940894,treino_interno
LA_E_3940948,treino_interno
LA_E_3941029,treino_interno
LA_E_3941290,treino_interno
LA_E_3941507,treino_interno
LA_E_3942104,treino_interno
LA_E_3942238,treino_interno
LA_E_3942337,treino_interno
LA_E_3942748,early_stopping
LA_E_3942900,treino_interno
LA_E_3943150,treino_interno
LA_E_3943328,treino_interno
LA_E_3943455,treino_interno
LA_E_3943500,treino_interno
LA_E_3943525,treino_interno
LA_E_3943660,early_stopping
LA_E_3943745,treino_interno
LA_E_3944126,treino_interno
LA_E_3944143,early_stopping
LA_E_3944343,treino_interno
LA_E_3944957,treino_interno
LA_E_3944975,early_stopping
LA_E_3944999,treino_interno
LA_E_3945120,early_stopping
LA_E_3945345,treino_interno
LA_E_3946000,treino_interno
LA_E_3946036,treino_interno
LA_E_3946267,treino_interno
LA_E_3946299,treino_interno
LA_E_3946345,treino_interno
LA_E_3946350,treino_interno
LA_E_3946559,treino_interno
LA_E_3946761,early_stopping
LA_E_3946782,treino_interno
LA_E_3946846,early_stopping
LA_E_3947583,early_stopping
LA_E_3948043,treino_interno
LA_E_3948080,treino_interno
LA_E_3948115,treino_interno
LA_E_3948327,treino_interno
LA_E_3948345,treino_interno
LA_E_3948580,treino_interno
LA_E_3948747,treino_interno
LA_E_3948977,treino_interno
LA_E_3949188,treino_interno
LA_E_3949247,treino_interno
LA_E_3949374,treino_interno
LA_E_3949382,treino_interno
LA_E_3949396,treino_interno
LA_E_3949700,early_stopping
LA_E_3949736,early_stopping
LA_E_3949737,treino_interno
LA_E_3950306,treino_interno
LA_E_3950651,treino_interno
LA_E_3951187,treino_interno
LA_E_3951190,treino_interno
LA_E_3951252,treino_interno
LA_E_3951267,treino_interno
LA_E_3951585,treino_interno
LA_E_3951823,treino_interno
LA_E_3952067,treino_interno
LA_E_3952971,treino_interno
LA_E_3953199,treino_interno
LA_E_3953524,treino_interno
LA_E_3953578,treino_interno
LA_E_3953601,treino_interno
LA_E_3953690,treino_interno
LA_E_3953732,treino_interno
LA_E_3953977,early_stopping
LA_E_3954769,treino_interno
LA_E_3954789,treino_interno
LA_E_3954803,treino_interno
LA_E_3954998,treino_interno
LA_E_3955429,treino_interno
LA_E_3955577,treino_interno
LA_E_3955829,treino_interno
LA_E_3955886,treino_interno
LA_E_3956289,treino_interno
LA_E_3956801,treino_interno
LA_E_3957222,early_stopping
LA_E_3957860,treino_interno
LA_E_3958094,treino_interno
LA_E_3958181,treino_interno
LA_E_3958441,treino_interno
LA_E_3958525,treino_interno
LA_E_3958780,treino_interno
LA_E_3958890,treino_interno
LA_E_3958902,treino_interno
LA_E_3959220,treino_interno
LA_E_3959349,early_stopping
LA_E_3959429,treino_interno
LA_E_3959451,treino_interno
LA_E_3959485,treino_interno
LA_E_3959609,treino_interno
LA_E_3959653,treino_interno
LA_E_3960101,treino_interno
LA_E_3960183,early_stopping
LA_E_3960421,treino_interno
LA_E_3960517,early_stopping
LA_E_3960883,treino_interno
LA_E_3961028,treino_interno
LA_E_3961090,treino_interno
LA_E_3961339,treino_interno
LA_E_3961499,treino_interno
LA_E_3961745,treino_interno
LA_E_3961893,treino_interno
LA_E_3962036,treino_interno
LA_E_3962291,treino_interno
LA_E_3962301,early_stopping
LA_E_3962564,treino_interno
LA_E_3962705,early_stopping
LA_E_3962743,treino_interno
LA_E_3962826,treino_interno
LA_E_3962988,treino_interno
LA_E_3963942,early_stopping
LA_E_3964232,treino_interno
LA_E_3964388,treino_interno
LA_E_3964696,treino_interno
LA_E_3964806,treino_interno
LA_E_3964842,early_stopping
LA_E_3965219,treino_interno
LA_E_3965357,treino_interno
LA_E_3965762,treino_interno
LA_E_3965816,early_stopping
LA_E_3966306,treino_interno
LA_E_3966449,treino_interno
LA_E_3966485,treino_interno
LA_E_3966676,treino_interno
LA_E_3966790,treino_interno
LA_E_3966878,treino_interno
LA_E_3966968,treino_interno
LA_E_3967007,treino_interno
LA_E_3967232,treino_interno
LA_E_3968069,treino_interno
LA_E_3968559,treino_interno
LA_E_3968638,treino_interno
LA_E_3968778,early_stopping
LA_E_3969017,treino_interno
LA_E_3969531,treino_interno
LA_E_3969879,treino_interno
LA_E_3970037,treino_interno
LA_E_3970322,treino_interno
LA_E_3970426,treino_interno
LA_E_3970561,treino_interno
LA_E_3971501,treino_interno
LA_E_3971535,treino_interno
LA_E_3971544,treino_interno
LA_E_3971589,treino_interno
LA_E_3972020,treino_interno
LA_E_3972177,treino_interno
LA_E_3972542,treino_interno
LA_E_3973371,treino_interno
LA_E_3973660,treino_interno
LA_E_3973732,treino_interno
LA_E_3973850,treino_interno
LA_E_3974009,treino_interno
LA_E_3974187,treino_interno
LA_E_3974212,treino_interno
LA_E_3974347,treino_interno
LA_E_3974404,early_stopping
LA_E_3975674,treino_interno
LA_E_3975869,treino_interno
LA_E_3976291,treino_interno
LA_E_3976429,treino_interno
LA_E_3976593,treino_interno
LA_E_3977161,treino_interno
LA_E_3977594,treino_interno
LA_E_3978082,treino_interno
LA_E_3978094,early_stopping
LA_E_3978437,treino_interno
LA_E_3978553,treino_interno
LA_E_3978791,treino_interno
LA_E_3979335,treino_interno
LA_E_3979738,treino_interno
LA_E_3979767,treino_interno
LA_E_3979856,treino_interno
LA_E_3979921,treino_interno
LA_E_3979947,early_stopping
LA_E_3979995,treino_interno
LA_E_3980059,treino_interno
LA_E_3980904,treino_interno
LA_E_3981277,treino_interno
LA_E_3981351,treino_interno
LA_E_3981438,treino_interno
LA_E_3981760,treino_interno
LA_E_3982168,treino_interno
LA_E_3982413,treino_interno
LA_E_3982618,treino_interno
LA_E_3982736,treino_interno
LA_E_3982931,treino_interno
LA_E_3983020,treino_interno
LA_E_3983096,treino_interno
LA_E_3983492,treino_interno
LA_E_3983728,treino_interno
LA_E_3984031,early_stopping
LA_E_3984215,early_stopping
LA_E_3984672,early_stopping
LA_E_3984729,treino_interno
LA_E_3985649,treino_interno
LA_E_3986284,treino_interno
LA_E_3986325,treino_interno
LA_E_3986333,treino_interno
LA_E_3986850,treino_interno
LA_E_3987029,treino_interno
LA_E_3987062,treino_interno
LA_E_3987400,treino_interno
LA_E_3987431,treino_interno
LA_E_3987662,treino_interno
LA_E_3987672,treino_interno
LA_E_3987868,treino_interno
LA_E_3988061,treino_interno
LA_E_3988124,early_stopping
LA_E_3988308,treino_interno
LA_E_3988344,treino_interno
LA_E_3988418,treino_interno
LA_E_3988760,early_stopping
LA_E_3988908,treino_interno
LA_E_3988956,treino_interno
LA_E_3989284,treino_interno
LA_E_3989583,treino_interno
LA_E_3989986,early_stopping
LA_E_3990825,early_stopping
LA_E_3991047,treino_interno
LA_E_3991145,treino_interno
LA_E_3991310,treino_interno
LA_E_3991453,treino_interno
LA_E_3992215,treino_interno
LA_E_3992325,treino_interno
LA_E_3992383,treino_interno
LA_E_3992425,treino_interno
LA_E_3992527,treino_interno
LA_E_3992563,treino_interno
LA_E_3992705,treino_interno
LA_E_3992831,treino_interno
LA_E_3992844,treino_interno
LA_E_3992941,treino_interno
LA_E_3992974,treino_interno
LA_E_3993212,treino_interno
LA_E_3993377,treino_interno
LA_E_3993380,early_stopping
LA_E_3993409,treino_interno
LA_E_3993464,treino_interno
LA_E_3993637,treino_interno
LA_E_3993896,treino_interno
LA_E_3994285,treino_interno
LA_E_3994482,treino_interno
LA_E_3994484,treino_interno
LA_E_3994946,treino_interno
LA_E_3995376,treino_interno
LA_E_3996297,treino_interno
LA_E_3996487,treino_interno
LA_E_3996528,treino_interno
LA_E_3996872,treino_interno
LA_E_3997362,treino_interno
LA_E_3997709,early_stopping
LA_E_3997820,treino_interno
LA_E_3997926,treino_interno
LA_E_3998365,treino_interno
LA_E_3998654,treino_interno
LA_E_3999288,treino_interno
LA_E_3999351,treino_interno
LA_E_3999560,treino_interno
LA_E_3999733,treino_interno
LA_E_3999885,treino_interno
LA_E_4000310,treino_interno
LA_E_4000621,treino_interno
LA_E_4001250,treino_interno
LA_E_4001556,early_stopping
LA_E_4001878,treino_interno
LA_E_4002001,treino_interno
LA_E_4002052,treino_interno
LA_E_4002073,treino_interno
LA_E_4002090,early_stopping
LA_E_4002263,treino_interno
LA_E_4002521,treino_interno
LA_E_4002560,early_stopping
LA_E_4002988,treino_interno
LA_E_4003078,treino_interno
LA_E_4003591,treino_interno
LA_E_4003636,treino_interno
LA_E_4003753,treino_interno
LA_E_4003851,treino_interno
LA_E_4003853,treino_interno
LA_E_4003942,treino_interno
LA_E_4004032,treino_interno
LA_E_4004049,treino_interno
LA_E_4004142,early_stopping
LA_E_4004376,treino_interno
LA_E_4004556,early_stopping
LA_E_4004587,early_stopping
LA_E_4005106,treino_interno
LA_E_4005229,treino_interno
LA_E_4005818,treino_interno
LA_E_4006195,treino_interno
LA_E_4006506,treino_interno
LA_E_4006609,treino_interno
LA_E_4006762,treino_interno
LA_E_4006941,treino_interno
LA_E_4007005,treino_interno
LA_E_4007175,treino_interno
LA_E_4007381,treino_interno
LA_E_4007472,treino_interno
LA_E_4007803,treino_interno
LA_E_4007817,treino_interno
LA_E_4007989,treino_interno
LA_E_4008154,early_stopping
LA_E_4008449,early_stopping
LA_E_4008546,treino_interno
LA_E_4008614,treino_interno
LA_E_4008664,treino_interno
LA_E_4009137,treino_interno
LA_E_4009140,treino_interno
LA_E_4009192,treino_interno
LA_E_4009478,treino_interno
LA_E_4009757,treino_interno
LA_E_4010197,treino_interno
LA_E_4010355,treino_interno
LA_E_4011140,treino_interno
LA_E_4011244,treino_interno
LA_E_4012146,treino_interno
LA_E_4012151,early_stopping
LA_E_4012210,treino_interno
LA_E_4012612,treino_interno
LA_E_4012759,treino_interno
LA_E_4012983,early_stopping
LA_E_4013060,treino_interno
LA_E_4013259,early_stopping
LA_E_4013339,treino_interno
LA_E_4013687,treino_interno
LA_E_4013705,treino_interno
LA_E_4013812,treino_interno
LA_E_4014138,treino_interno
LA_E_4014251,early_stopping
LA_E_4014828,treino_interno
LA_E_4015033,treino_interno
LA_E_4015351,treino_interno
LA_E_4015946,treino_interno
LA_E_4016266,early_stopping
LA_E_4016507,treino_interno
LA_E_4016656,early_stopping
LA_E_4016767,treino_interno
LA_E_4016804,treino_interno
LA_E_4017427,treino_interno
LA_E_4017630,treino_interno
LA_E_4017924,treino_interno
LA_E_4018268,treino_interno
LA_E_4018300,treino_interno
LA_E_4018868,treino_interno
LA_E_4019128,treino_interno
LA_E_4019264,treino_interno
LA_E_4019569,early_stopping
LA_E_4019578,treino_interno
LA_E_4020311,treino_interno
LA_E_4021195,treino_interno
LA_E_4021389,treino_interno
LA_E_4021954,treino_interno
LA_E_4022495,early_stopping
LA_E_4022776,treino_interno
LA_E_4022926,treino_interno
LA_E_4023098,treino_interno
LA_E_4023101,treino_interno
LA_E_4023172,treino_interno
LA_E_4023459,treino_interno
LA_E_4024193,treino_interno
LA_E_4024441,treino_interno
LA_E_4024804,treino_interno
LA_E_4024868,treino_interno
LA_E_4024967,treino_interno
LA_E_4025287,treino_interno
LA_E_4026150,treino_interno
LA_E_4026375,treino_interno
LA_E_4026619,treino_interno
LA_E_4027352,treino_interno
LA_E_4027461,treino_interno
LA_E_4027547,treino_interno
LA_E_4027810,treino_interno
LA_E_4028457,treino_interno
LA_E_4028521,treino_interno
LA_E_4028558,treino_interno
LA_E_4028660,treino_interno
LA_E_4028856,treino_interno
LA_E_4028884,treino_interno
LA_E_4028986,treino_interno
LA_E_4029133,treino_interno
LA_E_4029321,treino_interno
LA_E_4030023,treino_interno
LA_E_4030257,early_stopping
LA_E_4030343,treino_interno
LA_E_4030890,treino_interno
LA_E_4030911,treino_interno
LA_E_4031118,early_stopping
LA_E_4031319,treino_interno
LA_E_4031548,treino_interno
LA_E_4031615,treino_interno
LA_E_4031785,treino_interno
LA_E_4031964,treino_interno
LA_E_4032741,early_stopping
LA_E_4032751,treino_interno
LA_E_4033120,treino_interno
LA_E_4033140,treino_interno
LA_E_4033624,treino_interno
LA_E_4033627,early_stopping
LA_E_4033636,treino_interno
LA_E_4034295,treino_interno
LA_E_4034617,treino_interno
LA_E_4035278,treino_interno
LA_E_4035320,treino_interno
LA_E_4035515,treino_interno
LA_E_4035604,treino_interno
LA_E_4035958,treino_interno
LA_E_4036093,treino_interno
LA_E_4036360,treino_interno
LA_E_4036665,treino_interno
LA_E_4036819,treino_interno
LA_E_4037530,treino_interno
LA_E_4037596,treino_interno
LA_E_4038760,treino_interno
LA_E_4039486,treino_interno
LA_E_4039685,treino_interno
LA_E_4040029,treino_interno
LA_E_4040532,treino_interno
LA_E_4040665,treino_interno
LA_E_4040906,treino_interno
LA_E_4040988,treino_interno
LA_E_4041128,early_stopping
LA_E_4041339,treino_interno
LA_E_4041413,treino_interno
LA_E_4041928,treino_interno
LA_E_4042279,treino_interno
LA_E_4042676,treino_interno
LA_E_4042914,treino_interno
LA_E_4042920,treino_interno
LA_E_4043498,treino_interno
LA_E_4043609,treino_interno
LA_E_4043866,treino_interno
LA_E_4044253,treino_interno
LA_E_4044594,treino_interno
LA_E_4044677,early_stopping
LA_E_4045089,treino_interno
LA_E_4045419,treino_interno
LA_E_4046017,treino_interno
LA_E_4046690,treino_interno
LA_E_4047140,treino_interno
LA_E_4047246,treino_interno
LA_E_4047368,treino_interno
LA_E_4047561,treino_interno
LA_E_4047576,treino_interno
LA_E_4047759,treino_interno
LA_E_4047969,treino_interno
LA_E_4048060,treino_interno
LA_E_4048291,treino_interno
LA_E_4048521,treino_interno
LA_E_4048565,treino_interno
LA_E_4048635,treino_interno
LA_E_4049040,treino_interno
LA_E_4049161,early_stopping
LA_E_4049191,treino_interno
LA_E_4049296,treino_interno
LA_E_4049302,treino_interno
LA_E_4049481,treino_interno
LA_E_4049653,treino_interno
LA_E_4049964,treino_interno
LA_E_4050155,treino_interno
LA_E_4050364,treino_interno
LA_E_4050714,treino_interno
LA_E_4050954,treino_interno
LA_E_4050984,treino_interno
LA_E_4051022,treino_interno
LA_E_4051064,treino_interno
LA_E_4051098,treino_interno
LA_E_4051120,treino_interno
LA_E_4051142,treino_interno
LA_E_4051351,early_stopping
LA_E_4051353,treino_interno
LA_E_4051713,treino_interno
LA_E_4051760,treino_interno
LA_E_4052554,treino_interno
LA_E_4053145,treino_interno
LA_E_4053182,treino_interno
LA_E_4053308,treino_interno
LA_E_4053688,treino_interno
LA_E_4053956,treino_interno
LA_E_4054575,treino_interno
LA_E_4054738,treino_interno
LA_E_4055337,treino_interno
LA_E_4055762,treino_interno
LA_E_4055791,treino_interno
LA_E_4055876,treino_interno
LA_E_4056437,early_stopping
LA_E_4056485,treino_interno
LA_E_4056684,treino_interno
LA_E_4056915,treino_interno
LA_E_4057020,treino_interno
LA_E_4057022,treino_interno
LA_E_4057039,treino_interno
LA_E_4057045,treino_interno
LA_E_4057402,treino_interno
LA_E_4057561,treino_interno
LA_E_4057690,treino_interno
LA_E_4057900,treino_interno
LA_E_4057977,treino_interno
LA_E_4058046,treino_interno
LA_E_4058506,treino_interno
LA_E_4058826,treino_interno
LA_E_4058937,treino_interno
LA_E_4059648,treino_interno
LA_E_4059657,treino_interno
LA_E_4060522,treino_interno
LA_E_4060666,early_stopping
LA_E_4060703,treino_interno
LA_E_4060758,treino_interno
LA_E_4060809,treino_interno
LA_E_4060997,treino_interno
LA_E_4061270,treino_interno
LA_E_4061475,early_stopping
LA_E_4061841,treino_interno
LA_E_4062052,treino_interno
LA_E_4062469,early_stopping
LA_E_4062781,treino_interno
LA_E_4062790,treino_interno
LA_E_4063274,treino_interno
LA_E_4063450,treino_interno
LA_E_4063551,early_stopping
LA_E_4063924,treino_interno
LA_E_4064934,treino_interno
LA_E_4064941,treino_interno
LA_E_4065685,treino_interno
LA_E_4065905,treino_interno
LA_E_4065930,treino_interno
LA_E_4066408,treino_interno
LA_E_4066617,treino_interno
LA_E_4066623,treino_interno
LA_E_4066739,treino_interno
LA_E_4066834,treino_interno
LA_E_4066960,treino_interno
LA_E_4067116,treino_interno
LA_E_4067332,treino_interno
LA_E_4067475,treino_interno
LA_E_4067878,treino_interno
LA_E_4067979,treino_interno
LA_E_4067995,early_stopping
LA_E_4068211,treino_interno
LA_E_4068405,treino_interno
LA_E_4069178,treino_interno
LA_E_4069353,treino_interno
LA_E_4069499,treino_interno
LA_E_4069649,treino_interno
LA_E_4069759,treino_interno
LA_E_4069812,treino_interno
LA_E_4069872,treino_interno
LA_E_4069912,treino_interno
LA_E_4070611,treino_interno
LA_E_4071000,treino_interno
LA_E_4071148,treino_interno
LA_E_4071345,early_stopping
LA_E_4071872,treino_interno
LA_E_4071991,treino_interno
LA_E_4072339,treino_interno
LA_E_4072653,treino_interno
LA_E_4072665,treino_interno
LA_E_4072689,treino_interno
LA_E_4072740,treino_interno
LA_E_4073139,early_stopping
LA_E_4073440,treino_interno
LA_E_4073472,treino_interno
LA_E_4073482,treino_interno
LA_E_4073703,treino_interno
LA_E_4073752,treino_interno
LA_E_4073803,treino_interno
LA_E_4074363,treino_interno
LA_E_4074810,treino_interno
LA_E_4074820,treino_interno
LA_E_4074828,treino_interno
LA_E_4075081,treino_interno
LA_E_4075417,treino_interno
LA_E_4075482,treino_interno
LA_E_4075959,treino_interno
LA_E_4075960,treino_interno
LA_E_4075964,treino_interno
LA_E_4076126,early_stopping
LA_E_4076539,treino_interno
LA_E_4076808,treino_interno
LA_E_4076874,treino_interno
LA_E_4077049,treino_interno
LA_E_4077291,treino_interno
LA_E_4077293,treino_interno
LA_E_4077660,treino_interno
LA_E_4077833,treino_interno
LA_E_4078222,treino_interno
LA_E_4078257,treino_interno
LA_E_4078672,treino_interno
LA_E_4078675,treino_interno
LA_E_4078886,treino_interno
LA_E_4078968,treino_interno
LA_E_4079064,treino_interno
LA_E_4079471,early_stopping
LA_E_4079752,treino_interno
LA_E_4079756,treino_interno
LA_E_4079883,treino_interno
LA_E_4080083,treino_interno
LA_E_4080203,treino_interno
LA_E_4080306,treino_interno
LA_E_4080399,treino_interno
LA_E_4080609,treino_interno
LA_E_4080631,treino_interno
LA_E_4080934,treino_interno
LA_E_4081280,treino_interno
LA_E_4082223,treino_interno
LA_E_4082304,treino_interno
LA_E_4082422,treino_interno
LA_E_4082787,treino_interno
LA_E_4082854,treino_interno
LA_E_4083092,treino_interno
LA_E_4083156,early_stopping
LA_E_4083690,treino_interno
LA_E_4083823,treino_interno
LA_E_4083972,treino_interno
LA_E_4084005,treino_interno
LA_E_4084057,treino_interno
LA_E_4084337,treino_interno
LA_E_4085389,treino_interno
LA_E_4085509,treino_interno
LA_E_4085727,treino_interno
LA_E_4085751,early_stopping
LA_E_4085886,treino_interno
LA_E_4086082,early_stopping
LA_E_4086142,treino_interno
LA_E_4086151,treino_interno
LA_E_4086564,treino_interno
LA_E_4086943,treino_interno
LA_E_4086992,treino_interno
LA_E_4087837,treino_interno
LA_E_4088290,treino_interno
LA_E_4088498,treino_interno
LA_E_4088788,treino_interno
LA_E_4088925,treino_interno
LA_E_4089228,treino_interno
LA_E_4089550,treino_interno
LA_E_4089603,treino_interno
LA_E_4089741,treino_interno
LA_E_4089939,treino_interno
LA_E_4090094,treino_interno
LA_E_4090304,early_stopping
LA_E_4090336,treino_interno
LA_E_4090369,treino_interno
LA_E_4090418,treino_interno
LA_E_4090914,treino_interno
LA_E_4090938,treino_interno
LA_E_4091099,treino_interno
LA_E_4091799,treino_interno
LA_E_4092043,treino_interno
LA_E_4092220,treino_interno
LA_E_4092991,treino_interno
LA_E_4093728,treino_interno
LA_E_4094191,treino_interno
LA_E_4095011,treino_interno
LA_E_4095172,treino_interno
LA_E_4095381,treino_interno
LA_E_4095865,treino_interno
LA_E_4097687,treino_interno
LA_E_4097732,treino_interno
LA_E_4097799,treino_interno
LA_E_4098232,treino_interno
LA_E_4098279,treino_interno
LA_E_4098294,treino_interno
LA_E_4098479,treino_interno
LA_E_4098710,treino_interno
LA_E_4098919,treino_interno
LA_E_4098936,early_stopping
LA_E_4099102,treino_interno
LA_E_4099137,treino_interno
LA_E_4099240,treino_interno
LA_E_4100753,treino_interno
LA_E_4101073,treino_interno
LA_E_4101374,early_stopping
LA_E_4102979,treino_interno
LA_E_4103092,treino_interno
LA_E_4103128,treino_interno
LA_E_4103369,early_stopping
LA_E_4103417,treino_interno
LA_E_4103528,treino_interno
LA_E_4103682,treino_interno
LA_E_4103905,treino_interno
LA_E_4103952,treino_interno
LA_E_4104331,treino_interno
LA_E_4104480,treino_interno
LA_E_4104754,treino_interno
LA_E_4105043,treino_interno
LA_E_4105460,early_stopping
LA_E_4105955,treino_interno
LA_E_4106270,treino_interno
LA_E_4106544,treino_interno
LA_E_4106613,treino_interno
LA_E_4107009,treino_interno
LA_E_4107424,treino_interno
LA_E_4107867,treino_interno
LA_E_4107996,treino_interno
LA_E_4108481,treino_interno
LA_E_4108728,treino_interno
LA_E_4109032,treino_interno
LA_E_4109273,early_stopping
LA_E_4110266,treino_interno
LA_E_4110406,treino_interno
LA_E_4110440,early_stopping
LA_E_4110734,treino_interno
LA_E_4111004,treino_interno
LA_E_4111039,early_stopping
LA_E_4111051,treino_interno
LA_E_4111092,treino_interno
LA_E_4111174,treino_interno
LA_E_4111195,treino_interno
LA_E_4111212,treino_interno
LA_E_4111445,treino_interno
LA_E_4111728,treino_interno
LA_E_4111744,treino_interno
LA_E_4112231,treino_interno
LA_E_4112299,treino_interno
LA_E_4113077,treino_interno
LA_E_4113087,treino_interno
LA_E_4113099,early_stopping
LA_E_4113533,treino_interno
LA_E_4114482,treino_interno
LA_E_4114566,treino_interno
LA_E_4114612,treino_interno
LA_E_4115393,early_stopping
LA_E_4115458,treino_interno
LA_E_4115817,early_stopping
LA_E_4116501,treino_interno
LA_E_4116619,treino_interno
LA_E_4117595,treino_interno
LA_E_4117823,treino_interno
LA_E_4117930,treino_interno
LA_E_4118403,treino_interno
LA_E_4118682,treino_interno
LA_E_4119970,treino_interno
LA_E_4120025,treino_interno
LA_E_4121249,treino_interno
LA_E_4121420,treino_interno
LA_E_4121622,treino_interno
LA_E_4121765,treino_interno
LA_E_4121920,treino_interno
LA_E_4122809,treino_interno
LA_E_4122990,treino_interno
LA_E_4122996,treino_interno
LA_E_4123157,treino_interno
LA_E_4123710,treino_interno
LA_E_4124026,treino_interno
LA_E_4124285,treino_interno
LA_E_4124623,treino_interno
LA_E_4125148,treino_interno
LA_E_4125391,treino_interno
LA_E_4126256,early_stopping
LA_E_4126310,treino_interno
LA_E_4126329,treino_interno
LA_E_4126942,treino_interno
LA_E_4127181,treino_interno
LA_E_4127305,treino_interno
LA_E_4127559,treino_interno
LA_E_4128026,treino_interno
LA_E_4128257,treino_interno
LA_E_4128520,treino_interno
LA_E_4128947,treino_interno
LA_E_4129327,treino_interno
LA_E_4129375,treino_interno
LA_E_4129491,treino_interno
LA_E_4129567,treino_interno
LA_E_4129636,treino_interno
LA_E_4129703,treino_interno
LA_E_4129808,treino_interno
LA_E_4130028,treino_interno
LA_E_4130058,treino_interno
LA_E_4130237,treino_interno
LA_E_4130248,treino_interno
LA_E_4130563,treino_interno
LA_E_4131167,treino_interno
LA_E_4132055,treino_interno
LA_E_4133536,treino_interno
LA_E_4133638,treino_interno
LA_E_4133652,treino_interno
LA_E_4133859,treino_interno
LA_E_4133939,treino_interno
LA_E_4134119,treino_interno
LA_E_4134681,treino_interno
LA_E_4135218,treino_interno
LA_E_4135343,treino_interno
LA_E_4135627,treino_interno
LA_E_4136376,early_stopping
LA_E_4136455,treino_interno
LA_E_4136655,treino_interno
LA_E_4137147,treino_interno
LA_E_4137332,treino_interno
LA_E_4137667,treino_interno
LA_E_4137744,treino_interno
LA_E_4137965,treino_interno
LA_E_4138338,treino_interno
LA_E_4138394,treino_interno
LA_E_4138811,treino_interno
LA_E_4139079,early_stopping
LA_E_4139921,treino_interno
LA_E_4139974,treino_interno
LA_E_4140003,treino_interno
LA_E_4140126,treino_interno
LA_E_4140398,early_stopping
LA_E_4140461,treino_interno
LA_E_4140629,treino_interno
LA_E_4141256,treino_interno
LA_E_4141695,treino_interno
LA_E_4142781,treino_interno
LA_E_4142918,treino_interno
LA_E_4143146,treino_interno
LA_E_4143178,treino_interno
LA_E_4143180,treino_interno
LA_E_4143680,treino_interno
LA_E_4143901,early_stopping
LA_E_4143940,treino_interno
LA_E_4144605,treino_interno
LA_E_4144727,treino_interno
LA_E_4145160,treino_interno
LA_E_4146260,early_stopping
LA_E_4146638,treino_interno
LA_E_4146812,treino_interno
LA_E_4147173,treino_interno
LA_E_4147460,treino_interno
LA_E_4147504,treino_interno
LA_E_4147641,treino_interno
LA_E_4147652,treino_interno
LA_E_4147813,early_stopping
LA_E_4147897,treino_interno
LA_E_4148497,treino_interno
LA_E_4148590,treino_interno
LA_E_4149401,treino_interno
LA_E_4149635,treino_interno
LA_E_4149660,treino_interno
LA_E_4149685,treino_interno
LA_E_4150169,treino_interno
LA_E_4150285,treino_interno
LA_E_4150883,treino_interno
LA_E_4151243,treino_interno
LA_E_4151268,treino_interno
LA_E_4151656,treino_interno
LA_E_4151869,early_stopping
LA_E_4152231,treino_interno
LA_E_4152338,treino_interno
LA_E_4152542,treino_interno
LA_E_4152590,treino_interno
LA_E_4152737,treino_interno
LA_E_4152885,treino_interno
LA_E_4152961,treino_interno
LA_E_4153055,treino_interno
LA_E_4153414,treino_interno
LA_E_4154132,treino_interno
LA_E_4154449,treino_interno
LA_E_4154604,treino_interno
LA_E_4155244,treino_interno
LA_E_4155250,treino_interno
LA_E_4156112,early_stopping
LA_E_4156127,treino_interno
LA_E_4156145,treino_interno
LA_E_4156296,treino_interno
LA_E_4156539,treino_interno
LA_E_4156548,treino_interno
LA_E_4156710,treino_interno
LA_E_4156843,treino_interno
LA_E_4157021,treino_interno
LA_E_4157100,treino_interno
LA_E_4157635,treino_interno
LA_E_4157881,treino_interno
LA_E_4158044,treino_interno
LA_E_4158071,treino_interno
LA_E_4158189,treino_interno
LA_E_4158845,early_stopping
LA_E_4158848,treino_interno
LA_E_4159302,treino_interno
LA_E_4159379,treino_interno
LA_E_4159453,early_stopping
LA_E_4159467,treino_interno
LA_E_4161175,treino_interno
LA_E_4161185,early_stopping
LA_E_4161866,early_stopping
LA_E_4162035,early_stopping
LA_E_4162181,treino_interno
LA_E_4162184,early_stopping
LA_E_4162324,treino_interno
LA_E_4162378,treino_interno
LA_E_4163014,treino_interno
LA_E_4163628,treino_interno
LA_E_4163815,treino_interno
LA_E_4164169,treino_interno
LA_E_4164331,treino_interno
LA_E_4164448,treino_interno
LA_E_4164654,treino_interno
LA_E_4164749,early_stopping
LA_E_4165762,treino_interno
LA_E_4165771,early_stopping
LA_E_4165834,treino_interno
LA_E_4166186,treino_interno
LA_E_4166413,treino_interno
LA_E_4166505,early_stopping
LA_E_4166572,treino_interno
LA_E_4166736,treino_interno
LA_E_4166900,treino_interno
LA_E_4167489,treino_interno
LA_E_4167992,treino_interno
LA_E_4168078,treino_interno
LA_E_4168145,treino_interno
LA_E_4168216,treino_interno
LA_E_4168289,treino_interno
LA_E_4168331,treino_interno
LA_E_4168768,treino_interno
LA_E_4168841,treino_interno
LA_E_4169398,treino_interno
LA_E_4169445,treino_interno
LA_E_4169485,treino_interno
LA_E_4169550,treino_interno
LA_E_4170161,treino_interno
LA_E_4170508,treino_interno
LA_E_4170876,treino_interno
LA_E_4171641,treino_interno
LA_E_4171647,treino_interno
LA_E_4171972,treino_interno
LA_E_4172010,treino_interno
LA_E_4172297,treino_interno
LA_E_4172707,treino_interno
LA_E_4172843,treino_interno
LA_E_4173008,treino_interno
LA_E_4173214,treino_interno
LA_E_4173426,treino_interno
LA_E_4173494,treino_interno
LA_E_4173851,treino_interno
LA_E_4173948,treino_interno
LA_E_4174020,treino_interno
LA_E_4174196,treino_interno
LA_E_4174441,treino_interno
LA_E_4174501,early_stopping
LA_E_4175350,treino_interno
LA_E_4175498,treino_interno
LA_E_4175914,treino_interno
LA_E_4176524,treino_interno
LA_E_4176689,treino_interno
LA_E_4177306,treino_interno
LA_E_4177918,treino_interno
LA_E_4177966,early_stopping
LA_E_4178175,treino_interno
LA_E_4178283,treino_interno
LA_E_4178367,treino_interno
LA_E_4178426,treino_interno
LA_E_4178443,treino_interno
LA_E_4179347,treino_interno
LA_E_4179536,treino_interno
LA_E_4179642,treino_interno
LA_E_4179780,treino_interno
LA_E_4180288,treino_interno
LA_E_4180747,treino_interno
LA_E_4180849,treino_interno
LA_E_4180932,treino_interno
LA_E_4181454,treino_interno
LA_E_4181963,treino_interno
LA_E_4181975,treino_interno
LA_E_4182143,treino_interno
LA_E_4182242,early_stopping
LA_E_4182324,early_stopping
LA_E_4182446,treino_interno
LA_E_4182666,treino_interno
LA_E_4182824,treino_interno
LA_E_4183078,treino_interno
LA_E_4183125,treino_interno
LA_E_4183369,treino_interno
LA_E_4183405,treino_interno
LA_E_4183578,treino_interno
LA_E_4183997,treino_interno
LA_E_4184212,early_stopping
LA_E_4184214,treino_interno
LA_E_4184987,treino_interno
LA_E_4185193,treino_interno
LA_E_4185282,treino_interno
LA_E_4185727,treino_interno
LA_E_4185864,treino_interno
LA_E_4186107,treino_interno
LA_E_4186919,treino_interno
LA_E_4186964,treino_interno
LA_E_4186999,treino_interno
LA_E_4187363,treino_interno
LA_E_4187492,treino_interno
LA_E_4187955,treino_interno
LA_E_4188368,treino_interno
LA_E_4188418,early_stopping
LA_E_4188736,treino_interno
LA_E_4188817,treino_interno
LA_E_4188853,treino_interno
LA_E_4189111,early_stopping
LA_E_4189495,treino_interno
LA_E_4189687,treino_interno
LA_E_4189835,treino_interno
LA_E_4190529,treino_interno
LA_E_4190934,early_stopping
LA_E_4191176,treino_interno
LA_E_4191203,treino_interno
LA_E_4191269,treino_interno
LA_E_4191455,early_stopping
LA_E_4191554,treino_interno
LA_E_4191917,treino_interno
LA_E_4192880,treino_interno
LA_E_4193037,treino_interno
LA_E_4193057,early_stopping
LA_E_4193088,treino_interno
LA_E_4193271,treino_interno
LA_E_4193292,treino_interno
LA_E_4193376,treino_interno
LA_E_4193810,treino_interno
LA_E_4194294,treino_interno
LA_E_4194556,treino_interno
LA_E_4194742,treino_interno
LA_E_4195168,treino_interno
LA_E_4195179,treino_interno
LA_E_4195292,treino_interno
LA_E_4195911,treino_interno
LA_E_4196450,treino_interno
LA_E_4196867,treino_interno
LA_E_4196933,treino_interno
LA_E_4196975,treino_interno
LA_E_4197618,treino_interno
LA_E_4197619,treino_interno
LA_E_4197696,treino_interno
LA_E_4198304,treino_interno
LA_E_4198566,treino_interno
LA_E_4198595,treino_interno
LA_E_4198950,treino_interno
LA_E_4199132,treino_interno
LA_E_4199416,treino_interno
LA_E_4199431,treino_interno
LA_E_4199478,treino_interno
LA_E_4199636,treino_interno
LA_E_4200257,treino_interno
LA_E_4200261,treino_interno
LA_E_4200683,treino_interno
LA_E_4200798,treino_interno
LA_E_4200825,treino_interno
LA_E_4201276,treino_interno
LA_E_4201309,treino_interno
LA_E_4201329,treino_interno
LA_E_4201644,treino_interno
LA_E_4201682,treino_interno
LA_E_4201742,treino_interno
LA_E_4201852,treino_interno
LA_E_4201985,treino_interno
LA_E_4202264,treino_interno
LA_E_4202421,treino_interno
LA_E_4202536,treino_interno
LA_E_4202588,treino_interno
LA_E_4203409,treino_interno
LA_E_4203491,treino_interno
LA_E_4203638,treino_interno
LA_E_4203862,treino_interno
LA_E_4204319,early_stopping
LA_E_4205144,treino_interno
LA_E_4205185,treino_interno
LA_E_4205335,treino_interno
LA_E_4205416,treino_interno
LA_E_4205867,treino_interno
LA_E_4205902,treino_interno
LA_E_4206378,treino_interno
LA_E_4206605,treino_interno
LA_E_4206668,treino_interno
LA_E_4206688,treino_interno
LA_E_4206829,treino_interno
LA_E_4206845,treino_interno
LA_E_4207346,treino_interno
LA_E_4208315,treino_interno
LA_E_4208364,treino_interno
LA_E_4208726,treino_interno
LA_E_4208937,treino_interno
LA_E_4209047,treino_interno
LA_E_4209236,treino_interno
LA_E_4209518,treino_interno
LA_E_4209714,treino_interno
LA_E_4209887,treino_interno
LA_E_4209943,treino_interno
LA_E_4210292,treino_interno
LA_E_4210953,treino_interno
LA_E_4211460,treino_interno
LA_E_4211486,treino_interno
LA_E_4211732,treino_interno
LA_E_4211764,early_stopping
LA_E_4211848,treino_interno
LA_E_4212077,treino_interno
LA_E_4212916,treino_interno
LA_E_4213230,treino_interno
LA_E_4213641,treino_interno
LA_E_4213650,treino_interno
LA_E_4213995,treino_interno
LA_E_4214002,treino_interno
LA_E_4214593,treino_interno
LA_E_4214832,treino_interno
LA_E_4214859,treino_interno
LA_E_4215308,treino_interno
LA_E_4215587,treino_interno
LA_E_4215750,treino_interno
LA_E_4215785,treino_interno
LA_E_4215834,treino_interno
LA_E_4215843,treino_interno
LA_E_4216233,treino_interno
LA_E_4216315,treino_interno
LA_E_4216528,treino_interno
LA_E_4217620,treino_interno
LA_E_4217640,treino_interno
LA_E_4217735,treino_interno
LA_E_4217807,treino_interno
LA_E_4217830,treino_interno
LA_E_4217918,treino_interno
LA_E_4217948,treino_interno
LA_E_4218051,treino_interno
LA_E_4218196,treino_interno
LA_E_4218269,treino_interno
LA_E_4218639,treino_interno
LA_E_4219166,treino_interno
LA_E_4219302,treino_interno
LA_E_4219670,treino_interno
LA_E_4219920,treino_interno
LA_E_4220245,treino_interno
LA_E_4220753,treino_interno
LA_E_4220891,early_stopping
LA_E_4221275,treino_interno
LA_E_4221695,treino_interno
LA_E_4221742,treino_interno
LA_E_4222416,treino_interno
LA_E_4223108,early_stopping
LA_E_4223333,treino_interno
LA_E_4223695,treino_interno
LA_E_4223906,treino_interno
LA_E_4224306,treino_interno
LA_E_4224418,treino_interno
LA_E_4224748,treino_interno
LA_E_4224924,treino_interno
LA_E_4226050,treino_interno
LA_E_4226166,treino_interno
LA_E_4226179,treino_interno
LA_E_4226213,treino_interno
LA_E_4226253,early_stopping
LA_E_4226265,treino_interno
LA_E_4226650,treino_interno
LA_E_4226674,treino_interno
LA_E_4226684,treino_interno
LA_E_4227072,treino_interno
LA_E_4227161,treino_interno
LA_E_4228148,treino_interno
LA_E_4228443,treino_interno
LA_E_4228453,treino_interno
LA_E_4228492,treino_interno
LA_E_4228495,treino_interno
LA_E_4228514,treino_interno
LA_E_4228814,treino_interno
LA_E_4228860,treino_interno
LA_E_4228932,early_stopping
LA_E_4229170,treino_interno
LA_E_4229475,treino_interno
LA_E_4229968,treino_interno
LA_E_4230071,treino_interno
LA_E_4230177,treino_interno
LA_E_4230309,treino_interno
LA_E_4230689,treino_interno
LA_E_4230836,treino_interno
LA_E_4230839,treino_interno
LA_E_4230878,treino_interno
LA_E_4231147,treino_interno
LA_E_4232309,treino_interno
LA_E_4232451,treino_interno
LA_E_4232726,treino_interno
LA_E_4232937,treino_interno
LA_E_4232948,early_stopping
LA_E_4233147,treino_interno
LA_E_4233403,treino_interno
LA_E_4233625,treino_interno
LA_E_4233641,treino_interno
LA_E_4233876,treino_interno
LA_E_4233895,treino_interno
LA_E_4234026,early_stopping
LA_E_4234060,treino_interno
LA_E_4234110,treino_interno
LA_E_4234980,treino_interno
LA_E_4235003,treino_interno
LA_E_4235159,early_stopping
LA_E_4235161,treino_interno
LA_E_4235309,treino_interno
LA_E_4235411,treino_interno
LA_E_4235888,treino_interno
LA_E_4236112,treino_interno
LA_E_4236195,treino_interno
LA_E_4236742,treino_interno
LA_E_4236852,treino_interno
LA_E_4236876,treino_interno
LA_E_4236899,treino_interno
LA_E_4237129,treino_interno
LA_E_4237148,treino_interno
LA_E_4237255,treino_interno
LA_E_4237403,treino_interno
LA_E_4237890,treino_interno
LA_E_4238697,treino_interno
LA_E_4238699,treino_interno
LA_E_4238758,treino_interno
LA_E_4239086,early_stopping
LA_E_4239331,treino_interno
LA_E_4239518,early_stopping
LA_E_4239579,early_stopping
LA_E_4239965,treino_interno
LA_E_4240177,treino_interno
LA_E_4240179,treino_interno
LA_E_4240510,treino_interno
LA_E_4240525,treino_interno
LA_E_4240585,treino_interno
LA_E_4240696,treino_interno
LA_E_4240920,treino_interno
LA_E_4241024,treino_interno
LA_E_4241169,treino_interno
LA_E_4241217,treino_interno
LA_E_4241341,treino_interno
LA_E_4241515,treino_interno
LA_E_4241522,treino_interno
LA_E_4241558,treino_interno
LA_E_4241930,treino_interno
LA_E_4241935,treino_interno
LA_E_4242335,treino_interno
LA_E_4242848,early_stopping
LA_E_4243039,early_stopping
LA_E_4243397,treino_interno
LA_E_4243450,treino_interno
LA_E_4243602,treino_interno
LA_E_4243818,early_stopping
LA_E_4243844,treino_interno
LA_E_4244254,treino_interno
LA_E_4244393,treino_interno
LA_E_4244471,treino_interno
LA_E_4244582,treino_interno
LA_E_4244595,treino_interno
LA_E_4244708,early_stopping
LA_E_4244874,treino_interno
LA_E_4245015,treino_interno
LA_E_4245452,treino_interno
LA_E_4245711,treino_interno
LA_E_4246200,treino_interno
LA_E_4246419,treino_interno
LA_E_4246443,early_stopping
LA_E_4246805,early_stopping
LA_E_4246853,treino_interno
LA_E_4247071,treino_interno
LA_E_4247559,treino_interno
LA_E_4247879,treino_interno
LA_E_4248209,treino_interno
LA_E_4248624,early_stopping
LA_E_4249158,treino_interno
LA_E_4249179,treino_interno
LA_E_4249409,treino_interno
LA_E_4249590,treino_interno
LA_E_4249734,treino_interno
LA_E_4249775,treino_interno
LA_E_4250145,early_stopping
LA_E_4250245,treino_interno
LA_E_4250263,treino_interno
LA_E_4250582,treino_interno
LA_E_4250601,early_stopping
LA_E_4250810,treino_interno
LA_E_4250881,treino_interno
LA_E_4250899,treino_interno
LA_E_4250994,treino_interno
LA_E_4251030,treino_interno
LA_E_4251361,treino_interno
LA_E_4251459,treino_interno
LA_E_4251901,treino_interno
LA_E_4251987,treino_interno
LA_E_4252224,treino_interno
LA_E_4252538,treino_interno
LA_E_4252604,treino_interno
LA_E_4252619,treino_interno
LA_E_4253025,treino_interno
LA_E_4253126,treino_interno
LA_E_4253176,early_stopping
LA_E_4253531,treino_interno
LA_E_4253542,treino_interno
LA_E_4254251,treino_interno
LA_E_4254443,treino_interno
LA_E_4254463,treino_interno
LA_E_4254598,treino_interno
LA_E_4254790,treino_interno
LA_E_4255210,early_stopping
LA_E_4255291,treino_interno
LA_E_4255592,treino_interno
LA_E_4255717,treino_interno
LA_E_4256323,treino_interno
LA_E_4256570,treino_interno
LA_E_4256751,treino_interno
LA_E_4256891,treino_interno
LA_E_4257052,treino_interno
LA_E_4257176,treino_interno
LA_E_4257731,treino_interno
LA_E_4257773,treino_interno
LA_E_4257774,treino_interno
LA_E_4257796,early_stopping
LA_E_4257878,treino_interno
LA_E_4257892,early_stopping
LA_E_4258141,early_stopping
LA_E_4258325,treino_interno
LA_E_4258351,early_stopping
LA_E_4258460,treino_interno
LA_E_4258473,treino_interno
LA_E_4258552,treino_interno
LA_E_4258775,treino_interno
LA_E_4258930,early_stopping
LA_E_4259095,treino_interno
LA_E_4259543,treino_interno
LA_E_4259559,treino_interno
LA_E_4260214,treino_interno
LA_E_4260360,treino_interno
LA_E_4261013,treino_interno
LA_E_4261539,treino_interno
LA_E_4261804,treino_interno
LA_E_4261850,treino_interno
LA_E_4262081,treino_interno
LA_E_4262132,treino_interno
LA_E_4262159,treino_interno
LA_E_4262403,treino_interno
LA_E_4262501,treino_interno
LA_E_4262899,treino_interno
LA_E_4263084,treino_interno
LA_E_4263116,treino_interno
LA_E_4263567,treino_interno
LA_E_4264090,treino_interno
LA_E_4264352,early_stopping
LA_E_4264366,treino_interno
LA_E_4264443,treino_interno
LA_E_4264488,treino_interno
LA_E_4264716,treino_interno
LA_E_4264718,treino_interno
LA_E_4264884,treino_interno
LA_E_4265164,treino_interno
LA_E_4265558,treino_interno
LA_E_4266160,treino_interno
LA_E_4266280,treino_interno
LA_E_4266462,treino_interno
LA_E_4266490,treino_interno
LA_E_4266578,treino_interno
LA_E_4266691,treino_interno
LA_E_4266816,treino_interno
LA_E_4266932,treino_interno
LA_E_4267095,treino_interno
LA_E_4267163,treino_interno
LA_E_4267248,early_stopping
LA_E_4267362,treino_interno
LA_E_4267363,treino_interno
LA_E_4267438,treino_interno
LA_E_4267797,treino_interno
LA_E_4268005,treino_interno
LA_E_4268028,treino_interno
LA_E_4268175,treino_interno
LA_E_4268216,treino_interno
LA_E_4268310,treino_interno
LA_E_4268334,treino_interno
LA_E_4268402,treino_interno
LA_E_4268485,treino_interno
LA_E_4268486,treino_interno
LA_E_4268609,treino_interno
LA_E_4268636,early_stopping
LA_E_4269217,treino_interno
LA_E_4269496,treino_interno
LA_E_4269616,treino_interno
LA_E_4270057,treino_interno
LA_E_4270293,treino_interno
LA_E_4270612,treino_interno
LA_E_4271103,treino_interno
LA_E_4271447,treino_interno
LA_E_4271472,treino_interno
LA_E_4271742,treino_interno
LA_E_4271767,treino_interno
LA_E_4272199,treino_interno
LA_E_4272320,treino_interno
LA_E_4272568,treino_interno
LA_E_4272837,treino_interno
LA_E_4273097,treino_interno
LA_E_4273103,treino_interno
LA_E_4273375,treino_interno
LA_E_4273399,treino_interno
LA_E_4273411,treino_interno
LA_E_4273596,treino_interno
LA_E_4273803,treino_interno
LA_E_4273857,treino_interno
LA_E_4273863,treino_interno
LA_E_4273933,treino_interno
LA_E_4273956,treino_interno
LA_E_4274189,treino_interno
LA_E_4274389,treino_interno
LA_E_4274504,treino_interno
LA_E_4274611,treino_interno
LA_E_4275482,treino_interno
LA_E_4276801,treino_interno
LA_E_4276977,treino_interno
LA_E_4277235,treino_interno
LA_E_4277580,treino_interno
LA_E_4279119,treino_interno
LA_E_4279230,treino_interno
LA_E_4279274,treino_interno
LA_E_4279337,treino_interno
LA_E_4279753,treino_interno
LA_E_4280755,treino_interno
LA_E_4280872,treino_interno
LA_E_4281027,treino_interno
LA_E_4281271,treino_interno
LA_E_4281620,early_stopping
LA_E_4281634,treino_interno
LA_E_4281859,treino_interno
LA_E_4281979,treino_interno
LA_E_4282240,treino_interno
LA_E_4282241,treino_interno
LA_E_4282249,treino_interno
LA_E_4282292,treino_interno
LA_E_4282592,treino_interno
LA_E_4282635,treino_interno
LA_E_4282863,treino_interno
LA_E_4283470,treino_interno
LA_E_4283722,treino_interno
LA_E_4283740,early_stopping
LA_E_4284058,treino_interno
LA_E_4284064,treino_interno
LA_E_4284405,treino_interno
LA_E_4284821,treino_interno
LA_E_4284884,treino_interno
LA_E_4285460,treino_interno
LA_E_4285903,treino_interno
LA_E_4286090,treino_interno
LA_E_4286530,treino_interno
LA_E_4286775,treino_interno
LA_E_4286933,treino_interno
LA_E_4286939,treino_interno
LA_E_4287157,treino_interno
LA_E_4287446,treino_interno
LA_E_4287935,treino_interno
LA_E_4287967,treino_interno
LA_E_4288656,treino_interno
LA_E_4288916,treino_interno
LA_E_4288926,treino_interno
LA_E_4289824,treino_interno
LA_E_4289828,treino_interno
LA_E_4289933,treino_interno
LA_E_4290545,treino_interno
LA_E_4291362,treino_interno
LA_E_4291400,treino_interno
LA_E_4291448,treino_interno
LA_E_4291598,treino_interno
LA_E_4291787,treino_interno
LA_E_4292097,treino_interno
LA_E_4292100,treino_interno
LA_E_4292691,early_stopping
LA_E_4293049,treino_interno
LA_E_4293483,treino_interno
LA_E_4293630,treino_interno
LA_E_4294022,treino_interno
LA_E_4295097,treino_interno
LA_E_4295260,early_stopping
LA_E_4295706,treino_interno
LA_E_4296556,treino_interno
LA_E_4296725,treino_interno
LA_E_4297490,treino_interno
LA_E_4297616,treino_interno
LA_E_4297796,treino_interno
LA_E_4297998,treino_interno
LA_E_4298137,treino_interno
LA_E_4298169,early_stopping
LA_E_4298891,treino_interno
LA_E_4299055,treino_interno
LA_E_4299557,treino_interno
LA_E_4299611,treino_interno
LA_E_4300014,treino_interno
LA_E_4300060,treino_interno
LA_E_4300410,treino_interno
LA_E_4300527,treino_interno
LA_E_4301097,treino_interno
LA_E_4301482,treino_interno
LA_E_4302194,treino_interno
LA_E_4302340,treino_interno
LA_E_4302600,treino_interno
LA_E_4302610,treino_interno
LA_E_4302957,treino_interno
LA_E_4302985,treino_interno
LA_E_4303517,treino_interno
LA_E_4304007,treino_interno
LA_E_4304152,treino_interno
LA_E_4304188,treino_interno
LA_E_4304491,treino_interno
LA_E_4304531,treino_interno
LA_E_4304826,early_stopping
LA_E_4304878,treino_interno
LA_E_4305106,treino_interno
LA_E_4305482,treino_interno
LA_E_4305932,treino_interno
LA_E_4306160,treino_interno
LA_E_4306242,treino_interno
LA_E_4306812,treino_interno
LA_E_4307544,treino_interno
LA_E_4307678,treino_interno
LA_E_4307679,treino_interno
LA_E_4307784,treino_interno
LA_E_4307991,treino_interno
LA_E_4307995,treino_interno
LA_E_4308004,treino_interno
LA_E_4308155,treino_interno
LA_E_4308647,treino_interno
LA_E_4308686,treino_interno
LA_E_4309060,treino_interno
LA_E_4309113,treino_interno
LA_E_4309251,treino_interno
LA_E_4310049,treino_interno
LA_E_4310112,treino_interno
LA_E_4310221,treino_interno
LA_E_4310560,early_stopping
LA_E_4311138,treino_interno
LA_E_4311220,treino_interno
LA_E_4311485,treino_interno
LA_E_4311672,treino_interno
LA_E_4311745,treino_interno
LA_E_4311803,treino_interno
LA_E_4312359,treino_interno
LA_E_4312676,treino_interno
LA_E_4312705,treino_interno
LA_E_4313393,treino_interno
LA_E_4313607,treino_interno
LA_E_4313642,treino_interno
LA_E_4313925,treino_interno
LA_E_4314149,treino_interno
LA_E_4314374,treino_interno
LA_E_4314731,treino_interno
LA_E_4315204,treino_interno
LA_E_4315536,treino_interno
LA_E_4315723,treino_interno
LA_E_4315880,treino_interno
LA_E_4315892,treino_interno
LA_E_4316429,treino_interno
LA_E_4316748,early_stopping
LA_E_4316838,treino_interno
LA_E_4317512,treino_interno
LA_E_4317791,treino_interno
LA_E_4317797,treino_interno
LA_E_4317975,treino_interno
LA_E_4318266,treino_interno
LA_E_4318291,treino_interno
LA_E_4318403,treino_interno
LA_E_4318492,treino_interno
LA_E_4318601,treino_interno
LA_E_4319103,treino_interno
LA_E_4319507,treino_interno
LA_E_4319573,treino_interno
LA_E_4319910,treino_interno
LA_E_4319931,treino_interno
LA_E_4320042,treino_interno
LA_E_4320499,treino_interno
LA_E_4321018,treino_interno
LA_E_4321332,treino_interno
LA_E_4321464,treino_interno
LA_E_4321679,treino_interno
LA_E_4321719,treino_interno
LA_E_4321899,treino_interno
LA_E_4322126,treino_interno
LA_E_4322159,treino_interno
LA_E_4322175,treino_interno
LA_E_4322246,treino_interno
LA_E_4322255,early_stopping
LA_E_4322488,treino_interno
LA_E_4322924,treino_interno
LA_E_4322992,early_stopping
LA_E_4323432,treino_interno
LA_E_4323553,treino_interno
LA_E_4323737,treino_interno
LA_E_4323981,treino_interno
LA_E_4324186,treino_interno
LA_E_4324193,treino_interno
LA_E_4324530,treino_interno
LA_E_4325158,treino_interno
LA_E_4325199,treino_interno
LA_E_4325300,treino_interno
LA_E_4326253,treino_interno
LA_E_4326587,treino_interno
LA_E_4326731,treino_interno
LA_E_4327007,treino_interno
LA_E_4328074,treino_interno
LA_E_4328148,treino_interno
LA_E_4328264,treino_interno
LA_E_4329157,treino_interno
LA_E_4329207,treino_interno
LA_E_4329482,early_stopping
LA_E_4329671,treino_interno
LA_E_4329745,treino_interno
LA_E_4329775,treino_interno
LA_E_4329829,treino_interno
LA_E_4330578,treino_interno
LA_E_4330612,treino_interno
LA_E_4331442,treino_interno
LA_E_4331452,treino_interno
LA_E_4331465,early_stopping
LA_E_4331554,treino_interno
LA_E_4331567,treino_interno
LA_E_4331642,treino_interno
LA_E_4331712,treino_interno
LA_E_4332090,treino_interno
LA_E_4332095,treino_interno
LA_E_4332530,treino_interno
LA_E_4332751,treino_interno
LA_E_4333664,treino_interno
LA_E_4333769,treino_interno
LA_E_4333798,treino_interno
LA_E_4333931,treino_interno
LA_E_4334006,treino_interno
LA_E_4334205,treino_interno
LA_E_4335399,treino_interno
LA_E_4335415,treino_interno
LA_E_4335663,treino_interno
LA_E_4336226,treino_interno
LA_E_4336249,treino_interno
LA_E_4336455,treino_interno
LA_E_4337123,treino_interno
LA_E_4337282,treino_interno
LA_E_4337285,treino_interno
LA_E_4337287,treino_interno
LA_E_4337390,treino_interno
LA_E_4337495,treino_interno
LA_E_4337738,treino_interno
LA_E_4337946,treino_interno
LA_E_4338040,treino_interno
LA_E_4338302,treino_interno
LA_E_4338441,treino_interno
LA_E_4338498,treino_interno
LA_E_4338554,treino_interno
LA_E_4338800,treino_interno
LA_E_4339088,treino_interno
LA_E_4339111,treino_interno
LA_E_4339393,treino_interno
LA_E_4339478,early_stopping
LA_E_4339661,treino_interno
LA_E_4340246,treino_interno
LA_E_4340335,treino_interno
LA_E_4340462,early_stopping
LA_E_4340746,early_stopping
LA_E_4340825,treino_interno
LA_E_4341121,treino_interno
LA_E_4341424,early_stopping
LA_E_4341438,treino_interno
LA_E_4341798,treino_interno
LA_E_4341892,treino_interno
LA_E_4342243,treino_interno
LA_E_4342289,treino_interno
LA_E_4342519,treino_interno
LA_E_4343057,treino_interno
LA_E_4343235,treino_interno
LA_E_4343526,treino_interno
LA_E_4343553,treino_interno
LA_E_4344795,treino_interno
LA_E_4344992,treino_interno
LA_E_4345053,treino_interno
LA_E_4345078,treino_interno
LA_E_4345135,treino_interno
LA_E_4345418,treino_interno
LA_E_4345619,treino_interno
LA_E_4346179,treino_interno
LA_E_4346345,treino_interno
LA_E_4347081,early_stopping
LA_E_4347342,treino_interno
LA_E_4347932,treino_interno
LA_E_4348122,early_stopping
LA_E_4348463,treino_interno
LA_E_4348523,treino_interno
LA_E_4348762,treino_interno
LA_E_4349281,treino_interno
LA_E_4349385,treino_interno
LA_E_4349485,treino_interno
LA_E_4349869,treino_interno
LA_E_4350471,treino_interno
LA_E_4351300,treino_interno
LA_E_4351563,treino_interno
LA_E_4351989,treino_interno
LA_E_4352175,treino_interno
LA_E_4352556,treino_interno
LA_E_4352695,treino_interno
LA_E_4353637,treino_interno
LA_E_4353945,treino_interno
LA_E_4353959,treino_interno
LA_E_4354042,treino_interno
LA_E_4354089,treino_interno
LA_E_4354339,treino_interno
LA_E_4354379,treino_interno
LA_E_4354522,treino_interno
LA_E_4355619,treino_interno
LA_E_4355716,early_stopping
LA_E_4356774,treino_interno
LA_E_4357888,treino_interno
LA_E_4358393,treino_interno
LA_E_4358885,treino_interno
LA_E_4359068,treino_interno
LA_E_4359073,treino_interno
LA_E_4359185,early_stopping
LA_E_4359238,treino_interno
LA_E_4359248,treino_interno
LA_E_4359503,treino_interno
LA_E_4360146,treino_interno
LA_E_4360856,treino_interno
LA_E_4361774,treino_interno
LA_E_4361866,treino_interno
LA_E_4361987,early_stopping
LA_E_4362129,treino_interno
LA_E_4362500,treino_interno
LA_E_4362713,treino_interno
LA_E_4362856,treino_interno
LA_E_4362986,early_stopping
LA_E_4363107,treino_interno
LA_E_4363365,treino_interno
LA_E_4363689,treino_interno
LA_E_4363763,treino_interno
LA_E_4363784,treino_interno
LA_E_4363842,treino_interno
LA_E_4364146,treino_interno
LA_E_4364750,early_stopping
LA_E_4364834,treino_interno
LA_E_4364903,treino_interno
LA_E_4364904,early_stopping
LA_E_4365017,treino_interno
LA_E_4365590,treino_interno
LA_E_4365792,treino_interno
LA_E_4365955,treino_interno
LA_E_4366038,treino_interno
LA_E_4366096,treino_interno
LA_E_4366261,early_stopping
LA_E_4366369,treino_interno
LA_E_4366397,early_stopping
LA_E_4366411,treino_interno
LA_E_4367068,treino_interno
LA_E_4367082,treino_interno
LA_E_4367199,treino_interno
LA_E_4367308,treino_interno
LA_E_4367329,treino_interno
LA_E_4367405,treino_interno
LA_E_4367521,treino_interno
LA_E_4367748,treino_interno
LA_E_4368040,treino_interno
LA_E_4368440,treino_interno
LA_E_4368671,treino_interno
LA_E_4368675,treino_interno
LA_E_4368855,treino_interno
LA_E_4368875,treino_interno
LA_E_4369007,treino_interno
LA_E_4369084,treino_interno
LA_E_4369863,treino_interno
LA_E_4370175,treino_interno
LA_E_4370492,treino_interno
LA_E_4370537,early_stopping
LA_E_4370657,treino_interno
LA_E_4370673,treino_interno
LA_E_4371206,treino_interno
LA_E_4371658,treino_interno
LA_E_4371872,treino_interno
LA_E_4371884,treino_interno
LA_E_4372576,treino_interno
LA_E_4372920,treino_interno
LA_E_4373223,treino_interno
LA_E_4374136,early_stopping
LA_E_4374796,treino_interno
LA_E_4375355,treino_interno
LA_E_4375668,treino_interno
LA_E_4375934,treino_interno
LA_E_4376230,treino_interno
LA_E_4376430,treino_interno
LA_E_4376844,early_stopping
LA_E_4378372,early_stopping
LA_E_4378695,treino_interno
LA_E_4378761,treino_interno
LA_E_4378799,treino_interno
LA_E_4378807,treino_interno
LA_E_4378999,treino_interno
LA_E_4379372,treino_interno
LA_E_4380025,treino_interno
LA_E_4380344,treino_interno
LA_E_4380499,treino_interno
LA_E_4380599,treino_interno
LA_E_4380896,treino_interno
LA_E_4380953,treino_interno
LA_E_4381224,treino_interno
LA_E_4381251,treino_interno
LA_E_4381388,treino_interno
LA_E_4381617,treino_interno
LA_E_4381867,treino_interno
LA_E_4381951,treino_interno
LA_E_4382264,treino_interno
LA_E_4382969,treino_interno
LA_E_4383133,treino_interno
LA_E_4383244,treino_interno
LA_E_4383276,treino_interno
LA_E_4383780,treino_interno
LA_E_4384513,treino_interno
LA_E_4384997,treino_interno
LA_E_4385027,treino_interno
LA_E_4385570,treino_interno
LA_E_4385671,early_stopping
LA_E_4386239,treino_interno
LA_E_4386259,treino_interno
LA_E_4386404,treino_interno
LA_E_4386755,treino_interno
LA_E_4386876,treino_interno
LA_E_4387818,treino_interno
LA_E_4387864,treino_interno
LA_E_4388116,early_stopping
LA_E_4388149,treino_interno
LA_E_4388182,treino_interno
LA_E_4388286,treino_interno
LA_E_4388575,treino_interno
LA_E_4388725,treino_interno
LA_E_4388934,treino_interno
LA_E_4389350,treino_interno
LA_E_4389380,treino_interno
LA_E_4389755,treino_interno
LA_E_4389818,treino_interno
LA_E_4389957,treino_interno
LA_E_4389981,treino_interno
LA_E_4390123,treino_interno
LA_E_4390137,treino_interno
LA_E_4390542,treino_interno
LA_E_4390566,treino_interno
LA_E_4390739,treino_interno
LA_E_4390855,treino_interno
LA_E_4390919,treino_interno
LA_E_4391074,treino_interno
LA_E_4391168,treino_interno
LA_E_4391272,treino_interno
LA_E_4391691,treino_interno
LA_E_4391706,treino_interno
LA_E_4391896,treino_interno
LA_E_4392054,treino_interno
LA_E_4392212,treino_interno
LA_E_4392379,treino_interno
LA_E_4392657,treino_interno
LA_E_4392680,treino_interno
LA_E_4392923,treino_interno
LA_E_4392924,treino_interno
LA_E_4393335,treino_interno
LA_E_4393495,treino_interno
LA_E_4393597,treino_interno
LA_E_4393685,early_stopping
LA_E_4393980,early_stopping
LA_E_4394102,treino_interno
LA_E_4394298,treino_interno
LA_E_4394430,treino_interno
LA_E_4394688,treino_interno
LA_E_4394748,treino_interno
LA_E_4394811,treino_interno
LA_E_4394854,treino_interno
LA_E_4394899,treino_interno
LA_E_4395129,treino_interno
LA_E_4395767,treino_interno
LA_E_4396020,treino_interno
LA_E_4396289,treino_interno
LA_E_4396633,treino_interno
LA_E_4397092,treino_interno
LA_E_4397274,treino_interno
LA_E_4397525,treino_interno
LA_E_4397697,treino_interno
LA_E_4397817,treino_interno
LA_E_4398200,treino_interno
LA_E_4398288,treino_interno
LA_E_4398733,treino_interno
LA_E_4398840,treino_interno
LA_E_4399138,treino_interno
LA_E_4399821,treino_interno
LA_E_4400427,early_stopping
LA_E_4400772,treino_interno
LA_E_4400876,treino_interno
LA_E_4401050,treino_interno
LA_E_4402011,treino_interno
LA_E_4402161,treino_interno
LA_E_4402617,treino_interno
LA_E_4402787,treino_interno
LA_E_4402918,treino_interno
LA_E_4403008,treino_interno
LA_E_4403069,treino_interno
LA_E_4403780,treino_interno
LA_E_4404382,treino_interno
LA_E_4404417,treino_interno
LA_E_4404430,treino_interno
LA_E_4404450,treino_interno
LA_E_4404542,treino_interno
LA_E_4404713,treino_interno
LA_E_4404967,treino_interno
LA_E_4404991,treino_interno
LA_E_4405044,treino_interno
LA_E_4405155,treino_interno
LA_E_4405535,treino_interno
LA_E_4405577,treino_interno
LA_E_4406128,treino_interno
LA_E_4406243,treino_interno
LA_E_4406266,treino_interno
LA_E_4406308,treino_interno
LA_E_4406977,treino_interno
LA_E_4407154,treino_interno
LA_E_4407393,treino_interno
LA_E_4407402,treino_interno
LA_E_4407440,treino_interno
LA_E_4407599,treino_interno
LA_E_4407770,treino_interno
LA_E_4407835,treino_interno
LA_E_4407883,treino_interno
LA_E_4407997,treino_interno
LA_E_4408009,treino_interno
LA_E_4408016,treino_interno
LA_E_4408113,treino_interno
LA_E_4408145,treino_interno
LA_E_4408219,treino_interno
LA_E_4408466,treino_interno
LA_E_4408775,treino_interno
LA_E_4409194,treino_interno
LA_E_4409370,early_stopping
LA_E_4409671,treino_interno
LA_E_4409879,treino_interno
LA_E_4410608,early_stopping
LA_E_4410833,treino_interno
LA_E_4411350,treino_interno
LA_E_4411437,treino_interno
LA_E_4411511,early_stopping
LA_E_4411819,early_stopping
LA_E_4411905,early_stopping
LA_E_4412271,early_stopping
LA_E_4412616,treino_interno
LA_E_4413789,treino_interno
LA_E_4413839,treino_interno
LA_E_4414013,treino_interno
LA_E_4414414,treino_interno
LA_E_4414475,treino_interno
LA_E_4414715,treino_interno
LA_E_4414780,treino_interno
LA_E_4415088,treino_interno
LA_E_4415623,treino_interno
LA_E_4415769,treino_interno
LA_E_4416073,treino_interno
LA_E_4416717,treino_interno
LA_E_4416816,treino_interno
LA_E_4416969,early_stopping
LA_E_4417094,treino_interno
LA_E_4417321,treino_interno
LA_E_4417383,treino_interno
LA_E_4417448,treino_interno
LA_E_4417828,treino_interno
LA_E_4418258,treino_interno
LA_E_4418861,treino_interno
LA_E_4419444,treino_interno
LA_E_4420021,treino_interno
LA_E_4420054,treino_interno
LA_E_4420144,treino_interno
LA_E_4420238,treino_interno
LA_E_4420370,treino_interno
LA_E_4420684,treino_interno
LA_E_4420792,treino_interno
LA_E_4420942,early_stopping
LA_E_4421477,treino_interno
LA_E_4421653,treino_interno
LA_E_4421659,treino_interno
LA_E_4422042,treino_interno
LA_E_4422359,treino_interno
LA_E_4422408,treino_interno
LA_E_4422435,treino_interno
LA_E_4422679,treino_interno
LA_E_4422988,treino_interno
LA_E_4423114,treino_interno
LA_E_4423305,treino_interno
LA_E_4423358,treino_interno
LA_E_4423425,treino_interno
LA_E_4423545,treino_interno
LA_E_4423776,treino_interno
LA_E_4423912,treino_interno
LA_E_4423995,treino_interno
LA_E_4424225,treino_interno
LA_E_4424258,treino_interno
LA_E_4424502,treino_interno
LA_E_4424731,treino_interno
LA_E_4424999,treino_interno
LA_E_4425011,treino_interno
LA_E_4425337,treino_interno
LA_E_4425450,treino_interno
LA_E_4425792,early_stopping
LA_E_4425979,treino_interno
LA_E_4425981,treino_interno
LA_E_4426723,treino_interno
LA_E_4426747,early_stopping
LA_E_4426876,treino_interno
LA_E_4427095,treino_interno
LA_E_4427837,treino_interno
LA_E_4427943,treino_interno
LA_E_4428756,treino_interno
LA_E_4429287,treino_interno
LA_E_4430562,treino_interno
LA_E_4430982,treino_interno
LA_E_4431345,treino_interno
LA_E_4431775,treino_interno
LA_E_4431905,treino_interno
LA_E_4432086,treino_interno
LA_E_4432157,treino_interno
LA_E_4432246,early_stopping
LA_E_4432428,early_stopping
LA_E_4432533,treino_interno
LA_E_4433172,treino_interno
LA_E_4433240,treino_interno
LA_E_4433310,treino_interno
LA_E_4433652,treino_interno
LA_E_4434120,treino_interno
LA_E_4434352,treino_interno
LA_E_4434840,treino_interno
LA_E_4435484,treino_interno
LA_E_4436215,treino_interno
LA_E_4436267,treino_interno
LA_E_4436415,treino_interno
LA_E_4437401,treino_interno
LA_E_4437722,treino_interno
LA_E_4437812,treino_interno
LA_E_4438091,treino_interno
LA_E_4438144,treino_interno
LA_E_4438263,treino_interno
LA_E_4438330,treino_interno
LA_E_4438684,treino_interno
LA_E_4438740,treino_interno
LA_E_4438912,treino_interno
LA_E_4440219,treino_interno
LA_E_4440535,treino_interno
LA_E_4440705,treino_interno
LA_E_4441157,treino_interno
LA_E_4441466,treino_interno
LA_E_4441520,treino_interno
LA_E_4441675,early_stopping
LA_E_4441973,treino_interno
LA_E_4443546,treino_interno
LA_E_4444351,treino_interno
LA_E_4444459,treino_interno
LA_E_4444726,treino_interno
LA_E_4444995,treino_interno
LA_E_4445386,treino_interno
LA_E_4446045,early_stopping
LA_E_4446227,treino_interno
LA_E_4446488,treino_interno
LA_E_4446506,treino_interno
LA_E_4446624,treino_interno
LA_E_4446775,treino_interno
LA_E_4446920,treino_interno
LA_E_4447043,treino_interno
LA_E_4447610,treino_interno
LA_E_4448028,treino_interno
LA_E_4448193,treino_interno
LA_E_4448692,treino_interno
LA_E_4448818,treino_interno
LA_E_4448833,treino_interno
LA_E_4449333,treino_interno
LA_E_4449992,early_stopping
LA_E_4450116,treino_interno
LA_E_4450514,treino_interno
LA_E_4450797,treino_interno
LA_E_4452194,treino_interno
LA_E_4453480,treino_interno
LA_E_4453555,treino_interno
LA_E_4454000,treino_interno
LA_E_4454171,treino_interno
LA_E_4454242,treino_interno
LA_E_4454666,treino_interno
LA_E_4455472,treino_interno
LA_E_4455736,treino_interno
LA_E_4455794,treino_interno
LA_E_4456131,treino_interno
LA_E_4456400,treino_interno
LA_E_4456421,treino_interno
LA_E_4456685,treino_interno
LA_E_4457336,early_stopping
LA_E_4457592,treino_interno
LA_E_4457699,treino_interno
LA_E_4457930,treino_interno
LA_E_4457992,treino_interno
LA_E_4459386,treino_interno
LA_E_4459394,treino_interno
LA_E_4459659,treino_interno
LA_E_4459686,treino_interno
LA_E_4460231,treino_interno
LA_E_4460669,treino_interno
LA_E_4460715,treino_interno
LA_E_4460881,early_stopping
LA_E_4461261,treino_interno
LA_E_4461375,early_stopping
LA_E_4461572,treino_interno
LA_E_4462689,treino_interno
LA_E_4463318,treino_interno
LA_E_4463595,treino_interno
LA_E_4463644,treino_interno
LA_E_4463655,treino_interno
LA_E_4463877,treino_interno
LA_E_4463982,treino_interno
LA_E_4464263,treino_interno
LA_E_4464283,early_stopping
LA_E_4464545,treino_interno
LA_E_4465063,treino_interno
LA_E_4465493,treino_interno
LA_E_4465905,treino_interno
LA_E_4465923,treino_interno
LA_E_4466048,treino_interno
LA_E_4466073,treino_interno
LA_E_4466267,treino_interno
LA_E_4466300,treino_interno
LA_E_4466787,treino_interno
LA_E_4466925,treino_interno
LA_E_4467614,treino_interno
LA_E_4467744,treino_interno
LA_E_4467775,treino_interno
LA_E_4468171,treino_interno
LA_E_4469326,treino_interno
LA_E_4469357,treino_interno
LA_E_4469372,treino_interno
LA_E_4469660,treino_interno
LA_E_4469936,early_stopping
LA_E_4470090,early_stopping
LA_E_4470266,treino_interno
LA_E_4471057,treino_interno
LA_E_4471138,treino_interno
LA_E_4472439,treino_interno
LA_E_4472518,treino_interno
LA_E_4472862,treino_interno
LA_E_4472887,treino_interno
LA_E_4473167,treino_interno
LA_E_4473472,early_stopping
LA_E_4473499,treino_interno
LA_E_4473529,treino_interno
LA_E_4473636,early_stopping
LA_E_4474372,treino_interno
LA_E_4474463,treino_interno
LA_E_4475078,treino_interno
LA_E_4475627,treino_interno
LA_E_4475744,treino_interno
LA_E_4475792,treino_interno
LA_E_4476009,treino_interno
LA_E_4476249,treino_interno
LA_E_4476384,treino_interno
LA_E_4476628,treino_interno
LA_E_4477060,treino_interno
LA_E_4477130,treino_interno
LA_E_4477447,early_stopping
LA_E_4477536,treino_interno
LA_E_4477803,treino_interno
LA_E_4477827,treino_interno
LA_E_4478353,treino_interno
LA_E_4478517,treino_interno
LA_E_4478520,treino_interno
LA_E_4479540,treino_interno
LA_E_4479986,treino_interno
LA_E_4480353,treino_interno
LA_E_4480687,treino_interno
LA_E_4480956,treino_interno
LA_E_4481123,treino_interno
LA_E_4481275,early_stopping
LA_E_4481370,treino_interno
LA_E_4481498,treino_interno
LA_E_4481880,treino_interno
LA_E_4481903,treino_interno
LA_E_4481964,treino_interno
LA_E_4482107,treino_interno
LA_E_4482130,treino_interno
LA_E_4482297,treino_interno
LA_E_4482509,treino_interno
LA_E_4482680,treino_interno
LA_E_4482753,treino_interno
LA_E_4484093,treino_interno
LA_E_4484837,treino_interno
LA_E_4484888,treino_interno
LA_E_4485389,treino_interno
LA_E_4485724,treino_interno
LA_E_4485945,treino_interno
LA_E_4486526,treino_interno
LA_E_4486687,treino_interno
LA_E_4487065,treino_interno
LA_E_4487066,treino_interno
LA_E_4487568,treino_interno
LA_E_4487636,treino_interno
LA_E_4487691,treino_interno
LA_E_4487726,treino_interno
LA_E_4487926,treino_interno
LA_E_4488022,treino_interno
LA_E_4488378,treino_interno
LA_E_4488389,treino_interno
LA_E_4489955,treino_interno
LA_E_4490148,treino_interno
LA_E_4490581,treino_interno
LA_E_4490650,treino_interno
LA_E_4490686,treino_interno
LA_E_4490733,treino_interno
LA_E_4491160,treino_interno
LA_E_4491329,treino_interno
LA_E_4491857,treino_interno
LA_E_4492617,treino_interno
LA_E_4492628,treino_interno
LA_E_4492652,treino_interno
LA_E_4494029,treino_interno
LA_E_4494409,treino_interno
LA_E_4495032,treino_interno
LA_E_4495261,treino_interno
LA_E_4495903,early_stopping
LA_E_4495907,treino_interno
LA_E_4497188,treino_interno
LA_E_4498059,treino_interno
LA_E_4498373,treino_interno
LA_E_4498566,treino_interno
LA_E_4498612,early_stopping
LA_E_4498770,treino_interno
LA_E_4499179,treino_interno
LA_E_4499235,treino_interno
LA_E_4499269,treino_interno
LA_E_4499433,treino_interno
LA_E_4499588,treino_interno
LA_E_4499849,treino_interno
LA_E_4500282,treino_interno
LA_E_4500408,treino_interno
LA_E_4500447,early_stopping
LA_E_4500649,treino_interno
LA_E_4500739,treino_interno
LA_E_4500873,treino_interno
LA_E_4500921,treino_interno
LA_E_4501083,treino_interno
LA_E_4501247,treino_interno
LA_E_4501383,treino_interno
LA_E_4501421,treino_interno
LA_E_4501987,treino_interno
LA_E_4502027,treino_interno
LA_E_4502577,treino_interno
LA_E_4502911,treino_interno
LA_E_4502993,treino_interno
LA_E_4503365,treino_interno
LA_E_4503536,early_stopping
LA_E_4503694,treino_interno
LA_E_4504312,treino_interno
LA_E_4504555,early_stopping
LA_E_4504560,treino_interno
LA_E_4504610,treino_interno
LA_E_4505353,treino_interno
LA_E_4505750,treino_interno
LA_E_4505780,treino_interno
LA_E_4505830,treino_interno
LA_E_4506195,treino_interno
LA_E_4506368,treino_interno
LA_E_4506397,treino_interno
LA_E_4506801,treino_interno
LA_E_4506944,treino_interno
LA_E_4506973,treino_interno
LA_E_4507218,treino_interno
LA_E_4507846,treino_interno
LA_E_4507987,treino_interno
LA_E_4508002,treino_interno
LA_E_4508808,treino_interno
LA_E_4508882,early_stopping
LA_E_4509178,treino_interno
LA_E_4509740,treino_interno
LA_E_4510139,treino_interno
LA_E_4510444,treino_interno
LA_E_4510488,treino_interno
LA_E_4511746,treino_interno
LA_E_4511764,early_stopping
LA_E_4511946,treino_interno
LA_E_4511998,treino_interno
LA_E_4512063,treino_interno
LA_E_4512474,treino_interno
LA_E_4512658,early_stopping
LA_E_4512712,treino_interno
LA_E_4512878,treino_interno
LA_E_4513010,treino_interno
LA_E_4513210,treino_interno
LA_E_4513935,treino_interno
LA_E_4514243,treino_interno
LA_E_4514742,treino_interno
LA_E_4514782,treino_interno
LA_E_4515080,treino_interno
LA_E_4515625,treino_interno
LA_E_4515792,treino_interno
LA_E_4516160,treino_interno
LA_E_4516263,treino_interno
LA_E_4516833,treino_interno
LA_E_4517705,early_stopping
LA_E_4517739,treino_interno
LA_E_4518255,early_stopping
LA_E_4518293,treino_interno
LA_E_4518332,treino_interno
LA_E_4518646,early_stopping
LA_E_4518798,treino_interno
LA_E_4518889,early_stopping
LA_E_4519068,treino_interno
LA_E_4519216,early_stopping
LA_E_4519260,treino_interno
LA_E_4519568,treino_interno
LA_E_4519720,treino_interno
LA_E_4519732,early_stopping
LA_E_4519874,treino_interno
LA_E_4519986,treino_interno
LA_E_4520002,treino_interno
LA_E_4520602,treino_interno
LA_E_4520616,early_stopping
LA_E_4520667,treino_interno
LA_E_4520940,treino_interno
LA_E_4521742,treino_interno
LA_E_4521845,treino_interno
LA_E_4521872,treino_interno
LA_E_4521980,treino_interno
LA_E_4521992,treino_interno
LA_E_4522025,early_stopping
LA_E_4522590,treino_interno
LA_E_4522613,treino_interno
LA_E_4522856,treino_interno
LA_E_4523106,treino_interno
LA_E_4523442,early_stopping
LA_E_4523574,treino_interno
LA_E_4523670,treino_interno
LA_E_4523920,treino_interno
LA_E_4524023,early_stopping
LA_E_4524177,treino_interno
LA_E_4524468,treino_interno
LA_E_4524536,treino_interno
LA_E_4524806,treino_interno
LA_E_4525651,treino_interno
LA_E_4525706,early_stopping
LA_E_4526232,treino_interno
LA_E_4526426,treino_interno
LA_E_4526461,treino_interno
LA_E_4526520,treino_interno
LA_E_4526921,treino_interno
LA_E_4527370,treino_interno
LA_E_4528044,treino_interno
LA_E_4528592,treino_interno
LA_E_4529265,treino_interno
LA_E_4529477,treino_interno
LA_E_4529483,early_stopping
LA_E_4529513,treino_interno
LA_E_4529795,treino_interno
LA_E_4529825,treino_interno
LA_E_4530101,treino_interno
LA_E_4530514,treino_interno
LA_E_4530698,treino_interno
LA_E_4531551,treino_interno
LA_E_4531631,early_stopping
LA_E_4531838,treino_interno
LA_E_4531920,treino_interno
LA_E_4532433,treino_interno
LA_E_4532507,treino_interno
LA_E_4532533,treino_interno
LA_E_4532620,treino_interno
LA_E_4533150,early_stopping
LA_E_4533157,treino_interno
LA_E_4534434,early_stopping
LA_E_4534827,treino_interno
LA_E_4534968,treino_interno
LA_E_4535320,treino_interno
LA_E_4535387,treino_interno
LA_E_4535606,treino_interno
LA_E_4535704,treino_interno
LA_E_4535881,treino_interno
LA_E_4536046,treino_interno
LA_E_4536350,treino_interno
LA_E_4536378,treino_interno
LA_E_4536476,treino_interno
LA_E_4536685,treino_interno
LA_E_4536985,treino_interno
LA_E_4536999,early_stopping
LA_E_4537337,treino_interno
LA_E_4537466,treino_interno
LA_E_4537518,treino_interno
LA_E_4537618,treino_interno
LA_E_4537834,treino_interno
LA_E_4537910,treino_interno
LA_E_4537965,treino_interno
LA_E_4538014,treino_interno
LA_E_4538111,treino_interno
LA_E_4538132,treino_interno
LA_E_4538813,treino_interno
LA_E_4538860,treino_interno
LA_E_4539181,treino_interno
LA_E_4539732,treino_interno
LA_E_4539751,treino_interno
LA_E_4539798,treino_interno
LA_E_4539849,treino_interno
LA_E_4539873,early_stopping
LA_E_4540012,treino_interno
LA_E_4540151,treino_interno
LA_E_4540578,treino_interno
LA_E_4540674,treino_interno
LA_E_4541721,treino_interno
LA_E_4541732,treino_interno
LA_E_4542483,treino_interno
LA_E_4542885,treino_interno
LA_E_4542952,treino_interno
LA_E_4543654,treino_interno
LA_E_4543696,treino_interno
LA_E_4543999,treino_interno
LA_E_4544046,treino_interno
LA_E_4544047,treino_interno
LA_E_4544363,treino_interno
LA_E_4544806,treino_interno
LA_E_4545009,treino_interno
LA_E_4545109,treino_interno
LA_E_4545338,treino_interno
LA_E_4545955,early_stopping
LA_E_4546124,treino_interno
LA_E_4546542,treino_interno
LA_E_4546674,treino_interno
LA_E_4546772,treino_interno
LA_E_4546857,treino_interno
LA_E_4546898,treino_interno
LA_E_4547228,treino_interno
LA_E_4547587,treino_interno
LA_E_4548314,treino_interno
LA_E_4548431,treino_interno
LA_E_4549517,treino_interno
LA_E_4549582,treino_interno
LA_E_4550013,treino_interno
LA_E_4550038,treino_interno
LA_E_4550040,treino_interno
LA_E_4550780,treino_interno
LA_E_4551166,treino_interno
LA_E_4551176,treino_interno
LA_E_4551700,treino_interno
LA_E_4551702,treino_interno
LA_E_4551835,early_stopping
LA_E_4551839,treino_interno
LA_E_4551846,treino_interno
LA_E_4552023,treino_interno
LA_E_4552087,treino_interno
LA_E_4552716,treino_interno
LA_E_4552787,treino_interno
LA_E_4553440,treino_interno
LA_E_4553635,treino_interno
LA_E_4554315,treino_interno
LA_E_4554967,treino_interno
LA_E_4555377,treino_interno
LA_E_4555382,early_stopping
LA_E_4555633,treino_interno
LA_E_4555661,treino_interno
LA_E_4555887,treino_interno
LA_E_4556674,treino_interno
LA_E_4556740,early_stopping
LA_E_4557442,early_stopping
LA_E_4558150,treino_interno
LA_E_4558322,early_stopping
LA_E_4558713,treino_interno
LA_E_4558741,treino_interno
LA_E_4559334,treino_interno
LA_E_4559423,treino_interno
LA_E_4559512,early_stopping
LA_E_4559941,treino_interno
LA_E_4559978,treino_interno
LA_E_4560015,treino_interno
LA_E_4560442,treino_interno
LA_E_4560722,treino_interno
LA_E_4560754,treino_interno
LA_E_4561369,treino_interno
LA_E_4561716,early_stopping
LA_E_4562384,early_stopping
LA_E_4562457,treino_interno
LA_E_4562656,treino_interno
LA_E_4562776,treino_interno
LA_E_4562840,treino_interno
LA_E_4562932,treino_interno
LA_E_4563264,treino_interno
LA_E_4563820,treino_interno
LA_E_4564043,early_stopping
LA_E_4564251,treino_interno
LA_E_4564706,treino_interno
LA_E_4564785,treino_interno
LA_E_4564878,treino_interno
LA_E_4565269,treino_interno
LA_E_4565771,treino_interno
LA_E_4566631,early_stopping
LA_E_4567227,treino_interno
LA_E_4567374,treino_interno
LA_E_4568387,treino_interno
LA_E_4568592,treino_interno
LA_E_4568656,treino_interno
LA_E_4568723,treino_interno
LA_E_4568808,treino_interno
LA_E_4568901,treino_interno
LA_E_4569325,treino_interno
LA_E_4569391,treino_interno
LA_E_4570346,treino_interno
LA_E_4570622,treino_interno
LA_E_4571719,treino_interno
LA_E_4572302,treino_interno
LA_E_4573022,treino_interno
LA_E_4573637,treino_interno
LA_E_4573690,early_stopping
LA_E_4573695,treino_interno
LA_E_4574677,treino_interno
LA_E_4574695,treino_interno
LA_E_4574904,treino_interno
LA_E_4575207,treino_interno
LA_E_4575688,treino_interno
LA_E_4576684,treino_interno
LA_E_4576749,treino_interno
LA_E_4576964,treino_interno
LA_E_4577122,treino_interno
LA_E_4577468,treino_interno
LA_E_4577863,treino_interno
LA_E_4578010,treino_interno
LA_E_4578981,treino_interno
LA_E_4579120,treino_interno
LA_E_4579197,treino_interno
LA_E_4579749,early_stopping
LA_E_4580074,treino_interno
LA_E_4580236,early_stopping
LA_E_4580320,treino_interno
LA_E_4580506,treino_interno
LA_E_4580563,treino_interno
LA_E_4581388,treino_interno
LA_E_4581757,treino_interno
LA_E_4581845,treino_interno
LA_E_4581995,treino_interno
LA_E_4582605,treino_interno
LA_E_4582942,treino_interno
LA_E_4583164,treino_interno
LA_E_4583286,treino_interno
LA_E_4583718,treino_interno
LA_E_4584852,treino_interno
LA_E_4584988,treino_interno
LA_E_4585471,treino_interno
LA_E_4586057,treino_interno
LA_E_4586386,treino_interno
LA_E_4586587,treino_interno
LA_E_4586667,early_stopping
LA_E_4586879,treino_interno
LA_E_4587099,early_stopping
LA_E_4587137,treino_interno
LA_E_4587375,treino_interno
LA_E_4587671,early_stopping
LA_E_4587767,treino_interno
LA_E_4588054,treino_interno
LA_E_4588378,treino_interno
LA_E_4588483,treino_interno
LA_E_4588627,treino_interno
LA_E_4589429,treino_interno
LA_E_4590011,early_stopping
LA_E_4590484,treino_interno
LA_E_4590536,treino_interno
LA_E_4590874,treino_interno
LA_E_4590958,treino_interno
LA_E_4591310,treino_interno
LA_E_4591669,treino_interno
LA_E_4592291,early_stopping
LA_E_4592509,treino_interno
LA_E_4592552,treino_interno
LA_E_4593645,early_stopping
LA_E_4593693,treino_interno
LA_E_4593694,treino_interno
LA_E_4593884,treino_interno
LA_E_4594141,treino_interno
LA_E_4594174,treino_interno
LA_E_4594294,treino_interno
LA_E_4594307,treino_interno
LA_E_4594906,treino_interno
LA_E_4595313,treino_interno
LA_E_4595347,treino_interno
LA_E_4595584,treino_interno
LA_E_4596027,treino_interno
LA_E_4596054,early_stopping
LA_E_4596365,treino_interno
LA_E_4596523,early_stopping
LA_E_4596624,treino_interno
LA_E_4597944,treino_interno
LA_E_4598364,treino_interno
LA_E_4598758,treino_interno
LA_E_4599098,early_stopping
LA_E_4599165,treino_interno
LA_E_4599716,early_stopping
LA_E_4599850,treino_interno
LA_E_4600803,early_stopping
LA_E_4600880,treino_interno
LA_E_4600917,early_stopping
LA_E_4600969,treino_interno
LA_E_4601297,treino_interno
LA_E_4601542,treino_interno
LA_E_4601764,treino_interno
LA_E_4601971,early_stopping
LA_E_4602091,treino_interno
LA_E_4602311,early_stopping
LA_E_4602394,treino_interno
LA_E_4602540,treino_interno
LA_E_4602556,treino_interno
LA_E_4604026,treino_interno
LA_E_4604285,early_stopping
LA_E_4604404,treino_interno
LA_E_4604915,treino_interno
LA_E_4604955,treino_interno
LA_E_4605127,treino_interno
LA_E_4605464,treino_interno
LA_E_4605547,early_stopping
LA_E_4605624,treino_interno
LA_E_4605711,treino_interno
LA_E_4605939,treino_interno
LA_E_4606143,treino_interno
LA_E_4606157,treino_interno
LA_E_4606200,treino_interno
LA_E_4606207,early_stopping
LA_E_4606599,treino_interno
LA_E_4607209,treino_interno
LA_E_4607214,early_stopping
LA_E_4607540,treino_interno
LA_E_4608049,treino_interno
LA_E_4608132,treino_interno
LA_E_4608205,treino_interno
LA_E_4608218,treino_interno
LA_E_4608226,treino_interno
LA_E_4608680,treino_interno
LA_E_4608753,treino_interno
LA_E_4608796,treino_interno
LA_E_4609015,treino_interno
LA_E_4609349,treino_interno
LA_E_4609516,treino_interno
LA_E_4609705,early_stopping
LA_E_4609828,treino_interno
LA_E_4609841,treino_interno
LA_E_4610086,treino_interno
LA_E_4610817,treino_interno
LA_E_4610897,treino_interno
LA_E_4611848,treino_interno
LA_E_4611993,treino_interno
LA_E_4612209,treino_interno
LA_E_4613376,treino_interno
LA_E_4613481,treino_interno
LA_E_4613766,treino_interno
LA_E_4613769,treino_interno
LA_E_4613853,treino_interno
LA_E_4614260,treino_interno
LA_E_4614793,treino_interno
LA_E_4614810,treino_interno
LA_E_4616262,treino_interno
LA_E_4616506,treino_interno
LA_E_4616703,treino_interno
LA_E_4616718,treino_interno
LA_E_4617251,treino_interno
LA_E_4617551,treino_interno
LA_E_4617801,treino_interno
LA_E_4618701,treino_interno
LA_E_4619191,early_stopping
LA_E_4619545,early_stopping
LA_E_4621162,treino_interno
LA_E_4621522,treino_interno
LA_E_4621605,treino_interno
LA_E_4621640,treino_interno
LA_E_4621840,treino_interno
LA_E_4621843,treino_interno
LA_E_4622025,treino_interno
LA_E_4622298,treino_interno
LA_E_4622345,treino_interno
LA_E_4622711,treino_interno
LA_E_4622719,treino_interno
LA_E_4623031,treino_interno
LA_E_4623383,treino_interno
LA_E_4624031,treino_interno
LA_E_4624927,treino_interno
LA_E_4624950,treino_interno
LA_E_4625103,treino_interno
LA_E_4625375,treino_interno
LA_E_4625782,treino_interno
LA_E_4626306,early_stopping
LA_E_4626395,treino_interno
LA_E_4626639,treino_interno
LA_E_4626732,treino_interno
LA_E_4626887,treino_interno
LA_E_4626960,treino_interno
LA_E_4627077,treino_interno
LA_E_4627220,early_stopping
LA_E_4627750,treino_interno
LA_E_4628159,treino_interno
LA_E_4628887,early_stopping
LA_E_4629353,treino_interno
LA_E_4629394,treino_interno
LA_E_4629490,treino_interno
LA_E_4629765,treino_interno
LA_E_4629997,treino_interno
LA_E_4630080,early_stopping
LA_E_4630269,treino_interno
LA_E_4630667,treino_interno
LA_E_4631031,early_stopping
LA_E_4631044,treino_interno
LA_E_4631283,treino_interno
LA_E_4631287,treino_interno
LA_E_4631661,early_stopping
LA_E_4632286,treino_interno
LA_E_4632362,treino_interno
LA_E_4632666,treino_interno
LA_E_4632855,treino_interno
LA_E_4632943,early_stopping
LA_E_4632997,early_stopping
LA_E_4633071,treino_interno
LA_E_4633153,treino_interno
LA_E_4633334,treino_interno
LA_E_4633891,treino_interno
LA_E_4633998,treino_interno
LA_E_4634361,treino_interno
LA_E_4634679,early_stopping
LA_E_4635032,treino_interno
LA_E_4635239,early_stopping
LA_E_4635241,early_stopping
LA_E_4635289,treino_interno
LA_E_4635987,treino_interno
LA_E_4636081,treino_interno
LA_E_4636241,treino_interno
LA_E_4636739,treino_interno
LA_E_4637055,treino_interno
LA_E_4637302,treino_interno
LA_E_4637353,treino_interno
LA_E_4637941,treino_interno
LA_E_4638009,treino_interno
LA_E_4638110,treino_interno
LA_E_4638205,treino_interno
LA_E_4638515,early_stopping
LA_E_4638842,treino_interno
LA_E_4639290,treino_interno
LA_E_4639651,treino_interno
LA_E_4639971,treino_interno
LA_E_4640664,treino_interno
LA_E_4640732,treino_interno
LA_E_4640860,treino_interno
LA_E_4641204,treino_interno
LA_E_4641329,treino_interno
LA_E_4641912,early_stopping
LA_E_4642139,treino_interno
LA_E_4642551,treino_interno
LA_E_4642559,treino_interno
LA_E_4643146,early_stopping
LA_E_4643711,treino_interno
LA_E_4644077,treino_interno
LA_E_4644349,treino_interno
LA_E_4644407,early_stopping
LA_E_4644447,treino_interno
LA_E_4644547,treino_interno
LA_E_4644676,treino_interno
LA_E_4645029,treino_interno
LA_E_4645130,treino_interno
LA_E_4645848,treino_interno
LA_E_4645907,treino_interno
LA_E_4646936,early_stopping
LA_E_4646967,treino_interno
LA_E_4647056,treino_interno
LA_E_4647211,early_stopping
LA_E_4647403,treino_interno
LA_E_4647462,treino_interno
LA_E_4648181,treino_interno
LA_E_4648339,treino_interno
LA_E_4648758,early_stopping
LA_E_4648920,treino_interno
LA_E_4649013,early_stopping
LA_E_4649225,treino_interno
LA_E_4649310,treino_interno
LA_E_4649344,treino_interno
LA_E_4650519,treino_interno
LA_E_4650798,treino_interno
LA_E_4650806,early_stopping
LA_E_4651500,treino_interno
LA_E_4651505,treino_interno
LA_E_4651588,treino_interno
LA_E_4651602,treino_interno
LA_E_4651949,treino_interno
LA_E_4652510,treino_interno
LA_E_4652543,treino_interno
LA_E_4652544,treino_interno
LA_E_4652628,treino_interno
LA_E_4652665,treino_interno
LA_E_4652768,treino_interno
LA_E_4652782,early_stopping
LA_E_4652986,early_stopping
LA_E_4653144,treino_interno
LA_E_4653305,treino_interno
LA_E_4653332,treino_interno
LA_E_4653980,treino_interno
LA_E_4654021,treino_interno
LA_E_4654176,treino_interno
LA_E_4654419,treino_interno
LA_E_4654798,treino_interno
LA_E_4655221,treino_interno
LA_E_4655522,treino_interno
LA_E_4656194,treino_interno
LA_E_4656848,treino_interno
LA_E_4656879,treino_interno
LA_E_4657116,treino_interno
LA_E_4657368,treino_interno
LA_E_4657695,early_stopping
LA_E_4658190,early_stopping
LA_E_4658646,treino_interno
LA_E_4659328,treino_interno
LA_E_4659332,treino_interno
LA_E_4659727,treino_interno
LA_E_4660204,treino_interno
LA_E_4661051,treino_interno
LA_E_4661976,treino_interno
LA_E_4662732,treino_interno
LA_E_4662775,treino_interno
LA_E_4662880,early_stopping
LA_E_4662996,treino_interno
LA_E_4663128,treino_interno
LA_E_4663314,treino_interno
LA_E_4663664,treino_interno
LA_E_4663860,early_stopping
LA_E_4664086,treino_interno
LA_E_4664432,treino_interno
LA_E_4664545,early_stopping
LA_E_4665332,treino_interno
LA_E_4665760,treino_interno
LA_E_4665865,treino_interno
LA_E_4665898,treino_interno
LA_E_4666014,treino_interno
LA_E_4666074,treino_interno
LA_E_4666112,treino_interno
LA_E_4666752,treino_interno
LA_E_4666753,treino_interno
LA_E_4666780,treino_interno
LA_E_4667099,treino_interno
LA_E_4667454,treino_interno
LA_E_4667539,early_stopping
LA_E_4668029,treino_interno
LA_E_4668423,treino_interno
LA_E_4668579,treino_interno
LA_E_4669228,treino_interno
LA_E_4669766,treino_interno
LA_E_4670155,treino_interno
LA_E_4670430,treino_interno
LA_E_4670563,treino_interno
LA_E_4670903,treino_interno
LA_E_4671301,treino_interno
LA_E_4671531,treino_interno
LA_E_4671566,treino_interno
LA_E_4672272,treino_interno
LA_E_4672470,treino_interno
LA_E_4672673,treino_interno
LA_E_4673130,treino_interno
LA_E_4673199,treino_interno
LA_E_4673821,treino_interno
LA_E_4674615,treino_interno
LA_E_4675146,treino_interno
LA_E_4675247,treino_interno
LA_E_4675778,treino_interno
LA_E_4676043,early_stopping
LA_E_4676131,treino_interno
LA_E_4676209,treino_interno
LA_E_4677386,treino_interno
LA_E_4678934,treino_interno
LA_E_4678940,treino_interno
LA_E_4679129,treino_interno
LA_E_4679152,treino_interno
LA_E_4679558,treino_interno
LA_E_4679850,treino_interno
LA_E_4679907,treino_interno
LA_E_4679963,treino_interno
LA_E_4680050,treino_interno
LA_E_4680083,treino_interno
LA_E_4680392,treino_interno
LA_E_4680508,treino_interno
LA_E_4681014,treino_interno
LA_E_4681484,early_stopping
LA_E_4683199,treino_interno
LA_E_4683731,treino_interno
LA_E_4683821,treino_interno
LA_E_4684350,treino_interno
LA_E_4684530,treino_interno
LA_E_4684662,early_stopping
LA_E_4684801,treino_interno
LA_E_4685121,early_stopping
LA_E_4685126,treino_interno
LA_E_4685185,treino_interno
LA_E_4685306,treino_interno
LA_E_4686190,treino_interno
LA_E_4686625,treino_interno
LA_E_4687011,treino_interno
LA_E_4687327,treino_interno
LA_E_4687444,treino_interno
LA_E_4687445,treino_interno
LA_E_4688185,early_stopping
LA_E_4688279,treino_interno
LA_E_4688346,treino_interno
LA_E_4688585,treino_interno
LA_E_4688640,treino_interno
LA_E_4688973,treino_interno
LA_E_4689333,treino_interno
LA_E_4689759,treino_interno
LA_E_4689811,treino_interno
LA_E_4689824,treino_interno
LA_E_4689909,treino_interno
LA_E_4690650,early_stopping
LA_E_4691042,treino_interno
LA_E_4691774,treino_interno
LA_E_4691986,treino_interno
LA_E_4692239,early_stopping
LA_E_4692552,treino_interno
LA_E_4693237,treino_interno
LA_E_4693256,treino_interno
LA_E_4693287,treino_interno
LA_E_4693317,early_stopping
LA_E_4693325,treino_interno
LA_E_4693661,treino_interno
LA_E_4693721,treino_interno
LA_E_4694233,treino_interno
LA_E_4695284,treino_interno
LA_E_4695348,treino_interno
LA_E_4695816,treino_interno
LA_E_4695977,treino_interno
LA_E_4696529,treino_interno
LA_E_4696976,treino_interno
LA_E_4697252,treino_interno
LA_E_4697379,treino_interno
LA_E_4697384,treino_interno
LA_E_4697427,early_stopping
LA_E_4697648,treino_interno
LA_E_4698425,treino_interno
LA_E_4698758,treino_interno
LA_E_4699328,treino_interno
LA_E_4699683,treino_interno
LA_E_4699779,treino_interno
LA_E_4701234,treino_interno
LA_E_4701322,treino_interno
LA_E_4701530,treino_interno
LA_E_4702205,treino_interno
LA_E_4702674,early_stopping
LA_E_4702745,treino_interno
LA_E_4702931,treino_interno
LA_E_4703308,early_stopping
LA_E_4703860,treino_interno
LA_E_4704036,treino_interno
LA_E_4704197,treino_interno
LA_E_4704518,treino_interno
LA_E_4704902,treino_interno
LA_E_4704915,treino_interno
LA_E_4705320,treino_interno
LA_E_4705364,treino_interno
LA_E_4705397,treino_interno
LA_E_4705912,treino_interno
LA_E_4706499,treino_interno
LA_E_4707383,treino_interno
LA_E_4707863,treino_interno
LA_E_4707981,treino_interno
LA_E_4708178,treino_interno
LA_E_4708641,treino_interno
LA_E_4708883,treino_interno
LA_E_4708954,treino_interno
LA_E_4709734,treino_interno
LA_E_4709805,treino_interno
LA_E_4709910,treino_interno
LA_E_4709928,treino_interno
LA_E_4710208,treino_interno
LA_E_4710684,treino_interno
LA_E_4711467,treino_interno
LA_E_4711793,treino_interno
LA_E_4711877,treino_interno
LA_E_4712640,treino_interno
LA_E_4712768,treino_interno
LA_E_4713480,treino_interno
LA_E_4713958,treino_interno
LA_E_4714022,treino_interno
LA_E_4714451,treino_interno
LA_E_4714610,treino_interno
LA_E_4715019,early_stopping
LA_E_4715493,treino_interno
LA_E_4715840,treino_interno
LA_E_4715955,treino_interno
LA_E_4716009,treino_interno
LA_E_4716244,early_stopping
LA_E_4716686,treino_interno
LA_E_4718014,treino_interno
LA_E_4719105,early_stopping
LA_E_4719204,treino_interno
LA_E_4719392,treino_interno
LA_E_4719484,treino_interno
LA_E_4719540,treino_interno
LA_E_4719613,treino_interno
LA_E_4719625,treino_interno
LA_E_4719915,treino_interno
LA_E_4720156,treino_interno
LA_E_4720741,early_stopping
LA_E_4721228,treino_interno
LA_E_4721393,treino_interno
LA_E_4721583,treino_interno
LA_E_4722039,early_stopping
LA_E_4722051,treino_interno
LA_E_4722096,treino_interno
LA_E_4722112,treino_interno
LA_E_4722399,early_stopping
LA_E_4722570,treino_interno
LA_E_4722776,treino_interno
LA_E_4722870,treino_interno
LA_E_4723343,treino_interno
LA_E_4723354,treino_interno
LA_E_4723371,early_stopping
LA_E_4723846,treino_interno
LA_E_4723973,treino_interno
LA_E_4724828,treino_interno
LA_E_4724875,early_stopping
LA_E_4725408,treino_interno
LA_E_4725707,treino_interno
LA_E_4726185,treino_interno
LA_E_4726512,treino_interno
LA_E_4726783,treino_interno
LA_E_4727494,treino_interno
LA_E_4727539,treino_interno
LA_E_4727552,treino_interno
LA_E_4727626,treino_interno
LA_E_4728122,treino_interno
LA_E_4728685,treino_interno
LA_E_4728867,treino_interno
LA_E_4729450,treino_interno
LA_E_4729866,treino_interno
LA_E_4730086,treino_interno
LA_E_4731028,treino_interno
LA_E_4731250,treino_interno
LA_E_4731797,treino_interno
LA_E_4731807,early_stopping
LA_E_4732085,treino_interno
LA_E_4732394,treino_interno
LA_E_4732744,early_stopping
LA_E_4733003,treino_interno
LA_E_4733018,treino_interno
LA_E_4733027,treino_interno
LA_E_4733210,treino_interno
LA_E_4733411,treino_interno
LA_E_4733987,treino_interno
LA_E_4734046,treino_interno
LA_E_4734367,treino_interno
LA_E_4734725,treino_interno
LA_E_4735287,treino_interno
LA_E_4735596,early_stopping
LA_E_4736467,treino_interno
LA_E_4736684,treino_interno
LA_E_4736741,treino_interno
LA_E_4737312,treino_interno
LA_E_4738014,treino_interno
LA_E_4738161,treino_interno
LA_E_4738214,treino_interno
LA_E_4738263,treino_interno
LA_E_4738399,treino_interno
LA_E_4739010,treino_interno
LA_E_4739128,treino_interno
LA_E_4739389,treino_interno
LA_E_4739558,treino_interno
LA_E_4739612,treino_interno
LA_E_4739686,treino_interno
LA_E_4739732,treino_interno
LA_E_4740001,treino_interno
LA_E_4740660,treino_interno
LA_E_4741344,early_stopping
LA_E_4741383,treino_interno
LA_E_4741432,treino_interno
LA_E_4741808,treino_interno
LA_E_4742349,treino_interno
LA_E_4742439,treino_interno
LA_E_4742552,treino_interno
LA_E_4742681,treino_interno
LA_E_4743055,early_stopping
LA_E_4743117,treino_interno
LA_E_4743586,treino_interno
LA_E_4743607,treino_interno
LA_E_4744693,treino_interno
LA_E_4745269,early_stopping
LA_E_4745771,treino_interno
LA_E_4745960,treino_interno
LA_E_4746112,treino_interno
LA_E_4747514,treino_interno
LA_E_4747546,treino_interno
LA_E_4747768,treino_interno
LA_E_4747890,treino_interno
LA_E_4748167,treino_interno
LA_E_4748408,treino_interno
LA_E_4748453,treino_interno
LA_E_4748649,treino_interno
LA_E_4748807,treino_interno
LA_E_4748899,treino_interno
LA_E_4749084,treino_interno
LA_E_4749243,early_stopping
LA_E_4749414,treino_interno
LA_E_4750133,treino_interno
LA_E_4750150,treino_interno
LA_E_4750196,early_stopping
LA_E_4750209,treino_interno
LA_E_4750296,treino_interno
LA_E_4750356,treino_interno
LA_E_4750561,treino_interno
LA_E_4750696,treino_interno
LA_E_4750798,treino_interno
LA_E_4751002,treino_interno
LA_E_4751016,treino_interno
LA_E_4751146,early_stopping
LA_E_4751286,treino_interno
LA_E_4751330,treino_interno
LA_E_4751893,treino_interno
LA_E_4752509,treino_interno
LA_E_4752565,treino_interno
LA_E_4753027,treino_interno
LA_E_4753457,treino_interno
LA_E_4754211,treino_interno
LA_E_4754255,treino_interno
LA_E_4754836,early_stopping
LA_E_4755191,treino_interno
LA_E_4755222,treino_interno
LA_E_4755508,early_stopping
LA_E_4755934,treino_interno
LA_E_4756007,early_stopping
LA_E_4756261,treino_interno
LA_E_4757508,treino_interno
LA_E_4757547,treino_interno
LA_E_4757939,treino_interno
LA_E_4758452,treino_interno
LA_E_4758458,treino_interno
LA_E_4758860,treino_interno
LA_E_4759339,treino_interno
LA_E_4759855,treino_interno
LA_E_4760349,treino_interno
LA_E_4760432,treino_interno
LA_E_4760653,treino_interno
LA_E_4760662,treino_interno
LA_E_4761230,treino_interno
LA_E_4761262,treino_interno
LA_E_4761323,treino_interno
LA_E_4761368,treino_interno
LA_E_4761799,treino_interno
LA_E_4763552,early_stopping
LA_E_4763998,treino_interno
LA_E_4764114,treino_interno
LA_E_4764423,treino_interno
LA_E_4765201,treino_interno
LA_E_4765962,treino_interno
LA_E_4766284,early_stopping
LA_E_4766304,treino_interno
LA_E_4766354,treino_interno
LA_E_4766727,treino_interno
LA_E_4767103,treino_interno
LA_E_4767403,early_stopping
LA_E_4767856,treino_interno
LA_E_4767887,treino_interno
LA_E_4768142,treino_interno
LA_E_4769539,treino_interno
LA_E_4769889,early_stopping
LA_E_4769982,treino_interno
LA_E_4770060,treino_interno
LA_E_4770128,treino_interno
LA_E_4770166,early_stopping
LA_E_4770320,treino_interno
LA_E_4770641,treino_interno
LA_E_4770772,treino_interno
LA_E_4770816,treino_interno
LA_E_4771816,early_stopping
LA_E_4772008,early_stopping
LA_E_4772440,treino_interno
LA_E_4772725,treino_interno
LA_E_4772963,treino_interno
LA_E_4773829,treino_interno
LA_E_4774211,treino_interno
LA_E_4774217,treino_interno
LA_E_4774674,treino_interno
LA_E_4774819,treino_interno
LA_E_4775733,treino_interno
LA_E_4775802,treino_interno
LA_E_4776003,treino_interno
LA_E_4776692,treino_interno
LA_E_4777526,treino_interno
LA_E_4777597,early_stopping
LA_E_4777598,treino_interno
LA_E_4777704,treino_interno
LA_E_4778344,treino_interno
LA_E_4778432,early_stopping
LA_E_4778516,treino_interno
LA_E_4778966,treino_interno
LA_E_4779246,treino_interno
LA_E_4780200,treino_interno
LA_E_4780444,treino_interno
LA_E_4781605,treino_interno
LA_E_4781633,treino_interno
LA_E_4781788,treino_interno
LA_E_4781901,treino_interno
LA_E_4781930,treino_interno
LA_E_4782813,treino_interno
LA_E_4783050,treino_interno
LA_E_4783624,treino_interno
LA_E_4784075,early_stopping
LA_E_4784305,treino_interno
LA_E_4784454,treino_interno
LA_E_4784616,treino_interno
LA_E_4784716,treino_interno
LA_E_4784895,treino_interno
LA_E_4784912,treino_interno
LA_E_4785061,treino_interno
LA_E_4785285,treino_interno
LA_E_4785680,treino_interno
LA_E_4785754,treino_interno
LA_E_4785794,treino_interno
LA_E_4785837,treino_interno
LA_E_4785964,treino_interno
LA_E_4786141,treino_interno
LA_E_4786468,treino_interno
LA_E_4786546,treino_interno
LA_E_4787352,treino_interno
LA_E_4787425,treino_interno
LA_E_4787566,treino_interno
LA_E_4787781,treino_interno
LA_E_4788172,early_stopping
LA_E_4788291,treino_interno
LA_E_4788498,treino_interno
LA_E_4788616,treino_interno
LA_E_4788860,treino_interno
LA_E_4789234,treino_interno
LA_E_4789440,treino_interno
LA_E_4790021,treino_interno
LA_E_4790306,treino_interno
LA_E_4790330,treino_interno
LA_E_4790730,treino_interno
LA_E_4791101,treino_interno
LA_E_4792494,early_stopping
LA_E_4792832,treino_interno
LA_E_4792935,treino_interno
LA_E_4793837,treino_interno
LA_E_4793963,treino_interno
LA_E_4794528,treino_interno
LA_E_4795436,treino_interno
LA_E_4795500,early_stopping
LA_E_4795617,treino_interno
LA_E_4795618,treino_interno
LA_E_4796389,treino_interno
LA_E_4797015,treino_interno
LA_E_4797085,treino_interno
LA_E_4797215,treino_interno
LA_E_4797264,treino_interno
LA_E_4797443,treino_interno
LA_E_4797572,treino_interno
LA_E_4798001,early_stopping
LA_E_4798032,treino_interno
LA_E_4798472,treino_interno
LA_E_4798485,treino_interno
LA_E_4798601,treino_interno
LA_E_4799070,treino_interno
LA_E_4799517,treino_interno
LA_E_4800141,treino_interno
LA_E_4800652,treino_interno
LA_E_4801036,early_stopping
LA_E_4801371,treino_interno
LA_E_4801488,treino_interno
LA_E_4801568,early_stopping
LA_E_4801755,treino_interno
LA_E_4802554,treino_interno
LA_E_4802837,treino_interno
LA_E_4803079,treino_interno
LA_E_4803688,treino_interno
LA_E_4804029,treino_interno
LA_E_4804879,treino_interno
LA_E_4805093,treino_interno
LA_E_4805426,treino_interno
LA_E_4805440,treino_interno
LA_E_4805874,early_stopping
LA_E_4807736,treino_interno
LA_E_4808589,treino_interno
LA_E_4808845,treino_interno
LA_E_4809052,treino_interno
LA_E_4809626,treino_interno
LA_E_4809811,treino_interno
LA_E_4809859,treino_interno
LA_E_4810359,early_stopping
LA_E_4811374,treino_interno
LA_E_4811508,treino_interno
LA_E_4811934,treino_interno
LA_E_4812275,treino_interno
LA_E_4812308,treino_interno
LA_E_4813014,early_stopping
LA_E_4813097,treino_interno
LA_E_4813132,treino_interno
LA_E_4813404,treino_interno
LA_E_4814176,treino_interno
LA_E_4814519,treino_interno
LA_E_4814524,early_stopping
LA_E_4814954,treino_interno
LA_E_4814978,treino_interno
LA_E_4814992,treino_interno
LA_E_4815165,treino_interno
LA_E_4815346,treino_interno
LA_E_4815388,treino_interno
LA_E_4815882,treino_interno
LA_E_4816392,treino_interno
LA_E_4816431,early_stopping
LA_E_4816894,treino_interno
LA_E_4817184,treino_interno
LA_E_4817361,treino_interno
LA_E_4817712,early_stopping
LA_E_4817785,treino_interno
LA_E_4818099,treino_interno
LA_E_4818574,treino_interno
LA_E_4818722,treino_interno
LA_E_4819267,treino_interno
LA_E_4819287,treino_interno
LA_E_4819341,treino_interno
LA_E_4819371,treino_interno
LA_E_4819390,treino_interno
LA_E_4819907,treino_interno
LA_E_4820099,treino_interno
LA_E_4821059,treino_interno
LA_E_4821395,early_stopping
LA_E_4821693,treino_interno
LA_E_4821890,treino_interno
LA_E_4821996,treino_interno
LA_E_4822634,treino_interno
LA_E_4823116,early_stopping
LA_E_4823472,treino_interno
LA_E_4823474,treino_interno
LA_E_4824441,treino_interno
LA_E_4824791,treino_interno
LA_E_4825604,treino_interno
LA_E_4825672,treino_interno
LA_E_4827250,treino_interno
LA_E_4827699,treino_interno
LA_E_4827864,treino_interno
LA_E_4827902,treino_interno
LA_E_4827976,early_stopping
LA_E_4828913,treino_interno
LA_E_4829074,early_stopping
LA_E_4829080,treino_interno
LA_E_4829231,treino_interno
LA_E_4829684,treino_interno
LA_E_4829969,treino_interno
LA_E_4830032,treino_interno
LA_E_4830173,treino_interno
LA_E_4830286,treino_interno
LA_E_4831114,treino_interno
LA_E_4831463,treino_interno
LA_E_4831877,treino_interno
LA_E_4833638,treino_interno
LA_E_4834098,early_stopping
LA_E_4834203,treino_interno
LA_E_4834811,treino_interno
LA_E_4834861,treino_interno
LA_E_4834880,treino_interno
LA_E_4835263,treino_interno
LA_E_4835502,early_stopping
LA_E_4835565,treino_interno
LA_E_4837494,treino_interno
LA_E_4837757,treino_interno
LA_E_4837990,treino_interno
LA_E_4838168,treino_interno
LA_E_4838318,treino_interno
LA_E_4838409,early_stopping
LA_E_4838672,treino_interno
LA_E_4840870,treino_interno
LA_E_4841494,treino_interno
LA_E_4841854,treino_interno
LA_E_4842943,treino_interno
LA_E_4843871,early_stopping
LA_E_4843992,treino_interno
LA_E_4844661,treino_interno
LA_E_4844965,treino_interno
LA_E_4845514,treino_interno
LA_E_4845671,treino_interno
LA_E_4846086,treino_interno
LA_E_4846176,treino_interno
LA_E_4846393,treino_interno
LA_E_4847239,treino_interno
LA_E_4847295,treino_interno
LA_E_4847451,early_stopping
LA_E_4848237,treino_interno
LA_E_4848547,treino_interno
LA_E_4848603,treino_interno
LA_E_4849275,treino_interno
LA_E_4849449,treino_interno
LA_E_4849564,treino_interno
LA_E_4850149,treino_interno
LA_E_4850397,treino_interno
LA_E_4850779,treino_interno
LA_E_4851279,treino_interno
LA_E_4851493,treino_interno
LA_E_4851571,treino_interno
LA_E_4851730,treino_interno
LA_E_4851761,early_stopping
LA_E_4851836,treino_interno
LA_E_4851877,treino_interno
LA_E_4852843,treino_interno
LA_E_4853021,treino_interno
LA_E_4853040,treino_interno
LA_E_4853538,treino_interno
LA_E_4853755,treino_interno
LA_E_4854642,early_stopping
LA_E_4854663,treino_interno
LA_E_4855246,treino_interno
LA_E_4856410,treino_interno
LA_E_4857109,early_stopping
LA_E_4857113,early_stopping
LA_E_4857256,treino_interno
LA_E_4857454,treino_interno
LA_E_4857907,treino_interno
LA_E_4857957,treino_interno
LA_E_4858131,treino_interno
LA_E_4858205,treino_interno
LA_E_4858474,treino_interno
LA_E_4858898,treino_interno
LA_E_4858946,treino_interno
LA_E_4859705,treino_interno
LA_E_4859813,early_stopping
LA_E_4860072,treino_interno
LA_E_4860537,treino_interno
LA_E_4861814,treino_interno
LA_E_4861885,treino_interno
LA_E_4861935,treino_interno
LA_E_4862009,treino_interno
LA_E_4862295,treino_interno
LA_E_4862404,treino_interno
LA_E_4862565,treino_interno
LA_E_4863109,treino_interno
LA_E_4863528,treino_interno
LA_E_4863670,early_stopping
LA_E_4864014,treino_interno
LA_E_4864160,treino_interno
LA_E_4864398,treino_interno
LA_E_4864419,treino_interno
LA_E_4864628,treino_interno
LA_E_4864876,treino_interno
LA_E_4865191,treino_interno
LA_E_4865582,treino_interno
LA_E_4866123,treino_interno
LA_E_4866480,treino_interno
LA_E_4866561,treino_interno
LA_E_4867198,treino_interno
LA_E_4867211,treino_interno
LA_E_4867315,early_stopping
LA_E_4867615,treino_interno
LA_E_4867629,treino_interno
LA_E_4867767,treino_interno
LA_E_4867830,early_stopping
LA_E_4867887,treino_interno
LA_E_4868466,treino_interno
LA_E_4869065,treino_interno
LA_E_4869128,treino_interno
LA_E_4869241,treino_interno
LA_E_4869808,early_stopping
LA_E_4870449,treino_interno
LA_E_4871092,treino_interno
LA_E_4871167,treino_interno
LA_E_4871642,treino_interno
LA_E_4871649,treino_interno
LA_E_4872632,treino_interno
LA_E_4872654,treino_interno
LA_E_4873134,treino_interno
LA_E_4873150,treino_interno
LA_E_4874008,treino_interno
LA_E_4874151,treino_interno
LA_E_4874516,treino_interno
LA_E_4874912,treino_interno
LA_E_4875111,early_stopping
LA_E_4875131,treino_interno
LA_E_4875408,treino_interno
LA_E_4875884,treino_interno
LA_E_4875947,treino_interno
LA_E_4876242,treino_interno
LA_E_4876252,early_stopping
LA_E_4876267,treino_interno
LA_E_4876402,early_stopping
LA_E_4876584,treino_interno
LA_E_4876692,treino_interno
LA_E_4876817,treino_interno
LA_E_4877192,treino_interno
LA_E_4877671,treino_interno
LA_E_4877767,early_stopping
LA_E_4880279,treino_interno
LA_E_4880936,treino_interno
LA_E_4881205,treino_interno
LA_E_4882044,treino_interno
LA_E_4882120,treino_interno
LA_E_4882544,early_stopping
LA_E_4882892,treino_interno
LA_E_4883067,treino_interno
LA_E_4883241,treino_interno
LA_E_4883613,early_stopping
LA_E_4883625,treino_interno
LA_E_4883800,treino_interno
LA_E_4884163,treino_interno
LA_E_4884328,treino_interno
LA_E_4884336,treino_interno
LA_E_4884505,treino_interno
LA_E_4884892,treino_interno
LA_E_4885304,treino_interno
LA_E_4885544,treino_interno
LA_E_4885775,treino_interno
LA_E_4886621,treino_interno
LA_E_4888226,treino_interno
LA_E_4888487,treino_interno
LA_E_4888774,treino_interno
LA_E_4889122,treino_interno
LA_E_4889352,treino_interno
LA_E_4889578,early_stopping
LA_E_4890285,treino_interno
LA_E_4890950,treino_interno
LA_E_4891045,treino_interno
LA_E_4891800,treino_interno
LA_E_4892655,treino_interno
LA_E_4892970,treino_interno
LA_E_4893390,treino_interno
LA_E_4893561,treino_interno
LA_E_4894134,treino_interno
LA_E_4894374,treino_interno
LA_E_4894486,treino_interno
LA_E_4895124,treino_interno
LA_E_4895430,treino_interno
LA_E_4895501,treino_interno
LA_E_4895572,early_stopping
LA_E_4896133,treino_interno
LA_E_4896257,early_stopping
LA_E_4896545,treino_interno
LA_E_4896765,treino_interno
LA_E_4896813,treino_interno
LA_E_4897348,treino_interno
LA_E_4897626,treino_interno
LA_E_4897746,treino_interno
LA_E_4897748,treino_interno
LA_E_4897754,treino_interno
LA_E_4897928,early_stopping
LA_E_4898012,treino_interno
LA_E_4898032,treino_interno
LA_E_4898562,treino_interno
LA_E_4899219,treino_interno
LA_E_4899722,treino_interno
LA_E_4899739,treino_interno
LA_E_4899806,treino_interno
LA_E_4900043,treino_interno
LA_E_4900498,treino_interno
LA_E_4901244,treino_interno
LA_E_4901497,treino_interno
LA_E_4901532,treino_interno
LA_E_4901828,treino_interno
LA_E_4902279,treino_interno
LA_E_4902664,treino_interno
LA_E_4902708,treino_interno
LA_E_4902859,early_stopping
LA_E_4902994,treino_interno
LA_E_4903383,treino_interno
LA_E_4903437,treino_interno
LA_E_4904843,treino_interno
LA_E_4905049,treino_interno
LA_E_4905654,treino_interno
LA_E_4905760,early_stopping
LA_E_4905976,treino_interno
LA_E_4906220,treino_interno
LA_E_4907233,treino_interno
LA_E_4907411,treino_interno
LA_E_4907518,treino_interno
LA_E_4907937,treino_interno
LA_E_4908307,treino_interno
LA_E_4908338,treino_interno
LA_E_4909759,treino_interno
LA_E_4910366,early_stopping
LA_E_4910554,treino_interno
LA_E_4911288,treino_interno
LA_E_4911368,treino_interno
LA_E_4911424,treino_interno
LA_E_4911722,treino_interno
LA_E_4912321,treino_interno
LA_E_4912663,treino_interno
LA_E_4912943,treino_interno
LA_E_4913305,treino_interno
LA_E_4914171,treino_interno
LA_E_4914878,early_stopping
LA_E_4914908,treino_interno
LA_E_4915892,treino_interno
LA_E_4916605,treino_interno
LA_E_4917386,treino_interno
LA_E_4917626,treino_interno
LA_E_4917973,treino_interno
LA_E_4918865,early_stopping
LA_E_4919603,treino_interno
LA_E_4919724,treino_interno
LA_E_4919962,treino_interno
LA_E_4920290,treino_interno
LA_E_4920471,treino_interno
LA_E_4920657,treino_interno
LA_E_4921009,treino_interno
LA_E_4921233,treino_interno
LA_E_4921270,treino_interno
LA_E_4921316,treino_interno
LA_E_4921404,treino_interno
LA_E_4921416,treino_interno
LA_E_4921559,treino_interno
LA_E_4921815,treino_interno
LA_E_4921901,treino_interno
LA_E_4921999,treino_interno
LA_E_4924395,treino_interno
LA_E_4925049,treino_interno
LA_E_4925508,treino_interno
LA_E_4925866,treino_interno
LA_E_4925960,treino_interno
LA_E_4926147,treino_interno
LA_E_4926351,treino_interno
LA_E_4926422,treino_interno
LA_E_4926769,treino_interno
LA_E_4926912,treino_interno
LA_E_4928319,treino_interno
LA_E_4928563,treino_interno
LA_E_4929991,treino_interno
LA_E_4930594,treino_interno
LA_E_4930748,treino_interno
LA_E_4931451,treino_interno
LA_E_4932105,treino_interno
LA_E_4932457,early_stopping
LA_E_4932778,treino_interno
LA_E_4932912,treino_interno
LA_E_4933096,treino_interno
LA_E_4934090,treino_interno
LA_E_4934507,treino_interno
LA_E_4935044,treino_interno
LA_E_4935045,treino_interno
LA_E_4935269,treino_interno
LA_E_4935334,treino_interno
LA_E_4935649,treino_interno
LA_E_4935743,treino_interno
LA_E_4936560,treino_interno
LA_E_4936610,treino_interno
LA_E_4936991,treino_interno
LA_E_4937364,treino_interno
LA_E_4937369,treino_interno
LA_E_4937524,treino_interno
LA_E_4937526,treino_interno
LA_E_4937596,treino_interno
LA_E_4938114,treino_interno
LA_E_4939114,treino_interno
LA_E_4939133,treino_interno
LA_E_4940156,treino_interno
LA_E_4940479,treino_interno
LA_E_4940668,early_stopping
LA_E_4940919,treino_interno
LA_E_4940921,treino_interno
LA_E_4941164,treino_interno
LA_E_4941486,treino_interno
LA_E_4941909,treino_interno
LA_E_4942670,treino_interno
LA_E_4942680,treino_interno
LA_E_4943521,treino_interno
LA_E_4943683,treino_interno
LA_E_4944307,treino_interno
LA_E_4944504,treino_interno
LA_E_4944599,treino_interno
LA_E_4945132,treino_interno
LA_E_4945568,treino_interno
LA_E_4945577,treino_interno
LA_E_4946421,treino_interno
LA_E_4946648,treino_interno
LA_E_4946770,treino_interno
LA_E_4947382,treino_interno
LA_E_4947383,treino_interno
LA_E_4947506,treino_interno
LA_E_4948031,treino_interno
LA_E_4948503,treino_interno
LA_E_4949324,treino_interno
LA_E_4949763,treino_interno
LA_E_4949768,treino_interno
LA_E_4949920,treino_interno
LA_E_4950479,treino_interno
LA_E_4950531,treino_interno
LA_E_4950910,treino_interno
LA_E_4951209,treino_interno
LA_E_4951271,treino_interno
LA_E_4951626,treino_interno
LA_E_4951816,treino_interno
LA_E_4951836,treino_interno
LA_E_4952933,treino_interno
LA_E_4953229,treino_interno
LA_E_4954255,treino_interno
LA_E_4954368,early_stopping
LA_E_4954455,treino_interno
LA_E_4954737,treino_interno
LA_E_4955048,treino_interno
LA_E_4955397,treino_interno
LA_E_4955931,treino_interno
LA_E_4956253,treino_interno
LA_E_4957163,early_stopping
LA_E_4957486,treino_interno
LA_E_4957601,treino_interno
LA_E_4957711,treino_interno
LA_E_4957888,treino_interno
LA_E_4958534,treino_interno
LA_E_4958632,treino_interno
LA_E_4958861,treino_interno
LA_E_4959768,treino_interno
LA_E_4959782,treino_interno
LA_E_4960012,treino_interno
LA_E_4960297,treino_interno
LA_E_4960391,treino_interno
LA_E_4961297,treino_interno
LA_E_4963038,treino_interno
LA_E_4963538,treino_interno
LA_E_4963571,treino_interno
LA_E_4963581,treino_interno
LA_E_4964191,treino_interno
LA_E_4964215,treino_interno
LA_E_4964673,treino_interno
LA_E_4965017,treino_interno
LA_E_4965071,treino_interno
LA_E_4965787,treino_interno
LA_E_4965791,treino_interno
LA_E_4965951,treino_interno
LA_E_4966062,treino_interno
LA_E_4966354,early_stopping
LA_E_4966555,treino_interno
LA_E_4966727,treino_interno
LA_E_4967274,treino_interno
LA_E_4967296,treino_interno
LA_E_4967348,treino_interno
LA_E_4967752,treino_interno
LA_E_4967767,treino_interno
LA_E_4968061,treino_interno
LA_E_4968068,treino_interno
LA_E_4968151,treino_interno
LA_E_4968761,treino_interno
LA_E_4969311,treino_interno
LA_E_4970153,treino_interno
LA_E_4970167,treino_interno
LA_E_4970346,treino_interno
LA_E_4970356,treino_interno
LA_E_4972408,treino_interno
LA_E_4972532,treino_interno
LA_E_4972659,treino_interno
LA_E_4972790,treino_interno
LA_E_4973157,treino_interno
LA_E_4973419,treino_interno
LA_E_4974390,treino_interno
LA_E_4974925,treino_interno
LA_E_4975035,early_stopping
LA_E_4975042,treino_interno
LA_E_4976036,treino_interno
LA_E_4976237,treino_interno
LA_E_4976458,early_stopping
LA_E_4976692,treino_interno
LA_E_4977876,early_stopping
LA_E_4977931,treino_interno
LA_E_4977935,early_stopping
LA_E_4978013,treino_interno
LA_E_4978033,early_stopping
LA_E_4978205,treino_interno
LA_E_4978227,treino_interno
LA_E_4978569,treino_interno
LA_E_4978695,treino_interno
LA_E_4978883,treino_interno
LA_E_4979266,treino_interno
LA_E_4979489,treino_interno
LA_E_4979810,treino_interno
LA_E_4980251,treino_interno
LA_E_4980641,treino_interno
LA_E_4980688,treino_interno
LA_E_4981237,treino_interno
LA_E_4981350,treino_interno
LA_E_4982379,early_stopping
LA_E_4983031,treino_interno
LA_E_4983053,treino_interno
LA_E_4983204,treino_interno
LA_E_4983239,treino_interno
LA_E_4983592,treino_interno
LA_E_4984259,early_stopping
LA_E_4984593,treino_interno
LA_E_4984797,early_stopping
LA_E_4984886,treino_interno
LA_E_4985426,treino_interno
LA_E_4985446,treino_interno
LA_E_4985642,treino_interno
LA_E_4986050,treino_interno
LA_E_4986160,treino_interno
LA_E_4986246,early_stopping
LA_E_4986289,treino_interno
LA_E_4986641,treino_interno
LA_E_4986736,treino_interno
LA_E_4986963,treino_interno
LA_E_4987455,treino_interno
LA_E_4987596,treino_interno
LA_E_4987731,treino_interno
LA_E_4987846,treino_interno
LA_E_4987876,treino_interno
LA_E_4988015,treino_interno
LA_E_4988595,treino_interno
LA_E_4988744,treino_interno
LA_E_4988770,early_stopping
LA_E_4989965,treino_interno
LA_E_4989972,treino_interno
LA_E_4990414,early_stopping
LA_E_4990697,treino_interno
LA_E_4990965,treino_interno
LA_E_4991560,treino_interno
LA_E_4991763,treino_interno
LA_E_4991942,early_stopping
LA_E_4992131,treino_interno
LA_E_4992658,treino_interno
LA_E_4992873,treino_interno
LA_E_4993084,treino_interno
LA_E_4993585,treino_interno
LA_E_4993802,treino_interno
LA_E_4994007,treino_interno
LA_E_4994037,treino_interno
LA_E_4994055,treino_interno
LA_E_4994101,treino_interno
LA_E_4995019,treino_interno
LA_E_4995398,early_stopping
LA_E_4995492,treino_interno
LA_E_4995894,early_stopping
LA_E_4996147,treino_interno
LA_E_4996307,treino_interno
LA_E_4996371,treino_interno
LA_E_4996549,treino_interno
LA_E_4996643,treino_interno
LA_E_4996765,early_stopping
LA_E_4996814,treino_interno
LA_E_4997025,treino_interno
LA_E_4997132,treino_interno
LA_E_4997332,treino_interno
LA_E_4997823,treino_interno
LA_E_4997907,treino_interno
LA_E_4998123,treino_interno
LA_E_4998778,early_stopping
LA_E_4998795,treino_interno
LA_E_4999227,treino_interno
LA_E_4999382,treino_interno
LA_E_5000090,treino_interno
LA_E_5000128,treino_interno
LA_E_5000262,treino_interno
LA_E_5000347,treino_interno
LA_E_5000386,treino_interno
LA_E_5000719,treino_interno
LA_E_5000879,early_stopping
LA_E_5001159,early_stopping
LA_E_5001573,treino_interno
LA_E_5001603,treino_interno
LA_E_5001608,treino_interno
LA_E_5001773,treino_interno
LA_E_5001900,treino_interno
LA_E_5002006,treino_interno
LA_E_5002616,treino_interno
LA_E_5002988,treino_interno
LA_E_5003581,treino_interno
LA_E_5003766,treino_interno
LA_E_5004115,treino_interno
LA_E_5005079,treino_interno
LA_E_5005086,treino_interno
LA_E_5006369,treino_interno
LA_E_5006420,treino_interno
LA_E_5006813,treino_interno
LA_E_5007237,treino_interno
LA_E_5007431,treino_interno
LA_E_5007610,treino_interno
LA_E_5007664,treino_interno
LA_E_5008001,treino_interno
LA_E_5008219,treino_interno
LA_E_5008449,treino_interno
LA_E_5008549,early_stopping
LA_E_5008685,treino_interno
LA_E_5008875,treino_interno
LA_E_5009386,treino_interno
LA_E_5009406,treino_interno
LA_E_5009436,treino_interno
LA_E_5009833,treino_interno
LA_E_5009845,treino_interno
LA_E_5010993,treino_interno
LA_E_5011020,treino_interno
LA_E_5011064,treino_interno
LA_E_5011140,treino_interno
LA_E_5011802,treino_interno
LA_E_5011924,treino_interno
LA_E_5011961,treino_interno
LA_E_5012141,treino_interno
LA_E_5012167,treino_interno
LA_E_5012493,treino_interno
LA_E_5012545,treino_interno
LA_E_5012691,treino_interno
LA_E_5013259,treino_interno
LA_E_5013634,treino_interno
LA_E_5013823,treino_interno
LA_E_5015213,treino_interno
LA_E_5015219,treino_interno
LA_E_5016078,treino_interno
LA_E_5016232,treino_interno
LA_E_5016530,treino_interno
LA_E_5016839,treino_interno
LA_E_5017022,treino_interno
LA_E_5017634,treino_interno
LA_E_5017686,treino_interno
LA_E_5018232,treino_interno
LA_E_5018394,treino_interno
LA_E_5018923,treino_interno
LA_E_5019193,treino_interno
LA_E_5019849,treino_interno
LA_E_5019864,treino_interno
LA_E_5020214,treino_interno
LA_E_5020227,treino_interno
LA_E_5020352,treino_interno
LA_E_5020813,treino_interno
LA_E_5020825,early_stopping
LA_E_5021000,early_stopping
LA_E_5021101,treino_interno
LA_E_5021943,treino_interno
LA_E_5022326,early_stopping
LA_E_5022481,treino_interno
LA_E_5022608,treino_interno
LA_E_5022719,early_stopping
LA_E_5023068,treino_interno
LA_E_5023108,treino_interno
LA_E_5023695,treino_interno
LA_E_5023772,treino_interno
LA_E_5024559,treino_interno
LA_E_5024804,treino_interno
LA_E_5026124,treino_interno
LA_E_5026476,treino_interno
LA_E_5026628,treino_interno
LA_E_5026775,treino_interno
LA_E_5027074,treino_interno
LA_E_5028180,treino_interno
LA_E_5028227,treino_interno
LA_E_5028553,treino_interno
LA_E_5028586,treino_interno
LA_E_5028839,treino_interno
LA_E_5029157,treino_interno
LA_E_5030115,treino_interno
LA_E_5030221,treino_interno
LA_E_5030723,treino_interno
LA_E_5031501,treino_interno
LA_E_5031597,treino_interno
LA_E_5032021,early_stopping
LA_E_5032051,treino_interno
LA_E_5032322,treino_interno
LA_E_5032371,treino_interno
LA_E_5032379,treino_interno
LA_E_5033252,treino_interno
LA_E_5034075,treino_interno
LA_E_5034118,treino_interno
LA_E_5034269,treino_interno
LA_E_5034330,treino_interno
LA_E_5034504,early_stopping
LA_E_5035953,treino_interno
LA_E_5036050,treino_interno
LA_E_5036765,treino_interno
LA_E_5037105,early_stopping
LA_E_5037203,treino_interno
LA_E_5037349,treino_interno
LA_E_5037841,treino_interno
LA_E_5037920,treino_interno
LA_E_5038035,treino_interno
LA_E_5038389,treino_interno
LA_E_5038886,early_stopping
LA_E_5039212,treino_interno
LA_E_5039315,treino_interno
LA_E_5039342,treino_interno
LA_E_5039723,treino_interno
LA_E_5039825,treino_interno
LA_E_5039910,treino_interno
LA_E_5040380,treino_interno
LA_E_5040394,treino_interno
LA_E_5040765,treino_interno
LA_E_5040904,treino_interno
LA_E_5040918,early_stopping
LA_E_5041877,treino_interno
LA_E_5041949,treino_interno
LA_E_5042263,treino_interno
LA_E_5042390,treino_interno
LA_E_5042668,treino_interno
LA_E_5042809,treino_interno
LA_E_5043799,treino_interno
LA_E_5044042,treino_interno
LA_E_5044388,treino_interno
LA_E_5044497,treino_interno
LA_E_5044654,treino_interno
LA_E_5045104,treino_interno
LA_E_5045242,treino_interno
LA_E_5045470,treino_interno
LA_E_5046318,treino_interno
LA_E_5046441,treino_interno
LA_E_5046790,treino_interno
LA_E_5046810,treino_interno
LA_E_5047163,treino_interno
LA_E_5047223,treino_interno
LA_E_5047537,treino_interno
LA_E_5047553,treino_interno
LA_E_5047651,treino_interno
LA_E_5047662,treino_interno
LA_E_5047862,treino_interno
LA_E_5047905,treino_interno
LA_E_5048512,treino_interno
LA_E_5048949,early_stopping
LA_E_5049451,early_stopping
LA_E_5049874,treino_interno
LA_E_5049893,treino_interno
LA_E_5050095,treino_interno
LA_E_5050177,treino_interno
LA_E_5050878,treino_interno
LA_E_5051093,early_stopping
LA_E_5051702,treino_interno
LA_E_5051807,treino_interno
LA_E_5051920,treino_interno
LA_E_5051979,treino_interno
LA_E_5052454,treino_interno
LA_E_5052939,treino_interno
LA_E_5053075,treino_interno
LA_E_5053190,treino_interno
LA_E_5053241,treino_interno
LA_E_5053373,treino_interno
LA_E_5053404,treino_interno
LA_E_5053436,treino_interno
LA_E_5053969,treino_interno
LA_E_5054236,treino_interno
LA_E_5054275,treino_interno
LA_E_5054698,treino_interno
LA_E_5054975,treino_interno
LA_E_5055208,treino_interno
LA_E_5055248,treino_interno
LA_E_5055358,treino_interno
LA_E_5055538,treino_interno
LA_E_5055648,treino_interno
LA_E_5055973,treino_interno
LA_E_5056492,treino_interno
LA_E_5056659,early_stopping
LA_E_5057148,treino_interno
LA_E_5057403,treino_interno
LA_E_5057442,treino_interno
LA_E_5057706,treino_interno
LA_E_5057782,treino_interno
LA_E_5057965,treino_interno
LA_E_5058062,treino_interno
LA_E_5058156,treino_interno
LA_E_5058301,treino_interno
LA_E_5058408,treino_interno
LA_E_5058581,treino_interno
LA_E_5058805,treino_interno
LA_E_5059705,treino_interno
LA_E_5060014,early_stopping
LA_E_5060605,treino_interno
LA_E_5061127,treino_interno
LA_E_5061365,treino_interno
LA_E_5061406,treino_interno
LA_E_5062389,treino_interno
LA_E_5062429,treino_interno
LA_E_5062598,treino_interno
LA_E_5063034,treino_interno
LA_E_5063172,treino_interno
LA_E_5063434,treino_interno
LA_E_5063455,treino_interno
LA_E_5064079,treino_interno
LA_E_5064526,treino_interno
LA_E_5065426,treino_interno
LA_E_5065525,treino_interno
LA_E_5065783,treino_interno
LA_E_5066002,treino_interno
LA_E_5067335,early_stopping
LA_E_5067405,treino_interno
LA_E_5067422,treino_interno
LA_E_5067546,treino_interno
LA_E_5068212,treino_interno
LA_E_5068238,treino_interno
LA_E_5068460,early_stopping
LA_E_5068481,treino_interno
LA_E_5068606,treino_interno
LA_E_5068818,treino_interno
LA_E_5069010,treino_interno
LA_E_5069166,treino_interno
LA_E_5069348,treino_interno
LA_E_5069586,treino_interno
LA_E_5069741,treino_interno
LA_E_5069793,treino_interno
LA_E_5069850,treino_interno
LA_E_5070117,treino_interno
LA_E_5070163,treino_interno
LA_E_5071145,treino_interno
LA_E_5071290,treino_interno
LA_E_5071570,treino_interno
LA_E_5071585,treino_interno
LA_E_5072083,treino_interno
LA_E_5072141,treino_interno
LA_E_5072331,treino_interno
LA_E_5072834,treino_interno
LA_E_5072933,treino_interno
LA_E_5073228,early_stopping
LA_E_5073264,treino_interno
LA_E_5073335,treino_interno
LA_E_5073400,treino_interno
LA_E_5073697,treino_interno
LA_E_5073945,early_stopping
LA_E_5074249,treino_interno
LA_E_5074421,early_stopping
LA_E_5074601,treino_interno
LA_E_5074875,treino_interno
LA_E_5074902,treino_interno
LA_E_5075132,treino_interno
LA_E_5075280,treino_interno
LA_E_5075974,treino_interno
LA_E_5076304,treino_interno
LA_E_5076316,treino_interno
LA_E_5077101,treino_interno
LA_E_5077195,treino_interno
LA_E_5077555,treino_interno
LA_E_5077660,treino_interno
LA_E_5077671,treino_interno
LA_E_5078359,treino_interno
LA_E_5078607,treino_interno
LA_E_5078711,treino_interno
LA_E_5078746,treino_interno
LA_E_5078755,treino_interno
LA_E_5079010,treino_interno
LA_E_5079278,treino_interno
LA_E_5079734,treino_interno
LA_E_5080511,treino_interno
LA_E_5080651,treino_interno
LA_E_5080723,treino_interno
LA_E_5080807,treino_interno
LA_E_5081270,treino_interno
LA_E_5081475,treino_interno
LA_E_5081637,treino_interno
LA_E_5081905,treino_interno
LA_E_5081911,treino_interno
LA_E_5082039,treino_interno
LA_E_5082045,treino_interno
LA_E_5082098,treino_interno
LA_E_5082275,early_stopping
LA_E_5082903,early_stopping
LA_E_5082964,treino_interno
LA_E_5083407,treino_interno
LA_E_5083434,treino_interno
LA_E_5083948,treino_interno
LA_E_5084814,treino_interno
LA_E_5084901,treino_interno
LA_E_5086103,treino_interno
LA_E_5086157,treino_interno
LA_E_5086536,treino_interno
LA_E_5086809,treino_interno
LA_E_5086922,treino_interno
LA_E_5087022,treino_interno
LA_E_5087366,treino_interno
LA_E_5087529,treino_interno
LA_E_5087705,treino_interno
LA_E_5088081,treino_interno
LA_E_5088272,treino_interno
LA_E_5088277,treino_interno
LA_E_5088313,treino_interno
LA_E_5088439,treino_interno
LA_E_5088440,treino_interno
LA_E_5088765,treino_interno
LA_E_5089186,early_stopping
LA_E_5089716,treino_interno
LA_E_5089962,treino_interno
LA_E_5090382,treino_interno
LA_E_5090579,treino_interno
LA_E_5091363,treino_interno
LA_E_5092083,treino_interno
LA_E_5092199,treino_interno
LA_E_5092322,treino_interno
LA_E_5092407,treino_interno
LA_E_5092521,treino_interno
LA_E_5092736,treino_interno
LA_E_5092843,treino_interno
LA_E_5093193,treino_interno
LA_E_5094050,treino_interno
LA_E_5094122,treino_interno
LA_E_5094477,treino_interno
LA_E_5094826,treino_interno
LA_E_5095140,treino_interno
LA_E_5095456,treino_interno
LA_E_5095517,treino_interno
LA_E_5095783,treino_interno
LA_E_5096088,treino_interno
LA_E_5096249,early_stopping
LA_E_5096337,treino_interno
LA_E_5096841,treino_interno
LA_E_5097036,treino_interno
LA_E_5097148,treino_interno
LA_E_5097697,treino_interno
LA_E_5097834,treino_interno
LA_E_5097925,treino_interno
LA_E_5097974,treino_interno
LA_E_5098215,treino_interno
LA_E_5098638,treino_interno
LA_E_5099258,treino_interno
LA_E_5099396,treino_interno
LA_E_5099725,treino_interno
LA_E_5099765,treino_interno
LA_E_5099798,treino_interno
LA_E_5099935,treino_interno
LA_E_5100015,treino_interno
LA_E_5100344,early_stopping
LA_E_5100385,treino_interno
LA_E_5100536,treino_interno
LA_E_5100618,treino_interno
LA_E_5100871,treino_interno
LA_E_5101231,treino_interno
LA_E_5101657,treino_interno
LA_E_5101673,treino_interno
LA_E_5101737,treino_interno
LA_E_5102900,treino_interno
LA_E_5102951,early_stopping
LA_E_5103087,treino_interno
LA_E_5103569,treino_interno
LA_E_5103584,early_stopping
LA_E_5103847,treino_interno
LA_E_5104277,early_stopping
LA_E_5104556,treino_interno
LA_E_5104615,treino_interno
LA_E_5104787,treino_interno
LA_E_5105178,treino_interno
LA_E_5105309,early_stopping
LA_E_5105326,treino_interno
LA_E_5105404,treino_interno
LA_E_5105775,treino_interno
LA_E_5105904,treino_interno
LA_E_5106156,treino_interno
LA_E_5106370,treino_interno
LA_E_5106492,treino_interno
LA_E_5106493,treino_interno
LA_E_5106794,treino_interno
LA_E_5106797,treino_interno
LA_E_5107384,treino_interno
LA_E_5107821,treino_interno
LA_E_5107906,treino_interno
LA_E_5108295,treino_interno
LA_E_5108600,treino_interno
LA_E_5108915,treino_interno
LA_E_5110332,treino_interno
LA_E_5110538,treino_interno
LA_E_5110692,treino_interno
LA_E_5111208,treino_interno
LA_E_5111365,treino_interno
LA_E_5111425,treino_interno
LA_E_5112495,treino_interno
LA_E_5112556,treino_interno
LA_E_5112775,treino_interno
LA_E_5113658,treino_interno
LA_E_5113915,treino_interno
LA_E_5114138,treino_interno
LA_E_5114313,early_stopping
LA_E_5114503,treino_interno
LA_E_5114660,treino_interno
LA_E_5115776,treino_interno
LA_E_5116458,treino_interno
LA_E_5116480,treino_interno
LA_E_5116511,treino_interno
LA_E_5116741,treino_interno
LA_E_5117256,treino_interno
LA_E_5117796,treino_interno
LA_E_5117830,treino_interno
LA_E_5118124,treino_interno
LA_E_5118182,treino_interno
LA_E_5118414,treino_interno
LA_E_5118416,treino_interno
LA_E_5118778,treino_interno
LA_E_5118865,treino_interno
LA_E_5119088,treino_interno
LA_E_5119122,early_stopping
LA_E_5119225,treino_interno
LA_E_5119305,early_stopping
LA_E_5119865,treino_interno
LA_E_5120400,treino_interno
LA_E_5120761,treino_interno
LA_E_5121210,treino_interno
LA_E_5121260,treino_interno
LA_E_5121299,treino_interno
LA_E_5121943,treino_interno
LA_E_5122228,treino_interno
LA_E_5122415,treino_interno
LA_E_5122624,treino_interno
LA_E_5123101,treino_interno
LA_E_5123206,early_stopping
LA_E_5124010,treino_interno
LA_E_5124131,treino_interno
LA_E_5124171,early_stopping
LA_E_5125456,early_stopping
LA_E_5125578,treino_interno
LA_E_5126093,early_stopping
LA_E_5126721,treino_interno
LA_E_5126746,treino_interno
LA_E_5127117,early_stopping
LA_E_5127513,treino_interno
LA_E_5127587,treino_interno
LA_E_5127626,treino_interno
LA_E_5128163,treino_interno
LA_E_5128249,treino_interno
LA_E_5128520,treino_interno
LA_E_5128968,early_stopping
LA_E_5129021,treino_interno
LA_E_5129472,treino_interno
LA_E_5129800,treino_interno
LA_E_5129957,treino_interno
LA_E_5130036,treino_interno
LA_E_5130080,treino_interno
LA_E_5130266,early_stopping
LA_E_5130869,treino_interno
LA_E_5131044,treino_interno
LA_E_5131053,treino_interno
LA_E_5131192,early_stopping
LA_E_5131202,treino_interno
LA_E_5131533,treino_interno
LA_E_5131623,treino_interno
LA_E_5131632,treino_interno
LA_E_5131927,treino_interno
LA_E_5132065,treino_interno
LA_E_5132676,treino_interno
LA_E_5133315,treino_interno
LA_E_5133747,treino_interno
LA_E_5133838,treino_interno
LA_E_5133918,treino_interno
LA_E_5134210,treino_interno
LA_E_5134822,treino_interno
LA_E_5135264,treino_interno
LA_E_5135331,treino_interno
LA_E_5135336,treino_interno
LA_E_5135595,early_stopping
LA_E_5135963,treino_interno
LA_E_5136259,treino_interno
LA_E_5136381,early_stopping
LA_E_5136553,treino_interno
LA_E_5136590,treino_interno
LA_E_5136870,treino_interno
LA_E_5136897,treino_interno
LA_E_5136969,treino_interno
LA_E_5137120,treino_interno
LA_E_5137154,treino_interno
LA_E_5137511,treino_interno
LA_E_5137799,early_stopping
LA_E_5137830,early_stopping
LA_E_5137874,treino_interno
LA_E_5138170,early_stopping
LA_E_5138514,treino_interno
LA_E_5138557,treino_interno
LA_E_5139037,treino_interno
LA_E_5139085,treino_interno
LA_E_5139279,treino_interno
LA_E_5139311,treino_interno
LA_E_5139493,treino_interno
LA_E_5139898,early_stopping
LA_E_5140388,treino_interno
LA_E_5140619,treino_interno
LA_E_5141097,treino_interno
LA_E_5141361,treino_interno
LA_E_5141516,early_stopping
LA_E_5141853,treino_interno
LA_E_5141890,treino_interno
LA_E_5142392,treino_interno
LA_E_5142944,treino_interno
LA_E_5143381,treino_interno
LA_E_5143558,treino_interno
LA_E_5143788,treino_interno
LA_E_5143966,treino_interno
LA_E_5145064,treino_interno
LA_E_5145229,treino_interno
LA_E_5145303,treino_interno
LA_E_5145572,treino_interno
LA_E_5146002,treino_interno
LA_E_5146018,treino_interno
LA_E_5146096,treino_interno
LA_E_5146366,treino_interno
LA_E_5146797,treino_interno
LA_E_5146850,treino_interno
LA_E_5147047,treino_interno
LA_E_5147065,treino_interno
LA_E_5147089,treino_interno
LA_E_5147455,treino_interno
LA_E_5147592,treino_interno
LA_E_5147676,treino_interno
LA_E_5148058,treino_interno
LA_E_5148907,treino_interno
LA_E_5149015,treino_interno
LA_E_5149587,treino_interno
LA_E_5149626,treino_interno
LA_E_5149918,treino_interno
LA_E_5150402,treino_interno
LA_E_5150418,early_stopping
LA_E_5150520,treino_interno
LA_E_5150597,treino_interno
LA_E_5150678,treino_interno
LA_E_5150797,treino_interno
LA_E_5151112,treino_interno
LA_E_5151612,treino_interno
LA_E_5151772,treino_interno
LA_E_5152055,treino_interno
LA_E_5152794,treino_interno
LA_E_5153031,treino_interno
LA_E_5153086,treino_interno
LA_E_5153438,treino_interno
LA_E_5153759,treino_interno
LA_E_5153776,treino_interno
LA_E_5154238,treino_interno
LA_E_5154290,treino_interno
LA_E_5154439,treino_interno
LA_E_5154528,treino_interno
LA_E_5154544,treino_interno
LA_E_5154606,treino_interno
LA_E_5154726,treino_interno
LA_E_5154819,early_stopping
LA_E_5155168,treino_interno
LA_E_5155269,treino_interno
LA_E_5155325,treino_interno
LA_E_5155703,treino_interno
LA_E_5156787,treino_interno
LA_E_5157189,treino_interno
LA_E_5157302,treino_interno
LA_E_5157337,treino_interno
LA_E_5157599,treino_interno
LA_E_5157652,treino_interno
LA_E_5158058,treino_interno
LA_E_5158141,treino_interno
LA_E_5158532,treino_interno
LA_E_5159167,treino_interno
LA_E_5159464,treino_interno
LA_E_5159498,treino_interno
LA_E_5159802,early_stopping
LA_E_5160617,treino_interno
LA_E_5160946,treino_interno
LA_E_5160970,treino_interno
LA_E_5161184,treino_interno
LA_E_5161779,treino_interno
LA_E_5161829,treino_interno
LA_E_5161950,treino_interno
LA_E_5162721,treino_interno
LA_E_5163485,treino_interno
LA_E_5163639,treino_interno
LA_E_5163698,treino_interno
LA_E_5164316,treino_interno
LA_E_5164326,treino_interno
LA_E_5164388,treino_interno
LA_E_5164545,treino_interno
LA_E_5164956,treino_interno
LA_E_5165067,treino_interno
LA_E_5165402,treino_interno
LA_E_5165431,treino_interno
LA_E_5166191,early_stopping
LA_E_5166254,treino_interno
LA_E_5166437,treino_interno
LA_E_5166497,treino_interno
LA_E_5166534,treino_interno
LA_E_5166607,treino_interno
LA_E_5167537,treino_interno
LA_E_5167793,treino_interno
LA_E_5168044,treino_interno
LA_E_5168331,treino_interno
LA_E_5168712,treino_interno
LA_E_5168762,treino_interno
LA_E_5168873,treino_interno
LA_E_5169017,early_stopping
LA_E_5169334,treino_interno
LA_E_5169366,treino_interno
LA_E_5170092,early_stopping
LA_E_5170229,treino_interno
LA_E_5170475,treino_interno
LA_E_5170743,treino_interno
LA_E_5170799,treino_interno
LA_E_5170876,treino_interno
LA_E_5171440,treino_interno
LA_E_5171732,treino_interno
LA_E_5172111,treino_interno
LA_E_5172133,treino_interno
LA_E_5172166,treino_interno
LA_E_5172268,treino_interno
LA_E_5172412,treino_interno
LA_E_5172648,treino_interno
LA_E_5173216,treino_interno
LA_E_5173230,treino_interno
LA_E_5173301,treino_interno
LA_E_5173754,treino_interno
LA_E_5173789,treino_interno
LA_E_5173970,treino_interno
LA_E_5174056,early_stopping
LA_E_5174316,treino_interno
LA_E_5174662,treino_interno
LA_E_5174666,treino_interno
LA_E_5174670,treino_interno
LA_E_5174792,treino_interno
LA_E_5175049,early_stopping
LA_E_5175077,treino_interno
LA_E_5175303,treino_interno
LA_E_5175475,treino_interno
LA_E_5175745,treino_interno
LA_E_5176009,treino_interno
LA_E_5176183,treino_interno
LA_E_5176286,treino_interno
LA_E_5176315,treino_interno
LA_E_5176697,treino_interno
LA_E_5176817,treino_interno
LA_E_5177144,treino_interno
LA_E_5177178,treino_interno
LA_E_5177625,treino_interno
LA_E_5177792,treino_interno
LA_E_5177822,treino_interno
LA_E_5178564,treino_interno
LA_E_5179962,treino_interno
LA_E_5180094,treino_interno
LA_E_5180163,treino_interno
LA_E_5180166,treino_interno
LA_E_5180208,treino_interno
LA_E_5180223,treino_interno
LA_E_5180407,treino_interno
LA_E_5180474,treino_interno
LA_E_5180942,treino_interno
LA_E_5181013,treino_interno
LA_E_5181063,treino_interno
LA_E_5181104,treino_interno
LA_E_5181518,treino_interno
LA_E_5181561,treino_interno
LA_E_5181845,treino_interno
LA_E_5182298,treino_interno
LA_E_5182602,treino_interno
LA_E_5182701,treino_interno
LA_E_5182738,early_stopping
LA_E_5182945,treino_interno
LA_E_5183044,treino_interno
LA_E_5183288,treino_interno
LA_E_5183341,treino_interno
LA_E_5183445,treino_interno
LA_E_5183590,treino_interno
LA_E_5183932,treino_interno
LA_E_5184270,treino_interno
LA_E_5184478,treino_interno
LA_E_5184528,early_stopping
LA_E_5184756,treino_interno
LA_E_5185325,treino_interno
LA_E_5185704,treino_interno
LA_E_5186033,treino_interno
LA_E_5186282,treino_interno
LA_E_5186283,treino_interno
LA_E_5186653,treino_interno
LA_E_5186713,treino_interno
LA_E_5187228,early_stopping
LA_E_5187391,early_stopping
LA_E_5187533,treino_interno
LA_E_5188667,treino_interno
LA_E_5188774,treino_interno
LA_E_5188982,treino_interno
LA_E_5189145,treino_interno
LA_E_5190473,treino_interno
LA_E_5191050,treino_interno
LA_E_5191118,treino_interno
LA_E_5191264,treino_interno
LA_E_5191930,treino_interno
LA_E_5192143,treino_interno
LA_E_5192370,treino_interno
LA_E_5192393,early_stopping
LA_E_5192420,treino_interno
LA_E_5192755,treino_interno
LA_E_5193019,treino_interno
LA_E_5193526,treino_interno
LA_E_5193948,treino_interno
LA_E_5194273,treino_interno
LA_E_5194394,treino_interno
LA_E_5195441,treino_interno
LA_E_5195552,treino_interno
LA_E_5195937,treino_interno
LA_E_5195990,treino_interno
LA_E_5196145,treino_interno
LA_E_5196402,treino_interno
LA_E_5196655,treino_interno
LA_E_5196723,treino_interno
LA_E_5196772,treino_interno
LA_E_5196809,treino_interno
LA_E_5197054,treino_interno
LA_E_5197077,treino_interno
LA_E_5197403,treino_interno
LA_E_5197472,treino_interno
LA_E_5197563,treino_interno
LA_E_5197642,treino_interno
LA_E_5197675,treino_interno
LA_E_5197724,treino_interno
LA_E_5197981,treino_interno
LA_E_5198187,treino_interno
LA_E_5198211,treino_interno
LA_E_5198221,treino_interno
LA_E_5198300,treino_interno
LA_E_5198878,treino_interno
LA_E_5198937,treino_interno
LA_E_5199073,treino_interno
LA_E_5199084,treino_interno
LA_E_5199108,treino_interno
LA_E_5199313,treino_interno
LA_E_5199616,treino_interno
LA_E_5199952,treino_interno
LA_E_5200052,treino_interno
LA_E_5200128,treino_interno
LA_E_5200391,treino_interno
LA_E_5200454,treino_interno
LA_E_5200952,treino_interno
LA_E_5201432,treino_interno
LA_E_5201535,treino_interno
LA_E_5201633,treino_interno
LA_E_5201938,treino_interno
LA_E_5201983,treino_interno
LA_E_5202419,treino_interno
LA_E_5202984,treino_interno
LA_E_5203193,treino_interno
LA_E_5203290,treino_interno
LA_E_5203735,treino_interno
LA_E_5203860,early_stopping
LA_E_5203872,treino_interno
LA_E_5204022,treino_interno
LA_E_5204083,treino_interno
LA_E_5204085,treino_interno
LA_E_5204641,treino_interno
LA_E_5204806,treino_interno
LA_E_5205506,treino_interno
LA_E_5205535,treino_interno
LA_E_5205588,treino_interno
LA_E_5205619,treino_interno
LA_E_5205626,treino_interno
LA_E_5205693,treino_interno
LA_E_5205949,treino_interno
LA_E_5206505,treino_interno
LA_E_5206713,early_stopping
LA_E_5207466,treino_interno
LA_E_5207558,treino_interno
LA_E_5207724,treino_interno
LA_E_5207739,treino_interno
LA_E_5209180,treino_interno
LA_E_5209190,treino_interno
LA_E_5209199,treino_interno
LA_E_5209649,treino_interno
LA_E_5209676,treino_interno
LA_E_5209723,treino_interno
LA_E_5210362,treino_interno
LA_E_5210458,treino_interno
LA_E_5210527,treino_interno
LA_E_5210694,treino_interno
LA_E_5210909,treino_interno
LA_E_5211343,treino_interno
LA_E_5212581,treino_interno
LA_E_5212748,treino_interno
LA_E_5213171,treino_interno
LA_E_5213349,treino_interno
LA_E_5214000,treino_interno
LA_E_5214066,treino_interno
LA_E_5214098,treino_interno
LA_E_5214450,treino_interno
LA_E_5214792,treino_interno
LA_E_5215903,treino_interno
LA_E_5215961,treino_interno
LA_E_5216519,treino_interno
LA_E_5216575,treino_interno
LA_E_5216619,treino_interno
LA_E_5216742,early_stopping
LA_E_5216814,treino_interno
LA_E_5216834,treino_interno
LA_E_5217115,treino_interno
LA_E_5217227,treino_interno
LA_E_5217589,treino_interno
LA_E_5217977,treino_interno
LA_E_5218249,early_stopping
LA_E_5218555,treino_interno
LA_E_5218671,treino_interno
LA_E_5218784,treino_interno
LA_E_5219508,treino_interno
LA_E_5219867,early_stopping
LA_E_5220106,treino_interno
LA_E_5220178,treino_interno
LA_E_5220342,treino_interno
LA_E_5220433,treino_interno
LA_E_5220448,treino_interno
LA_E_5220741,treino_interno
LA_E_5221160,treino_interno
LA_E_5221338,early_stopping
LA_E_5221560,treino_interno
LA_E_5221893,treino_interno
LA_E_5222147,treino_interno
LA_E_5222148,treino_interno
LA_E_5222712,treino_interno
LA_E_5222879,treino_interno
LA_E_5223212,treino_interno
LA_E_5223897,treino_interno
LA_E_5224101,early_stopping
LA_E_5224251,treino_interno
LA_E_5224302,treino_interno
LA_E_5224477,treino_interno
LA_E_5224622,treino_interno
LA_E_5224889,treino_interno
LA_E_5224898,treino_interno
LA_E_5225152,treino_interno
LA_E_5225324,treino_interno
LA_E_5225966,treino_interno
LA_E_5226088,treino_interno
LA_E_5226303,treino_interno
LA_E_5227116,treino_interno
LA_E_5227230,treino_interno
LA_E_5227466,treino_interno
LA_E_5227660,treino_interno
LA_E_5227718,treino_interno
LA_E_5227726,treino_interno
LA_E_5227740,treino_interno
LA_E_5228075,treino_interno
LA_E_5228203,treino_interno
LA_E_5228319,treino_interno
LA_E_5228605,treino_interno
LA_E_5228648,treino_interno
LA_E_5228989,treino_interno
LA_E_5229016,treino_interno
LA_E_5229133,treino_interno
LA_E_5229170,treino_interno
LA_E_5229213,treino_interno
LA_E_5229368,treino_interno
LA_E_5229371,treino_interno
LA_E_5229446,treino_interno
LA_E_5229516,treino_interno
LA_E_5229584,treino_interno
LA_E_5229739,treino_interno
LA_E_5230029,treino_interno
LA_E_5230047,treino_interno
LA_E_5230585,treino_interno
LA_E_5230776,treino_interno
LA_E_5230968,treino_interno
LA_E_5231131,treino_interno
LA_E_5231144,treino_interno
LA_E_5231289,treino_interno
LA_E_5231314,treino_interno
LA_E_5231508,treino_interno
LA_E_5232078,treino_interno
LA_E_5232184,treino_interno
LA_E_5232259,treino_interno
LA_E_5232594,treino_interno
LA_E_5232707,treino_interno
LA_E_5233240,treino_interno
LA_E_5233291,treino_interno
LA_E_5233416,treino_interno
LA_E_5233508,early_stopping
LA_E_5235076,treino_interno
LA_E_5235177,treino_interno
LA_E_5235195,early_stopping
LA_E_5235375,treino_interno
LA_E_5235502,early_stopping
LA_E_5235740,treino_interno
LA_E_5236066,treino_interno
LA_E_5236526,treino_interno
LA_E_5237228,treino_interno
LA_E_5237445,early_stopping
LA_E_5237449,treino_interno
LA_E_5237507,treino_interno
LA_E_5238375,treino_interno
LA_E_5238453,treino_interno
LA_E_5238940,treino_interno
LA_E_5238969,treino_interno
LA_E_5239074,treino_interno
LA_E_5239346,treino_interno
LA_E_5239848,treino_interno
LA_E_5239852,treino_interno
LA_E_5240451,treino_interno
LA_E_5240751,treino_interno
LA_E_5240877,treino_interno
LA_E_5241199,treino_interno
LA_E_5241535,treino_interno
LA_E_5241788,early_stopping
LA_E_5243000,treino_interno
LA_E_5243060,treino_interno
LA_E_5243476,treino_interno
LA_E_5243601,treino_interno
LA_E_5243771,treino_interno
LA_E_5243911,treino_interno
LA_E_5244287,treino_interno
LA_E_5244469,treino_interno
LA_E_5244582,treino_interno
LA_E_5244676,treino_interno
LA_E_5244907,treino_interno
LA_E_5245321,treino_interno
LA_E_5245470,treino_interno
LA_E_5245535,treino_interno
LA_E_5245758,treino_interno
LA_E_5245854,treino_interno
LA_E_5246007,treino_interno
LA_E_5246378,treino_interno
LA_E_5246849,treino_interno
LA_E_5247299,treino_interno
LA_E_5247326,treino_interno
LA_E_5247353,treino_interno
LA_E_5247379,early_stopping
LA_E_5247536,treino_interno
LA_E_5247561,treino_interno
LA_E_5247692,treino_interno
LA_E_5247969,treino_interno
LA_E_5248006,treino_interno
LA_E_5248264,treino_interno
LA_E_5248548,treino_interno
LA_E_5249212,treino_interno
LA_E_5249391,treino_interno
LA_E_5249674,treino_interno
LA_E_5249759,treino_interno
LA_E_5249883,treino_interno
LA_E_5249942,treino_interno
LA_E_5250572,treino_interno
LA_E_5250602,treino_interno
LA_E_5250679,treino_interno
LA_E_5250759,treino_interno
LA_E_5251085,treino_interno
LA_E_5251284,treino_interno
LA_E_5251845,treino_interno
LA_E_5252635,treino_interno
LA_E_5252647,treino_interno
LA_E_5252792,treino_interno
LA_E_5253236,treino_interno
LA_E_5253371,treino_interno
LA_E_5253419,treino_interno
LA_E_5254050,treino_interno
LA_E_5254628,treino_interno
LA_E_5255185,treino_interno
LA_E_5255415,treino_interno
LA_E_5255549,treino_interno
LA_E_5255745,treino_interno
LA_E_5255782,treino_interno
LA_E_5255867,treino_interno
LA_E_5256391,treino_interno
LA_E_5256995,treino_interno
LA_E_5257055,early_stopping
LA_E_5257734,treino_interno
LA_E_5257800,treino_interno
LA_E_5258424,treino_interno
LA_E_5258776,treino_interno
LA_E_5258831,treino_interno
LA_E_5259000,treino_interno
LA_E_5259213,treino_interno
LA_E_5260280,treino_interno
LA_E_5260627,treino_interno
LA_E_5260661,treino_interno
LA_E_5260756,treino_interno
LA_E_5260880,treino_interno
LA_E_5261274,treino_interno
LA_E_5261640,treino_interno
LA_E_5262073,treino_interno
LA_E_5262100,treino_interno
LA_E_5262459,treino_interno
LA_E_5262784,early_stopping
LA_E_5263066,treino_interno
LA_E_5263497,treino_interno
LA_E_5264424,treino_interno
LA_E_5264441,treino_interno
LA_E_5264671,treino_interno
LA_E_5265666,treino_interno
LA_E_5266145,treino_interno
LA_E_5266692,treino_interno
LA_E_5266979,treino_interno
LA_E_5267010,early_stopping
LA_E_5267292,early_stopping
LA_E_5268034,treino_interno
LA_E_5268279,treino_interno
LA_E_5268507,treino_interno
LA_E_5268833,early_stopping
LA_E_5269011,treino_interno
LA_E_5269016,treino_interno
LA_E_5269408,treino_interno
LA_E_5269503,treino_interno
LA_E_5270118,treino_interno
LA_E_5270254,treino_interno
LA_E_5270949,treino_interno
LA_E_5271621,treino_interno
LA_E_5271901,treino_interno
LA_E_5272443,early_stopping
LA_E_5272454,treino_interno
LA_E_5272564,early_stopping
LA_E_5272757,treino_interno
LA_E_5272769,treino_interno
LA_E_5272943,treino_interno
LA_E_5273153,treino_interno
LA_E_5273521,treino_interno
LA_E_5273677,treino_interno
LA_E_5273799,treino_interno
LA_E_5273847,treino_interno
LA_E_5274024,treino_interno
LA_E_5274362,treino_interno
LA_E_5274796,treino_interno
LA_E_5275018,treino_interno
LA_E_5275373,treino_interno
LA_E_5275515,treino_interno
LA_E_5275614,early_stopping
LA_E_5275676,early_stopping
LA_E_5276508,treino_interno
LA_E_5276681,treino_interno
LA_E_5277055,treino_interno
LA_E_5277089,treino_interno
LA_E_5277940,treino_interno
LA_E_5278148,treino_interno
LA_E_5278559,treino_interno
LA_E_5278802,treino_interno
LA_E_5279416,treino_interno
LA_E_5279432,treino_interno
LA_E_5279639,treino_interno
LA_E_5279865,treino_interno
LA_E_5279878,treino_interno
LA_E_5279919,early_stopping
LA_E_5279940,treino_interno
LA_E_5280093,treino_interno
LA_E_5281103,treino_interno
LA_E_5281218,treino_interno
LA_E_5281253,treino_interno
LA_E_5281343,treino_interno
LA_E_5281377,treino_interno
LA_E_5281546,treino_interno
LA_E_5282380,treino_interno
LA_E_5282559,treino_interno
LA_E_5282905,early_stopping
LA_E_5283135,treino_interno
LA_E_5283509,treino_interno
LA_E_5283750,treino_interno
LA_E_5283859,treino_interno
LA_E_5283896,treino_interno
LA_E_5284576,treino_interno
LA_E_5284631,treino_interno
LA_E_5284649,treino_interno
LA_E_5284800,treino_interno
LA_E_5284853,treino_interno
LA_E_5285018,treino_interno
LA_E_5285825,early_stopping
LA_E_5286357,treino_interno
LA_E_5286866,treino_interno
LA_E_5287158,treino_interno
LA_E_5287833,treino_interno
LA_E_5288060,treino_interno
LA_E_5288260,treino_interno
LA_E_5288526,treino_interno
LA_E_5289183,treino_interno
LA_E_5289340,treino_interno
LA_E_5289734,early_stopping
LA_E_5289851,treino_interno
LA_E_5290336,treino_interno
LA_E_5290419,treino_interno
LA_E_5290541,treino_interno
LA_E_5290751,treino_interno
LA_E_5291002,treino_interno
LA_E_5291158,treino_interno
LA_E_5291313,treino_interno
LA_E_5291480,treino_interno
LA_E_5291493,early_stopping
LA_E_5291532,treino_interno
LA_E_5291671,treino_interno
LA_E_5291681,treino_interno
LA_E_5291826,treino_interno
LA_E_5292009,treino_interno
LA_E_5293295,treino_interno
LA_E_5293502,treino_interno
LA_E_5293633,early_stopping
LA_E_5293743,treino_interno
LA_E_5294117,treino_interno
LA_E_5294168,treino_interno
LA_E_5295938,treino_interno
LA_E_5296369,treino_interno
LA_E_5296553,treino_interno
LA_E_5296717,treino_interno
LA_E_5297450,treino_interno
LA_E_5297548,treino_interno
LA_E_5297791,treino_interno
LA_E_5298106,treino_interno
LA_E_5298954,treino_interno
LA_E_5298984,treino_interno
LA_E_5299081,treino_interno
LA_E_5299421,treino_interno
LA_E_5299497,treino_interno
LA_E_5299626,treino_interno
LA_E_5299687,treino_interno
LA_E_5299933,treino_interno
LA_E_5300035,treino_interno
LA_E_5300523,treino_interno
LA_E_5300529,early_stopping
LA_E_5300825,treino_interno
LA_E_5301025,treino_interno
LA_E_5301048,early_stopping
LA_E_5301185,treino_interno
LA_E_5301205,treino_interno
LA_E_5301528,treino_interno
LA_E_5301581,treino_interno
LA_E_5301729,treino_interno
LA_E_5301970,treino_interno
LA_E_5302159,treino_interno
LA_E_5302345,treino_interno
LA_E_5302548,treino_interno
LA_E_5302922,treino_interno
LA_E_5303074,treino_interno
LA_E_5304592,treino_interno
LA_E_5304619,treino_interno
LA_E_5304764,treino_interno
LA_E_5304957,treino_interno
LA_E_5304970,treino_interno
LA_E_5305056,treino_interno
LA_E_5305612,treino_interno
LA_E_5306009,treino_interno
LA_E_5306820,treino_interno
LA_E_5308078,treino_interno
LA_E_5308268,treino_interno
LA_E_5308669,treino_interno
LA_E_5308722,treino_interno
LA_E_5309246,treino_interno
LA_E_5309326,treino_interno
LA_E_5309765,treino_interno
LA_E_5309795,treino_interno
LA_E_5309959,treino_interno
LA_E_5310289,treino_interno
LA_E_5310543,early_stopping
LA_E_5310593,treino_interno
LA_E_5310652,treino_interno
LA_E_5310735,treino_interno
LA_E_5310800,treino_interno
LA_E_5311109,treino_interno
LA_E_5311961,treino_interno
LA_E_5312728,treino_interno
LA_E_5313083,treino_interno
LA_E_5313567,treino_interno
LA_E_5313910,treino_interno
LA_E_5313954,treino_interno
LA_E_5314169,treino_interno
LA_E_5314474,treino_interno
LA_E_5314495,treino_interno
LA_E_5315053,treino_interno
LA_E_5315119,treino_interno
LA_E_5315283,treino_interno
LA_E_5315301,treino_interno
LA_E_5315466,treino_interno
LA_E_5315826,treino_interno
LA_E_5316317,treino_interno
LA_E_5316950,treino_interno
LA_E_5317521,treino_interno
LA_E_5317879,early_stopping
LA_E_5318402,treino_interno
LA_E_5318535,early_stopping
LA_E_5318803,treino_interno
LA_E_5319108,treino_interno
LA_E_5319367,early_stopping
LA_E_5319873,treino_interno
LA_E_5320162,treino_interno
LA_E_5320188,treino_interno
LA_E_5320555,treino_interno
LA_E_5320688,treino_interno
LA_E_5320897,treino_interno
LA_E_5321039,treino_interno
LA_E_5321234,treino_interno
LA_E_5321751,early_stopping
LA_E_5321809,treino_interno
LA_E_5322009,treino_interno
LA_E_5322017,treino_interno
LA_E_5323543,treino_interno
LA_E_5323663,treino_interno
LA_E_5323687,treino_interno
LA_E_5323688,treino_interno
LA_E_5323706,treino_interno
LA_E_5324333,treino_interno
LA_E_5324363,early_stopping
LA_E_5324406,treino_interno
LA_E_5324532,treino_interno
LA_E_5324935,early_stopping
LA_E_5325010,treino_interno
LA_E_5325500,treino_interno
LA_E_5325731,treino_interno
LA_E_5325783,treino_interno
LA_E_5325835,treino_interno
LA_E_5325871,treino_interno
LA_E_5325909,treino_interno
LA_E_5326117,treino_interno
LA_E_5326213,treino_interno
LA_E_5326223,treino_interno
LA_E_5326442,treino_interno
LA_E_5326695,treino_interno
LA_E_5326890,treino_interno
LA_E_5327033,treino_interno
LA_E_5327141,treino_interno
LA_E_5327260,treino_interno
LA_E_5327418,treino_interno
LA_E_5327500,treino_interno
LA_E_5327683,treino_interno
LA_E_5327990,treino_interno
LA_E_5328005,treino_interno
LA_E_5328388,treino_interno
LA_E_5328641,treino_interno
LA_E_5328863,treino_interno
LA_E_5328905,treino_interno
LA_E_5328908,treino_interno
LA_E_5329000,treino_interno
LA_E_5329051,treino_interno
LA_E_5329364,treino_interno
LA_E_5329472,treino_interno
LA_E_5329998,treino_interno
LA_E_5330432,treino_interno
LA_E_5330503,treino_interno
LA_E_5330693,treino_interno
LA_E_5331191,treino_interno
LA_E_5331369,treino_interno
LA_E_5331530,treino_interno
LA_E_5331613,treino_interno
LA_E_5331758,treino_interno
LA_E_5331921,treino_interno
LA_E_5331923,treino_interno
LA_E_5331956,treino_interno
LA_E_5332034,treino_interno
LA_E_5332515,treino_interno
LA_E_5333457,treino_interno
LA_E_5333884,treino_interno
LA_E_5334278,treino_interno
LA_E_5334793,treino_interno
LA_E_5334838,treino_interno
LA_E_5335321,treino_interno
LA_E_5335367,treino_interno
LA_E_5335890,treino_interno
LA_E_5335932,treino_interno
LA_E_5337191,treino_interno
LA_E_5337382,treino_interno
LA_E_5337539,treino_interno
LA_E_5338098,treino_interno
LA_E_5338452,treino_interno
LA_E_5338471,treino_interno
LA_E_5338510,treino_interno
LA_E_5338800,treino_interno
LA_E_5338861,treino_interno
LA_E_5339605,treino_interno
LA_E_5339816,early_stopping
LA_E_5340053,treino_interno
LA_E_5340178,treino_interno
LA_E_5340347,treino_interno
LA_E_5340521,treino_interno
LA_E_5340786,treino_interno
LA_E_5341167,treino_interno
LA_E_5341918,treino_interno
LA_E_5341920,treino_interno
LA_E_5342387,treino_interno
LA_E_5342461,treino_interno
LA_E_5342879,treino_interno
LA_E_5343175,early_stopping
LA_E_5343842,treino_interno
LA_E_5343899,treino_interno
LA_E_5343927,treino_interno
LA_E_5344191,treino_interno
LA_E_5344305,treino_interno
LA_E_5344325,treino_interno
LA_E_5344338,early_stopping
LA_E_5344440,treino_interno
LA_E_5344648,treino_interno
LA_E_5344755,treino_interno
LA_E_5344928,treino_interno
LA_E_5345303,treino_interno
LA_E_5345375,treino_interno
LA_E_5345674,treino_interno
LA_E_5346204,treino_interno
LA_E_5346373,treino_interno
LA_E_5346463,treino_interno
LA_E_5346537,treino_interno
LA_E_5346658,treino_interno
LA_E_5346851,early_stopping
LA_E_5346893,treino_interno
LA_E_5347273,treino_interno
LA_E_5348282,treino_interno
LA_E_5348424,treino_interno
LA_E_5348727,treino_interno
LA_E_5348788,treino_interno
LA_E_5348810,treino_interno
LA_E_5348892,treino_interno
LA_E_5349153,treino_interno
LA_E_5349316,treino_interno
LA_E_5349518,treino_interno
LA_E_5349560,treino_interno
LA_E_5349629,treino_interno
LA_E_5349706,treino_interno
LA_E_5350088,treino_interno
LA_E_5350138,treino_interno
LA_E_5350224,treino_interno
LA_E_5350296,treino_interno
LA_E_5350593,treino_interno
LA_E_5350848,treino_interno
LA_E_5351711,treino_interno
LA_E_5351788,early_stopping
LA_E_5352789,treino_interno
LA_E_5352893,treino_interno
LA_E_5352941,treino_interno
LA_E_5353106,treino_interno
LA_E_5353152,treino_interno
LA_E_5353486,treino_interno
LA_E_5353621,treino_interno
LA_E_5353671,treino_interno
LA_E_5353861,treino_interno
LA_E_5354093,treino_interno
LA_E_5354129,treino_interno
LA_E_5354564,treino_interno
LA_E_5355345,treino_interno
LA_E_5355616,treino_interno
LA_E_5356429,treino_interno
LA_E_5356502,treino_interno
LA_E_5356587,treino_interno
LA_E_5357043,treino_interno
LA_E_5357086,treino_interno
LA_E_5357750,treino_interno
LA_E_5357822,treino_interno
LA_E_5357849,treino_interno
LA_E_5358769,treino_interno
LA_E_5358776,early_stopping
LA_E_5358953,treino_interno
LA_E_5359065,treino_interno
LA_E_5359082,treino_interno
LA_E_5359226,treino_interno
LA_E_5359266,treino_interno
LA_E_5359443,treino_interno
LA_E_5359622,treino_interno
LA_E_5360075,treino_interno
LA_E_5360232,treino_interno
LA_E_5360437,treino_interno
LA_E_5360777,treino_interno
LA_E_5361156,early_stopping
LA_E_5361544,early_stopping
LA_E_5361602,treino_interno
LA_E_5361610,treino_interno
LA_E_5362179,treino_interno
LA_E_5362232,treino_interno
LA_E_5362355,treino_interno
LA_E_5362368,treino_interno
LA_E_5362381,treino_interno
LA_E_5363024,treino_interno
LA_E_5363517,treino_interno
LA_E_5363582,treino_interno
LA_E_5363768,treino_interno
LA_E_5364558,treino_interno
LA_E_5365190,treino_interno
LA_E_5365243,treino_interno
LA_E_5365562,treino_interno
LA_E_5366135,treino_interno
LA_E_5366355,treino_interno
LA_E_5366599,early_stopping
LA_E_5366875,treino_interno
LA_E_5367036,treino_interno
LA_E_5367489,treino_interno
LA_E_5367857,treino_interno
LA_E_5368008,treino_interno
LA_E_5368349,treino_interno
LA_E_5368507,treino_interno
LA_E_5368795,treino_interno
LA_E_5368836,treino_interno
LA_E_5369529,treino_interno
LA_E_5369602,treino_interno
LA_E_5369607,treino_interno
LA_E_5369608,treino_interno
LA_E_5369690,treino_interno
LA_E_5369699,treino_interno
LA_E_5370110,treino_interno
LA_E_5370371,treino_interno
LA_E_5370832,treino_interno
LA_E_5370867,treino_interno
LA_E_5371177,treino_interno
LA_E_5371314,treino_interno
LA_E_5371402,treino_interno
LA_E_5371532,treino_interno
LA_E_5371641,treino_interno
LA_E_5372159,treino_interno
LA_E_5372590,treino_interno
LA_E_5372746,treino_interno
LA_E_5373216,treino_interno
LA_E_5373253,treino_interno
LA_E_5373628,treino_interno
LA_E_5373825,treino_interno
LA_E_5373875,treino_interno
LA_E_5373977,treino_interno
LA_E_5374386,treino_interno
LA_E_5374591,treino_interno
LA_E_5374597,treino_interno
LA_E_5374665,treino_interno
LA_E_5374780,treino_interno
LA_E_5374934,treino_interno
LA_E_5375185,treino_interno
LA_E_5375214,treino_interno
LA_E_5375365,treino_interno
LA_E_5375860,treino_interno
LA_E_5375962,treino_interno
LA_E_5376170,treino_interno
LA_E_5376822,treino_interno
LA_E_5376978,treino_interno
LA_E_5377547,treino_interno
LA_E_5377813,treino_interno
LA_E_5378408,treino_interno
LA_E_5378800,treino_interno
LA_E_5378981,treino_interno
LA_E_5379327,treino_interno
LA_E_5379529,treino_interno
LA_E_5379717,treino_interno
LA_E_5379956,treino_interno
LA_E_5380031,treino_interno
LA_E_5380098,treino_interno
LA_E_5380401,treino_interno
LA_E_5380625,treino_interno
LA_E_5380953,treino_interno
LA_E_5381025,treino_interno
LA_E_5381037,treino_interno
LA_E_5381775,treino_interno
LA_E_5381946,treino_interno
LA_E_5382122,treino_interno
LA_E_5382200,treino_interno
LA_E_5382925,early_stopping
LA_E_5383574,treino_interno
LA_E_5384129,treino_interno
LA_E_5384339,treino_interno
LA_E_5384679,treino_interno
LA_E_5385051,treino_interno
LA_E_5385066,early_stopping
LA_E_5385588,treino_interno
LA_E_5385647,treino_interno
LA_E_5386100,treino_interno
LA_E_5386461,treino_interno
LA_E_5387679,treino_interno
LA_E_5387763,early_stopping
LA_E_5388135,treino_interno
LA_E_5388286,treino_interno
LA_E_5388802,treino_interno
LA_E_5388844,treino_interno
LA_E_5388880,treino_interno
LA_E_5389762,early_stopping
LA_E_5389910,treino_interno
LA_E_5389916,treino_interno
LA_E_5390138,early_stopping
LA_E_5390936,treino_interno
LA_E_5391163,treino_interno
LA_E_5391366,treino_interno
LA_E_5391407,treino_interno
LA_E_5392003,treino_interno
LA_E_5393355,treino_interno
LA_E_5393409,treino_interno
LA_E_5393650,treino_interno
LA_E_5393742,treino_interno
LA_E_5394124,treino_interno
LA_E_5394172,treino_interno
LA_E_5394741,treino_interno
LA_E_5394919,treino_interno
LA_E_5394965,treino_interno
LA_E_5395355,treino_interno
LA_E_5396407,treino_interno
LA_E_5397375,treino_interno
LA_E_5398148,early_stopping
LA_E_5398599,treino_interno
LA_E_5398904,treino_interno
LA_E_5399523,treino_interno
LA_E_5400099,treino_interno
LA_E_5400115,treino_interno
LA_E_5400151,treino_interno
LA_E_5400312,treino_interno
LA_E_5400741,treino_interno
LA_E_5401588,treino_interno
LA_E_5401635,treino_interno
LA_E_5401772,treino_interno
LA_E_5401862,treino_interno
LA_E_5402121,treino_interno
LA_E_5402670,treino_interno
LA_E_5402826,treino_interno
LA_E_5403185,treino_interno
LA_E_5403449,treino_interno
LA_E_5404147,treino_interno
LA_E_5404497,treino_interno
LA_E_5404674,treino_interno
LA_E_5404896,treino_interno
LA_E_5405296,treino_interno
LA_E_5405494,treino_interno
LA_E_5405770,treino_interno
LA_E_5405787,treino_interno
LA_E_5406102,treino_interno
LA_E_5406486,treino_interno
LA_E_5406510,treino_interno
LA_E_5406671,treino_interno
LA_E_5406828,treino_interno
LA_E_5407019,treino_interno
LA_E_5407620,treino_interno
LA_E_5408086,early_stopping
LA_E_5408224,treino_interno
LA_E_5408401,treino_interno
LA_E_5408752,treino_interno
LA_E_5409745,treino_interno
LA_E_5410457,early_stopping
LA_E_5410804,early_stopping
LA_E_5411296,treino_interno
LA_E_5411329,treino_interno
LA_E_5411658,treino_interno
LA_E_5411945,treino_interno
LA_E_5412504,treino_interno
LA_E_5412640,treino_interno
LA_E_5412736,treino_interno
LA_E_5412941,treino_interno
LA_E_5413197,treino_interno
LA_E_5413754,treino_interno
LA_E_5414307,treino_interno
LA_E_5414373,treino_interno
LA_E_5414381,treino_interno
LA_E_5414698,treino_interno
LA_E_5414919,treino_interno
LA_E_5414967,treino_interno
LA_E_5415092,treino_interno
LA_E_5415536,treino_interno
LA_E_5415730,treino_interno
LA_E_5415799,treino_interno
LA_E_5415859,treino_interno
LA_E_5415975,treino_interno
LA_E_5416150,treino_interno
LA_E_5417161,treino_interno
LA_E_5417601,treino_interno
LA_E_5417616,treino_interno
LA_E_5417779,treino_interno
LA_E_5417839,early_stopping
LA_E_5417901,treino_interno
LA_E_5418013,treino_interno
LA_E_5418014,treino_interno
LA_E_5418078,treino_interno
LA_E_5418135,early_stopping
LA_E_5419438,treino_interno
LA_E_5419873,treino_interno
LA_E_5419987,treino_interno
LA_E_5420200,treino_interno
LA_E_5420946,treino_interno
LA_E_5421147,treino_interno
LA_E_5421278,treino_interno
LA_E_5421441,treino_interno
LA_E_5421563,treino_interno
LA_E_5421592,treino_interno
LA_E_5421675,treino_interno
LA_E_5422297,early_stopping
LA_E_5422375,treino_interno
LA_E_5422400,treino_interno
LA_E_5422883,treino_interno
LA_E_5423282,treino_interno
LA_E_5423627,treino_interno
LA_E_5423781,early_stopping
LA_E_5423807,treino_interno
LA_E_5423809,treino_interno
LA_E_5424735,treino_interno
LA_E_5424851,treino_interno
LA_E_5425944,early_stopping
LA_E_5426638,early_stopping
LA_E_5427436,treino_interno
LA_E_5427631,treino_interno
LA_E_5427683,treino_interno
LA_E_5427924,treino_interno
LA_E_5427994,treino_interno
LA_E_5428030,treino_interno
LA_E_5428365,treino_interno
LA_E_5428397,treino_interno
LA_E_5428634,treino_interno
LA_E_5428771,treino_interno
LA_E_5428878,treino_interno
LA_E_5429076,treino_interno
LA_E_5429273,treino_interno
LA_E_5429755,treino_interno
LA_E_5429890,treino_interno
LA_E_5430520,treino_interno
LA_E_5431007,treino_interno
LA_E_5431034,treino_interno
LA_E_5431124,treino_interno
LA_E_5431422,treino_interno
LA_E_5431684,treino_interno
LA_E_5431753,treino_interno
LA_E_5431822,treino_interno
LA_E_5432001,treino_interno
LA_E_5432099,treino_interno
LA_E_5432155,treino_interno
LA_E_5432444,treino_interno
LA_E_5432882,treino_interno
LA_E_5433102,treino_interno
LA_E_5433199,treino_interno
LA_E_5433222,treino_interno
LA_E_5433406,treino_interno
LA_E_5433597,treino_interno
LA_E_5434274,treino_interno
LA_E_5434792,treino_interno
LA_E_5434988,treino_interno
LA_E_5435236,treino_interno
LA_E_5435438,treino_interno
LA_E_5435567,treino_interno
LA_E_5435599,treino_interno
LA_E_5435603,treino_interno
LA_E_5436340,treino_interno
LA_E_5436741,treino_interno
LA_E_5437592,treino_interno
LA_E_5437955,treino_interno
LA_E_5438266,treino_interno
LA_E_5438302,treino_interno
LA_E_5438430,treino_interno
LA_E_5438628,early_stopping
LA_E_5438827,treino_interno
LA_E_5439015,treino_interno
LA_E_5439239,early_stopping
LA_E_5439395,early_stopping
LA_E_5439730,treino_interno
LA_E_5440014,treino_interno
LA_E_5440094,treino_interno
LA_E_5440781,treino_interno
LA_E_5441323,treino_interno
LA_E_5441526,treino_interno
LA_E_5441568,treino_interno
LA_E_5442528,treino_interno
LA_E_5443068,treino_interno
LA_E_5443499,treino_interno
LA_E_5443585,treino_interno
LA_E_5443746,treino_interno
LA_E_5443941,treino_interno
LA_E_5443994,treino_interno
LA_E_5444222,treino_interno
LA_E_5444463,early_stopping
LA_E_5444472,treino_interno
LA_E_5445433,early_stopping
LA_E_5446961,treino_interno
LA_E_5447344,treino_interno
LA_E_5447623,treino_interno
LA_E_5447672,treino_interno
LA_E_5448068,early_stopping
LA_E_5448121,treino_interno
LA_E_5448371,treino_interno
LA_E_5448934,treino_interno
LA_E_5449023,treino_interno
LA_E_5449242,treino_interno
LA_E_5450130,treino_interno
LA_E_5450168,treino_interno
LA_E_5450232,early_stopping
LA_E_5450464,treino_interno
LA_E_5451134,treino_interno
LA_E_5452576,treino_interno
LA_E_5452904,treino_interno
LA_E_5452949,treino_interno
LA_E_5453175,treino_interno
LA_E_5453695,treino_interno
LA_E_5453722,treino_interno
LA_E_5453808,treino_interno
LA_E_5453868,treino_interno
LA_E_5453945,treino_interno
LA_E_5453950,treino_interno
LA_E_5454878,treino_interno
LA_E_5455695,treino_interno
LA_E_5455796,treino_interno
LA_E_5456172,treino_interno
LA_E_5456448,treino_interno
LA_E_5456538,treino_interno
LA_E_5456715,treino_interno
LA_E_5457510,early_stopping
LA_E_5457520,treino_interno
LA_E_5459506,treino_interno
LA_E_5460017,treino_interno
LA_E_5460140,treino_interno
LA_E_5460280,treino_interno
LA_E_5460317,treino_interno
LA_E_5460333,treino_interno
LA_E_5460666,treino_interno
LA_E_5460806,treino_interno
LA_E_5461363,treino_interno
LA_E_5461483,treino_interno
LA_E_5461521,treino_interno
LA_E_5461816,treino_interno
LA_E_5462037,treino_interno
LA_E_5462386,treino_interno
LA_E_5462833,treino_interno
LA_E_5462894,treino_interno
LA_E_5463383,treino_interno
LA_E_5463481,treino_interno
LA_E_5463541,treino_interno
LA_E_5463582,treino_interno
LA_E_5463871,treino_interno
LA_E_5463951,treino_interno
LA_E_5464661,treino_interno
LA_E_5464840,treino_interno
LA_E_5464888,early_stopping
LA_E_5465081,treino_interno
LA_E_5465255,early_stopping
LA_E_5465707,early_stopping
LA_E_5465997,treino_interno
LA_E_5466759,treino_interno
LA_E_5466916,treino_interno
LA_E_5467026,treino_interno
LA_E_5467222,treino_interno
LA_E_5467944,treino_interno
LA_E_5468107,treino_interno
LA_E_5468473,treino_interno
LA_E_5468825,early_stopping
LA_E_5468854,treino_interno
LA_E_5469180,early_stopping
LA_E_5469321,treino_interno
LA_E_5469598,treino_interno
LA_E_5469613,early_stopping
LA_E_5469860,treino_interno
LA_E_5470027,treino_interno
LA_E_5470124,treino_interno
LA_E_5470408,treino_interno
LA_E_5470501,treino_interno
LA_E_5470769,treino_interno
LA_E_5471019,treino_interno
LA_E_5471036,treino_interno
LA_E_5471052,treino_interno
LA_E_5471244,treino_interno
LA_E_5471328,treino_interno
LA_E_5471787,treino_interno
LA_E_5471897,treino_interno
LA_E_5472110,treino_interno
LA_E_5472383,treino_interno
LA_E_5472900,early_stopping
LA_E_5472931,treino_interno
LA_E_5473079,treino_interno
LA_E_5473312,early_stopping
LA_E_5473456,treino_interno
LA_E_5473905,treino_interno
LA_E_5474199,treino_interno
LA_E_5474442,treino_interno
LA_E_5474467,treino_interno
LA_E_5474477,treino_interno
LA_E_5475272,treino_interno
LA_E_5475488,treino_interno
LA_E_5475501,treino_interno
LA_E_5476444,treino_interno
LA_E_5476821,treino_interno
LA_E_5476978,treino_interno
LA_E_5477881,treino_interno
LA_E_5477982,treino_interno
LA_E_5478117,treino_interno
LA_E_5478282,treino_interno
LA_E_5479952,treino_interno
LA_E_5480352,treino_interno
LA_E_5480354,treino_interno
LA_E_5480486,early_stopping
LA_E_5480751,treino_interno
LA_E_5480782,treino_interno
LA_E_5481187,treino_interno
LA_E_5481195,treino_interno
LA_E_5481323,treino_interno
LA_E_5481384,treino_interno
LA_E_5481663,treino_interno
LA_E_5481759,treino_interno
LA_E_5481763,treino_interno
LA_E_5481862,treino_interno
LA_E_5481916,treino_interno
LA_E_5482225,treino_interno
LA_E_5483354,treino_interno
LA_E_5484098,treino_interno
LA_E_5484326,treino_interno
LA_E_5484399,treino_interno
LA_E_5484421,treino_interno
LA_E_5484721,treino_interno
LA_E_5484998,treino_interno
LA_E_5485902,treino_interno
LA_E_5486084,treino_interno
LA_E_5486208,treino_interno
LA_E_5486718,treino_interno
LA_E_5487492,treino_interno
LA_E_5488305,treino_interno
LA_E_5488415,treino_interno
LA_E_5489031,treino_interno
LA_E_5489135,early_stopping
LA_E_5489214,treino_interno
LA_E_5490229,treino_interno
LA_E_5490290,treino_interno
LA_E_5490369,treino_interno
LA_E_5490465,treino_interno
LA_E_5490503,treino_interno
LA_E_5490617,treino_interno
LA_E_5490888,early_stopping
LA_E_5490994,treino_interno
LA_E_5491055,treino_interno
LA_E_5491346,early_stopping
LA_E_5491462,treino_interno
LA_E_5491958,treino_interno
LA_E_5492974,treino_interno
LA_E_5493128,treino_interno
LA_E_5493144,treino_interno
LA_E_5493389,treino_interno
LA_E_5494047,treino_interno
LA_E_5494122,treino_interno
LA_E_5495004,treino_interno
LA_E_5495082,treino_interno
LA_E_5495346,treino_interno
LA_E_5495588,treino_interno
LA_E_5495617,treino_interno
LA_E_5495673,treino_interno
LA_E_5495716,treino_interno
LA_E_5495835,treino_interno
LA_E_5496153,treino_interno
LA_E_5496312,treino_interno
LA_E_5496318,treino_interno
LA_E_5496341,treino_interno
LA_E_5496581,treino_interno
LA_E_5496815,treino_interno
LA_E_5497370,treino_interno
LA_E_5497734,treino_interno
LA_E_5498841,treino_interno
LA_E_5498883,treino_interno
LA_E_5499636,early_stopping
LA_E_5499667,treino_interno
LA_E_5499756,treino_interno
LA_E_5500272,treino_interno
LA_E_5500942,treino_interno
LA_E_5501604,treino_interno
LA_E_5501736,treino_interno
LA_E_5502790,treino_interno
LA_E_5503007,treino_interno
LA_E_5503122,treino_interno
LA_E_5503225,early_stopping
LA_E_5503339,treino_interno
LA_E_5504440,treino_interno
LA_E_5504668,treino_interno
LA_E_5504951,treino_interno
LA_E_5505055,treino_interno
LA_E_5505256,treino_interno
LA_E_5505312,treino_interno
LA_E_5505370,treino_interno
LA_E_5505443,treino_interno
LA_E_5505557,treino_interno
LA_E_5505760,early_stopping
LA_E_5506612,treino_interno
LA_E_5506685,treino_interno
LA_E_5507004,treino_interno
LA_E_5507088,early_stopping
LA_E_5507484,treino_interno
LA_E_5507787,treino_interno
LA_E_5507984,early_stopping
LA_E_5508119,treino_interno
LA_E_5508373,treino_interno
LA_E_5509107,early_stopping
LA_E_5509127,treino_interno
LA_E_5509264,treino_interno
LA_E_5509486,treino_interno
LA_E_5510222,treino_interno
LA_E_5510242,treino_interno
LA_E_5510365,treino_interno
LA_E_5510410,treino_interno
LA_E_5510419,treino_interno
LA_E_5510728,treino_interno
LA_E_5511225,treino_interno
LA_E_5511410,treino_interno
LA_E_5511450,treino_interno
LA_E_5511750,treino_interno
LA_E_5512283,treino_interno
LA_E_5512458,early_stopping
LA_E_5512470,treino_interno
LA_E_5512615,early_stopping
LA_E_5512691,treino_interno
LA_E_5513209,treino_interno
LA_E_5513222,treino_interno
LA_E_5513373,treino_interno
LA_E_5513934,treino_interno
LA_E_5514253,treino_interno
LA_E_5514323,treino_interno
LA_E_5514443,treino_interno
LA_E_5514553,treino_interno
LA_E_5515809,early_stopping
LA_E_5516017,early_stopping
LA_E_5516419,treino_interno
LA_E_5516446,treino_interno
LA_E_5516506,treino_interno
LA_E_5516591,treino_interno
LA_E_5516992,treino_interno
LA_E_5517242,treino_interno
LA_E_5517690,treino_interno
LA_E_5517692,early_stopping
LA_E_5518100,treino_interno
LA_E_5519043,treino_interno
LA_E_5519184,treino_interno
LA_E_5519526,treino_interno
LA_E_5519736,treino_interno
LA_E_5520099,treino_interno
LA_E_5520112,treino_interno
LA_E_5520283,treino_interno
LA_E_5520666,treino_interno
LA_E_5520755,treino_interno
LA_E_5520881,treino_interno
LA_E_5521177,treino_interno
LA_E_5521286,treino_interno
LA_E_5521340,treino_interno
LA_E_5521715,treino_interno
LA_E_5521830,treino_interno
LA_E_5521905,treino_interno
LA_E_5522021,treino_interno
LA_E_5522069,early_stopping
LA_E_5522311,treino_interno
LA_E_5522646,treino_interno
LA_E_5522878,treino_interno
LA_E_5523085,treino_interno
LA_E_5523111,treino_interno
LA_E_5524346,treino_interno
LA_E_5524747,treino_interno
LA_E_5524894,early_stopping
LA_E_5524957,treino_interno
LA_E_5524969,treino_interno
LA_E_5525065,treino_interno
LA_E_5525746,treino_interno
LA_E_5525764,treino_interno
LA_E_5525869,treino_interno
LA_E_5525948,treino_interno
LA_E_5526027,early_stopping
LA_E_5526130,treino_interno
LA_E_5526211,treino_interno
LA_E_5526221,early_stopping
LA_E_5526370,early_stopping
LA_E_5526571,treino_interno
LA_E_5526579,treino_interno
LA_E_5526631,treino_interno
LA_E_5526995,early_stopping
LA_E_5527109,treino_interno
LA_E_5527225,treino_interno
LA_E_5527395,treino_interno
LA_E_5527561,treino_interno
LA_E_5527815,early_stopping
LA_E_5528424,treino_interno
LA_E_5528852,treino_interno
LA_E_5528912,treino_interno
LA_E_5529044,treino_interno
LA_E_5529584,treino_interno
LA_E_5529883,treino_interno
LA_E_5530142,treino_interno
LA_E_5530409,early_stopping
LA_E_5530866,treino_interno
LA_E_5531000,treino_interno
LA_E_5531039,treino_interno
LA_E_5531510,treino_interno
LA_E_5531552,treino_interno
LA_E_5531821,treino_interno
LA_E_5531940,treino_interno
LA_E_5532204,early_stopping
LA_E_5532210,treino_interno
LA_E_5532474,treino_interno
LA_E_5532851,treino_interno
LA_E_5533177,treino_interno
LA_E_5533360,treino_interno
LA_E_5533628,treino_interno
LA_E_5534193,treino_interno
LA_E_5534249,treino_interno
LA_E_5535051,treino_interno
LA_E_5535409,treino_interno
LA_E_5535429,treino_interno
LA_E_5535599,treino_interno
LA_E_5535652,treino_interno
LA_E_5536217,treino_interno
LA_E_5536516,early_stopping
LA_E_5536991,treino_interno
LA_E_5537068,treino_interno
LA_E_5537327,treino_interno
LA_E_5537638,treino_interno
LA_E_5538721,treino_interno
LA_E_5538751,treino_interno
LA_E_5538827,early_stopping
LA_E_5538859,treino_interno
LA_E_5539045,treino_interno
LA_E_5539226,treino_interno
LA_E_5539481,treino_interno
LA_E_5539914,treino_interno
LA_E_5540137,treino_interno
LA_E_5540312,treino_interno
LA_E_5540340,treino_interno
LA_E_5540797,treino_interno
LA_E_5541002,treino_interno
LA_E_5541055,treino_interno
LA_E_5541127,treino_interno
LA_E_5541396,early_stopping
LA_E_5541564,treino_interno
LA_E_5541934,treino_interno
LA_E_5542200,treino_interno
LA_E_5543173,treino_interno
LA_E_5543191,treino_interno
LA_E_5543792,treino_interno
LA_E_5543976,treino_interno
LA_E_5544041,treino_interno
LA_E_5544172,treino_interno
LA_E_5544426,treino_interno
LA_E_5544526,early_stopping
LA_E_5545282,treino_interno
LA_E_5545324,treino_interno
LA_E_5545377,treino_interno
LA_E_5545423,treino_interno
LA_E_5545451,treino_interno
LA_E_5546311,treino_interno
LA_E_5546810,treino_interno
LA_E_5548013,treino_interno
LA_E_5548587,treino_interno
LA_E_5549124,treino_interno
LA_E_5549268,treino_interno
LA_E_5549467,treino_interno
LA_E_5549699,treino_interno
LA_E_5549757,early_stopping
LA_E_5549780,treino_interno
LA_E_5549912,treino_interno
LA_E_5550029,treino_interno
LA_E_5550050,treino_interno
LA_E_5550134,treino_interno
LA_E_5551005,treino_interno
LA_E_5551756,treino_interno
LA_E_5552671,treino_interno
LA_E_5552781,treino_interno
LA_E_5552954,treino_interno
LA_E_5553347,treino_interno
LA_E_5553436,treino_interno
LA_E_5554027,treino_interno
LA_E_5554033,treino_interno
LA_E_5554519,treino_interno
LA_E_5554597,treino_interno
LA_E_5554869,treino_interno
LA_E_5556034,treino_interno
LA_E_5556173,treino_interno
LA_E_5556323,treino_interno
LA_E_5557160,treino_interno
LA_E_5557162,treino_interno
LA_E_5557226,treino_interno
LA_E_5557342,early_stopping
LA_E_5557408,treino_interno
LA_E_5557863,treino_interno
LA_E_5558048,treino_interno
LA_E_5558065,treino_interno
LA_E_5558459,treino_interno
LA_E_5558657,early_stopping
LA_E_5558935,treino_interno
LA_E_5559439,treino_interno
LA_E_5559606,treino_interno
LA_E_5560149,treino_interno
LA_E_5560381,treino_interno
LA_E_5560505,treino_interno
LA_E_5560541,treino_interno
LA_E_5560898,treino_interno
LA_E_5561257,treino_interno
LA_E_5561513,treino_interno
LA_E_5561716,treino_interno
LA_E_5561737,treino_interno
LA_E_5561959,treino_interno
LA_E_5562056,treino_interno
LA_E_5563281,treino_interno
LA_E_5563297,treino_interno
LA_E_5563313,treino_interno
LA_E_5563329,treino_interno
LA_E_5563455,early_stopping
LA_E_5563526,treino_interno
LA_E_5563566,treino_interno
LA_E_5563597,treino_interno
LA_E_5563837,treino_interno
LA_E_5564159,treino_interno
LA_E_5564275,treino_interno
LA_E_5564407,treino_interno
LA_E_5564577,treino_interno
LA_E_5565126,treino_interno
LA_E_5565342,early_stopping
LA_E_5565396,treino_interno
LA_E_5566102,treino_interno
LA_E_5566195,treino_interno
LA_E_5566596,treino_interno
LA_E_5567073,treino_interno
LA_E_5567550,treino_interno
LA_E_5567958,treino_interno
LA_E_5568062,treino_interno
LA_E_5568231,treino_interno
LA_E_5568516,treino_interno
LA_E_5568575,treino_interno
LA_E_5568889,treino_interno
LA_E_5569098,treino_interno
LA_E_5569800,treino_interno
LA_E_5570001,treino_interno
LA_E_5570055,treino_interno
LA_E_5570618,treino_interno
LA_E_5570724,treino_interno
LA_E_5570838,treino_interno
LA_E_5570882,treino_interno
LA_E_5571348,treino_interno
LA_E_5571618,treino_interno
LA_E_5571665,treino_interno
LA_E_5571846,treino_interno
LA_E_5572222,treino_interno
LA_E_5572339,treino_interno
LA_E_5572740,treino_interno
LA_E_5572968,early_stopping
LA_E_5573724,treino_interno
LA_E_5573745,treino_interno
LA_E_5573825,treino_interno
LA_E_5573928,treino_interno
LA_E_5574439,treino_interno
LA_E_5574481,treino_interno
LA_E_5574812,treino_interno
LA_E_5575209,early_stopping
LA_E_5575421,treino_interno
LA_E_5575672,treino_interno
LA_E_5576214,treino_interno
LA_E_5576243,treino_interno
LA_E_5576246,treino_interno
LA_E_5576259,treino_interno
LA_E_5576394,treino_interno
LA_E_5576399,treino_interno
LA_E_5576667,treino_interno
LA_E_5576678,treino_interno
LA_E_5576754,treino_interno
LA_E_5577019,treino_interno
LA_E_5577584,treino_interno
LA_E_5578325,treino_interno
LA_E_5578573,treino_interno
LA_E_5578853,treino_interno
LA_E_5579426,early_stopping
LA_E_5579820,treino_interno
LA_E_5579978,treino_interno
LA_E_5580538,treino_interno
LA_E_5580555,treino_interno
LA_E_5580938,treino_interno
LA_E_5581810,treino_interno
LA_E_5582122,treino_interno
LA_E_5582409,treino_interno
LA_E_5582604,treino_interno
LA_E_5582835,early_stopping
LA_E_5582879,treino_interno
LA_E_5582907,treino_interno
LA_E_5583104,treino_interno
LA_E_5583119,treino_interno
LA_E_5583720,treino_interno
LA_E_5584297,treino_interno
LA_E_5584371,early_stopping
LA_E_5584576,treino_interno
LA_E_5585142,treino_interno
LA_E_5585300,treino_interno
LA_E_5585435,treino_interno
LA_E_5585600,treino_interno
LA_E_5585765,treino_interno
LA_E_5586993,treino_interno
LA_E_5587220,treino_interno
LA_E_5587346,treino_interno
LA_E_5587491,treino_interno
LA_E_5588312,treino_interno
LA_E_5588397,treino_interno
LA_E_5589336,treino_interno
LA_E_5589506,treino_interno
LA_E_5589718,treino_interno
LA_E_5591117,treino_interno
LA_E_5591201,treino_interno
LA_E_5591714,early_stopping
LA_E_5591744,treino_interno
LA_E_5591909,early_stopping
LA_E_5592008,treino_interno
LA_E_5592374,treino_interno
LA_E_5592729,treino_interno
LA_E_5592806,treino_interno
LA_E_5593027,treino_interno
LA_E_5593325,treino_interno
LA_E_5593362,treino_interno
LA_E_5593441,early_stopping
LA_E_5594045,treino_interno
LA_E_5594114,early_stopping
LA_E_5594897,treino_interno
LA_E_5595263,treino_interno
LA_E_5595381,treino_interno
LA_E_5595829,treino_interno
LA_E_5596057,treino_interno
LA_E_5596431,treino_interno
LA_E_5596528,early_stopping
LA_E_5596583,treino_interno
LA_E_5596634,early_stopping
LA_E_5597299,treino_interno
LA_E_5597512,treino_interno
LA_E_5597580,treino_interno
LA_E_5597702,treino_interno
LA_E_5598551,treino_interno
LA_E_5598660,treino_interno
LA_E_5599056,treino_interno
LA_E_5599571,treino_interno
LA_E_5600180,treino_interno
LA_E_5600766,treino_interno
LA_E_5601219,treino_interno
LA_E_5601230,early_stopping
LA_E_5601276,treino_interno
LA_E_5601497,early_stopping
LA_E_5601593,treino_interno
LA_E_5601619,treino_interno
LA_E_5602096,treino_interno
LA_E_5602516,treino_interno
LA_E_5602575,treino_interno
LA_E_5602849,treino_interno
LA_E_5603414,treino_interno
LA_E_5603550,treino_interno
LA_E_5603580,treino_interno
LA_E_5603881,treino_interno
LA_E_5604331,treino_interno
LA_E_5604405,treino_interno
LA_E_5605342,treino_interno
LA_E_5605575,treino_interno
LA_E_5605716,treino_interno
LA_E_5605844,treino_interno
LA_E_5605945,treino_interno
LA_E_5606029,treino_interno
LA_E_5606155,treino_interno
LA_E_5606803,treino_interno
LA_E_5606909,treino_interno
LA_E_5608453,treino_interno
LA_E_5608473,treino_interno
LA_E_5608878,treino_interno
LA_E_5608916,early_stopping
LA_E_5609432,treino_interno
LA_E_5609503,treino_interno
LA_E_5610068,treino_interno
LA_E_5610212,early_stopping
LA_E_5610360,treino_interno
LA_E_5611035,treino_interno
LA_E_5611773,treino_interno
LA_E_5612105,treino_interno
LA_E_5612348,treino_interno
LA_E_5612408,treino_interno
LA_E_5613476,treino_interno
LA_E_5613610,treino_interno
LA_E_5613655,early_stopping
LA_E_5613657,treino_interno
LA_E_5613721,treino_interno
LA_E_5614350,early_stopping
LA_E_5614383,treino_interno
LA_E_5614639,treino_interno
LA_E_5615576,treino_interno
LA_E_5615704,treino_interno
LA_E_5615758,treino_interno
LA_E_5616954,treino_interno
LA_E_5616965,treino_interno
LA_E_5617082,treino_interno
LA_E_5617227,treino_interno
LA_E_5617385,treino_interno
LA_E_5617532,treino_interno
LA_E_5618056,treino_interno
LA_E_5618538,early_stopping
LA_E_5619634,treino_interno
LA_E_5619909,early_stopping
LA_E_5620208,treino_interno
LA_E_5620222,treino_interno
LA_E_5620281,treino_interno
LA_E_5620318,treino_interno
LA_E_5620382,treino_interno
LA_E_5620393,treino_interno
LA_E_5620425,early_stopping
LA_E_5620883,treino_interno
LA_E_5620974,treino_interno
LA_E_5621400,treino_interno
LA_E_5622245,treino_interno
LA_E_5622435,treino_interno
LA_E_5622737,treino_interno
LA_E_5622973,treino_interno
LA_E_5623344,treino_interno
LA_E_5623400,treino_interno
LA_E_5623897,treino_interno
LA_E_5624081,treino_interno
LA_E_5624439,treino_interno
LA_E_5624553,treino_interno
LA_E_5625257,early_stopping
LA_E_5625633,treino_interno
LA_E_5625635,treino_interno
LA_E_5625723,treino_interno
LA_E_5625746,treino_interno
LA_E_5626017,treino_interno
LA_E_5626589,treino_interno
LA_E_5626598,treino_interno
LA_E_5626962,treino_interno
LA_E_5627284,early_stopping
LA_E_5627352,treino_interno
LA_E_5627698,early_stopping
LA_E_5627732,treino_interno
LA_E_5628357,treino_interno
LA_E_5628522,treino_interno
LA_E_5629132,treino_interno
LA_E_5629264,treino_interno
LA_E_5630142,treino_interno
LA_E_5630552,treino_interno
LA_E_5631521,early_stopping
LA_E_5631705,treino_interno
LA_E_5632523,treino_interno
LA_E_5633253,treino_interno
LA_E_5633446,treino_interno
LA_E_5634330,early_stopping
LA_E_5635417,treino_interno
LA_E_5636141,treino_interno
LA_E_5636310,early_stopping
LA_E_5637405,treino_interno
LA_E_5637626,treino_interno
LA_E_5637833,treino_interno
LA_E_5638274,early_stopping
LA_E_5638665,treino_interno
LA_E_5638748,treino_interno
LA_E_5638830,treino_interno
LA_E_5638834,treino_interno
LA_E_5639451,treino_interno
LA_E_5639576,treino_interno
LA_E_5640299,treino_interno
LA_E_5640312,treino_interno
LA_E_5640627,treino_interno
LA_E_5641065,treino_interno
LA_E_5641710,treino_interno
LA_E_5641713,treino_interno
LA_E_5642942,treino_interno
LA_E_5643015,treino_interno
LA_E_5643178,treino_interno
LA_E_5643292,treino_interno
LA_E_5643710,treino_interno
LA_E_5644209,treino_interno
LA_E_5644344,treino_interno
LA_E_5644700,treino_interno
LA_E_5644825,treino_interno
LA_E_5644990,treino_interno
LA_E_5645063,treino_interno
LA_E_5645384,treino_interno
LA_E_5645385,treino_interno
LA_E_5645666,treino_interno
LA_E_5645937,treino_interno
LA_E_5646176,treino_interno
LA_E_5646835,treino_interno
LA_E_5647207,treino_interno
LA_E_5647217,treino_interno
LA_E_5647294,treino_interno
LA_E_5647410,treino_interno
LA_E_5647489,treino_interno
LA_E_5647607,treino_interno
LA_E_5647850,early_stopping
LA_E_5647934,treino_interno
LA_E_5648190,treino_interno
LA_E_5648853,treino_interno
LA_E_5649060,treino_interno
LA_E_5649325,treino_interno
LA_E_5649984,treino_interno
LA_E_5650008,treino_interno
LA_E_5650696,treino_interno
LA_E_5651046,treino_interno
LA_E_5651150,treino_interno
LA_E_5652331,treino_interno
LA_E_5653091,treino_interno
LA_E_5653112,treino_interno
LA_E_5653137,early_stopping
LA_E_5653521,treino_interno
LA_E_5653682,treino_interno
LA_E_5653818,treino_interno
LA_E_5654133,treino_interno
LA_E_5654428,early_stopping
LA_E_5654835,treino_interno
LA_E_5654946,early_stopping
LA_E_5654965,treino_interno
LA_E_5654976,treino_interno
LA_E_5655000,treino_interno
LA_E_5655030,treino_interno
LA_E_5655121,treino_interno
LA_E_5655267,treino_interno
LA_E_5655826,treino_interno
LA_E_5655958,treino_interno
LA_E_5656063,treino_interno
LA_E_5656220,treino_interno
LA_E_5656270,treino_interno
LA_E_5656478,treino_interno
LA_E_5656631,treino_interno
LA_E_5657936,treino_interno
LA_E_5658129,treino_interno
LA_E_5658287,treino_interno
LA_E_5658574,treino_interno
LA_E_5658614,treino_interno
LA_E_5658651,early_stopping
LA_E_5658659,treino_interno
LA_E_5658970,treino_interno
LA_E_5659018,early_stopping
LA_E_5659857,treino_interno
LA_E_5660024,treino_interno
LA_E_5660301,treino_interno
LA_E_5661503,treino_interno
LA_E_5662107,treino_interno
LA_E_5662551,treino_interno
LA_E_5662896,treino_interno
LA_E_5663520,treino_interno
LA_E_5663565,treino_interno
LA_E_5663792,treino_interno
LA_E_5664126,treino_interno
LA_E_5664231,treino_interno
LA_E_5664444,treino_interno
LA_E_5664691,treino_interno
LA_E_5665058,treino_interno
LA_E_5665072,treino_interno
LA_E_5665471,early_stopping
LA_E_5665542,early_stopping
LA_E_5666256,early_stopping
LA_E_5666323,treino_interno
LA_E_5666429,treino_interno
LA_E_5666565,treino_interno
LA_E_5666706,treino_interno
LA_E_5667038,treino_interno
LA_E_5667139,early_stopping
LA_E_5667161,treino_interno
LA_E_5668322,treino_interno
LA_E_5668684,treino_interno
LA_E_5668927,treino_interno
LA_E_5669217,treino_interno
LA_E_5669787,treino_interno
LA_E_5669840,treino_interno
LA_E_5669848,treino_interno
LA_E_5670130,treino_interno
LA_E_5670548,treino_interno
LA_E_5671012,treino_interno
LA_E_5671200,treino_interno
LA_E_5671220,treino_interno
LA_E_5672717,treino_interno
LA_E_5673078,treino_interno
LA_E_5673181,treino_interno
LA_E_5673970,treino_interno
LA_E_5674174,treino_interno
LA_E_5674504,treino_interno
LA_E_5674601,treino_interno
LA_E_5674617,treino_interno
LA_E_5675302,treino_interno
LA_E_5675402,treino_interno
LA_E_5675626,treino_interno
LA_E_5676014,treino_interno
LA_E_5676949,treino_interno
LA_E_5677770,treino_interno
LA_E_5677897,treino_interno
LA_E_5677977,treino_interno
LA_E_5678041,treino_interno
LA_E_5678151,treino_interno
LA_E_5678365,treino_interno
LA_E_5678642,treino_interno
LA_E_5678958,early_stopping
LA_E_5679028,treino_interno
LA_E_5679360,treino_interno
LA_E_5679758,treino_interno
LA_E_5679826,treino_interno
LA_E_5680511,early_stopping
LA_E_5680866,early_stopping
LA_E_5680872,treino_interno
LA_E_5680884,treino_interno
LA_E_5680930,treino_interno
LA_E_5681434,treino_interno
LA_E_5681738,treino_interno
LA_E_5681808,treino_interno
LA_E_5682531,treino_interno
LA_E_5682566,treino_interno
LA_E_5682583,treino_interno
LA_E_5682952,treino_interno
LA_E_5683880,treino_interno
LA_E_5683947,treino_interno
LA_E_5684074,early_stopping
LA_E_5684095,treino_interno
LA_E_5684274,treino_interno
LA_E_5684623,treino_interno
LA_E_5685432,treino_interno
LA_E_5685544,treino_interno
LA_E_5685549,treino_interno
LA_E_5685728,treino_interno
LA_E_5685882,treino_interno
LA_E_5686650,early_stopping
LA_E_5687110,treino_interno
LA_E_5687282,treino_interno
LA_E_5687495,treino_interno
LA_E_5687848,treino_interno
LA_E_5688255,treino_interno
LA_E_5689629,treino_interno
LA_E_5689813,treino_interno
LA_E_5690169,treino_interno
LA_E_5690469,early_stopping
LA_E_5690544,early_stopping
LA_E_5690575,treino_interno
LA_E_5690730,treino_interno
LA_E_5691686,treino_interno
LA_E_5692508,treino_interno
LA_E_5693214,early_stopping
LA_E_5693334,treino_interno
LA_E_5694104,treino_interno
LA_E_5694211,treino_interno
LA_E_5694575,treino_interno
LA_E_5694891,treino_interno
LA_E_5694898,treino_interno
LA_E_5694911,early_stopping
LA_E_5694922,treino_interno
LA_E_5695161,treino_interno
LA_E_5695389,treino_interno
LA_E_5695628,treino_interno
LA_E_5695735,treino_interno
LA_E_5696090,treino_interno
LA_E_5696529,early_stopping
LA_E_5697104,treino_interno
LA_E_5697514,early_stopping
LA_E_5697851,treino_interno
LA_E_5697982,treino_interno
LA_E_5698113,treino_interno
LA_E_5698199,treino_interno
LA_E_5698482,treino_interno
LA_E_5698732,treino_interno
LA_E_5698805,treino_interno
LA_E_5699098,treino_interno
LA_E_5699337,early_stopping
LA_E_5699600,treino_interno
LA_E_5699988,treino_interno
LA_E_5700808,treino_interno
LA_E_5701163,treino_interno
LA_E_5701430,treino_interno
LA_E_5701624,treino_interno
LA_E_5701896,treino_interno
LA_E_5702213,treino_interno
LA_E_5702233,treino_interno
LA_E_5702384,treino_interno
LA_E_5702445,treino_interno
LA_E_5702777,treino_interno
LA_E_5703187,treino_interno
LA_E_5703414,treino_interno
LA_E_5703428,treino_interno
LA_E_5703442,treino_interno
LA_E_5703668,early_stopping
LA_E_5704192,treino_interno
LA_E_5704535,treino_interno
LA_E_5704625,treino_interno
LA_E_5704739,treino_interno
LA_E_5704907,early_stopping
LA_E_5704910,treino_interno
LA_E_5705253,treino_interno
LA_E_5705885,treino_interno
LA_E_5706035,treino_interno
LA_E_5706176,treino_interno
LA_E_5706236,treino_interno
LA_E_5706390,treino_interno
LA_E_5706414,early_stopping
LA_E_5706652,treino_interno
LA_E_5706717,early_stopping
LA_E_5707241,treino_interno
LA_E_5708107,treino_interno
LA_E_5708506,treino_interno
LA_E_5708891,treino_interno
LA_E_5709358,early_stopping
LA_E_5709523,treino_interno
LA_E_5709658,treino_interno
LA_E_5710471,treino_interno
LA_E_5711085,treino_interno
LA_E_5711666,treino_interno
LA_E_5712742,treino_interno
LA_E_5713185,treino_interno
LA_E_5713448,early_stopping
LA_E_5713667,treino_interno
LA_E_5714017,treino_interno
LA_E_5714114,treino_interno
LA_E_5714193,treino_interno
LA_E_5714239,treino_interno
LA_E_5714422,early_stopping
LA_E_5714469,treino_interno
LA_E_5714908,treino_interno
LA_E_5714932,treino_interno
LA_E_5715553,treino_interno
LA_E_5715850,treino_interno
LA_E_5715885,treino_interno
LA_E_5716314,treino_interno
LA_E_5716320,treino_interno
LA_E_5716333,treino_interno
LA_E_5716362,treino_interno
LA_E_5716413,treino_interno
LA_E_5716768,treino_interno
LA_E_5717141,treino_interno
LA_E_5717397,treino_interno
LA_E_5717404,treino_interno
LA_E_5717805,treino_interno
LA_E_5718176,treino_interno
LA_E_5718678,treino_interno
LA_E_5718799,early_stopping
LA_E_5719021,treino_interno
LA_E_5719404,treino_interno
LA_E_5719674,treino_interno
LA_E_5719769,treino_interno
LA_E_5719831,early_stopping
LA_E_5720006,treino_interno
LA_E_5720027,treino_interno
LA_E_5720089,treino_interno
LA_E_5721148,treino_interno
LA_E_5721377,early_stopping
LA_E_5721750,treino_interno
LA_E_5721833,treino_interno
LA_E_5722467,treino_interno
LA_E_5723096,early_stopping
LA_E_5723361,treino_interno
LA_E_5723848,early_stopping
LA_E_5724023,treino_interno
LA_E_5724051,treino_interno
LA_E_5724430,treino_interno
LA_E_5724624,treino_interno
LA_E_5724898,early_stopping
LA_E_5725314,treino_interno
LA_E_5725977,treino_interno
LA_E_5727005,treino_interno
LA_E_5728023,treino_interno
LA_E_5728103,treino_interno
LA_E_5728414,treino_interno
LA_E_5728559,treino_interno
LA_E_5728872,treino_interno
LA_E_5729165,treino_interno
LA_E_5729568,treino_interno
LA_E_5729738,treino_interno
LA_E_5729778,treino_interno
LA_E_5729787,treino_interno
LA_E_5729843,treino_interno
LA_E_5729897,treino_interno
LA_E_5729961,treino_interno
LA_E_5730146,treino_interno
LA_E_5730347,treino_interno
LA_E_5730964,treino_interno
LA_E_5731130,treino_interno
LA_E_5731223,treino_interno
LA_E_5731495,treino_interno
LA_E_5731515,early_stopping
LA_E_5732198,treino_interno
LA_E_5732279,early_stopping
LA_E_5732395,treino_interno
LA_E_5732409,treino_interno
LA_E_5732803,treino_interno
LA_E_5732862,treino_interno
LA_E_5732970,treino_interno
LA_E_5733004,treino_interno
LA_E_5734025,treino_interno
LA_E_5735094,treino_interno
LA_E_5735422,treino_interno
LA_E_5735639,early_stopping
LA_E_5735668,treino_interno
LA_E_5736558,treino_interno
LA_E_5737412,treino_interno
LA_E_5737477,treino_interno
LA_E_5737672,treino_interno
LA_E_5737851,early_stopping
LA_E_5738437,treino_interno
LA_E_5738562,treino_interno
LA_E_5738634,treino_interno
LA_E_5738669,treino_interno
LA_E_5738761,treino_interno
LA_E_5739325,treino_interno
LA_E_5739341,treino_interno
LA_E_5739965,treino_interno
LA_E_5740494,treino_interno
LA_E_5741190,treino_interno
LA_E_5741413,treino_interno
LA_E_5741761,treino_interno
LA_E_5741961,treino_interno
LA_E_5742716,treino_interno
LA_E_5743079,treino_interno
LA_E_5743409,treino_interno
LA_E_5743485,treino_interno
LA_E_5743712,early_stopping
LA_E_5744227,treino_interno
LA_E_5744311,treino_interno
LA_E_5744363,treino_interno
LA_E_5744950,treino_interno
LA_E_5745095,treino_interno
LA_E_5745486,treino_interno
LA_E_5746072,treino_interno
LA_E_5746674,treino_interno
LA_E_5746758,early_stopping
LA_E_5747369,treino_interno
LA_E_5747465,treino_interno
LA_E_5747834,early_stopping
LA_E_5748619,treino_interno
LA_E_5748843,treino_interno
LA_E_5748896,treino_interno
LA_E_5749058,treino_interno
LA_E_5749301,treino_interno
LA_E_5749731,treino_interno
LA_E_5750007,treino_interno
LA_E_5750117,treino_interno
LA_E_5750203,treino_interno
LA_E_5750536,treino_interno
LA_E_5751268,treino_interno
LA_E_5751670,treino_interno
LA_E_5752534,treino_interno
LA_E_5752601,treino_interno
LA_E_5753965,treino_interno
LA_E_5754407,treino_interno
LA_E_5754894,treino_interno
LA_E_5755105,treino_interno
LA_E_5755205,treino_interno
LA_E_5755360,treino_interno
LA_E_5755840,treino_interno
LA_E_5755881,treino_interno
LA_E_5755901,treino_interno
LA_E_5755978,treino_interno
LA_E_5756101,treino_interno
LA_E_5756260,treino_interno
LA_E_5756586,treino_interno
LA_E_5757026,treino_interno
LA_E_5757229,treino_interno
LA_E_5757388,treino_interno
LA_E_5757628,treino_interno
LA_E_5757955,early_stopping
LA_E_5758071,treino_interno
LA_E_5758324,treino_interno
LA_E_5758361,treino_interno
LA_E_5758706,treino_interno
LA_E_5759282,treino_interno
LA_E_5759368,treino_interno
LA_E_5759636,early_stopping
LA_E_5759690,treino_interno
LA_E_5759779,treino_interno
LA_E_5760041,treino_interno
LA_E_5760191,treino_interno
LA_E_5760308,treino_interno
LA_E_5761221,treino_interno
LA_E_5761554,early_stopping
LA_E_5761751,treino_interno
LA_E_5762019,treino_interno
LA_E_5762420,treino_interno
LA_E_5762943,treino_interno
LA_E_5763191,treino_interno
LA_E_5763417,treino_interno
LA_E_5763657,treino_interno
LA_E_5763724,treino_interno
LA_E_5763904,treino_interno
LA_E_5763939,treino_interno
LA_E_5764054,treino_interno
LA_E_5764634,treino_interno
LA_E_5764639,treino_interno
LA_E_5764791,early_stopping
LA_E_5765315,treino_interno
LA_E_5765418,treino_interno
LA_E_5765471,treino_interno
LA_E_5765835,treino_interno
LA_E_5766161,treino_interno
LA_E_5766495,early_stopping
LA_E_5766505,treino_interno
LA_E_5766528,treino_interno
LA_E_5766705,treino_interno
LA_E_5767149,treino_interno
LA_E_5767311,treino_interno
LA_E_5767633,treino_interno
LA_E_5768093,treino_interno
LA_E_5768988,treino_interno
LA_E_5769438,treino_interno
LA_E_5769528,treino_interno
LA_E_5769760,treino_interno
LA_E_5769895,treino_interno
LA_E_5770087,treino_interno
LA_E_5770090,treino_interno
LA_E_5770305,treino_interno
LA_E_5770382,treino_interno
LA_E_5770576,treino_interno
LA_E_5770617,treino_interno
LA_E_5770972,treino_interno
LA_E_5771728,treino_interno
LA_E_5772020,treino_interno
LA_E_5772574,treino_interno
LA_E_5772673,early_stopping
LA_E_5772756,early_stopping
LA_E_5772816,treino_interno
LA_E_5773278,treino_interno
LA_E_5773505,treino_interno
LA_E_5773681,treino_interno
LA_E_5773769,treino_interno
LA_E_5773887,treino_interno
LA_E_5773971,treino_interno
LA_E_5774197,treino_interno
LA_E_5774200,treino_interno
LA_E_5774696,early_stopping
LA_E_5775235,treino_interno
LA_E_5775237,treino_interno
LA_E_5775291,treino_interno
LA_E_5775622,treino_interno
LA_E_5776247,treino_interno
LA_E_5776295,treino_interno
LA_E_5776824,treino_interno
LA_E_5777121,treino_interno
LA_E_5778076,treino_interno
LA_E_5778367,treino_interno
LA_E_5778800,treino_interno
LA_E_5778832,treino_interno
LA_E_5779123,treino_interno
LA_E_5779399,treino_interno
LA_E_5779439,treino_interno
LA_E_5780262,treino_interno
LA_E_5780328,treino_interno
LA_E_5780577,treino_interno
LA_E_5781271,early_stopping
LA_E_5781993,treino_interno
LA_E_5782267,treino_interno
LA_E_5782870,treino_interno
LA_E_5783233,treino_interno
LA_E_5783276,treino_interno
LA_E_5783695,treino_interno
LA_E_5787570,treino_interno
LA_E_5787711,early_stopping
LA_E_5788739,treino_interno
LA_E_5788922,treino_interno
LA_E_5788988,treino_interno
LA_E_5789142,treino_interno
LA_E_5789181,treino_interno
LA_E_5789987,treino_interno
LA_E_5790375,early_stopping
LA_E_5790517,early_stopping
LA_E_5791001,treino_interno
LA_E_5791262,treino_interno
LA_E_5791302,early_stopping
LA_E_5792195,treino_interno
LA_E_5792380,treino_interno
LA_E_5793065,treino_interno
LA_E_5793120,treino_interno
LA_E_5793202,treino_interno
LA_E_5793329,treino_interno
LA_E_5793373,treino_interno
LA_E_5793392,treino_interno
LA_E_5793821,treino_interno
LA_E_5793949,treino_interno
LA_E_5794073,treino_interno
LA_E_5794271,treino_interno
LA_E_5794373,treino_interno
LA_E_5794735,treino_interno
LA_E_5794805,treino_interno
LA_E_5795043,treino_interno
LA_E_5795464,treino_interno
LA_E_5795479,treino_interno
LA_E_5795525,treino_interno
LA_E_5796148,treino_interno
LA_E_5796538,early_stopping
LA_E_5797061,early_stopping
LA_E_5797435,treino_interno
LA_E_5797697,treino_interno
LA_E_5797790,treino_interno
LA_E_5797851,treino_interno
LA_E_5798666,treino_interno
LA_E_5799021,treino_interno
LA_E_5799119,treino_interno
LA_E_5800152,treino_interno
LA_E_5801131,treino_interno
LA_E_5801665,treino_interno
LA_E_5801710,treino_interno
LA_E_5802223,early_stopping
LA_E_5802998,treino_interno
LA_E_5803288,treino_interno
LA_E_5803342,treino_interno
LA_E_5803728,treino_interno
LA_E_5804050,treino_interno
LA_E_5804303,treino_interno
LA_E_5804685,treino_interno
LA_E_5805209,treino_interno
LA_E_5805702,treino_interno
LA_E_5805876,treino_interno
LA_E_5806117,treino_interno
LA_E_5806192,treino_interno
LA_E_5806366,early_stopping
LA_E_5806448,treino_interno
LA_E_5809101,treino_interno
LA_E_5810236,treino_interno
LA_E_5810923,treino_interno
LA_E_5811527,treino_interno
LA_E_5811570,treino_interno
LA_E_5812226,early_stopping
LA_E_5812227,treino_interno
LA_E_5812250,early_stopping
LA_E_5812629,treino_interno
LA_E_5812633,treino_interno
LA_E_5813004,early_stopping
LA_E_5813176,treino_interno
LA_E_5813201,treino_interno
LA_E_5813218,treino_interno
LA_E_5813398,early_stopping
LA_E_5813680,treino_interno
LA_E_5813719,early_stopping
LA_E_5813864,treino_interno
LA_E_5814526,treino_interno
LA_E_5815413,treino_interno
LA_E_5815652,treino_interno
LA_E_5815789,treino_interno
LA_E_5815993,treino_interno
LA_E_5816037,treino_interno
LA_E_5816486,treino_interno
LA_E_5816770,treino_interno
LA_E_5817100,treino_interno
LA_E_5817118,treino_interno
LA_E_5817310,treino_interno
LA_E_5817417,treino_interno
LA_E_5818041,treino_interno
LA_E_5818200,treino_interno
LA_E_5818433,treino_interno
LA_E_5818797,treino_interno
LA_E_5818860,treino_interno
LA_E_5819353,treino_interno
LA_E_5819420,treino_interno
LA_E_5820139,treino_interno
LA_E_5820392,treino_interno
LA_E_5820410,treino_interno
LA_E_5820652,treino_interno
LA_E_5820956,treino_interno
LA_E_5821229,treino_interno
LA_E_5821391,early_stopping
LA_E_5821496,treino_interno
LA_E_5821538,treino_interno
LA_E_5821875,treino_interno
LA_E_5821974,treino_interno
LA_E_5822162,treino_interno
LA_E_5822178,treino_interno
LA_E_5822232,early_stopping
LA_E_5822253,treino_interno
LA_E_5822731,treino_interno
LA_E_5822818,treino_interno
LA_E_5822880,treino_interno
LA_E_5823347,treino_interno
LA_E_5823372,treino_interno
LA_E_5823389,treino_interno
LA_E_5823714,treino_interno
LA_E_5824130,early_stopping
LA_E_5824135,treino_interno
LA_E_5824250,treino_interno
LA_E_5824697,treino_interno
LA_E_5824889,treino_interno
LA_E_5824910,treino_interno
LA_E_5825037,treino_interno
LA_E_5825299,treino_interno
LA_E_5825867,treino_interno
LA_E_5826358,treino_interno
LA_E_5826453,treino_interno
LA_E_5826785,treino_interno
LA_E_5827156,treino_interno
LA_E_5827210,treino_interno
LA_E_5827564,treino_interno
LA_E_5827756,treino_interno
LA_E_5828021,treino_interno
LA_E_5828133,treino_interno
LA_E_5829209,treino_interno
LA_E_5829581,treino_interno
LA_E_5830090,treino_interno
LA_E_5830350,treino_interno
LA_E_5830939,treino_interno
LA_E_5831397,early_stopping
LA_E_5831993,treino_interno
LA_E_5832209,treino_interno
LA_E_5832729,treino_interno
LA_E_5832836,treino_interno
LA_E_5832971,treino_interno
LA_E_5834186,treino_interno
LA_E_5835022,treino_interno
LA_E_5835161,early_stopping
LA_E_5835312,treino_interno
LA_E_5835366,treino_interno
LA_E_5836763,treino_interno
LA_E_5836854,treino_interno
LA_E_5837001,treino_interno
LA_E_5837256,treino_interno
LA_E_5837302,treino_interno
LA_E_5837669,treino_interno
LA_E_5837760,treino_interno
LA_E_5838348,treino_interno
LA_E_5838375,treino_interno
LA_E_5839226,treino_interno
LA_E_5839624,treino_interno
LA_E_5839766,treino_interno
LA_E_5839807,treino_interno
LA_E_5840067,treino_interno
LA_E_5840228,early_stopping
LA_E_5841057,treino_interno
LA_E_5841324,treino_interno
LA_E_5841438,treino_interno
LA_E_5841706,treino_interno
LA_E_5841743,treino_interno
LA_E_5842667,early_stopping
LA_E_5843532,treino_interno
LA_E_5844029,treino_interno
LA_E_5844100,treino_interno
LA_E_5844316,treino_interno
LA_E_5844485,treino_interno
LA_E_5846021,treino_interno
LA_E_5846091,treino_interno
LA_E_5846796,treino_interno
LA_E_5847030,treino_interno
LA_E_5847415,treino_interno
LA_E_5847731,treino_interno
LA_E_5848045,treino_interno
LA_E_5848511,treino_interno
LA_E_5848747,treino_interno
LA_E_5848903,treino_interno
LA_E_5848978,early_stopping
LA_E_5849077,treino_interno
LA_E_5849195,treino_interno
LA_E_5849409,treino_interno
LA_E_5849624,treino_interno
LA_E_5849688,treino_interno
LA_E_5850523,treino_interno
LA_E_5850581,treino_interno
LA_E_5850770,treino_interno
LA_E_5850775,treino_interno
LA_E_5850946,treino_interno
LA_E_5851013,treino_interno
LA_E_5851408,treino_interno
LA_E_5851661,treino_interno
LA_E_5852456,treino_interno
LA_E_5852582,treino_interno
LA_E_5852785,treino_interno
LA_E_5852892,treino_interno
LA_E_5853407,treino_interno
LA_E_5853453,treino_interno
LA_E_5853585,treino_interno
LA_E_5853794,treino_interno
LA_E_5853926,treino_interno
LA_E_5854268,treino_interno
LA_E_5854345,treino_interno
LA_E_5854383,treino_interno
LA_E_5854968,treino_interno
LA_E_5855157,treino_interno
LA_E_5855349,treino_interno
LA_E_5855487,treino_interno
LA_E_5855785,treino_interno
LA_E_5856930,treino_interno
LA_E_5857022,treino_interno
LA_E_5857114,treino_interno
LA_E_5857766,treino_interno
LA_E_5857822,treino_interno
LA_E_5858178,treino_interno
LA_E_5858296,treino_interno
LA_E_5858314,treino_interno
LA_E_5858829,early_stopping
LA_E_5859592,treino_interno
LA_E_5859844,treino_interno
LA_E_5859893,treino_interno
LA_E_5859927,treino_interno
LA_E_5860018,treino_interno
LA_E_5860171,treino_interno
LA_E_5860267,early_stopping
LA_E_5860863,treino_interno
LA_E_5860896,treino_interno
LA_E_5861053,early_stopping
LA_E_5861090,treino_interno
LA_E_5862388,treino_interno
LA_E_5862417,treino_interno
LA_E_5863333,early_stopping
LA_E_5863517,treino_interno
LA_E_5863554,early_stopping
LA_E_5864315,treino_interno
LA_E_5864555,treino_interno
LA_E_5864654,treino_interno
LA_E_5864658,treino_interno
LA_E_5864708,treino_interno
LA_E_5864949,treino_interno
LA_E_5865010,treino_interno
LA_E_5865086,early_stopping
LA_E_5865151,treino_interno
LA_E_5865185,treino_interno
LA_E_5865605,treino_interno
LA_E_5865684,treino_interno
LA_E_5865849,treino_interno
LA_E_5866133,treino_interno
LA_E_5866181,treino_interno
LA_E_5866199,treino_interno
LA_E_5866601,treino_interno
LA_E_5867320,treino_interno
LA_E_5867349,treino_interno
LA_E_5867888,treino_interno
LA_E_5868244,treino_interno
LA_E_5868540,early_stopping
LA_E_5868872,treino_interno
LA_E_5869003,treino_interno
LA_E_5869055,treino_interno
LA_E_5869138,treino_interno
LA_E_5869494,treino_interno
LA_E_5869623,treino_interno
LA_E_5869663,treino_interno
LA_E_5869765,treino_interno
LA_E_5869908,treino_interno
LA_E_5870111,treino_interno
LA_E_5870761,treino_interno
LA_E_5871359,treino_interno
LA_E_5871397,treino_interno
LA_E_5871414,treino_interno
LA_E_5871458,treino_interno
LA_E_5871578,treino_interno
LA_E_5871759,treino_interno
LA_E_5872042,treino_interno
LA_E_5872667,treino_interno
LA_E_5872762,treino_interno
LA_E_5872870,treino_interno
LA_E_5873269,treino_interno
LA_E_5873445,treino_interno
LA_E_5873467,treino_interno
LA_E_5873627,treino_interno
LA_E_5873856,treino_interno
LA_E_5874419,treino_interno
LA_E_5874717,treino_interno
LA_E_5874724,treino_interno
LA_E_5875743,treino_interno
LA_E_5875953,early_stopping
LA_E_5876774,treino_interno
LA_E_5876964,treino_interno
LA_E_5877726,treino_interno
LA_E_5878143,treino_interno
LA_E_5878597,early_stopping
LA_E_5879009,treino_interno
LA_E_5879495,treino_interno
LA_E_5879863,early_stopping
LA_E_5879898,treino_interno
LA_E_5880161,treino_interno
LA_E_5880259,treino_interno
LA_E_5880334,treino_interno
LA_E_5880764,treino_interno
LA_E_5880888,treino_interno
LA_E_5881174,treino_interno
LA_E_5882146,treino_interno
LA_E_5882367,treino_interno
LA_E_5882422,treino_interno
LA_E_5882853,treino_interno
LA_E_5882885,treino_interno
LA_E_5883013,treino_interno
LA_E_5883302,treino_interno
LA_E_5883355,early_stopping
LA_E_5883470,treino_interno
LA_E_5883528,treino_interno
LA_E_5883842,treino_interno
LA_E_5883872,early_stopping
LA_E_5884017,early_stopping
LA_E_5884230,treino_interno
LA_E_5884393,treino_interno
LA_E_5885002,treino_interno
LA_E_5887110,treino_interno
LA_E_5887183,treino_interno
LA_E_5887214,treino_interno
LA_E_5887469,treino_interno
LA_E_5887485,treino_interno
LA_E_5887592,treino_interno
LA_E_5888239,treino_interno
LA_E_5888519,treino_interno
LA_E_5888917,treino_interno
LA_E_5889348,treino_interno
LA_E_5889801,treino_interno
LA_E_5890096,treino_interno
LA_E_5890857,treino_interno
LA_E_5891184,treino_interno
LA_E_5891908,treino_interno
LA_E_5892660,treino_interno
LA_E_5892725,treino_interno
LA_E_5892817,treino_interno
LA_E_5892822,treino_interno
LA_E_5892848,treino_interno
LA_E_5893106,treino_interno
LA_E_5893585,treino_interno
LA_E_5893777,treino_interno
LA_E_5893919,treino_interno
LA_E_5893941,treino_interno
LA_E_5894205,treino_interno
LA_E_5894549,treino_interno
LA_E_5894679,treino_interno
LA_E_5894703,treino_interno
LA_E_5894795,treino_interno
LA_E_5895194,treino_interno
LA_E_5895755,treino_interno
LA_E_5895801,treino_interno
LA_E_5896178,treino_interno
LA_E_5896365,treino_interno
LA_E_5896460,treino_interno
LA_E_5896531,treino_interno
LA_E_5896779,treino_interno
LA_E_5897075,treino_interno
LA_E_5897253,treino_interno
LA_E_5897304,treino_interno
LA_E_5897341,treino_interno
LA_E_5897413,treino_interno
LA_E_5897584,treino_interno
LA_E_5898453,treino_interno
LA_E_5898706,treino_interno
LA_E_5898785,early_stopping
LA_E_5899151,treino_interno
LA_E_5899188,treino_interno
LA_E_5899192,treino_interno
LA_E_5899283,early_stopping
LA_E_5900032,treino_interno
LA_E_5900418,treino_interno
LA_E_5900764,treino_interno
LA_E_5901430,treino_interno
LA_E_5902303,treino_interno
LA_E_5902319,treino_interno
LA_E_5902514,treino_interno
LA_E_5902559,treino_interno
LA_E_5903246,treino_interno
LA_E_5903304,treino_interno
LA_E_5903704,treino_interno
LA_E_5903872,treino_interno
LA_E_5903988,treino_interno
LA_E_5904447,early_stopping
LA_E_5904775,treino_interno
LA_E_5905002,treino_interno
LA_E_5905734,treino_interno
LA_E_5905879,treino_interno
LA_E_5906499,treino_interno
LA_E_5906504,treino_interno
LA_E_5906682,treino_interno
LA_E_5907145,treino_interno
LA_E_5907217,treino_interno
LA_E_5907791,treino_interno
LA_E_5908770,treino_interno
LA_E_5908949,treino_interno
LA_E_5909644,treino_interno
LA_E_5909813,treino_interno
LA_E_5909905,treino_interno
LA_E_5910186,treino_interno
LA_E_5910493,treino_interno
LA_E_5910941,treino_interno
LA_E_5911630,treino_interno
LA_E_5911764,treino_interno
LA_E_5911920,treino_interno
LA_E_5911976,treino_interno
LA_E_5912008,treino_interno
LA_E_5912050,treino_interno
LA_E_5912304,treino_interno
LA_E_5912684,treino_interno
LA_E_5912847,treino_interno
LA_E_5912868,early_stopping
LA_E_5913007,treino_interno
LA_E_5913140,treino_interno
LA_E_5913769,treino_interno
LA_E_5913790,treino_interno
LA_E_5914502,treino_interno
LA_E_5914732,early_stopping
LA_E_5915623,treino_interno
LA_E_5916296,treino_interno
LA_E_5916911,treino_interno
LA_E_5916966,treino_interno
LA_E_5917109,treino_interno
LA_E_5917285,treino_interno
LA_E_5917879,treino_interno
LA_E_5918024,treino_interno
LA_E_5918257,treino_interno
LA_E_5918511,treino_interno
LA_E_5918882,treino_interno
LA_E_5919202,early_stopping
LA_E_5919277,treino_interno
LA_E_5919289,treino_interno
LA_E_5920392,treino_interno
LA_E_5920523,treino_interno
LA_E_5920656,treino_interno
LA_E_5920962,treino_interno
LA_E_5921556,treino_interno
LA_E_5921694,treino_interno
LA_E_5921798,treino_interno
LA_E_5921950,treino_interno
LA_E_5922065,treino_interno
LA_E_5922261,treino_interno
LA_E_5922588,treino_interno
LA_E_5923662,treino_interno
LA_E_5923720,early_stopping
LA_E_5924014,treino_interno
LA_E_5924462,treino_interno
LA_E_5925154,treino_interno
LA_E_5926020,treino_interno
LA_E_5926151,treino_interno
LA_E_5926239,treino_interno
LA_E_5926309,treino_interno
LA_E_5926439,treino_interno
LA_E_5926660,treino_interno
LA_E_5926734,treino_interno
LA_E_5927380,treino_interno
LA_E_5927437,treino_interno
LA_E_5927763,treino_interno
LA_E_5927899,treino_interno
LA_E_5927974,treino_interno
LA_E_5928171,treino_interno
LA_E_5928275,treino_interno
LA_E_5928445,treino_interno
LA_E_5928590,treino_interno
LA_E_5928703,treino_interno
LA_E_5928714,treino_interno
LA_E_5928823,treino_interno
LA_E_5928879,treino_interno
LA_E_5929374,treino_interno
LA_E_5929467,treino_interno
LA_E_5929728,treino_interno
LA_E_5930013,treino_interno
LA_E_5930017,treino_interno
LA_E_5930501,treino_interno
LA_E_5930572,treino_interno
LA_E_5930688,treino_interno
LA_E_5931099,treino_interno
LA_E_5931218,treino_interno
LA_E_5931595,treino_interno
LA_E_5931674,treino_interno
LA_E_5932133,treino_interno
LA_E_5932191,treino_interno
LA_E_5932293,early_stopping
LA_E_5932464,treino_interno
LA_E_5932795,treino_interno
LA_E_5933507,treino_interno
LA_E_5933693,treino_interno
LA_E_5933815,treino_interno
LA_E_5933957,treino_interno
LA_E_5934100,early_stopping
LA_E_5934388,treino_interno
LA_E_5934719,treino_interno
LA_E_5934946,treino_interno
LA_E_5935020,treino_interno
LA_E_5935676,treino_interno
LA_E_5936251,treino_interno
LA_E_5936750,treino_interno
LA_E_5936881,early_stopping
LA_E_5937608,treino_interno
LA_E_5938169,treino_interno
LA_E_5938381,treino_interno
LA_E_5938967,treino_interno
LA_E_5939405,treino_interno
LA_E_5939766,treino_interno
LA_E_5939892,early_stopping
LA_E_5940045,treino_interno
LA_E_5940237,treino_interno
LA_E_5940274,treino_interno
LA_E_5940355,treino_interno
LA_E_5940742,treino_interno
LA_E_5940917,treino_interno
LA_E_5941029,treino_interno
LA_E_5941711,treino_interno
LA_E_5941951,treino_interno
LA_E_5941988,treino_interno
LA_E_5942709,treino_interno
LA_E_5942762,treino_interno
LA_E_5942889,treino_interno
LA_E_5943678,treino_interno
LA_E_5944328,treino_interno
LA_E_5944462,treino_interno
LA_E_5944550,treino_interno
LA_E_5944962,treino_interno
LA_E_5945021,treino_interno
LA_E_5945268,treino_interno
LA_E_5946129,treino_interno
LA_E_5946356,treino_interno
LA_E_5946535,treino_interno
LA_E_5947752,treino_interno
LA_E_5947757,early_stopping
LA_E_5948246,treino_interno
LA_E_5949601,treino_interno
LA_E_5950056,early_stopping
LA_E_5950071,treino_interno
LA_E_5950860,treino_interno
LA_E_5951177,treino_interno
LA_E_5951600,treino_interno
LA_E_5951665,treino_interno
LA_E_5951680,treino_interno
LA_E_5951914,treino_interno
LA_E_5951951,treino_interno
LA_E_5952431,treino_interno
LA_E_5952848,treino_interno
LA_E_5952902,treino_interno
LA_E_5953288,treino_interno
LA_E_5954225,treino_interno
LA_E_5954480,early_stopping
LA_E_5954698,treino_interno
LA_E_5955026,treino_interno
LA_E_5955098,early_stopping
LA_E_5955144,treino_interno
LA_E_5955471,treino_interno
LA_E_5956777,treino_interno
LA_E_5956914,treino_interno
LA_E_5957004,treino_interno
LA_E_5957211,treino_interno
LA_E_5957268,treino_interno
LA_E_5957269,treino_interno
LA_E_5957328,treino_interno
LA_E_5957416,treino_interno
LA_E_5958168,treino_interno
LA_E_5958659,treino_interno
LA_E_5958764,early_stopping
LA_E_5959518,treino_interno
LA_E_5959650,treino_interno
LA_E_5959678,treino_interno
LA_E_5959808,treino_interno
LA_E_5960072,treino_interno
LA_E_5960147,treino_interno
LA_E_5960356,treino_interno
LA_E_5960683,treino_interno
LA_E_5960883,treino_interno
LA_E_5961135,treino_interno
LA_E_5961534,treino_interno
LA_E_5961705,treino_interno
LA_E_5962233,early_stopping
LA_E_5962315,treino_interno
LA_E_5962334,treino_interno
LA_E_5962476,treino_interno
LA_E_5962503,treino_interno
LA_E_5963056,treino_interno
LA_E_5963153,treino_interno
LA_E_5964103,treino_interno
LA_E_5964385,treino_interno
LA_E_5964465,treino_interno
LA_E_5964545,treino_interno
LA_E_5964593,treino_interno
LA_E_5964846,treino_interno
LA_E_5965028,early_stopping
LA_E_5965680,treino_interno
LA_E_5965682,early_stopping
LA_E_5965878,treino_interno
LA_E_5965906,early_stopping
LA_E_5965959,treino_interno
LA_E_5965986,treino_interno
LA_E_5966139,treino_interno
LA_E_5966467,treino_interno
LA_E_5966548,treino_interno
LA_E_5966770,treino_interno
LA_E_5966797,treino_interno
LA_E_5966830,treino_interno
LA_E_5967207,treino_interno
LA_E_5967612,treino_interno
LA_E_5967710,treino_interno
LA_E_5967949,treino_interno
LA_E_5968678,early_stopping
LA_E_5968847,treino_interno
LA_E_5969176,treino_interno
LA_E_5969641,treino_interno
LA_E_5969701,treino_interno
LA_E_5970422,treino_interno
LA_E_5970448,treino_interno
LA_E_5970515,treino_interno
LA_E_5970616,early_stopping
LA_E_5970900,treino_interno
LA_E_5971268,treino_interno
LA_E_5971468,early_stopping
LA_E_5971735,early_stopping
LA_E_5972396,treino_interno
LA_E_5973189,treino_interno
LA_E_5974007,treino_interno
LA_E_5974043,early_stopping
LA_E_5974208,treino_interno
LA_E_5974992,treino_interno
LA_E_5975435,treino_interno
LA_E_5975526,treino_interno
LA_E_5975626,treino_interno
LA_E_5975765,treino_interno
LA_E_5976072,treino_interno
LA_E_5976093,treino_interno
LA_E_5976244,treino_interno
LA_E_5976626,treino_interno
LA_E_5976798,treino_interno
LA_E_5977259,treino_interno
LA_E_5977361,treino_interno
LA_E_5977866,treino_interno
LA_E_5978966,treino_interno
LA_E_5979441,treino_interno
LA_E_5979451,treino_interno
LA_E_5979482,treino_interno
LA_E_5979815,treino_interno
LA_E_5979843,early_stopping
LA_E_5979941,treino_interno
LA_E_5980112,treino_interno
LA_E_5980218,treino_interno
LA_E_5980294,treino_interno
LA_E_5980451,treino_interno
LA_E_5981539,treino_interno
LA_E_5982479,treino_interno
LA_E_5983050,treino_interno
LA_E_5983366,treino_interno
LA_E_5983472,early_stopping
LA_E_5984045,treino_interno
LA_E_5984334,treino_interno
LA_E_5984654,treino_interno
LA_E_5984703,early_stopping
LA_E_5984823,treino_interno
LA_E_5984906,treino_interno
LA_E_5985031,early_stopping
LA_E_5985433,early_stopping
LA_E_5985713,treino_interno
LA_E_5985881,treino_interno
LA_E_5986009,treino_interno
LA_E_5986089,treino_interno
LA_E_5986714,treino_interno
LA_E_5987271,treino_interno
LA_E_5988174,treino_interno
LA_E_5988233,treino_interno
LA_E_5988660,treino_interno
LA_E_5988665,treino_interno
LA_E_5988748,treino_interno
LA_E_5989045,treino_interno
LA_E_5989085,treino_interno
LA_E_5989181,treino_interno
LA_E_5989231,treino_interno
LA_E_5989252,treino_interno
LA_E_5989521,treino_interno
LA_E_5989758,treino_interno
LA_E_5990245,treino_interno
LA_E_5990727,treino_interno
LA_E_5990898,treino_interno
LA_E_5991325,treino_interno
LA_E_5991360,treino_interno
LA_E_5991386,treino_interno
LA_E_5991406,treino_interno
LA_E_5991512,treino_interno
LA_E_5992342,treino_interno
LA_E_5992622,treino_interno
LA_E_5993535,treino_interno
LA_E_5993571,treino_interno
LA_E_5993584,treino_interno
LA_E_5993820,treino_interno
LA_E_5993840,treino_interno
LA_E_5994391,early_stopping
LA_E_5994434,treino_interno
LA_E_5994532,treino_interno
LA_E_5995097,treino_interno
LA_E_5995449,treino_interno
LA_E_5995863,treino_interno
LA_E_5996457,treino_interno
LA_E_5996518,treino_interno
LA_E_5997201,treino_interno
LA_E_5997289,treino_interno
LA_E_5997305,treino_interno
LA_E_5997468,treino_interno
LA_E_5997654,treino_interno
LA_E_5997905,treino_interno
LA_E_5998561,treino_interno
LA_E_5998710,treino_interno
LA_E_5998721,treino_interno
LA_E_5999025,early_stopping
LA_E_5999040,treino_interno
LA_E_5999472,treino_interno
LA_E_5999475,treino_interno
LA_E_5999590,treino_interno
LA_E_5999936,early_stopping
LA_E_6000651,treino_interno
LA_E_6000746,treino_interno
LA_E_6000779,treino_interno
LA_E_6002573,treino_interno
LA_E_6003098,treino_interno
LA_E_6003412,treino_interno
LA_E_6004131,treino_interno
LA_E_6004190,treino_interno
LA_E_6004574,early_stopping
LA_E_6004585,early_stopping
LA_E_6004923,early_stopping
LA_E_6004960,treino_interno
LA_E_6005315,treino_interno
LA_E_6005345,treino_interno
LA_E_6005409,treino_interno
LA_E_6005918,treino_interno
LA_E_6006009,treino_interno
LA_E_6006251,treino_interno
LA_E_6006268,early_stopping
LA_E_6006740,treino_interno
LA_E_6006893,treino_interno
LA_E_6007593,treino_interno
LA_E_6007675,treino_interno
LA_E_6008860,treino_interno
LA_E_6009378,treino_interno
LA_E_6009559,treino_interno
LA_E_6009596,treino_interno
LA_E_6009893,treino_interno
LA_E_6010074,treino_interno
LA_E_6010363,treino_interno
LA_E_6010377,treino_interno
LA_E_6011132,treino_interno
LA_E_6011561,treino_interno
LA_E_6011892,treino_interno
LA_E_6011923,treino_interno
LA_E_6012261,treino_interno
LA_E_6012267,treino_interno
LA_E_6012455,treino_interno
LA_E_6013184,treino_interno
LA_E_6013568,treino_interno
LA_E_6014505,early_stopping
LA_E_6014921,treino_interno
LA_E_6014946,treino_interno
LA_E_6015054,treino_interno
LA_E_6015378,treino_interno
LA_E_6017682,early_stopping
LA_E_6018083,treino_interno
LA_E_6018112,treino_interno
LA_E_6018978,treino_interno
LA_E_6019201,treino_interno
LA_E_6019797,treino_interno
LA_E_6020011,early_stopping
LA_E_6020132,treino_interno
LA_E_6020294,treino_interno
LA_E_6020542,treino_interno
LA_E_6020614,treino_interno
LA_E_6020914,treino_interno
LA_E_6021071,treino_interno
LA_E_6021219,treino_interno
LA_E_6021582,early_stopping
LA_E_6022016,treino_interno
LA_E_6022033,treino_interno
LA_E_6022166,treino_interno
LA_E_6022346,treino_interno
LA_E_6022508,treino_interno
LA_E_6022558,early_stopping
LA_E_6022923,treino_interno
LA_E_6023085,treino_interno
LA_E_6023358,treino_interno
LA_E_6023429,treino_interno
LA_E_6023432,treino_interno
LA_E_6023461,early_stopping
LA_E_6023745,treino_interno
LA_E_6024256,treino_interno
LA_E_6024834,treino_interno
LA_E_6024838,treino_interno
LA_E_6024962,early_stopping
LA_E_6025132,treino_interno
LA_E_6025196,treino_interno
LA_E_6026442,treino_interno
LA_E_6026594,treino_interno
LA_E_6026883,treino_interno
LA_E_6027210,treino_interno
LA_E_6027286,treino_interno
LA_E_6027368,treino_interno
LA_E_6027401,treino_interno
LA_E_6027483,treino_interno
LA_E_6027873,treino_interno
LA_E_6027940,treino_interno
LA_E_6028276,treino_interno
LA_E_6028300,early_stopping
LA_E_6028543,treino_interno
LA_E_6029833,treino_interno
LA_E_6030022,treino_interno
LA_E_6030359,early_stopping
LA_E_6030486,treino_interno
LA_E_6030787,treino_interno
LA_E_6030891,treino_interno
LA_E_6031481,treino_interno
LA_E_6031510,treino_interno
LA_E_6031663,early_stopping
LA_E_6031798,treino_interno
LA_E_6032300,treino_interno
LA_E_6032880,treino_interno
LA_E_6032959,treino_interno
LA_E_6033208,treino_interno
LA_E_6033253,treino_interno
LA_E_6033427,treino_interno
LA_E_6033506,treino_interno
LA_E_6033513,treino_interno
LA_E_6033804,treino_interno
LA_E_6034035,treino_interno
LA_E_6034591,treino_interno
LA_E_6034695,treino_interno
LA_E_6035056,treino_interno
LA_E_6036031,treino_interno
LA_E_6036048,treino_interno
LA_E_6036137,treino_interno
LA_E_6036167,treino_interno
LA_E_6036396,treino_interno
LA_E_6036435,treino_interno
LA_E_6036918,treino_interno
LA_E_6037278,treino_interno
LA_E_6037573,treino_interno
LA_E_6037931,treino_interno
LA_E_6038572,treino_interno
LA_E_6038594,early_stopping
LA_E_6038731,treino_interno
LA_E_6038831,treino_interno
LA_E_6038979,treino_interno
LA_E_6038995,treino_interno
LA_E_6039001,treino_interno
LA_E_6039242,treino_interno
LA_E_6039492,early_stopping
LA_E_6039503,treino_interno
LA_E_6041203,treino_interno
LA_E_6041306,treino_interno
LA_E_6041318,treino_interno
LA_E_6041361,treino_interno
LA_E_6041385,treino_interno
LA_E_6041653,treino_interno
LA_E_6041727,treino_interno
LA_E_6042271,treino_interno
LA_E_6042683,treino_interno
LA_E_6042814,early_stopping
LA_E_6043865,treino_interno
LA_E_6043896,treino_interno
LA_E_6044520,treino_interno
LA_E_6044583,treino_interno
LA_E_6045000,treino_interno
LA_E_6045128,treino_interno
LA_E_6045594,treino_interno
LA_E_6045689,treino_interno
LA_E_6045954,treino_interno
LA_E_6046853,treino_interno
LA_E_6047047,treino_interno
LA_E_6047372,treino_interno
LA_E_6047650,early_stopping
LA_E_6047936,treino_interno
LA_E_6048219,treino_interno
LA_E_6048243,treino_interno
LA_E_6048267,treino_interno
LA_E_6048360,treino_interno
LA_E_6048668,treino_interno
LA_E_6049445,treino_interno
LA_E_6049559,treino_interno
LA_E_6049769,treino_interno
LA_E_6049895,treino_interno
LA_E_6050291,treino_interno
LA_E_6050561,treino_interno
LA_E_6050710,treino_interno
LA_E_6050744,treino_interno
LA_E_6051046,treino_interno
LA_E_6051574,treino_interno
LA_E_6051627,treino_interno
LA_E_6052067,treino_interno
LA_E_6052128,treino_interno
LA_E_6053582,treino_interno
LA_E_6053647,treino_interno
LA_E_6053849,treino_interno
LA_E_6054096,treino_interno
LA_E_6054119,treino_interno
LA_E_6054187,treino_interno
LA_E_6054392,treino_interno
LA_E_6054526,treino_interno
LA_E_6054601,treino_interno
LA_E_6055137,treino_interno
LA_E_6055390,treino_interno
LA_E_6055573,treino_interno
LA_E_6056082,treino_interno
LA_E_6056251,treino_interno
LA_E_6056344,treino_interno
LA_E_6056604,treino_interno
LA_E_6056809,treino_interno
LA_E_6057150,treino_interno
LA_E_6057178,treino_interno
LA_E_6057352,treino_interno
LA_E_6057364,treino_interno
LA_E_6058833,treino_interno
LA_E_6058846,treino_interno
LA_E_6059291,treino_interno
LA_E_6059368,treino_interno
LA_E_6059540,treino_interno
LA_E_6060199,treino_interno
LA_E_6060482,treino_interno
LA_E_6060546,treino_interno
LA_E_6061568,treino_interno
LA_E_6061646,treino_interno
LA_E_6061991,treino_interno
LA_E_6062478,treino_interno
LA_E_6062526,treino_interno
LA_E_6062565,treino_interno
LA_E_6063114,treino_interno
LA_E_6063711,treino_interno
LA_E_6064236,treino_interno
LA_E_6064348,treino_interno
LA_E_6064840,treino_interno
LA_E_6065496,treino_interno
LA_E_6065671,treino_interno
LA_E_6065753,treino_interno
LA_E_6066299,treino_interno
LA_E_6066763,early_stopping
LA_E_6066936,treino_interno
LA_E_6067933,treino_interno
LA_E_6068480,treino_interno
LA_E_6068507,treino_interno
LA_E_6068609,treino_interno
LA_E_6068654,treino_interno
LA_E_6068761,early_stopping
LA_E_6069153,treino_interno
LA_E_6069544,treino_interno
LA_E_6069770,early_stopping
LA_E_6070602,early_stopping
LA_E_6070787,treino_interno
LA_E_6070870,early_stopping
LA_E_6070900,treino_interno
LA_E_6071136,treino_interno
LA_E_6071674,treino_interno
LA_E_6071861,treino_interno
LA_E_6072447,early_stopping
LA_E_6072464,treino_interno
LA_E_6072503,treino_interno
LA_E_6072507,treino_interno
LA_E_6072563,treino_interno
LA_E_6072568,treino_interno
LA_E_6072684,treino_interno
LA_E_6072856,treino_interno
LA_E_6072935,treino_interno
LA_E_6073048,treino_interno
LA_E_6073238,treino_interno
LA_E_6074237,treino_interno
LA_E_6074380,treino_interno
LA_E_6075002,treino_interno
LA_E_6075023,treino_interno
LA_E_6075061,treino_interno
LA_E_6075121,treino_interno
LA_E_6075212,early_stopping
LA_E_6076100,early_stopping
LA_E_6076135,treino_interno
LA_E_6076231,treino_interno
LA_E_6077423,treino_interno
LA_E_6077576,treino_interno
LA_E_6077655,treino_interno
LA_E_6077708,early_stopping
LA_E_6077733,treino_interno
LA_E_6077759,treino_interno
LA_E_6077798,treino_interno
LA_E_6077845,treino_interno
LA_E_6079121,treino_interno
LA_E_6079381,early_stopping
LA_E_6079725,treino_interno
LA_E_6080286,treino_interno
LA_E_6080383,treino_interno
LA_E_6080572,treino_interno
LA_E_6080875,treino_interno
LA_E_6081137,early_stopping
LA_E_6081214,treino_interno
LA_E_6081238,treino_interno
LA_E_6081425,treino_interno
LA_E_6082455,treino_interno
LA_E_6083022,treino_interno
LA_E_6083718,treino_interno
LA_E_6084071,treino_interno
LA_E_6084233,treino_interno
LA_E_6084335,treino_interno
LA_E_6084414,treino_interno
LA_E_6085084,treino_interno
LA_E_6085454,treino_interno
LA_E_6085579,treino_interno
LA_E_6085762,treino_interno
LA_E_6086148,treino_interno
LA_E_6086298,treino_interno
LA_E_6086420,treino_interno
LA_E_6086828,treino_interno
LA_E_6086834,treino_interno
LA_E_6086896,treino_interno
LA_E_6087264,treino_interno
LA_E_6087339,early_stopping
LA_E_6087435,treino_interno
LA_E_6088186,treino_interno
LA_E_6088317,treino_interno
LA_E_6088537,treino_interno
LA_E_6088888,treino_interno
LA_E_6089343,early_stopping
LA_E_6089953,early_stopping
LA_E_6090126,treino_interno
LA_E_6090288,treino_interno
LA_E_6090572,treino_interno
LA_E_6091275,treino_interno
LA_E_6091357,treino_interno
LA_E_6091369,treino_interno
LA_E_6091830,treino_interno
LA_E_6091978,treino_interno
LA_E_6092325,treino_interno
LA_E_6093035,treino_interno
LA_E_6093798,treino_interno
LA_E_6094190,treino_interno
LA_E_6094293,early_stopping
LA_E_6094357,treino_interno
LA_E_6094504,treino_interno
LA_E_6094530,treino_interno
LA_E_6094945,treino_interno
LA_E_6095430,treino_interno
LA_E_6095757,treino_interno
LA_E_6096259,treino_interno
LA_E_6096484,early_stopping
LA_E_6096591,treino_interno
LA_E_6097219,treino_interno
LA_E_6097549,treino_interno
LA_E_6097951,treino_interno
LA_E_6098251,treino_interno
LA_E_6098398,treino_interno
LA_E_6098680,treino_interno
LA_E_6098912,treino_interno
LA_E_6099053,treino_interno
LA_E_6099072,treino_interno
LA_E_6099266,treino_interno
LA_E_6099525,treino_interno
LA_E_6099534,treino_interno
LA_E_6099653,treino_interno
LA_E_6099678,treino_interno
LA_E_6100342,treino_interno
LA_E_6101177,treino_interno
LA_E_6101212,treino_interno
LA_E_6101292,treino_interno
LA_E_6101295,treino_interno
LA_E_6101414,treino_interno
LA_E_6101578,treino_interno
LA_E_6101609,treino_interno
LA_E_6101818,treino_interno
LA_E_6102692,treino_interno
LA_E_6103041,treino_interno
LA_E_6103198,treino_interno
LA_E_6103891,treino_interno
LA_E_6103975,treino_interno
LA_E_6104364,treino_interno
LA_E_6104772,treino_interno
LA_E_6105084,treino_interno
LA_E_6105560,treino_interno
LA_E_6105671,treino_interno
LA_E_6105845,treino_interno
LA_E_6106186,treino_interno
LA_E_6106740,treino_interno
LA_E_6107045,treino_interno
LA_E_6107048,treino_interno
LA_E_6107092,treino_interno
LA_E_6108023,early_stopping
LA_E_6108299,treino_interno
LA_E_6108558,treino_interno
LA_E_6108773,treino_interno
LA_E_6109386,treino_interno
LA_E_6109754,treino_interno
LA_E_6110561,treino_interno
LA_E_6111029,early_stopping
LA_E_6111202,treino_interno
LA_E_6111396,treino_interno
LA_E_6111940,treino_interno
LA_E_6112717,treino_interno
LA_E_6113990,treino_interno
LA_E_6114211,treino_interno
LA_E_6114484,treino_interno
LA_E_6114931,treino_interno
LA_E_6115293,treino_interno
LA_E_6116000,treino_interno
LA_E_6116421,treino_interno
LA_E_6116469,treino_interno
LA_E_6116684,treino_interno
LA_E_6117068,treino_interno
LA_E_6117144,treino_interno
LA_E_6117806,treino_interno
LA_E_6118375,treino_interno
LA_E_6118558,treino_interno
LA_E_6118631,treino_interno
LA_E_6119510,treino_interno
LA_E_6119634,treino_interno
LA_E_6120011,treino_interno
LA_E_6120170,treino_interno
LA_E_6120863,treino_interno
LA_E_6121024,treino_interno
LA_E_6121127,treino_interno
LA_E_6121423,treino_interno
LA_E_6121442,treino_interno
LA_E_6121599,treino_interno
LA_E_6121684,treino_interno
LA_E_6121802,treino_interno
LA_E_6121895,treino_interno
LA_E_6122208,treino_interno
LA_E_6122319,treino_interno
LA_E_6122373,treino_interno
LA_E_6122813,treino_interno
LA_E_6122951,treino_interno
LA_E_6123211,treino_interno
LA_E_6123490,treino_interno
LA_E_6124180,early_stopping
LA_E_6124714,treino_interno
LA_E_6124758,treino_interno
LA_E_6124821,early_stopping
LA_E_6125253,treino_interno
LA_E_6125413,treino_interno
LA_E_6126411,treino_interno
LA_E_6126596,treino_interno
LA_E_6127200,treino_interno
LA_E_6127365,treino_interno
LA_E_6127655,treino_interno
LA_E_6127679,treino_interno
LA_E_6127796,treino_interno
LA_E_6127911,treino_interno
LA_E_6128859,early_stopping
LA_E_6129742,treino_interno
LA_E_6129963,treino_interno
LA_E_6130423,treino_interno
LA_E_6130580,treino_interno
LA_E_6130774,treino_interno
LA_E_6130882,treino_interno
LA_E_6130939,treino_interno
LA_E_6131383,treino_interno
LA_E_6132088,treino_interno
LA_E_6132218,treino_interno
LA_E_6132278,treino_interno
LA_E_6132487,treino_interno
LA_E_6132521,early_stopping
LA_E_6133049,treino_interno
LA_E_6133188,treino_interno
LA_E_6133361,treino_interno
LA_E_6133586,treino_interno
LA_E_6133682,early_stopping
LA_E_6133803,treino_interno
LA_E_6134104,treino_interno
LA_E_6134128,treino_interno
LA_E_6134651,treino_interno
LA_E_6134802,treino_interno
LA_E_6135124,treino_interno
LA_E_6135212,treino_interno
LA_E_6135362,treino_interno
LA_E_6135541,treino_interno
LA_E_6135815,treino_interno
LA_E_6136271,treino_interno
LA_E_6136367,treino_interno
LA_E_6136493,early_stopping
LA_E_6136494,treino_interno
LA_E_6136578,treino_interno
LA_E_6136610,treino_interno
LA_E_6136749,treino_interno
LA_E_6137004,treino_interno
LA_E_6137197,treino_interno
LA_E_6137811,early_stopping
LA_E_6138149,treino_interno
LA_E_6138627,treino_interno
LA_E_6139033,treino_interno
LA_E_6139587,treino_interno
LA_E_6140536,treino_interno
LA_E_6140764,treino_interno
LA_E_6141328,treino_interno
LA_E_6141996,treino_interno
LA_E_6142166,early_stopping
LA_E_6142199,treino_interno
LA_E_6142461,treino_interno
LA_E_6142772,treino_interno
LA_E_6142898,treino_interno
LA_E_6143273,treino_interno
LA_E_6143311,treino_interno
LA_E_6143629,treino_interno
LA_E_6143758,early_stopping
LA_E_6143815,treino_interno
LA_E_6143955,treino_interno
LA_E_6144127,treino_interno
LA_E_6144136,treino_interno
LA_E_6144243,treino_interno
LA_E_6145293,treino_interno
LA_E_6145322,treino_interno
LA_E_6145341,treino_interno
LA_E_6145465,early_stopping
LA_E_6146199,treino_interno
LA_E_6146260,treino_interno
LA_E_6146371,treino_interno
LA_E_6147021,treino_interno
LA_E_6147691,treino_interno
LA_E_6147720,treino_interno
LA_E_6147743,treino_interno
LA_E_6148042,early_stopping
LA_E_6148306,treino_interno
LA_E_6148392,treino_interno
LA_E_6148640,treino_interno
LA_E_6148707,treino_interno
LA_E_6149248,treino_interno
LA_E_6149730,treino_interno
LA_E_6149915,early_stopping
LA_E_6149934,early_stopping
LA_E_6150021,treino_interno
LA_E_6150031,treino_interno
LA_E_6150055,treino_interno
LA_E_6150235,treino_interno
LA_E_6150344,treino_interno
LA_E_6150539,treino_interno
LA_E_6150612,early_stopping
LA_E_6150781,treino_interno
LA_E_6151033,treino_interno
LA_E_6151322,treino_interno
LA_E_6151600,treino_interno
LA_E_6151655,treino_interno
LA_E_6151724,treino_interno
LA_E_6151935,treino_interno
LA_E_6152014,treino_interno
LA_E_6152283,treino_interno
LA_E_6152343,treino_interno
LA_E_6153174,treino_interno
LA_E_6153793,treino_interno
LA_E_6154343,treino_interno
LA_E_6154816,treino_interno
LA_E_6155051,treino_interno
LA_E_6155070,treino_interno
LA_E_6155312,treino_interno
LA_E_6155521,early_stopping
LA_E_6155817,treino_interno
LA_E_6156050,treino_interno
LA_E_6156482,treino_interno
LA_E_6156515,treino_interno
LA_E_6156669,treino_interno
LA_E_6157301,treino_interno
LA_E_6157335,treino_interno
LA_E_6157554,treino_interno
LA_E_6157679,early_stopping
LA_E_6158330,treino_interno
LA_E_6158427,treino_interno
LA_E_6158699,treino_interno
LA_E_6159408,treino_interno
LA_E_6159760,early_stopping
LA_E_6159774,treino_interno
LA_E_6159978,treino_interno
LA_E_6160060,treino_interno
LA_E_6160082,treino_interno
LA_E_6160339,treino_interno
LA_E_6160355,treino_interno
LA_E_6160941,treino_interno
LA_E_6161332,treino_interno
LA_E_6161481,treino_interno
LA_E_6161910,treino_interno
LA_E_6162444,treino_interno
LA_E_6162841,treino_interno
LA_E_6163752,treino_interno
LA_E_6164222,treino_interno
LA_E_6164304,treino_interno
LA_E_6164781,treino_interno
LA_E_6164956,treino_interno
LA_E_6166085,treino_interno
LA_E_6166195,treino_interno
LA_E_6166963,treino_interno
LA_E_6167135,treino_interno
LA_E_6167247,treino_interno
LA_E_6167455,treino_interno
LA_E_6167763,treino_interno
LA_E_6167917,early_stopping
LA_E_6168560,treino_interno
LA_E_6168801,treino_interno
LA_E_6168832,early_stopping
LA_E_6168835,treino_interno
LA_E_6168859,treino_interno
LA_E_6169768,treino_interno
LA_E_6169828,early_stopping
LA_E_6169963,treino_interno
LA_E_6170087,treino_interno
LA_E_6170137,treino_interno
LA_E_6170221,treino_interno
LA_E_6170336,treino_interno
LA_E_6170811,treino_interno
LA_E_6171128,treino_interno
LA_E_6171260,treino_interno
LA_E_6171990,early_stopping
LA_E_6172333,early_stopping
LA_E_6172418,treino_interno
LA_E_6172882,treino_interno
LA_E_6173613,treino_interno
LA_E_6173712,treino_interno
LA_E_6174362,treino_interno
LA_E_6174859,treino_interno
LA_E_6174972,treino_interno
LA_E_6175495,treino_interno
LA_E_6176026,treino_interno
LA_E_6176498,treino_interno
LA_E_6176641,treino_interno
LA_E_6176654,treino_interno
LA_E_6176692,treino_interno
LA_E_6176896,treino_interno
LA_E_6177575,treino_interno
LA_E_6178784,treino_interno
LA_E_6179361,treino_interno
LA_E_6179988,early_stopping
LA_E_6180261,early_stopping
LA_E_6180721,treino_interno
LA_E_6180894,treino_interno
LA_E_6180907,treino_interno
LA_E_6181191,treino_interno
LA_E_6181294,treino_interno
LA_E_6181344,treino_interno
LA_E_6181652,treino_interno
LA_E_6182016,treino_interno
LA_E_6182061,treino_interno
LA_E_6182087,treino_interno
LA_E_6182699,treino_interno
LA_E_6182942,treino_interno
LA_E_6183312,treino_interno
LA_E_6183500,treino_interno
LA_E_6183674,early_stopping
LA_E_6184420,treino_interno
LA_E_6185585,treino_interno
LA_E_6185613,treino_interno
LA_E_6185682,treino_interno
LA_E_6187014,treino_interno
LA_E_6187084,treino_interno
LA_E_6187277,treino_interno
LA_E_6187296,treino_interno
LA_E_6187431,treino_interno
LA_E_6187517,treino_interno
LA_E_6187871,early_stopping
LA_E_6188040,treino_interno
LA_E_6188048,treino_interno
LA_E_6188431,treino_interno
LA_E_6190470,treino_interno
LA_E_6190479,early_stopping
LA_E_6190516,treino_interno
LA_E_6190543,treino_interno
LA_E_6190837,treino_interno
LA_E_6190876,treino_interno
LA_E_6190896,treino_interno
LA_E_6190906,treino_interno
LA_E_6191336,treino_interno
LA_E_6191343,treino_interno
LA_E_6191351,treino_interno
LA_E_6191373,treino_interno
LA_E_6191483,treino_interno
LA_E_6191601,early_stopping
LA_E_6191698,treino_interno
LA_E_6193266,treino_interno
LA_E_6193282,treino_interno
LA_E_6193285,treino_interno
LA_E_6193439,treino_interno
LA_E_6193482,treino_interno
LA_E_6193677,treino_interno
LA_E_6193863,treino_interno
LA_E_6194165,treino_interno
LA_E_6194298,treino_interno
LA_E_6194327,treino_interno
LA_E_6194518,treino_interno
LA_E_6194676,treino_interno
LA_E_6194743,treino_interno
LA_E_6195954,treino_interno
LA_E_6196215,treino_interno
LA_E_6196726,treino_interno
LA_E_6196873,treino_interno
LA_E_6197223,treino_interno
LA_E_6198896,treino_interno
LA_E_6198972,treino_interno
LA_E_6199353,treino_interno
LA_E_6199569,treino_interno
LA_E_6199716,treino_interno
LA_E_6199800,treino_interno
LA_E_6200440,treino_interno
LA_E_6200529,treino_interno
LA_E_6201506,treino_interno
LA_E_6201796,treino_interno
LA_E_6202229,treino_interno
LA_E_6202341,treino_interno
LA_E_6202504,treino_interno
LA_E_6202682,treino_interno
LA_E_6202711,treino_interno
LA_E_6202866,treino_interno
LA_E_6202898,treino_interno
LA_E_6202976,treino_interno
LA_E_6203364,treino_interno
LA_E_6203582,treino_interno
LA_E_6203632,treino_interno
LA_E_6203973,treino_interno
LA_E_6204046,treino_interno
LA_E_6205211,treino_interno
LA_E_6205541,treino_interno
LA_E_6205917,treino_interno
LA_E_6206311,treino_interno
LA_E_6206638,treino_interno
LA_E_6207906,treino_interno
LA_E_6208215,treino_interno
LA_E_6208639,treino_interno
LA_E_6208708,treino_interno
LA_E_6209077,treino_interno
LA_E_6209856,treino_interno
LA_E_6209858,treino_interno
LA_E_6210006,treino_interno
LA_E_6210062,treino_interno
LA_E_6210873,treino_interno
LA_E_6211204,treino_interno
LA_E_6211647,treino_interno
LA_E_6212812,treino_interno
LA_E_6213005,treino_interno
LA_E_6213016,early_stopping
LA_E_6213128,early_stopping
LA_E_6213994,treino_interno
LA_E_6214073,treino_interno
LA_E_6214689,early_stopping
LA_E_6215017,treino_interno
LA_E_6215268,treino_interno
LA_E_6215322,early_stopping
LA_E_6215668,treino_interno
LA_E_6216649,early_stopping
LA_E_6217185,treino_interno
LA_E_6217259,treino_interno
LA_E_6217475,treino_interno
LA_E_6217547,treino_interno
LA_E_6217704,treino_interno
LA_E_6218027,treino_interno
LA_E_6218410,treino_interno
LA_E_6218576,treino_interno
LA_E_6218761,treino_interno
LA_E_6219264,treino_interno
LA_E_6219666,treino_interno
LA_E_6220718,treino_interno
LA_E_6221851,treino_interno
LA_E_6222115,treino_interno
LA_E_6222663,treino_interno
LA_E_6222728,treino_interno
LA_E_6223793,treino_interno
LA_E_6224065,treino_interno
LA_E_6224200,treino_interno
LA_E_6224513,treino_interno
LA_E_6225269,treino_interno
LA_E_6225548,treino_interno
LA_E_6225844,early_stopping
LA_E_6226029,treino_interno
LA_E_6226419,treino_interno
LA_E_6226534,treino_interno
LA_E_6226548,treino_interno
LA_E_6226614,treino_interno
LA_E_6226807,treino_interno
LA_E_6226847,treino_interno
LA_E_6227202,treino_interno
LA_E_6228121,treino_interno
LA_E_6228181,treino_interno
LA_E_6228228,treino_interno
LA_E_6228239,treino_interno
LA_E_6228453,treino_interno
LA_E_6228465,treino_interno
LA_E_6228467,treino_interno
LA_E_6228534,treino_interno
LA_E_6229115,treino_interno
LA_E_6230324,early_stopping
LA_E_6230513,treino_interno
LA_E_6230565,treino_interno
LA_E_6231164,treino_interno
LA_E_6232857,treino_interno
LA_E_6233117,early_stopping
LA_E_6233203,treino_interno
LA_E_6233332,treino_interno
LA_E_6234249,treino_interno
LA_E_6234327,treino_interno
LA_E_6234600,treino_interno
LA_E_6234630,treino_interno
LA_E_6235064,treino_interno
LA_E_6235331,treino_interno
LA_E_6235333,treino_interno
LA_E_6235964,treino_interno
LA_E_6236351,early_stopping
LA_E_6236864,treino_interno
LA_E_6237017,treino_interno
LA_E_6237053,treino_interno
LA_E_6237056,treino_interno
LA_E_6237724,treino_interno
LA_E_6237960,treino_interno
LA_E_6239257,treino_interno
LA_E_6239339,treino_interno
LA_E_6239984,treino_interno
LA_E_6240348,treino_interno
LA_E_6241159,treino_interno
LA_E_6241280,treino_interno
LA_E_6241784,treino_interno
LA_E_6242602,treino_interno
LA_E_6242647,treino_interno
LA_E_6243094,treino_interno
LA_E_6243243,treino_interno
LA_E_6243324,treino_interno
LA_E_6243757,treino_interno
LA_E_6244283,treino_interno
LA_E_6244738,treino_interno
LA_E_6245247,treino_interno
LA_E_6245478,treino_interno
LA_E_6246036,treino_interno
LA_E_6246091,early_stopping
LA_E_6246178,treino_interno
LA_E_6246240,treino_interno
LA_E_6246469,treino_interno
LA_E_6246591,treino_interno
LA_E_6246822,treino_interno
LA_E_6246893,treino_interno
LA_E_6247373,treino_interno
LA_E_6247380,treino_interno
LA_E_6247576,treino_interno
LA_E_6247672,treino_interno
LA_E_6247723,treino_interno
LA_E_6247935,treino_interno
LA_E_6248042,treino_interno
LA_E_6248280,early_stopping
LA_E_6248756,treino_interno
LA_E_6249064,treino_interno
LA_E_6249349,treino_interno
LA_E_6249616,treino_interno
LA_E_6250003,treino_interno
LA_E_6250088,treino_interno
LA_E_6251498,treino_interno
LA_E_6251625,treino_interno
LA_E_6252074,treino_interno
LA_E_6253121,treino_interno
LA_E_6253376,treino_interno
LA_E_6253472,treino_interno
LA_E_6254352,treino_interno
LA_E_6254475,treino_interno
LA_E_6254573,treino_interno
LA_E_6255274,treino_interno
LA_E_6255453,treino_interno
LA_E_6255877,treino_interno
LA_E_6255966,treino_interno
LA_E_6256124,treino_interno
LA_E_6256314,treino_interno
LA_E_6256392,treino_interno
LA_E_6256590,treino_interno
LA_E_6256636,treino_interno
LA_E_6258349,treino_interno
LA_E_6258425,treino_interno
LA_E_6258624,treino_interno
LA_E_6258771,treino_interno
LA_E_6259016,treino_interno
LA_E_6259050,treino_interno
LA_E_6259217,treino_interno
LA_E_6259664,treino_interno
LA_E_6260192,treino_interno
LA_E_6260796,early_stopping
LA_E_6260830,treino_interno
LA_E_6260972,treino_interno
LA_E_6261253,treino_interno
LA_E_6261457,treino_interno
LA_E_6261885,treino_interno
LA_E_6262110,treino_interno
LA_E_6262338,treino_interno
LA_E_6262434,treino_interno
LA_E_6262492,treino_interno
LA_E_6262495,treino_interno
LA_E_6263030,treino_interno
LA_E_6263522,early_stopping
LA_E_6264155,treino_interno
LA_E_6264392,treino_interno
LA_E_6264410,treino_interno
LA_E_6264425,treino_interno
LA_E_6265695,treino_interno
LA_E_6266020,early_stopping
LA_E_6266955,treino_interno
LA_E_6267275,treino_interno
LA_E_6267794,treino_interno
LA_E_6267865,treino_interno
LA_E_6268724,treino_interno
LA_E_6268739,treino_interno
LA_E_6269455,treino_interno
LA_E_6269706,treino_interno
LA_E_6269835,treino_interno
LA_E_6269932,treino_interno
LA_E_6270003,treino_interno
LA_E_6270999,treino_interno
LA_E_6271114,treino_interno
LA_E_6272034,treino_interno
LA_E_6272094,treino_interno
LA_E_6272569,treino_interno
LA_E_6272915,treino_interno
LA_E_6273809,treino_interno
LA_E_6274009,treino_interno
LA_E_6274014,treino_interno
LA_E_6274355,treino_interno
LA_E_6274575,treino_interno
LA_E_6274932,treino_interno
LA_E_6274944,early_stopping
LA_E_6274975,treino_interno
LA_E_6275004,treino_interno
LA_E_6275365,treino_interno
LA_E_6276336,treino_interno
LA_E_6276605,treino_interno
LA_E_6277385,treino_interno
LA_E_6277898,treino_interno
LA_E_6278648,treino_interno
LA_E_6279100,treino_interno
LA_E_6279136,treino_interno
LA_E_6279309,treino_interno
LA_E_6279397,early_stopping
LA_E_6279431,treino_interno
LA_E_6279749,treino_interno
LA_E_6280282,treino_interno
LA_E_6280292,treino_interno
LA_E_6280389,treino_interno
LA_E_6280907,treino_interno
LA_E_6280962,treino_interno
LA_E_6281374,treino_interno
LA_E_6282828,treino_interno
LA_E_6282851,treino_interno
LA_E_6283054,treino_interno
LA_E_6283740,treino_interno
LA_E_6283774,treino_interno
LA_E_6284036,treino_interno
LA_E_6284883,treino_interno
LA_E_6284993,treino_interno
LA_E_6285014,treino_interno
LA_E_6285245,treino_interno
LA_E_6285631,treino_interno
LA_E_6285851,treino_interno
LA_E_6286013,treino_interno
LA_E_6286435,treino_interno
LA_E_6286461,treino_interno
LA_E_6286849,treino_interno
LA_E_6287180,treino_interno
LA_E_6287647,treino_interno
LA_E_6287860,treino_interno
LA_E_6287952,treino_interno
LA_E_6288184,early_stopping
LA_E_6288937,treino_interno
LA_E_6289354,early_stopping
LA_E_6289461,early_stopping
LA_E_6290186,treino_interno
LA_E_6290395,treino_interno
LA_E_6290572,treino_interno
LA_E_6290719,treino_interno
LA_E_6291530,treino_interno
LA_E_6291653,treino_interno
LA_E_6292541,treino_interno
LA_E_6292649,treino_interno
LA_E_6293076,treino_interno
LA_E_6293130,early_stopping
LA_E_6293266,treino_interno
LA_E_6293330,treino_interno
LA_E_6293416,treino_interno
LA_E_6293428,treino_interno
LA_E_6293685,treino_interno
LA_E_6294517,treino_interno
LA_E_6294942,treino_interno
LA_E_6295613,treino_interno
LA_E_6295676,treino_interno
LA_E_6296356,treino_interno
LA_E_6296674,treino_interno
LA_E_6297032,treino_interno
LA_E_6297561,early_stopping
LA_E_6297695,early_stopping
LA_E_6298097,treino_interno
LA_E_6298400,treino_interno
LA_E_6298682,treino_interno
LA_E_6298696,early_stopping
LA_E_6298712,treino_interno
LA_E_6298747,treino_interno
LA_E_6299053,treino_interno
LA_E_6299510,treino_interno
LA_E_6299545,treino_interno
LA_E_6299597,treino_interno
LA_E_6299713,treino_interno
LA_E_6299730,treino_interno
LA_E_6299798,treino_interno
LA_E_6299806,treino_interno
LA_E_6300179,treino_interno
LA_E_6300213,treino_interno
LA_E_6300727,treino_interno
LA_E_6301447,treino_interno
LA_E_6301599,treino_interno
LA_E_6301691,treino_interno
LA_E_6302342,treino_interno
LA_E_6302574,treino_interno
LA_E_6303004,early_stopping
LA_E_6303237,treino_interno
LA_E_6303350,treino_interno
LA_E_6303488,treino_interno
LA_E_6303622,treino_interno
LA_E_6303871,treino_interno
LA_E_6303994,early_stopping
LA_E_6304989,early_stopping
LA_E_6305061,treino_interno
LA_E_6305351,treino_interno
LA_E_6305631,treino_interno
LA_E_6305737,treino_interno
LA_E_6305771,treino_interno
LA_E_6306204,treino_interno
LA_E_6306237,treino_interno
LA_E_6306396,treino_interno
LA_E_6307209,treino_interno
LA_E_6307627,treino_interno
LA_E_6308375,treino_interno
LA_E_6309302,treino_interno
LA_E_6309830,treino_interno
LA_E_6310253,treino_interno
LA_E_6310505,treino_interno
LA_E_6311234,treino_interno
LA_E_6311677,treino_interno
LA_E_6312534,treino_interno
LA_E_6312623,treino_interno
LA_E_6313804,treino_interno
LA_E_6314086,treino_interno
LA_E_6314255,treino_interno
LA_E_6314572,treino_interno
LA_E_6314736,treino_interno
LA_E_6315305,treino_interno
LA_E_6315475,early_stopping
LA_E_6315514,treino_interno
LA_E_6316002,treino_interno
LA_E_6316287,treino_interno
LA_E_6316606,treino_interno
LA_E_6317236,treino_interno
LA_E_6317293,treino_interno
LA_E_6317807,treino_interno
LA_E_6318028,treino_interno
LA_E_6318064,treino_interno
LA_E_6318709,treino_interno
LA_E_6319221,early_stopping
LA_E_6319586,treino_interno
LA_E_6320598,treino_interno
LA_E_6320933,treino_interno
LA_E_6321207,treino_interno
LA_E_6321496,treino_interno
LA_E_6321733,treino_interno
LA_E_6321824,treino_interno
LA_E_6322266,treino_interno
LA_E_6322431,treino_interno
LA_E_6323287,treino_interno
LA_E_6323358,treino_interno
LA_E_6323440,treino_interno
LA_E_6323605,treino_interno
LA_E_6323783,early_stopping
LA_E_6323797,treino_interno
LA_E_6324863,treino_interno
LA_E_6324993,treino_interno
LA_E_6326437,treino_interno
LA_E_6326466,treino_interno
LA_E_6326935,treino_interno
LA_E_6327095,treino_interno
LA_E_6327102,treino_interno
LA_E_6327214,treino_interno
LA_E_6327660,treino_interno
LA_E_6327945,early_stopping
LA_E_6328442,treino_interno
LA_E_6328505,early_stopping
LA_E_6328515,early_stopping
LA_E_6328676,treino_interno
LA_E_6328863,early_stopping
LA_E_6329359,treino_interno
LA_E_6329487,treino_interno
LA_E_6329790,treino_interno
LA_E_6330020,treino_interno
LA_E_6330123,treino_interno
LA_E_6330604,treino_interno
LA_E_6330824,treino_interno
LA_E_6330860,treino_interno
LA_E_6331170,treino_interno
LA_E_6331258,treino_interno
LA_E_6331339,treino_interno
LA_E_6331367,treino_interno
LA_E_6331964,treino_interno
LA_E_6331974,treino_interno
LA_E_6332010,treino_interno
LA_E_6332855,treino_interno
LA_E_6332897,treino_interno
LA_E_6333006,treino_interno
LA_E_6333452,treino_interno
LA_E_6333468,treino_interno
LA_E_6333744,treino_interno
LA_E_6333837,treino_interno
LA_E_6333964,treino_interno
LA_E_6334118,treino_interno
LA_E_6334462,treino_interno
LA_E_6334526,treino_interno
LA_E_6334844,treino_interno
LA_E_6335131,treino_interno
LA_E_6335214,treino_interno
LA_E_6335943,treino_interno
LA_E_6336023,treino_interno
LA_E_6336098,treino_interno
LA_E_6336421,early_stopping
LA_E_6336428,treino_interno
LA_E_6336440,treino_interno
LA_E_6337574,treino_interno
LA_E_6337584,treino_interno
LA_E_6337619,treino_interno
LA_E_6337907,treino_interno
LA_E_6338327,treino_interno
LA_E_6338661,treino_interno
LA_E_6339095,treino_interno
LA_E_6339955,treino_interno
LA_E_6341045,treino_interno
LA_E_6341060,treino_interno
LA_E_6341528,treino_interno
LA_E_6341569,treino_interno
LA_E_6341573,treino_interno
LA_E_6342331,early_stopping
LA_E_6342339,treino_interno
LA_E_6342605,treino_interno
LA_E_6342670,treino_interno
LA_E_6343189,treino_interno
LA_E_6343220,treino_interno
LA_E_6343358,treino_interno
LA_E_6343508,treino_interno
LA_E_6344460,early_stopping
LA_E_6344782,treino_interno
LA_E_6344992,treino_interno
LA_E_6345581,treino_interno
LA_E_6345683,treino_interno
LA_E_6345704,treino_interno
LA_E_6345888,early_stopping
LA_E_6346291,treino_interno
LA_E_6346829,treino_interno
LA_E_6347019,treino_interno
LA_E_6348019,treino_interno
LA_E_6348197,treino_interno
LA_E_6348386,treino_interno
LA_E_6349112,treino_interno
LA_E_6349664,treino_interno
LA_E_6349762,treino_interno
LA_E_6350098,treino_interno
LA_E_6350177,treino_interno
LA_E_6350230,treino_interno
LA_E_6350335,treino_interno
LA_E_6350427,treino_interno
LA_E_6350662,treino_interno
LA_E_6350744,treino_interno
LA_E_6351078,treino_interno
LA_E_6351489,early_stopping
LA_E_6351629,treino_interno
LA_E_6351968,treino_interno
LA_E_6352066,treino_interno
LA_E_6352397,treino_interno
LA_E_6352415,treino_interno
LA_E_6352735,treino_interno
LA_E_6353125,treino_interno
LA_E_6353595,treino_interno
LA_E_6353630,treino_interno
LA_E_6353749,treino_interno
LA_E_6354306,treino_interno
LA_E_6355020,treino_interno
LA_E_6355110,treino_interno
LA_E_6355513,treino_interno
LA_E_6355556,treino_interno
LA_E_6355904,treino_interno
LA_E_6356177,treino_interno
LA_E_6356285,treino_interno
LA_E_6357209,treino_interno
LA_E_6357717,treino_interno
LA_E_6357783,treino_interno
LA_E_6357981,treino_interno
LA_E_6358259,treino_interno
LA_E_6358301,treino_interno
LA_E_6358859,treino_interno
LA_E_6359003,early_stopping
LA_E_6359756,treino_interno
LA_E_6360106,treino_interno
LA_E_6360780,treino_interno
LA_E_6360878,treino_interno
LA_E_6361133,treino_interno
LA_E_6361438,treino_interno
LA_E_6361547,treino_interno
LA_E_6361621,treino_interno
LA_E_6362614,treino_interno
LA_E_6362871,treino_interno
LA_E_6363108,treino_interno
LA_E_6363391,treino_interno
LA_E_6363829,treino_interno
LA_E_6364432,treino_interno
LA_E_6364694,treino_interno
LA_E_6365121,treino_interno
LA_E_6365131,treino_interno
LA_E_6365384,treino_interno
LA_E_6365513,treino_interno
LA_E_6365965,early_stopping
LA_E_6366032,treino_interno
LA_E_6366536,treino_interno
LA_E_6366883,treino_interno
LA_E_6367371,treino_interno
LA_E_6368221,treino_interno
LA_E_6369477,treino_interno
LA_E_6369819,early_stopping
LA_E_6369876,treino_interno
LA_E_6370034,treino_interno
LA_E_6370292,treino_interno
LA_E_6370543,treino_interno
LA_E_6370710,treino_interno
LA_E_6370910,treino_interno
LA_E_6371122,treino_interno
LA_E_6371162,treino_interno
LA_E_6371588,treino_interno
LA_E_6371602,treino_interno
LA_E_6371738,treino_interno
LA_E_6371750,treino_interno
LA_E_6371910,treino_interno
LA_E_6372863,treino_interno
LA_E_6372909,treino_interno
LA_E_6372938,treino_interno
LA_E_6372958,treino_interno
LA_E_6374465,treino_interno
LA_E_6374799,treino_interno
LA_E_6375042,treino_interno
LA_E_6375284,treino_interno
LA_E_6375317,treino_interno
LA_E_6376126,treino_interno
LA_E_6376339,treino_interno
LA_E_6376579,treino_interno
LA_E_6376695,treino_interno
LA_E_6376726,treino_interno
LA_E_6376965,treino_interno
LA_E_6377086,treino_interno
LA_E_6377546,treino_interno
LA_E_6377602,treino_interno
LA_E_6378177,treino_interno
LA_E_6378338,early_stopping
LA_E_6379148,treino_interno
LA_E_6379779,treino_interno
LA_E_6379886,treino_interno
LA_E_6380116,treino_interno
LA_E_6380137,early_stopping
LA_E_6380868,treino_interno
LA_E_6381075,early_stopping
LA_E_6381504,treino_interno
LA_E_6382602,treino_interno
LA_E_6383132,treino_interno
LA_E_6384589,treino_interno
LA_E_6384810,treino_interno
LA_E_6385819,treino_interno
LA_E_6386051,treino_interno
LA_E_6386926,treino_interno
LA_E_6386981,treino_interno
LA_E_6387097,treino_interno
LA_E_6387478,treino_interno
LA_E_6387988,treino_interno
LA_E_6388304,treino_interno
LA_E_6388771,treino_interno
LA_E_6388916,treino_interno
LA_E_6389003,treino_interno
LA_E_6389315,treino_interno
LA_E_6389685,treino_interno
LA_E_6389903,treino_interno
LA_E_6390072,treino_interno
LA_E_6390231,treino_interno
LA_E_6390273,treino_interno
LA_E_6390372,early_stopping
LA_E_6390388,treino_interno
LA_E_6390666,treino_interno
LA_E_6391443,treino_interno
LA_E_6391503,treino_interno
LA_E_6392667,treino_interno
LA_E_6392882,treino_interno
LA_E_6392962,treino_interno
LA_E_6392993,treino_interno
LA_E_6393322,treino_interno
LA_E_6393714,treino_interno
LA_E_6393950,treino_interno
LA_E_6393982,early_stopping
LA_E_6394432,treino_interno
LA_E_6394497,treino_interno
LA_E_6394831,treino_interno
LA_E_6395162,treino_interno
LA_E_6396253,treino_interno
LA_E_6396401,treino_interno
LA_E_6397161,treino_interno
LA_E_6397227,treino_interno
LA_E_6397482,treino_interno
LA_E_6397706,treino_interno
LA_E_6398162,treino_interno
LA_E_6398299,treino_interno
LA_E_6399633,treino_interno
LA_E_6400256,treino_interno
LA_E_6400615,treino_interno
LA_E_6400642,treino_interno
LA_E_6401513,early_stopping
LA_E_6401926,treino_interno
LA_E_6402223,treino_interno
LA_E_6403831,treino_interno
LA_E_6404412,treino_interno
LA_E_6404636,treino_interno
LA_E_6404986,treino_interno
LA_E_6405101,treino_interno
LA_E_6405553,treino_interno
LA_E_6405806,treino_interno
LA_E_6406219,treino_interno
LA_E_6407521,treino_interno
LA_E_6408149,treino_interno
LA_E_6408725,treino_interno
LA_E_6409779,treino_interno
LA_E_6409869,treino_interno
LA_E_6410137,treino_interno
LA_E_6410540,treino_interno
LA_E_6411160,treino_interno
LA_E_6411262,treino_interno
LA_E_6411310,treino_interno
LA_E_6411521,treino_interno
LA_E_6411872,treino_interno
LA_E_6412130,treino_interno
LA_E_6412860,treino_interno
LA_E_6412914,treino_interno
LA_E_6413102,treino_interno
LA_E_6413327,treino_interno
LA_E_6413465,treino_interno
LA_E_6413512,treino_interno
LA_E_6413707,treino_interno
LA_E_6414417,treino_interno
LA_E_6414489,treino_interno
LA_E_6415031,treino_interno
LA_E_6415317,treino_interno
LA_E_6415601,treino_interno
LA_E_6416105,treino_interno
LA_E_6416450,treino_interno
LA_E_6417084,treino_interno
LA_E_6417640,early_stopping
LA_E_6417676,treino_interno
LA_E_6417725,treino_interno
LA_E_6418058,treino_interno
LA_E_6418096,treino_interno
LA_E_6418839,treino_interno
LA_E_6419979,treino_interno
LA_E_6420592,treino_interno
LA_E_6421359,treino_interno
LA_E_6421407,treino_interno
LA_E_6421643,treino_interno
LA_E_6421941,treino_interno
LA_E_6422227,treino_interno
LA_E_6422348,treino_interno
LA_E_6422387,treino_interno
LA_E_6422887,treino_interno
LA_E_6423173,treino_interno
LA_E_6423267,treino_interno
LA_E_6423273,treino_interno
LA_E_6423330,early_stopping
LA_E_6423782,treino_interno
LA_E_6424880,treino_interno
LA_E_6425019,treino_interno
LA_E_6425162,treino_interno
LA_E_6425448,treino_interno
LA_E_6425600,treino_interno
LA_E_6425796,treino_interno
LA_E_6426232,treino_interno
LA_E_6426430,treino_interno
LA_E_6426864,treino_interno
LA_E_6426948,treino_interno
LA_E_6427077,treino_interno
LA_E_6427418,treino_interno
LA_E_6427503,treino_interno
LA_E_6427578,treino_interno
LA_E_6428388,treino_interno
LA_E_6428506,treino_interno
LA_E_6428508,treino_interno
LA_E_6429692,treino_interno
LA_E_6429971,treino_interno
LA_E_6430542,treino_interno
LA_E_6430840,treino_interno
LA_E_6430887,treino_interno
LA_E_6431826,treino_interno
LA_E_6431949,treino_interno
LA_E_6432985,treino_interno
LA_E_6433601,treino_interno
LA_E_6433797,treino_interno
LA_E_6434238,treino_interno
LA_E_6434504,treino_interno
LA_E_6434685,treino_interno
LA_E_6435529,early_stopping
LA_E_6435733,treino_interno
LA_E_6435740,treino_interno
LA_E_6435741,treino_interno
LA_E_6435986,treino_interno
LA_E_6436403,treino_interno
LA_E_6436677,treino_interno
LA_E_6436739,treino_interno
LA_E_6436911,treino_interno
LA_E_6437122,early_stopping
LA_E_6437191,treino_interno
LA_E_6437406,treino_interno
LA_E_6437616,treino_interno
LA_E_6438220,treino_interno
LA_E_6438389,treino_interno
LA_E_6438899,treino_interno
LA_E_6439586,treino_interno
LA_E_6440049,early_stopping
LA_E_6440399,treino_interno
LA_E_6440461,treino_interno
LA_E_6440980,treino_interno
LA_E_6440994,treino_interno
LA_E_6441178,treino_interno
LA_E_6441842,early_stopping
LA_E_6441989,treino_interno
LA_E_6442400,early_stopping
LA_E_6442437,treino_interno
LA_E_6443813,treino_interno
LA_E_6444630,treino_interno
LA_E_6445030,treino_interno
LA_E_6445293,treino_interno
LA_E_6445512,treino_interno
LA_E_6446394,treino_interno
LA_E_6446870,treino_interno
LA_E_6447552,treino_interno
LA_E_6447833,treino_interno
LA_E_6448044,treino_interno
LA_E_6448421,treino_interno
LA_E_6449059,treino_interno
LA_E_6449188,treino_interno
LA_E_6449356,treino_interno
LA_E_6450048,treino_interno
LA_E_6451010,treino_interno
LA_E_6451120,treino_interno
LA_E_6451186,treino_interno
LA_E_6452213,early_stopping
LA_E_6452313,treino_interno
LA_E_6452345,treino_interno
LA_E_6452358,treino_interno
LA_E_6452566,treino_interno
LA_E_6452663,treino_interno
LA_E_6452772,treino_interno
LA_E_6452947,treino_interno
LA_E_6453037,treino_interno
LA_E_6453318,treino_interno
LA_E_6453637,treino_interno
LA_E_6453640,treino_interno
LA_E_6453764,treino_interno
LA_E_6453882,treino_interno
LA_E_6454653,treino_interno
LA_E_6455550,treino_interno
LA_E_6456644,treino_interno
LA_E_6456684,treino_interno
LA_E_6456821,treino_interno
LA_E_6457035,treino_interno
LA_E_6457782,treino_interno
LA_E_6457813,treino_interno
LA_E_6458278,treino_interno
LA_E_6458315,treino_interno
LA_E_6458392,treino_interno
LA_E_6458463,treino_interno
LA_E_6459052,treino_interno
LA_E_6459266,treino_interno
LA_E_6459795,treino_interno
LA_E_6460111,treino_interno
LA_E_6460550,treino_interno
LA_E_6460651,treino_interno
LA_E_6460824,treino_interno
LA_E_6460836,treino_interno
LA_E_6460995,treino_interno
LA_E_6461385,treino_interno
LA_E_6462014,treino_interno
LA_E_6463003,treino_interno
LA_E_6463155,treino_interno
LA_E_6464109,treino_interno
LA_E_6464130,treino_interno
LA_E_6464466,treino_interno
LA_E_6464929,treino_interno
LA_E_6465230,treino_interno
LA_E_6465290,treino_interno
LA_E_6465320,treino_interno
LA_E_6465842,treino_interno
LA_E_6466259,early_stopping
LA_E_6466772,treino_interno
LA_E_6466854,treino_interno
LA_E_6466984,treino_interno
LA_E_6467009,treino_interno
LA_E_6467014,treino_interno
LA_E_6467544,treino_interno
LA_E_6467567,treino_interno
LA_E_6467827,treino_interno
LA_E_6468176,treino_interno
LA_E_6469126,treino_interno
LA_E_6469385,treino_interno
LA_E_6469483,treino_interno
LA_E_6469502,treino_interno
LA_E_6469570,treino_interno
LA_E_6469745,treino_interno
LA_E_6469828,treino_interno
LA_E_6470571,treino_interno
LA_E_6471201,treino_interno
LA_E_6471219,treino_interno
LA_E_6471525,treino_interno
LA_E_6471903,treino_interno
LA_E_6472189,treino_interno
LA_E_6472272,treino_interno
LA_E_6472277,treino_interno
LA_E_6472381,treino_interno
LA_E_6472464,treino_interno
LA_E_6473039,treino_interno
LA_E_6474444,treino_interno
LA_E_6474522,treino_interno
LA_E_6474542,early_stopping
LA_E_6474773,early_stopping
LA_E_6474956,treino_interno
LA_E_6475563,treino_interno
LA_E_6476059,treino_interno
LA_E_6476585,early_stopping
LA_E_6476994,early_stopping
LA_E_6477470,treino_interno
LA_E_6478230,treino_interno
LA_E_6478459,treino_interno
LA_E_6478780,treino_interno
LA_E_6479004,treino_interno
LA_E_6479023,treino_interno
LA_E_6479685,treino_interno
LA_E_6479687,treino_interno
LA_E_6479719,treino_interno
LA_E_6479759,treino_interno
LA_E_6479966,treino_interno
LA_E_6480603,early_stopping
LA_E_6480605,treino_interno
LA_E_6480612,treino_interno
LA_E_6481180,treino_interno
LA_E_6481270,treino_interno
LA_E_6482018,treino_interno
LA_E_6482253,treino_interno
LA_E_6483062,treino_interno
LA_E_6483111,treino_interno
LA_E_6483158,early_stopping
LA_E_6483243,treino_interno
LA_E_6483509,treino_interno
LA_E_6484165,treino_interno
LA_E_6484227,treino_interno
LA_E_6484391,treino_interno
LA_E_6484601,treino_interno
LA_E_6484689,treino_interno
LA_E_6484720,treino_interno
LA_E_6485065,early_stopping
LA_E_6485211,early_stopping
LA_E_6485278,treino_interno
LA_E_6485667,treino_interno
LA_E_6486205,treino_interno
LA_E_6486429,treino_interno
LA_E_6486585,treino_interno
LA_E_6486872,treino_interno
LA_E_6487450,treino_interno
LA_E_6488259,treino_interno
LA_E_6488347,treino_interno
LA_E_6488357,treino_interno
LA_E_6488452,treino_interno
LA_E_6488940,treino_interno
LA_E_6489701,treino_interno
LA_E_6490607,treino_interno
LA_E_6490729,treino_interno
LA_E_6490944,treino_interno
LA_E_6491116,treino_interno
LA_E_6491997,treino_interno
LA_E_6492888,treino_interno
LA_E_6493073,treino_interno
LA_E_6493289,treino_interno
LA_E_6493315,early_stopping
LA_E_6493465,treino_interno
LA_E_6493664,early_stopping
LA_E_6493884,treino_interno
LA_E_6494415,treino_interno
LA_E_6495380,early_stopping
LA_E_6495387,treino_interno
LA_E_6496972,treino_interno
LA_E_6497725,treino_interno
LA_E_6498512,treino_interno
LA_E_6499067,treino_interno
LA_E_6499300,treino_interno
LA_E_6499885,early_stopping
LA_E_6500528,treino_interno
LA_E_6500620,treino_interno
LA_E_6500639,treino_interno
LA_E_6501253,treino_interno
LA_E_6501417,treino_interno
LA_E_6501624,treino_interno
LA_E_6501988,treino_interno
LA_E_6502046,treino_interno
LA_E_6503058,early_stopping
LA_E_6503254,treino_interno
LA_E_6503352,treino_interno
LA_E_6503382,treino_interno
LA_E_6503510,treino_interno
LA_E_6503536,treino_interno
LA_E_6503543,treino_interno
LA_E_6503843,treino_interno
LA_E_6504079,treino_interno
LA_E_6504244,treino_interno
LA_E_6504332,treino_interno
LA_E_6504848,treino_interno
LA_E_6505442,treino_interno
LA_E_6505666,treino_interno
LA_E_6505681,treino_interno
LA_E_6505775,treino_interno
LA_E_6506177,treino_interno
LA_E_6506657,treino_interno
LA_E_6506711,treino_interno
LA_E_6507051,treino_interno
LA_E_6507686,treino_interno
LA_E_6508838,treino_interno
LA_E_6508885,treino_interno
LA_E_6509002,treino_interno
LA_E_6509669,treino_interno
LA_E_6509808,early_stopping
LA_E_6510223,treino_interno
LA_E_6510400,treino_interno
LA_E_6510589,early_stopping
LA_E_6510632,treino_interno
LA_E_6510744,treino_interno
LA_E_6510923,treino_interno
LA_E_6511287,treino_interno
LA_E_6511482,early_stopping
LA_E_6511486,treino_interno
LA_E_6511963,treino_interno
LA_E_6512322,treino_interno
LA_E_6512505,treino_interno
LA_E_6513200,treino_interno
LA_E_6513315,treino_interno
LA_E_6513344,treino_interno
LA_E_6513395,treino_interno
LA_E_6514841,treino_interno
LA_E_6514962,treino_interno
LA_E_6515274,treino_interno
LA_E_6516113,treino_interno
LA_E_6516245,treino_interno
LA_E_6516374,treino_interno
LA_E_6516561,treino_interno
LA_E_6516635,treino_interno
LA_E_6516950,treino_interno
LA_E_6517215,treino_interno
LA_E_6517972,treino_interno
LA_E_6518497,early_stopping
LA_E_6519063,treino_interno
LA_E_6519140,treino_interno
LA_E_6519262,treino_interno
LA_E_6519534,treino_interno
LA_E_6519749,treino_interno
LA_E_6520043,treino_interno
LA_E_6520358,treino_interno
LA_E_6520439,treino_interno
LA_E_6521241,early_stopping
LA_E_6522758,treino_interno
LA_E_6522839,treino_interno
LA_E_6523084,treino_interno
LA_E_6523334,treino_interno
LA_E_6523353,treino_interno
LA_E_6523942,treino_interno
LA_E_6524331,treino_interno
LA_E_6524634,treino_interno
LA_E_6524782,treino_interno
LA_E_6524860,treino_interno
LA_E_6524891,treino_interno
LA_E_6525504,treino_interno
LA_E_6525583,treino_interno
LA_E_6525622,treino_interno
LA_E_6526077,treino_interno
LA_E_6526229,treino_interno
LA_E_6526324,treino_interno
LA_E_6526492,treino_interno
LA_E_6526584,treino_interno
LA_E_6526665,treino_interno
LA_E_6526785,treino_interno
LA_E_6526882,early_stopping
LA_E_6527009,treino_interno
LA_E_6527250,treino_interno
LA_E_6527593,early_stopping
LA_E_6528524,treino_interno
LA_E_6528766,treino_interno
LA_E_6528983,treino_interno
LA_E_6529610,treino_interno
LA_E_6529936,treino_interno
LA_E_6530615,treino_interno
LA_E_6531142,treino_interno
LA_E_6532112,treino_interno
LA_E_6532255,treino_interno
LA_E_6532334,early_stopping
LA_E_6532378,treino_interno
LA_E_6532527,treino_interno
LA_E_6533290,treino_interno
LA_E_6534592,treino_interno
LA_E_6534737,treino_interno
LA_E_6535011,treino_interno
LA_E_6536161,treino_interno
LA_E_6536345,treino_interno
LA_E_6537080,treino_interno
LA_E_6537358,treino_interno
LA_E_6537473,early_stopping
LA_E_6537488,early_stopping
LA_E_6537505,early_stopping
LA_E_6537687,treino_interno
LA_E_6538128,treino_interno
LA_E_6538730,treino_interno
LA_E_6539067,treino_interno
LA_E_6540441,treino_interno
LA_E_6540544,treino_interno
LA_E_6541539,early_stopping
LA_E_6541543,treino_interno
LA_E_6541628,treino_interno
LA_E_6541670,early_stopping
LA_E_6542009,treino_interno
LA_E_6542231,treino_interno
LA_E_6542794,treino_interno
LA_E_6542897,treino_interno
LA_E_6543853,treino_interno
LA_E_6544060,treino_interno
LA_E_6544437,treino_interno
LA_E_6544772,treino_interno
LA_E_6545110,treino_interno
LA_E_6545166,treino_interno
LA_E_6545824,early_stopping
LA_E_6546147,treino_interno
LA_E_6546820,treino_interno
LA_E_6546899,treino_interno
LA_E_6546967,treino_interno
LA_E_6547713,treino_interno
LA_E_6548249,treino_interno
LA_E_6548651,treino_interno
LA_E_6548861,treino_interno
LA_E_6548891,treino_interno
LA_E_6548930,treino_interno
LA_E_6549162,treino_interno
LA_E_6549245,treino_interno
LA_E_6549510,treino_interno
LA_E_6549906,treino_interno
LA_E_6550210,treino_interno
LA_E_6550989,treino_interno
LA_E_6551182,treino_interno
LA_E_6551186,early_stopping
LA_E_6551752,early_stopping
LA_E_6552021,treino_interno
LA_E_6552186,treino_interno
LA_E_6552209,treino_interno
LA_E_6552328,treino_interno
LA_E_6552633,treino_interno
LA_E_6552985,treino_interno
LA_E_6553118,treino_interno
LA_E_6553208,treino_interno
LA_E_6553643,treino_interno
LA_E_6554213,early_stopping
LA_E_6554295,early_stopping
LA_E_6554463,treino_interno
LA_E_6554512,treino_interno
LA_E_6554876,treino_interno
LA_E_6555032,treino_interno
LA_E_6555217,treino_interno
LA_E_6555249,treino_interno
LA_E_6555668,treino_interno
LA_E_6555792,early_stopping
LA_E_6555943,treino_interno
LA_E_6556430,treino_interno
LA_E_6556963,treino_interno
LA_E_6557177,treino_interno
LA_E_6557577,treino_interno
LA_E_6557821,treino_interno
LA_E_6557866,treino_interno
LA_E_6558098,treino_interno
LA_E_6558415,treino_interno
LA_E_6558687,treino_interno
LA_E_6559021,early_stopping
LA_E_6559055,treino_interno
LA_E_6559515,treino_interno
LA_E_6560849,treino_interno
LA_E_6561065,early_stopping
LA_E_6561500,treino_interno
LA_E_6561666,treino_interno
LA_E_6561860,treino_interno
LA_E_6562318,treino_interno
LA_E_6563430,treino_interno
LA_E_6563854,treino_interno
LA_E_6564408,treino_interno
LA_E_6564465,treino_interno
LA_E_6564751,treino_interno
LA_E_6564996,treino_interno
LA_E_6565301,early_stopping
LA_E_6565345,treino_interno
LA_E_6565913,treino_interno
LA_E_6566208,treino_interno
LA_E_6566641,treino_interno
LA_E_6566686,treino_interno
LA_E_6566778,treino_interno
LA_E_6567502,treino_interno
LA_E_6567535,treino_interno
LA_E_6567642,treino_interno
LA_E_6568245,treino_interno
LA_E_6568724,treino_interno
LA_E_6569054,treino_interno
LA_E_6569479,treino_interno
LA_E_6570124,treino_interno
LA_E_6570230,treino_interno
LA_E_6570780,treino_interno
LA_E_6570900,treino_interno
LA_E_6571062,treino_interno
LA_E_6571138,treino_interno
LA_E_6571359,treino_interno
LA_E_6572293,treino_interno
LA_E_6573289,treino_interno
LA_E_6573440,treino_interno
LA_E_6573745,treino_interno
LA_E_6573759,treino_interno
LA_E_6574601,treino_interno
LA_E_6574692,treino_interno
LA_E_6575192,treino_interno
LA_E_6575230,treino_interno
LA_E_6575235,treino_interno
LA_E_6575382,treino_interno
LA_E_6575420,treino_interno
LA_E_6575540,treino_interno
LA_E_6575658,early_stopping
LA_E_6577352,treino_interno
LA_E_6577651,treino_interno
LA_E_6578009,treino_interno
LA_E_6578100,treino_interno
LA_E_6578243,treino_interno
LA_E_6579046,treino_interno
LA_E_6579319,treino_interno
LA_E_6579456,treino_interno
LA_E_6579491,treino_interno
LA_E_6579865,early_stopping
LA_E_6579947,treino_interno
LA_E_6580083,treino_interno
LA_E_6580176,treino_interno
LA_E_6580770,treino_interno
LA_E_6580971,treino_interno
LA_E_6581417,treino_interno
LA_E_6582101,treino_interno
LA_E_6582361,treino_interno
LA_E_6582387,treino_interno
LA_E_6582425,treino_interno
LA_E_6582559,treino_interno
LA_E_6583370,treino_interno
LA_E_6583722,treino_interno
LA_E_6585094,treino_interno
LA_E_6585485,treino_interno
LA_E_6585578,treino_interno
LA_E_6585688,treino_interno
LA_E_6585936,treino_interno
LA_E_6586521,treino_interno
LA_E_6586865,treino_interno
LA_E_6587524,treino_interno
LA_E_6587794,treino_interno
LA_E_6587986,treino_interno
LA_E_6588039,treino_interno
LA_E_6588087,treino_interno
LA_E_6588270,treino_interno
LA_E_6588842,treino_interno
LA_E_6588975,treino_interno
LA_E_6589504,treino_interno
LA_E_6589728,early_stopping
LA_E_6589874,treino_interno
LA_E_6590278,early_stopping
LA_E_6590698,treino_interno
LA_E_6590972,treino_interno
LA_E_6591115,treino_interno
LA_E_6591473,treino_interno
LA_E_6591973,treino_interno
LA_E_6591995,treino_interno
LA_E_6592057,early_stopping
LA_E_6592077,treino_interno
LA_E_6592138,treino_interno
LA_E_6592315,treino_interno
LA_E_6592322,treino_interno
LA_E_6592649,early_stopping
LA_E_6592655,treino_interno
LA_E_6592748,treino_interno
LA_E_6592856,treino_interno
LA_E_6593445,treino_interno
LA_E_6593491,treino_interno
LA_E_6593876,treino_interno
LA_E_6594061,treino_interno
LA_E_6594579,treino_interno
LA_E_6594745,treino_interno
LA_E_6594906,treino_interno
LA_E_6594925,treino_interno
LA_E_6595092,treino_interno
LA_E_6595124,early_stopping
LA_E_6595581,early_stopping
LA_E_6596087,treino_interno
LA_E_6596216,treino_interno
LA_E_6597030,early_stopping
LA_E_6597134,treino_interno
LA_E_6597539,early_stopping
LA_E_6597578,treino_interno
LA_E_6597911,treino_interno
LA_E_6598794,treino_interno
LA_E_6599548,treino_interno
LA_E_6599884,early_stopping
LA_E_6600732,early_stopping
LA_E_6600869,treino_interno
LA_E_6601085,treino_interno
LA_E_6601390,treino_interno
LA_E_6601958,treino_interno
LA_E_6602042,early_stopping
LA_E_6602071,treino_interno
LA_E_6602197,treino_interno
LA_E_6602487,treino_interno
LA_E_6602533,treino_interno
LA_E_6602866,treino_interno
LA_E_6603346,treino_interno
LA_E_6603925,treino_interno
LA_E_6604124,treino_interno
LA_E_6604289,treino_interno
LA_E_6604298,treino_interno
LA_E_6605026,treino_interno
LA_E_6605217,treino_interno
LA_E_6605427,treino_interno
LA_E_6605799,treino_interno
LA_E_6605954,treino_interno
LA_E_6606488,treino_interno
LA_E_6607041,treino_interno
LA_E_6607164,treino_interno
LA_E_6608190,treino_interno
LA_E_6608427,treino_interno
LA_E_6608684,treino_interno
LA_E_6608746,early_stopping
LA_E_6608910,treino_interno
LA_E_6608981,early_stopping
LA_E_6609153,treino_interno
LA_E_6609414,treino_interno
LA_E_6609537,treino_interno
LA_E_6609807,early_stopping
LA_E_6610204,treino_interno
LA_E_6610246,treino_interno
LA_E_6610408,treino_interno
LA_E_6610509,treino_interno
LA_E_6610543,treino_interno
LA_E_6610673,treino_interno
LA_E_6611394,treino_interno
LA_E_6611780,treino_interno
LA_E_6611842,treino_interno
LA_E_6612148,treino_interno
LA_E_6612215,treino_interno
LA_E_6612364,treino_interno
LA_E_6612741,treino_interno
LA_E_6613155,treino_interno
LA_E_6613414,treino_interno
LA_E_6613664,treino_interno
LA_E_6613840,treino_interno
LA_E_6613897,treino_interno
LA_E_6614358,treino_interno
LA_E_6614488,treino_interno
LA_E_6614716,treino_interno
LA_E_6615286,treino_interno
LA_E_6615287,treino_interno
LA_E_6615462,early_stopping
LA_E_6616377,treino_interno
LA_E_6616695,treino_interno
LA_E_6616786,treino_interno
LA_E_6616878,treino_interno
LA_E_6617015,treino_interno
LA_E_6617199,treino_interno
LA_E_6617457,treino_interno
LA_E_6617858,treino_interno
LA_E_6617873,treino_interno
LA_E_6617948,treino_interno
LA_E_6618463,treino_interno
LA_E_6618602,early_stopping
LA_E_6618757,treino_interno
LA_E_6619008,treino_interno
LA_E_6619075,treino_interno
LA_E_6619457,treino_interno
LA_E_6619695,treino_interno
LA_E_6619788,treino_interno
LA_E_6619840,treino_interno
LA_E_6620249,treino_interno
LA_E_6620437,treino_interno
LA_E_6620833,early_stopping
LA_E_6621603,early_stopping
LA_E_6621801,early_stopping
LA_E_6622054,treino_interno
LA_E_6622291,treino_interno
LA_E_6622565,treino_interno
LA_E_6622764,treino_interno
LA_E_6622784,treino_interno
LA_E_6623146,treino_interno
LA_E_6623196,treino_interno
LA_E_6623495,treino_interno
LA_E_6624576,treino_interno
LA_E_6624893,treino_interno
LA_E_6625021,treino_interno
LA_E_6625104,treino_interno
LA_E_6625446,treino_interno
LA_E_6625816,treino_interno
LA_E_6625956,treino_interno
LA_E_6626076,treino_interno
LA_E_6626238,treino_interno
LA_E_6627103,treino_interno
LA_E_6627631,treino_interno
LA_E_6627677,treino_interno
LA_E_6628002,treino_interno
LA_E_6628160,treino_interno
LA_E_6628197,treino_interno
LA_E_6628479,treino_interno
LA_E_6629187,treino_interno
LA_E_6629441,treino_interno
LA_E_6629964,treino_interno
LA_E_6630762,treino_interno
LA_E_6631023,treino_interno
LA_E_6631101,treino_interno
LA_E_6631188,treino_interno
LA_E_6631296,treino_interno
LA_E_6631298,treino_interno
LA_E_6631783,treino_interno
LA_E_6631894,treino_interno
LA_E_6631909,treino_interno
LA_E_6632815,treino_interno
LA_E_6633032,treino_interno
LA_E_6633214,treino_interno
LA_E_6633324,treino_interno
LA_E_6633972,treino_interno
LA_E_6634207,treino_interno
LA_E_6634263,treino_interno
LA_E_6634610,treino_interno
LA_E_6635129,treino_interno
LA_E_6635475,early_stopping
LA_E_6635615,treino_interno
LA_E_6635724,treino_interno
LA_E_6636046,treino_interno
LA_E_6636059,treino_interno
LA_E_6636074,treino_interno
LA_E_6636339,treino_interno
LA_E_6636904,treino_interno
LA_E_6637610,early_stopping
LA_E_6638509,treino_interno
LA_E_6638640,treino_interno
LA_E_6638675,treino_interno
LA_E_6639131,treino_interno
LA_E_6639314,treino_interno
LA_E_6639833,treino_interno
LA_E_6640289,treino_interno
LA_E_6640392,treino_interno
LA_E_6640421,treino_interno
LA_E_6640806,early_stopping
LA_E_6641343,treino_interno
LA_E_6641707,treino_interno
LA_E_6642058,treino_interno
LA_E_6642974,treino_interno
LA_E_6643034,early_stopping
LA_E_6643622,treino_interno
LA_E_6643651,treino_interno
LA_E_6643760,treino_interno
LA_E_6643972,treino_interno
LA_E_6643976,treino_interno
LA_E_6644084,treino_interno
LA_E_6644215,treino_interno
LA_E_6644465,treino_interno
LA_E_6644606,treino_interno
LA_E_6645069,treino_interno
LA_E_6645393,treino_interno
LA_E_6646075,treino_interno
LA_E_6646181,treino_interno
LA_E_6646325,early_stopping
LA_E_6646352,treino_interno
LA_E_6646462,treino_interno
LA_E_6647219,treino_interno
LA_E_6647231,treino_interno
LA_E_6647398,treino_interno
LA_E_6647409,treino_interno
LA_E_6647440,early_stopping
LA_E_6648468,treino_interno
LA_E_6648480,treino_interno
LA_E_6648711,treino_interno
LA_E_6648953,treino_interno
LA_E_6648965,treino_interno
LA_E_6649351,treino_interno
LA_E_6649479,treino_interno
LA_E_6649717,treino_interno
LA_E_6649859,treino_interno
LA_E_6649981,treino_interno
LA_E_6650859,treino_interno
LA_E_6651002,treino_interno
LA_E_6651093,treino_interno
LA_E_6651227,treino_interno
LA_E_6651342,treino_interno
LA_E_6651392,treino_interno
LA_E_6651430,treino_interno
LA_E_6651585,treino_interno
LA_E_6651749,treino_interno
LA_E_6651773,treino_interno
LA_E_6652063,treino_interno
LA_E_6652370,treino_interno
LA_E_6652399,treino_interno
LA_E_6652923,early_stopping
LA_E_6653004,treino_interno
LA_E_6653049,treino_interno
LA_E_6653537,treino_interno
LA_E_6653694,treino_interno
LA_E_6654332,treino_interno
LA_E_6654607,early_stopping
LA_E_6654737,treino_interno
LA_E_6654796,treino_interno
LA_E_6654818,treino_interno
LA_E_6654963,treino_interno
LA_E_6655089,treino_interno
LA_E_6655324,early_stopping
LA_E_6655473,treino_interno
LA_E_6655573,treino_interno
LA_E_6655850,treino_interno
LA_E_6655978,treino_interno
LA_E_6656001,treino_interno
LA_E_6656475,treino_interno
LA_E_6656518,treino_interno
LA_E_6656562,treino_interno
LA_E_6657295,treino_interno
LA_E_6657633,treino_interno
LA_E_6657978,treino_interno
LA_E_6658450,treino_interno
LA_E_6659162,treino_interno
LA_E_6659178,early_stopping
LA_E_6659323,treino_interno
LA_E_6659740,treino_interno
LA_E_6660023,treino_interno
LA_E_6660154,treino_interno
LA_E_6661050,treino_interno
LA_E_6661428,treino_interno
LA_E_6661622,treino_interno
LA_E_6661628,treino_interno
LA_E_6661652,treino_interno
LA_E_6661844,treino_interno
LA_E_6662162,treino_interno
LA_E_6662283,treino_interno
LA_E_6662445,treino_interno
LA_E_6662802,treino_interno
LA_E_6662810,early_stopping
LA_E_6663263,treino_interno
LA_E_6663696,treino_interno
LA_E_6664565,treino_interno
LA_E_6664593,treino_interno
LA_E_6664777,treino_interno
LA_E_6664804,early_stopping
LA_E_6664973,treino_interno
LA_E_6665124,treino_interno
LA_E_6665171,treino_interno
LA_E_6665978,treino_interno
LA_E_6666282,treino_interno
LA_E_6666451,treino_interno
LA_E_6666569,early_stopping
LA_E_6666650,treino_interno
LA_E_6666951,treino_interno
LA_E_6667084,treino_interno
LA_E_6667148,treino_interno
LA_E_6667218,treino_interno
LA_E_6667252,treino_interno
LA_E_6667329,early_stopping
LA_E_6668079,treino_interno
LA_E_6668409,treino_interno
LA_E_6668442,early_stopping
LA_E_6668670,treino_interno
LA_E_6668740,treino_interno
LA_E_6668782,treino_interno
LA_E_6668987,treino_interno
LA_E_6669376,treino_interno
LA_E_6669468,treino_interno
LA_E_6669478,treino_interno
LA_E_6669959,treino_interno
LA_E_6670027,treino_interno
LA_E_6670241,treino_interno
LA_E_6670786,treino_interno
LA_E_6671007,treino_interno
LA_E_6671119,treino_interno
LA_E_6671154,treino_interno
LA_E_6671180,treino_interno
LA_E_6671276,treino_interno
LA_E_6671400,treino_interno
LA_E_6671435,treino_interno
LA_E_6671792,early_stopping
LA_E_6671934,treino_interno
LA_E_6672075,treino_interno
LA_E_6672216,early_stopping
LA_E_6672284,treino_interno
LA_E_6672783,treino_interno
LA_E_6673775,treino_interno
LA_E_6674178,treino_interno
LA_E_6674239,treino_interno
LA_E_6674416,treino_interno
LA_E_6674512,treino_interno
LA_E_6675023,treino_interno
LA_E_6675762,treino_interno
LA_E_6676483,treino_interno
LA_E_6677964,treino_interno
LA_E_6678104,treino_interno
LA_E_6678973,treino_interno
LA_E_6679148,treino_interno
LA_E_6679766,treino_interno
LA_E_6680278,treino_interno
LA_E_6680890,treino_interno
LA_E_6680938,treino_interno
LA_E_6681174,treino_interno
LA_E_6681197,treino_interno
LA_E_6681420,early_stopping
LA_E_6681869,treino_interno
LA_E_6682090,treino_interno
LA_E_6682579,treino_interno
LA_E_6682636,treino_interno
LA_E_6682935,treino_interno
LA_E_6683649,treino_interno
LA_E_6683804,treino_interno
LA_E_6683952,treino_interno
LA_E_6684510,early_stopping
LA_E_6684949,treino_interno
LA_E_6685085,treino_interno
LA_E_6685251,treino_interno
LA_E_6685610,treino_interno
LA_E_6686005,treino_interno
LA_E_6686007,treino_interno
LA_E_6686010,early_stopping
LA_E_6686126,treino_interno
LA_E_6686282,treino_interno
LA_E_6686475,treino_interno
LA_E_6686543,treino_interno
LA_E_6686854,treino_interno
LA_E_6686930,treino_interno
LA_E_6688191,treino_interno
LA_E_6688310,treino_interno
LA_E_6688492,treino_interno
LA_E_6688557,treino_interno
LA_E_6688632,treino_interno
LA_E_6688668,treino_interno
LA_E_6688876,treino_interno
LA_E_6688989,treino_interno
LA_E_6689052,treino_interno
LA_E_6689590,treino_interno
LA_E_6689891,treino_interno
LA_E_6690062,treino_interno
LA_E_6690181,treino_interno
LA_E_6691822,early_stopping
LA_E_6692122,early_stopping
LA_E_6692420,treino_interno
LA_E_6692467,treino_interno
LA_E_6692512,treino_interno
LA_E_6692703,treino_interno
LA_E_6692806,treino_interno
LA_E_6692824,early_stopping
LA_E_6693475,early_stopping
LA_E_6693649,treino_interno
LA_E_6694032,treino_interno
LA_E_6694045,treino_interno
LA_E_6694194,treino_interno
LA_E_6694751,treino_interno
LA_E_6695125,treino_interno
LA_E_6695272,treino_interno
LA_E_6695339,treino_interno
LA_E_6695395,early_stopping
LA_E_6696165,treino_interno
LA_E_6696660,treino_interno
LA_E_6697014,treino_interno
LA_E_6697118,treino_interno
LA_E_6697204,treino_interno
LA_E_6697365,treino_interno
LA_E_6697841,treino_interno
LA_E_6697868,treino_interno
LA_E_6698611,treino_interno
LA_E_6698786,treino_interno
LA_E_6698909,treino_interno
LA_E_6698998,treino_interno
LA_E_6699046,treino_interno
LA_E_6699954,treino_interno
LA_E_6700184,treino_interno
LA_E_6700508,treino_interno
LA_E_6700760,treino_interno
LA_E_6701302,early_stopping
LA_E_6701520,treino_interno
LA_E_6701663,treino_interno
LA_E_6702527,treino_interno
LA_E_6702668,treino_interno
LA_E_6703053,treino_interno
LA_E_6703312,treino_interno
LA_E_6703381,treino_interno
LA_E_6703913,treino_interno
LA_E_6704208,treino_interno
LA_E_6704323,treino_interno
LA_E_6704469,treino_interno
LA_E_6704499,treino_interno
LA_E_6704670,treino_interno
LA_E_6705382,treino_interno
LA_E_6705632,treino_interno
LA_E_6706198,treino_interno
LA_E_6706432,treino_interno
LA_E_6706713,treino_interno
LA_E_6707040,treino_interno
LA_E_6707596,treino_interno
LA_E_6707815,treino_interno
LA_E_6707900,treino_interno
LA_E_6708038,treino_interno
LA_E_6708198,treino_interno
LA_E_6708266,treino_interno
LA_E_6708422,treino_interno
LA_E_6708533,treino_interno
LA_E_6708796,treino_interno
LA_E_6708868,treino_interno
LA_E_6708937,treino_interno
LA_E_6709429,treino_interno
LA_E_6710041,treino_interno
LA_E_6710146,treino_interno
LA_E_6710161,early_stopping
LA_E_6710355,treino_interno
LA_E_6710504,treino_interno
LA_E_6710524,treino_interno
LA_E_6710880,treino_interno
LA_E_6711127,treino_interno
LA_E_6711170,treino_interno
LA_E_6711356,treino_interno
LA_E_6711483,treino_interno
LA_E_6711531,treino_interno
LA_E_6711797,treino_interno
LA_E_6711812,treino_interno
LA_E_6711955,treino_interno
LA_E_6712074,treino_interno
LA_E_6712751,treino_interno
LA_E_6712889,treino_interno
LA_E_6713219,treino_interno
LA_E_6713789,treino_interno
LA_E_6714197,treino_interno
LA_E_6714254,treino_interno
LA_E_6715717,treino_interno
LA_E_6715852,treino_interno
LA_E_6715943,treino_interno
LA_E_6716606,treino_interno
LA_E_6716795,treino_interno
LA_E_6716998,treino_interno
LA_E_6717019,treino_interno
LA_E_6717044,treino_interno
LA_E_6717668,treino_interno
LA_E_6717952,treino_interno
LA_E_6718111,treino_interno
LA_E_6718309,treino_interno
LA_E_6718360,early_stopping
LA_E_6718479,treino_interno
LA_E_6718868,treino_interno
LA_E_6719180,treino_interno
LA_E_6719355,treino_interno
LA_E_6719459,treino_interno
LA_E_6719908,treino_interno
LA_E_6719971,treino_interno
LA_E_6720389,treino_interno
LA_E_6721506,treino_interno
LA_E_6722191,treino_interno
LA_E_6722417,treino_interno
LA_E_6722897,treino_interno
LA_E_6722901,treino_interno
LA_E_6722997,treino_interno
LA_E_6723030,treino_interno
LA_E_6723090,treino_interno
LA_E_6723379,treino_interno
LA_E_6723442,treino_interno
LA_E_6723571,treino_interno
LA_E_6723743,treino_interno
LA_E_6723787,treino_interno
LA_E_6723961,treino_interno
LA_E_6724610,treino_interno
LA_E_6724624,treino_interno
LA_E_6724756,treino_interno
LA_E_6725055,treino_interno
LA_E_6725441,treino_interno
LA_E_6725514,treino_interno
LA_E_6726056,treino_interno
LA_E_6726102,treino_interno
LA_E_6726113,treino_interno
LA_E_6726468,treino_interno
LA_E_6727490,treino_interno
LA_E_6727598,early_stopping
LA_E_6728007,early_stopping
LA_E_6728093,treino_interno
LA_E_6728367,treino_interno
LA_E_6728958,treino_interno
LA_E_6729866,treino_interno
LA_E_6729964,treino_interno
LA_E_6730032,treino_interno
LA_E_6730138,treino_interno
LA_E_6730637,treino_interno
LA_E_6730899,treino_interno
LA_E_6730986,treino_interno
LA_E_6731674,treino_interno
LA_E_6731842,early_stopping
LA_E_6732216,treino_interno
LA_E_6732478,treino_interno
LA_E_6732864,treino_interno
LA_E_6732920,treino_interno
LA_E_6733095,treino_interno
LA_E_6733333,treino_interno
LA_E_6733370,treino_interno
LA_E_6733440,treino_interno
LA_E_6733745,treino_interno
LA_E_6733991,treino_interno
LA_E_6734178,treino_interno
LA_E_6734800,treino_interno
LA_E_6735026,treino_interno
LA_E_6735190,treino_interno
LA_E_6735312,treino_interno
LA_E_6735701,treino_interno
LA_E_6735782,treino_interno
LA_E_6736052,treino_interno
LA_E_6736108,treino_interno
LA_E_6736132,treino_interno
LA_E_6736142,early_stopping
LA_E_6736175,treino_interno
LA_E_6736634,treino_interno
LA_E_6736869,treino_interno
LA_E_6737245,treino_interno
LA_E_6738248,treino_interno
LA_E_6738912,treino_interno
LA_E_6738923,treino_interno
LA_E_6738945,treino_interno
LA_E_6739152,treino_interno
LA_E_6739190,treino_interno
LA_E_6739473,treino_interno
LA_E_6739531,treino_interno
LA_E_6740412,treino_interno
LA_E_6740548,treino_interno
LA_E_6740573,treino_interno
LA_E_6741045,treino_interno
LA_E_6741488,treino_interno
LA_E_6741648,treino_interno
LA_E_6742104,treino_interno
LA_E_6742209,treino_interno
LA_E_6742308,treino_interno
LA_E_6742464,treino_interno
LA_E_6743026,treino_interno
LA_E_6743058,treino_interno
LA_E_6743125,treino_interno
LA_E_6743217,treino_interno
LA_E_6743574,treino_interno
LA_E_6743717,treino_interno
LA_E_6743866,treino_interno
LA_E_6744048,treino_interno
LA_E_6744076,treino_interno
LA_E_6744093,early_stopping
LA_E_6744496,treino_interno
LA_E_6744566,treino_interno
LA_E_6744767,early_stopping
LA_E_6745021,treino_interno
LA_E_6745197,treino_interno
LA_E_6745348,treino_interno
LA_E_6745376,treino_interno
LA_E_6745613,treino_interno
LA_E_6745778,treino_interno
LA_E_6745794,treino_interno
LA_E_6745991,treino_interno
LA_E_6746070,treino_interno
LA_E_6746447,treino_interno
LA_E_6746510,treino_interno
LA_E_6746984,treino_interno
LA_E_6747233,treino_interno
LA_E_6747928,treino_interno
LA_E_6748677,early_stopping
LA_E_6749244,treino_interno
LA_E_6750026,treino_interno
LA_E_6750546,treino_interno
LA_E_6750763,treino_interno
LA_E_6750783,treino_interno
LA_E_6750867,treino_interno
LA_E_6750996,treino_interno
LA_E_6751027,treino_interno
LA_E_6751546,treino_interno
LA_E_6751627,treino_interno
LA_E_6751794,treino_interno
LA_E_6752094,treino_interno
LA_E_6752471,treino_interno
LA_E_6752502,treino_interno
LA_E_6752637,early_stopping
LA_E_6752715,early_stopping
LA_E_6752729,treino_interno
LA_E_6753278,treino_interno
LA_E_6754428,treino_interno
LA_E_6754853,treino_interno
LA_E_6754982,treino_interno
LA_E_6755188,treino_interno
LA_E_6755726,treino_interno
LA_E_6755883,early_stopping
LA_E_6756430,treino_interno
LA_E_6756693,treino_interno
LA_E_6756848,treino_interno
LA_E_6757177,treino_interno
LA_E_6757322,treino_interno
LA_E_6757473,treino_interno
LA_E_6757900,early_stopping
LA_E_6758245,early_stopping
LA_E_6759116,treino_interno
LA_E_6759249,treino_interno
LA_E_6759320,treino_interno
LA_E_6759365,treino_interno
LA_E_6759389,treino_interno
LA_E_6760132,treino_interno
LA_E_6760249,early_stopping
LA_E_6760421,treino_interno
LA_E_6760696,treino_interno
LA_E_6760801,treino_interno
LA_E_6760993,treino_interno
LA_E_6761584,treino_interno
LA_E_6762100,treino_interno
LA_E_6762315,treino_interno
LA_E_6762317,treino_interno
LA_E_6762523,treino_interno
LA_E_6763224,treino_interno
LA_E_6763645,treino_interno
LA_E_6763747,treino_interno
LA_E_6763833,treino_interno
LA_E_6764406,treino_interno
LA_E_6764505,treino_interno
LA_E_6764514,treino_interno
LA_E_6764758,treino_interno
LA_E_6764759,treino_interno
LA_E_6765120,early_stopping
LA_E_6765501,early_stopping
LA_E_6765720,treino_interno
LA_E_6765816,treino_interno
LA_E_6765931,treino_interno
LA_E_6765973,treino_interno
LA_E_6766258,treino_interno
LA_E_6767113,treino_interno
LA_E_6767375,treino_interno
LA_E_6767463,treino_interno
LA_E_6767854,treino_interno
LA_E_6768187,treino_interno
LA_E_6768517,treino_interno
LA_E_6769047,treino_interno
LA_E_6769372,treino_interno
LA_E_6769375,treino_interno
LA_E_6770079,treino_interno
LA_E_6770474,treino_interno
LA_E_6770542,treino_interno
LA_E_6770628,treino_interno
LA_E_6770629,treino_interno
LA_E_6771133,treino_interno
LA_E_6771143,treino_interno
LA_E_6771258,treino_interno
LA_E_6771781,treino_interno
LA_E_6772206,treino_interno
LA_E_6772460,treino_interno
LA_E_6772749,treino_interno
LA_E_6773141,treino_interno
LA_E_6773768,treino_interno
LA_E_6774072,treino_interno
LA_E_6774163,treino_interno
LA_E_6774296,treino_interno
LA_E_6774537,treino_interno
LA_E_6774734,treino_interno
LA_E_6774887,treino_interno
LA_E_6775042,treino_interno
LA_E_6775081,treino_interno
LA_E_6775221,treino_interno
LA_E_6775707,treino_interno
LA_E_6776222,treino_interno
LA_E_6776469,treino_interno
LA_E_6776923,treino_interno
LA_E_6777102,treino_interno
LA_E_6777248,treino_interno
LA_E_6777263,treino_interno
LA_E_6777304,treino_interno
LA_E_6777308,treino_interno
LA_E_6777399,treino_interno
LA_E_6777599,treino_interno
LA_E_6777822,treino_interno
LA_E_6777839,treino_interno
LA_E_6777867,early_stopping
LA_E_6778087,treino_interno
LA_E_6778346,treino_interno
LA_E_6778515,treino_interno
LA_E_6779221,treino_interno
LA_E_6779309,treino_interno
LA_E_6780220,treino_interno
LA_E_6780226,treino_interno
LA_E_6780559,early_stopping
LA_E_6781075,treino_interno
LA_E_6781125,treino_interno
LA_E_6782530,treino_interno
LA_E_6782727,treino_interno
LA_E_6782731,treino_interno
LA_E_6782927,treino_interno
LA_E_6783050,treino_interno
LA_E_6783484,treino_interno
LA_E_6784250,treino_interno
LA_E_6784969,treino_interno
LA_E_6785130,treino_interno
LA_E_6785402,treino_interno
LA_E_6785498,treino_interno
LA_E_6786964,treino_interno
LA_E_6787080,treino_interno
LA_E_6787145,treino_interno
LA_E_6787410,treino_interno
LA_E_6787562,treino_interno
LA_E_6787680,treino_interno
LA_E_6787842,treino_interno
LA_E_6787996,treino_interno
LA_E_6788409,treino_interno
LA_E_6788599,early_stopping
LA_E_6788901,treino_interno
LA_E_6788930,treino_interno
LA_E_6789063,treino_interno
LA_E_6789078,treino_interno
LA_E_6789338,treino_interno
LA_E_6789339,treino_interno
LA_E_6789468,treino_interno
LA_E_6789665,treino_interno
LA_E_6789836,early_stopping
LA_E_6790036,treino_interno
LA_E_6790818,treino_interno
LA_E_6790951,treino_interno
LA_E_6791032,treino_interno
LA_E_6791341,treino_interno
LA_E_6791361,treino_interno
LA_E_6791446,treino_interno
LA_E_6791457,treino_interno
LA_E_6791719,treino_interno
LA_E_6791735,treino_interno
LA_E_6791809,treino_interno
LA_E_6791851,treino_interno
LA_E_6791901,treino_interno
LA_E_6792005,treino_interno
LA_E_6792153,treino_interno
LA_E_6792322,treino_interno
LA_E_6792427,treino_interno
LA_E_6792658,treino_interno
LA_E_6792823,treino_interno
LA_E_6793076,treino_interno
LA_E_6793464,treino_interno
LA_E_6793717,treino_interno
LA_E_6793841,treino_interno
LA_E_6793873,treino_interno
LA_E_6794251,treino_interno
LA_E_6794523,treino_interno
LA_E_6795589,treino_interno
LA_E_6796097,treino_interno
LA_E_6796307,treino_interno
LA_E_6796357,treino_interno
LA_E_6796370,treino_interno
LA_E_6796735,treino_interno
LA_E_6796761,treino_interno
LA_E_6796926,treino_interno
LA_E_6797223,treino_interno
LA_E_6797837,treino_interno
LA_E_6798085,treino_interno
LA_E_6798835,treino_interno
LA_E_6798917,treino_interno
LA_E_6799029,treino_interno
LA_E_6799303,treino_interno
LA_E_6799333,treino_interno
LA_E_6799371,treino_interno
LA_E_6799549,treino_interno
LA_E_6799725,treino_interno
LA_E_6800440,treino_interno
LA_E_6800496,early_stopping
LA_E_6800553,treino_interno
LA_E_6800651,treino_interno
LA_E_6800735,treino_interno
LA_E_6800854,treino_interno
LA_E_6800973,treino_interno
LA_E_6800976,treino_interno
LA_E_6801029,treino_interno
LA_E_6801095,treino_interno
LA_E_6801141,treino_interno
LA_E_6801346,treino_interno
LA_E_6801396,treino_interno
LA_E_6801398,treino_interno
LA_E_6801522,treino_interno
LA_E_6801529,treino_interno
LA_E_6801630,treino_interno
LA_E_6802755,treino_interno
LA_E_6803003,early_stopping
LA_E_6803030,treino_interno
LA_E_6803234,treino_interno
LA_E_6803693,treino_interno
LA_E_6803758,treino_interno
LA_E_6803784,treino_interno
LA_E_6803890,treino_interno
LA_E_6803899,treino_interno
LA_E_6803916,treino_interno
LA_E_6805003,treino_interno
LA_E_6805056,treino_interno
LA_E_6805440,treino_interno
LA_E_6805649,treino_interno
LA_E_6805926,treino_interno
LA_E_6806308,treino_interno
LA_E_6806394,treino_interno
LA_E_6806780,treino_interno
LA_E_6806994,treino_interno
LA_E_6807028,treino_interno
LA_E_6807420,treino_interno
LA_E_6807967,treino_interno
LA_E_6808372,treino_interno
LA_E_6808603,treino_interno
LA_E_6808667,early_stopping
LA_E_6808798,early_stopping
LA_E_6808922,early_stopping
LA_E_6809406,treino_interno
LA_E_6809433,treino_interno
LA_E_6810088,treino_interno
LA_E_6810500,treino_interno
LA_E_6811114,treino_interno
LA_E_6811156,treino_interno
LA_E_6811602,treino_interno
LA_E_6811605,treino_interno
LA_E_6811698,treino_interno
LA_E_6812208,treino_interno
LA_E_6812240,treino_interno
LA_E_6812288,treino_interno
LA_E_6812388,treino_interno
LA_E_6813135,early_stopping
LA_E_6813681,treino_interno
LA_E_6813721,early_stopping
LA_E_6813969,treino_interno
LA_E_6814219,treino_interno
LA_E_6815481,treino_interno
LA_E_6815755,treino_interno
LA_E_6815810,treino_interno
LA_E_6815845,treino_interno
LA_E_6815865,treino_interno
LA_E_6815871,treino_interno
LA_E_6816162,treino_interno
LA_E_6816691,treino_interno
LA_E_6816988,treino_interno
LA_E_6817075,treino_interno
LA_E_6817083,treino_interno
LA_E_6817180,treino_interno
LA_E_6817603,treino_interno
LA_E_6817797,treino_interno
LA_E_6818096,treino_interno
LA_E_6818277,treino_interno
LA_E_6818298,treino_interno
LA_E_6818348,treino_interno
LA_E_6818549,treino_interno
LA_E_6818655,treino_interno
LA_E_6818711,treino_interno
LA_E_6819619,treino_interno
LA_E_6819736,treino_interno
LA_E_6820727,treino_interno
LA_E_6821057,treino_interno
LA_E_6821132,treino_interno
LA_E_6821228,treino_interno
LA_E_6821625,treino_interno
LA_E_6821636,treino_interno
LA_E_6821817,early_stopping
LA_E_6821849,treino_interno
LA_E_6822008,treino_interno
LA_E_6822160,early_stopping
LA_E_6822361,treino_interno
LA_E_6822376,treino_interno
LA_E_6822452,treino_interno
LA_E_6822509,treino_interno
LA_E_6822788,treino_interno
LA_E_6823581,treino_interno
LA_E_6824177,treino_interno
LA_E_6824287,treino_interno
LA_E_6824614,early_stopping
LA_E_6825158,treino_interno
LA_E_6825374,treino_interno
LA_E_6825474,treino_interno
LA_E_6825574,treino_interno
LA_E_6825921,treino_interno
LA_E_6825943,treino_interno
LA_E_6826292,treino_interno
LA_E_6826316,treino_interno
LA_E_6826432,treino_interno
LA_E_6826652,treino_interno
LA_E_6826751,treino_interno
LA_E_6826914,early_stopping
LA_E_6827406,treino_interno
LA_E_6827486,treino_interno
LA_E_6827547,treino_interno
LA_E_6828593,treino_interno
LA_E_6828726,treino_interno
LA_E_6828795,treino_interno
LA_E_6828801,treino_interno
LA_E_6828886,treino_interno
LA_E_6828959,early_stopping
LA_E_6829005,treino_interno
LA_E_6829051,treino_interno
LA_E_6829470,treino_interno
LA_E_6829644,treino_interno
LA_E_6830687,treino_interno
LA_E_6830767,treino_interno
LA_E_6830858,treino_interno
LA_E_6831029,treino_interno
LA_E_6831638,treino_interno
LA_E_6831719,treino_interno
LA_E_6831826,treino_interno
LA_E_6831921,treino_interno
LA_E_6832018,early_stopping
LA_E_6832087,treino_interno
LA_E_6832486,treino_interno
LA_E_6832714,treino_interno
LA_E_6832717,treino_interno
LA_E_6833221,treino_interno
LA_E_6833625,treino_interno
LA_E_6833811,early_stopping
LA_E_6833829,treino_interno
LA_E_6834492,treino_interno
LA_E_6835098,treino_interno
LA_E_6835250,treino_interno
LA_E_6835807,treino_interno
LA_E_6836102,treino_interno
LA_E_6836668,early_stopping
LA_E_6836751,treino_interno
LA_E_6836879,treino_interno
LA_E_6837431,treino_interno
LA_E_6837662,treino_interno
LA_E_6838154,treino_interno
LA_E_6838300,treino_interno
LA_E_6838385,treino_interno
LA_E_6838507,treino_interno
LA_E_6838745,treino_interno
LA_E_6838879,treino_interno
LA_E_6838943,treino_interno
LA_E_6838951,treino_interno
LA_E_6839193,treino_interno
LA_E_6839273,treino_interno
LA_E_6839290,treino_interno
LA_E_6839604,treino_interno
LA_E_6839885,treino_interno
LA_E_6840163,treino_interno
LA_E_6840873,treino_interno
LA_E_6841479,treino_interno
LA_E_6841910,treino_interno
LA_E_6842163,treino_interno
LA_E_6842382,treino_interno
LA_E_6842499,treino_interno
LA_E_6842674,treino_interno
LA_E_6842703,early_stopping
LA_E_6842980,treino_interno
LA_E_6843828,treino_interno
LA_E_6844071,treino_interno
LA_E_6844270,treino_interno
LA_E_6844325,treino_interno
LA_E_6844803,early_stopping
LA_E_6846290,treino_interno
LA_E_6846574,early_stopping
LA_E_6846896,treino_interno
LA_E_6846921,treino_interno
LA_E_6847925,treino_interno
LA_E_6847936,treino_interno
LA_E_6848081,treino_interno
LA_E_6848413,treino_interno
LA_E_6849052,treino_interno
LA_E_6849220,treino_interno
LA_E_6849865,treino_interno
LA_E_6849915,treino_interno
LA_E_6850393,treino_interno
LA_E_6850599,treino_interno
LA_E_6850754,early_stopping
LA_E_6850869,treino_interno
LA_E_6851118,treino_interno
LA_E_6851146,treino_interno
LA_E_6851310,treino_interno
LA_E_6851485,treino_interno
LA_E_6851492,treino_interno
LA_E_6851640,treino_interno
LA_E_6851896,treino_interno
LA_E_6852161,treino_interno
LA_E_6852236,treino_interno
LA_E_6852497,treino_interno
LA_E_6852576,treino_interno
LA_E_6852916,treino_interno
LA_E_6852956,treino_interno
LA_E_6854388,treino_interno
LA_E_6855327,treino_interno
LA_E_6855994,treino_interno
LA_E_6856154,treino_interno
LA_E_6856205,treino_interno
LA_E_6856447,treino_interno
LA_E_6857293,treino_interno
LA_E_6857719,early_stopping
LA_E_6857773,early_stopping
LA_E_6857900,treino_interno
LA_E_6858040,treino_interno
LA_E_6858135,treino_interno
LA_E_6858206,treino_interno
LA_E_6858420,treino_interno
LA_E_6858431,treino_interno
LA_E_6858497,treino_interno
LA_E_6858731,treino_interno
LA_E_6859324,treino_interno
LA_E_6859413,treino_interno
LA_E_6859905,treino_interno
LA_E_6860063,early_stopping
LA_E_6860608,treino_interno
LA_E_6860645,treino_interno
LA_E_6861002,treino_interno
LA_E_6861498,treino_interno
LA_E_6861611,treino_interno
LA_E_6861721,early_stopping
LA_E_6861862,treino_interno
LA_E_6861886,treino_interno
LA_E_6862003,treino_interno
LA_E_6862025,treino_interno
LA_E_6862065,treino_interno
LA_E_6862168,treino_interno
LA_E_6862413,treino_interno
LA_E_6862497,treino_interno
LA_E_6862640,treino_interno
LA_E_6862655,treino_interno
LA_E_6862926,treino_interno
LA_E_6862963,treino_interno
LA_E_6862997,treino_interno
LA_E_6863074,early_stopping
LA_E_6863465,treino_interno
LA_E_6863541,treino_interno
LA_E_6863635,treino_interno
LA_E_6863710,treino_interno
LA_E_6864257,treino_interno
LA_E_6864351,treino_interno
LA_E_6864407,treino_interno
LA_E_6864451,treino_interno
LA_E_6864643,treino_interno
LA_E_6864733,treino_interno
LA_E_6864772,treino_interno
LA_E_6864874,treino_interno
LA_E_6865279,treino_interno
LA_E_6865374,treino_interno
LA_E_6865876,treino_interno
LA_E_6865895,treino_interno
LA_E_6865897,treino_interno
LA_E_6866159,treino_interno
LA_E_6866224,treino_interno
LA_E_6866689,treino_interno
LA_E_6867190,treino_interno
LA_E_6867277,treino_interno
LA_E_6867479,treino_interno
LA_E_6867629,treino_interno
LA_E_6868135,treino_interno
LA_E_6868579,treino_interno
LA_E_6868646,treino_interno
LA_E_6869078,treino_interno
LA_E_6869119,treino_interno
LA_E_6869361,treino_interno
LA_E_6870168,treino_interno
LA_E_6870273,treino_interno
LA_E_6870391,treino_interno
LA_E_6870481,treino_interno
LA_E_6870813,treino_interno
LA_E_6870908,treino_interno
LA_E_6871890,treino_interno
LA_E_6871905,treino_interno
LA_E_6872032,treino_interno
LA_E_6872460,treino_interno
LA_E_6872656,treino_interno
LA_E_6872715,treino_interno
LA_E_6872865,early_stopping
LA_E_6872954,treino_interno
LA_E_6873384,treino_interno
LA_E_6873399,treino_interno
LA_E_6873596,early_stopping
LA_E_6873818,treino_interno
LA_E_6873864,treino_interno
LA_E_6874234,treino_interno
LA_E_6874678,treino_interno
LA_E_6874840,treino_interno
LA_E_6875096,treino_interno
LA_E_6875158,treino_interno
LA_E_6875589,treino_interno
LA_E_6875747,treino_interno
LA_E_6876025,treino_interno
LA_E_6876644,treino_interno
LA_E_6876785,treino_interno
LA_E_6876812,treino_interno
LA_E_6876902,treino_interno
LA_E_6876961,treino_interno
LA_E_6877335,treino_interno
LA_E_6877505,early_stopping
LA_E_6877679,treino_interno
LA_E_6878483,treino_interno
LA_E_6878561,treino_interno
LA_E_6878803,treino_interno
LA_E_6879061,treino_interno
LA_E_6879307,treino_interno
LA_E_6879347,treino_interno
LA_E_6880044,early_stopping
LA_E_6880198,treino_interno
LA_E_6880813,early_stopping
LA_E_6880950,treino_interno
LA_E_6881135,treino_interno
LA_E_6881537,treino_interno
LA_E_6881608,treino_interno
LA_E_6881613,treino_interno
LA_E_6883146,treino_interno
LA_E_6883588,treino_interno
LA_E_6884392,treino_interno
LA_E_6884519,treino_interno
LA_E_6884785,treino_interno
LA_E_6885018,treino_interno
LA_E_6885074,treino_interno
LA_E_6885216,treino_interno
LA_E_6885634,treino_interno
LA_E_6885638,treino_interno
LA_E_6885737,treino_interno
LA_E_6885783,treino_interno
LA_E_6885943,early_stopping
LA_E_6886245,treino_interno
LA_E_6886489,treino_interno
LA_E_6886920,treino_interno
LA_E_6887090,treino_interno
LA_E_6887096,treino_interno
LA_E_6887275,treino_interno
LA_E_6887554,treino_interno
LA_E_6887854,treino_interno
LA_E_6888092,treino_interno
LA_E_6888657,treino_interno
LA_E_6888710,early_stopping
LA_E_6889194,treino_interno
LA_E_6889314,treino_interno
LA_E_6889434,treino_interno
LA_E_6889471,treino_interno
LA_E_6889686,treino_interno
LA_E_6889766,treino_interno
LA_E_6889963,treino_interno
LA_E_6890036,treino_interno
LA_E_6890559,treino_interno
LA_E_6890642,treino_interno
LA_E_6891320,early_stopping
LA_E_6891533,treino_interno
LA_E_6891623,treino_interno
LA_E_6892580,treino_interno
LA_E_6892826,treino_interno
LA_E_6892893,treino_interno
LA_E_6893334,treino_interno
LA_E_6893482,treino_interno
LA_E_6893558,treino_interno
LA_E_6893561,treino_interno
LA_E_6893674,treino_interno
LA_E_6894223,treino_interno
LA_E_6894257,treino_interno
LA_E_6894439,treino_interno
LA_E_6894536,treino_interno
LA_E_6894649,early_stopping
LA_E_6894854,early_stopping
LA_E_6895011,treino_interno
LA_E_6895199,treino_interno
LA_E_6895271,treino_interno
LA_E_6895294,treino_interno
LA_E_6895486,treino_interno
LA_E_6895942,treino_interno
LA_E_6895984,early_stopping
LA_E_6896215,treino_interno
LA_E_6896617,treino_interno
LA_E_6896972,early_stopping
LA_E_6897108,treino_interno
LA_E_6897225,treino_interno
LA_E_6897351,treino_interno
LA_E_6897409,treino_interno
LA_E_6897798,treino_interno
LA_E_6897889,treino_interno
LA_E_6898493,treino_interno
LA_E_6898613,treino_interno
LA_E_6899550,treino_interno
LA_E_6899785,treino_interno
LA_E_6899829,treino_interno
LA_E_6899889,treino_interno
LA_E_6900078,treino_interno
LA_E_6900098,treino_interno
LA_E_6900240,treino_interno
LA_E_6900475,treino_interno
LA_E_6900523,early_stopping
LA_E_6900726,treino_interno
LA_E_6900946,treino_interno
LA_E_6901181,treino_interno
LA_E_6901187,treino_interno
LA_E_6901202,treino_interno
LA_E_6901389,treino_interno
LA_E_6901757,treino_interno
LA_E_6901989,treino_interno
LA_E_6902005,treino_interno
LA_E_6902052,treino_interno
LA_E_6902340,treino_interno
LA_E_6902357,treino_interno
LA_E_6902711,treino_interno
LA_E_6903162,treino_interno
LA_E_6903169,treino_interno
LA_E_6903423,early_stopping
LA_E_6903944,treino_interno
LA_E_6904852,treino_interno
LA_E_6904927,treino_interno
LA_E_6905049,treino_interno
LA_E_6905947,treino_interno
LA_E_6906106,treino_interno
LA_E_6906300,treino_interno
LA_E_6906354,treino_interno
LA_E_6906708,treino_interno
LA_E_6906762,treino_interno
LA_E_6906803,early_stopping
LA_E_6906873,treino_interno
LA_E_6906974,treino_interno
LA_E_6907268,treino_interno
LA_E_6907466,treino_interno
LA_E_6908217,treino_interno
LA_E_6908685,treino_interno
LA_E_6908833,treino_interno
LA_E_6908937,treino_interno
LA_E_6909171,early_stopping
LA_E_6909218,treino_interno
LA_E_6909331,treino_interno
LA_E_6909634,treino_interno
LA_E_6910027,treino_interno
LA_E_6910593,treino_interno
LA_E_6910602,treino_interno
LA_E_6910666,treino_interno
LA_E_6910680,treino_interno
LA_E_6911931,treino_interno
LA_E_6911954,treino_interno
LA_E_6912618,treino_interno
LA_E_6912839,treino_interno
LA_E_6912882,treino_interno
LA_E_6912891,early_stopping
LA_E_6912929,treino_interno
LA_E_6912936,treino_interno
LA_E_6913303,treino_interno
LA_E_6913326,treino_interno
LA_E_6913458,treino_interno
LA_E_6913558,treino_interno
LA_E_6913814,treino_interno
LA_E_6914238,treino_interno
LA_E_6914339,treino_interno
LA_E_6914455,treino_interno
LA_E_6915167,treino_interno
LA_E_6915621,treino_interno
LA_E_6915773,treino_interno
LA_E_6915907,treino_interno
LA_E_6916153,treino_interno
LA_E_6916281,treino_interno
LA_E_6916341,treino_interno
LA_E_6916666,treino_interno
LA_E_6916820,treino_interno
LA_E_6917963,treino_interno
LA_E_6918085,early_stopping
LA_E_6918469,early_stopping
LA_E_6919090,early_stopping
LA_E_6919258,treino_interno
LA_E_6919393,treino_interno
LA_E_6919472,treino_interno
LA_E_6919527,early_stopping
LA_E_6919803,treino_interno
LA_E_6920005,treino_interno
LA_E_6920256,treino_interno
LA_E_6920388,treino_interno
LA_E_6920508,treino_interno
LA_E_6920540,treino_interno
LA_E_6920562,treino_interno
LA_E_6920787,early_stopping
LA_E_6921152,treino_interno
LA_E_6921222,treino_interno
LA_E_6922270,treino_interno
LA_E_6922331,treino_interno
LA_E_6922474,treino_interno
LA_E_6922545,treino_interno
LA_E_6922806,treino_interno
LA_E_6922981,treino_interno
LA_E_6923304,treino_interno
LA_E_6923521,treino_interno
LA_E_6924332,treino_interno
LA_E_6924413,treino_interno
LA_E_6924786,treino_interno
LA_E_6925405,early_stopping
LA_E_6925694,treino_interno
LA_E_6926018,treino_interno
LA_E_6926087,treino_interno
LA_E_6926270,treino_interno
LA_E_6926343,treino_interno
LA_E_6926762,treino_interno
LA_E_6927150,treino_interno
LA_E_6927489,treino_interno
LA_E_6927511,early_stopping
LA_E_6927594,treino_interno
LA_E_6927905,early_stopping
LA_E_6928159,early_stopping
LA_E_6928181,early_stopping
LA_E_6928651,treino_interno
LA_E_6928853,early_stopping
LA_E_6928919,treino_interno
LA_E_6929373,treino_interno
LA_E_6930543,treino_interno
LA_E_6930612,treino_interno
LA_E_6930621,treino_interno
LA_E_6931070,treino_interno
LA_E_6931500,treino_interno
LA_E_6931584,treino_interno
LA_E_6931607,treino_interno
LA_E_6931791,treino_interno
LA_E_6931814,treino_interno
LA_E_6931830,treino_interno
LA_E_6931853,treino_interno
LA_E_6931899,treino_interno
LA_E_6932056,treino_interno
LA_E_6932483,treino_interno
LA_E_6932876,treino_interno
LA_E_6933035,early_stopping
LA_E_6933081,early_stopping
LA_E_6933175,treino_interno
LA_E_6933514,treino_interno
LA_E_6933899,treino_interno
LA_E_6934057,treino_interno
LA_E_6934168,treino_interno
LA_E_6934332,treino_interno
LA_E_6934592,treino_interno
LA_E_6934677,treino_interno
LA_E_6934947,treino_interno
LA_E_6934976,treino_interno
LA_E_6935271,treino_interno
LA_E_6935614,treino_interno
LA_E_6936567,treino_interno
LA_E_6936570,treino_interno
LA_E_6936735,treino_interno
LA_E_6936865,early_stopping
LA_E_6937183,treino_interno
LA_E_6937338,treino_interno
LA_E_6937424,treino_interno
LA_E_6937703,treino_interno
LA_E_6937841,treino_interno
LA_E_6938155,treino_interno
LA_E_6939284,early_stopping
LA_E_6939709,treino_interno
LA_E_6940136,treino_interno
LA_E_6941002,treino_interno
LA_E_6941372,treino_interno
LA_E_6941407,treino_interno
LA_E_6941602,treino_interno
LA_E_6941798,treino_interno
LA_E_6941942,early_stopping
LA_E_6942035,treino_interno
LA_E_6942227,treino_interno
LA_E_6943719,early_stopping
LA_E_6944382,treino_interno
LA_E_6945101,treino_interno
LA_E_6945527,treino_interno
LA_E_6945997,early_stopping
LA_E_6946090,treino_interno
LA_E_6946827,treino_interno
LA_E_6947063,treino_interno
LA_E_6947561,treino_interno
LA_E_6948088,treino_interno
LA_E_6948582,treino_interno
LA_E_6948878,treino_interno
LA_E_6949196,treino_interno
LA_E_6949322,early_stopping
LA_E_6949419,treino_interno
LA_E_6950386,treino_interno
LA_E_6950511,treino_interno
LA_E_6950706,treino_interno
LA_E_6951094,treino_interno
LA_E_6951423,treino_interno
LA_E_6951762,treino_interno
LA_E_6951839,treino_interno
LA_E_6951875,treino_interno
LA_E_6951935,treino_interno
LA_E_6952411,treino_interno
LA_E_6952531,treino_interno
LA_E_6952899,treino_interno
LA_E_6953255,treino_interno
LA_E_6953278,treino_interno
LA_E_6953497,treino_interno
LA_E_6953585,treino_interno
LA_E_6954353,treino_interno
LA_E_6954474,treino_interno
LA_E_6955617,treino_interno
LA_E_6955783,treino_interno
LA_E_6955836,treino_interno
LA_E_6955882,treino_interno
LA_E_6956696,treino_interno
LA_E_6956729,treino_interno
LA_E_6957070,treino_interno
LA_E_6957497,treino_interno
LA_E_6957624,treino_interno
LA_E_6957703,treino_interno
LA_E_6957717,treino_interno
LA_E_6957859,treino_interno
LA_E_6958000,early_stopping
LA_E_6958338,treino_interno
LA_E_6958380,treino_interno
LA_E_6958580,treino_interno
LA_E_6958830,treino_interno
LA_E_6958905,treino_interno
LA_E_6958945,treino_interno
LA_E_6959059,treino_interno
LA_E_6959108,treino_interno
LA_E_6959259,treino_interno
LA_E_6959648,early_stopping
LA_E_6959950,early_stopping
LA_E_6960214,treino_interno
LA_E_6960454,treino_interno
LA_E_6960485,treino_interno
LA_E_6960521,treino_interno
LA_E_6960645,treino_interno
LA_E_6960691,treino_interno
LA_E_6960865,early_stopping
LA_E_6961132,treino_interno
LA_E_6961607,treino_interno
LA_E_6961846,early_stopping
LA_E_6961914,treino_interno
LA_E_6961954,early_stopping
LA_E_6962480,treino_interno
LA_E_6962828,treino_interno
LA_E_6962834,treino_interno
LA_E_6962843,treino_interno
LA_E_6962869,treino_interno
LA_E_6963017,treino_interno
LA_E_6963211,treino_interno
LA_E_6963813,treino_interno
LA_E_6963974,early_stopping
LA_E_6964102,treino_interno
LA_E_6964337,treino_interno
LA_E_6964708,early_stopping
LA_E_6965314,treino_interno
LA_E_6965362,treino_interno
LA_E_6965491,treino_interno
LA_E_6965821,treino_interno
LA_E_6965882,treino_interno
LA_E_6966036,treino_interno
LA_E_6966282,treino_interno
LA_E_6966713,treino_interno
LA_E_6966903,treino_interno
LA_E_6967361,treino_interno
LA_E_6967559,treino_interno
LA_E_6967940,treino_interno
LA_E_6968043,treino_interno
LA_E_6968185,treino_interno
LA_E_6968581,treino_interno
LA_E_6968650,treino_interno
LA_E_6968779,treino_interno
LA_E_6969575,treino_interno
LA_E_6970736,treino_interno
LA_E_6971232,treino_interno
LA_E_6971332,early_stopping
LA_E_6971558,treino_interno
LA_E_6971890,treino_interno
LA_E_6972602,treino_interno
LA_E_6972649,treino_interno
LA_E_6973743,treino_interno
LA_E_6974166,treino_interno
LA_E_6975326,treino_interno
LA_E_6975523,treino_interno
LA_E_6976684,early_stopping
LA_E_6976855,treino_interno
LA_E_6977244,treino_interno
LA_E_6977249,treino_interno
LA_E_6978667,early_stopping
LA_E_6978990,treino_interno
LA_E_6979096,treino_interno
LA_E_6979213,treino_interno
LA_E_6979632,treino_interno
LA_E_6979675,treino_interno
LA_E_6979715,treino_interno
LA_E_6979736,treino_interno
LA_E_6980100,treino_interno
LA_E_6980477,treino_interno
LA_E_6980618,treino_interno
LA_E_6980715,treino_interno
LA_E_6981069,treino_interno
LA_E_6981840,treino_interno
LA_E_6982239,treino_interno
LA_E_6982333,treino_interno
LA_E_6982635,treino_interno
LA_E_6983677,treino_interno
LA_E_6983698,treino_interno
LA_E_6983715,treino_interno
LA_E_6984124,treino_interno
LA_E_6984256,treino_interno
LA_E_6984375,treino_interno
LA_E_6984394,treino_interno
LA_E_6984630,treino_interno
LA_E_6984794,treino_interno
LA_E_6984838,treino_interno
LA_E_6985613,treino_interno
LA_E_6985706,treino_interno
LA_E_6985728,treino_interno
LA_E_6985917,treino_interno
LA_E_6985948,early_stopping
LA_E_6986498,treino_interno
LA_E_6986542,early_stopping
LA_E_6986865,treino_interno
LA_E_6987344,treino_interno
LA_E_6987480,treino_interno
LA_E_6988198,early_stopping
LA_E_6988317,early_stopping
LA_E_6988419,treino_interno
LA_E_6988917,treino_interno
LA_E_6988929,treino_interno
LA_E_6989300,treino_interno
LA_E_6990003,treino_interno
LA_E_6990111,treino_interno
LA_E_6990258,early_stopping
LA_E_6990367,treino_interno
LA_E_6990373,treino_interno
LA_E_6990466,treino_interno
LA_E_6990580,treino_interno
LA_E_6990624,treino_interno
LA_E_6991647,early_stopping
LA_E_6992249,treino_interno
LA_E_6992448,treino_interno
LA_E_6992722,treino_interno
LA_E_6993808,treino_interno
LA_E_6993950,treino_interno
LA_E_6994162,treino_interno
LA_E_6994238,treino_interno
LA_E_6994399,treino_interno
LA_E_6994519,treino_interno
LA_E_6994653,treino_interno
LA_E_6994724,treino_interno
LA_E_6995183,treino_interno
LA_E_6995535,treino_interno
LA_E_6995536,treino_interno
LA_E_6996990,treino_interno
LA_E_6997129,treino_interno
LA_E_6997257,treino_interno
LA_E_6997336,treino_interno
LA_E_6997489,treino_interno
LA_E_6997678,treino_interno
LA_E_6997708,treino_interno
LA_E_6997977,treino_interno
LA_E_6998431,treino_interno
LA_E_6998539,treino_interno
LA_E_6998597,treino_interno
LA_E_6998696,treino_interno
LA_E_6998818,treino_interno
LA_E_6999827,treino_interno
LA_E_6999850,treino_interno
LA_E_7000047,treino_interno
LA_E_7000327,treino_interno
LA_E_7000340,treino_interno
LA_E_7000452,treino_interno
LA_E_7000617,treino_interno
LA_E_7000729,treino_interno
LA_E_7001821,treino_interno
LA_E_7002532,treino_interno
LA_E_7003120,treino_interno
LA_E_7004936,treino_interno
LA_E_7005183,treino_interno
LA_E_7005483,treino_interno
LA_E_7005910,early_stopping
LA_E_7006247,treino_interno
LA_E_7006330,treino_interno
LA_E_7006345,treino_interno
LA_E_7006405,treino_interno
LA_E_7006577,treino_interno
LA_E_7007759,treino_interno
LA_E_7007793,treino_interno
LA_E_7007844,treino_interno
LA_E_7008261,treino_interno
LA_E_7008307,treino_interno
LA_E_7008394,treino_interno
LA_E_7008820,treino_interno
LA_E_7008923,early_stopping
LA_E_7009309,treino_interno
LA_E_7009469,treino_interno
LA_E_7010670,treino_interno
LA_E_7010695,early_stopping
LA_E_7010970,treino_interno
LA_E_7011353,treino_interno
LA_E_7011803,treino_interno
LA_E_7012282,treino_interno
LA_E_7012317,treino_interno
LA_E_7012413,treino_interno
LA_E_7013277,treino_interno
LA_E_7013799,treino_interno
LA_E_7013822,treino_interno
LA_E_7014015,treino_interno
LA_E_7014065,treino_interno
LA_E_7014442,treino_interno
LA_E_7014467,treino_interno
LA_E_7014922,treino_interno
LA_E_7015045,treino_interno
LA_E_7015357,treino_interno
LA_E_7015547,treino_interno
LA_E_7015647,treino_interno
LA_E_7016228,treino_interno
LA_E_7016387,treino_interno
LA_E_7016445,treino_interno
LA_E_7016901,treino_interno
LA_E_7017014,treino_interno
LA_E_7018298,treino_interno
LA_E_7018557,treino_interno
LA_E_7018783,early_stopping
LA_E_7018899,treino_interno
LA_E_7019280,treino_interno
LA_E_7019726,treino_interno
LA_E_7019837,early_stopping
LA_E_7020154,treino_interno
LA_E_7020539,treino_interno
LA_E_7020862,treino_interno
LA_E_7021112,treino_interno
LA_E_7021733,treino_interno
LA_E_7022030,treino_interno
LA_E_7022040,treino_interno
LA_E_7022163,treino_interno
LA_E_7023043,treino_interno
LA_E_7023087,early_stopping
LA_E_7023398,treino_interno
LA_E_7023595,early_stopping
LA_E_7023660,treino_interno
LA_E_7024196,early_stopping
LA_E_7024393,treino_interno
LA_E_7024504,treino_interno
LA_E_7024598,treino_interno
LA_E_7025820,treino_interno
LA_E_7026097,treino_interno
LA_E_7026186,treino_interno
LA_E_7026426,treino_interno
LA_E_7027011,treino_interno
LA_E_7027341,treino_interno
LA_E_7027754,treino_interno
LA_E_7027851,treino_interno
LA_E_7028218,treino_interno
LA_E_7028258,treino_interno
LA_E_7028712,treino_interno
LA_E_7028822,treino_interno
LA_E_7029569,early_stopping
LA_E_7029735,treino_interno
LA_E_7030023,treino_interno
LA_E_7030067,treino_interno
LA_E_7030495,treino_interno
LA_E_7030868,treino_interno
LA_E_7031135,treino_interno
LA_E_7031207,treino_interno
LA_E_7031277,treino_interno
LA_E_7031553,treino_interno
LA_E_7032492,treino_interno
LA_E_7032501,treino_interno
LA_E_7032618,treino_interno
LA_E_7032681,treino_interno
LA_E_7032711,treino_interno
LA_E_7033377,treino_interno
LA_E_7033701,treino_interno
LA_E_7034499,treino_interno
LA_E_7035052,treino_interno
LA_E_7035165,early_stopping
LA_E_7035459,treino_interno
LA_E_7035785,treino_interno
LA_E_7035800,treino_interno
LA_E_7035913,treino_interno
LA_E_7036441,early_stopping
LA_E_7037125,treino_interno
LA_E_7037190,treino_interno
LA_E_7037651,treino_interno
LA_E_7037824,treino_interno
LA_E_7037942,treino_interno
LA_E_7038151,treino_interno
LA_E_7039157,early_stopping
LA_E_7039314,treino_interno
LA_E_7039841,early_stopping
LA_E_7040862,treino_interno
LA_E_7041117,treino_interno
LA_E_7041149,early_stopping
LA_E_7041891,treino_interno
LA_E_7041913,treino_interno
LA_E_7042229,early_stopping
LA_E_7042325,treino_interno
LA_E_7042556,treino_interno
LA_E_7042880,treino_interno
LA_E_7042881,treino_interno
LA_E_7043046,treino_interno
LA_E_7043141,treino_interno
LA_E_7043550,treino_interno
LA_E_7043819,treino_interno
LA_E_7044208,treino_interno
LA_E_7044723,treino_interno
LA_E_7045741,treino_interno
LA_E_7045871,treino_interno
LA_E_7046798,treino_interno
LA_E_7047062,treino_interno
LA_E_7047688,treino_interno
LA_E_7047701,treino_interno
LA_E_7047911,treino_interno
LA_E_7049067,treino_interno
LA_E_7049646,treino_interno
LA_E_7049692,treino_interno
LA_E_7049928,treino_interno
LA_E_7049985,treino_interno
LA_E_7050023,treino_interno
LA_E_7050291,treino_interno
LA_E_7050315,treino_interno
LA_E_7050540,treino_interno
LA_E_7050554,treino_interno
LA_E_7050761,treino_interno
LA_E_7050911,treino_interno
LA_E_7051210,early_stopping
LA_E_7051489,treino_interno
LA_E_7052252,treino_interno
LA_E_7052461,treino_interno
LA_E_7052593,treino_interno
LA_E_7052778,treino_interno
LA_E_7052809,treino_interno
LA_E_7053154,treino_interno
LA_E_7053668,treino_interno
LA_E_7053870,treino_interno
LA_E_7053921,treino_interno
LA_E_7054019,treino_interno
LA_E_7054066,treino_interno
LA_E_7054394,treino_interno
LA_E_7055312,treino_interno
LA_E_7055378,early_stopping
LA_E_7055826,treino_interno
LA_E_7056293,treino_interno
LA_E_7056341,treino_interno
LA_E_7056471,early_stopping
LA_E_7056725,treino_interno
LA_E_7056847,treino_interno
LA_E_7057157,treino_interno
LA_E_7057266,treino_interno
LA_E_7057608,treino_interno
LA_E_7057852,treino_interno
LA_E_7058206,treino_interno
LA_E_7058235,treino_interno
LA_E_7058360,treino_interno
LA_E_7058755,treino_interno
LA_E_7059315,treino_interno
LA_E_7060147,treino_interno
LA_E_7060530,early_stopping
LA_E_7060553,treino_interno
LA_E_7060712,treino_interno
LA_E_7060879,treino_interno
LA_E_7061116,treino_interno
LA_E_7061235,treino_interno
LA_E_7061420,treino_interno
LA_E_7061525,treino_interno
LA_E_7061846,treino_interno
LA_E_7062550,treino_interno
LA_E_7062712,treino_interno
LA_E_7063675,treino_interno
LA_E_7063742,treino_interno
LA_E_7063868,treino_interno
LA_E_7064366,treino_interno
LA_E_7064515,treino_interno
LA_E_7065592,treino_interno
LA_E_7065742,treino_interno
LA_E_7066312,treino_interno
LA_E_7066811,treino_interno
LA_E_7066873,treino_interno
LA_E_7066931,treino_interno
LA_E_7067030,treino_interno
LA_E_7067092,treino_interno
LA_E_7067643,treino_interno
LA_E_7067671,treino_interno
LA_E_7067726,treino_interno
LA_E_7067764,treino_interno
LA_E_7067852,treino_interno
LA_E_7068135,treino_interno
LA_E_7068242,treino_interno
LA_E_7068358,treino_interno
LA_E_7068588,treino_interno
LA_E_7068648,treino_interno
LA_E_7068760,treino_interno
LA_E_7069305,treino_interno
LA_E_7069410,treino_interno
LA_E_7069445,treino_interno
LA_E_7070272,early_stopping
LA_E_7070321,treino_interno
LA_E_7070322,treino_interno
LA_E_7070788,treino_interno
LA_E_7070952,early_stopping
LA_E_7071100,treino_interno
LA_E_7071514,treino_interno
LA_E_7072726,treino_interno
LA_E_7072956,treino_interno
LA_E_7072978,treino_interno
LA_E_7073612,treino_interno
LA_E_7074165,treino_interno
LA_E_7074951,treino_interno
LA_E_7075072,treino_interno
LA_E_7075257,treino_interno
LA_E_7075417,treino_interno
LA_E_7075661,early_stopping
LA_E_7075788,treino_interno
LA_E_7076366,treino_interno
LA_E_7076457,treino_interno
LA_E_7076585,treino_interno
LA_E_7076746,treino_interno
LA_E_7076850,treino_interno
LA_E_7077495,treino_interno
LA_E_7077505,treino_interno
LA_E_7077587,treino_interno
LA_E_7077609,treino_interno
LA_E_7078238,treino_interno
LA_E_7078325,treino_interno
LA_E_7078673,treino_interno
LA_E_7078849,treino_interno
LA_E_7078898,treino_interno
LA_E_7079316,treino_interno
LA_E_7080067,treino_interno
LA_E_7080081,treino_interno
LA_E_7080198,treino_interno
LA_E_7080878,treino_interno
LA_E_7081669,treino_interno
LA_E_7081789,treino_interno
LA_E_7082088,treino_interno
LA_E_7082413,treino_interno
LA_E_7082942,treino_interno
LA_E_7084213,treino_interno
LA_E_7084250,treino_interno
LA_E_7084265,early_stopping
LA_E_7084337,treino_interno
LA_E_7084697,treino_interno
LA_E_7085410,treino_interno
LA_E_7085480,treino_interno
LA_E_7085560,treino_interno
LA_E_7085930,treino_interno
LA_E_7086471,treino_interno
LA_E_7086914,treino_interno
LA_E_7087014,treino_interno
LA_E_7087057,treino_interno
LA_E_7087155,treino_interno
LA_E_7088696,treino_interno
LA_E_7088994,treino_interno
LA_E_7089413,treino_interno
LA_E_7089578,treino_interno
LA_E_7091084,treino_interno
LA_E_7091510,treino_interno
LA_E_7092619,treino_interno
LA_E_7092673,treino_interno
LA_E_7093474,treino_interno
LA_E_7094036,treino_interno
LA_E_7094092,treino_interno
LA_E_7094150,treino_interno
LA_E_7094583,treino_interno
LA_E_7094633,treino_interno
LA_E_7094863,treino_interno
LA_E_7095544,treino_interno
LA_E_7095777,treino_interno
LA_E_7096398,treino_interno
LA_E_7096462,treino_interno
LA_E_7096739,treino_interno
LA_E_7096895,treino_interno
LA_E_7097735,treino_interno
LA_E_7097808,treino_interno
LA_E_7097844,treino_interno
LA_E_7097847,treino_interno
LA_E_7098342,treino_interno
LA_E_7098791,treino_interno
LA_E_7098803,treino_interno
LA_E_7099138,treino_interno
LA_E_7100071,treino_interno
LA_E_7100338,treino_interno
LA_E_7101370,treino_interno
LA_E_7101787,treino_interno
LA_E_7101930,treino_interno
LA_E_7102690,treino_interno
LA_E_7102954,treino_interno
LA_E_7103189,early_stopping
LA_E_7104328,treino_interno
LA_E_7104588,treino_interno
LA_E_7104969,treino_interno
LA_E_7105482,treino_interno
LA_E_7105870,early_stopping
LA_E_7106777,treino_interno
LA_E_7106836,early_stopping
LA_E_7107113,treino_interno
LA_E_7107491,treino_interno
LA_E_7107755,treino_interno
LA_E_7107805,treino_interno
LA_E_7107875,treino_interno
LA_E_7107968,treino_interno
LA_E_7109413,treino_interno
LA_E_7109437,treino_interno
LA_E_7109471,treino_interno
LA_E_7109604,treino_interno
LA_E_7110141,treino_interno
LA_E_7110653,treino_interno
LA_E_7111271,early_stopping
LA_E_7111290,treino_interno
LA_E_7111612,treino_interno
LA_E_7111619,treino_interno
LA_E_7111650,treino_interno
LA_E_7111760,treino_interno
LA_E_7111829,treino_interno
LA_E_7112293,treino_interno
LA_E_7112629,treino_interno
LA_E_7112927,treino_interno
LA_E_7113537,treino_interno
LA_E_7113896,treino_interno
LA_E_7113914,treino_interno
LA_E_7115068,treino_interno
LA_E_7116509,treino_interno
LA_E_7116556,treino_interno
LA_E_7116617,treino_interno
LA_E_7116724,treino_interno
LA_E_7117125,treino_interno
LA_E_7117139,early_stopping
LA_E_7117192,treino_interno
LA_E_7117949,treino_interno
LA_E_7119399,treino_interno
LA_E_7119469,treino_interno
LA_E_7120004,treino_interno
LA_E_7120607,treino_interno
LA_E_7120841,treino_interno
LA_E_7121001,treino_interno
LA_E_7121254,treino_interno
LA_E_7121473,treino_interno
LA_E_7122479,treino_interno
LA_E_7122598,treino_interno
LA_E_7122611,treino_interno
LA_E_7122704,treino_interno
LA_E_7122954,treino_interno
LA_E_7123699,treino_interno
LA_E_7123763,treino_interno
LA_E_7123787,treino_interno
LA_E_7124170,treino_interno
LA_E_7124310,treino_interno
LA_E_7124751,treino_interno
LA_E_7125188,treino_interno
LA_E_7125875,treino_interno
LA_E_7125895,treino_interno
LA_E_7126781,treino_interno
LA_E_7126874,treino_interno
LA_E_7127047,treino_interno
LA_E_7127083,treino_interno
LA_E_7127546,early_stopping
LA_E_7127669,treino_interno
LA_E_7127911,treino_interno
LA_E_7127995,treino_interno
LA_E_7128110,treino_interno
LA_E_7129278,early_stopping
LA_E_7129590,treino_interno
LA_E_7129613,early_stopping
LA_E_7129694,early_stopping
LA_E_7129753,treino_interno
LA_E_7130578,treino_interno
LA_E_7130778,treino_interno
LA_E_7132117,treino_interno
LA_E_7133376,early_stopping
LA_E_7134275,treino_interno
LA_E_7135066,treino_interno
LA_E_7135079,treino_interno
LA_E_7135160,treino_interno
LA_E_7135234,treino_interno
LA_E_7135505,treino_interno
LA_E_7135797,treino_interno
LA_E_7135924,treino_interno
LA_E_7136166,treino_interno
LA_E_7136216,treino_interno
LA_E_7136309,treino_interno
LA_E_7136629,treino_interno
LA_E_7136793,treino_interno
LA_E_7137069,treino_interno
LA_E_7138696,treino_interno
LA_E_7138843,treino_interno
LA_E_7139002,treino_interno
LA_E_7139377,treino_interno
LA_E_7139448,treino_interno
LA_E_7140078,treino_interno
LA_E_7140823,treino_interno
LA_E_7141073,treino_interno
LA_E_7141221,treino_interno
LA_E_7141620,treino_interno
LA_E_7141969,treino_interno
LA_E_7142242,treino_interno
LA_E_7142252,treino_interno
LA_E_7142285,early_stopping
LA_E_7142755,treino_interno
LA_E_7143013,treino_interno
LA_E_7143600,treino_interno
LA_E_7143967,treino_interno
LA_E_7144267,treino_interno
LA_E_7144332,treino_interno
LA_E_7144488,treino_interno
LA_E_7144608,treino_interno
LA_E_7144903,treino_interno
LA_E_7144997,early_stopping
LA_E_7145281,treino_interno
LA_E_7145307,treino_interno
LA_E_7145629,treino_interno
LA_E_7146012,treino_interno
LA_E_7146080,treino_interno
LA_E_7146262,treino_interno
LA_E_7146828,early_stopping
LA_E_7147035,treino_interno
LA_E_7147708,treino_interno
LA_E_7148564,treino_interno
LA_E_7148623,treino_interno
LA_E_7149285,treino_interno
LA_E_7149290,treino_interno
LA_E_7149413,treino_interno
LA_E_7149445,treino_interno
LA_E_7150508,treino_interno
LA_E_7151261,early_stopping
LA_E_7151699,treino_interno
LA_E_7151721,treino_interno
LA_E_7151951,early_stopping
LA_E_7152033,treino_interno
LA_E_7152065,early_stopping
LA_E_7152258,treino_interno
LA_E_7152943,treino_interno
LA_E_7153239,treino_interno
LA_E_7153969,treino_interno
LA_E_7153996,treino_interno
LA_E_7154238,treino_interno
LA_E_7154308,treino_interno
LA_E_7155717,treino_interno
LA_E_7155730,treino_interno
LA_E_7156296,treino_interno
LA_E_7156623,treino_interno
LA_E_7157302,treino_interno
LA_E_7157763,early_stopping
LA_E_7157843,treino_interno
LA_E_7158148,treino_interno
LA_E_7158191,early_stopping
LA_E_7158598,treino_interno
LA_E_7158750,early_stopping
LA_E_7158904,treino_interno
LA_E_7159609,early_stopping
LA_E_7159644,treino_interno
LA_E_7159954,early_stopping
LA_E_7160160,treino_interno
LA_E_7160662,treino_interno
LA_E_7161030,treino_interno
LA_E_7162087,early_stopping
LA_E_7162097,treino_interno
LA_E_7162184,treino_interno
LA_E_7162667,treino_interno
LA_E_7162831,treino_interno
LA_E_7162913,treino_interno
LA_E_7163498,treino_interno
LA_E_7164175,treino_interno
LA_E_7165426,treino_interno
LA_E_7166790,treino_interno
LA_E_7167568,treino_interno
LA_E_7167720,early_stopping
LA_E_7168434,treino_interno
LA_E_7168482,treino_interno
LA_E_7168849,treino_interno
LA_E_7169123,treino_interno
LA_E_7169161,treino_interno
LA_E_7169910,treino_interno
LA_E_7170283,treino_interno
LA_E_7170341,treino_interno
LA_E_7170430,treino_interno
LA_E_7170921,treino_interno
LA_E_7171293,treino_interno
LA_E_7171331,treino_interno
LA_E_7172017,treino_interno
LA_E_7172212,treino_interno
LA_E_7172809,treino_interno
LA_E_7173004,treino_interno
LA_E_7173054,treino_interno
LA_E_7173062,treino_interno
LA_E_7173555,treino_interno
LA_E_7174035,treino_interno
LA_E_7174243,treino_interno
LA_E_7174249,treino_interno
LA_E_7175703,treino_interno
LA_E_7175966,treino_interno
LA_E_7176268,treino_interno
LA_E_7176712,treino_interno
LA_E_7176909,treino_interno
LA_E_7177153,treino_interno
LA_E_7177180,treino_interno
LA_E_7177290,treino_interno
LA_E_7177447,treino_interno
LA_E_7177469,treino_interno
LA_E_7178314,treino_interno
LA_E_7178630,treino_interno
LA_E_7179125,treino_interno
LA_E_7179385,treino_interno
LA_E_7180203,treino_interno
LA_E_7180427,treino_interno
LA_E_7180551,treino_interno
LA_E_7180875,treino_interno
LA_E_7180892,treino_interno
LA_E_7180906,treino_interno
LA_E_7181231,treino_interno
LA_E_7182181,treino_interno
LA_E_7182455,treino_interno
LA_E_7183372,early_stopping
LA_E_7184046,treino_interno
LA_E_7184083,treino_interno
LA_E_7184439,early_stopping
LA_E_7184454,treino_interno
LA_E_7184457,treino_interno
LA_E_7184554,treino_interno
LA_E_7185257,treino_interno
LA_E_7185445,treino_interno
LA_E_7186348,early_stopping
LA_E_7186520,treino_interno
LA_E_7186846,treino_interno
LA_E_7187212,treino_interno
LA_E_7187333,treino_interno
LA_E_7187366,treino_interno
LA_E_7187592,treino_interno
LA_E_7188580,treino_interno
LA_E_7188702,treino_interno
LA_E_7188766,treino_interno
LA_E_7189013,treino_interno
LA_E_7189313,treino_interno
LA_E_7189703,treino_interno
LA_E_7189734,treino_interno
LA_E_7189979,treino_interno
LA_E_7190003,treino_interno
LA_E_7190014,treino_interno
LA_E_7190121,treino_interno
LA_E_7190261,treino_interno
LA_E_7190440,treino_interno
LA_E_7190526,treino_interno
LA_E_7190870,treino_interno
LA_E_7191448,treino_interno
LA_E_7191651,treino_interno
LA_E_7192151,treino_interno
LA_E_7192800,treino_interno
LA_E_7193733,treino_interno
LA_E_7193763,treino_interno
LA_E_7194341,early_stopping
LA_E_7194996,treino_interno
LA_E_7195203,treino_interno
LA_E_7195345,treino_interno
LA_E_7195410,treino_interno
LA_E_7195859,treino_interno
LA_E_7195870,treino_interno
LA_E_7196169,treino_interno
LA_E_7197002,treino_interno
LA_E_7198451,treino_interno
LA_E_7198494,treino_interno
LA_E_7198681,treino_interno
LA_E_7199506,treino_interno
LA_E_7199609,treino_interno
LA_E_7200051,treino_interno
LA_E_7200437,treino_interno
LA_E_7200585,early_stopping
LA_E_7200609,treino_interno
LA_E_7201034,treino_interno
LA_E_7201511,treino_interno
LA_E_7201777,treino_interno
LA_E_7201839,treino_interno
LA_E_7201881,treino_interno
LA_E_7201913,treino_interno
LA_E_7203364,treino_interno
LA_E_7203475,treino_interno
LA_E_7203493,treino_interno
LA_E_7203503,treino_interno
LA_E_7203542,treino_interno
LA_E_7203684,treino_interno
LA_E_7204020,early_stopping
LA_E_7204357,treino_interno
LA_E_7205171,treino_interno
LA_E_7205590,treino_interno
LA_E_7205639,treino_interno
LA_E_7205959,treino_interno
LA_E_7206285,treino_interno
LA_E_7206785,treino_interno
LA_E_7207283,treino_interno
LA_E_7207956,treino_interno
LA_E_7208252,treino_interno
LA_E_7208266,treino_interno
LA_E_7208397,treino_interno
LA_E_7208768,treino_interno
LA_E_7209310,treino_interno
LA_E_7209440,treino_interno
LA_E_7209449,early_stopping
LA_E_7209751,early_stopping
LA_E_7209892,treino_interno
LA_E_7211088,treino_interno
LA_E_7211172,treino_interno
LA_E_7211299,treino_interno
LA_E_7211385,treino_interno
LA_E_7212224,treino_interno
LA_E_7212384,treino_interno
LA_E_7212912,treino_interno
LA_E_7213701,early_stopping
LA_E_7213812,treino_interno
LA_E_7213815,early_stopping
LA_E_7213822,treino_interno
LA_E_7213960,treino_interno
LA_E_7214649,treino_interno
LA_E_7214876,treino_interno
LA_E_7214962,early_stopping
LA_E_7215064,early_stopping
LA_E_7216218,treino_interno
LA_E_7216223,treino_interno
LA_E_7216661,treino_interno
LA_E_7217170,early_stopping
LA_E_7217739,treino_interno
LA_E_7218561,treino_interno
LA_E_7218680,treino_interno
LA_E_7219151,treino_interno
LA_E_7219153,treino_interno
LA_E_7219169,treino_interno
LA_E_7219598,treino_interno
LA_E_7219748,treino_interno
LA_E_7220165,treino_interno
LA_E_7220470,treino_interno
LA_E_7221137,treino_interno
LA_E_7221921,early_stopping
LA_E_7222264,treino_interno
LA_E_7222328,early_stopping
LA_E_7222762,treino_interno
LA_E_7223534,early_stopping
LA_E_7223671,treino_interno
LA_E_7223922,treino_interno
LA_E_7224263,treino_interno
LA_E_7224849,treino_interno
LA_E_7225757,treino_interno
LA_E_7226299,treino_interno
LA_E_7226302,treino_interno
LA_E_7226378,treino_interno
LA_E_7226580,treino_interno
LA_E_7227299,treino_interno
LA_E_7227359,treino_interno
LA_E_7227560,treino_interno
LA_E_7227832,treino_interno
LA_E_7228317,treino_interno
LA_E_7228576,treino_interno
LA_E_7228841,treino_interno
LA_E_7228915,treino_interno
LA_E_7229070,treino_interno
LA_E_7229407,treino_interno
LA_E_7229443,early_stopping
LA_E_7229516,early_stopping
LA_E_7229601,treino_interno
LA_E_7229641,treino_interno
LA_E_7229867,treino_interno
LA_E_7229977,treino_interno
LA_E_7230143,treino_interno
LA_E_7230763,treino_interno
LA_E_7231226,treino_interno
LA_E_7231303,treino_interno
LA_E_7231564,treino_interno
LA_E_7231636,treino_interno
LA_E_7232288,treino_interno
LA_E_7232355,treino_interno
LA_E_7232433,treino_interno
LA_E_7232510,treino_interno
LA_E_7233908,early_stopping
LA_E_7233931,treino_interno
LA_E_7234256,treino_interno
LA_E_7234405,treino_interno
LA_E_7234862,treino_interno
LA_E_7235157,treino_interno
LA_E_7235527,treino_interno
LA_E_7235855,treino_interno
LA_E_7236076,treino_interno
LA_E_7236325,treino_interno
LA_E_7236461,treino_interno
LA_E_7236469,treino_interno
LA_E_7236535,early_stopping
LA_E_7236922,treino_interno
LA_E_7237163,treino_interno
LA_E_7238461,treino_interno
LA_E_7238642,early_stopping
LA_E_7238658,treino_interno
LA_E_7239177,treino_interno
LA_E_7239392,treino_interno
LA_E_7239423,treino_interno
LA_E_7239703,treino_interno
LA_E_7240049,treino_interno
LA_E_7240227,treino_interno
LA_E_7241065,treino_interno
LA_E_7241268,early_stopping
LA_E_7241270,treino_interno
LA_E_7241652,treino_interno
LA_E_7241837,treino_interno
LA_E_7241845,treino_interno
LA_E_7242019,treino_interno
LA_E_7242150,treino_interno
LA_E_7242346,treino_interno
LA_E_7242630,treino_interno
LA_E_7243725,treino_interno
LA_E_7243731,early_stopping
LA_E_7243962,treino_interno
LA_E_7243968,treino_interno
LA_E_7244138,treino_interno
LA_E_7244255,treino_interno
LA_E_7244646,treino_interno
LA_E_7245308,early_stopping
LA_E_7245451,treino_interno
LA_E_7245555,treino_interno
LA_E_7245695,treino_interno
LA_E_7245901,early_stopping
LA_E_7245927,treino_interno
LA_E_7246215,treino_interno
LA_E_7246256,treino_interno
LA_E_7246650,treino_interno
LA_E_7247396,treino_interno
LA_E_7248134,treino_interno
LA_E_7248402,treino_interno
LA_E_7248453,treino_interno
LA_E_7248618,treino_interno
LA_E_7248686,early_stopping
LA_E_7248697,treino_interno
LA_E_7248746,treino_interno
LA_E_7248747,treino_interno
LA_E_7248804,treino_interno
LA_E_7248812,treino_interno
LA_E_7248919,treino_interno
LA_E_7249053,treino_interno
LA_E_7249921,treino_interno
LA_E_7250747,treino_interno
LA_E_7251148,treino_interno
LA_E_7251201,treino_interno
LA_E_7251390,early_stopping
LA_E_7251456,treino_interno
LA_E_7251813,treino_interno
LA_E_7251932,treino_interno
LA_E_7252061,treino_interno
LA_E_7252156,treino_interno
LA_E_7252198,treino_interno
LA_E_7252630,treino_interno
LA_E_7253176,treino_interno
LA_E_7253746,treino_interno
LA_E_7254150,early_stopping
LA_E_7254620,treino_interno
LA_E_7254759,treino_interno
LA_E_7254790,treino_interno
LA_E_7255022,treino_interno
LA_E_7255154,early_stopping
LA_E_7255212,treino_interno
LA_E_7255977,treino_interno
LA_E_7256011,treino_interno
LA_E_7256540,treino_interno
LA_E_7256914,treino_interno
LA_E_7256922,treino_interno
LA_E_7257291,treino_interno
LA_E_7257634,early_stopping
LA_E_7257835,early_stopping
LA_E_7257918,treino_interno
LA_E_7259763,treino_interno
LA_E_7260242,treino_interno
LA_E_7260284,treino_interno
LA_E_7260309,treino_interno
LA_E_7261015,treino_interno
LA_E_7261289,treino_interno
LA_E_7261384,treino_interno
LA_E_7261532,treino_interno
LA_E_7261828,treino_interno
LA_E_7262979,treino_interno
LA_E_7263339,treino_interno
LA_E_7263525,treino_interno
LA_E_7263718,treino_interno
LA_E_7263822,treino_interno
LA_E_7264163,treino_interno
LA_E_7264346,treino_interno
LA_E_7264353,treino_interno
LA_E_7265410,treino_interno
LA_E_7266271,early_stopping
LA_E_7266924,treino_interno
LA_E_7266931,treino_interno
LA_E_7267338,treino_interno
LA_E_7268102,treino_interno
LA_E_7268162,treino_interno
LA_E_7268213,treino_interno
LA_E_7268474,treino_interno
LA_E_7268848,treino_interno
LA_E_7269616,treino_interno
LA_E_7270084,treino_interno
LA_E_7271186,treino_interno
LA_E_7271223,treino_interno
LA_E_7271332,treino_interno
LA_E_7271720,treino_interno
LA_E_7271811,treino_interno
LA_E_7271897,treino_interno
LA_E_7271950,treino_interno
LA_E_7272399,treino_interno
LA_E_7272703,treino_interno
LA_E_7273044,treino_interno
LA_E_7273122,treino_interno
LA_E_7273447,treino_interno
LA_E_7273503,treino_interno
LA_E_7273506,early_stopping
LA_E_7274491,treino_interno
LA_E_7274618,early_stopping
LA_E_7275805,treino_interno
LA_E_7275832,treino_interno
LA_E_7276155,treino_interno
LA_E_7276414,treino_interno
LA_E_7277032,treino_interno
LA_E_7277036,early_stopping
LA_E_7277406,treino_interno
LA_E_7277563,treino_interno
LA_E_7277996,treino_interno
LA_E_7278719,early_stopping
LA_E_7278804,treino_interno
LA_E_7278875,treino_interno
LA_E_7279072,treino_interno
LA_E_7279514,treino_interno
LA_E_7280634,treino_interno
LA_E_7280765,treino_interno
LA_E_7281065,treino_interno
LA_E_7281124,treino_interno
LA_E_7281521,treino_interno
LA_E_7281907,treino_interno
LA_E_7282342,treino_interno
LA_E_7282703,treino_interno
LA_E_7283134,treino_interno
LA_E_7283310,treino_interno
LA_E_7284953,treino_interno
LA_E_7285291,treino_interno
LA_E_7285332,treino_interno
LA_E_7285590,treino_interno
LA_E_7285633,treino_interno
LA_E_7286314,treino_interno
LA_E_7286548,treino_interno
LA_E_7286723,treino_interno
LA_E_7286729,early_stopping
LA_E_7286888,treino_interno
LA_E_7287357,treino_interno
LA_E_7287449,treino_interno
LA_E_7289161,treino_interno
LA_E_7289307,treino_interno
LA_E_7289696,treino_interno
LA_E_7289710,treino_interno
LA_E_7289915,treino_interno
LA_E_7290137,treino_interno
LA_E_7290176,treino_interno
LA_E_7290191,early_stopping
LA_E_7291182,treino_interno
LA_E_7291204,treino_interno
LA_E_7291328,treino_interno
LA_E_7291650,treino_interno
LA_E_7291793,treino_interno
LA_E_7291911,treino_interno
LA_E_7291919,treino_interno
LA_E_7292112,treino_interno
LA_E_7292235,treino_interno
LA_E_7292242,treino_interno
LA_E_7292401,treino_interno
LA_E_7292936,treino_interno
LA_E_7292977,treino_interno
LA_E_7293529,treino_interno
LA_E_7293822,treino_interno
LA_E_7294182,treino_interno
LA_E_7294479,treino_interno
LA_E_7294556,treino_interno
LA_E_7294905,treino_interno
LA_E_7295014,treino_interno
LA_E_7295541,treino_interno
LA_E_7295549,treino_interno
LA_E_7296186,treino_interno
LA_E_7297254,treino_interno
LA_E_7297590,treino_interno
LA_E_7297765,treino_interno
LA_E_7297790,treino_interno
LA_E_7297807,early_stopping
LA_E_7298041,treino_interno
LA_E_7298564,treino_interno
LA_E_7298698,treino_interno
LA_E_7299396,treino_interno
LA_E_7299651,treino_interno
LA_E_7299716,treino_interno
LA_E_7299732,treino_interno
LA_E_7300744,treino_interno
LA_E_7301079,treino_interno
LA_E_7301158,treino_interno
LA_E_7301749,treino_interno
LA_E_7301780,treino_interno
LA_E_7301959,treino_interno
LA_E_7302161,treino_interno
LA_E_7303240,treino_interno
LA_E_7303991,early_stopping
LA_E_7303995,treino_interno
LA_E_7304138,treino_interno
LA_E_7304565,treino_interno
LA_E_7304632,early_stopping
LA_E_7304843,treino_interno
LA_E_7305026,treino_interno
LA_E_7305088,treino_interno
LA_E_7305256,treino_interno
LA_E_7306037,treino_interno
LA_E_7306219,treino_interno
LA_E_7306251,treino_interno
LA_E_7306666,treino_interno
LA_E_7307174,early_stopping
LA_E_7308376,treino_interno
LA_E_7308774,treino_interno
LA_E_7308825,treino_interno
LA_E_7309002,treino_interno
LA_E_7309019,treino_interno
LA_E_7309315,treino_interno
LA_E_7309317,treino_interno
LA_E_7309724,treino_interno
LA_E_7309747,early_stopping
LA_E_7309775,treino_interno
LA_E_7311562,treino_interno
LA_E_7311931,treino_interno
LA_E_7312431,treino_interno
LA_E_7312812,treino_interno
LA_E_7312813,treino_interno
LA_E_7313279,treino_interno
LA_E_7313367,treino_interno
LA_E_7313587,treino_interno
LA_E_7313833,treino_interno
LA_E_7314502,treino_interno
LA_E_7314523,treino_interno
LA_E_7314643,treino_interno
LA_E_7314689,treino_interno
LA_E_7314721,treino_interno
LA_E_7315002,treino_interno
LA_E_7315454,treino_interno
LA_E_7315483,treino_interno
LA_E_7315951,treino_interno
LA_E_7316349,treino_interno
LA_E_7317725,early_stopping
LA_E_7318223,treino_interno
LA_E_7318823,treino_interno
LA_E_7318850,treino_interno
LA_E_7319175,treino_interno
LA_E_7319620,treino_interno
LA_E_7319640,early_stopping
LA_E_7319674,treino_interno
LA_E_7319780,treino_interno
LA_E_7319859,treino_interno
LA_E_7319981,treino_interno
LA_E_7319991,treino_interno
LA_E_7320387,early_stopping
LA_E_7320666,treino_interno
LA_E_7320701,treino_interno
LA_E_7320852,treino_interno
LA_E_7322024,treino_interno
LA_E_7322613,treino_interno
LA_E_7322932,treino_interno
LA_E_7323290,treino_interno
LA_E_7323453,treino_interno
LA_E_7323741,treino_interno
LA_E_7324355,treino_interno
LA_E_7324383,treino_interno
LA_E_7324546,treino_interno
LA_E_7324548,treino_interno
LA_E_7324972,treino_interno
LA_E_7325014,treino_interno
LA_E_7325123,treino_interno
LA_E_7325126,treino_interno
LA_E_7325200,treino_interno
LA_E_7325657,treino_interno
LA_E_7326033,treino_interno
LA_E_7326233,treino_interno
LA_E_7326313,treino_interno
LA_E_7326620,treino_interno
LA_E_7326855,treino_interno
LA_E_7327056,treino_interno
LA_E_7327075,treino_interno
LA_E_7327118,treino_interno
LA_E_7327225,treino_interno
LA_E_7327432,treino_interno
LA_E_7327681,treino_interno
LA_E_7327728,treino_interno
LA_E_7328388,treino_interno
LA_E_7328475,treino_interno
LA_E_7328662,treino_interno
LA_E_7328747,treino_interno
LA_E_7329103,treino_interno
LA_E_7329407,treino_interno
LA_E_7329431,treino_interno
LA_E_7329787,treino_interno
LA_E_7329978,treino_interno
LA_E_7330047,treino_interno
LA_E_7330339,early_stopping
LA_E_7330475,treino_interno
LA_E_7330495,treino_interno
LA_E_7330657,treino_interno
LA_E_7330819,early_stopping
LA_E_7330875,early_stopping
LA_E_7331281,treino_interno
LA_E_7331395,treino_interno
LA_E_7331641,treino_interno
LA_E_7331642,treino_interno
LA_E_7332236,treino_interno
LA_E_7332565,treino_interno
LA_E_7332981,treino_interno
LA_E_7333107,early_stopping
LA_E_7333538,treino_interno
LA_E_7333972,treino_interno
LA_E_7334373,early_stopping
LA_E_7334993,treino_interno
LA_E_7335230,treino_interno
LA_E_7335267,treino_interno
LA_E_7335740,treino_interno
LA_E_7335997,treino_interno
LA_E_7336095,treino_interno
LA_E_7336163,treino_interno
LA_E_7336247,treino_interno
LA_E_7336746,treino_interno
LA_E_7337378,treino_interno
LA_E_7337782,early_stopping
LA_E_7338074,treino_interno
LA_E_7338570,treino_interno
LA_E_7339755,treino_interno
LA_E_7339761,treino_interno
LA_E_7340077,treino_interno
LA_E_7340782,treino_interno
LA_E_7342237,treino_interno
LA_E_7342899,treino_interno
LA_E_7343153,treino_interno
LA_E_7343213,treino_interno
LA_E_7343465,treino_interno
LA_E_7343958,treino_interno
LA_E_7344096,treino_interno
LA_E_7344099,treino_interno
LA_E_7344290,treino_interno
LA_E_7344995,early_stopping
LA_E_7345532,treino_interno
LA_E_7345607,treino_interno
LA_E_7345699,treino_interno
LA_E_7345810,treino_interno
LA_E_7345908,treino_interno
LA_E_7346155,treino_interno
LA_E_7346363,treino_interno
LA_E_7347388,treino_interno
LA_E_7347458,treino_interno
LA_E_7347522,treino_interno
LA_E_7347581,early_stopping
LA_E_7348849,treino_interno
LA_E_7348879,treino_interno
LA_E_7348993,treino_interno
LA_E_7349169,treino_interno
LA_E_7349571,treino_interno
LA_E_7349984,treino_interno
LA_E_7349993,treino_interno
LA_E_7350151,treino_interno
LA_E_7352180,treino_interno
LA_E_7352398,treino_interno
LA_E_7352637,treino_interno
LA_E_7353090,treino_interno
LA_E_7354274,treino_interno
LA_E_7354323,early_stopping
LA_E_7354486,treino_interno
LA_E_7354936,treino_interno
LA_E_7355378,treino_interno
LA_E_7355452,treino_interno
LA_E_7355580,treino_interno
LA_E_7356123,early_stopping
LA_E_7356361,early_stopping
LA_E_7356480,treino_interno
LA_E_7356529,treino_interno
LA_E_7357450,early_stopping
LA_E_7357590,treino_interno
LA_E_7358066,treino_interno
LA_E_7358316,treino_interno
LA_E_7358429,treino_interno
LA_E_7358497,treino_interno
LA_E_7358746,treino_interno
LA_E_7358990,treino_interno
LA_E_7359448,treino_interno
LA_E_7359622,treino_interno
LA_E_7359643,treino_interno
LA_E_7359744,treino_interno
LA_E_7359799,treino_interno
LA_E_7360779,treino_interno
LA_E_7361037,treino_interno
LA_E_7361301,treino_interno
LA_E_7361318,treino_interno
LA_E_7361344,treino_interno
LA_E_7361842,treino_interno
LA_E_7362763,treino_interno
LA_E_7363053,early_stopping
LA_E_7363298,treino_interno
LA_E_7364154,early_stopping
LA_E_7364332,treino_interno
LA_E_7364492,treino_interno
LA_E_7364981,early_stopping
LA_E_7365117,treino_interno
LA_E_7365339,early_stopping
LA_E_7366047,treino_interno
LA_E_7366162,treino_interno
LA_E_7366163,treino_interno
LA_E_7366245,treino_interno
LA_E_7366308,treino_interno
LA_E_7366985,treino_interno
LA_E_7367012,treino_interno
LA_E_7367284,treino_interno
LA_E_7367659,treino_interno
LA_E_7368006,treino_interno
LA_E_7368430,treino_interno
LA_E_7369156,early_stopping
LA_E_7369169,treino_interno
LA_E_7369784,treino_interno
LA_E_7369803,treino_interno
LA_E_7369950,treino_interno
LA_E_7370355,treino_interno
LA_E_7370752,treino_interno
LA_E_7370870,treino_interno
LA_E_7371252,treino_interno
LA_E_7371333,treino_interno
LA_E_7371851,treino_interno
LA_E_7372582,treino_interno
LA_E_7372604,treino_interno
LA_E_7372977,treino_interno
LA_E_7373050,treino_interno
LA_E_7373614,treino_interno
LA_E_7373657,treino_interno
LA_E_7373670,treino_interno
LA_E_7373844,treino_interno
LA_E_7373912,treino_interno
LA_E_7374156,treino_interno
LA_E_7374207,treino_interno
LA_E_7374389,treino_interno
LA_E_7374664,treino_interno
LA_E_7374728,treino_interno
LA_E_7374974,treino_interno
LA_E_7376120,treino_interno
LA_E_7376361,treino_interno
LA_E_7376538,treino_interno
LA_E_7377247,early_stopping
LA_E_7377416,treino_interno
LA_E_7377474,treino_interno
LA_E_7378018,early_stopping
LA_E_7378066,treino_interno
LA_E_7378267,treino_interno
LA_E_7378863,treino_interno
LA_E_7379029,treino_interno
LA_E_7379212,treino_interno
LA_E_7379221,early_stopping
LA_E_7379644,treino_interno
LA_E_7379875,treino_interno
LA_E_7380046,treino_interno
LA_E_7380116,treino_interno
LA_E_7380451,treino_interno
LA_E_7380634,treino_interno
LA_E_7380676,early_stopping
LA_E_7380845,treino_interno
LA_E_7380915,treino_interno
LA_E_7380943,early_stopping
LA_E_7381077,treino_interno
LA_E_7381367,treino_interno
LA_E_7381493,treino_interno
LA_E_7381783,treino_interno
LA_E_7381787,treino_interno
LA_E_7382381,treino_interno
LA_E_7382639,treino_interno
LA_E_7383091,treino_interno
LA_E_7383465,treino_interno
LA_E_7383567,treino_interno
LA_E_7383633,treino_interno
LA_E_7383937,early_stopping
LA_E_7384035,treino_interno
LA_E_7384185,treino_interno
LA_E_7384712,treino_interno
LA_E_7384759,treino_interno
LA_E_7385501,treino_interno
LA_E_7385613,treino_interno
LA_E_7385745,treino_interno
LA_E_7386077,treino_interno
LA_E_7387511,treino_interno
LA_E_7387937,treino_interno
LA_E_7388106,treino_interno
LA_E_7388865,treino_interno
LA_E_7389238,treino_interno
LA_E_7390361,treino_interno
LA_E_7390483,treino_interno
LA_E_7390703,treino_interno
LA_E_7391089,treino_interno
LA_E_7391164,treino_interno
LA_E_7391608,treino_interno
LA_E_7391661,treino_interno
LA_E_7392049,treino_interno
LA_E_7392411,treino_interno
LA_E_7392415,treino_interno
LA_E_7392465,early_stopping
LA_E_7392485,early_stopping
LA_E_7392523,treino_interno
LA_E_7392786,treino_interno
LA_E_7393137,treino_interno
LA_E_7394105,treino_interno
LA_E_7394916,treino_interno
LA_E_7395027,treino_interno
LA_E_7395099,treino_interno
LA_E_7395108,treino_interno
LA_E_7395567,treino_interno
LA_E_7396306,treino_interno
LA_E_7397473,treino_interno
LA_E_7397590,treino_interno
LA_E_7397802,treino_interno
LA_E_7397925,treino_interno
LA_E_7398147,treino_interno
LA_E_7398955,treino_interno
LA_E_7399080,treino_interno
LA_E_7399202,treino_interno
LA_E_7400632,early_stopping
LA_E_7401158,treino_interno
LA_E_7401235,treino_interno
LA_E_7401698,treino_interno
LA_E_7402073,early_stopping
LA_E_7402150,treino_interno
LA_E_7402444,treino_interno
LA_E_7402639,treino_interno
LA_E_7402657,treino_interno
LA_E_7402812,treino_interno
LA_E_7403080,treino_interno
LA_E_7403321,treino_interno
LA_E_7403449,treino_interno
LA_E_7403487,treino_interno
LA_E_7403886,treino_interno
LA_E_7404027,treino_interno
LA_E_7404499,treino_interno
LA_E_7404646,treino_interno
LA_E_7404655,treino_interno
LA_E_7404934,treino_interno
LA_E_7405016,treino_interno
LA_E_7405372,treino_interno
LA_E_7405501,treino_interno
LA_E_7406089,treino_interno
LA_E_7406297,treino_interno
LA_E_7406370,treino_interno
LA_E_7406700,treino_interno
LA_E_7407794,treino_interno
LA_E_7408456,treino_interno
LA_E_7408458,treino_interno
LA_E_7408670,treino_interno
LA_E_7408679,treino_interno
LA_E_7409451,treino_interno
LA_E_7409503,early_stopping
LA_E_7409970,treino_interno
LA_E_7410004,treino_interno
LA_E_7410316,early_stopping
LA_E_7410524,treino_interno
LA_E_7410619,treino_interno
LA_E_7410971,treino_interno
LA_E_7411112,treino_interno
LA_E_7411217,treino_interno
LA_E_7411847,treino_interno
LA_E_7412102,treino_interno
LA_E_7412104,treino_interno
LA_E_7412209,treino_interno
LA_E_7412280,treino_interno
LA_E_7412475,treino_interno
LA_E_7412489,treino_interno
LA_E_7412719,treino_interno
LA_E_7412765,treino_interno
LA_E_7412855,treino_interno
LA_E_7413022,treino_interno
LA_E_7413053,treino_interno
LA_E_7413326,treino_interno
LA_E_7413555,treino_interno
LA_E_7415744,treino_interno
LA_E_7416263,treino_interno
LA_E_7417555,treino_interno
LA_E_7417632,treino_interno
LA_E_7417843,treino_interno
LA_E_7417861,treino_interno
LA_E_7417874,treino_interno
LA_E_7418276,treino_interno
LA_E_7418344,early_stopping
LA_E_7418447,treino_interno
LA_E_7418485,treino_interno
LA_E_7418556,early_stopping
LA_E_7418702,treino_interno
LA_E_7418888,treino_interno
LA_E_7419616,treino_interno
LA_E_7419951,treino_interno
LA_E_7419963,treino_interno
LA_E_7420229,treino_interno
LA_E_7420241,early_stopping
LA_E_7420781,treino_interno
LA_E_7420800,treino_interno
LA_E_7420858,treino_interno
LA_E_7421136,treino_interno
LA_E_7421705,treino_interno
LA_E_7421901,treino_interno
LA_E_7422527,treino_interno
LA_E_7422679,treino_interno
LA_E_7422984,early_stopping
LA_E_7422999,early_stopping
LA_E_7423633,treino_interno
LA_E_7424311,treino_interno
LA_E_7424979,treino_interno
LA_E_7425474,treino_interno
LA_E_7425797,treino_interno
LA_E_7425869,treino_interno
LA_E_7426221,treino_interno
LA_E_7426605,treino_interno
LA_E_7426669,treino_interno
LA_E_7426940,treino_interno
LA_E_7427002,early_stopping
LA_E_7427925,treino_interno
LA_E_7428031,treino_interno
LA_E_7428086,treino_interno
LA_E_7428453,treino_interno
LA_E_7429204,treino_interno
LA_E_7429337,treino_interno
LA_E_7429949,treino_interno
LA_E_7430184,treino_interno
LA_E_7430900,treino_interno
LA_E_7430986,treino_interno
LA_E_7431223,treino_interno
LA_E_7431523,early_stopping
LA_E_7431600,treino_interno
LA_E_7431834,treino_interno
LA_E_7431843,treino_interno
LA_E_7431923,treino_interno
LA_E_7432797,treino_interno
LA_E_7433146,treino_interno
LA_E_7433475,treino_interno
LA_E_7434548,treino_interno
LA_E_7434552,early_stopping
LA_E_7434713,early_stopping
LA_E_7435222,treino_interno
LA_E_7435483,treino_interno
LA_E_7435614,treino_interno
LA_E_7435861,treino_interno
LA_E_7435986,treino_interno
LA_E_7436019,treino_interno
LA_E_7436251,treino_interno
LA_E_7436671,treino_interno
LA_E_7436908,treino_interno
LA_E_7437062,treino_interno
LA_E_7437490,treino_interno
LA_E_7437804,treino_interno
LA_E_7437919,treino_interno
LA_E_7438229,treino_interno
LA_E_7438335,treino_interno
LA_E_7438777,treino_interno
LA_E_7439253,treino_interno
LA_E_7439440,early_stopping
LA_E_7439511,treino_interno
LA_E_7439723,treino_interno
LA_E_7439922,treino_interno
LA_E_7439924,treino_interno
LA_E_7440042,treino_interno
LA_E_7440482,treino_interno
LA_E_7440896,treino_interno
LA_E_7441084,treino_interno
LA_E_7441286,early_stopping
LA_E_7441811,early_stopping
LA_E_7441911,treino_interno
LA_E_7442177,early_stopping
LA_E_7442635,treino_interno
LA_E_7442892,treino_interno
LA_E_7443348,treino_interno
LA_E_7443464,treino_interno
LA_E_7443505,treino_interno
LA_E_7444634,treino_interno
LA_E_7444807,treino_interno
LA_E_7445005,treino_interno
LA_E_7445808,treino_interno
LA_E_7445825,treino_interno
LA_E_7445970,treino_interno
LA_E_7445998,treino_interno
LA_E_7446118,treino_interno
LA_E_7446238,treino_interno
LA_E_7447591,treino_interno
LA_E_7447696,treino_interno
LA_E_7448054,treino_interno
LA_E_7448059,treino_interno
LA_E_7448197,treino_interno
LA_E_7448495,treino_interno
LA_E_7449831,treino_interno
LA_E_7450141,treino_interno
LA_E_7450332,treino_interno
LA_E_7450428,treino_interno
LA_E_7450668,treino_interno
LA_E_7450771,early_stopping
LA_E_7451271,treino_interno
LA_E_7451583,treino_interno
LA_E_7451622,treino_interno
LA_E_7452063,treino_interno
LA_E_7452070,treino_interno
LA_E_7452608,treino_interno
LA_E_7453041,treino_interno
LA_E_7453064,treino_interno
LA_E_7453600,treino_interno
LA_E_7453748,treino_interno
LA_E_7453832,treino_interno
LA_E_7454230,treino_interno
LA_E_7454427,treino_interno
LA_E_7455150,treino_interno
LA_E_7455762,treino_interno
LA_E_7455850,treino_interno
LA_E_7456149,treino_interno
LA_E_7456272,treino_interno
LA_E_7457137,treino_interno
LA_E_7457176,treino_interno
LA_E_7459172,treino_interno
LA_E_7460621,treino_interno
LA_E_7460686,treino_interno
LA_E_7460831,treino_interno
LA_E_7460906,treino_interno
LA_E_7461107,treino_interno
LA_E_7461377,treino_interno
LA_E_7461412,treino_interno
LA_E_7461442,early_stopping
LA_E_7461607,early_stopping
LA_E_7461651,treino_interno
LA_E_7461815,treino_interno
LA_E_7462472,treino_interno
LA_E_7462531,treino_interno
LA_E_7462841,treino_interno
LA_E_7463444,treino_interno
LA_E_7463907,early_stopping
LA_E_7463976,early_stopping
LA_E_7464017,treino_interno
LA_E_7464367,treino_interno
LA_E_7465022,treino_interno
LA_E_7466068,treino_interno
LA_E_7466253,treino_interno
LA_E_7466447,treino_interno
LA_E_7466698,treino_interno
LA_E_7466779,treino_interno
LA_E_7466877,treino_interno
LA_E_7467250,treino_interno
LA_E_7467694,treino_interno
LA_E_7467928,early_stopping
LA_E_7467985,treino_interno
LA_E_7468113,treino_interno
LA_E_7468121,treino_interno
LA_E_7468238,treino_interno
LA_E_7468510,treino_interno
LA_E_7470241,treino_interno
LA_E_7470312,treino_interno
LA_E_7470343,treino_interno
LA_E_7470385,treino_interno
LA_E_7471011,treino_interno
LA_E_7471171,treino_interno
LA_E_7471203,treino_interno
LA_E_7471333,treino_interno
LA_E_7471443,treino_interno
LA_E_7471489,treino_interno
LA_E_7471534,treino_interno
LA_E_7471614,treino_interno
LA_E_7471696,treino_interno
LA_E_7471789,treino_interno
LA_E_7472000,treino_interno
LA_E_7472481,early_stopping
LA_E_7472618,treino_interno
LA_E_7472689,treino_interno
LA_E_7473130,treino_interno
LA_E_7473814,treino_interno
LA_E_7474050,treino_interno
LA_E_7474055,treino_interno
LA_E_7474867,treino_interno
LA_E_7475213,treino_interno
LA_E_7475447,treino_interno
LA_E_7475474,treino_interno
LA_E_7475884,treino_interno
LA_E_7476048,treino_interno
LA_E_7476258,treino_interno
LA_E_7476271,treino_interno
LA_E_7476816,treino_interno
LA_E_7477123,treino_interno
LA_E_7477202,treino_interno
LA_E_7477551,treino_interno
LA_E_7477572,treino_interno
LA_E_7477705,treino_interno
LA_E_7478235,treino_interno
LA_E_7478475,treino_interno
LA_E_7478530,treino_interno
LA_E_7478654,treino_interno
LA_E_7479548,treino_interno
LA_E_7480240,treino_interno
LA_E_7480457,treino_interno
LA_E_7480923,early_stopping
LA_E_7480944,treino_interno
LA_E_7481126,treino_interno
LA_E_7481598,treino_interno
LA_E_7481707,treino_interno
LA_E_7481732,treino_interno
LA_E_7481758,treino_interno
LA_E_7482428,treino_interno
LA_E_7482935,treino_interno
LA_E_7484116,early_stopping
LA_E_7484146,treino_interno
LA_E_7484884,treino_interno
LA_E_7485012,treino_interno
LA_E_7485109,treino_interno
LA_E_7485224,treino_interno
LA_E_7485357,treino_interno
LA_E_7485376,treino_interno
LA_E_7485640,treino_interno
LA_E_7485660,early_stopping
LA_E_7485712,treino_interno
LA_E_7485717,treino_interno
LA_E_7486068,treino_interno
LA_E_7486546,treino_interno
LA_E_7486676,treino_interno
LA_E_7486723,treino_interno
LA_E_7487229,treino_interno
LA_E_7487283,treino_interno
LA_E_7487777,early_stopping
LA_E_7487919,treino_interno
LA_E_7487953,treino_interno
LA_E_7488027,treino_interno
LA_E_7488330,treino_interno
LA_E_7488866,treino_interno
LA_E_7488871,treino_interno
LA_E_7488949,treino_interno
LA_E_7489329,treino_interno
LA_E_7489565,early_stopping
LA_E_7489984,treino_interno
LA_E_7490494,treino_interno
LA_E_7490523,treino_interno
LA_E_7490569,treino_interno
LA_E_7490638,treino_interno
LA_E_7490683,treino_interno
LA_E_7491320,treino_interno
LA_E_7491459,treino_interno
LA_E_7491513,treino_interno
LA_E_7491565,treino_interno
LA_E_7491984,treino_interno
LA_E_7492159,treino_interno
LA_E_7492280,treino_interno
LA_E_7492639,early_stopping
LA_E_7492825,treino_interno
LA_E_7492892,treino_interno
LA_E_7493130,treino_interno
LA_E_7493780,treino_interno
LA_E_7493996,treino_interno
LA_E_7494218,treino_interno
LA_E_7494495,treino_interno
LA_E_7494775,treino_interno
LA_E_7494972,treino_interno
LA_E_7495149,treino_interno
LA_E_7495239,early_stopping
LA_E_7495304,treino_interno
LA_E_7496255,treino_interno
LA_E_7496362,treino_interno
LA_E_7497165,treino_interno
LA_E_7497372,treino_interno
LA_E_7497947,treino_interno
LA_E_7498712,treino_interno
LA_E_7498778,treino_interno
LA_E_7499001,treino_interno
LA_E_7499099,treino_interno
LA_E_7499552,early_stopping
LA_E_7499736,treino_interno
LA_E_7500025,treino_interno
LA_E_7500150,treino_interno
LA_E_7500255,treino_interno
LA_E_7500683,treino_interno
LA_E_7501275,treino_interno
LA_E_7501733,treino_interno
LA_E_7501969,treino_interno
LA_E_7502155,early_stopping
LA_E_7502574,treino_interno
LA_E_7502815,treino_interno
LA_E_7502827,treino_interno
LA_E_7503091,treino_interno
LA_E_7503203,treino_interno
LA_E_7503285,treino_interno
LA_E_7503510,treino_interno
LA_E_7503949,treino_interno
LA_E_7503964,treino_interno
LA_E_7504039,treino_interno
LA_E_7504215,treino_interno
LA_E_7504489,treino_interno
LA_E_7506410,treino_interno
LA_E_7506891,treino_interno
LA_E_7507119,early_stopping
LA_E_7507198,treino_interno
LA_E_7507677,treino_interno
LA_E_7507859,treino_interno
LA_E_7508198,treino_interno
LA_E_7508357,treino_interno
LA_E_7508613,treino_interno
LA_E_7508794,treino_interno
LA_E_7508932,early_stopping
LA_E_7509405,early_stopping
LA_E_7509972,treino_interno
LA_E_7510315,treino_interno
LA_E_7510333,treino_interno
LA_E_7510686,treino_interno
LA_E_7510697,treino_interno
LA_E_7513091,treino_interno
LA_E_7513715,treino_interno
LA_E_7513756,treino_interno
LA_E_7513798,treino_interno
LA_E_7513817,early_stopping
LA_E_7513849,treino_interno
LA_E_7513860,treino_interno
LA_E_7514842,treino_interno
LA_E_7515353,treino_interno
LA_E_7515541,treino_interno
LA_E_7515814,treino_interno
LA_E_7516358,early_stopping
LA_E_7516606,treino_interno
LA_E_7516843,treino_interno
LA_E_7517107,treino_interno
LA_E_7517110,treino_interno
LA_E_7517335,treino_interno
LA_E_7517390,early_stopping
LA_E_7517805,treino_interno
LA_E_7518451,treino_interno
LA_E_7518767,treino_interno
LA_E_7518992,treino_interno
LA_E_7519108,treino_interno
LA_E_7519881,treino_interno
LA_E_7519896,treino_interno
LA_E_7520357,treino_interno
LA_E_7520374,treino_interno
LA_E_7520872,treino_interno
LA_E_7520931,treino_interno
LA_E_7520976,early_stopping
LA_E_7521764,treino_interno
LA_E_7521957,treino_interno
LA_E_7522193,treino_interno
LA_E_7522303,treino_interno
LA_E_7523729,treino_interno
LA_E_7523863,treino_interno
LA_E_7523978,treino_interno
LA_E_7524000,early_stopping
LA_E_7524448,treino_interno
LA_E_7524734,treino_interno
LA_E_7525731,treino_interno
LA_E_7525988,treino_interno
LA_E_7526391,treino_interno
LA_E_7526606,treino_interno
LA_E_7526745,treino_interno
LA_E_7526952,treino_interno
LA_E_7527806,early_stopping
LA_E_7527910,treino_interno
LA_E_7527939,early_stopping
LA_E_7528082,treino_interno
LA_E_7528314,early_stopping
LA_E_7528884,treino_interno
LA_E_7529046,treino_interno
LA_E_7529352,early_stopping
LA_E_7530588,treino_interno
LA_E_7531170,treino_interno
LA_E_7531271,treino_interno
LA_E_7531412,treino_interno
LA_E_7531647,treino_interno
LA_E_7532554,treino_interno
LA_E_7532769,treino_interno
LA_E_7532771,treino_interno
LA_E_7532959,early_stopping
LA_E_7533018,early_stopping
LA_E_7533503,early_stopping
LA_E_7533569,treino_interno
LA_E_7533981,early_stopping
LA_E_7534768,treino_interno
LA_E_7534867,treino_interno
LA_E_7535261,treino_interno
LA_E_7535513,early_stopping
LA_E_7535822,treino_interno
LA_E_7536292,treino_interno
LA_E_7537072,treino_interno
LA_E_7537325,treino_interno
LA_E_7537697,treino_interno
LA_E_7537797,treino_interno
LA_E_7538015,treino_interno
LA_E_7539291,early_stopping
LA_E_7539665,treino_interno
LA_E_7539849,treino_interno
LA_E_7540013,treino_interno
LA_E_7540068,treino_interno
LA_E_7540170,treino_interno
LA_E_7540885,treino_interno
LA_E_7540902,treino_interno
LA_E_7541612,treino_interno
LA_E_7542065,treino_interno
LA_E_7542193,treino_interno
LA_E_7543622,treino_interno
LA_E_7543624,treino_interno
LA_E_7543779,early_stopping
LA_E_7543789,treino_interno
LA_E_7543801,treino_interno
LA_E_7544273,treino_interno
LA_E_7544307,early_stopping
LA_E_7544449,treino_interno
LA_E_7544826,treino_interno
LA_E_7545266,treino_interno
LA_E_7546087,treino_interno
LA_E_7546196,treino_interno
LA_E_7546520,treino_interno
LA_E_7547052,treino_interno
LA_E_7547090,treino_interno
LA_E_7547490,treino_interno
LA_E_7547705,treino_interno
LA_E_7548794,treino_interno
LA_E_7549095,treino_interno
LA_E_7549139,treino_interno
LA_E_7549352,treino_interno
LA_E_7549911,treino_interno
LA_E_7549985,treino_interno
LA_E_7550167,treino_interno
LA_E_7550966,treino_interno
LA_E_7550970,treino_interno
LA_E_7551838,early_stopping
LA_E_7551906,treino_interno
LA_E_7552333,treino_interno
LA_E_7552458,treino_interno
LA_E_7553347,treino_interno
LA_E_7553779,early_stopping
LA_E_7553885,treino_interno
LA_E_7553899,treino_interno
LA_E_7554113,treino_interno
LA_E_7554250,treino_interno
LA_E_7554297,treino_interno
LA_E_7554400,treino_interno
LA_E_7554420,treino_interno
LA_E_7554798,treino_interno
LA_E_7554904,early_stopping
LA_E_7555674,treino_interno
LA_E_7556044,treino_interno
LA_E_7556250,treino_interno
LA_E_7556326,early_stopping
LA_E_7556588,treino_interno
LA_E_7556823,treino_interno
LA_E_7556838,treino_interno
LA_E_7557625,treino_interno
LA_E_7557885,treino_interno
LA_E_7557913,treino_interno
LA_E_7557981,treino_interno
LA_E_7558579,treino_interno
LA_E_7558729,early_stopping
LA_E_7559538,treino_interno
LA_E_7559723,treino_interno
LA_E_7559734,treino_interno
LA_E_7559836,early_stopping
LA_E_7559908,treino_interno
LA_E_7560091,treino_interno
LA_E_7560551,treino_interno
LA_E_7560582,treino_interno
LA_E_7560623,treino_interno
LA_E_7561054,treino_interno
LA_E_7561229,treino_interno
LA_E_7561433,treino_interno
LA_E_7561519,early_stopping
LA_E_7561978,treino_interno
LA_E_7562046,treino_interno
LA_E_7562290,treino_interno
LA_E_7562487,treino_interno
LA_E_7562786,treino_interno
LA_E_7563160,treino_interno
LA_E_7563767,treino_interno
LA_E_7563783,treino_interno
LA_E_7564025,treino_interno
LA_E_7564219,early_stopping
LA_E_7564387,treino_interno
LA_E_7565246,early_stopping
LA_E_7565329,early_stopping
LA_E_7565387,treino_interno
LA_E_7565396,treino_interno
LA_E_7565814,treino_interno
LA_E_7565996,treino_interno
LA_E_7566010,treino_interno
LA_E_7566604,treino_interno
LA_E_7566612,treino_interno
LA_E_7566906,treino_interno
LA_E_7567286,treino_interno
LA_E_7568889,treino_interno
LA_E_7568974,treino_interno
LA_E_7569220,treino_interno
LA_E_7569250,treino_interno
LA_E_7569257,treino_interno
LA_E_7569379,treino_interno
LA_E_7569412,treino_interno
LA_E_7569485,treino_interno
LA_E_7570291,treino_interno
LA_E_7570471,treino_interno
LA_E_7570474,treino_interno
LA_E_7570892,treino_interno
LA_E_7571128,early_stopping
LA_E_7571410,treino_interno
LA_E_7571755,early_stopping
LA_E_7572840,treino_interno
LA_E_7572868,treino_interno
LA_E_7573766,treino_interno
LA_E_7573927,treino_interno
LA_E_7574393,treino_interno
LA_E_7574519,treino_interno
LA_E_7574576,treino_interno
LA_E_7575795,treino_interno
LA_E_7575815,treino_interno
LA_E_7575840,treino_interno
LA_E_7576108,treino_interno
LA_E_7576256,treino_interno
LA_E_7576583,early_stopping
LA_E_7576625,treino_interno
LA_E_7577628,early_stopping
LA_E_7577738,treino_interno
LA_E_7577760,treino_interno
LA_E_7577972,treino_interno
LA_E_7578310,treino_interno
LA_E_7578438,early_stopping
LA_E_7578536,treino_interno
LA_E_7578539,treino_interno
LA_E_7578701,treino_interno
LA_E_7578828,treino_interno
LA_E_7578985,treino_interno
LA_E_7579257,early_stopping
LA_E_7579620,treino_interno
LA_E_7579832,treino_interno
LA_E_7579873,treino_interno
LA_E_7579993,treino_interno
LA_E_7580990,treino_interno
LA_E_7581416,treino_interno
LA_E_7581455,early_stopping
LA_E_7581582,early_stopping
LA_E_7582165,treino_interno
LA_E_7582231,treino_interno
LA_E_7582370,treino_interno
LA_E_7582707,treino_interno
LA_E_7582861,treino_interno
LA_E_7583582,treino_interno
LA_E_7583804,treino_interno
LA_E_7583835,treino_interno
LA_E_7584517,treino_interno
LA_E_7585047,treino_interno
LA_E_7585245,treino_interno
LA_E_7585461,treino_interno
LA_E_7585918,treino_interno
LA_E_7585952,treino_interno
LA_E_7586344,treino_interno
LA_E_7586808,treino_interno
LA_E_7587257,treino_interno
LA_E_7587577,treino_interno
LA_E_7587822,treino_interno
LA_E_7588109,treino_interno
LA_E_7588498,treino_interno
LA_E_7588550,treino_interno
LA_E_7588749,early_stopping
LA_E_7588788,treino_interno
LA_E_7588791,treino_interno
LA_E_7589390,early_stopping
LA_E_7589439,treino_interno
LA_E_7589554,treino_interno
LA_E_7589864,early_stopping
LA_E_7590388,treino_interno
LA_E_7590395,treino_interno
LA_E_7591244,treino_interno
LA_E_7591625,treino_interno
LA_E_7591913,treino_interno
LA_E_7592208,treino_interno
LA_E_7592337,treino_interno
LA_E_7592999,treino_interno
LA_E_7593041,treino_interno
LA_E_7593303,treino_interno
LA_E_7593327,treino_interno
LA_E_7594021,treino_interno
LA_E_7594105,treino_interno
LA_E_7594353,treino_interno
LA_E_7594546,treino_interno
LA_E_7594717,treino_interno
LA_E_7595229,treino_interno
LA_E_7595585,treino_interno
LA_E_7595946,treino_interno
LA_E_7596132,treino_interno
LA_E_7596197,treino_interno
LA_E_7596365,treino_interno
LA_E_7596385,treino_interno
LA_E_7596868,treino_interno
LA_E_7596999,treino_interno
LA_E_7597302,treino_interno
LA_E_7597312,treino_interno
LA_E_7598142,treino_interno
LA_E_7598146,treino_interno
LA_E_7598978,treino_interno
LA_E_7599010,treino_interno
LA_E_7599487,treino_interno
LA_E_7599536,treino_interno
LA_E_7599762,treino_interno
LA_E_7599950,treino_interno
LA_E_7600251,treino_interno
LA_E_7600844,treino_interno
LA_E_7601063,treino_interno
LA_E_7601372,treino_interno
LA_E_7601433,early_stopping
LA_E_7601742,treino_interno
LA_E_7601765,treino_interno
LA_E_7601938,treino_interno
LA_E_7602188,treino_interno
LA_E_7602770,treino_interno
LA_E_7603822,early_stopping
LA_E_7604697,treino_interno
LA_E_7604954,treino_interno
LA_E_7606504,treino_interno
LA_E_7606999,treino_interno
LA_E_7607233,treino_interno
LA_E_7607359,treino_interno
LA_E_7607585,treino_interno
LA_E_7608090,treino_interno
LA_E_7608941,treino_interno
LA_E_7608960,treino_interno
LA_E_7609220,treino_interno
LA_E_7609224,treino_interno
LA_E_7609383,treino_interno
LA_E_7609665,treino_interno
LA_E_7610232,treino_interno
LA_E_7610518,treino_interno
LA_E_7610521,treino_interno
LA_E_7611153,early_stopping
LA_E_7611424,treino_interno
LA_E_7612039,treino_interno
LA_E_7612162,treino_interno
LA_E_7612352,treino_interno
LA_E_7613041,treino_interno
LA_E_7613090,treino_interno
LA_E_7613252,treino_interno
LA_E_7613475,treino_interno
LA_E_7613715,treino_interno
LA_E_7613818,early_stopping
LA_E_7614284,treino_interno
LA_E_7614553,treino_interno
LA_E_7614588,early_stopping
LA_E_7614897,treino_interno
LA_E_7615058,treino_interno
LA_E_7615070,treino_interno
LA_E_7616097,treino_interno
LA_E_7616897,treino_interno
LA_E_7617148,treino_interno
LA_E_7617332,treino_interno
LA_E_7617476,treino_interno
LA_E_7617661,treino_interno
LA_E_7618065,early_stopping
LA_E_7618500,treino_interno
LA_E_7618920,treino_interno
LA_E_7619466,treino_interno
LA_E_7620088,treino_interno
LA_E_7620318,treino_interno
LA_E_7620465,treino_interno
LA_E_7620824,early_stopping
LA_E_7620973,treino_interno
LA_E_7621045,treino_interno
LA_E_7621407,treino_interno
LA_E_7621559,treino_interno
LA_E_7621670,treino_interno
LA_E_7622040,treino_interno
LA_E_7622356,treino_interno
LA_E_7622365,treino_interno
LA_E_7622473,treino_interno
LA_E_7622571,treino_interno
LA_E_7622801,early_stopping
LA_E_7622848,treino_interno
LA_E_7623028,treino_interno
LA_E_7623416,treino_interno
LA_E_7623745,treino_interno
LA_E_7624418,early_stopping
LA_E_7624577,treino_interno
LA_E_7624919,treino_interno
LA_E_7625382,early_stopping
LA_E_7625596,treino_interno
LA_E_7626141,treino_interno
LA_E_7626165,treino_interno
LA_E_7626295,treino_interno
LA_E_7626460,treino_interno
LA_E_7626893,treino_interno
LA_E_7627160,treino_interno
LA_E_7627308,treino_interno
LA_E_7627991,treino_interno
LA_E_7629034,treino_interno
LA_E_7629045,early_stopping
LA_E_7629076,treino_interno
LA_E_7629229,treino_interno
LA_E_7629592,treino_interno
LA_E_7629781,treino_interno
LA_E_7630878,treino_interno
LA_E_7630950,early_stopping
LA_E_7631457,treino_interno
LA_E_7631507,treino_interno
LA_E_7632793,treino_interno
LA_E_7632842,treino_interno
LA_E_7633422,treino_interno
LA_E_7633553,treino_interno
LA_E_7634057,treino_interno
LA_E_7634255,treino_interno
LA_E_7634272,treino_interno
LA_E_7634617,treino_interno
LA_E_7635237,treino_interno
LA_E_7635294,treino_interno
LA_E_7635405,treino_interno
LA_E_7635622,treino_interno
LA_E_7636082,treino_interno
LA_E_7636263,treino_interno
LA_E_7636594,treino_interno
LA_E_7636732,early_stopping
LA_E_7636739,treino_interno
LA_E_7636740,treino_interno
LA_E_7636813,treino_interno
LA_E_7637209,treino_interno
LA_E_7637760,treino_interno
LA_E_7639088,treino_interno
LA_E_7639485,treino_interno
LA_E_7640845,treino_interno
LA_E_7640891,treino_interno
LA_E_7641116,treino_interno
LA_E_7641674,treino_interno
LA_E_7641696,treino_interno
LA_E_7641984,treino_interno
LA_E_7642052,treino_interno
LA_E_7642099,treino_interno
LA_E_7642264,treino_interno
LA_E_7642404,treino_interno
LA_E_7642468,treino_interno
LA_E_7643050,early_stopping
LA_E_7643081,treino_interno
LA_E_7643666,treino_interno
LA_E_7643856,treino_interno
LA_E_7644153,treino_interno
LA_E_7644229,treino_interno
LA_E_7644239,treino_interno
LA_E_7644870,treino_interno
LA_E_7645272,treino_interno
LA_E_7645665,early_stopping
LA_E_7646140,treino_interno
LA_E_7648055,treino_interno
LA_E_7648186,treino_interno
LA_E_7648802,treino_interno
LA_E_7648879,early_stopping
LA_E_7648978,treino_interno
LA_E_7649261,treino_interno
LA_E_7649343,treino_interno
LA_E_7649584,treino_interno
LA_E_7649634,treino_interno
LA_E_7649828,treino_interno
LA_E_7650086,treino_interno
LA_E_7650129,treino_interno
LA_E_7650291,treino_interno
LA_E_7650840,treino_interno
LA_E_7650918,treino_interno
LA_E_7651625,treino_interno
LA_E_7651961,treino_interno
LA_E_7652121,treino_interno
LA_E_7652521,treino_interno
LA_E_7652597,treino_interno
LA_E_7652660,early_stopping
LA_E_7652722,treino_interno
LA_E_7653624,treino_interno
LA_E_7653647,treino_interno
LA_E_7653806,treino_interno
LA_E_7654551,treino_interno
LA_E_7654575,treino_interno
LA_E_7654887,early_stopping
LA_E_7655484,treino_interno
LA_E_7655924,treino_interno
LA_E_7656221,treino_interno
LA_E_7656799,treino_interno
LA_E_7658627,treino_interno
LA_E_7659717,treino_interno
LA_E_7660091,treino_interno
LA_E_7660355,treino_interno
LA_E_7661172,treino_interno
LA_E_7661353,early_stopping
LA_E_7661443,treino_interno
LA_E_7661729,early_stopping
LA_E_7661804,treino_interno
LA_E_7661907,early_stopping
LA_E_7662064,treino_interno
LA_E_7663027,treino_interno
LA_E_7663269,treino_interno
LA_E_7663292,treino_interno
LA_E_7663957,treino_interno
LA_E_7665087,treino_interno
LA_E_7665223,treino_interno
LA_E_7665873,treino_interno
LA_E_7665885,treino_interno
LA_E_7666330,treino_interno
LA_E_7667041,early_stopping
LA_E_7667272,treino_interno
LA_E_7667609,treino_interno
LA_E_7667838,treino_interno
LA_E_7668043,treino_interno
LA_E_7668803,treino_interno
LA_E_7669227,treino_interno
LA_E_7669764,treino_interno
LA_E_7670387,treino_interno
LA_E_7670540,treino_interno
LA_E_7670633,early_stopping
LA_E_7670707,treino_interno
LA_E_7670747,treino_interno
LA_E_7671074,treino_interno
LA_E_7671103,treino_interno
LA_E_7671209,treino_interno
LA_E_7671322,treino_interno
LA_E_7673103,treino_interno
LA_E_7673308,treino_interno
LA_E_7673383,treino_interno
LA_E_7673492,treino_interno
LA_E_7673762,treino_interno
LA_E_7673856,treino_interno
LA_E_7674348,treino_interno
LA_E_7674686,treino_interno
LA_E_7674821,treino_interno
LA_E_7675585,treino_interno
LA_E_7675941,treino_interno
LA_E_7676099,treino_interno
LA_E_7676172,treino_interno
LA_E_7676304,treino_interno
LA_E_7676337,treino_interno
LA_E_7676390,early_stopping
LA_E_7676665,treino_interno
LA_E_7676773,treino_interno
LA_E_7676852,treino_interno
LA_E_7676859,treino_interno
LA_E_7676912,treino_interno
LA_E_7677082,early_stopping
LA_E_7677181,treino_interno
LA_E_7677219,treino_interno
LA_E_7678265,treino_interno
LA_E_7678380,treino_interno
LA_E_7679345,treino_interno
LA_E_7679397,early_stopping
LA_E_7679634,treino_interno
LA_E_7680375,treino_interno
LA_E_7680809,early_stopping
LA_E_7681035,treino_interno
LA_E_7681175,treino_interno
LA_E_7681425,treino_interno
LA_E_7681509,treino_interno
LA_E_7681731,early_stopping
LA_E_7681744,treino_interno
LA_E_7681785,treino_interno
LA_E_7682349,early_stopping
LA_E_7682600,treino_interno
LA_E_7684345,early_stopping
LA_E_7684766,early_stopping
LA_E_7685546,treino_interno
LA_E_7685738,treino_interno
LA_E_7686159,treino_interno
LA_E_7686745,treino_interno
LA_E_7686870,treino_interno
LA_E_7687059,treino_interno
LA_E_7687948,treino_interno
LA_E_7688153,treino_interno
LA_E_7689153,treino_interno
LA_E_7689283,treino_interno
LA_E_7690034,treino_interno
LA_E_7690076,treino_interno
LA_E_7690981,treino_interno
LA_E_7691372,treino_interno
LA_E_7691580,treino_interno
LA_E_7693023,treino_interno
LA_E_7693059,treino_interno
LA_E_7693467,treino_interno
LA_E_7694902,treino_interno
LA_E_7695203,treino_interno
LA_E_7695619,treino_interno
LA_E_7696203,treino_interno
LA_E_7696340,treino_interno
LA_E_7696859,treino_interno
LA_E_7697160,treino_interno
LA_E_7697778,treino_interno
LA_E_7697782,early_stopping
LA_E_7697846,treino_interno
LA_E_7698534,treino_interno
LA_E_7699327,treino_interno
LA_E_7699611,treino_interno
LA_E_7699990,treino_interno
LA_E_7700712,treino_interno
LA_E_7701108,early_stopping
LA_E_7701763,treino_interno
LA_E_7701957,treino_interno
LA_E_7702521,treino_interno
LA_E_7702819,early_stopping
LA_E_7702879,treino_interno
LA_E_7703766,treino_interno
LA_E_7704343,treino_interno
LA_E_7704438,treino_interno
LA_E_7704670,treino_interno
LA_E_7705014,early_stopping
LA_E_7705745,treino_interno
LA_E_7705752,treino_interno
LA_E_7705781,early_stopping
LA_E_7705905,treino_interno
LA_E_7706236,treino_interno
LA_E_7706405,treino_interno
LA_E_7706649,treino_interno
LA_E_7707075,treino_interno
LA_E_7707408,treino_interno
LA_E_7707758,treino_interno
LA_E_7707909,treino_interno
LA_E_7708231,early_stopping
LA_E_7708674,treino_interno
LA_E_7709158,treino_interno
LA_E_7709855,treino_interno
LA_E_7710012,treino_interno
LA_E_7710667,treino_interno
LA_E_7711318,treino_interno
LA_E_7711667,treino_interno
LA_E_7712532,treino_interno
LA_E_7712625,treino_interno
LA_E_7712908,treino_interno
LA_E_7712933,treino_interno
LA_E_7713572,treino_interno
LA_E_7713699,treino_interno
LA_E_7714738,treino_interno
LA_E_7714817,treino_interno
LA_E_7715348,treino_interno
LA_E_7715492,treino_interno
LA_E_7715568,treino_interno
LA_E_7715989,treino_interno
LA_E_7716072,treino_interno
LA_E_7716389,treino_interno
LA_E_7716562,treino_interno
LA_E_7717012,treino_interno
LA_E_7717335,treino_interno
LA_E_7717411,treino_interno
LA_E_7717518,treino_interno
LA_E_7717929,treino_interno
LA_E_7718461,treino_interno
LA_E_7719194,treino_interno
LA_E_7719366,treino_interno
LA_E_7719483,treino_interno
LA_E_7719491,treino_interno
LA_E_7720239,treino_interno
LA_E_7720749,treino_interno
LA_E_7720820,treino_interno
LA_E_7721080,treino_interno
LA_E_7721146,treino_interno
LA_E_7721314,treino_interno
LA_E_7721432,treino_interno
LA_E_7721610,treino_interno
LA_E_7721958,treino_interno
LA_E_7722009,treino_interno
LA_E_7722486,treino_interno
LA_E_7722525,treino_interno
LA_E_7723119,treino_interno
LA_E_7723311,treino_interno
LA_E_7724025,treino_interno
LA_E_7724260,early_stopping
LA_E_7724733,treino_interno
LA_E_7724923,treino_interno
LA_E_7725582,treino_interno
LA_E_7725704,treino_interno
LA_E_7725714,treino_interno
LA_E_7726400,treino_interno
LA_E_7726556,treino_interno
LA_E_7726605,treino_interno
LA_E_7727357,treino_interno
LA_E_7727637,treino_interno
LA_E_7727927,early_stopping
LA_E_7728090,treino_interno
LA_E_7728216,treino_interno
LA_E_7728434,early_stopping
LA_E_7729422,treino_interno
LA_E_7729928,treino_interno
LA_E_7730666,treino_interno
LA_E_7731118,treino_interno
LA_E_7731326,treino_interno
LA_E_7731634,treino_interno
LA_E_7731713,treino_interno
LA_E_7731889,treino_interno
LA_E_7732502,treino_interno
LA_E_7732746,treino_interno
LA_E_7732750,treino_interno
LA_E_7732763,treino_interno
LA_E_7734156,early_stopping
LA_E_7734334,treino_interno
LA_E_7736226,treino_interno
LA_E_7736319,early_stopping
LA_E_7737641,early_stopping
LA_E_7737666,treino_interno
LA_E_7737815,treino_interno
LA_E_7738010,treino_interno
LA_E_7738081,treino_interno
LA_E_7738344,treino_interno
LA_E_7739148,treino_interno
LA_E_7739231,treino_interno
LA_E_7739646,treino_interno
LA_E_7740086,treino_interno
LA_E_7740093,early_stopping
LA_E_7740330,treino_interno
LA_E_7740337,treino_interno
LA_E_7740544,treino_interno
LA_E_7740570,treino_interno
LA_E_7740760,treino_interno
LA_E_7740793,treino_interno
LA_E_7740807,treino_interno
LA_E_7740922,treino_interno
LA_E_7741767,treino_interno
LA_E_7741875,treino_interno
LA_E_7742568,treino_interno
LA_E_7742755,treino_interno
LA_E_7743426,treino_interno
LA_E_7744890,early_stopping
LA_E_7745541,early_stopping
LA_E_7746117,treino_interno
LA_E_7746433,treino_interno
LA_E_7746649,treino_interno
LA_E_7747394,treino_interno
LA_E_7747583,treino_interno
LA_E_7747655,treino_interno
LA_E_7748451,treino_interno
LA_E_7748797,treino_interno
LA_E_7749179,treino_interno
LA_E_7749375,treino_interno
LA_E_7749696,early_stopping
LA_E_7750186,treino_interno
LA_E_7750289,treino_interno
LA_E_7750327,early_stopping
LA_E_7750436,treino_interno
LA_E_7750767,treino_interno
LA_E_7751293,treino_interno
LA_E_7751681,treino_interno
LA_E_7752155,treino_interno
LA_E_7752605,treino_interno
LA_E_7752696,treino_interno
LA_E_7752781,treino_interno
LA_E_7753124,treino_interno
LA_E_7753162,treino_interno
LA_E_7753465,treino_interno
LA_E_7753716,treino_interno
LA_E_7753747,treino_interno
LA_E_7753755,treino_interno
LA_E_7754080,treino_interno
LA_E_7754225,treino_interno
LA_E_7754646,treino_interno
LA_E_7754757,treino_interno
LA_E_7754835,treino_interno
LA_E_7754841,treino_interno
LA_E_7755176,treino_interno
LA_E_7755562,treino_interno
LA_E_7755664,treino_interno
LA_E_7755856,treino_interno
LA_E_7755886,treino_interno
LA_E_7757568,treino_interno
LA_E_7758032,treino_interno
LA_E_7758276,treino_interno
LA_E_7758396,treino_interno
LA_E_7758573,treino_interno
LA_E_7759018,treino_interno
LA_E_7759490,early_stopping
LA_E_7759589,treino_interno
LA_E_7761192,treino_interno
LA_E_7761339,treino_interno
LA_E_7761404,treino_interno
LA_E_7762984,early_stopping
LA_E_7763275,treino_interno
LA_E_7763308,treino_interno
LA_E_7763467,early_stopping
LA_E_7763627,treino_interno
LA_E_7763786,early_stopping
LA_E_7763913,treino_interno
LA_E_7763995,treino_interno
LA_E_7764156,early_stopping
LA_E_7764893,treino_interno
LA_E_7764913,early_stopping
LA_E_7764921,treino_interno
LA_E_7765755,treino_interno
LA_E_7765792,treino_interno
LA_E_7767472,early_stopping
LA_E_7767746,treino_interno
LA_E_7768652,treino_interno
LA_E_7768867,early_stopping
LA_E_7769576,treino_interno
LA_E_7770348,treino_interno
LA_E_7770355,treino_interno
LA_E_7770575,treino_interno
LA_E_7770631,treino_interno
LA_E_7770894,treino_interno
LA_E_7771158,treino_interno
LA_E_7771336,early_stopping
LA_E_7771582,treino_interno
LA_E_7771679,treino_interno
LA_E_7771820,early_stopping
LA_E_7771903,treino_interno
LA_E_7772065,treino_interno
LA_E_7772208,early_stopping
LA_E_7772238,early_stopping
LA_E_7772310,early_stopping
LA_E_7772774,treino_interno
LA_E_7773129,treino_interno
LA_E_7773486,treino_interno
LA_E_7773770,treino_interno
LA_E_7773780,treino_interno
LA_E_7773832,treino_interno
LA_E_7774077,early_stopping
LA_E_7774880,treino_interno
LA_E_7774967,treino_interno
LA_E_7775252,early_stopping
LA_E_7775384,treino_interno
LA_E_7777267,treino_interno
LA_E_7777399,treino_interno
LA_E_7777421,treino_interno
LA_E_7777857,treino_interno
LA_E_7778950,treino_interno
LA_E_7779222,treino_interno
LA_E_7779612,treino_interno
LA_E_7780137,treino_interno
LA_E_7780353,treino_interno
LA_E_7780927,treino_interno
LA_E_7780954,treino_interno
LA_E_7781091,treino_interno
LA_E_7781375,early_stopping
LA_E_7781694,treino_interno
LA_E_7781935,treino_interno
LA_E_7782303,treino_interno
LA_E_7782484,treino_interno
LA_E_7782487,treino_interno
LA_E_7783557,treino_interno
LA_E_7783650,treino_interno
LA_E_7783836,treino_interno
LA_E_7784376,treino_interno
LA_E_7784378,treino_interno
LA_E_7784525,treino_interno
LA_E_7785267,treino_interno
LA_E_7785885,treino_interno
LA_E_7785888,treino_interno
LA_E_7786500,treino_interno
LA_E_7786621,treino_interno
LA_E_7786630,treino_interno
LA_E_7786932,treino_interno
LA_E_7786934,treino_interno
LA_E_7787158,treino_interno
LA_E_7787666,treino_interno
LA_E_7787735,treino_interno
LA_E_7788922,treino_interno
LA_E_7788941,treino_interno
LA_E_7789253,early_stopping
LA_E_7789267,treino_interno
LA_E_7789514,treino_interno
LA_E_7790119,treino_interno
LA_E_7790329,treino_interno
LA_E_7791315,treino_interno
LA_E_7792269,treino_interno
LA_E_7792398,treino_interno
LA_E_7792866,treino_interno
LA_E_7793174,early_stopping
LA_E_7793494,treino_interno
LA_E_7794245,treino_interno
LA_E_7795019,early_stopping
LA_E_7795088,treino_interno
LA_E_7795093,early_stopping
LA_E_7796281,early_stopping
LA_E_7797090,treino_interno
LA_E_7797393,treino_interno
LA_E_7797704,treino_interno
LA_E_7797908,treino_interno
LA_E_7797921,treino_interno
LA_E_7798211,treino_interno
LA_E_7798318,treino_interno
LA_E_7798668,treino_interno
LA_E_7798859,treino_interno
LA_E_7798919,treino_interno
LA_E_7798945,treino_interno
LA_E_7799291,treino_interno
LA_E_7799930,treino_interno
LA_E_7799943,treino_interno
LA_E_7800467,treino_interno
LA_E_7800502,treino_interno
LA_E_7800900,treino_interno
LA_E_7801258,treino_interno
LA_E_7801331,treino_interno
LA_E_7801390,treino_interno
LA_E_7801412,treino_interno
LA_E_7801521,treino_interno
LA_E_7801551,treino_interno
LA_E_7801564,treino_interno
LA_E_7801795,treino_interno
LA_E_7801919,treino_interno
LA_E_7802363,treino_interno
LA_E_7802518,treino_interno
LA_E_7802612,early_stopping
LA_E_7802659,early_stopping
LA_E_7802731,treino_interno
LA_E_7803669,treino_interno
LA_E_7804022,treino_interno
LA_E_7804213,early_stopping
LA_E_7804238,treino_interno
LA_E_7804380,treino_interno
LA_E_7805189,treino_interno
LA_E_7805498,treino_interno
LA_E_7805693,early_stopping
LA_E_7806717,treino_interno
LA_E_7807465,treino_interno
LA_E_7807504,treino_interno
LA_E_7807560,treino_interno
LA_E_7807790,treino_interno
LA_E_7808312,treino_interno
LA_E_7808400,treino_interno
LA_E_7808620,treino_interno
LA_E_7808699,treino_interno
LA_E_7809001,treino_interno
LA_E_7809228,early_stopping
LA_E_7809265,treino_interno
LA_E_7809392,treino_interno
LA_E_7809507,treino_interno
LA_E_7809544,early_stopping
LA_E_7809937,treino_interno
LA_E_7810591,treino_interno
LA_E_7810717,early_stopping
LA_E_7810935,treino_interno
LA_E_7811562,treino_interno
LA_E_7811586,treino_interno
LA_E_7811776,early_stopping
LA_E_7811825,treino_interno
LA_E_7811905,treino_interno
LA_E_7813174,treino_interno
LA_E_7813405,treino_interno
LA_E_7813759,treino_interno
LA_E_7813946,treino_interno
LA_E_7814055,treino_interno
LA_E_7814298,early_stopping
LA_E_7815304,early_stopping
LA_E_7815715,treino_interno
LA_E_7816119,treino_interno
LA_E_7816123,treino_interno
LA_E_7816475,treino_interno
LA_E_7817312,treino_interno
LA_E_7817876,treino_interno
LA_E_7818044,treino_interno
LA_E_7818343,early_stopping
LA_E_7818814,treino_interno
LA_E_7819463,treino_interno
LA_E_7820054,early_stopping
LA_E_7820133,treino_interno
LA_E_7820481,treino_interno
LA_E_7820894,treino_interno
LA_E_7821873,treino_interno
LA_E_7821970,treino_interno
LA_E_7821991,treino_interno
LA_E_7822698,treino_interno
LA_E_7822829,treino_interno
LA_E_7822877,treino_interno
LA_E_7823381,treino_interno
LA_E_7823602,treino_interno
LA_E_7824205,treino_interno
LA_E_7824206,treino_interno
LA_E_7824524,treino_interno
LA_E_7825049,treino_interno
LA_E_7825988,treino_interno
LA_E_7826838,treino_interno
LA_E_7827845,treino_interno
LA_E_7828031,treino_interno
LA_E_7828442,early_stopping
LA_E_7828568,treino_interno
LA_E_7828593,treino_interno
LA_E_7828722,treino_interno
LA_E_7829190,treino_interno
LA_E_7829466,early_stopping
LA_E_7830275,early_stopping
LA_E_7831737,treino_interno
LA_E_7832354,treino_interno
LA_E_7833167,treino_interno
LA_E_7833249,treino_interno
LA_E_7833571,treino_interno
LA_E_7834007,treino_interno
LA_E_7834053,early_stopping
LA_E_7834900,treino_interno
LA_E_7834939,early_stopping
LA_E_7835988,treino_interno
LA_E_7836488,treino_interno
LA_E_7837818,early_stopping
LA_E_7837838,treino_interno
LA_E_7837880,treino_interno
LA_E_7838124,treino_interno
LA_E_7838393,treino_interno
LA_E_7838537,treino_interno
LA_E_7838558,treino_interno
LA_E_7839365,treino_interno
LA_E_7839388,treino_interno
LA_E_7839597,treino_interno
LA_E_7839813,treino_interno
LA_E_7840418,treino_interno
LA_E_7840684,treino_interno
LA_E_7840830,treino_interno
LA_E_7840904,treino_interno
LA_E_7841490,early_stopping
LA_E_7841935,early_stopping
LA_E_7842429,early_stopping
LA_E_7842716,treino_interno
LA_E_7843127,treino_interno
LA_E_7843133,treino_interno
LA_E_7844226,treino_interno
LA_E_7845411,treino_interno
LA_E_7846187,treino_interno
LA_E_7846291,treino_interno
LA_E_7846351,early_stopping
LA_E_7846386,treino_interno
LA_E_7847022,treino_interno
LA_E_7847304,treino_interno
LA_E_7847716,treino_interno
LA_E_7847863,treino_interno
LA_E_7848101,treino_interno
LA_E_7848616,treino_interno
LA_E_7848736,treino_interno
LA_E_7849180,treino_interno
LA_E_7849417,treino_interno
LA_E_7849842,treino_interno
LA_E_7850087,early_stopping
LA_E_7850271,treino_interno
LA_E_7850532,treino_interno
LA_E_7850549,treino_interno
LA_E_7850672,treino_interno
LA_E_7850875,treino_interno
LA_E_7851159,treino_interno
LA_E_7851968,early_stopping
LA_E_7852061,early_stopping
LA_E_7852228,early_stopping
LA_E_7852477,treino_interno
LA_E_7852837,treino_interno
LA_E_7853160,treino_interno
LA_E_7853478,treino_interno
LA_E_7854069,treino_interno
LA_E_7854345,treino_interno
LA_E_7854837,early_stopping
LA_E_7855035,treino_interno
LA_E_7855387,early_stopping
LA_E_7856236,treino_interno
LA_E_7856354,treino_interno
LA_E_7856733,treino_interno
LA_E_7856931,treino_interno
LA_E_7857050,treino_interno
LA_E_7857773,treino_interno
LA_E_7858667,treino_interno
LA_E_7858830,treino_interno
LA_E_7859208,early_stopping
LA_E_7859964,treino_interno
LA_E_7860554,treino_interno
LA_E_7862148,treino_interno
LA_E_7863214,treino_interno
LA_E_7864417,treino_interno
LA_E_7864537,treino_interno
LA_E_7864568,treino_interno
LA_E_7865290,treino_interno
LA_E_7865346,treino_interno
LA_E_7867382,treino_interno
LA_E_7867596,treino_interno
LA_E_7868288,treino_interno
LA_E_7868382,treino_interno
LA_E_7868766,treino_interno
LA_E_7869612,early_stopping
LA_E_7870012,treino_interno
LA_E_7870223,treino_interno
LA_E_7870324,treino_interno
LA_E_7870691,treino_interno
LA_E_7871076,treino_interno
LA_E_7871121,early_stopping
LA_E_7871396,treino_interno
LA_E_7871795,treino_interno
LA_E_7872016,early_stopping
LA_E_7872720,treino_interno
LA_E_7873252,treino_interno
LA_E_7873289,treino_interno
LA_E_7873304,treino_interno
LA_E_7873516,treino_interno
LA_E_7873822,treino_interno
LA_E_7873994,treino_interno
LA_E_7874087,treino_interno
LA_E_7874932,early_stopping
LA_E_7875311,early_stopping
LA_E_7876032,treino_interno
LA_E_7876037,treino_interno
LA_E_7876482,treino_interno
LA_E_7876577,treino_interno
LA_E_7876644,treino_interno
LA_E_7876701,treino_interno
LA_E_7876873,early_stopping
LA_E_7877039,treino_interno
LA_E_7877367,treino_interno
LA_E_7877431,early_stopping
LA_E_7877904,early_stopping
LA_E_7878560,treino_interno
LA_E_7879246,treino_interno
LA_E_7879471,treino_interno
LA_E_7879538,treino_interno
LA_E_7879938,treino_interno
LA_E_7879939,treino_interno
LA_E_7880044,treino_interno
LA_E_7880709,treino_interno
LA_E_7881111,treino_interno
LA_E_7881618,treino_interno
LA_E_7881829,treino_interno
LA_E_7881948,treino_interno
LA_E_7882429,treino_interno
LA_E_7882946,treino_interno
LA_E_7883049,early_stopping
LA_E_7883090,treino_interno
LA_E_7883502,treino_interno
LA_E_7883720,treino_interno
LA_E_7883794,treino_interno
LA_E_7884327,treino_interno
LA_E_7884371,treino_interno
LA_E_7884426,treino_interno
LA_E_7884898,treino_interno
LA_E_7885304,treino_interno
LA_E_7885677,treino_interno
LA_E_7885786,treino_interno
LA_E_7886100,treino_interno
LA_E_7886511,treino_interno
LA_E_7886634,treino_interno
LA_E_7886801,treino_interno
LA_E_7886805,treino_interno
LA_E_7887081,treino_interno
LA_E_7887497,treino_interno
LA_E_7887658,treino_interno
LA_E_7887741,treino_interno
LA_E_7888110,early_stopping
LA_E_7888180,treino_interno
LA_E_7888847,treino_interno
LA_E_7889064,treino_interno
LA_E_7889719,treino_interno
LA_E_7889854,treino_interno
LA_E_7889916,treino_interno
LA_E_7890083,treino_interno
LA_E_7890869,treino_interno
LA_E_7891273,treino_interno
LA_E_7891876,treino_interno
LA_E_7892149,treino_interno
LA_E_7892226,treino_interno
LA_E_7892238,treino_interno
LA_E_7892560,treino_interno
LA_E_7892661,treino_interno
LA_E_7893429,treino_interno
LA_E_7893625,treino_interno
LA_E_7893901,treino_interno
LA_E_7894191,early_stopping
LA_E_7894316,treino_interno
LA_E_7894476,early_stopping
LA_E_7894661,treino_interno
LA_E_7895856,treino_interno
LA_E_7896050,treino_interno
LA_E_7896495,early_stopping
LA_E_7896658,treino_interno
LA_E_7897649,treino_interno
LA_E_7898061,treino_interno
LA_E_7898207,early_stopping
LA_E_7898840,treino_interno
LA_E_7898867,treino_interno
LA_E_7900110,treino_interno
LA_E_7900775,treino_interno
LA_E_7902792,treino_interno
LA_E_7902794,treino_interno
LA_E_7902971,treino_interno
LA_E_7903061,treino_interno
LA_E_7903384,treino_interno
LA_E_7903700,treino_interno
LA_E_7903898,treino_interno
LA_E_7904431,treino_interno
LA_E_7904512,treino_interno
LA_E_7905173,treino_interno
LA_E_7905390,treino_interno
LA_E_7906137,early_stopping
LA_E_7906649,treino_interno
LA_E_7906754,treino_interno
LA_E_7906976,treino_interno
LA_E_7907115,treino_interno
LA_E_7908676,treino_interno
LA_E_7909568,treino_interno
LA_E_7910070,treino_interno
LA_E_7910481,treino_interno
LA_E_7910648,treino_interno
LA_E_7910744,treino_interno
LA_E_7911102,early_stopping
LA_E_7911124,early_stopping
LA_E_7911702,early_stopping
LA_E_7912318,treino_interno
LA_E_7912453,treino_interno
LA_E_7912753,treino_interno
LA_E_7912833,treino_interno
LA_E_7913146,treino_interno
LA_E_7913368,treino_interno
LA_E_7913817,treino_interno
LA_E_7913923,treino_interno
LA_E_7914311,early_stopping
LA_E_7914499,treino_interno
LA_E_7914546,treino_interno
LA_E_7914826,treino_interno
LA_E_7915157,treino_interno
LA_E_7915467,treino_interno
LA_E_7915873,treino_interno
LA_E_7916484,treino_interno
LA_E_7916514,treino_interno
LA_E_7916863,treino_interno
LA_E_7916951,treino_interno
LA_E_7916978,treino_interno
LA_E_7917083,treino_interno
LA_E_7917541,treino_interno
LA_E_7917597,treino_interno
LA_E_7917631,treino_interno
LA_E_7917820,treino_interno
LA_E_7918228,early_stopping
LA_E_7918301,treino_interno
LA_E_7918504,treino_interno
LA_E_7918892,early_stopping
LA_E_7919024,treino_interno
LA_E_7919037,treino_interno
LA_E_7919391,treino_interno
LA_E_7920186,treino_interno
LA_E_7920535,early_stopping
LA_E_7920721,treino_interno
LA_E_7920753,treino_interno
LA_E_7920786,treino_interno
LA_E_7920836,treino_interno
LA_E_7920973,treino_interno
LA_E_7923463,treino_interno
LA_E_7923513,treino_interno
LA_E_7923886,treino_interno
LA_E_7924207,early_stopping
LA_E_7924599,treino_interno
LA_E_7925512,treino_interno
LA_E_7925950,early_stopping
LA_E_7925994,treino_interno
LA_E_7926345,treino_interno
LA_E_7926634,early_stopping
LA_E_7926818,treino_interno
LA_E_7926833,treino_interno
LA_E_7926844,treino_interno
LA_E_7926931,treino_interno
LA_E_7927179,treino_interno
LA_E_7928123,treino_interno
LA_E_7928362,treino_interno
LA_E_7928576,treino_interno
LA_E_7928593,treino_interno
LA_E_7929052,treino_interno
LA_E_7929178,treino_interno
LA_E_7929288,treino_interno
LA_E_7929845,treino_interno
LA_E_7929913,treino_interno
LA_E_7930611,treino_interno
LA_E_7930727,treino_interno
LA_E_7930755,treino_interno
LA_E_7930886,treino_interno
LA_E_7931010,early_stopping
LA_E_7931243,treino_interno
LA_E_7931708,treino_interno
LA_E_7932620,treino_interno
LA_E_7932905,treino_interno
LA_E_7933279,treino_interno
LA_E_7934245,treino_interno
LA_E_7934399,early_stopping
LA_E_7934582,treino_interno
LA_E_7934610,treino_interno
LA_E_7934714,treino_interno
LA_E_7934815,treino_interno
LA_E_7935399,treino_interno
LA_E_7936135,early_stopping
LA_E_7936676,early_stopping
LA_E_7936711,treino_interno
LA_E_7936756,treino_interno
LA_E_7937547,treino_interno
LA_E_7937658,treino_interno
LA_E_7938018,treino_interno
LA_E_7938299,treino_interno
LA_E_7938771,treino_interno
LA_E_7939017,treino_interno
LA_E_7939539,treino_interno
LA_E_7939640,treino_interno
LA_E_7939703,treino_interno
LA_E_7940214,treino_interno
LA_E_7940425,treino_interno
LA_E_7940542,treino_interno
LA_E_7941443,early_stopping
LA_E_7942436,treino_interno
LA_E_7942516,treino_interno
LA_E_7942817,treino_interno
LA_E_7942848,treino_interno
LA_E_7942908,treino_interno
LA_E_7943150,treino_interno
LA_E_7943674,treino_interno
LA_E_7943763,treino_interno
LA_E_7943896,treino_interno
LA_E_7944588,treino_interno
LA_E_7944639,treino_interno
LA_E_7944663,treino_interno
LA_E_7944968,treino_interno
LA_E_7945539,treino_interno
LA_E_7945623,treino_interno
LA_E_7945901,treino_interno
LA_E_7946200,treino_interno
LA_E_7946332,treino_interno
LA_E_7946778,early_stopping
LA_E_7946836,treino_interno
LA_E_7946881,treino_interno
LA_E_7947319,treino_interno
LA_E_7948151,treino_interno
LA_E_7948328,treino_interno
LA_E_7948348,treino_interno
LA_E_7948763,treino_interno
LA_E_7948780,treino_interno
LA_E_7949303,treino_interno
LA_E_7949552,treino_interno
LA_E_7949861,treino_interno
LA_E_7950125,treino_interno
LA_E_7950171,treino_interno
LA_E_7950847,treino_interno
LA_E_7951593,treino_interno
LA_E_7951856,early_stopping
LA_E_7951946,treino_interno
LA_E_7952321,treino_interno
LA_E_7952827,treino_interno
LA_E_7953002,treino_interno
LA_E_7953035,treino_interno
LA_E_7953180,treino_interno
LA_E_7953639,treino_interno
LA_E_7953992,treino_interno
LA_E_7954260,treino_interno
LA_E_7954384,treino_interno
LA_E_7954492,treino_interno
LA_E_7954565,treino_interno
LA_E_7954720,treino_interno
LA_E_7955038,treino_interno
LA_E_7955082,treino_interno
LA_E_7955145,treino_interno
LA_E_7955146,treino_interno
LA_E_7955331,early_stopping
LA_E_7955583,early_stopping
LA_E_7955707,treino_interno
LA_E_7955906,treino_interno
LA_E_7956221,treino_interno
LA_E_7956712,treino_interno
LA_E_7957178,treino_interno
LA_E_7957259,treino_interno
LA_E_7957405,treino_interno
LA_E_7958063,treino_interno
LA_E_7958474,treino_interno
LA_E_7958864,treino_interno
LA_E_7958945,treino_interno
LA_E_7959705,treino_interno
LA_E_7959775,treino_interno
LA_E_7959856,treino_interno
LA_E_7959925,treino_interno
LA_E_7960190,treino_interno
LA_E_7961017,treino_interno
LA_E_7961188,treino_interno
LA_E_7961262,treino_interno
LA_E_7961311,treino_interno
LA_E_7961491,treino_interno
LA_E_7961863,treino_interno
LA_E_7962176,treino_interno
LA_E_7962183,treino_interno
LA_E_7962733,treino_interno
LA_E_7963076,treino_interno
LA_E_7963104,treino_interno
LA_E_7963432,treino_interno
LA_E_7963639,treino_interno
LA_E_7963642,early_stopping
LA_E_7964155,treino_interno
LA_E_7964328,treino_interno
LA_E_7964474,treino_interno
LA_E_7964487,treino_interno
LA_E_7964760,treino_interno
LA_E_7964851,treino_interno
LA_E_7965501,treino_interno
LA_E_7965851,treino_interno
LA_E_7966711,treino_interno
LA_E_7966854,treino_interno
LA_E_7967016,treino_interno
LA_E_7967225,treino_interno
LA_E_7967329,treino_interno
LA_E_7967350,treino_interno
LA_E_7968505,treino_interno
LA_E_7968570,treino_interno
LA_E_7968608,treino_interno
LA_E_7968787,treino_interno
LA_E_7968892,treino_interno
LA_E_7969049,early_stopping
LA_E_7969965,treino_interno
LA_E_7970756,treino_interno
LA_E_7970810,treino_interno
LA_E_7970934,treino_interno
LA_E_7971001,treino_interno
LA_E_7971290,treino_interno
LA_E_7972194,treino_interno
LA_E_7972529,treino_interno
LA_E_7972554,treino_interno
LA_E_7972929,treino_interno
LA_E_7973310,treino_interno
LA_E_7973662,treino_interno
LA_E_7974132,treino_interno
LA_E_7974177,treino_interno
LA_E_7974501,treino_interno
LA_E_7974543,treino_interno
LA_E_7974659,early_stopping
LA_E_7974770,treino_interno
LA_E_7974821,treino_interno
LA_E_7974946,treino_interno
LA_E_7975153,treino_interno
LA_E_7975834,treino_interno
LA_E_7977034,treino_interno
LA_E_7977138,treino_interno
LA_E_7977144,early_stopping
LA_E_7977624,treino_interno
LA_E_7977843,early_stopping
LA_E_7978121,treino_interno
LA_E_7978363,treino_interno
LA_E_7979275,treino_interno
LA_E_7979489,treino_interno
LA_E_7981012,treino_interno
LA_E_7981216,treino_interno
LA_E_7981260,treino_interno
LA_E_7981347,treino_interno
LA_E_7981435,treino_interno
LA_E_7981549,treino_interno
LA_E_7981720,treino_interno
LA_E_7981880,early_stopping
LA_E_7982311,treino_interno
LA_E_7982820,treino_interno
LA_E_7982937,treino_interno
LA_E_7983260,treino_interno
LA_E_7983546,treino_interno
LA_E_7983869,treino_interno
LA_E_7983874,treino_interno
LA_E_7984348,treino_interno
LA_E_7984389,treino_interno
LA_E_7984742,early_stopping
LA_E_7984775,treino_interno
LA_E_7985216,treino_interno
LA_E_7985289,treino_interno
LA_E_7985430,treino_interno
LA_E_7985488,treino_interno
LA_E_7986124,treino_interno
LA_E_7986282,treino_interno
LA_E_7986539,treino_interno
LA_E_7987045,treino_interno
LA_E_7987379,early_stopping
LA_E_7987387,early_stopping
LA_E_7987539,treino_interno
LA_E_7987697,early_stopping
LA_E_7988449,treino_interno
LA_E_7988599,treino_interno
LA_E_7989507,treino_interno
LA_E_7989957,treino_interno
LA_E_7990052,treino_interno
LA_E_7990569,treino_interno
LA_E_7990571,treino_interno
LA_E_7990673,treino_interno
LA_E_7991013,treino_interno
LA_E_7992095,treino_interno
LA_E_7992869,treino_interno
LA_E_7992955,treino_interno
LA_E_7993059,early_stopping
LA_E_7993719,treino_interno
LA_E_7994103,treino_interno
LA_E_7994272,treino_interno
LA_E_7994316,treino_interno
LA_E_7994400,treino_interno
LA_E_7994457,treino_interno
LA_E_7994527,treino_interno
LA_E_7994539,treino_interno
LA_E_7994547,treino_interno
LA_E_7995133,treino_interno
LA_E_7995163,treino_interno
LA_E_7995727,treino_interno
LA_E_7995784,treino_interno
LA_E_7996034,early_stopping
LA_E_7996451,early_stopping
LA_E_7996824,treino_interno
LA_E_7997291,treino_interno
LA_E_7998128,treino_interno
LA_E_7998250,treino_interno
LA_E_7998416,treino_interno
LA_E_7999423,treino_interno
LA_E_8000025,treino_interno
LA_E_8000063,treino_interno
LA_E_8000141,early_stopping
LA_E_8000270,treino_interno
LA_E_8000372,treino_interno
LA_E_8000379,early_stopping
LA_E_8000476,treino_interno
LA_E_8000722,treino_interno
LA_E_8000779,treino_interno
LA_E_8000865,treino_interno
LA_E_8000923,treino_interno
LA_E_8001033,treino_interno
LA_E_8001071,treino_interno
LA_E_8001565,treino_interno
LA_E_8001690,treino_interno
LA_E_8001760,treino_interno
LA_E_8001782,treino_interno
LA_E_8001926,treino_interno
LA_E_8002151,early_stopping
LA_E_8002376,treino_interno
LA_E_8002550,treino_interno
LA_E_8002634,treino_interno
LA_E_8002833,treino_interno
LA_E_8002901,treino_interno
LA_E_8003802,treino_interno
LA_E_8003910,treino_interno
LA_E_8003925,treino_interno
LA_E_8004099,early_stopping
LA_E_8004190,early_stopping
LA_E_8005438,treino_interno
LA_E_8005591,treino_interno
LA_E_8006663,treino_interno
LA_E_8007442,treino_interno
LA_E_8007563,treino_interno
LA_E_8008152,treino_interno
LA_E_8008193,treino_interno
LA_E_8009685,treino_interno
LA_E_8009898,treino_interno
LA_E_8010159,treino_interno
LA_E_8011587,treino_interno
LA_E_8011958,treino_interno
LA_E_8012220,treino_interno
LA_E_8012327,treino_interno
LA_E_8012331,treino_interno
LA_E_8012916,treino_interno
LA_E_8013266,treino_interno
LA_E_8013555,treino_interno
LA_E_8013577,treino_interno
LA_E_8014250,treino_interno
LA_E_8014736,treino_interno
LA_E_8014874,treino_interno
LA_E_8014903,treino_interno
LA_E_8015209,treino_interno
LA_E_8015289,treino_interno
LA_E_8015396,treino_interno
LA_E_8015450,treino_interno
LA_E_8015523,treino_interno
LA_E_8015619,treino_interno
LA_E_8015731,treino_interno
LA_E_8015759,treino_interno
LA_E_8015920,treino_interno
LA_E_8016056,treino_interno
LA_E_8016158,treino_interno
LA_E_8016234,treino_interno
LA_E_8016284,treino_interno
LA_E_8016818,treino_interno
LA_E_8016844,treino_interno
LA_E_8017226,treino_interno
LA_E_8018087,treino_interno
LA_E_8018271,treino_interno
LA_E_8018482,treino_interno
LA_E_8018924,treino_interno
LA_E_8019403,treino_interno
LA_E_8019516,treino_interno
LA_E_8019842,treino_interno
LA_E_8019958,treino_interno
LA_E_8020255,treino_interno
LA_E_8020317,treino_interno
LA_E_8020511,treino_interno
LA_E_8020530,treino_interno
LA_E_8022139,treino_interno
LA_E_8022473,treino_interno
LA_E_8023348,treino_interno
LA_E_8023731,treino_interno
LA_E_8024403,treino_interno
LA_E_8024475,treino_interno
LA_E_8024876,treino_interno
LA_E_8024985,treino_interno
LA_E_8026024,treino_interno
LA_E_8026433,treino_interno
LA_E_8026791,treino_interno
LA_E_8027499,treino_interno
LA_E_8027785,treino_interno
LA_E_8029902,treino_interno
LA_E_8030071,treino_interno
LA_E_8030206,treino_interno
LA_E_8030816,treino_interno
LA_E_8031175,treino_interno
LA_E_8031392,treino_interno
LA_E_8031397,treino_interno
LA_E_8031429,treino_interno
LA_E_8032065,treino_interno
LA_E_8032095,treino_interno
LA_E_8032315,treino_interno
LA_E_8032325,treino_interno
LA_E_8032725,treino_interno
LA_E_8033053,treino_interno
LA_E_8033208,treino_interno
LA_E_8033403,treino_interno
LA_E_8033511,treino_interno
LA_E_8034462,treino_interno
LA_E_8034608,treino_interno
LA_E_8034717,treino_interno
LA_E_8034794,treino_interno
LA_E_8034847,treino_interno
LA_E_8035126,treino_interno
LA_E_8035341,treino_interno
LA_E_8036226,treino_interno
LA_E_8037098,treino_interno
LA_E_8037355,treino_interno
LA_E_8037929,early_stopping
LA_E_8038033,treino_interno
LA_E_8038242,treino_interno
LA_E_8038310,treino_interno
LA_E_8038758,treino_interno
LA_E_8039065,treino_interno
LA_E_8039196,treino_interno
LA_E_8039213,treino_interno
LA_E_8040136,treino_interno
LA_E_8040948,treino_interno
LA_E_8041034,treino_interno
LA_E_8041642,treino_interno
LA_E_8041683,treino_interno
LA_E_8042700,treino_interno
LA_E_8043496,treino_interno
LA_E_8043792,early_stopping
LA_E_8043944,early_stopping
LA_E_8044704,treino_interno
LA_E_8045969,treino_interno
LA_E_8046093,treino_interno
LA_E_8046572,treino_interno
LA_E_8048190,treino_interno
LA_E_8048560,treino_interno
LA_E_8048701,treino_interno
LA_E_8050425,early_stopping
LA_E_8050483,early_stopping
LA_E_8050909,treino_interno
LA_E_8051091,treino_interno
LA_E_8051132,treino_interno
LA_E_8051504,treino_interno
LA_E_8051831,treino_interno
LA_E_8052027,treino_interno
LA_E_8052499,treino_interno
LA_E_8053064,treino_interno
LA_E_8053340,treino_interno
LA_E_8053983,treino_interno
LA_E_8054147,treino_interno
LA_E_8054184,treino_interno
LA_E_8054669,treino_interno
LA_E_8054755,treino_interno
LA_E_8054982,treino_interno
LA_E_8055048,treino_interno
LA_E_8055175,treino_interno
LA_E_8056047,treino_interno
LA_E_8056202,treino_interno
LA_E_8056258,treino_interno
LA_E_8056418,treino_interno
LA_E_8056506,treino_interno
LA_E_8056715,treino_interno
LA_E_8056739,treino_interno
LA_E_8057415,treino_interno
LA_E_8057499,treino_interno
LA_E_8057798,treino_interno
LA_E_8058085,treino_interno
LA_E_8058301,early_stopping
LA_E_8058428,treino_interno
LA_E_8059547,treino_interno
LA_E_8059807,treino_interno
LA_E_8059854,treino_interno
LA_E_8060023,treino_interno
LA_E_8060039,treino_interno
LA_E_8060043,treino_interno
LA_E_8061201,treino_interno
LA_E_8061263,treino_interno
LA_E_8061283,early_stopping
LA_E_8061618,treino_interno
LA_E_8061873,treino_interno
LA_E_8062185,early_stopping
LA_E_8062809,treino_interno
LA_E_8063471,treino_interno
LA_E_8064220,treino_interno
LA_E_8064453,early_stopping
LA_E_8064616,treino_interno
LA_E_8065776,treino_interno
LA_E_8066829,treino_interno
LA_E_8066980,treino_interno
LA_E_8067018,early_stopping
LA_E_8067166,treino_interno
LA_E_8067359,treino_interno
LA_E_8067459,early_stopping
LA_E_8067621,treino_interno
LA_E_8067723,treino_interno
LA_E_8067930,treino_interno
LA_E_8068093,treino_interno
LA_E_8068448,treino_interno
LA_E_8068515,treino_interno
LA_E_8068525,treino_interno
LA_E_8069357,treino_interno
LA_E_8069665,treino_interno
LA_E_8069793,treino_interno
LA_E_8069885,treino_interno
LA_E_8070246,treino_interno
LA_E_8070501,treino_interno
LA_E_8070881,treino_interno
LA_E_8071003,treino_interno
LA_E_8071702,treino_interno
LA_E_8072335,treino_interno
LA_E_8072930,treino_interno
LA_E_8073489,treino_interno
LA_E_8073744,treino_interno
LA_E_8074097,treino_interno
LA_E_8074191,treino_interno
LA_E_8074347,treino_interno
LA_E_8074752,treino_interno
LA_E_8074799,early_stopping
LA_E_8074879,early_stopping
LA_E_8074949,treino_interno
LA_E_8075048,treino_interno
LA_E_8075226,treino_interno
LA_E_8075398,treino_interno
LA_E_8075503,treino_interno
LA_E_8075857,treino_interno
LA_E_8076001,treino_interno
LA_E_8076153,treino_interno
LA_E_8076469,treino_interno
LA_E_8076762,treino_interno
LA_E_8076985,treino_interno
LA_E_8077340,treino_interno
LA_E_8077490,treino_interno
LA_E_8077672,treino_interno
LA_E_8077780,treino_interno
LA_E_8078251,early_stopping
LA_E_8078386,treino_interno
LA_E_8078726,treino_interno
LA_E_8078847,treino_interno
LA_E_8079121,treino_interno
LA_E_8079261,treino_interno
LA_E_8079318,treino_interno
LA_E_8079545,treino_interno
LA_E_8079823,early_stopping
LA_E_8080073,treino_interno
LA_E_8080833,treino_interno
LA_E_8081255,treino_interno
LA_E_8081354,treino_interno
LA_E_8081510,treino_interno
LA_E_8081771,treino_interno
LA_E_8081831,treino_interno
LA_E_8081964,treino_interno
LA_E_8082023,treino_interno
LA_E_8082314,treino_interno
LA_E_8082811,early_stopping
LA_E_8083079,treino_interno
LA_E_8083277,treino_interno
LA_E_8083631,treino_interno
LA_E_8084230,treino_interno
LA_E_8084258,treino_interno
LA_E_8084524,treino_interno
LA_E_8085025,treino_interno
LA_E_8085722,treino_interno
LA_E_8086062,treino_interno
LA_E_8087054,early_stopping
LA_E_8087154,treino_interno
LA_E_8087171,treino_interno
LA_E_8087371,treino_interno
LA_E_8087481,treino_interno
LA_E_8087833,treino_interno
LA_E_8089317,treino_interno
LA_E_8089638,treino_interno
LA_E_8089802,early_stopping
LA_E_8089807,treino_interno
LA_E_8089962,treino_interno
LA_E_8090050,early_stopping
LA_E_8090652,treino_interno
LA_E_8091232,treino_interno
LA_E_8091322,treino_interno
LA_E_8092033,treino_interno
LA_E_8092091,early_stopping
LA_E_8093464,treino_interno
LA_E_8094071,treino_interno
LA_E_8094173,treino_interno
LA_E_8095112,treino_interno
LA_E_8095969,early_stopping
LA_E_8096055,treino_interno
LA_E_8096132,treino_interno
LA_E_8096471,treino_interno
LA_E_8096564,treino_interno
LA_E_8096571,treino_interno
LA_E_8096602,early_stopping
LA_E_8096735,early_stopping
LA_E_8097801,treino_interno
LA_E_8098181,treino_interno
LA_E_8098365,treino_interno
LA_E_8098441,treino_interno
LA_E_8099472,treino_interno
LA_E_8099784,treino_interno
LA_E_8099951,treino_interno
LA_E_8100097,treino_interno
LA_E_8100247,treino_interno
LA_E_8100358,treino_interno
LA_E_8100951,treino_interno
LA_E_8100995,treino_interno
LA_E_8101194,treino_interno
LA_E_8101550,early_stopping
LA_E_8101932,early_stopping
LA_E_8102488,treino_interno
LA_E_8102690,treino_interno
LA_E_8102705,treino_interno
LA_E_8103411,treino_interno
LA_E_8103942,early_stopping
LA_E_8104402,treino_interno
LA_E_8104423,treino_interno
LA_E_8104459,treino_interno
LA_E_8104816,treino_interno
LA_E_8104870,treino_interno
LA_E_8105343,treino_interno
LA_E_8105495,treino_interno
LA_E_8105768,treino_interno
LA_E_8105780,treino_interno
LA_E_8106243,treino_interno
LA_E_8107285,treino_interno
LA_E_8107503,treino_interno
LA_E_8107539,treino_interno
LA_E_8107632,treino_interno
LA_E_8107881,treino_interno
LA_E_8107967,treino_interno
LA_E_8108417,treino_interno
LA_E_8108568,treino_interno
LA_E_8109526,treino_interno
LA_E_8109657,treino_interno
LA_E_8109866,treino_interno
LA_E_8110516,treino_interno
LA_E_8110619,treino_interno
LA_E_8111062,treino_interno
LA_E_8111299,treino_interno
LA_E_8111536,early_stopping
LA_E_8111844,treino_interno
LA_E_8112080,treino_interno
LA_E_8112366,treino_interno
LA_E_8112668,treino_interno
LA_E_8113620,treino_interno
LA_E_8114504,treino_interno
LA_E_8114529,treino_interno
LA_E_8114569,treino_interno
LA_E_8114672,treino_interno
LA_E_8114933,treino_interno
LA_E_8115343,treino_interno
LA_E_8115722,treino_interno
LA_E_8115977,treino_interno
LA_E_8116174,treino_interno
LA_E_8116203,treino_interno
LA_E_8116266,treino_interno
LA_E_8116951,treino_interno
LA_E_8117111,treino_interno
LA_E_8117302,treino_interno
LA_E_8117464,treino_interno
LA_E_8117705,treino_interno
LA_E_8117982,treino_interno
LA_E_8117988,treino_interno
LA_E_8118580,treino_interno
LA_E_8118853,treino_interno
LA_E_8119011,early_stopping
LA_E_8119337,treino_interno
LA_E_8119339,treino_interno
LA_E_8120235,treino_interno
LA_E_8120289,treino_interno
LA_E_8120371,treino_interno
LA_E_8120426,treino_interno
LA_E_8120450,early_stopping
LA_E_8121302,treino_interno
LA_E_8122759,treino_interno
LA_E_8123475,treino_interno
LA_E_8123516,treino_interno
LA_E_8124202,treino_interno
LA_E_8124917,treino_interno
LA_E_8125384,treino_interno
LA_E_8125488,treino_interno
LA_E_8125597,treino_interno
LA_E_8125940,treino_interno
LA_E_8126006,treino_interno
LA_E_8126589,early_stopping
LA_E_8127044,treino_interno
LA_E_8127340,treino_interno
LA_E_8128309,treino_interno
LA_E_8128854,treino_interno
LA_E_8128869,treino_interno
LA_E_8129396,treino_interno
LA_E_8129617,treino_interno
LA_E_8129696,treino_interno
LA_E_8129807,treino_interno
LA_E_8129904,treino_interno
LA_E_8130390,treino_interno
LA_E_8130636,treino_interno
LA_E_8132192,treino_interno
LA_E_8132825,treino_interno
LA_E_8133207,treino_interno
LA_E_8134113,treino_interno
LA_E_8134560,treino_interno
LA_E_8135060,treino_interno
LA_E_8135473,early_stopping
LA_E_8136011,treino_interno
LA_E_8136661,treino_interno
LA_E_8136676,treino_interno
LA_E_8136973,treino_interno
LA_E_8136988,treino_interno
LA_E_8137021,treino_interno
LA_E_8137653,treino_interno
LA_E_8137666,treino_interno
LA_E_8138117,early_stopping
LA_E_8138378,treino_interno
LA_E_8138452,treino_interno
LA_E_8138569,treino_interno
LA_E_8138685,treino_interno
LA_E_8138812,treino_interno
LA_E_8139320,treino_interno
LA_E_8139377,treino_interno
LA_E_8139424,treino_interno
LA_E_8139477,early_stopping
LA_E_8139740,treino_interno
LA_E_8139778,treino_interno
LA_E_8139835,treino_interno
LA_E_8139873,treino_interno
LA_E_8139944,early_stopping
LA_E_8140010,treino_interno
LA_E_8140187,treino_interno
LA_E_8140202,treino_interno
LA_E_8140218,treino_interno
LA_E_8141037,early_stopping
LA_E_8141094,treino_interno
LA_E_8141738,treino_interno
LA_E_8142829,treino_interno
LA_E_8142943,treino_interno
LA_E_8143312,treino_interno
LA_E_8143838,treino_interno
LA_E_8143929,early_stopping
LA_E_8144523,treino_interno
LA_E_8144687,treino_interno
LA_E_8144688,treino_interno
LA_E_8144939,treino_interno
LA_E_8145433,treino_interno
LA_E_8146242,treino_interno
LA_E_8146378,treino_interno
LA_E_8146439,treino_interno
LA_E_8147222,treino_interno
LA_E_8147288,treino_interno
LA_E_8147479,treino_interno
LA_E_8147945,treino_interno
LA_E_8148611,treino_interno
LA_E_8148692,treino_interno
LA_E_8148757,treino_interno
LA_E_8148801,treino_interno
LA_E_8148815,treino_interno
LA_E_8148979,treino_interno
LA_E_8149014,treino_interno
LA_E_8149117,treino_interno
LA_E_8149633,treino_interno
LA_E_8149777,treino_interno
LA_E_8151202,treino_interno
LA_E_8151267,treino_interno
LA_E_8151533,treino_interno
LA_E_8151552,treino_interno
LA_E_8151715,early_stopping
LA_E_8151804,treino_interno
LA_E_8152210,treino_interno
LA_E_8152495,treino_interno
LA_E_8153774,treino_interno
LA_E_8153984,treino_interno
LA_E_8154345,treino_interno
LA_E_8155311,treino_interno
LA_E_8155765,treino_interno
LA_E_8155865,treino_interno
LA_E_8155970,treino_interno
LA_E_8156312,treino_interno
LA_E_8156322,treino_interno
LA_E_8156540,treino_interno
LA_E_8156608,treino_interno
LA_E_8156706,early_stopping
LA_E_8157056,treino_interno
LA_E_8157799,treino_interno
LA_E_8157974,treino_interno
LA_E_8158309,treino_interno
LA_E_8158410,treino_interno
LA_E_8158548,treino_interno
LA_E_8160012,treino_interno
LA_E_8160782,treino_interno
LA_E_8160937,treino_interno
LA_E_8160967,treino_interno
LA_E_8161158,treino_interno
LA_E_8161424,treino_interno
LA_E_8161968,treino_interno
LA_E_8162486,treino_interno
LA_E_8162823,treino_interno
LA_E_8163594,treino_interno
LA_E_8163739,treino_interno
LA_E_8163834,treino_interno
LA_E_8163970,treino_interno
LA_E_8164020,treino_interno
LA_E_8164600,treino_interno
LA_E_8165349,early_stopping
LA_E_8166048,treino_interno
LA_E_8166194,treino_interno
LA_E_8166272,treino_interno
LA_E_8166581,treino_interno
LA_E_8166668,early_stopping
LA_E_8166967,treino_interno
LA_E_8167558,treino_interno
LA_E_8167999,treino_interno
LA_E_8168008,treino_interno
LA_E_8168104,treino_interno
LA_E_8168170,treino_interno
LA_E_8168343,treino_interno
LA_E_8168818,treino_interno
LA_E_8168966,treino_interno
LA_E_8169287,treino_interno
LA_E_8169859,treino_interno
LA_E_8170084,treino_interno
LA_E_8170347,treino_interno
LA_E_8171039,treino_interno
LA_E_8171269,treino_interno
LA_E_8171337,early_stopping
LA_E_8171507,treino_interno
LA_E_8171549,treino_interno
LA_E_8171555,treino_interno
LA_E_8171938,treino_interno
LA_E_8172135,treino_interno
LA_E_8172197,early_stopping
LA_E_8173084,treino_interno
LA_E_8173181,treino_interno
LA_E_8173276,treino_interno
LA_E_8173794,treino_interno
LA_E_8173824,treino_interno
LA_E_8173868,treino_interno
LA_E_8174048,treino_interno
LA_E_8174050,treino_interno
LA_E_8174465,early_stopping
LA_E_8175204,treino_interno
LA_E_8175527,treino_interno
LA_E_8175878,treino_interno
LA_E_8175900,treino_interno
LA_E_8175936,treino_interno
LA_E_8176409,treino_interno
LA_E_8176502,treino_interno
LA_E_8176622,treino_interno
LA_E_8176928,treino_interno
LA_E_8177205,treino_interno
LA_E_8177536,treino_interno
LA_E_8177649,early_stopping
LA_E_8177846,treino_interno
LA_E_8177876,treino_interno
LA_E_8178105,treino_interno
LA_E_8178197,treino_interno
LA_E_8178241,treino_interno
LA_E_8178335,treino_interno
LA_E_8178742,treino_interno
LA_E_8179595,early_stopping
LA_E_8179791,treino_interno
LA_E_8180083,treino_interno
LA_E_8180095,treino_interno
LA_E_8180392,treino_interno
LA_E_8180831,treino_interno
LA_E_8180840,treino_interno
LA_E_8180903,treino_interno
LA_E_8180924,treino_interno
LA_E_8181339,treino_interno
LA_E_8181372,treino_interno
LA_E_8181611,treino_interno
LA_E_8181654,treino_interno
LA_E_8181819,treino_interno
LA_E_8183432,treino_interno
LA_E_8183915,treino_interno
LA_E_8184443,treino_interno
LA_E_8185126,treino_interno
LA_E_8185899,treino_interno
LA_E_8186777,treino_interno
LA_E_8186828,treino_interno
LA_E_8187167,treino_interno
LA_E_8187566,treino_interno
LA_E_8188354,treino_interno
LA_E_8188950,treino_interno
LA_E_8189869,treino_interno
LA_E_8189889,treino_interno
LA_E_8189977,treino_interno
LA_E_8190124,treino_interno
LA_E_8190248,treino_interno
LA_E_8190259,treino_interno
LA_E_8190858,treino_interno
LA_E_8190933,treino_interno
LA_E_8191271,treino_interno
LA_E_8191829,treino_interno
LA_E_8191934,treino_interno
LA_E_8192484,treino_interno
LA_E_8192555,treino_interno
LA_E_8193009,treino_interno
LA_E_8193074,treino_interno
LA_E_8193758,early_stopping
LA_E_8194312,early_stopping
LA_E_8194747,treino_interno
LA_E_8195082,treino_interno
LA_E_8195305,treino_interno
LA_E_8196083,treino_interno
LA_E_8196345,treino_interno
LA_E_8196382,treino_interno
LA_E_8196486,early_stopping
LA_E_8196510,early_stopping
LA_E_8196877,treino_interno
LA_E_8197491,treino_interno
LA_E_8198146,treino_interno
LA_E_8198836,treino_interno
LA_E_8199408,treino_interno
LA_E_8199922,treino_interno
LA_E_8199957,early_stopping
LA_E_8200478,early_stopping
LA_E_8200924,treino_interno
LA_E_8200975,treino_interno
LA_E_8201127,early_stopping
LA_E_8201303,treino_interno
LA_E_8201424,treino_interno
LA_E_8201477,treino_interno
LA_E_8202683,treino_interno
LA_E_8202806,treino_interno
LA_E_8203102,treino_interno
LA_E_8203317,treino_interno
LA_E_8203391,treino_interno
LA_E_8203699,treino_interno
LA_E_8203914,treino_interno
LA_E_8203971,treino_interno
LA_E_8204115,treino_interno
LA_E_8205139,early_stopping
LA_E_8205152,treino_interno
LA_E_8205174,treino_interno
LA_E_8205443,treino_interno
LA_E_8205783,treino_interno
LA_E_8206484,treino_interno
LA_E_8206530,treino_interno
LA_E_8206834,treino_interno
LA_E_8207156,treino_interno
LA_E_8207239,treino_interno
LA_E_8207411,treino_interno
LA_E_8207889,treino_interno
LA_E_8208034,treino_interno
LA_E_8208126,treino_interno
LA_E_8208455,treino_interno
LA_E_8208906,treino_interno
LA_E_8209892,treino_interno
LA_E_8209975,early_stopping
LA_E_8210115,treino_interno
LA_E_8210260,treino_interno
LA_E_8210394,treino_interno
LA_E_8210705,treino_interno
LA_E_8210709,treino_interno
LA_E_8210952,early_stopping
LA_E_8211087,treino_interno
LA_E_8211282,early_stopping
LA_E_8211918,treino_interno
LA_E_8212538,treino_interno
LA_E_8213077,treino_interno
LA_E_8214185,treino_interno
LA_E_8214194,treino_interno
LA_E_8214301,treino_interno
LA_E_8214603,treino_interno
LA_E_8214837,treino_interno
LA_E_8215061,early_stopping
LA_E_8215243,treino_interno
LA_E_8215360,treino_interno
LA_E_8215418,treino_interno
LA_E_8215588,treino_interno
LA_E_8215746,treino_interno
LA_E_8215900,treino_interno
LA_E_8216116,treino_interno
LA_E_8216255,treino_interno
LA_E_8216528,treino_interno
LA_E_8216804,early_stopping
LA_E_8217271,treino_interno
LA_E_8217355,treino_interno
LA_E_8217419,treino_interno
LA_E_8217574,treino_interno
LA_E_8217703,treino_interno
LA_E_8218182,treino_interno
LA_E_8218471,treino_interno
LA_E_8218529,treino_interno
LA_E_8218823,treino_interno
LA_E_8218833,treino_interno
LA_E_8219401,treino_interno
LA_E_8219631,treino_interno
LA_E_8220038,treino_interno
LA_E_8220912,treino_interno
LA_E_8221299,treino_interno
LA_E_8221644,treino_interno
LA_E_8221662,treino_interno
LA_E_8222145,treino_interno
LA_E_8222418,treino_interno
LA_E_8222454,treino_interno
LA_E_8222701,treino_interno
LA_E_8222854,treino_interno
LA_E_8223143,treino_interno
LA_E_8223208,treino_interno
LA_E_8223217,treino_interno
LA_E_8223431,treino_interno
LA_E_8223439,treino_interno
LA_E_8223760,treino_interno
LA_E_8224029,early_stopping
LA_E_8224267,treino_interno
LA_E_8224311,treino_interno
LA_E_8224616,treino_interno
LA_E_8224624,treino_interno
LA_E_8224983,treino_interno
LA_E_8225656,treino_interno
LA_E_8225693,treino_interno
LA_E_8225772,early_stopping
LA_E_8225939,treino_interno
LA_E_8226097,treino_interno
LA_E_8226270,treino_interno
LA_E_8226941,treino_interno
LA_E_8227246,treino_interno
LA_E_8227271,treino_interno
LA_E_8227640,treino_interno
LA_E_8227853,treino_interno
LA_E_8228231,early_stopping
LA_E_8228296,treino_interno
LA_E_8228356,treino_interno
LA_E_8228357,treino_interno
LA_E_8228898,treino_interno
LA_E_8228943,treino_interno
LA_E_8229472,treino_interno
LA_E_8229790,treino_interno
LA_E_8229884,treino_interno
LA_E_8229908,treino_interno
LA_E_8229938,treino_interno
LA_E_8230095,treino_interno
LA_E_8230397,treino_interno
LA_E_8231017,treino_interno
LA_E_8231265,treino_interno
LA_E_8231301,treino_interno
LA_E_8231793,treino_interno
LA_E_8232136,treino_interno
LA_E_8232153,treino_interno
LA_E_8232622,treino_interno
LA_E_8232936,treino_interno
LA_E_8233378,treino_interno
LA_E_8233457,treino_interno
LA_E_8233992,treino_interno
LA_E_8234203,treino_interno
LA_E_8234289,treino_interno
LA_E_8234293,treino_interno
LA_E_8234321,treino_interno
LA_E_8234795,early_stopping
LA_E_8234955,treino_interno
LA_E_8234998,treino_interno
LA_E_8235157,treino_interno
LA_E_8235234,treino_interno
LA_E_8235252,treino_interno
LA_E_8236152,treino_interno
LA_E_8236297,treino_interno
LA_E_8236326,treino_interno
LA_E_8236431,treino_interno
LA_E_8237113,treino_interno
LA_E_8237554,treino_interno
LA_E_8237607,treino_interno
LA_E_8237657,treino_interno
LA_E_8237724,treino_interno
LA_E_8237834,treino_interno
LA_E_8237924,treino_interno
LA_E_8238321,treino_interno
LA_E_8238408,treino_interno
LA_E_8238640,treino_interno
LA_E_8238879,treino_interno
LA_E_8238956,treino_interno
LA_E_8239014,early_stopping
LA_E_8239063,treino_interno
LA_E_8239154,treino_interno
LA_E_8239462,treino_interno
LA_E_8239560,treino_interno
LA_E_8239820,treino_interno
LA_E_8239959,treino_interno
LA_E_8240195,treino_interno
LA_E_8240268,treino_interno
LA_E_8240306,treino_interno
LA_E_8240509,treino_interno
LA_E_8240760,treino_interno
LA_E_8240930,treino_interno
LA_E_8240961,treino_interno
LA_E_8240976,treino_interno
LA_E_8241165,treino_interno
LA_E_8241379,treino_interno
LA_E_8241928,treino_interno
LA_E_8242175,treino_interno
LA_E_8242417,treino_interno
LA_E_8242683,treino_interno
LA_E_8242761,treino_interno
LA_E_8243747,treino_interno
LA_E_8243846,treino_interno
LA_E_8243878,treino_interno
LA_E_8243993,treino_interno
LA_E_8244150,early_stopping
LA_E_8244775,treino_interno
LA_E_8244798,treino_interno
LA_E_8244927,treino_interno
LA_E_8245222,treino_interno
LA_E_8245464,treino_interno
LA_E_8246103,treino_interno
LA_E_8246490,treino_interno
LA_E_8247311,treino_interno
LA_E_8247357,treino_interno
LA_E_8247699,treino_interno
LA_E_8247942,treino_interno
LA_E_8247955,treino_interno
LA_E_8247969,treino_interno
LA_E_8247984,treino_interno
LA_E_8248248,early_stopping
LA_E_8248316,treino_interno
LA_E_8248411,treino_interno
LA_E_8249176,early_stopping
LA_E_8249534,treino_interno
LA_E_8249582,treino_interno
LA_E_8249631,treino_interno
LA_E_8251224,treino_interno
LA_E_8252083,treino_interno
LA_E_8252534,early_stopping
LA_E_8253151,treino_interno
LA_E_8253751,treino_interno
LA_E_8254235,treino_interno
LA_E_8254623,treino_interno
LA_E_8255258,treino_interno
LA_E_8256198,treino_interno
LA_E_8256451,treino_interno
LA_E_8256922,treino_interno
LA_E_8257206,treino_interno
LA_E_8257761,treino_interno
LA_E_8257839,treino_interno
LA_E_8257900,treino_interno
LA_E_8257993,treino_interno
LA_E_8258175,early_stopping
LA_E_8259161,treino_interno
LA_E_8259658,treino_interno
LA_E_8259983,treino_interno
LA_E_8260408,early_stopping
LA_E_8260656,treino_interno
LA_E_8260859,treino_interno
LA_E_8261607,treino_interno
LA_E_8261856,treino_interno
LA_E_8262053,early_stopping
LA_E_8262139,early_stopping
LA_E_8262252,treino_interno
LA_E_8262968,treino_interno
LA_E_8263029,treino_interno
LA_E_8263458,treino_interno
LA_E_8263471,treino_interno
LA_E_8263554,treino_interno
LA_E_8264694,treino_interno
LA_E_8264824,treino_interno
LA_E_8264896,early_stopping
LA_E_8265021,early_stopping
LA_E_8266123,treino_interno
LA_E_8266536,treino_interno
LA_E_8266803,treino_interno
LA_E_8266814,early_stopping
LA_E_8266870,treino_interno
LA_E_8267891,treino_interno
LA_E_8267939,treino_interno
LA_E_8268007,treino_interno
LA_E_8268029,treino_interno
LA_E_8268294,treino_interno
LA_E_8268708,treino_interno
LA_E_8268716,treino_interno
LA_E_8268993,treino_interno
LA_E_8269298,treino_interno
LA_E_8269351,treino_interno
LA_E_8269473,treino_interno
LA_E_8269758,treino_interno
LA_E_8269784,treino_interno
LA_E_8269966,treino_interno
LA_E_8270037,treino_interno
LA_E_8271085,treino_interno
LA_E_8271106,treino_interno
LA_E_8271171,treino_interno
LA_E_8271521,early_stopping
LA_E_8272087,treino_interno
LA_E_8272112,treino_interno
LA_E_8272657,treino_interno
LA_E_8272687,treino_interno
LA_E_8273187,treino_interno
LA_E_8273660,treino_interno
LA_E_8275031,treino_interno
LA_E_8275144,treino_interno
LA_E_8275197,treino_interno
LA_E_8276059,treino_interno
LA_E_8276333,treino_interno
LA_E_8276690,treino_interno
LA_E_8277184,treino_interno
LA_E_8277287,treino_interno
LA_E_8277361,treino_interno
LA_E_8277973,treino_interno
LA_E_8278050,treino_interno
LA_E_8278088,treino_interno
LA_E_8278186,early_stopping
LA_E_8278408,treino_interno
LA_E_8278414,treino_interno
LA_E_8278665,treino_interno
LA_E_8278742,treino_interno
LA_E_8278747,treino_interno
LA_E_8279073,treino_interno
LA_E_8279355,treino_interno
LA_E_8279694,treino_interno
LA_E_8279797,early_stopping
LA_E_8280211,treino_interno
LA_E_8280234,treino_interno
LA_E_8280494,early_stopping
LA_E_8280832,treino_interno
LA_E_8280965,treino_interno
LA_E_8280995,early_stopping
LA_E_8281118,treino_interno
LA_E_8281409,treino_interno
LA_E_8281552,treino_interno
LA_E_8282283,treino_interno
LA_E_8282667,treino_interno
LA_E_8283215,treino_interno
LA_E_8284472,treino_interno
LA_E_8284956,treino_interno
LA_E_8285706,treino_interno
LA_E_8286030,early_stopping
LA_E_8286115,treino_interno
LA_E_8286217,treino_interno
LA_E_8287342,treino_interno
LA_E_8287892,treino_interno
LA_E_8288294,treino_interno
LA_E_8288298,treino_interno
LA_E_8288347,treino_interno
LA_E_8288599,treino_interno
LA_E_8288896,early_stopping
LA_E_8289277,treino_interno
LA_E_8289478,treino_interno
LA_E_8289746,treino_interno
LA_E_8290256,treino_interno
LA_E_8290330,treino_interno
LA_E_8290449,treino_interno
LA_E_8291127,treino_interno
LA_E_8291230,treino_interno
LA_E_8291387,treino_interno
LA_E_8291614,treino_interno
LA_E_8291788,treino_interno
LA_E_8291837,early_stopping
LA_E_8291897,early_stopping
LA_E_8291932,treino_interno
LA_E_8292278,treino_interno
LA_E_8292349,treino_interno
LA_E_8292601,treino_interno
LA_E_8292708,treino_interno
LA_E_8293467,treino_interno
LA_E_8293517,treino_interno
LA_E_8293584,treino_interno
LA_E_8293626,treino_interno
LA_E_8293792,treino_interno
LA_E_8293803,treino_interno
LA_E_8293890,treino_interno
LA_E_8293976,treino_interno
LA_E_8294252,treino_interno
LA_E_8294372,treino_interno
LA_E_8294494,early_stopping
LA_E_8294916,treino_interno
LA_E_8294980,treino_interno
LA_E_8295247,treino_interno
LA_E_8296070,early_stopping
LA_E_8296658,treino_interno
LA_E_8296777,early_stopping
LA_E_8297073,treino_interno
LA_E_8297154,treino_interno
LA_E_8297408,treino_interno
LA_E_8297419,treino_interno
LA_E_8298028,treino_interno
LA_E_8298203,treino_interno
LA_E_8298205,early_stopping
LA_E_8298459,treino_interno
LA_E_8298900,treino_interno
LA_E_8299127,treino_interno
LA_E_8299362,treino_interno
LA_E_8299751,treino_interno
LA_E_8300005,treino_interno
LA_E_8300163,treino_interno
LA_E_8300241,treino_interno
LA_E_8300337,treino_interno
LA_E_8300420,treino_interno
LA_E_8300542,early_stopping
LA_E_8300567,treino_interno
LA_E_8301136,treino_interno
LA_E_8301578,treino_interno
LA_E_8301939,treino_interno
LA_E_8302263,treino_interno
LA_E_8302518,treino_interno
LA_E_8303121,treino_interno
LA_E_8303421,treino_interno
LA_E_8303556,treino_interno
LA_E_8303700,treino_interno
LA_E_8303799,treino_interno
LA_E_8304495,treino_interno
LA_E_8304802,early_stopping
LA_E_8304996,early_stopping
LA_E_8306038,treino_interno
LA_E_8306244,treino_interno
LA_E_8306253,treino_interno
LA_E_8306477,treino_interno
LA_E_8307212,treino_interno
LA_E_8307220,treino_interno
LA_E_8308153,treino_interno
LA_E_8308170,early_stopping
LA_E_8308422,treino_interno
LA_E_8309057,early_stopping
LA_E_8309608,treino_interno
LA_E_8309922,treino_interno
LA_E_8310288,treino_interno
LA_E_8310853,treino_interno
LA_E_8311075,treino_interno
LA_E_8311124,treino_interno
LA_E_8312169,early_stopping
LA_E_8312705,treino_interno
LA_E_8312730,treino_interno
LA_E_8313394,treino_interno
LA_E_8313434,treino_interno
LA_E_8313553,treino_interno
LA_E_8313774,treino_interno
LA_E_8313889,treino_interno
LA_E_8314168,treino_interno
LA_E_8314474,treino_interno
LA_E_8315393,treino_interno
LA_E_8315737,treino_interno
LA_E_8316333,treino_interno
LA_E_8316958,treino_interno
LA_E_8317909,treino_interno
LA_E_8318009,treino_interno
LA_E_8318394,treino_interno
LA_E_8318827,treino_interno
LA_E_8318877,treino_interno
LA_E_8319248,treino_interno
LA_E_8319622,early_stopping
LA_E_8319706,treino_interno
LA_E_8319775,treino_interno
LA_E_8320807,early_stopping
LA_E_8321231,treino_interno
LA_E_8321273,treino_interno
LA_E_8321323,treino_interno
LA_E_8321416,treino_interno
LA_E_8321474,treino_interno
LA_E_8321548,treino_interno
LA_E_8321594,treino_interno
LA_E_8321854,treino_interno
LA_E_8322547,treino_interno
LA_E_8322613,treino_interno
LA_E_8322764,treino_interno
LA_E_8322772,treino_interno
LA_E_8322776,treino_interno
LA_E_8323209,treino_interno
LA_E_8323400,treino_interno
LA_E_8323941,treino_interno
LA_E_8324844,treino_interno
LA_E_8325048,treino_interno
LA_E_8325368,treino_interno
LA_E_8325474,treino_interno
LA_E_8325617,treino_interno
LA_E_8325818,treino_interno
LA_E_8326263,treino_interno
LA_E_8326517,treino_interno
LA_E_8326705,treino_interno
LA_E_8326905,treino_interno
LA_E_8326940,early_stopping
LA_E_8327214,treino_interno
LA_E_8327347,treino_interno
LA_E_8327527,treino_interno
LA_E_8327620,treino_interno
LA_E_8327834,treino_interno
LA_E_8327968,treino_interno
LA_E_8328109,treino_interno
LA_E_8328240,early_stopping
LA_E_8328606,treino_interno
LA_E_8328904,treino_interno
LA_E_8328973,treino_interno
LA_E_8329733,treino_interno
LA_E_8329735,treino_interno
LA_E_8330201,treino_interno
LA_E_8330280,treino_interno
LA_E_8330469,treino_interno
LA_E_8331059,treino_interno
LA_E_8331391,treino_interno
LA_E_8331774,treino_interno
LA_E_8331975,treino_interno
LA_E_8332603,treino_interno
LA_E_8332908,treino_interno
LA_E_8333162,treino_interno
LA_E_8333286,treino_interno
LA_E_8334025,treino_interno
LA_E_8334228,treino_interno
LA_E_8335167,treino_interno
LA_E_8335440,treino_interno
LA_E_8336013,treino_interno
LA_E_8336073,treino_interno
LA_E_8336371,treino_interno
LA_E_8336924,treino_interno
LA_E_8336958,treino_interno
LA_E_8337254,treino_interno
LA_E_8337654,early_stopping
LA_E_8337867,treino_interno
LA_E_8338144,treino_interno
LA_E_8338335,treino_interno
LA_E_8338419,treino_interno
LA_E_8338525,early_stopping
LA_E_8338804,treino_interno
LA_E_8339477,treino_interno
LA_E_8339593,treino_interno
LA_E_8339604,treino_interno
LA_E_8340001,treino_interno
LA_E_8340427,treino_interno
LA_E_8340738,treino_interno
LA_E_8340837,treino_interno
LA_E_8341069,treino_interno
LA_E_8341376,treino_interno
LA_E_8341589,treino_interno
LA_E_8341621,treino_interno
LA_E_8341660,treino_interno
LA_E_8341997,treino_interno
LA_E_8342725,treino_interno
LA_E_8342794,treino_interno
LA_E_8342902,treino_interno
LA_E_8343583,treino_interno
LA_E_8343590,treino_interno
LA_E_8343773,treino_interno
LA_E_8343941,treino_interno
LA_E_8343942,treino_interno
LA_E_8344700,treino_interno
LA_E_8345081,treino_interno
LA_E_8345606,treino_interno
LA_E_8345863,treino_interno
LA_E_8345882,treino_interno
LA_E_8345994,treino_interno
LA_E_8346972,treino_interno
LA_E_8348100,treino_interno
LA_E_8348406,treino_interno
LA_E_8348443,treino_interno
LA_E_8348935,treino_interno
LA_E_8349981,treino_interno
LA_E_8350150,treino_interno
LA_E_8350151,treino_interno
LA_E_8350550,treino_interno
LA_E_8350842,treino_interno
LA_E_8351184,treino_interno
LA_E_8351456,treino_interno
LA_E_8351488,treino_interno
LA_E_8351946,treino_interno
LA_E_8352466,early_stopping
LA_E_8352786,treino_interno
LA_E_8353149,early_stopping
LA_E_8353256,treino_interno
LA_E_8353288,early_stopping
LA_E_8353964,treino_interno
LA_E_8354099,treino_interno
LA_E_8354377,early_stopping
LA_E_8354863,treino_interno
LA_E_8355255,treino_interno
LA_E_8355374,treino_interno
LA_E_8355583,treino_interno
LA_E_8356137,treino_interno
LA_E_8356373,treino_interno
LA_E_8356415,treino_interno
LA_E_8356440,treino_interno
LA_E_8357016,treino_interno
LA_E_8357238,treino_interno
LA_E_8357445,treino_interno
LA_E_8357811,treino_interno
LA_E_8357879,treino_interno
LA_E_8357891,early_stopping
LA_E_8358187,treino_interno
LA_E_8358588,treino_interno
LA_E_8358612,treino_interno
LA_E_8358810,treino_interno
LA_E_8359262,treino_interno
LA_E_8359354,treino_interno
LA_E_8359480,treino_interno
LA_E_8359508,treino_interno
LA_E_8359829,treino_interno
LA_E_8360609,treino_interno
LA_E_8360815,treino_interno
LA_E_8360844,treino_interno
LA_E_8360869,treino_interno
LA_E_8361276,treino_interno
LA_E_8361362,treino_interno
LA_E_8361455,treino_interno
LA_E_8361861,treino_interno
LA_E_8361913,treino_interno
LA_E_8361921,treino_interno
LA_E_8361956,treino_interno
LA_E_8362605,treino_interno
LA_E_8362697,treino_interno
LA_E_8362943,treino_interno
LA_E_8363074,early_stopping
LA_E_8363452,treino_interno
LA_E_8363535,treino_interno
LA_E_8363676,treino_interno
LA_E_8364278,treino_interno
LA_E_8364331,treino_interno
LA_E_8364427,treino_interno
LA_E_8364470,treino_interno
LA_E_8364593,treino_interno
LA_E_8364833,treino_interno
LA_E_8365130,early_stopping
LA_E_8366283,treino_interno
LA_E_8366324,treino_interno
LA_E_8366715,treino_interno
LA_E_8366908,treino_interno
LA_E_8366911,treino_interno
LA_E_8367270,treino_interno
LA_E_8367569,treino_interno
LA_E_8367998,early_stopping
LA_E_8368067,treino_interno
LA_E_8368602,treino_interno
LA_E_8368821,early_stopping
LA_E_8368841,treino_interno
LA_E_8369531,treino_interno
LA_E_8369555,treino_interno
LA_E_8369830,treino_interno
LA_E_8369937,treino_interno
LA_E_8370171,treino_interno
LA_E_8370202,treino_interno
LA_E_8370545,treino_interno
LA_E_8370986,treino_interno
LA_E_8372101,early_stopping
LA_E_8372213,treino_interno
LA_E_8372557,treino_interno
LA_E_8372722,early_stopping
LA_E_8374321,treino_interno
LA_E_8374353,treino_interno
LA_E_8374722,treino_interno
LA_E_8375007,treino_interno
LA_E_8375083,treino_interno
LA_E_8375592,treino_interno
LA_E_8376656,treino_interno
LA_E_8377642,treino_interno
LA_E_8378015,treino_interno
LA_E_8378376,treino_interno
LA_E_8378619,treino_interno
LA_E_8378725,early_stopping
LA_E_8378774,treino_interno
LA_E_8378902,early_stopping
LA_E_8379020,treino_interno
LA_E_8379650,treino_interno
LA_E_8379889,treino_interno
LA_E_8379962,treino_interno
LA_E_8380957,treino_interno
LA_E_8381205,treino_interno
LA_E_8381577,treino_interno
LA_E_8381618,treino_interno
LA_E_8381846,treino_interno
LA_E_8381863,treino_interno
LA_E_8382687,treino_interno
LA_E_8383154,treino_interno
LA_E_8383661,treino_interno
LA_E_8384158,treino_interno
LA_E_8384193,treino_interno
LA_E_8384345,treino_interno
LA_E_8384407,treino_interno
LA_E_8384800,treino_interno
LA_E_8384908,treino_interno
LA_E_8385129,treino_interno
LA_E_8385970,early_stopping
LA_E_8385992,treino_interno
LA_E_8386333,treino_interno
LA_E_8386825,treino_interno
LA_E_8387471,treino_interno
LA_E_8387764,treino_interno
LA_E_8388149,treino_interno
LA_E_8388812,treino_interno
LA_E_8388842,treino_interno
LA_E_8389072,treino_interno
LA_E_8389172,treino_interno
LA_E_8389378,early_stopping
LA_E_8390230,treino_interno
LA_E_8390412,treino_interno
LA_E_8390725,treino_interno
LA_E_8391127,early_stopping
LA_E_8391394,early_stopping
LA_E_8391613,treino_interno
LA_E_8393142,treino_interno
LA_E_8393437,treino_interno
LA_E_8393572,treino_interno
LA_E_8393854,treino_interno
LA_E_8393912,treino_interno
LA_E_8394337,treino_interno
LA_E_8394759,treino_interno
LA_E_8394896,treino_interno
LA_E_8395199,treino_interno
LA_E_8395876,treino_interno
LA_E_8395951,treino_interno
LA_E_8396238,treino_interno
LA_E_8396388,treino_interno
LA_E_8396404,treino_interno
LA_E_8397128,treino_interno
LA_E_8397178,treino_interno
LA_E_8397499,early_stopping
LA_E_8397776,early_stopping
LA_E_8397979,treino_interno
LA_E_8399231,treino_interno
LA_E_8399514,treino_interno
LA_E_8399643,treino_interno
LA_E_8399669,treino_interno
LA_E_8399940,treino_interno
LA_E_8400690,treino_interno
LA_E_8400798,treino_interno
LA_E_8401132,treino_interno
LA_E_8401235,treino_interno
LA_E_8401897,treino_interno
LA_E_8401973,early_stopping
LA_E_8402210,treino_interno
LA_E_8402805,treino_interno
LA_E_8403421,treino_interno
LA_E_8403717,treino_interno
LA_E_8403965,treino_interno
LA_E_8404104,treino_interno
LA_E_8405001,early_stopping
LA_E_8406466,treino_interno
LA_E_8408246,treino_interno
LA_E_8408879,treino_interno
LA_E_8409123,treino_interno
LA_E_8409248,treino_interno
LA_E_8409325,treino_interno
LA_E_8410133,treino_interno
LA_E_8411259,treino_interno
LA_E_8412114,treino_interno
LA_E_8412353,treino_interno
LA_E_8413166,treino_interno
LA_E_8413696,treino_interno
LA_E_8413861,treino_interno
LA_E_8414331,treino_interno
LA_E_8414347,treino_interno
LA_E_8414582,treino_interno
LA_E_8414731,treino_interno
LA_E_8414809,treino_interno
LA_E_8414916,treino_interno
LA_E_8414928,treino_interno
LA_E_8415204,treino_interno
LA_E_8415314,treino_interno
LA_E_8415527,treino_interno
LA_E_8415811,treino_interno
LA_E_8416009,treino_interno
LA_E_8416147,treino_interno
LA_E_8416679,treino_interno
LA_E_8416887,treino_interno
LA_E_8417154,early_stopping
LA_E_8417156,treino_interno
LA_E_8417229,treino_interno
LA_E_8417344,treino_interno
LA_E_8417389,treino_interno
LA_E_8419242,treino_interno
LA_E_8419566,treino_interno
LA_E_8419596,treino_interno
LA_E_8420351,treino_interno
LA_E_8421209,treino_interno
LA_E_8421547,treino_interno
LA_E_8421755,treino_interno
LA_E_8421920,treino_interno
LA_E_8422486,treino_interno
LA_E_8422527,treino_interno
LA_E_8423119,treino_interno
LA_E_8423522,treino_interno
LA_E_8423739,treino_interno
LA_E_8423756,treino_interno
LA_E_8423949,treino_interno
LA_E_8424021,treino_interno
LA_E_8424199,treino_interno
LA_E_8424572,early_stopping
LA_E_8424713,treino_interno
LA_E_8425894,treino_interno
LA_E_8427295,treino_interno
LA_E_8427298,treino_interno
LA_E_8427306,treino_interno
LA_E_8427395,treino_interno
LA_E_8428268,treino_interno
LA_E_8429863,treino_interno
LA_E_8430137,treino_interno
LA_E_8430726,treino_interno
LA_E_8430801,treino_interno
LA_E_8430875,treino_interno
LA_E_8431769,treino_interno
LA_E_8431829,treino_interno
LA_E_8432474,treino_interno
LA_E_8432577,treino_interno
LA_E_8434973,treino_interno
LA_E_8435697,treino_interno
LA_E_8435946,treino_interno
LA_E_8436535,treino_interno
LA_E_8436849,treino_interno
LA_E_8437010,treino_interno
LA_E_8437131,treino_interno
LA_E_8437193,early_stopping
LA_E_8437545,treino_interno
LA_E_8437675,treino_interno
LA_E_8437787,treino_interno
LA_E_8438265,treino_interno
LA_E_8439337,early_stopping
LA_E_8439375,treino_interno
LA_E_8439830,early_stopping
LA_E_8439864,treino_interno
LA_E_8440841,treino_interno
LA_E_8441134,treino_interno
LA_E_8441586,treino_interno
LA_E_8443014,treino_interno
LA_E_8443185,treino_interno
LA_E_8443466,treino_interno
LA_E_8443672,early_stopping
LA_E_8444027,treino_interno
LA_E_8444048,treino_interno
LA_E_8444190,treino_interno
LA_E_8444318,treino_interno
LA_E_8444822,treino_interno
LA_E_8445344,treino_interno
LA_E_8445655,treino_interno
LA_E_8445875,early_stopping
LA_E_8446242,treino_interno
LA_E_8447266,treino_interno
LA_E_8447299,treino_interno
LA_E_8447427,treino_interno
LA_E_8447617,treino_interno
LA_E_8447894,treino_interno
LA_E_8448165,early_stopping
LA_E_8449144,treino_interno
LA_E_8449177,treino_interno
LA_E_8450530,early_stopping
LA_E_8451055,treino_interno
LA_E_8451743,treino_interno
LA_E_8452739,treino_interno
LA_E_8452816,treino_interno
LA_E_8452818,treino_interno
LA_E_8452902,treino_interno
LA_E_8452989,treino_interno
LA_E_8454768,early_stopping
LA_E_8454775,treino_interno
LA_E_8454787,treino_interno
LA_E_8454822,treino_interno
LA_E_8455077,treino_interno
LA_E_8455224,early_stopping
LA_E_8455659,treino_interno
LA_E_8455727,treino_interno
LA_E_8456436,treino_interno
LA_E_8456693,treino_interno
LA_E_8456848,early_stopping
LA_E_8457233,treino_interno
LA_E_8457833,treino_interno
LA_E_8457967,treino_interno
LA_E_8458357,treino_interno
LA_E_8458485,treino_interno
LA_E_8458616,treino_interno
LA_E_8459053,treino_interno
LA_E_8459116,treino_interno
LA_E_8459663,treino_interno
LA_E_8459792,treino_interno
LA_E_8460485,treino_interno
LA_E_8460566,treino_interno
LA_E_8460671,treino_interno
LA_E_8460723,treino_interno
LA_E_8460984,treino_interno
LA_E_8461188,treino_interno
LA_E_8461407,treino_interno
LA_E_8461615,treino_interno
LA_E_8462063,treino_interno
LA_E_8462157,treino_interno
LA_E_8462194,treino_interno
LA_E_8462301,treino_interno
LA_E_8462969,treino_interno
LA_E_8463203,treino_interno
LA_E_8463428,early_stopping
LA_E_8463741,treino_interno
LA_E_8463966,early_stopping
LA_E_8464192,early_stopping
LA_E_8465031,early_stopping
LA_E_8467671,treino_interno
LA_E_8467794,treino_interno
LA_E_8467871,early_stopping
LA_E_8468170,treino_interno
LA_E_8468195,treino_interno
LA_E_8468566,early_stopping
LA_E_8468857,treino_interno
LA_E_8468891,treino_interno
LA_E_8468946,early_stopping
LA_E_8470100,treino_interno
LA_E_8470651,treino_interno
LA_E_8471011,treino_interno
LA_E_8471919,treino_interno
LA_E_8472017,treino_interno
LA_E_8472286,treino_interno
LA_E_8472548,treino_interno
LA_E_8472873,treino_interno
LA_E_8473730,treino_interno
LA_E_8474170,treino_interno
LA_E_8474278,treino_interno
LA_E_8475140,treino_interno
LA_E_8475180,early_stopping
LA_E_8475775,treino_interno
LA_E_8475879,treino_interno
LA_E_8475980,early_stopping
LA_E_8476128,early_stopping
LA_E_8476954,treino_interno
LA_E_8476956,treino_interno
LA_E_8477016,treino_interno
LA_E_8477158,early_stopping
LA_E_8477988,treino_interno
LA_E_8478207,treino_interno
LA_E_8478293,treino_interno
LA_E_8478551,treino_interno
LA_E_8478570,treino_interno
LA_E_8478678,treino_interno
LA_E_8478965,treino_interno
LA_E_8478986,early_stopping
LA_E_8480015,treino_interno
LA_E_8480041,treino_interno
LA_E_8480258,treino_interno
LA_E_8480657,treino_interno
LA_E_8482231,early_stopping
LA_E_8482417,treino_interno
LA_E_8483143,treino_interno
LA_E_8484007,treino_interno
LA_E_8484085,early_stopping
LA_E_8484641,treino_interno
LA_E_8484802,treino_interno
LA_E_8484893,treino_interno
LA_E_8484967,treino_interno
LA_E_8485330,treino_interno
LA_E_8485381,treino_interno
LA_E_8485508,treino_interno
LA_E_8485545,treino_interno
LA_E_8485766,treino_interno
LA_E_8485789,treino_interno
LA_E_8485926,treino_interno
LA_E_8486008,early_stopping
LA_E_8486233,treino_interno
LA_E_8487819,treino_interno
LA_E_8488084,treino_interno
LA_E_8488391,treino_interno
LA_E_8488404,early_stopping
LA_E_8489850,treino_interno
LA_E_8490384,early_stopping
LA_E_8490449,treino_interno
LA_E_8490879,treino_interno
LA_E_8491150,treino_interno
LA_E_8491314,treino_interno
LA_E_8491819,treino_interno
LA_E_8492611,treino_interno
LA_E_8492780,treino_interno
LA_E_8494128,treino_interno
LA_E_8494261,early_stopping
LA_E_8494452,treino_interno
LA_E_8494883,treino_interno
LA_E_8494971,early_stopping
LA_E_8495377,treino_interno
LA_E_8495815,treino_interno
LA_E_8496021,treino_interno
LA_E_8496094,treino_interno
LA_E_8496309,treino_interno
LA_E_8497056,treino_interno
LA_E_8497117,treino_interno
LA_E_8497524,treino_interno
LA_E_8497772,treino_interno
LA_E_8497932,treino_interno
LA_E_8498170,treino_interno
LA_E_8498757,treino_interno
LA_E_8498823,treino_interno
LA_E_8499019,treino_interno
LA_E_8499176,treino_interno
LA_E_8499201,treino_interno
LA_E_8499917,treino_interno
LA_E_8500638,treino_interno
LA_E_8500821,treino_interno
LA_E_8501070,treino_interno
LA_E_8501325,treino_interno
LA_E_8501652,treino_interno
LA_E_8501782,treino_interno
LA_E_8502006,treino_interno
LA_E_8502141,treino_interno
LA_E_8502530,treino_interno
LA_E_8502670,treino_interno
LA_E_8504259,treino_interno
LA_E_8504747,treino_interno
LA_E_8504862,treino_interno
LA_E_8504905,treino_interno
LA_E_8504919,treino_interno
LA_E_8504958,early_stopping
LA_E_8505735,early_stopping
LA_E_8506123,treino_interno
LA_E_8506156,treino_interno
LA_E_8506344,treino_interno
LA_E_8507004,early_stopping
LA_E_8507156,treino_interno
LA_E_8507201,treino_interno
LA_E_8508300,treino_interno
LA_E_8508638,treino_interno
LA_E_8508741,treino_interno
LA_E_8508778,treino_interno
LA_E_8509637,treino_interno
LA_E_8510073,treino_interno
LA_E_8511260,treino_interno
LA_E_8511266,treino_interno
LA_E_8511574,early_stopping
LA_E_8514546,treino_interno
LA_E_8514866,early_stopping
LA_E_8515610,treino_interno
LA_E_8515957,treino_interno
LA_E_8518696,treino_interno
LA_E_8519545,early_stopping
LA_E_8519966,treino_interno
LA_E_8519992,treino_interno
LA_E_8520300,treino_interno
LA_E_8521568,treino_interno
LA_E_8522041,early_stopping
LA_E_8522916,treino_interno
LA_E_8523279,treino_interno
LA_E_8523742,early_stopping
LA_E_8523840,treino_interno
LA_E_8524538,treino_interno
LA_E_8525008,treino_interno
LA_E_8525183,early_stopping
LA_E_8525863,treino_interno
LA_E_8525956,treino_interno
LA_E_8526127,treino_interno
LA_E_8526138,treino_interno
LA_E_8526532,treino_interno
LA_E_8527016,treino_interno
LA_E_8527078,treino_interno
LA_E_8527171,treino_interno
LA_E_8527279,treino_interno
LA_E_8527383,treino_interno
LA_E_8527613,early_stopping
LA_E_8527694,treino_interno
LA_E_8527926,treino_interno
LA_E_8528910,treino_interno
LA_E_8529332,early_stopping
LA_E_8530156,treino_interno
LA_E_8530976,treino_interno
LA_E_8531156,treino_interno
LA_E_8531264,treino_interno
LA_E_8531587,treino_interno
LA_E_8532325,early_stopping
LA_E_8532408,treino_interno
LA_E_8532939,treino_interno
LA_E_8533362,treino_interno
LA_E_8533578,treino_interno
LA_E_8534199,treino_interno
LA_E_8535086,treino_interno
LA_E_8537671,treino_interno
LA_E_8538035,treino_interno
LA_E_8539072,early_stopping
LA_E_8540137,treino_interno
LA_E_8540246,treino_interno
LA_E_8540468,treino_interno
LA_E_8540726,early_stopping
LA_E_8541298,treino_interno
LA_E_8541333,treino_interno
LA_E_8541824,treino_interno
LA_E_8541837,treino_interno
LA_E_8542310,treino_interno
LA_E_8542410,treino_interno
LA_E_8542981,treino_interno
LA_E_8543153,treino_interno
LA_E_8543358,treino_interno
LA_E_8543656,treino_interno
LA_E_8544890,treino_interno
LA_E_8545196,treino_interno
LA_E_8545378,treino_interno
LA_E_8545402,early_stopping
LA_E_8545533,treino_interno
LA_E_8545556,treino_interno
LA_E_8545768,treino_interno
LA_E_8545825,treino_interno
LA_E_8546102,early_stopping
LA_E_8546301,treino_interno
LA_E_8547038,treino_interno
LA_E_8547076,treino_interno
LA_E_8548468,early_stopping
LA_E_8548730,treino_interno
LA_E_8548839,treino_interno
LA_E_8549004,treino_interno
LA_E_8549040,treino_interno
LA_E_8549232,treino_interno
LA_E_8549400,treino_interno
LA_E_8549869,treino_interno
LA_E_8550200,treino_interno
LA_E_8550355,treino_interno
LA_E_8550713,treino_interno
LA_E_8551614,treino_interno
LA_E_8552595,treino_interno
LA_E_8552614,treino_interno
LA_E_8552718,treino_interno
LA_E_8553085,treino_interno
LA_E_8553762,treino_interno
LA_E_8555334,treino_interno
LA_E_8555603,treino_interno
LA_E_8556056,treino_interno
LA_E_8557018,early_stopping
LA_E_8557141,early_stopping
LA_E_8557592,treino_interno
LA_E_8558003,treino_interno
LA_E_8558297,treino_interno
LA_E_8559267,treino_interno
LA_E_8559495,treino_interno
LA_E_8559636,treino_interno
LA_E_8560033,treino_interno
LA_E_8560343,treino_interno
LA_E_8560487,treino_interno
LA_E_8560647,treino_interno
LA_E_8561112,treino_interno
LA_E_8561397,treino_interno
LA_E_8562201,treino_interno
LA_E_8562914,treino_interno
LA_E_8563664,treino_interno
LA_E_8563688,treino_interno
LA_E_8564069,treino_interno
LA_E_8564129,treino_interno
LA_E_8564369,treino_interno
LA_E_8564952,early_stopping
LA_E_8565141,treino_interno
LA_E_8565235,treino_interno
LA_E_8565244,treino_interno
LA_E_8565639,treino_interno
LA_E_8567295,treino_interno
LA_E_8567303,early_stopping
LA_E_8567368,treino_interno
LA_E_8567698,treino_interno
LA_E_8567904,treino_interno
LA_E_8568861,early_stopping
LA_E_8568957,treino_interno
LA_E_8569050,treino_interno
LA_E_8569230,treino_interno
LA_E_8569655,early_stopping
LA_E_8569880,treino_interno
LA_E_8570473,treino_interno
LA_E_8571021,treino_interno
LA_E_8571663,treino_interno
LA_E_8571827,treino_interno
LA_E_8571935,treino_interno
LA_E_8572190,treino_interno
LA_E_8572397,treino_interno
LA_E_8572627,treino_interno
LA_E_8573477,treino_interno
LA_E_8574579,treino_interno
LA_E_8575432,treino_interno
LA_E_8575556,treino_interno
LA_E_8575694,treino_interno
LA_E_8575892,treino_interno
LA_E_8576183,treino_interno
LA_E_8576261,early_stopping
LA_E_8576791,early_stopping
LA_E_8577875,treino_interno
LA_E_8579952,treino_interno
LA_E_8580122,treino_interno
LA_E_8580886,treino_interno
LA_E_8581039,treino_interno
LA_E_8581138,treino_interno
LA_E_8581463,treino_interno
LA_E_8581481,treino_interno
LA_E_8581657,treino_interno
LA_E_8582233,treino_interno
LA_E_8582299,treino_interno
LA_E_8582337,treino_interno
LA_E_8582530,treino_interno
LA_E_8582709,treino_interno
LA_E_8582747,treino_interno
LA_E_8583205,treino_interno
LA_E_8583601,treino_interno
LA_E_8583772,early_stopping
LA_E_8583939,treino_interno
LA_E_8584640,treino_interno
LA_E_8584788,treino_interno
LA_E_8584809,treino_interno
LA_E_8585521,treino_interno
LA_E_8585584,treino_interno
LA_E_8585615,treino_interno
LA_E_8585848,treino_interno
LA_E_8586647,early_stopping
LA_E_8586955,treino_interno
LA_E_8587503,early_stopping
LA_E_8587546,treino_interno
LA_E_8587572,treino_interno
LA_E_8588535,treino_interno
LA_E_8588646,early_stopping
LA_E_8589079,treino_interno
LA_E_8589510,treino_interno
LA_E_8589551,treino_interno
LA_E_8589671,treino_interno
LA_E_8589844,treino_interno
LA_E_8590112,early_stopping
LA_E_8590572,early_stopping
LA_E_8590580,treino_interno
LA_E_8590666,treino_interno
LA_E_8591025,treino_interno
LA_E_8591580,treino_interno
LA_E_8592379,early_stopping
LA_E_8592420,treino_interno
LA_E_8592622,treino_interno
LA_E_8595456,treino_interno
LA_E_8595521,treino_interno
LA_E_8596116,early_stopping
LA_E_8596259,treino_interno
LA_E_8596824,treino_interno
LA_E_8597254,treino_interno
LA_E_8597853,treino_interno
LA_E_8597864,treino_interno
LA_E_8597961,treino_interno
LA_E_8598171,treino_interno
LA_E_8598273,treino_interno
LA_E_8599865,treino_interno
LA_E_8599867,treino_interno
LA_E_8599869,treino_interno
LA_E_8599978,treino_interno
LA_E_8600181,treino_interno
LA_E_8600249,treino_interno
LA_E_8600370,treino_interno
LA_E_8600683,treino_interno
LA_E_8601071,treino_interno
LA_E_8601093,treino_interno
LA_E_8601500,treino_interno
LA_E_8602018,treino_interno
LA_E_8602050,treino_interno
LA_E_8602178,treino_interno
LA_E_8602343,treino_interno
LA_E_8602509,treino_interno
LA_E_8602677,treino_interno
LA_E_8602718,treino_interno
LA_E_8602831,treino_interno
LA_E_8603030,early_stopping
LA_E_8603530,treino_interno
LA_E_8603714,early_stopping
LA_E_8605255,treino_interno
LA_E_8605756,treino_interno
LA_E_8606652,treino_interno
LA_E_8606841,treino_interno
LA_E_8607158,treino_interno
LA_E_8607927,early_stopping
LA_E_8608021,treino_interno
LA_E_8609066,treino_interno
LA_E_8610567,early_stopping
LA_E_8611385,treino_interno
LA_E_8611568,treino_interno
LA_E_8611927,treino_interno
LA_E_8612564,treino_interno
LA_E_8613511,treino_interno
LA_E_8615173,treino_interno
LA_E_8615951,treino_interno
LA_E_8616303,treino_interno
LA_E_8616513,treino_interno
LA_E_8616685,treino_interno
LA_E_8616825,early_stopping
LA_E_8617177,treino_interno
LA_E_8617371,treino_interno
LA_E_8617621,treino_interno
LA_E_8617993,treino_interno
LA_E_8618639,treino_interno
LA_E_8618775,treino_interno
LA_E_8619863,treino_interno
LA_E_8619999,treino_interno
LA_E_8620002,treino_interno
LA_E_8620239,treino_interno
LA_E_8620418,treino_interno
LA_E_8620831,treino_interno
LA_E_8621467,treino_interno
LA_E_8621677,treino_interno
LA_E_8622202,treino_interno
LA_E_8622750,early_stopping
LA_E_8622927,treino_interno
LA_E_8622943,treino_interno
LA_E_8624093,treino_interno
LA_E_8624353,treino_interno
LA_E_8624576,treino_interno
LA_E_8625525,early_stopping
LA_E_8625577,treino_interno
LA_E_8625882,treino_interno
LA_E_8626365,treino_interno
LA_E_8626395,treino_interno
LA_E_8626806,treino_interno
LA_E_8627326,early_stopping
LA_E_8629162,treino_interno
LA_E_8629214,treino_interno
LA_E_8629277,treino_interno
LA_E_8630048,early_stopping
LA_E_8630179,treino_interno
LA_E_8630279,early_stopping
LA_E_8630733,treino_interno
LA_E_8630784,treino_interno
LA_E_8631314,treino_interno
LA_E_8632022,treino_interno
LA_E_8632101,treino_interno
LA_E_8632375,treino_interno
LA_E_8633372,early_stopping
LA_E_8633402,treino_interno
LA_E_8634100,treino_interno
LA_E_8634437,treino_interno
LA_E_8635026,treino_interno
LA_E_8636485,treino_interno
LA_E_8637559,treino_interno
LA_E_8638187,treino_interno
LA_E_8638217,treino_interno
LA_E_8638223,early_stopping
LA_E_8640619,early_stopping
LA_E_8640922,treino_interno
LA_E_8641094,treino_interno
LA_E_8641244,treino_interno
LA_E_8641649,treino_interno
LA_E_8641692,treino_interno
LA_E_8641995,treino_interno
LA_E_8644727,treino_interno
LA_E_8644731,treino_interno
LA_E_8645491,treino_interno
LA_E_8645858,treino_interno
LA_E_8646318,treino_interno
LA_E_8646798,treino_interno
LA_E_8647074,treino_interno
LA_E_8647107,treino_interno
LA_E_8647250,treino_interno
LA_E_8648302,treino_interno
LA_E_8649132,treino_interno
LA_E_8649341,treino_interno
LA_E_8649440,treino_interno
LA_E_8650123,treino_interno
LA_E_8650161,early_stopping
LA_E_8650217,treino_interno
LA_E_8650477,treino_interno
LA_E_8650480,treino_interno
LA_E_8651420,treino_interno
LA_E_8652238,early_stopping
LA_E_8652798,treino_interno
LA_E_8652842,treino_interno
LA_E_8653361,treino_interno
LA_E_8654354,early_stopping
LA_E_8655266,treino_interno
LA_E_8656309,treino_interno
LA_E_8656574,treino_interno
LA_E_8657048,treino_interno
LA_E_8657698,treino_interno
LA_E_8657856,early_stopping
LA_E_8657936,treino_interno
LA_E_8658890,treino_interno
LA_E_8658925,treino_interno
LA_E_8659085,treino_interno
LA_E_8659238,treino_interno
LA_E_8659604,early_stopping
LA_E_8659608,treino_interno
LA_E_8659872,treino_interno
LA_E_8659894,treino_interno
LA_E_8660130,treino_interno
LA_E_8660221,treino_interno
LA_E_8660341,treino_interno
LA_E_8660708,treino_interno
LA_E_8660733,treino_interno
LA_E_8661124,treino_interno
LA_E_8661465,treino_interno
LA_E_8661947,treino_interno
LA_E_8662464,treino_interno
LA_E_8662533,treino_interno
LA_E_8662653,treino_interno
LA_E_8662956,treino_interno
LA_E_8663035,treino_interno
LA_E_8663612,early_stopping
LA_E_8663962,treino_interno
LA_E_8664254,treino_interno
LA_E_8664682,treino_interno
LA_E_8664852,treino_interno
LA_E_8665578,treino_interno
LA_E_8665886,treino_interno
LA_E_8666451,treino_interno
LA_E_8667205,treino_interno
LA_E_8667562,treino_interno
LA_E_8667796,treino_interno
LA_E_8668248,treino_interno
LA_E_8668431,treino_interno
LA_E_8668513,treino_interno
LA_E_8670824,treino_interno
LA_E_8671216,treino_interno
LA_E_8671326,treino_interno
LA_E_8671337,treino_interno
LA_E_8671569,treino_interno
LA_E_8671626,treino_interno
LA_E_8671963,treino_interno
LA_E_8672500,early_stopping
LA_E_8672967,treino_interno
LA_E_8673114,treino_interno
LA_E_8673239,treino_interno
LA_E_8673436,treino_interno
LA_E_8674202,early_stopping
LA_E_8674298,treino_interno
LA_E_8674315,treino_interno
LA_E_8674606,treino_interno
LA_E_8675708,treino_interno
LA_E_8675777,treino_interno
LA_E_8676224,treino_interno
LA_E_8676461,treino_interno
LA_E_8676861,treino_interno
LA_E_8676889,treino_interno
LA_E_8676940,treino_interno
LA_E_8677935,treino_interno
LA_E_8678349,treino_interno
LA_E_8679017,treino_interno
LA_E_8679098,treino_interno
LA_E_8679703,treino_interno
LA_E_8679860,treino_interno
LA_E_8681789,treino_interno
LA_E_8681816,treino_interno
LA_E_8681955,treino_interno
LA_E_8682444,treino_interno
LA_E_8682766,treino_interno
LA_E_8682779,treino_interno
LA_E_8683649,early_stopping
LA_E_8683755,treino_interno
LA_E_8684406,treino_interno
LA_E_8684602,treino_interno
LA_E_8684639,treino_interno
LA_E_8684806,early_stopping
LA_E_8684837,treino_interno
LA_E_8685638,early_stopping
LA_E_8685644,treino_interno
LA_E_8685816,treino_interno
LA_E_8685964,treino_interno
LA_E_8686704,treino_interno
LA_E_8686934,treino_interno
LA_E_8687015,early_stopping
LA_E_8687240,treino_interno
LA_E_8687481,treino_interno
LA_E_8687626,treino_interno
LA_E_8688043,treino_interno
LA_E_8688946,treino_interno
LA_E_8688975,treino_interno
LA_E_8689355,treino_interno
LA_E_8690144,treino_interno
LA_E_8691204,early_stopping
LA_E_8691456,treino_interno
LA_E_8691476,treino_interno
LA_E_8691835,treino_interno
LA_E_8691980,treino_interno
LA_E_8692973,treino_interno
LA_E_8692988,treino_interno
LA_E_8693795,treino_interno
LA_E_8693821,treino_interno
LA_E_8694968,treino_interno
LA_E_8695434,early_stopping
LA_E_8695759,treino_interno
LA_E_8695962,treino_interno
LA_E_8696729,early_stopping
LA_E_8696954,treino_interno
LA_E_8697188,treino_interno
LA_E_8697459,treino_interno
LA_E_8698139,treino_interno
LA_E_8698282,treino_interno
LA_E_8698315,treino_interno
LA_E_8698583,treino_interno
LA_E_8698786,treino_interno
LA_E_8698800,treino_interno
LA_E_8699121,treino_interno
LA_E_8699161,treino_interno
LA_E_8699279,treino_interno
LA_E_8699846,early_stopping
LA_E_8699875,treino_interno
LA_E_8700016,early_stopping
LA_E_8700352,treino_interno
LA_E_8700451,treino_interno
LA_E_8700811,treino_interno
LA_E_8702906,treino_interno
LA_E_8703502,treino_interno
LA_E_8703548,treino_interno
LA_E_8704141,treino_interno
LA_E_8704821,treino_interno
LA_E_8705555,treino_interno
LA_E_8705649,treino_interno
LA_E_8705735,treino_interno
LA_E_8705736,treino_interno
LA_E_8706206,early_stopping
LA_E_8706268,early_stopping
LA_E_8706633,treino_interno
LA_E_8706666,treino_interno
LA_E_8707099,treino_interno
LA_E_8707609,treino_interno
LA_E_8707857,treino_interno
LA_E_8707919,treino_interno
LA_E_8708066,treino_interno
LA_E_8708106,treino_interno
LA_E_8708487,treino_interno
LA_E_8709011,treino_interno
LA_E_8709052,treino_interno
LA_E_8709345,treino_interno
LA_E_8709591,early_stopping
LA_E_8709613,early_stopping
LA_E_8710016,early_stopping
LA_E_8710052,treino_interno
LA_E_8710245,treino_interno
LA_E_8710281,treino_interno
LA_E_8710308,treino_interno
LA_E_8710454,treino_interno
LA_E_8710716,treino_interno
LA_E_8710823,treino_interno
LA_E_8710825,treino_interno
LA_E_8710964,treino_interno
LA_E_8712353,treino_interno
LA_E_8712573,treino_interno
LA_E_8713123,treino_interno
LA_E_8713724,early_stopping
LA_E_8714792,treino_interno
LA_E_8715256,treino_interno
LA_E_8716497,treino_interno
LA_E_8716916,treino_interno
LA_E_8717177,treino_interno
LA_E_8718172,treino_interno
LA_E_8718289,treino_interno
LA_E_8718329,treino_interno
LA_E_8719245,treino_interno
LA_E_8719530,treino_interno
LA_E_8719712,treino_interno
LA_E_8720062,treino_interno
LA_E_8720500,early_stopping
LA_E_8720988,treino_interno
LA_E_8721041,treino_interno
LA_E_8721283,treino_interno
LA_E_8721626,treino_interno
LA_E_8721821,treino_interno
LA_E_8722488,treino_interno
LA_E_8722712,treino_interno
LA_E_8722965,treino_interno
LA_E_8723613,treino_interno
LA_E_8723869,treino_interno
LA_E_8724232,early_stopping
LA_E_8724776,treino_interno
LA_E_8725487,treino_interno
LA_E_8725626,early_stopping
LA_E_8725997,treino_interno
LA_E_8726154,treino_interno
LA_E_8727420,treino_interno
LA_E_8727558,treino_interno
LA_E_8727593,early_stopping
LA_E_8727836,treino_interno
LA_E_8727844,treino_interno
LA_E_8728369,treino_interno
LA_E_8728673,treino_interno
LA_E_8729012,treino_interno
LA_E_8729396,treino_interno
LA_E_8729405,early_stopping
LA_E_8729956,treino_interno
LA_E_8730083,treino_interno
LA_E_8730093,treino_interno
LA_E_8730218,treino_interno
LA_E_8730430,treino_interno
LA_E_8730535,treino_interno
LA_E_8730841,treino_interno
LA_E_8730934,treino_interno
LA_E_8731035,early_stopping
LA_E_8731162,treino_interno
LA_E_8731774,treino_interno
LA_E_8732060,treino_interno
LA_E_8732277,treino_interno
LA_E_8732316,treino_interno
LA_E_8732748,treino_interno
LA_E_8733474,early_stopping
LA_E_8734473,early_stopping
LA_E_8734935,treino_interno
LA_E_8735027,treino_interno
LA_E_8735123,treino_interno
LA_E_8735657,treino_interno
LA_E_8735847,treino_interno
LA_E_8736519,treino_interno
LA_E_8737781,treino_interno
LA_E_8738042,treino_interno
LA_E_8738281,treino_interno
LA_E_8738394,treino_interno
LA_E_8738828,treino_interno
LA_E_8739182,treino_interno
LA_E_8739439,treino_interno
LA_E_8740151,treino_interno
LA_E_8741038,treino_interno
LA_E_8741057,treino_interno
LA_E_8741257,treino_interno
LA_E_8742329,treino_interno
LA_E_8742501,treino_interno
LA_E_8742682,treino_interno
LA_E_8742989,early_stopping
LA_E_8743138,treino_interno
LA_E_8743263,treino_interno
LA_E_8743968,treino_interno
LA_E_8744545,treino_interno
LA_E_8744633,treino_interno
LA_E_8744896,treino_interno
LA_E_8745241,treino_interno
LA_E_8745251,treino_interno
LA_E_8745569,treino_interno
LA_E_8745678,treino_interno
LA_E_8745762,treino_interno
LA_E_8746011,treino_interno
LA_E_8746123,treino_interno
LA_E_8746308,treino_interno
LA_E_8746878,treino_interno
LA_E_8746950,treino_interno
LA_E_8747312,early_stopping
LA_E_8747508,treino_interno
LA_E_8747550,treino_interno
LA_E_8747616,early_stopping
LA_E_8747625,treino_interno
LA_E_8747901,treino_interno
LA_E_8748040,treino_interno
LA_E_8748072,treino_interno
LA_E_8748426,early_stopping
LA_E_8748625,treino_interno
LA_E_8748767,early_stopping
LA_E_8748791,treino_interno
LA_E_8748908,early_stopping
LA_E_8749145,treino_interno
LA_E_8749413,treino_interno
LA_E_8749460,treino_interno
LA_E_8749671,treino_interno
LA_E_8749957,treino_interno
LA_E_8750056,early_stopping
LA_E_8750588,treino_interno
LA_E_8750991,treino_interno
LA_E_8751019,treino_interno
LA_E_8751202,treino_interno
LA_E_8751276,treino_interno
LA_E_8751488,treino_interno
LA_E_8751629,early_stopping
LA_E_8751718,treino_interno
LA_E_8751887,treino_interno
LA_E_8751929,treino_interno
LA_E_8752057,treino_interno
LA_E_8752142,treino_interno
LA_E_8752268,treino_interno
LA_E_8752333,treino_interno
LA_E_8752847,treino_interno
LA_E_8753038,treino_interno
LA_E_8753398,treino_interno
LA_E_8753880,treino_interno
LA_E_8753896,early_stopping
LA_E_8754007,treino_interno
LA_E_8755196,treino_interno
LA_E_8755685,treino_interno
LA_E_8755949,treino_interno
LA_E_8755957,treino_interno
LA_E_8756413,early_stopping
LA_E_8756603,treino_interno
LA_E_8756849,treino_interno
LA_E_8756938,treino_interno
LA_E_8756993,treino_interno
LA_E_8757322,treino_interno
LA_E_8757441,treino_interno
LA_E_8757634,treino_interno
LA_E_8758914,treino_interno
LA_E_8758924,treino_interno
LA_E_8758988,treino_interno
LA_E_8760420,treino_interno
LA_E_8760512,treino_interno
LA_E_8761457,treino_interno
LA_E_8761786,treino_interno
LA_E_8762103,treino_interno
LA_E_8762536,treino_interno
LA_E_8762570,treino_interno
LA_E_8762876,treino_interno
LA_E_8763611,treino_interno
LA_E_8763870,early_stopping
LA_E_8763887,treino_interno
LA_E_8764058,treino_interno
LA_E_8764266,treino_interno
LA_E_8764544,treino_interno
LA_E_8764854,treino_interno
LA_E_8765151,early_stopping
LA_E_8765182,treino_interno
LA_E_8765189,treino_interno
LA_E_8765739,treino_interno
LA_E_8765853,treino_interno
LA_E_8766100,treino_interno
LA_E_8766389,treino_interno
LA_E_8766465,treino_interno
LA_E_8766575,treino_interno
LA_E_8766754,early_stopping
LA_E_8766802,treino_interno
LA_E_8766843,early_stopping
LA_E_8766950,treino_interno
LA_E_8767324,treino_interno
LA_E_8767329,treino_interno
LA_E_8767918,treino_interno
LA_E_8768350,treino_interno
LA_E_8769528,treino_interno
LA_E_8769623,treino_interno
LA_E_8769988,treino_interno
LA_E_8770090,early_stopping
LA_E_8770113,early_stopping
LA_E_8770128,treino_interno
LA_E_8770147,treino_interno
LA_E_8770433,treino_interno
LA_E_8771766,treino_interno
LA_E_8771840,treino_interno
LA_E_8772622,early_stopping
LA_E_8772740,treino_interno
LA_E_8773129,treino_interno
LA_E_8773214,treino_interno
LA_E_8773283,treino_interno
LA_E_8774267,treino_interno
LA_E_8774730,treino_interno
LA_E_8774926,treino_interno
LA_E_8775022,treino_interno
LA_E_8775276,treino_interno
LA_E_8775617,treino_interno
LA_E_8775758,treino_interno
LA_E_8775836,treino_interno
LA_E_8775865,treino_interno
LA_E_8776372,treino_interno
LA_E_8776698,treino_interno
LA_E_8777381,treino_interno
LA_E_8777514,treino_interno
LA_E_8777922,treino_interno
LA_E_8778278,treino_interno
LA_E_8779074,early_stopping
LA_E_8779632,early_stopping
LA_E_8779810,treino_interno
LA_E_8781687,treino_interno
LA_E_8782953,treino_interno
LA_E_8783396,treino_interno
LA_E_8783411,treino_interno
LA_E_8783447,treino_interno
LA_E_8784305,treino_interno
LA_E_8784669,treino_interno
LA_E_8784828,treino_interno
LA_E_8785172,treino_interno
LA_E_8785357,treino_interno
LA_E_8786143,treino_interno
LA_E_8786209,treino_interno
LA_E_8786449,treino_interno
LA_E_8786737,treino_interno
LA_E_8786751,treino_interno
LA_E_8786814,treino_interno
LA_E_8787136,treino_interno
LA_E_8787580,treino_interno
LA_E_8787665,treino_interno
LA_E_8787996,treino_interno
LA_E_8788072,treino_interno
LA_E_8788145,treino_interno
LA_E_8788783,treino_interno
LA_E_8789133,treino_interno
LA_E_8789146,treino_interno
LA_E_8789373,treino_interno
LA_E_8789583,treino_interno
LA_E_8789965,treino_interno
LA_E_8790007,treino_interno
LA_E_8790185,treino_interno
LA_E_8790668,treino_interno
LA_E_8790682,treino_interno
LA_E_8791125,treino_interno
LA_E_8791188,treino_interno
LA_E_8791384,early_stopping
LA_E_8791450,treino_interno
LA_E_8791665,treino_interno
LA_E_8791771,treino_interno
LA_E_8791799,treino_interno
LA_E_8791817,treino_interno
LA_E_8791968,treino_interno
LA_E_8792525,treino_interno
LA_E_8792793,treino_interno
LA_E_8792845,treino_interno
LA_E_8793463,treino_interno
LA_E_8794424,treino_interno
LA_E_8794504,treino_interno
LA_E_8794701,treino_interno
LA_E_8794720,treino_interno
LA_E_8794963,treino_interno
LA_E_8794974,treino_interno
LA_E_8795208,treino_interno
LA_E_8795259,treino_interno
LA_E_8795736,treino_interno
LA_E_8796290,treino_interno
LA_E_8796335,treino_interno
LA_E_8796480,treino_interno
LA_E_8797346,treino_interno
LA_E_8797386,treino_interno
LA_E_8797699,treino_interno
LA_E_8798127,treino_interno
LA_E_8798266,treino_interno
LA_E_8798594,treino_interno
LA_E_8798611,treino_interno
LA_E_8798625,treino_interno
LA_E_8798994,treino_interno
LA_E_8799585,treino_interno
LA_E_8799854,treino_interno
LA_E_8800154,treino_interno
LA_E_8800460,treino_interno
LA_E_8800475,treino_interno
LA_E_8800814,treino_interno
LA_E_8801770,treino_interno
LA_E_8803095,early_stopping
LA_E_8803269,treino_interno
LA_E_8803652,treino_interno
LA_E_8804081,treino_interno
LA_E_8804125,treino_interno
LA_E_8804213,treino_interno
LA_E_8804521,treino_interno
LA_E_8804568,treino_interno
LA_E_8804943,treino_interno
LA_E_8805336,treino_interno
LA_E_8805425,early_stopping
LA_E_8805489,treino_interno
LA_E_8805804,treino_interno
LA_E_8805807,treino_interno
LA_E_8805978,treino_interno
LA_E_8805994,treino_interno
LA_E_8806050,treino_interno
LA_E_8806173,treino_interno
LA_E_8806283,treino_interno
LA_E_8806342,treino_interno
LA_E_8807045,treino_interno
LA_E_8807490,treino_interno
LA_E_8807598,early_stopping
LA_E_8808096,treino_interno
LA_E_8808099,treino_interno
LA_E_8808720,treino_interno
LA_E_8808770,treino_interno
LA_E_8809253,treino_interno
LA_E_8809567,treino_interno
LA_E_8810039,treino_interno
LA_E_8811110,treino_interno
LA_E_8811174,treino_interno
LA_E_8811297,treino_interno
LA_E_8811586,treino_interno
LA_E_8811924,treino_interno
LA_E_8812596,treino_interno
LA_E_8812817,treino_interno
LA_E_8812823,treino_interno
LA_E_8812855,treino_interno
LA_E_8813607,treino_interno
LA_E_8813776,treino_interno
LA_E_8814165,early_stopping
LA_E_8814361,treino_interno
LA_E_8814617,treino_interno
LA_E_8814802,treino_interno
LA_E_8814808,treino_interno
LA_E_8814905,treino_interno
LA_E_8815184,treino_interno
LA_E_8815228,treino_interno
LA_E_8815264,treino_interno
LA_E_8815384,treino_interno
LA_E_8815740,treino_interno
LA_E_8815869,treino_interno
LA_E_8815976,treino_interno
LA_E_8816392,treino_interno
LA_E_8816714,treino_interno
LA_E_8817125,early_stopping
LA_E_8817294,treino_interno
LA_E_8817645,treino_interno
LA_E_8817837,treino_interno
LA_E_8817953,treino_interno
LA_E_8818018,treino_interno
LA_E_8818100,treino_interno
LA_E_8818451,treino_interno
LA_E_8818561,treino_interno
LA_E_8818709,treino_interno
LA_E_8819370,treino_interno
LA_E_8819869,treino_interno
LA_E_8820038,treino_interno
LA_E_8820100,treino_interno
LA_E_8820205,treino_interno
LA_E_8820553,treino_interno
LA_E_8820763,treino_interno
LA_E_8820998,treino_interno
LA_E_8821133,treino_interno
LA_E_8821368,treino_interno
LA_E_8822278,treino_interno
LA_E_8822412,treino_interno
LA_E_8823184,treino_interno
LA_E_8823365,treino_interno
LA_E_8823368,treino_interno
LA_E_8823583,treino_interno
LA_E_8823828,treino_interno
LA_E_8823891,early_stopping
LA_E_8823988,treino_interno
LA_E_8824541,treino_interno
LA_E_8824834,treino_interno
LA_E_8825210,treino_interno
LA_E_8825775,treino_interno
LA_E_8826086,treino_interno
LA_E_8826767,treino_interno
LA_E_8826984,treino_interno
LA_E_8827166,treino_interno
LA_E_8827320,early_stopping
LA_E_8827980,early_stopping
LA_E_8828508,treino_interno
LA_E_8829016,treino_interno
LA_E_8830019,early_stopping
LA_E_8830411,treino_interno
LA_E_8830422,treino_interno
LA_E_8830441,treino_interno
LA_E_8830505,treino_interno
LA_E_8830816,treino_interno
LA_E_8830833,treino_interno
LA_E_8831155,treino_interno
LA_E_8831259,treino_interno
LA_E_8831749,treino_interno
LA_E_8831851,treino_interno
LA_E_8832166,early_stopping
LA_E_8832239,treino_interno
LA_E_8832559,early_stopping
LA_E_8832603,treino_interno
LA_E_8833267,treino_interno
LA_E_8833594,treino_interno
LA_E_8833724,early_stopping
LA_E_8833948,treino_interno
LA_E_8834183,treino_interno
LA_E_8834462,treino_interno
LA_E_8834983,treino_interno
LA_E_8835403,treino_interno
LA_E_8835546,treino_interno
LA_E_8837062,treino_interno
LA_E_8837329,treino_interno
LA_E_8837717,treino_interno
LA_E_8837809,early_stopping
LA_E_8837854,treino_interno
LA_E_8838533,early_stopping
LA_E_8839166,early_stopping
LA_E_8840067,treino_interno
LA_E_8840285,treino_interno
LA_E_8840571,treino_interno
LA_E_8841027,treino_interno
LA_E_8841515,treino_interno
LA_E_8842978,treino_interno
LA_E_8844085,treino_interno
LA_E_8844145,treino_interno
LA_E_8844657,early_stopping
LA_E_8844756,treino_interno
LA_E_8844904,treino_interno
LA_E_8844994,treino_interno
LA_E_8845014,treino_interno
LA_E_8845158,treino_interno
LA_E_8845415,treino_interno
LA_E_8845477,treino_interno
LA_E_8845519,treino_interno
LA_E_8846222,treino_interno
LA_E_8846417,treino_interno
LA_E_8846495,treino_interno
LA_E_8846517,treino_interno
LA_E_8847373,treino_interno
LA_E_8847680,treino_interno
LA_E_8847697,treino_interno
LA_E_8848313,treino_interno
LA_E_8848366,treino_interno
LA_E_8849000,treino_interno
LA_E_8849491,treino_interno
LA_E_8849560,treino_interno
LA_E_8849659,treino_interno
LA_E_8849767,early_stopping
LA_E_8849773,early_stopping
LA_E_8849839,treino_interno
LA_E_8849976,treino_interno
LA_E_8850212,treino_interno
LA_E_8850295,treino_interno
LA_E_8850520,treino_interno
LA_E_8850959,treino_interno
LA_E_8850992,treino_interno
LA_E_8851050,treino_interno
LA_E_8851536,treino_interno
LA_E_8851611,treino_interno
LA_E_8851885,treino_interno
LA_E_8851930,treino_interno
LA_E_8851993,treino_interno
LA_E_8852244,early_stopping
LA_E_8852400,treino_interno
LA_E_8852742,treino_interno
LA_E_8853020,treino_interno
LA_E_8853169,treino_interno
LA_E_8853813,treino_interno
LA_E_8853901,treino_interno
LA_E_8854179,treino_interno
LA_E_8854653,treino_interno
LA_E_8854896,treino_interno
LA_E_8855064,treino_interno
LA_E_8855099,treino_interno
LA_E_8855253,early_stopping
LA_E_8855353,treino_interno
LA_E_8855431,treino_interno
LA_E_8856188,treino_interno
LA_E_8856379,treino_interno
LA_E_8856950,treino_interno
LA_E_8857145,treino_interno
LA_E_8857281,treino_interno
LA_E_8859260,treino_interno
LA_E_8859342,treino_interno
LA_E_8859590,treino_interno
LA_E_8859808,treino_interno
LA_E_8860010,treino_interno
LA_E_8860168,treino_interno
LA_E_8860376,treino_interno
LA_E_8860604,treino_interno
LA_E_8860712,treino_interno
LA_E_8860961,treino_interno
LA_E_8861025,treino_interno
LA_E_8861034,treino_interno
LA_E_8861111,treino_interno
LA_E_8861372,treino_interno
LA_E_8861996,treino_interno
LA_E_8862041,treino_interno
LA_E_8862096,treino_interno
LA_E_8862514,treino_interno
LA_E_8862536,early_stopping
LA_E_8863122,treino_interno
LA_E_8863390,treino_interno
LA_E_8863733,treino_interno
LA_E_8864101,treino_interno
LA_E_8864412,treino_interno
LA_E_8864889,treino_interno
LA_E_8865350,treino_interno
LA_E_8865371,treino_interno
LA_E_8866158,treino_interno
LA_E_8866260,treino_interno
LA_E_8866326,treino_interno
LA_E_8866474,treino_interno
LA_E_8866867,treino_interno
LA_E_8867272,treino_interno
LA_E_8867978,treino_interno
LA_E_8868689,treino_interno
LA_E_8868861,treino_interno
LA_E_8868876,treino_interno
LA_E_8868935,early_stopping
LA_E_8869907,treino_interno
LA_E_8869915,treino_interno
LA_E_8869987,treino_interno
LA_E_8870169,treino_interno
LA_E_8870509,treino_interno
LA_E_8871004,early_stopping
LA_E_8871297,treino_interno
LA_E_8871395,treino_interno
LA_E_8871500,treino_interno
LA_E_8871528,early_stopping
LA_E_8871656,treino_interno
LA_E_8871701,treino_interno
LA_E_8872359,treino_interno
LA_E_8872538,treino_interno
LA_E_8872770,treino_interno
LA_E_8872812,treino_interno
LA_E_8872821,treino_interno
LA_E_8873122,treino_interno
LA_E_8873723,treino_interno
LA_E_8874436,treino_interno
LA_E_8874598,treino_interno
LA_E_8874862,early_stopping
LA_E_8874874,treino_interno
LA_E_8875045,treino_interno
LA_E_8875047,treino_interno
LA_E_8875637,treino_interno
LA_E_8876418,treino_interno
LA_E_8876679,treino_interno
LA_E_8877309,treino_interno
LA_E_8877443,treino_interno
LA_E_8877599,treino_interno
LA_E_8877835,treino_interno
LA_E_8878161,treino_interno
LA_E_8878186,treino_interno
LA_E_8878192,treino_interno
LA_E_8878416,early_stopping
LA_E_8879310,treino_interno
LA_E_8879326,treino_interno
LA_E_8879328,treino_interno
LA_E_8879502,treino_interno
LA_E_8879836,treino_interno
LA_E_8880552,treino_interno
LA_E_8880588,treino_interno
LA_E_8880670,treino_interno
LA_E_8880690,treino_interno
LA_E_8880847,treino_interno
LA_E_8880981,treino_interno
LA_E_8882508,treino_interno
LA_E_8882878,treino_interno
LA_E_8883003,treino_interno
LA_E_8883098,treino_interno
LA_E_8883619,treino_interno
LA_E_8883800,treino_interno
LA_E_8883818,treino_interno
LA_E_8883961,treino_interno
LA_E_8884170,treino_interno
LA_E_8884210,treino_interno
LA_E_8884486,early_stopping
LA_E_8884645,treino_interno
LA_E_8884649,early_stopping
LA_E_8884732,treino_interno
LA_E_8885250,treino_interno
LA_E_8885635,treino_interno
LA_E_8886212,treino_interno
LA_E_8886591,treino_interno
LA_E_8886828,treino_interno
LA_E_8886948,treino_interno
LA_E_8887312,treino_interno
LA_E_8887367,treino_interno
LA_E_8887548,treino_interno
LA_E_8887658,treino_interno
LA_E_8887855,early_stopping
LA_E_8887954,treino_interno
LA_E_8888082,treino_interno
LA_E_8888273,treino_interno
LA_E_8888738,early_stopping
LA_E_8888954,treino_interno
LA_E_8888979,treino_interno
LA_E_8888980,treino_interno
LA_E_8889278,treino_interno
LA_E_8889558,treino_interno
LA_E_8889895,treino_interno
LA_E_8890337,treino_interno
LA_E_8890338,treino_interno
LA_E_8890720,treino_interno
LA_E_8891449,treino_interno
LA_E_8891594,early_stopping
LA_E_8891601,treino_interno
LA_E_8891867,treino_interno
LA_E_8892043,treino_interno
LA_E_8892669,treino_interno
LA_E_8893441,treino_interno
LA_E_8893734,treino_interno
LA_E_8894058,treino_interno
LA_E_8894077,treino_interno
LA_E_8894096,treino_interno
LA_E_8894404,treino_interno
LA_E_8895098,treino_interno
LA_E_8895689,treino_interno
LA_E_8895896,treino_interno
LA_E_8895911,treino_interno
LA_E_8896135,treino_interno
LA_E_8896926,treino_interno
LA_E_8896967,treino_interno
LA_E_8896969,treino_interno
LA_E_8897355,treino_interno
LA_E_8897543,treino_interno
LA_E_8898106,treino_interno
LA_E_8898229,treino_interno
LA_E_8898748,treino_interno
LA_E_8899165,treino_interno
LA_E_8899646,early_stopping
LA_E_8899650,treino_interno
LA_E_8900595,treino_interno
LA_E_8900924,treino_interno
LA_E_8901048,treino_interno
LA_E_8901228,treino_interno
LA_E_8901667,treino_interno
LA_E_8901889,treino_interno
LA_E_8902406,treino_interno
LA_E_8902822,treino_interno
LA_E_8902988,treino_interno
LA_E_8903365,treino_interno
LA_E_8903518,treino_interno
LA_E_8903604,treino_interno
LA_E_8904013,treino_interno
LA_E_8904187,treino_interno
LA_E_8904764,treino_interno
LA_E_8905029,early_stopping
LA_E_8905399,treino_interno
LA_E_8905473,treino_interno
LA_E_8905735,treino_interno
LA_E_8906186,treino_interno
LA_E_8906476,treino_interno
LA_E_8906802,treino_interno
LA_E_8907361,treino_interno
LA_E_8907843,treino_interno
LA_E_8908294,treino_interno
LA_E_8908553,treino_interno
LA_E_8908673,treino_interno
LA_E_8909057,treino_interno
LA_E_8909349,treino_interno
LA_E_8910111,treino_interno
LA_E_8910366,treino_interno
LA_E_8910381,treino_interno
LA_E_8910429,early_stopping
LA_E_8910591,treino_interno
LA_E_8911784,treino_interno
LA_E_8911825,treino_interno
LA_E_8911834,treino_interno
LA_E_8912429,treino_interno
LA_E_8912466,treino_interno
LA_E_8912639,treino_interno
LA_E_8912767,early_stopping
LA_E_8912809,treino_interno
LA_E_8912816,treino_interno
LA_E_8912894,treino_interno
LA_E_8913028,treino_interno
LA_E_8913252,treino_interno
LA_E_8913843,treino_interno
LA_E_8914204,treino_interno
LA_E_8914873,treino_interno
LA_E_8915003,treino_interno
LA_E_8915040,treino_interno
LA_E_8915148,treino_interno
LA_E_8915203,treino_interno
LA_E_8915207,treino_interno
LA_E_8915700,treino_interno
LA_E_8915710,treino_interno
LA_E_8915752,treino_interno
LA_E_8916251,treino_interno
LA_E_8916362,treino_interno
LA_E_8916398,treino_interno
LA_E_8917244,treino_interno
LA_E_8917720,treino_interno
LA_E_8918088,treino_interno
LA_E_8918194,treino_interno
LA_E_8918565,treino_interno
LA_E_8918681,treino_interno
LA_E_8918798,treino_interno
LA_E_8918855,treino_interno
LA_E_8919684,treino_interno
LA_E_8920390,treino_interno
LA_E_8920578,treino_interno
LA_E_8920637,treino_interno
LA_E_8921394,treino_interno
LA_E_8921595,treino_interno
LA_E_8921708,early_stopping
LA_E_8922228,treino_interno
LA_E_8922376,treino_interno
LA_E_8922443,treino_interno
LA_E_8923562,treino_interno
LA_E_8923578,treino_interno
LA_E_8924418,treino_interno
LA_E_8924916,treino_interno
LA_E_8925151,treino_interno
LA_E_8925653,treino_interno
LA_E_8925694,treino_interno
LA_E_8926311,treino_interno
LA_E_8926670,treino_interno
LA_E_8926725,treino_interno
LA_E_8926730,treino_interno
LA_E_8927730,treino_interno
LA_E_8928519,treino_interno
LA_E_8929529,treino_interno
LA_E_8929874,treino_interno
LA_E_8929877,treino_interno
LA_E_8930149,treino_interno
LA_E_8930168,treino_interno
LA_E_8930280,treino_interno
LA_E_8930659,treino_interno
LA_E_8930905,treino_interno
LA_E_8931066,treino_interno
LA_E_8931094,treino_interno
LA_E_8931377,treino_interno
LA_E_8932226,treino_interno
LA_E_8932486,treino_interno
LA_E_8932879,treino_interno
LA_E_8932924,treino_interno
LA_E_8933544,treino_interno
LA_E_8934023,treino_interno
LA_E_8934304,treino_interno
LA_E_8934561,treino_interno
LA_E_8934768,treino_interno
LA_E_8934880,treino_interno
LA_E_8934987,treino_interno
LA_E_8935160,treino_interno
LA_E_8935192,treino_interno
LA_E_8935294,treino_interno
LA_E_8935435,treino_interno
LA_E_8935753,treino_interno
LA_E_8935961,treino_interno
LA_E_8936726,treino_interno
LA_E_8936978,treino_interno
LA_E_8937432,treino_interno
LA_E_8937472,treino_interno
LA_E_8937579,treino_interno
LA_E_8937756,treino_interno
LA_E_8938141,treino_interno
LA_E_8938151,treino_interno
LA_E_8938936,treino_interno
LA_E_8939197,treino_interno
LA_E_8939377,treino_interno
LA_E_8940377,treino_interno
LA_E_8940490,treino_interno
LA_E_8940632,treino_interno
LA_E_8941208,early_stopping
LA_E_8941316,treino_interno
LA_E_8942049,treino_interno
LA_E_8942654,early_stopping
LA_E_8942731,treino_interno
LA_E_8943181,treino_interno
LA_E_8943282,treino_interno
LA_E_8944200,treino_interno
LA_E_8944414,treino_interno
LA_E_8944551,treino_interno
LA_E_8944794,treino_interno
LA_E_8945183,treino_interno
LA_E_8945558,treino_interno
LA_E_8945597,treino_interno
LA_E_8946784,treino_interno
LA_E_8946894,treino_interno
LA_E_8947279,treino_interno
LA_E_8947404,treino_interno
LA_E_8947567,treino_interno
LA_E_8948383,treino_interno
LA_E_8948774,treino_interno
LA_E_8948802,treino_interno
LA_E_8949465,treino_interno
LA_E_8949553,treino_interno
LA_E_8950028,treino_interno
LA_E_8950308,treino_interno
LA_E_8950455,treino_interno
LA_E_8950994,treino_interno
LA_E_8952202,treino_interno
LA_E_8952478,treino_interno
LA_E_8952549,treino_interno
LA_E_8952949,treino_interno
LA_E_8953137,treino_interno
LA_E_8953452,treino_interno
LA_E_8953511,treino_interno
LA_E_8953739,treino_interno
LA_E_8954025,early_stopping
LA_E_8954165,treino_interno
LA_E_8954804,treino_interno
LA_E_8955211,treino_interno
LA_E_8955534,treino_interno
LA_E_8955918,treino_interno
LA_E_8955984,treino_interno
LA_E_8956295,treino_interno
LA_E_8957157,early_stopping
LA_E_8957287,treino_interno
LA_E_8957508,treino_interno
LA_E_8957910,treino_interno
LA_E_8958694,treino_interno
LA_E_8959224,treino_interno
LA_E_8959226,treino_interno
LA_E_8959621,treino_interno
LA_E_8959639,treino_interno
LA_E_8960005,treino_interno
LA_E_8960088,treino_interno
LA_E_8960154,treino_interno
LA_E_8961114,treino_interno
LA_E_8961319,treino_interno
LA_E_8962258,treino_interno
LA_E_8962539,treino_interno
LA_E_8962799,treino_interno
LA_E_8963302,treino_interno
LA_E_8963488,early_stopping
LA_E_8963584,treino_interno
LA_E_8963822,treino_interno
LA_E_8963889,treino_interno
LA_E_8965074,treino_interno
LA_E_8965097,early_stopping
LA_E_8965758,treino_interno
LA_E_8966088,treino_interno
LA_E_8966954,early_stopping
LA_E_8967020,treino_interno
LA_E_8967492,treino_interno
LA_E_8967619,treino_interno
LA_E_8967977,early_stopping
LA_E_8968170,early_stopping
LA_E_8968247,treino_interno
LA_E_8968408,treino_interno
LA_E_8968591,treino_interno
LA_E_8969022,treino_interno
LA_E_8969664,treino_interno
LA_E_8969684,treino_interno
LA_E_8969750,treino_interno
LA_E_8970199,early_stopping
LA_E_8971090,treino_interno
LA_E_8971125,treino_interno
LA_E_8971947,treino_interno
LA_E_8973059,treino_interno
LA_E_8973144,treino_interno
LA_E_8973689,treino_interno
LA_E_8973820,treino_interno
LA_E_8973853,treino_interno
LA_E_8973887,early_stopping
LA_E_8974526,treino_interno
LA_E_8975188,treino_interno
LA_E_8975472,treino_interno
LA_E_8975742,treino_interno
LA_E_8975820,treino_interno
LA_E_8975972,treino_interno
LA_E_8976420,treino_interno
LA_E_8976782,treino_interno
LA_E_8978162,treino_interno
LA_E_8978234,treino_interno
LA_E_8978365,treino_interno
LA_E_8978441,treino_interno
LA_E_8978537,treino_interno
LA_E_8978599,treino_interno
LA_E_8978753,treino_interno
LA_E_8979077,treino_interno
LA_E_8979304,treino_interno
LA_E_8980183,treino_interno
LA_E_8980537,treino_interno
LA_E_8980745,treino_interno
LA_E_8981215,treino_interno
LA_E_8981463,treino_interno
LA_E_8981474,treino_interno
LA_E_8981519,treino_interno
LA_E_8981541,treino_interno
LA_E_8981877,treino_interno
LA_E_8982575,treino_interno
LA_E_8982797,treino_interno
LA_E_8983039,treino_interno
LA_E_8983531,treino_interno
LA_E_8983584,treino_interno
LA_E_8983640,treino_interno
LA_E_8984356,treino_interno
LA_E_8984892,treino_interno
LA_E_8985002,treino_interno
LA_E_8985144,treino_interno
LA_E_8985153,treino_interno
LA_E_8985155,treino_interno
LA_E_8985174,treino_interno
LA_E_8985400,treino_interno
LA_E_8985683,treino_interno
LA_E_8986303,treino_interno
LA_E_8986590,treino_interno
LA_E_8986613,treino_interno
LA_E_8987271,treino_interno
LA_E_8987426,treino_interno
LA_E_8988176,treino_interno
LA_E_8988384,treino_interno
LA_E_8988615,treino_interno
LA_E_8988743,treino_interno
LA_E_8988906,treino_interno
LA_E_8989236,treino_interno
LA_E_8989250,treino_interno
LA_E_8989394,treino_interno
LA_E_8989492,early_stopping
LA_E_8990077,treino_interno
LA_E_8990182,treino_interno
LA_E_8990701,treino_interno
LA_E_8990881,treino_interno
LA_E_8991056,treino_interno
LA_E_8991094,treino_interno
LA_E_8991216,treino_interno
LA_E_8991263,treino_interno
LA_E_8991717,treino_interno
LA_E_8992326,treino_interno
LA_E_8992620,treino_interno
LA_E_8992746,treino_interno
LA_E_8993166,treino_interno
LA_E_8993970,treino_interno
LA_E_8994152,treino_interno
LA_E_8994418,early_stopping
LA_E_8994636,treino_interno
LA_E_8995392,early_stopping
LA_E_8995481,treino_interno
LA_E_8995511,treino_interno
LA_E_8996023,early_stopping
LA_E_8996040,treino_interno
LA_E_8996344,treino_interno
LA_E_8996568,treino_interno
LA_E_8997063,treino_interno
LA_E_8997226,treino_interno
LA_E_8997503,treino_interno
LA_E_8998069,treino_interno
LA_E_8998078,treino_interno
LA_E_8998215,treino_interno
LA_E_8998545,treino_interno
LA_E_8999180,treino_interno
LA_E_8999320,treino_interno
LA_E_8999613,early_stopping
LA_E_8999656,treino_interno
LA_E_9000146,treino_interno
LA_E_9000652,treino_interno
LA_E_9001145,treino_interno
LA_E_9001733,treino_interno
LA_E_9001734,treino_interno
LA_E_9001771,treino_interno
LA_E_9002335,treino_interno
LA_E_9002598,treino_interno
LA_E_9002805,treino_interno
LA_E_9003510,treino_interno
LA_E_9004141,treino_interno
LA_E_9004353,early_stopping
LA_E_9004386,treino_interno
LA_E_9004410,treino_interno
LA_E_9004487,treino_interno
LA_E_9004812,treino_interno
LA_E_9004827,treino_interno
LA_E_9004925,treino_interno
LA_E_9005685,treino_interno
LA_E_9005795,treino_interno
LA_E_9006062,treino_interno
LA_E_9006881,treino_interno
LA_E_9007002,treino_interno
LA_E_9007144,treino_interno
LA_E_9007167,treino_interno
LA_E_9007208,treino_interno
LA_E_9007561,treino_interno
LA_E_9007658,treino_interno
LA_E_9008009,treino_interno
LA_E_9008175,treino_interno
LA_E_9008399,treino_interno
LA_E_9008610,treino_interno
LA_E_9008778,early_stopping
LA_E_9009034,early_stopping
LA_E_9009240,early_stopping
LA_E_9009413,treino_interno
LA_E_9009455,treino_interno
LA_E_9009818,treino_interno
LA_E_9010445,treino_interno
LA_E_9010601,treino_interno
LA_E_9010857,treino_interno
LA_E_9011236,treino_interno
LA_E_9011440,treino_interno
LA_E_9011565,treino_interno
LA_E_9011631,treino_interno
LA_E_9011677,treino_interno
LA_E_9011791,treino_interno
LA_E_9011821,treino_interno
LA_E_9011835,treino_interno
LA_E_9011954,treino_interno
LA_E_9012109,early_stopping
LA_E_9012228,treino_interno
LA_E_9012419,treino_interno
LA_E_9012739,treino_interno
LA_E_9013007,early_stopping
LA_E_9013064,treino_interno
LA_E_9013098,treino_interno
LA_E_9013205,treino_interno
LA_E_9013269,treino_interno
LA_E_9013441,treino_interno
LA_E_9013488,treino_interno
LA_E_9013520,treino_interno
LA_E_9013621,treino_interno
LA_E_9013883,treino_interno
LA_E_9013951,treino_interno
LA_E_9014040,treino_interno
LA_E_9014710,treino_interno
LA_E_9014880,treino_interno
LA_E_9015270,treino_interno
LA_E_9015742,treino_interno
LA_E_9015942,treino_interno
LA_E_9016236,treino_interno
LA_E_9016295,treino_interno
LA_E_9016501,treino_interno
LA_E_9016723,treino_interno
LA_E_9018092,treino_interno
LA_E_9018197,treino_interno
LA_E_9018228,treino_interno
LA_E_9018478,treino_interno
LA_E_9018484,early_stopping
LA_E_9018733,treino_interno
LA_E_9019384,treino_interno
LA_E_9019477,treino_interno
LA_E_9019765,treino_interno
LA_E_9019774,treino_interno
LA_E_9020162,treino_interno
LA_E_9020304,treino_interno
LA_E_9022590,early_stopping
LA_E_9022642,treino_interno
LA_E_9022993,treino_interno
LA_E_9023074,treino_interno
LA_E_9023963,treino_interno
LA_E_9024094,treino_interno
LA_E_9024624,treino_interno
LA_E_9024738,treino_interno
LA_E_9024848,treino_interno
LA_E_9024866,treino_interno
LA_E_9025453,treino_interno
LA_E_9025460,treino_interno
LA_E_9025496,treino_interno
LA_E_9027130,treino_interno
LA_E_9027215,treino_interno
LA_E_9027309,treino_interno
LA_E_9027351,treino_interno
LA_E_9027391,treino_interno
LA_E_9027570,treino_interno
LA_E_9028346,treino_interno
LA_E_9028771,treino_interno
LA_E_9029094,treino_interno
LA_E_9029495,treino_interno
LA_E_9029941,treino_interno
LA_E_9030228,treino_interno
LA_E_9031616,treino_interno
LA_E_9031956,treino_interno
LA_E_9032083,treino_interno
LA_E_9032287,treino_interno
LA_E_9032601,treino_interno
LA_E_9033053,treino_interno
LA_E_9033119,treino_interno
LA_E_9034026,treino_interno
LA_E_9034108,treino_interno
LA_E_9034138,treino_interno
LA_E_9034261,treino_interno
LA_E_9034511,treino_interno
LA_E_9034548,treino_interno
LA_E_9034669,treino_interno
LA_E_9035287,treino_interno
LA_E_9035337,treino_interno
LA_E_9035583,treino_interno
LA_E_9036026,treino_interno
LA_E_9037040,treino_interno
LA_E_9037359,treino_interno
LA_E_9037373,early_stopping
LA_E_9037519,treino_interno
LA_E_9037873,treino_interno
LA_E_9037902,treino_interno
LA_E_9037950,treino_interno
LA_E_9038763,treino_interno
LA_E_9038891,treino_interno
LA_E_9039116,treino_interno
LA_E_9039317,treino_interno
LA_E_9039532,treino_interno
LA_E_9039946,treino_interno
LA_E_9040354,treino_interno
LA_E_9040373,treino_interno
LA_E_9040755,treino_interno
LA_E_9040923,treino_interno
LA_E_9040969,treino_interno
LA_E_9041352,treino_interno
LA_E_9041889,treino_interno
LA_E_9041895,treino_interno
LA_E_9042269,treino_interno
LA_E_9042456,treino_interno
LA_E_9042614,treino_interno
LA_E_9042751,treino_interno
LA_E_9042953,treino_interno
LA_E_9042961,treino_interno
LA_E_9043350,treino_interno
LA_E_9044025,treino_interno
LA_E_9044323,treino_interno
LA_E_9044542,treino_interno
LA_E_9044888,treino_interno
LA_E_9045062,treino_interno
LA_E_9045605,treino_interno
LA_E_9045657,treino_interno
LA_E_9045668,early_stopping
LA_E_9046346,early_stopping
LA_E_9046379,treino_interno
LA_E_9046537,treino_interno
LA_E_9047722,treino_interno
LA_E_9048365,treino_interno
LA_E_9048459,treino_interno
LA_E_9048508,treino_interno
LA_E_9048677,treino_interno
LA_E_9048784,treino_interno
LA_E_9049145,treino_interno
LA_E_9049462,treino_interno
LA_E_9049466,treino_interno
LA_E_9049822,treino_interno
LA_E_9049930,treino_interno
LA_E_9050584,treino_interno
LA_E_9050588,treino_interno
LA_E_9051018,treino_interno
LA_E_9051372,treino_interno
LA_E_9051822,early_stopping
LA_E_9052727,treino_interno
LA_E_9053050,treino_interno
LA_E_9053081,treino_interno
LA_E_9053504,treino_interno
LA_E_9053532,treino_interno
LA_E_9053809,treino_interno
LA_E_9054265,treino_interno
LA_E_9054585,treino_interno
LA_E_9055018,treino_interno
LA_E_9055050,treino_interno
LA_E_9055512,treino_interno
LA_E_9055734,treino_interno
LA_E_9055936,treino_interno
LA_E_9055965,treino_interno
LA_E_9056184,treino_interno
LA_E_9056562,treino_interno
LA_E_9056919,treino_interno
LA_E_9057667,treino_interno
LA_E_9057719,treino_interno
LA_E_9057810,treino_interno
LA_E_9057852,treino_interno
LA_E_9058126,early_stopping
LA_E_9058566,treino_interno
LA_E_9058598,treino_interno
LA_E_9058664,treino_interno
LA_E_9058672,treino_interno
LA_E_9059132,treino_interno
LA_E_9059512,treino_interno
LA_E_9059574,treino_interno
LA_E_9060311,treino_interno
LA_E_9061245,treino_interno
LA_E_9061431,treino_interno
LA_E_9062032,treino_interno
LA_E_9062036,treino_interno
LA_E_9062319,treino_interno
LA_E_9062654,treino_interno
LA_E_9062714,treino_interno
LA_E_9063073,treino_interno
LA_E_9063349,treino_interno
LA_E_9063353,treino_interno
LA_E_9063355,treino_interno
LA_E_9064006,treino_interno
LA_E_9064748,treino_interno
LA_E_9065028,early_stopping
LA_E_9065041,early_stopping
LA_E_9065468,treino_interno
LA_E_9065482,treino_interno
LA_E_9065507,treino_interno
LA_E_9065626,treino_interno
LA_E_9065724,treino_interno
LA_E_9065745,treino_interno
LA_E_9065883,treino_interno
LA_E_9065985,treino_interno
LA_E_9066044,treino_interno
LA_E_9066404,treino_interno
LA_E_9066805,treino_interno
LA_E_9067425,treino_interno
LA_E_9067433,treino_interno
LA_E_9068482,treino_interno
LA_E_9069233,treino_interno
LA_E_9069414,treino_interno
LA_E_9070396,treino_interno
LA_E_9070714,treino_interno
LA_E_9070940,treino_interno
LA_E_9071245,treino_interno
LA_E_9071267,treino_interno
LA_E_9071397,treino_interno
LA_E_9071850,treino_interno
LA_E_9072208,treino_interno
LA_E_9072723,treino_interno
LA_E_9072768,treino_interno
LA_E_9073412,treino_interno
LA_E_9073831,treino_interno
LA_E_9073988,treino_interno
LA_E_9074217,treino_interno
LA_E_9075034,treino_interno
LA_E_9075127,treino_interno
LA_E_9075250,treino_interno
LA_E_9075297,treino_interno
LA_E_9075554,treino_interno
LA_E_9075913,treino_interno
LA_E_9076177,treino_interno
LA_E_9076182,treino_interno
LA_E_9076864,treino_interno
LA_E_9076923,treino_interno
LA_E_9076939,treino_interno
LA_E_9077275,treino_interno
LA_E_9077306,treino_interno
LA_E_9077452,treino_interno
LA_E_9078278,treino_interno
LA_E_9078297,treino_interno
LA_E_9078981,treino_interno
LA_E_9079163,treino_interno
LA_E_9079779,treino_interno
LA_E_9080102,treino_interno
LA_E_9080402,treino_interno
LA_E_9080734,treino_interno
LA_E_9080775,treino_interno
LA_E_9080900,treino_interno
LA_E_9081233,treino_interno
LA_E_9081508,treino_interno
LA_E_9081924,treino_interno
LA_E_9082100,treino_interno
LA_E_9082307,treino_interno
LA_E_9082751,treino_interno
LA_E_9083149,treino_interno
LA_E_9083474,treino_interno
LA_E_9083675,treino_interno
LA_E_9084113,treino_interno
LA_E_9084995,treino_interno
LA_E_9085031,treino_interno
LA_E_9085213,early_stopping
LA_E_9085600,treino_interno
LA_E_9085796,treino_interno
LA_E_9085950,treino_interno
LA_E_9085998,treino_interno
LA_E_9086388,treino_interno
LA_E_9086453,early_stopping
LA_E_9086721,treino_interno
LA_E_9086955,treino_interno
LA_E_9086966,treino_interno
LA_E_9087990,treino_interno
LA_E_9088018,treino_interno
LA_E_9089016,treino_interno
LA_E_9089370,treino_interno
LA_E_9089567,treino_interno
LA_E_9089586,treino_interno
LA_E_9089627,treino_interno
LA_E_9091365,treino_interno
LA_E_9091531,treino_interno
LA_E_9091576,treino_interno
LA_E_9091754,treino_interno
LA_E_9092155,treino_interno
LA_E_9092203,treino_interno
LA_E_9092902,treino_interno
LA_E_9092907,treino_interno
LA_E_9093037,treino_interno
LA_E_9093123,treino_interno
LA_E_9093145,treino_interno
LA_E_9094779,treino_interno
LA_E_9095568,treino_interno
LA_E_9095709,treino_interno
LA_E_9096222,treino_interno
LA_E_9096584,treino_interno
LA_E_9096848,treino_interno
LA_E_9096923,treino_interno
LA_E_9097154,treino_interno
LA_E_9097638,treino_interno
LA_E_9097942,treino_interno
LA_E_9097947,treino_interno
LA_E_9097954,early_stopping
LA_E_9099060,treino_interno
LA_E_9099192,treino_interno
LA_E_9099340,treino_interno
LA_E_9099550,treino_interno
LA_E_9099932,treino_interno
LA_E_9100184,treino_interno
LA_E_9100499,treino_interno
LA_E_9100822,treino_interno
LA_E_9100935,treino_interno
LA_E_9101220,treino_interno
LA_E_9102108,treino_interno
LA_E_9102648,treino_interno
LA_E_9103137,treino_interno
LA_E_9103365,treino_interno
LA_E_9104803,treino_interno
LA_E_9104828,treino_interno
LA_E_9105210,treino_interno
LA_E_9105417,treino_interno
LA_E_9105757,treino_interno
LA_E_9105819,treino_interno
LA_E_9105820,treino_interno
LA_E_9106030,treino_interno
LA_E_9106055,treino_interno
LA_E_9107020,treino_interno
LA_E_9107848,treino_interno
LA_E_9108104,treino_interno
LA_E_9108530,early_stopping
LA_E_9108756,treino_interno
LA_E_9108997,treino_interno
LA_E_9109625,treino_interno
LA_E_9110203,treino_interno
LA_E_9111237,treino_interno
LA_E_9111296,treino_interno
LA_E_9111554,treino_interno
LA_E_9112126,treino_interno
LA_E_9112928,treino_interno
LA_E_9113339,treino_interno
LA_E_9113894,early_stopping
LA_E_9114628,treino_interno
LA_E_9114720,treino_interno
LA_E_9114729,treino_interno
LA_E_9115003,treino_interno
LA_E_9115234,treino_interno
LA_E_9115252,treino_interno
LA_E_9115266,treino_interno
LA_E_9115859,treino_interno
LA_E_9115967,treino_interno
LA_E_9116185,treino_interno
LA_E_9116524,treino_interno
LA_E_9116588,treino_interno
LA_E_9117069,treino_interno
LA_E_9118783,treino_interno
LA_E_9118788,treino_interno
LA_E_9119270,treino_interno
LA_E_9119512,treino_interno
LA_E_9120317,treino_interno
LA_E_9121076,treino_interno
LA_E_9121356,treino_interno
LA_E_9121376,treino_interno
LA_E_9121424,treino_interno
LA_E_9121783,treino_interno
LA_E_9121943,treino_interno
LA_E_9122172,treino_interno
LA_E_9122199,treino_interno
LA_E_9122339,treino_interno
LA_E_9122478,treino_interno
LA_E_9122747,treino_interno
LA_E_9123221,treino_interno
LA_E_9123806,treino_interno
LA_E_9123847,treino_interno
LA_E_9123870,treino_interno
LA_E_9124317,treino_interno
LA_E_9124621,treino_interno
LA_E_9124696,treino_interno
LA_E_9125075,treino_interno
LA_E_9125346,treino_interno
LA_E_9125408,treino_interno
LA_E_9125512,treino_interno
LA_E_9125986,treino_interno
LA_E_9126170,treino_interno
LA_E_9126540,treino_interno
LA_E_9126779,treino_interno
LA_E_9127205,treino_interno
LA_E_9127924,treino_interno
LA_E_9127926,treino_interno
LA_E_9128678,treino_interno
LA_E_9128842,early_stopping
LA_E_9130250,treino_interno
LA_E_9130462,treino_interno
LA_E_9130554,treino_interno
LA_E_9131043,treino_interno
LA_E_9131392,treino_interno
LA_E_9131515,treino_interno
LA_E_9131558,treino_interno
LA_E_9132550,treino_interno
LA_E_9132870,treino_interno
LA_E_9133045,treino_interno
LA_E_9133661,treino_interno
LA_E_9133740,treino_interno
LA_E_9133962,treino_interno
LA_E_9134130,treino_interno
LA_E_9134222,treino_interno
LA_E_9134358,treino_interno
LA_E_9134421,treino_interno
LA_E_9135980,treino_interno
LA_E_9137008,treino_interno
LA_E_9137517,treino_interno
LA_E_9137910,treino_interno
LA_E_9138282,treino_interno
LA_E_9138311,treino_interno
LA_E_9138585,treino_interno
LA_E_9138611,treino_interno
LA_E_9138905,treino_interno
LA_E_9139327,treino_interno
LA_E_9139361,treino_interno
LA_E_9139971,treino_interno
LA_E_9140384,treino_interno
LA_E_9140645,treino_interno
LA_E_9140801,treino_interno
LA_E_9141619,treino_interno
LA_E_9141827,treino_interno
LA_E_9141914,treino_interno
LA_E_9142218,treino_interno
LA_E_9142544,treino_interno
LA_E_9143017,treino_interno
LA_E_9143091,treino_interno
LA_E_9144127,treino_interno
LA_E_9144209,treino_interno
LA_E_9144480,early_stopping
LA_E_9144793,treino_interno
LA_E_9145346,treino_interno
LA_E_9145475,treino_interno
LA_E_9145501,treino_interno
LA_E_9145595,treino_interno
LA_E_9145787,treino_interno
LA_E_9146681,treino_interno
LA_E_9147234,treino_interno
LA_E_9147521,early_stopping
LA_E_9147804,treino_interno
LA_E_9148298,treino_interno
LA_E_9149065,treino_interno
LA_E_9149198,treino_interno
LA_E_9149880,treino_interno
LA_E_9150051,treino_interno
LA_E_9150386,treino_interno
LA_E_9151127,treino_interno
LA_E_9151687,treino_interno
LA_E_9151743,treino_interno
LA_E_9151937,treino_interno
LA_E_9151949,treino_interno
LA_E_9152271,treino_interno
LA_E_9152555,treino_interno
LA_E_9153664,treino_interno
LA_E_9153681,treino_interno
LA_E_9153757,treino_interno
LA_E_9153837,treino_interno
LA_E_9154037,treino_interno
LA_E_9154281,treino_interno
LA_E_9154489,treino_interno
LA_E_9154772,treino_interno
LA_E_9155445,treino_interno
LA_E_9155515,treino_interno
LA_E_9155638,early_stopping
LA_E_9155714,early_stopping
LA_E_9156010,treino_interno
LA_E_9156475,treino_interno
LA_E_9156480,treino_interno
LA_E_9156688,treino_interno
LA_E_9156699,treino_interno
LA_E_9156818,treino_interno
LA_E_9156915,treino_interno
LA_E_9157472,treino_interno
LA_E_9158331,treino_interno
LA_E_9158403,treino_interno
LA_E_9159168,treino_interno
LA_E_9159218,treino_interno
LA_E_9159301,treino_interno
LA_E_9159373,treino_interno
LA_E_9159727,treino_interno
LA_E_9160519,treino_interno
LA_E_9161515,treino_interno
LA_E_9161545,early_stopping
LA_E_9161851,treino_interno
LA_E_9162796,treino_interno
LA_E_9163384,treino_interno
LA_E_9163602,treino_interno
LA_E_9164243,treino_interno
LA_E_9164322,treino_interno
LA_E_9165032,treino_interno
LA_E_9165467,early_stopping
LA_E_9165555,treino_interno
LA_E_9166622,treino_interno
LA_E_9166862,treino_interno
LA_E_9166912,treino_interno
LA_E_9167414,treino_interno
LA_E_9168018,treino_interno
LA_E_9168281,treino_interno
LA_E_9168342,treino_interno
LA_E_9168568,early_stopping
LA_E_9168635,treino_interno
LA_E_9168815,treino_interno
LA_E_9168987,treino_interno
LA_E_9169073,treino_interno
LA_E_9169387,early_stopping
LA_E_9169416,early_stopping
LA_E_9170194,treino_interno
LA_E_9170595,treino_interno
LA_E_9171169,treino_interno
LA_E_9171677,treino_interno
LA_E_9172044,treino_interno
LA_E_9172181,treino_interno
LA_E_9172826,treino_interno
LA_E_9172980,treino_interno
LA_E_9173119,treino_interno
LA_E_9173628,early_stopping
LA_E_9173648,treino_interno
LA_E_9175651,treino_interno
LA_E_9175768,treino_interno
LA_E_9176205,treino_interno
LA_E_9176667,treino_interno
LA_E_9176699,treino_interno
LA_E_9176770,treino_interno
LA_E_9176897,treino_interno
LA_E_9176911,treino_interno
LA_E_9176975,treino_interno
LA_E_9177099,treino_interno
LA_E_9177119,treino_interno
LA_E_9177120,treino_interno
LA_E_9177592,treino_interno
LA_E_9177982,treino_interno
LA_E_9178276,treino_interno
LA_E_9178419,treino_interno
LA_E_9178639,treino_interno
LA_E_9179503,treino_interno
LA_E_9179938,treino_interno
LA_E_9179952,treino_interno
LA_E_9180037,treino_interno
LA_E_9180313,treino_interno
LA_E_9180442,treino_interno
LA_E_9181987,treino_interno
LA_E_9182650,treino_interno
LA_E_9182800,treino_interno
LA_E_9183181,treino_interno
LA_E_9183583,treino_interno
LA_E_9183971,treino_interno
LA_E_9184039,treino_interno
LA_E_9184422,treino_interno
LA_E_9185176,treino_interno
LA_E_9185361,early_stopping
LA_E_9185977,treino_interno
LA_E_9186046,treino_interno
LA_E_9186097,treino_interno
LA_E_9187716,early_stopping
LA_E_9187786,treino_interno
LA_E_9187893,treino_interno
LA_E_9187982,treino_interno
LA_E_9189096,treino_interno
LA_E_9189245,treino_interno
LA_E_9189275,treino_interno
LA_E_9189519,treino_interno
LA_E_9189523,treino_interno
LA_E_9189636,treino_interno
LA_E_9189757,treino_interno
LA_E_9191100,treino_interno
LA_E_9191318,treino_interno
LA_E_9192517,treino_interno
LA_E_9193011,treino_interno
LA_E_9193261,early_stopping
LA_E_9193504,treino_interno
LA_E_9194548,treino_interno
LA_E_9195355,treino_interno
LA_E_9195430,treino_interno
LA_E_9195489,treino_interno
LA_E_9195954,treino_interno
LA_E_9195960,treino_interno
LA_E_9196077,treino_interno
LA_E_9196319,treino_interno
LA_E_9196637,treino_interno
LA_E_9197086,treino_interno
LA_E_9197785,treino_interno
LA_E_9198452,treino_interno
LA_E_9198469,treino_interno
LA_E_9199087,early_stopping
LA_E_9199138,treino_interno
LA_E_9200013,treino_interno
LA_E_9200715,treino_interno
LA_E_9201523,treino_interno
LA_E_9201564,treino_interno
LA_E_9201787,treino_interno
LA_E_9201912,treino_interno
LA_E_9202627,treino_interno
LA_E_9202702,treino_interno
LA_E_9202848,treino_interno
LA_E_9203494,treino_interno
LA_E_9204063,treino_interno
LA_E_9204143,treino_interno
LA_E_9204422,treino_interno
LA_E_9205314,treino_interno
LA_E_9206480,treino_interno
LA_E_9206557,treino_interno
LA_E_9207071,treino_interno
LA_E_9207415,treino_interno
LA_E_9207555,early_stopping
LA_E_9207933,treino_interno
LA_E_9208366,treino_interno
LA_E_9208571,treino_interno
LA_E_9208598,treino_interno
LA_E_9208764,treino_interno
LA_E_9209185,treino_interno
LA_E_9209222,treino_interno
LA_E_9209688,treino_interno
LA_E_9210315,treino_interno
LA_E_9211320,treino_interno
LA_E_9211384,treino_interno
LA_E_9211580,treino_interno
LA_E_9212104,treino_interno
LA_E_9212124,treino_interno
LA_E_9212241,treino_interno
LA_E_9212428,treino_interno
LA_E_9212963,treino_interno
LA_E_9213044,treino_interno
LA_E_9213269,treino_interno
LA_E_9214860,treino_interno
LA_E_9214903,treino_interno
LA_E_9215369,treino_interno
LA_E_9216218,treino_interno
LA_E_9216668,treino_interno
LA_E_9216834,treino_interno
LA_E_9216922,treino_interno
LA_E_9217407,treino_interno
LA_E_9217735,treino_interno
LA_E_9218519,early_stopping
LA_E_9218687,treino_interno
LA_E_9218861,treino_interno
LA_E_9219371,treino_interno
LA_E_9219569,treino_interno
LA_E_9219809,treino_interno
LA_E_9219932,treino_interno
LA_E_9219974,treino_interno
LA_E_9220130,treino_interno
LA_E_9220594,treino_interno
LA_E_9220990,treino_interno
LA_E_9221035,treino_interno
LA_E_9221658,treino_interno
LA_E_9221671,treino_interno
LA_E_9221740,treino_interno
LA_E_9222196,treino_interno
LA_E_9223050,treino_interno
LA_E_9223205,treino_interno
LA_E_9223403,treino_interno
LA_E_9223521,treino_interno
LA_E_9223628,treino_interno
LA_E_9223964,treino_interno
LA_E_9224186,treino_interno
LA_E_9224192,treino_interno
LA_E_9224402,early_stopping
LA_E_9224408,treino_interno
LA_E_9224740,treino_interno
LA_E_9225242,early_stopping
LA_E_9225406,treino_interno
LA_E_9225459,treino_interno
LA_E_9225822,treino_interno
LA_E_9226304,treino_interno
LA_E_9227868,treino_interno
LA_E_9227891,treino_interno
LA_E_9228289,early_stopping
LA_E_9228300,treino_interno
LA_E_9228476,treino_interno
LA_E_9229128,treino_interno
LA_E_9229680,treino_interno
LA_E_9229950,treino_interno
LA_E_9230999,early_stopping
LA_E_9231010,treino_interno
LA_E_9231092,treino_interno
LA_E_9231447,treino_interno
LA_E_9231480,treino_interno
LA_E_9232061,treino_interno
LA_E_9232270,treino_interno
LA_E_9232361,treino_interno
LA_E_9232937,treino_interno
LA_E_9233119,treino_interno
LA_E_9233167,early_stopping
LA_E_9233640,treino_interno
LA_E_9233826,treino_interno
LA_E_9233969,treino_interno
LA_E_9234431,treino_interno
LA_E_9234736,early_stopping
LA_E_9234788,early_stopping
LA_E_9235431,treino_interno
LA_E_9235727,treino_interno
LA_E_9235729,treino_interno
LA_E_9235975,treino_interno
LA_E_9236189,treino_interno
LA_E_9237302,treino_interno
LA_E_9237446,treino_interno
LA_E_9237880,treino_interno
LA_E_9238117,treino_interno
LA_E_9238358,treino_interno
LA_E_9238720,treino_interno
LA_E_9239022,treino_interno
LA_E_9239081,treino_interno
LA_E_9239183,treino_interno
LA_E_9239431,treino_interno
LA_E_9239835,treino_interno
LA_E_9241321,treino_interno
LA_E_9242249,treino_interno
LA_E_9242511,treino_interno
LA_E_9242539,treino_interno
LA_E_9242850,treino_interno
LA_E_9242945,treino_interno
LA_E_9243225,early_stopping
LA_E_9243542,treino_interno
LA_E_9243613,treino_interno
LA_E_9243819,treino_interno
LA_E_9244127,early_stopping
LA_E_9244216,treino_interno
LA_E_9244263,treino_interno
LA_E_9244461,treino_interno
LA_E_9244516,treino_interno
LA_E_9245020,early_stopping
LA_E_9245815,treino_interno
LA_E_9245939,treino_interno
LA_E_9245949,treino_interno
LA_E_9246298,treino_interno
LA_E_9246702,treino_interno
LA_E_9246846,treino_interno
LA_E_9247145,treino_interno
LA_E_9247540,treino_interno
LA_E_9247789,treino_interno
LA_E_9247888,treino_interno
LA_E_9247945,treino_interno
LA_E_9248656,treino_interno
LA_E_9249167,early_stopping
LA_E_9249265,treino_interno
LA_E_9249950,treino_interno
LA_E_9250028,treino_interno
LA_E_9250702,treino_interno
LA_E_9251083,treino_interno
LA_E_9251633,treino_interno
LA_E_9251834,treino_interno
LA_E_9253621,treino_interno
LA_E_9253734,treino_interno
LA_E_9253815,treino_interno
LA_E_9254027,treino_interno
LA_E_9254551,treino_interno
LA_E_9254978,early_stopping
LA_E_9255069,treino_interno
LA_E_9255077,treino_interno
LA_E_9255153,treino_interno
LA_E_9255483,treino_interno
LA_E_9255526,treino_interno
LA_E_9256385,treino_interno
LA_E_9257058,treino_interno
LA_E_9257316,treino_interno
LA_E_9257845,treino_interno
LA_E_9258238,treino_interno
LA_E_9258717,treino_interno
LA_E_9261097,treino_interno
LA_E_9261441,treino_interno
LA_E_9261715,treino_interno
LA_E_9262717,treino_interno
LA_E_9262918,treino_interno
LA_E_9263356,treino_interno
LA_E_9263510,treino_interno
LA_E_9263880,treino_interno
LA_E_9264157,treino_interno
LA_E_9264212,treino_interno
LA_E_9264290,treino_interno
LA_E_9265263,treino_interno
LA_E_9265321,treino_interno
LA_E_9265476,treino_interno
LA_E_9265571,treino_interno
LA_E_9265886,treino_interno
LA_E_9265967,treino_interno
LA_E_9266840,treino_interno
LA_E_9266932,treino_interno
LA_E_9267074,treino_interno
LA_E_9267482,treino_interno
LA_E_9268218,treino_interno
LA_E_9268836,early_stopping
LA_E_9269258,treino_interno
LA_E_9269424,treino_interno
LA_E_9269557,treino_interno
LA_E_9269558,treino_interno
LA_E_9269839,treino_interno
LA_E_9270412,early_stopping
LA_E_9270797,early_stopping
LA_E_9271087,treino_interno
LA_E_9271846,treino_interno
LA_E_9272191,treino_interno
LA_E_9272368,treino_interno
LA_E_9272404,treino_interno
LA_E_9273099,treino_interno
LA_E_9273430,treino_interno
LA_E_9273434,treino_interno
LA_E_9274200,treino_interno
LA_E_9274334,early_stopping
LA_E_9274616,treino_interno
LA_E_9274715,treino_interno
LA_E_9274861,treino_interno
LA_E_9275234,treino_interno
LA_E_9275323,treino_interno
LA_E_9275557,treino_interno
LA_E_9275579,treino_interno
LA_E_9275704,treino_interno
LA_E_9275819,treino_interno
LA_E_9276510,treino_interno
LA_E_9276746,treino_interno
LA_E_9277055,treino_interno
LA_E_9277543,treino_interno
LA_E_9277987,early_stopping
LA_E_9277990,treino_interno
LA_E_9278159,treino_interno
LA_E_9278409,treino_interno
LA_E_9278698,early_stopping
LA_E_9279237,treino_interno
LA_E_9279651,treino_interno
LA_E_9280185,treino_interno
LA_E_9281186,treino_interno
LA_E_9281410,treino_interno
LA_E_9281438,treino_interno
LA_E_9281526,treino_interno
LA_E_9281930,treino_interno
LA_E_9282882,treino_interno
LA_E_9283012,treino_interno
LA_E_9283366,treino_interno
LA_E_9284355,treino_interno
LA_E_9284730,treino_interno
LA_E_9284784,treino_interno
LA_E_9285113,treino_interno
LA_E_9285177,treino_interno
LA_E_9286198,early_stopping
LA_E_9286573,treino_interno
LA_E_9286850,treino_interno
LA_E_9287322,treino_interno
LA_E_9287700,treino_interno
LA_E_9288575,treino_interno
LA_E_9289109,treino_interno
LA_E_9289697,treino_interno
LA_E_9289843,treino_interno
LA_E_9290561,early_stopping
LA_E_9290735,treino_interno
LA_E_9290821,treino_interno
LA_E_9290900,treino_interno
LA_E_9291086,treino_interno
LA_E_9291603,treino_interno
LA_E_9291736,treino_interno
LA_E_9291777,treino_interno
LA_E_9292379,treino_interno
LA_E_9292742,treino_interno
LA_E_9292910,treino_interno
LA_E_9293192,treino_interno
LA_E_9293396,treino_interno
LA_E_9293833,treino_interno
LA_E_9293953,treino_interno
LA_E_9294182,treino_interno
LA_E_9294296,treino_interno
LA_E_9294372,treino_interno
LA_E_9294526,treino_interno
LA_E_9295453,treino_interno
LA_E_9295971,early_stopping
LA_E_9295978,treino_interno
LA_E_9296167,treino_interno
LA_E_9296575,treino_interno
LA_E_9296714,treino_interno
LA_E_9296950,treino_interno
LA_E_9297503,treino_interno
LA_E_9297536,treino_interno
LA_E_9297589,treino_interno
LA_E_9297650,treino_interno
LA_E_9297689,treino_interno
LA_E_9297812,early_stopping
LA_E_9298116,treino_interno
LA_E_9298526,treino_interno
LA_E_9298813,treino_interno
LA_E_9299354,treino_interno
LA_E_9299413,treino_interno
LA_E_9299563,treino_interno
LA_E_9299800,treino_interno
LA_E_9300341,treino_interno
LA_E_9300835,treino_interno
LA_E_9301031,treino_interno
LA_E_9301323,treino_interno
LA_E_9302134,treino_interno
LA_E_9302644,treino_interno
LA_E_9302715,treino_interno
LA_E_9302818,treino_interno
LA_E_9302895,treino_interno
LA_E_9303040,early_stopping
LA_E_9303189,treino_interno
LA_E_9303887,treino_interno
LA_E_9304081,treino_interno
LA_E_9304406,treino_interno
LA_E_9304625,treino_interno
LA_E_9304671,early_stopping
LA_E_9305382,treino_interno
LA_E_9305485,treino_interno
LA_E_9306035,treino_interno
LA_E_9306305,treino_interno
LA_E_9306417,early_stopping
LA_E_9307554,early_stopping
LA_E_9307664,treino_interno
LA_E_9307678,early_stopping
LA_E_9307820,treino_interno
LA_E_9308043,treino_interno
LA_E_9308210,early_stopping
LA_E_9308452,treino_interno
LA_E_9308655,treino_interno
LA_E_9308928,treino_interno
LA_E_9309146,treino_interno
LA_E_9309282,treino_interno
LA_E_9309927,early_stopping
LA_E_9309974,treino_interno
LA_E_9310839,treino_interno
LA_E_9310883,treino_interno
LA_E_9311191,treino_interno
LA_E_9311685,treino_interno
LA_E_9311723,treino_interno
LA_E_9312054,treino_interno
LA_E_9312662,treino_interno
LA_E_9313374,treino_interno
LA_E_9313478,treino_interno
LA_E_9314043,treino_interno
LA_E_9315894,treino_interno
LA_E_9315920,treino_interno
LA_E_9316062,treino_interno
LA_E_9316713,treino_interno
LA_E_9316797,treino_interno
LA_E_9317877,treino_interno
LA_E_9318102,treino_interno
LA_E_9318503,treino_interno
LA_E_9318527,early_stopping
LA_E_9318830,treino_interno
LA_E_9318848,treino_interno
LA_E_9319179,treino_interno
LA_E_9319946,treino_interno
LA_E_9321875,treino_interno
LA_E_9322797,treino_interno
LA_E_9322914,treino_interno
LA_E_9323534,treino_interno
LA_E_9323578,treino_interno
LA_E_9323655,treino_interno
LA_E_9324668,treino_interno
LA_E_9324907,treino_interno
LA_E_9325218,treino_interno
LA_E_9325290,treino_interno
LA_E_9325953,treino_interno
LA_E_9326021,treino_interno
LA_E_9326758,treino_interno
LA_E_9327411,treino_interno
LA_E_9327563,treino_interno
LA_E_9328661,treino_interno
LA_E_9328928,treino_interno
LA_E_9329123,treino_interno
LA_E_9329124,treino_interno
LA_E_9329429,treino_interno
LA_E_9329948,treino_interno
LA_E_9330132,treino_interno
LA_E_9330250,treino_interno
LA_E_9331434,treino_interno
LA_E_9331643,treino_interno
LA_E_9331825,treino_interno
LA_E_9331827,treino_interno
LA_E_9333124,treino_interno
LA_E_9333131,treino_interno
LA_E_9333144,treino_interno
LA_E_9333179,treino_interno
LA_E_9334669,early_stopping
LA_E_9334929,treino_interno
LA_E_9335147,treino_interno
LA_E_9335847,early_stopping
LA_E_9335874,treino_interno
LA_E_9336056,treino_interno
LA_E_9336182,treino_interno
LA_E_9336267,early_stopping
LA_E_9336339,treino_interno
LA_E_9337032,treino_interno
LA_E_9337414,treino_interno
LA_E_9338065,treino_interno
LA_E_9338296,treino_interno
LA_E_9338483,early_stopping
LA_E_9338539,treino_interno
LA_E_9338567,treino_interno
LA_E_9339219,treino_interno
LA_E_9339584,treino_interno
LA_E_9339585,treino_interno
LA_E_9340078,treino_interno
LA_E_9340173,treino_interno
LA_E_9340494,treino_interno
LA_E_9340789,treino_interno
LA_E_9340906,treino_interno
LA_E_9342239,treino_interno
LA_E_9342472,treino_interno
LA_E_9342948,treino_interno
LA_E_9343391,treino_interno
LA_E_9343844,treino_interno
LA_E_9343966,treino_interno
LA_E_9344310,treino_interno
LA_E_9344371,treino_interno
LA_E_9344911,treino_interno
LA_E_9345066,treino_interno
LA_E_9345289,treino_interno
LA_E_9345310,treino_interno
LA_E_9345584,treino_interno
LA_E_9345862,treino_interno
LA_E_9345979,treino_interno
LA_E_9346259,treino_interno
LA_E_9346946,treino_interno
LA_E_9347271,treino_interno
LA_E_9347413,treino_interno
LA_E_9347496,treino_interno
LA_E_9348242,treino_interno
LA_E_9348408,treino_interno
LA_E_9348588,treino_interno
LA_E_9348749,treino_interno
LA_E_9348994,treino_interno
LA_E_9349040,treino_interno
LA_E_9349259,treino_interno
LA_E_9349500,treino_interno
LA_E_9350035,treino_interno
LA_E_9350517,early_stopping
LA_E_9350627,early_stopping
LA_E_9350994,treino_interno
LA_E_9351614,early_stopping
LA_E_9351773,treino_interno
LA_E_9351865,treino_interno
LA_E_9352116,treino_interno
LA_E_9352570,treino_interno
LA_E_9353073,treino_interno
LA_E_9353273,treino_interno
LA_E_9353436,early_stopping
LA_E_9353753,treino_interno
LA_E_9354288,treino_interno
LA_E_9354351,treino_interno
LA_E_9354617,treino_interno
LA_E_9355413,early_stopping
LA_E_9355538,early_stopping
LA_E_9355575,treino_interno
LA_E_9355869,treino_interno
LA_E_9355977,treino_interno
LA_E_9356036,treino_interno
LA_E_9356330,early_stopping
LA_E_9356680,treino_interno
LA_E_9356692,treino_interno
LA_E_9356923,treino_interno
LA_E_9356990,treino_interno
LA_E_9357026,treino_interno
LA_E_9357063,treino_interno
LA_E_9357778,treino_interno
LA_E_9357850,treino_interno
LA_E_9358244,treino_interno
LA_E_9358593,treino_interno
LA_E_9358639,early_stopping
LA_E_9358788,treino_interno
LA_E_9358839,treino_interno
LA_E_9358840,treino_interno
LA_E_9359836,treino_interno
LA_E_9360102,treino_interno
LA_E_9360902,early_stopping
LA_E_9360988,treino_interno
LA_E_9361027,treino_interno
LA_E_9361224,treino_interno
LA_E_9361388,treino_interno
LA_E_9361668,treino_interno
LA_E_9362301,treino_interno
LA_E_9362418,treino_interno
LA_E_9362425,treino_interno
LA_E_9362768,treino_interno
LA_E_9362921,treino_interno
LA_E_9362942,treino_interno
LA_E_9363538,treino_interno
LA_E_9363782,treino_interno
LA_E_9364121,treino_interno
LA_E_9364683,treino_interno
LA_E_9364967,treino_interno
LA_E_9365113,treino_interno
LA_E_9365137,treino_interno
LA_E_9365972,treino_interno
LA_E_9366960,treino_interno
LA_E_9367918,treino_interno
LA_E_9368010,early_stopping
LA_E_9368318,treino_interno
LA_E_9368658,treino_interno
LA_E_9368709,treino_interno
LA_E_9369074,treino_interno
LA_E_9369303,treino_interno
LA_E_9369392,treino_interno
LA_E_9369583,treino_interno
LA_E_9369711,treino_interno
LA_E_9370607,early_stopping
LA_E_9370773,treino_interno
LA_E_9371085,treino_interno
LA_E_9371119,treino_interno
LA_E_9372596,treino_interno
LA_E_9372742,treino_interno
LA_E_9372753,early_stopping
LA_E_9372791,treino_interno
LA_E_9373681,early_stopping
LA_E_9374152,treino_interno
LA_E_9374610,treino_interno
LA_E_9374683,treino_interno
LA_E_9374749,treino_interno
LA_E_9374927,treino_interno
LA_E_9375239,treino_interno
LA_E_9375431,treino_interno
LA_E_9375802,treino_interno
LA_E_9376164,early_stopping
LA_E_9376242,treino_interno
LA_E_9376300,treino_interno
LA_E_9376391,treino_interno
LA_E_9376713,treino_interno
LA_E_9376938,treino_interno
LA_E_9376976,early_stopping
LA_E_9377046,treino_interno
LA_E_9377120,early_stopping
LA_E_9377206,treino_interno
LA_E_9377207,treino_interno
LA_E_9377366,treino_interno
LA_E_9377483,treino_interno
LA_E_9377621,treino_interno
LA_E_9377813,treino_interno
LA_E_9378007,treino_interno
LA_E_9378427,treino_interno
LA_E_9379144,treino_interno
LA_E_9379294,treino_interno
LA_E_9379520,early_stopping
LA_E_9379662,treino_interno
LA_E_9380123,treino_interno
LA_E_9380469,treino_interno
LA_E_9380947,treino_interno
LA_E_9381425,treino_interno
LA_E_9382154,treino_interno
LA_E_9382366,treino_interno
LA_E_9382379,treino_interno
LA_E_9382411,treino_interno
LA_E_9382492,treino_interno
LA_E_9382560,treino_interno
LA_E_9382567,treino_interno
LA_E_9382891,treino_interno
LA_E_9383046,treino_interno
LA_E_9383491,treino_interno
LA_E_9383677,early_stopping
LA_E_9383735,treino_interno
LA_E_9383973,treino_interno
LA_E_9384371,treino_interno
LA_E_9384468,early_stopping
LA_E_9384611,early_stopping
LA_E_9384984,treino_interno
LA_E_9385250,early_stopping
LA_E_9385411,treino_interno
LA_E_9385426,early_stopping
LA_E_9385493,treino_interno
LA_E_9385871,treino_interno
LA_E_9386137,treino_interno
LA_E_9386203,treino_interno
LA_E_9386421,treino_interno
LA_E_9386827,treino_interno
LA_E_9386855,treino_interno
LA_E_9387229,early_stopping
LA_E_9387239,early_stopping
LA_E_9387418,treino_interno
LA_E_9387628,treino_interno
LA_E_9387639,treino_interno
LA_E_9388299,treino_interno
LA_E_9388356,treino_interno
LA_E_9388394,treino_interno
LA_E_9388967,treino_interno
LA_E_9389516,treino_interno
LA_E_9389530,early_stopping
LA_E_9389835,treino_interno
LA_E_9389839,treino_interno
LA_E_9389908,treino_interno
LA_E_9390195,early_stopping
LA_E_9390621,treino_interno
LA_E_9390837,treino_interno
LA_E_9391082,treino_interno
LA_E_9391536,early_stopping
LA_E_9391564,treino_interno
LA_E_9392305,treino_interno
LA_E_9392505,treino_interno
LA_E_9393958,treino_interno
LA_E_9394008,treino_interno
LA_E_9394064,treino_interno
LA_E_9394235,treino_interno
LA_E_9394286,treino_interno
LA_E_9394400,treino_interno
LA_E_9394414,treino_interno
LA_E_9394415,treino_interno
LA_E_9395388,treino_interno
LA_E_9395652,treino_interno
LA_E_9396505,treino_interno
LA_E_9396531,treino_interno
LA_E_9396714,treino_interno
LA_E_9397040,treino_interno
LA_E_9397221,treino_interno
LA_E_9397269,treino_interno
LA_E_9397601,early_stopping
LA_E_9397699,treino_interno
LA_E_9397754,treino_interno
LA_E_9397869,early_stopping
LA_E_9398123,treino_interno
LA_E_9398153,treino_interno
LA_E_9398598,treino_interno
LA_E_9399127,treino_interno
LA_E_9399377,treino_interno
LA_E_9399790,treino_interno
LA_E_9399792,early_stopping
LA_E_9400033,treino_interno
LA_E_9400291,treino_interno
LA_E_9400302,treino_interno
LA_E_9400385,treino_interno
LA_E_9400910,treino_interno
LA_E_9401203,treino_interno
LA_E_9401312,treino_interno
LA_E_9401319,treino_interno
LA_E_9401849,treino_interno
LA_E_9402222,treino_interno
LA_E_9402299,treino_interno
LA_E_9402307,treino_interno
LA_E_9402493,treino_interno
LA_E_9402515,treino_interno
LA_E_9402662,treino_interno
LA_E_9402789,early_stopping
LA_E_9402928,treino_interno
LA_E_9403296,treino_interno
LA_E_9403783,treino_interno
LA_E_9403981,treino_interno
LA_E_9404117,treino_interno
LA_E_9404429,early_stopping
LA_E_9404464,early_stopping
LA_E_9404466,early_stopping
LA_E_9404560,treino_interno
LA_E_9404737,treino_interno
LA_E_9405347,treino_interno
LA_E_9405452,treino_interno
LA_E_9406101,treino_interno
LA_E_9406641,treino_interno
LA_E_9406758,treino_interno
LA_E_9406830,treino_interno
LA_E_9407003,treino_interno
LA_E_9407844,treino_interno
LA_E_9407896,treino_interno
LA_E_9408243,treino_interno
LA_E_9408751,treino_interno
LA_E_9409201,treino_interno
LA_E_9409384,treino_interno
LA_E_9409586,treino_interno
LA_E_9409939,treino_interno
LA_E_9410343,early_stopping
LA_E_9410383,treino_interno
LA_E_9410924,treino_interno
LA_E_9411611,treino_interno
LA_E_9411692,treino_interno
LA_E_9412332,treino_interno
LA_E_9412605,treino_interno
LA_E_9412757,treino_interno
LA_E_9413183,treino_interno
LA_E_9413263,treino_interno
LA_E_9414297,early_stopping
LA_E_9414353,early_stopping
LA_E_9414363,early_stopping
LA_E_9414442,treino_interno
LA_E_9414454,early_stopping
LA_E_9414516,treino_interno
LA_E_9415696,treino_interno
LA_E_9415825,treino_interno
LA_E_9416093,treino_interno
LA_E_9416433,treino_interno
LA_E_9416489,treino_interno
LA_E_9416545,treino_interno
LA_E_9417062,early_stopping
LA_E_9417237,treino_interno
LA_E_9417408,treino_interno
LA_E_9417447,treino_interno
LA_E_9417487,early_stopping
LA_E_9417733,treino_interno
LA_E_9417834,early_stopping
LA_E_9418188,early_stopping
LA_E_9418463,treino_interno
LA_E_9418491,treino_interno
LA_E_9418805,treino_interno
LA_E_9419212,treino_interno
LA_E_9419671,treino_interno
LA_E_9420313,treino_interno
LA_E_9420449,treino_interno
LA_E_9420527,treino_interno
LA_E_9420586,treino_interno
LA_E_9420658,treino_interno
LA_E_9420833,early_stopping
LA_E_9421249,treino_interno
LA_E_9421728,treino_interno
LA_E_9421823,treino_interno
LA_E_9421909,treino_interno
LA_E_9422507,treino_interno
LA_E_9422537,treino_interno
LA_E_9422848,early_stopping
LA_E_9423185,treino_interno
LA_E_9423290,early_stopping
LA_E_9423303,treino_interno
LA_E_9423472,treino_interno
LA_E_9423485,treino_interno
LA_E_9423532,treino_interno
LA_E_9423966,treino_interno
LA_E_9424003,treino_interno
LA_E_9425421,early_stopping
LA_E_9425423,early_stopping
LA_E_9425995,treino_interno
LA_E_9426061,treino_interno
LA_E_9426298,treino_interno
LA_E_9426356,treino_interno
LA_E_9426691,treino_interno
LA_E_9426992,treino_interno
LA_E_9427002,treino_interno
LA_E_9427347,treino_interno
LA_E_9427830,treino_interno
LA_E_9427929,treino_interno
LA_E_9428295,treino_interno
LA_E_9428798,treino_interno
LA_E_9428988,treino_interno
LA_E_9429121,treino_interno
LA_E_9429163,treino_interno
LA_E_9429257,treino_interno
LA_E_9429474,early_stopping
LA_E_9429501,early_stopping
LA_E_9429924,treino_interno
LA_E_9430229,treino_interno
LA_E_9430667,treino_interno
LA_E_9430880,treino_interno
LA_E_9430928,treino_interno
LA_E_9430962,treino_interno
LA_E_9431063,treino_interno
LA_E_9431102,treino_interno
LA_E_9431108,treino_interno
LA_E_9431563,treino_interno
LA_E_9432792,treino_interno
LA_E_9432834,treino_interno
LA_E_9432838,treino_interno
LA_E_9433087,treino_interno
LA_E_9433175,treino_interno
LA_E_9433211,treino_interno
LA_E_9433386,treino_interno
LA_E_9433413,treino_interno
LA_E_9433495,treino_interno
LA_E_9434605,treino_interno
LA_E_9434608,treino_interno
LA_E_9435104,treino_interno
LA_E_9435124,treino_interno
LA_E_9436044,treino_interno
LA_E_9436581,early_stopping
LA_E_9436713,early_stopping
LA_E_9436838,treino_interno
LA_E_9436949,treino_interno
LA_E_9436994,treino_interno
LA_E_9437505,early_stopping
LA_E_9437588,treino_interno
LA_E_9437963,treino_interno
LA_E_9438255,treino_interno
LA_E_9438495,treino_interno
LA_E_9438601,early_stopping
LA_E_9438854,treino_interno
LA_E_9439186,treino_interno
LA_E_9439651,treino_interno
LA_E_9439950,treino_interno
LA_E_9440042,treino_interno
LA_E_9440346,treino_interno
LA_E_9440431,treino_interno
LA_E_9440612,treino_interno
LA_E_9441049,treino_interno
LA_E_9441195,early_stopping
LA_E_9441281,treino_interno
LA_E_9441469,treino_interno
LA_E_9441893,treino_interno
LA_E_9442084,treino_interno
LA_E_9442385,treino_interno
LA_E_9442782,early_stopping
LA_E_9442884,treino_interno
LA_E_9443064,treino_interno
LA_E_9443255,treino_interno
LA_E_9444279,early_stopping
LA_E_9444347,treino_interno
LA_E_9444390,treino_interno
LA_E_9445043,treino_interno
LA_E_9447184,treino_interno
LA_E_9447269,treino_interno
LA_E_9447507,treino_interno
LA_E_9447927,treino_interno
LA_E_9448145,treino_interno
LA_E_9448543,early_stopping
LA_E_9449370,treino_interno
LA_E_9449695,treino_interno
LA_E_9449719,treino_interno
LA_E_9449838,treino_interno
LA_E_9450076,treino_interno
LA_E_9450257,early_stopping
LA_E_9450468,treino_interno
LA_E_9450573,treino_interno
LA_E_9450752,treino_interno
LA_E_9451361,treino_interno
LA_E_9451442,treino_interno
LA_E_9451523,treino_interno
LA_E_9451640,treino_interno
LA_E_9452879,treino_interno
LA_E_9453924,treino_interno
LA_E_9454081,treino_interno
LA_E_9454227,treino_interno
LA_E_9454233,treino_interno
LA_E_9454373,early_stopping
LA_E_9454670,treino_interno
LA_E_9454850,treino_interno
LA_E_9455830,treino_interno
LA_E_9456171,treino_interno
LA_E_9456937,treino_interno
LA_E_9457188,treino_interno
LA_E_9457257,treino_interno
LA_E_9458066,treino_interno
LA_E_9458818,early_stopping
LA_E_9458831,treino_interno
LA_E_9458916,treino_interno
LA_E_9459539,early_stopping
LA_E_9459578,treino_interno
LA_E_9460034,treino_interno
LA_E_9460668,early_stopping
LA_E_9460970,treino_interno
LA_E_9461447,early_stopping
LA_E_9461709,treino_interno
LA_E_9461761,treino_interno
LA_E_9461868,treino_interno
LA_E_9462141,treino_interno
LA_E_9462933,treino_interno
LA_E_9462957,treino_interno
LA_E_9463303,treino_interno
LA_E_9463513,early_stopping
LA_E_9463865,treino_interno
LA_E_9463871,treino_interno
LA_E_9464139,treino_interno
LA_E_9464364,treino_interno
LA_E_9464546,treino_interno
LA_E_9464783,treino_interno
LA_E_9465646,treino_interno
LA_E_9465746,treino_interno
LA_E_9465879,treino_interno
LA_E_9466345,treino_interno
LA_E_9466661,treino_interno
LA_E_9466777,early_stopping
LA_E_9467548,early_stopping
LA_E_9468835,early_stopping
LA_E_9469071,treino_interno
LA_E_9469356,treino_interno
LA_E_9469582,treino_interno
LA_E_9469739,treino_interno
LA_E_9470475,treino_interno
LA_E_9470611,early_stopping
LA_E_9470713,treino_interno
LA_E_9471069,treino_interno
LA_E_9471369,treino_interno
LA_E_9472050,treino_interno
LA_E_9472573,treino_interno
LA_E_9472806,treino_interno
LA_E_9473109,treino_interno
LA_E_9473503,early_stopping
LA_E_9474089,treino_interno
LA_E_9474169,treino_interno
LA_E_9474222,treino_interno
LA_E_9474424,early_stopping
LA_E_9474520,treino_interno
LA_E_9474557,treino_interno
LA_E_9475041,early_stopping
LA_E_9475124,treino_interno
LA_E_9475288,treino_interno
LA_E_9475565,treino_interno
LA_E_9476200,treino_interno
LA_E_9476270,treino_interno
LA_E_9476685,treino_interno
LA_E_9476799,treino_interno
LA_E_9477000,treino_interno
LA_E_9477063,treino_interno
LA_E_9477333,early_stopping
LA_E_9477580,treino_interno
LA_E_9477582,early_stopping
LA_E_9477716,treino_interno
LA_E_9478052,treino_interno
LA_E_9479593,early_stopping
LA_E_9479734,treino_interno
LA_E_9479790,early_stopping
LA_E_9480037,treino_interno
LA_E_9480178,treino_interno
LA_E_9480418,treino_interno
LA_E_9480769,treino_interno
LA_E_9480783,early_stopping
LA_E_9480909,treino_interno
LA_E_9481744,treino_interno
LA_E_9481957,treino_interno
LA_E_9482045,treino_interno
LA_E_9482322,treino_interno
LA_E_9483186,treino_interno
LA_E_9483402,treino_interno
LA_E_9483864,treino_interno
LA_E_9484364,treino_interno
LA_E_9484492,treino_interno
LA_E_9484715,treino_interno
LA_E_9484932,early_stopping
LA_E_9485042,treino_interno
LA_E_9485067,treino_interno
LA_E_9485162,treino_interno
LA_E_9485385,treino_interno
LA_E_9485443,treino_interno
LA_E_9485558,treino_interno
LA_E_9486262,treino_interno
LA_E_9486376,treino_interno
LA_E_9486396,early_stopping
LA_E_9486408,treino_interno
LA_E_9487958,treino_interno
LA_E_9488047,treino_interno
LA_E_9488266,early_stopping
LA_E_9488301,treino_interno
LA_E_9488525,early_stopping
LA_E_9488917,treino_interno
LA_E_9489522,treino_interno
LA_E_9489882,treino_interno
LA_E_9490574,treino_interno
LA_E_9491562,treino_interno
LA_E_9491732,treino_interno
LA_E_9492065,treino_interno
LA_E_9492287,treino_interno
LA_E_9492363,treino_interno
LA_E_9492471,treino_interno
LA_E_9492995,early_stopping
LA_E_9493010,treino_interno
LA_E_9493079,treino_interno
LA_E_9493226,treino_interno
LA_E_9493338,treino_interno
LA_E_9493431,treino_interno
LA_E_9493435,treino_interno
LA_E_9494205,treino_interno
LA_E_9494363,treino_interno
LA_E_9494821,treino_interno
LA_E_9495157,treino_interno
LA_E_9495224,treino_interno
LA_E_9495581,treino_interno
LA_E_9495616,treino_interno
LA_E_9496099,treino_interno
LA_E_9496418,treino_interno
LA_E_9497287,treino_interno
LA_E_9497859,treino_interno
LA_E_9498328,treino_interno
LA_E_9498495,treino_interno
LA_E_9498642,treino_interno
LA_E_9499154,treino_interno
LA_E_9499311,treino_interno
LA_E_9499523,treino_interno
LA_E_9499548,treino_interno
LA_E_9499630,treino_interno
LA_E_9499645,treino_interno
LA_E_9500416,treino_interno
LA_E_9500635,treino_interno
LA_E_9500828,treino_interno
LA_E_9501294,treino_interno
LA_E_9501641,treino_interno
LA_E_9501688,treino_interno
LA_E_9502023,treino_interno
LA_E_9502029,treino_interno
LA_E_9502144,treino_interno
LA_E_9502264,early_stopping
LA_E_9502602,treino_interno
LA_E_9502775,treino_interno
LA_E_9503148,treino_interno
LA_E_9504210,treino_interno
LA_E_9504281,treino_interno
LA_E_9504639,treino_interno
LA_E_9506063,treino_interno
LA_E_9506123,treino_interno
LA_E_9506360,early_stopping
LA_E_9506561,treino_interno
LA_E_9507673,treino_interno
LA_E_9508147,treino_interno
LA_E_9508182,treino_interno
LA_E_9508449,treino_interno
LA_E_9508701,treino_interno
LA_E_9509074,treino_interno
LA_E_9509085,treino_interno
LA_E_9510070,treino_interno
LA_E_9510072,treino_interno
LA_E_9510182,treino_interno
LA_E_9510385,treino_interno
LA_E_9510534,treino_interno
LA_E_9510557,treino_interno
LA_E_9510608,treino_interno
LA_E_9510984,treino_interno
LA_E_9511322,treino_interno
LA_E_9512337,treino_interno
LA_E_9512480,early_stopping
LA_E_9513284,treino_interno
LA_E_9513946,treino_interno
LA_E_9514347,treino_interno
LA_E_9514500,early_stopping
LA_E_9514704,early_stopping
LA_E_9514866,treino_interno
LA_E_9514964,early_stopping
LA_E_9515079,early_stopping
LA_E_9515569,early_stopping
LA_E_9516184,treino_interno
LA_E_9516247,treino_interno
LA_E_9516730,treino_interno
LA_E_9517320,treino_interno
LA_E_9517751,treino_interno
LA_E_9518078,treino_interno
LA_E_9518348,treino_interno
LA_E_9518569,treino_interno
LA_E_9518827,treino_interno
LA_E_9519014,early_stopping
LA_E_9519114,treino_interno
LA_E_9519506,treino_interno
LA_E_9519674,treino_interno
LA_E_9519726,treino_interno
LA_E_9520621,treino_interno
LA_E_9521006,treino_interno
LA_E_9521020,early_stopping
LA_E_9521277,treino_interno
LA_E_9521560,treino_interno
LA_E_9521767,treino_interno
LA_E_9522128,treino_interno
LA_E_9522194,treino_interno
LA_E_9522470,treino_interno
LA_E_9522766,treino_interno
LA_E_9522865,treino_interno
LA_E_9522982,treino_interno
LA_E_9523072,treino_interno
LA_E_9523489,treino_interno
LA_E_9523668,early_stopping
LA_E_9523730,treino_interno
LA_E_9523820,treino_interno
LA_E_9524493,treino_interno
LA_E_9524871,treino_interno
LA_E_9526250,treino_interno
LA_E_9526679,treino_interno
LA_E_9526805,treino_interno
LA_E_9526925,treino_interno
LA_E_9527969,treino_interno
LA_E_9528000,early_stopping
LA_E_9528001,treino_interno
LA_E_9528321,treino_interno
LA_E_9528563,treino_interno
LA_E_9529291,treino_interno
LA_E_9530170,treino_interno
LA_E_9530381,early_stopping
LA_E_9530845,treino_interno
LA_E_9530848,early_stopping
LA_E_9530869,treino_interno
LA_E_9531094,early_stopping
LA_E_9532511,treino_interno
LA_E_9532608,treino_interno
LA_E_9532756,treino_interno
LA_E_9532771,early_stopping
LA_E_9533475,treino_interno
LA_E_9533491,treino_interno
LA_E_9533622,treino_interno
LA_E_9533981,treino_interno
LA_E_9534147,treino_interno
LA_E_9534215,treino_interno
LA_E_9534651,treino_interno
LA_E_9534882,treino_interno
LA_E_9534903,treino_interno
LA_E_9535690,treino_interno
LA_E_9535762,treino_interno
LA_E_9535863,treino_interno
LA_E_9536105,early_stopping
LA_E_9536273,treino_interno
LA_E_9536713,treino_interno
LA_E_9536792,treino_interno
LA_E_9538358,treino_interno
LA_E_9538467,treino_interno
LA_E_9538532,treino_interno
LA_E_9538692,treino_interno
LA_E_9538900,early_stopping
LA_E_9539119,treino_interno
LA_E_9539371,treino_interno
LA_E_9539739,treino_interno
LA_E_9539757,treino_interno
LA_E_9540120,treino_interno
LA_E_9540396,treino_interno
LA_E_9540729,treino_interno
LA_E_9540775,early_stopping
LA_E_9541467,treino_interno
LA_E_9541572,treino_interno
LA_E_9542158,treino_interno
LA_E_9542253,treino_interno
LA_E_9542934,treino_interno
LA_E_9542941,treino_interno
LA_E_9543373,treino_interno
LA_E_9543601,treino_interno
LA_E_9543827,treino_interno
LA_E_9543952,treino_interno
LA_E_9544314,early_stopping
LA_E_9544416,treino_interno
LA_E_9545320,early_stopping
LA_E_9545574,treino_interno
LA_E_9545697,treino_interno
LA_E_9545858,early_stopping
LA_E_9545859,early_stopping
LA_E_9545899,early_stopping
LA_E_9546005,treino_interno
LA_E_9546168,treino_interno
LA_E_9546259,treino_interno
LA_E_9546848,treino_interno
LA_E_9547161,treino_interno
LA_E_9547459,treino_interno
LA_E_9548244,treino_interno
LA_E_9548840,early_stopping
LA_E_9549323,treino_interno
LA_E_9549573,treino_interno
LA_E_9549908,treino_interno
LA_E_9549974,treino_interno
LA_E_9550488,early_stopping
LA_E_9550608,treino_interno
LA_E_9551178,treino_interno
LA_E_9551445,treino_interno
LA_E_9551536,treino_interno
LA_E_9552284,treino_interno
LA_E_9552308,treino_interno
LA_E_9552367,early_stopping
LA_E_9552620,treino_interno
LA_E_9553414,treino_interno
LA_E_9553664,treino_interno
LA_E_9553799,treino_interno
LA_E_9553890,treino_interno
LA_E_9553900,treino_interno
LA_E_9553966,treino_interno
LA_E_9554005,treino_interno
LA_E_9554416,treino_interno
LA_E_9554969,treino_interno
LA_E_9555530,treino_interno
LA_E_9555671,treino_interno
LA_E_9555841,treino_interno
LA_E_9556001,treino_interno
LA_E_9556030,treino_interno
LA_E_9556096,treino_interno
LA_E_9556114,treino_interno
LA_E_9556241,treino_interno
LA_E_9556971,early_stopping
LA_E_9557075,treino_interno
LA_E_9557112,treino_interno
LA_E_9557345,treino_interno
LA_E_9557626,treino_interno
LA_E_9558093,treino_interno
LA_E_9558227,treino_interno
LA_E_9558609,treino_interno
LA_E_9558696,early_stopping
LA_E_9559242,treino_interno
LA_E_9559635,early_stopping
LA_E_9559709,treino_interno
LA_E_9560763,treino_interno
LA_E_9560913,early_stopping
LA_E_9561076,treino_interno
LA_E_9561126,early_stopping
LA_E_9561602,treino_interno
LA_E_9561829,treino_interno
LA_E_9562167,treino_interno
LA_E_9562242,treino_interno
LA_E_9562520,treino_interno
LA_E_9562581,treino_interno
LA_E_9562605,treino_interno
LA_E_9562698,treino_interno
LA_E_9562738,treino_interno
LA_E_9563106,treino_interno
LA_E_9563425,early_stopping
LA_E_9563533,treino_interno
LA_E_9564143,treino_interno
LA_E_9564288,treino_interno
LA_E_9564487,treino_interno
LA_E_9564784,treino_interno
LA_E_9565032,treino_interno
LA_E_9565464,treino_interno
LA_E_9565522,treino_interno
LA_E_9565653,treino_interno
LA_E_9565891,treino_interno
LA_E_9566199,treino_interno
LA_E_9566355,treino_interno
LA_E_9566412,early_stopping
LA_E_9566432,treino_interno
LA_E_9566993,treino_interno
LA_E_9567260,treino_interno
LA_E_9567333,treino_interno
LA_E_9567793,treino_interno
LA_E_9568051,early_stopping
LA_E_9568687,treino_interno
LA_E_9569335,treino_interno
LA_E_9570085,treino_interno
LA_E_9570323,treino_interno
LA_E_9570399,treino_interno
LA_E_9570553,treino_interno
LA_E_9570803,treino_interno
LA_E_9570890,early_stopping
LA_E_9571406,treino_interno
LA_E_9571460,treino_interno
LA_E_9571587,treino_interno
LA_E_9572873,treino_interno
LA_E_9573337,treino_interno
LA_E_9573563,treino_interno
LA_E_9573767,treino_interno
LA_E_9574042,treino_interno
LA_E_9574339,treino_interno
LA_E_9574599,treino_interno
LA_E_9574727,treino_interno
LA_E_9574951,treino_interno
LA_E_9575572,treino_interno
LA_E_9575763,treino_interno
LA_E_9576041,treino_interno
LA_E_9576318,treino_interno
LA_E_9576995,treino_interno
LA_E_9577389,early_stopping
LA_E_9577582,treino_interno
LA_E_9577584,treino_interno
LA_E_9577637,treino_interno
LA_E_9578067,treino_interno
LA_E_9578636,treino_interno
LA_E_9578890,treino_interno
LA_E_9579322,treino_interno
LA_E_9579567,treino_interno
LA_E_9580381,treino_interno
LA_E_9580451,treino_interno
LA_E_9580655,treino_interno
LA_E_9580783,treino_interno
LA_E_9580906,treino_interno
LA_E_9580986,treino_interno
LA_E_9581011,treino_interno
LA_E_9581539,treino_interno
LA_E_9581757,treino_interno
LA_E_9582101,treino_interno
LA_E_9582129,treino_interno
LA_E_9582928,treino_interno
LA_E_9583099,treino_interno
LA_E_9583575,early_stopping
LA_E_9584157,early_stopping
LA_E_9585040,early_stopping
LA_E_9586341,treino_interno
LA_E_9586478,treino_interno
LA_E_9586537,early_stopping
LA_E_9586686,treino_interno
LA_E_9587418,treino_interno
LA_E_9587962,treino_interno
LA_E_9588140,treino_interno
LA_E_9588533,treino_interno
LA_E_9589217,treino_interno
LA_E_9589279,treino_interno
LA_E_9589306,early_stopping
LA_E_9589417,early_stopping
LA_E_9590277,treino_interno
LA_E_9591229,treino_interno
LA_E_9591802,treino_interno
LA_E_9591918,treino_interno
LA_E_9592394,early_stopping
LA_E_9592408,treino_interno
LA_E_9592712,treino_interno
LA_E_9592856,treino_interno
LA_E_9593035,treino_interno
LA_E_9593063,treino_interno
LA_E_9593355,treino_interno
LA_E_9593814,early_stopping
LA_E_9594577,treino_interno
LA_E_9594677,treino_interno
LA_E_9594812,treino_interno
LA_E_9594937,treino_interno
LA_E_9595003,treino_interno
LA_E_9595233,treino_interno
LA_E_9596131,treino_interno
LA_E_9596133,treino_interno
LA_E_9596396,treino_interno
LA_E_9597220,treino_interno
LA_E_9597349,treino_interno
LA_E_9597372,early_stopping
LA_E_9598216,treino_interno
LA_E_9598404,treino_interno
LA_E_9599263,early_stopping
LA_E_9599457,treino_interno
LA_E_9599600,treino_interno
LA_E_9599771,treino_interno
LA_E_9600167,treino_interno
LA_E_9600624,treino_interno
LA_E_9600935,treino_interno
LA_E_9601531,early_stopping
LA_E_9601537,treino_interno
LA_E_9601906,treino_interno
LA_E_9601990,treino_interno
LA_E_9602421,treino_interno
LA_E_9602502,treino_interno
LA_E_9602628,early_stopping
LA_E_9603073,treino_interno
LA_E_9603392,treino_interno
LA_E_9604914,treino_interno
LA_E_9605433,treino_interno
LA_E_9605757,treino_interno
LA_E_9605895,treino_interno
LA_E_9606144,treino_interno
LA_E_9606184,treino_interno
LA_E_9606500,treino_interno
LA_E_9606635,early_stopping
LA_E_9606923,treino_interno
LA_E_9607428,early_stopping
LA_E_9607524,early_stopping
LA_E_9607536,treino_interno
LA_E_9607657,treino_interno
LA_E_9607870,treino_interno
LA_E_9608108,treino_interno
LA_E_9608135,treino_interno
LA_E_9608223,early_stopping
LA_E_9608805,treino_interno
LA_E_9609483,treino_interno
LA_E_9609498,treino_interno
LA_E_9609695,treino_interno
LA_E_9609750,treino_interno
LA_E_9609779,treino_interno
LA_E_9610026,early_stopping
LA_E_9610869,treino_interno
LA_E_9610915,treino_interno
LA_E_9610995,treino_interno
LA_E_9611123,treino_interno
LA_E_9611186,treino_interno
LA_E_9611369,treino_interno
LA_E_9611391,treino_interno
LA_E_9611467,treino_interno
LA_E_9611679,treino_interno
LA_E_9612035,early_stopping
LA_E_9613033,treino_interno
LA_E_9613262,treino_interno
LA_E_9613489,treino_interno
LA_E_9613520,treino_interno
LA_E_9614071,treino_interno
LA_E_9614373,treino_interno
LA_E_9614802,treino_interno
LA_E_9615141,treino_interno
LA_E_9615198,treino_interno
LA_E_9615519,treino_interno
LA_E_9616318,treino_interno
LA_E_9616495,treino_interno
LA_E_9617039,treino_interno
LA_E_9618697,treino_interno
LA_E_9618855,early_stopping
LA_E_9619099,treino_interno
LA_E_9619324,early_stopping
LA_E_9619551,treino_interno
LA_E_9620041,treino_interno
LA_E_9620049,treino_interno
LA_E_9620185,treino_interno
LA_E_9620620,early_stopping
LA_E_9620859,treino_interno
LA_E_9621149,treino_interno
LA_E_9621335,treino_interno
LA_E_9621809,treino_interno
LA_E_9621996,treino_interno
LA_E_9622158,treino_interno
LA_E_9622782,treino_interno
LA_E_9623104,treino_interno
LA_E_9623328,treino_interno
LA_E_9623486,treino_interno
LA_E_9623778,treino_interno
LA_E_9623934,treino_interno
LA_E_9624552,treino_interno
LA_E_9625291,treino_interno
LA_E_9625411,treino_interno
LA_E_9625478,treino_interno
LA_E_9625669,treino_interno
LA_E_9626096,treino_interno
LA_E_9626259,treino_interno
LA_E_9626294,treino_interno
LA_E_9626362,treino_interno
LA_E_9626613,treino_interno
LA_E_9626814,treino_interno
LA_E_9627195,treino_interno
LA_E_9628269,treino_interno
LA_E_9628360,early_stopping
LA_E_9628430,treino_interno
LA_E_9629217,treino_interno
LA_E_9629298,early_stopping
LA_E_9629418,treino_interno
LA_E_9630047,early_stopping
LA_E_9630189,early_stopping
LA_E_9630289,treino_interno
LA_E_9630386,treino_interno
LA_E_9630465,treino_interno
LA_E_9631535,treino_interno
LA_E_9632377,early_stopping
LA_E_9632426,treino_interno
LA_E_9633131,treino_interno
LA_E_9633273,treino_interno
LA_E_9633392,treino_interno
LA_E_9634009,treino_interno
LA_E_9634348,treino_interno
LA_E_9634495,treino_interno
LA_E_9634703,early_stopping
LA_E_9635800,treino_interno
LA_E_9635853,treino_interno
LA_E_9636812,treino_interno
LA_E_9637075,treino_interno
LA_E_9637163,treino_interno
LA_E_9637294,treino_interno
LA_E_9637835,early_stopping
LA_E_9637862,treino_interno
LA_E_9637905,treino_interno
LA_E_9638037,treino_interno
LA_E_9638957,treino_interno
LA_E_9638982,early_stopping
LA_E_9639057,treino_interno
LA_E_9639104,treino_interno
LA_E_9639229,treino_interno
LA_E_9639244,treino_interno
LA_E_9639495,treino_interno
LA_E_9639696,treino_interno
LA_E_9639881,treino_interno
LA_E_9639966,treino_interno
LA_E_9640599,treino_interno
LA_E_9641938,treino_interno
LA_E_9642457,treino_interno
LA_E_9642670,treino_interno
LA_E_9642689,treino_interno
LA_E_9642727,treino_interno
LA_E_9642733,treino_interno
LA_E_9642932,treino_interno
LA_E_9643052,treino_interno
LA_E_9643084,treino_interno
LA_E_9643862,treino_interno
LA_E_9644143,treino_interno
LA_E_9644243,early_stopping
LA_E_9644253,treino_interno
LA_E_9644462,treino_interno
LA_E_9646430,treino_interno
LA_E_9646938,treino_interno
LA_E_9647319,treino_interno
LA_E_9647520,treino_interno
LA_E_9647993,treino_interno
LA_E_9648482,early_stopping
LA_E_9648506,treino_interno
LA_E_9648534,treino_interno
LA_E_9648656,treino_interno
LA_E_9648671,treino_interno
LA_E_9648723,treino_interno
LA_E_9648858,early_stopping
LA_E_9649697,treino_interno
LA_E_9650561,treino_interno
LA_E_9651158,treino_interno
LA_E_9651229,early_stopping
LA_E_9651294,treino_interno
LA_E_9652836,treino_interno
LA_E_9652847,treino_interno
LA_E_9653245,treino_interno
LA_E_9653364,early_stopping
LA_E_9653516,treino_interno
LA_E_9653811,treino_interno
LA_E_9654083,treino_interno
LA_E_9654375,treino_interno
LA_E_9654589,early_stopping
LA_E_9654853,treino_interno
LA_E_9655028,treino_interno
LA_E_9655292,treino_interno
LA_E_9656128,treino_interno
LA_E_9656425,treino_interno
LA_E_9657134,treino_interno
LA_E_9657235,early_stopping
LA_E_9657532,treino_interno
LA_E_9657627,treino_interno
LA_E_9658030,treino_interno
LA_E_9658198,treino_interno
LA_E_9658207,treino_interno
LA_E_9658318,treino_interno
LA_E_9658441,early_stopping
LA_E_9659417,treino_interno
LA_E_9659812,treino_interno
LA_E_9660139,treino_interno
LA_E_9660616,treino_interno
LA_E_9660658,treino_interno
LA_E_9661476,treino_interno
LA_E_9661592,treino_interno
LA_E_9661635,treino_interno
LA_E_9661753,treino_interno
LA_E_9662186,treino_interno
LA_E_9663055,treino_interno
LA_E_9663780,treino_interno
LA_E_9663882,treino_interno
LA_E_9664228,treino_interno
LA_E_9664379,treino_interno
LA_E_9665121,treino_interno
LA_E_9665369,treino_interno
LA_E_9666013,treino_interno
LA_E_9666137,treino_interno
LA_E_9666155,treino_interno
LA_E_9667359,early_stopping
LA_E_9667519,treino_interno
LA_E_9667625,early_stopping
LA_E_9667971,treino_interno
LA_E_9668515,treino_interno
LA_E_9668864,treino_interno
LA_E_9669193,treino_interno
LA_E_9669665,treino_interno
LA_E_9669745,treino_interno
LA_E_9669965,treino_interno
LA_E_9669995,treino_interno
LA_E_9670217,early_stopping
LA_E_9670662,early_stopping
LA_E_9670845,early_stopping
LA_E_9670897,early_stopping
LA_E_9670922,treino_interno
LA_E_9671225,early_stopping
LA_E_9671375,treino_interno
LA_E_9671550,treino_interno
LA_E_9671921,early_stopping
LA_E_9671964,treino_interno
LA_E_9672225,treino_interno
LA_E_9672402,treino_interno
LA_E_9672461,treino_interno
LA_E_9672468,treino_interno
LA_E_9673372,treino_interno
LA_E_9673470,treino_interno
LA_E_9673686,treino_interno
LA_E_9674244,treino_interno
LA_E_9674667,treino_interno
LA_E_9675074,treino_interno
LA_E_9676306,treino_interno
LA_E_9676307,treino_interno
LA_E_9676644,treino_interno
LA_E_9677174,treino_interno
LA_E_9678677,treino_interno
LA_E_9678976,treino_interno
LA_E_9679236,treino_interno
LA_E_9680070,treino_interno
LA_E_9680190,treino_interno
LA_E_9680209,treino_interno
LA_E_9680249,treino_interno
LA_E_9680834,treino_interno
LA_E_9681256,treino_interno
LA_E_9681351,treino_interno
LA_E_9681515,treino_interno
LA_E_9682570,treino_interno
LA_E_9683897,treino_interno
LA_E_9684318,treino_interno
LA_E_9684340,treino_interno
LA_E_9684491,treino_interno
LA_E_9684815,treino_interno
LA_E_9684829,treino_interno
LA_E_9685279,treino_interno
LA_E_9685306,treino_interno
LA_E_9685426,early_stopping
LA_E_9685445,treino_interno
LA_E_9685563,treino_interno
LA_E_9685995,early_stopping
LA_E_9686128,treino_interno
LA_E_9686320,treino_interno
LA_E_9686544,treino_interno
LA_E_9687060,treino_interno
LA_E_9687400,treino_interno
LA_E_9687612,treino_interno
LA_E_9687674,early_stopping
LA_E_9687764,treino_interno
LA_E_9689299,treino_interno
LA_E_9689416,treino_interno
LA_E_9690284,treino_interno
LA_E_9690556,treino_interno
LA_E_9691202,early_stopping
LA_E_9691239,treino_interno
LA_E_9691526,treino_interno
LA_E_9691784,treino_interno
LA_E_9692785,early_stopping
LA_E_9693033,treino_interno
LA_E_9693936,treino_interno
LA_E_9694122,treino_interno
LA_E_9694563,treino_interno
LA_E_9694830,treino_interno
LA_E_9694915,treino_interno
LA_E_9695097,treino_interno
LA_E_9695422,treino_interno
LA_E_9695581,treino_interno
LA_E_9695638,treino_interno
LA_E_9696393,treino_interno
LA_E_9696857,treino_interno
LA_E_9697662,treino_interno
LA_E_9697904,treino_interno
LA_E_9698619,treino_interno
LA_E_9698761,treino_interno
LA_E_9698816,treino_interno
LA_E_9699522,treino_interno
LA_E_9699577,treino_interno
LA_E_9700010,treino_interno
LA_E_9700331,early_stopping
LA_E_9700384,treino_interno
LA_E_9700837,treino_interno
LA_E_9700972,treino_interno
LA_E_9701183,treino_interno
LA_E_9701207,treino_interno
LA_E_9701888,treino_interno
LA_E_9702475,treino_interno
LA_E_9702695,early_stopping
LA_E_9702879,treino_interno
LA_E_9702924,early_stopping
LA_E_9703542,treino_interno
LA_E_9703601,treino_interno
LA_E_9703616,treino_interno
LA_E_9703934,treino_interno
LA_E_9705655,treino_interno
LA_E_9706236,treino_interno
LA_E_9706744,treino_interno
LA_E_9706756,treino_interno
LA_E_9707609,treino_interno
LA_E_9707861,treino_interno
LA_E_9708749,treino_interno
LA_E_9708858,treino_interno
LA_E_9709713,early_stopping
LA_E_9709956,treino_interno
LA_E_9710133,treino_interno
LA_E_9710208,treino_interno
LA_E_9710629,treino_interno
LA_E_9710850,treino_interno
LA_E_9711443,treino_interno
LA_E_9711513,treino_interno
LA_E_9712125,treino_interno
LA_E_9712789,treino_interno
LA_E_9713343,early_stopping
LA_E_9713383,treino_interno
LA_E_9713528,early_stopping
LA_E_9714347,treino_interno
LA_E_9714955,treino_interno
LA_E_9715489,treino_interno
LA_E_9716146,treino_interno
LA_E_9716302,early_stopping
LA_E_9716445,treino_interno
LA_E_9716606,treino_interno
LA_E_9717045,treino_interno
LA_E_9717267,treino_interno
LA_E_9717281,treino_interno
LA_E_9717777,treino_interno
LA_E_9717943,treino_interno
LA_E_9718215,treino_interno
LA_E_9718351,treino_interno
LA_E_9718615,treino_interno
LA_E_9718842,treino_interno
LA_E_9718934,treino_interno
LA_E_9718960,treino_interno
LA_E_9719229,treino_interno
LA_E_9719730,early_stopping
LA_E_9720094,treino_interno
LA_E_9720407,treino_interno
LA_E_9720619,treino_interno
LA_E_9721215,treino_interno
LA_E_9722098,treino_interno
LA_E_9722251,treino_interno
LA_E_9722472,treino_interno
LA_E_9723074,treino_interno
LA_E_9723088,treino_interno
LA_E_9723122,treino_interno
LA_E_9723521,early_stopping
LA_E_9723953,treino_interno
LA_E_9724000,treino_interno
LA_E_9724438,treino_interno
LA_E_9724479,treino_interno
LA_E_9724750,treino_interno
LA_E_9724785,treino_interno
LA_E_9724847,treino_interno
LA_E_9725017,treino_interno
LA_E_9725225,treino_interno
LA_E_9725931,treino_interno
LA_E_9725963,early_stopping
LA_E_9726171,treino_interno
LA_E_9726190,treino_interno
LA_E_9726261,treino_interno
LA_E_9726989,treino_interno
LA_E_9727515,treino_interno
LA_E_9727866,early_stopping
LA_E_9728094,treino_interno
LA_E_9728133,treino_interno
LA_E_9728861,treino_interno
LA_E_9728985,treino_interno
LA_E_9729553,treino_interno
LA_E_9730304,treino_interno
LA_E_9730353,treino_interno
LA_E_9731038,treino_interno
LA_E_9731827,treino_interno
LA_E_9731865,early_stopping
LA_E_9732508,early_stopping
LA_E_9732635,treino_interno
LA_E_9732758,treino_interno
LA_E_9733174,treino_interno
LA_E_9733533,treino_interno
LA_E_9733578,treino_interno
LA_E_9733581,treino_interno
LA_E_9733730,treino_interno
LA_E_9733913,early_stopping
LA_E_9733933,treino_interno
LA_E_9735499,treino_interno
LA_E_9735669,treino_interno
LA_E_9736150,early_stopping
LA_E_9736986,early_stopping
LA_E_9737291,early_stopping
LA_E_9738144,treino_interno
LA_E_9738420,treino_interno
LA_E_9739131,early_stopping
LA_E_9739644,treino_interno
LA_E_9739794,treino_interno
LA_E_9739898,treino_interno
LA_E_9739927,treino_interno
LA_E_9741111,treino_interno
LA_E_9741690,treino_interno
LA_E_9742038,treino_interno
LA_E_9742130,treino_interno
LA_E_9742166,treino_interno
LA_E_9742224,early_stopping
LA_E_9742607,treino_interno
LA_E_9742790,treino_interno
LA_E_9743159,treino_interno
LA_E_9743401,treino_interno
LA_E_9743722,treino_interno
LA_E_9743746,treino_interno
LA_E_9743837,treino_interno
LA_E_9744088,treino_interno
LA_E_9744816,treino_interno
LA_E_9744958,treino_interno
LA_E_9745179,treino_interno
LA_E_9745999,treino_interno
LA_E_9746206,treino_interno
LA_E_9746240,treino_interno
LA_E_9746628,treino_interno
LA_E_9747264,treino_interno
LA_E_9747306,treino_interno
LA_E_9747932,treino_interno
LA_E_9748740,treino_interno
LA_E_9749080,treino_interno
LA_E_9749197,treino_interno
LA_E_9749309,treino_interno
LA_E_9749417,treino_interno
LA_E_9749451,treino_interno
LA_E_9750562,treino_interno
LA_E_9750582,treino_interno
LA_E_9751804,treino_interno
LA_E_9753159,treino_interno
LA_E_9753955,treino_interno
LA_E_9754033,treino_interno
LA_E_9754503,treino_interno
LA_E_9755108,early_stopping
LA_E_9755280,treino_interno
LA_E_9755344,treino_interno
LA_E_9755403,treino_interno
LA_E_9755673,treino_interno
LA_E_9756781,treino_interno
LA_E_9756795,treino_interno
LA_E_9757477,treino_interno
LA_E_9758291,treino_interno
LA_E_9758545,treino_interno
LA_E_9758612,treino_interno
LA_E_9759564,treino_interno
LA_E_9759579,early_stopping
LA_E_9759707,treino_interno
LA_E_9760010,early_stopping
LA_E_9760233,treino_interno
LA_E_9760648,treino_interno
LA_E_9762380,treino_interno
LA_E_9762432,treino_interno
LA_E_9762573,treino_interno
LA_E_9762601,treino_interno
LA_E_9762783,treino_interno
LA_E_9763081,treino_interno
LA_E_9763347,early_stopping
LA_E_9763360,treino_interno
LA_E_9763986,early_stopping
LA_E_9764808,treino_interno
LA_E_9765716,treino_interno
LA_E_9766059,treino_interno
LA_E_9766654,treino_interno
LA_E_9766923,treino_interno
LA_E_9767666,treino_interno
LA_E_9767715,treino_interno
LA_E_9768447,treino_interno
LA_E_9769678,early_stopping
LA_E_9769858,treino_interno
LA_E_9770267,treino_interno
LA_E_9770272,treino_interno
LA_E_9770855,treino_interno
LA_E_9771015,treino_interno
LA_E_9771379,treino_interno
LA_E_9771446,treino_interno
LA_E_9772237,early_stopping
LA_E_9772336,treino_interno
LA_E_9772350,treino_interno
LA_E_9773165,treino_interno
LA_E_9773601,treino_interno
LA_E_9774683,treino_interno
LA_E_9774998,treino_interno
LA_E_9775525,early_stopping
LA_E_9775874,treino_interno
LA_E_9775907,treino_interno
LA_E_9776087,treino_interno
LA_E_9776113,treino_interno
LA_E_9776444,treino_interno
LA_E_9776551,treino_interno
LA_E_9776946,treino_interno
LA_E_9777459,treino_interno
LA_E_9777734,treino_interno
LA_E_9777964,treino_interno
LA_E_9778214,treino_interno
LA_E_9778426,treino_interno
LA_E_9778508,treino_interno
LA_E_9778615,early_stopping
LA_E_9778705,early_stopping
LA_E_9779750,treino_interno
LA_E_9780383,early_stopping
LA_E_9780566,treino_interno
LA_E_9780777,treino_interno
LA_E_9781549,treino_interno
LA_E_9781812,treino_interno
LA_E_9783580,early_stopping
LA_E_9784248,treino_interno
LA_E_9785174,treino_interno
LA_E_9785253,treino_interno
LA_E_9785740,treino_interno
LA_E_9786248,treino_interno
LA_E_9786758,treino_interno
LA_E_9786761,treino_interno
LA_E_9787219,treino_interno
LA_E_9787612,treino_interno
LA_E_9787952,treino_interno
LA_E_9789053,treino_interno
LA_E_9789097,treino_interno
LA_E_9789228,treino_interno
LA_E_9790650,treino_interno
LA_E_9792106,treino_interno
LA_E_9792215,treino_interno
LA_E_9792306,treino_interno
LA_E_9792351,treino_interno
LA_E_9792456,treino_interno
LA_E_9793107,treino_interno
LA_E_9794713,treino_interno
LA_E_9794887,early_stopping
LA_E_9795045,early_stopping
LA_E_9796702,treino_interno
LA_E_9797046,treino_interno
LA_E_9797083,treino_interno
LA_E_9797238,treino_interno
LA_E_9797454,treino_interno
LA_E_9797581,treino_interno
LA_E_9797639,treino_interno
LA_E_9799002,treino_interno
LA_E_9799051,treino_interno
LA_E_9799323,treino_interno
LA_E_9799491,treino_interno
LA_E_9799824,treino_interno
LA_E_9800287,treino_interno
LA_E_9800449,treino_interno
LA_E_9800598,treino_interno
LA_E_9800739,treino_interno
LA_E_9800764,treino_interno
LA_E_9801143,treino_interno
LA_E_9801239,treino_interno
LA_E_9801274,treino_interno
LA_E_9802405,treino_interno
LA_E_9802596,early_stopping
LA_E_9802894,treino_interno
LA_E_9803749,treino_interno
LA_E_9803972,treino_interno
LA_E_9804533,treino_interno
LA_E_9804653,treino_interno
LA_E_9805721,treino_interno
LA_E_9806965,treino_interno
LA_E_9806993,treino_interno
LA_E_9807188,treino_interno
LA_E_9808087,treino_interno
LA_E_9808173,treino_interno
LA_E_9808255,treino_interno
LA_E_9808257,early_stopping
LA_E_9808338,treino_interno
LA_E_9808502,treino_interno
LA_E_9808713,treino_interno
LA_E_9808729,early_stopping
LA_E_9809358,treino_interno
LA_E_9809401,treino_interno
LA_E_9809717,treino_interno
LA_E_9809855,treino_interno
LA_E_9809866,treino_interno
LA_E_9810330,early_stopping
LA_E_9810491,treino_interno
LA_E_9810564,treino_interno
LA_E_9810853,treino_interno
LA_E_9811299,treino_interno
LA_E_9811589,treino_interno
LA_E_9811688,treino_interno
LA_E_9812042,treino_interno
LA_E_9812643,treino_interno
LA_E_9812782,treino_interno
LA_E_9814390,treino_interno
LA_E_9815037,treino_interno
LA_E_9816260,early_stopping
LA_E_9817502,treino_interno
LA_E_9818164,treino_interno
LA_E_9818269,treino_interno
LA_E_9818921,treino_interno
LA_E_9818922,early_stopping
LA_E_9819625,treino_interno
LA_E_9820385,treino_interno
LA_E_9820577,treino_interno
LA_E_9821474,treino_interno
LA_E_9821565,treino_interno
LA_E_9821823,treino_interno
LA_E_9821895,treino_interno
LA_E_9823185,treino_interno
LA_E_9823462,treino_interno
LA_E_9824211,treino_interno
LA_E_9824330,early_stopping
LA_E_9826000,treino_interno
LA_E_9826180,treino_interno
LA_E_9826310,treino_interno
LA_E_9826628,treino_interno
LA_E_9826689,treino_interno
LA_E_9827968,treino_interno
LA_E_9828237,treino_interno
LA_E_9828248,treino_interno
LA_E_9828684,treino_interno
LA_E_9829199,treino_interno
LA_E_9829439,treino_interno
LA_E_9830178,treino_interno
LA_E_9830288,treino_interno
LA_E_9830739,treino_interno
LA_E_9830862,treino_interno
LA_E_9832026,treino_interno
LA_E_9832259,treino_interno
LA_E_9832435,treino_interno
LA_E_9832750,treino_interno
LA_E_9833124,early_stopping
LA_E_9833187,treino_interno
LA_E_9833288,treino_interno
LA_E_9833571,early_stopping
LA_E_9833593,treino_interno
LA_E_9833953,treino_interno
LA_E_9834183,treino_interno
LA_E_9834399,treino_interno
LA_E_9834663,treino_interno
LA_E_9835525,early_stopping
LA_E_9835730,treino_interno
LA_E_9836310,treino_interno
LA_E_9836392,treino_interno
LA_E_9836515,treino_interno
LA_E_9836721,treino_interno
LA_E_9837210,treino_interno
LA_E_9837691,early_stopping
LA_E_9837713,treino_interno
LA_E_9838724,early_stopping
LA_E_9838970,early_stopping
LA_E_9839224,treino_interno
LA_E_9839452,treino_interno
LA_E_9839837,treino_interno
LA_E_9841399,treino_interno
LA_E_9841895,treino_interno
LA_E_9841899,treino_interno
LA_E_9841988,treino_interno
LA_E_9842019,treino_interno
LA_E_9842312,treino_interno
LA_E_9842392,treino_interno
LA_E_9842433,treino_interno
LA_E_9843107,treino_interno
LA_E_9843250,early_stopping
LA_E_9844115,treino_interno
LA_E_9844711,treino_interno
LA_E_9844795,early_stopping
LA_E_9844947,treino_interno
LA_E_9845135,treino_interno
LA_E_9845423,treino_interno
LA_E_9845554,treino_interno
LA_E_9845772,treino_interno
LA_E_9846316,treino_interno
LA_E_9846675,treino_interno
LA_E_9846798,treino_interno
LA_E_9847069,treino_interno
LA_E_9847456,early_stopping
LA_E_9847717,treino_interno
LA_E_9848016,treino_interno
LA_E_9848295,early_stopping
LA_E_9849316,early_stopping
LA_E_9850266,treino_interno
LA_E_9850880,treino_interno
LA_E_9850897,treino_interno
LA_E_9851296,early_stopping
LA_E_9852213,treino_interno
LA_E_9853313,treino_interno
LA_E_9853443,treino_interno
LA_E_9853542,treino_interno
LA_E_9853691,treino_interno
LA_E_9854771,treino_interno
LA_E_9856248,treino_interno
LA_E_9856730,treino_interno
LA_E_9857226,treino_interno
LA_E_9857516,treino_interno
LA_E_9857666,treino_interno
LA_E_9858247,treino_interno
LA_E_9858491,treino_interno
LA_E_9858509,treino_interno
LA_E_9858860,treino_interno
LA_E_9859622,treino_interno
LA_E_9860166,treino_interno
LA_E_9860962,treino_interno
LA_E_9861480,treino_interno
LA_E_9861566,treino_interno
LA_E_9862040,early_stopping
LA_E_9862162,treino_interno
LA_E_9862267,treino_interno
LA_E_9862983,early_stopping
LA_E_9863123,treino_interno
LA_E_9863611,treino_interno
LA_E_9864165,treino_interno
LA_E_9864257,treino_interno
LA_E_9864303,treino_interno
LA_E_9864798,treino_interno
LA_E_9865585,treino_interno
LA_E_9865666,early_stopping
LA_E_9865736,treino_interno
LA_E_9866128,treino_interno
LA_E_9866684,early_stopping
LA_E_9867352,treino_interno
LA_E_9867625,treino_interno
LA_E_9867770,treino_interno
LA_E_9868014,treino_interno
LA_E_9869618,treino_interno
LA_E_9870464,treino_interno
LA_E_9870591,treino_interno
LA_E_9870873,early_stopping
LA_E_9871107,treino_interno
LA_E_9871310,treino_interno
LA_E_9871364,treino_interno
LA_E_9871372,treino_interno
LA_E_9871461,treino_interno
LA_E_9871905,treino_interno
LA_E_9871922,treino_interno
LA_E_9872260,treino_interno
LA_E_9873071,treino_interno
LA_E_9873126,treino_interno
LA_E_9873286,early_stopping
LA_E_9874466,treino_interno
LA_E_9874748,treino_interno
LA_E_9875669,treino_interno
LA_E_9876288,treino_interno
LA_E_9876723,treino_interno
LA_E_9877252,treino_interno
LA_E_9877455,treino_interno
LA_E_9877900,treino_interno
LA_E_9878028,treino_interno
LA_E_9878185,treino_interno
LA_E_9878394,treino_interno
LA_E_9878538,treino_interno
LA_E_9879518,treino_interno
LA_E_9880179,treino_interno
LA_E_9880484,treino_interno
LA_E_9880684,treino_interno
LA_E_9880847,treino_interno
LA_E_9881446,treino_interno
LA_E_9881566,treino_interno
LA_E_9882208,treino_interno
LA_E_9882865,early_stopping
LA_E_9883245,treino_interno
LA_E_9883800,treino_interno
LA_E_9884970,treino_interno
LA_E_9885433,treino_interno
LA_E_9886258,treino_interno
LA_E_9886358,treino_interno
LA_E_9886562,treino_interno
LA_E_9886579,treino_interno
LA_E_9886836,treino_interno
LA_E_9887453,treino_interno
LA_E_9887947,treino_interno
LA_E_9888340,early_stopping
LA_E_9888702,treino_interno
LA_E_9888760,treino_interno
LA_E_9888988,treino_interno
LA_E_9889944,treino_interno
LA_E_9890082,treino_interno
LA_E_9890440,treino_interno
LA_E_9890836,treino_interno
LA_E_9891538,treino_interno
LA_E_9891718,treino_interno
LA_E_9892049,treino_interno
LA_E_9892464,treino_interno
LA_E_9892520,treino_interno
LA_E_9893026,treino_interno
LA_E_9893040,early_stopping
LA_E_9893176,treino_interno
LA_E_9893313,treino_interno
LA_E_9894122,treino_interno
LA_E_9894532,treino_interno
LA_E_9894714,treino_interno
LA_E_9894845,early_stopping
LA_E_9895205,treino_interno
LA_E_9895374,early_stopping
LA_E_9895542,treino_interno
LA_E_9895592,treino_interno
LA_E_9896695,early_stopping
LA_E_9897041,treino_interno
LA_E_9897143,early_stopping
LA_E_9898002,treino_interno
LA_E_9898223,early_stopping
LA_E_9898691,treino_interno
LA_E_9898712,early_stopping
LA_E_9898939,treino_interno
LA_E_9899113,treino_interno
LA_E_9899259,treino_interno
LA_E_9899635,treino_interno
LA_E_9899765,treino_interno
LA_E_9900007,treino_interno
LA_E_9900072,treino_interno
LA_E_9900115,treino_interno
LA_E_9900238,treino_interno
LA_E_9900432,treino_interno
LA_E_9900967,treino_interno
LA_E_9901086,treino_interno
LA_E_9901522,treino_interno
LA_E_9901864,treino_interno
LA_E_9902187,treino_interno
LA_E_9902238,treino_interno
LA_E_9902524,treino_interno
LA_E_9902532,treino_interno
LA_E_9902600,early_stopping
LA_E_9903323,treino_interno
LA_E_9903533,early_stopping
LA_E_9903802,treino_interno
LA_E_9903835,treino_interno
LA_E_9903947,early_stopping
LA_E_9904217,treino_interno
LA_E_9904438,treino_interno
LA_E_9904448,treino_interno
LA_E_9904959,early_stopping
LA_E_9905010,treino_interno
LA_E_9905067,treino_interno
LA_E_9905097,treino_interno
LA_E_9905349,treino_interno
LA_E_9905442,treino_interno
LA_E_9905478,treino_interno
LA_E_9906265,treino_interno
LA_E_9906821,treino_interno
LA_E_9906865,treino_interno
LA_E_9906917,treino_interno
LA_E_9907093,treino_interno
LA_E_9907501,early_stopping
LA_E_9907625,treino_interno
LA_E_9907981,early_stopping
LA_E_9908171,treino_interno
LA_E_9908308,treino_interno
LA_E_9908449,treino_interno
LA_E_9908513,treino_interno
LA_E_9908691,treino_interno
LA_E_9909079,treino_interno
LA_E_9909111,treino_interno
LA_E_9910917,treino_interno
LA_E_9911381,treino_interno
LA_E_9911696,treino_interno
LA_E_9912316,early_stopping
LA_E_9912376,treino_interno
LA_E_9912607,treino_interno
LA_E_9912830,treino_interno
LA_E_9912977,early_stopping
LA_E_9913069,treino_interno
LA_E_9913383,treino_interno
LA_E_9913634,treino_interno
LA_E_9913640,treino_interno
LA_E_9913702,treino_interno
LA_E_9913752,treino_interno
LA_E_9914461,early_stopping
LA_E_9914794,treino_interno
LA_E_9914934,early_stopping
LA_E_9915010,treino_interno
LA_E_9915092,treino_interno
LA_E_9915439,treino_interno
LA_E_9915636,early_stopping
LA_E_9916371,treino_interno
LA_E_9916430,early_stopping
LA_E_9916550,treino_interno
LA_E_9916627,treino_interno
LA_E_9917245,treino_interno
LA_E_9917357,treino_interno
LA_E_9917572,treino_interno
LA_E_9917727,treino_interno
LA_E_9917815,treino_interno
LA_E_9918033,early_stopping
LA_E_9918085,treino_interno
LA_E_9918237,early_stopping
LA_E_9918262,treino_interno
LA_E_9918803,early_stopping
LA_E_9918876,early_stopping
LA_E_9919010,treino_interno
LA_E_9919325,treino_interno
LA_E_9919382,treino_interno
LA_E_9919692,treino_interno
LA_E_9919877,treino_interno
LA_E_9920761,treino_interno
LA_E_9920862,treino_interno
LA_E_9921091,treino_interno
LA_E_9921126,treino_interno
LA_E_9921167,treino_interno
LA_E_9921311,treino_interno
LA_E_9921577,early_stopping
LA_E_9921736,treino_interno
LA_E_9922757,treino_interno
LA_E_9923158,treino_interno
LA_E_9923493,treino_interno
LA_E_9923673,treino_interno
LA_E_9923913,early_stopping
LA_E_9924307,treino_interno
LA_E_9924341,treino_interno
LA_E_9924421,treino_interno
LA_E_9924540,treino_interno
LA_E_9925059,treino_interno
LA_E_9925454,treino_interno
LA_E_9925482,treino_interno
LA_E_9925836,treino_interno
LA_E_9925882,treino_interno
LA_E_9926069,treino_interno
LA_E_9926261,early_stopping
LA_E_9926304,treino_interno
LA_E_9926740,treino_interno
LA_E_9926895,treino_interno
LA_E_9927144,treino_interno
LA_E_9927334,treino_interno
LA_E_9927434,treino_interno
LA_E_9927652,treino_interno
LA_E_9927925,treino_interno
LA_E_9927927,treino_interno
LA_E_9927964,treino_interno
LA_E_9928517,treino_interno
LA_E_9929298,treino_interno
LA_E_9929385,treino_interno
LA_E_9929561,treino_interno
LA_E_9929803,treino_interno
LA_E_9930055,treino_interno
LA_E_9930096,treino_interno
LA_E_9930161,treino_interno
LA_E_9930303,treino_interno
LA_E_9930321,early_stopping
LA_E_9930676,treino_interno
LA_E_9930745,treino_interno
LA_E_9930933,treino_interno
LA_E_9931189,early_stopping
LA_E_9931744,treino_interno
LA_E_9931798,early_stopping
LA_E_9932039,early_stopping
LA_E_9932112,treino_interno
LA_E_9932226,early_stopping
LA_E_9932265,treino_interno
LA_E_9932658,treino_interno
LA_E_9933247,treino_interno
LA_E_9933758,early_stopping
LA_E_9934123,treino_interno
LA_E_9934912,treino_interno
LA_E_9935063,treino_interno
LA_E_9935147,treino_interno
LA_E_9935283,early_stopping
LA_E_9935435,treino_interno
LA_E_9935660,treino_interno
LA_E_9936060,early_stopping
LA_E_9936099,treino_interno
LA_E_9936586,treino_interno
LA_E_9936962,treino_interno
LA_E_9937148,treino_interno
LA_E_9937256,treino_interno
LA_E_9937383,treino_interno
LA_E_9937421,early_stopping
LA_E_9937499,treino_interno
LA_E_9937536,treino_interno
LA_E_9937680,treino_interno
LA_E_9937819,treino_interno
LA_E_9938222,early_stopping
LA_E_9938378,early_stopping
LA_E_9938601,early_stopping
LA_E_9938723,treino_interno
LA_E_9938862,treino_interno
LA_E_9938872,treino_interno
LA_E_9938894,treino_interno
LA_E_9938967,treino_interno
LA_E_9939144,treino_interno
LA_E_9939428,early_stopping
LA_E_9939471,treino_interno
LA_E_9939483,treino_interno
LA_E_9939594,treino_interno
LA_E_9939651,early_stopping
LA_E_9939658,treino_interno
LA_E_9939995,treino_interno
LA_E_9940011,treino_interno
LA_E_9940021,treino_interno
LA_E_9940277,treino_interno
LA_E_9940498,treino_interno
LA_E_9940764,treino_interno
LA_E_9941130,treino_interno
LA_E_9941229,early_stopping
LA_E_9941390,treino_interno
LA_E_9942013,treino_interno
LA_E_9942409,treino_interno
LA_E_9942747,treino_interno
LA_E_9942965,treino_interno
LA_E_9943070,early_stopping
LA_E_9943150,early_stopping
LA_E_9943179,treino_interno
LA_E_9943261,treino_interno
LA_E_9943269,treino_interno
LA_E_9943327,treino_interno
LA_E_9943466,treino_interno
LA_E_9943542,treino_interno
LA_E_9943976,early_stopping
LA_E_9944400,treino_interno
LA_E_9944584,treino_interno
LA_E_9945193,treino_interno
LA_E_9945260,treino_interno
LA_E_9945363,treino_interno
LA_E_9945423,treino_interno
LA_E_9945672,treino_interno
LA_E_9945847,treino_interno
LA_E_9945903,treino_interno
LA_E_9946045,treino_interno
LA_E_9946118,treino_interno
LA_E_9946205,treino_interno
LA_E_9946452,treino_interno
LA_E_9946652,early_stopping
LA_E_9946890,treino_interno
LA_E_9946965,treino_interno
LA_E_9947251,treino_interno
LA_E_9947276,early_stopping
LA_E_9947383,treino_interno
LA_E_9947555,treino_interno
LA_E_9947696,treino_interno
LA_E_9947742,treino_interno
LA_E_9948169,treino_interno
LA_E_9948216,treino_interno
LA_E_9948258,treino_interno
LA_E_9948301,treino_interno
LA_E_9948730,treino_interno
LA_E_9948783,early_stopping
LA_E_9948913,treino_interno
LA_E_9949073,treino_interno
LA_E_9949309,treino_interno
LA_E_9949386,treino_interno
LA_E_9949662,treino_interno
LA_E_9949694,treino_interno
LA_E_9950781,treino_interno
LA_E_9951239,treino_interno
LA_E_9951353,early_stopping
LA_E_9951693,early_stopping
LA_E_9951729,early_stopping
LA_E_9951825,treino_interno
LA_E_9952329,early_stopping
LA_E_9952505,treino_interno
LA_E_9952617,treino_interno
LA_E_9952731,treino_interno
LA_E_9952804,early_stopping
LA_E_9952908,treino_interno
LA_E_9953169,treino_interno
LA_E_9953261,treino_interno
LA_E_9953371,treino_interno
LA_E_9953487,treino_interno
LA_E_9954182,treino_interno
LA_E_9954219,treino_interno
LA_E_9954248,treino_interno
LA_E_9954786,treino_interno
LA_E_9954936,treino_interno
LA_E_9955085,treino_interno
LA_E_9955207,treino_interno
LA_E_9955284,treino_interno
LA_E_9955746,treino_interno
LA_E_9955753,treino_interno
LA_E_9956043,treino_interno
LA_E_9956119,early_stopping
LA_E_9956161,treino_interno
LA_E_9956641,treino_interno
LA_E_9956776,treino_interno
LA_E_9956798,treino_interno
LA_E_9957044,treino_interno
LA_E_9957431,treino_interno
LA_E_9957643,treino_interno
LA_E_9957890,treino_interno
LA_E_9958076,treino_interno
LA_E_9958090,treino_interno
LA_E_9958097,treino_interno
LA_E_9958166,treino_interno
LA_E_9958183,treino_interno
LA_E_9958360,treino_interno
LA_E_9958456,treino_interno
LA_E_9958467,treino_interno
LA_E_9958809,treino_interno
LA_E_9958812,treino_interno
LA_E_9959117,treino_interno
LA_E_9959199,treino_interno
LA_E_9959835,early_stopping
LA_E_9960012,early_stopping
LA_E_9960296,treino_interno
LA_E_9960769,early_stopping
LA_E_9960924,treino_interno
LA_E_9961057,treino_interno
LA_E_9961304,treino_interno
LA_E_9961350,early_stopping
LA_E_9961361,treino_interno
LA_E_9961389,treino_interno
LA_E_9961483,treino_interno
LA_E_9962048,treino_interno
LA_E_9962093,treino_interno
LA_E_9962106,treino_interno
LA_E_9962177,treino_interno
LA_E_9962753,treino_interno
LA_E_9962771,treino_interno
LA_E_9962784,treino_interno
LA_E_9963333,early_stopping
LA_E_9963378,treino_interno
LA_E_9963445,treino_interno
LA_E_9963964,early_stopping
LA_E_9964101,treino_interno
LA_E_9964118,treino_interno
LA_E_9964267,early_stopping
LA_E_9964339,treino_interno
LA_E_9964596,treino_interno
LA_E_9964756,treino_interno
LA_E_9965024,treino_interno
LA_E_9965147,treino_interno
LA_E_9965467,treino_interno
LA_E_9965590,treino_interno
LA_E_9965732,treino_interno
LA_E_9966746,treino_interno
LA_E_9967109,treino_interno
LA_E_9967213,treino_interno
LA_E_9967339,treino_interno
LA_E_9967415,treino_interno
LA_E_9967706,treino_interno
LA_E_9967719,treino_interno
LA_E_9968380,treino_interno
LA_E_9968864,treino_interno
LA_E_9969877,treino_interno
LA_E_9970260,treino_interno
LA_E_9970394,treino_interno
LA_E_9970560,treino_interno
LA_E_9970887,treino_interno
LA_E_9970982,treino_interno
LA_E_9971157,treino_interno
LA_E_9971354,treino_interno
LA_E_9971911,treino_interno
LA_E_9971925,treino_interno
LA_E_9972732,treino_interno
LA_E_9972974,treino_interno
LA_E_9973091,treino_interno
LA_E_9973815,treino_interno
LA_E_9973889,treino_interno
LA_E_9973896,early_stopping
LA_E_9973899,treino_interno
LA_E_9973946,treino_interno
LA_E_9973978,treino_interno
LA_E_9974025,treino_interno
LA_E_9974124,treino_interno
LA_E_9974474,early_stopping
LA_E_9974897,early_stopping
LA_E_9975759,treino_interno
LA_E_9976111,treino_interno
LA_E_9976128,treino_interno
LA_E_9976298,treino_interno
LA_E_9976635,treino_interno
LA_E_9976643,treino_interno
LA_E_9977649,treino_interno
LA_E_9977665,treino_interno
LA_E_9977812,treino_interno
LA_E_9978008,treino_interno
LA_E_9978599,treino_interno
LA_E_9978612,treino_interno
LA_E_9978642,treino_interno
LA_E_9978646,early_stopping
LA_E_9978733,treino_interno
LA_E_9978938,treino_interno
LA_E_9978992,treino_interno
LA_E_9979210,treino_interno
LA_E_9979251,treino_interno
LA_E_9979262,early_stopping
LA_E_9979352,treino_interno
LA_E_9979432,treino_interno
LA_E_9979786,treino_interno
LA_E_9979846,treino_interno
LA_E_9980366,treino_interno
LA_E_9980906,early_stopping
LA_E_9980961,early_stopping
LA_E_9980985,treino_interno
LA_E_9981389,treino_interno
LA_E_9981669,treino_interno
LA_E_9981821,treino_interno
LA_E_9982537,early_stopping
LA_E_9982754,treino_interno
LA_E_9983263,treino_interno
LA_E_9983467,treino_interno
LA_E_9983559,treino_interno
LA_E_9983715,treino_interno
LA_E_9983980,treino_interno
LA_E_9984267,treino_interno
LA_E_9984478,treino_interno
LA_E_9984848,early_stopping
LA_E_9985533,treino_interno
LA_E_9986053,treino_interno
LA_E_9986201,treino_interno
LA_E_9986269,treino_interno
LA_E_9986628,treino_interno
LA_E_9986751,treino_interno
LA_E_9987230,treino_interno
LA_E_9987321,treino_interno
LA_E_9987330,treino_interno
LA_E_9987611,treino_interno
LA_E_9987716,treino_interno
LA_E_9988063,treino_interno
LA_E_9988200,treino_interno
LA_E_9988519,treino_interno
LA_E_9988761,treino_interno
LA_E_9988840,treino_interno
LA_E_9989047,treino_interno
LA_E_9989363,treino_interno
LA_E_9989382,treino_interno
LA_E_9989497,treino_interno
LA_E_9989781,treino_interno
LA_E_9989859,treino_interno
LA_E_9989986,treino_interno
LA_E_9991135,treino_interno
LA_E_9991886,treino_interno
LA_E_9991957,treino_interno
LA_E_9991989,treino_interno
LA_E_9992204,treino_interno
LA_E_9992599,treino_interno
LA_E_9992819,treino_interno
LA_E_9992942,treino_interno
LA_E_9993077,treino_interno
LA_E_9993626,treino_interno
LA_E_9994128,treino_interno
LA_E_9994191,treino_interno
LA_E_9994281,treino_interno
LA_E_9994444,treino_interno
LA_E_9995404,treino_interno
LA_E_9995522,treino_interno
LA_E_9995915,treino_interno
LA_E_9995958,treino_interno
LA_E_9996081,treino_interno
LA_E_9996496,treino_interno
LA_E_9997550,treino_interno
LA_E_9997927,treino_interno
LA_E_9998133,treino_interno
LA_E_9999124,treino_interno
LA_E_9999455,treino_interno
