arquivo,classe_binaria,codec,ataque
LA_E_1004222,1,ulaw,A18
LA_E_1007597,1,opus,A13
LA_E_1007709,1,g722,A07
LA_E_1007969,1,ulaw,A16
LA_E_1008441,1,ulaw,A09
LA_E_1008780,1,ulaw,A18
LA_E_1008951,1,alaw,A17
LA_E_1009420,1,opus,A07
LA_E_1010526,1,opus,A18
LA_E_1010695,1,opus,A14
LA_E_1011092,1,ulaw,A12
LA_E_1011419,1,none,A14
LA_E_1011791,1,alaw,A10
LA_E_1012584,1,opus,A19
LA_E_1013559,1,g722,A16
LA_E_1013759,1,ulaw,A15
LA_E_1013933,1,opus,A10
LA_E_1013975,1,opus,A13
LA_E_1014509,1,opus,A07
LA_E_1014946,1,pstn,A09
LA_E_1015732,1,gsm,A07
LA_E_1015815,1,alaw,A11
LA_E_1016141,1,alaw,A14
LA_E_1016303,1,ulaw,A13
LA_E_1017023,1,opus,A08
LA_E_1017127,1,gsm,A16
LA_E_1017221,1,pstn,A08
LA_E_1017300,1,gsm,A08
LA_E_1017441,1,opus,A14
LA_E_1017599,1,ulaw,A13
LA_E_1017648,1,none,A19
LA_E_1017688,1,opus,A18
LA_E_1017924,1,opus,A17
LA_E_1018583,1,opus,A08
LA_E_1018744,1,gsm,A13
LA_E_1019173,1,g722,A08
LA_E_1019554,1,ulaw,A18
LA_E_1019682,1,ulaw,A12
LA_E_1020265,1,opus,A19
LA_E_1020284,1,none,A11
LA_E_1020564,1,gsm,A13
LA_E_1020757,1,pstn,A19
LA_E_1020965,1,alaw,A07
LA_E_1021072,1,gsm,A16
LA_E_1021095,1,none,A12
LA_E_1021824,1,none,A17
LA_E_1022057,1,opus,A09
LA_E_1022068,1,opus,A09
LA_E_1022069,1,none,A09
LA_E_1022216,1,alaw,A15
LA_E_1022414,1,opus,A17
LA_E_1022616,1,opus,A10
LA_E_1022713,1,gsm,A10
LA_E_1022945,1,g722,A10
LA_E_1023566,1,gsm,A10
LA_E_1023789,1,ulaw,A11
LA_E_1024089,1,gsm,A08
LA_E_1024893,1,opus,A13
LA_E_1025312,1,opus,A15
LA_E_1026241,1,gsm,A17
LA_E_1026428,1,pstn,A10
LA_E_1026801,1,ulaw,A15
LA_E_1026853,1,gsm,A14
LA_E_1026957,1,g722,A07
LA_E_1027054,1,none,A18
LA_E_1027320,1,alaw,A18
LA_E_1027442,1,gsm,A11
LA_E_1027595,1,alaw,A19
LA_E_1027709,1,gsm,A17
LA_E_1027840,1,none,A15
LA_E_1027872,1,gsm,A14
LA_E_1028148,1,gsm,A11
LA_E_1028164,1,gsm,A19
LA_E_1028170,1,g722,A18
LA_E_1028201,1,opus,A14
LA_E_1028591,1,g722,A15
LA_E_1028611,1,gsm,A15
LA_E_1028666,1,gsm,A18
LA_E_1028818,1,alaw,A08
LA_E_1028882,1,g722,A09
LA_E_1028907,1,none,A12
LA_E_1028945,1,ulaw,A13
LA_E_1029038,1,opus,A12
LA_E_1029431,1,alaw,A17
LA_E_1029476,1,none,A13
LA_E_1029549,1,opus,A15
LA_E_1029550,1,pstn,A13
LA_E_1029696,1,opus,A16
LA_E_1029740,1,ulaw,A16
LA_E_1030072,1,none,A17
LA_E_1030276,1,none,A19
LA_E_1030370,1,pstn,A15
LA_E_1031271,1,opus,A16
LA_E_1031642,1,ulaw,A19
LA_E_1031902,1,alaw,A13
LA_E_1032157,1,opus,A12
LA_E_1032202,1,opus,A10
LA_E_1032299,1,alaw,A15
LA_E_1032300,1,none,A09
LA_E_1032320,1,g722,A14
LA_E_1032337,1,none,A10
LA_E_1032876,1,gsm,A09
LA_E_1033028,1,g722,A17
LA_E_1033069,1,ulaw,A09
LA_E_1033304,1,g722,A12
LA_E_1033392,1,none,A16
LA_E_1033444,1,gsm,A09
LA_E_1033448,1,pstn,A09
LA_E_1033499,1,pstn,A12
LA_E_1033674,1,g722,A19
LA_E_1033913,1,ulaw,A10
LA_E_1034241,1,gsm,A15
LA_E_1034467,1,pstn,A14
LA_E_1034623,1,gsm,A10
LA_E_1034688,1,g722,A08
LA_E_1035340,1,opus,A19
LA_E_1035372,1,none,A11
LA_E_1035397,1,pstn,A11
LA_E_1035420,1,gsm,A12
LA_E_1035673,1,none,A17
LA_E_1035776,1,ulaw,A17
LA_E_1035806,1,gsm,A11
LA_E_1036080,1,none,A14
LA_E_1037150,1,opus,A07
LA_E_1037364,1,gsm,A16
LA_E_1038001,1,pstn,A07
LA_E_1038175,1,alaw,A08
LA_E_1038483,1,gsm,A19
LA_E_1038754,1,pstn,A08
LA_E_1039594,1,gsm,A07
LA_E_1039645,1,alaw,A12
LA_E_1039928,1,ulaw,A11
LA_E_1040053,1,ulaw,A10
LA_E_1040070,1,opus,A16
LA_E_1041023,1,pstn,A09
LA_E_1041460,1,ulaw,A19
LA_E_1041859,1,alaw,A13
LA_E_1042101,1,alaw,A15
LA_E_1042326,1,none,A07
LA_E_1042584,1,gsm,A18
LA_E_1042805,0,opus,bonafide
LA_E_1042860,1,ulaw,A13
LA_E_1043329,1,ulaw,A15
LA_E_1043528,1,opus,A09
LA_E_1043665,1,opus,A13
LA_E_1043772,1,opus,A17
LA_E_1043803,1,none,A15
LA_E_1044468,1,g722,A08
LA_E_1044816,1,none,A13
LA_E_1044957,1,opus,A15
LA_E_1044998,1,gsm,A15
LA_E_1045222,1,none,A12
LA_E_1045414,1,gsm,A11
LA_E_1045533,1,ulaw,A14
LA_E_1045783,1,none,A14
LA_E_1045940,1,none,A11
LA_E_1046465,1,none,A17
LA_E_1047554,1,pstn,A18
LA_E_1047823,1,g722,A16
LA_E_1047827,1,opus,A19
LA_E_1047901,1,none,A08
LA_E_1048016,1,ulaw,A17
LA_E_1048638,1,ulaw,A07
LA_E_1048746,1,gsm,A12
LA_E_1048762,1,alaw,A10
LA_E_1048965,1,ulaw,A09
LA_E_1049031,1,alaw,A18
LA_E_1049989,1,g722,A19
LA_E_1050106,1,opus,A13
LA_E_1050200,1,gsm,A11
LA_E_1051926,1,ulaw,A10
LA_E_1052008,1,g722,A18
LA_E_1052644,1,ulaw,A18
LA_E_1052835,1,none,A09
LA_E_1052933,1,g722,A12
LA_E_1054106,1,alaw,A17
LA_E_1054112,1,g722,A07
LA_E_1054198,1,pstn,A15
LA_E_1054484,1,g722,A11
LA_E_1054794,1,none,A08
LA_E_1054935,1,ulaw,A15
LA_E_1054958,1,ulaw,A18
LA_E_1056164,1,opus,A12
LA_E_1056193,1,alaw,A11
LA_E_1056268,1,gsm,A19
LA_E_1056291,1,none,A19
LA_E_1056609,1,opus,A19
LA_E_1056668,1,ulaw,A16
LA_E_1056790,1,gsm,A17
LA_E_1057066,1,ulaw,A14
LA_E_1057854,1,pstn,A13
LA_E_1058171,1,opus,A11
LA_E_1058339,1,g722,A13
LA_E_1058512,1,pstn,A07
LA_E_1058646,1,gsm,A16
LA_E_1058728,1,none,A13
LA_E_1058835,1,g722,A16
LA_E_1058898,1,opus,A16
LA_E_1058936,1,alaw,A14
LA_E_1059183,1,gsm,A07
LA_E_1059203,1,g722,A14
LA_E_1059322,1,ulaw,A08
LA_E_1060622,1,opus,A08
LA_E_1060904,1,opus,A18
LA_E_1060911,1,pstn,A08
LA_E_1061092,1,alaw,A10
LA_E_1061243,1,pstn,A07
LA_E_1061658,1,alaw,A07
LA_E_1062374,0,alaw,bonafide
LA_E_1062605,1,pstn,A19
LA_E_1063599,1,none,A16
LA_E_1063694,1,opus,A11
LA_E_1063885,1,ulaw,A11
LA_E_1064050,1,g722,A17
LA_E_1064236,1,alaw,A09
LA_E_1064381,1,alaw,A17
LA_E_1064714,1,opus,A10
LA_E_1064854,1,gsm,A14
LA_E_1064946,1,alaw,A15
LA_E_1065161,1,opus,A14
LA_E_1065554,1,none,A18
LA_E_1065665,1,none,A07
LA_E_1065686,1,none,A08
LA_E_1066250,1,alaw,A14
LA_E_1066511,1,none,A10
LA_E_1066513,1,alaw,A16
LA_E_1066827,1,none,A14
LA_E_1066924,1,gsm,A10
LA_E_1066968,1,gsm,A18
LA_E_1067475,1,pstn,A18
LA_E_1067578,1,gsm,A13
LA_E_1067929,1,g722,A15
LA_E_1068122,1,ulaw,A13
LA_E_1068308,1,pstn,A09
LA_E_1069528,1,gsm,A09
LA_E_1069942,1,opus,A15
LA_E_1070317,1,pstn,A13
LA_E_1070576,1,opus,A10
LA_E_1071071,0,pstn,bonafide
LA_E_1071143,1,opus,A16
LA_E_1071230,1,pstn,A18
LA_E_1071778,1,alaw,A08
LA_E_1071887,1,opus,A09
LA_E_1072378,1,none,A11
LA_E_1072836,1,ulaw,A12
LA_E_1073263,1,none,A10
LA_E_1073373,1,alaw,A18
LA_E_1073859,1,alaw,A07
LA_E_1074164,1,pstn,A11
LA_E_1074396,1,none,A18
LA_E_1075324,1,opus,A07
LA_E_1075445,1,ulaw,A16
LA_E_1075618,1,pstn,A14
LA_E_1076130,1,opus,A17
LA_E_1076229,1,pstn,A07
LA_E_1076578,1,none,A13
LA_E_1076580,1,g722,A18
LA_E_1077583,1,g722,A17
LA_E_1077691,1,ulaw,A19
LA_E_1077837,1,none,A09
LA_E_1078231,1,ulaw,A17
LA_E_1078418,0,g722,bonafide
LA_E_1079023,1,g722,A15
LA_E_1079577,1,pstn,A11
LA_E_1080057,1,opus,A07
LA_E_1080158,1,alaw,A14
LA_E_1080197,1,gsm,A10
LA_E_1080279,1,none,A19
LA_E_1080541,1,ulaw,A09
LA_E_1080547,1,none,A08
LA_E_1080674,1,g722,A10
LA_E_1080736,1,ulaw,A07
LA_E_1081150,1,none,A15
LA_E_1081666,1,pstn,A15
LA_E_1081853,1,gsm,A16
LA_E_1082450,1,g722,A09
LA_E_1082534,1,g722,A11
LA_E_1082595,1,pstn,A19
LA_E_1082627,1,pstn,A12
LA_E_1082752,1,g722,A16
LA_E_1083073,1,alaw,A19
LA_E_1083378,1,alaw,A13
LA_E_1083588,1,none,A07
LA_E_1083863,1,alaw,A12
LA_E_1084148,0,none,bonafide
LA_E_1084917,1,pstn,A10
LA_E_1085583,1,gsm,A15
LA_E_1085620,1,opus,A08
LA_E_1085641,1,ulaw,A16
LA_E_1085679,1,gsm,A08
LA_E_1085772,1,pstn,A14
LA_E_1085807,1,alaw,A11
LA_E_1086050,1,ulaw,A08
LA_E_1087293,1,alaw,A07
LA_E_1087435,1,opus,A14
LA_E_1087909,1,alaw,A16
LA_E_1087936,1,ulaw,A10
LA_E_1088147,1,g722,A12
LA_E_1088922,1,opus,A09
LA_E_1089116,1,ulaw,A15
LA_E_1089138,1,alaw,A12
LA_E_1089699,1,g722,A14
LA_E_1089831,1,alaw,A10
LA_E_1090073,1,opus,A15
LA_E_1090086,0,opus,bonafide
LA_E_1090196,1,opus,A11
LA_E_1090591,1,gsm,A18
LA_E_1090709,1,alaw,A09
LA_E_1090802,1,g722,A19
LA_E_1091260,1,pstn,A18
LA_E_1091855,1,pstn,A15
LA_E_1091903,1,pstn,A12
LA_E_1092001,1,ulaw,A09
LA_E_1092655,1,ulaw,A11
LA_E_1093338,1,opus,A12
LA_E_1093757,1,gsm,A19
LA_E_1094700,1,opus,A18
LA_E_1094981,1,ulaw,A07
LA_E_1095581,1,pstn,A17
LA_E_1096089,1,ulaw,A17
LA_E_1096526,1,gsm,A09
LA_E_1096558,1,none,A16
LA_E_1096806,1,gsm,A15
LA_E_1097023,1,gsm,A18
LA_E_1098033,1,pstn,A11
LA_E_1098099,1,opus,A17
LA_E_1098161,1,none,A07
LA_E_1098580,1,g722,A14
LA_E_1098671,1,alaw,A13
LA_E_1098679,1,gsm,A07
LA_E_1098828,1,g722,A08
LA_E_1098943,1,opus,A08
LA_E_1099888,1,ulaw,A10
LA_E_1100041,1,g722,A09
LA_E_1100352,1,opus,A19
LA_E_1100487,0,ulaw,bonafide
LA_E_1101369,1,pstn,A08
LA_E_1101639,1,alaw,A16
LA_E_1102140,1,alaw,A08
LA_E_1102239,1,pstn,A19
LA_E_1102915,1,g722,A11
LA_E_1103044,1,pstn,A13
LA_E_1103333,1,g722,A18
LA_E_1103751,1,g722,A07
LA_E_1104788,1,ulaw,A17
LA_E_1105342,1,gsm,A08
LA_E_1105519,1,ulaw,A14
LA_E_1105843,1,pstn,A16
LA_E_1105952,1,none,A10
LA_E_1106224,1,gsm,A12
LA_E_1106629,1,alaw,A12
LA_E_1107638,1,none,A12
LA_E_1107788,1,ulaw,A19
LA_E_1108811,1,pstn,A10
LA_E_1109456,1,alaw,A11
LA_E_1110332,1,pstn,A14
LA_E_1110442,1,gsm,A13
LA_E_1110826,1,g722,A15
LA_E_1111340,1,opus,A13
LA_E_1111640,1,gsm,A08
LA_E_1112200,1,g722,A13
LA_E_1112955,1,gsm,A07
LA_E_1112976,1,pstn,A12
LA_E_1113301,1,gsm,A17
LA_E_1113878,0,opus,bonafide
LA_E_1113889,1,none,A17
LA_E_1114467,1,gsm,A11
LA_E_1114496,1,alaw,A18
LA_E_1114805,1,opus,A11
LA_E_1115281,1,g722,A13
LA_E_1116068,1,gsm,A09
LA_E_1116387,1,gsm,A19
LA_E_1117155,1,g722,A17
LA_E_1117722,1,none,A16
LA_E_1118777,1,ulaw,A12
LA_E_1119516,1,gsm,A14
LA_E_1120089,1,g722,A12
LA_E_1120400,0,opus,bonafide
LA_E_1120646,1,g722,A19
LA_E_1120735,1,gsm,A14
LA_E_1120860,1,gsm,A11
LA_E_1121305,1,alaw,A19
LA_E_1122308,1,opus,A13
LA_E_1123419,1,opus,A16
LA_E_1124570,1,opus,A12
LA_E_1124904,1,alaw,A09
LA_E_1125780,1,opus,A11
LA_E_1126267,0,opus,bonafide
LA_E_1127015,1,g722,A09
LA_E_1127346,1,gsm,A17
LA_E_1128871,1,none,A17
LA_E_1129061,0,alaw,bonafide
LA_E_1129758,1,pstn,A17
LA_E_1130454,1,g722,A11
LA_E_1130756,1,ulaw,A08
LA_E_1131247,1,alaw,A16
LA_E_1132206,1,opus,A16
LA_E_1132456,1,g722,A13
LA_E_1133070,0,gsm,bonafide
LA_E_1135357,1,none,A15
LA_E_1136791,1,alaw,A19
LA_E_1136879,1,opus,A09
LA_E_1138231,1,gsm,A13
LA_E_1138348,1,ulaw,A19
LA_E_1138577,1,none,A18
LA_E_1139009,1,ulaw,A16
LA_E_1139260,1,opus,A10
LA_E_1140022,1,ulaw,A07
LA_E_1140516,1,pstn,A17
LA_E_1140737,1,none,A17
LA_E_1141230,1,gsm,A10
LA_E_1142085,0,ulaw,bonafide
LA_E_1144528,1,g722,A10
LA_E_1144869,0,alaw,bonafide
LA_E_1146263,1,gsm,A10
LA_E_1146814,1,ulaw,A18
LA_E_1146964,1,ulaw,A12
LA_E_1147409,1,alaw,A09
LA_E_1147667,0,pstn,bonafide
LA_E_1148285,1,gsm,A09
LA_E_1149488,1,gsm,A18
LA_E_1152523,1,pstn,A09
LA_E_1152977,1,ulaw,A07
LA_E_1153048,1,opus,A09
LA_E_1154768,1,ulaw,A13
LA_E_1158108,1,gsm,A18
LA_E_1158164,1,ulaw,A16
LA_E_1158207,0,alaw,bonafide
LA_E_1159189,1,pstn,A10
LA_E_1159240,1,ulaw,A11
LA_E_1159904,1,gsm,A11
LA_E_1160893,1,opus,A18
LA_E_1160939,1,gsm,A12
LA_E_1161145,1,none,A13
LA_E_1161415,1,pstn,A17
LA_E_1161836,1,gsm,A16
LA_E_1163127,1,ulaw,A14
LA_E_1164329,1,none,A19
LA_E_1164658,1,opus,A17
LA_E_1165054,1,gsm,A09
LA_E_1165449,1,pstn,A16
LA_E_1165969,0,gsm,bonafide
LA_E_1166262,1,opus,A08
LA_E_1167011,0,ulaw,bonafide
LA_E_1167172,0,ulaw,bonafide
LA_E_1168285,0,alaw,bonafide
LA_E_1168319,1,gsm,A11
LA_E_1168641,1,gsm,A12
LA_E_1169362,1,ulaw,A18
LA_E_1169388,0,pstn,bonafide
LA_E_1169618,1,opus,A15
LA_E_1169997,0,ulaw,bonafide
LA_E_1170514,1,opus,A07
LA_E_1171115,1,opus,A10
LA_E_1171483,1,none,A14
LA_E_1171789,0,pstn,bonafide
LA_E_1171934,1,g722,A10
LA_E_1172035,1,opus,A14
LA_E_1172437,0,gsm,bonafide
LA_E_1172714,1,none,A17
LA_E_1173103,1,opus,A19
LA_E_1173260,1,pstn,A09
LA_E_1174381,0,gsm,bonafide
LA_E_1175184,1,none,A17
LA_E_1176316,1,opus,A15
LA_E_1176358,1,ulaw,A13
LA_E_1176849,1,ulaw,A16
LA_E_1177037,1,pstn,A12
LA_E_1177169,1,opus,A17
LA_E_1177215,1,ulaw,A17
LA_E_1177969,1,none,A17
LA_E_1179567,1,pstn,A07
LA_E_1179789,1,alaw,A13
LA_E_1180771,1,alaw,A18
LA_E_1181285,1,ulaw,A14
LA_E_1181476,1,none,A12
LA_E_1181987,1,opus,A07
LA_E_1183663,1,ulaw,A12
LA_E_1183955,1,gsm,A08
LA_E_1184165,1,pstn,A07
LA_E_1184504,1,opus,A11
LA_E_1184559,1,ulaw,A08
LA_E_1184714,0,pstn,bonafide
LA_E_1185346,1,gsm,A16
LA_E_1185653,1,opus,A14
LA_E_1185831,1,none,A19
LA_E_1186218,1,opus,A19
LA_E_1188809,1,none,A15
LA_E_1188812,1,opus,A16
LA_E_1189222,1,none,A09
LA_E_1189295,1,alaw,A13
LA_E_1189305,1,opus,A19
LA_E_1189312,1,gsm,A10
LA_E_1189742,1,ulaw,A13
LA_E_1189877,1,opus,A16
LA_E_1190629,1,ulaw,A13
LA_E_1190641,1,ulaw,A15
LA_E_1191735,1,alaw,A15
LA_E_1191832,1,opus,A11
LA_E_1192160,1,gsm,A15
LA_E_1192545,1,alaw,A08
LA_E_1193390,0,none,bonafide
LA_E_1193576,1,ulaw,A17
LA_E_1193605,1,ulaw,A08
LA_E_1193709,1,gsm,A15
LA_E_1193758,1,none,A14
LA_E_1193785,1,ulaw,A09
LA_E_1194544,1,opus,A13
LA_E_1195896,0,gsm,bonafide
LA_E_1196622,1,ulaw,A12
LA_E_1196893,1,alaw,A08
LA_E_1196952,1,g722,A11
LA_E_1197177,1,pstn,A15
LA_E_1198407,1,pstn,A12
LA_E_1198908,1,gsm,A17
LA_E_1199438,1,gsm,A18
LA_E_1199985,1,ulaw,A15
LA_E_1200357,1,gsm,A18
LA_E_1200528,1,ulaw,A10
LA_E_1200932,1,ulaw,A18
LA_E_1201838,1,opus,A08
LA_E_1202111,1,none,A13
LA_E_1202242,1,alaw,A15
LA_E_1202634,1,none,A15
LA_E_1202666,1,opus,A17
LA_E_1202744,1,gsm,A10
LA_E_1202776,1,gsm,A08
LA_E_1203689,1,pstn,A11
LA_E_1203791,0,opus,bonafide
LA_E_1203860,1,ulaw,A09
LA_E_1204263,1,pstn,A07
LA_E_1204314,1,none,A14
LA_E_1205438,1,gsm,A11
LA_E_1206419,1,pstn,A14
LA_E_1207138,1,ulaw,A10
LA_E_1207199,1,pstn,A07
LA_E_1208174,1,alaw,A11
LA_E_1208414,1,gsm,A08
LA_E_1208542,1,pstn,A14
LA_E_1208683,1,none,A14
LA_E_1208766,1,opus,A13
LA_E_1209571,1,pstn,A15
LA_E_1210144,1,gsm,A16
LA_E_1210186,0,opus,bonafide
LA_E_1210283,1,opus,A08
LA_E_1210598,1,gsm,A09
LA_E_1210860,1,pstn,A07
LA_E_1210876,1,alaw,A17
LA_E_1212730,1,gsm,A13
LA_E_1214797,1,gsm,A19
LA_E_1214888,1,none,A12
LA_E_1215246,1,opus,A17
LA_E_1215628,1,pstn,A09
LA_E_1215707,1,ulaw,A17
LA_E_1215711,1,opus,A14
LA_E_1216102,1,opus,A08
LA_E_1217175,1,opus,A17
LA_E_1217472,1,alaw,A11
LA_E_1217531,1,alaw,A13
LA_E_1217711,1,pstn,A16
LA_E_1217905,1,ulaw,A18
LA_E_1218395,1,alaw,A12
LA_E_1218769,1,alaw,A18
LA_E_1218939,1,ulaw,A15
LA_E_1220198,1,none,A17
LA_E_1220906,1,gsm,A16
LA_E_1220964,1,none,A08
LA_E_1221261,0,g722,bonafide
LA_E_1221338,1,ulaw,A15
LA_E_1221507,1,opus,A10
LA_E_1221640,1,alaw,A17
LA_E_1221696,1,opus,A14
LA_E_1222150,1,alaw,A10
LA_E_1222185,1,gsm,A09
LA_E_1222236,1,opus,A14
LA_E_1222531,1,gsm,A14
LA_E_1222683,1,opus,A12
LA_E_1223480,1,g722,A13
LA_E_1223567,1,none,A08
LA_E_1224277,1,pstn,A11
LA_E_1224496,1,alaw,A09
LA_E_1224722,1,alaw,A12
LA_E_1225101,0,none,bonafide
LA_E_1225657,1,alaw,A07
LA_E_1225751,1,gsm,A19
LA_E_1226309,1,none,A07
LA_E_1226796,1,opus,A11
LA_E_1227117,1,alaw,A15
LA_E_1227257,1,pstn,A09
LA_E_1227312,1,opus,A11
LA_E_1227473,1,opus,A10
LA_E_1227648,1,ulaw,A19
LA_E_1228292,1,none,A09
LA_E_1228915,1,none,A13
LA_E_1229691,1,opus,A19
LA_E_1229869,0,opus,bonafide
LA_E_1230224,1,pstn,A07
LA_E_1230758,1,opus,A12
LA_E_1230777,1,alaw,A13
LA_E_1230839,1,opus,A07
LA_E_1231196,1,g722,A11
LA_E_1231715,1,ulaw,A17
LA_E_1231794,1,g722,A13
LA_E_1231901,1,pstn,A14
LA_E_1232047,1,gsm,A11
LA_E_1232287,1,gsm,A13
LA_E_1232511,1,opus,A09
LA_E_1232515,1,pstn,A15
LA_E_1233061,1,pstn,A14
LA_E_1233153,1,alaw,A11
LA_E_1233493,1,alaw,A11
LA_E_1233549,1,g722,A09
LA_E_1233583,1,none,A08
LA_E_1234371,1,pstn,A15
LA_E_1234966,1,ulaw,A19
LA_E_1235508,1,alaw,A15
LA_E_1235908,1,pstn,A16
LA_E_1235953,1,none,A13
LA_E_1235955,1,alaw,A15
LA_E_1236404,1,none,A13
LA_E_1236535,0,opus,bonafide
LA_E_1236684,1,gsm,A17
LA_E_1237068,1,pstn,A12
LA_E_1237259,1,gsm,A14
LA_E_1237302,1,alaw,A09
LA_E_1237700,1,pstn,A14
LA_E_1237743,1,ulaw,A12
LA_E_1238269,1,opus,A07
LA_E_1238531,1,pstn,A11
LA_E_1238963,1,pstn,A15
LA_E_1239234,1,opus,A16
LA_E_1239367,1,g722,A15
LA_E_1239523,1,pstn,A12
LA_E_1239598,1,alaw,A08
LA_E_1239982,1,pstn,A08
LA_E_1240089,1,pstn,A09
LA_E_1240265,1,alaw,A10
LA_E_1241006,1,ulaw,A12
LA_E_1241385,1,gsm,A18
LA_E_1241587,1,alaw,A07
LA_E_1242271,1,gsm,A08
LA_E_1242985,1,none,A08
LA_E_1243259,1,g722,A12
LA_E_1243301,1,opus,A09
LA_E_1243628,0,g722,bonafide
LA_E_1244244,1,alaw,A15
LA_E_1244829,1,none,A12
LA_E_1245635,0,ulaw,bonafide
LA_E_1246167,1,g722,A19
LA_E_1246513,1,gsm,A11
LA_E_1246600,0,alaw,bonafide
LA_E_1246690,1,none,A13
LA_E_1246757,1,pstn,A10
LA_E_1246942,1,gsm,A19
LA_E_1247013,1,pstn,A18
LA_E_1247301,1,none,A19
LA_E_1247499,0,ulaw,bonafide
LA_E_1247500,1,alaw,A11
LA_E_1248105,1,opus,A07
LA_E_1248414,1,pstn,A11
LA_E_1249036,1,ulaw,A16
LA_E_1249087,1,gsm,A12
LA_E_1249559,1,g722,A15
LA_E_1249680,1,ulaw,A12
LA_E_1249682,0,alaw,bonafide
LA_E_1249922,1,g722,A09
LA_E_1250101,1,g722,A07
LA_E_1251018,1,none,A19
LA_E_1251102,0,g722,bonafide
LA_E_1251201,1,g722,A17
LA_E_1251214,1,ulaw,A18
LA_E_1251646,0,pstn,bonafide
LA_E_1251672,1,g722,A07
LA_E_1252094,1,ulaw,A17
LA_E_1252251,1,pstn,A11
LA_E_1252412,1,ulaw,A13
LA_E_1252960,1,pstn,A12
LA_E_1253135,1,pstn,A15
LA_E_1253653,1,opus,A08
LA_E_1253789,1,alaw,A13
LA_E_1254063,1,gsm,A09
LA_E_1254205,1,g722,A19
LA_E_1254636,0,none,bonafide
LA_E_1254781,1,pstn,A13
LA_E_1255119,0,pstn,bonafide
LA_E_1255135,1,none,A12
LA_E_1255418,0,g722,bonafide
LA_E_1255793,1,none,A14
LA_E_1256120,1,gsm,A08
LA_E_1257049,1,g722,A14
LA_E_1257323,1,none,A19
LA_E_1258763,1,opus,A19
LA_E_1258895,1,pstn,A09
LA_E_1259003,1,g722,A08
LA_E_1259127,1,g722,A17
LA_E_1259210,1,ulaw,A10
LA_E_1259854,1,opus,A19
LA_E_1260005,1,ulaw,A09
LA_E_1260207,0,gsm,bonafide
LA_E_1260415,1,gsm,A15
LA_E_1260706,1,alaw,A13
LA_E_1261286,1,pstn,A14
LA_E_1261652,0,gsm,bonafide
LA_E_1261684,1,alaw,A18
LA_E_1261731,1,gsm,A15
LA_E_1261862,1,ulaw,A16
LA_E_1262162,1,gsm,A13
LA_E_1262307,1,none,A15
LA_E_1262379,1,g722,A16
LA_E_1262907,1,alaw,A15
LA_E_1262952,1,none,A08
LA_E_1262984,1,alaw,A18
LA_E_1264737,1,g722,A18
LA_E_1264781,1,alaw,A14
LA_E_1265062,1,alaw,A16
LA_E_1265446,1,gsm,A13
LA_E_1265990,1,opus,A15
LA_E_1266033,1,none,A19
LA_E_1266038,1,opus,A10
LA_E_1266090,1,pstn,A12
LA_E_1266144,1,none,A09
LA_E_1266150,1,ulaw,A07
LA_E_1266260,0,opus,bonafide
LA_E_1266424,1,none,A14
LA_E_1266835,1,ulaw,A09
LA_E_1266864,1,g722,A12
LA_E_1267059,1,gsm,A14
LA_E_1267339,1,opus,A15
LA_E_1267374,1,alaw,A11
LA_E_1267555,1,none,A09
LA_E_1267711,1,ulaw,A10
LA_E_1267782,1,alaw,A12
LA_E_1268089,1,gsm,A11
LA_E_1268168,1,g722,A13
LA_E_1268567,0,ulaw,bonafide
LA_E_1268715,1,none,A10
LA_E_1268796,1,none,A11
LA_E_1268948,1,opus,A18
LA_E_1269116,1,pstn,A10
LA_E_1269172,1,alaw,A09
LA_E_1269335,1,g722,A13
LA_E_1269446,1,none,A16
LA_E_1269814,1,alaw,A12
LA_E_1269904,1,opus,A16
LA_E_1270525,1,pstn,A07
LA_E_1271403,1,alaw,A10
LA_E_1271684,1,ulaw,A07
LA_E_1271719,1,none,A12
LA_E_1272242,1,g722,A11
LA_E_1272630,1,ulaw,A18
LA_E_1272647,1,pstn,A13
LA_E_1272711,1,none,A16
LA_E_1272752,1,alaw,A09
LA_E_1273033,1,none,A12
LA_E_1273069,1,g722,A08
LA_E_1273646,1,none,A09
LA_E_1273668,1,gsm,A19
LA_E_1274465,1,g722,A11
LA_E_1274481,1,gsm,A11
LA_E_1274719,1,opus,A10
LA_E_1275134,1,none,A17
LA_E_1275322,1,g722,A11
LA_E_1275727,1,g722,A13
LA_E_1276116,1,none,A15
LA_E_1277003,1,g722,A16
LA_E_1277601,1,alaw,A10
LA_E_1277748,1,gsm,A17
LA_E_1277957,1,g722,A14
LA_E_1278066,1,opus,A10
LA_E_1279344,0,ulaw,bonafide
LA_E_1279401,1,gsm,A12
LA_E_1279605,1,alaw,A12
LA_E_1279770,1,opus,A17
LA_E_1279926,1,gsm,A17
LA_E_1281175,1,none,A15
LA_E_1281535,1,gsm,A19
LA_E_1281746,1,gsm,A17
LA_E_1281808,0,opus,bonafide
LA_E_1281899,1,alaw,A07
LA_E_1282134,1,none,A07
LA_E_1282146,1,alaw,A14
LA_E_1282174,0,opus,bonafide
LA_E_1282575,1,pstn,A17
LA_E_1282753,1,alaw,A10
LA_E_1282836,1,alaw,A18
LA_E_1282994,0,pstn,bonafide
LA_E_1283138,1,pstn,A19
LA_E_1283242,0,opus,bonafide
LA_E_1283411,1,opus,A12
LA_E_1283777,1,alaw,A09
LA_E_1284654,1,ulaw,A19
LA_E_1285020,1,none,A15
LA_E_1285884,1,opus,A12
LA_E_1286498,1,alaw,A16
LA_E_1286523,1,g722,A13
LA_E_1286671,1,ulaw,A17
LA_E_1287037,1,alaw,A07
LA_E_1287100,1,pstn,A18
LA_E_1288271,1,alaw,A17
LA_E_1288670,1,alaw,A17
LA_E_1288854,1,g722,A19
LA_E_1289058,1,pstn,A11
LA_E_1289354,1,opus,A18
LA_E_1289490,0,pstn,bonafide
LA_E_1289528,1,g722,A15
LA_E_1289603,1,opus,A14
LA_E_1289999,1,opus,A11
LA_E_1290030,1,opus,A10
LA_E_1290177,1,alaw,A08
LA_E_1291186,1,alaw,A09
LA_E_1291494,1,alaw,A07
LA_E_1291995,1,gsm,A14
LA_E_1292111,1,ulaw,A13
LA_E_1292119,1,ulaw,A12
LA_E_1292435,0,none,bonafide
LA_E_1292504,1,ulaw,A17
LA_E_1292762,1,g722,A15
LA_E_1292888,0,alaw,bonafide
LA_E_1292955,1,opus,A16
LA_E_1293520,0,pstn,bonafide
LA_E_1294049,1,g722,A07
LA_E_1294091,1,pstn,A19
LA_E_1294991,1,opus,A13
LA_E_1295238,1,g722,A18
LA_E_1295431,1,gsm,A14
LA_E_1295581,1,gsm,A07
LA_E_1295979,1,alaw,A07
LA_E_1296177,1,ulaw,A10
LA_E_1296205,1,none,A10
LA_E_1296600,1,alaw,A10
LA_E_1296768,1,pstn,A10
LA_E_1297390,1,alaw,A11
LA_E_1297671,1,g722,A12
LA_E_1297970,1,pstn,A08
LA_E_1298235,1,pstn,A14
LA_E_1298302,1,opus,A09
LA_E_1298474,0,ulaw,bonafide
LA_E_1298564,1,gsm,A07
LA_E_1299060,1,pstn,A17
LA_E_1299253,1,alaw,A17
LA_E_1299519,1,alaw,A18
LA_E_1299607,1,g722,A19
LA_E_1299831,1,g722,A15
LA_E_1299885,1,opus,A10
LA_E_1300197,1,none,A18
LA_E_1300314,1,opus,A16
LA_E_1300465,1,opus,A17
LA_E_1300540,1,g722,A10
LA_E_1300786,1,none,A07
LA_E_1300905,1,gsm,A12
LA_E_1301004,0,opus,bonafide
LA_E_1301092,1,alaw,A19
LA_E_1301711,1,gsm,A16
LA_E_1301758,1,g722,A17
LA_E_1301860,1,ulaw,A08
LA_E_1302666,1,none,A07
LA_E_1302941,1,g722,A19
LA_E_1303313,1,ulaw,A13
LA_E_1303553,1,g722,A13
LA_E_1303603,1,alaw,A08
LA_E_1303682,1,g722,A17
LA_E_1304156,1,none,A11
LA_E_1304502,1,g722,A11
LA_E_1304971,1,ulaw,A07
LA_E_1305155,1,ulaw,A08
LA_E_1305840,1,pstn,A10
LA_E_1305971,1,opus,A19
LA_E_1306227,1,ulaw,A19
LA_E_1306371,1,alaw,A08
LA_E_1306623,0,opus,bonafide
LA_E_1306676,1,g722,A07
LA_E_1306942,1,opus,A14
LA_E_1306994,1,none,A07
LA_E_1307244,1,g722,A12
LA_E_1307371,0,ulaw,bonafide
LA_E_1307417,1,g722,A07
LA_E_1307444,1,gsm,A10
LA_E_1307451,1,gsm,A13
LA_E_1307703,1,pstn,A18
LA_E_1307959,1,ulaw,A13
LA_E_1308181,1,pstn,A18
LA_E_1308288,1,opus,A11
LA_E_1308451,1,ulaw,A11
LA_E_1308524,1,g722,A14
LA_E_1308790,0,ulaw,bonafide
LA_E_1308825,1,ulaw,A07
LA_E_1309389,1,opus,A16
LA_E_1310059,1,none,A17
LA_E_1310118,1,none,A12
LA_E_1310131,0,g722,bonafide
LA_E_1310184,1,pstn,A13
LA_E_1310268,1,pstn,A10
LA_E_1310361,1,gsm,A11
LA_E_1310400,1,gsm,A08
LA_E_1311420,0,alaw,bonafide
LA_E_1311481,1,none,A10
LA_E_1312559,1,none,A18
LA_E_1312888,1,g722,A09
LA_E_1313224,0,pstn,bonafide
LA_E_1313596,1,none,A07
LA_E_1313861,1,opus,A11
LA_E_1314498,1,ulaw,A15
LA_E_1314568,1,pstn,A18
LA_E_1314586,1,none,A08
LA_E_1314602,1,pstn,A12
LA_E_1314686,0,alaw,bonafide
LA_E_1315215,1,pstn,A14
LA_E_1315300,1,none,A13
LA_E_1315752,1,opus,A10
LA_E_1315783,1,pstn,A13
LA_E_1316263,1,opus,A17
LA_E_1316593,1,alaw,A16
LA_E_1316981,1,alaw,A13
LA_E_1317377,1,none,A14
LA_E_1317788,0,g722,bonafide
LA_E_1317797,0,pstn,bonafide
LA_E_1318030,1,alaw,A17
LA_E_1318166,1,g722,A07
LA_E_1318262,1,gsm,A15
LA_E_1318335,1,opus,A08
LA_E_1318781,1,pstn,A15
LA_E_1319160,1,gsm,A18
LA_E_1319460,1,g722,A12
LA_E_1319703,1,g722,A14
LA_E_1319898,1,none,A10
LA_E_1320020,1,opus,A17
LA_E_1320229,1,ulaw,A13
LA_E_1320272,1,gsm,A10
LA_E_1320416,1,g722,A15
LA_E_1320597,1,g722,A16
LA_E_1320699,1,none,A09
LA_E_1321033,1,ulaw,A18
LA_E_1321060,0,opus,bonafide
LA_E_1321438,1,ulaw,A16
LA_E_1321559,1,g722,A16
LA_E_1321634,1,pstn,A10
LA_E_1321727,1,g722,A17
LA_E_1322215,1,gsm,A10
LA_E_1322344,1,none,A16
LA_E_1322779,0,gsm,bonafide
LA_E_1322990,1,gsm,A18
LA_E_1323137,1,none,A16
LA_E_1323378,1,ulaw,A14
LA_E_1323850,1,g722,A11
LA_E_1324330,1,ulaw,A12
LA_E_1324670,1,gsm,A11
LA_E_1325008,1,opus,A18
LA_E_1325030,0,gsm,bonafide
LA_E_1325160,1,alaw,A12
LA_E_1325505,1,g722,A18
LA_E_1325808,1,opus,A11
LA_E_1327021,1,gsm,A07
LA_E_1327191,1,g722,A19
LA_E_1327286,1,ulaw,A08
LA_E_1327760,1,none,A10
LA_E_1327889,1,alaw,A19
LA_E_1327894,1,opus,A08
LA_E_1328448,1,gsm,A09
LA_E_1328760,1,g722,A16
LA_E_1329097,1,pstn,A13
LA_E_1329242,1,g722,A18
LA_E_1329337,1,gsm,A12
LA_E_1329569,0,g722,bonafide
LA_E_1329622,1,gsm,A08
LA_E_1329994,1,gsm,A17
LA_E_1330528,0,opus,bonafide
LA_E_1330665,1,alaw,A15
LA_E_1330729,1,gsm,A07
LA_E_1330882,1,pstn,A11
LA_E_1331686,1,gsm,A08
LA_E_1331793,1,ulaw,A18
LA_E_1331981,0,pstn,bonafide
LA_E_1332026,1,none,A16
LA_E_1332106,1,g722,A18
LA_E_1333054,1,opus,A14
LA_E_1333458,1,alaw,A16
LA_E_1333861,1,g722,A12
LA_E_1333982,1,g722,A09
LA_E_1334476,1,g722,A08
LA_E_1334921,1,ulaw,A17
LA_E_1334963,1,opus,A15
LA_E_1335439,1,g722,A09
LA_E_1335487,1,gsm,A19
LA_E_1335776,1,gsm,A12
LA_E_1336540,1,opus,A09
LA_E_1336940,1,none,A18
LA_E_1337092,1,opus,A18
LA_E_1337315,0,opus,bonafide
LA_E_1337697,1,alaw,A14
LA_E_1337739,1,ulaw,A14
LA_E_1337804,1,opus,A14
LA_E_1337835,1,opus,A12
LA_E_1338125,1,none,A15
LA_E_1338134,1,gsm,A11
LA_E_1338406,1,ulaw,A15
LA_E_1338711,1,g722,A10
LA_E_1339114,1,none,A11
LA_E_1339290,1,alaw,A12
LA_E_1339644,0,g722,bonafide
LA_E_1340387,1,gsm,A15
LA_E_1340697,0,pstn,bonafide
LA_E_1340936,1,ulaw,A09
LA_E_1341201,1,g722,A09
LA_E_1341354,1,g722,A17
LA_E_1341362,1,none,A19
LA_E_1341511,1,gsm,A18
LA_E_1341784,1,none,A10
LA_E_1342098,1,opus,A16
LA_E_1342107,1,none,A07
LA_E_1342662,1,gsm,A10
LA_E_1342690,1,none,A14
LA_E_1342800,1,none,A08
LA_E_1344319,1,opus,A10
LA_E_1344507,1,pstn,A19
LA_E_1344794,1,opus,A16
LA_E_1344872,1,ulaw,A13
LA_E_1345008,1,g722,A18
LA_E_1345488,1,alaw,A09
LA_E_1345752,1,gsm,A09
LA_E_1345821,1,alaw,A14
LA_E_1346210,1,gsm,A13
LA_E_1346277,1,ulaw,A08
LA_E_1346395,1,alaw,A16
LA_E_1346921,1,pstn,A09
LA_E_1347307,1,ulaw,A17
LA_E_1348391,1,opus,A10
LA_E_1349170,1,gsm,A18
LA_E_1349943,1,opus,A11
LA_E_1350342,0,ulaw,bonafide
LA_E_1350405,1,g722,A08
LA_E_1350605,1,opus,A19
LA_E_1350791,1,opus,A17
LA_E_1351267,1,gsm,A18
LA_E_1352006,0,alaw,bonafide
LA_E_1352409,1,alaw,A15
LA_E_1352842,1,g722,A14
LA_E_1353295,1,opus,A16
LA_E_1353355,1,gsm,A10
LA_E_1354068,1,ulaw,A11
LA_E_1354577,1,alaw,A14
LA_E_1355090,1,gsm,A08
LA_E_1355591,1,none,A11
LA_E_1356037,1,g722,A16
LA_E_1356788,1,gsm,A15
LA_E_1356977,1,gsm,A17
LA_E_1357117,1,gsm,A11
LA_E_1357294,1,none,A13
LA_E_1357331,1,pstn,A12
LA_E_1358147,1,gsm,A09
LA_E_1358496,1,alaw,A11
LA_E_1358857,1,ulaw,A15
LA_E_1359078,1,ulaw,A18
LA_E_1359252,1,pstn,A18
LA_E_1359324,1,g722,A08
LA_E_1359441,1,pstn,A13
LA_E_1359802,1,none,A18
LA_E_1360139,1,ulaw,A13
LA_E_1360140,0,pstn,bonafide
LA_E_1360409,1,none,A07
LA_E_1360603,1,ulaw,A13
LA_E_1360709,1,alaw,A10
LA_E_1360859,1,g722,A14
LA_E_1361309,1,ulaw,A14
LA_E_1361396,1,ulaw,A07
LA_E_1361570,1,opus,A14
LA_E_1361581,0,opus,bonafide
LA_E_1361774,1,opus,A17
LA_E_1361930,1,g722,A08
LA_E_1362299,1,gsm,A16
LA_E_1362378,1,none,A16
LA_E_1362648,1,opus,A19
LA_E_1363445,0,alaw,bonafide
LA_E_1363548,1,alaw,A16
LA_E_1363559,1,opus,A15
LA_E_1363819,1,gsm,A11
LA_E_1363878,0,g722,bonafide
LA_E_1364271,1,ulaw,A10
LA_E_1364366,1,ulaw,A19
LA_E_1364536,1,none,A14
LA_E_1366226,1,ulaw,A17
LA_E_1366262,0,pstn,bonafide
LA_E_1366335,1,pstn,A19
LA_E_1366440,1,gsm,A18
LA_E_1366651,1,gsm,A16
LA_E_1366962,1,alaw,A14
LA_E_1366971,1,none,A11
LA_E_1367354,1,opus,A17
LA_E_1368022,1,opus,A09
LA_E_1368052,1,opus,A13
LA_E_1368112,1,gsm,A11
LA_E_1368152,1,pstn,A08
LA_E_1368179,0,opus,bonafide
LA_E_1369486,0,ulaw,bonafide
LA_E_1369758,1,alaw,A15
LA_E_1369994,1,alaw,A07
LA_E_1370156,1,g722,A15
LA_E_1370187,1,alaw,A13
LA_E_1370264,1,pstn,A19
LA_E_1370336,1,gsm,A17
LA_E_1370966,1,ulaw,A18
LA_E_1370986,0,opus,bonafide
LA_E_1371121,1,pstn,A10
LA_E_1371484,1,opus,A08
LA_E_1371558,1,opus,A10
LA_E_1371934,0,alaw,bonafide
LA_E_1372037,1,gsm,A09
LA_E_1372867,1,pstn,A08
LA_E_1373685,1,alaw,A09
LA_E_1374192,0,g722,bonafide
LA_E_1374429,1,ulaw,A14
LA_E_1374626,1,gsm,A18
LA_E_1374941,1,opus,A17
LA_E_1375213,1,gsm,A11
LA_E_1375614,1,gsm,A10
LA_E_1375802,1,opus,A12
LA_E_1376742,1,ulaw,A16
LA_E_1376814,1,opus,A08
LA_E_1377240,1,ulaw,A07
LA_E_1377529,1,ulaw,A17
LA_E_1377587,1,opus,A14
LA_E_1377682,0,g722,bonafide
LA_E_1378258,1,g722,A19
LA_E_1378337,1,opus,A14
LA_E_1378350,0,opus,bonafide
LA_E_1378735,1,opus,A09
LA_E_1378779,1,alaw,A19
LA_E_1379235,1,gsm,A17
LA_E_1379706,1,alaw,A11
LA_E_1379744,1,alaw,A18
LA_E_1379767,0,gsm,bonafide
LA_E_1380506,1,alaw,A17
LA_E_1380643,1,alaw,A15
LA_E_1380672,0,alaw,bonafide
LA_E_1380730,1,opus,A16
LA_E_1380977,1,none,A07
LA_E_1381238,1,opus,A17
LA_E_1381494,0,none,bonafide
LA_E_1381555,1,ulaw,A11
LA_E_1381863,1,gsm,A12
LA_E_1382002,1,ulaw,A16
LA_E_1382543,1,ulaw,A17
LA_E_1382818,1,opus,A07
LA_E_1382839,1,opus,A11
LA_E_1382893,1,gsm,A18
LA_E_1382963,1,opus,A16
LA_E_1383294,1,alaw,A10
LA_E_1383625,1,opus,A10
LA_E_1383779,1,alaw,A08
LA_E_1383840,1,pstn,A19
LA_E_1383889,1,opus,A16
LA_E_1383933,1,none,A18
LA_E_1385097,1,opus,A14
LA_E_1385552,1,ulaw,A15
LA_E_1385652,1,ulaw,A17
LA_E_1385926,1,ulaw,A09
LA_E_1386201,1,pstn,A07
LA_E_1386531,1,g722,A11
LA_E_1386558,1,none,A09
LA_E_1386655,1,opus,A15
LA_E_1386688,1,alaw,A19
LA_E_1386801,1,pstn,A17
LA_E_1387017,1,ulaw,A19
LA_E_1387019,1,ulaw,A11
LA_E_1388015,0,g722,bonafide
LA_E_1388099,1,opus,A12
LA_E_1388343,1,pstn,A12
LA_E_1388531,1,none,A19
LA_E_1388547,1,g722,A14
LA_E_1388821,1,none,A10
LA_E_1388935,1,none,A15
LA_E_1389080,1,none,A18
LA_E_1389220,0,none,bonafide
LA_E_1389535,1,gsm,A13
LA_E_1389752,1,alaw,A12
LA_E_1389915,1,pstn,A17
LA_E_1390632,1,gsm,A09
LA_E_1390905,1,gsm,A08
LA_E_1390973,1,ulaw,A07
LA_E_1391000,1,pstn,A18
LA_E_1391731,1,gsm,A13
LA_E_1391773,0,g722,bonafide
LA_E_1391853,1,pstn,A11
LA_E_1391976,1,gsm,A16
LA_E_1392301,1,ulaw,A18
LA_E_1393148,1,ulaw,A10
LA_E_1393683,1,none,A12
LA_E_1394945,1,gsm,A17
LA_E_1395100,1,opus,A13
LA_E_1395193,1,ulaw,A09
LA_E_1395213,1,none,A11
LA_E_1395761,1,none,A13
LA_E_1395863,1,opus,A16
LA_E_1396149,0,alaw,bonafide
LA_E_1396205,1,g722,A13
LA_E_1396263,1,gsm,A10
LA_E_1396334,1,gsm,A19
LA_E_1396759,1,opus,A19
LA_E_1397166,1,pstn,A08
LA_E_1397204,1,ulaw,A07
LA_E_1397276,1,gsm,A08
LA_E_1398030,0,ulaw,bonafide
LA_E_1398064,1,opus,A19
LA_E_1399468,1,alaw,A19
LA_E_1399765,1,ulaw,A13
LA_E_1399797,1,pstn,A15
LA_E_1399910,0,pstn,bonafide
LA_E_1400603,1,gsm,A07
LA_E_1400887,1,alaw,A09
LA_E_1401275,1,opus,A07
LA_E_1402091,1,gsm,A11
LA_E_1402183,0,ulaw,bonafide
LA_E_1402366,1,opus,A19
LA_E_1402589,0,none,bonafide
LA_E_1402869,1,opus,A17
LA_E_1402914,1,gsm,A16
LA_E_1402945,0,g722,bonafide
LA_E_1403127,1,opus,A11
LA_E_1403880,1,opus,A10
LA_E_1403942,1,g722,A18
LA_E_1404057,1,ulaw,A09
LA_E_1404116,1,gsm,A10
LA_E_1404944,1,none,A09
LA_E_1405266,1,gsm,A11
LA_E_1405448,1,opus,A14
LA_E_1405547,0,ulaw,bonafide
LA_E_1405622,1,pstn,A17
LA_E_1405716,1,alaw,A07
LA_E_1405977,1,ulaw,A19
LA_E_1405980,1,none,A14
LA_E_1406458,0,none,bonafide
LA_E_1406806,1,alaw,A10
LA_E_1406900,1,g722,A10
LA_E_1407369,1,opus,A10
LA_E_1407918,1,opus,A09
LA_E_1408206,1,opus,A16
LA_E_1408709,1,opus,A14
LA_E_1408994,1,opus,A14
LA_E_1409042,1,opus,A16
LA_E_1409364,1,pstn,A18
LA_E_1409380,1,gsm,A15
LA_E_1409925,1,g722,A09
LA_E_1409927,1,g722,A17
LA_E_1411538,1,none,A14
LA_E_1411611,1,g722,A16
LA_E_1411978,1,pstn,A16
LA_E_1412047,1,gsm,A12
LA_E_1412263,1,gsm,A14
LA_E_1412592,1,g722,A10
LA_E_1412636,1,pstn,A09
LA_E_1412903,1,g722,A13
LA_E_1413193,0,none,bonafide
LA_E_1413270,1,ulaw,A13
LA_E_1413277,1,gsm,A19
LA_E_1413534,1,opus,A08
LA_E_1413593,1,g722,A10
LA_E_1413612,1,opus,A19
LA_E_1414289,1,pstn,A14
LA_E_1414313,1,none,A17
LA_E_1414563,1,opus,A13
LA_E_1414697,1,alaw,A08
LA_E_1414744,1,opus,A11
LA_E_1415496,1,gsm,A13
LA_E_1415755,1,pstn,A07
LA_E_1416246,1,gsm,A11
LA_E_1416323,1,opus,A15
LA_E_1416431,1,pstn,A08
LA_E_1416576,1,gsm,A18
LA_E_1416804,1,ulaw,A16
LA_E_1416868,1,opus,A12
LA_E_1417300,1,gsm,A16
LA_E_1417467,0,alaw,bonafide
LA_E_1417558,1,g722,A12
LA_E_1417789,0,gsm,bonafide
LA_E_1417813,1,none,A17
LA_E_1417966,1,ulaw,A17
LA_E_1418245,1,opus,A13
LA_E_1418249,1,ulaw,A12
LA_E_1418444,1,gsm,A12
LA_E_1418770,1,none,A16
LA_E_1418972,1,g722,A07
LA_E_1419366,1,gsm,A11
LA_E_1419470,1,ulaw,A18
LA_E_1419508,1,gsm,A19
LA_E_1419601,1,alaw,A16
LA_E_1419849,1,ulaw,A08
LA_E_1420009,1,ulaw,A13
LA_E_1420063,1,gsm,A18
LA_E_1420501,1,pstn,A16
LA_E_1420691,1,none,A12
LA_E_1421023,0,g722,bonafide
LA_E_1421443,1,none,A19
LA_E_1421832,1,opus,A19
LA_E_1422091,1,alaw,A19
LA_E_1422133,1,ulaw,A17
LA_E_1422472,1,pstn,A17
LA_E_1422572,1,none,A13
LA_E_1422622,1,g722,A19
LA_E_1423505,1,gsm,A08
LA_E_1424516,1,alaw,A18
LA_E_1424682,0,opus,bonafide
LA_E_1424722,1,gsm,A10
LA_E_1425085,1,alaw,A15
LA_E_1425130,1,ulaw,A17
LA_E_1425398,1,ulaw,A09
LA_E_1425637,1,gsm,A08
LA_E_1425670,1,opus,A11
LA_E_1425872,1,opus,A15
LA_E_1426034,1,gsm,A07
LA_E_1426762,0,g722,bonafide
LA_E_1426851,1,g722,A08
LA_E_1426870,1,none,A08
LA_E_1426948,1,ulaw,A15
LA_E_1426963,1,opus,A10
LA_E_1427065,1,gsm,A10
LA_E_1427391,1,gsm,A15
LA_E_1427678,1,ulaw,A11
LA_E_1428125,1,gsm,A18
LA_E_1428366,1,none,A17
LA_E_1428404,1,none,A09
LA_E_1428505,1,g722,A11
LA_E_1428855,1,pstn,A13
LA_E_1429445,1,none,A13
LA_E_1429967,1,alaw,A12
LA_E_1430169,1,pstn,A19
LA_E_1430413,1,none,A17
LA_E_1430649,1,ulaw,A16
LA_E_1430739,1,opus,A17
LA_E_1430920,1,none,A10
LA_E_1431594,1,opus,A09
LA_E_1432028,1,alaw,A09
LA_E_1432701,1,ulaw,A17
LA_E_1432720,1,g722,A09
LA_E_1433332,1,none,A15
LA_E_1434004,0,alaw,bonafide
LA_E_1434049,1,g722,A14
LA_E_1434271,1,ulaw,A07
LA_E_1434737,1,gsm,A17
LA_E_1434738,1,opus,A19
LA_E_1434873,1,ulaw,A12
LA_E_1435064,1,opus,A10
LA_E_1435496,1,opus,A13
LA_E_1435507,0,gsm,bonafide
LA_E_1435930,1,opus,A09
LA_E_1436266,0,none,bonafide
LA_E_1436387,1,opus,A14
LA_E_1436862,1,opus,A13
LA_E_1436906,1,opus,A13
LA_E_1437368,1,gsm,A10
LA_E_1437643,1,alaw,A09
LA_E_1437727,1,alaw,A07
LA_E_1437902,0,pstn,bonafide
LA_E_1437986,1,gsm,A08
LA_E_1438252,1,pstn,A07
LA_E_1439334,1,alaw,A16
LA_E_1439627,1,opus,A07
LA_E_1439641,1,gsm,A08
LA_E_1439766,1,opus,A18
LA_E_1439785,1,pstn,A07
LA_E_1440262,1,alaw,A17
LA_E_1440966,1,ulaw,A19
LA_E_1441024,1,gsm,A12
LA_E_1441427,1,alaw,A13
LA_E_1441553,1,none,A16
LA_E_1441697,1,gsm,A11
LA_E_1441813,1,ulaw,A09
LA_E_1442036,1,gsm,A10
LA_E_1442096,1,gsm,A18
LA_E_1442429,0,none,bonafide
LA_E_1442579,1,gsm,A17
LA_E_1442863,1,ulaw,A18
LA_E_1443235,1,ulaw,A19
LA_E_1443748,1,opus,A15
LA_E_1443753,1,opus,A17
LA_E_1444166,1,opus,A15
LA_E_1444284,0,pstn,bonafide
LA_E_1444593,1,alaw,A14
LA_E_1444720,0,gsm,bonafide
LA_E_1444888,1,gsm,A07
LA_E_1445092,1,ulaw,A18
LA_E_1445116,1,opus,A17
LA_E_1445373,1,ulaw,A10
LA_E_1445699,0,g722,bonafide
LA_E_1445730,1,gsm,A08
LA_E_1446119,1,ulaw,A09
LA_E_1446151,1,ulaw,A13
LA_E_1446236,0,gsm,bonafide
LA_E_1446277,1,ulaw,A16
LA_E_1446329,1,g722,A18
LA_E_1446459,1,ulaw,A18
LA_E_1446578,1,gsm,A14
LA_E_1446682,1,opus,A09
LA_E_1446837,1,opus,A07
LA_E_1446855,1,ulaw,A14
LA_E_1447503,0,ulaw,bonafide
LA_E_1448123,1,opus,A15
LA_E_1448242,1,none,A07
LA_E_1448743,1,alaw,A13
LA_E_1448773,1,ulaw,A08
LA_E_1449600,1,ulaw,A09
LA_E_1449608,1,opus,A10
LA_E_1449661,1,ulaw,A17
LA_E_1449973,1,opus,A07
LA_E_1450120,1,none,A11
LA_E_1450376,1,pstn,A15
LA_E_1450566,1,opus,A19
LA_E_1450842,0,none,bonafide
LA_E_1451012,1,gsm,A19
LA_E_1451444,1,gsm,A14
LA_E_1451549,1,alaw,A10
LA_E_1451718,1,gsm,A17
LA_E_1451742,0,none,bonafide
LA_E_1451784,1,g722,A13
LA_E_1451889,1,gsm,A19
LA_E_1452374,0,alaw,bonafide
LA_E_1452455,1,alaw,A08
LA_E_1453045,1,gsm,A09
LA_E_1453190,1,opus,A15
LA_E_1453222,1,ulaw,A15
LA_E_1453316,1,ulaw,A15
LA_E_1453509,1,alaw,A11
LA_E_1454169,1,alaw,A15
LA_E_1454185,1,g722,A08
LA_E_1454465,1,opus,A12
LA_E_1454574,1,gsm,A15
LA_E_1454693,1,opus,A16
LA_E_1454736,1,alaw,A10
LA_E_1454884,1,none,A07
LA_E_1455144,1,ulaw,A15
LA_E_1455197,1,ulaw,A09
LA_E_1455265,1,opus,A11
LA_E_1455332,1,ulaw,A13
LA_E_1455504,0,gsm,bonafide
LA_E_1455831,1,opus,A14
LA_E_1455906,1,pstn,A14
LA_E_1456125,1,g722,A15
LA_E_1456418,1,none,A15
LA_E_1456622,1,none,A12
LA_E_1456934,1,alaw,A19
LA_E_1457158,1,ulaw,A07
LA_E_1457223,1,g722,A16
LA_E_1457260,1,g722,A11
LA_E_1457384,1,opus,A08
LA_E_1458365,1,gsm,A07
LA_E_1458522,1,gsm,A08
LA_E_1458548,1,none,A15
LA_E_1458698,1,gsm,A09
LA_E_1458730,1,opus,A14
LA_E_1458780,1,ulaw,A10
LA_E_1459448,1,gsm,A17
LA_E_1459523,1,g722,A17
LA_E_1459659,1,g722,A09
LA_E_1459683,1,opus,A15
LA_E_1460104,1,g722,A13
LA_E_1460206,1,none,A19
LA_E_1460284,1,gsm,A09
LA_E_1460307,0,pstn,bonafide
LA_E_1460413,1,gsm,A11
LA_E_1460624,1,alaw,A09
LA_E_1460800,1,gsm,A19
LA_E_1460907,1,pstn,A16
LA_E_1461262,1,g722,A12
LA_E_1461414,0,none,bonafide
LA_E_1461661,1,ulaw,A19
LA_E_1461846,1,ulaw,A07
LA_E_1462558,0,none,bonafide
LA_E_1462675,1,opus,A13
LA_E_1462754,1,pstn,A14
LA_E_1462846,1,ulaw,A09
LA_E_1463323,1,g722,A11
LA_E_1463427,1,ulaw,A19
LA_E_1463679,1,gsm,A18
LA_E_1463732,1,ulaw,A13
LA_E_1464083,1,gsm,A07
LA_E_1464230,1,ulaw,A10
LA_E_1464385,1,none,A13
LA_E_1464429,0,gsm,bonafide
LA_E_1464784,1,none,A14
LA_E_1464936,1,opus,A11
LA_E_1465286,1,gsm,A15
LA_E_1465510,1,ulaw,A16
LA_E_1465546,1,pstn,A16
LA_E_1465668,1,none,A14
LA_E_1465680,1,ulaw,A07
LA_E_1465900,1,gsm,A17
LA_E_1466074,1,opus,A19
LA_E_1466648,1,opus,A13
LA_E_1467300,1,alaw,A12
LA_E_1467427,1,ulaw,A17
LA_E_1467794,1,alaw,A11
LA_E_1467987,1,gsm,A15
LA_E_1468084,1,pstn,A16
LA_E_1468396,1,gsm,A12
LA_E_1468873,1,none,A19
LA_E_1468935,1,gsm,A13
LA_E_1469101,1,opus,A16
LA_E_1469214,1,ulaw,A10
LA_E_1469384,0,none,bonafide
LA_E_1469527,1,opus,A19
LA_E_1469667,1,ulaw,A07
LA_E_1469979,1,none,A09
LA_E_1471031,1,none,A13
LA_E_1471456,1,opus,A08
LA_E_1471799,1,ulaw,A12
LA_E_1471923,0,ulaw,bonafide
LA_E_1472190,0,alaw,bonafide
LA_E_1472453,1,ulaw,A09
LA_E_1472720,1,gsm,A13
LA_E_1472925,1,opus,A14
LA_E_1473402,1,g722,A10
LA_E_1474255,1,pstn,A13
LA_E_1474332,1,pstn,A16
LA_E_1474766,1,gsm,A17
LA_E_1474815,1,pstn,A11
LA_E_1475083,1,pstn,A18
LA_E_1475319,1,ulaw,A11
LA_E_1475681,1,ulaw,A17
LA_E_1475960,1,opus,A13
LA_E_1476084,1,gsm,A12
LA_E_1476112,1,none,A15
LA_E_1476149,1,alaw,A15
LA_E_1476258,1,opus,A17
LA_E_1476335,1,gsm,A08
LA_E_1476477,1,gsm,A08
LA_E_1476637,1,opus,A09
LA_E_1476651,1,opus,A12
LA_E_1476824,1,opus,A09
LA_E_1476870,1,gsm,A07
LA_E_1477470,1,opus,A08
LA_E_1477554,1,ulaw,A10
LA_E_1477820,1,alaw,A14
LA_E_1477825,1,g722,A14
LA_E_1478038,1,opus,A15
LA_E_1478091,0,gsm,bonafide
LA_E_1478406,1,gsm,A18
LA_E_1478571,1,ulaw,A19
LA_E_1478732,1,g722,A11
LA_E_1478776,1,ulaw,A08
LA_E_1479120,1,opus,A09
LA_E_1479202,1,alaw,A18
LA_E_1479219,1,g722,A11
LA_E_1479230,1,ulaw,A07
LA_E_1479520,1,ulaw,A10
LA_E_1479569,1,gsm,A15
LA_E_1479570,1,none,A17
LA_E_1479647,1,gsm,A11
LA_E_1480296,1,gsm,A10
LA_E_1480402,1,gsm,A12
LA_E_1480436,1,opus,A17
LA_E_1480451,1,ulaw,A12
LA_E_1480692,1,none,A10
LA_E_1480997,1,none,A11
LA_E_1481441,1,gsm,A19
LA_E_1481537,1,alaw,A13
LA_E_1481875,1,ulaw,A16
LA_E_1482025,1,alaw,A12
LA_E_1482371,1,none,A12
LA_E_1482845,1,opus,A15
LA_E_1482885,1,pstn,A07
LA_E_1482893,1,gsm,A13
LA_E_1482908,1,ulaw,A16
LA_E_1483352,1,gsm,A07
LA_E_1483357,1,gsm,A17
LA_E_1483610,1,none,A09
LA_E_1484058,1,g722,A15
LA_E_1484423,1,g722,A08
LA_E_1484992,1,gsm,A19
LA_E_1485324,1,none,A15
LA_E_1485973,1,pstn,A10
LA_E_1486048,1,gsm,A19
LA_E_1486919,1,opus,A07
LA_E_1487354,1,gsm,A07
LA_E_1487416,1,gsm,A15
LA_E_1487450,0,ulaw,bonafide
LA_E_1487612,1,ulaw,A17
LA_E_1487827,1,ulaw,A10
LA_E_1487896,1,gsm,A16
LA_E_1488387,1,none,A16
LA_E_1488465,1,pstn,A07
LA_E_1488822,1,opus,A08
LA_E_1488948,1,none,A07
LA_E_1489214,1,gsm,A12
LA_E_1489217,1,none,A17
LA_E_1489239,1,alaw,A16
LA_E_1489308,1,opus,A14
LA_E_1489341,1,ulaw,A11
LA_E_1489607,1,gsm,A13
LA_E_1489903,1,opus,A10
LA_E_1490289,1,alaw,A12
LA_E_1490507,1,opus,A08
LA_E_1490536,1,none,A08
LA_E_1490850,1,ulaw,A15
LA_E_1491036,1,pstn,A09
LA_E_1491122,1,pstn,A19
LA_E_1491174,1,pstn,A08
LA_E_1491390,1,gsm,A16
LA_E_1491782,1,gsm,A15
LA_E_1491795,1,alaw,A19
LA_E_1491991,1,pstn,A17
LA_E_1492008,1,gsm,A12
LA_E_1492212,1,gsm,A11
LA_E_1492492,1,ulaw,A14
LA_E_1492496,1,opus,A19
LA_E_1492634,1,pstn,A14
LA_E_1492979,1,gsm,A18
LA_E_1493000,0,gsm,bonafide
LA_E_1493060,1,ulaw,A13
LA_E_1493193,1,opus,A18
LA_E_1493281,1,gsm,A09
LA_E_1494027,1,alaw,A07
LA_E_1494031,1,alaw,A07
LA_E_1494090,1,ulaw,A10
LA_E_1494227,1,opus,A12
LA_E_1494553,0,none,bonafide
LA_E_1494616,1,alaw,A17
LA_E_1494835,1,gsm,A09
LA_E_1495076,1,opus,A13
LA_E_1495388,1,g722,A12
LA_E_1496149,1,alaw,A09
LA_E_1496313,1,opus,A16
LA_E_1496315,1,opus,A12
LA_E_1496414,1,g722,A19
LA_E_1496805,1,ulaw,A13
LA_E_1497357,1,none,A17
LA_E_1497740,0,ulaw,bonafide
LA_E_1498081,1,ulaw,A09
LA_E_1498335,1,gsm,A13
LA_E_1498379,1,gsm,A07
LA_E_1498473,1,gsm,A18
LA_E_1498667,1,opus,A19
LA_E_1498754,1,none,A14
LA_E_1499362,1,g722,A08
LA_E_1499554,1,gsm,A15
LA_E_1499803,1,alaw,A14
LA_E_1500113,1,ulaw,A12
LA_E_1500317,1,gsm,A16
LA_E_1500449,1,g722,A07
LA_E_1500733,1,none,A13
LA_E_1501363,1,alaw,A09
LA_E_1501659,1,alaw,A09
LA_E_1501781,1,none,A19
LA_E_1502177,1,alaw,A10
LA_E_1502770,1,pstn,A15
LA_E_1502799,1,pstn,A15
LA_E_1502830,1,g722,A18
LA_E_1502925,0,gsm,bonafide
LA_E_1503089,1,pstn,A12
LA_E_1503239,1,pstn,A14
LA_E_1503340,1,ulaw,A07
LA_E_1503829,1,gsm,A13
LA_E_1504204,1,gsm,A17
LA_E_1504254,1,g722,A09
LA_E_1504813,1,ulaw,A19
LA_E_1504843,1,ulaw,A19
LA_E_1505185,1,ulaw,A15
LA_E_1505536,1,opus,A12
LA_E_1506281,1,ulaw,A16
LA_E_1506972,1,g722,A13
LA_E_1507068,1,opus,A13
LA_E_1507154,1,opus,A08
LA_E_1507415,1,gsm,A08
LA_E_1507655,1,opus,A13
LA_E_1507864,1,ulaw,A15
LA_E_1507946,1,ulaw,A17
LA_E_1508078,1,ulaw,A19
LA_E_1508160,1,opus,A07
LA_E_1508215,1,alaw,A10
LA_E_1508649,1,gsm,A19
LA_E_1508820,1,opus,A09
LA_E_1509075,0,g722,bonafide
LA_E_1509268,1,gsm,A14
LA_E_1509300,1,alaw,A09
LA_E_1509714,1,g722,A13
LA_E_1509833,1,alaw,A08
LA_E_1510646,1,ulaw,A08
LA_E_1510854,1,alaw,A12
LA_E_1511593,1,pstn,A09
LA_E_1512398,1,gsm,A07
LA_E_1512522,1,ulaw,A12
LA_E_1512604,1,none,A13
LA_E_1512785,1,ulaw,A14
LA_E_1513140,1,ulaw,A19
LA_E_1513550,1,alaw,A14
LA_E_1513786,1,none,A14
LA_E_1513805,1,opus,A10
LA_E_1513987,1,alaw,A16
LA_E_1514005,0,g722,bonafide
LA_E_1514189,1,pstn,A08
LA_E_1514380,1,g722,A19
LA_E_1514549,0,alaw,bonafide
LA_E_1515102,1,ulaw,A16
LA_E_1515198,1,pstn,A17
LA_E_1515204,1,gsm,A17
LA_E_1515240,1,gsm,A07
LA_E_1515748,1,ulaw,A12
LA_E_1515822,1,g722,A09
LA_E_1515967,1,none,A15
LA_E_1516092,1,opus,A15
LA_E_1516131,1,alaw,A15
LA_E_1516265,1,opus,A07
LA_E_1516415,1,none,A14
LA_E_1516452,1,pstn,A09
LA_E_1516645,1,none,A14
LA_E_1516706,1,gsm,A15
LA_E_1516819,1,ulaw,A08
LA_E_1516884,1,none,A13
LA_E_1516940,0,opus,bonafide
LA_E_1516994,1,gsm,A19
LA_E_1517208,1,gsm,A11
LA_E_1517333,1,none,A10
LA_E_1517486,1,opus,A18
LA_E_1517635,1,opus,A08
LA_E_1518149,1,ulaw,A09
LA_E_1518454,0,opus,bonafide
LA_E_1518793,1,none,A19
LA_E_1519114,1,ulaw,A13
LA_E_1519181,1,alaw,A11
LA_E_1519182,1,pstn,A12
LA_E_1519491,1,ulaw,A11
LA_E_1519691,1,none,A07
LA_E_1519889,1,ulaw,A16
LA_E_1519916,1,alaw,A18
LA_E_1520095,1,opus,A15
LA_E_1520181,1,ulaw,A18
LA_E_1520284,1,opus,A18
LA_E_1520714,1,pstn,A11
LA_E_1520828,1,alaw,A12
LA_E_1521081,1,gsm,A15
LA_E_1521283,1,opus,A14
LA_E_1521286,1,gsm,A16
LA_E_1521413,1,g722,A16
LA_E_1522247,0,none,bonafide
LA_E_1522276,1,gsm,A09
LA_E_1522512,1,alaw,A16
LA_E_1522947,1,none,A11
LA_E_1523066,0,gsm,bonafide
LA_E_1523155,1,alaw,A15
LA_E_1523253,1,pstn,A13
LA_E_1523508,1,ulaw,A09
LA_E_1523688,1,gsm,A19
LA_E_1523908,1,gsm,A12
LA_E_1524219,1,g722,A14
LA_E_1524516,1,ulaw,A07
LA_E_1524659,0,opus,bonafide
LA_E_1524755,1,ulaw,A11
LA_E_1524994,1,gsm,A15
LA_E_1525113,1,g722,A08
LA_E_1525261,1,none,A16
LA_E_1525330,1,gsm,A10
LA_E_1525764,1,g722,A07
LA_E_1525830,1,opus,A12
LA_E_1526193,1,ulaw,A19
LA_E_1526566,1,g722,A19
LA_E_1526915,1,alaw,A18
LA_E_1527110,1,opus,A16
LA_E_1527901,1,ulaw,A16
LA_E_1528356,1,alaw,A14
LA_E_1528389,1,gsm,A07
LA_E_1528692,1,none,A16
LA_E_1528693,1,alaw,A19
LA_E_1528855,0,pstn,bonafide
LA_E_1528865,1,gsm,A15
LA_E_1528894,1,alaw,A11
LA_E_1529013,1,opus,A10
LA_E_1529348,1,alaw,A13
LA_E_1529436,1,ulaw,A10
LA_E_1530023,1,alaw,A15
LA_E_1530162,1,gsm,A10
LA_E_1530190,1,ulaw,A19
LA_E_1530239,1,pstn,A07
LA_E_1530525,1,pstn,A11
LA_E_1530643,1,ulaw,A17
LA_E_1530839,1,gsm,A12
LA_E_1531153,1,gsm,A16
LA_E_1531275,1,opus,A08
LA_E_1531470,1,none,A08
LA_E_1531480,1,none,A12
LA_E_1531691,1,none,A12
LA_E_1531817,1,gsm,A14
LA_E_1532430,0,gsm,bonafide
LA_E_1532635,0,none,bonafide
LA_E_1532674,1,none,A08
LA_E_1532903,1,opus,A17
LA_E_1533351,1,ulaw,A12
LA_E_1533375,1,none,A13
LA_E_1533606,0,g722,bonafide
LA_E_1533711,1,alaw,A13
LA_E_1533826,1,opus,A11
LA_E_1534311,1,g722,A14
LA_E_1534725,1,none,A18
LA_E_1534861,1,opus,A07
LA_E_1535354,1,pstn,A09
LA_E_1535444,1,none,A07
LA_E_1536136,1,opus,A18
LA_E_1536219,1,ulaw,A08
LA_E_1536722,1,pstn,A18
LA_E_1537632,0,alaw,bonafide
LA_E_1538881,1,opus,A10
LA_E_1538962,1,opus,A07
LA_E_1539229,1,ulaw,A13
LA_E_1539329,1,g722,A15
LA_E_1540286,1,none,A10
LA_E_1540304,1,alaw,A15
LA_E_1540355,1,gsm,A08
LA_E_1540549,1,alaw,A10
LA_E_1540673,1,opus,A17
LA_E_1541081,1,gsm,A19
LA_E_1541398,0,none,bonafide
LA_E_1541697,1,g722,A13
LA_E_1541855,1,g722,A10
LA_E_1541874,1,alaw,A07
LA_E_1542306,1,ulaw,A08
LA_E_1542341,1,opus,A08
LA_E_1542546,1,ulaw,A15
LA_E_1543543,1,alaw,A12
LA_E_1543580,1,opus,A19
LA_E_1543761,1,gsm,A17
LA_E_1543849,1,gsm,A07
LA_E_1544383,1,g722,A17
LA_E_1544388,1,pstn,A07
LA_E_1544793,1,pstn,A09
LA_E_1545025,0,opus,bonafide
LA_E_1545072,1,pstn,A14
LA_E_1545149,1,gsm,A16
LA_E_1545195,1,gsm,A13
LA_E_1545250,1,g722,A11
LA_E_1545521,1,opus,A07
LA_E_1545771,1,pstn,A19
LA_E_1545979,1,pstn,A18
LA_E_1546049,1,gsm,A14
LA_E_1546395,1,none,A14
LA_E_1546435,1,gsm,A07
LA_E_1546622,1,alaw,A12
LA_E_1546789,1,none,A09
LA_E_1547099,1,pstn,A15
LA_E_1547106,1,gsm,A09
LA_E_1547177,1,alaw,A17
LA_E_1547438,1,opus,A13
LA_E_1547491,1,pstn,A15
LA_E_1547849,1,none,A13
LA_E_1548005,1,alaw,A07
LA_E_1548038,1,pstn,A10
LA_E_1548253,1,ulaw,A09
LA_E_1548361,1,gsm,A18
LA_E_1548395,1,gsm,A07
LA_E_1548490,1,gsm,A13
LA_E_1548543,1,ulaw,A14
LA_E_1548706,1,opus,A12
LA_E_1548749,1,g722,A11
LA_E_1548750,1,opus,A09
LA_E_1548923,1,ulaw,A19
LA_E_1549201,1,alaw,A16
LA_E_1549222,1,ulaw,A12
LA_E_1549262,1,gsm,A09
LA_E_1549626,1,ulaw,A10
LA_E_1549712,1,ulaw,A07
LA_E_1549740,1,opus,A14
LA_E_1550224,1,ulaw,A16
LA_E_1550236,1,ulaw,A10
LA_E_1550740,1,none,A07
LA_E_1550812,1,none,A09
LA_E_1550865,1,g722,A11
LA_E_1550884,1,g722,A13
LA_E_1551242,1,g722,A11
LA_E_1551555,0,pstn,bonafide
LA_E_1551793,1,gsm,A18
LA_E_1551862,0,none,bonafide
LA_E_1552046,1,ulaw,A15
LA_E_1552377,1,ulaw,A17
LA_E_1552509,1,g722,A13
LA_E_1552737,1,gsm,A11
LA_E_1552868,1,alaw,A16
LA_E_1552973,1,alaw,A11
LA_E_1553231,1,gsm,A13
LA_E_1553541,1,none,A07
LA_E_1553662,1,none,A07
LA_E_1553982,1,none,A19
LA_E_1554115,1,ulaw,A08
LA_E_1554189,1,ulaw,A07
LA_E_1554324,1,gsm,A15
LA_E_1554792,1,pstn,A17
LA_E_1555492,1,pstn,A14
LA_E_1555729,1,g722,A08
LA_E_1555734,1,alaw,A12
LA_E_1555867,1,g722,A18
LA_E_1556077,1,gsm,A08
LA_E_1556150,1,none,A12
LA_E_1556464,1,gsm,A12
LA_E_1556488,0,none,bonafide
LA_E_1556575,1,ulaw,A15
LA_E_1556606,1,ulaw,A16
LA_E_1556835,1,alaw,A13
LA_E_1557100,1,gsm,A07
LA_E_1557117,1,none,A19
LA_E_1557301,1,gsm,A19
LA_E_1558009,1,ulaw,A11
LA_E_1558300,1,ulaw,A14
LA_E_1558394,0,alaw,bonafide
LA_E_1558444,1,alaw,A08
LA_E_1558491,1,none,A15
LA_E_1558785,1,gsm,A09
LA_E_1558928,1,opus,A09
LA_E_1559329,1,alaw,A07
LA_E_1559378,1,g722,A09
LA_E_1559415,1,ulaw,A18
LA_E_1560474,1,g722,A18
LA_E_1560849,1,none,A08
LA_E_1560869,1,gsm,A16
LA_E_1561288,1,none,A19
LA_E_1561317,1,ulaw,A18
LA_E_1561351,1,none,A08
LA_E_1561627,1,ulaw,A11
LA_E_1561742,0,pstn,bonafide
LA_E_1561930,1,g722,A13
LA_E_1561993,1,gsm,A10
LA_E_1562138,1,ulaw,A08
LA_E_1562557,1,opus,A15
LA_E_1562742,1,opus,A08
LA_E_1563234,1,pstn,A15
LA_E_1563537,1,gsm,A15
LA_E_1564086,1,g722,A10
LA_E_1564200,1,gsm,A12
LA_E_1564287,1,none,A10
LA_E_1564585,1,alaw,A19
LA_E_1564686,1,gsm,A14
LA_E_1564802,1,pstn,A09
LA_E_1564859,1,none,A17
LA_E_1565528,1,g722,A19
LA_E_1565686,1,g722,A08
LA_E_1565738,0,opus,bonafide
LA_E_1565779,1,ulaw,A17
LA_E_1566377,1,pstn,A12
LA_E_1566579,1,opus,A15
LA_E_1567197,1,alaw,A11
LA_E_1567499,1,gsm,A19
LA_E_1567523,1,none,A18
LA_E_1567848,1,alaw,A11
LA_E_1567858,1,alaw,A09
LA_E_1568344,1,pstn,A14
LA_E_1568500,1,ulaw,A19
LA_E_1568594,1,alaw,A15
LA_E_1568850,0,gsm,bonafide
LA_E_1569066,1,ulaw,A18
LA_E_1569122,1,pstn,A09
LA_E_1569641,1,opus,A13
LA_E_1569814,1,pstn,A19
LA_E_1569817,1,pstn,A11
LA_E_1569854,1,g722,A09
LA_E_1569965,1,pstn,A16
LA_E_1569984,1,alaw,A18
LA_E_1570181,1,opus,A11
LA_E_1570231,0,alaw,bonafide
LA_E_1570300,1,ulaw,A17
LA_E_1570575,1,ulaw,A08
LA_E_1570595,1,g722,A07
LA_E_1571021,1,alaw,A10
LA_E_1571513,1,ulaw,A16
LA_E_1571568,1,pstn,A13
LA_E_1571808,1,gsm,A17
LA_E_1572531,1,opus,A11
LA_E_1572773,1,pstn,A10
LA_E_1572953,1,pstn,A10
LA_E_1573121,1,none,A10
LA_E_1573424,1,opus,A07
LA_E_1573645,1,ulaw,A08
LA_E_1574775,1,g722,A07
LA_E_1575166,1,alaw,A10
LA_E_1575327,1,alaw,A08
LA_E_1575353,1,alaw,A11
LA_E_1575848,1,ulaw,A15
LA_E_1576127,1,pstn,A13
LA_E_1576154,1,alaw,A19
LA_E_1576178,1,alaw,A07
LA_E_1576220,0,g722,bonafide
LA_E_1576306,1,none,A19
LA_E_1576426,1,pstn,A09
LA_E_1577090,1,pstn,A14
LA_E_1577305,1,ulaw,A11
LA_E_1577325,1,gsm,A14
LA_E_1577570,1,alaw,A10
LA_E_1578133,1,none,A16
LA_E_1578241,1,g722,A19
LA_E_1578820,1,ulaw,A18
LA_E_1579482,1,ulaw,A12
LA_E_1579697,1,gsm,A19
LA_E_1579952,1,g722,A18
LA_E_1580327,1,ulaw,A15
LA_E_1580365,1,alaw,A09
LA_E_1580415,1,opus,A12
LA_E_1581004,1,alaw,A07
LA_E_1581162,1,opus,A14
LA_E_1581215,1,g722,A15
LA_E_1581277,1,g722,A11
LA_E_1581340,1,opus,A19
LA_E_1581777,1,g722,A14
LA_E_1581807,1,alaw,A14
LA_E_1582070,1,opus,A09
LA_E_1582243,1,gsm,A10
LA_E_1582290,1,ulaw,A19
LA_E_1582912,1,gsm,A09
LA_E_1582939,1,none,A15
LA_E_1583158,1,pstn,A19
LA_E_1583279,1,gsm,A08
LA_E_1583552,1,ulaw,A10
LA_E_1583798,1,g722,A19
LA_E_1584022,1,alaw,A17
LA_E_1584028,1,gsm,A18
LA_E_1584200,1,alaw,A08
LA_E_1584645,1,g722,A08
LA_E_1584971,1,alaw,A07
LA_E_1585361,1,opus,A14
LA_E_1585423,1,gsm,A12
LA_E_1585476,1,alaw,A10
LA_E_1585664,1,g722,A07
LA_E_1585711,0,opus,bonafide
LA_E_1585946,1,ulaw,A19
LA_E_1586145,1,opus,A07
LA_E_1586193,1,opus,A16
LA_E_1586330,1,pstn,A09
LA_E_1586748,1,none,A09
LA_E_1586795,1,alaw,A14
LA_E_1586846,1,opus,A07
LA_E_1586878,1,ulaw,A08
LA_E_1586899,1,ulaw,A16
LA_E_1586985,1,g722,A14
LA_E_1587241,1,opus,A17
LA_E_1587331,0,g722,bonafide
LA_E_1587339,1,pstn,A14
LA_E_1587477,1,ulaw,A12
LA_E_1587665,1,pstn,A15
LA_E_1589190,1,none,A17
LA_E_1589327,1,g722,A07
LA_E_1589783,1,none,A13
LA_E_1590058,1,none,A19
LA_E_1590440,1,opus,A18
LA_E_1590467,1,opus,A08
LA_E_1590708,1,g722,A18
LA_E_1590864,1,none,A15
LA_E_1591134,1,none,A14
LA_E_1591194,1,ulaw,A09
LA_E_1591247,1,opus,A10
LA_E_1591973,1,opus,A12
LA_E_1591984,1,ulaw,A10
LA_E_1592649,1,opus,A12
LA_E_1593540,1,alaw,A10
LA_E_1593963,1,opus,A09
LA_E_1594300,1,pstn,A11
LA_E_1594337,1,alaw,A12
LA_E_1594915,1,opus,A11
LA_E_1594966,1,gsm,A17
LA_E_1595568,1,none,A07
LA_E_1595880,1,gsm,A14
LA_E_1596007,1,gsm,A18
LA_E_1596060,1,pstn,A12
LA_E_1596188,1,g722,A19
LA_E_1596310,1,pstn,A16
LA_E_1596365,1,ulaw,A11
LA_E_1596602,1,ulaw,A17
LA_E_1596810,1,g722,A19
LA_E_1597374,1,none,A16
LA_E_1597481,1,none,A17
LA_E_1597725,1,none,A08
LA_E_1597914,1,opus,A18
LA_E_1598513,1,pstn,A15
LA_E_1598560,1,ulaw,A11
LA_E_1599423,1,none,A15
LA_E_1599750,0,pstn,bonafide
LA_E_1600225,1,g722,A16
LA_E_1600352,1,opus,A17
LA_E_1600396,1,pstn,A13
LA_E_1600463,1,ulaw,A11
LA_E_1600522,1,gsm,A12
LA_E_1600544,1,opus,A07
LA_E_1601021,0,none,bonafide
LA_E_1601522,1,pstn,A07
LA_E_1602853,1,pstn,A18
LA_E_1603036,1,opus,A18
LA_E_1603183,1,pstn,A13
LA_E_1603656,1,g722,A16
LA_E_1604163,1,gsm,A16
LA_E_1604223,1,alaw,A09
LA_E_1604771,1,pstn,A18
LA_E_1604883,1,opus,A14
LA_E_1604929,1,gsm,A18
LA_E_1605029,1,pstn,A10
LA_E_1605356,1,pstn,A15
LA_E_1606118,1,none,A11
LA_E_1606144,1,ulaw,A07
LA_E_1606611,1,gsm,A16
LA_E_1606664,1,g722,A18
LA_E_1607080,1,alaw,A16
LA_E_1607410,1,gsm,A11
LA_E_1607857,1,none,A08
LA_E_1608081,1,pstn,A09
LA_E_1608290,0,ulaw,bonafide
LA_E_1608492,1,opus,A07
LA_E_1608577,1,g722,A19
LA_E_1608670,1,gsm,A19
LA_E_1608813,1,none,A07
LA_E_1609463,1,none,A09
LA_E_1609514,1,none,A12
LA_E_1609542,1,alaw,A08
LA_E_1609602,1,alaw,A18
LA_E_1609726,1,pstn,A07
LA_E_1610446,1,pstn,A16
LA_E_1610863,1,gsm,A17
LA_E_1611021,1,opus,A10
LA_E_1611389,1,g722,A17
LA_E_1611420,1,none,A15
LA_E_1611430,1,ulaw,A16
LA_E_1611852,1,ulaw,A19
LA_E_1612212,1,alaw,A11
LA_E_1612903,1,pstn,A11
LA_E_1612958,1,gsm,A07
LA_E_1613295,1,gsm,A08
LA_E_1613586,1,ulaw,A12
LA_E_1613597,0,ulaw,bonafide
LA_E_1613808,0,ulaw,bonafide
LA_E_1613902,1,pstn,A17
LA_E_1613966,1,alaw,A12
LA_E_1614014,1,pstn,A10
LA_E_1614045,1,alaw,A17
LA_E_1614060,1,alaw,A09
LA_E_1614181,1,none,A11
LA_E_1614308,1,ulaw,A13
LA_E_1614313,0,alaw,bonafide
LA_E_1614756,1,alaw,A14
LA_E_1615048,1,g722,A15
LA_E_1615151,1,none,A12
LA_E_1615447,1,opus,A11
LA_E_1615454,1,alaw,A15
LA_E_1615523,1,opus,A17
LA_E_1615776,1,none,A12
LA_E_1615930,1,none,A16
LA_E_1616148,1,g722,A09
LA_E_1616295,1,pstn,A17
LA_E_1617012,1,pstn,A13
LA_E_1617837,0,gsm,bonafide
LA_E_1618009,1,opus,A15
LA_E_1618178,1,none,A14
LA_E_1618249,1,alaw,A11
LA_E_1618446,1,gsm,A10
LA_E_1618559,1,alaw,A09
LA_E_1618977,1,g722,A13
LA_E_1619021,1,opus,A12
LA_E_1619087,1,none,A08
LA_E_1619247,1,none,A08
LA_E_1619683,1,gsm,A19
LA_E_1619789,1,pstn,A12
LA_E_1619875,1,ulaw,A19
LA_E_1619913,1,pstn,A08
LA_E_1620104,1,none,A13
LA_E_1620521,1,ulaw,A18
LA_E_1620567,1,ulaw,A10
LA_E_1620747,0,gsm,bonafide
LA_E_1621303,1,alaw,A13
LA_E_1621392,1,g722,A08
LA_E_1622060,1,opus,A13
LA_E_1622082,1,alaw,A15
LA_E_1622135,1,g722,A09
LA_E_1622158,1,opus,A19
LA_E_1622397,1,ulaw,A14
LA_E_1622933,1,pstn,A09
LA_E_1623060,1,ulaw,A14
LA_E_1623139,1,g722,A07
LA_E_1623487,1,alaw,A19
LA_E_1623566,1,opus,A16
LA_E_1623698,1,pstn,A10
LA_E_1623827,1,ulaw,A08
LA_E_1624044,1,g722,A15
LA_E_1624069,1,pstn,A14
LA_E_1624641,1,alaw,A15
LA_E_1624724,1,ulaw,A14
LA_E_1625055,1,none,A09
LA_E_1625218,1,none,A14
LA_E_1625321,1,pstn,A18
LA_E_1625384,1,alaw,A17
LA_E_1625433,1,opus,A18
LA_E_1625602,1,alaw,A07
LA_E_1625717,1,gsm,A10
LA_E_1625736,1,ulaw,A16
LA_E_1626112,1,opus,A12
LA_E_1626380,1,alaw,A07
LA_E_1626702,1,none,A18
LA_E_1627086,0,gsm,bonafide
LA_E_1627159,1,alaw,A14
LA_E_1627463,1,none,A19
LA_E_1627627,1,none,A09
LA_E_1628019,1,alaw,A19
LA_E_1628137,1,ulaw,A18
LA_E_1628376,1,none,A17
LA_E_1628421,1,alaw,A14
LA_E_1628443,1,ulaw,A09
LA_E_1628471,1,alaw,A08
LA_E_1628592,1,opus,A18
LA_E_1628639,1,none,A14
LA_E_1628659,1,alaw,A13
LA_E_1628849,1,gsm,A13
LA_E_1629067,1,opus,A07
LA_E_1629314,1,pstn,A11
LA_E_1629555,1,ulaw,A07
LA_E_1629665,1,gsm,A09
LA_E_1629888,1,g722,A11
LA_E_1629989,1,alaw,A09
LA_E_1630211,1,opus,A10
LA_E_1630294,1,pstn,A18
LA_E_1630369,1,ulaw,A10
LA_E_1630374,1,ulaw,A13
LA_E_1630393,1,alaw,A08
LA_E_1630769,1,gsm,A08
LA_E_1630797,1,ulaw,A12
LA_E_1631052,1,alaw,A08
LA_E_1631055,1,alaw,A14
LA_E_1631095,1,g722,A12
LA_E_1631194,1,ulaw,A15
LA_E_1631619,1,pstn,A15
LA_E_1631672,1,g722,A08
LA_E_1631690,1,opus,A18
LA_E_1632020,1,opus,A14
LA_E_1632053,1,gsm,A16
LA_E_1632378,1,none,A12
LA_E_1632407,0,opus,bonafide
LA_E_1633594,1,opus,A08
LA_E_1633987,1,g722,A19
LA_E_1634005,1,g722,A17
LA_E_1634482,1,none,A17
LA_E_1634921,1,opus,A18
LA_E_1635076,1,alaw,A13
LA_E_1635130,1,pstn,A12
LA_E_1635143,1,gsm,A12
LA_E_1635156,1,g722,A08
LA_E_1635791,1,gsm,A14
LA_E_1636142,1,g722,A09
LA_E_1636282,1,ulaw,A13
LA_E_1636356,1,gsm,A18
LA_E_1636384,1,pstn,A11
LA_E_1636435,1,g722,A13
LA_E_1636635,1,gsm,A07
LA_E_1636680,1,g722,A15
LA_E_1637144,1,alaw,A18
LA_E_1638337,1,alaw,A17
LA_E_1638421,1,ulaw,A11
LA_E_1638493,1,alaw,A16
LA_E_1638501,1,alaw,A12
LA_E_1638502,1,none,A16
LA_E_1638770,1,pstn,A11
LA_E_1638850,1,none,A17
LA_E_1638976,1,g722,A18
LA_E_1640244,1,ulaw,A19
LA_E_1640323,1,gsm,A15
LA_E_1640340,1,g722,A10
LA_E_1640479,1,ulaw,A09
LA_E_1640569,1,pstn,A12
LA_E_1640625,1,none,A11
LA_E_1641331,1,gsm,A12
LA_E_1641516,1,none,A10
LA_E_1641522,0,g722,bonafide
LA_E_1641999,1,g722,A14
LA_E_1642196,1,opus,A09
LA_E_1643305,1,g722,A15
LA_E_1644443,1,g722,A15
LA_E_1644589,0,none,bonafide
LA_E_1644601,1,alaw,A18
LA_E_1644614,1,opus,A08
LA_E_1644703,1,pstn,A15
LA_E_1644777,1,opus,A13
LA_E_1644936,1,opus,A19
LA_E_1645053,1,none,A11
LA_E_1645777,1,g722,A18
LA_E_1645831,1,alaw,A08
LA_E_1645848,1,ulaw,A17
LA_E_1646061,1,opus,A10
LA_E_1646404,1,g722,A12
LA_E_1646525,1,opus,A09
LA_E_1646588,1,gsm,A09
LA_E_1646945,1,none,A12
LA_E_1647196,0,gsm,bonafide
LA_E_1647198,1,opus,A18
LA_E_1647483,1,opus,A18
LA_E_1647915,0,alaw,bonafide
LA_E_1648120,1,opus,A15
LA_E_1648233,1,gsm,A13
LA_E_1648283,1,g722,A09
LA_E_1648518,1,alaw,A11
LA_E_1649190,1,none,A08
LA_E_1649293,1,opus,A12
LA_E_1649724,1,alaw,A13
LA_E_1649944,1,gsm,A16
LA_E_1650100,1,g722,A15
LA_E_1650216,1,ulaw,A14
LA_E_1650449,1,gsm,A19
LA_E_1650657,1,ulaw,A15
LA_E_1650885,1,g722,A11
LA_E_1650975,1,gsm,A17
LA_E_1651656,1,g722,A11
LA_E_1651691,1,ulaw,A14
LA_E_1651889,1,gsm,A11
LA_E_1651988,1,opus,A10
LA_E_1652064,1,alaw,A11
LA_E_1652286,1,g722,A11
LA_E_1652647,1,gsm,A19
LA_E_1652672,1,gsm,A10
LA_E_1653025,1,ulaw,A08
LA_E_1653409,1,ulaw,A19
LA_E_1653650,1,g722,A14
LA_E_1653888,1,alaw,A11
LA_E_1654167,1,pstn,A11
LA_E_1654334,1,alaw,A17
LA_E_1654369,1,alaw,A19
LA_E_1654515,1,alaw,A10
LA_E_1655196,1,g722,A14
LA_E_1655633,1,none,A14
LA_E_1655924,1,ulaw,A09
LA_E_1656084,1,pstn,A16
LA_E_1656113,1,g722,A16
LA_E_1656144,1,g722,A09
LA_E_1656334,1,opus,A12
LA_E_1656402,1,ulaw,A07
LA_E_1656704,1,ulaw,A14
LA_E_1656864,1,alaw,A16
LA_E_1656897,1,alaw,A12
LA_E_1657022,1,g722,A07
LA_E_1657076,0,gsm,bonafide
LA_E_1657077,1,gsm,A15
LA_E_1657268,1,pstn,A17
LA_E_1657914,1,g722,A08
LA_E_1657994,1,gsm,A11
LA_E_1657999,1,none,A10
LA_E_1658107,1,pstn,A17
LA_E_1658236,1,none,A10
LA_E_1658296,1,opus,A07
LA_E_1658306,1,pstn,A19
LA_E_1658315,1,none,A16
LA_E_1659029,1,g722,A07
LA_E_1659189,1,alaw,A12
LA_E_1659499,1,none,A14
LA_E_1659557,1,pstn,A16
LA_E_1659615,1,pstn,A18
LA_E_1659788,1,none,A13
LA_E_1659844,1,alaw,A18
LA_E_1659916,1,g722,A17
LA_E_1660112,1,pstn,A13
LA_E_1660308,1,pstn,A09
LA_E_1660381,1,none,A11
LA_E_1660412,1,g722,A18
LA_E_1660463,1,none,A17
LA_E_1660617,1,none,A16
LA_E_1660782,1,ulaw,A10
LA_E_1662151,1,pstn,A12
LA_E_1662183,1,opus,A13
LA_E_1662295,1,g722,A17
LA_E_1662327,1,none,A08
LA_E_1662687,1,opus,A11
LA_E_1663182,1,alaw,A08
LA_E_1663392,1,none,A09
LA_E_1663723,1,pstn,A18
LA_E_1663740,1,none,A10
LA_E_1663822,0,ulaw,bonafide
LA_E_1664255,1,gsm,A10
LA_E_1664481,1,g722,A08
LA_E_1664867,1,opus,A17
LA_E_1664906,1,pstn,A07
LA_E_1664918,1,none,A17
LA_E_1664993,1,g722,A12
LA_E_1665142,1,opus,A10
LA_E_1666298,1,gsm,A14
LA_E_1666449,1,pstn,A19
LA_E_1666701,1,alaw,A09
LA_E_1667008,1,gsm,A18
LA_E_1667340,1,g722,A07
LA_E_1667448,1,gsm,A14
LA_E_1667500,1,ulaw,A17
LA_E_1667749,1,ulaw,A19
LA_E_1667917,1,opus,A10
LA_E_1667935,1,alaw,A18
LA_E_1668069,1,ulaw,A07
LA_E_1668170,1,alaw,A09
LA_E_1668286,1,g722,A15
LA_E_1668366,1,none,A15
LA_E_1668444,1,opus,A18
LA_E_1668640,1,opus,A18
LA_E_1668657,1,g722,A16
LA_E_1669985,1,gsm,A15
LA_E_1670339,1,g722,A10
LA_E_1670516,1,gsm,A08
LA_E_1670769,1,none,A14
LA_E_1670901,1,ulaw,A17
LA_E_1671012,1,gsm,A12
LA_E_1671170,1,pstn,A14
LA_E_1671334,1,none,A15
LA_E_1671460,1,none,A13
LA_E_1671954,1,opus,A14
LA_E_1672030,1,alaw,A15
LA_E_1672331,1,alaw,A10
LA_E_1672777,1,none,A07
LA_E_1672779,1,gsm,A09
LA_E_1672892,1,none,A17
LA_E_1673550,1,opus,A19
LA_E_1673643,1,pstn,A11
LA_E_1673650,1,gsm,A07
LA_E_1674023,1,ulaw,A11
LA_E_1674472,1,alaw,A13
LA_E_1674547,1,ulaw,A12
LA_E_1674718,1,opus,A08
LA_E_1675324,1,g722,A09
LA_E_1675410,1,none,A19
LA_E_1675891,0,ulaw,bonafide
LA_E_1676247,1,alaw,A15
LA_E_1676355,1,pstn,A13
LA_E_1676852,1,alaw,A18
LA_E_1677214,1,pstn,A09
LA_E_1677246,0,pstn,bonafide
LA_E_1677330,1,g722,A19
LA_E_1677427,1,ulaw,A14
LA_E_1677447,1,ulaw,A13
LA_E_1678046,1,ulaw,A16
LA_E_1678125,1,ulaw,A11
LA_E_1678373,1,alaw,A16
LA_E_1678883,1,pstn,A13
LA_E_1678903,0,opus,bonafide
LA_E_1678986,0,g722,bonafide
LA_E_1679120,1,pstn,A07
LA_E_1679866,0,alaw,bonafide
LA_E_1679934,1,pstn,A15
LA_E_1680266,1,g722,A07
LA_E_1680520,1,ulaw,A09
LA_E_1680914,1,none,A13
LA_E_1680980,1,ulaw,A11
LA_E_1680983,1,none,A15
LA_E_1681170,1,opus,A16
LA_E_1681294,1,opus,A13
LA_E_1681328,1,none,A09
LA_E_1681355,1,none,A14
LA_E_1681844,1,pstn,A17
LA_E_1683570,0,gsm,bonafide
LA_E_1684000,1,gsm,A07
LA_E_1684208,1,none,A11
LA_E_1684258,1,none,A16
LA_E_1684609,1,pstn,A10
LA_E_1684749,1,ulaw,A15
LA_E_1684856,1,ulaw,A12
LA_E_1684921,0,ulaw,bonafide
LA_E_1684954,1,gsm,A10
LA_E_1685184,1,pstn,A08
LA_E_1685329,1,ulaw,A08
LA_E_1685339,1,none,A19
LA_E_1685578,1,g722,A11
LA_E_1685723,0,alaw,bonafide
LA_E_1685787,1,none,A07
LA_E_1686048,1,g722,A14
LA_E_1686056,1,alaw,A19
LA_E_1686123,1,none,A19
LA_E_1686155,1,opus,A15
LA_E_1686869,1,opus,A18
LA_E_1687375,1,alaw,A15
LA_E_1687720,1,ulaw,A09
LA_E_1687723,1,gsm,A07
LA_E_1688231,1,g722,A12
LA_E_1689040,1,none,A08
LA_E_1689319,1,pstn,A08
LA_E_1689462,1,alaw,A11
LA_E_1689838,1,gsm,A18
LA_E_1689868,1,pstn,A19
LA_E_1690309,1,none,A07
LA_E_1690379,1,pstn,A19
LA_E_1690997,1,pstn,A10
LA_E_1691194,1,gsm,A19
LA_E_1691248,1,alaw,A19
LA_E_1691282,1,ulaw,A08
LA_E_1691500,1,gsm,A18
LA_E_1691549,1,ulaw,A10
LA_E_1691679,0,none,bonafide
LA_E_1691771,1,alaw,A07
LA_E_1691824,1,g722,A13
LA_E_1692017,1,ulaw,A11
LA_E_1692970,1,gsm,A16
LA_E_1693123,1,pstn,A15
LA_E_1693185,1,alaw,A14
LA_E_1693475,1,g722,A11
LA_E_1693632,1,pstn,A14
LA_E_1693634,1,ulaw,A10
LA_E_1693742,1,ulaw,A19
LA_E_1693848,1,none,A10
LA_E_1693907,1,g722,A09
LA_E_1693953,1,alaw,A19
LA_E_1694366,1,pstn,A12
LA_E_1695137,1,pstn,A14
LA_E_1695725,1,g722,A13
LA_E_1696056,1,gsm,A16
LA_E_1696368,1,alaw,A10
LA_E_1696530,1,pstn,A09
LA_E_1696739,1,pstn,A10
LA_E_1696893,1,ulaw,A19
LA_E_1697023,1,gsm,A07
LA_E_1697122,1,alaw,A07
LA_E_1697219,1,alaw,A07
LA_E_1697610,1,alaw,A11
LA_E_1697637,1,opus,A12
LA_E_1697980,1,none,A08
LA_E_1698109,1,alaw,A17
LA_E_1698314,0,opus,bonafide
LA_E_1698560,1,none,A16
LA_E_1698606,1,none,A18
LA_E_1698676,1,g722,A10
LA_E_1698803,1,none,A18
LA_E_1698875,1,gsm,A12
LA_E_1698933,1,opus,A17
LA_E_1699240,1,pstn,A18
LA_E_1699381,1,g722,A08
LA_E_1699797,1,none,A07
LA_E_1699809,1,alaw,A17
LA_E_1699889,0,gsm,bonafide
LA_E_1699896,1,alaw,A15
LA_E_1700147,1,gsm,A14
LA_E_1700559,1,ulaw,A17
LA_E_1700834,1,g722,A17
LA_E_1701548,1,g722,A18
LA_E_1701968,1,ulaw,A17
LA_E_1702002,1,none,A10
LA_E_1702240,1,gsm,A09
LA_E_1702611,1,g722,A16
LA_E_1702938,1,opus,A13
LA_E_1703071,1,gsm,A13
LA_E_1703494,1,none,A11
LA_E_1703511,1,gsm,A17
LA_E_1703725,1,opus,A11
LA_E_1703839,1,none,A11
LA_E_1703873,1,g722,A15
LA_E_1704302,1,gsm,A08
LA_E_1704583,1,opus,A08
LA_E_1704624,0,ulaw,bonafide
LA_E_1704968,1,ulaw,A16
LA_E_1705231,1,none,A17
LA_E_1705735,1,ulaw,A16
LA_E_1705954,1,none,A07
LA_E_1706147,1,gsm,A10
LA_E_1706171,1,gsm,A08
LA_E_1706302,1,opus,A16
LA_E_1706543,1,ulaw,A14
LA_E_1706850,1,pstn,A07
LA_E_1706942,1,gsm,A15
LA_E_1707036,1,none,A08
LA_E_1707486,1,ulaw,A08
LA_E_1707851,1,opus,A08
LA_E_1707905,1,opus,A14
LA_E_1707936,1,g722,A13
LA_E_1707949,1,alaw,A16
LA_E_1708373,1,opus,A09
LA_E_1708527,1,alaw,A10
LA_E_1708546,1,alaw,A15
LA_E_1708774,1,opus,A18
LA_E_1709060,1,gsm,A11
LA_E_1709066,0,none,bonafide
LA_E_1709077,1,none,A13
LA_E_1709109,1,pstn,A15
LA_E_1709629,0,ulaw,bonafide
LA_E_1710091,0,pstn,bonafide
LA_E_1710405,1,alaw,A13
LA_E_1710599,1,alaw,A13
LA_E_1710697,1,pstn,A09
LA_E_1710717,1,gsm,A09
LA_E_1710940,1,gsm,A11
LA_E_1711196,1,g722,A08
LA_E_1711414,1,none,A09
LA_E_1712215,1,opus,A14
LA_E_1712430,1,pstn,A17
LA_E_1712645,1,none,A19
LA_E_1712774,1,pstn,A13
LA_E_1712918,0,g722,bonafide
LA_E_1713344,1,alaw,A09
LA_E_1713429,1,pstn,A12
LA_E_1713451,1,g722,A19
LA_E_1713455,1,gsm,A12
LA_E_1713608,1,opus,A15
LA_E_1713610,1,alaw,A08
LA_E_1713863,1,ulaw,A17
LA_E_1714421,1,alaw,A14
LA_E_1714526,1,g722,A14
LA_E_1714607,1,alaw,A17
LA_E_1714679,1,g722,A19
LA_E_1714680,1,ulaw,A11
LA_E_1715631,1,pstn,A13
LA_E_1715732,1,g722,A14
LA_E_1715753,1,opus,A19
LA_E_1715938,1,alaw,A13
LA_E_1716054,1,alaw,A18
LA_E_1716736,1,g722,A11
LA_E_1716842,1,g722,A19
LA_E_1716918,1,pstn,A16
LA_E_1717152,1,alaw,A10
LA_E_1717403,1,pstn,A17
LA_E_1717813,1,pstn,A10
LA_E_1718226,1,ulaw,A18
LA_E_1718332,1,none,A07
LA_E_1718607,1,opus,A18
LA_E_1719761,1,opus,A17
LA_E_1719870,1,g722,A11
LA_E_1720294,0,ulaw,bonafide
LA_E_1720400,1,g722,A12
LA_E_1720464,1,none,A12
LA_E_1720526,1,ulaw,A11
LA_E_1721210,1,alaw,A11
LA_E_1721405,1,alaw,A19
LA_E_1721414,1,alaw,A18
LA_E_1721596,1,ulaw,A14
LA_E_1721599,1,gsm,A17
LA_E_1721735,1,pstn,A07
LA_E_1722016,0,pstn,bonafide
LA_E_1722270,1,pstn,A15
LA_E_1722286,1,g722,A13
LA_E_1722302,1,ulaw,A07
LA_E_1722455,1,pstn,A09
LA_E_1722695,1,none,A11
LA_E_1723109,1,none,A15
LA_E_1723238,1,pstn,A18
LA_E_1723412,1,alaw,A11
LA_E_1723476,0,opus,bonafide
LA_E_1723690,1,ulaw,A19
LA_E_1723799,1,none,A10
LA_E_1723858,1,ulaw,A19
LA_E_1724185,1,g722,A08
LA_E_1724729,1,ulaw,A08
LA_E_1724807,1,ulaw,A15
LA_E_1725038,1,pstn,A17
LA_E_1725066,1,none,A12
LA_E_1725236,1,g722,A07
LA_E_1725272,1,opus,A16
LA_E_1725306,1,g722,A17
LA_E_1725499,1,ulaw,A13
LA_E_1725508,1,gsm,A07
LA_E_1725538,0,ulaw,bonafide
LA_E_1725952,1,alaw,A07
LA_E_1726706,0,g722,bonafide
LA_E_1726786,1,none,A10
LA_E_1726881,1,opus,A09
LA_E_1727060,1,gsm,A11
LA_E_1727682,0,alaw,bonafide
LA_E_1728194,1,alaw,A17
LA_E_1728390,1,none,A07
LA_E_1728598,1,g722,A19
LA_E_1728684,1,none,A09
LA_E_1728738,1,alaw,A07
LA_E_1728866,0,pstn,bonafide
LA_E_1729036,1,opus,A15
LA_E_1729197,1,gsm,A08
LA_E_1729303,1,opus,A17
LA_E_1729614,1,none,A08
LA_E_1729889,1,alaw,A19
LA_E_1730101,1,ulaw,A18
LA_E_1730177,0,none,bonafide
LA_E_1730451,1,pstn,A17
LA_E_1730574,1,opus,A12
LA_E_1730816,1,g722,A19
LA_E_1730832,1,none,A15
LA_E_1730857,1,pstn,A13
LA_E_1730890,1,alaw,A08
LA_E_1730961,1,none,A08
LA_E_1731385,1,ulaw,A19
LA_E_1731705,1,alaw,A18
LA_E_1731717,1,alaw,A08
LA_E_1731785,1,pstn,A19
LA_E_1731816,1,gsm,A15
LA_E_1732093,1,none,A13
LA_E_1732148,1,none,A09
LA_E_1732188,1,gsm,A13
LA_E_1732357,1,alaw,A12
LA_E_1732361,1,none,A18
LA_E_1732443,1,alaw,A11
LA_E_1732636,1,ulaw,A19
LA_E_1732803,1,g722,A16
LA_E_1732981,1,none,A19
LA_E_1733055,1,none,A12
LA_E_1733213,1,ulaw,A12
LA_E_1733438,1,g722,A10
LA_E_1733695,1,gsm,A18
LA_E_1733759,1,gsm,A08
LA_E_1733945,1,alaw,A18
LA_E_1734138,1,ulaw,A10
LA_E_1734369,1,pstn,A14
LA_E_1734372,1,none,A11
LA_E_1734549,0,none,bonafide
LA_E_1735461,1,pstn,A07
LA_E_1735800,1,g722,A16
LA_E_1735875,0,gsm,bonafide
LA_E_1735923,1,pstn,A14
LA_E_1736352,0,alaw,bonafide
LA_E_1736360,1,opus,A13
LA_E_1736599,1,pstn,A19
LA_E_1736604,1,alaw,A07
LA_E_1736918,1,ulaw,A07
LA_E_1736994,1,gsm,A08
LA_E_1737056,1,none,A16
LA_E_1737250,1,opus,A10
LA_E_1737605,1,opus,A07
LA_E_1737821,1,none,A07
LA_E_1738089,1,pstn,A14
LA_E_1738530,1,none,A16
LA_E_1738957,1,opus,A18
LA_E_1739160,1,gsm,A19
LA_E_1740155,1,gsm,A11
LA_E_1740216,1,g722,A09
LA_E_1740320,1,g722,A18
LA_E_1740478,1,alaw,A10
LA_E_1740709,1,ulaw,A15
LA_E_1740880,1,g722,A15
LA_E_1741032,1,opus,A10
LA_E_1741064,1,pstn,A16
LA_E_1741384,1,ulaw,A09
LA_E_1741503,1,pstn,A12
LA_E_1741506,1,pstn,A08
LA_E_1742029,1,none,A08
LA_E_1742421,1,opus,A14
LA_E_1742675,1,g722,A13
LA_E_1743185,1,ulaw,A18
LA_E_1743261,1,none,A18
LA_E_1743353,1,gsm,A14
LA_E_1743595,1,opus,A16
LA_E_1744094,1,none,A14
LA_E_1744209,1,pstn,A09
LA_E_1744509,1,opus,A14
LA_E_1744511,1,gsm,A16
LA_E_1745667,1,alaw,A16
LA_E_1745748,1,ulaw,A14
LA_E_1746083,1,opus,A10
LA_E_1746215,1,none,A12
LA_E_1746222,1,none,A12
LA_E_1746622,1,g722,A09
LA_E_1746734,1,pstn,A08
LA_E_1747030,1,none,A08
LA_E_1747033,0,gsm,bonafide
LA_E_1747237,1,alaw,A09
LA_E_1747378,1,alaw,A15
LA_E_1747894,1,pstn,A11
LA_E_1748136,1,g722,A17
LA_E_1748191,1,none,A13
LA_E_1748379,1,opus,A14
LA_E_1748461,1,none,A14
LA_E_1748506,1,g722,A15
LA_E_1748885,1,alaw,A13
LA_E_1749003,1,pstn,A15
LA_E_1749094,1,opus,A11
LA_E_1749101,1,pstn,A18
LA_E_1749322,1,opus,A16
LA_E_1749488,1,ulaw,A08
LA_E_1749684,1,opus,A14
LA_E_1749837,0,g722,bonafide
LA_E_1749977,1,none,A19
LA_E_1749994,1,g722,A17
LA_E_1750550,1,pstn,A13
LA_E_1751007,1,alaw,A08
LA_E_1751242,1,gsm,A14
LA_E_1751261,1,pstn,A19
LA_E_1751364,1,opus,A13
LA_E_1751503,1,none,A13
LA_E_1751623,1,alaw,A10
LA_E_1751814,1,alaw,A13
LA_E_1752485,1,ulaw,A16
LA_E_1752704,1,pstn,A08
LA_E_1752760,1,ulaw,A19
LA_E_1753096,0,ulaw,bonafide
LA_E_1753128,1,pstn,A12
LA_E_1753367,1,ulaw,A13
LA_E_1753463,1,pstn,A11
LA_E_1753631,1,none,A16
LA_E_1753709,1,ulaw,A09
LA_E_1753787,1,alaw,A18
LA_E_1754161,1,pstn,A09
LA_E_1754483,1,alaw,A12
LA_E_1755006,1,opus,A10
LA_E_1755249,1,gsm,A17
LA_E_1755319,1,gsm,A15
LA_E_1755841,1,pstn,A12
LA_E_1756127,1,ulaw,A10
LA_E_1756321,1,gsm,A07
LA_E_1756906,1,gsm,A07
LA_E_1757427,1,g722,A19
LA_E_1757439,1,pstn,A18
LA_E_1757565,1,g722,A13
LA_E_1757601,1,alaw,A07
LA_E_1758001,1,g722,A07
LA_E_1758369,1,pstn,A11
LA_E_1758392,1,gsm,A18
LA_E_1758423,1,gsm,A13
LA_E_1758479,1,g722,A18
LA_E_1758513,1,opus,A19
LA_E_1759204,1,opus,A14
LA_E_1759414,1,g722,A18
LA_E_1759547,1,pstn,A13
LA_E_1760032,1,pstn,A16
LA_E_1760718,1,g722,A16
LA_E_1761167,1,ulaw,A17
LA_E_1761436,0,gsm,bonafide
LA_E_1761507,1,none,A18
LA_E_1761719,1,g722,A10
LA_E_1762073,0,g722,bonafide
LA_E_1762373,1,pstn,A14
LA_E_1762390,1,pstn,A12
LA_E_1762398,1,gsm,A19
LA_E_1762408,1,pstn,A07
LA_E_1762425,1,gsm,A08
LA_E_1762458,1,g722,A18
LA_E_1762603,1,opus,A09
LA_E_1763147,1,alaw,A13
LA_E_1763387,1,pstn,A15
LA_E_1763428,0,opus,bonafide
LA_E_1763978,1,none,A10
LA_E_1764121,1,none,A09
LA_E_1764148,1,g722,A14
LA_E_1764228,1,none,A15
LA_E_1764271,1,alaw,A08
LA_E_1764338,1,gsm,A12
LA_E_1764409,1,pstn,A18
LA_E_1764478,1,gsm,A14
LA_E_1764778,1,ulaw,A13
LA_E_1764862,1,none,A09
LA_E_1765095,1,gsm,A16
LA_E_1765498,0,none,bonafide
LA_E_1765650,1,alaw,A13
LA_E_1765840,1,pstn,A15
LA_E_1766036,1,g722,A15
LA_E_1766776,1,opus,A07
LA_E_1766827,1,alaw,A10
LA_E_1766978,1,gsm,A13
LA_E_1767097,1,alaw,A17
LA_E_1767199,1,ulaw,A16
LA_E_1767299,1,alaw,A12
LA_E_1767749,1,opus,A12
LA_E_1767812,1,ulaw,A07
LA_E_1767838,1,pstn,A07
LA_E_1768287,1,ulaw,A14
LA_E_1768964,1,opus,A10
LA_E_1768969,1,opus,A18
LA_E_1769647,1,pstn,A19
LA_E_1769729,1,alaw,A14
LA_E_1770021,1,ulaw,A18
LA_E_1770124,1,alaw,A18
LA_E_1770234,1,opus,A17
LA_E_1770674,1,pstn,A12
LA_E_1770774,1,g722,A15
LA_E_1771133,1,none,A18
LA_E_1771746,1,pstn,A17
LA_E_1772367,0,pstn,bonafide
LA_E_1772781,1,opus,A07
LA_E_1773266,1,g722,A07
LA_E_1773875,1,none,A14
LA_E_1774308,1,pstn,A10
LA_E_1774480,1,gsm,A13
LA_E_1774691,1,g722,A07
LA_E_1774880,1,pstn,A11
LA_E_1774889,0,none,bonafide
LA_E_1775354,1,gsm,A19
LA_E_1775483,1,alaw,A12
LA_E_1775689,1,g722,A15
LA_E_1776283,1,ulaw,A09
LA_E_1776518,1,pstn,A13
LA_E_1776559,1,gsm,A16
LA_E_1776895,1,alaw,A13
LA_E_1777000,1,pstn,A13
LA_E_1777495,1,pstn,A11
LA_E_1778038,1,g722,A10
LA_E_1778254,1,gsm,A18
LA_E_1778446,1,opus,A15
LA_E_1778897,1,g722,A13
LA_E_1778970,1,pstn,A08
LA_E_1779004,1,gsm,A14
LA_E_1779313,1,none,A18
LA_E_1779474,1,opus,A17
LA_E_1779538,1,gsm,A11
LA_E_1779579,1,opus,A11
LA_E_1779730,1,pstn,A19
LA_E_1780056,1,g722,A12
LA_E_1780221,1,gsm,A10
LA_E_1780471,1,ulaw,A12
LA_E_1780536,0,alaw,bonafide
LA_E_1781518,1,pstn,A08
LA_E_1781532,1,gsm,A07
LA_E_1781830,1,alaw,A18
LA_E_1782298,1,g722,A12
LA_E_1782489,1,alaw,A15
LA_E_1782493,1,gsm,A07
LA_E_1782621,0,pstn,bonafide
LA_E_1782866,1,g722,A08
LA_E_1782949,1,g722,A12
LA_E_1783080,1,none,A08
LA_E_1783570,1,ulaw,A08
LA_E_1783789,1,opus,A08
LA_E_1784104,1,ulaw,A09
LA_E_1784401,1,opus,A12
LA_E_1785161,1,gsm,A15
LA_E_1785655,1,pstn,A13
LA_E_1785842,1,g722,A14
LA_E_1786160,1,pstn,A12
LA_E_1786163,1,none,A19
LA_E_1786463,1,alaw,A18
LA_E_1786926,1,pstn,A08
LA_E_1787644,0,gsm,bonafide
LA_E_1787679,1,none,A18
LA_E_1788376,1,g722,A14
LA_E_1788575,1,none,A16
LA_E_1788630,1,g722,A09
LA_E_1788880,1,alaw,A19
LA_E_1789214,1,pstn,A16
LA_E_1789245,1,pstn,A19
LA_E_1789270,1,ulaw,A15
LA_E_1789429,1,g722,A16
LA_E_1789559,1,pstn,A18
LA_E_1790551,1,none,A14
LA_E_1790742,1,alaw,A16
LA_E_1790942,1,ulaw,A08
LA_E_1791019,1,pstn,A18
LA_E_1791260,1,gsm,A09
LA_E_1791778,1,none,A07
LA_E_1791813,1,none,A11
LA_E_1792298,1,gsm,A19
LA_E_1792341,1,none,A07
LA_E_1792658,1,none,A09
LA_E_1792787,1,g722,A09
LA_E_1793027,1,gsm,A17
LA_E_1793114,1,opus,A17
LA_E_1793256,1,gsm,A19
LA_E_1793619,1,none,A11
LA_E_1793758,1,g722,A12
LA_E_1793869,1,ulaw,A07
LA_E_1794096,1,g722,A19
LA_E_1794845,1,none,A16
LA_E_1795044,1,alaw,A19
LA_E_1795065,1,g722,A13
LA_E_1795699,1,g722,A10
LA_E_1795763,1,alaw,A17
LA_E_1795874,1,ulaw,A18
LA_E_1796441,1,opus,A10
LA_E_1796656,1,g722,A07
LA_E_1796936,1,ulaw,A11
LA_E_1797039,1,g722,A14
LA_E_1797079,1,pstn,A10
LA_E_1797332,1,alaw,A17
LA_E_1798608,1,opus,A09
LA_E_1799283,1,alaw,A16
LA_E_1799405,1,pstn,A07
LA_E_1799455,1,opus,A14
LA_E_1799691,1,alaw,A16
LA_E_1799754,1,opus,A18
LA_E_1799817,1,pstn,A08
LA_E_1800195,1,pstn,A15
LA_E_1800381,1,g722,A14
LA_E_1800549,1,opus,A19
LA_E_1800768,1,g722,A15
LA_E_1800900,1,opus,A13
LA_E_1801091,1,opus,A13
LA_E_1801208,1,gsm,A10
LA_E_1801601,1,g722,A09
LA_E_1802322,1,pstn,A12
LA_E_1802424,1,ulaw,A16
LA_E_1802518,1,alaw,A14
LA_E_1802599,1,ulaw,A19
LA_E_1803245,1,none,A10
LA_E_1803743,1,opus,A15
LA_E_1803767,0,ulaw,bonafide
LA_E_1803997,1,alaw,A14
LA_E_1804033,1,gsm,A18
LA_E_1804618,1,alaw,A11
LA_E_1804821,1,ulaw,A12
LA_E_1805104,1,none,A12
LA_E_1805401,0,g722,bonafide
LA_E_1805859,1,opus,A07
LA_E_1806675,1,pstn,A19
LA_E_1806839,1,none,A09
LA_E_1806936,0,opus,bonafide
LA_E_1807168,1,none,A17
LA_E_1807592,1,none,A10
LA_E_1807730,1,opus,A11
LA_E_1808346,1,pstn,A16
LA_E_1808567,1,g722,A12
LA_E_1808624,1,opus,A07
LA_E_1809127,1,gsm,A19
LA_E_1809396,1,opus,A08
LA_E_1809672,1,pstn,A10
LA_E_1809823,0,pstn,bonafide
LA_E_1809868,1,none,A15
LA_E_1809881,1,gsm,A19
LA_E_1810010,1,alaw,A19
LA_E_1810542,1,none,A11
LA_E_1810845,0,g722,bonafide
LA_E_1810910,1,g722,A10
LA_E_1811234,1,none,A07
LA_E_1811267,1,g722,A07
LA_E_1811541,1,none,A18
LA_E_1811570,1,pstn,A10
LA_E_1811916,1,pstn,A14
LA_E_1812817,1,alaw,A08
LA_E_1812851,0,gsm,bonafide
LA_E_1812912,1,g722,A18
LA_E_1813404,1,gsm,A16
LA_E_1814271,1,opus,A12
LA_E_1814707,1,ulaw,A10
LA_E_1814793,1,pstn,A14
LA_E_1814840,1,none,A13
LA_E_1815083,1,gsm,A12
LA_E_1815679,1,pstn,A17
LA_E_1815980,1,alaw,A09
LA_E_1815987,1,none,A19
LA_E_1816204,1,pstn,A11
LA_E_1816902,1,gsm,A18
LA_E_1817001,1,opus,A19
LA_E_1817119,1,gsm,A14
LA_E_1817156,1,g722,A11
LA_E_1817436,1,g722,A14
LA_E_1818011,1,none,A13
LA_E_1818447,1,opus,A17
LA_E_1818661,1,alaw,A14
LA_E_1819228,1,alaw,A16
LA_E_1819398,1,ulaw,A14
LA_E_1819584,1,g722,A07
LA_E_1819664,1,g722,A08
LA_E_1819914,1,g722,A11
LA_E_1819977,1,ulaw,A13
LA_E_1820036,1,alaw,A14
LA_E_1822076,1,gsm,A17
LA_E_1822319,1,none,A18
LA_E_1822370,1,gsm,A19
LA_E_1822864,1,none,A17
LA_E_1823157,1,gsm,A14
LA_E_1824232,1,ulaw,A17
LA_E_1824454,1,alaw,A11
LA_E_1824672,0,ulaw,bonafide
LA_E_1824725,1,alaw,A17
LA_E_1825219,1,pstn,A07
LA_E_1825426,1,alaw,A10
LA_E_1825455,1,gsm,A17
LA_E_1825529,1,alaw,A17
LA_E_1825716,1,pstn,A19
LA_E_1825808,1,opus,A16
LA_E_1826011,1,gsm,A15
LA_E_1826129,1,pstn,A17
LA_E_1826212,1,alaw,A13
LA_E_1826315,1,opus,A08
LA_E_1826393,1,opus,A07
LA_E_1826801,1,alaw,A09
LA_E_1826821,1,opus,A16
LA_E_1827061,1,gsm,A12
LA_E_1827268,1,gsm,A07
LA_E_1827321,1,alaw,A15
LA_E_1827327,1,ulaw,A09
LA_E_1828228,1,gsm,A08
LA_E_1828576,1,gsm,A13
LA_E_1828688,1,opus,A07
LA_E_1829251,1,ulaw,A08
LA_E_1829571,1,opus,A16
LA_E_1830044,1,gsm,A10
LA_E_1830415,1,ulaw,A12
LA_E_1830569,1,ulaw,A13
LA_E_1830632,1,g722,A07
LA_E_1831086,1,none,A16
LA_E_1831260,0,alaw,bonafide
LA_E_1831581,1,gsm,A11
LA_E_1831626,1,g722,A18
LA_E_1831884,1,g722,A15
LA_E_1832216,1,alaw,A14
LA_E_1832362,1,gsm,A16
LA_E_1832549,1,pstn,A17
LA_E_1832691,1,alaw,A13
LA_E_1832913,1,pstn,A16
LA_E_1832951,1,opus,A08
LA_E_1833004,1,alaw,A10
LA_E_1833814,1,g722,A12
LA_E_1833818,1,g722,A10
LA_E_1833939,1,ulaw,A09
LA_E_1834690,1,g722,A14
LA_E_1834786,1,gsm,A15
LA_E_1835473,1,pstn,A11
LA_E_1835556,1,g722,A17
LA_E_1835576,1,gsm,A18
LA_E_1835700,1,g722,A12
LA_E_1835961,1,pstn,A19
LA_E_1836117,1,ulaw,A18
LA_E_1836253,1,g722,A08
LA_E_1836353,1,pstn,A18
LA_E_1836774,1,ulaw,A10
LA_E_1836868,1,none,A15
LA_E_1836909,1,pstn,A10
LA_E_1836922,0,none,bonafide
LA_E_1837155,0,opus,bonafide
LA_E_1837208,1,alaw,A16
LA_E_1837899,1,ulaw,A07
LA_E_1838221,1,pstn,A10
LA_E_1838230,1,none,A14
LA_E_1838240,1,alaw,A08
LA_E_1838489,1,pstn,A09
LA_E_1838751,0,alaw,bonafide
LA_E_1839012,1,none,A18
LA_E_1839269,1,ulaw,A11
LA_E_1839503,1,opus,A09
LA_E_1839634,1,pstn,A13
LA_E_1839823,1,gsm,A09
LA_E_1839866,1,ulaw,A18
LA_E_1840075,1,opus,A14
LA_E_1840296,1,none,A07
LA_E_1840601,1,alaw,A19
LA_E_1840794,1,alaw,A19
LA_E_1841315,1,ulaw,A14
LA_E_1841555,1,pstn,A08
LA_E_1841986,1,gsm,A07
LA_E_1842539,1,none,A14
LA_E_1843482,1,g722,A13
LA_E_1843836,1,ulaw,A15
LA_E_1843890,1,ulaw,A11
LA_E_1844604,1,opus,A17
LA_E_1844774,1,opus,A18
LA_E_1844922,1,alaw,A19
LA_E_1845221,1,gsm,A09
LA_E_1845424,1,ulaw,A07
LA_E_1845643,0,g722,bonafide
LA_E_1845776,1,none,A16
LA_E_1846166,1,g722,A10
LA_E_1846788,1,g722,A12
LA_E_1846908,1,g722,A13
LA_E_1846986,1,pstn,A14
LA_E_1847193,0,gsm,bonafide
LA_E_1847997,1,pstn,A17
LA_E_1848032,1,alaw,A08
LA_E_1848602,1,g722,A15
LA_E_1848612,1,ulaw,A11
LA_E_1848866,1,opus,A16
LA_E_1849321,1,alaw,A09
LA_E_1849458,1,pstn,A09
LA_E_1849760,1,g722,A09
LA_E_1851034,1,g722,A11
LA_E_1851082,1,none,A18
LA_E_1851299,1,pstn,A19
LA_E_1851453,1,none,A10
LA_E_1852036,1,ulaw,A09
LA_E_1852094,1,ulaw,A08
LA_E_1852141,1,g722,A16
LA_E_1852364,1,opus,A12
LA_E_1852828,1,none,A16
LA_E_1852998,1,pstn,A17
LA_E_1853065,1,alaw,A10
LA_E_1853295,1,ulaw,A07
LA_E_1853804,1,g722,A18
LA_E_1855573,1,pstn,A17
LA_E_1856084,1,pstn,A17
LA_E_1856688,0,ulaw,bonafide
LA_E_1856846,1,pstn,A18
LA_E_1858140,1,none,A11
LA_E_1858420,1,none,A18
LA_E_1858697,1,gsm,A12
LA_E_1858983,1,opus,A15
LA_E_1859325,1,gsm,A15
LA_E_1859417,1,pstn,A10
LA_E_1859520,1,alaw,A07
LA_E_1859805,1,gsm,A15
LA_E_1860261,1,none,A13
LA_E_1861012,0,pstn,bonafide
LA_E_1861081,1,ulaw,A15
LA_E_1861571,1,ulaw,A09
LA_E_1861723,1,alaw,A19
LA_E_1861769,1,opus,A18
LA_E_1862689,1,g722,A17
LA_E_1863062,1,none,A12
LA_E_1863202,1,ulaw,A18
LA_E_1863311,1,ulaw,A18
LA_E_1863789,1,opus,A15
LA_E_1863948,1,alaw,A16
LA_E_1864697,1,ulaw,A18
LA_E_1865322,1,gsm,A14
LA_E_1865904,1,gsm,A11
LA_E_1866305,1,pstn,A16
LA_E_1866309,1,opus,A18
LA_E_1866818,1,opus,A13
LA_E_1866893,1,gsm,A12
LA_E_1866999,1,gsm,A07
LA_E_1867106,1,opus,A09
LA_E_1867802,1,gsm,A19
LA_E_1867983,1,none,A12
LA_E_1868166,1,g722,A08
LA_E_1868318,1,g722,A13
LA_E_1868327,1,pstn,A19
LA_E_1868409,1,ulaw,A15
LA_E_1868711,1,alaw,A19
LA_E_1868759,1,opus,A08
LA_E_1869203,1,ulaw,A13
LA_E_1869245,1,none,A11
LA_E_1869761,1,none,A17
LA_E_1870045,1,alaw,A14
LA_E_1870101,1,opus,A11
LA_E_1871454,1,ulaw,A08
LA_E_1871487,1,opus,A09
LA_E_1871694,1,g722,A10
LA_E_1871780,1,ulaw,A14
LA_E_1871848,1,gsm,A09
LA_E_1871969,1,gsm,A16
LA_E_1872093,1,gsm,A09
LA_E_1872547,1,none,A15
LA_E_1872740,1,gsm,A12
LA_E_1873553,1,gsm,A16
LA_E_1873721,1,alaw,A07
LA_E_1873942,1,opus,A18
LA_E_1874177,1,opus,A12
LA_E_1874451,1,pstn,A15
LA_E_1875606,1,opus,A08
LA_E_1875768,1,pstn,A09
LA_E_1875981,1,g722,A12
LA_E_1876455,1,gsm,A10
LA_E_1876618,1,alaw,A15
LA_E_1876619,1,g722,A17
LA_E_1877032,1,ulaw,A08
LA_E_1877452,1,opus,A07
LA_E_1877708,1,ulaw,A12
LA_E_1877850,0,alaw,bonafide
LA_E_1878042,1,gsm,A18
LA_E_1878690,1,g722,A12
LA_E_1878694,1,ulaw,A17
LA_E_1878836,1,opus,A18
LA_E_1878913,1,ulaw,A18
LA_E_1879195,1,g722,A10
LA_E_1879269,1,gsm,A09
LA_E_1879779,1,g722,A10
LA_E_1880444,1,opus,A10
LA_E_1881579,1,g722,A17
LA_E_1881717,1,pstn,A16
LA_E_1881745,1,alaw,A13
LA_E_1882103,1,opus,A07
LA_E_1883440,1,none,A08
LA_E_1883777,1,alaw,A16
LA_E_1884178,1,alaw,A17
LA_E_1884417,1,none,A15
LA_E_1884536,1,gsm,A17
LA_E_1884972,1,none,A08
LA_E_1885471,1,opus,A16
LA_E_1885517,1,gsm,A10
LA_E_1885576,1,opus,A13
LA_E_1886189,1,g722,A08
LA_E_1887297,1,g722,A17
LA_E_1887368,1,g722,A12
LA_E_1888010,1,alaw,A11
LA_E_1888159,1,ulaw,A11
LA_E_1888249,1,gsm,A15
LA_E_1888275,1,ulaw,A18
LA_E_1888550,1,none,A07
LA_E_1888635,1,alaw,A18
LA_E_1888668,1,alaw,A18
LA_E_1889681,1,opus,A13
LA_E_1889851,1,alaw,A17
LA_E_1890241,1,alaw,A14
LA_E_1890412,1,ulaw,A07
LA_E_1892127,1,pstn,A08
LA_E_1892557,1,pstn,A08
LA_E_1892988,1,g722,A10
LA_E_1893051,1,alaw,A12
LA_E_1893142,1,gsm,A10
LA_E_1893901,1,opus,A13
LA_E_1893907,0,pstn,bonafide
LA_E_1894261,1,opus,A15
LA_E_1894673,1,g722,A09
LA_E_1894695,1,alaw,A15
LA_E_1894940,1,ulaw,A08
LA_E_1894997,1,pstn,A10
LA_E_1895157,1,opus,A15
LA_E_1896172,1,g722,A14
LA_E_1896254,1,ulaw,A13
LA_E_1897875,1,alaw,A09
LA_E_1897933,1,opus,A18
LA_E_1898057,1,none,A17
LA_E_1898181,0,alaw,bonafide
LA_E_1898191,1,pstn,A17
LA_E_1898206,1,g722,A09
LA_E_1898225,1,ulaw,A09
LA_E_1898303,1,gsm,A17
LA_E_1898640,1,g722,A16
LA_E_1898654,0,opus,bonafide
LA_E_1899309,1,ulaw,A12
LA_E_1899349,1,none,A18
LA_E_1900236,1,ulaw,A14
LA_E_1900323,1,none,A09
LA_E_1900406,1,ulaw,A19
LA_E_1900563,1,g722,A14
LA_E_1901365,1,pstn,A15
LA_E_1901396,1,none,A09
LA_E_1901750,0,opus,bonafide
LA_E_1901935,1,opus,A07
LA_E_1902348,1,ulaw,A08
LA_E_1903100,1,opus,A07
LA_E_1903489,1,g722,A11
LA_E_1903852,1,gsm,A13
LA_E_1903919,1,pstn,A12
LA_E_1904143,1,alaw,A17
LA_E_1904524,1,opus,A18
LA_E_1904702,1,g722,A17
LA_E_1905325,1,gsm,A11
LA_E_1905638,1,alaw,A09
LA_E_1906394,1,gsm,A18
LA_E_1906619,1,gsm,A12
LA_E_1906697,1,opus,A19
LA_E_1906904,1,ulaw,A07
LA_E_1907188,1,g722,A16
LA_E_1907340,1,alaw,A18
LA_E_1907682,1,g722,A12
LA_E_1907779,1,ulaw,A14
LA_E_1908765,1,ulaw,A12
LA_E_1908909,1,none,A18
LA_E_1909211,1,g722,A16
LA_E_1909262,1,g722,A16
LA_E_1909379,1,g722,A17
LA_E_1909505,1,opus,A08
LA_E_1909780,1,gsm,A10
LA_E_1909839,1,alaw,A12
LA_E_1910205,1,gsm,A17
LA_E_1910514,1,none,A11
LA_E_1911132,1,opus,A08
LA_E_1911717,1,opus,A11
LA_E_1911748,1,opus,A11
LA_E_1912153,1,opus,A19
LA_E_1912318,0,g722,bonafide
LA_E_1912488,1,gsm,A11
LA_E_1912539,1,gsm,A11
LA_E_1912587,1,none,A07
LA_E_1912591,1,none,A17
LA_E_1912683,1,g722,A11
LA_E_1912823,1,gsm,A16
LA_E_1913246,1,ulaw,A10
LA_E_1913316,1,g722,A18
LA_E_1913548,1,opus,A17
LA_E_1914154,1,none,A08
LA_E_1914443,1,pstn,A12
LA_E_1915031,1,none,A11
LA_E_1915208,1,ulaw,A10
LA_E_1915216,1,ulaw,A16
LA_E_1915291,1,none,A18
LA_E_1915441,1,alaw,A19
LA_E_1915589,1,pstn,A14
LA_E_1915631,1,none,A10
LA_E_1915979,1,ulaw,A16
LA_E_1916234,1,g722,A16
LA_E_1916680,1,alaw,A19
LA_E_1916811,1,opus,A18
LA_E_1916849,1,gsm,A14
LA_E_1916995,1,gsm,A18
LA_E_1917735,1,g722,A11
LA_E_1918263,1,opus,A07
LA_E_1918523,1,opus,A09
LA_E_1918994,1,ulaw,A08
LA_E_1919006,1,none,A15
LA_E_1919092,1,none,A19
LA_E_1919119,1,g722,A09
LA_E_1919448,1,gsm,A08
LA_E_1919725,1,ulaw,A07
LA_E_1919781,1,opus,A15
LA_E_1920231,1,gsm,A16
LA_E_1920259,1,opus,A19
LA_E_1920428,0,ulaw,bonafide
LA_E_1920721,1,opus,A13
LA_E_1920995,1,ulaw,A08
LA_E_1921463,1,none,A10
LA_E_1921464,0,ulaw,bonafide
LA_E_1921619,1,opus,A15
LA_E_1922030,1,opus,A08
LA_E_1922503,0,none,bonafide
LA_E_1922742,1,g722,A10
LA_E_1923155,1,opus,A09
LA_E_1923238,1,g722,A17
LA_E_1923882,1,gsm,A18
LA_E_1925133,1,gsm,A09
LA_E_1925149,1,ulaw,A10
LA_E_1925580,1,gsm,A14
LA_E_1927310,1,none,A19
LA_E_1927348,1,g722,A19
LA_E_1927416,1,pstn,A18
LA_E_1927644,1,gsm,A11
LA_E_1927668,1,gsm,A18
LA_E_1927738,1,g722,A19
LA_E_1928037,1,none,A13
LA_E_1928534,1,opus,A19
LA_E_1928601,1,g722,A07
LA_E_1928639,1,gsm,A11
LA_E_1928675,1,gsm,A11
LA_E_1929000,1,g722,A15
LA_E_1930144,1,g722,A10
LA_E_1930482,1,g722,A16
LA_E_1930528,1,g722,A15
LA_E_1931109,1,pstn,A08
LA_E_1931613,1,none,A18
LA_E_1931719,1,pstn,A07
LA_E_1932091,1,opus,A14
LA_E_1932818,1,pstn,A10
LA_E_1933459,1,alaw,A15
LA_E_1933832,1,ulaw,A15
LA_E_1935024,1,ulaw,A07
LA_E_1935031,1,pstn,A07
LA_E_1935088,1,pstn,A10
LA_E_1935290,1,opus,A12
LA_E_1935376,1,ulaw,A10
LA_E_1935488,0,opus,bonafide
LA_E_1935561,0,pstn,bonafide
LA_E_1935811,1,pstn,A18
LA_E_1935957,1,ulaw,A15
LA_E_1936188,1,ulaw,A13
LA_E_1936218,1,alaw,A11
LA_E_1936241,1,ulaw,A11
LA_E_1936384,1,none,A09
LA_E_1936612,1,alaw,A08
LA_E_1936613,1,alaw,A08
LA_E_1936654,1,opus,A14
LA_E_1936757,1,ulaw,A14
LA_E_1937053,1,ulaw,A12
LA_E_1937163,1,opus,A12
LA_E_1937620,1,g722,A17
LA_E_1937930,1,none,A13
LA_E_1938117,1,opus,A11
LA_E_1938517,1,g722,A10
LA_E_1939133,1,ulaw,A12
LA_E_1939675,1,ulaw,A11
LA_E_1940395,1,pstn,A13
LA_E_1941417,1,alaw,A13
LA_E_1941475,1,pstn,A14
LA_E_1941564,1,ulaw,A07
LA_E_1941931,1,ulaw,A09
LA_E_1942256,1,ulaw,A12
LA_E_1942524,1,none,A13
LA_E_1943329,1,gsm,A16
LA_E_1943374,1,gsm,A17
LA_E_1943781,1,opus,A11
LA_E_1943803,1,alaw,A19
LA_E_1943878,0,opus,bonafide
LA_E_1944587,1,none,A11
LA_E_1945686,1,opus,A14
LA_E_1945889,1,opus,A14
LA_E_1945995,1,ulaw,A12
LA_E_1946210,1,gsm,A15
LA_E_1946456,1,pstn,A16
LA_E_1946701,1,alaw,A10
LA_E_1946735,1,opus,A19
LA_E_1946825,1,pstn,A15
LA_E_1947171,1,pstn,A13
LA_E_1947440,1,alaw,A12
LA_E_1948254,0,ulaw,bonafide
LA_E_1948266,1,pstn,A11
LA_E_1948280,0,g722,bonafide
LA_E_1948428,1,pstn,A16
LA_E_1949221,1,opus,A15
LA_E_1949252,1,g722,A16
LA_E_1949455,1,none,A16
LA_E_1949943,1,pstn,A16
LA_E_1949975,1,ulaw,A11
LA_E_1950584,1,opus,A12
LA_E_1950611,1,opus,A13
LA_E_1950660,1,none,A08
LA_E_1950796,1,opus,A09
LA_E_1951331,1,g722,A13
LA_E_1951439,1,gsm,A07
LA_E_1951622,1,g722,A07
LA_E_1952140,0,ulaw,bonafide
LA_E_1952531,0,gsm,bonafide
LA_E_1952550,1,ulaw,A17
LA_E_1952572,1,pstn,A11
LA_E_1952594,1,opus,A14
LA_E_1953049,1,g722,A14
LA_E_1953256,1,opus,A09
LA_E_1953445,1,pstn,A07
LA_E_1953472,1,ulaw,A13
LA_E_1954189,1,ulaw,A18
LA_E_1954436,0,gsm,bonafide
LA_E_1954602,1,none,A16
LA_E_1954835,1,ulaw,A08
LA_E_1954947,1,ulaw,A11
LA_E_1955710,1,pstn,A10
LA_E_1955887,0,alaw,bonafide
LA_E_1956119,1,ulaw,A15
LA_E_1956226,1,pstn,A14
LA_E_1956290,1,none,A19
LA_E_1956358,1,g722,A16
LA_E_1956373,1,alaw,A11
LA_E_1956715,1,alaw,A07
LA_E_1956773,1,gsm,A13
LA_E_1956878,1,ulaw,A15
LA_E_1957268,1,gsm,A13
LA_E_1959617,1,opus,A16
LA_E_1959658,0,opus,bonafide
LA_E_1960154,1,alaw,A10
LA_E_1960161,1,none,A12
LA_E_1960219,1,opus,A07
LA_E_1960373,1,opus,A11
LA_E_1961946,1,g722,A10
LA_E_1962013,1,gsm,A14
LA_E_1962165,1,none,A12
LA_E_1962200,1,alaw,A11
LA_E_1962670,1,none,A17
LA_E_1962913,1,g722,A09
LA_E_1963326,1,ulaw,A17
LA_E_1963442,1,opus,A12
LA_E_1963885,1,none,A15
LA_E_1964309,1,none,A08
LA_E_1964564,1,gsm,A16
LA_E_1964689,1,pstn,A18
LA_E_1964715,1,opus,A18
LA_E_1964837,1,pstn,A12
LA_E_1965014,1,none,A08
LA_E_1965078,1,alaw,A18
LA_E_1965609,1,alaw,A10
LA_E_1966560,0,opus,bonafide
LA_E_1967655,1,ulaw,A11
LA_E_1967695,1,g722,A19
LA_E_1968404,0,ulaw,bonafide
LA_E_1968439,1,ulaw,A11
LA_E_1968486,1,g722,A13
LA_E_1968604,1,g722,A13
LA_E_1968807,1,gsm,A17
LA_E_1969137,0,pstn,bonafide
LA_E_1970394,1,ulaw,A15
LA_E_1970520,1,opus,A10
LA_E_1970888,0,none,bonafide
LA_E_1970912,1,ulaw,A09
LA_E_1971361,1,opus,A17
LA_E_1971995,1,ulaw,A17
LA_E_1972018,1,gsm,A10
LA_E_1972803,1,pstn,A17
LA_E_1973265,1,gsm,A14
LA_E_1973508,1,ulaw,A17
LA_E_1973873,1,ulaw,A14
LA_E_1974426,0,gsm,bonafide
LA_E_1974556,1,pstn,A09
LA_E_1976053,1,alaw,A08
LA_E_1976092,0,pstn,bonafide
LA_E_1976777,0,ulaw,bonafide
LA_E_1977335,1,pstn,A11
LA_E_1977455,1,g722,A09
LA_E_1977599,1,ulaw,A17
LA_E_1978411,1,opus,A10
LA_E_1978967,1,alaw,A18
LA_E_1979358,1,opus,A10
LA_E_1979474,0,gsm,bonafide
LA_E_1980519,1,g722,A07
LA_E_1981229,0,pstn,bonafide
LA_E_1981630,1,ulaw,A08
LA_E_1981920,1,opus,A09
LA_E_1982215,1,gsm,A12
LA_E_1982758,1,pstn,A17
LA_E_1983138,1,g722,A18
LA_E_1983324,1,gsm,A08
LA_E_1983645,1,none,A10
LA_E_1984709,1,ulaw,A12
LA_E_1984832,1,g722,A15
LA_E_1985274,1,alaw,A19
LA_E_1985425,1,pstn,A15
LA_E_1986252,1,pstn,A13
LA_E_1986385,1,ulaw,A10
LA_E_1986817,1,g722,A09
LA_E_1987153,1,gsm,A08
LA_E_1987193,1,ulaw,A16
LA_E_1987270,1,ulaw,A11
LA_E_1988102,1,none,A10
LA_E_1988164,1,alaw,A13
LA_E_1988815,1,opus,A10
LA_E_1989025,1,g722,A08
LA_E_1989192,1,alaw,A13
LA_E_1989371,1,g722,A08
LA_E_1990013,1,ulaw,A16
LA_E_1992012,1,pstn,A16
LA_E_1992087,1,gsm,A19
LA_E_1992638,1,none,A16
LA_E_1992864,1,pstn,A10
LA_E_1993374,1,alaw,A14
LA_E_1993465,1,alaw,A09
LA_E_1993538,1,alaw,A07
LA_E_1994322,1,alaw,A14
LA_E_1994461,1,opus,A11
LA_E_1994783,1,none,A15
LA_E_1994975,1,g722,A18
LA_E_1995142,1,ulaw,A07
LA_E_1995611,1,ulaw,A14
LA_E_1995641,1,opus,A10
LA_E_1996349,1,alaw,A17
LA_E_1996719,1,gsm,A08
LA_E_1997111,1,pstn,A09
LA_E_1997283,1,none,A09
LA_E_1997639,1,alaw,A19
LA_E_1997925,1,none,A14
LA_E_1997972,1,alaw,A19
LA_E_1998099,1,none,A15
LA_E_1998450,1,ulaw,A19
LA_E_1998882,1,pstn,A09
LA_E_1999065,1,alaw,A17
LA_E_1999129,1,ulaw,A16
LA_E_1999738,0,g722,bonafide
LA_E_1999996,1,ulaw,A19
LA_E_2000465,0,opus,bonafide
LA_E_2000782,1,pstn,A19
LA_E_2001047,1,gsm,A16
LA_E_2001556,1,none,A13
LA_E_2001673,1,pstn,A16
LA_E_2003124,1,pstn,A15
LA_E_2003133,1,none,A14
LA_E_2003554,1,alaw,A11
LA_E_2004301,1,opus,A13
LA_E_2005274,1,opus,A15
LA_E_2005590,1,gsm,A19
LA_E_2005612,0,opus,bonafide
LA_E_2006386,1,ulaw,A16
LA_E_2006555,1,opus,A12
LA_E_2007004,1,ulaw,A18
LA_E_2007327,0,gsm,bonafide
LA_E_2007380,1,none,A09
LA_E_2007447,1,gsm,A14
LA_E_2007873,1,gsm,A15
LA_E_2008187,1,ulaw,A14
LA_E_2008381,1,ulaw,A19
LA_E_2009561,1,alaw,A09
LA_E_2009976,1,none,A09
LA_E_2010348,1,pstn,A08
LA_E_2010592,1,alaw,A11
LA_E_2010600,1,g722,A12
LA_E_2010620,1,pstn,A08
LA_E_2012133,1,none,A19
LA_E_2012947,1,ulaw,A16
LA_E_2012987,1,gsm,A19
LA_E_2013196,1,alaw,A15
LA_E_2013241,1,g722,A19
LA_E_2013666,1,ulaw,A19
LA_E_2013808,1,g722,A08
LA_E_2014498,1,gsm,A08
LA_E_2014836,1,pstn,A07
LA_E_2015257,1,gsm,A07
LA_E_2015374,1,gsm,A10
LA_E_2015707,1,none,A13
LA_E_2015839,1,g722,A12
LA_E_2016113,1,pstn,A19
LA_E_2016320,1,none,A10
LA_E_2016606,1,pstn,A15
LA_E_2016663,1,gsm,A13
LA_E_2016801,1,pstn,A17
LA_E_2017213,1,ulaw,A19
LA_E_2017218,1,none,A11
LA_E_2017477,1,opus,A16
LA_E_2017603,1,alaw,A07
LA_E_2018029,0,gsm,bonafide
LA_E_2018338,1,ulaw,A19
LA_E_2018417,1,g722,A10
LA_E_2018496,1,opus,A07
LA_E_2018713,1,g722,A15
LA_E_2018881,1,none,A08
LA_E_2019232,1,pstn,A10
LA_E_2019839,1,alaw,A12
LA_E_2020184,1,g722,A10
LA_E_2020483,1,alaw,A07
LA_E_2021006,0,pstn,bonafide
LA_E_2021421,1,ulaw,A16
LA_E_2021598,1,gsm,A19
LA_E_2022029,1,gsm,A09
LA_E_2022515,1,g722,A19
LA_E_2023049,1,gsm,A13
LA_E_2023273,1,g722,A15
LA_E_2023405,1,opus,A19
LA_E_2023721,1,gsm,A08
LA_E_2023777,1,gsm,A08
LA_E_2024314,1,none,A11
LA_E_2024663,1,g722,A07
LA_E_2024722,1,ulaw,A14
LA_E_2024876,1,ulaw,A09
LA_E_2025060,1,none,A07
LA_E_2025419,1,alaw,A12
LA_E_2027090,1,pstn,A08
LA_E_2028074,1,ulaw,A09
LA_E_2028174,1,ulaw,A09
LA_E_2028223,0,gsm,bonafide
LA_E_2028262,1,opus,A08
LA_E_2028609,1,pstn,A16
LA_E_2028648,1,none,A18
LA_E_2028825,1,opus,A11
LA_E_2028906,1,alaw,A15
LA_E_2029441,1,alaw,A08
LA_E_2030002,1,none,A16
LA_E_2030364,1,g722,A18
LA_E_2031813,1,none,A07
LA_E_2032261,0,alaw,bonafide
LA_E_2032410,1,none,A12
LA_E_2032724,1,opus,A18
LA_E_2033451,1,ulaw,A13
LA_E_2035070,1,g722,A14
LA_E_2035129,1,alaw,A17
LA_E_2035280,1,ulaw,A14
LA_E_2035290,1,pstn,A13
LA_E_2035498,1,alaw,A12
LA_E_2035791,1,gsm,A17
LA_E_2035986,1,g722,A19
LA_E_2036101,1,ulaw,A09
LA_E_2036675,1,opus,A09
LA_E_2036803,1,pstn,A16
LA_E_2037878,1,ulaw,A14
LA_E_2038526,1,alaw,A16
LA_E_2038565,1,alaw,A16
LA_E_2039486,1,g722,A12
LA_E_2040765,1,none,A19
LA_E_2041455,0,g722,bonafide
LA_E_2041738,0,ulaw,bonafide
LA_E_2042061,0,opus,bonafide
LA_E_2042244,1,ulaw,A15
LA_E_2042602,0,ulaw,bonafide
LA_E_2042700,1,pstn,A07
LA_E_2043292,1,none,A10
LA_E_2043491,1,g722,A07
LA_E_2043618,1,alaw,A08
LA_E_2044207,1,none,A16
LA_E_2044307,1,gsm,A18
LA_E_2044893,1,ulaw,A07
LA_E_2044996,1,g722,A11
LA_E_2045309,1,g722,A09
LA_E_2045488,1,ulaw,A14
LA_E_2045753,1,g722,A07
LA_E_2045762,1,pstn,A12
LA_E_2045882,1,none,A19
LA_E_2046177,1,g722,A09
LA_E_2046809,1,none,A17
LA_E_2046840,0,g722,bonafide
LA_E_2047169,1,pstn,A14
LA_E_2047266,1,none,A16
LA_E_2047595,1,pstn,A11
LA_E_2047992,1,gsm,A11
LA_E_2048838,1,g722,A13
LA_E_2048954,1,ulaw,A11
LA_E_2048990,0,ulaw,bonafide
LA_E_2049088,0,alaw,bonafide
LA_E_2049353,1,none,A08
LA_E_2049951,1,alaw,A14
LA_E_2050526,1,none,A18
LA_E_2050781,1,pstn,A13
LA_E_2051569,1,gsm,A11
LA_E_2051597,1,pstn,A10
LA_E_2052199,1,opus,A17
LA_E_2052300,1,pstn,A14
LA_E_2052360,1,g722,A17
LA_E_2053477,1,g722,A16
LA_E_2054522,1,g722,A14
LA_E_2054772,1,pstn,A13
LA_E_2054784,1,g722,A17
LA_E_2054880,1,gsm,A18
LA_E_2055314,1,ulaw,A09
LA_E_2055613,1,opus,A13
LA_E_2055717,1,pstn,A12
LA_E_2056550,1,g722,A14
LA_E_2057857,1,g722,A15
LA_E_2057983,0,none,bonafide
LA_E_2058315,1,pstn,A11
LA_E_2058366,1,pstn,A11
LA_E_2058518,1,gsm,A15
LA_E_2058931,1,alaw,A13
LA_E_2058962,0,pstn,bonafide
LA_E_2059002,1,pstn,A12
LA_E_2059083,1,alaw,A08
LA_E_2059221,1,pstn,A07
LA_E_2059859,1,pstn,A08
LA_E_2059869,1,ulaw,A10
LA_E_2060398,1,alaw,A10
LA_E_2063494,1,g722,A08
LA_E_2063887,1,pstn,A18
LA_E_2064107,1,alaw,A10
LA_E_2064232,1,pstn,A17
LA_E_2064340,0,gsm,bonafide
LA_E_2064664,1,g722,A13
LA_E_2064873,1,ulaw,A14
LA_E_2065678,1,none,A18
LA_E_2065692,1,opus,A13
LA_E_2065780,1,ulaw,A12
LA_E_2067037,1,g722,A12
LA_E_2067794,1,opus,A17
LA_E_2068005,1,ulaw,A08
LA_E_2068010,1,g722,A08
LA_E_2068307,1,opus,A15
LA_E_2068862,1,gsm,A12
LA_E_2068926,1,gsm,A10
LA_E_2068947,1,gsm,A16
LA_E_2069004,1,pstn,A19
LA_E_2069038,1,g722,A08
LA_E_2069068,1,none,A11
LA_E_2069962,1,g722,A10
LA_E_2070566,1,opus,A13
LA_E_2071197,1,opus,A17
LA_E_2072504,1,gsm,A10
LA_E_2072644,1,gsm,A10
LA_E_2072726,1,pstn,A18
LA_E_2073258,1,opus,A17
LA_E_2073329,1,g722,A16
LA_E_2073376,1,opus,A12
LA_E_2073975,0,g722,bonafide
LA_E_2074076,1,ulaw,A09
LA_E_2074314,1,gsm,A10
LA_E_2076881,1,g722,A12
LA_E_2076891,1,opus,A10
LA_E_2077047,1,opus,A13
LA_E_2077083,1,opus,A13
LA_E_2077654,1,g722,A12
LA_E_2077701,1,g722,A11
LA_E_2078594,1,pstn,A17
LA_E_2079106,1,opus,A13
LA_E_2079441,1,ulaw,A11
LA_E_2079485,1,alaw,A13
LA_E_2079722,1,opus,A18
LA_E_2080489,1,none,A10
LA_E_2080807,1,alaw,A19
LA_E_2082558,0,opus,bonafide
LA_E_2082741,1,ulaw,A17
LA_E_2082940,1,alaw,A17
LA_E_2083184,1,none,A09
LA_E_2083679,1,opus,A18
LA_E_2083839,0,gsm,bonafide
LA_E_2084222,1,g722,A19
LA_E_2084684,1,ulaw,A17
LA_E_2084688,1,gsm,A10
LA_E_2084920,1,opus,A17
LA_E_2085015,1,opus,A10
LA_E_2085657,1,pstn,A09
LA_E_2085887,1,ulaw,A18
LA_E_2086308,1,opus,A11
LA_E_2086392,1,none,A11
LA_E_2086440,1,gsm,A15
LA_E_2087114,0,opus,bonafide
LA_E_2087353,1,none,A09
LA_E_2087951,0,g722,bonafide
LA_E_2088202,1,g722,A19
LA_E_2088402,1,none,A10
LA_E_2088493,1,opus,A19
LA_E_2088505,1,pstn,A10
LA_E_2089757,1,none,A19
LA_E_2090228,1,pstn,A17
LA_E_2090910,1,gsm,A13
LA_E_2091836,0,opus,bonafide
LA_E_2092715,0,alaw,bonafide
LA_E_2094127,1,none,A19
LA_E_2094411,1,opus,A18
LA_E_2095211,1,alaw,A19
LA_E_2095214,1,ulaw,A18
LA_E_2095632,0,ulaw,bonafide
LA_E_2095952,0,gsm,bonafide
LA_E_2095988,1,gsm,A15
LA_E_2096021,1,opus,A08
LA_E_2096052,1,alaw,A18
LA_E_2096273,1,alaw,A16
LA_E_2096656,1,pstn,A16
LA_E_2097568,1,ulaw,A13
LA_E_2098342,1,ulaw,A18
LA_E_2098750,1,opus,A14
LA_E_2098955,1,none,A18
LA_E_2099413,1,g722,A07
LA_E_2099952,1,none,A12
LA_E_2100432,1,ulaw,A13
LA_E_2100741,1,gsm,A09
LA_E_2101111,0,opus,bonafide
LA_E_2101459,0,none,bonafide
LA_E_2101915,1,opus,A18
LA_E_2102009,1,alaw,A14
LA_E_2102073,0,pstn,bonafide
LA_E_2102238,1,g722,A18
LA_E_2103379,1,none,A15
LA_E_2103918,1,opus,A14
LA_E_2104004,1,pstn,A16
LA_E_2104059,1,gsm,A08
LA_E_2104313,1,gsm,A08
LA_E_2105315,1,g722,A15
LA_E_2105496,1,none,A11
LA_E_2105995,0,ulaw,bonafide
LA_E_2106526,0,none,bonafide
LA_E_2106868,1,gsm,A08
LA_E_2107613,1,opus,A18
LA_E_2108073,1,g722,A17
LA_E_2108291,1,ulaw,A13
LA_E_2108404,1,gsm,A13
LA_E_2108448,1,ulaw,A14
LA_E_2108579,1,none,A12
LA_E_2110074,1,pstn,A07
LA_E_2110138,1,pstn,A10
LA_E_2110218,1,none,A11
LA_E_2110559,1,g722,A18
LA_E_2110680,1,opus,A18
LA_E_2111289,1,pstn,A13
LA_E_2111530,1,gsm,A15
LA_E_2112795,0,ulaw,bonafide
LA_E_2112887,1,pstn,A07
LA_E_2113106,1,none,A17
LA_E_2113413,0,g722,bonafide
LA_E_2113502,1,pstn,A15
LA_E_2113827,1,pstn,A18
LA_E_2114040,1,g722,A18
LA_E_2114142,0,ulaw,bonafide
LA_E_2114340,1,none,A12
LA_E_2116660,1,gsm,A15
LA_E_2116828,1,ulaw,A10
LA_E_2117035,1,alaw,A17
LA_E_2118344,1,gsm,A13
LA_E_2118433,1,none,A18
LA_E_2118670,1,alaw,A17
LA_E_2118986,1,ulaw,A13
LA_E_2119016,1,ulaw,A12
LA_E_2119342,1,opus,A12
LA_E_2119805,1,alaw,A18
LA_E_2120067,0,opus,bonafide
LA_E_2120080,1,g722,A16
LA_E_2120970,1,opus,A15
LA_E_2121679,1,gsm,A18
LA_E_2122142,1,opus,A15
LA_E_2122198,0,g722,bonafide
LA_E_2122473,1,g722,A15
LA_E_2123335,1,opus,A07
LA_E_2123890,1,ulaw,A13
LA_E_2123968,1,gsm,A15
LA_E_2124006,1,alaw,A14
LA_E_2124014,1,ulaw,A15
LA_E_2124368,1,ulaw,A18
LA_E_2125008,1,opus,A16
LA_E_2125251,1,ulaw,A07
LA_E_2125438,1,pstn,A09
LA_E_2125952,1,pstn,A13
LA_E_2127073,1,opus,A15
LA_E_2127411,1,opus,A08
LA_E_2128027,1,alaw,A09
LA_E_2129214,1,ulaw,A18
LA_E_2129265,1,ulaw,A07
LA_E_2129385,1,gsm,A14
LA_E_2129838,0,gsm,bonafide
LA_E_2131327,1,ulaw,A13
LA_E_2131350,1,ulaw,A07
LA_E_2132209,1,pstn,A15
LA_E_2132500,1,pstn,A08
LA_E_2132753,1,ulaw,A18
LA_E_2133025,1,pstn,A08
LA_E_2133069,1,opus,A09
LA_E_2133102,1,gsm,A18
LA_E_2134106,1,none,A15
LA_E_2134211,1,opus,A16
LA_E_2134377,0,none,bonafide
LA_E_2134452,1,g722,A10
LA_E_2134517,1,ulaw,A07
LA_E_2134961,1,gsm,A14
LA_E_2135064,1,alaw,A14
LA_E_2135419,1,opus,A15
LA_E_2135502,1,ulaw,A07
LA_E_2136192,1,alaw,A09
LA_E_2136244,0,opus,bonafide
LA_E_2136474,0,alaw,bonafide
LA_E_2137209,1,gsm,A16
LA_E_2137269,1,pstn,A12
LA_E_2137321,1,g722,A07
LA_E_2138279,1,opus,A07
LA_E_2138288,0,pstn,bonafide
LA_E_2139905,1,alaw,A12
LA_E_2139908,1,ulaw,A16
LA_E_2140003,1,g722,A17
LA_E_2140270,1,ulaw,A07
LA_E_2140577,1,pstn,A11
LA_E_2140623,1,opus,A07
LA_E_2140936,0,ulaw,bonafide
LA_E_2140946,1,opus,A14
LA_E_2141315,1,alaw,A11
LA_E_2141921,1,opus,A16
LA_E_2142825,1,opus,A15
LA_E_2142934,1,pstn,A12
LA_E_2143512,1,opus,A08
LA_E_2143517,1,ulaw,A11
LA_E_2143963,0,pstn,bonafide
LA_E_2144988,1,g722,A17
LA_E_2145235,1,pstn,A14
LA_E_2145247,1,opus,A16
LA_E_2145306,1,opus,A08
LA_E_2145327,1,pstn,A11
LA_E_2145416,1,opus,A11
LA_E_2145694,1,alaw,A08
LA_E_2145918,1,opus,A08
LA_E_2146080,1,pstn,A19
LA_E_2146622,1,g722,A10
LA_E_2148132,1,g722,A09
LA_E_2148449,1,none,A18
LA_E_2148585,1,gsm,A07
LA_E_2148779,1,g722,A17
LA_E_2148908,1,pstn,A14
LA_E_2149472,1,none,A16
LA_E_2149726,1,gsm,A12
LA_E_2149975,1,alaw,A09
LA_E_2150379,1,opus,A16
LA_E_2150646,1,opus,A11
LA_E_2150996,1,pstn,A16
LA_E_2151111,1,opus,A07
LA_E_2151215,1,gsm,A19
LA_E_2151237,1,opus,A08
LA_E_2151339,1,opus,A11
LA_E_2151439,1,opus,A16
LA_E_2152515,1,alaw,A11
LA_E_2152861,1,pstn,A19
LA_E_2153280,1,ulaw,A11
LA_E_2153775,1,gsm,A14
LA_E_2154214,1,opus,A15
LA_E_2154447,1,alaw,A12
LA_E_2155111,1,ulaw,A16
LA_E_2155282,0,gsm,bonafide
LA_E_2155613,1,gsm,A12
LA_E_2156160,1,ulaw,A08
LA_E_2156328,1,gsm,A07
LA_E_2156441,1,g722,A14
LA_E_2156639,1,gsm,A12
LA_E_2157283,1,gsm,A12
LA_E_2157698,1,alaw,A07
LA_E_2157906,1,gsm,A14
LA_E_2158430,0,alaw,bonafide
LA_E_2158704,1,alaw,A17
LA_E_2159392,1,pstn,A14
LA_E_2159485,1,ulaw,A11
LA_E_2159806,1,ulaw,A19
LA_E_2159824,1,ulaw,A11
LA_E_2159839,1,gsm,A16
LA_E_2160130,1,g722,A09
LA_E_2160278,1,gsm,A16
LA_E_2161459,1,ulaw,A09
LA_E_2161808,1,ulaw,A08
LA_E_2162151,1,ulaw,A08
LA_E_2162632,1,ulaw,A17
LA_E_2162658,1,alaw,A16
LA_E_2162905,1,gsm,A16
LA_E_2163285,1,gsm,A13
LA_E_2165243,1,gsm,A11
LA_E_2165633,1,g722,A08
LA_E_2166011,0,pstn,bonafide
LA_E_2166118,1,gsm,A14
LA_E_2166289,1,gsm,A17
LA_E_2166357,1,opus,A11
LA_E_2166393,1,gsm,A12
LA_E_2166460,1,gsm,A07
LA_E_2166981,1,ulaw,A14
LA_E_2167172,0,g722,bonafide
LA_E_2167177,1,none,A11
LA_E_2167260,1,none,A14
LA_E_2167433,0,opus,bonafide
LA_E_2167460,1,none,A07
LA_E_2167677,1,none,A16
LA_E_2167692,1,ulaw,A09
LA_E_2168116,1,gsm,A18
LA_E_2168212,1,pstn,A17
LA_E_2168266,1,gsm,A12
LA_E_2168734,1,pstn,A08
LA_E_2168822,1,none,A10
LA_E_2169168,1,gsm,A07
LA_E_2169440,1,gsm,A08
LA_E_2170397,1,opus,A14
LA_E_2170477,1,ulaw,A12
LA_E_2170506,1,alaw,A15
LA_E_2171057,1,g722,A14
LA_E_2171884,1,alaw,A17
LA_E_2171901,1,alaw,A15
LA_E_2172363,0,alaw,bonafide
LA_E_2172406,1,gsm,A16
LA_E_2172903,0,alaw,bonafide
LA_E_2172967,1,opus,A11
LA_E_2173120,1,gsm,A19
LA_E_2173165,1,g722,A09
LA_E_2173803,1,ulaw,A16
LA_E_2173939,1,opus,A07
LA_E_2174448,1,opus,A10
LA_E_2174599,0,opus,bonafide
LA_E_2174995,0,g722,bonafide
LA_E_2175094,1,alaw,A07
LA_E_2175929,1,pstn,A18
LA_E_2175930,1,gsm,A07
LA_E_2176168,1,g722,A16
LA_E_2176225,1,gsm,A09
LA_E_2176598,1,ulaw,A11
LA_E_2176740,1,none,A07
LA_E_2177813,1,gsm,A14
LA_E_2178368,1,none,A10
LA_E_2178394,1,opus,A09
LA_E_2179511,0,gsm,bonafide
LA_E_2180435,1,ulaw,A08
LA_E_2180713,1,gsm,A18
LA_E_2181093,1,gsm,A07
LA_E_2182282,1,ulaw,A15
LA_E_2182549,1,ulaw,A19
LA_E_2182663,1,ulaw,A15
LA_E_2183197,1,pstn,A18
LA_E_2183269,1,alaw,A09
LA_E_2183336,1,opus,A10
LA_E_2184188,1,alaw,A11
LA_E_2184263,1,alaw,A16
LA_E_2184515,1,opus,A09
LA_E_2184614,0,gsm,bonafide
LA_E_2185158,1,ulaw,A12
LA_E_2185609,1,none,A11
LA_E_2186214,1,g722,A16
LA_E_2186258,1,alaw,A16
LA_E_2187174,1,none,A12
LA_E_2187201,0,ulaw,bonafide
LA_E_2187230,1,ulaw,A17
LA_E_2187642,1,alaw,A08
LA_E_2187770,1,pstn,A17
LA_E_2187809,1,ulaw,A08
LA_E_2187868,1,g722,A17
LA_E_2188082,0,ulaw,bonafide
LA_E_2188372,1,ulaw,A12
LA_E_2188418,1,g722,A08
LA_E_2188423,1,ulaw,A12
LA_E_2189182,1,opus,A19
LA_E_2190289,1,gsm,A14
LA_E_2190692,0,alaw,bonafide
LA_E_2191054,1,ulaw,A15
LA_E_2191288,1,none,A12
LA_E_2191457,1,pstn,A14
LA_E_2191740,1,none,A13
LA_E_2191982,1,gsm,A09
LA_E_2192067,1,none,A13
LA_E_2192086,1,opus,A19
LA_E_2192750,1,opus,A13
LA_E_2192979,0,pstn,bonafide
LA_E_2193128,1,ulaw,A10
LA_E_2193965,1,ulaw,A15
LA_E_2194516,1,none,A14
LA_E_2195313,1,alaw,A14
LA_E_2196673,1,gsm,A14
LA_E_2196793,1,none,A14
LA_E_2196833,1,opus,A18
LA_E_2196918,0,none,bonafide
LA_E_2197034,1,opus,A13
LA_E_2197525,0,g722,bonafide
LA_E_2197803,0,opus,bonafide
LA_E_2198260,1,ulaw,A15
LA_E_2198339,1,ulaw,A12
LA_E_2198702,1,pstn,A08
LA_E_2198894,1,alaw,A10
LA_E_2199107,1,pstn,A16
LA_E_2199595,0,ulaw,bonafide
LA_E_2200662,1,g722,A18
LA_E_2201677,1,ulaw,A15
LA_E_2202047,1,opus,A14
LA_E_2202127,1,none,A19
LA_E_2202578,1,none,A07
LA_E_2202604,1,opus,A09
LA_E_2204533,1,alaw,A10
LA_E_2207005,1,none,A08
LA_E_2209404,0,alaw,bonafide
LA_E_2209801,1,g722,A13
LA_E_2210060,1,alaw,A11
LA_E_2210147,1,g722,A16
LA_E_2210492,1,alaw,A15
LA_E_2210847,1,ulaw,A16
LA_E_2210953,1,alaw,A14
LA_E_2212140,1,g722,A09
LA_E_2212986,1,none,A08
LA_E_2213043,1,g722,A13
LA_E_2213223,0,gsm,bonafide
LA_E_2213379,1,gsm,A09
LA_E_2213610,0,none,bonafide
LA_E_2213753,1,none,A14
LA_E_2213903,1,alaw,A10
LA_E_2214133,1,gsm,A13
LA_E_2214242,1,none,A13
LA_E_2214659,1,opus,A10
LA_E_2214676,1,g722,A12
LA_E_2215940,1,gsm,A09
LA_E_2215942,1,gsm,A19
LA_E_2216180,1,ulaw,A10
LA_E_2216816,1,alaw,A13
LA_E_2216817,1,opus,A18
LA_E_2217194,1,ulaw,A10
LA_E_2217369,1,opus,A12
LA_E_2217490,1,opus,A12
LA_E_2218131,1,none,A19
LA_E_2219059,1,ulaw,A08
LA_E_2219196,1,gsm,A09
LA_E_2219605,0,none,bonafide
LA_E_2219788,1,g722,A10
LA_E_2219914,1,ulaw,A10
LA_E_2219993,1,alaw,A13
LA_E_2220136,1,opus,A14
LA_E_2220705,1,pstn,A16
LA_E_2220751,1,pstn,A19
LA_E_2221258,1,pstn,A19
LA_E_2221272,1,none,A07
LA_E_2222507,1,opus,A09
LA_E_2223082,1,opus,A19
LA_E_2223116,1,alaw,A15
LA_E_2223137,1,g722,A13
LA_E_2223563,1,pstn,A16
LA_E_2223573,1,opus,A12
LA_E_2224038,1,ulaw,A17
LA_E_2224372,1,ulaw,A10
LA_E_2224662,0,ulaw,bonafide
LA_E_2226604,1,none,A17
LA_E_2226946,1,g722,A18
LA_E_2228357,1,alaw,A13
LA_E_2228498,1,none,A17
LA_E_2228577,0,g722,bonafide
LA_E_2228588,1,gsm,A18
LA_E_2228951,1,gsm,A11
LA_E_2229740,1,opus,A19
LA_E_2230148,1,pstn,A13
LA_E_2230168,1,ulaw,A14
LA_E_2230263,1,pstn,A13
LA_E_2230470,1,gsm,A17
LA_E_2231690,1,g722,A17
LA_E_2231692,0,pstn,bonafide
LA_E_2232250,1,pstn,A08
LA_E_2232675,1,ulaw,A10
LA_E_2232880,1,opus,A09
LA_E_2233126,1,opus,A12
LA_E_2233511,1,pstn,A08
LA_E_2233722,0,ulaw,bonafide
LA_E_2233906,0,gsm,bonafide
LA_E_2233972,1,gsm,A17
LA_E_2234271,1,ulaw,A18
LA_E_2234523,1,gsm,A08
LA_E_2235019,1,none,A08
LA_E_2235256,1,ulaw,A16
LA_E_2236594,1,pstn,A13
LA_E_2236662,1,pstn,A07
LA_E_2236906,1,opus,A19
LA_E_2237248,1,none,A17
LA_E_2237717,1,ulaw,A14
LA_E_2238166,1,gsm,A17
LA_E_2239167,1,pstn,A13
LA_E_2239277,1,gsm,A15
LA_E_2239488,1,g722,A11
LA_E_2239686,1,opus,A12
LA_E_2239692,0,none,bonafide
LA_E_2240150,1,g722,A13
LA_E_2240236,1,gsm,A19
LA_E_2241146,1,pstn,A07
LA_E_2241747,1,g722,A11
LA_E_2242280,0,opus,bonafide
LA_E_2242815,1,ulaw,A18
LA_E_2243466,1,g722,A11
LA_E_2243567,0,none,bonafide
LA_E_2243798,1,gsm,A08
LA_E_2243914,1,g722,A10
LA_E_2243932,1,gsm,A17
LA_E_2244109,1,gsm,A16
LA_E_2244723,1,alaw,A10
LA_E_2244731,0,opus,bonafide
LA_E_2244807,1,ulaw,A13
LA_E_2245898,1,opus,A14
LA_E_2246444,1,opus,A09
LA_E_2247772,1,gsm,A10
LA_E_2248080,1,ulaw,A14
LA_E_2248438,1,pstn,A07
LA_E_2248889,1,alaw,A09
LA_E_2249403,1,ulaw,A14
LA_E_2250043,1,pstn,A15
LA_E_2250465,0,none,bonafide
LA_E_2250660,1,pstn,A15
LA_E_2250916,1,gsm,A15
LA_E_2251306,0,pstn,bonafide
LA_E_2251766,1,gsm,A16
LA_E_2251864,1,none,A08
LA_E_2252128,1,ulaw,A07
LA_E_2252901,0,ulaw,bonafide
LA_E_2252906,1,opus,A08
LA_E_2253600,1,none,A15
LA_E_2254287,0,opus,bonafide
LA_E_2254801,1,none,A19
LA_E_2255174,1,g722,A11
LA_E_2256041,1,opus,A11
LA_E_2256593,1,pstn,A15
LA_E_2257765,0,opus,bonafide
LA_E_2257865,1,pstn,A10
LA_E_2258525,1,g722,A07
LA_E_2258589,1,g722,A07
LA_E_2258823,1,gsm,A13
LA_E_2259488,0,alaw,bonafide
LA_E_2260171,1,gsm,A13
LA_E_2260185,1,ulaw,A13
LA_E_2260357,1,none,A19
LA_E_2260786,1,alaw,A19
LA_E_2261590,1,pstn,A10
LA_E_2262189,1,ulaw,A07
LA_E_2262371,0,pstn,bonafide
LA_E_2263601,1,none,A18
LA_E_2263807,1,none,A17
LA_E_2264389,1,gsm,A18
LA_E_2266501,1,alaw,A19
LA_E_2266649,1,gsm,A13
LA_E_2266712,0,pstn,bonafide
LA_E_2267462,1,opus,A10
LA_E_2268467,1,gsm,A13
LA_E_2269116,1,gsm,A11
LA_E_2269168,1,none,A15
LA_E_2269195,1,opus,A15
LA_E_2269703,1,pstn,A15
LA_E_2270001,1,opus,A11
LA_E_2270698,1,g722,A19
LA_E_2271595,1,g722,A19
LA_E_2271847,1,ulaw,A09
LA_E_2272111,1,alaw,A13
LA_E_2273427,1,gsm,A17
LA_E_2274220,1,g722,A07
LA_E_2275937,1,opus,A14
LA_E_2277498,1,g722,A19
LA_E_2278661,0,opus,bonafide
LA_E_2279116,1,pstn,A07
LA_E_2279662,1,alaw,A08
LA_E_2280351,1,gsm,A08
LA_E_2280981,1,opus,A08
LA_E_2282146,1,gsm,A13
LA_E_2282391,1,none,A09
LA_E_2282591,1,ulaw,A16
LA_E_2282962,0,gsm,bonafide
LA_E_2283208,1,alaw,A19
LA_E_2283671,1,alaw,A08
LA_E_2284342,1,g722,A12
LA_E_2284675,0,opus,bonafide
LA_E_2284857,0,g722,bonafide
LA_E_2285302,1,opus,A13
LA_E_2286151,1,gsm,A14
LA_E_2286309,0,none,bonafide
LA_E_2286849,1,gsm,A10
LA_E_2287368,1,g722,A07
LA_E_2287623,1,ulaw,A12
LA_E_2287696,1,gsm,A11
LA_E_2288480,1,gsm,A14
LA_E_2288508,1,ulaw,A17
LA_E_2290556,0,ulaw,bonafide
LA_E_2291130,1,opus,A15
LA_E_2291551,1,pstn,A09
LA_E_2291728,1,gsm,A07
LA_E_2291987,1,pstn,A10
LA_E_2292974,1,none,A13
LA_E_2293182,1,g722,A08
LA_E_2294326,1,g722,A19
LA_E_2294456,1,pstn,A08
LA_E_2294550,1,gsm,A11
LA_E_2296109,1,ulaw,A12
LA_E_2296431,1,pstn,A09
LA_E_2296467,1,opus,A18
LA_E_2296555,1,ulaw,A14
LA_E_2297216,1,none,A09
LA_E_2297248,1,ulaw,A08
LA_E_2297418,1,opus,A12
LA_E_2300282,0,ulaw,bonafide
LA_E_2300690,0,opus,bonafide
LA_E_2301060,1,pstn,A10
LA_E_2301289,1,pstn,A09
LA_E_2301385,1,alaw,A16
LA_E_2301873,1,alaw,A08
LA_E_2302205,1,opus,A12
LA_E_2302318,1,opus,A16
LA_E_2302434,1,ulaw,A15
LA_E_2303233,0,alaw,bonafide
LA_E_2303667,1,opus,A17
LA_E_2304352,1,ulaw,A13
LA_E_2304421,1,alaw,A08
LA_E_2304699,1,pstn,A08
LA_E_2304953,1,pstn,A11
LA_E_2306986,1,g722,A13
LA_E_2307246,1,none,A11
LA_E_2307261,1,opus,A16
LA_E_2307339,1,ulaw,A16
LA_E_2308193,1,ulaw,A08
LA_E_2308598,0,opus,bonafide
LA_E_2309030,1,ulaw,A11
LA_E_2309384,1,opus,A14
LA_E_2310056,1,opus,A10
LA_E_2311517,1,ulaw,A15
LA_E_2311578,1,opus,A13
LA_E_2313341,1,none,A18
LA_E_2314198,0,pstn,bonafide
LA_E_2314449,1,opus,A10
LA_E_2315217,0,gsm,bonafide
LA_E_2315315,1,none,A11
LA_E_2315408,1,gsm,A14
LA_E_2315455,1,ulaw,A18
LA_E_2315568,1,g722,A08
LA_E_2315684,1,opus,A17
LA_E_2315837,1,alaw,A18
LA_E_2316333,1,alaw,A12
LA_E_2316791,1,pstn,A18
LA_E_2316868,1,ulaw,A19
LA_E_2317699,1,gsm,A07
LA_E_2318200,1,gsm,A08
LA_E_2318250,1,alaw,A16
LA_E_2318492,1,alaw,A12
LA_E_2319159,1,gsm,A13
LA_E_2319854,1,g722,A13
LA_E_2320228,0,none,bonafide
LA_E_2320378,0,pstn,bonafide
LA_E_2320591,1,none,A15
LA_E_2321084,1,gsm,A19
LA_E_2321153,1,alaw,A19
LA_E_2321789,1,gsm,A15
LA_E_2322233,1,alaw,A07
LA_E_2322812,1,alaw,A18
LA_E_2324115,1,none,A12
LA_E_2324603,0,g722,bonafide
LA_E_2325568,0,pstn,bonafide
LA_E_2325914,1,g722,A15
LA_E_2326365,1,pstn,A09
LA_E_2327680,1,opus,A07
LA_E_2327796,1,alaw,A09
LA_E_2328766,1,none,A12
LA_E_2329565,1,g722,A16
LA_E_2330128,0,gsm,bonafide
LA_E_2331006,1,alaw,A18
LA_E_2332350,1,g722,A08
LA_E_2332399,1,alaw,A17
LA_E_2333031,0,g722,bonafide
LA_E_2333034,1,ulaw,A16
LA_E_2333391,1,alaw,A09
LA_E_2333539,0,ulaw,bonafide
LA_E_2333865,1,pstn,A18
LA_E_2333966,1,pstn,A16
LA_E_2334173,1,ulaw,A17
LA_E_2334367,0,none,bonafide
LA_E_2334719,1,none,A15
LA_E_2335635,1,gsm,A12
LA_E_2335704,1,none,A09
LA_E_2335850,0,ulaw,bonafide
LA_E_2336175,1,alaw,A18
LA_E_2336272,1,pstn,A11
LA_E_2336517,1,gsm,A12
LA_E_2338027,1,ulaw,A07
LA_E_2338244,1,alaw,A10
LA_E_2338913,1,alaw,A12
LA_E_2338920,1,none,A11
LA_E_2339246,0,g722,bonafide
LA_E_2339252,1,alaw,A07
LA_E_2339372,1,g722,A15
LA_E_2339424,1,opus,A07
LA_E_2339781,1,gsm,A12
LA_E_2340921,1,alaw,A17
LA_E_2341366,1,ulaw,A09
LA_E_2341966,1,gsm,A09
LA_E_2342291,1,none,A14
LA_E_2342551,1,g722,A14
LA_E_2342554,0,opus,bonafide
LA_E_2342613,1,g722,A08
LA_E_2342962,1,g722,A14
LA_E_2343888,1,none,A10
LA_E_2343952,1,ulaw,A15
LA_E_2344004,1,alaw,A12
LA_E_2344905,1,pstn,A14
LA_E_2345111,0,ulaw,bonafide
LA_E_2346006,1,opus,A10
LA_E_2346218,1,opus,A18
LA_E_2347575,1,ulaw,A18
LA_E_2348440,1,gsm,A18
LA_E_2348468,1,none,A12
LA_E_2348565,0,alaw,bonafide
LA_E_2349271,0,ulaw,bonafide
LA_E_2349322,1,gsm,A18
LA_E_2349474,1,none,A14
LA_E_2349756,1,pstn,A18
LA_E_2349793,1,g722,A09
LA_E_2349846,1,opus,A13
LA_E_2350055,1,ulaw,A11
LA_E_2350060,1,none,A07
LA_E_2350385,1,none,A16
LA_E_2350422,0,opus,bonafide
LA_E_2352731,1,alaw,A14
LA_E_2353566,0,none,bonafide
LA_E_2354856,1,alaw,A17
LA_E_2354862,1,gsm,A12
LA_E_2354963,1,ulaw,A13
LA_E_2355114,1,pstn,A14
LA_E_2355119,1,none,A09
LA_E_2355199,1,ulaw,A09
LA_E_2355609,1,gsm,A07
LA_E_2355793,1,none,A10
LA_E_2355842,1,alaw,A07
LA_E_2355888,1,opus,A09
LA_E_2356629,1,g722,A14
LA_E_2356774,1,alaw,A14
LA_E_2357057,1,g722,A11
LA_E_2357396,1,none,A16
LA_E_2357545,1,g722,A15
LA_E_2358028,1,alaw,A11
LA_E_2358344,1,opus,A12
LA_E_2359255,1,pstn,A18
LA_E_2360463,1,pstn,A13
LA_E_2361033,1,g722,A16
LA_E_2361243,1,alaw,A11
LA_E_2361399,0,pstn,bonafide
LA_E_2362056,0,alaw,bonafide
LA_E_2362242,1,pstn,A16
LA_E_2362711,1,g722,A15
LA_E_2362846,1,ulaw,A10
LA_E_2363434,1,gsm,A19
LA_E_2363483,1,gsm,A15
LA_E_2363772,1,none,A07
LA_E_2364077,1,none,A16
LA_E_2364449,1,pstn,A12
LA_E_2364792,1,pstn,A17
LA_E_2365565,0,none,bonafide
LA_E_2366401,1,pstn,A17
LA_E_2366563,1,gsm,A14
LA_E_2367175,1,opus,A14
LA_E_2367217,1,opus,A14
LA_E_2367359,1,opus,A18
LA_E_2367596,0,alaw,bonafide
LA_E_2368352,1,gsm,A11
LA_E_2369324,1,alaw,A15
LA_E_2370228,1,gsm,A16
LA_E_2371257,1,ulaw,A19
LA_E_2371305,1,ulaw,A16
LA_E_2372165,1,pstn,A12
LA_E_2372555,1,ulaw,A18
LA_E_2373165,1,g722,A18
LA_E_2373202,1,g722,A14
LA_E_2373597,1,ulaw,A13
LA_E_2373607,1,alaw,A07
LA_E_2373612,1,gsm,A12
LA_E_2373993,0,gsm,bonafide
LA_E_2374169,0,alaw,bonafide
LA_E_2374333,1,g722,A18
LA_E_2374518,1,gsm,A15
LA_E_2374573,1,opus,A10
LA_E_2375042,0,g722,bonafide
LA_E_2375332,1,opus,A09
LA_E_2376174,1,gsm,A16
LA_E_2376364,1,opus,A19
LA_E_2376495,1,ulaw,A10
LA_E_2376544,1,alaw,A10
LA_E_2377112,1,opus,A10
LA_E_2377186,1,gsm,A10
LA_E_2377435,0,opus,bonafide
LA_E_2377487,1,none,A12
LA_E_2377635,1,ulaw,A15
LA_E_2378701,1,pstn,A11
LA_E_2378862,1,gsm,A14
LA_E_2378984,1,none,A16
LA_E_2379879,1,ulaw,A07
LA_E_2380134,1,alaw,A17
LA_E_2380465,1,ulaw,A12
LA_E_2381227,0,ulaw,bonafide
LA_E_2381850,1,none,A11
LA_E_2383249,1,opus,A07
LA_E_2383340,1,g722,A07
LA_E_2383828,1,none,A17
LA_E_2385046,0,pstn,bonafide
LA_E_2385262,1,gsm,A12
LA_E_2385371,0,opus,bonafide
LA_E_2385667,1,none,A13
LA_E_2386989,1,opus,A08
LA_E_2387063,1,g722,A18
LA_E_2387762,1,gsm,A09
LA_E_2387820,1,gsm,A08
LA_E_2388153,1,g722,A09
LA_E_2389193,0,g722,bonafide
LA_E_2390067,1,gsm,A07
LA_E_2390102,1,pstn,A11
LA_E_2390497,1,opus,A15
LA_E_2390587,1,gsm,A15
LA_E_2390642,1,none,A10
LA_E_2392132,1,opus,A12
LA_E_2392303,1,gsm,A14
LA_E_2393099,1,pstn,A12
LA_E_2394165,1,pstn,A17
LA_E_2394173,1,opus,A16
LA_E_2394188,1,opus,A08
LA_E_2394659,1,opus,A18
LA_E_2395122,1,ulaw,A12
LA_E_2395129,0,ulaw,bonafide
LA_E_2395820,1,pstn,A12
LA_E_2396265,1,g722,A17
LA_E_2396536,1,pstn,A13
LA_E_2396543,1,ulaw,A17
LA_E_2396631,1,gsm,A17
LA_E_2396765,1,gsm,A16
LA_E_2396816,1,alaw,A14
LA_E_2397156,1,none,A10
LA_E_2397654,1,ulaw,A18
LA_E_2397972,1,ulaw,A15
LA_E_2398397,1,gsm,A10
LA_E_2398455,1,gsm,A14
LA_E_2398483,1,gsm,A19
LA_E_2399198,1,opus,A19
LA_E_2399413,1,gsm,A15
LA_E_2400130,0,g722,bonafide
LA_E_2400232,1,g722,A17
LA_E_2400443,1,opus,A07
LA_E_2400467,1,alaw,A15
LA_E_2400570,0,gsm,bonafide
LA_E_2401258,1,ulaw,A08
LA_E_2401857,1,gsm,A19
LA_E_2402279,1,g722,A18
LA_E_2402833,1,ulaw,A09
LA_E_2403341,1,ulaw,A07
LA_E_2404002,0,none,bonafide
LA_E_2404378,0,ulaw,bonafide
LA_E_2404688,0,pstn,bonafide
LA_E_2404951,1,opus,A17
LA_E_2405060,1,alaw,A11
LA_E_2405351,0,ulaw,bonafide
LA_E_2405787,1,gsm,A17
LA_E_2406693,0,none,bonafide
LA_E_2408915,1,pstn,A19
LA_E_2409610,0,none,bonafide
LA_E_2411073,1,gsm,A09
LA_E_2411081,1,opus,A11
LA_E_2411623,1,pstn,A09
LA_E_2413322,1,opus,A11
LA_E_2413341,1,ulaw,A11
LA_E_2413540,1,alaw,A09
LA_E_2414259,1,none,A14
LA_E_2415029,1,alaw,A14
LA_E_2416251,1,pstn,A19
LA_E_2416353,1,gsm,A14
LA_E_2416481,1,g722,A17
LA_E_2416491,1,pstn,A10
LA_E_2416636,1,opus,A10
LA_E_2417382,1,pstn,A14
LA_E_2417976,1,ulaw,A15
LA_E_2418069,1,g722,A07
LA_E_2418387,1,opus,A10
LA_E_2418659,1,opus,A10
LA_E_2418813,1,opus,A18
LA_E_2419317,0,alaw,bonafide
LA_E_2420130,0,alaw,bonafide
LA_E_2420131,0,gsm,bonafide
LA_E_2421728,1,g722,A13
LA_E_2422374,1,ulaw,A09
LA_E_2423489,1,none,A17
LA_E_2423743,0,opus,bonafide
LA_E_2423818,1,opus,A08
LA_E_2424275,1,opus,A13
LA_E_2424450,1,pstn,A14
LA_E_2426824,1,g722,A17
LA_E_2427096,1,gsm,A18
LA_E_2427396,0,alaw,bonafide
LA_E_2427572,1,gsm,A08
LA_E_2427840,1,ulaw,A18
LA_E_2427993,1,none,A19
LA_E_2428252,1,opus,A12
LA_E_2428361,1,pstn,A07
LA_E_2428894,0,opus,bonafide
LA_E_2429150,1,alaw,A19
LA_E_2429440,1,gsm,A13
LA_E_2429531,1,ulaw,A07
LA_E_2430387,1,g722,A11
LA_E_2430711,1,ulaw,A19
LA_E_2431332,1,pstn,A17
LA_E_2431429,1,pstn,A10
LA_E_2431481,1,ulaw,A13
LA_E_2432500,0,gsm,bonafide
LA_E_2432676,1,opus,A10
LA_E_2433008,1,gsm,A18
LA_E_2433983,1,alaw,A09
LA_E_2434842,1,pstn,A09
LA_E_2435052,1,gsm,A12
LA_E_2435276,0,gsm,bonafide
LA_E_2435329,0,g722,bonafide
LA_E_2435361,1,gsm,A16
LA_E_2436223,1,ulaw,A12
LA_E_2436462,1,ulaw,A16
LA_E_2436474,1,opus,A18
LA_E_2436662,1,ulaw,A13
LA_E_2438210,1,none,A18
LA_E_2438300,1,pstn,A08
LA_E_2438312,1,gsm,A18
LA_E_2438622,1,none,A13
LA_E_2438699,1,pstn,A08
LA_E_2439037,1,opus,A07
LA_E_2439976,1,g722,A12
LA_E_2440115,1,g722,A12
LA_E_2440140,1,opus,A16
LA_E_2441027,1,pstn,A18
LA_E_2442937,1,opus,A17
LA_E_2443629,1,opus,A15
LA_E_2443846,1,alaw,A18
LA_E_2444229,1,opus,A11
LA_E_2444426,1,gsm,A11
LA_E_2444769,1,alaw,A19
LA_E_2445723,1,ulaw,A14
LA_E_2446005,0,g722,bonafide
LA_E_2446605,1,pstn,A08
LA_E_2447063,1,opus,A10
LA_E_2447072,1,none,A08
LA_E_2447430,0,opus,bonafide
LA_E_2447564,1,gsm,A13
LA_E_2447732,1,alaw,A13
LA_E_2448104,1,pstn,A07
LA_E_2449804,1,alaw,A12
LA_E_2450216,1,g722,A07
LA_E_2450902,1,ulaw,A15
LA_E_2451131,1,alaw,A11
LA_E_2451215,1,opus,A13
LA_E_2451274,1,opus,A12
LA_E_2451400,1,ulaw,A14
LA_E_2451464,1,opus,A14
LA_E_2452266,0,g722,bonafide
LA_E_2452405,1,pstn,A18
LA_E_2452413,1,ulaw,A11
LA_E_2452426,1,opus,A08
LA_E_2452894,1,none,A14
LA_E_2453415,1,none,A19
LA_E_2453416,1,ulaw,A12
LA_E_2454319,0,opus,bonafide
LA_E_2454826,0,gsm,bonafide
LA_E_2455338,1,ulaw,A08
LA_E_2455921,0,gsm,bonafide
LA_E_2456118,1,g722,A08
LA_E_2456254,1,ulaw,A16
LA_E_2456270,1,none,A18
LA_E_2456347,1,none,A12
LA_E_2457244,1,opus,A19
LA_E_2457443,1,gsm,A17
LA_E_2458561,1,g722,A12
LA_E_2459028,1,ulaw,A16
LA_E_2459273,1,ulaw,A07
LA_E_2459318,1,alaw,A08
LA_E_2461027,1,g722,A19
LA_E_2461139,1,gsm,A10
LA_E_2461437,1,opus,A12
LA_E_2462347,1,none,A09
LA_E_2462581,1,alaw,A09
LA_E_2462942,1,opus,A14
LA_E_2463654,1,pstn,A15
LA_E_2464140,1,alaw,A16
LA_E_2464326,1,none,A08
LA_E_2465368,1,opus,A09
LA_E_2465495,1,gsm,A18
LA_E_2466116,0,alaw,bonafide
LA_E_2466118,1,alaw,A16
LA_E_2466767,0,pstn,bonafide
LA_E_2467040,1,g722,A10
LA_E_2467048,0,ulaw,bonafide
LA_E_2467145,1,ulaw,A19
LA_E_2467972,1,pstn,A19
LA_E_2468230,1,alaw,A10
LA_E_2469093,0,none,bonafide
LA_E_2469313,1,opus,A17
LA_E_2469552,1,g722,A09
LA_E_2469935,1,gsm,A10
LA_E_2470684,1,g722,A12
LA_E_2470804,1,gsm,A08
LA_E_2471139,1,g722,A13
LA_E_2471151,1,gsm,A19
LA_E_2471967,1,opus,A13
LA_E_2471988,1,alaw,A15
LA_E_2472067,1,gsm,A12
LA_E_2472747,1,opus,A19
LA_E_2473109,1,gsm,A07
LA_E_2473217,1,g722,A08
LA_E_2473707,1,alaw,A13
LA_E_2474552,1,ulaw,A10
LA_E_2474671,1,pstn,A08
LA_E_2475791,1,g722,A10
LA_E_2476539,1,opus,A10
LA_E_2476696,0,opus,bonafide
LA_E_2476764,1,opus,A11
LA_E_2477402,1,ulaw,A12
LA_E_2477519,0,none,bonafide
LA_E_2478301,1,alaw,A16
LA_E_2478840,1,pstn,A15
LA_E_2478889,1,alaw,A18
LA_E_2479232,1,opus,A15
LA_E_2479421,1,none,A13
LA_E_2480106,1,opus,A10
LA_E_2480326,1,opus,A14
LA_E_2480567,1,gsm,A17
LA_E_2480814,0,none,bonafide
LA_E_2480827,0,alaw,bonafide
LA_E_2481182,1,none,A11
LA_E_2482046,1,g722,A09
LA_E_2482128,1,g722,A07
LA_E_2482477,1,none,A15
LA_E_2482635,0,alaw,bonafide
LA_E_2482903,1,opus,A16
LA_E_2482921,1,gsm,A16
LA_E_2483144,0,opus,bonafide
LA_E_2483740,1,alaw,A16
LA_E_2485262,1,g722,A11
LA_E_2486609,1,alaw,A07
LA_E_2486836,0,opus,bonafide
LA_E_2487171,1,none,A12
LA_E_2487190,1,opus,A08
LA_E_2487767,1,none,A07
LA_E_2487884,1,gsm,A11
LA_E_2488654,0,ulaw,bonafide
LA_E_2489204,1,pstn,A19
LA_E_2490357,0,pstn,bonafide
LA_E_2490992,1,ulaw,A16
LA_E_2491149,1,ulaw,A19
LA_E_2491443,1,gsm,A18
LA_E_2491678,1,none,A09
LA_E_2491847,1,g722,A10
LA_E_2492120,1,gsm,A15
LA_E_2492799,1,alaw,A10
LA_E_2492966,1,ulaw,A17
LA_E_2493010,1,gsm,A08
LA_E_2493784,1,none,A13
LA_E_2494466,1,pstn,A14
LA_E_2495955,1,opus,A08
LA_E_2495972,0,pstn,bonafide
LA_E_2496085,1,none,A10
LA_E_2496181,1,gsm,A14
LA_E_2497201,1,alaw,A19
LA_E_2497261,0,gsm,bonafide
LA_E_2497572,1,opus,A18
LA_E_2498056,1,ulaw,A16
LA_E_2498855,1,ulaw,A15
LA_E_2499004,1,pstn,A13
LA_E_2499655,1,opus,A07
LA_E_2499801,1,ulaw,A16
LA_E_2500552,1,none,A18
LA_E_2501364,1,alaw,A15
LA_E_2501459,1,opus,A19
LA_E_2501950,1,ulaw,A11
LA_E_2502244,1,ulaw,A09
LA_E_2502336,1,ulaw,A17
LA_E_2502536,1,ulaw,A18
LA_E_2503427,1,g722,A13
LA_E_2503431,1,g722,A11
LA_E_2503435,1,none,A18
LA_E_2503594,1,ulaw,A12
LA_E_2504226,1,opus,A14
LA_E_2504245,1,none,A17
LA_E_2504943,1,opus,A18
LA_E_2504967,1,g722,A16
LA_E_2505382,1,ulaw,A07
LA_E_2506727,1,alaw,A19
LA_E_2507028,0,gsm,bonafide
LA_E_2507666,1,g722,A19
LA_E_2509110,0,ulaw,bonafide
LA_E_2509370,0,ulaw,bonafide
LA_E_2509829,0,pstn,bonafide
LA_E_2510356,1,gsm,A09
LA_E_2510376,1,ulaw,A14
LA_E_2510637,1,g722,A16
LA_E_2510686,1,none,A08
LA_E_2511009,1,pstn,A16
LA_E_2511119,1,none,A11
LA_E_2512921,1,g722,A16
LA_E_2513452,1,g722,A10
LA_E_2513458,1,opus,A19
LA_E_2513554,1,opus,A14
LA_E_2513722,1,ulaw,A10
LA_E_2514032,1,gsm,A09
LA_E_2514562,1,opus,A15
LA_E_2514868,1,gsm,A07
LA_E_2515315,1,pstn,A16
LA_E_2516684,1,none,A10
LA_E_2516918,0,g722,bonafide
LA_E_2517112,1,opus,A17
LA_E_2517989,1,alaw,A12
LA_E_2518148,1,alaw,A08
LA_E_2518426,1,opus,A15
LA_E_2519481,1,ulaw,A18
LA_E_2520126,1,ulaw,A16
LA_E_2520303,1,opus,A09
LA_E_2520495,1,gsm,A07
LA_E_2521021,1,ulaw,A18
LA_E_2521171,1,pstn,A18
LA_E_2521235,1,none,A15
LA_E_2521529,1,opus,A13
LA_E_2522101,1,alaw,A18
LA_E_2522758,0,g722,bonafide
LA_E_2523388,1,none,A17
LA_E_2524537,1,pstn,A13
LA_E_2525129,1,gsm,A16
LA_E_2525315,0,ulaw,bonafide
LA_E_2525566,1,pstn,A12
LA_E_2525811,1,alaw,A07
LA_E_2526412,1,gsm,A13
LA_E_2526808,1,alaw,A10
LA_E_2527908,1,g722,A16
LA_E_2528904,1,alaw,A11
LA_E_2529017,1,ulaw,A13
LA_E_2529213,1,ulaw,A19
LA_E_2529752,1,g722,A17
LA_E_2529957,1,none,A07
LA_E_2530001,1,ulaw,A08
LA_E_2530530,1,pstn,A15
LA_E_2530918,1,ulaw,A07
LA_E_2531014,0,pstn,bonafide
LA_E_2532022,0,gsm,bonafide
LA_E_2532526,1,pstn,A10
LA_E_2532669,0,ulaw,bonafide
LA_E_2532689,0,opus,bonafide
LA_E_2532773,0,opus,bonafide
LA_E_2532792,1,pstn,A16
LA_E_2534039,1,gsm,A18
LA_E_2534470,1,g722,A15
LA_E_2535375,1,opus,A09
LA_E_2535503,1,ulaw,A07
LA_E_2535985,1,gsm,A10
LA_E_2536252,0,opus,bonafide
LA_E_2536650,1,opus,A08
LA_E_2537107,1,none,A13
LA_E_2537657,1,pstn,A16
LA_E_2538089,1,opus,A19
LA_E_2538190,1,gsm,A19
LA_E_2538671,1,pstn,A17
LA_E_2539073,0,ulaw,bonafide
LA_E_2539103,1,opus,A11
LA_E_2539267,1,ulaw,A14
LA_E_2540332,1,gsm,A18
LA_E_2540651,1,g722,A07
LA_E_2540739,1,g722,A08
LA_E_2541582,0,pstn,bonafide
LA_E_2541733,1,none,A08
LA_E_2542075,1,g722,A15
LA_E_2542205,0,g722,bonafide
LA_E_2542893,0,pstn,bonafide
LA_E_2543071,1,gsm,A15
LA_E_2543334,1,opus,A14
LA_E_2543561,1,g722,A14
LA_E_2543567,1,none,A14
LA_E_2543659,0,ulaw,bonafide
LA_E_2543733,1,g722,A09
LA_E_2543754,1,gsm,A12
LA_E_2543959,1,opus,A19
LA_E_2544146,1,pstn,A19
LA_E_2544152,0,g722,bonafide
LA_E_2545670,0,gsm,bonafide
LA_E_2545819,0,g722,bonafide
LA_E_2546024,0,none,bonafide
LA_E_2546055,1,gsm,A19
LA_E_2546218,1,gsm,A11
LA_E_2546224,0,alaw,bonafide
LA_E_2548568,1,gsm,A11
LA_E_2548576,1,gsm,A11
LA_E_2548727,1,ulaw,A15
LA_E_2549883,0,opus,bonafide
LA_E_2549959,1,gsm,A09
LA_E_2550067,1,opus,A17
LA_E_2550221,1,gsm,A08
LA_E_2550315,1,alaw,A13
LA_E_2550350,1,ulaw,A14
LA_E_2552246,1,none,A15
LA_E_2552964,1,ulaw,A15
LA_E_2553033,1,gsm,A07
LA_E_2553429,0,none,bonafide
LA_E_2553703,1,ulaw,A09
LA_E_2554240,1,opus,A09
LA_E_2554512,1,g722,A19
LA_E_2554598,0,ulaw,bonafide
LA_E_2555533,0,pstn,bonafide
LA_E_2556769,0,alaw,bonafide
LA_E_2558016,1,opus,A13
LA_E_2558864,1,pstn,A18
LA_E_2559046,1,ulaw,A14
LA_E_2559135,1,opus,A13
LA_E_2559934,1,ulaw,A11
LA_E_2560390,1,alaw,A12
LA_E_2560398,1,opus,A07
LA_E_2560761,1,gsm,A15
LA_E_2561326,1,gsm,A11
LA_E_2561428,1,alaw,A17
LA_E_2561703,1,ulaw,A09
LA_E_2562345,1,alaw,A08
LA_E_2562615,1,g722,A18
LA_E_2562719,1,opus,A12
LA_E_2562816,1,pstn,A17
LA_E_2563172,1,ulaw,A11
LA_E_2563931,1,ulaw,A12
LA_E_2564211,0,g722,bonafide
LA_E_2565241,1,pstn,A15
LA_E_2565559,1,opus,A17
LA_E_2565903,1,alaw,A08
LA_E_2566166,1,none,A16
LA_E_2566901,1,gsm,A11
LA_E_2567379,1,alaw,A15
LA_E_2567462,1,g722,A17
LA_E_2567545,1,gsm,A17
LA_E_2567791,1,ulaw,A10
LA_E_2568023,1,gsm,A14
LA_E_2568397,1,ulaw,A08
LA_E_2568856,1,alaw,A07
LA_E_2568894,1,opus,A14
LA_E_2569192,1,none,A15
LA_E_2570942,1,alaw,A14
LA_E_2571424,1,opus,A07
LA_E_2571717,1,ulaw,A17
LA_E_2572672,1,none,A19
LA_E_2573059,1,gsm,A13
LA_E_2574084,1,gsm,A09
LA_E_2574227,1,ulaw,A16
LA_E_2574991,1,gsm,A08
LA_E_2575257,1,opus,A10
LA_E_2575303,0,g722,bonafide
LA_E_2575505,1,pstn,A10
LA_E_2576125,1,ulaw,A08
LA_E_2576276,1,opus,A16
LA_E_2576326,1,ulaw,A17
LA_E_2576615,1,alaw,A19
LA_E_2576812,1,alaw,A14
LA_E_2577629,1,gsm,A16
LA_E_2577848,1,g722,A08
LA_E_2578067,1,opus,A08
LA_E_2578412,1,none,A07
LA_E_2578525,1,alaw,A13
LA_E_2579127,1,pstn,A12
LA_E_2581354,1,opus,A18
LA_E_2581438,1,ulaw,A14
LA_E_2582321,1,g722,A10
LA_E_2582552,1,alaw,A12
LA_E_2582576,1,ulaw,A10
LA_E_2582586,1,gsm,A12
LA_E_2583009,1,opus,A08
LA_E_2583533,1,alaw,A18
LA_E_2583570,1,none,A11
LA_E_2583824,1,pstn,A08
LA_E_2583943,1,pstn,A09
LA_E_2584216,1,none,A16
LA_E_2584356,1,gsm,A16
LA_E_2585537,1,g722,A15
LA_E_2585751,1,gsm,A07
LA_E_2585990,1,g722,A12
LA_E_2586228,1,ulaw,A16
LA_E_2586263,1,g722,A11
LA_E_2586790,1,opus,A11
LA_E_2587521,1,opus,A18
LA_E_2587540,1,opus,A18
LA_E_2588092,1,opus,A15
LA_E_2588161,1,ulaw,A07
LA_E_2588318,1,gsm,A08
LA_E_2589859,1,gsm,A07
LA_E_2589872,1,g722,A18
LA_E_2590156,1,none,A09
LA_E_2593191,1,opus,A16
LA_E_2593342,1,gsm,A18
LA_E_2593696,0,gsm,bonafide
LA_E_2593971,1,ulaw,A10
LA_E_2594013,0,alaw,bonafide
LA_E_2595574,1,none,A08
LA_E_2596015,0,pstn,bonafide
LA_E_2596105,1,ulaw,A18
LA_E_2596134,0,gsm,bonafide
LA_E_2596351,0,opus,bonafide
LA_E_2596497,1,ulaw,A13
LA_E_2596545,1,none,A10
LA_E_2596723,1,none,A17
LA_E_2596780,1,ulaw,A17
LA_E_2597352,1,g722,A15
LA_E_2597437,0,opus,bonafide
LA_E_2598224,1,ulaw,A07
LA_E_2599007,0,alaw,bonafide
LA_E_2599008,1,alaw,A18
LA_E_2599197,1,pstn,A07
LA_E_2599375,0,none,bonafide
LA_E_2599746,1,ulaw,A16
LA_E_2600893,1,gsm,A08
LA_E_2601545,1,gsm,A08
LA_E_2601783,1,pstn,A11
LA_E_2602478,1,none,A11
LA_E_2602563,1,none,A09
LA_E_2603096,0,g722,bonafide
LA_E_2603129,1,gsm,A11
LA_E_2603292,1,pstn,A18
LA_E_2603347,1,gsm,A13
LA_E_2604212,1,gsm,A17
LA_E_2604336,1,pstn,A13
LA_E_2604447,1,alaw,A07
LA_E_2604755,1,ulaw,A15
LA_E_2605555,1,none,A15
LA_E_2605601,0,none,bonafide
LA_E_2605655,1,ulaw,A13
LA_E_2605799,1,opus,A07
LA_E_2605859,1,g722,A19
LA_E_2605958,1,gsm,A14
LA_E_2605995,0,none,bonafide
LA_E_2606133,1,opus,A09
LA_E_2606558,1,ulaw,A18
LA_E_2606803,1,ulaw,A18
LA_E_2607740,1,ulaw,A07
LA_E_2607857,1,gsm,A14
LA_E_2608371,0,opus,bonafide
LA_E_2608858,0,gsm,bonafide
LA_E_2609625,1,g722,A12
LA_E_2610034,1,g722,A14
LA_E_2610253,0,gsm,bonafide
LA_E_2610676,1,pstn,A08
LA_E_2611158,1,pstn,A09
LA_E_2612238,1,ulaw,A18
LA_E_2612403,1,opus,A12
LA_E_2612662,1,opus,A19
LA_E_2612961,1,opus,A12
LA_E_2613040,1,gsm,A09
LA_E_2613045,1,gsm,A13
LA_E_2613118,1,gsm,A08
LA_E_2613219,1,ulaw,A15
LA_E_2613352,1,none,A19
LA_E_2614086,1,g722,A16
LA_E_2614656,0,alaw,bonafide
LA_E_2614722,1,gsm,A12
LA_E_2615293,1,pstn,A07
LA_E_2615317,1,gsm,A10
LA_E_2616076,1,opus,A17
LA_E_2616807,1,none,A10
LA_E_2616913,1,gsm,A11
LA_E_2617120,1,alaw,A12
LA_E_2617504,1,ulaw,A16
LA_E_2617956,0,gsm,bonafide
LA_E_2619555,1,alaw,A17
LA_E_2619930,0,gsm,bonafide
LA_E_2620586,1,g722,A08
LA_E_2621311,0,alaw,bonafide
LA_E_2621407,1,ulaw,A11
LA_E_2621841,1,none,A12
LA_E_2623281,1,pstn,A17
LA_E_2623862,1,ulaw,A09
LA_E_2624220,0,opus,bonafide
LA_E_2624384,1,ulaw,A09
LA_E_2624993,1,pstn,A19
LA_E_2625056,1,opus,A18
LA_E_2625482,1,gsm,A12
LA_E_2625816,1,ulaw,A15
LA_E_2625932,0,pstn,bonafide
LA_E_2626246,1,ulaw,A17
LA_E_2627582,1,pstn,A12
LA_E_2629324,1,g722,A18
LA_E_2629798,1,ulaw,A09
LA_E_2629824,0,pstn,bonafide
LA_E_2629888,1,none,A16
LA_E_2629923,0,gsm,bonafide
LA_E_2630189,0,gsm,bonafide
LA_E_2630266,1,pstn,A15
LA_E_2630280,1,gsm,A13
LA_E_2630338,0,none,bonafide
LA_E_2632347,1,gsm,A08
LA_E_2632897,1,alaw,A13
LA_E_2633748,1,ulaw,A17
LA_E_2633935,1,ulaw,A18
LA_E_2634322,1,pstn,A08
LA_E_2634798,1,none,A11
LA_E_2635728,1,ulaw,A19
LA_E_2636034,1,gsm,A17
LA_E_2636293,1,gsm,A19
LA_E_2637164,1,ulaw,A16
LA_E_2637488,0,ulaw,bonafide
LA_E_2639824,1,pstn,A11
LA_E_2640061,1,opus,A11
LA_E_2641080,1,none,A18
LA_E_2641952,1,alaw,A08
LA_E_2642193,1,ulaw,A15
LA_E_2642550,1,alaw,A18
LA_E_2642648,1,pstn,A19
LA_E_2642728,0,gsm,bonafide
LA_E_2642831,1,gsm,A15
LA_E_2643546,0,alaw,bonafide
LA_E_2644238,1,ulaw,A09
LA_E_2645000,1,gsm,A16
LA_E_2645605,1,pstn,A10
LA_E_2645876,1,alaw,A07
LA_E_2645895,1,alaw,A16
LA_E_2646229,0,none,bonafide
LA_E_2646416,1,gsm,A18
LA_E_2647386,1,g722,A17
LA_E_2647757,1,opus,A07
LA_E_2647884,1,gsm,A17
LA_E_2648252,0,opus,bonafide
LA_E_2648442,1,alaw,A09
LA_E_2649194,1,g722,A19
LA_E_2649434,1,gsm,A16
LA_E_2649756,1,g722,A16
LA_E_2649834,1,opus,A18
LA_E_2651018,1,opus,A14
LA_E_2651294,1,opus,A18
LA_E_2651732,1,g722,A18
LA_E_2651764,1,ulaw,A08
LA_E_2651877,1,pstn,A07
LA_E_2651942,1,gsm,A16
LA_E_2651986,0,g722,bonafide
LA_E_2652090,1,opus,A10
LA_E_2652426,0,ulaw,bonafide
LA_E_2653370,1,gsm,A07
LA_E_2654506,0,pstn,bonafide
LA_E_2655085,1,ulaw,A11
LA_E_2655188,1,ulaw,A19
LA_E_2655433,1,ulaw,A12
LA_E_2655521,1,opus,A15
LA_E_2655689,1,opus,A13
LA_E_2655830,1,alaw,A16
LA_E_2656072,1,ulaw,A11
LA_E_2656203,1,ulaw,A15
LA_E_2657444,1,gsm,A19
LA_E_2657516,1,pstn,A14
LA_E_2658711,1,opus,A11
LA_E_2658886,1,pstn,A17
LA_E_2658913,1,opus,A13
LA_E_2658982,1,none,A18
LA_E_2659412,1,opus,A16
LA_E_2659879,1,ulaw,A12
LA_E_2660754,1,g722,A15
LA_E_2660762,1,opus,A18
LA_E_2661685,1,opus,A15
LA_E_2662530,1,ulaw,A07
LA_E_2662712,1,opus,A13
LA_E_2662980,1,none,A16
LA_E_2663271,1,ulaw,A10
LA_E_2663570,1,alaw,A14
LA_E_2663867,1,opus,A10
LA_E_2664002,1,gsm,A09
LA_E_2664104,1,none,A13
LA_E_2664270,1,opus,A17
LA_E_2664389,1,pstn,A08
LA_E_2664391,1,gsm,A14
LA_E_2664883,0,pstn,bonafide
LA_E_2665112,1,opus,A19
LA_E_2665190,1,ulaw,A16
LA_E_2665206,1,gsm,A15
LA_E_2665305,1,gsm,A10
LA_E_2665421,1,gsm,A08
LA_E_2665523,1,none,A19
LA_E_2666335,1,opus,A17
LA_E_2666960,1,ulaw,A18
LA_E_2668145,1,alaw,A10
LA_E_2669327,1,opus,A12
LA_E_2669760,1,pstn,A12
LA_E_2669803,1,gsm,A15
LA_E_2670103,1,none,A15
LA_E_2670155,1,opus,A12
LA_E_2670337,1,pstn,A09
LA_E_2671534,1,ulaw,A09
LA_E_2671830,1,g722,A10
LA_E_2671897,1,ulaw,A14
LA_E_2673707,1,pstn,A16
LA_E_2673804,0,alaw,bonafide
LA_E_2674310,0,none,bonafide
LA_E_2674472,0,ulaw,bonafide
LA_E_2674569,1,opus,A19
LA_E_2674572,1,gsm,A19
LA_E_2674610,1,ulaw,A09
LA_E_2675698,1,none,A10
LA_E_2676998,1,opus,A07
LA_E_2677220,1,ulaw,A15
LA_E_2678295,0,g722,bonafide
LA_E_2678962,1,none,A09
LA_E_2679010,1,pstn,A16
LA_E_2679580,1,ulaw,A18
LA_E_2679639,1,gsm,A14
LA_E_2680296,1,opus,A10
LA_E_2680938,1,ulaw,A16
LA_E_2681563,1,ulaw,A08
LA_E_2682065,1,ulaw,A07
LA_E_2683165,0,ulaw,bonafide
LA_E_2684022,1,gsm,A15
LA_E_2684046,1,gsm,A16
LA_E_2684392,1,alaw,A16
LA_E_2684504,1,alaw,A17
LA_E_2684814,0,opus,bonafide
LA_E_2685229,0,opus,bonafide
LA_E_2685726,1,gsm,A19
LA_E_2686242,1,ulaw,A17
LA_E_2686481,0,g722,bonafide
LA_E_2687132,1,opus,A10
LA_E_2687157,1,gsm,A14
LA_E_2687190,1,opus,A13
LA_E_2687349,0,pstn,bonafide
LA_E_2688334,1,none,A12
LA_E_2688931,1,opus,A14
LA_E_2689388,1,ulaw,A13
LA_E_2689412,1,ulaw,A16
LA_E_2689739,1,gsm,A07
LA_E_2691091,1,g722,A13
LA_E_2691385,1,gsm,A16
LA_E_2691478,1,alaw,A15
LA_E_2691765,1,gsm,A14
LA_E_2691865,1,opus,A12
LA_E_2692222,1,opus,A08
LA_E_2693447,1,ulaw,A08
LA_E_2694420,1,opus,A16
LA_E_2694922,1,gsm,A10
LA_E_2695054,1,gsm,A08
LA_E_2695502,1,opus,A08
LA_E_2695785,1,ulaw,A15
LA_E_2695861,1,ulaw,A09
LA_E_2696340,1,pstn,A19
LA_E_2696786,1,g722,A07
LA_E_2697299,0,alaw,bonafide
LA_E_2697962,1,alaw,A14
LA_E_2698406,1,opus,A10
LA_E_2698756,1,ulaw,A11
LA_E_2699528,1,gsm,A12
LA_E_2699943,1,g722,A18
LA_E_2700279,1,pstn,A12
LA_E_2700737,1,opus,A13
LA_E_2701080,1,pstn,A17
LA_E_2701229,1,pstn,A14
LA_E_2702085,1,gsm,A07
LA_E_2703026,1,opus,A08
LA_E_2703127,1,opus,A16
LA_E_2703640,1,alaw,A09
LA_E_2703852,1,gsm,A16
LA_E_2704052,1,ulaw,A16
LA_E_2704131,0,alaw,bonafide
LA_E_2704620,1,ulaw,A14
LA_E_2704769,1,ulaw,A07
LA_E_2705017,1,ulaw,A11
LA_E_2705322,1,ulaw,A10
LA_E_2705561,1,g722,A09
LA_E_2705564,1,ulaw,A11
LA_E_2705988,1,gsm,A12
LA_E_2706267,1,ulaw,A13
LA_E_2706385,1,opus,A17
LA_E_2706633,1,g722,A08
LA_E_2706639,1,opus,A09
LA_E_2707069,1,ulaw,A19
LA_E_2707148,1,gsm,A15
LA_E_2707189,1,opus,A17
LA_E_2708006,0,alaw,bonafide
LA_E_2708117,1,gsm,A12
LA_E_2708531,1,ulaw,A13
LA_E_2708658,1,ulaw,A17
LA_E_2708796,1,gsm,A16
LA_E_2708863,1,ulaw,A12
LA_E_2709609,1,ulaw,A10
LA_E_2709761,1,alaw,A16
LA_E_2710397,1,gsm,A13
LA_E_2710633,1,gsm,A17
LA_E_2710996,1,g722,A16
LA_E_2711101,1,alaw,A09
LA_E_2711979,1,opus,A13
LA_E_2712235,1,pstn,A11
LA_E_2712449,1,opus,A17
LA_E_2712490,1,alaw,A11
LA_E_2712938,1,gsm,A07
LA_E_2712995,1,opus,A10
LA_E_2714306,0,ulaw,bonafide
LA_E_2714458,1,ulaw,A14
LA_E_2714789,1,ulaw,A13
LA_E_2714928,1,pstn,A08
LA_E_2715067,1,none,A07
LA_E_2716349,1,g722,A12
LA_E_2716689,1,ulaw,A19
LA_E_2716980,1,gsm,A07
LA_E_2717723,1,opus,A08
LA_E_2717862,1,alaw,A09
LA_E_2717964,1,opus,A17
LA_E_2718556,1,opus,A13
LA_E_2718873,1,none,A16
LA_E_2719628,1,alaw,A15
LA_E_2720250,1,opus,A18
LA_E_2720433,1,g722,A17
LA_E_2720466,1,none,A13
LA_E_2720999,0,none,bonafide
LA_E_2721233,1,ulaw,A12
LA_E_2721711,1,gsm,A15
LA_E_2721730,1,ulaw,A13
LA_E_2723079,0,gsm,bonafide
LA_E_2723710,1,opus,A08
LA_E_2723917,1,none,A12
LA_E_2724044,0,ulaw,bonafide
LA_E_2725664,1,gsm,A12
LA_E_2725712,1,ulaw,A12
LA_E_2725788,1,g722,A15
LA_E_2726158,1,alaw,A12
LA_E_2726529,1,ulaw,A07
LA_E_2726625,1,gsm,A18
LA_E_2727170,0,g722,bonafide
LA_E_2727874,1,ulaw,A19
LA_E_2728140,0,g722,bonafide
LA_E_2730878,1,gsm,A14
LA_E_2731044,1,gsm,A09
LA_E_2731334,1,alaw,A10
LA_E_2731434,0,opus,bonafide
LA_E_2732237,1,g722,A14
LA_E_2732362,1,g722,A07
LA_E_2732542,1,g722,A11
LA_E_2732613,1,alaw,A17
LA_E_2732665,1,ulaw,A16
LA_E_2732904,1,opus,A12
LA_E_2732906,1,alaw,A14
LA_E_2733060,1,ulaw,A12
LA_E_2733185,1,ulaw,A16
LA_E_2734313,1,g722,A14
LA_E_2734706,1,g722,A10
LA_E_2734811,1,g722,A13
LA_E_2735512,1,gsm,A10
LA_E_2735527,0,gsm,bonafide
LA_E_2735582,1,g722,A07
LA_E_2735586,1,opus,A15
LA_E_2735909,1,ulaw,A13
LA_E_2735930,1,opus,A12
LA_E_2735960,1,g722,A07
LA_E_2736040,1,gsm,A11
LA_E_2736096,1,opus,A07
LA_E_2736312,1,gsm,A08
LA_E_2736477,1,gsm,A12
LA_E_2736550,1,gsm,A19
LA_E_2736685,1,opus,A17
LA_E_2737098,1,none,A15
LA_E_2737165,1,ulaw,A12
LA_E_2737568,1,ulaw,A11
LA_E_2739598,1,alaw,A19
LA_E_2739799,1,gsm,A09
LA_E_2740072,1,opus,A16
LA_E_2740708,1,ulaw,A16
LA_E_2740881,0,pstn,bonafide
LA_E_2741210,1,gsm,A18
LA_E_2741256,1,ulaw,A08
LA_E_2741320,0,gsm,bonafide
LA_E_2741442,1,opus,A15
LA_E_2741598,1,alaw,A15
LA_E_2741646,1,g722,A12
LA_E_2741756,1,opus,A09
LA_E_2742286,0,alaw,bonafide
LA_E_2742304,0,alaw,bonafide
LA_E_2742509,0,ulaw,bonafide
LA_E_2742562,0,pstn,bonafide
LA_E_2742911,1,opus,A15
LA_E_2742960,1,pstn,A13
LA_E_2742978,1,gsm,A18
LA_E_2742991,1,none,A13
LA_E_2743015,1,alaw,A12
LA_E_2743379,1,opus,A11
LA_E_2743622,1,gsm,A18
LA_E_2744511,1,opus,A17
LA_E_2745787,1,gsm,A15
LA_E_2745935,1,g722,A13
LA_E_2746392,1,ulaw,A19
LA_E_2746436,1,alaw,A15
LA_E_2746851,1,opus,A16
LA_E_2747330,1,ulaw,A18
LA_E_2747490,1,ulaw,A13
LA_E_2747594,1,opus,A11
LA_E_2747678,1,gsm,A10
LA_E_2747800,1,gsm,A13
LA_E_2747950,1,none,A07
LA_E_2748103,1,pstn,A18
LA_E_2748901,1,ulaw,A08
LA_E_2749303,1,pstn,A11
LA_E_2749407,1,gsm,A13
LA_E_2749412,1,g722,A16
LA_E_2749496,1,alaw,A13
LA_E_2749653,1,ulaw,A11
LA_E_2749890,1,none,A13
LA_E_2750403,1,gsm,A08
LA_E_2750405,1,g722,A09
LA_E_2750436,1,gsm,A10
LA_E_2751125,1,opus,A11
LA_E_2751139,0,gsm,bonafide
LA_E_2751519,1,g722,A13
LA_E_2752009,1,ulaw,A19
LA_E_2752429,1,none,A18
LA_E_2752552,1,pstn,A19
LA_E_2752594,1,gsm,A07
LA_E_2752621,0,ulaw,bonafide
LA_E_2752761,1,ulaw,A08
LA_E_2753251,1,none,A08
LA_E_2753815,1,gsm,A07
LA_E_2754450,1,none,A14
LA_E_2754657,1,ulaw,A16
LA_E_2755115,1,none,A07
LA_E_2755123,1,pstn,A14
LA_E_2755165,0,none,bonafide
LA_E_2755197,1,opus,A07
LA_E_2755443,1,alaw,A10
LA_E_2755754,1,opus,A09
LA_E_2755934,1,alaw,A18
LA_E_2756353,1,gsm,A17
LA_E_2757038,1,pstn,A14
LA_E_2757230,1,gsm,A17
LA_E_2758168,1,gsm,A14
LA_E_2758177,1,none,A13
LA_E_2758899,0,ulaw,bonafide
LA_E_2759831,1,opus,A16
LA_E_2759857,1,g722,A09
LA_E_2760180,0,none,bonafide
LA_E_2760723,1,opus,A08
LA_E_2760975,1,gsm,A12
LA_E_2761157,1,gsm,A19
LA_E_2761601,1,none,A18
LA_E_2761872,1,ulaw,A11
LA_E_2762296,0,g722,bonafide
LA_E_2762612,1,alaw,A19
LA_E_2763665,1,alaw,A11
LA_E_2765016,1,gsm,A08
LA_E_2765193,1,gsm,A19
LA_E_2765994,1,opus,A08
LA_E_2766184,1,gsm,A14
LA_E_2767214,1,alaw,A19
LA_E_2768583,0,ulaw,bonafide
LA_E_2769782,1,gsm,A18
LA_E_2769989,1,alaw,A12
LA_E_2770359,1,g722,A09
LA_E_2770522,1,alaw,A19
LA_E_2771058,1,ulaw,A10
LA_E_2771125,1,g722,A12
LA_E_2771530,1,opus,A17
LA_E_2771813,1,opus,A14
LA_E_2771978,1,opus,A18
LA_E_2772177,0,pstn,bonafide
LA_E_2772938,1,ulaw,A12
LA_E_2773443,1,alaw,A12
LA_E_2773785,1,opus,A14
LA_E_2774045,0,ulaw,bonafide
LA_E_2774073,1,gsm,A12
LA_E_2774859,1,pstn,A18
LA_E_2775091,1,opus,A11
LA_E_2775464,1,ulaw,A10
LA_E_2775494,1,opus,A15
LA_E_2775602,1,none,A17
LA_E_2776523,1,alaw,A15
LA_E_2776574,0,alaw,bonafide
LA_E_2776594,1,opus,A19
LA_E_2776687,1,ulaw,A08
LA_E_2776784,0,gsm,bonafide
LA_E_2777153,1,gsm,A10
LA_E_2777219,1,ulaw,A09
LA_E_2777653,1,alaw,A10
LA_E_2777654,1,opus,A14
LA_E_2777821,1,pstn,A16
LA_E_2777939,0,gsm,bonafide
LA_E_2778509,1,none,A13
LA_E_2779474,1,g722,A17
LA_E_2779571,0,opus,bonafide
LA_E_2779827,1,ulaw,A10
LA_E_2780618,0,g722,bonafide
LA_E_2781866,1,opus,A19
LA_E_2782260,1,opus,A16
LA_E_2782622,1,ulaw,A17
LA_E_2782659,1,ulaw,A08
LA_E_2782878,1,pstn,A18
LA_E_2782933,1,gsm,A14
LA_E_2783558,1,ulaw,A12
LA_E_2783563,1,ulaw,A15
LA_E_2783732,1,opus,A12
LA_E_2783940,1,alaw,A18
LA_E_2783954,1,alaw,A16
LA_E_2784116,0,opus,bonafide
LA_E_2784608,1,opus,A14
LA_E_2784948,0,gsm,bonafide
LA_E_2785196,1,gsm,A08
LA_E_2785487,1,none,A17
LA_E_2786309,1,opus,A10
LA_E_2787175,1,g722,A07
LA_E_2788436,1,ulaw,A14
LA_E_2788464,1,none,A08
LA_E_2788842,1,alaw,A09
LA_E_2789031,1,pstn,A18
LA_E_2789233,1,ulaw,A19
LA_E_2789459,1,alaw,A10
LA_E_2789574,1,alaw,A12
LA_E_2789768,1,none,A07
LA_E_2790319,1,gsm,A12
LA_E_2791491,1,pstn,A19
LA_E_2791509,1,ulaw,A19
LA_E_2792051,1,g722,A14
LA_E_2792125,1,none,A13
LA_E_2792155,1,opus,A13
LA_E_2792242,1,opus,A16
LA_E_2792287,1,alaw,A19
LA_E_2792586,1,ulaw,A07
LA_E_2792601,1,none,A13
LA_E_2792631,0,pstn,bonafide
LA_E_2792877,1,g722,A13
LA_E_2793917,0,gsm,bonafide
LA_E_2794177,1,opus,A07
LA_E_2794510,1,opus,A19
LA_E_2794613,1,gsm,A08
LA_E_2794748,1,opus,A09
LA_E_2795024,1,ulaw,A14
LA_E_2795640,1,g722,A19
LA_E_2795688,1,opus,A09
LA_E_2795716,1,gsm,A08
LA_E_2796696,1,ulaw,A14
LA_E_2796730,1,none,A15
LA_E_2797121,1,none,A13
LA_E_2797326,1,opus,A11
LA_E_2797712,1,pstn,A14
LA_E_2797970,1,ulaw,A11
LA_E_2798265,1,alaw,A11
LA_E_2798324,1,alaw,A08
LA_E_2798840,1,alaw,A17
LA_E_2798883,0,g722,bonafide
LA_E_2799207,1,g722,A11
LA_E_2799910,1,none,A11
LA_E_2800282,1,none,A08
LA_E_2800437,1,none,A13
LA_E_2800716,0,pstn,bonafide
LA_E_2801049,1,gsm,A11
LA_E_2801163,1,alaw,A18
LA_E_2801678,1,alaw,A11
LA_E_2801902,1,opus,A09
LA_E_2802269,1,none,A08
LA_E_2802319,1,pstn,A13
LA_E_2802524,1,pstn,A10
LA_E_2802697,1,gsm,A10
LA_E_2803386,1,gsm,A17
LA_E_2803583,1,gsm,A09
LA_E_2803844,1,none,A14
LA_E_2803896,1,opus,A07
LA_E_2804144,1,gsm,A14
LA_E_2804442,1,g722,A08
LA_E_2804483,1,ulaw,A10
LA_E_2805590,1,gsm,A17
LA_E_2805646,1,none,A15
LA_E_2805786,0,none,bonafide
LA_E_2806400,0,alaw,bonafide
LA_E_2806967,1,gsm,A08
LA_E_2807378,1,alaw,A15
LA_E_2807916,1,alaw,A18
LA_E_2808474,0,pstn,bonafide
LA_E_2808842,1,none,A17
LA_E_2809480,1,alaw,A15
LA_E_2809847,1,none,A15
LA_E_2810013,1,alaw,A13
LA_E_2810056,1,ulaw,A10
LA_E_2810706,1,ulaw,A08
LA_E_2810843,1,opus,A18
LA_E_2810853,1,opus,A08
LA_E_2811123,0,gsm,bonafide
LA_E_2811290,1,opus,A10
LA_E_2811444,1,g722,A19
LA_E_2811821,0,opus,bonafide
LA_E_2812071,1,opus,A18
LA_E_2812987,1,ulaw,A16
LA_E_2813477,1,opus,A10
LA_E_2814046,1,gsm,A14
LA_E_2814182,1,g722,A16
LA_E_2814206,0,alaw,bonafide
LA_E_2814328,0,ulaw,bonafide
LA_E_2814420,1,opus,A19
LA_E_2814809,1,alaw,A09
LA_E_2814832,1,gsm,A10
LA_E_2814957,1,alaw,A15
LA_E_2815365,1,gsm,A17
LA_E_2815770,1,opus,A12
LA_E_2816144,1,none,A14
LA_E_2816431,1,gsm,A13
LA_E_2816473,1,gsm,A09
LA_E_2816516,1,gsm,A13
LA_E_2816587,1,gsm,A16
LA_E_2816882,1,gsm,A13
LA_E_2816906,1,none,A14
LA_E_2817510,1,alaw,A19
LA_E_2818465,0,none,bonafide
LA_E_2818854,1,pstn,A14
LA_E_2819041,0,pstn,bonafide
LA_E_2819401,1,gsm,A09
LA_E_2819740,1,none,A16
LA_E_2819914,1,ulaw,A13
LA_E_2820169,0,opus,bonafide
LA_E_2820349,1,opus,A18
LA_E_2820691,1,none,A13
LA_E_2820884,1,ulaw,A17
LA_E_2821824,1,opus,A09
LA_E_2821916,0,opus,bonafide
LA_E_2822225,1,gsm,A14
LA_E_2822414,1,pstn,A14
LA_E_2822665,1,pstn,A09
LA_E_2822867,0,alaw,bonafide
LA_E_2823128,1,opus,A07
LA_E_2823343,1,gsm,A07
LA_E_2823609,0,pstn,bonafide
LA_E_2824227,1,g722,A15
LA_E_2824292,1,alaw,A08
LA_E_2825395,1,pstn,A11
LA_E_2825772,1,ulaw,A08
LA_E_2826043,1,pstn,A16
LA_E_2826366,1,g722,A09
LA_E_2826426,1,g722,A08
LA_E_2826485,1,alaw,A19
LA_E_2826495,1,none,A17
LA_E_2827730,1,opus,A09
LA_E_2827976,1,gsm,A15
LA_E_2828535,0,gsm,bonafide
LA_E_2828736,1,opus,A14
LA_E_2829081,1,gsm,A10
LA_E_2829467,1,pstn,A15
LA_E_2829567,0,gsm,bonafide
LA_E_2829851,0,pstn,bonafide
LA_E_2830280,0,none,bonafide
LA_E_2830613,1,gsm,A18
LA_E_2831870,1,alaw,A08
LA_E_2832067,1,none,A13
LA_E_2832449,1,opus,A13
LA_E_2832514,1,gsm,A13
LA_E_2832762,0,g722,bonafide
LA_E_2834052,0,alaw,bonafide
LA_E_2834125,1,pstn,A12
LA_E_2834429,1,pstn,A10
LA_E_2834759,1,alaw,A15
LA_E_2835432,1,g722,A08
LA_E_2835457,1,g722,A07
LA_E_2835559,1,g722,A07
LA_E_2835823,1,ulaw,A10
LA_E_2835911,1,gsm,A17
LA_E_2835951,1,ulaw,A09
LA_E_2836448,1,g722,A08
LA_E_2836770,1,pstn,A07
LA_E_2836877,1,g722,A10
LA_E_2837152,1,gsm,A08
LA_E_2837421,1,ulaw,A07
LA_E_2837564,1,pstn,A13
LA_E_2837682,1,ulaw,A18
LA_E_2838526,1,pstn,A09
LA_E_2838861,0,alaw,bonafide
LA_E_2839471,1,alaw,A09
LA_E_2839591,1,alaw,A19
LA_E_2839750,1,ulaw,A10
LA_E_2839779,1,ulaw,A17
LA_E_2839948,1,none,A15
LA_E_2840131,1,g722,A07
LA_E_2841022,1,alaw,A10
LA_E_2841463,1,pstn,A15
LA_E_2841668,0,gsm,bonafide
LA_E_2841777,1,none,A11
LA_E_2842088,1,pstn,A14
LA_E_2842422,1,pstn,A13
LA_E_2842875,0,alaw,bonafide
LA_E_2843449,0,pstn,bonafide
LA_E_2843498,1,pstn,A18
LA_E_2843868,1,opus,A19
LA_E_2843993,1,opus,A15
LA_E_2844483,1,ulaw,A17
LA_E_2845372,1,g722,A09
LA_E_2846922,1,gsm,A12
LA_E_2846944,1,alaw,A14
LA_E_2847497,1,g722,A07
LA_E_2848156,1,gsm,A17
LA_E_2848387,1,opus,A13
LA_E_2849082,1,gsm,A18
LA_E_2849274,1,g722,A13
LA_E_2849279,1,opus,A09
LA_E_2849415,1,none,A12
LA_E_2849430,1,g722,A13
LA_E_2849711,1,ulaw,A14
LA_E_2849739,1,none,A07
LA_E_2849858,1,opus,A16
LA_E_2850652,1,none,A10
LA_E_2850675,1,pstn,A09
LA_E_2850748,1,ulaw,A17
LA_E_2851264,0,pstn,bonafide
LA_E_2851363,1,alaw,A10
LA_E_2851937,0,alaw,bonafide
LA_E_2852010,1,opus,A14
LA_E_2852203,1,ulaw,A15
LA_E_2852230,1,alaw,A13
LA_E_2852726,1,g722,A09
LA_E_2852843,1,opus,A10
LA_E_2853091,1,alaw,A19
LA_E_2853241,1,alaw,A10
LA_E_2853580,1,gsm,A15
LA_E_2853715,1,opus,A11
LA_E_2854486,1,alaw,A18
LA_E_2854563,1,gsm,A17
LA_E_2854729,1,pstn,A09
LA_E_2854955,1,alaw,A10
LA_E_2855492,1,none,A11
LA_E_2855951,1,alaw,A11
LA_E_2856032,1,alaw,A12
LA_E_2856154,1,ulaw,A14
LA_E_2856182,1,opus,A16
LA_E_2856235,1,alaw,A17
LA_E_2857355,1,g722,A19
LA_E_2857487,0,ulaw,bonafide
LA_E_2857682,1,opus,A09
LA_E_2858197,1,alaw,A10
LA_E_2858470,1,alaw,A09
LA_E_2858986,1,opus,A13
LA_E_2859137,1,opus,A11
LA_E_2859663,1,gsm,A09
LA_E_2860262,1,pstn,A15
LA_E_2860448,1,ulaw,A16
LA_E_2860689,1,g722,A13
LA_E_2861288,1,g722,A13
LA_E_2861289,1,none,A18
LA_E_2861808,0,pstn,bonafide
LA_E_2861854,1,ulaw,A13
LA_E_2861985,1,g722,A19
LA_E_2862110,1,g722,A11
LA_E_2862675,1,g722,A09
LA_E_2863244,1,pstn,A14
LA_E_2863624,1,gsm,A16
LA_E_2863752,1,none,A17
LA_E_2863787,1,opus,A14
LA_E_2864207,0,opus,bonafide
LA_E_2864281,1,gsm,A11
LA_E_2864436,1,g722,A15
LA_E_2864705,1,gsm,A14
LA_E_2864737,1,none,A08
LA_E_2864866,1,g722,A07
LA_E_2865292,1,g722,A09
LA_E_2865369,1,alaw,A12
LA_E_2865410,0,pstn,bonafide
LA_E_2865724,1,gsm,A09
LA_E_2865864,1,gsm,A19
LA_E_2865867,1,pstn,A08
LA_E_2866191,1,opus,A13
LA_E_2866349,1,alaw,A09
LA_E_2867108,1,g722,A09
LA_E_2867174,1,opus,A07
LA_E_2867302,1,gsm,A13
LA_E_2867317,1,g722,A11
LA_E_2867448,0,alaw,bonafide
LA_E_2867528,1,opus,A17
LA_E_2867791,1,ulaw,A11
LA_E_2867883,0,alaw,bonafide
LA_E_2868177,0,none,bonafide
LA_E_2868490,1,alaw,A09
LA_E_2869271,0,g722,bonafide
LA_E_2869325,1,ulaw,A19
LA_E_2869712,1,ulaw,A14
LA_E_2869729,1,alaw,A12
LA_E_2870616,1,alaw,A14
LA_E_2870672,1,opus,A19
LA_E_2871388,1,none,A15
LA_E_2871834,1,none,A11
LA_E_2871877,1,alaw,A09
LA_E_2872079,1,g722,A08
LA_E_2872444,1,gsm,A17
LA_E_2872693,1,pstn,A15
LA_E_2873466,1,opus,A15
LA_E_2874303,1,g722,A15
LA_E_2874638,1,none,A13
LA_E_2874806,1,none,A12
LA_E_2875697,1,pstn,A12
LA_E_2875890,1,pstn,A07
LA_E_2876315,1,pstn,A10
LA_E_2876734,0,g722,bonafide
LA_E_2877050,1,g722,A15
LA_E_2877315,1,g722,A07
LA_E_2877677,1,gsm,A13
LA_E_2877851,1,ulaw,A12
LA_E_2877928,1,ulaw,A17
LA_E_2878568,1,gsm,A14
LA_E_2878582,1,g722,A09
LA_E_2878688,0,g722,bonafide
LA_E_2878729,1,opus,A08
LA_E_2879028,1,opus,A14
LA_E_2879356,1,alaw,A08
LA_E_2879470,1,pstn,A13
LA_E_2879572,1,none,A15
LA_E_2879660,1,opus,A12
LA_E_2879890,1,g722,A11
LA_E_2880360,1,pstn,A09
LA_E_2880508,1,opus,A07
LA_E_2880766,1,alaw,A19
LA_E_2881624,1,pstn,A10
LA_E_2882740,0,ulaw,bonafide
LA_E_2882752,0,gsm,bonafide
LA_E_2883126,1,g722,A09
LA_E_2883180,0,ulaw,bonafide
LA_E_2883301,1,alaw,A13
LA_E_2883746,1,alaw,A07
LA_E_2883891,1,pstn,A18
LA_E_2884046,1,pstn,A16
LA_E_2884890,1,none,A12
LA_E_2885401,0,g722,bonafide
LA_E_2885414,1,gsm,A09
LA_E_2885628,1,alaw,A13
LA_E_2885740,1,ulaw,A09
LA_E_2886154,1,g722,A10
LA_E_2886897,1,alaw,A14
LA_E_2886928,1,alaw,A11
LA_E_2887030,1,none,A07
LA_E_2887348,1,ulaw,A09
LA_E_2887637,1,opus,A15
LA_E_2887750,1,alaw,A10
LA_E_2887820,0,none,bonafide
LA_E_2887921,1,none,A16
LA_E_2888556,1,alaw,A18
LA_E_2889002,1,alaw,A14
LA_E_2889026,1,ulaw,A18
LA_E_2889048,1,ulaw,A18
LA_E_2890048,1,ulaw,A17
LA_E_2890263,1,none,A17
LA_E_2890797,1,alaw,A11
LA_E_2891035,1,pstn,A12
LA_E_2891353,0,g722,bonafide
LA_E_2892155,1,none,A14
LA_E_2893031,1,gsm,A18
LA_E_2893076,1,ulaw,A07
LA_E_2893684,0,gsm,bonafide
LA_E_2894012,1,gsm,A09
LA_E_2894121,0,alaw,bonafide
LA_E_2894125,1,opus,A19
LA_E_2895187,1,opus,A18
LA_E_2895246,1,ulaw,A09
LA_E_2895252,1,none,A07
LA_E_2895344,1,opus,A11
LA_E_2895543,1,pstn,A18
LA_E_2895563,1,pstn,A12
LA_E_2895624,1,none,A09
LA_E_2896300,1,alaw,A12
LA_E_2896331,0,alaw,bonafide
LA_E_2896537,0,alaw,bonafide
LA_E_2896901,1,pstn,A14
LA_E_2896973,0,alaw,bonafide
LA_E_2897447,0,g722,bonafide
LA_E_2898348,1,ulaw,A18
LA_E_2898676,1,gsm,A15
LA_E_2898705,1,none,A17
LA_E_2898773,1,ulaw,A15
LA_E_2899027,0,gsm,bonafide
LA_E_2899268,1,alaw,A15
LA_E_2899638,1,gsm,A11
LA_E_2899796,1,gsm,A14
LA_E_2900057,1,ulaw,A14
LA_E_2900629,1,gsm,A19
LA_E_2900973,1,gsm,A15
LA_E_2901210,1,ulaw,A15
LA_E_2902149,1,none,A07
LA_E_2902189,1,ulaw,A07
LA_E_2902270,1,ulaw,A16
LA_E_2902390,1,g722,A18
LA_E_2902409,1,g722,A19
LA_E_2902436,1,none,A08
LA_E_2902458,1,alaw,A18
LA_E_2902474,1,pstn,A07
LA_E_2902630,1,alaw,A18
LA_E_2902697,1,alaw,A09
LA_E_2902953,1,pstn,A15
LA_E_2903207,0,g722,bonafide
LA_E_2903434,1,pstn,A07
LA_E_2903755,1,alaw,A12
LA_E_2903805,1,ulaw,A19
LA_E_2903959,1,pstn,A18
LA_E_2903960,1,opus,A10
LA_E_2903968,1,none,A15
LA_E_2904062,1,alaw,A11
LA_E_2904351,1,opus,A08
LA_E_2904523,1,alaw,A18
LA_E_2904597,1,ulaw,A13
LA_E_2904912,1,gsm,A16
LA_E_2905050,1,none,A07
LA_E_2905381,1,gsm,A08
LA_E_2905621,1,g722,A11
LA_E_2905683,1,pstn,A10
LA_E_2906001,1,pstn,A14
LA_E_2906600,1,g722,A11
LA_E_2906676,1,none,A11
LA_E_2906690,1,g722,A07
LA_E_2906973,1,alaw,A18
LA_E_2907741,1,pstn,A13
LA_E_2908339,1,none,A15
LA_E_2908692,1,gsm,A13
LA_E_2908758,1,g722,A08
LA_E_2909453,1,pstn,A08
LA_E_2909603,1,gsm,A17
LA_E_2910352,1,opus,A09
LA_E_2910725,1,opus,A08
LA_E_2910770,1,pstn,A17
LA_E_2911061,0,opus,bonafide
LA_E_2911152,1,ulaw,A15
LA_E_2911443,1,none,A17
LA_E_2912049,1,alaw,A18
LA_E_2912198,1,alaw,A08
LA_E_2912530,1,pstn,A18
LA_E_2913064,1,alaw,A13
LA_E_2913343,1,g722,A15
LA_E_2913807,0,opus,bonafide
LA_E_2914354,1,alaw,A15
LA_E_2915047,1,none,A07
LA_E_2915104,1,alaw,A19
LA_E_2915479,1,alaw,A17
LA_E_2915522,0,ulaw,bonafide
LA_E_2915606,1,ulaw,A07
LA_E_2916219,1,opus,A17
LA_E_2916248,1,g722,A08
LA_E_2916598,1,gsm,A12
LA_E_2916998,1,g722,A08
LA_E_2917284,1,opus,A18
LA_E_2917400,1,none,A12
LA_E_2917559,1,g722,A18
LA_E_2917682,1,g722,A12
LA_E_2918546,0,g722,bonafide
LA_E_2918637,0,pstn,bonafide
LA_E_2918951,1,none,A19
LA_E_2919554,1,ulaw,A11
LA_E_2919980,0,g722,bonafide
LA_E_2920161,1,alaw,A10
LA_E_2920435,1,gsm,A16
LA_E_2920661,1,none,A15
LA_E_2920771,1,opus,A08
LA_E_2920851,1,gsm,A16
LA_E_2920901,1,pstn,A10
LA_E_2920914,1,none,A17
LA_E_2921108,1,none,A09
LA_E_2921219,1,pstn,A18
LA_E_2921390,1,pstn,A14
LA_E_2921873,1,gsm,A16
LA_E_2921900,1,none,A10
LA_E_2922250,1,ulaw,A12
LA_E_2922704,1,gsm,A07
LA_E_2922799,1,alaw,A11
LA_E_2923048,1,opus,A18
LA_E_2923246,0,gsm,bonafide
LA_E_2923291,1,none,A10
LA_E_2923623,0,gsm,bonafide
LA_E_2923901,1,none,A08
LA_E_2924014,1,none,A10
LA_E_2924048,1,g722,A11
LA_E_2924382,1,none,A11
LA_E_2924589,1,gsm,A11
LA_E_2924649,1,pstn,A10
LA_E_2925423,1,gsm,A18
LA_E_2925563,1,ulaw,A16
LA_E_2925740,1,pstn,A12
LA_E_2925809,0,g722,bonafide
LA_E_2925823,1,alaw,A18
LA_E_2926200,1,g722,A19
LA_E_2926637,1,g722,A13
LA_E_2926654,1,opus,A08
LA_E_2926681,1,opus,A12
LA_E_2926945,1,none,A08
LA_E_2926982,1,g722,A15
LA_E_2926988,1,opus,A14
LA_E_2927627,1,none,A11
LA_E_2927685,1,ulaw,A13
LA_E_2928296,1,opus,A16
LA_E_2928326,1,none,A12
LA_E_2928729,1,alaw,A08
LA_E_2929426,1,alaw,A07
LA_E_2929902,1,none,A07
LA_E_2930350,1,gsm,A18
LA_E_2930539,1,g722,A11
LA_E_2930624,1,none,A17
LA_E_2931264,1,pstn,A13
LA_E_2931365,1,alaw,A19
LA_E_2931600,1,pstn,A08
LA_E_2931768,1,g722,A19
LA_E_2931798,0,none,bonafide
LA_E_2931990,1,opus,A13
LA_E_2932040,1,g722,A13
LA_E_2932438,0,ulaw,bonafide
LA_E_2932483,1,none,A15
LA_E_2932497,1,pstn,A13
LA_E_2932919,1,ulaw,A16
LA_E_2933418,1,alaw,A18
LA_E_2933519,1,pstn,A08
LA_E_2933766,1,none,A14
LA_E_2935203,1,ulaw,A16
LA_E_2935217,1,alaw,A11
LA_E_2935569,1,alaw,A15
LA_E_2935580,1,g722,A13
LA_E_2936009,1,ulaw,A16
LA_E_2936013,1,none,A14
LA_E_2936382,1,ulaw,A10
LA_E_2936747,1,pstn,A13
LA_E_2936804,1,gsm,A15
LA_E_2936946,1,g722,A08
LA_E_2937220,1,gsm,A10
LA_E_2937222,1,pstn,A18
LA_E_2937381,1,g722,A15
LA_E_2937514,1,alaw,A07
LA_E_2937699,1,opus,A11
LA_E_2937719,1,gsm,A08
LA_E_2937759,1,alaw,A08
LA_E_2938103,1,alaw,A08
LA_E_2939151,1,alaw,A10
LA_E_2939684,1,g722,A19
LA_E_2939724,1,g722,A15
LA_E_2940086,0,ulaw,bonafide
LA_E_2940213,1,gsm,A12
LA_E_2940266,1,ulaw,A09
LA_E_2940408,1,g722,A08
LA_E_2940509,0,alaw,bonafide
LA_E_2940520,1,alaw,A09
LA_E_2940826,1,opus,A18
LA_E_2940940,1,pstn,A12
LA_E_2941254,1,alaw,A12
LA_E_2941492,1,g722,A17
LA_E_2941516,1,gsm,A07
LA_E_2941626,1,gsm,A16
LA_E_2941682,1,alaw,A07
LA_E_2941758,1,none,A07
LA_E_2941928,1,g722,A10
LA_E_2942154,1,pstn,A19
LA_E_2943040,1,gsm,A07
LA_E_2943339,1,none,A11
LA_E_2943436,1,opus,A09
LA_E_2943448,1,g722,A15
LA_E_2943499,1,g722,A11
LA_E_2943506,1,none,A17
LA_E_2943768,1,none,A15
LA_E_2943855,0,none,bonafide
LA_E_2943880,0,none,bonafide
LA_E_2943919,1,opus,A10
LA_E_2943944,1,pstn,A12
LA_E_2944197,1,gsm,A14
LA_E_2944567,1,gsm,A18
LA_E_2944858,1,gsm,A14
LA_E_2944908,1,alaw,A12
LA_E_2945737,1,ulaw,A08
LA_E_2946003,1,none,A16
LA_E_2946326,1,pstn,A12
LA_E_2947432,1,gsm,A19
LA_E_2947812,1,opus,A10
LA_E_2948177,1,ulaw,A07
LA_E_2948890,1,none,A09
LA_E_2949162,1,opus,A10
LA_E_2950123,1,none,A09
LA_E_2950296,1,none,A11
LA_E_2951433,1,pstn,A12
LA_E_2951490,0,alaw,bonafide
LA_E_2951586,1,gsm,A09
LA_E_2951960,1,g722,A19
LA_E_2952131,0,opus,bonafide
LA_E_2952274,1,pstn,A10
LA_E_2952978,1,none,A16
LA_E_2953125,1,gsm,A17
LA_E_2953300,1,pstn,A10
LA_E_2953574,0,none,bonafide
LA_E_2954248,1,none,A10
LA_E_2954676,1,none,A13
LA_E_2954823,1,ulaw,A09
LA_E_2957051,1,opus,A08
LA_E_2957406,1,opus,A14
LA_E_2957524,1,gsm,A12
LA_E_2957572,1,opus,A14
LA_E_2957806,1,ulaw,A09
LA_E_2958196,1,opus,A14
LA_E_2958256,1,opus,A12
LA_E_2958556,1,none,A14
LA_E_2959027,1,alaw,A08
LA_E_2959309,1,alaw,A11
LA_E_2959898,1,ulaw,A13
LA_E_2960398,1,gsm,A18
LA_E_2960444,1,alaw,A14
LA_E_2961070,1,opus,A12
LA_E_2961218,0,gsm,bonafide
LA_E_2961237,1,opus,A11
LA_E_2961482,1,ulaw,A15
LA_E_2961900,1,opus,A09
LA_E_2961911,1,alaw,A13
LA_E_2961927,1,gsm,A19
LA_E_2962152,0,opus,bonafide
LA_E_2962412,0,alaw,bonafide
LA_E_2962584,1,ulaw,A12
LA_E_2962672,0,ulaw,bonafide
LA_E_2963423,0,alaw,bonafide
LA_E_2964029,1,alaw,A13
LA_E_2964160,1,opus,A14
LA_E_2964171,0,opus,bonafide
LA_E_2964777,1,gsm,A14
LA_E_2964813,1,pstn,A09
LA_E_2964958,1,alaw,A16
LA_E_2965069,1,gsm,A15
LA_E_2965663,0,opus,bonafide
LA_E_2966197,1,ulaw,A12
LA_E_2966457,1,alaw,A13
LA_E_2966639,0,none,bonafide
LA_E_2967015,1,ulaw,A16
LA_E_2967224,1,alaw,A17
LA_E_2967428,1,pstn,A12
LA_E_2967448,1,g722,A14
LA_E_2967892,1,pstn,A10
LA_E_2967967,1,gsm,A07
LA_E_2968497,1,none,A13
LA_E_2968610,0,ulaw,bonafide
LA_E_2968635,1,none,A19
LA_E_2969350,1,pstn,A18
LA_E_2969583,0,gsm,bonafide
LA_E_2970081,1,pstn,A12
LA_E_2970134,0,opus,bonafide
LA_E_2970200,1,pstn,A17
LA_E_2970423,0,pstn,bonafide
LA_E_2970814,1,pstn,A08
LA_E_2971036,0,none,bonafide
LA_E_2971372,1,opus,A14
LA_E_2971379,1,none,A11
LA_E_2971495,1,gsm,A12
LA_E_2971557,1,gsm,A08
LA_E_2971909,1,none,A12
LA_E_2972003,0,none,bonafide
LA_E_2972700,1,g722,A08
LA_E_2972721,1,none,A16
LA_E_2972803,1,g722,A17
LA_E_2973576,0,pstn,bonafide
LA_E_2973595,1,ulaw,A08
LA_E_2973795,1,none,A17
LA_E_2974104,0,ulaw,bonafide
LA_E_2974400,1,pstn,A17
LA_E_2974712,1,pstn,A09
LA_E_2974861,1,g722,A18
LA_E_2976167,1,g722,A11
LA_E_2976372,1,gsm,A13
LA_E_2976414,1,gsm,A09
LA_E_2976787,1,pstn,A09
LA_E_2976853,1,g722,A12
LA_E_2976980,1,g722,A13
LA_E_2977303,1,ulaw,A07
LA_E_2978047,1,g722,A09
LA_E_2978125,1,none,A10
LA_E_2978437,1,none,A10
LA_E_2978925,1,none,A11
LA_E_2978933,0,ulaw,bonafide
LA_E_2979384,1,none,A08
LA_E_2979756,1,ulaw,A07
LA_E_2979852,1,alaw,A17
LA_E_2980020,1,g722,A15
LA_E_2980072,1,pstn,A10
LA_E_2980352,1,opus,A12
LA_E_2980525,1,gsm,A18
LA_E_2981078,1,pstn,A17
LA_E_2981340,1,opus,A15
LA_E_2981372,1,alaw,A19
LA_E_2981579,1,pstn,A15
LA_E_2981625,0,gsm,bonafide
LA_E_2981820,1,alaw,A13
LA_E_2982120,1,g722,A19
LA_E_2982153,0,ulaw,bonafide
LA_E_2982205,0,none,bonafide
LA_E_2982265,1,g722,A18
LA_E_2982316,1,pstn,A13
LA_E_2982476,1,none,A19
LA_E_2982605,1,alaw,A16
LA_E_2982862,1,g722,A16
LA_E_2982977,1,ulaw,A17
LA_E_2983047,1,opus,A10
LA_E_2983526,1,none,A15
LA_E_2983748,1,alaw,A17
LA_E_2984239,1,g722,A17
LA_E_2984307,1,none,A09
LA_E_2985687,0,g722,bonafide
LA_E_2986469,1,g722,A17
LA_E_2986562,1,ulaw,A15
LA_E_2986596,1,opus,A16
LA_E_2986646,1,opus,A10
LA_E_2987729,1,pstn,A19
LA_E_2988208,1,gsm,A15
LA_E_2988651,1,opus,A11
LA_E_2988813,1,alaw,A16
LA_E_2989001,1,gsm,A15
LA_E_2989115,1,g722,A07
LA_E_2989485,1,gsm,A19
LA_E_2989510,1,none,A08
LA_E_2989654,1,gsm,A09
LA_E_2989891,1,ulaw,A09
LA_E_2990092,1,pstn,A15
LA_E_2990160,1,opus,A13
LA_E_2990315,1,gsm,A10
LA_E_2991134,1,none,A10
LA_E_2991485,1,none,A12
LA_E_2991655,1,opus,A17
LA_E_2991719,1,none,A11
LA_E_2992003,1,alaw,A13
LA_E_2992014,1,gsm,A08
LA_E_2992079,1,gsm,A12
LA_E_2992247,1,ulaw,A14
LA_E_2992326,1,alaw,A16
LA_E_2993025,1,ulaw,A10
LA_E_2993350,1,opus,A11
LA_E_2993526,1,ulaw,A15
LA_E_2993634,1,pstn,A09
LA_E_2993673,0,ulaw,bonafide
LA_E_2993683,1,none,A19
LA_E_2993859,1,alaw,A15
LA_E_2993887,1,alaw,A14
LA_E_2995226,1,none,A14
LA_E_2995797,0,alaw,bonafide
LA_E_2995839,1,g722,A19
LA_E_2995876,1,pstn,A09
LA_E_2995986,1,gsm,A08
LA_E_2996009,1,pstn,A12
LA_E_2996192,1,none,A10
LA_E_2996321,1,alaw,A07
LA_E_2998012,1,g722,A12
LA_E_2998094,1,alaw,A08
LA_E_2998413,1,pstn,A08
LA_E_3000060,1,opus,A09
LA_E_3000175,1,ulaw,A17
LA_E_3000762,0,ulaw,bonafide
LA_E_3001097,1,pstn,A08
LA_E_3001997,1,g722,A14
LA_E_3002110,1,opus,A11
LA_E_3002401,1,ulaw,A19
LA_E_3002532,1,ulaw,A11
LA_E_3002637,1,ulaw,A12
LA_E_3002888,1,gsm,A12
LA_E_3002921,1,pstn,A08
LA_E_3003288,1,ulaw,A12
LA_E_3003764,0,pstn,bonafide
LA_E_3003885,1,opus,A19
LA_E_3004207,1,alaw,A11
LA_E_3004309,1,pstn,A15
LA_E_3005176,1,alaw,A18
LA_E_3005216,1,ulaw,A18
LA_E_3005403,0,ulaw,bonafide
LA_E_3005498,0,g722,bonafide
LA_E_3005842,0,gsm,bonafide
LA_E_3005936,1,pstn,A08
LA_E_3006337,1,opus,A09
LA_E_3006450,1,opus,A07
LA_E_3006943,1,g722,A14
LA_E_3007121,0,opus,bonafide
LA_E_3007863,0,none,bonafide
LA_E_3007903,1,gsm,A14
LA_E_3007925,1,none,A16
LA_E_3008425,1,pstn,A15
LA_E_3008976,1,none,A10
LA_E_3009062,1,opus,A17
LA_E_3009119,1,pstn,A13
LA_E_3009301,1,gsm,A15
LA_E_3009464,1,gsm,A09
LA_E_3010482,1,gsm,A12
LA_E_3010547,1,none,A12
LA_E_3010773,1,none,A12
LA_E_3010857,1,g722,A18
LA_E_3010863,1,alaw,A12
LA_E_3010977,1,g722,A19
LA_E_3011384,1,pstn,A15
LA_E_3011869,1,pstn,A13
LA_E_3012787,1,ulaw,A11
LA_E_3012941,0,ulaw,bonafide
LA_E_3012999,1,none,A10
LA_E_3013508,1,none,A08
LA_E_3013755,1,pstn,A15
LA_E_3014297,0,g722,bonafide
LA_E_3014785,1,alaw,A08
LA_E_3014800,1,ulaw,A16
LA_E_3015061,1,ulaw,A07
LA_E_3015179,1,g722,A08
LA_E_3015275,1,pstn,A19
LA_E_3015343,0,gsm,bonafide
LA_E_3015647,1,ulaw,A08
LA_E_3015788,0,ulaw,bonafide
LA_E_3016290,1,g722,A12
LA_E_3016370,1,alaw,A07
LA_E_3017164,0,pstn,bonafide
LA_E_3017231,1,gsm,A12
LA_E_3017425,1,opus,A15
LA_E_3017610,1,gsm,A07
LA_E_3018179,1,alaw,A14
LA_E_3018544,1,none,A07
LA_E_3018627,1,opus,A17
LA_E_3018737,0,ulaw,bonafide
LA_E_3018977,0,alaw,bonafide
LA_E_3018983,1,none,A15
LA_E_3019384,1,g722,A14
LA_E_3019463,1,alaw,A07
LA_E_3020353,1,gsm,A19
LA_E_3020429,1,opus,A13
LA_E_3020470,0,gsm,bonafide
LA_E_3020851,1,opus,A11
LA_E_3021419,1,pstn,A19
LA_E_3021562,1,ulaw,A18
LA_E_3022095,1,ulaw,A11
LA_E_3022416,1,gsm,A11
LA_E_3022540,1,alaw,A13
LA_E_3022639,0,gsm,bonafide
LA_E_3022865,1,pstn,A14
LA_E_3023007,0,gsm,bonafide
LA_E_3023167,1,gsm,A16
LA_E_3023238,1,gsm,A14
LA_E_3023476,1,opus,A08
LA_E_3023991,0,alaw,bonafide
LA_E_3024592,1,g722,A11
LA_E_3024684,1,opus,A18
LA_E_3024773,1,ulaw,A13
LA_E_3025115,1,pstn,A08
LA_E_3025244,1,alaw,A12
LA_E_3025575,1,none,A14
LA_E_3026289,1,alaw,A15
LA_E_3027472,1,pstn,A10
LA_E_3027976,1,opus,A09
LA_E_3028299,1,g722,A16
LA_E_3028457,1,g722,A13
LA_E_3028517,1,alaw,A18
LA_E_3028707,1,alaw,A19
LA_E_3029022,1,opus,A17
LA_E_3029504,1,gsm,A17
LA_E_3029534,1,ulaw,A18
LA_E_3029578,1,pstn,A08
LA_E_3029659,0,g722,bonafide
LA_E_3030387,1,pstn,A07
LA_E_3030511,1,none,A12
LA_E_3030655,1,g722,A18
LA_E_3030824,1,none,A10
LA_E_3031027,1,ulaw,A09
LA_E_3031136,1,none,A09
LA_E_3031207,1,ulaw,A08
LA_E_3031331,1,gsm,A13
LA_E_3031741,1,opus,A10
LA_E_3031822,1,alaw,A14
LA_E_3032385,1,gsm,A08
LA_E_3032494,1,alaw,A17
LA_E_3032877,1,ulaw,A14
LA_E_3032949,1,none,A18
LA_E_3032961,1,g722,A09
LA_E_3032989,1,pstn,A09
LA_E_3033403,1,g722,A17
LA_E_3033592,0,none,bonafide
LA_E_3033842,1,g722,A07
LA_E_3034956,1,g722,A15
LA_E_3035544,1,none,A09
LA_E_3035712,1,gsm,A17
LA_E_3035889,1,pstn,A17
LA_E_3036218,1,pstn,A14
LA_E_3036987,1,ulaw,A07
LA_E_3037169,1,opus,A08
LA_E_3037199,1,alaw,A10
LA_E_3037681,1,alaw,A08
LA_E_3037738,1,gsm,A10
LA_E_3038123,1,ulaw,A10
LA_E_3038202,1,gsm,A09
LA_E_3038286,0,g722,bonafide
LA_E_3038365,1,ulaw,A19
LA_E_3038611,1,alaw,A14
LA_E_3038937,1,g722,A15
LA_E_3040398,1,g722,A18
LA_E_3040540,1,alaw,A07
LA_E_3040683,1,gsm,A09
LA_E_3040754,1,alaw,A07
LA_E_3041117,1,ulaw,A15
LA_E_3041218,1,pstn,A18
LA_E_3041225,1,ulaw,A07
LA_E_3041567,0,alaw,bonafide
LA_E_3041735,1,none,A09
LA_E_3041916,1,alaw,A13
LA_E_3042175,1,opus,A10
LA_E_3042543,0,ulaw,bonafide
LA_E_3042656,1,g722,A16
LA_E_3042683,1,g722,A18
LA_E_3042956,1,alaw,A18
LA_E_3043347,1,opus,A14
LA_E_3043446,0,none,bonafide
LA_E_3043465,1,pstn,A15
LA_E_3044199,1,pstn,A09
LA_E_3044752,1,none,A19
LA_E_3045031,1,ulaw,A17
LA_E_3045975,1,ulaw,A18
LA_E_3046222,1,gsm,A09
LA_E_3046238,1,gsm,A16
LA_E_3046243,1,opus,A16
LA_E_3046309,1,none,A16
LA_E_3046336,1,ulaw,A19
LA_E_3046456,1,g722,A16
LA_E_3047092,0,pstn,bonafide
LA_E_3047138,1,pstn,A19
LA_E_3047181,1,none,A14
LA_E_3047629,1,ulaw,A10
LA_E_3047644,1,opus,A07
LA_E_3047689,1,none,A07
LA_E_3047749,1,opus,A12
LA_E_3047896,1,gsm,A14
LA_E_3048046,1,opus,A16
LA_E_3048220,1,ulaw,A09
LA_E_3048747,1,none,A13
LA_E_3049222,1,ulaw,A10
LA_E_3049459,1,gsm,A11
LA_E_3049497,1,gsm,A18
LA_E_3049680,1,gsm,A15
LA_E_3049972,1,ulaw,A08
LA_E_3050047,1,none,A09
LA_E_3050122,1,none,A17
LA_E_3050556,1,alaw,A09
LA_E_3050685,0,gsm,bonafide
LA_E_3050724,1,alaw,A19
LA_E_3050775,1,alaw,A16
LA_E_3051110,1,gsm,A11
LA_E_3051515,1,alaw,A07
LA_E_3051821,1,g722,A18
LA_E_3051836,1,opus,A13
LA_E_3052579,1,pstn,A08
LA_E_3052673,1,ulaw,A14
LA_E_3053614,0,gsm,bonafide
LA_E_3054123,1,gsm,A10
LA_E_3054184,1,alaw,A10
LA_E_3054433,1,ulaw,A13
LA_E_3054552,1,alaw,A14
LA_E_3054592,1,gsm,A10
LA_E_3055291,0,opus,bonafide
LA_E_3055433,1,opus,A19
LA_E_3055551,1,opus,A18
LA_E_3056679,1,pstn,A14
LA_E_3057030,1,pstn,A17
LA_E_3057455,1,opus,A18
LA_E_3057497,1,opus,A18
LA_E_3057857,1,none,A19
LA_E_3058193,1,ulaw,A16
LA_E_3058233,1,ulaw,A14
LA_E_3058285,1,gsm,A15
LA_E_3058333,1,gsm,A07
LA_E_3058973,1,pstn,A07
LA_E_3059263,1,ulaw,A07
LA_E_3059394,1,gsm,A15
LA_E_3059630,0,g722,bonafide
LA_E_3060342,1,g722,A09
LA_E_3060479,1,none,A08
LA_E_3061813,1,ulaw,A07
LA_E_3062028,1,gsm,A08
LA_E_3062408,1,opus,A13
LA_E_3062454,1,opus,A19
LA_E_3062615,1,alaw,A14
LA_E_3063051,1,none,A15
LA_E_3063351,1,none,A09
LA_E_3063715,1,opus,A15
LA_E_3063750,1,none,A16
LA_E_3063828,1,ulaw,A13
LA_E_3064550,1,opus,A15
LA_E_3064684,0,gsm,bonafide
LA_E_3064734,1,gsm,A07
LA_E_3064914,1,ulaw,A12
LA_E_3065350,1,none,A19
LA_E_3065775,1,ulaw,A19
LA_E_3066167,0,gsm,bonafide
LA_E_3066464,1,none,A18
LA_E_3066504,1,g722,A12
LA_E_3066571,1,ulaw,A09
LA_E_3066582,1,ulaw,A17
LA_E_3066914,0,opus,bonafide
LA_E_3067315,1,alaw,A11
LA_E_3067556,1,pstn,A17
LA_E_3067625,1,gsm,A12
LA_E_3067628,1,none,A19
LA_E_3067646,1,gsm,A10
LA_E_3068739,1,gsm,A09
LA_E_3068809,1,none,A12
LA_E_3068814,1,g722,A18
LA_E_3068840,1,ulaw,A07
LA_E_3069345,1,gsm,A15
LA_E_3069410,1,alaw,A09
LA_E_3069622,1,pstn,A07
LA_E_3069712,1,opus,A18
LA_E_3069907,1,ulaw,A09
LA_E_3069980,0,ulaw,bonafide
LA_E_3070259,1,opus,A16
LA_E_3070438,1,gsm,A08
LA_E_3070641,1,none,A09
LA_E_3070798,1,gsm,A18
LA_E_3071824,1,ulaw,A16
LA_E_3071973,1,gsm,A18
LA_E_3072527,1,gsm,A10
LA_E_3072788,1,gsm,A19
LA_E_3072864,1,gsm,A13
LA_E_3073024,1,pstn,A11
LA_E_3073348,1,opus,A10
LA_E_3074355,0,gsm,bonafide
LA_E_3075514,1,opus,A14
LA_E_3075535,1,gsm,A17
LA_E_3075777,1,alaw,A09
LA_E_3075854,1,opus,A14
LA_E_3076393,1,opus,A15
LA_E_3076706,1,none,A14
LA_E_3076735,1,g722,A19
LA_E_3077117,1,alaw,A15
LA_E_3077174,1,gsm,A18
LA_E_3077553,1,ulaw,A15
LA_E_3077664,0,opus,bonafide
LA_E_3077704,1,gsm,A18
LA_E_3077765,1,opus,A11
LA_E_3077781,1,alaw,A14
LA_E_3078614,1,gsm,A13
LA_E_3079357,1,pstn,A17
LA_E_3079362,1,opus,A09
LA_E_3080235,1,opus,A14
LA_E_3080254,1,g722,A09
LA_E_3080430,1,ulaw,A16
LA_E_3080461,1,g722,A11
LA_E_3080653,1,ulaw,A17
LA_E_3081035,0,alaw,bonafide
LA_E_3081437,1,gsm,A12
LA_E_3081501,1,opus,A12
LA_E_3082025,0,alaw,bonafide
LA_E_3082359,1,alaw,A18
LA_E_3083112,1,g722,A14
LA_E_3083285,1,opus,A19
LA_E_3083390,1,ulaw,A07
LA_E_3083669,1,pstn,A19
LA_E_3083872,1,g722,A13
LA_E_3083909,0,pstn,bonafide
LA_E_3084488,1,none,A16
LA_E_3084500,1,alaw,A07
LA_E_3084781,1,alaw,A17
LA_E_3084898,1,none,A11
LA_E_3085249,1,opus,A10
LA_E_3085412,1,ulaw,A15
LA_E_3085465,1,gsm,A18
LA_E_3085477,1,none,A07
LA_E_3085725,1,gsm,A11
LA_E_3085858,1,opus,A09
LA_E_3085914,1,opus,A14
LA_E_3086538,1,none,A13
LA_E_3086539,1,ulaw,A16
LA_E_3086747,0,gsm,bonafide
LA_E_3086780,1,ulaw,A10
LA_E_3087041,1,g722,A19
LA_E_3087153,1,alaw,A16
LA_E_3087627,1,g722,A18
LA_E_3087630,1,g722,A17
LA_E_3088051,1,none,A16
LA_E_3088333,1,opus,A08
LA_E_3088388,1,none,A19
LA_E_3088547,0,opus,bonafide
LA_E_3088568,1,opus,A09
LA_E_3089383,1,pstn,A17
LA_E_3090404,1,none,A07
LA_E_3090479,0,opus,bonafide
LA_E_3090706,1,opus,A11
LA_E_3090798,1,none,A18
LA_E_3090870,1,pstn,A18
LA_E_3090876,1,alaw,A16
LA_E_3091350,1,opus,A19
LA_E_3091494,1,pstn,A17
LA_E_3091527,1,g722,A17
LA_E_3092107,1,ulaw,A15
LA_E_3092249,1,ulaw,A12
LA_E_3092308,1,gsm,A14
LA_E_3092349,1,gsm,A16
LA_E_3092500,1,g722,A07
LA_E_3092522,1,pstn,A19
LA_E_3093558,1,alaw,A17
LA_E_3093705,1,none,A19
LA_E_3093834,1,pstn,A10
LA_E_3093850,1,pstn,A10
LA_E_3093967,1,none,A12
LA_E_3094169,1,ulaw,A17
LA_E_3094215,1,none,A09
LA_E_3094812,1,alaw,A16
LA_E_3094821,1,pstn,A19
LA_E_3095091,1,none,A15
LA_E_3095148,1,gsm,A07
LA_E_3095950,1,gsm,A15
LA_E_3096252,0,none,bonafide
LA_E_3096341,1,none,A18
LA_E_3096669,1,pstn,A17
LA_E_3096806,1,gsm,A14
LA_E_3097800,1,gsm,A17
LA_E_3097835,1,ulaw,A16
LA_E_3098811,1,g722,A17
LA_E_3098885,1,pstn,A08
LA_E_3098996,1,ulaw,A12
LA_E_3099146,1,pstn,A07
LA_E_3099477,1,ulaw,A15
LA_E_3099619,1,ulaw,A17
LA_E_3099928,1,none,A19
LA_E_3100492,1,ulaw,A13
LA_E_3100548,0,g722,bonafide
LA_E_3100664,1,opus,A14
LA_E_3101170,1,alaw,A09
LA_E_3101222,1,ulaw,A18
LA_E_3101445,0,gsm,bonafide
LA_E_3101452,1,ulaw,A09
LA_E_3101635,1,opus,A10
LA_E_3101872,1,none,A11
LA_E_3101903,1,g722,A16
LA_E_3102004,1,opus,A16
LA_E_3102115,1,opus,A18
LA_E_3102116,1,pstn,A12
LA_E_3102420,1,alaw,A08
LA_E_3102696,1,gsm,A18
LA_E_3103598,1,alaw,A17
LA_E_3104228,1,ulaw,A11
LA_E_3104329,1,alaw,A10
LA_E_3104385,1,pstn,A07
LA_E_3105354,1,none,A17
LA_E_3105694,1,alaw,A11
LA_E_3105750,1,ulaw,A14
LA_E_3105959,0,none,bonafide
LA_E_3106946,1,opus,A19
LA_E_3107044,1,g722,A07
LA_E_3107499,1,ulaw,A17
LA_E_3107514,1,gsm,A08
LA_E_3107653,1,gsm,A14
LA_E_3107845,1,opus,A10
LA_E_3107847,1,g722,A17
LA_E_3108244,1,opus,A08
LA_E_3108477,0,alaw,bonafide
LA_E_3108876,1,gsm,A13
LA_E_3109031,1,opus,A14
LA_E_3109387,1,alaw,A15
LA_E_3110817,1,gsm,A11
LA_E_3111014,1,alaw,A12
LA_E_3111052,1,ulaw,A15
LA_E_3111550,1,alaw,A16
LA_E_3111666,1,none,A19
LA_E_3111827,1,opus,A12
LA_E_3112358,1,g722,A16
LA_E_3112770,0,none,bonafide
LA_E_3112951,1,g722,A10
LA_E_3113211,1,alaw,A17
LA_E_3114867,1,none,A16
LA_E_3114936,1,gsm,A15
LA_E_3115264,1,opus,A15
LA_E_3115362,1,ulaw,A09
LA_E_3116452,1,none,A17
LA_E_3116507,1,g722,A17
LA_E_3116527,0,none,bonafide
LA_E_3116735,1,opus,A07
LA_E_3117270,1,opus,A10
LA_E_3117430,1,pstn,A19
LA_E_3117434,1,none,A11
LA_E_3117812,1,pstn,A07
LA_E_3117826,1,ulaw,A11
LA_E_3117947,1,ulaw,A11
LA_E_3117976,1,gsm,A14
LA_E_3118025,1,alaw,A19
LA_E_3118087,1,gsm,A19
LA_E_3118103,1,opus,A07
LA_E_3118992,0,ulaw,bonafide
LA_E_3119125,1,gsm,A11
LA_E_3119625,1,g722,A19
LA_E_3120776,1,ulaw,A19
LA_E_3121169,1,pstn,A13
LA_E_3121223,1,g722,A16
LA_E_3121474,1,gsm,A11
LA_E_3121484,1,alaw,A07
LA_E_3121963,1,none,A08
LA_E_3122786,1,alaw,A12
LA_E_3122965,1,none,A16
LA_E_3123123,1,opus,A09
LA_E_3123517,0,alaw,bonafide
LA_E_3123532,1,ulaw,A16
LA_E_3123560,1,g722,A16
LA_E_3124513,1,ulaw,A07
LA_E_3124804,1,pstn,A11
LA_E_3124976,0,opus,bonafide
LA_E_3125134,1,gsm,A11
LA_E_3125222,1,ulaw,A18
LA_E_3125293,1,opus,A18
LA_E_3125861,0,ulaw,bonafide
LA_E_3126117,1,none,A13
LA_E_3126363,1,opus,A13
LA_E_3126673,0,gsm,bonafide
LA_E_3126707,1,g722,A16
LA_E_3127109,1,pstn,A07
LA_E_3127719,1,pstn,A08
LA_E_3127789,1,opus,A11
LA_E_3127818,1,ulaw,A18
LA_E_3128106,1,opus,A19
LA_E_3128315,1,g722,A18
LA_E_3128680,1,pstn,A14
LA_E_3128853,1,gsm,A16
LA_E_3129121,1,pstn,A10
LA_E_3129192,0,pstn,bonafide
LA_E_3129567,1,g722,A16
LA_E_3129954,1,g722,A12
LA_E_3130187,1,g722,A12
LA_E_3130264,1,g722,A16
LA_E_3130727,1,ulaw,A07
LA_E_3130743,1,opus,A10
LA_E_3131096,1,ulaw,A12
LA_E_3131332,1,ulaw,A07
LA_E_3131362,1,ulaw,A07
LA_E_3131434,0,g722,bonafide
LA_E_3132640,0,ulaw,bonafide
LA_E_3133027,1,gsm,A18
LA_E_3133091,1,gsm,A08
LA_E_3133244,1,ulaw,A18
LA_E_3133785,1,pstn,A09
LA_E_3133949,1,opus,A14
LA_E_3134036,1,g722,A11
LA_E_3134295,1,gsm,A14
LA_E_3134307,1,opus,A17
LA_E_3134410,1,pstn,A12
LA_E_3134697,1,g722,A16
LA_E_3134806,1,pstn,A19
LA_E_3135089,1,gsm,A17
LA_E_3135223,1,alaw,A10
LA_E_3135594,1,g722,A13
LA_E_3135876,1,opus,A07
LA_E_3135996,1,ulaw,A07
LA_E_3136153,0,ulaw,bonafide
LA_E_3136545,1,gsm,A19
LA_E_3136601,1,opus,A14
LA_E_3137109,1,g722,A12
LA_E_3137316,1,none,A08
LA_E_3137430,1,alaw,A16
LA_E_3137431,0,gsm,bonafide
LA_E_3137492,1,ulaw,A13
LA_E_3137531,1,ulaw,A15
LA_E_3137735,1,pstn,A13
LA_E_3137991,0,opus,bonafide
LA_E_3138148,1,g722,A12
LA_E_3138661,1,opus,A10
LA_E_3139052,1,opus,A13
LA_E_3139167,1,gsm,A18
LA_E_3139199,1,opus,A16
LA_E_3139279,1,ulaw,A18
LA_E_3140086,1,ulaw,A17
LA_E_3140141,1,gsm,A09
LA_E_3140463,1,opus,A16
LA_E_3140501,1,opus,A17
LA_E_3140755,1,alaw,A18
LA_E_3140955,1,alaw,A16
LA_E_3141131,1,gsm,A11
LA_E_3141189,1,alaw,A14
LA_E_3141216,1,opus,A17
LA_E_3141248,1,opus,A08
LA_E_3141920,1,gsm,A15
LA_E_3142146,0,none,bonafide
LA_E_3142589,1,ulaw,A16
LA_E_3142728,1,none,A17
LA_E_3142909,1,none,A10
LA_E_3143156,1,g722,A19
LA_E_3143299,1,ulaw,A11
LA_E_3143341,1,pstn,A19
LA_E_3143466,1,g722,A10
LA_E_3143703,1,alaw,A11
LA_E_3144000,1,pstn,A08
LA_E_3144895,0,pstn,bonafide
LA_E_3144901,1,g722,A17
LA_E_3145051,1,ulaw,A19
LA_E_3145440,1,alaw,A17
LA_E_3146891,1,ulaw,A19
LA_E_3147279,1,gsm,A07
LA_E_3147371,1,g722,A12
LA_E_3147539,1,gsm,A15
LA_E_3147637,1,gsm,A17
LA_E_3148094,1,opus,A13
LA_E_3148218,1,gsm,A12
LA_E_3148416,1,alaw,A09
LA_E_3149567,1,g722,A07
LA_E_3149580,1,gsm,A11
LA_E_3150068,1,opus,A08
LA_E_3150725,1,gsm,A10
LA_E_3151604,1,alaw,A11
LA_E_3152324,1,ulaw,A16
LA_E_3152661,1,gsm,A15
LA_E_3152976,1,g722,A14
LA_E_3153450,1,none,A14
LA_E_3153548,1,gsm,A08
LA_E_3153998,1,pstn,A19
LA_E_3154521,0,pstn,bonafide
LA_E_3154700,0,g722,bonafide
LA_E_3154713,0,gsm,bonafide
LA_E_3154956,1,gsm,A17
LA_E_3155969,1,pstn,A07
LA_E_3156128,1,g722,A09
LA_E_3156515,1,gsm,A19
LA_E_3156632,1,opus,A15
LA_E_3157330,0,gsm,bonafide
LA_E_3157445,1,none,A11
LA_E_3157493,1,g722,A14
LA_E_3157995,1,none,A07
LA_E_3158277,1,pstn,A17
LA_E_3158556,1,none,A13
LA_E_3158638,1,g722,A16
LA_E_3159364,1,alaw,A12
LA_E_3159421,1,alaw,A08
LA_E_3159682,1,ulaw,A07
LA_E_3160259,1,pstn,A16
LA_E_3160521,1,gsm,A15
LA_E_3160528,1,g722,A15
LA_E_3160716,1,pstn,A15
LA_E_3160933,1,g722,A17
LA_E_3160941,1,opus,A18
LA_E_3161678,1,ulaw,A18
LA_E_3161942,1,gsm,A08
LA_E_3162056,1,ulaw,A10
LA_E_3162314,1,ulaw,A08
LA_E_3162501,1,gsm,A09
LA_E_3162557,0,opus,bonafide
LA_E_3162934,1,g722,A12
LA_E_3163170,1,gsm,A16
LA_E_3163296,1,alaw,A13
LA_E_3163506,1,g722,A14
LA_E_3163725,1,ulaw,A09
LA_E_3163799,1,alaw,A17
LA_E_3163802,1,opus,A13
LA_E_3163855,1,opus,A08
LA_E_3163966,1,gsm,A15
LA_E_3164181,1,none,A19
LA_E_3164312,1,gsm,A08
LA_E_3164652,1,gsm,A07
LA_E_3164789,1,opus,A15
LA_E_3164911,1,none,A12
LA_E_3165108,1,opus,A18
LA_E_3167568,1,alaw,A19
LA_E_3167737,1,alaw,A16
LA_E_3167900,1,opus,A16
LA_E_3168112,1,none,A09
LA_E_3168570,1,alaw,A14
LA_E_3168609,0,opus,bonafide
LA_E_3169243,0,g722,bonafide
LA_E_3169438,1,pstn,A11
LA_E_3169668,1,alaw,A11
LA_E_3169981,1,pstn,A10
LA_E_3170192,1,none,A07
LA_E_3170703,0,opus,bonafide
LA_E_3170897,1,ulaw,A14
LA_E_3171060,1,none,A18
LA_E_3171088,1,opus,A13
LA_E_3171107,1,gsm,A18
LA_E_3171217,1,opus,A11
LA_E_3171514,0,none,bonafide
LA_E_3171570,0,opus,bonafide
LA_E_3171666,1,none,A08
LA_E_3171681,1,gsm,A13
LA_E_3171810,1,ulaw,A12
LA_E_3171991,1,pstn,A11
LA_E_3172012,1,ulaw,A17
LA_E_3172020,1,gsm,A07
LA_E_3172464,1,opus,A08
LA_E_3172577,1,gsm,A16
LA_E_3172757,1,opus,A09
LA_E_3173224,1,g722,A14
LA_E_3173630,1,alaw,A08
LA_E_3175272,0,alaw,bonafide
LA_E_3177107,1,g722,A19
LA_E_3177290,1,g722,A07
LA_E_3177805,1,gsm,A17
LA_E_3177843,1,alaw,A11
LA_E_3177985,1,g722,A10
LA_E_3178143,1,ulaw,A13
LA_E_3178185,1,alaw,A10
LA_E_3178249,1,opus,A14
LA_E_3178413,1,ulaw,A16
LA_E_3179084,1,gsm,A16
LA_E_3179840,1,gsm,A10
LA_E_3180111,1,g722,A10
LA_E_3180241,1,ulaw,A10
LA_E_3180271,1,ulaw,A19
LA_E_3180486,1,pstn,A09
LA_E_3180603,1,opus,A18
LA_E_3180746,1,pstn,A17
LA_E_3180873,1,none,A12
LA_E_3181185,1,none,A13
LA_E_3181795,0,ulaw,bonafide
LA_E_3181924,1,ulaw,A11
LA_E_3182152,1,g722,A13
LA_E_3182213,1,opus,A18
LA_E_3182262,1,alaw,A19
LA_E_3182547,1,pstn,A19
LA_E_3182808,1,none,A16
LA_E_3183383,1,gsm,A18
LA_E_3183780,1,gsm,A14
LA_E_3184089,1,opus,A08
LA_E_3184631,1,pstn,A15
LA_E_3184853,1,gsm,A07
LA_E_3184876,1,opus,A14
LA_E_3185015,1,g722,A12
LA_E_3185456,1,ulaw,A07
LA_E_3185611,1,opus,A11
LA_E_3186139,0,pstn,bonafide
LA_E_3186703,0,ulaw,bonafide
LA_E_3186740,1,ulaw,A13
LA_E_3186861,1,gsm,A08
LA_E_3187726,1,opus,A11
LA_E_3187793,1,ulaw,A08
LA_E_3187932,1,pstn,A08
LA_E_3188945,1,g722,A08
LA_E_3188950,1,opus,A17
LA_E_3189040,1,gsm,A18
LA_E_3189222,1,opus,A18
LA_E_3189256,1,none,A07
LA_E_3189478,1,pstn,A10
LA_E_3190304,1,alaw,A14
LA_E_3190778,1,ulaw,A07
LA_E_3190905,1,opus,A07
LA_E_3190921,1,ulaw,A17
LA_E_3191183,1,gsm,A15
LA_E_3191258,1,none,A10
LA_E_3191841,1,gsm,A14
LA_E_3191924,0,none,bonafide
LA_E_3192103,1,alaw,A18
LA_E_3192335,1,ulaw,A08
LA_E_3192725,1,ulaw,A10
LA_E_3192894,1,alaw,A15
LA_E_3192897,1,ulaw,A16
LA_E_3193115,1,ulaw,A07
LA_E_3193285,1,ulaw,A17
LA_E_3193534,1,gsm,A14
LA_E_3193853,1,opus,A09
LA_E_3194295,1,gsm,A08
LA_E_3194478,1,gsm,A14
LA_E_3194807,1,gsm,A11
LA_E_3194963,1,alaw,A10
LA_E_3195140,1,ulaw,A09
LA_E_3195356,1,pstn,A16
LA_E_3195528,1,gsm,A16
LA_E_3195981,1,gsm,A09
LA_E_3195984,1,ulaw,A14
LA_E_3196470,1,alaw,A13
LA_E_3196727,1,gsm,A12
LA_E_3197426,1,ulaw,A13
LA_E_3197487,1,none,A18
LA_E_3197749,1,g722,A18
LA_E_3198141,1,g722,A19
LA_E_3198916,0,gsm,bonafide
LA_E_3198957,1,none,A11
LA_E_3199133,0,g722,bonafide
LA_E_3199447,0,none,bonafide
LA_E_3199671,1,opus,A19
LA_E_3201409,1,alaw,A11
LA_E_3201840,1,pstn,A13
LA_E_3201882,1,alaw,A09
LA_E_3202176,1,g722,A11
LA_E_3202241,1,ulaw,A09
LA_E_3202422,1,alaw,A19
LA_E_3202455,1,gsm,A14
LA_E_3202511,1,gsm,A08
LA_E_3202595,1,none,A19
LA_E_3202999,1,g722,A09
LA_E_3203027,1,opus,A15
LA_E_3203133,1,gsm,A08
LA_E_3203219,1,opus,A13
LA_E_3203455,1,ulaw,A17
LA_E_3203988,1,none,A18
LA_E_3204814,1,gsm,A11
LA_E_3204834,1,g722,A16
LA_E_3205149,1,opus,A09
LA_E_3205421,1,none,A09
LA_E_3205980,1,none,A12
LA_E_3206352,0,alaw,bonafide
LA_E_3206395,1,g722,A10
LA_E_3206440,1,pstn,A11
LA_E_3206509,1,g722,A15
LA_E_3206764,1,ulaw,A08
LA_E_3206881,1,g722,A14
LA_E_3207259,1,opus,A09
LA_E_3207414,0,pstn,bonafide
LA_E_3207583,0,alaw,bonafide
LA_E_3208039,0,alaw,bonafide
LA_E_3208270,1,none,A08
LA_E_3208633,1,gsm,A11
LA_E_3208743,1,alaw,A12
LA_E_3208772,1,ulaw,A09
LA_E_3208915,1,ulaw,A16
LA_E_3209369,1,alaw,A07
LA_E_3209714,1,gsm,A17
LA_E_3209738,1,opus,A14
LA_E_3209799,1,alaw,A18
LA_E_3210182,1,alaw,A08
LA_E_3210377,1,ulaw,A12
LA_E_3210457,1,g722,A08
LA_E_3211103,1,gsm,A19
LA_E_3211490,1,g722,A18
LA_E_3211917,1,ulaw,A17
LA_E_3212062,1,gsm,A11
LA_E_3212268,1,gsm,A16
LA_E_3212309,1,pstn,A14
LA_E_3212544,0,gsm,bonafide
LA_E_3212583,1,opus,A18
LA_E_3212598,1,opus,A16
LA_E_3212814,1,gsm,A11
LA_E_3213410,1,g722,A13
LA_E_3214104,1,alaw,A10
LA_E_3214206,1,ulaw,A11
LA_E_3214538,1,gsm,A14
LA_E_3215448,0,g722,bonafide
LA_E_3215515,1,ulaw,A09
LA_E_3215546,1,none,A15
LA_E_3215616,1,none,A11
LA_E_3215956,1,alaw,A17
LA_E_3216416,0,ulaw,bonafide
LA_E_3216858,1,g722,A15
LA_E_3217073,1,g722,A09
LA_E_3217527,1,gsm,A10
LA_E_3217593,1,g722,A19
LA_E_3217856,1,pstn,A09
LA_E_3217916,1,ulaw,A13
LA_E_3218371,1,ulaw,A12
LA_E_3218508,1,opus,A11
LA_E_3218570,1,alaw,A07
LA_E_3218797,1,opus,A18
LA_E_3218812,1,ulaw,A09
LA_E_3219486,1,ulaw,A17
LA_E_3219588,1,gsm,A07
LA_E_3220008,1,none,A14
LA_E_3220025,1,opus,A12
LA_E_3220388,0,alaw,bonafide
LA_E_3220820,1,ulaw,A19
LA_E_3221673,1,gsm,A14
LA_E_3221878,1,none,A18
LA_E_3221986,0,none,bonafide
LA_E_3222098,1,none,A17
LA_E_3222373,1,none,A08
LA_E_3222432,1,pstn,A07
LA_E_3222675,1,pstn,A11
LA_E_3222891,0,pstn,bonafide
LA_E_3223053,1,opus,A18
LA_E_3223066,0,g722,bonafide
LA_E_3223128,1,opus,A19
LA_E_3223171,1,ulaw,A15
LA_E_3223681,1,pstn,A18
LA_E_3223776,1,none,A07
LA_E_3224080,1,opus,A09
LA_E_3224181,1,alaw,A13
LA_E_3224630,1,opus,A17
LA_E_3225062,1,gsm,A19
LA_E_3225116,1,ulaw,A18
LA_E_3225520,1,pstn,A15
LA_E_3225721,0,opus,bonafide
LA_E_3225773,1,ulaw,A12
LA_E_3226154,1,alaw,A11
LA_E_3226269,1,g722,A08
LA_E_3226776,1,g722,A11
LA_E_3226995,1,ulaw,A11
LA_E_3227237,1,alaw,A13
LA_E_3227768,0,alaw,bonafide
LA_E_3227904,1,g722,A13
LA_E_3228229,1,none,A19
LA_E_3228246,1,ulaw,A16
LA_E_3228256,1,ulaw,A10
LA_E_3228497,1,opus,A13
LA_E_3228550,1,pstn,A13
LA_E_3229033,1,gsm,A15
LA_E_3229096,0,alaw,bonafide
LA_E_3229239,1,pstn,A12
LA_E_3229532,0,ulaw,bonafide
LA_E_3229704,1,opus,A08
LA_E_3229961,1,ulaw,A19
LA_E_3229966,1,opus,A07
LA_E_3230057,1,pstn,A16
LA_E_3230225,0,pstn,bonafide
LA_E_3230739,1,gsm,A07
LA_E_3231029,1,gsm,A11
LA_E_3231408,1,g722,A13
LA_E_3232236,1,opus,A17
LA_E_3232344,1,pstn,A14
LA_E_3232381,1,ulaw,A14
LA_E_3232515,1,none,A09
LA_E_3232699,1,ulaw,A09
LA_E_3234219,0,alaw,bonafide
LA_E_3234339,0,gsm,bonafide
LA_E_3234812,0,g722,bonafide
LA_E_3235277,1,opus,A16
LA_E_3235347,1,opus,A16
LA_E_3235477,1,ulaw,A18
LA_E_3235667,0,ulaw,bonafide
LA_E_3235894,1,g722,A10
LA_E_3236318,1,ulaw,A18
LA_E_3237092,1,opus,A07
LA_E_3237133,1,opus,A09
LA_E_3237188,1,gsm,A17
LA_E_3237283,1,gsm,A13
LA_E_3237326,1,alaw,A09
LA_E_3238250,1,pstn,A11
LA_E_3238311,1,none,A15
LA_E_3238874,1,alaw,A15
LA_E_3239202,1,none,A18
LA_E_3239252,1,gsm,A08
LA_E_3239337,1,gsm,A10
LA_E_3239764,1,opus,A19
LA_E_3239878,1,none,A17
LA_E_3240168,0,pstn,bonafide
LA_E_3240242,1,none,A13
LA_E_3240266,1,pstn,A11
LA_E_3240561,1,none,A08
LA_E_3241031,1,gsm,A16
LA_E_3241067,1,none,A16
LA_E_3241259,1,none,A11
LA_E_3241342,1,g722,A14
LA_E_3241699,1,pstn,A11
LA_E_3241703,1,pstn,A16
LA_E_3242235,1,ulaw,A18
LA_E_3242354,1,gsm,A09
LA_E_3242446,1,opus,A16
LA_E_3242829,1,gsm,A13
LA_E_3243772,0,opus,bonafide
LA_E_3244057,1,ulaw,A12
LA_E_3244068,1,pstn,A07
LA_E_3244076,1,gsm,A19
LA_E_3244137,1,g722,A10
LA_E_3244464,0,g722,bonafide
LA_E_3244742,1,none,A18
LA_E_3244936,1,opus,A11
LA_E_3245769,0,gsm,bonafide
LA_E_3245828,1,none,A09
LA_E_3246140,1,none,A12
LA_E_3246524,1,opus,A10
LA_E_3247242,1,alaw,A15
LA_E_3247499,1,pstn,A15
LA_E_3247590,1,ulaw,A17
LA_E_3247728,1,none,A07
LA_E_3247934,1,opus,A13
LA_E_3248096,1,gsm,A17
LA_E_3248115,1,none,A18
LA_E_3248872,1,pstn,A13
LA_E_3249089,1,gsm,A12
LA_E_3249164,1,opus,A13
LA_E_3249296,1,pstn,A12
LA_E_3249316,1,pstn,A19
LA_E_3249421,1,opus,A12
LA_E_3249624,1,g722,A17
LA_E_3249705,1,ulaw,A07
LA_E_3249719,1,gsm,A16
LA_E_3249949,1,gsm,A18
LA_E_3250115,1,ulaw,A15
LA_E_3250406,1,ulaw,A08
LA_E_3250874,1,gsm,A19
LA_E_3250897,1,g722,A10
LA_E_3251119,1,ulaw,A15
LA_E_3251726,1,alaw,A18
LA_E_3251739,1,none,A17
LA_E_3252177,1,opus,A13
LA_E_3252264,1,gsm,A11
LA_E_3253033,1,pstn,A13
LA_E_3253251,0,pstn,bonafide
LA_E_3253801,1,gsm,A12
LA_E_3254144,1,gsm,A16
LA_E_3254298,1,ulaw,A17
LA_E_3255408,1,ulaw,A11
LA_E_3255798,1,none,A10
LA_E_3255800,1,g722,A10
LA_E_3255869,1,gsm,A17
LA_E_3256238,1,opus,A17
LA_E_3256845,1,alaw,A07
LA_E_3256956,1,g722,A08
LA_E_3257062,1,g722,A10
LA_E_3257294,1,ulaw,A19
LA_E_3257355,1,opus,A16
LA_E_3257628,1,gsm,A11
LA_E_3257898,1,gsm,A14
LA_E_3258424,1,g722,A15
LA_E_3258435,1,pstn,A08
LA_E_3258898,1,none,A11
LA_E_3259496,0,alaw,bonafide
LA_E_3259726,1,opus,A13
LA_E_3259753,1,ulaw,A17
LA_E_3260030,1,g722,A12
LA_E_3260363,1,gsm,A16
LA_E_3260730,1,gsm,A11
LA_E_3260800,1,pstn,A11
LA_E_3260815,1,opus,A19
LA_E_3261022,0,pstn,bonafide
LA_E_3261370,0,gsm,bonafide
LA_E_3261560,1,g722,A10
LA_E_3261614,1,none,A07
LA_E_3261814,1,g722,A07
LA_E_3261844,1,ulaw,A07
LA_E_3261893,1,pstn,A18
LA_E_3262034,1,opus,A08
LA_E_3262108,1,g722,A14
LA_E_3262248,1,pstn,A17
LA_E_3262619,1,ulaw,A07
LA_E_3262640,0,pstn,bonafide
LA_E_3262876,0,ulaw,bonafide
LA_E_3263205,1,gsm,A19
LA_E_3263465,1,ulaw,A16
LA_E_3263528,1,opus,A15
LA_E_3263815,1,alaw,A10
LA_E_3263880,1,ulaw,A19
LA_E_3264359,0,ulaw,bonafide
LA_E_3264492,1,alaw,A13
LA_E_3265613,1,gsm,A15
LA_E_3265801,1,gsm,A15
LA_E_3265892,1,gsm,A14
LA_E_3266039,1,ulaw,A13
LA_E_3266069,1,pstn,A14
LA_E_3266933,1,ulaw,A11
LA_E_3267093,1,g722,A13
LA_E_3267249,1,none,A14
LA_E_3267718,1,none,A15
LA_E_3267864,1,alaw,A11
LA_E_3268090,1,ulaw,A18
LA_E_3268114,1,gsm,A18
LA_E_3268600,1,alaw,A15
LA_E_3268652,0,g722,bonafide
LA_E_3268774,1,gsm,A17
LA_E_3268980,1,gsm,A13
LA_E_3268990,1,ulaw,A09
LA_E_3269370,1,ulaw,A09
LA_E_3269929,1,gsm,A16
LA_E_3270047,1,alaw,A11
LA_E_3270336,1,g722,A10
LA_E_3270713,1,opus,A08
LA_E_3271055,1,none,A16
LA_E_3271080,1,alaw,A09
LA_E_3271113,1,gsm,A12
LA_E_3271140,1,gsm,A07
LA_E_3271211,1,opus,A17
LA_E_3271424,1,opus,A14
LA_E_3271824,1,opus,A12
LA_E_3272252,1,gsm,A09
LA_E_3272292,1,opus,A14
LA_E_3272490,1,alaw,A14
LA_E_3273016,1,ulaw,A15
LA_E_3273140,1,ulaw,A08
LA_E_3273434,1,gsm,A18
LA_E_3273450,1,gsm,A09
LA_E_3273795,1,alaw,A19
LA_E_3273884,1,g722,A19
LA_E_3274143,1,opus,A13
LA_E_3274173,1,ulaw,A16
LA_E_3274655,1,ulaw,A15
LA_E_3274730,1,pstn,A10
LA_E_3274793,1,g722,A09
LA_E_3274873,0,g722,bonafide
LA_E_3274955,1,opus,A16
LA_E_3274989,0,ulaw,bonafide
LA_E_3275356,1,opus,A08
LA_E_3275405,0,none,bonafide
LA_E_3275493,1,pstn,A11
LA_E_3275865,1,pstn,A09
LA_E_3276068,1,alaw,A11
LA_E_3276320,1,opus,A14
LA_E_3276444,1,g722,A16
LA_E_3276508,1,opus,A10
LA_E_3277331,1,opus,A18
LA_E_3277552,1,ulaw,A08
LA_E_3278491,1,opus,A08
LA_E_3278799,1,none,A14
LA_E_3279034,1,ulaw,A16
LA_E_3279041,1,none,A12
LA_E_3279078,1,gsm,A18
LA_E_3279188,1,gsm,A12
LA_E_3279587,1,gsm,A09
LA_E_3279759,0,pstn,bonafide
LA_E_3279983,1,pstn,A12
LA_E_3280283,1,g722,A10
LA_E_3280333,1,g722,A18
LA_E_3280721,1,alaw,A08
LA_E_3280780,1,opus,A14
LA_E_3280993,0,gsm,bonafide
LA_E_3281153,0,pstn,bonafide
LA_E_3281799,1,g722,A17
LA_E_3281822,1,opus,A17
LA_E_3282480,1,alaw,A12
LA_E_3282565,0,ulaw,bonafide
LA_E_3282691,0,alaw,bonafide
LA_E_3282867,0,none,bonafide
LA_E_3283271,1,gsm,A17
LA_E_3283714,1,pstn,A08
LA_E_3283744,0,g722,bonafide
LA_E_3284220,1,ulaw,A10
LA_E_3284516,1,pstn,A11
LA_E_3284722,1,none,A19
LA_E_3284818,0,opus,bonafide
LA_E_3284825,1,g722,A12
LA_E_3285130,1,opus,A19
LA_E_3285215,1,gsm,A08
LA_E_3285327,1,pstn,A16
LA_E_3285676,1,none,A17
LA_E_3286084,1,pstn,A13
LA_E_3287503,1,opus,A19
LA_E_3287591,1,ulaw,A15
LA_E_3287714,1,opus,A18
LA_E_3287731,1,opus,A09
LA_E_3288223,1,gsm,A10
LA_E_3288317,1,g722,A07
LA_E_3288340,1,none,A08
LA_E_3289436,0,none,bonafide
LA_E_3289625,1,gsm,A16
LA_E_3289937,1,none,A11
LA_E_3290022,1,ulaw,A12
LA_E_3290119,1,gsm,A10
LA_E_3290356,1,ulaw,A11
LA_E_3290847,1,pstn,A14
LA_E_3291044,1,opus,A07
LA_E_3291230,0,gsm,bonafide
LA_E_3291266,1,gsm,A14
LA_E_3291541,1,none,A10
LA_E_3291794,1,alaw,A13
LA_E_3291911,0,pstn,bonafide
LA_E_3292018,1,opus,A13
LA_E_3292331,1,opus,A10
LA_E_3292340,1,ulaw,A14
LA_E_3292602,1,pstn,A15
LA_E_3292666,1,opus,A12
LA_E_3293721,1,opus,A08
LA_E_3294191,1,gsm,A10
LA_E_3294324,1,gsm,A07
LA_E_3294382,1,gsm,A18
LA_E_3295178,1,opus,A15
LA_E_3295393,1,alaw,A11
LA_E_3295851,1,ulaw,A18
LA_E_3295939,0,gsm,bonafide
LA_E_3295960,1,opus,A18
LA_E_3296194,0,g722,bonafide
LA_E_3296262,1,none,A13
LA_E_3296990,1,ulaw,A17
LA_E_3297993,0,alaw,bonafide
LA_E_3298249,1,opus,A15
LA_E_3298282,1,none,A19
LA_E_3298502,1,opus,A12
LA_E_3298596,1,opus,A19
LA_E_3298763,1,opus,A09
LA_E_3298838,1,g722,A11
LA_E_3299022,1,g722,A17
LA_E_3299170,1,alaw,A08
LA_E_3299839,1,gsm,A09
LA_E_3300358,1,alaw,A07
LA_E_3300421,1,ulaw,A15
LA_E_3300528,1,pstn,A08
LA_E_3300726,0,opus,bonafide
LA_E_3301563,1,gsm,A14
LA_E_3301842,1,ulaw,A18
LA_E_3302760,1,ulaw,A19
LA_E_3302766,1,gsm,A14
LA_E_3302937,1,opus,A15
LA_E_3303001,1,ulaw,A08
LA_E_3303090,1,pstn,A07
LA_E_3303331,0,ulaw,bonafide
LA_E_3303385,1,ulaw,A10
LA_E_3304077,1,ulaw,A15
LA_E_3304426,1,opus,A16
LA_E_3304781,1,alaw,A11
LA_E_3304882,1,gsm,A07
LA_E_3304927,1,gsm,A16
LA_E_3304942,1,alaw,A14
LA_E_3305070,1,none,A11
LA_E_3305338,1,pstn,A13
LA_E_3305387,1,none,A18
LA_E_3305586,1,pstn,A17
LA_E_3305873,1,none,A16
LA_E_3306098,0,pstn,bonafide
LA_E_3306125,1,opus,A14
LA_E_3306128,1,ulaw,A14
LA_E_3306529,1,gsm,A07
LA_E_3306940,1,opus,A08
LA_E_3307169,1,pstn,A19
LA_E_3307393,1,opus,A14
LA_E_3307816,1,gsm,A14
LA_E_3308188,0,gsm,bonafide
LA_E_3308438,1,ulaw,A07
LA_E_3308579,1,none,A17
LA_E_3309440,1,alaw,A17
LA_E_3309570,1,pstn,A09
LA_E_3309588,1,gsm,A07
LA_E_3309737,1,g722,A16
LA_E_3309963,1,none,A07
LA_E_3310523,1,gsm,A13
LA_E_3310700,1,ulaw,A12
LA_E_3310731,1,none,A12
LA_E_3310882,1,none,A13
LA_E_3310988,0,ulaw,bonafide
LA_E_3311217,1,ulaw,A10
LA_E_3311392,1,opus,A16
LA_E_3311547,1,none,A15
LA_E_3311590,1,none,A13
LA_E_3311927,1,ulaw,A07
LA_E_3312171,1,ulaw,A09
LA_E_3312581,1,gsm,A11
LA_E_3312591,1,ulaw,A18
LA_E_3312641,1,gsm,A18
LA_E_3312682,1,opus,A16
LA_E_3312727,1,none,A17
LA_E_3312754,1,ulaw,A12
LA_E_3313011,1,alaw,A18
LA_E_3313802,0,opus,bonafide
LA_E_3313809,1,pstn,A15
LA_E_3313915,1,ulaw,A15
LA_E_3314019,1,ulaw,A16
LA_E_3314284,1,none,A19
LA_E_3314328,0,alaw,bonafide
LA_E_3314692,1,ulaw,A18
LA_E_3314948,1,opus,A09
LA_E_3315336,1,gsm,A08
LA_E_3315761,1,alaw,A18
LA_E_3316350,1,ulaw,A16
LA_E_3316502,0,none,bonafide
LA_E_3316589,1,opus,A12
LA_E_3316616,1,g722,A08
LA_E_3316918,1,alaw,A09
LA_E_3317124,1,alaw,A13
LA_E_3317395,1,ulaw,A08
LA_E_3317990,1,none,A12
LA_E_3318124,1,g722,A18
LA_E_3318473,1,ulaw,A07
LA_E_3318865,1,gsm,A16
LA_E_3318888,1,pstn,A10
LA_E_3318944,1,ulaw,A13
LA_E_3319224,1,pstn,A12
LA_E_3319533,1,opus,A13
LA_E_3319583,1,gsm,A17
LA_E_3320940,1,pstn,A16
LA_E_3321184,1,pstn,A16
LA_E_3321587,1,pstn,A09
LA_E_3321928,1,pstn,A16
LA_E_3322164,1,g722,A19
LA_E_3322177,1,gsm,A10
LA_E_3322187,1,gsm,A11
LA_E_3322437,1,opus,A14
LA_E_3322563,0,pstn,bonafide
LA_E_3322904,1,none,A09
LA_E_3322953,1,ulaw,A11
LA_E_3323217,1,opus,A14
LA_E_3323248,1,g722,A15
LA_E_3323270,0,gsm,bonafide
LA_E_3323916,0,g722,bonafide
LA_E_3324435,1,ulaw,A08
LA_E_3324784,1,opus,A14
LA_E_3325107,1,g722,A08
LA_E_3325391,1,opus,A09
LA_E_3325673,1,pstn,A14
LA_E_3326057,1,opus,A14
LA_E_3326083,0,none,bonafide
LA_E_3326099,1,pstn,A10
LA_E_3326163,1,pstn,A16
LA_E_3326187,1,opus,A07
LA_E_3326494,1,alaw,A15
LA_E_3326555,1,g722,A19
LA_E_3326609,1,gsm,A07
LA_E_3326642,1,pstn,A18
LA_E_3326649,1,gsm,A18
LA_E_3326732,1,alaw,A09
LA_E_3326847,1,pstn,A14
LA_E_3326907,1,pstn,A14
LA_E_3327236,1,pstn,A08
LA_E_3327308,1,alaw,A08
LA_E_3327346,1,ulaw,A17
LA_E_3327494,1,opus,A15
LA_E_3327633,1,ulaw,A14
LA_E_3328182,1,opus,A19
LA_E_3328308,0,gsm,bonafide
LA_E_3328343,1,gsm,A11
LA_E_3328819,1,opus,A14
LA_E_3328955,1,none,A16
LA_E_3329507,1,opus,A09
LA_E_3330136,1,alaw,A10
LA_E_3330279,1,gsm,A19
LA_E_3330384,1,opus,A07
LA_E_3330486,1,ulaw,A10
LA_E_3330487,0,alaw,bonafide
LA_E_3330679,1,none,A11
LA_E_3331126,1,none,A17
LA_E_3331226,1,pstn,A09
LA_E_3331873,1,alaw,A17
LA_E_3332021,1,gsm,A17
LA_E_3332261,0,ulaw,bonafide
LA_E_3333537,1,ulaw,A14
LA_E_3333662,1,ulaw,A13
LA_E_3333994,1,g722,A19
LA_E_3334096,1,ulaw,A14
LA_E_3334420,1,ulaw,A13
LA_E_3334746,1,none,A15
LA_E_3334906,0,ulaw,bonafide
LA_E_3335180,1,opus,A07
LA_E_3336116,1,opus,A16
LA_E_3336155,1,opus,A13
LA_E_3336353,1,gsm,A16
LA_E_3336400,1,alaw,A15
LA_E_3336439,1,ulaw,A16
LA_E_3336569,0,pstn,bonafide
LA_E_3336610,1,opus,A12
LA_E_3336683,1,alaw,A13
LA_E_3336688,1,opus,A15
LA_E_3336694,1,ulaw,A13
LA_E_3337499,1,ulaw,A09
LA_E_3337759,1,opus,A19
LA_E_3337766,1,alaw,A14
LA_E_3337794,1,pstn,A16
LA_E_3338369,1,none,A15
LA_E_3338584,1,g722,A14
LA_E_3338634,1,none,A09
LA_E_3338648,0,g722,bonafide
LA_E_3339977,0,ulaw,bonafide
LA_E_3340099,1,g722,A16
LA_E_3340155,1,ulaw,A17
LA_E_3340344,1,ulaw,A19
LA_E_3340411,1,ulaw,A16
LA_E_3340434,1,ulaw,A12
LA_E_3340766,1,ulaw,A16
LA_E_3340910,0,none,bonafide
LA_E_3340994,1,g722,A13
LA_E_3341004,1,opus,A07
LA_E_3341043,1,g722,A11
LA_E_3341428,1,none,A08
LA_E_3341593,1,gsm,A12
LA_E_3341643,1,none,A07
LA_E_3342260,0,alaw,bonafide
LA_E_3342320,1,pstn,A15
LA_E_3342378,1,gsm,A10
LA_E_3342822,1,ulaw,A13
LA_E_3342976,1,pstn,A12
LA_E_3343021,1,alaw,A12
LA_E_3343950,1,none,A15
LA_E_3344032,1,none,A07
LA_E_3344417,1,ulaw,A09
LA_E_3344478,1,gsm,A17
LA_E_3346488,1,ulaw,A12
LA_E_3346680,1,opus,A16
LA_E_3346710,1,pstn,A13
LA_E_3346798,0,opus,bonafide
LA_E_3346895,1,g722,A07
LA_E_3346942,1,g722,A13
LA_E_3347349,1,ulaw,A10
LA_E_3348042,1,none,A19
LA_E_3348582,1,gsm,A13
LA_E_3348629,1,opus,A09
LA_E_3349017,1,gsm,A13
LA_E_3349378,1,alaw,A15
LA_E_3349714,1,pstn,A16
LA_E_3350120,1,gsm,A19
LA_E_3350558,1,gsm,A19
LA_E_3350974,1,ulaw,A14
LA_E_3351038,1,ulaw,A13
LA_E_3351190,1,alaw,A19
LA_E_3351354,1,none,A17
LA_E_3351471,1,alaw,A19
LA_E_3351494,1,none,A17
LA_E_3351873,0,opus,bonafide
LA_E_3351905,0,gsm,bonafide
LA_E_3352037,0,opus,bonafide
LA_E_3352579,0,opus,bonafide
LA_E_3353367,1,g722,A11
LA_E_3353679,1,gsm,A19
LA_E_3353871,0,none,bonafide
LA_E_3354254,1,gsm,A13
LA_E_3354259,1,alaw,A19
LA_E_3354393,0,gsm,bonafide
LA_E_3354717,1,pstn,A18
LA_E_3354770,1,none,A14
LA_E_3355064,1,alaw,A18
LA_E_3355085,1,opus,A16
LA_E_3355547,1,g722,A12
LA_E_3356247,1,gsm,A07
LA_E_3356368,1,opus,A10
LA_E_3356593,1,g722,A15
LA_E_3357129,1,g722,A07
LA_E_3357247,1,gsm,A18
LA_E_3357457,1,opus,A17
LA_E_3357477,1,none,A12
LA_E_3357552,1,gsm,A17
LA_E_3357561,1,g722,A17
LA_E_3357569,1,g722,A08
LA_E_3358246,1,pstn,A07
LA_E_3358749,0,none,bonafide
LA_E_3358934,1,gsm,A17
LA_E_3359317,1,gsm,A13
LA_E_3359487,1,ulaw,A15
LA_E_3359536,1,g722,A09
LA_E_3359793,1,gsm,A19
LA_E_3359867,1,gsm,A15
LA_E_3360006,1,pstn,A17
LA_E_3360170,0,ulaw,bonafide
LA_E_3360660,1,opus,A11
LA_E_3360671,1,pstn,A18
LA_E_3360827,1,ulaw,A07
LA_E_3361158,1,g722,A10
LA_E_3361169,1,g722,A16
LA_E_3361547,1,opus,A10
LA_E_3361677,1,alaw,A17
LA_E_3362116,1,gsm,A10
LA_E_3362849,1,gsm,A17
LA_E_3362874,1,opus,A10
LA_E_3362930,1,alaw,A07
LA_E_3363646,1,alaw,A18
LA_E_3363763,1,ulaw,A13
LA_E_3364089,1,opus,A16
LA_E_3364265,1,ulaw,A08
LA_E_3364466,1,g722,A09
LA_E_3364774,1,pstn,A19
LA_E_3365124,1,alaw,A16
LA_E_3365290,1,gsm,A09
LA_E_3365466,1,pstn,A10
LA_E_3365525,1,none,A08
LA_E_3365982,1,alaw,A13
LA_E_3366032,1,opus,A16
LA_E_3366199,1,gsm,A09
LA_E_3366464,1,pstn,A16
LA_E_3367337,1,pstn,A14
LA_E_3367463,1,none,A08
LA_E_3367589,1,none,A08
LA_E_3367729,1,pstn,A14
LA_E_3367792,1,pstn,A15
LA_E_3367875,1,gsm,A18
LA_E_3368161,1,gsm,A09
LA_E_3368216,1,opus,A16
LA_E_3368343,0,none,bonafide
LA_E_3368421,0,opus,bonafide
LA_E_3368474,0,gsm,bonafide
LA_E_3369139,1,opus,A18
LA_E_3369384,1,ulaw,A12
LA_E_3369530,1,alaw,A09
LA_E_3369618,1,gsm,A17
LA_E_3369828,1,g722,A17
LA_E_3369857,1,gsm,A12
LA_E_3370085,1,opus,A17
LA_E_3370921,1,opus,A14
LA_E_3371063,1,opus,A08
LA_E_3371112,1,gsm,A12
LA_E_3371221,1,pstn,A11
LA_E_3371230,1,opus,A08
LA_E_3371326,0,none,bonafide
LA_E_3372143,1,ulaw,A14
LA_E_3372219,0,opus,bonafide
LA_E_3372615,0,pstn,bonafide
LA_E_3372757,1,opus,A07
LA_E_3373444,1,opus,A18
LA_E_3373506,1,pstn,A11
LA_E_3373585,1,opus,A09
LA_E_3373607,1,gsm,A12
LA_E_3373777,1,pstn,A08
LA_E_3373778,1,opus,A17
LA_E_3373818,0,alaw,bonafide
LA_E_3373905,1,opus,A11
LA_E_3374452,1,g722,A07
LA_E_3374483,1,none,A13
LA_E_3374661,1,none,A09
LA_E_3374920,1,ulaw,A15
LA_E_3375134,1,opus,A11
LA_E_3375168,1,gsm,A17
LA_E_3376102,1,gsm,A16
LA_E_3376231,1,ulaw,A15
LA_E_3376244,1,gsm,A15
LA_E_3376380,1,none,A11
LA_E_3376395,1,opus,A11
LA_E_3376429,0,g722,bonafide
LA_E_3376547,1,opus,A10
LA_E_3376618,1,pstn,A09
LA_E_3376632,1,opus,A11
LA_E_3376674,1,pstn,A08
LA_E_3377020,1,ulaw,A17
LA_E_3377641,1,gsm,A09
LA_E_3378353,1,opus,A19
LA_E_3378641,1,none,A14
LA_E_3378867,1,none,A18
LA_E_3379449,1,gsm,A16
LA_E_3379602,1,alaw,A09
LA_E_3379822,1,opus,A17
LA_E_3379837,1,alaw,A08
LA_E_3380028,1,gsm,A19
LA_E_3380321,1,ulaw,A10
LA_E_3381142,1,opus,A18
LA_E_3381417,1,gsm,A12
LA_E_3382555,1,gsm,A15
LA_E_3382628,1,alaw,A11
LA_E_3382629,1,ulaw,A17
LA_E_3382923,1,gsm,A07
LA_E_3383058,1,none,A19
LA_E_3383536,1,alaw,A10
LA_E_3383842,1,none,A13
LA_E_3384628,1,alaw,A10
LA_E_3384730,1,g722,A08
LA_E_3385000,1,gsm,A13
LA_E_3385019,0,ulaw,bonafide
LA_E_3385128,1,g722,A18
LA_E_3385235,1,none,A12
LA_E_3385301,1,alaw,A14
LA_E_3385429,1,g722,A09
LA_E_3385432,0,gsm,bonafide
LA_E_3385565,0,ulaw,bonafide
LA_E_3385775,1,none,A11
LA_E_3386974,1,pstn,A08
LA_E_3387206,0,g722,bonafide
LA_E_3387464,1,pstn,A12
LA_E_3387516,1,gsm,A07
LA_E_3387676,1,g722,A16
LA_E_3387753,1,opus,A07
LA_E_3387792,1,gsm,A14
LA_E_3387957,1,alaw,A12
LA_E_3388160,1,alaw,A16
LA_E_3388384,1,opus,A12
LA_E_3388475,0,alaw,bonafide
LA_E_3388536,1,ulaw,A17
LA_E_3388655,1,gsm,A17
LA_E_3388802,1,g722,A14
LA_E_3389115,1,opus,A11
LA_E_3389333,1,ulaw,A11
LA_E_3389497,1,opus,A14
LA_E_3389529,1,ulaw,A13
LA_E_3389533,1,pstn,A13
LA_E_3389545,1,pstn,A13
LA_E_3389658,1,gsm,A14
LA_E_3389698,1,opus,A17
LA_E_3389910,1,gsm,A19
LA_E_3389962,1,opus,A15
LA_E_3390550,1,alaw,A07
LA_E_3390625,1,pstn,A17
LA_E_3390861,1,none,A14
LA_E_3391005,0,none,bonafide
LA_E_3392145,1,ulaw,A13
LA_E_3392223,1,gsm,A09
LA_E_3392792,1,opus,A18
LA_E_3393177,1,none,A15
LA_E_3393188,1,alaw,A13
LA_E_3393620,0,g722,bonafide
LA_E_3393942,1,opus,A09
LA_E_3394430,1,none,A12
LA_E_3394545,1,ulaw,A18
LA_E_3394956,1,gsm,A10
LA_E_3395307,1,gsm,A16
LA_E_3395466,1,gsm,A14
LA_E_3395639,1,gsm,A10
LA_E_3395809,1,alaw,A12
LA_E_3395922,1,gsm,A18
LA_E_3396060,1,alaw,A15
LA_E_3396129,1,none,A12
LA_E_3396240,1,alaw,A19
LA_E_3396419,1,g722,A09
LA_E_3396812,1,ulaw,A07
LA_E_3397516,1,opus,A09
LA_E_3397653,0,none,bonafide
LA_E_3397808,1,ulaw,A08
LA_E_3397976,1,g722,A19
LA_E_3398266,1,gsm,A10
LA_E_3398730,0,opus,bonafide
LA_E_3398801,1,alaw,A13
LA_E_3398895,1,ulaw,A07
LA_E_3399093,1,gsm,A19
LA_E_3399152,1,alaw,A19
LA_E_3399600,0,g722,bonafide
LA_E_3399622,1,g722,A11
LA_E_3399931,1,none,A19
LA_E_3400094,0,opus,bonafide
LA_E_3400303,1,pstn,A10
LA_E_3400357,1,alaw,A12
LA_E_3400453,1,opus,A11
LA_E_3400552,0,alaw,bonafide
LA_E_3400719,0,gsm,bonafide
LA_E_3400987,1,alaw,A10
LA_E_3401480,1,gsm,A09
LA_E_3401519,1,opus,A12
LA_E_3401952,1,opus,A13
LA_E_3402032,1,alaw,A07
LA_E_3402688,1,none,A10
LA_E_3403128,0,gsm,bonafide
LA_E_3403261,1,pstn,A07
LA_E_3403343,1,none,A16
LA_E_3403382,1,ulaw,A17
LA_E_3403697,0,opus,bonafide
LA_E_3404076,1,opus,A14
LA_E_3404217,1,gsm,A12
LA_E_3404455,1,none,A19
LA_E_3405518,1,pstn,A10
LA_E_3405845,1,pstn,A18
LA_E_3406755,1,opus,A17
LA_E_3406900,0,pstn,bonafide
LA_E_3407553,0,pstn,bonafide
LA_E_3407703,1,pstn,A19
LA_E_3407912,1,gsm,A09
LA_E_3408614,1,g722,A19
LA_E_3409154,1,opus,A12
LA_E_3409374,1,none,A19
LA_E_3409962,1,alaw,A15
LA_E_3410128,0,none,bonafide
LA_E_3410155,1,pstn,A10
LA_E_3410640,1,ulaw,A12
LA_E_3410941,0,gsm,bonafide
LA_E_3411002,1,none,A07
LA_E_3411247,1,opus,A19
LA_E_3411594,1,gsm,A10
LA_E_3411961,1,none,A11
LA_E_3412436,1,gsm,A08
LA_E_3412780,1,opus,A12
LA_E_3412918,1,opus,A13
LA_E_3412950,1,g722,A09
LA_E_3413146,1,pstn,A07
LA_E_3413385,1,g722,A17
LA_E_3413496,1,ulaw,A18
LA_E_3413757,1,g722,A08
LA_E_3414989,0,alaw,bonafide
LA_E_3415035,1,g722,A15
LA_E_3415176,1,g722,A12
LA_E_3415481,1,none,A09
LA_E_3415590,1,ulaw,A12
LA_E_3416983,1,opus,A13
LA_E_3417619,1,opus,A18
LA_E_3418049,1,ulaw,A08
LA_E_3418236,1,opus,A17
LA_E_3418422,1,opus,A19
LA_E_3418667,1,g722,A14
LA_E_3418699,1,g722,A13
LA_E_3418982,0,g722,bonafide
LA_E_3419091,1,g722,A07
LA_E_3419140,1,none,A15
LA_E_3419412,1,opus,A09
LA_E_3419575,1,opus,A15
LA_E_3419704,1,gsm,A10
LA_E_3419917,1,gsm,A12
LA_E_3420399,1,g722,A10
LA_E_3420681,1,opus,A19
LA_E_3420817,1,none,A16
LA_E_3421173,1,opus,A19
LA_E_3422248,1,alaw,A10
LA_E_3422805,1,ulaw,A08
LA_E_3422984,1,none,A17
LA_E_3423222,0,opus,bonafide
LA_E_3423223,1,none,A08
LA_E_3423444,1,opus,A07
LA_E_3423453,1,pstn,A18
LA_E_3423560,1,alaw,A16
LA_E_3423575,1,ulaw,A14
LA_E_3424357,1,g722,A08
LA_E_3424385,1,ulaw,A19
LA_E_3424457,1,none,A12
LA_E_3424671,1,opus,A19
LA_E_3424701,1,g722,A13
LA_E_3424954,1,opus,A15
LA_E_3425106,1,opus,A15
LA_E_3425185,1,gsm,A17
LA_E_3425585,1,ulaw,A08
LA_E_3425701,1,g722,A08
LA_E_3426160,0,none,bonafide
LA_E_3426512,1,alaw,A13
LA_E_3427015,1,gsm,A18
LA_E_3427149,1,opus,A09
LA_E_3427428,1,pstn,A18
LA_E_3427533,1,gsm,A08
LA_E_3427675,1,ulaw,A18
LA_E_3427903,1,ulaw,A07
LA_E_3427981,1,opus,A15
LA_E_3428984,1,ulaw,A11
LA_E_3429497,1,opus,A17
LA_E_3429508,1,gsm,A15
LA_E_3429676,1,gsm,A14
LA_E_3429849,1,none,A11
LA_E_3429956,1,opus,A10
LA_E_3430581,0,pstn,bonafide
LA_E_3431038,1,g722,A16
LA_E_3431054,1,alaw,A10
LA_E_3431365,1,opus,A18
LA_E_3431482,1,opus,A16
LA_E_3431577,1,none,A18
LA_E_3431635,1,g722,A17
LA_E_3431736,1,ulaw,A11
LA_E_3431925,1,gsm,A10
LA_E_3432335,1,pstn,A15
LA_E_3432489,1,opus,A12
LA_E_3432599,1,gsm,A11
LA_E_3432617,1,ulaw,A11
LA_E_3432930,1,ulaw,A16
LA_E_3433274,1,g722,A07
LA_E_3433879,0,alaw,bonafide
LA_E_3434075,1,none,A09
LA_E_3434161,1,g722,A18
LA_E_3434318,0,opus,bonafide
LA_E_3434362,1,pstn,A11
LA_E_3434452,0,g722,bonafide
LA_E_3435041,1,g722,A14
LA_E_3435125,1,ulaw,A17
LA_E_3435170,0,opus,bonafide
LA_E_3435178,1,alaw,A08
LA_E_3435238,1,none,A19
LA_E_3435518,0,none,bonafide
LA_E_3435796,1,gsm,A14
LA_E_3436028,1,opus,A15
LA_E_3436392,1,gsm,A08
LA_E_3436415,1,none,A08
LA_E_3436862,1,opus,A11
LA_E_3436939,1,none,A09
LA_E_3436941,0,pstn,bonafide
LA_E_3437123,1,opus,A10
LA_E_3437250,1,gsm,A13
LA_E_3437429,1,ulaw,A19
LA_E_3437459,1,opus,A09
LA_E_3437856,1,gsm,A10
LA_E_3438090,1,gsm,A15
LA_E_3438903,0,none,bonafide
LA_E_3439095,1,ulaw,A09
LA_E_3439143,1,alaw,A11
LA_E_3439241,0,none,bonafide
LA_E_3439460,1,alaw,A11
LA_E_3439480,0,pstn,bonafide
LA_E_3439743,1,gsm,A10
LA_E_3439822,1,none,A12
LA_E_3440424,1,opus,A08
LA_E_3440544,1,ulaw,A07
LA_E_3440685,1,none,A14
LA_E_3440850,1,pstn,A15
LA_E_3441634,1,opus,A19
LA_E_3441909,1,ulaw,A16
LA_E_3441940,1,alaw,A08
LA_E_3441998,1,ulaw,A19
LA_E_3442224,1,gsm,A08
LA_E_3442278,1,gsm,A16
LA_E_3442761,1,pstn,A15
LA_E_3442899,1,none,A19
LA_E_3443048,1,pstn,A18
LA_E_3443251,1,ulaw,A09
LA_E_3443423,0,opus,bonafide
LA_E_3443595,1,ulaw,A11
LA_E_3443879,1,ulaw,A10
LA_E_3444114,1,ulaw,A14
LA_E_3445014,1,gsm,A11
LA_E_3445035,1,opus,A11
LA_E_3445048,1,g722,A15
LA_E_3445878,1,none,A10
LA_E_3446053,1,opus,A08
LA_E_3446784,1,opus,A16
LA_E_3447077,1,none,A09
LA_E_3447425,1,pstn,A12
LA_E_3447620,1,alaw,A13
LA_E_3447692,1,gsm,A17
LA_E_3447744,0,none,bonafide
LA_E_3447911,1,ulaw,A13
LA_E_3447947,1,pstn,A10
LA_E_3448262,1,g722,A08
LA_E_3448442,1,pstn,A10
LA_E_3448536,1,ulaw,A07
LA_E_3448679,1,pstn,A14
LA_E_3448743,1,pstn,A17
LA_E_3448816,1,g722,A08
LA_E_3449273,1,gsm,A12
LA_E_3449624,0,pstn,bonafide
LA_E_3449957,1,ulaw,A08
LA_E_3449983,1,opus,A08
LA_E_3450042,1,alaw,A08
LA_E_3450067,1,alaw,A19
LA_E_3450501,1,none,A16
LA_E_3450710,1,opus,A16
LA_E_3450983,1,gsm,A14
LA_E_3451686,1,alaw,A13
LA_E_3451839,1,pstn,A12
LA_E_3452723,1,gsm,A09
LA_E_3453127,1,pstn,A16
LA_E_3453323,1,ulaw,A17
LA_E_3453926,1,opus,A18
LA_E_3454534,0,ulaw,bonafide
LA_E_3454640,1,opus,A13
LA_E_3454694,1,opus,A19
LA_E_3454864,1,opus,A19
LA_E_3455248,0,alaw,bonafide
LA_E_3455481,1,ulaw,A17
LA_E_3455560,1,pstn,A07
LA_E_3455620,1,gsm,A17
LA_E_3455920,1,g722,A10
LA_E_3456032,1,g722,A18
LA_E_3456380,1,ulaw,A13
LA_E_3456383,1,opus,A15
LA_E_3456391,1,opus,A18
LA_E_3456499,1,gsm,A15
LA_E_3456500,1,ulaw,A14
LA_E_3457423,1,pstn,A18
LA_E_3457692,1,g722,A11
LA_E_3458154,1,opus,A12
LA_E_3458194,1,opus,A18
LA_E_3458491,1,alaw,A17
LA_E_3458510,1,ulaw,A13
LA_E_3458797,1,none,A11
LA_E_3458956,1,alaw,A14
LA_E_3459043,0,ulaw,bonafide
LA_E_3459215,1,gsm,A11
LA_E_3459251,1,g722,A17
LA_E_3459657,1,g722,A11
LA_E_3459984,0,g722,bonafide
LA_E_3460298,1,none,A13
LA_E_3460499,1,opus,A07
LA_E_3461534,1,ulaw,A19
LA_E_3461794,1,ulaw,A19
LA_E_3461918,1,gsm,A16
LA_E_3462113,1,g722,A18
LA_E_3463143,1,pstn,A19
LA_E_3463228,1,none,A13
LA_E_3463387,1,gsm,A13
LA_E_3464737,1,none,A11
LA_E_3465098,1,none,A10
LA_E_3465402,1,gsm,A12
LA_E_3466251,1,pstn,A12
LA_E_3466672,1,g722,A16
LA_E_3466685,1,opus,A10
LA_E_3467048,1,g722,A11
LA_E_3467575,1,gsm,A14
LA_E_3468337,1,opus,A18
LA_E_3468500,1,pstn,A08
LA_E_3468797,1,gsm,A13
LA_E_3469083,1,opus,A15
LA_E_3469349,1,pstn,A13
LA_E_3469578,1,pstn,A09
LA_E_3469687,1,alaw,A16
LA_E_3469692,0,alaw,bonafide
LA_E_3469874,1,ulaw,A19
LA_E_3470115,1,opus,A13
LA_E_3470133,1,none,A13
LA_E_3470295,1,ulaw,A14
LA_E_3471090,1,opus,A15
LA_E_3471140,1,opus,A12
LA_E_3471648,1,ulaw,A09
LA_E_3473702,1,opus,A18
LA_E_3474350,1,pstn,A08
LA_E_3474755,1,opus,A10
LA_E_3475161,1,ulaw,A14
LA_E_3475320,1,none,A18
LA_E_3475625,1,g722,A07
LA_E_3476075,1,ulaw,A07
LA_E_3476430,1,none,A16
LA_E_3477189,1,alaw,A14
LA_E_3477412,1,g722,A17
LA_E_3477479,1,gsm,A14
LA_E_3477941,1,gsm,A10
LA_E_3478197,1,opus,A12
LA_E_3478456,1,opus,A12
LA_E_3478589,1,pstn,A15
LA_E_3479201,1,pstn,A13
LA_E_3480036,1,gsm,A15
LA_E_3480603,1,ulaw,A12
LA_E_3480732,1,g722,A12
LA_E_3480989,1,g722,A09
LA_E_3481267,1,pstn,A14
LA_E_3481510,1,pstn,A11
LA_E_3481598,1,pstn,A09
LA_E_3481986,1,ulaw,A10
LA_E_3482107,1,gsm,A18
LA_E_3482352,1,ulaw,A10
LA_E_3482415,1,opus,A07
LA_E_3482441,1,pstn,A18
LA_E_3482871,1,alaw,A09
LA_E_3483368,1,pstn,A09
LA_E_3483415,1,opus,A07
LA_E_3483683,1,ulaw,A10
LA_E_3483865,1,opus,A14
LA_E_3483882,1,gsm,A09
LA_E_3483892,1,none,A09
LA_E_3483994,1,none,A09
LA_E_3484303,1,opus,A14
LA_E_3484641,0,gsm,bonafide
LA_E_3484798,1,none,A14
LA_E_3485491,1,gsm,A19
LA_E_3485818,1,opus,A07
LA_E_3486256,1,opus,A09
LA_E_3486568,1,g722,A12
LA_E_3486648,1,gsm,A19
LA_E_3486687,1,none,A13
LA_E_3486749,1,pstn,A17
LA_E_3486887,1,none,A07
LA_E_3487567,1,ulaw,A10
LA_E_3487864,1,alaw,A07
LA_E_3488562,1,gsm,A10
LA_E_3488618,1,opus,A11
LA_E_3488648,1,ulaw,A11
LA_E_3488886,1,g722,A18
LA_E_3488967,1,gsm,A10
LA_E_3489701,1,g722,A17
LA_E_3489936,1,pstn,A19
LA_E_3489981,1,pstn,A15
LA_E_3490033,1,opus,A07
LA_E_3490609,1,ulaw,A12
LA_E_3490926,1,gsm,A16
LA_E_3490947,0,alaw,bonafide
LA_E_3490957,1,gsm,A13
LA_E_3492215,1,none,A17
LA_E_3492555,1,gsm,A14
LA_E_3492578,1,opus,A19
LA_E_3492695,1,pstn,A10
LA_E_3492876,1,opus,A09
LA_E_3492926,1,ulaw,A10
LA_E_3493338,1,opus,A08
LA_E_3493397,0,none,bonafide
LA_E_3493456,1,g722,A17
LA_E_3493895,1,ulaw,A16
LA_E_3494323,1,gsm,A07
LA_E_3494471,1,ulaw,A12
LA_E_3494625,1,none,A17
LA_E_3494683,1,alaw,A14
LA_E_3494870,1,opus,A17
LA_E_3494891,1,opus,A13
LA_E_3494920,1,ulaw,A18
LA_E_3495090,1,gsm,A08
LA_E_3495225,1,g722,A13
LA_E_3495380,1,ulaw,A17
LA_E_3495605,1,opus,A09
LA_E_3495878,1,g722,A10
LA_E_3496115,1,gsm,A18
LA_E_3496138,1,none,A18
LA_E_3496490,1,opus,A16
LA_E_3496860,1,none,A14
LA_E_3497607,0,none,bonafide
LA_E_3497693,1,opus,A10
LA_E_3498416,0,g722,bonafide
LA_E_3498980,1,none,A15
LA_E_3499132,1,opus,A17
LA_E_3499224,1,alaw,A14
LA_E_3500088,1,alaw,A15
LA_E_3500177,1,ulaw,A08
LA_E_3500267,1,ulaw,A19
LA_E_3500354,1,gsm,A13
LA_E_3500404,1,g722,A15
LA_E_3500487,1,pstn,A12
LA_E_3500820,1,pstn,A19
LA_E_3500885,1,gsm,A15
LA_E_3501106,1,ulaw,A18
LA_E_3501255,1,opus,A07
LA_E_3501823,0,gsm,bonafide
LA_E_3501904,1,ulaw,A13
LA_E_3501962,1,ulaw,A11
LA_E_3502071,1,gsm,A11
LA_E_3502158,1,g722,A15
LA_E_3502309,1,opus,A10
LA_E_3502460,1,ulaw,A14
LA_E_3503365,1,none,A10
LA_E_3504841,1,gsm,A07
LA_E_3505060,1,pstn,A12
LA_E_3505147,1,ulaw,A12
LA_E_3505452,1,none,A07
LA_E_3505658,1,alaw,A10
LA_E_3505955,1,gsm,A15
LA_E_3505978,1,opus,A08
LA_E_3506694,1,g722,A12
LA_E_3506809,1,gsm,A07
LA_E_3506890,1,opus,A07
LA_E_3507071,1,pstn,A17
LA_E_3507080,1,g722,A15
LA_E_3507131,1,pstn,A16
LA_E_3507161,1,ulaw,A17
LA_E_3507209,1,opus,A08
LA_E_3507260,1,ulaw,A16
LA_E_3507312,1,pstn,A14
LA_E_3507831,1,g722,A11
LA_E_3508089,1,opus,A17
LA_E_3508279,1,opus,A11
LA_E_3508787,0,g722,bonafide
LA_E_3509537,1,alaw,A08
LA_E_3509619,1,ulaw,A17
LA_E_3509805,1,ulaw,A08
LA_E_3510241,1,none,A14
LA_E_3511032,1,ulaw,A16
LA_E_3511120,1,g722,A16
LA_E_3511253,1,opus,A09
LA_E_3511501,1,opus,A15
LA_E_3511565,1,alaw,A08
LA_E_3511570,1,ulaw,A10
LA_E_3511599,1,opus,A07
LA_E_3511676,1,alaw,A12
LA_E_3511858,1,none,A15
LA_E_3511899,1,ulaw,A08
LA_E_3512538,1,alaw,A11
LA_E_3512648,1,alaw,A14
LA_E_3512666,1,alaw,A16
LA_E_3512879,1,none,A16
LA_E_3512909,0,ulaw,bonafide
LA_E_3512991,1,alaw,A12
LA_E_3513067,1,g722,A11
LA_E_3513863,0,ulaw,bonafide
LA_E_3513902,1,alaw,A14
LA_E_3513924,1,opus,A11
LA_E_3514046,1,gsm,A13
LA_E_3514356,1,alaw,A15
LA_E_3514492,1,ulaw,A09
LA_E_3514581,1,g722,A16
LA_E_3514887,1,g722,A18
LA_E_3515599,0,opus,bonafide
LA_E_3515965,1,g722,A10
LA_E_3516185,1,pstn,A11
LA_E_3516420,1,alaw,A13
LA_E_3516557,1,opus,A08
LA_E_3517166,1,opus,A15
LA_E_3517266,1,gsm,A15
LA_E_3517276,1,none,A11
LA_E_3518012,1,gsm,A17
LA_E_3518223,1,gsm,A19
LA_E_3518302,1,gsm,A17
LA_E_3518332,1,pstn,A09
LA_E_3518594,1,alaw,A17
LA_E_3519328,0,opus,bonafide
LA_E_3519963,1,alaw,A18
LA_E_3520470,1,ulaw,A19
LA_E_3520654,1,ulaw,A11
LA_E_3520702,1,ulaw,A16
LA_E_3521031,1,ulaw,A07
LA_E_3521500,1,g722,A17
LA_E_3521698,0,opus,bonafide
LA_E_3521780,0,ulaw,bonafide
LA_E_3521835,1,ulaw,A14
LA_E_3522047,1,alaw,A16
LA_E_3523150,1,opus,A14
LA_E_3523543,1,ulaw,A10
LA_E_3523600,1,alaw,A19
LA_E_3523800,1,opus,A15
LA_E_3523818,1,ulaw,A07
LA_E_3524099,0,gsm,bonafide
LA_E_3524228,1,gsm,A16
LA_E_3524690,1,pstn,A09
LA_E_3524920,1,pstn,A16
LA_E_3525281,1,opus,A08
LA_E_3525313,1,gsm,A11
LA_E_3525335,1,ulaw,A19
LA_E_3525497,1,pstn,A13
LA_E_3525685,0,none,bonafide
LA_E_3525713,1,opus,A13
LA_E_3525761,1,gsm,A11
LA_E_3526057,1,none,A12
LA_E_3526227,1,opus,A16
LA_E_3526373,1,g722,A15
LA_E_3526412,1,alaw,A18
LA_E_3527185,1,gsm,A16
LA_E_3527321,1,g722,A14
LA_E_3527564,1,alaw,A10
LA_E_3527581,1,g722,A12
LA_E_3527713,1,ulaw,A17
LA_E_3528599,1,gsm,A09
LA_E_3528915,1,ulaw,A10
LA_E_3529421,1,pstn,A07
LA_E_3529450,1,gsm,A08
LA_E_3529617,1,opus,A10
LA_E_3529774,1,g722,A18
LA_E_3529882,1,gsm,A10
LA_E_3530664,1,alaw,A15
LA_E_3530822,1,g722,A18
LA_E_3530872,1,gsm,A10
LA_E_3531633,1,alaw,A13
LA_E_3532671,1,ulaw,A16
LA_E_3533313,1,g722,A17
LA_E_3533399,1,ulaw,A14
LA_E_3533511,1,gsm,A13
LA_E_3533730,1,ulaw,A13
LA_E_3534236,1,gsm,A17
LA_E_3534316,1,none,A11
LA_E_3534479,1,g722,A15
LA_E_3534541,1,ulaw,A16
LA_E_3534671,1,gsm,A12
LA_E_3535060,1,none,A16
LA_E_3535084,1,opus,A10
LA_E_3535260,0,pstn,bonafide
LA_E_3535332,1,opus,A16
LA_E_3536215,1,pstn,A10
LA_E_3536564,1,opus,A09
LA_E_3536999,1,opus,A14
LA_E_3537129,1,alaw,A17
LA_E_3537175,1,ulaw,A07
LA_E_3537290,1,g722,A07
LA_E_3537914,1,pstn,A11
LA_E_3537998,1,opus,A19
LA_E_3538121,1,none,A13
LA_E_3538284,0,g722,bonafide
LA_E_3538535,1,gsm,A19
LA_E_3539292,1,g722,A19
LA_E_3539676,1,none,A17
LA_E_3539774,1,none,A15
LA_E_3540444,1,pstn,A14
LA_E_3540516,1,ulaw,A14
LA_E_3541030,1,gsm,A15
LA_E_3541515,1,ulaw,A12
LA_E_3542356,1,ulaw,A08
LA_E_3542390,1,gsm,A10
LA_E_3542608,1,pstn,A10
LA_E_3542768,1,opus,A17
LA_E_3543256,1,gsm,A15
LA_E_3543569,1,ulaw,A16
LA_E_3544134,1,g722,A07
LA_E_3544137,1,gsm,A08
LA_E_3544138,1,gsm,A18
LA_E_3545580,0,pstn,bonafide
LA_E_3545582,1,gsm,A12
LA_E_3545585,1,alaw,A19
LA_E_3546127,1,opus,A19
LA_E_3546408,1,pstn,A07
LA_E_3547883,1,opus,A12
LA_E_3548022,1,ulaw,A13
LA_E_3548032,1,none,A19
LA_E_3548066,1,ulaw,A09
LA_E_3548101,1,alaw,A10
LA_E_3548230,1,alaw,A15
LA_E_3548308,1,pstn,A11
LA_E_3548399,1,opus,A18
LA_E_3548410,1,gsm,A15
LA_E_3548960,1,none,A16
LA_E_3549024,1,alaw,A11
LA_E_3550421,1,ulaw,A12
LA_E_3550763,1,gsm,A11
LA_E_3551176,1,pstn,A08
LA_E_3551943,1,g722,A09
LA_E_3552596,1,none,A10
LA_E_3552601,1,none,A14
LA_E_3552675,1,gsm,A09
LA_E_3552685,1,pstn,A16
LA_E_3552924,1,opus,A13
LA_E_3552960,1,opus,A13
LA_E_3553511,1,ulaw,A12
LA_E_3553718,1,g722,A10
LA_E_3554100,1,gsm,A18
LA_E_3554345,1,ulaw,A10
LA_E_3554700,1,ulaw,A18
LA_E_3555511,1,pstn,A18
LA_E_3555739,1,gsm,A13
LA_E_3556213,1,gsm,A11
LA_E_3556483,1,ulaw,A16
LA_E_3556601,1,opus,A07
LA_E_3556722,1,opus,A16
LA_E_3556830,1,gsm,A12
LA_E_3556996,1,ulaw,A10
LA_E_3557294,1,none,A15
LA_E_3557320,1,ulaw,A07
LA_E_3557331,1,pstn,A19
LA_E_3557835,0,pstn,bonafide
LA_E_3558553,1,g722,A12
LA_E_3558677,1,ulaw,A07
LA_E_3558772,1,none,A07
LA_E_3559066,1,opus,A08
LA_E_3559941,1,gsm,A08
LA_E_3560052,1,ulaw,A09
LA_E_3560289,1,opus,A18
LA_E_3560537,1,pstn,A07
LA_E_3560626,1,gsm,A08
LA_E_3561109,1,gsm,A11
LA_E_3561390,0,ulaw,bonafide
LA_E_3561505,1,gsm,A17
LA_E_3561878,0,opus,bonafide
LA_E_3562182,1,pstn,A07
LA_E_3562594,1,g722,A10
LA_E_3562679,1,ulaw,A10
LA_E_3562979,1,opus,A09
LA_E_3563202,1,gsm,A15
LA_E_3563463,1,none,A08
LA_E_3563612,1,none,A18
LA_E_3564341,1,g722,A16
LA_E_3564699,1,alaw,A10
LA_E_3564944,1,gsm,A11
LA_E_3565481,1,none,A10
LA_E_3566137,1,opus,A12
LA_E_3566290,1,alaw,A17
LA_E_3566349,1,none,A14
LA_E_3566390,1,none,A11
LA_E_3566401,0,opus,bonafide
LA_E_3566700,1,opus,A15
LA_E_3566723,1,pstn,A14
LA_E_3566911,1,gsm,A07
LA_E_3566919,1,ulaw,A12
LA_E_3566923,1,ulaw,A07
LA_E_3567150,1,opus,A13
LA_E_3567164,0,alaw,bonafide
LA_E_3567297,1,opus,A14
LA_E_3567302,1,opus,A19
LA_E_3568638,1,ulaw,A13
LA_E_3568822,1,none,A19
LA_E_3568997,1,pstn,A11
LA_E_3569039,1,opus,A15
LA_E_3569223,1,opus,A09
LA_E_3569646,1,ulaw,A07
LA_E_3569954,1,gsm,A09
LA_E_3570178,1,gsm,A10
LA_E_3570297,1,ulaw,A09
LA_E_3571117,0,none,bonafide
LA_E_3571232,1,ulaw,A09
LA_E_3571283,1,ulaw,A08
LA_E_3571344,1,opus,A19
LA_E_3571465,1,gsm,A16
LA_E_3571627,1,opus,A13
LA_E_3571721,0,gsm,bonafide
LA_E_3571958,0,ulaw,bonafide
LA_E_3572213,1,none,A19
LA_E_3572672,1,alaw,A07
LA_E_3572950,1,ulaw,A09
LA_E_3573120,1,opus,A16
LA_E_3573196,1,gsm,A11
LA_E_3573422,1,g722,A19
LA_E_3574075,1,gsm,A16
LA_E_3574222,1,ulaw,A18
LA_E_3574308,1,opus,A18
LA_E_3574491,1,g722,A12
LA_E_3574536,1,gsm,A13
LA_E_3574581,1,g722,A19
LA_E_3575232,1,gsm,A18
LA_E_3575277,1,gsm,A14
LA_E_3575389,1,gsm,A08
LA_E_3575690,0,gsm,bonafide
LA_E_3575736,1,alaw,A17
LA_E_3576726,1,opus,A08
LA_E_3577791,1,alaw,A16
LA_E_3578203,1,g722,A10
LA_E_3578360,1,alaw,A07
LA_E_3578406,1,none,A10
LA_E_3579020,1,gsm,A18
LA_E_3579027,1,g722,A08
LA_E_3579091,1,gsm,A10
LA_E_3579240,1,ulaw,A19
LA_E_3579248,1,opus,A16
LA_E_3579349,1,ulaw,A08
LA_E_3579798,1,alaw,A07
LA_E_3579971,1,none,A08
LA_E_3580083,1,g722,A13
LA_E_3580232,1,ulaw,A14
LA_E_3580407,1,pstn,A15
LA_E_3581397,1,pstn,A14
LA_E_3581781,1,ulaw,A09
LA_E_3581854,1,none,A11
LA_E_3581970,1,opus,A12
LA_E_3583203,1,g722,A18
LA_E_3583336,1,pstn,A13
LA_E_3583373,1,opus,A07
LA_E_3583772,1,g722,A18
LA_E_3584514,1,ulaw,A16
LA_E_3584557,1,pstn,A16
LA_E_3584619,1,ulaw,A15
LA_E_3584656,1,opus,A11
LA_E_3584665,1,pstn,A10
LA_E_3585170,1,opus,A15
LA_E_3585543,1,ulaw,A13
LA_E_3586376,1,ulaw,A15
LA_E_3586488,1,none,A17
LA_E_3586994,1,ulaw,A17
LA_E_3587010,1,opus,A08
LA_E_3587095,1,ulaw,A13
LA_E_3587217,0,g722,bonafide
LA_E_3587283,1,pstn,A15
LA_E_3588259,1,opus,A07
LA_E_3588451,1,pstn,A16
LA_E_3588455,1,alaw,A12
LA_E_3588822,1,g722,A16
LA_E_3588943,1,none,A09
LA_E_3589092,1,gsm,A07
LA_E_3589209,1,opus,A08
LA_E_3589235,1,opus,A09
LA_E_3590040,1,alaw,A15
LA_E_3590791,1,opus,A08
LA_E_3591378,1,ulaw,A17
LA_E_3591499,1,opus,A13
LA_E_3591595,1,pstn,A13
LA_E_3591926,1,opus,A19
LA_E_3593172,1,opus,A14
LA_E_3593201,1,opus,A11
LA_E_3593623,1,gsm,A16
LA_E_3593799,1,gsm,A07
LA_E_3593812,1,pstn,A11
LA_E_3593993,1,opus,A09
LA_E_3594428,1,none,A13
LA_E_3594802,1,gsm,A17
LA_E_3595436,1,ulaw,A19
LA_E_3595610,1,ulaw,A12
LA_E_3595920,1,g722,A19
LA_E_3596604,0,none,bonafide
LA_E_3596622,1,ulaw,A09
LA_E_3596853,1,alaw,A19
LA_E_3597116,1,opus,A14
LA_E_3597281,0,alaw,bonafide
LA_E_3597473,1,g722,A12
LA_E_3597477,1,ulaw,A14
LA_E_3597682,1,gsm,A17
LA_E_3597834,1,opus,A18
LA_E_3597951,1,g722,A17
LA_E_3598340,1,opus,A15
LA_E_3598659,1,gsm,A16
LA_E_3599393,1,alaw,A10
LA_E_3599405,1,ulaw,A14
LA_E_3599809,0,opus,bonafide
LA_E_3600033,1,pstn,A17
LA_E_3600742,1,alaw,A14
LA_E_3600886,1,none,A16
LA_E_3601095,0,pstn,bonafide
LA_E_3601237,1,gsm,A14
LA_E_3601728,1,opus,A16
LA_E_3601739,1,none,A16
LA_E_3601848,1,none,A10
LA_E_3602026,1,none,A13
LA_E_3602232,1,opus,A19
LA_E_3602259,1,ulaw,A13
LA_E_3602355,1,gsm,A15
LA_E_3602653,1,ulaw,A12
LA_E_3603162,1,pstn,A19
LA_E_3605044,1,pstn,A19
LA_E_3605468,1,pstn,A07
LA_E_3605494,1,ulaw,A07
LA_E_3606108,1,alaw,A11
LA_E_3606263,1,opus,A16
LA_E_3606407,1,ulaw,A11
LA_E_3606552,1,none,A09
LA_E_3606564,1,gsm,A16
LA_E_3606607,1,gsm,A12
LA_E_3606660,1,gsm,A13
LA_E_3606771,1,opus,A11
LA_E_3607009,1,pstn,A14
LA_E_3607837,1,gsm,A18
LA_E_3607854,1,ulaw,A07
LA_E_3607982,1,gsm,A08
LA_E_3608006,1,ulaw,A19
LA_E_3608008,1,pstn,A09
LA_E_3608054,1,ulaw,A07
LA_E_3608427,0,alaw,bonafide
LA_E_3609025,1,opus,A14
LA_E_3609559,1,none,A09
LA_E_3609598,1,opus,A18
LA_E_3609643,1,g722,A11
LA_E_3610155,1,alaw,A13
LA_E_3610221,1,opus,A17
LA_E_3610536,1,pstn,A07
LA_E_3611176,1,opus,A16
LA_E_3611240,1,ulaw,A15
LA_E_3611512,1,gsm,A08
LA_E_3611587,1,none,A17
LA_E_3611689,1,ulaw,A13
LA_E_3611695,0,alaw,bonafide
LA_E_3611842,1,ulaw,A07
LA_E_3612020,1,opus,A09
LA_E_3612229,1,gsm,A18
LA_E_3612273,1,gsm,A10
LA_E_3612372,1,opus,A11
LA_E_3612767,1,opus,A13
LA_E_3612853,1,alaw,A13
LA_E_3612963,1,ulaw,A16
LA_E_3613911,1,opus,A08
LA_E_3614191,1,gsm,A12
LA_E_3614298,1,none,A07
LA_E_3614587,1,ulaw,A18
LA_E_3614708,1,alaw,A17
LA_E_3614738,1,none,A12
LA_E_3615070,1,g722,A13
LA_E_3615612,1,alaw,A18
LA_E_3615792,0,gsm,bonafide
LA_E_3616182,1,none,A13
LA_E_3616494,1,alaw,A14
LA_E_3616798,1,pstn,A14
LA_E_3616814,1,opus,A17
LA_E_3617541,1,g722,A19
LA_E_3617869,1,none,A07
LA_E_3618004,1,none,A10
LA_E_3618416,1,gsm,A13
LA_E_3618435,1,none,A08
LA_E_3618546,1,none,A08
LA_E_3618749,1,opus,A10
LA_E_3618755,1,opus,A10
LA_E_3618887,1,g722,A08
LA_E_3619318,1,g722,A14
LA_E_3619349,1,g722,A10
LA_E_3619980,1,gsm,A10
LA_E_3620410,1,gsm,A07
LA_E_3620565,1,g722,A15
LA_E_3621064,0,alaw,bonafide
LA_E_3621152,1,none,A19
LA_E_3621283,1,alaw,A08
LA_E_3621292,1,none,A12
LA_E_3621379,1,alaw,A10
LA_E_3621964,1,ulaw,A18
LA_E_3622032,1,gsm,A15
LA_E_3622294,1,pstn,A13
LA_E_3623078,1,none,A11
LA_E_3623465,1,opus,A14
LA_E_3623595,1,opus,A18
LA_E_3623924,1,pstn,A18
LA_E_3624225,1,gsm,A12
LA_E_3624364,1,g722,A10
LA_E_3624608,1,gsm,A19
LA_E_3624662,0,alaw,bonafide
LA_E_3625590,1,opus,A10
LA_E_3626215,1,gsm,A15
LA_E_3626506,1,alaw,A10
LA_E_3626601,1,gsm,A12
LA_E_3626660,1,pstn,A15
LA_E_3627239,1,gsm,A10
LA_E_3628145,1,alaw,A17
LA_E_3628354,0,g722,bonafide
LA_E_3628686,1,alaw,A16
LA_E_3629471,1,opus,A19
LA_E_3629532,1,opus,A17
LA_E_3629707,1,opus,A14
LA_E_3629907,1,gsm,A17
LA_E_3630406,1,ulaw,A08
LA_E_3630475,1,none,A18
LA_E_3630504,1,alaw,A19
LA_E_3630624,1,g722,A14
LA_E_3630727,1,gsm,A09
LA_E_3631422,1,opus,A15
LA_E_3632201,1,none,A15
LA_E_3633335,0,opus,bonafide
LA_E_3633349,1,ulaw,A16
LA_E_3633471,1,ulaw,A08
LA_E_3633496,1,pstn,A15
LA_E_3633521,1,opus,A11
LA_E_3633761,1,opus,A16
LA_E_3633971,0,opus,bonafide
LA_E_3634119,1,gsm,A13
LA_E_3635206,1,alaw,A12
LA_E_3635214,1,g722,A07
LA_E_3635982,1,gsm,A11
LA_E_3635998,1,gsm,A16
LA_E_3636104,1,gsm,A10
LA_E_3636155,1,g722,A09
LA_E_3636328,1,opus,A18
LA_E_3636562,1,g722,A13
LA_E_3637303,1,none,A17
LA_E_3637677,1,ulaw,A10
LA_E_3637918,1,alaw,A15
LA_E_3638465,1,none,A13
LA_E_3638677,1,alaw,A14
LA_E_3638987,1,ulaw,A10
LA_E_3639847,1,gsm,A18
LA_E_3640019,1,gsm,A09
LA_E_3640081,1,pstn,A12
LA_E_3640316,1,alaw,A10
LA_E_3640743,1,ulaw,A15
LA_E_3641070,1,gsm,A09
LA_E_3641179,1,opus,A07
LA_E_3641181,1,none,A18
LA_E_3641227,1,ulaw,A07
LA_E_3641460,1,g722,A13
LA_E_3641867,1,gsm,A18
LA_E_3642228,1,ulaw,A11
LA_E_3642488,1,opus,A15
LA_E_3642833,1,ulaw,A13
LA_E_3643017,1,ulaw,A12
LA_E_3643248,1,alaw,A11
LA_E_3643385,1,alaw,A12
LA_E_3643415,1,ulaw,A13
LA_E_3643942,1,pstn,A16
LA_E_3644020,1,g722,A15
LA_E_3644239,1,ulaw,A18
LA_E_3644394,1,ulaw,A10
LA_E_3645808,1,ulaw,A18
LA_E_3646093,1,none,A07
LA_E_3646099,1,pstn,A19
LA_E_3646287,1,ulaw,A16
LA_E_3646340,1,alaw,A13
LA_E_3646552,1,g722,A07
LA_E_3647605,0,none,bonafide
LA_E_3647729,0,alaw,bonafide
LA_E_3647922,1,opus,A17
LA_E_3648414,0,g722,bonafide
LA_E_3648748,1,ulaw,A18
LA_E_3649084,0,ulaw,bonafide
LA_E_3649235,1,opus,A10
LA_E_3649890,1,gsm,A12
LA_E_3650022,1,ulaw,A16
LA_E_3650105,1,ulaw,A12
LA_E_3650374,0,gsm,bonafide
LA_E_3650460,1,gsm,A17
LA_E_3650573,0,ulaw,bonafide
LA_E_3650789,1,alaw,A08
LA_E_3650792,1,gsm,A18
LA_E_3651141,1,gsm,A11
LA_E_3651158,1,opus,A19
LA_E_3651392,1,pstn,A19
LA_E_3651451,1,opus,A09
LA_E_3651455,1,pstn,A14
LA_E_3651528,1,none,A07
LA_E_3651886,1,pstn,A08
LA_E_3652127,1,gsm,A10
LA_E_3652189,1,ulaw,A13
LA_E_3652206,1,alaw,A07
LA_E_3652618,1,pstn,A10
LA_E_3652771,1,ulaw,A12
LA_E_3653504,1,pstn,A08
LA_E_3653743,1,g722,A19
LA_E_3653934,1,g722,A13
LA_E_3654272,1,alaw,A15
LA_E_3654297,1,g722,A12
LA_E_3654315,1,pstn,A11
LA_E_3654358,1,g722,A15
LA_E_3654379,1,gsm,A19
LA_E_3654432,1,none,A07
LA_E_3654462,0,gsm,bonafide
LA_E_3654732,1,alaw,A09
LA_E_3655342,1,alaw,A09
LA_E_3655388,0,opus,bonafide
LA_E_3655422,1,ulaw,A08
LA_E_3655560,1,pstn,A17
LA_E_3655687,1,gsm,A12
LA_E_3655746,1,gsm,A17
LA_E_3655751,1,ulaw,A10
LA_E_3655847,1,opus,A11
LA_E_3655901,1,ulaw,A18
LA_E_3656487,0,opus,bonafide
LA_E_3656812,0,pstn,bonafide
LA_E_3656915,1,g722,A16
LA_E_3657028,1,ulaw,A17
LA_E_3657044,1,alaw,A19
LA_E_3657045,1,ulaw,A11
LA_E_3657259,1,opus,A19
LA_E_3657555,1,none,A09
LA_E_3657847,1,g722,A11
LA_E_3657856,1,pstn,A18
LA_E_3658058,0,gsm,bonafide
LA_E_3658170,1,opus,A09
LA_E_3658509,1,g722,A13
LA_E_3658705,1,none,A19
LA_E_3658869,1,alaw,A07
LA_E_3658967,1,g722,A08
LA_E_3659103,0,alaw,bonafide
LA_E_3659144,1,none,A14
LA_E_3659203,1,opus,A12
LA_E_3659727,0,pstn,bonafide
LA_E_3659813,1,alaw,A10
LA_E_3659976,0,opus,bonafide
LA_E_3660357,1,ulaw,A09
LA_E_3660372,1,g722,A12
LA_E_3660456,1,opus,A07
LA_E_3660601,1,opus,A13
LA_E_3660953,1,g722,A18
LA_E_3661011,1,ulaw,A12
LA_E_3661229,1,none,A11
LA_E_3661964,1,alaw,A10
LA_E_3661969,1,opus,A18
LA_E_3662058,1,gsm,A13
LA_E_3662493,1,opus,A08
LA_E_3662878,1,pstn,A17
LA_E_3662898,1,gsm,A09
LA_E_3662908,1,gsm,A17
LA_E_3662956,1,none,A13
LA_E_3662973,0,gsm,bonafide
LA_E_3663030,1,alaw,A19
LA_E_3663039,1,opus,A11
LA_E_3663359,0,gsm,bonafide
LA_E_3663511,1,alaw,A14
LA_E_3663530,1,alaw,A17
LA_E_3663559,1,ulaw,A10
LA_E_3663709,1,none,A07
LA_E_3664139,1,g722,A07
LA_E_3664601,1,pstn,A12
LA_E_3664896,1,alaw,A10
LA_E_3665024,1,pstn,A12
LA_E_3665060,1,none,A12
LA_E_3665110,1,none,A13
LA_E_3665251,1,alaw,A18
LA_E_3665308,1,alaw,A18
LA_E_3665700,1,opus,A14
LA_E_3665958,0,gsm,bonafide
LA_E_3666083,1,gsm,A14
LA_E_3666341,1,pstn,A16
LA_E_3667134,1,ulaw,A08
LA_E_3667267,1,alaw,A18
LA_E_3667394,1,g722,A19
LA_E_3667492,1,pstn,A10
LA_E_3667533,1,opus,A15
LA_E_3667652,1,opus,A18
LA_E_3668410,1,ulaw,A07
LA_E_3668436,1,pstn,A11
LA_E_3668598,1,opus,A13
LA_E_3669058,1,none,A15
LA_E_3669374,1,g722,A17
LA_E_3669381,1,g722,A08
LA_E_3669389,1,opus,A18
LA_E_3669423,1,gsm,A19
LA_E_3669900,1,pstn,A14
LA_E_3669981,1,alaw,A16
LA_E_3669986,1,opus,A07
LA_E_3670205,1,ulaw,A10
LA_E_3670429,1,opus,A09
LA_E_3671044,1,gsm,A09
LA_E_3671259,1,g722,A07
LA_E_3671842,1,pstn,A14
LA_E_3672442,1,alaw,A13
LA_E_3672578,1,gsm,A17
LA_E_3672657,0,gsm,bonafide
LA_E_3672715,1,gsm,A12
LA_E_3672958,1,opus,A08
LA_E_3673054,1,alaw,A16
LA_E_3673060,1,none,A16
LA_E_3673139,1,pstn,A18
LA_E_3673469,0,opus,bonafide
LA_E_3674318,1,gsm,A13
LA_E_3674535,1,opus,A18
LA_E_3674669,0,ulaw,bonafide
LA_E_3674773,1,opus,A11
LA_E_3674800,1,alaw,A08
LA_E_3674871,1,gsm,A15
LA_E_3674951,1,alaw,A18
LA_E_3675020,1,alaw,A11
LA_E_3675302,1,g722,A09
LA_E_3675792,1,gsm,A12
LA_E_3676078,1,none,A08
LA_E_3676249,1,gsm,A07
LA_E_3677504,1,opus,A07
LA_E_3677537,1,g722,A11
LA_E_3677665,1,opus,A12
LA_E_3677738,1,gsm,A14
LA_E_3678745,1,pstn,A11
LA_E_3679003,0,opus,bonafide
LA_E_3679210,1,none,A11
LA_E_3679310,1,g722,A15
LA_E_3679442,1,opus,A11
LA_E_3680028,1,g722,A16
LA_E_3680051,1,pstn,A14
LA_E_3680191,1,alaw,A13
LA_E_3680400,1,none,A18
LA_E_3680735,1,gsm,A07
LA_E_3680763,1,pstn,A17
LA_E_3680860,1,opus,A11
LA_E_3680905,1,g722,A18
LA_E_3681046,1,ulaw,A19
LA_E_3681985,1,ulaw,A09
LA_E_3682012,1,alaw,A18
LA_E_3682130,0,ulaw,bonafide
LA_E_3682172,1,gsm,A12
LA_E_3683127,1,pstn,A10
LA_E_3683463,1,g722,A09
LA_E_3683595,1,ulaw,A10
LA_E_3683746,1,none,A15
LA_E_3684294,1,none,A19
LA_E_3684859,1,ulaw,A19
LA_E_3684990,1,ulaw,A14
LA_E_3685333,1,opus,A15
LA_E_3685837,1,alaw,A12
LA_E_3686063,1,g722,A18
LA_E_3686231,1,ulaw,A12
LA_E_3686811,1,none,A16
LA_E_3687426,1,none,A18
LA_E_3687451,1,g722,A14
LA_E_3687561,1,none,A07
LA_E_3688108,1,g722,A08
LA_E_3689583,1,gsm,A11
LA_E_3689663,1,none,A18
LA_E_3690362,1,ulaw,A09
LA_E_3690392,1,opus,A12
LA_E_3690507,1,opus,A17
LA_E_3690601,1,pstn,A09
LA_E_3690646,1,opus,A15
LA_E_3690870,1,gsm,A15
LA_E_3691582,0,ulaw,bonafide
LA_E_3691709,1,gsm,A19
LA_E_3691921,1,none,A13
LA_E_3692143,1,none,A13
LA_E_3692392,1,opus,A17
LA_E_3692601,1,ulaw,A15
LA_E_3692708,1,gsm,A14
LA_E_3692825,0,gsm,bonafide
LA_E_3692963,1,ulaw,A16
LA_E_3693114,0,opus,bonafide
LA_E_3693210,1,pstn,A09
LA_E_3693455,1,ulaw,A17
LA_E_3693517,1,opus,A12
LA_E_3694260,1,none,A07
LA_E_3694445,1,ulaw,A10
LA_E_3694934,1,none,A09
LA_E_3695935,0,opus,bonafide
LA_E_3696044,1,gsm,A17
LA_E_3696208,1,pstn,A14
LA_E_3696233,1,gsm,A12
LA_E_3696308,0,alaw,bonafide
LA_E_3697465,1,none,A11
LA_E_3697540,1,alaw,A13
LA_E_3697879,1,none,A14
LA_E_3698334,1,alaw,A17
LA_E_3698808,1,alaw,A11
LA_E_3698873,1,gsm,A08
LA_E_3699253,1,none,A07
LA_E_3699619,1,ulaw,A14
LA_E_3699704,0,opus,bonafide
LA_E_3699712,1,alaw,A08
LA_E_3699751,1,pstn,A14
LA_E_3699970,1,gsm,A13
LA_E_3700345,1,none,A10
LA_E_3700403,1,alaw,A15
LA_E_3700953,1,none,A13
LA_E_3701144,1,ulaw,A10
LA_E_3701212,1,gsm,A07
LA_E_3701315,1,none,A14
LA_E_3701335,1,gsm,A10
LA_E_3701647,1,gsm,A07
LA_E_3701820,0,g722,bonafide
LA_E_3701855,1,gsm,A13
LA_E_3701945,1,ulaw,A15
LA_E_3702112,1,ulaw,A19
LA_E_3702122,1,none,A09
LA_E_3702202,1,gsm,A17
LA_E_3702280,1,gsm,A07
LA_E_3702285,0,gsm,bonafide
LA_E_3702555,1,none,A15
LA_E_3702852,0,gsm,bonafide
LA_E_3702905,1,alaw,A14
LA_E_3702934,1,pstn,A13
LA_E_3703872,1,gsm,A18
LA_E_3704082,0,pstn,bonafide
LA_E_3704338,1,pstn,A14
LA_E_3704430,1,pstn,A18
LA_E_3704626,1,g722,A07
LA_E_3704675,0,ulaw,bonafide
LA_E_3704856,1,none,A16
LA_E_3705445,1,pstn,A13
LA_E_3705586,1,ulaw,A10
LA_E_3705755,0,none,bonafide
LA_E_3705929,1,alaw,A09
LA_E_3706100,1,opus,A19
LA_E_3706192,1,alaw,A16
LA_E_3706340,1,none,A18
LA_E_3706767,1,none,A16
LA_E_3707072,1,none,A11
LA_E_3707191,1,alaw,A11
LA_E_3707204,1,none,A17
LA_E_3707232,1,g722,A14
LA_E_3707524,1,opus,A07
LA_E_3707550,1,gsm,A16
LA_E_3707875,1,gsm,A09
LA_E_3708055,0,none,bonafide
LA_E_3708748,1,g722,A18
LA_E_3708790,1,gsm,A19
LA_E_3708854,1,pstn,A10
LA_E_3708987,1,gsm,A17
LA_E_3709580,1,g722,A15
LA_E_3710684,1,alaw,A13
LA_E_3710700,1,alaw,A10
LA_E_3710756,1,none,A11
LA_E_3710799,0,gsm,bonafide
LA_E_3710861,0,ulaw,bonafide
LA_E_3710879,1,gsm,A07
LA_E_3711230,1,ulaw,A12
LA_E_3711266,1,gsm,A19
LA_E_3711570,1,gsm,A08
LA_E_3711712,1,none,A13
LA_E_3711820,1,alaw,A17
LA_E_3712087,1,ulaw,A19
LA_E_3712698,1,opus,A14
LA_E_3712750,1,opus,A18
LA_E_3713211,1,g722,A10
LA_E_3713418,1,ulaw,A09
LA_E_3713459,0,alaw,bonafide
LA_E_3713772,1,none,A09
LA_E_3713835,0,gsm,bonafide
LA_E_3714038,1,gsm,A14
LA_E_3714344,1,opus,A10
LA_E_3714593,0,opus,bonafide
LA_E_3715081,1,alaw,A14
LA_E_3715345,1,gsm,A09
LA_E_3715755,1,opus,A16
LA_E_3716306,1,ulaw,A15
LA_E_3716478,1,g722,A13
LA_E_3716555,1,opus,A16
LA_E_3716639,1,ulaw,A15
LA_E_3716967,1,ulaw,A14
LA_E_3717056,1,ulaw,A15
LA_E_3717185,1,ulaw,A09
LA_E_3717338,1,ulaw,A18
LA_E_3717553,1,alaw,A16
LA_E_3717890,1,opus,A15
LA_E_3718101,1,pstn,A13
LA_E_3718133,1,pstn,A19
LA_E_3718208,1,opus,A17
LA_E_3718590,1,alaw,A13
LA_E_3718726,1,ulaw,A07
LA_E_3718739,1,opus,A09
LA_E_3718825,1,alaw,A13
LA_E_3718950,1,none,A07
LA_E_3719021,1,none,A13
LA_E_3719113,0,alaw,bonafide
LA_E_3719460,1,gsm,A09
LA_E_3719851,1,pstn,A10
LA_E_3719855,1,ulaw,A15
LA_E_3720014,1,none,A12
LA_E_3720016,1,g722,A13
LA_E_3720480,1,opus,A19
LA_E_3720566,1,alaw,A10
LA_E_3720658,1,pstn,A18
LA_E_3720661,1,ulaw,A08
LA_E_3721147,1,none,A15
LA_E_3721149,0,alaw,bonafide
LA_E_3721417,1,none,A09
LA_E_3721428,0,g722,bonafide
LA_E_3722043,0,alaw,bonafide
LA_E_3722126,1,ulaw,A15
LA_E_3722208,0,opus,bonafide
LA_E_3722407,0,ulaw,bonafide
LA_E_3722410,1,opus,A17
LA_E_3722637,1,opus,A09
LA_E_3722846,1,gsm,A19
LA_E_3722869,1,none,A09
LA_E_3723091,1,pstn,A12
LA_E_3723325,1,opus,A10
LA_E_3723631,1,gsm,A08
LA_E_3723693,1,none,A11
LA_E_3723743,1,pstn,A16
LA_E_3723871,1,alaw,A18
LA_E_3724331,1,gsm,A15
LA_E_3724724,1,opus,A11
LA_E_3725622,1,opus,A16
LA_E_3725718,1,alaw,A11
LA_E_3726228,1,gsm,A10
LA_E_3726267,1,none,A09
LA_E_3726418,1,pstn,A17
LA_E_3726542,1,gsm,A13
LA_E_3726589,1,opus,A17
LA_E_3726972,1,none,A13
LA_E_3727239,1,alaw,A08
LA_E_3727403,1,gsm,A19
LA_E_3727417,1,opus,A13
LA_E_3727591,1,none,A19
LA_E_3728082,1,gsm,A10
LA_E_3728632,1,alaw,A16
LA_E_3728813,1,none,A07
LA_E_3728942,1,none,A10
LA_E_3729064,1,g722,A11
LA_E_3729499,1,gsm,A14
LA_E_3729580,1,gsm,A07
LA_E_3729615,1,none,A08
LA_E_3729654,1,alaw,A18
LA_E_3729754,1,pstn,A17
LA_E_3729809,1,ulaw,A10
LA_E_3730759,1,gsm,A09
LA_E_3730959,1,g722,A13
LA_E_3731030,1,ulaw,A07
LA_E_3731091,0,g722,bonafide
LA_E_3731266,1,opus,A07
LA_E_3731386,1,alaw,A19
LA_E_3731935,1,ulaw,A13
LA_E_3732200,1,ulaw,A17
LA_E_3732493,1,pstn,A13
LA_E_3732624,1,gsm,A13
LA_E_3733076,1,ulaw,A19
LA_E_3733289,1,opus,A17
LA_E_3733563,1,alaw,A15
LA_E_3733725,1,gsm,A17
LA_E_3733848,1,opus,A10
LA_E_3733855,1,ulaw,A12
LA_E_3734003,0,pstn,bonafide
LA_E_3734095,1,ulaw,A10
LA_E_3734100,1,ulaw,A17
LA_E_3734511,1,ulaw,A14
LA_E_3734624,0,none,bonafide
LA_E_3734918,1,pstn,A11
LA_E_3735183,1,opus,A10
LA_E_3735300,1,g722,A14
LA_E_3735883,1,gsm,A14
LA_E_3736196,1,gsm,A14
LA_E_3736251,1,none,A08
LA_E_3736356,1,gsm,A17
LA_E_3737144,1,alaw,A14
LA_E_3737269,1,gsm,A09
LA_E_3737402,1,ulaw,A19
LA_E_3737674,1,ulaw,A08
LA_E_3738592,1,opus,A14
LA_E_3739333,1,ulaw,A11
LA_E_3739487,1,g722,A18
LA_E_3739632,1,ulaw,A13
LA_E_3739942,1,gsm,A16
LA_E_3739984,1,opus,A19
LA_E_3740074,1,pstn,A13
LA_E_3740240,0,g722,bonafide
LA_E_3740584,1,none,A07
LA_E_3741061,1,g722,A17
LA_E_3741534,1,g722,A08
LA_E_3741708,1,pstn,A12
LA_E_3741751,1,alaw,A18
LA_E_3742346,0,pstn,bonafide
LA_E_3742400,1,alaw,A14
LA_E_3742456,1,opus,A17
LA_E_3742554,1,none,A17
LA_E_3742617,0,gsm,bonafide
LA_E_3742744,1,g722,A11
LA_E_3742987,1,g722,A15
LA_E_3743249,1,none,A13
LA_E_3743259,1,ulaw,A07
LA_E_3743376,1,ulaw,A07
LA_E_3743684,1,ulaw,A13
LA_E_3743859,1,none,A19
LA_E_3744339,0,none,bonafide
LA_E_3745011,1,pstn,A08
LA_E_3745076,1,gsm,A11
LA_E_3745595,1,alaw,A11
LA_E_3745825,1,none,A17
LA_E_3745892,1,none,A08
LA_E_3746048,1,pstn,A10
LA_E_3746051,1,g722,A14
LA_E_3746707,1,gsm,A08
LA_E_3746771,1,ulaw,A17
LA_E_3746862,1,opus,A12
LA_E_3747077,1,gsm,A14
LA_E_3747559,0,ulaw,bonafide
LA_E_3747571,1,pstn,A16
LA_E_3747932,0,alaw,bonafide
LA_E_3748089,1,gsm,A15
LA_E_3748300,1,ulaw,A19
LA_E_3748735,1,opus,A14
LA_E_3749431,1,opus,A13
LA_E_3749616,1,g722,A11
LA_E_3749834,1,alaw,A09
LA_E_3750175,1,alaw,A11
LA_E_3750302,0,alaw,bonafide
LA_E_3750618,1,ulaw,A11
LA_E_3750821,1,none,A10
LA_E_3751405,1,none,A11
LA_E_3752024,1,gsm,A13
LA_E_3752125,1,pstn,A09
LA_E_3752560,1,gsm,A19
LA_E_3752651,1,g722,A11
LA_E_3753448,1,gsm,A11
LA_E_3753700,1,none,A07
LA_E_3754009,1,opus,A09
LA_E_3754247,1,opus,A12
LA_E_3754393,1,alaw,A08
LA_E_3754626,1,gsm,A12
LA_E_3754739,1,none,A13
LA_E_3754804,1,alaw,A11
LA_E_3754830,1,ulaw,A15
LA_E_3755148,1,none,A15
LA_E_3755327,1,pstn,A14
LA_E_3755573,1,opus,A13
LA_E_3755691,0,alaw,bonafide
LA_E_3755709,1,gsm,A17
LA_E_3755728,1,ulaw,A16
LA_E_3756205,1,g722,A13
LA_E_3756717,1,pstn,A15
LA_E_3757029,0,g722,bonafide
LA_E_3757137,1,gsm,A09
LA_E_3757332,1,none,A10
LA_E_3757366,1,opus,A13
LA_E_3757459,1,pstn,A12
LA_E_3757470,1,none,A12
LA_E_3757714,0,ulaw,bonafide
LA_E_3757820,1,alaw,A07
LA_E_3758473,1,ulaw,A08
LA_E_3758626,1,gsm,A11
LA_E_3758818,1,opus,A09
LA_E_3759323,1,ulaw,A18
LA_E_3759536,1,none,A18
LA_E_3759586,1,ulaw,A15
LA_E_3759786,1,none,A16
LA_E_3760022,1,g722,A19
LA_E_3760099,1,none,A11
LA_E_3760150,1,ulaw,A12
LA_E_3760224,1,pstn,A11
LA_E_3760374,1,none,A09
LA_E_3760504,1,none,A14
LA_E_3760949,0,pstn,bonafide
LA_E_3760992,1,opus,A16
LA_E_3761077,1,g722,A09
LA_E_3761201,1,none,A19
LA_E_3761295,1,opus,A19
LA_E_3761546,1,pstn,A14
LA_E_3762233,1,alaw,A11
LA_E_3762317,1,g722,A15
LA_E_3762404,0,ulaw,bonafide
LA_E_3762652,1,gsm,A08
LA_E_3762729,1,ulaw,A17
LA_E_3762995,1,opus,A08
LA_E_3763214,1,g722,A07
LA_E_3763267,1,g722,A12
LA_E_3763750,1,pstn,A16
LA_E_3764046,1,ulaw,A11
LA_E_3764254,1,gsm,A13
LA_E_3764326,1,none,A15
LA_E_3764813,1,alaw,A11
LA_E_3764895,1,g722,A11
LA_E_3765454,1,alaw,A10
LA_E_3765486,1,ulaw,A10
LA_E_3765688,1,alaw,A10
LA_E_3765719,1,ulaw,A14
LA_E_3766011,1,ulaw,A17
LA_E_3766075,1,none,A08
LA_E_3766083,1,alaw,A18
LA_E_3766222,1,none,A07
LA_E_3766359,1,ulaw,A08
LA_E_3766875,1,g722,A13
LA_E_3767062,1,opus,A16
LA_E_3767131,1,ulaw,A09
LA_E_3767133,1,opus,A08
LA_E_3767317,1,g722,A10
LA_E_3767396,1,g722,A18
LA_E_3767586,1,alaw,A10
LA_E_3767597,1,gsm,A12
LA_E_3768250,1,alaw,A18
LA_E_3768347,1,gsm,A17
LA_E_3768658,1,g722,A15
LA_E_3768705,1,ulaw,A17
LA_E_3769305,1,gsm,A15
LA_E_3769910,1,g722,A09
LA_E_3770171,1,gsm,A13
LA_E_3770183,1,alaw,A08
LA_E_3770692,1,alaw,A09
LA_E_3770696,1,ulaw,A19
LA_E_3770868,1,alaw,A09
LA_E_3771729,1,g722,A15
LA_E_3771882,1,ulaw,A15
LA_E_3772101,1,alaw,A10
LA_E_3772671,1,ulaw,A19
LA_E_3772679,1,gsm,A15
LA_E_3772809,1,alaw,A19
LA_E_3773052,1,ulaw,A11
LA_E_3773339,1,alaw,A11
LA_E_3773501,1,pstn,A18
LA_E_3773653,1,gsm,A15
LA_E_3773867,1,gsm,A11
LA_E_3774127,0,pstn,bonafide
LA_E_3774364,1,ulaw,A18
LA_E_3774690,0,gsm,bonafide
LA_E_3774794,1,alaw,A09
LA_E_3774875,1,opus,A12
LA_E_3775287,1,alaw,A13
LA_E_3775375,1,pstn,A14
LA_E_3775820,1,gsm,A07
LA_E_3775886,1,opus,A12
LA_E_3775952,1,alaw,A12
LA_E_3776815,0,gsm,bonafide
LA_E_3777192,1,opus,A16
LA_E_3777695,1,ulaw,A12
LA_E_3777782,1,none,A11
LA_E_3778324,1,g722,A14
LA_E_3778489,1,gsm,A10
LA_E_3778533,1,opus,A15
LA_E_3778788,1,opus,A16
LA_E_3778929,1,alaw,A17
LA_E_3778962,1,g722,A11
LA_E_3779018,1,alaw,A15
LA_E_3779414,1,opus,A18
LA_E_3779483,1,gsm,A13
LA_E_3779795,1,g722,A16
LA_E_3779978,1,g722,A17
LA_E_3780098,1,g722,A07
LA_E_3780744,0,alaw,bonafide
LA_E_3780795,1,alaw,A14
LA_E_3781027,0,none,bonafide
LA_E_3781367,1,opus,A10
LA_E_3781526,1,ulaw,A08
LA_E_3781669,1,gsm,A11
LA_E_3781748,1,g722,A15
LA_E_3781934,1,ulaw,A14
LA_E_3782339,1,g722,A13
LA_E_3782525,1,g722,A19
LA_E_3782816,1,alaw,A08
LA_E_3782843,1,g722,A13
LA_E_3783030,0,ulaw,bonafide
LA_E_3783042,1,gsm,A19
LA_E_3783496,1,gsm,A10
LA_E_3784031,1,gsm,A18
LA_E_3784275,1,none,A15
LA_E_3784318,1,gsm,A18
LA_E_3785267,1,opus,A07
LA_E_3785421,1,none,A16
LA_E_3785703,1,gsm,A17
LA_E_3785756,1,pstn,A14
LA_E_3785926,1,opus,A12
LA_E_3785972,1,none,A08
LA_E_3786623,1,opus,A11
LA_E_3786899,1,ulaw,A08
LA_E_3786908,1,ulaw,A12
LA_E_3787473,1,alaw,A15
LA_E_3787775,1,none,A19
LA_E_3787950,1,g722,A15
LA_E_3787970,0,pstn,bonafide
LA_E_3788013,1,gsm,A09
LA_E_3788359,0,g722,bonafide
LA_E_3788590,0,pstn,bonafide
LA_E_3789121,1,alaw,A17
LA_E_3789129,1,pstn,A17
LA_E_3789156,1,opus,A10
LA_E_3789323,1,gsm,A08
LA_E_3789385,1,alaw,A13
LA_E_3789402,1,alaw,A08
LA_E_3789917,1,opus,A15
LA_E_3790039,1,ulaw,A16
LA_E_3790063,1,ulaw,A09
LA_E_3790548,1,none,A18
LA_E_3790573,1,ulaw,A18
LA_E_3790823,1,pstn,A19
LA_E_3790991,0,pstn,bonafide
LA_E_3791079,1,pstn,A10
LA_E_3791220,1,alaw,A08
LA_E_3791518,1,opus,A12
LA_E_3791547,1,pstn,A07
LA_E_3791627,1,pstn,A07
LA_E_3791633,0,pstn,bonafide
LA_E_3791699,1,none,A08
LA_E_3791973,1,g722,A19
LA_E_3792187,1,pstn,A19
LA_E_3792228,1,g722,A17
LA_E_3792291,1,none,A09
LA_E_3792499,1,none,A17
LA_E_3793154,1,opus,A16
LA_E_3793174,1,g722,A07
LA_E_3793405,1,ulaw,A15
LA_E_3793519,1,opus,A14
LA_E_3794123,0,gsm,bonafide
LA_E_3794234,0,g722,bonafide
LA_E_3794469,1,alaw,A07
LA_E_3794482,1,g722,A11
LA_E_3794966,0,none,bonafide
LA_E_3795367,1,opus,A08
LA_E_3795536,1,none,A09
LA_E_3795617,1,g722,A07
LA_E_3795811,1,opus,A09
LA_E_3796355,1,gsm,A10
LA_E_3796418,1,alaw,A14
LA_E_3796719,1,opus,A08
LA_E_3796867,1,g722,A18
LA_E_3797335,1,alaw,A18
LA_E_3797531,1,pstn,A09
LA_E_3797759,1,ulaw,A09
LA_E_3797805,1,none,A15
LA_E_3798372,1,gsm,A10
LA_E_3798469,1,g722,A08
LA_E_3798899,1,alaw,A19
LA_E_3798914,1,pstn,A16
LA_E_3798993,1,pstn,A10
LA_E_3799339,1,ulaw,A11
LA_E_3799411,1,opus,A07
LA_E_3799872,1,none,A13
LA_E_3800353,1,none,A15
LA_E_3800422,1,ulaw,A19
LA_E_3800551,1,opus,A07
LA_E_3800567,1,g722,A13
LA_E_3800640,0,pstn,bonafide
LA_E_3800860,1,alaw,A11
LA_E_3800999,0,g722,bonafide
LA_E_3801175,1,none,A15
LA_E_3801183,1,alaw,A17
LA_E_3801378,1,opus,A16
LA_E_3801713,1,opus,A16
LA_E_3801983,1,ulaw,A11
LA_E_3802179,1,opus,A13
LA_E_3802188,1,ulaw,A13
LA_E_3802204,1,ulaw,A15
LA_E_3802252,1,ulaw,A14
LA_E_3802371,1,pstn,A10
LA_E_3802398,1,opus,A11
LA_E_3802455,1,opus,A16
LA_E_3802662,1,none,A19
LA_E_3803362,0,none,bonafide
LA_E_3803662,1,opus,A12
LA_E_3804375,1,g722,A11
LA_E_3804420,1,opus,A19
LA_E_3804535,1,gsm,A14
LA_E_3805069,1,none,A10
LA_E_3805176,1,gsm,A09
LA_E_3805461,1,none,A14
LA_E_3805493,1,none,A09
LA_E_3805602,1,opus,A15
LA_E_3805614,0,pstn,bonafide
LA_E_3806030,1,gsm,A07
LA_E_3806128,1,gsm,A11
LA_E_3806734,1,none,A17
LA_E_3806749,1,ulaw,A14
LA_E_3806753,1,none,A17
LA_E_3806770,1,ulaw,A14
LA_E_3806773,1,gsm,A17
LA_E_3807017,1,none,A12
LA_E_3807046,1,alaw,A12
LA_E_3807511,1,ulaw,A14
LA_E_3807709,1,alaw,A17
LA_E_3807829,1,gsm,A18
LA_E_3807891,1,gsm,A19
LA_E_3808178,1,alaw,A09
LA_E_3808324,1,g722,A14
LA_E_3809256,1,pstn,A11
LA_E_3809625,1,g722,A08
LA_E_3809664,0,ulaw,bonafide
LA_E_3809880,1,none,A16
LA_E_3810031,1,none,A07
LA_E_3810103,1,gsm,A13
LA_E_3810332,1,opus,A19
LA_E_3810522,1,gsm,A18
LA_E_3810972,1,ulaw,A08
LA_E_3811119,1,ulaw,A12
LA_E_3811204,1,gsm,A11
LA_E_3811485,1,gsm,A18
LA_E_3811703,1,alaw,A12
LA_E_3811799,1,alaw,A14
LA_E_3811896,1,opus,A18
LA_E_3811929,0,gsm,bonafide
LA_E_3812513,1,none,A07
LA_E_3812895,1,alaw,A07
LA_E_3813097,1,g722,A07
LA_E_3813173,1,opus,A16
LA_E_3813424,1,opus,A14
LA_E_3813591,1,opus,A09
LA_E_3813796,1,ulaw,A09
LA_E_3813837,1,alaw,A11
LA_E_3813959,1,g722,A18
LA_E_3813962,0,pstn,bonafide
LA_E_3814207,1,none,A17
LA_E_3814275,1,opus,A17
LA_E_3814621,1,gsm,A07
LA_E_3814886,1,g722,A13
LA_E_3815095,1,g722,A19
LA_E_3815213,1,alaw,A11
LA_E_3815264,1,pstn,A16
LA_E_3815391,1,gsm,A16
LA_E_3815608,1,ulaw,A12
LA_E_3815753,1,ulaw,A15
LA_E_3815951,1,gsm,A16
LA_E_3816352,1,g722,A18
LA_E_3816795,1,opus,A07
LA_E_3816902,1,g722,A12
LA_E_3817220,1,none,A10
LA_E_3818069,0,g722,bonafide
LA_E_3818209,1,opus,A10
LA_E_3818654,1,gsm,A17
LA_E_3818968,1,opus,A18
LA_E_3819475,1,pstn,A08
LA_E_3819576,0,g722,bonafide
LA_E_3820170,1,alaw,A08
LA_E_3820617,1,g722,A17
LA_E_3820650,1,ulaw,A11
LA_E_3821150,1,ulaw,A09
LA_E_3821172,1,ulaw,A18
LA_E_3821173,1,gsm,A15
LA_E_3821411,1,none,A14
LA_E_3821891,0,none,bonafide
LA_E_3821995,1,ulaw,A18
LA_E_3822736,1,ulaw,A14
LA_E_3822784,1,opus,A13
LA_E_3822876,1,alaw,A09
LA_E_3823217,1,gsm,A11
LA_E_3823417,1,gsm,A10
LA_E_3823438,0,none,bonafide
LA_E_3823774,1,alaw,A09
LA_E_3824157,1,opus,A17
LA_E_3824789,1,alaw,A14
LA_E_3825143,1,g722,A17
LA_E_3825187,1,pstn,A14
LA_E_3825266,1,gsm,A10
LA_E_3825312,1,g722,A09
LA_E_3825413,1,ulaw,A16
LA_E_3825956,1,alaw,A07
LA_E_3826314,1,g722,A07
LA_E_3826684,1,gsm,A17
LA_E_3826722,1,none,A11
LA_E_3826981,1,g722,A16
LA_E_3827117,1,pstn,A08
LA_E_3827469,1,pstn,A15
LA_E_3827486,1,opus,A13
LA_E_3827764,1,ulaw,A15
LA_E_3828307,1,g722,A08
LA_E_3828493,1,alaw,A18
LA_E_3828560,1,alaw,A13
LA_E_3829149,1,ulaw,A08
LA_E_3829328,1,g722,A18
LA_E_3829388,1,alaw,A09
LA_E_3829564,1,none,A19
LA_E_3829826,1,alaw,A13
LA_E_3830085,1,pstn,A13
LA_E_3830168,1,opus,A10
LA_E_3830474,1,pstn,A13
LA_E_3830678,1,g722,A07
LA_E_3830959,1,alaw,A13
LA_E_3831175,1,ulaw,A07
LA_E_3831453,1,g722,A15
LA_E_3831530,1,none,A10
LA_E_3831665,1,pstn,A07
LA_E_3831876,1,alaw,A14
LA_E_3831882,1,g722,A15
LA_E_3831911,1,ulaw,A13
LA_E_3832892,1,pstn,A13
LA_E_3833502,1,opus,A10
LA_E_3833696,1,gsm,A16
LA_E_3833846,0,gsm,bonafide
LA_E_3834188,1,g722,A12
LA_E_3834299,0,ulaw,bonafide
LA_E_3834484,1,pstn,A15
LA_E_3834756,1,g722,A13
LA_E_3834959,1,none,A14
LA_E_3835113,1,none,A16
LA_E_3835193,1,opus,A13
LA_E_3835205,0,opus,bonafide
LA_E_3835381,1,gsm,A10
LA_E_3835828,1,opus,A07
LA_E_3836014,1,none,A08
LA_E_3836534,1,alaw,A18
LA_E_3836660,1,alaw,A09
LA_E_3836932,1,ulaw,A18
LA_E_3837086,1,none,A13
LA_E_3837228,0,none,bonafide
LA_E_3837244,1,gsm,A10
LA_E_3837418,1,gsm,A07
LA_E_3837423,1,gsm,A16
LA_E_3837514,1,none,A15
LA_E_3837806,1,alaw,A14
LA_E_3838401,1,gsm,A13
LA_E_3838874,1,gsm,A11
LA_E_3839793,0,none,bonafide
LA_E_3839835,1,ulaw,A11
LA_E_3840162,1,opus,A17
LA_E_3840425,1,opus,A10
LA_E_3840511,1,pstn,A12
LA_E_3840778,1,g722,A07
LA_E_3840826,1,opus,A14
LA_E_3840935,1,none,A19
LA_E_3841212,1,alaw,A10
LA_E_3841515,1,pstn,A14
LA_E_3841527,1,g722,A16
LA_E_3841874,1,g722,A19
LA_E_3841917,0,gsm,bonafide
LA_E_3841987,1,none,A16
LA_E_3842321,1,ulaw,A13
LA_E_3842622,1,g722,A10
LA_E_3842659,1,opus,A09
LA_E_3842902,1,g722,A17
LA_E_3843191,1,gsm,A08
LA_E_3843306,1,ulaw,A17
LA_E_3843555,1,opus,A12
LA_E_3843963,1,gsm,A07
LA_E_3844223,1,ulaw,A11
LA_E_3844679,1,g722,A11
LA_E_3844743,1,pstn,A08
LA_E_3844815,1,ulaw,A12
LA_E_3845409,1,opus,A16
LA_E_3845972,0,opus,bonafide
LA_E_3846118,1,pstn,A11
LA_E_3846132,1,gsm,A15
LA_E_3846846,1,ulaw,A08
LA_E_3846963,0,gsm,bonafide
LA_E_3846992,1,alaw,A12
LA_E_3847033,1,pstn,A08
LA_E_3847232,1,opus,A08
LA_E_3847599,1,alaw,A15
LA_E_3847612,1,gsm,A12
LA_E_3848216,0,pstn,bonafide
LA_E_3848504,1,pstn,A18
LA_E_3848720,1,g722,A19
LA_E_3848826,1,none,A07
LA_E_3849140,1,g722,A11
LA_E_3849172,1,g722,A07
LA_E_3849210,1,ulaw,A10
LA_E_3849297,1,g722,A15
LA_E_3849330,1,none,A13
LA_E_3849549,1,ulaw,A12
LA_E_3849582,1,g722,A09
LA_E_3849603,1,none,A10
LA_E_3849859,1,none,A12
LA_E_3850123,1,alaw,A15
LA_E_3850277,0,opus,bonafide
LA_E_3850362,1,gsm,A07
LA_E_3850656,1,alaw,A13
LA_E_3850678,1,none,A13
LA_E_3850885,1,gsm,A14
LA_E_3850967,1,g722,A18
LA_E_3851043,1,none,A14
LA_E_3851095,1,gsm,A17
LA_E_3851197,1,pstn,A13
LA_E_3851203,1,none,A19
LA_E_3851378,1,opus,A08
LA_E_3851467,1,pstn,A11
LA_E_3851527,1,pstn,A18
LA_E_3851640,1,gsm,A14
LA_E_3852062,1,pstn,A14
LA_E_3852267,1,gsm,A13
LA_E_3853087,1,ulaw,A11
LA_E_3854173,1,g722,A08
LA_E_3854351,0,g722,bonafide
LA_E_3854576,1,ulaw,A11
LA_E_3855581,1,pstn,A09
LA_E_3855590,1,opus,A19
LA_E_3856323,1,gsm,A16
LA_E_3856352,1,opus,A08
LA_E_3856569,0,ulaw,bonafide
LA_E_3856691,1,g722,A08
LA_E_3857092,1,alaw,A14
LA_E_3857128,1,ulaw,A19
LA_E_3857194,1,none,A19
LA_E_3857379,1,g722,A07
LA_E_3857486,1,gsm,A09
LA_E_3858293,1,g722,A18
LA_E_3858377,1,none,A09
LA_E_3858523,1,none,A14
LA_E_3858924,1,opus,A11
LA_E_3859863,1,g722,A07
LA_E_3860051,1,pstn,A17
LA_E_3860123,1,ulaw,A10
LA_E_3860140,1,gsm,A19
LA_E_3860551,1,opus,A11
LA_E_3861046,0,g722,bonafide
LA_E_3861262,1,alaw,A08
LA_E_3861378,0,none,bonafide
LA_E_3861666,1,alaw,A18
LA_E_3861689,1,none,A14
LA_E_3861849,1,alaw,A11
LA_E_3862116,1,none,A19
LA_E_3862279,1,none,A15
LA_E_3862416,1,ulaw,A07
LA_E_3862419,1,g722,A09
LA_E_3862697,1,opus,A15
LA_E_3862732,1,pstn,A13
LA_E_3862806,1,pstn,A13
LA_E_3862938,1,gsm,A17
LA_E_3863072,1,none,A16
LA_E_3863328,1,pstn,A19
LA_E_3863431,1,g722,A09
LA_E_3863521,0,none,bonafide
LA_E_3863621,0,none,bonafide
LA_E_3863632,1,alaw,A09
LA_E_3863712,1,alaw,A15
LA_E_3864229,1,none,A15
LA_E_3864661,0,alaw,bonafide
LA_E_3864784,1,ulaw,A13
LA_E_3865022,1,gsm,A14
LA_E_3865061,1,g722,A19
LA_E_3865235,0,gsm,bonafide
LA_E_3865468,1,none,A12
LA_E_3865872,1,alaw,A19
LA_E_3866030,1,opus,A07
LA_E_3866247,1,g722,A11
LA_E_3866267,1,opus,A12
LA_E_3866411,1,none,A07
LA_E_3866600,1,none,A17
LA_E_3866647,1,alaw,A16
LA_E_3866947,1,none,A09
LA_E_3867072,1,ulaw,A17
LA_E_3867207,0,g722,bonafide
LA_E_3867679,0,g722,bonafide
LA_E_3867746,1,alaw,A19
LA_E_3867984,1,gsm,A09
LA_E_3868097,1,g722,A19
LA_E_3868551,1,none,A18
LA_E_3869012,1,g722,A18
LA_E_3869376,1,gsm,A07
LA_E_3869547,0,opus,bonafide
LA_E_3870000,1,pstn,A15
LA_E_3870055,1,gsm,A07
LA_E_3870078,1,opus,A13
LA_E_3870245,1,ulaw,A19
LA_E_3870635,1,pstn,A14
LA_E_3871041,1,alaw,A18
LA_E_3871189,1,g722,A11
LA_E_3871338,1,ulaw,A19
LA_E_3871484,1,gsm,A07
LA_E_3871500,1,gsm,A14
LA_E_3871753,1,gsm,A19
LA_E_3872285,1,none,A15
LA_E_3872548,1,opus,A10
LA_E_3872598,1,opus,A15
LA_E_3872672,1,none,A16
LA_E_3872864,1,gsm,A13
LA_E_3872887,0,none,bonafide
LA_E_3873008,1,alaw,A11
LA_E_3873243,1,gsm,A14
LA_E_3873574,1,gsm,A12
LA_E_3874658,1,opus,A11
LA_E_3874779,1,g722,A07
LA_E_3874843,1,ulaw,A08
LA_E_3875020,1,alaw,A08
LA_E_3875158,1,opus,A19
LA_E_3875196,1,g722,A08
LA_E_3875222,1,opus,A12
LA_E_3875673,1,ulaw,A09
LA_E_3875803,1,gsm,A09
LA_E_3875879,1,ulaw,A10
LA_E_3876186,1,alaw,A09
LA_E_3876323,1,pstn,A13
LA_E_3876354,1,opus,A08
LA_E_3876612,1,none,A14
LA_E_3876687,1,g722,A09
LA_E_3877192,1,alaw,A10
LA_E_3877326,1,ulaw,A16
LA_E_3877406,1,pstn,A14
LA_E_3877436,1,ulaw,A13
LA_E_3877497,1,alaw,A14
LA_E_3877567,1,gsm,A16
LA_E_3877896,1,none,A19
LA_E_3878051,1,ulaw,A08
LA_E_3878066,0,ulaw,bonafide
LA_E_3878124,1,opus,A14
LA_E_3878285,1,g722,A18
LA_E_3878326,1,g722,A13
LA_E_3878473,1,ulaw,A14
LA_E_3878535,1,pstn,A19
LA_E_3879562,0,gsm,bonafide
LA_E_3879723,1,opus,A07
LA_E_3879946,1,pstn,A17
LA_E_3880607,1,opus,A17
LA_E_3880844,1,alaw,A15
LA_E_3880896,1,gsm,A08
LA_E_3881037,0,gsm,bonafide
LA_E_3881624,1,gsm,A16
LA_E_3881729,1,none,A08
LA_E_3881838,1,none,A19
LA_E_3882083,1,pstn,A07
LA_E_3882210,1,opus,A11
LA_E_3882383,1,g722,A18
LA_E_3883017,1,opus,A19
LA_E_3883059,1,g722,A09
LA_E_3883154,1,alaw,A07
LA_E_3883636,1,gsm,A16
LA_E_3883912,1,g722,A16
LA_E_3884183,1,opus,A13
LA_E_3884499,1,g722,A13
LA_E_3884653,1,alaw,A12
LA_E_3884880,1,gsm,A12
LA_E_3884885,1,g722,A09
LA_E_3885111,0,g722,bonafide
LA_E_3885436,1,g722,A09
LA_E_3885716,1,alaw,A19
LA_E_3885993,1,ulaw,A14
LA_E_3886016,1,g722,A15
LA_E_3886199,1,opus,A07
LA_E_3886267,1,g722,A11
LA_E_3886355,1,none,A08
LA_E_3886468,1,alaw,A17
LA_E_3886662,1,alaw,A19
LA_E_3886756,1,g722,A07
LA_E_3886819,1,ulaw,A16
LA_E_3887214,1,pstn,A19
LA_E_3887314,1,none,A10
LA_E_3888660,1,opus,A19
LA_E_3888746,1,pstn,A10
LA_E_3888892,1,gsm,A09
LA_E_3888906,1,none,A11
LA_E_3889177,1,alaw,A13
LA_E_3889373,1,gsm,A19
LA_E_3889614,1,none,A13
LA_E_3889956,1,none,A17
LA_E_3890666,1,ulaw,A17
LA_E_3890806,1,alaw,A15
LA_E_3890900,1,gsm,A07
LA_E_3891028,0,none,bonafide
LA_E_3891245,1,g722,A09
LA_E_3891434,0,alaw,bonafide
LA_E_3891473,1,ulaw,A07
LA_E_3891853,1,gsm,A17
LA_E_3891997,1,alaw,A08
LA_E_3892178,1,none,A10
LA_E_3892442,1,ulaw,A14
LA_E_3893005,1,g722,A10
LA_E_3893201,1,g722,A15
LA_E_3893243,1,ulaw,A18
LA_E_3893941,1,alaw,A12
LA_E_3894243,1,pstn,A16
LA_E_3895026,1,opus,A17
LA_E_3895843,1,ulaw,A08
LA_E_3895909,1,pstn,A12
LA_E_3896027,1,pstn,A10
LA_E_3896804,0,g722,bonafide
LA_E_3896873,1,pstn,A14
LA_E_3897282,1,ulaw,A10
LA_E_3897552,1,gsm,A09
LA_E_3898469,1,ulaw,A08
LA_E_3898542,1,g722,A13
LA_E_3898558,1,alaw,A15
LA_E_3898612,1,ulaw,A15
LA_E_3898951,1,gsm,A08
LA_E_3899330,0,pstn,bonafide
LA_E_3899864,1,g722,A16
LA_E_3899916,1,pstn,A14
LA_E_3899938,1,gsm,A15
LA_E_3900077,1,alaw,A08
LA_E_3900420,1,g722,A13
LA_E_3900925,0,opus,bonafide
LA_E_3901358,1,pstn,A15
LA_E_3901509,1,pstn,A14
LA_E_3901847,1,opus,A09
LA_E_3901890,1,pstn,A10
LA_E_3901996,1,gsm,A09
LA_E_3902154,1,ulaw,A18
LA_E_3902303,1,ulaw,A11
LA_E_3902407,1,none,A07
LA_E_3902825,1,ulaw,A12
LA_E_3902929,1,ulaw,A13
LA_E_3903244,1,opus,A16
LA_E_3903456,0,ulaw,bonafide
LA_E_3903528,1,alaw,A14
LA_E_3903704,1,pstn,A09
LA_E_3903714,1,pstn,A07
LA_E_3903902,1,alaw,A10
LA_E_3904006,0,opus,bonafide
LA_E_3904071,1,pstn,A15
LA_E_3904084,1,gsm,A08
LA_E_3904193,1,alaw,A11
LA_E_3904215,1,alaw,A09
LA_E_3904339,1,alaw,A13
LA_E_3904390,1,pstn,A14
LA_E_3904451,1,g722,A19
LA_E_3905413,1,opus,A08
LA_E_3905983,1,alaw,A08
LA_E_3906144,1,gsm,A10
LA_E_3906228,1,none,A11
LA_E_3906319,1,pstn,A13
LA_E_3906482,1,ulaw,A17
LA_E_3906854,1,ulaw,A11
LA_E_3907301,1,ulaw,A17
LA_E_3907626,1,alaw,A11
LA_E_3907928,1,none,A07
LA_E_3908393,1,opus,A15
LA_E_3908402,1,ulaw,A09
LA_E_3908534,1,opus,A07
LA_E_3908704,1,pstn,A19
LA_E_3909197,1,gsm,A09
LA_E_3909401,1,ulaw,A13
LA_E_3909850,1,g722,A10
LA_E_3910056,0,opus,bonafide
LA_E_3910515,1,none,A19
LA_E_3910871,1,alaw,A09
LA_E_3910880,0,gsm,bonafide
LA_E_3911072,1,alaw,A19
LA_E_3911383,1,pstn,A11
LA_E_3911934,1,opus,A11
LA_E_3912115,1,none,A07
LA_E_3912332,1,opus,A17
LA_E_3913152,1,opus,A10
LA_E_3913237,1,pstn,A08
LA_E_3913533,1,none,A09
LA_E_3913650,1,gsm,A07
LA_E_3914335,1,none,A15
LA_E_3914972,1,g722,A09
LA_E_3915455,1,ulaw,A15
LA_E_3915922,1,pstn,A16
LA_E_3916092,1,pstn,A09
LA_E_3916559,1,ulaw,A17
LA_E_3916606,1,g722,A19
LA_E_3916953,1,ulaw,A18
LA_E_3917241,1,alaw,A10
LA_E_3917808,1,gsm,A17
LA_E_3918076,1,alaw,A19
LA_E_3918112,1,g722,A09
LA_E_3918273,1,pstn,A08
LA_E_3918447,1,opus,A11
LA_E_3918591,1,ulaw,A11
LA_E_3918644,0,alaw,bonafide
LA_E_3919011,1,opus,A18
LA_E_3919256,1,none,A13
LA_E_3919762,1,gsm,A12
LA_E_3920064,1,opus,A12
LA_E_3920129,1,g722,A16
LA_E_3920785,1,none,A19
LA_E_3920813,1,none,A15
LA_E_3920927,1,pstn,A07
LA_E_3920940,1,gsm,A09
LA_E_3921045,0,opus,bonafide
LA_E_3921238,1,none,A12
LA_E_3921243,1,ulaw,A14
LA_E_3921252,1,g722,A11
LA_E_3921359,1,none,A13
LA_E_3921425,1,g722,A15
LA_E_3921702,1,none,A14
LA_E_3921753,1,none,A10
LA_E_3921866,1,none,A13
LA_E_3921882,1,g722,A16
LA_E_3921934,1,g722,A17
LA_E_3921988,1,ulaw,A19
LA_E_3922014,1,g722,A09
LA_E_3922314,1,g722,A16
LA_E_3922351,1,opus,A15
LA_E_3922742,1,g722,A08
LA_E_3922858,1,ulaw,A14
LA_E_3922956,1,pstn,A19
LA_E_3923308,1,g722,A18
LA_E_3923923,0,opus,bonafide
LA_E_3924604,0,ulaw,bonafide
LA_E_3925328,1,ulaw,A14
LA_E_3925441,0,gsm,bonafide
LA_E_3925638,0,ulaw,bonafide
LA_E_3925848,1,gsm,A18
LA_E_3925896,1,opus,A18
LA_E_3925989,1,alaw,A17
LA_E_3926181,1,none,A11
LA_E_3926192,1,g722,A12
LA_E_3926943,1,alaw,A09
LA_E_3927079,0,ulaw,bonafide
LA_E_3927352,1,g722,A08
LA_E_3927489,1,gsm,A11
LA_E_3927553,1,ulaw,A15
LA_E_3927888,1,ulaw,A19
LA_E_3928120,1,gsm,A13
LA_E_3928405,0,gsm,bonafide
LA_E_3928833,1,gsm,A15
LA_E_3929110,1,pstn,A10
LA_E_3929184,1,g722,A17
LA_E_3930696,1,ulaw,A14
LA_E_3930815,1,opus,A16
LA_E_3931034,1,alaw,A07
LA_E_3931260,1,g722,A10
LA_E_3931324,1,alaw,A19
LA_E_3931393,1,none,A09
LA_E_3931505,1,ulaw,A18
LA_E_3931804,1,g722,A17
LA_E_3932143,1,g722,A09
LA_E_3932320,1,alaw,A14
LA_E_3932353,1,pstn,A12
LA_E_3932503,1,g722,A11
LA_E_3932790,1,gsm,A08
LA_E_3932875,1,pstn,A16
LA_E_3932906,1,g722,A19
LA_E_3932936,0,pstn,bonafide
LA_E_3932981,1,none,A12
LA_E_3933004,1,alaw,A14
LA_E_3933428,1,opus,A11
LA_E_3933451,1,pstn,A07
LA_E_3933453,0,ulaw,bonafide
LA_E_3933774,1,opus,A16
LA_E_3933880,1,opus,A19
LA_E_3933931,1,pstn,A19
LA_E_3933953,1,gsm,A12
LA_E_3934177,1,gsm,A17
LA_E_3934566,1,none,A07
LA_E_3934773,1,gsm,A08
LA_E_3934968,1,ulaw,A12
LA_E_3935104,1,ulaw,A15
LA_E_3935169,1,gsm,A19
LA_E_3935353,1,gsm,A13
LA_E_3935612,1,opus,A11
LA_E_3935644,1,opus,A17
LA_E_3936529,0,alaw,bonafide
LA_E_3936848,1,none,A09
LA_E_3936879,1,alaw,A08
LA_E_3938033,1,opus,A13
LA_E_3938108,1,alaw,A15
LA_E_3938225,1,pstn,A17
LA_E_3938524,1,g722,A08
LA_E_3938530,1,opus,A12
LA_E_3938539,1,none,A10
LA_E_3938714,1,none,A16
LA_E_3938817,1,opus,A07
LA_E_3938986,1,opus,A15
LA_E_3939031,1,none,A11
LA_E_3939381,1,none,A19
LA_E_3939390,1,alaw,A17
LA_E_3940205,1,opus,A09
LA_E_3940262,1,g722,A14
LA_E_3940466,1,g722,A08
LA_E_3940894,1,ulaw,A13
LA_E_3940948,0,opus,bonafide
LA_E_3941029,1,g722,A08
LA_E_3941290,1,g722,A09
LA_E_3941507,0,opus,bonafide
LA_E_3942104,1,none,A17
LA_E_3942238,1,alaw,A07
LA_E_3942337,1,gsm,A16
LA_E_3942748,1,opus,A07
LA_E_3942900,1,opus,A07
LA_E_3943150,1,alaw,A11
LA_E_3943328,1,alaw,A09
LA_E_3943455,1,gsm,A13
LA_E_3943500,1,opus,A18
LA_E_3943525,1,g722,A13
LA_E_3943660,1,none,A14
LA_E_3943745,1,g722,A19
LA_E_3944126,1,ulaw,A16
LA_E_3944143,1,none,A12
LA_E_3944343,1,gsm,A07
LA_E_3944957,1,ulaw,A12
LA_E_3944975,1,gsm,A14
LA_E_3944999,0,none,bonafide
LA_E_3945120,1,alaw,A07
LA_E_3945345,1,opus,A15
LA_E_3946000,1,pstn,A13
LA_E_3946036,1,opus,A08
LA_E_3946267,1,pstn,A18
LA_E_3946299,1,gsm,A17
LA_E_3946345,1,none,A11
LA_E_3946350,1,pstn,A10
LA_E_3946559,1,opus,A19
LA_E_3946761,1,pstn,A08
LA_E_3946782,1,none,A12
LA_E_3946846,1,alaw,A12
LA_E_3947583,1,ulaw,A09
LA_E_3948043,1,alaw,A17
LA_E_3948080,1,alaw,A10
LA_E_3948115,1,alaw,A19
LA_E_3948327,1,none,A15
LA_E_3948345,1,gsm,A13
LA_E_3948580,1,ulaw,A15
LA_E_3948747,1,alaw,A07
LA_E_3948977,1,ulaw,A18
LA_E_3949188,1,alaw,A12
LA_E_3949247,1,pstn,A19
LA_E_3949374,1,pstn,A12
LA_E_3949382,1,g722,A17
LA_E_3949396,1,pstn,A15
LA_E_3949700,1,pstn,A07
LA_E_3949736,1,pstn,A18
LA_E_3949737,1,ulaw,A10
LA_E_3950306,1,pstn,A10
LA_E_3950651,1,g722,A07
LA_E_3951187,1,alaw,A10
LA_E_3951190,1,ulaw,A08
LA_E_3951252,1,pstn,A19
LA_E_3951267,1,none,A09
LA_E_3951585,1,g722,A07
LA_E_3951823,1,gsm,A12
LA_E_3952067,0,gsm,bonafide
LA_E_3952971,1,g722,A18
LA_E_3953199,1,ulaw,A13
LA_E_3953524,0,alaw,bonafide
LA_E_3953578,1,none,A08
LA_E_3953601,1,ulaw,A17
LA_E_3953690,1,alaw,A12
LA_E_3953732,1,g722,A08
LA_E_3953977,0,opus,bonafide
LA_E_3954769,1,pstn,A09
LA_E_3954789,1,gsm,A12
LA_E_3954803,1,opus,A12
LA_E_3954998,1,pstn,A19
LA_E_3955429,1,alaw,A13
LA_E_3955577,1,opus,A07
LA_E_3955829,1,alaw,A07
LA_E_3955886,1,ulaw,A19
LA_E_3956289,1,ulaw,A07
LA_E_3956801,1,alaw,A19
LA_E_3957222,1,opus,A15
LA_E_3957860,1,alaw,A12
LA_E_3958094,1,alaw,A10
LA_E_3958181,1,none,A17
LA_E_3958441,1,alaw,A13
LA_E_3958525,1,pstn,A11
LA_E_3958780,1,g722,A16
LA_E_3958890,1,opus,A10
LA_E_3958902,1,pstn,A19
LA_E_3959220,1,alaw,A17
LA_E_3959349,1,ulaw,A12
LA_E_3959429,1,gsm,A13
LA_E_3959451,1,opus,A15
LA_E_3959485,1,g722,A17
LA_E_3959609,1,opus,A16
LA_E_3959653,1,g722,A18
LA_E_3960101,1,g722,A08
LA_E_3960183,1,ulaw,A10
LA_E_3960421,1,none,A16
LA_E_3960517,1,none,A11
LA_E_3960883,1,pstn,A18
LA_E_3961028,1,g722,A07
LA_E_3961090,1,gsm,A11
LA_E_3961339,1,none,A10
LA_E_3961499,1,opus,A19
LA_E_3961745,1,none,A08
LA_E_3961893,1,pstn,A09
LA_E_3962036,1,gsm,A09
LA_E_3962291,1,g722,A08
LA_E_3962301,1,pstn,A12
LA_E_3962564,1,none,A18
LA_E_3962705,0,ulaw,bonafide
LA_E_3962743,1,pstn,A14
LA_E_3962826,1,pstn,A10
LA_E_3962988,1,none,A18
LA_E_3963942,1,g722,A11
LA_E_3964232,1,none,A15
LA_E_3964388,1,g722,A10
LA_E_3964696,1,ulaw,A17
LA_E_3964806,0,gsm,bonafide
LA_E_3964842,1,gsm,A13
LA_E_3965219,1,alaw,A11
LA_E_3965357,0,g722,bonafide
LA_E_3965762,1,g722,A19
LA_E_3965816,1,g722,A10
LA_E_3966306,1,alaw,A11
LA_E_3966449,1,gsm,A18
LA_E_3966485,1,ulaw,A19
LA_E_3966676,1,pstn,A16
LA_E_3966790,1,opus,A07
LA_E_3966878,1,pstn,A19
LA_E_3966968,1,pstn,A17
LA_E_3967007,1,opus,A12
LA_E_3967232,1,ulaw,A10
LA_E_3968069,1,g722,A13
LA_E_3968559,1,alaw,A12
LA_E_3968638,1,alaw,A12
LA_E_3968778,1,ulaw,A14
LA_E_3969017,1,opus,A09
LA_E_3969531,1,alaw,A16
LA_E_3969879,1,g722,A17
LA_E_3970037,1,alaw,A12
LA_E_3970322,1,pstn,A18
LA_E_3970426,0,gsm,bonafide
LA_E_3970561,1,ulaw,A16
LA_E_3971501,1,gsm,A13
LA_E_3971535,1,g722,A17
LA_E_3971544,1,none,A09
LA_E_3971589,1,pstn,A14
LA_E_3972020,1,opus,A07
LA_E_3972177,1,pstn,A10
LA_E_3972542,0,opus,bonafide
LA_E_3973371,1,g722,A11
LA_E_3973660,1,ulaw,A18
LA_E_3973732,1,opus,A17
LA_E_3973850,1,g722,A16
LA_E_3974009,1,g722,A13
LA_E_3974187,1,alaw,A11
LA_E_3974212,1,g722,A14
LA_E_3974347,1,g722,A10
LA_E_3974404,1,gsm,A12
LA_E_3975674,1,pstn,A12
LA_E_3975869,1,none,A14
LA_E_3976291,1,gsm,A13
LA_E_3976429,1,none,A12
LA_E_3976593,0,ulaw,bonafide
LA_E_3977161,1,ulaw,A08
LA_E_3977594,1,g722,A08
LA_E_3978082,1,ulaw,A09
LA_E_3978094,1,opus,A12
LA_E_3978437,1,opus,A19
LA_E_3978553,1,alaw,A09
LA_E_3978791,1,gsm,A19
LA_E_3979335,1,opus,A07
LA_E_3979738,1,g722,A18
LA_E_3979767,1,none,A07
LA_E_3979856,1,g722,A14
LA_E_3979921,0,opus,bonafide
LA_E_3979947,1,gsm,A07
LA_E_3979995,1,pstn,A18
LA_E_3980059,1,opus,A11
LA_E_3980904,1,none,A10
LA_E_3981277,1,alaw,A14
LA_E_3981351,1,opus,A07
LA_E_3981438,1,none,A07
LA_E_3981760,1,pstn,A16
LA_E_3982168,1,g722,A12
LA_E_3982413,1,pstn,A18
LA_E_3982618,0,alaw,bonafide
LA_E_3982736,1,gsm,A19
LA_E_3982931,1,g722,A15
LA_E_3983020,1,g722,A19
LA_E_3983096,0,ulaw,bonafide
LA_E_3983492,1,opus,A13
LA_E_3983728,1,pstn,A18
LA_E_3984031,1,none,A09
LA_E_3984215,1,opus,A17
LA_E_3984672,1,ulaw,A08
LA_E_3984729,1,ulaw,A14
LA_E_3985649,1,gsm,A17
LA_E_3986284,1,g722,A09
LA_E_3986325,1,alaw,A16
LA_E_3986333,1,alaw,A12
LA_E_3986850,1,alaw,A08
LA_E_3987029,1,pstn,A11
LA_E_3987062,0,gsm,bonafide
LA_E_3987400,1,ulaw,A12
LA_E_3987431,1,g722,A11
LA_E_3987662,1,pstn,A12
LA_E_3987672,1,opus,A07
LA_E_3987868,1,gsm,A10
LA_E_3988061,1,pstn,A12
LA_E_3988124,1,gsm,A10
LA_E_3988308,1,g722,A12
LA_E_3988344,1,pstn,A18
LA_E_3988418,1,opus,A12
LA_E_3988760,1,g722,A15
LA_E_3988908,1,none,A12
LA_E_3988956,1,g722,A12
LA_E_3989284,1,opus,A17
LA_E_3989583,1,ulaw,A17
LA_E_3989986,1,gsm,A14
LA_E_3990825,1,g722,A12
LA_E_3991047,1,pstn,A12
LA_E_3991145,1,pstn,A19
LA_E_3991310,1,opus,A13
LA_E_3991453,1,pstn,A08
LA_E_3992215,1,g722,A15
LA_E_3992325,1,alaw,A12
LA_E_3992383,0,opus,bonafide
LA_E_3992425,1,g722,A07
LA_E_3992527,1,ulaw,A08
LA_E_3992563,1,g722,A09
LA_E_3992705,1,ulaw,A07
LA_E_3992831,1,opus,A09
LA_E_3992844,1,g722,A18
LA_E_3992941,1,gsm,A18
LA_E_3992974,0,alaw,bonafide
LA_E_3993212,1,g722,A07
LA_E_3993377,1,pstn,A16
LA_E_3993380,1,none,A13
LA_E_3993409,1,opus,A12
LA_E_3993464,0,none,bonafide
LA_E_3993637,1,pstn,A09
LA_E_3993896,1,opus,A08
LA_E_3994285,1,gsm,A09
LA_E_3994482,1,ulaw,A14
LA_E_3994484,1,none,A08
LA_E_3994946,1,none,A12
LA_E_3995376,1,pstn,A10
LA_E_3996297,1,opus,A18
LA_E_3996487,1,g722,A09
LA_E_3996528,1,none,A08
LA_E_3996872,1,pstn,A13
LA_E_3997362,1,none,A14
LA_E_3997709,1,none,A17
LA_E_3997820,1,g722,A18
LA_E_3997926,1,pstn,A18
LA_E_3998365,1,pstn,A07
LA_E_3998654,1,ulaw,A19
LA_E_3999288,1,none,A09
LA_E_3999351,1,none,A14
LA_E_3999560,1,gsm,A12
LA_E_3999733,1,gsm,A17
LA_E_3999885,1,opus,A15
LA_E_4000310,1,none,A10
LA_E_4000621,1,g722,A17
LA_E_4001250,1,ulaw,A11
LA_E_4001556,1,ulaw,A13
LA_E_4001878,1,alaw,A18
LA_E_4002001,1,alaw,A19
LA_E_4002052,1,gsm,A15
LA_E_4002073,1,g722,A07
LA_E_4002090,1,opus,A11
LA_E_4002263,1,gsm,A11
LA_E_4002521,0,ulaw,bonafide
LA_E_4002560,1,opus,A07
LA_E_4002988,1,none,A12
LA_E_4003078,1,pstn,A08
LA_E_4003591,1,opus,A12
LA_E_4003636,1,alaw,A13
LA_E_4003753,0,gsm,bonafide
LA_E_4003851,1,pstn,A08
LA_E_4003853,1,alaw,A09
LA_E_4003942,1,g722,A10
LA_E_4004032,0,pstn,bonafide
LA_E_4004049,1,ulaw,A09
LA_E_4004142,1,ulaw,A19
LA_E_4004376,1,alaw,A15
LA_E_4004556,1,g722,A11
LA_E_4004587,1,ulaw,A16
LA_E_4005106,1,opus,A08
LA_E_4005229,0,opus,bonafide
LA_E_4005818,1,pstn,A08
LA_E_4006195,1,ulaw,A16
LA_E_4006506,1,gsm,A17
LA_E_4006609,1,alaw,A14
LA_E_4006762,1,opus,A08
LA_E_4006941,0,alaw,bonafide
LA_E_4007005,1,pstn,A09
LA_E_4007175,1,gsm,A10
LA_E_4007381,1,g722,A18
LA_E_4007472,1,opus,A17
LA_E_4007803,1,none,A11
LA_E_4007817,0,gsm,bonafide
LA_E_4007989,1,none,A11
LA_E_4008154,1,alaw,A07
LA_E_4008449,1,none,A15
LA_E_4008546,1,opus,A09
LA_E_4008614,1,ulaw,A10
LA_E_4008664,1,none,A08
LA_E_4009137,1,none,A19
LA_E_4009140,1,g722,A15
LA_E_4009192,1,g722,A16
LA_E_4009478,1,alaw,A12
LA_E_4009757,1,ulaw,A19
LA_E_4010197,0,pstn,bonafide
LA_E_4010355,1,pstn,A10
LA_E_4011140,1,alaw,A12
LA_E_4011244,1,ulaw,A11
LA_E_4012146,1,pstn,A07
LA_E_4012151,1,ulaw,A15
LA_E_4012210,1,g722,A19
LA_E_4012612,1,none,A13
LA_E_4012759,1,opus,A09
LA_E_4012983,1,gsm,A08
LA_E_4013060,1,gsm,A16
LA_E_4013259,1,pstn,A15
LA_E_4013339,1,none,A17
LA_E_4013687,1,ulaw,A14
LA_E_4013705,0,pstn,bonafide
LA_E_4013812,1,pstn,A15
LA_E_4014138,1,ulaw,A11
LA_E_4014251,1,ulaw,A16
LA_E_4014828,1,g722,A17
LA_E_4015033,1,pstn,A13
LA_E_4015351,1,opus,A11
LA_E_4015946,1,none,A16
LA_E_4016266,1,pstn,A09
LA_E_4016507,1,ulaw,A13
LA_E_4016656,1,gsm,A16
LA_E_4016767,1,none,A15
LA_E_4016804,1,alaw,A07
LA_E_4017427,1,g722,A11
LA_E_4017630,1,none,A08
LA_E_4017924,1,g722,A07
LA_E_4018268,1,opus,A10
LA_E_4018300,1,pstn,A09
LA_E_4018868,1,pstn,A08
LA_E_4019128,1,g722,A09
LA_E_4019264,1,pstn,A19
LA_E_4019569,1,pstn,A11
LA_E_4019578,1,none,A12
LA_E_4020311,1,g722,A15
LA_E_4021195,1,none,A08
LA_E_4021389,1,none,A16
LA_E_4021954,1,none,A17
LA_E_4022495,1,pstn,A07
LA_E_4022776,1,alaw,A15
LA_E_4022926,1,pstn,A17
LA_E_4023098,1,g722,A15
LA_E_4023101,1,g722,A10
LA_E_4023172,1,pstn,A07
LA_E_4023459,1,g722,A11
LA_E_4024193,1,gsm,A10
LA_E_4024441,0,opus,bonafide
LA_E_4024804,1,ulaw,A12
LA_E_4024868,1,pstn,A10
LA_E_4024967,1,none,A15
LA_E_4025287,1,pstn,A19
LA_E_4026150,1,alaw,A13
LA_E_4026375,1,g722,A19
LA_E_4026619,1,alaw,A14
LA_E_4027352,1,alaw,A07
LA_E_4027461,1,alaw,A12
LA_E_4027547,1,pstn,A16
LA_E_4027810,1,opus,A18
LA_E_4028457,1,g722,A08
LA_E_4028521,1,alaw,A17
LA_E_4028558,1,ulaw,A12
LA_E_4028660,0,opus,bonafide
LA_E_4028856,1,alaw,A14
LA_E_4028884,1,ulaw,A17
LA_E_4028986,1,ulaw,A15
LA_E_4029133,1,alaw,A09
LA_E_4029321,1,gsm,A12
LA_E_4030023,1,none,A08
LA_E_4030257,1,gsm,A09
LA_E_4030343,1,g722,A11
LA_E_4030890,1,alaw,A14
LA_E_4030911,0,alaw,bonafide
LA_E_4031118,1,gsm,A12
LA_E_4031319,0,ulaw,bonafide
LA_E_4031548,1,alaw,A08
LA_E_4031615,1,pstn,A10
LA_E_4031785,1,g722,A18
LA_E_4031964,1,pstn,A13
LA_E_4032741,1,none,A17
LA_E_4032751,1,none,A13
LA_E_4033120,1,g722,A11
LA_E_4033140,1,pstn,A18
LA_E_4033624,1,ulaw,A08
LA_E_4033627,1,opus,A19
LA_E_4033636,1,gsm,A17
LA_E_4034295,1,pstn,A11
LA_E_4034617,1,alaw,A17
LA_E_4035278,0,none,bonafide
LA_E_4035320,1,none,A14
LA_E_4035515,1,gsm,A19
LA_E_4035604,0,ulaw,bonafide
LA_E_4035958,1,gsm,A13
LA_E_4036093,1,alaw,A08
LA_E_4036360,0,pstn,bonafide
LA_E_4036665,1,none,A19
LA_E_4036819,1,alaw,A13
LA_E_4037530,1,none,A12
LA_E_4037596,1,pstn,A11
LA_E_4038760,1,gsm,A10
LA_E_4039486,1,ulaw,A14
LA_E_4039685,1,ulaw,A10
LA_E_4040029,1,gsm,A07
LA_E_4040532,1,opus,A07
LA_E_4040665,1,g722,A12
LA_E_4040906,0,gsm,bonafide
LA_E_4040988,1,opus,A11
LA_E_4041128,1,ulaw,A18
LA_E_4041339,1,opus,A13
LA_E_4041413,1,g722,A09
LA_E_4041928,1,alaw,A19
LA_E_4042279,1,pstn,A18
LA_E_4042676,1,g722,A12
LA_E_4042914,1,opus,A12
LA_E_4042920,1,g722,A18
LA_E_4043498,1,g722,A10
LA_E_4043609,1,gsm,A14
LA_E_4043866,1,alaw,A19
LA_E_4044253,1,none,A19
LA_E_4044594,1,opus,A17
LA_E_4044677,1,g722,A12
LA_E_4045089,1,ulaw,A16
LA_E_4045419,1,ulaw,A15
LA_E_4046017,1,alaw,A09
LA_E_4046690,1,none,A07
LA_E_4047140,1,alaw,A08
LA_E_4047246,1,g722,A19
LA_E_4047368,1,alaw,A11
LA_E_4047561,1,pstn,A10
LA_E_4047576,1,alaw,A18
LA_E_4047759,1,g722,A09
LA_E_4047969,1,none,A19
LA_E_4048060,1,ulaw,A11
LA_E_4048291,1,alaw,A19
LA_E_4048521,1,alaw,A09
LA_E_4048565,1,pstn,A17
LA_E_4048635,1,none,A15
LA_E_4049040,1,alaw,A14
LA_E_4049161,1,none,A15
LA_E_4049191,1,g722,A18
LA_E_4049296,1,alaw,A15
LA_E_4049302,1,opus,A18
LA_E_4049481,0,alaw,bonafide
LA_E_4049653,1,g722,A15
LA_E_4049964,1,g722,A09
LA_E_4050155,1,none,A17
LA_E_4050364,1,ulaw,A07
LA_E_4050714,1,opus,A08
LA_E_4050954,1,pstn,A19
LA_E_4050984,1,opus,A14
LA_E_4051022,1,pstn,A13
LA_E_4051064,1,pstn,A08
LA_E_4051098,1,alaw,A16
LA_E_4051120,1,alaw,A14
LA_E_4051142,0,gsm,bonafide
LA_E_4051351,1,opus,A11
LA_E_4051353,1,opus,A11
LA_E_4051713,1,ulaw,A08
LA_E_4051760,1,ulaw,A19
LA_E_4052554,1,alaw,A15
LA_E_4053145,1,g722,A14
LA_E_4053182,1,alaw,A12
LA_E_4053308,1,none,A12
LA_E_4053688,1,alaw,A17
LA_E_4053956,1,none,A10
LA_E_4054575,0,none,bonafide
LA_E_4054738,1,ulaw,A16
LA_E_4055337,1,alaw,A08
LA_E_4055762,1,pstn,A15
LA_E_4055791,1,pstn,A13
LA_E_4055876,0,alaw,bonafide
LA_E_4056437,1,pstn,A16
LA_E_4056485,1,alaw,A13
LA_E_4056684,1,g722,A10
LA_E_4056915,1,none,A08
LA_E_4057020,1,alaw,A19
LA_E_4057022,0,ulaw,bonafide
LA_E_4057039,1,none,A17
LA_E_4057045,1,g722,A17
LA_E_4057402,1,opus,A13
LA_E_4057561,1,alaw,A09
LA_E_4057690,1,ulaw,A16
LA_E_4057900,1,opus,A09
LA_E_4057977,1,pstn,A09
LA_E_4058046,1,none,A16
LA_E_4058506,1,g722,A19
LA_E_4058826,1,ulaw,A07
LA_E_4058937,1,none,A10
LA_E_4059648,1,g722,A15
LA_E_4059657,1,g722,A12
LA_E_4060522,1,alaw,A07
LA_E_4060666,1,ulaw,A11
LA_E_4060703,1,g722,A10
LA_E_4060758,0,opus,bonafide
LA_E_4060809,1,ulaw,A18
LA_E_4060997,1,none,A07
LA_E_4061270,1,none,A12
LA_E_4061475,1,opus,A16
LA_E_4061841,1,opus,A08
LA_E_4062052,1,none,A15
LA_E_4062469,1,opus,A14
LA_E_4062781,1,g722,A15
LA_E_4062790,1,none,A17
LA_E_4063274,1,pstn,A08
LA_E_4063450,1,opus,A07
LA_E_4063551,1,none,A16
LA_E_4063924,1,alaw,A13
LA_E_4064934,1,gsm,A16
LA_E_4064941,1,g722,A18
LA_E_4065685,1,ulaw,A13
LA_E_4065905,1,g722,A15
LA_E_4065930,1,alaw,A14
LA_E_4066408,1,opus,A19
LA_E_4066617,1,pstn,A09
LA_E_4066623,1,none,A16
LA_E_4066739,0,ulaw,bonafide
LA_E_4066834,1,alaw,A19
LA_E_4066960,1,g722,A17
LA_E_4067116,1,alaw,A14
LA_E_4067332,1,g722,A14
LA_E_4067475,1,none,A11
LA_E_4067878,1,none,A13
LA_E_4067979,0,g722,bonafide
LA_E_4067995,1,gsm,A19
LA_E_4068211,1,none,A14
LA_E_4068405,1,gsm,A12
LA_E_4069178,0,opus,bonafide
LA_E_4069353,1,gsm,A09
LA_E_4069499,1,pstn,A19
LA_E_4069649,1,alaw,A09
LA_E_4069759,0,none,bonafide
LA_E_4069812,1,g722,A16
LA_E_4069872,1,none,A13
LA_E_4069912,1,alaw,A13
LA_E_4070611,1,alaw,A15
LA_E_4071000,1,pstn,A13
LA_E_4071148,1,ulaw,A16
LA_E_4071345,1,opus,A09
LA_E_4071872,1,ulaw,A09
LA_E_4071991,1,ulaw,A14
LA_E_4072339,0,ulaw,bonafide
LA_E_4072653,1,ulaw,A11
LA_E_4072665,1,g722,A19
LA_E_4072689,1,pstn,A10
LA_E_4072740,1,none,A13
LA_E_4073139,1,gsm,A12
LA_E_4073440,1,gsm,A09
LA_E_4073472,1,ulaw,A16
LA_E_4073482,1,g722,A12
LA_E_4073703,0,pstn,bonafide
LA_E_4073752,1,g722,A19
LA_E_4073803,1,pstn,A08
LA_E_4074363,1,pstn,A12
LA_E_4074810,1,ulaw,A16
LA_E_4074820,1,gsm,A14
LA_E_4074828,1,none,A09
LA_E_4075081,1,opus,A10
LA_E_4075417,1,opus,A15
LA_E_4075482,1,gsm,A11
LA_E_4075959,1,ulaw,A17
LA_E_4075960,1,opus,A08
LA_E_4075964,1,pstn,A17
LA_E_4076126,0,alaw,bonafide
LA_E_4076539,1,g722,A19
LA_E_4076808,1,gsm,A07
LA_E_4076874,1,none,A19
LA_E_4077049,1,g722,A13
LA_E_4077291,1,alaw,A09
LA_E_4077293,1,none,A12
LA_E_4077660,1,alaw,A08
LA_E_4077833,1,pstn,A12
LA_E_4078222,1,gsm,A08
LA_E_4078257,1,g722,A12
LA_E_4078672,1,pstn,A09
LA_E_4078675,1,opus,A17
LA_E_4078886,1,alaw,A13
LA_E_4078968,1,alaw,A15
LA_E_4079064,1,pstn,A08
LA_E_4079471,1,alaw,A15
LA_E_4079752,1,ulaw,A07
LA_E_4079756,1,pstn,A12
LA_E_4079883,1,alaw,A16
LA_E_4080083,1,none,A17
LA_E_4080203,1,g722,A08
LA_E_4080306,1,g722,A10
LA_E_4080399,1,ulaw,A16
LA_E_4080609,1,pstn,A07
LA_E_4080631,1,g722,A17
LA_E_4080934,0,g722,bonafide
LA_E_4081280,1,ulaw,A11
LA_E_4082223,1,alaw,A15
LA_E_4082304,1,pstn,A10
LA_E_4082422,1,pstn,A12
LA_E_4082787,1,pstn,A18
LA_E_4082854,1,opus,A10
LA_E_4083092,1,gsm,A16
LA_E_4083156,1,none,A11
LA_E_4083690,1,gsm,A19
LA_E_4083823,1,opus,A18
LA_E_4083972,1,none,A14
LA_E_4084005,1,alaw,A09
LA_E_4084057,1,gsm,A14
LA_E_4084337,1,none,A18
LA_E_4085389,1,pstn,A07
LA_E_4085509,1,alaw,A11
LA_E_4085727,1,none,A19
LA_E_4085751,1,gsm,A12
LA_E_4085886,1,none,A07
LA_E_4086082,1,pstn,A11
LA_E_4086142,1,ulaw,A15
LA_E_4086151,1,opus,A12
LA_E_4086564,1,none,A10
LA_E_4086943,1,pstn,A10
LA_E_4086992,1,gsm,A16
LA_E_4087837,1,none,A19
LA_E_4088290,1,alaw,A08
LA_E_4088498,1,opus,A16
LA_E_4088788,1,gsm,A15
LA_E_4088925,1,opus,A08
LA_E_4089228,1,alaw,A19
LA_E_4089550,1,pstn,A12
LA_E_4089603,0,g722,bonafide
LA_E_4089741,1,g722,A10
LA_E_4089939,1,none,A13
LA_E_4090094,1,ulaw,A10
LA_E_4090304,1,ulaw,A08
LA_E_4090336,1,g722,A16
LA_E_4090369,1,alaw,A16
LA_E_4090418,1,gsm,A09
LA_E_4090914,1,g722,A12
LA_E_4090938,1,none,A11
LA_E_4091099,0,ulaw,bonafide
LA_E_4091799,1,g722,A18
LA_E_4092043,1,gsm,A17
LA_E_4092220,1,g722,A17
LA_E_4092991,1,g722,A12
LA_E_4093728,1,alaw,A10
LA_E_4094191,1,ulaw,A10
LA_E_4095011,1,none,A09
LA_E_4095172,1,alaw,A07
LA_E_4095381,1,g722,A16
LA_E_4095865,1,gsm,A09
LA_E_4097687,1,g722,A14
LA_E_4097732,1,gsm,A14
LA_E_4097799,1,pstn,A09
LA_E_4098232,1,g722,A18
LA_E_4098279,1,ulaw,A12
LA_E_4098294,1,opus,A13
LA_E_4098479,1,opus,A09
LA_E_4098710,1,pstn,A11
LA_E_4098919,1,alaw,A12
LA_E_4098936,1,ulaw,A15
LA_E_4099102,1,alaw,A11
LA_E_4099137,0,gsm,bonafide
LA_E_4099240,1,ulaw,A19
LA_E_4100753,1,alaw,A15
LA_E_4101073,1,alaw,A17
LA_E_4101374,1,ulaw,A12
LA_E_4102979,1,alaw,A18
LA_E_4103092,1,none,A08
LA_E_4103128,1,pstn,A14
LA_E_4103369,1,gsm,A17
LA_E_4103417,1,pstn,A07
LA_E_4103528,1,pstn,A11
LA_E_4103682,1,alaw,A17
LA_E_4103905,1,none,A09
LA_E_4103952,1,ulaw,A11
LA_E_4104331,1,opus,A18
LA_E_4104480,1,pstn,A14
LA_E_4104754,1,opus,A19
LA_E_4105043,1,pstn,A11
LA_E_4105460,1,gsm,A14
LA_E_4105955,1,opus,A19
LA_E_4106270,0,opus,bonafide
LA_E_4106544,1,ulaw,A10
LA_E_4106613,1,pstn,A08
LA_E_4107009,1,pstn,A07
LA_E_4107424,1,opus,A19
LA_E_4107867,0,opus,bonafide
LA_E_4107996,1,none,A18
LA_E_4108481,1,none,A12
LA_E_4108728,1,none,A14
LA_E_4109032,1,alaw,A11
LA_E_4109273,1,alaw,A08
LA_E_4110266,1,pstn,A08
LA_E_4110406,1,gsm,A10
LA_E_4110440,1,pstn,A14
LA_E_4110734,1,ulaw,A13
LA_E_4111004,0,g722,bonafide
LA_E_4111039,1,none,A16
LA_E_4111051,1,alaw,A08
LA_E_4111092,1,ulaw,A07
LA_E_4111174,1,ulaw,A10
LA_E_4111195,1,alaw,A12
LA_E_4111212,1,alaw,A08
LA_E_4111445,1,ulaw,A14
LA_E_4111728,1,ulaw,A17
LA_E_4111744,1,pstn,A08
LA_E_4112231,1,pstn,A12
LA_E_4112299,1,gsm,A19
LA_E_4113077,1,opus,A07
LA_E_4113087,1,ulaw,A18
LA_E_4113099,1,g722,A08
LA_E_4113533,1,ulaw,A12
LA_E_4114482,1,alaw,A09
LA_E_4114566,1,opus,A16
LA_E_4114612,1,g722,A13
LA_E_4115393,1,pstn,A17
LA_E_4115458,1,alaw,A10
LA_E_4115817,1,opus,A15
LA_E_4116501,1,pstn,A13
LA_E_4116619,1,opus,A17
LA_E_4117595,1,g722,A08
LA_E_4117823,1,g722,A17
LA_E_4117930,1,alaw,A07
LA_E_4118403,1,pstn,A17
LA_E_4118682,0,opus,bonafide
LA_E_4119970,1,alaw,A12
LA_E_4120025,0,none,bonafide
LA_E_4121249,1,gsm,A08
LA_E_4121420,1,none,A18
LA_E_4121622,1,g722,A14
LA_E_4121765,1,gsm,A07
LA_E_4121920,1,opus,A18
LA_E_4122809,1,pstn,A14
LA_E_4122990,1,gsm,A10
LA_E_4122996,1,gsm,A19
LA_E_4123157,1,pstn,A12
LA_E_4123710,1,none,A11
LA_E_4124026,1,pstn,A16
LA_E_4124285,1,ulaw,A18
LA_E_4124623,1,ulaw,A17
LA_E_4125148,1,pstn,A15
LA_E_4125391,1,none,A11
LA_E_4126256,1,g722,A14
LA_E_4126310,0,ulaw,bonafide
LA_E_4126329,1,ulaw,A07
LA_E_4126942,1,ulaw,A14
LA_E_4127181,1,g722,A14
LA_E_4127305,1,alaw,A08
LA_E_4127559,1,none,A13
LA_E_4128026,1,g722,A08
LA_E_4128257,0,ulaw,bonafide
LA_E_4128520,1,opus,A11
LA_E_4128947,1,none,A12
LA_E_4129327,1,gsm,A14
LA_E_4129375,1,pstn,A08
LA_E_4129491,1,g722,A11
LA_E_4129567,1,alaw,A07
LA_E_4129636,1,pstn,A12
LA_E_4129703,1,pstn,A08
LA_E_4129808,1,none,A12
LA_E_4130028,1,g722,A18
LA_E_4130058,1,g722,A17
LA_E_4130237,1,pstn,A17
LA_E_4130248,1,alaw,A10
LA_E_4130563,1,pstn,A13
LA_E_4131167,1,pstn,A18
LA_E_4132055,1,alaw,A17
LA_E_4133536,1,alaw,A18
LA_E_4133638,1,pstn,A18
LA_E_4133652,1,pstn,A12
LA_E_4133859,1,opus,A07
LA_E_4133939,1,none,A14
LA_E_4134119,0,g722,bonafide
LA_E_4134681,1,pstn,A11
LA_E_4135218,1,pstn,A13
LA_E_4135343,1,ulaw,A17
LA_E_4135627,1,pstn,A17
LA_E_4136376,1,ulaw,A14
LA_E_4136455,1,g722,A16
LA_E_4136655,1,pstn,A07
LA_E_4137147,1,opus,A09
LA_E_4137332,1,alaw,A14
LA_E_4137667,1,alaw,A19
LA_E_4137744,1,opus,A11
LA_E_4137965,1,pstn,A18
LA_E_4138338,1,ulaw,A08
LA_E_4138394,1,gsm,A08
LA_E_4138811,1,alaw,A12
LA_E_4139079,1,none,A08
LA_E_4139921,0,pstn,bonafide
LA_E_4139974,1,pstn,A08
LA_E_4140003,1,g722,A17
LA_E_4140126,1,alaw,A17
LA_E_4140398,1,alaw,A09
LA_E_4140461,1,pstn,A14
LA_E_4140629,1,alaw,A19
LA_E_4141256,1,none,A07
LA_E_4141695,1,alaw,A13
LA_E_4142781,1,none,A08
LA_E_4142918,1,alaw,A09
LA_E_4143146,1,ulaw,A10
LA_E_4143178,1,alaw,A07
LA_E_4143180,1,opus,A16
LA_E_4143680,1,ulaw,A08
LA_E_4143901,1,gsm,A15
LA_E_4143940,1,ulaw,A08
LA_E_4144605,1,g722,A14
LA_E_4144727,1,opus,A13
LA_E_4145160,1,none,A10
LA_E_4146260,1,ulaw,A09
LA_E_4146638,1,ulaw,A16
LA_E_4146812,1,none,A11
LA_E_4147173,1,ulaw,A09
LA_E_4147460,1,ulaw,A15
LA_E_4147504,1,ulaw,A19
LA_E_4147641,1,alaw,A19
LA_E_4147652,0,gsm,bonafide
LA_E_4147813,1,pstn,A17
LA_E_4147897,1,alaw,A11
LA_E_4148497,1,alaw,A14
LA_E_4148590,1,none,A07
LA_E_4149401,1,g722,A19
LA_E_4149635,1,pstn,A11
LA_E_4149660,0,ulaw,bonafide
LA_E_4149685,1,g722,A16
LA_E_4150169,1,opus,A08
LA_E_4150285,1,ulaw,A16
LA_E_4150883,1,alaw,A13
LA_E_4151243,1,ulaw,A11
LA_E_4151268,1,alaw,A11
LA_E_4151656,1,pstn,A10
LA_E_4151869,1,ulaw,A10
LA_E_4152231,1,opus,A07
LA_E_4152338,1,none,A14
LA_E_4152542,1,pstn,A17
LA_E_4152590,1,opus,A17
LA_E_4152737,1,none,A08
LA_E_4152885,1,ulaw,A07
LA_E_4152961,1,g722,A15
LA_E_4153055,1,opus,A17
LA_E_4153414,1,pstn,A16
LA_E_4154132,1,opus,A15
LA_E_4154449,1,none,A09
LA_E_4154604,1,g722,A12
LA_E_4155244,1,alaw,A10
LA_E_4155250,1,opus,A18
LA_E_4156112,1,gsm,A14
LA_E_4156127,0,pstn,bonafide
LA_E_4156145,1,gsm,A15
LA_E_4156296,1,alaw,A11
LA_E_4156539,0,alaw,bonafide
LA_E_4156548,0,gsm,bonafide
LA_E_4156710,1,gsm,A10
LA_E_4156843,1,pstn,A15
LA_E_4157021,1,alaw,A16
LA_E_4157100,1,g722,A10
LA_E_4157635,1,g722,A11
LA_E_4157881,0,opus,bonafide
LA_E_4158044,1,none,A16
LA_E_4158071,1,g722,A13
LA_E_4158189,0,gsm,bonafide
LA_E_4158845,1,ulaw,A18
LA_E_4158848,1,pstn,A19
LA_E_4159302,1,alaw,A09
LA_E_4159379,1,none,A07
LA_E_4159453,1,alaw,A17
LA_E_4159467,0,opus,bonafide
LA_E_4161175,1,none,A14
LA_E_4161185,0,gsm,bonafide
LA_E_4161866,1,g722,A14
LA_E_4162035,0,none,bonafide
LA_E_4162181,1,opus,A15
LA_E_4162184,1,pstn,A16
LA_E_4162324,1,alaw,A18
LA_E_4162378,1,ulaw,A07
LA_E_4163014,1,ulaw,A16
LA_E_4163628,1,pstn,A11
LA_E_4163815,1,alaw,A17
LA_E_4164169,1,pstn,A18
LA_E_4164331,1,pstn,A14
LA_E_4164448,1,gsm,A19
LA_E_4164654,1,none,A13
LA_E_4164749,1,ulaw,A13
LA_E_4165762,1,g722,A10
LA_E_4165771,1,gsm,A13
LA_E_4165834,1,pstn,A18
LA_E_4166186,1,pstn,A18
LA_E_4166413,1,ulaw,A19
LA_E_4166505,1,gsm,A07
LA_E_4166572,0,pstn,bonafide
LA_E_4166736,1,alaw,A13
LA_E_4166900,1,gsm,A08
LA_E_4167489,1,none,A18
LA_E_4167992,0,pstn,bonafide
LA_E_4168078,1,opus,A19
LA_E_4168145,1,none,A16
LA_E_4168216,1,ulaw,A10
LA_E_4168289,1,opus,A15
LA_E_4168331,1,gsm,A09
LA_E_4168768,1,g722,A14
LA_E_4168841,1,none,A07
LA_E_4169398,1,opus,A18
LA_E_4169445,1,ulaw,A13
LA_E_4169485,1,alaw,A19
LA_E_4169550,1,gsm,A07
LA_E_4170161,1,pstn,A11
LA_E_4170508,0,ulaw,bonafide
LA_E_4170876,1,g722,A14
LA_E_4171641,1,none,A17
LA_E_4171647,1,none,A09
LA_E_4171972,1,pstn,A09
LA_E_4172010,1,opus,A12
LA_E_4172297,1,gsm,A10
LA_E_4172707,1,alaw,A07
LA_E_4172843,1,pstn,A16
LA_E_4173008,1,g722,A12
LA_E_4173214,0,g722,bonafide
LA_E_4173426,1,pstn,A12
LA_E_4173494,0,gsm,bonafide
LA_E_4173851,1,alaw,A12
LA_E_4173948,1,none,A12
LA_E_4174020,1,gsm,A08
LA_E_4174196,1,alaw,A15
LA_E_4174441,1,alaw,A10
LA_E_4174501,1,alaw,A16
LA_E_4175350,1,none,A11
LA_E_4175498,1,none,A12
LA_E_4175914,1,alaw,A14
LA_E_4176524,1,none,A12
LA_E_4176689,1,ulaw,A18
LA_E_4177306,1,none,A13
LA_E_4177918,1,pstn,A17
LA_E_4177966,1,alaw,A17
LA_E_4178175,1,gsm,A18
LA_E_4178283,1,none,A10
LA_E_4178367,1,pstn,A07
LA_E_4178426,1,g722,A16
LA_E_4178443,1,g722,A13
LA_E_4179347,1,none,A07
LA_E_4179536,1,ulaw,A19
LA_E_4179642,1,pstn,A11
LA_E_4179780,1,alaw,A19
LA_E_4180288,0,alaw,bonafide
LA_E_4180747,1,gsm,A14
LA_E_4180849,1,alaw,A12
LA_E_4180932,1,pstn,A11
LA_E_4181454,1,gsm,A08
LA_E_4181963,1,g722,A15
LA_E_4181975,1,opus,A18
LA_E_4182143,1,alaw,A19
LA_E_4182242,1,gsm,A11
LA_E_4182324,1,none,A18
LA_E_4182446,1,none,A13
LA_E_4182666,1,ulaw,A19
LA_E_4182824,0,alaw,bonafide
LA_E_4183078,1,g722,A11
LA_E_4183125,1,gsm,A14
LA_E_4183369,1,g722,A10
LA_E_4183405,1,ulaw,A16
LA_E_4183578,1,g722,A11
LA_E_4183997,0,gsm,bonafide
LA_E_4184212,1,g722,A13
LA_E_4184214,1,g722,A12
LA_E_4184987,1,opus,A09
LA_E_4185193,1,gsm,A13
LA_E_4185282,1,g722,A09
LA_E_4185727,1,pstn,A10
LA_E_4185864,0,none,bonafide
LA_E_4186107,1,opus,A18
LA_E_4186919,1,pstn,A15
LA_E_4186964,1,gsm,A13
LA_E_4186999,1,ulaw,A07
LA_E_4187363,1,opus,A09
LA_E_4187492,1,gsm,A07
LA_E_4187955,1,opus,A07
LA_E_4188368,1,g722,A15
LA_E_4188418,1,opus,A10
LA_E_4188736,1,pstn,A11
LA_E_4188817,0,opus,bonafide
LA_E_4188853,1,alaw,A16
LA_E_4189111,0,gsm,bonafide
LA_E_4189495,1,none,A15
LA_E_4189687,1,pstn,A14
LA_E_4189835,1,opus,A08
LA_E_4190529,1,ulaw,A15
LA_E_4190934,0,opus,bonafide
LA_E_4191176,1,alaw,A18
LA_E_4191203,1,gsm,A11
LA_E_4191269,1,gsm,A17
LA_E_4191455,1,alaw,A08
LA_E_4191554,1,none,A10
LA_E_4191917,1,g722,A19
LA_E_4192880,1,gsm,A17
LA_E_4193037,1,pstn,A07
LA_E_4193057,1,alaw,A15
LA_E_4193088,1,none,A15
LA_E_4193271,1,g722,A10
LA_E_4193292,1,ulaw,A14
LA_E_4193376,1,alaw,A10
LA_E_4193810,1,gsm,A07
LA_E_4194294,1,opus,A18
LA_E_4194556,1,ulaw,A17
LA_E_4194742,1,alaw,A09
LA_E_4195168,1,none,A19
LA_E_4195179,1,ulaw,A13
LA_E_4195292,1,g722,A17
LA_E_4195911,0,g722,bonafide
LA_E_4196450,1,g722,A09
LA_E_4196867,1,gsm,A08
LA_E_4196933,1,pstn,A15
LA_E_4196975,1,ulaw,A11
LA_E_4197618,1,none,A10
LA_E_4197619,1,ulaw,A09
LA_E_4197696,1,alaw,A11
LA_E_4198304,1,pstn,A09
LA_E_4198566,1,gsm,A09
LA_E_4198595,1,ulaw,A07
LA_E_4198950,1,alaw,A19
LA_E_4199132,1,alaw,A09
LA_E_4199416,1,opus,A19
LA_E_4199431,1,gsm,A17
LA_E_4199478,1,ulaw,A07
LA_E_4199636,1,none,A17
LA_E_4200257,1,none,A14
LA_E_4200261,1,ulaw,A10
LA_E_4200683,1,ulaw,A13
LA_E_4200798,1,opus,A11
LA_E_4200825,1,g722,A14
LA_E_4201276,1,none,A10
LA_E_4201309,1,g722,A17
LA_E_4201329,1,opus,A14
LA_E_4201644,1,ulaw,A13
LA_E_4201682,1,pstn,A17
LA_E_4201742,1,ulaw,A12
LA_E_4201852,0,opus,bonafide
LA_E_4201985,1,ulaw,A16
LA_E_4202264,1,ulaw,A11
LA_E_4202421,1,ulaw,A12
LA_E_4202536,1,alaw,A09
LA_E_4202588,1,alaw,A07
LA_E_4203409,1,g722,A18
LA_E_4203491,1,g722,A17
LA_E_4203638,1,pstn,A11
LA_E_4203862,1,gsm,A16
LA_E_4204319,1,alaw,A18
LA_E_4205144,1,alaw,A07
LA_E_4205185,1,pstn,A17
LA_E_4205335,1,opus,A17
LA_E_4205416,1,none,A16
LA_E_4205867,1,alaw,A14
LA_E_4205902,1,alaw,A11
LA_E_4206378,1,alaw,A15
LA_E_4206605,1,opus,A08
LA_E_4206668,1,opus,A12
LA_E_4206688,1,g722,A13
LA_E_4206829,1,none,A07
LA_E_4206845,1,g722,A14
LA_E_4207346,0,gsm,bonafide
LA_E_4208315,1,g722,A14
LA_E_4208364,1,alaw,A19
LA_E_4208726,1,gsm,A07
LA_E_4208937,1,gsm,A17
LA_E_4209047,1,ulaw,A18
LA_E_4209236,1,alaw,A16
LA_E_4209518,1,pstn,A15
LA_E_4209714,1,g722,A14
LA_E_4209887,1,pstn,A12
LA_E_4209943,1,pstn,A16
LA_E_4210292,1,g722,A16
LA_E_4210953,0,ulaw,bonafide
LA_E_4211460,0,gsm,bonafide
LA_E_4211486,1,pstn,A16
LA_E_4211732,1,pstn,A12
LA_E_4211764,1,opus,A17
LA_E_4211848,1,alaw,A17
LA_E_4212077,1,g722,A10
LA_E_4212916,0,ulaw,bonafide
LA_E_4213230,1,g722,A16
LA_E_4213641,1,none,A14
LA_E_4213650,1,g722,A12
LA_E_4213995,1,pstn,A09
LA_E_4214002,1,gsm,A18
LA_E_4214593,1,opus,A10
LA_E_4214832,1,pstn,A19
LA_E_4214859,1,opus,A07
LA_E_4215308,1,none,A19
LA_E_4215587,1,alaw,A13
LA_E_4215750,1,g722,A09
LA_E_4215785,1,gsm,A17
LA_E_4215834,0,opus,bonafide
LA_E_4215843,1,ulaw,A09
LA_E_4216233,1,opus,A10
LA_E_4216315,1,pstn,A13
LA_E_4216528,1,alaw,A08
LA_E_4217620,1,opus,A13
LA_E_4217640,1,pstn,A15
LA_E_4217735,1,alaw,A10
LA_E_4217807,1,g722,A18
LA_E_4217830,1,alaw,A14
LA_E_4217918,1,g722,A17
LA_E_4217948,1,pstn,A17
LA_E_4218051,1,opus,A13
LA_E_4218196,1,opus,A18
LA_E_4218269,1,opus,A18
LA_E_4218639,1,none,A15
LA_E_4219166,1,ulaw,A07
LA_E_4219302,1,pstn,A19
LA_E_4219670,1,opus,A16
LA_E_4219920,1,alaw,A13
LA_E_4220245,1,g722,A13
LA_E_4220753,1,pstn,A07
LA_E_4220891,1,ulaw,A08
LA_E_4221275,1,g722,A09
LA_E_4221695,1,gsm,A19
LA_E_4221742,0,none,bonafide
LA_E_4222416,1,ulaw,A07
LA_E_4223108,1,gsm,A08
LA_E_4223333,1,pstn,A16
LA_E_4223695,1,none,A08
LA_E_4223906,0,opus,bonafide
LA_E_4224306,1,gsm,A11
LA_E_4224418,1,ulaw,A09
LA_E_4224748,1,alaw,A19
LA_E_4224924,1,opus,A14
LA_E_4226050,1,g722,A14
LA_E_4226166,1,ulaw,A17
LA_E_4226179,1,gsm,A15
LA_E_4226213,1,alaw,A08
LA_E_4226253,1,gsm,A17
LA_E_4226265,1,pstn,A13
LA_E_4226650,1,pstn,A11
LA_E_4226674,1,opus,A10
LA_E_4226684,1,none,A07
LA_E_4227072,1,pstn,A12
LA_E_4227161,1,gsm,A16
LA_E_4228148,1,pstn,A16
LA_E_4228443,1,none,A15
LA_E_4228453,1,g722,A07
LA_E_4228492,0,alaw,bonafide
LA_E_4228495,1,opus,A10
LA_E_4228514,1,gsm,A17
LA_E_4228814,1,pstn,A17
LA_E_4228860,1,alaw,A07
LA_E_4228932,1,alaw,A13
LA_E_4229170,1,alaw,A12
LA_E_4229475,1,ulaw,A13
LA_E_4229968,1,pstn,A13
LA_E_4230071,1,alaw,A10
LA_E_4230177,1,ulaw,A07
LA_E_4230309,1,none,A11
LA_E_4230689,1,alaw,A07
LA_E_4230836,1,none,A12
LA_E_4230839,1,ulaw,A14
LA_E_4230878,1,none,A18
LA_E_4231147,1,ulaw,A07
LA_E_4232309,0,pstn,bonafide
LA_E_4232451,1,none,A11
LA_E_4232726,1,g722,A10
LA_E_4232937,1,opus,A14
LA_E_4232948,1,opus,A09
LA_E_4233147,0,opus,bonafide
LA_E_4233403,1,ulaw,A17
LA_E_4233625,1,gsm,A18
LA_E_4233641,1,gsm,A11
LA_E_4233876,1,ulaw,A10
LA_E_4233895,1,alaw,A18
LA_E_4234026,1,ulaw,A16
LA_E_4234060,1,opus,A10
LA_E_4234110,1,ulaw,A10
LA_E_4234980,1,ulaw,A17
LA_E_4235003,1,gsm,A14
LA_E_4235159,1,opus,A07
LA_E_4235161,1,g722,A16
LA_E_4235309,1,opus,A13
LA_E_4235411,1,ulaw,A18
LA_E_4235888,1,ulaw,A08
LA_E_4236112,1,ulaw,A17
LA_E_4236195,1,ulaw,A12
LA_E_4236742,1,alaw,A17
LA_E_4236852,1,pstn,A09
LA_E_4236876,1,gsm,A18
LA_E_4236899,1,gsm,A09
LA_E_4237129,1,pstn,A08
LA_E_4237148,1,none,A19
LA_E_4237255,1,gsm,A14
LA_E_4237403,1,opus,A16
LA_E_4237890,1,gsm,A14
LA_E_4238697,1,g722,A16
LA_E_4238699,1,gsm,A13
LA_E_4238758,1,pstn,A18
LA_E_4239086,0,none,bonafide
LA_E_4239331,1,ulaw,A17
LA_E_4239518,1,pstn,A10
LA_E_4239579,1,opus,A08
LA_E_4239965,1,gsm,A18
LA_E_4240177,1,alaw,A08
LA_E_4240179,1,g722,A15
LA_E_4240510,1,g722,A19
LA_E_4240525,1,gsm,A10
LA_E_4240585,1,gsm,A17
LA_E_4240696,1,none,A11
LA_E_4240920,1,none,A17
LA_E_4241024,1,pstn,A15
LA_E_4241169,1,alaw,A11
LA_E_4241217,1,gsm,A14
LA_E_4241341,1,ulaw,A11
LA_E_4241515,1,none,A15
LA_E_4241522,1,ulaw,A17
LA_E_4241558,1,ulaw,A19
LA_E_4241930,1,gsm,A14
LA_E_4241935,1,g722,A08
LA_E_4242335,1,gsm,A16
LA_E_4242848,1,opus,A15
LA_E_4243039,1,g722,A09
LA_E_4243397,1,alaw,A10
LA_E_4243450,0,opus,bonafide
LA_E_4243602,0,gsm,bonafide
LA_E_4243818,1,none,A08
LA_E_4243844,1,alaw,A10
LA_E_4244254,0,pstn,bonafide
LA_E_4244393,1,opus,A19
LA_E_4244471,1,pstn,A19
LA_E_4244582,1,none,A10
LA_E_4244595,0,ulaw,bonafide
LA_E_4244708,1,opus,A12
LA_E_4244874,1,pstn,A18
LA_E_4245015,1,g722,A15
LA_E_4245452,1,opus,A11
LA_E_4245711,1,alaw,A15
LA_E_4246200,1,alaw,A19
LA_E_4246419,1,pstn,A15
LA_E_4246443,1,alaw,A16
LA_E_4246805,1,alaw,A10
LA_E_4246853,1,none,A08
LA_E_4247071,1,opus,A09
LA_E_4247559,1,pstn,A15
LA_E_4247879,1,pstn,A17
LA_E_4248209,1,none,A11
LA_E_4248624,1,ulaw,A11
LA_E_4249158,1,gsm,A15
LA_E_4249179,0,ulaw,bonafide
LA_E_4249409,1,opus,A14
LA_E_4249590,1,alaw,A11
LA_E_4249734,0,g722,bonafide
LA_E_4249775,1,pstn,A19
LA_E_4250145,1,g722,A08
LA_E_4250245,1,ulaw,A12
LA_E_4250263,1,none,A17
LA_E_4250582,1,ulaw,A13
LA_E_4250601,1,none,A10
LA_E_4250810,1,none,A07
LA_E_4250881,1,opus,A15
LA_E_4250899,0,ulaw,bonafide
LA_E_4250994,1,ulaw,A17
LA_E_4251030,1,g722,A14
LA_E_4251361,1,alaw,A12
LA_E_4251459,1,opus,A08
LA_E_4251901,1,none,A09
LA_E_4251987,1,opus,A18
LA_E_4252224,1,gsm,A12
LA_E_4252538,1,alaw,A17
LA_E_4252604,1,gsm,A17
LA_E_4252619,1,opus,A07
LA_E_4253025,1,gsm,A18
LA_E_4253126,1,g722,A16
LA_E_4253176,1,gsm,A13
LA_E_4253531,1,opus,A08
LA_E_4253542,1,opus,A14
LA_E_4254251,1,pstn,A19
LA_E_4254443,1,g722,A19
LA_E_4254463,1,alaw,A16
LA_E_4254598,1,none,A13
LA_E_4254790,1,none,A12
LA_E_4255210,1,opus,A10
LA_E_4255291,1,gsm,A15
LA_E_4255592,1,none,A18
LA_E_4255717,0,g722,bonafide
LA_E_4256323,1,none,A13
LA_E_4256570,1,pstn,A17
LA_E_4256751,1,pstn,A11
LA_E_4256891,1,pstn,A13
LA_E_4257052,1,ulaw,A15
LA_E_4257176,1,none,A10
LA_E_4257731,1,gsm,A11
LA_E_4257773,1,pstn,A10
LA_E_4257774,1,gsm,A18
LA_E_4257796,1,none,A14
LA_E_4257878,1,gsm,A10
LA_E_4257892,1,gsm,A19
LA_E_4258141,1,opus,A07
LA_E_4258325,1,alaw,A13
LA_E_4258351,1,opus,A14
LA_E_4258460,1,pstn,A14
LA_E_4258473,1,alaw,A08
LA_E_4258552,1,ulaw,A11
LA_E_4258775,1,ulaw,A16
LA_E_4258930,1,none,A18
LA_E_4259095,1,pstn,A07
LA_E_4259543,1,pstn,A14
LA_E_4259559,1,ulaw,A15
LA_E_4260214,1,none,A09
LA_E_4260360,1,g722,A08
LA_E_4261013,1,none,A07
LA_E_4261539,1,opus,A08
LA_E_4261804,1,g722,A13
LA_E_4261850,1,opus,A14
LA_E_4262081,1,opus,A11
LA_E_4262132,1,pstn,A13
LA_E_4262159,1,pstn,A15
LA_E_4262403,1,ulaw,A13
LA_E_4262501,1,ulaw,A13
LA_E_4262899,1,gsm,A17
LA_E_4263084,1,pstn,A19
LA_E_4263116,1,gsm,A14
LA_E_4263567,0,ulaw,bonafide
LA_E_4264090,1,none,A08
LA_E_4264352,1,pstn,A15
LA_E_4264366,1,pstn,A15
LA_E_4264443,1,alaw,A16
LA_E_4264488,1,pstn,A11
LA_E_4264716,1,alaw,A08
LA_E_4264718,0,opus,bonafide
LA_E_4264884,1,g722,A13
LA_E_4265164,1,pstn,A15
LA_E_4265558,1,pstn,A07
LA_E_4266160,0,alaw,bonafide
LA_E_4266280,1,pstn,A16
LA_E_4266462,1,ulaw,A09
LA_E_4266490,1,pstn,A12
LA_E_4266578,1,gsm,A08
LA_E_4266691,1,ulaw,A17
LA_E_4266816,1,none,A08
LA_E_4266932,1,gsm,A10
LA_E_4267095,1,alaw,A07
LA_E_4267163,1,none,A12
LA_E_4267248,1,ulaw,A19
LA_E_4267362,1,none,A08
LA_E_4267363,1,opus,A16
LA_E_4267438,1,pstn,A09
LA_E_4267797,1,opus,A08
LA_E_4268005,1,ulaw,A07
LA_E_4268028,1,g722,A15
LA_E_4268175,1,g722,A12
LA_E_4268216,0,opus,bonafide
LA_E_4268310,1,gsm,A14
LA_E_4268334,1,ulaw,A13
LA_E_4268402,1,opus,A16
LA_E_4268485,1,gsm,A17
LA_E_4268486,1,alaw,A13
LA_E_4268609,1,ulaw,A12
LA_E_4268636,1,ulaw,A10
LA_E_4269217,1,g722,A13
LA_E_4269496,1,alaw,A15
LA_E_4269616,1,gsm,A08
LA_E_4270057,0,gsm,bonafide
LA_E_4270293,1,ulaw,A17
LA_E_4270612,1,alaw,A17
LA_E_4271103,1,opus,A17
LA_E_4271447,1,ulaw,A13
LA_E_4271472,1,alaw,A09
LA_E_4271742,1,g722,A11
LA_E_4271767,0,ulaw,bonafide
LA_E_4272199,0,ulaw,bonafide
LA_E_4272320,1,gsm,A08
LA_E_4272568,1,pstn,A10
LA_E_4272837,1,opus,A14
LA_E_4273097,1,alaw,A14
LA_E_4273103,1,gsm,A08
LA_E_4273375,1,alaw,A10
LA_E_4273399,1,g722,A07
LA_E_4273411,1,none,A11
LA_E_4273596,1,none,A16
LA_E_4273803,1,none,A10
LA_E_4273857,1,none,A18
LA_E_4273863,1,alaw,A18
LA_E_4273933,1,alaw,A11
LA_E_4273956,1,opus,A10
LA_E_4274189,1,g722,A14
LA_E_4274389,1,gsm,A18
LA_E_4274504,1,g722,A13
LA_E_4274611,1,ulaw,A13
LA_E_4275482,1,pstn,A16
LA_E_4276801,1,pstn,A17
LA_E_4276977,1,ulaw,A15
LA_E_4277235,1,opus,A14
LA_E_4277580,1,g722,A12
LA_E_4279119,1,g722,A15
LA_E_4279230,1,gsm,A10
LA_E_4279274,1,opus,A19
LA_E_4279337,1,opus,A08
LA_E_4279753,0,g722,bonafide
LA_E_4280755,0,ulaw,bonafide
LA_E_4280872,1,ulaw,A11
LA_E_4281027,1,pstn,A18
LA_E_4281271,1,pstn,A11
LA_E_4281620,1,opus,A08
LA_E_4281634,1,ulaw,A18
LA_E_4281859,0,g722,bonafide
LA_E_4281979,1,none,A07
LA_E_4282240,1,alaw,A08
LA_E_4282241,1,pstn,A07
LA_E_4282249,1,alaw,A16
LA_E_4282292,1,pstn,A08
LA_E_4282592,1,alaw,A16
LA_E_4282635,1,gsm,A08
LA_E_4282863,0,pstn,bonafide
LA_E_4283470,1,opus,A18
LA_E_4283722,1,gsm,A07
LA_E_4283740,1,gsm,A08
LA_E_4284058,1,pstn,A19
LA_E_4284064,1,pstn,A19
LA_E_4284405,1,opus,A14
LA_E_4284821,1,pstn,A12
LA_E_4284884,1,ulaw,A08
LA_E_4285460,1,none,A09
LA_E_4285903,1,opus,A15
LA_E_4286090,1,gsm,A08
LA_E_4286530,1,g722,A12
LA_E_4286775,1,gsm,A19
LA_E_4286933,1,pstn,A11
LA_E_4286939,1,pstn,A16
LA_E_4287157,1,ulaw,A15
LA_E_4287446,1,alaw,A13
LA_E_4287935,1,gsm,A18
LA_E_4287967,1,gsm,A14
LA_E_4288656,0,ulaw,bonafide
LA_E_4288916,1,gsm,A13
LA_E_4288926,1,g722,A08
LA_E_4289824,1,none,A12
LA_E_4289828,1,alaw,A09
LA_E_4289933,1,opus,A08
LA_E_4290545,1,ulaw,A19
LA_E_4291362,1,none,A19
LA_E_4291400,1,gsm,A09
LA_E_4291448,1,opus,A16
LA_E_4291598,1,g722,A08
LA_E_4291787,1,alaw,A07
LA_E_4292097,1,ulaw,A14
LA_E_4292100,1,none,A12
LA_E_4292691,1,g722,A15
LA_E_4293049,1,pstn,A07
LA_E_4293483,1,g722,A13
LA_E_4293630,1,alaw,A16
LA_E_4294022,1,alaw,A11
LA_E_4295097,1,ulaw,A10
LA_E_4295260,0,gsm,bonafide
LA_E_4295706,1,g722,A11
LA_E_4296556,0,gsm,bonafide
LA_E_4296725,1,pstn,A10
LA_E_4297490,1,alaw,A16
LA_E_4297616,1,alaw,A07
LA_E_4297796,1,g722,A08
LA_E_4297998,0,g722,bonafide
LA_E_4298137,1,ulaw,A16
LA_E_4298169,0,gsm,bonafide
LA_E_4298891,1,ulaw,A15
LA_E_4299055,1,ulaw,A17
LA_E_4299557,1,gsm,A18
LA_E_4299611,1,alaw,A14
LA_E_4300014,1,opus,A10
LA_E_4300060,1,opus,A16
LA_E_4300410,1,opus,A07
LA_E_4300527,0,alaw,bonafide
LA_E_4301097,1,gsm,A16
LA_E_4301482,1,alaw,A19
LA_E_4302194,1,opus,A14
LA_E_4302340,1,none,A19
LA_E_4302600,1,pstn,A16
LA_E_4302610,1,alaw,A16
LA_E_4302957,1,none,A15
LA_E_4302985,0,none,bonafide
LA_E_4303517,1,none,A18
LA_E_4304007,1,alaw,A17
LA_E_4304152,1,opus,A15
LA_E_4304188,1,ulaw,A17
LA_E_4304491,1,none,A18
LA_E_4304531,1,ulaw,A08
LA_E_4304826,1,g722,A18
LA_E_4304878,1,none,A18
LA_E_4305106,1,pstn,A19
LA_E_4305482,1,alaw,A17
LA_E_4305932,1,g722,A07
LA_E_4306160,1,gsm,A11
LA_E_4306242,1,g722,A16
LA_E_4306812,1,pstn,A18
LA_E_4307544,1,alaw,A08
LA_E_4307678,1,opus,A08
LA_E_4307679,1,g722,A14
LA_E_4307784,1,alaw,A13
LA_E_4307991,1,pstn,A08
LA_E_4307995,0,opus,bonafide
LA_E_4308004,1,gsm,A08
LA_E_4308155,1,pstn,A07
LA_E_4308647,1,gsm,A08
LA_E_4308686,0,ulaw,bonafide
LA_E_4309060,1,pstn,A09
LA_E_4309113,0,g722,bonafide
LA_E_4309251,1,opus,A08
LA_E_4310049,0,gsm,bonafide
LA_E_4310112,1,alaw,A15
LA_E_4310221,1,pstn,A10
LA_E_4310560,1,pstn,A13
LA_E_4311138,1,opus,A09
LA_E_4311220,1,gsm,A12
LA_E_4311485,1,g722,A18
LA_E_4311672,1,alaw,A08
LA_E_4311745,1,gsm,A15
LA_E_4311803,0,gsm,bonafide
LA_E_4312359,1,ulaw,A19
LA_E_4312676,1,none,A15
LA_E_4312705,1,gsm,A07
LA_E_4313393,1,gsm,A08
LA_E_4313607,1,gsm,A07
LA_E_4313642,1,alaw,A07
LA_E_4313925,1,g722,A17
LA_E_4314149,1,none,A09
LA_E_4314374,0,g722,bonafide
LA_E_4314731,1,g722,A08
LA_E_4315204,1,pstn,A17
LA_E_4315536,1,g722,A18
LA_E_4315723,1,opus,A17
LA_E_4315880,1,gsm,A07
LA_E_4315892,1,opus,A16
LA_E_4316429,1,none,A11
LA_E_4316748,1,pstn,A19
LA_E_4316838,1,g722,A12
LA_E_4317512,1,alaw,A11
LA_E_4317791,1,alaw,A18
LA_E_4317797,0,none,bonafide
LA_E_4317975,1,none,A18
LA_E_4318266,0,none,bonafide
LA_E_4318291,1,gsm,A14
LA_E_4318403,1,alaw,A13
LA_E_4318492,1,alaw,A12
LA_E_4318601,1,pstn,A11
LA_E_4319103,1,opus,A12
LA_E_4319507,1,ulaw,A10
LA_E_4319573,0,pstn,bonafide
LA_E_4319910,1,opus,A18
LA_E_4319931,1,pstn,A12
LA_E_4320042,1,alaw,A16
LA_E_4320499,1,g722,A07
LA_E_4321018,1,gsm,A12
LA_E_4321332,1,opus,A09
LA_E_4321464,1,ulaw,A16
LA_E_4321679,1,g722,A10
LA_E_4321719,1,gsm,A12
LA_E_4321899,1,ulaw,A09
LA_E_4322126,1,opus,A17
LA_E_4322159,1,g722,A09
LA_E_4322175,1,alaw,A08
LA_E_4322246,1,g722,A10
LA_E_4322255,1,pstn,A17
LA_E_4322488,1,alaw,A13
LA_E_4322924,1,none,A15
LA_E_4322992,0,gsm,bonafide
LA_E_4323432,0,gsm,bonafide
LA_E_4323553,1,alaw,A17
LA_E_4323737,1,g722,A10
LA_E_4323981,1,pstn,A07
LA_E_4324186,1,gsm,A11
LA_E_4324193,0,ulaw,bonafide
LA_E_4324530,1,pstn,A16
LA_E_4325158,1,g722,A11
LA_E_4325199,1,opus,A08
LA_E_4325300,1,pstn,A07
LA_E_4326253,1,alaw,A13
LA_E_4326587,1,alaw,A17
LA_E_4326731,1,gsm,A07
LA_E_4327007,1,none,A12
LA_E_4328074,1,g722,A12
LA_E_4328148,1,opus,A19
LA_E_4328264,0,gsm,bonafide
LA_E_4329157,1,gsm,A07
LA_E_4329207,1,none,A10
LA_E_4329482,1,gsm,A19
LA_E_4329671,1,pstn,A15
LA_E_4329745,0,g722,bonafide
LA_E_4329775,1,gsm,A18
LA_E_4329829,0,none,bonafide
LA_E_4330578,1,ulaw,A13
LA_E_4330612,1,gsm,A07
LA_E_4331442,1,opus,A15
LA_E_4331452,1,pstn,A13
LA_E_4331465,1,alaw,A12
LA_E_4331554,0,ulaw,bonafide
LA_E_4331567,1,alaw,A14
LA_E_4331642,1,gsm,A14
LA_E_4331712,1,ulaw,A09
LA_E_4332090,1,ulaw,A13
LA_E_4332095,1,ulaw,A10
LA_E_4332530,1,g722,A09
LA_E_4332751,1,alaw,A10
LA_E_4333664,1,ulaw,A10
LA_E_4333769,1,pstn,A18
LA_E_4333798,1,g722,A17
LA_E_4333931,1,none,A16
LA_E_4334006,1,none,A12
LA_E_4334205,1,ulaw,A08
LA_E_4335399,1,g722,A10
LA_E_4335415,1,ulaw,A07
LA_E_4335663,1,none,A09
LA_E_4336226,1,g722,A09
LA_E_4336249,1,opus,A16
LA_E_4336455,1,opus,A09
LA_E_4337123,1,alaw,A12
LA_E_4337282,1,gsm,A13
LA_E_4337285,1,g722,A18
LA_E_4337287,1,pstn,A12
LA_E_4337390,1,gsm,A16
LA_E_4337495,1,none,A12
LA_E_4337738,1,alaw,A12
LA_E_4337946,1,ulaw,A10
LA_E_4338040,1,g722,A14
LA_E_4338302,1,g722,A08
LA_E_4338441,1,opus,A09
LA_E_4338498,1,gsm,A19
LA_E_4338554,1,none,A13
LA_E_4338800,1,pstn,A11
LA_E_4339088,1,none,A08
LA_E_4339111,1,alaw,A17
LA_E_4339393,1,none,A07
LA_E_4339478,1,pstn,A12
LA_E_4339661,1,alaw,A10
LA_E_4340246,1,gsm,A15
LA_E_4340335,1,pstn,A11
LA_E_4340462,1,gsm,A12
LA_E_4340746,1,alaw,A09
LA_E_4340825,1,none,A09
LA_E_4341121,1,ulaw,A09
LA_E_4341424,1,none,A10
LA_E_4341438,1,g722,A15
LA_E_4341798,1,none,A16
LA_E_4341892,1,alaw,A08
LA_E_4342243,1,g722,A12
LA_E_4342289,1,pstn,A09
LA_E_4342519,1,alaw,A15
LA_E_4343057,1,opus,A16
LA_E_4343235,1,opus,A19
LA_E_4343526,1,ulaw,A18
LA_E_4343553,1,alaw,A14
LA_E_4344795,1,g722,A11
LA_E_4344992,1,opus,A11
LA_E_4345053,1,opus,A10
LA_E_4345078,1,ulaw,A14
LA_E_4345135,1,opus,A12
LA_E_4345418,1,alaw,A08
LA_E_4345619,1,gsm,A10
LA_E_4346179,1,pstn,A12
LA_E_4346345,1,gsm,A09
LA_E_4347081,1,opus,A08
LA_E_4347342,1,ulaw,A17
LA_E_4347932,1,ulaw,A13
LA_E_4348122,1,g722,A19
LA_E_4348463,1,gsm,A11
LA_E_4348523,1,none,A08
LA_E_4348762,1,g722,A10
LA_E_4349281,1,opus,A16
LA_E_4349385,1,ulaw,A11
LA_E_4349485,1,ulaw,A15
LA_E_4349869,1,pstn,A14
LA_E_4350471,1,g722,A15
LA_E_4351300,1,none,A15
LA_E_4351563,1,gsm,A16
LA_E_4351989,1,pstn,A16
LA_E_4352175,1,g722,A15
LA_E_4352556,1,none,A14
LA_E_4352695,1,g722,A08
LA_E_4353637,1,ulaw,A09
LA_E_4353945,1,gsm,A11
LA_E_4353959,1,none,A10
LA_E_4354042,1,pstn,A13
LA_E_4354089,1,ulaw,A09
LA_E_4354339,1,opus,A13
LA_E_4354379,1,gsm,A09
LA_E_4354522,1,gsm,A10
LA_E_4355619,1,none,A15
LA_E_4355716,1,ulaw,A07
LA_E_4356774,1,opus,A17
LA_E_4357888,1,ulaw,A13
LA_E_4358393,1,g722,A19
LA_E_4358885,1,ulaw,A07
LA_E_4359068,1,g722,A14
LA_E_4359073,0,gsm,bonafide
LA_E_4359185,0,ulaw,bonafide
LA_E_4359238,1,none,A18
LA_E_4359248,1,gsm,A16
LA_E_4359503,1,gsm,A18
LA_E_4360146,1,ulaw,A16
LA_E_4360856,1,pstn,A10
LA_E_4361774,1,alaw,A09
LA_E_4361866,1,gsm,A15
LA_E_4361987,1,pstn,A09
LA_E_4362129,1,opus,A18
LA_E_4362500,1,g722,A11
LA_E_4362713,0,opus,bonafide
LA_E_4362856,1,alaw,A18
LA_E_4362986,1,gsm,A19
LA_E_4363107,1,gsm,A12
LA_E_4363365,1,g722,A17
LA_E_4363689,1,ulaw,A18
LA_E_4363763,1,gsm,A10
LA_E_4363784,1,g722,A09
LA_E_4363842,1,none,A13
LA_E_4364146,1,gsm,A10
LA_E_4364750,1,pstn,A15
LA_E_4364834,1,g722,A16
LA_E_4364903,1,g722,A14
LA_E_4364904,1,ulaw,A17
LA_E_4365017,1,pstn,A19
LA_E_4365590,1,none,A13
LA_E_4365792,1,alaw,A15
LA_E_4365955,1,ulaw,A09
LA_E_4366038,1,none,A19
LA_E_4366096,1,opus,A16
LA_E_4366261,1,ulaw,A12
LA_E_4366369,0,gsm,bonafide
LA_E_4366397,1,g722,A13
LA_E_4366411,1,g722,A17
LA_E_4367068,1,opus,A16
LA_E_4367082,1,pstn,A14
LA_E_4367199,1,none,A18
LA_E_4367308,1,none,A08
LA_E_4367329,1,g722,A14
LA_E_4367405,1,ulaw,A19
LA_E_4367521,1,g722,A19
LA_E_4367748,1,alaw,A10
LA_E_4368040,1,alaw,A16
LA_E_4368440,1,pstn,A10
LA_E_4368671,1,ulaw,A19
LA_E_4368675,1,pstn,A16
LA_E_4368855,1,alaw,A17
LA_E_4368875,1,ulaw,A13
LA_E_4369007,1,g722,A18
LA_E_4369084,1,opus,A16
LA_E_4369863,1,gsm,A11
LA_E_4370175,1,opus,A07
LA_E_4370492,1,gsm,A15
LA_E_4370537,1,alaw,A11
LA_E_4370657,1,opus,A09
LA_E_4370673,1,g722,A10
LA_E_4371206,1,ulaw,A17
LA_E_4371658,1,none,A12
LA_E_4371872,1,gsm,A16
LA_E_4371884,1,pstn,A08
LA_E_4372576,1,gsm,A18
LA_E_4372920,1,ulaw,A13
LA_E_4373223,1,ulaw,A11
LA_E_4374136,1,gsm,A12
LA_E_4374796,1,ulaw,A13
LA_E_4375355,0,ulaw,bonafide
LA_E_4375668,1,ulaw,A17
LA_E_4375934,1,ulaw,A10
LA_E_4376230,1,pstn,A15
LA_E_4376430,1,none,A09
LA_E_4376844,1,alaw,A09
LA_E_4378372,1,gsm,A14
LA_E_4378695,1,gsm,A12
LA_E_4378761,1,g722,A09
LA_E_4378799,1,pstn,A10
LA_E_4378807,1,none,A16
LA_E_4378999,1,ulaw,A18
LA_E_4379372,1,alaw,A15
LA_E_4380025,0,opus,bonafide
LA_E_4380344,1,none,A12
LA_E_4380499,1,g722,A08
LA_E_4380599,1,gsm,A12
LA_E_4380896,1,alaw,A16
LA_E_4380953,1,none,A11
LA_E_4381224,1,ulaw,A13
LA_E_4381251,1,none,A09
LA_E_4381388,1,opus,A16
LA_E_4381617,1,ulaw,A10
LA_E_4381867,1,gsm,A12
LA_E_4381951,1,alaw,A07
LA_E_4382264,1,none,A15
LA_E_4382969,1,alaw,A08
LA_E_4383133,1,gsm,A08
LA_E_4383244,1,alaw,A15
LA_E_4383276,1,ulaw,A08
LA_E_4383780,1,none,A10
LA_E_4384513,1,g722,A11
LA_E_4384997,1,gsm,A18
LA_E_4385027,1,gsm,A10
LA_E_4385570,1,ulaw,A18
LA_E_4385671,0,alaw,bonafide
LA_E_4386239,0,ulaw,bonafide
LA_E_4386259,1,ulaw,A12
LA_E_4386404,1,alaw,A15
LA_E_4386755,1,ulaw,A10
LA_E_4386876,1,pstn,A13
LA_E_4387818,1,none,A16
LA_E_4387864,0,opus,bonafide
LA_E_4388116,1,none,A09
LA_E_4388149,1,none,A08
LA_E_4388182,1,none,A16
LA_E_4388286,1,pstn,A09
LA_E_4388575,1,alaw,A19
LA_E_4388725,1,opus,A18
LA_E_4388934,1,none,A10
LA_E_4389350,1,g722,A14
LA_E_4389380,1,opus,A09
LA_E_4389755,0,opus,bonafide
LA_E_4389818,1,none,A18
LA_E_4389957,1,alaw,A14
LA_E_4389981,0,opus,bonafide
LA_E_4390123,1,g722,A13
LA_E_4390137,1,gsm,A11
LA_E_4390542,1,none,A19
LA_E_4390566,1,ulaw,A14
LA_E_4390739,1,pstn,A19
LA_E_4390855,1,gsm,A07
LA_E_4390919,1,ulaw,A15
LA_E_4391074,1,pstn,A08
LA_E_4391168,1,gsm,A12
LA_E_4391272,1,ulaw,A07
LA_E_4391691,1,alaw,A12
LA_E_4391706,1,alaw,A16
LA_E_4391896,1,none,A09
LA_E_4392054,1,alaw,A15
LA_E_4392212,1,pstn,A16
LA_E_4392379,1,pstn,A12
LA_E_4392657,1,g722,A14
LA_E_4392680,1,ulaw,A11
LA_E_4392923,1,opus,A09
LA_E_4392924,1,alaw,A07
LA_E_4393335,1,gsm,A11
LA_E_4393495,1,none,A16
LA_E_4393597,1,g722,A14
LA_E_4393685,1,pstn,A18
LA_E_4393980,1,g722,A07
LA_E_4394102,0,ulaw,bonafide
LA_E_4394298,1,g722,A18
LA_E_4394430,1,gsm,A15
LA_E_4394688,1,gsm,A12
LA_E_4394748,1,alaw,A10
LA_E_4394811,1,pstn,A07
LA_E_4394854,0,pstn,bonafide
LA_E_4394899,0,ulaw,bonafide
LA_E_4395129,1,none,A17
LA_E_4395767,1,none,A18
LA_E_4396020,1,g722,A07
LA_E_4396289,1,alaw,A10
LA_E_4396633,1,ulaw,A13
LA_E_4397092,1,none,A07
LA_E_4397274,1,gsm,A12
LA_E_4397525,1,gsm,A12
LA_E_4397697,1,gsm,A10
LA_E_4397817,1,gsm,A18
LA_E_4398200,1,none,A14
LA_E_4398288,1,g722,A14
LA_E_4398733,1,ulaw,A15
LA_E_4398840,1,gsm,A18
LA_E_4399138,1,g722,A09
LA_E_4399821,1,alaw,A09
LA_E_4400427,1,opus,A13
LA_E_4400772,1,gsm,A14
LA_E_4400876,1,none,A08
LA_E_4401050,1,g722,A18
LA_E_4402011,1,opus,A12
LA_E_4402161,1,gsm,A13
LA_E_4402617,1,opus,A10
LA_E_4402787,1,opus,A18
LA_E_4402918,1,ulaw,A15
LA_E_4403008,1,alaw,A10
LA_E_4403069,1,gsm,A19
LA_E_4403780,1,none,A07
LA_E_4404382,0,gsm,bonafide
LA_E_4404417,1,none,A10
LA_E_4404430,1,pstn,A15
LA_E_4404450,1,alaw,A18
LA_E_4404542,1,opus,A13
LA_E_4404713,1,none,A19
LA_E_4404967,1,opus,A19
LA_E_4404991,1,pstn,A13
LA_E_4405044,1,pstn,A15
LA_E_4405155,1,ulaw,A08
LA_E_4405535,1,g722,A15
LA_E_4405577,1,none,A12
LA_E_4406128,1,none,A08
LA_E_4406243,1,gsm,A12
LA_E_4406266,1,gsm,A10
LA_E_4406308,1,gsm,A07
LA_E_4406977,1,alaw,A09
LA_E_4407154,1,opus,A11
LA_E_4407393,1,none,A10
LA_E_4407402,1,gsm,A10
LA_E_4407440,1,pstn,A19
LA_E_4407599,1,ulaw,A10
LA_E_4407770,1,pstn,A12
LA_E_4407835,0,pstn,bonafide
LA_E_4407883,1,ulaw,A10
LA_E_4407997,1,g722,A16
LA_E_4408009,1,alaw,A13
LA_E_4408016,1,pstn,A08
LA_E_4408113,1,pstn,A18
LA_E_4408145,1,pstn,A17
LA_E_4408219,0,g722,bonafide
LA_E_4408466,1,g722,A12
LA_E_4408775,1,opus,A07
LA_E_4409194,1,gsm,A15
LA_E_4409370,1,none,A11
LA_E_4409671,1,gsm,A17
LA_E_4409879,1,gsm,A15
LA_E_4410608,1,none,A15
LA_E_4410833,1,g722,A15
LA_E_4411350,0,gsm,bonafide
LA_E_4411437,1,pstn,A07
LA_E_4411511,1,none,A07
LA_E_4411819,1,ulaw,A19
LA_E_4411905,1,alaw,A08
LA_E_4412271,1,opus,A18
LA_E_4412616,1,gsm,A13
LA_E_4413789,1,none,A10
LA_E_4413839,1,ulaw,A18
LA_E_4414013,1,ulaw,A10
LA_E_4414414,1,none,A18
LA_E_4414475,1,pstn,A16
LA_E_4414715,1,g722,A19
LA_E_4414780,1,none,A17
LA_E_4415088,0,gsm,bonafide
LA_E_4415623,1,opus,A15
LA_E_4415769,1,ulaw,A12
LA_E_4416073,1,none,A18
LA_E_4416717,1,opus,A09
LA_E_4416816,0,opus,bonafide
LA_E_4416969,1,g722,A17
LA_E_4417094,1,pstn,A12
LA_E_4417321,1,opus,A13
LA_E_4417383,1,ulaw,A18
LA_E_4417448,0,opus,bonafide
LA_E_4417828,1,opus,A07
LA_E_4418258,1,g722,A19
LA_E_4418861,1,ulaw,A10
LA_E_4419444,1,ulaw,A16
LA_E_4420021,1,opus,A11
LA_E_4420054,1,opus,A13
LA_E_4420144,1,none,A08
LA_E_4420238,1,alaw,A08
LA_E_4420370,1,alaw,A16
LA_E_4420684,1,ulaw,A19
LA_E_4420792,1,g722,A07
LA_E_4420942,1,ulaw,A13
LA_E_4421477,1,opus,A11
LA_E_4421653,1,pstn,A17
LA_E_4421659,1,pstn,A17
LA_E_4422042,1,ulaw,A08
LA_E_4422359,1,pstn,A17
LA_E_4422408,1,opus,A11
LA_E_4422435,1,ulaw,A14
LA_E_4422679,1,opus,A09
LA_E_4422988,0,ulaw,bonafide
LA_E_4423114,1,ulaw,A15
LA_E_4423305,1,none,A18
LA_E_4423358,1,pstn,A16
LA_E_4423425,1,opus,A18
LA_E_4423545,0,opus,bonafide
LA_E_4423776,1,ulaw,A18
LA_E_4423912,1,pstn,A16
LA_E_4423995,1,opus,A09
LA_E_4424225,0,ulaw,bonafide
LA_E_4424258,0,ulaw,bonafide
LA_E_4424502,1,opus,A11
LA_E_4424731,1,none,A10
LA_E_4424999,1,pstn,A13
LA_E_4425011,1,none,A12
LA_E_4425337,1,gsm,A14
LA_E_4425450,1,gsm,A17
LA_E_4425792,0,pstn,bonafide
LA_E_4425979,1,gsm,A10
LA_E_4425981,1,gsm,A12
LA_E_4426723,1,pstn,A18
LA_E_4426747,1,opus,A10
LA_E_4426876,1,ulaw,A18
LA_E_4427095,1,gsm,A18
LA_E_4427837,1,alaw,A16
LA_E_4427943,0,pstn,bonafide
LA_E_4428756,1,opus,A09
LA_E_4429287,1,ulaw,A09
LA_E_4430562,1,opus,A15
LA_E_4430982,1,opus,A08
LA_E_4431345,1,ulaw,A12
LA_E_4431775,1,gsm,A16
LA_E_4431905,1,g722,A17
LA_E_4432086,1,alaw,A15
LA_E_4432157,1,g722,A07
LA_E_4432246,1,g722,A13
LA_E_4432428,1,pstn,A08
LA_E_4432533,1,none,A10
LA_E_4433172,1,none,A10
LA_E_4433240,1,opus,A18
LA_E_4433310,1,none,A19
LA_E_4433652,1,gsm,A16
LA_E_4434120,1,gsm,A13
LA_E_4434352,0,opus,bonafide
LA_E_4434840,1,gsm,A10
LA_E_4435484,1,alaw,A18
LA_E_4436215,1,opus,A16
LA_E_4436267,1,none,A14
LA_E_4436415,1,gsm,A07
LA_E_4437401,1,pstn,A11
LA_E_4437722,1,ulaw,A18
LA_E_4437812,0,gsm,bonafide
LA_E_4438091,1,g722,A13
LA_E_4438144,1,gsm,A13
LA_E_4438263,1,alaw,A09
LA_E_4438330,1,ulaw,A09
LA_E_4438684,1,g722,A18
LA_E_4438740,1,gsm,A16
LA_E_4438912,0,alaw,bonafide
LA_E_4440219,1,opus,A14
LA_E_4440535,1,opus,A15
LA_E_4440705,1,none,A09
LA_E_4441157,1,alaw,A17
LA_E_4441466,1,opus,A17
LA_E_4441520,1,pstn,A16
LA_E_4441675,1,none,A14
LA_E_4441973,1,gsm,A16
LA_E_4443546,1,g722,A09
LA_E_4444351,1,gsm,A10
LA_E_4444459,1,none,A17
LA_E_4444726,1,ulaw,A15
LA_E_4444995,1,g722,A07
LA_E_4445386,1,opus,A08
LA_E_4446045,1,ulaw,A16
LA_E_4446227,1,none,A07
LA_E_4446488,1,gsm,A10
LA_E_4446506,1,gsm,A09
LA_E_4446624,1,opus,A08
LA_E_4446775,1,pstn,A10
LA_E_4446920,1,pstn,A09
LA_E_4447043,1,gsm,A09
LA_E_4447610,1,ulaw,A07
LA_E_4448028,1,alaw,A14
LA_E_4448193,1,none,A19
LA_E_4448692,1,ulaw,A15
LA_E_4448818,1,opus,A13
LA_E_4448833,1,opus,A17
LA_E_4449333,1,opus,A11
LA_E_4449992,1,alaw,A09
LA_E_4450116,1,alaw,A12
LA_E_4450514,1,opus,A13
LA_E_4450797,0,g722,bonafide
LA_E_4452194,1,opus,A10
LA_E_4453480,1,alaw,A07
LA_E_4453555,0,g722,bonafide
LA_E_4454000,1,pstn,A15
LA_E_4454171,1,gsm,A18
LA_E_4454242,1,gsm,A17
LA_E_4454666,1,gsm,A09
LA_E_4455472,1,opus,A17
LA_E_4455736,1,none,A10
LA_E_4455794,1,alaw,A11
LA_E_4456131,1,alaw,A12
LA_E_4456400,1,none,A19
LA_E_4456421,1,ulaw,A16
LA_E_4456685,1,opus,A07
LA_E_4457336,1,gsm,A18
LA_E_4457592,1,none,A13
LA_E_4457699,1,gsm,A11
LA_E_4457930,1,g722,A12
LA_E_4457992,0,gsm,bonafide
LA_E_4459386,1,opus,A08
LA_E_4459394,1,gsm,A11
LA_E_4459659,1,pstn,A18
LA_E_4459686,0,ulaw,bonafide
LA_E_4460231,1,pstn,A18
LA_E_4460669,1,pstn,A15
LA_E_4460715,1,g722,A16
LA_E_4460881,1,g722,A11
LA_E_4461261,0,opus,bonafide
LA_E_4461375,1,ulaw,A16
LA_E_4461572,1,alaw,A07
LA_E_4462689,1,gsm,A07
LA_E_4463318,1,gsm,A13
LA_E_4463595,1,opus,A10
LA_E_4463644,1,gsm,A19
LA_E_4463655,1,pstn,A08
LA_E_4463877,1,gsm,A08
LA_E_4463982,1,none,A17
LA_E_4464263,1,g722,A08
LA_E_4464283,1,ulaw,A10
LA_E_4464545,1,pstn,A08
LA_E_4465063,1,pstn,A19
LA_E_4465493,1,alaw,A16
LA_E_4465905,0,opus,bonafide
LA_E_4465923,1,alaw,A19
LA_E_4466048,1,pstn,A19
LA_E_4466073,1,alaw,A08
LA_E_4466267,1,g722,A07
LA_E_4466300,1,ulaw,A17
LA_E_4466787,1,opus,A15
LA_E_4466925,0,pstn,bonafide
LA_E_4467614,1,pstn,A15
LA_E_4467744,1,g722,A12
LA_E_4467775,1,gsm,A19
LA_E_4468171,1,gsm,A12
LA_E_4469326,1,pstn,A08
LA_E_4469357,1,ulaw,A15
LA_E_4469372,1,gsm,A07
LA_E_4469660,1,ulaw,A16
LA_E_4469936,1,opus,A07
LA_E_4470090,1,opus,A13
LA_E_4470266,0,alaw,bonafide
LA_E_4471057,1,gsm,A08
LA_E_4471138,1,gsm,A16
LA_E_4472439,1,alaw,A17
LA_E_4472518,1,opus,A13
LA_E_4472862,1,none,A17
LA_E_4472887,1,opus,A08
LA_E_4473167,1,opus,A12
LA_E_4473472,1,opus,A19
LA_E_4473499,1,alaw,A12
LA_E_4473529,1,opus,A16
LA_E_4473636,1,g722,A16
LA_E_4474372,1,g722,A11
LA_E_4474463,1,alaw,A15
LA_E_4475078,1,gsm,A07
LA_E_4475627,0,alaw,bonafide
LA_E_4475744,1,none,A19
LA_E_4475792,1,ulaw,A15
LA_E_4476009,1,gsm,A16
LA_E_4476249,1,opus,A17
LA_E_4476384,1,opus,A14
LA_E_4476628,1,none,A11
LA_E_4477060,1,pstn,A18
LA_E_4477130,0,alaw,bonafide
LA_E_4477447,1,opus,A09
LA_E_4477536,1,none,A18
LA_E_4477803,1,ulaw,A13
LA_E_4477827,1,none,A15
LA_E_4478353,0,opus,bonafide
LA_E_4478517,1,alaw,A18
LA_E_4478520,1,gsm,A07
LA_E_4479540,1,pstn,A14
LA_E_4479986,1,alaw,A09
LA_E_4480353,1,gsm,A09
LA_E_4480687,1,pstn,A08
LA_E_4480956,1,gsm,A16
LA_E_4481123,1,g722,A09
LA_E_4481275,1,ulaw,A17
LA_E_4481370,1,g722,A09
LA_E_4481498,1,pstn,A12
LA_E_4481880,1,ulaw,A09
LA_E_4481903,0,none,bonafide
LA_E_4481964,1,gsm,A14
LA_E_4482107,1,none,A18
LA_E_4482130,1,gsm,A10
LA_E_4482297,1,g722,A14
LA_E_4482509,1,pstn,A11
LA_E_4482680,1,gsm,A11
LA_E_4482753,1,alaw,A17
LA_E_4484093,1,none,A15
LA_E_4484837,1,opus,A10
LA_E_4484888,1,gsm,A14
LA_E_4485389,1,none,A13
LA_E_4485724,1,alaw,A17
LA_E_4485945,1,opus,A09
LA_E_4486526,1,opus,A15
LA_E_4486687,1,pstn,A08
LA_E_4487065,1,opus,A19
LA_E_4487066,1,ulaw,A07
LA_E_4487568,1,opus,A07
LA_E_4487636,1,ulaw,A13
LA_E_4487691,1,opus,A07
LA_E_4487726,1,pstn,A12
LA_E_4487926,0,ulaw,bonafide
LA_E_4488022,1,pstn,A16
LA_E_4488378,1,gsm,A09
LA_E_4488389,0,none,bonafide
LA_E_4489955,1,opus,A16
LA_E_4490148,1,ulaw,A08
LA_E_4490581,1,opus,A18
LA_E_4490650,1,gsm,A18
LA_E_4490686,1,alaw,A13
LA_E_4490733,1,gsm,A19
LA_E_4491160,1,ulaw,A10
LA_E_4491329,1,gsm,A12
LA_E_4491857,1,pstn,A15
LA_E_4492617,1,g722,A14
LA_E_4492628,1,none,A09
LA_E_4492652,1,none,A18
LA_E_4494029,1,g722,A15
LA_E_4494409,1,none,A07
LA_E_4495032,1,none,A17
LA_E_4495261,1,opus,A19
LA_E_4495903,1,opus,A09
LA_E_4495907,1,gsm,A16
LA_E_4497188,1,ulaw,A16
LA_E_4498059,1,ulaw,A14
LA_E_4498373,1,ulaw,A17
LA_E_4498566,1,g722,A19
LA_E_4498612,1,opus,A16
LA_E_4498770,1,gsm,A13
LA_E_4499179,1,gsm,A11
LA_E_4499235,1,gsm,A09
LA_E_4499269,1,ulaw,A15
LA_E_4499433,1,none,A14
LA_E_4499588,1,g722,A14
LA_E_4499849,1,opus,A10
LA_E_4500282,1,ulaw,A12
LA_E_4500408,1,opus,A08
LA_E_4500447,1,alaw,A15
LA_E_4500649,1,opus,A12
LA_E_4500739,1,g722,A17
LA_E_4500873,1,pstn,A16
LA_E_4500921,1,pstn,A15
LA_E_4501083,1,gsm,A15
LA_E_4501247,1,alaw,A07
LA_E_4501383,1,pstn,A07
LA_E_4501421,1,gsm,A09
LA_E_4501987,0,pstn,bonafide
LA_E_4502027,1,g722,A17
LA_E_4502577,1,opus,A07
LA_E_4502911,1,alaw,A12
LA_E_4502993,1,ulaw,A08
LA_E_4503365,1,gsm,A07
LA_E_4503536,1,alaw,A07
LA_E_4503694,1,gsm,A15
LA_E_4504312,1,alaw,A14
LA_E_4504555,1,ulaw,A10
LA_E_4504560,1,opus,A09
LA_E_4504610,1,opus,A19
LA_E_4505353,1,pstn,A08
LA_E_4505750,1,pstn,A07
LA_E_4505780,1,gsm,A19
LA_E_4505830,1,alaw,A13
LA_E_4506195,1,alaw,A17
LA_E_4506368,1,alaw,A07
LA_E_4506397,1,opus,A09
LA_E_4506801,1,opus,A15
LA_E_4506944,1,pstn,A08
LA_E_4506973,1,opus,A13
LA_E_4507218,1,ulaw,A19
LA_E_4507846,1,pstn,A15
LA_E_4507987,1,none,A16
LA_E_4508002,1,ulaw,A09
LA_E_4508808,1,opus,A14
LA_E_4508882,0,pstn,bonafide
LA_E_4509178,1,opus,A17
LA_E_4509740,1,none,A08
LA_E_4510139,1,pstn,A09
LA_E_4510444,1,g722,A10
LA_E_4510488,1,ulaw,A12
LA_E_4511746,1,alaw,A19
LA_E_4511764,1,ulaw,A12
LA_E_4511946,1,pstn,A07
LA_E_4511998,1,g722,A19
LA_E_4512063,1,opus,A19
LA_E_4512474,1,alaw,A08
LA_E_4512658,1,pstn,A09
LA_E_4512712,1,g722,A16
LA_E_4512878,1,gsm,A19
LA_E_4513010,1,none,A14
LA_E_4513210,1,none,A19
LA_E_4513935,1,gsm,A13
LA_E_4514243,1,opus,A17
LA_E_4514742,0,g722,bonafide
LA_E_4514782,1,alaw,A19
LA_E_4515080,1,gsm,A18
LA_E_4515625,1,alaw,A16
LA_E_4515792,1,ulaw,A12
LA_E_4516160,1,ulaw,A19
LA_E_4516263,1,alaw,A19
LA_E_4516833,1,pstn,A10
LA_E_4517705,1,pstn,A11
LA_E_4517739,1,opus,A15
LA_E_4518255,1,g722,A13
LA_E_4518293,1,opus,A09
LA_E_4518332,1,opus,A16
LA_E_4518646,1,alaw,A18
LA_E_4518798,1,gsm,A13
LA_E_4518889,1,gsm,A10
LA_E_4519068,1,ulaw,A15
LA_E_4519216,0,gsm,bonafide
LA_E_4519260,1,alaw,A16
LA_E_4519568,1,gsm,A14
LA_E_4519720,1,g722,A17
LA_E_4519732,0,pstn,bonafide
LA_E_4519874,1,opus,A11
LA_E_4519986,1,ulaw,A12
LA_E_4520002,1,ulaw,A19
LA_E_4520602,0,alaw,bonafide
LA_E_4520616,1,g722,A14
LA_E_4520667,1,g722,A14
LA_E_4520940,1,gsm,A15
LA_E_4521742,1,gsm,A10
LA_E_4521845,1,gsm,A12
LA_E_4521872,1,opus,A08
LA_E_4521980,1,g722,A10
LA_E_4521992,1,ulaw,A09
LA_E_4522025,1,none,A17
LA_E_4522590,1,none,A17
LA_E_4522613,1,g722,A16
LA_E_4522856,1,pstn,A11
LA_E_4523106,1,g722,A07
LA_E_4523442,1,gsm,A08
LA_E_4523574,0,opus,bonafide
LA_E_4523670,1,opus,A14
LA_E_4523920,1,ulaw,A09
LA_E_4524023,1,ulaw,A14
LA_E_4524177,1,opus,A19
LA_E_4524468,1,ulaw,A14
LA_E_4524536,1,alaw,A16
LA_E_4524806,1,alaw,A16
LA_E_4525651,1,none,A12
LA_E_4525706,1,ulaw,A07
LA_E_4526232,1,ulaw,A08
LA_E_4526426,1,gsm,A10
LA_E_4526461,1,ulaw,A19
LA_E_4526520,1,gsm,A09
LA_E_4526921,1,ulaw,A12
LA_E_4527370,1,ulaw,A18
LA_E_4528044,1,alaw,A11
LA_E_4528592,1,opus,A09
LA_E_4529265,1,gsm,A13
LA_E_4529477,1,pstn,A11
LA_E_4529483,1,ulaw,A14
LA_E_4529513,1,g722,A13
LA_E_4529795,1,g722,A14
LA_E_4529825,1,opus,A17
LA_E_4530101,1,ulaw,A17
LA_E_4530514,1,opus,A12
LA_E_4530698,1,g722,A19
LA_E_4531551,1,g722,A12
LA_E_4531631,1,alaw,A17
LA_E_4531838,1,none,A16
LA_E_4531920,1,alaw,A13
LA_E_4532433,1,ulaw,A10
LA_E_4532507,1,ulaw,A10
LA_E_4532533,1,ulaw,A08
LA_E_4532620,1,pstn,A17
LA_E_4533150,1,gsm,A09
LA_E_4533157,1,none,A10
LA_E_4534434,1,opus,A19
LA_E_4534827,1,pstn,A18
LA_E_4534968,1,g722,A11
LA_E_4535320,1,opus,A19
LA_E_4535387,1,gsm,A08
LA_E_4535606,1,opus,A11
LA_E_4535704,1,pstn,A09
LA_E_4535881,1,pstn,A13
LA_E_4536046,1,ulaw,A10
LA_E_4536350,1,g722,A19
LA_E_4536378,1,ulaw,A19
LA_E_4536476,1,alaw,A11
LA_E_4536685,1,alaw,A14
LA_E_4536985,0,g722,bonafide
LA_E_4536999,0,g722,bonafide
LA_E_4537337,1,g722,A09
LA_E_4537466,1,ulaw,A17
LA_E_4537518,1,ulaw,A09
LA_E_4537618,0,gsm,bonafide
LA_E_4537834,1,ulaw,A11
LA_E_4537910,1,g722,A18
LA_E_4537965,1,ulaw,A09
LA_E_4538014,1,alaw,A10
LA_E_4538111,1,g722,A15
LA_E_4538132,0,opus,bonafide
LA_E_4538813,1,gsm,A17
LA_E_4538860,1,ulaw,A19
LA_E_4539181,1,none,A18
LA_E_4539732,0,gsm,bonafide
LA_E_4539751,1,g722,A15
LA_E_4539798,0,none,bonafide
LA_E_4539849,1,none,A18
LA_E_4539873,1,none,A09
LA_E_4540012,1,g722,A12
LA_E_4540151,1,ulaw,A12
LA_E_4540578,1,opus,A15
LA_E_4540674,0,pstn,bonafide
LA_E_4541721,1,gsm,A07
LA_E_4541732,1,opus,A09
LA_E_4542483,1,alaw,A14
LA_E_4542885,1,opus,A13
LA_E_4542952,1,opus,A15
LA_E_4543654,1,pstn,A13
LA_E_4543696,1,gsm,A16
LA_E_4543999,1,gsm,A16
LA_E_4544046,1,opus,A15
LA_E_4544047,0,alaw,bonafide
LA_E_4544363,1,alaw,A18
LA_E_4544806,1,alaw,A07
LA_E_4545009,1,gsm,A13
LA_E_4545109,1,opus,A10
LA_E_4545338,0,g722,bonafide
LA_E_4545955,1,gsm,A07
LA_E_4546124,1,opus,A16
LA_E_4546542,1,gsm,A11
LA_E_4546674,1,none,A15
LA_E_4546772,1,opus,A11
LA_E_4546857,1,opus,A08
LA_E_4546898,1,gsm,A16
LA_E_4547228,1,gsm,A15
LA_E_4547587,1,none,A07
LA_E_4548314,1,opus,A19
LA_E_4548431,1,gsm,A16
LA_E_4549517,1,g722,A17
LA_E_4549582,1,ulaw,A13
LA_E_4550013,1,ulaw,A08
LA_E_4550038,1,ulaw,A19
LA_E_4550040,1,ulaw,A14
LA_E_4550780,1,g722,A11
LA_E_4551166,1,ulaw,A16
LA_E_4551176,1,g722,A07
LA_E_4551700,1,g722,A12
LA_E_4551702,1,gsm,A19
LA_E_4551835,1,gsm,A12
LA_E_4551839,1,g722,A07
LA_E_4551846,0,alaw,bonafide
LA_E_4552023,1,gsm,A18
LA_E_4552087,1,pstn,A14
LA_E_4552716,1,gsm,A13
LA_E_4552787,1,alaw,A17
LA_E_4553440,1,ulaw,A08
LA_E_4553635,1,pstn,A10
LA_E_4554315,0,gsm,bonafide
LA_E_4554967,1,ulaw,A13
LA_E_4555377,1,none,A16
LA_E_4555382,1,gsm,A18
LA_E_4555633,1,g722,A08
LA_E_4555661,1,ulaw,A09
LA_E_4555887,1,gsm,A13
LA_E_4556674,0,alaw,bonafide
LA_E_4556740,1,g722,A11
LA_E_4557442,1,alaw,A19
LA_E_4558150,1,alaw,A11
LA_E_4558322,1,ulaw,A13
LA_E_4558713,1,ulaw,A07
LA_E_4558741,1,alaw,A12
LA_E_4559334,1,g722,A13
LA_E_4559423,1,alaw,A17
LA_E_4559512,1,ulaw,A09
LA_E_4559941,1,opus,A11
LA_E_4559978,1,pstn,A18
LA_E_4560015,1,ulaw,A10
LA_E_4560442,1,gsm,A11
LA_E_4560722,1,gsm,A07
LA_E_4560754,1,opus,A10
LA_E_4561369,1,ulaw,A08
LA_E_4561716,1,pstn,A07
LA_E_4562384,1,none,A14
LA_E_4562457,1,ulaw,A14
LA_E_4562656,1,pstn,A08
LA_E_4562776,1,gsm,A07
LA_E_4562840,1,alaw,A15
LA_E_4562932,1,opus,A19
LA_E_4563264,1,none,A10
LA_E_4563820,1,gsm,A11
LA_E_4564043,1,gsm,A14
LA_E_4564251,1,g722,A14
LA_E_4564706,0,g722,bonafide
LA_E_4564785,1,ulaw,A15
LA_E_4564878,1,opus,A09
LA_E_4565269,1,alaw,A16
LA_E_4565771,1,ulaw,A08
LA_E_4566631,1,g722,A12
LA_E_4567227,1,pstn,A19
LA_E_4567374,1,ulaw,A19
LA_E_4568387,1,alaw,A18
LA_E_4568592,1,gsm,A09
LA_E_4568656,1,g722,A17
LA_E_4568723,0,pstn,bonafide
LA_E_4568808,1,pstn,A11
LA_E_4568901,1,opus,A11
LA_E_4569325,1,pstn,A17
LA_E_4569391,1,ulaw,A19
LA_E_4570346,1,gsm,A15
LA_E_4570622,1,pstn,A15
LA_E_4571719,1,opus,A10
LA_E_4572302,1,alaw,A17
LA_E_4573022,1,none,A12
LA_E_4573637,1,ulaw,A14
LA_E_4573690,1,opus,A11
LA_E_4573695,1,opus,A19
LA_E_4574677,1,gsm,A11
LA_E_4574695,1,ulaw,A11
LA_E_4574904,1,pstn,A17
LA_E_4575207,1,ulaw,A15
LA_E_4575688,1,opus,A15
LA_E_4576684,1,alaw,A17
LA_E_4576749,1,alaw,A17
LA_E_4576964,1,none,A16
LA_E_4577122,1,pstn,A12
LA_E_4577468,1,none,A16
LA_E_4577863,1,gsm,A16
LA_E_4578010,1,gsm,A11
LA_E_4578981,1,none,A13
LA_E_4579120,1,g722,A16
LA_E_4579197,1,gsm,A18
LA_E_4579749,1,ulaw,A11
LA_E_4580074,1,opus,A17
LA_E_4580236,1,none,A13
LA_E_4580320,1,opus,A15
LA_E_4580506,1,opus,A10
LA_E_4580563,1,pstn,A16
LA_E_4581388,1,none,A19
LA_E_4581757,1,pstn,A07
LA_E_4581845,1,g722,A14
LA_E_4581995,1,ulaw,A11
LA_E_4582605,1,ulaw,A10
LA_E_4582942,1,pstn,A16
LA_E_4583164,1,none,A17
LA_E_4583286,1,pstn,A17
LA_E_4583718,0,g722,bonafide
LA_E_4584852,0,g722,bonafide
LA_E_4584988,0,pstn,bonafide
LA_E_4585471,1,opus,A12
LA_E_4586057,1,none,A14
LA_E_4586386,1,gsm,A13
LA_E_4586587,1,gsm,A10
LA_E_4586667,1,opus,A08
LA_E_4586879,1,gsm,A13
LA_E_4587099,1,gsm,A10
LA_E_4587137,1,opus,A16
LA_E_4587375,0,none,bonafide
LA_E_4587671,1,gsm,A16
LA_E_4587767,1,none,A09
LA_E_4588054,1,opus,A13
LA_E_4588378,1,pstn,A12
LA_E_4588483,1,pstn,A07
LA_E_4588627,1,alaw,A17
LA_E_4589429,0,g722,bonafide
LA_E_4590011,1,gsm,A11
LA_E_4590484,1,g722,A13
LA_E_4590536,0,alaw,bonafide
LA_E_4590874,1,none,A13
LA_E_4590958,1,none,A18
LA_E_4591310,1,g722,A08
LA_E_4591669,0,gsm,bonafide
LA_E_4592291,1,opus,A19
LA_E_4592509,0,alaw,bonafide
LA_E_4592552,1,none,A12
LA_E_4593645,1,opus,A10
LA_E_4593693,1,opus,A07
LA_E_4593694,1,g722,A14
LA_E_4593884,0,gsm,bonafide
LA_E_4594141,1,ulaw,A09
LA_E_4594174,1,opus,A16
LA_E_4594294,1,g722,A08
LA_E_4594307,1,ulaw,A16
LA_E_4594906,1,gsm,A13
LA_E_4595313,0,none,bonafide
LA_E_4595347,1,alaw,A07
LA_E_4595584,1,g722,A09
LA_E_4596027,0,gsm,bonafide
LA_E_4596054,1,ulaw,A16
LA_E_4596365,1,opus,A18
LA_E_4596523,1,opus,A18
LA_E_4596624,0,gsm,bonafide
LA_E_4597944,1,opus,A09
LA_E_4598364,1,none,A12
LA_E_4598758,1,ulaw,A09
LA_E_4599098,1,opus,A07
LA_E_4599165,0,ulaw,bonafide
LA_E_4599716,1,pstn,A16
LA_E_4599850,1,gsm,A16
LA_E_4600803,1,none,A16
LA_E_4600880,1,pstn,A08
LA_E_4600917,1,none,A10
LA_E_4600969,1,pstn,A17
LA_E_4601297,1,ulaw,A19
LA_E_4601542,1,none,A14
LA_E_4601764,1,gsm,A08
LA_E_4601971,1,ulaw,A15
LA_E_4602091,1,g722,A18
LA_E_4602311,1,opus,A13
LA_E_4602394,1,g722,A12
LA_E_4602540,0,ulaw,bonafide
LA_E_4602556,1,opus,A08
LA_E_4604026,1,g722,A15
LA_E_4604285,1,none,A12
LA_E_4604404,1,gsm,A09
LA_E_4604915,1,opus,A17
LA_E_4604955,1,pstn,A08
LA_E_4605127,1,gsm,A18
LA_E_4605464,0,opus,bonafide
LA_E_4605547,0,none,bonafide
LA_E_4605624,1,opus,A11
LA_E_4605711,1,gsm,A10
LA_E_4605939,1,opus,A09
LA_E_4606143,1,g722,A16
LA_E_4606157,1,g722,A16
LA_E_4606200,0,pstn,bonafide
LA_E_4606207,1,ulaw,A11
LA_E_4606599,1,gsm,A10
LA_E_4607209,1,gsm,A18
LA_E_4607214,1,opus,A16
LA_E_4607540,1,gsm,A16
LA_E_4608049,0,alaw,bonafide
LA_E_4608132,1,gsm,A14
LA_E_4608205,0,none,bonafide
LA_E_4608218,1,pstn,A13
LA_E_4608226,1,pstn,A19
LA_E_4608680,1,ulaw,A19
LA_E_4608753,1,opus,A08
LA_E_4608796,1,g722,A11
LA_E_4609015,1,alaw,A18
LA_E_4609349,1,gsm,A15
LA_E_4609516,1,none,A09
LA_E_4609705,0,ulaw,bonafide
LA_E_4609828,1,gsm,A11
LA_E_4609841,1,pstn,A09
LA_E_4610086,1,alaw,A16
LA_E_4610817,1,pstn,A15
LA_E_4610897,1,ulaw,A08
LA_E_4611848,1,ulaw,A12
LA_E_4611993,1,ulaw,A14
LA_E_4612209,1,ulaw,A08
LA_E_4613376,1,gsm,A12
LA_E_4613481,1,ulaw,A16
LA_E_4613766,1,gsm,A10
LA_E_4613769,1,pstn,A14
LA_E_4613853,0,none,bonafide
LA_E_4614260,1,opus,A11
LA_E_4614793,1,g722,A10
LA_E_4614810,1,opus,A15
LA_E_4616262,1,alaw,A17
LA_E_4616506,1,gsm,A17
LA_E_4616703,1,opus,A07
LA_E_4616718,1,opus,A18
LA_E_4617251,1,alaw,A10
LA_E_4617551,1,ulaw,A15
LA_E_4617801,1,none,A11
LA_E_4618701,1,pstn,A16
LA_E_4619191,1,opus,A12
LA_E_4619545,1,ulaw,A17
LA_E_4621162,1,ulaw,A15
LA_E_4621522,1,g722,A12
LA_E_4621605,1,none,A14
LA_E_4621640,1,alaw,A13
LA_E_4621840,1,alaw,A10
LA_E_4621843,1,opus,A12
LA_E_4622025,0,alaw,bonafide
LA_E_4622298,1,ulaw,A14
LA_E_4622345,1,none,A16
LA_E_4622711,1,pstn,A07
LA_E_4622719,1,ulaw,A18
LA_E_4623031,1,opus,A15
LA_E_4623383,1,gsm,A09
LA_E_4624031,1,pstn,A11
LA_E_4624927,1,opus,A14
LA_E_4624950,1,opus,A19
LA_E_4625103,1,gsm,A07
LA_E_4625375,1,opus,A10
LA_E_4625782,1,alaw,A17
LA_E_4626306,1,pstn,A09
LA_E_4626395,1,gsm,A07
LA_E_4626639,1,none,A14
LA_E_4626732,1,opus,A10
LA_E_4626887,0,opus,bonafide
LA_E_4626960,1,opus,A14
LA_E_4627077,1,g722,A10
LA_E_4627220,1,ulaw,A19
LA_E_4627750,1,alaw,A16
LA_E_4628159,1,pstn,A07
LA_E_4628887,1,g722,A09
LA_E_4629353,1,ulaw,A17
LA_E_4629394,1,pstn,A18
LA_E_4629490,1,g722,A14
LA_E_4629765,0,opus,bonafide
LA_E_4629997,1,opus,A13
LA_E_4630080,1,alaw,A14
LA_E_4630269,1,ulaw,A10
LA_E_4630667,1,gsm,A15
LA_E_4631031,1,g722,A08
LA_E_4631044,1,opus,A11
LA_E_4631283,1,gsm,A08
LA_E_4631287,1,ulaw,A11
LA_E_4631661,1,none,A08
LA_E_4632286,1,pstn,A11
LA_E_4632362,1,g722,A12
LA_E_4632666,1,gsm,A15
LA_E_4632855,1,pstn,A09
LA_E_4632943,1,opus,A18
LA_E_4632997,1,opus,A12
LA_E_4633071,1,opus,A18
LA_E_4633153,1,opus,A14
LA_E_4633334,1,gsm,A09
LA_E_4633891,1,pstn,A11
LA_E_4633998,1,gsm,A09
LA_E_4634361,1,ulaw,A12
LA_E_4634679,1,gsm,A08
LA_E_4635032,1,none,A16
LA_E_4635239,1,ulaw,A14
LA_E_4635241,1,pstn,A19
LA_E_4635289,1,gsm,A11
LA_E_4635987,1,alaw,A10
LA_E_4636081,1,opus,A19
LA_E_4636241,0,g722,bonafide
LA_E_4636739,1,pstn,A19
LA_E_4637055,0,none,bonafide
LA_E_4637302,1,none,A14
LA_E_4637353,1,ulaw,A13
LA_E_4637941,1,gsm,A15
LA_E_4638009,1,none,A17
LA_E_4638110,1,pstn,A12
LA_E_4638205,1,alaw,A08
LA_E_4638515,1,ulaw,A13
LA_E_4638842,1,none,A19
LA_E_4639290,1,gsm,A17
LA_E_4639651,1,g722,A10
LA_E_4639971,1,g722,A12
LA_E_4640664,1,opus,A19
LA_E_4640732,1,alaw,A13
LA_E_4640860,1,ulaw,A10
LA_E_4641204,1,opus,A19
LA_E_4641329,1,ulaw,A14
LA_E_4641912,1,gsm,A19
LA_E_4642139,1,opus,A10
LA_E_4642551,1,alaw,A11
LA_E_4642559,1,g722,A13
LA_E_4643146,1,gsm,A15
LA_E_4643711,0,pstn,bonafide
LA_E_4644077,1,alaw,A08
LA_E_4644349,1,ulaw,A16
LA_E_4644407,1,pstn,A19
LA_E_4644447,1,ulaw,A09
LA_E_4644547,1,alaw,A07
LA_E_4644676,1,pstn,A17
LA_E_4645029,1,ulaw,A09
LA_E_4645130,1,g722,A18
LA_E_4645848,1,pstn,A17
LA_E_4645907,1,g722,A12
LA_E_4646936,1,gsm,A14
LA_E_4646967,1,gsm,A12
LA_E_4647056,1,none,A11
LA_E_4647211,1,gsm,A18
LA_E_4647403,1,alaw,A07
LA_E_4647462,1,opus,A19
LA_E_4648181,1,gsm,A14
LA_E_4648339,0,pstn,bonafide
LA_E_4648758,1,none,A09
LA_E_4648920,0,ulaw,bonafide
LA_E_4649013,0,ulaw,bonafide
LA_E_4649225,1,g722,A17
LA_E_4649310,1,alaw,A11
LA_E_4649344,1,alaw,A12
LA_E_4650519,1,gsm,A08
LA_E_4650798,1,none,A19
LA_E_4650806,1,ulaw,A07
LA_E_4651500,1,ulaw,A12
LA_E_4651505,1,pstn,A11
LA_E_4651588,1,alaw,A07
LA_E_4651602,1,opus,A19
LA_E_4651949,1,gsm,A17
LA_E_4652510,1,g722,A16
LA_E_4652543,1,ulaw,A14
LA_E_4652544,1,g722,A11
LA_E_4652628,1,gsm,A09
LA_E_4652665,1,ulaw,A19
LA_E_4652768,1,none,A16
LA_E_4652782,1,gsm,A07
LA_E_4652986,1,none,A19
LA_E_4653144,1,gsm,A15
LA_E_4653305,1,alaw,A09
LA_E_4653332,1,g722,A14
LA_E_4653980,1,none,A16
LA_E_4654021,1,ulaw,A17
LA_E_4654176,1,ulaw,A13
LA_E_4654419,1,alaw,A18
LA_E_4654798,0,pstn,bonafide
LA_E_4655221,1,ulaw,A18
LA_E_4655522,1,none,A08
LA_E_4656194,0,alaw,bonafide
LA_E_4656848,1,ulaw,A14
LA_E_4656879,1,gsm,A11
LA_E_4657116,0,pstn,bonafide
LA_E_4657368,1,ulaw,A13
LA_E_4657695,1,none,A17
LA_E_4658190,1,gsm,A09
LA_E_4658646,1,opus,A18
LA_E_4659328,1,gsm,A15
LA_E_4659332,1,opus,A17
LA_E_4659727,1,ulaw,A12
LA_E_4660204,1,pstn,A09
LA_E_4661051,1,gsm,A19
LA_E_4661976,1,gsm,A19
LA_E_4662732,1,pstn,A17
LA_E_4662775,1,gsm,A13
LA_E_4662880,1,gsm,A10
LA_E_4662996,1,opus,A17
LA_E_4663128,1,pstn,A19
LA_E_4663314,1,ulaw,A07
LA_E_4663664,1,opus,A13
LA_E_4663860,1,alaw,A16
LA_E_4664086,1,opus,A18
LA_E_4664432,1,opus,A11
LA_E_4664545,1,ulaw,A09
LA_E_4665332,1,none,A10
LA_E_4665760,1,g722,A10
LA_E_4665865,1,pstn,A09
LA_E_4665898,1,none,A15
LA_E_4666014,1,ulaw,A18
LA_E_4666074,1,ulaw,A10
LA_E_4666112,1,gsm,A19
LA_E_4666752,0,none,bonafide
LA_E_4666753,1,opus,A12
LA_E_4666780,1,opus,A18
LA_E_4667099,1,opus,A07
LA_E_4667454,1,alaw,A11
LA_E_4667539,0,none,bonafide
LA_E_4668029,1,pstn,A16
LA_E_4668423,1,g722,A08
LA_E_4668579,1,gsm,A11
LA_E_4669228,1,opus,A17
LA_E_4669766,1,none,A16
LA_E_4670155,1,pstn,A12
LA_E_4670430,1,ulaw,A18
LA_E_4670563,1,pstn,A19
LA_E_4670903,1,g722,A12
LA_E_4671301,1,opus,A19
LA_E_4671531,1,opus,A09
LA_E_4671566,0,opus,bonafide
LA_E_4672272,1,pstn,A07
LA_E_4672470,1,opus,A07
LA_E_4672673,1,opus,A10
LA_E_4673130,0,alaw,bonafide
LA_E_4673199,1,ulaw,A15
LA_E_4673821,1,ulaw,A12
LA_E_4674615,1,gsm,A18
LA_E_4675146,1,g722,A17
LA_E_4675247,1,gsm,A18
LA_E_4675778,1,opus,A09
LA_E_4676043,1,g722,A13
LA_E_4676131,1,opus,A12
LA_E_4676209,1,g722,A14
LA_E_4677386,0,ulaw,bonafide
LA_E_4678934,0,gsm,bonafide
LA_E_4678940,1,gsm,A10
LA_E_4679129,1,ulaw,A12
LA_E_4679152,0,none,bonafide
LA_E_4679558,1,none,A16
LA_E_4679850,0,g722,bonafide
LA_E_4679907,1,opus,A13
LA_E_4679963,1,none,A12
LA_E_4680050,1,g722,A07
LA_E_4680083,1,g722,A16
LA_E_4680392,1,ulaw,A14
LA_E_4680508,1,pstn,A13
LA_E_4681014,1,g722,A12
LA_E_4681484,1,gsm,A09
LA_E_4683199,1,opus,A13
LA_E_4683731,1,pstn,A12
LA_E_4683821,1,opus,A10
LA_E_4684350,1,opus,A16
LA_E_4684530,0,alaw,bonafide
LA_E_4684662,1,alaw,A18
LA_E_4684801,0,g722,bonafide
LA_E_4685121,1,g722,A10
LA_E_4685126,1,none,A15
LA_E_4685185,1,alaw,A19
LA_E_4685306,1,alaw,A10
LA_E_4686190,1,gsm,A13
LA_E_4686625,1,none,A18
LA_E_4687011,1,pstn,A10
LA_E_4687327,1,opus,A19
LA_E_4687444,1,opus,A09
LA_E_4687445,1,ulaw,A18
LA_E_4688185,1,opus,A16
LA_E_4688279,1,ulaw,A11
LA_E_4688346,1,opus,A13
LA_E_4688585,1,opus,A08
LA_E_4688640,1,none,A07
LA_E_4688973,1,pstn,A16
LA_E_4689333,1,pstn,A09
LA_E_4689759,1,opus,A08
LA_E_4689811,1,gsm,A14
LA_E_4689824,1,ulaw,A11
LA_E_4689909,1,pstn,A09
LA_E_4690650,1,g722,A11
LA_E_4691042,1,pstn,A07
LA_E_4691774,1,gsm,A08
LA_E_4691986,1,ulaw,A17
LA_E_4692239,1,ulaw,A19
LA_E_4692552,1,gsm,A19
LA_E_4693237,0,pstn,bonafide
LA_E_4693256,0,g722,bonafide
LA_E_4693287,1,opus,A07
LA_E_4693317,1,opus,A19
LA_E_4693325,1,opus,A16
LA_E_4693661,1,pstn,A14
LA_E_4693721,1,gsm,A13
LA_E_4694233,1,opus,A13
LA_E_4695284,1,none,A18
LA_E_4695348,1,opus,A11
LA_E_4695816,1,ulaw,A11
LA_E_4695977,1,g722,A07
LA_E_4696529,1,opus,A11
LA_E_4696976,1,gsm,A17
LA_E_4697252,0,alaw,bonafide
LA_E_4697379,1,pstn,A17
LA_E_4697384,1,pstn,A15
LA_E_4697427,1,gsm,A11
LA_E_4697648,1,pstn,A16
LA_E_4698425,1,opus,A14
LA_E_4698758,1,none,A07
LA_E_4699328,1,ulaw,A08
LA_E_4699683,1,gsm,A17
LA_E_4699779,1,g722,A17
LA_E_4701234,1,opus,A09
LA_E_4701322,1,alaw,A16
LA_E_4701530,0,g722,bonafide
LA_E_4702205,0,g722,bonafide
LA_E_4702674,0,pstn,bonafide
LA_E_4702745,1,opus,A19
LA_E_4702931,0,none,bonafide
LA_E_4703308,1,pstn,A10
LA_E_4703860,1,alaw,A16
LA_E_4704036,0,ulaw,bonafide
LA_E_4704197,1,opus,A08
LA_E_4704518,1,ulaw,A17
LA_E_4704902,1,gsm,A15
LA_E_4704915,1,none,A19
LA_E_4705320,0,ulaw,bonafide
LA_E_4705364,1,ulaw,A11
LA_E_4705397,1,ulaw,A07
LA_E_4705912,1,gsm,A10
LA_E_4706499,1,g722,A14
LA_E_4707383,1,ulaw,A19
LA_E_4707863,1,none,A12
LA_E_4707981,0,ulaw,bonafide
LA_E_4708178,1,ulaw,A19
LA_E_4708641,1,gsm,A15
LA_E_4708883,1,g722,A08
LA_E_4708954,1,opus,A15
LA_E_4709734,1,opus,A18
LA_E_4709805,1,opus,A07
LA_E_4709910,1,opus,A13
LA_E_4709928,1,ulaw,A16
LA_E_4710208,1,gsm,A09
LA_E_4710684,0,opus,bonafide
LA_E_4711467,1,opus,A09
LA_E_4711793,1,opus,A19
LA_E_4711877,1,pstn,A18
LA_E_4712640,1,g722,A10
LA_E_4712768,1,ulaw,A16
LA_E_4713480,1,ulaw,A13
LA_E_4713958,1,opus,A17
LA_E_4714022,1,opus,A08
LA_E_4714451,1,alaw,A07
LA_E_4714610,1,gsm,A09
LA_E_4715019,1,pstn,A15
LA_E_4715493,1,ulaw,A12
LA_E_4715840,1,gsm,A19
LA_E_4715955,1,opus,A09
LA_E_4716009,0,g722,bonafide
LA_E_4716244,1,pstn,A14
LA_E_4716686,1,gsm,A16
LA_E_4718014,1,opus,A14
LA_E_4719105,1,gsm,A19
LA_E_4719204,1,opus,A16
LA_E_4719392,0,none,bonafide
LA_E_4719484,1,alaw,A13
LA_E_4719540,1,none,A17
LA_E_4719613,1,pstn,A14
LA_E_4719625,1,ulaw,A08
LA_E_4719915,1,pstn,A17
LA_E_4720156,1,ulaw,A08
LA_E_4720741,1,ulaw,A11
LA_E_4721228,1,gsm,A12
LA_E_4721393,1,opus,A12
LA_E_4721583,1,alaw,A15
LA_E_4722039,1,ulaw,A08
LA_E_4722051,1,alaw,A18
LA_E_4722096,1,ulaw,A19
LA_E_4722112,1,gsm,A09
LA_E_4722399,1,opus,A11
LA_E_4722570,1,ulaw,A12
LA_E_4722776,0,ulaw,bonafide
LA_E_4722870,1,none,A13
LA_E_4723343,1,ulaw,A07
LA_E_4723354,1,alaw,A18
LA_E_4723371,1,gsm,A16
LA_E_4723846,1,none,A14
LA_E_4723973,1,pstn,A11
LA_E_4724828,1,opus,A16
LA_E_4724875,1,gsm,A15
LA_E_4725408,1,ulaw,A18
LA_E_4725707,1,none,A17
LA_E_4726185,1,gsm,A10
LA_E_4726512,1,gsm,A10
LA_E_4726783,1,g722,A07
LA_E_4727494,1,gsm,A19
LA_E_4727539,1,opus,A15
LA_E_4727552,1,ulaw,A07
LA_E_4727626,1,alaw,A11
LA_E_4728122,1,alaw,A11
LA_E_4728685,1,ulaw,A10
LA_E_4728867,0,alaw,bonafide
LA_E_4729450,1,g722,A10
LA_E_4729866,1,opus,A17
LA_E_4730086,1,opus,A08
LA_E_4731028,1,g722,A17
LA_E_4731250,0,opus,bonafide
LA_E_4731797,1,g722,A10
LA_E_4731807,1,gsm,A13
LA_E_4732085,1,gsm,A09
LA_E_4732394,1,alaw,A18
LA_E_4732744,1,opus,A15
LA_E_4733003,1,alaw,A14
LA_E_4733018,1,gsm,A19
LA_E_4733027,1,g722,A15
LA_E_4733210,1,none,A14
LA_E_4733411,0,pstn,bonafide
LA_E_4733987,1,gsm,A08
LA_E_4734046,1,ulaw,A08
LA_E_4734367,1,none,A09
LA_E_4734725,1,ulaw,A19
LA_E_4735287,1,none,A13
LA_E_4735596,1,g722,A16
LA_E_4736467,1,pstn,A09
LA_E_4736684,1,opus,A18
LA_E_4736741,1,alaw,A12
LA_E_4737312,1,none,A13
LA_E_4738014,1,gsm,A16
LA_E_4738161,1,alaw,A16
LA_E_4738214,1,opus,A12
LA_E_4738263,1,opus,A09
LA_E_4738399,1,none,A18
LA_E_4739010,1,pstn,A08
LA_E_4739128,1,alaw,A19
LA_E_4739389,0,opus,bonafide
LA_E_4739558,1,g722,A13
LA_E_4739612,1,opus,A15
LA_E_4739686,0,gsm,bonafide
LA_E_4739732,1,alaw,A09
LA_E_4740001,1,g722,A10
LA_E_4740660,1,opus,A10
LA_E_4741344,1,g722,A07
LA_E_4741383,1,pstn,A07
LA_E_4741432,1,pstn,A18
LA_E_4741808,1,gsm,A13
LA_E_4742349,0,none,bonafide
LA_E_4742439,1,gsm,A08
LA_E_4742552,1,ulaw,A10
LA_E_4742681,1,pstn,A09
LA_E_4743055,1,none,A18
LA_E_4743117,1,none,A14
LA_E_4743586,1,pstn,A19
LA_E_4743607,1,pstn,A15
LA_E_4744693,1,opus,A12
LA_E_4745269,1,opus,A18
LA_E_4745771,0,alaw,bonafide
LA_E_4745960,1,pstn,A14
LA_E_4746112,1,ulaw,A10
LA_E_4747514,0,opus,bonafide
LA_E_4747546,0,g722,bonafide
LA_E_4747768,1,opus,A19
LA_E_4747890,0,none,bonafide
LA_E_4748167,0,pstn,bonafide
LA_E_4748408,1,alaw,A17
LA_E_4748453,1,gsm,A14
LA_E_4748649,1,g722,A11
LA_E_4748807,0,none,bonafide
LA_E_4748899,1,none,A13
LA_E_4749084,1,opus,A10
LA_E_4749243,1,pstn,A19
LA_E_4749414,1,none,A07
LA_E_4750133,1,gsm,A14
LA_E_4750150,1,gsm,A08
LA_E_4750196,1,none,A07
LA_E_4750209,1,opus,A17
LA_E_4750296,1,g722,A07
LA_E_4750356,1,gsm,A07
LA_E_4750561,0,none,bonafide
LA_E_4750696,1,none,A12
LA_E_4750798,1,ulaw,A17
LA_E_4751002,1,pstn,A07
LA_E_4751016,1,alaw,A14
LA_E_4751146,1,alaw,A11
LA_E_4751286,1,gsm,A16
LA_E_4751330,1,opus,A08
LA_E_4751893,1,opus,A19
LA_E_4752509,0,pstn,bonafide
LA_E_4752565,1,g722,A10
LA_E_4753027,1,ulaw,A08
LA_E_4753457,1,ulaw,A09
LA_E_4754211,1,gsm,A08
LA_E_4754255,1,g722,A09
LA_E_4754836,1,ulaw,A14
LA_E_4755191,1,g722,A09
LA_E_4755222,1,alaw,A19
LA_E_4755508,1,ulaw,A16
LA_E_4755934,1,ulaw,A13
LA_E_4756007,1,gsm,A14
LA_E_4756261,1,gsm,A09
LA_E_4757508,1,opus,A14
LA_E_4757547,1,g722,A10
LA_E_4757939,1,g722,A19
LA_E_4758452,1,ulaw,A17
LA_E_4758458,0,opus,bonafide
LA_E_4758860,1,g722,A08
LA_E_4759339,1,ulaw,A16
LA_E_4759855,1,g722,A16
LA_E_4760349,1,none,A13
LA_E_4760432,1,ulaw,A10
LA_E_4760653,0,alaw,bonafide
LA_E_4760662,1,opus,A19
LA_E_4761230,1,opus,A15
LA_E_4761262,0,ulaw,bonafide
LA_E_4761323,1,ulaw,A10
LA_E_4761368,1,gsm,A10
LA_E_4761799,1,pstn,A12
LA_E_4763552,1,opus,A17
LA_E_4763998,0,ulaw,bonafide
LA_E_4764114,1,g722,A19
LA_E_4764423,1,gsm,A16
LA_E_4765201,1,g722,A13
LA_E_4765962,1,pstn,A13
LA_E_4766284,1,gsm,A07
LA_E_4766304,1,gsm,A12
LA_E_4766354,1,opus,A17
LA_E_4766727,1,none,A19
LA_E_4767103,1,alaw,A10
LA_E_4767403,1,ulaw,A09
LA_E_4767856,1,ulaw,A19
LA_E_4767887,1,gsm,A07
LA_E_4768142,1,pstn,A09
LA_E_4769539,1,alaw,A16
LA_E_4769889,0,pstn,bonafide
LA_E_4769982,1,opus,A16
LA_E_4770060,1,gsm,A10
LA_E_4770128,1,gsm,A07
LA_E_4770166,1,none,A09
LA_E_4770320,1,pstn,A07
LA_E_4770641,1,pstn,A10
LA_E_4770772,1,gsm,A18
LA_E_4770816,1,g722,A10
LA_E_4771816,1,gsm,A12
LA_E_4772008,1,opus,A11
LA_E_4772440,0,gsm,bonafide
LA_E_4772725,1,g722,A12
LA_E_4772963,1,ulaw,A12
LA_E_4773829,1,opus,A19
LA_E_4774211,1,gsm,A12
LA_E_4774217,1,ulaw,A16
LA_E_4774674,1,gsm,A12
LA_E_4774819,1,gsm,A17
LA_E_4775733,1,ulaw,A09
LA_E_4775802,1,opus,A19
LA_E_4776003,1,pstn,A10
LA_E_4776692,0,none,bonafide
LA_E_4777526,1,ulaw,A08
LA_E_4777597,0,pstn,bonafide
LA_E_4777598,0,g722,bonafide
LA_E_4777704,1,g722,A14
LA_E_4778344,1,none,A15
LA_E_4778432,1,pstn,A08
LA_E_4778516,1,alaw,A12
LA_E_4778966,1,ulaw,A09
LA_E_4779246,1,ulaw,A10
LA_E_4780200,1,ulaw,A08
LA_E_4780444,0,opus,bonafide
LA_E_4781605,1,ulaw,A11
LA_E_4781633,1,none,A08
LA_E_4781788,1,alaw,A16
LA_E_4781901,1,gsm,A13
LA_E_4781930,1,opus,A10
LA_E_4782813,1,opus,A14
LA_E_4783050,0,g722,bonafide
LA_E_4783624,1,g722,A18
LA_E_4784075,1,opus,A12
LA_E_4784305,1,g722,A10
LA_E_4784454,1,ulaw,A14
LA_E_4784616,0,none,bonafide
LA_E_4784716,0,alaw,bonafide
LA_E_4784895,1,opus,A16
LA_E_4784912,1,opus,A17
LA_E_4785061,1,alaw,A15
LA_E_4785285,1,pstn,A10
LA_E_4785680,1,none,A18
LA_E_4785754,1,gsm,A07
LA_E_4785794,1,none,A13
LA_E_4785837,1,alaw,A19
LA_E_4785964,1,ulaw,A12
LA_E_4786141,1,gsm,A12
LA_E_4786468,1,ulaw,A13
LA_E_4786546,1,ulaw,A11
LA_E_4787352,1,opus,A19
LA_E_4787425,1,gsm,A14
LA_E_4787566,1,alaw,A07
LA_E_4787781,1,none,A16
LA_E_4788172,1,pstn,A12
LA_E_4788291,0,opus,bonafide
LA_E_4788498,1,opus,A15
LA_E_4788616,1,pstn,A17
LA_E_4788860,1,none,A18
LA_E_4789234,1,pstn,A12
LA_E_4789440,0,gsm,bonafide
LA_E_4790021,1,gsm,A14
LA_E_4790306,1,none,A13
LA_E_4790330,1,none,A16
LA_E_4790730,1,g722,A14
LA_E_4791101,0,pstn,bonafide
LA_E_4792494,1,none,A17
LA_E_4792832,1,ulaw,A16
LA_E_4792935,1,none,A14
LA_E_4793837,1,none,A18
LA_E_4793963,1,alaw,A10
LA_E_4794528,1,opus,A12
LA_E_4795436,1,none,A19
LA_E_4795500,1,g722,A16
LA_E_4795617,1,pstn,A14
LA_E_4795618,1,pstn,A19
LA_E_4796389,1,g722,A09
LA_E_4797015,1,none,A11
LA_E_4797085,1,g722,A14
LA_E_4797215,0,ulaw,bonafide
LA_E_4797264,1,ulaw,A10
LA_E_4797443,1,pstn,A11
LA_E_4797572,1,gsm,A08
LA_E_4798001,1,g722,A11
LA_E_4798032,1,ulaw,A11
LA_E_4798472,1,pstn,A16
LA_E_4798485,0,opus,bonafide
LA_E_4798601,1,ulaw,A14
LA_E_4799070,1,alaw,A16
LA_E_4799517,1,g722,A08
LA_E_4800141,1,ulaw,A07
LA_E_4800652,0,alaw,bonafide
LA_E_4801036,0,none,bonafide
LA_E_4801371,1,alaw,A11
LA_E_4801488,1,ulaw,A13
LA_E_4801568,0,ulaw,bonafide
LA_E_4801755,1,g722,A19
LA_E_4802554,1,opus,A15
LA_E_4802837,1,gsm,A11
LA_E_4803079,1,none,A11
LA_E_4803688,0,gsm,bonafide
LA_E_4804029,1,pstn,A18
LA_E_4804879,0,alaw,bonafide
LA_E_4805093,1,opus,A09
LA_E_4805426,1,ulaw,A16
LA_E_4805440,0,opus,bonafide
LA_E_4805874,1,gsm,A11
LA_E_4807736,1,ulaw,A15
LA_E_4808589,1,gsm,A15
LA_E_4808845,1,opus,A11
LA_E_4809052,1,alaw,A16
LA_E_4809626,1,g722,A16
LA_E_4809811,1,g722,A13
LA_E_4809859,1,none,A13
LA_E_4810359,0,alaw,bonafide
LA_E_4811374,1,gsm,A17
LA_E_4811508,1,none,A09
LA_E_4811934,0,ulaw,bonafide
LA_E_4812275,1,alaw,A11
LA_E_4812308,1,g722,A17
LA_E_4813014,1,ulaw,A08
LA_E_4813097,1,none,A14
LA_E_4813132,0,alaw,bonafide
LA_E_4813404,1,ulaw,A14
LA_E_4814176,0,gsm,bonafide
LA_E_4814519,1,alaw,A18
LA_E_4814524,1,ulaw,A18
LA_E_4814954,1,gsm,A11
LA_E_4814978,1,none,A07
LA_E_4814992,1,ulaw,A19
LA_E_4815165,1,g722,A13
LA_E_4815346,1,pstn,A14
LA_E_4815388,1,pstn,A13
LA_E_4815882,1,ulaw,A16
LA_E_4816392,1,pstn,A07
LA_E_4816431,0,gsm,bonafide
LA_E_4816894,0,ulaw,bonafide
LA_E_4817184,1,opus,A10
LA_E_4817361,1,none,A13
LA_E_4817712,1,ulaw,A15
LA_E_4817785,0,pstn,bonafide
LA_E_4818099,1,none,A07
LA_E_4818574,0,g722,bonafide
LA_E_4818722,1,none,A12
LA_E_4819267,1,g722,A12
LA_E_4819287,1,gsm,A08
LA_E_4819341,1,g722,A11
LA_E_4819371,1,alaw,A08
LA_E_4819390,1,gsm,A11
LA_E_4819907,1,gsm,A07
LA_E_4820099,1,none,A18
LA_E_4821059,1,gsm,A09
LA_E_4821395,1,gsm,A16
LA_E_4821693,1,none,A11
LA_E_4821890,1,pstn,A12
LA_E_4821996,1,gsm,A19
LA_E_4822634,0,ulaw,bonafide
LA_E_4823116,1,g722,A15
LA_E_4823472,1,none,A11
LA_E_4823474,1,ulaw,A11
LA_E_4824441,0,alaw,bonafide
LA_E_4824791,1,pstn,A09
LA_E_4825604,1,g722,A12
LA_E_4825672,1,ulaw,A17
LA_E_4827250,1,pstn,A16
LA_E_4827699,1,pstn,A14
LA_E_4827864,0,alaw,bonafide
LA_E_4827902,0,gsm,bonafide
LA_E_4827976,1,gsm,A15
LA_E_4828913,0,g722,bonafide
LA_E_4829074,1,g722,A17
LA_E_4829080,1,gsm,A12
LA_E_4829231,1,opus,A13
LA_E_4829684,1,ulaw,A09
LA_E_4829969,0,g722,bonafide
LA_E_4830032,1,g722,A07
LA_E_4830173,1,ulaw,A07
LA_E_4830286,1,pstn,A14
LA_E_4831114,1,opus,A08
LA_E_4831463,0,g722,bonafide
LA_E_4831877,0,none,bonafide
LA_E_4833638,1,gsm,A10
LA_E_4834098,1,opus,A13
LA_E_4834203,1,alaw,A07
LA_E_4834811,0,alaw,bonafide
LA_E_4834861,1,none,A08
LA_E_4834880,1,gsm,A11
LA_E_4835263,1,alaw,A16
LA_E_4835502,1,ulaw,A11
LA_E_4835565,0,pstn,bonafide
LA_E_4837494,1,gsm,A09
LA_E_4837757,1,g722,A10
LA_E_4837990,1,gsm,A15
LA_E_4838168,1,opus,A16
LA_E_4838318,1,none,A18
LA_E_4838409,1,g722,A18
LA_E_4838672,1,g722,A11
LA_E_4840870,0,none,bonafide
LA_E_4841494,1,opus,A07
LA_E_4841854,1,opus,A12
LA_E_4842943,0,none,bonafide
LA_E_4843871,1,opus,A07
LA_E_4843992,1,none,A17
LA_E_4844661,1,none,A13
LA_E_4844965,1,none,A09
LA_E_4845514,0,ulaw,bonafide
LA_E_4845671,1,ulaw,A19
LA_E_4846086,0,pstn,bonafide
LA_E_4846176,0,gsm,bonafide
LA_E_4846393,1,ulaw,A09
LA_E_4847239,1,opus,A09
LA_E_4847295,1,opus,A18
LA_E_4847451,1,g722,A10
LA_E_4848237,1,pstn,A14
LA_E_4848547,1,none,A09
LA_E_4848603,1,gsm,A07
LA_E_4849275,1,gsm,A15
LA_E_4849449,1,gsm,A12
LA_E_4849564,0,gsm,bonafide
LA_E_4850149,1,opus,A17
LA_E_4850397,1,gsm,A12
LA_E_4850779,1,g722,A11
LA_E_4851279,1,gsm,A09
LA_E_4851493,1,ulaw,A10
LA_E_4851571,0,alaw,bonafide
LA_E_4851730,0,g722,bonafide
LA_E_4851761,1,g722,A14
LA_E_4851836,0,pstn,bonafide
LA_E_4851877,1,alaw,A13
LA_E_4852843,1,ulaw,A14
LA_E_4853021,1,opus,A08
LA_E_4853040,1,gsm,A16
LA_E_4853538,1,opus,A07
LA_E_4853755,1,alaw,A16
LA_E_4854642,1,opus,A17
LA_E_4854663,1,alaw,A11
LA_E_4855246,1,alaw,A19
LA_E_4856410,1,ulaw,A15
LA_E_4857109,1,pstn,A18
LA_E_4857113,1,opus,A15
LA_E_4857256,0,g722,bonafide
LA_E_4857454,1,none,A08
LA_E_4857907,1,opus,A07
LA_E_4857957,1,opus,A17
LA_E_4858131,1,g722,A13
LA_E_4858205,1,opus,A13
LA_E_4858474,1,alaw,A10
LA_E_4858898,1,pstn,A09
LA_E_4858946,1,alaw,A17
LA_E_4859705,1,g722,A15
LA_E_4859813,1,ulaw,A13
LA_E_4860072,0,ulaw,bonafide
LA_E_4860537,1,alaw,A08
LA_E_4861814,1,g722,A07
LA_E_4861885,1,gsm,A19
LA_E_4861935,1,gsm,A16
LA_E_4862009,1,g722,A09
LA_E_4862295,1,alaw,A14
LA_E_4862404,0,none,bonafide
LA_E_4862565,1,none,A12
LA_E_4863109,1,gsm,A08
LA_E_4863528,1,pstn,A17
LA_E_4863670,0,alaw,bonafide
LA_E_4864014,1,gsm,A09
LA_E_4864160,0,g722,bonafide
LA_E_4864398,1,pstn,A12
LA_E_4864419,1,opus,A13
LA_E_4864628,1,alaw,A08
LA_E_4864876,1,alaw,A08
LA_E_4865191,1,alaw,A10
LA_E_4865582,1,pstn,A17
LA_E_4866123,0,opus,bonafide
LA_E_4866480,1,opus,A10
LA_E_4866561,1,gsm,A19
LA_E_4867198,1,none,A19
LA_E_4867211,1,alaw,A15
LA_E_4867315,1,opus,A16
LA_E_4867615,0,g722,bonafide
LA_E_4867629,1,opus,A11
LA_E_4867767,1,opus,A11
LA_E_4867830,1,alaw,A13
LA_E_4867887,1,opus,A10
LA_E_4868466,1,gsm,A16
LA_E_4869065,1,gsm,A09
LA_E_4869128,1,pstn,A11
LA_E_4869241,1,pstn,A10
LA_E_4869808,1,none,A07
LA_E_4870449,1,alaw,A15
LA_E_4871092,1,pstn,A08
LA_E_4871167,1,opus,A12
LA_E_4871642,1,alaw,A15
LA_E_4871649,1,opus,A17
LA_E_4872632,1,opus,A14
LA_E_4872654,0,pstn,bonafide
LA_E_4873134,1,none,A19
LA_E_4873150,1,g722,A10
LA_E_4874008,0,none,bonafide
LA_E_4874151,1,g722,A13
LA_E_4874516,1,ulaw,A10
LA_E_4874912,1,pstn,A15
LA_E_4875111,1,g722,A19
LA_E_4875131,1,gsm,A08
LA_E_4875408,1,pstn,A07
LA_E_4875884,1,alaw,A10
LA_E_4875947,1,alaw,A13
LA_E_4876242,1,opus,A11
LA_E_4876252,1,ulaw,A07
LA_E_4876267,1,ulaw,A11
LA_E_4876402,1,pstn,A13
LA_E_4876584,1,pstn,A14
LA_E_4876692,1,g722,A09
LA_E_4876817,1,gsm,A07
LA_E_4877192,1,g722,A11
LA_E_4877671,1,ulaw,A11
LA_E_4877767,1,g722,A16
LA_E_4880279,1,opus,A11
LA_E_4880936,0,ulaw,bonafide
LA_E_4881205,1,gsm,A15
LA_E_4882044,1,none,A12
LA_E_4882120,1,opus,A19
LA_E_4882544,1,none,A12
LA_E_4882892,1,opus,A18
LA_E_4883067,1,pstn,A18
LA_E_4883241,1,none,A07
LA_E_4883613,1,ulaw,A15
LA_E_4883625,1,gsm,A16
LA_E_4883800,1,opus,A11
LA_E_4884163,1,opus,A09
LA_E_4884328,1,ulaw,A15
LA_E_4884336,1,gsm,A17
LA_E_4884505,1,g722,A09
LA_E_4884892,1,opus,A07
LA_E_4885304,1,alaw,A15
LA_E_4885544,1,opus,A07
LA_E_4885775,1,g722,A19
LA_E_4886621,0,none,bonafide
LA_E_4888226,1,ulaw,A12
LA_E_4888487,1,pstn,A12
LA_E_4888774,1,g722,A16
LA_E_4889122,1,pstn,A10
LA_E_4889352,1,none,A16
LA_E_4889578,1,none,A14
LA_E_4890285,0,gsm,bonafide
LA_E_4890950,1,g722,A08
LA_E_4891045,1,g722,A11
LA_E_4891800,1,ulaw,A12
LA_E_4892655,1,pstn,A12
LA_E_4892970,1,gsm,A19
LA_E_4893390,1,ulaw,A10
LA_E_4893561,1,g722,A08
LA_E_4894134,1,alaw,A10
LA_E_4894374,1,none,A19
LA_E_4894486,1,ulaw,A17
LA_E_4895124,0,g722,bonafide
LA_E_4895430,1,gsm,A14
LA_E_4895501,1,alaw,A18
LA_E_4895572,1,alaw,A12
LA_E_4896133,1,ulaw,A17
LA_E_4896257,1,none,A17
LA_E_4896545,1,gsm,A11
LA_E_4896765,0,pstn,bonafide
LA_E_4896813,1,g722,A13
LA_E_4897348,0,none,bonafide
LA_E_4897626,1,gsm,A13
LA_E_4897746,1,pstn,A12
LA_E_4897748,1,alaw,A12
LA_E_4897754,1,gsm,A10
LA_E_4897928,1,pstn,A17
LA_E_4898012,1,gsm,A19
LA_E_4898032,0,none,bonafide
LA_E_4898562,1,opus,A10
LA_E_4899219,1,none,A17
LA_E_4899722,1,g722,A09
LA_E_4899739,1,opus,A13
LA_E_4899806,1,ulaw,A19
LA_E_4900043,1,opus,A12
LA_E_4900498,1,g722,A14
LA_E_4901244,1,alaw,A19
LA_E_4901497,1,ulaw,A11
LA_E_4901532,1,g722,A08
LA_E_4901828,1,none,A18
LA_E_4902279,1,opus,A11
LA_E_4902664,1,alaw,A10
LA_E_4902708,1,ulaw,A13
LA_E_4902859,1,pstn,A07
LA_E_4902994,1,none,A10
LA_E_4903383,1,none,A18
LA_E_4903437,1,g722,A07
LA_E_4904843,1,ulaw,A08
LA_E_4905049,1,alaw,A13
LA_E_4905654,1,g722,A08
LA_E_4905760,1,ulaw,A08
LA_E_4905976,0,pstn,bonafide
LA_E_4906220,1,opus,A15
LA_E_4907233,1,pstn,A14
LA_E_4907411,1,opus,A18
LA_E_4907518,0,alaw,bonafide
LA_E_4907937,1,gsm,A10
LA_E_4908307,1,pstn,A19
LA_E_4908338,1,ulaw,A11
LA_E_4909759,1,gsm,A09
LA_E_4910366,1,gsm,A07
LA_E_4910554,1,alaw,A16
LA_E_4911288,1,gsm,A15
LA_E_4911368,1,ulaw,A09
LA_E_4911424,1,opus,A16
LA_E_4911722,1,ulaw,A15
LA_E_4912321,0,gsm,bonafide
LA_E_4912663,1,opus,A17
LA_E_4912943,1,opus,A18
LA_E_4913305,1,alaw,A09
LA_E_4914171,1,alaw,A07
LA_E_4914878,1,alaw,A17
LA_E_4914908,1,pstn,A16
LA_E_4915892,1,alaw,A08
LA_E_4916605,1,alaw,A12
LA_E_4917386,1,none,A08
LA_E_4917626,1,gsm,A19
LA_E_4917973,1,g722,A08
LA_E_4918865,1,none,A19
LA_E_4919603,1,pstn,A10
LA_E_4919724,1,pstn,A08
LA_E_4919962,1,alaw,A11
LA_E_4920290,0,opus,bonafide
LA_E_4920471,1,pstn,A15
LA_E_4920657,1,opus,A18
LA_E_4921009,1,alaw,A10
LA_E_4921233,1,g722,A13
LA_E_4921270,1,opus,A11
LA_E_4921316,0,g722,bonafide
LA_E_4921404,1,ulaw,A08
LA_E_4921416,0,alaw,bonafide
LA_E_4921559,1,ulaw,A18
LA_E_4921815,1,g722,A19
LA_E_4921901,1,g722,A07
LA_E_4921999,1,pstn,A18
LA_E_4924395,1,gsm,A17
LA_E_4925049,1,none,A10
LA_E_4925508,1,ulaw,A17
LA_E_4925866,1,ulaw,A08
LA_E_4925960,1,gsm,A18
LA_E_4926147,1,none,A17
LA_E_4926351,1,pstn,A08
LA_E_4926422,1,opus,A19
LA_E_4926769,1,pstn,A13
LA_E_4926912,1,alaw,A11
LA_E_4928319,1,g722,A14
LA_E_4928563,1,opus,A14
LA_E_4929991,1,g722,A09
LA_E_4930594,1,ulaw,A07
LA_E_4930748,1,gsm,A08
LA_E_4931451,1,alaw,A13
LA_E_4932105,1,g722,A13
LA_E_4932457,0,ulaw,bonafide
LA_E_4932778,0,g722,bonafide
LA_E_4932912,1,ulaw,A14
LA_E_4933096,1,pstn,A10
LA_E_4934090,1,gsm,A07
LA_E_4934507,1,none,A09
LA_E_4935044,1,opus,A18
LA_E_4935045,1,pstn,A13
LA_E_4935269,1,alaw,A08
LA_E_4935334,1,pstn,A10
LA_E_4935649,0,alaw,bonafide
LA_E_4935743,1,none,A11
LA_E_4936560,1,g722,A19
LA_E_4936610,1,none,A07
LA_E_4936991,1,pstn,A18
LA_E_4937364,0,none,bonafide
LA_E_4937369,1,alaw,A16
LA_E_4937524,1,g722,A19
LA_E_4937526,1,alaw,A17
LA_E_4937596,1,none,A09
LA_E_4938114,1,g722,A12
LA_E_4939114,1,ulaw,A09
LA_E_4939133,1,pstn,A07
LA_E_4940156,1,g722,A18
LA_E_4940479,1,ulaw,A18
LA_E_4940668,1,alaw,A08
LA_E_4940919,1,ulaw,A12
LA_E_4940921,1,pstn,A18
LA_E_4941164,1,pstn,A14
LA_E_4941486,1,ulaw,A08
LA_E_4941909,0,ulaw,bonafide
LA_E_4942670,1,pstn,A07
LA_E_4942680,1,none,A11
LA_E_4943521,1,gsm,A11
LA_E_4943683,1,g722,A18
LA_E_4944307,1,alaw,A16
LA_E_4944504,1,opus,A11
LA_E_4944599,1,pstn,A13
LA_E_4945132,1,ulaw,A17
LA_E_4945568,1,ulaw,A17
LA_E_4945577,1,gsm,A14
LA_E_4946421,1,pstn,A16
LA_E_4946648,1,none,A17
LA_E_4946770,1,ulaw,A10
LA_E_4947382,1,none,A18
LA_E_4947383,1,opus,A10
LA_E_4947506,1,pstn,A13
LA_E_4948031,1,none,A13
LA_E_4948503,1,opus,A18
LA_E_4949324,1,g722,A08
LA_E_4949763,0,ulaw,bonafide
LA_E_4949768,1,none,A14
LA_E_4949920,1,g722,A09
LA_E_4950479,1,opus,A17
LA_E_4950531,1,pstn,A08
LA_E_4950910,1,g722,A08
LA_E_4951209,1,ulaw,A17
LA_E_4951271,1,opus,A18
LA_E_4951626,1,ulaw,A17
LA_E_4951816,1,pstn,A11
LA_E_4951836,1,ulaw,A15
LA_E_4952933,1,alaw,A10
LA_E_4953229,1,alaw,A14
LA_E_4954255,1,ulaw,A16
LA_E_4954368,1,alaw,A09
LA_E_4954455,1,alaw,A09
LA_E_4954737,1,gsm,A15
LA_E_4955048,0,g722,bonafide
LA_E_4955397,1,ulaw,A15
LA_E_4955931,0,opus,bonafide
LA_E_4956253,0,opus,bonafide
LA_E_4957163,0,g722,bonafide
LA_E_4957486,1,gsm,A18
LA_E_4957601,1,alaw,A12
LA_E_4957711,1,alaw,A13
LA_E_4957888,0,pstn,bonafide
LA_E_4958534,1,pstn,A14
LA_E_4958632,1,opus,A10
LA_E_4958861,0,gsm,bonafide
LA_E_4959768,1,none,A13
LA_E_4959782,1,none,A08
LA_E_4960012,1,alaw,A10
LA_E_4960297,1,opus,A09
LA_E_4960391,0,ulaw,bonafide
LA_E_4961297,1,opus,A18
LA_E_4963038,1,ulaw,A16
LA_E_4963538,1,g722,A18
LA_E_4963571,0,none,bonafide
LA_E_4963581,1,gsm,A19
LA_E_4964191,1,alaw,A07
LA_E_4964215,1,ulaw,A14
LA_E_4964673,0,opus,bonafide
LA_E_4965017,1,gsm,A10
LA_E_4965071,0,none,bonafide
LA_E_4965787,1,ulaw,A19
LA_E_4965791,1,none,A11
LA_E_4965951,1,alaw,A18
LA_E_4966062,1,g722,A19
LA_E_4966354,1,opus,A15
LA_E_4966555,1,alaw,A12
LA_E_4966727,1,opus,A08
LA_E_4967274,1,g722,A11
LA_E_4967296,1,opus,A07
LA_E_4967348,1,g722,A09
LA_E_4967752,1,gsm,A08
LA_E_4967767,1,ulaw,A19
LA_E_4968061,1,gsm,A18
LA_E_4968068,0,alaw,bonafide
LA_E_4968151,1,opus,A11
LA_E_4968761,1,alaw,A09
LA_E_4969311,1,none,A07
LA_E_4970153,0,none,bonafide
LA_E_4970167,1,pstn,A12
LA_E_4970346,1,none,A13
LA_E_4970356,1,gsm,A17
LA_E_4972408,0,pstn,bonafide
LA_E_4972532,1,pstn,A10
LA_E_4972659,1,none,A07
LA_E_4972790,1,none,A18
LA_E_4973157,1,alaw,A11
LA_E_4973419,1,alaw,A17
LA_E_4974390,1,alaw,A13
LA_E_4974925,1,ulaw,A19
LA_E_4975035,1,g722,A12
LA_E_4975042,1,gsm,A18
LA_E_4976036,1,opus,A17
LA_E_4976237,1,none,A18
LA_E_4976458,1,g722,A08
LA_E_4976692,1,ulaw,A17
LA_E_4977876,1,g722,A09
LA_E_4977931,1,ulaw,A07
LA_E_4977935,1,none,A14
LA_E_4978013,1,ulaw,A11
LA_E_4978033,1,opus,A12
LA_E_4978205,1,alaw,A09
LA_E_4978227,1,g722,A11
LA_E_4978569,1,opus,A10
LA_E_4978695,1,opus,A07
LA_E_4978883,1,alaw,A19
LA_E_4979266,1,alaw,A19
LA_E_4979489,1,alaw,A19
LA_E_4979810,1,gsm,A13
LA_E_4980251,1,alaw,A18
LA_E_4980641,0,gsm,bonafide
LA_E_4980688,1,none,A12
LA_E_4981237,0,opus,bonafide
LA_E_4981350,1,g722,A09
LA_E_4982379,1,ulaw,A09
LA_E_4983031,1,opus,A16
LA_E_4983053,1,pstn,A16
LA_E_4983204,1,pstn,A12
LA_E_4983239,1,opus,A13
LA_E_4983592,1,gsm,A15
LA_E_4984259,1,pstn,A11
LA_E_4984593,1,g722,A15
LA_E_4984797,1,gsm,A13
LA_E_4984886,1,opus,A12
LA_E_4985426,0,ulaw,bonafide
LA_E_4985446,1,none,A19
LA_E_4985642,0,g722,bonafide
LA_E_4986050,0,opus,bonafide
LA_E_4986160,1,alaw,A14
LA_E_4986246,1,gsm,A14
LA_E_4986289,0,none,bonafide
LA_E_4986641,1,none,A12
LA_E_4986736,1,alaw,A10
LA_E_4986963,1,ulaw,A11
LA_E_4987455,1,ulaw,A18
LA_E_4987596,0,pstn,bonafide
LA_E_4987731,1,pstn,A10
LA_E_4987846,1,opus,A17
LA_E_4987876,1,opus,A18
LA_E_4988015,1,opus,A15
LA_E_4988595,0,none,bonafide
LA_E_4988744,1,gsm,A18
LA_E_4988770,1,pstn,A10
LA_E_4989965,1,ulaw,A13
LA_E_4989972,1,ulaw,A09
LA_E_4990414,1,pstn,A17
LA_E_4990697,0,alaw,bonafide
LA_E_4990965,1,alaw,A18
LA_E_4991560,1,alaw,A09
LA_E_4991763,1,alaw,A11
LA_E_4991942,1,ulaw,A14
LA_E_4992131,1,gsm,A12
LA_E_4992658,1,none,A08
LA_E_4992873,1,gsm,A08
LA_E_4993084,1,alaw,A11
LA_E_4993585,1,g722,A15
LA_E_4993802,1,g722,A11
LA_E_4994007,1,gsm,A11
LA_E_4994037,1,none,A19
LA_E_4994055,1,gsm,A07
LA_E_4994101,1,gsm,A13
LA_E_4995019,1,opus,A15
LA_E_4995398,1,alaw,A19
LA_E_4995492,1,ulaw,A19
LA_E_4995894,1,gsm,A15
LA_E_4996147,1,ulaw,A18
LA_E_4996307,1,none,A13
LA_E_4996371,1,gsm,A16
LA_E_4996549,1,gsm,A09
LA_E_4996643,1,ulaw,A16
LA_E_4996765,1,g722,A11
LA_E_4996814,1,ulaw,A08
LA_E_4997025,1,gsm,A18
LA_E_4997132,1,g722,A19
LA_E_4997332,1,pstn,A19
LA_E_4997823,1,ulaw,A14
LA_E_4997907,1,opus,A17
LA_E_4998123,1,pstn,A14
LA_E_4998778,1,ulaw,A18
LA_E_4998795,1,opus,A15
LA_E_4999227,1,opus,A12
LA_E_4999382,1,gsm,A10
LA_E_5000090,1,g722,A16
LA_E_5000128,1,gsm,A10
LA_E_5000262,1,alaw,A19
LA_E_5000347,0,g722,bonafide
LA_E_5000386,0,opus,bonafide
LA_E_5000719,1,opus,A10
LA_E_5000879,1,alaw,A16
LA_E_5001159,1,none,A12
LA_E_5001573,1,g722,A10
LA_E_5001603,1,g722,A08
LA_E_5001608,1,none,A09
LA_E_5001773,1,none,A15
LA_E_5001900,1,alaw,A08
LA_E_5002006,1,ulaw,A17
LA_E_5002616,0,opus,bonafide
LA_E_5002988,1,opus,A15
LA_E_5003581,0,pstn,bonafide
LA_E_5003766,1,gsm,A17
LA_E_5004115,1,none,A09
LA_E_5005079,1,ulaw,A19
LA_E_5005086,1,g722,A11
LA_E_5006369,1,gsm,A16
LA_E_5006420,1,gsm,A15
LA_E_5006813,0,gsm,bonafide
LA_E_5007237,1,alaw,A12
LA_E_5007431,1,none,A09
LA_E_5007610,1,g722,A19
LA_E_5007664,1,gsm,A17
LA_E_5008001,1,pstn,A14
LA_E_5008219,1,gsm,A14
LA_E_5008449,1,g722,A13
LA_E_5008549,1,pstn,A09
LA_E_5008685,1,none,A14
LA_E_5008875,1,ulaw,A17
LA_E_5009386,0,gsm,bonafide
LA_E_5009406,1,gsm,A18
LA_E_5009436,1,pstn,A12
LA_E_5009833,1,g722,A15
LA_E_5009845,1,alaw,A18
LA_E_5010993,1,gsm,A10
LA_E_5011020,1,alaw,A15
LA_E_5011064,1,opus,A07
LA_E_5011140,1,gsm,A12
LA_E_5011802,0,gsm,bonafide
LA_E_5011924,1,g722,A14
LA_E_5011961,1,gsm,A10
LA_E_5012141,1,gsm,A10
LA_E_5012167,1,g722,A11
LA_E_5012493,1,alaw,A09
LA_E_5012545,1,opus,A17
LA_E_5012691,1,opus,A13
LA_E_5013259,0,alaw,bonafide
LA_E_5013634,1,g722,A12
LA_E_5013823,1,opus,A16
LA_E_5015213,1,opus,A18
LA_E_5015219,1,pstn,A10
LA_E_5016078,1,gsm,A17
LA_E_5016232,1,g722,A17
LA_E_5016530,1,alaw,A08
LA_E_5016839,1,pstn,A16
LA_E_5017022,1,alaw,A12
LA_E_5017634,1,opus,A16
LA_E_5017686,1,none,A13
LA_E_5018232,1,none,A17
LA_E_5018394,1,g722,A17
LA_E_5018923,1,none,A17
LA_E_5019193,1,g722,A19
LA_E_5019849,1,ulaw,A19
LA_E_5019864,0,gsm,bonafide
LA_E_5020214,1,ulaw,A16
LA_E_5020227,1,g722,A07
LA_E_5020352,1,alaw,A15
LA_E_5020813,1,opus,A09
LA_E_5020825,1,none,A19
LA_E_5021000,1,gsm,A11
LA_E_5021101,1,pstn,A14
LA_E_5021943,1,alaw,A10
LA_E_5022326,1,none,A09
LA_E_5022481,0,ulaw,bonafide
LA_E_5022608,1,opus,A16
LA_E_5022719,1,gsm,A13
LA_E_5023068,1,alaw,A18
LA_E_5023108,1,ulaw,A19
LA_E_5023695,1,ulaw,A10
LA_E_5023772,1,gsm,A19
LA_E_5024559,1,opus,A18
LA_E_5024804,1,ulaw,A08
LA_E_5026124,1,alaw,A08
LA_E_5026476,1,pstn,A08
LA_E_5026628,1,gsm,A08
LA_E_5026775,1,g722,A11
LA_E_5027074,1,none,A11
LA_E_5028180,1,ulaw,A17
LA_E_5028227,1,alaw,A13
LA_E_5028553,1,ulaw,A15
LA_E_5028586,1,alaw,A11
LA_E_5028839,0,none,bonafide
LA_E_5029157,1,none,A15
LA_E_5030115,1,opus,A07
LA_E_5030221,1,opus,A12
LA_E_5030723,1,none,A10
LA_E_5031501,1,none,A15
LA_E_5031597,1,gsm,A11
LA_E_5032021,1,alaw,A18
LA_E_5032051,1,ulaw,A10
LA_E_5032322,1,g722,A09
LA_E_5032371,1,gsm,A13
LA_E_5032379,1,ulaw,A10
LA_E_5033252,1,gsm,A19
LA_E_5034075,1,alaw,A13
LA_E_5034118,1,ulaw,A13
LA_E_5034269,0,opus,bonafide
LA_E_5034330,1,g722,A12
LA_E_5034504,1,ulaw,A11
LA_E_5035953,1,none,A17
LA_E_5036050,1,ulaw,A12
LA_E_5036765,1,g722,A19
LA_E_5037105,1,opus,A10
LA_E_5037203,1,alaw,A09
LA_E_5037349,1,none,A10
LA_E_5037841,1,pstn,A09
LA_E_5037920,1,pstn,A15
LA_E_5038035,1,opus,A08
LA_E_5038389,1,pstn,A18
LA_E_5038886,0,pstn,bonafide
LA_E_5039212,1,ulaw,A19
LA_E_5039315,1,g722,A16
LA_E_5039342,1,none,A16
LA_E_5039723,0,opus,bonafide
LA_E_5039825,1,opus,A17
LA_E_5039910,1,pstn,A15
LA_E_5040380,1,none,A10
LA_E_5040394,1,alaw,A12
LA_E_5040765,1,none,A10
LA_E_5040904,1,none,A15
LA_E_5040918,1,alaw,A07
LA_E_5041877,1,opus,A19
LA_E_5041949,1,none,A14
LA_E_5042263,1,gsm,A07
LA_E_5042390,1,pstn,A14
LA_E_5042668,1,g722,A18
LA_E_5042809,0,alaw,bonafide
LA_E_5043799,1,g722,A19
LA_E_5044042,1,none,A17
LA_E_5044388,1,none,A17
LA_E_5044497,1,alaw,A09
LA_E_5044654,1,ulaw,A10
LA_E_5045104,1,pstn,A18
LA_E_5045242,1,gsm,A18
LA_E_5045470,1,opus,A16
LA_E_5046318,1,ulaw,A09
LA_E_5046441,1,ulaw,A16
LA_E_5046790,1,ulaw,A10
LA_E_5046810,1,opus,A16
LA_E_5047163,1,gsm,A17
LA_E_5047223,0,opus,bonafide
LA_E_5047537,1,pstn,A12
LA_E_5047553,1,none,A09
LA_E_5047651,1,ulaw,A16
LA_E_5047662,1,none,A15
LA_E_5047862,1,g722,A12
LA_E_5047905,1,pstn,A15
LA_E_5048512,1,alaw,A09
LA_E_5048949,1,none,A11
LA_E_5049451,1,none,A17
LA_E_5049874,1,ulaw,A14
LA_E_5049893,1,g722,A18
LA_E_5050095,1,ulaw,A16
LA_E_5050177,1,ulaw,A19
LA_E_5050878,1,ulaw,A18
LA_E_5051093,1,none,A13
LA_E_5051702,1,alaw,A14
LA_E_5051807,1,alaw,A16
LA_E_5051920,1,g722,A15
LA_E_5051979,1,none,A12
LA_E_5052454,1,opus,A17
LA_E_5052939,1,none,A17
LA_E_5053075,1,ulaw,A12
LA_E_5053190,1,g722,A11
LA_E_5053241,1,gsm,A19
LA_E_5053373,0,opus,bonafide
LA_E_5053404,1,pstn,A10
LA_E_5053436,1,none,A11
LA_E_5053969,1,alaw,A19
LA_E_5054236,0,alaw,bonafide
LA_E_5054275,1,alaw,A17
LA_E_5054698,1,g722,A07
LA_E_5054975,1,alaw,A12
LA_E_5055208,1,ulaw,A17
LA_E_5055248,0,pstn,bonafide
LA_E_5055358,1,opus,A08
LA_E_5055538,1,alaw,A10
LA_E_5055648,1,pstn,A15
LA_E_5055973,1,none,A11
LA_E_5056492,1,pstn,A16
LA_E_5056659,1,ulaw,A18
LA_E_5057148,1,gsm,A10
LA_E_5057403,1,ulaw,A15
LA_E_5057442,1,opus,A14
LA_E_5057706,1,alaw,A07
LA_E_5057782,1,ulaw,A09
LA_E_5057965,1,ulaw,A11
LA_E_5058062,1,gsm,A17
LA_E_5058156,1,ulaw,A08
LA_E_5058301,1,g722,A15
LA_E_5058408,1,g722,A14
LA_E_5058581,0,pstn,bonafide
LA_E_5058805,1,pstn,A18
LA_E_5059705,1,gsm,A10
LA_E_5060014,1,none,A15
LA_E_5060605,1,ulaw,A11
LA_E_5061127,1,gsm,A14
LA_E_5061365,1,gsm,A18
LA_E_5061406,1,pstn,A13
LA_E_5062389,1,none,A14
LA_E_5062429,1,gsm,A14
LA_E_5062598,1,gsm,A14
LA_E_5063034,0,gsm,bonafide
LA_E_5063172,1,pstn,A14
LA_E_5063434,1,pstn,A12
LA_E_5063455,1,g722,A09
LA_E_5064079,1,alaw,A16
LA_E_5064526,1,alaw,A14
LA_E_5065426,1,ulaw,A13
LA_E_5065525,1,opus,A16
LA_E_5065783,1,alaw,A13
LA_E_5066002,1,opus,A16
LA_E_5067335,1,ulaw,A15
LA_E_5067405,1,g722,A10
LA_E_5067422,1,gsm,A17
LA_E_5067546,1,g722,A11
LA_E_5068212,1,pstn,A07
LA_E_5068238,1,opus,A16
LA_E_5068460,1,gsm,A17
LA_E_5068481,1,opus,A11
LA_E_5068606,1,alaw,A07
LA_E_5068818,1,alaw,A12
LA_E_5069010,1,alaw,A19
LA_E_5069166,1,gsm,A14
LA_E_5069348,1,none,A12
LA_E_5069586,1,alaw,A12
LA_E_5069741,0,ulaw,bonafide
LA_E_5069793,1,none,A08
LA_E_5069850,1,opus,A16
LA_E_5070117,1,opus,A08
LA_E_5070163,1,none,A18
LA_E_5071145,0,ulaw,bonafide
LA_E_5071290,1,opus,A15
LA_E_5071570,1,g722,A12
LA_E_5071585,1,g722,A08
LA_E_5072083,0,g722,bonafide
LA_E_5072141,1,gsm,A18
LA_E_5072331,0,opus,bonafide
LA_E_5072834,1,opus,A09
LA_E_5072933,1,gsm,A15
LA_E_5073228,1,g722,A19
LA_E_5073264,1,pstn,A07
LA_E_5073335,1,alaw,A15
LA_E_5073400,1,alaw,A10
LA_E_5073697,1,none,A11
LA_E_5073945,1,pstn,A09
LA_E_5074249,1,none,A17
LA_E_5074421,1,none,A16
LA_E_5074601,1,pstn,A10
LA_E_5074875,1,none,A09
LA_E_5074902,1,none,A15
LA_E_5075132,1,ulaw,A13
LA_E_5075280,1,g722,A18
LA_E_5075974,1,ulaw,A09
LA_E_5076304,1,alaw,A18
LA_E_5076316,1,opus,A13
LA_E_5077101,1,opus,A18
LA_E_5077195,0,g722,bonafide
LA_E_5077555,1,ulaw,A14
LA_E_5077660,1,none,A15
LA_E_5077671,1,g722,A17
LA_E_5078359,1,g722,A15
LA_E_5078607,1,none,A14
LA_E_5078711,0,g722,bonafide
LA_E_5078746,1,none,A09
LA_E_5078755,1,gsm,A17
LA_E_5079010,1,alaw,A11
LA_E_5079278,1,opus,A10
LA_E_5079734,1,gsm,A10
LA_E_5080511,1,none,A19
LA_E_5080651,1,gsm,A18
LA_E_5080723,1,g722,A09
LA_E_5080807,1,pstn,A09
LA_E_5081270,1,pstn,A08
LA_E_5081475,1,ulaw,A13
LA_E_5081637,1,opus,A12
LA_E_5081905,1,ulaw,A19
LA_E_5081911,1,gsm,A17
LA_E_5082039,1,none,A14
LA_E_5082045,0,alaw,bonafide
LA_E_5082098,1,none,A08
LA_E_5082275,1,opus,A10
LA_E_5082903,1,ulaw,A10
LA_E_5082964,1,ulaw,A11
LA_E_5083407,1,pstn,A14
LA_E_5083434,1,g722,A10
LA_E_5083948,1,alaw,A14
LA_E_5084814,1,g722,A18
LA_E_5084901,1,gsm,A12
LA_E_5086103,0,pstn,bonafide
LA_E_5086157,0,gsm,bonafide
LA_E_5086536,1,pstn,A13
LA_E_5086809,1,pstn,A08
LA_E_5086922,1,opus,A09
LA_E_5087022,1,alaw,A18
LA_E_5087366,1,opus,A07
LA_E_5087529,1,ulaw,A09
LA_E_5087705,1,opus,A14
LA_E_5088081,1,opus,A14
LA_E_5088272,1,pstn,A18
LA_E_5088277,1,g722,A14
LA_E_5088313,1,pstn,A11
LA_E_5088439,1,ulaw,A11
LA_E_5088440,1,pstn,A13
LA_E_5088765,1,gsm,A14
LA_E_5089186,1,none,A07
LA_E_5089716,1,opus,A09
LA_E_5089962,1,gsm,A08
LA_E_5090382,1,none,A08
LA_E_5090579,1,gsm,A08
LA_E_5091363,1,alaw,A19
LA_E_5092083,1,none,A12
LA_E_5092199,1,ulaw,A16
LA_E_5092322,1,opus,A10
LA_E_5092407,1,opus,A07
LA_E_5092521,1,opus,A09
LA_E_5092736,1,pstn,A11
LA_E_5092843,0,ulaw,bonafide
LA_E_5093193,1,ulaw,A17
LA_E_5094050,1,opus,A14
LA_E_5094122,1,opus,A08
LA_E_5094477,1,none,A09
LA_E_5094826,1,ulaw,A14
LA_E_5095140,1,gsm,A17
LA_E_5095456,1,none,A11
LA_E_5095517,1,opus,A15
LA_E_5095783,1,ulaw,A10
LA_E_5096088,1,g722,A14
LA_E_5096249,1,gsm,A09
LA_E_5096337,1,g722,A19
LA_E_5096841,0,alaw,bonafide
LA_E_5097036,1,pstn,A11
LA_E_5097148,1,opus,A19
LA_E_5097697,1,gsm,A07
LA_E_5097834,1,pstn,A16
LA_E_5097925,1,pstn,A07
LA_E_5097974,1,ulaw,A09
LA_E_5098215,1,opus,A18
LA_E_5098638,0,alaw,bonafide
LA_E_5099258,1,gsm,A13
LA_E_5099396,1,opus,A18
LA_E_5099725,1,none,A11
LA_E_5099765,1,gsm,A10
LA_E_5099798,1,alaw,A14
LA_E_5099935,1,alaw,A17
LA_E_5100015,1,none,A12
LA_E_5100344,1,ulaw,A08
LA_E_5100385,1,opus,A19
LA_E_5100536,1,opus,A16
LA_E_5100618,1,gsm,A11
LA_E_5100871,1,gsm,A14
LA_E_5101231,1,g722,A15
LA_E_5101657,1,pstn,A18
LA_E_5101673,1,alaw,A17
LA_E_5101737,1,pstn,A17
LA_E_5102900,1,alaw,A18
LA_E_5102951,0,ulaw,bonafide
LA_E_5103087,1,gsm,A19
LA_E_5103569,1,alaw,A08
LA_E_5103584,1,opus,A15
LA_E_5103847,1,none,A17
LA_E_5104277,1,alaw,A12
LA_E_5104556,1,pstn,A13
LA_E_5104615,1,pstn,A09
LA_E_5104787,1,opus,A13
LA_E_5105178,1,g722,A15
LA_E_5105309,1,opus,A09
LA_E_5105326,1,pstn,A09
LA_E_5105404,1,g722,A13
LA_E_5105775,1,alaw,A18
LA_E_5105904,1,pstn,A18
LA_E_5106156,1,gsm,A10
LA_E_5106370,1,gsm,A15
LA_E_5106492,1,opus,A08
LA_E_5106493,1,ulaw,A10
LA_E_5106794,1,none,A08
LA_E_5106797,1,none,A09
LA_E_5107384,1,opus,A14
LA_E_5107821,0,pstn,bonafide
LA_E_5107906,1,alaw,A07
LA_E_5108295,1,alaw,A08
LA_E_5108600,1,ulaw,A07
LA_E_5108915,1,ulaw,A16
LA_E_5110332,1,g722,A16
LA_E_5110538,1,gsm,A08
LA_E_5110692,1,opus,A09
LA_E_5111208,1,ulaw,A10
LA_E_5111365,1,gsm,A19
LA_E_5111425,0,g722,bonafide
LA_E_5112495,1,ulaw,A08
LA_E_5112556,1,pstn,A07
LA_E_5112775,1,gsm,A14
LA_E_5113658,1,alaw,A10
LA_E_5113915,0,pstn,bonafide
LA_E_5114138,0,none,bonafide
LA_E_5114313,1,none,A08
LA_E_5114503,1,opus,A16
LA_E_5114660,0,none,bonafide
LA_E_5115776,1,opus,A07
LA_E_5116458,1,gsm,A07
LA_E_5116480,1,gsm,A17
LA_E_5116511,1,opus,A14
LA_E_5116741,1,opus,A11
LA_E_5117256,1,gsm,A18
LA_E_5117796,1,opus,A13
LA_E_5117830,1,gsm,A14
LA_E_5118124,1,opus,A19
LA_E_5118182,1,g722,A13
LA_E_5118414,1,ulaw,A13
LA_E_5118416,1,alaw,A18
LA_E_5118778,1,gsm,A12
LA_E_5118865,1,pstn,A07
LA_E_5119088,0,pstn,bonafide
LA_E_5119122,1,g722,A11
LA_E_5119225,1,g722,A15
LA_E_5119305,1,alaw,A14
LA_E_5119865,1,g722,A18
LA_E_5120400,1,opus,A15
LA_E_5120761,1,none,A17
LA_E_5121210,1,opus,A16
LA_E_5121260,1,alaw,A19
LA_E_5121299,1,g722,A17
LA_E_5121943,1,opus,A09
LA_E_5122228,1,gsm,A15
LA_E_5122415,1,opus,A19
LA_E_5122624,1,ulaw,A19
LA_E_5123101,1,g722,A09
LA_E_5123206,1,gsm,A12
LA_E_5124010,1,none,A07
LA_E_5124131,1,gsm,A08
LA_E_5124171,1,pstn,A17
LA_E_5125456,1,opus,A10
LA_E_5125578,1,opus,A07
LA_E_5126093,1,pstn,A16
LA_E_5126721,1,gsm,A16
LA_E_5126746,1,ulaw,A07
LA_E_5127117,1,opus,A07
LA_E_5127513,1,alaw,A07
LA_E_5127587,1,none,A19
LA_E_5127626,1,pstn,A07
LA_E_5128163,1,opus,A14
LA_E_5128249,0,g722,bonafide
LA_E_5128520,1,pstn,A12
LA_E_5128968,1,pstn,A17
LA_E_5129021,1,pstn,A16
LA_E_5129472,1,g722,A07
LA_E_5129800,0,opus,bonafide
LA_E_5129957,1,pstn,A10
LA_E_5130036,1,opus,A10
LA_E_5130080,1,alaw,A16
LA_E_5130266,1,none,A09
LA_E_5130869,1,opus,A19
LA_E_5131044,1,ulaw,A12
LA_E_5131053,1,ulaw,A07
LA_E_5131192,1,opus,A14
LA_E_5131202,1,g722,A19
LA_E_5131533,1,gsm,A13
LA_E_5131623,1,alaw,A19
LA_E_5131632,0,none,bonafide
LA_E_5131927,1,gsm,A18
LA_E_5132065,1,ulaw,A09
LA_E_5132676,1,alaw,A14
LA_E_5133315,1,gsm,A15
LA_E_5133747,1,g722,A15
LA_E_5133838,1,alaw,A15
LA_E_5133918,0,none,bonafide
LA_E_5134210,1,gsm,A08
LA_E_5134822,1,pstn,A07
LA_E_5135264,1,gsm,A12
LA_E_5135331,1,alaw,A08
LA_E_5135336,1,gsm,A14
LA_E_5135595,1,g722,A16
LA_E_5135963,1,pstn,A09
LA_E_5136259,1,opus,A16
LA_E_5136381,1,pstn,A18
LA_E_5136553,0,alaw,bonafide
LA_E_5136590,1,none,A13
LA_E_5136870,1,gsm,A13
LA_E_5136897,1,none,A14
LA_E_5136969,1,pstn,A09
LA_E_5137120,1,gsm,A17
LA_E_5137154,1,opus,A13
LA_E_5137511,1,g722,A07
LA_E_5137799,0,alaw,bonafide
LA_E_5137830,1,alaw,A15
LA_E_5137874,1,ulaw,A11
LA_E_5138170,1,none,A14
LA_E_5138514,0,ulaw,bonafide
LA_E_5138557,1,ulaw,A07
LA_E_5139037,1,none,A14
LA_E_5139085,1,opus,A09
LA_E_5139279,1,opus,A14
LA_E_5139311,1,gsm,A17
LA_E_5139493,1,gsm,A07
LA_E_5139898,1,opus,A08
LA_E_5140388,1,opus,A14
LA_E_5140619,1,pstn,A11
LA_E_5141097,1,ulaw,A15
LA_E_5141361,0,opus,bonafide
LA_E_5141516,1,ulaw,A16
LA_E_5141853,1,alaw,A17
LA_E_5141890,1,g722,A19
LA_E_5142392,1,alaw,A18
LA_E_5142944,1,opus,A08
LA_E_5143381,0,opus,bonafide
LA_E_5143558,1,none,A11
LA_E_5143788,1,pstn,A14
LA_E_5143966,1,pstn,A19
LA_E_5145064,1,gsm,A15
LA_E_5145229,1,gsm,A11
LA_E_5145303,1,ulaw,A18
LA_E_5145572,1,gsm,A12
LA_E_5146002,1,none,A17
LA_E_5146018,0,ulaw,bonafide
LA_E_5146096,1,pstn,A18
LA_E_5146366,1,none,A15
LA_E_5146797,0,gsm,bonafide
LA_E_5146850,1,g722,A08
LA_E_5147047,1,ulaw,A12
LA_E_5147065,1,opus,A13
LA_E_5147089,1,gsm,A12
LA_E_5147455,1,alaw,A15
LA_E_5147592,1,opus,A10
LA_E_5147676,1,alaw,A17
LA_E_5148058,0,none,bonafide
LA_E_5148907,1,alaw,A15
LA_E_5149015,0,gsm,bonafide
LA_E_5149587,1,none,A13
LA_E_5149626,1,none,A19
LA_E_5149918,1,pstn,A08
LA_E_5150402,1,alaw,A12
LA_E_5150418,1,none,A18
LA_E_5150520,1,alaw,A18
LA_E_5150597,1,none,A14
LA_E_5150678,1,g722,A11
LA_E_5150797,1,none,A19
LA_E_5151112,0,none,bonafide
LA_E_5151612,1,alaw,A17
LA_E_5151772,1,ulaw,A13
LA_E_5152055,1,g722,A12
LA_E_5152794,1,alaw,A14
LA_E_5153031,1,ulaw,A16
LA_E_5153086,1,ulaw,A10
LA_E_5153438,1,ulaw,A13
LA_E_5153759,1,g722,A13
LA_E_5153776,1,ulaw,A07
LA_E_5154238,1,g722,A18
LA_E_5154290,1,ulaw,A07
LA_E_5154439,1,opus,A12
LA_E_5154528,1,opus,A08
LA_E_5154544,1,none,A14
LA_E_5154606,1,ulaw,A11
LA_E_5154726,1,none,A11
LA_E_5154819,1,pstn,A19
LA_E_5155168,1,gsm,A16
LA_E_5155269,1,alaw,A18
LA_E_5155325,1,pstn,A07
LA_E_5155703,0,gsm,bonafide
LA_E_5156787,1,ulaw,A07
LA_E_5157189,1,g722,A11
LA_E_5157302,1,ulaw,A17
LA_E_5157337,1,gsm,A13
LA_E_5157599,1,ulaw,A17
LA_E_5157652,1,gsm,A09
LA_E_5158058,1,gsm,A16
LA_E_5158141,1,g722,A07
LA_E_5158532,1,pstn,A12
LA_E_5159167,1,gsm,A19
LA_E_5159464,1,g722,A16
LA_E_5159498,1,ulaw,A13
LA_E_5159802,1,pstn,A17
LA_E_5160617,1,pstn,A19
LA_E_5160946,1,gsm,A12
LA_E_5160970,1,ulaw,A12
LA_E_5161184,1,none,A13
LA_E_5161779,1,g722,A17
LA_E_5161829,1,gsm,A09
LA_E_5161950,1,gsm,A12
LA_E_5162721,1,gsm,A14
LA_E_5163485,1,g722,A13
LA_E_5163639,1,none,A16
LA_E_5163698,1,g722,A13
LA_E_5164316,1,ulaw,A09
LA_E_5164326,1,pstn,A13
LA_E_5164388,1,opus,A09
LA_E_5164545,1,gsm,A13
LA_E_5164956,1,alaw,A09
LA_E_5165067,1,none,A11
LA_E_5165402,1,opus,A08
LA_E_5165431,1,ulaw,A07
LA_E_5166191,1,opus,A11
LA_E_5166254,1,pstn,A17
LA_E_5166437,1,gsm,A19
LA_E_5166497,0,gsm,bonafide
LA_E_5166534,1,pstn,A13
LA_E_5166607,1,opus,A07
LA_E_5167537,1,opus,A13
LA_E_5167793,1,gsm,A09
LA_E_5168044,1,gsm,A08
LA_E_5168331,1,alaw,A18
LA_E_5168712,1,g722,A18
LA_E_5168762,1,alaw,A09
LA_E_5168873,1,alaw,A12
LA_E_5169017,1,g722,A18
LA_E_5169334,0,alaw,bonafide
LA_E_5169366,1,ulaw,A07
LA_E_5170092,1,none,A12
LA_E_5170229,1,opus,A13
LA_E_5170475,1,pstn,A15
LA_E_5170743,1,opus,A10
LA_E_5170799,1,pstn,A12
LA_E_5170876,1,alaw,A18
LA_E_5171440,1,ulaw,A13
LA_E_5171732,1,alaw,A07
LA_E_5172111,1,none,A11
LA_E_5172133,1,pstn,A12
LA_E_5172166,1,opus,A12
LA_E_5172268,1,g722,A09
LA_E_5172412,1,gsm,A15
LA_E_5172648,1,opus,A15
LA_E_5173216,1,g722,A11
LA_E_5173230,1,ulaw,A16
LA_E_5173301,1,none,A08
LA_E_5173754,1,none,A09
LA_E_5173789,1,opus,A07
LA_E_5173970,0,alaw,bonafide
LA_E_5174056,1,none,A17
LA_E_5174316,1,none,A09
LA_E_5174662,1,ulaw,A15
LA_E_5174666,0,none,bonafide
LA_E_5174670,1,alaw,A07
LA_E_5174792,1,opus,A09
LA_E_5175049,1,opus,A19
LA_E_5175077,1,g722,A19
LA_E_5175303,1,gsm,A14
LA_E_5175475,1,none,A10
LA_E_5175745,1,ulaw,A10
LA_E_5176009,1,alaw,A15
LA_E_5176183,1,opus,A11
LA_E_5176286,1,gsm,A09
LA_E_5176315,1,opus,A16
LA_E_5176697,1,g722,A17
LA_E_5176817,0,ulaw,bonafide
LA_E_5177144,1,alaw,A17
LA_E_5177178,1,gsm,A12
LA_E_5177625,1,gsm,A10
LA_E_5177792,1,alaw,A17
LA_E_5177822,1,alaw,A19
LA_E_5178564,1,ulaw,A07
LA_E_5179962,1,opus,A19
LA_E_5180094,1,pstn,A18
LA_E_5180163,1,opus,A14
LA_E_5180166,1,ulaw,A09
LA_E_5180208,0,opus,bonafide
LA_E_5180223,1,none,A11
LA_E_5180407,1,alaw,A11
LA_E_5180474,1,ulaw,A18
LA_E_5180942,1,gsm,A08
LA_E_5181013,1,ulaw,A09
LA_E_5181063,1,alaw,A13
LA_E_5181104,1,gsm,A14
LA_E_5181518,1,opus,A17
LA_E_5181561,1,gsm,A07
LA_E_5181845,1,ulaw,A18
LA_E_5182298,1,alaw,A16
LA_E_5182602,1,opus,A18
LA_E_5182701,0,opus,bonafide
LA_E_5182738,1,gsm,A09
LA_E_5182945,1,opus,A11
LA_E_5183044,1,pstn,A16
LA_E_5183288,1,opus,A13
LA_E_5183341,1,alaw,A11
LA_E_5183445,1,g722,A12
LA_E_5183590,1,pstn,A09
LA_E_5183932,1,pstn,A14
LA_E_5184270,1,gsm,A10
LA_E_5184478,1,g722,A08
LA_E_5184528,0,gsm,bonafide
LA_E_5184756,1,g722,A12
LA_E_5185325,1,alaw,A15
LA_E_5185704,1,pstn,A08
LA_E_5186033,0,alaw,bonafide
LA_E_5186282,1,ulaw,A13
LA_E_5186283,1,gsm,A11
LA_E_5186653,0,pstn,bonafide
LA_E_5186713,1,ulaw,A13
LA_E_5187228,1,pstn,A07
LA_E_5187391,1,opus,A12
LA_E_5187533,1,none,A09
LA_E_5188667,1,ulaw,A17
LA_E_5188774,1,alaw,A19
LA_E_5188982,0,g722,bonafide
LA_E_5189145,1,none,A16
LA_E_5190473,1,alaw,A16
LA_E_5191050,1,opus,A16
LA_E_5191118,1,pstn,A19
LA_E_5191264,1,g722,A15
LA_E_5191930,1,opus,A12
LA_E_5192143,1,g722,A11
LA_E_5192370,0,opus,bonafide
LA_E_5192393,1,pstn,A09
LA_E_5192420,1,g722,A13
LA_E_5192755,0,none,bonafide
LA_E_5193019,1,none,A10
LA_E_5193526,1,alaw,A10
LA_E_5193948,1,gsm,A14
LA_E_5194273,1,pstn,A09
LA_E_5194394,1,ulaw,A09
LA_E_5195441,1,ulaw,A08
LA_E_5195552,1,opus,A17
LA_E_5195937,1,alaw,A09
LA_E_5195990,1,pstn,A12
LA_E_5196145,1,none,A07
LA_E_5196402,1,g722,A13
LA_E_5196655,1,gsm,A10
LA_E_5196723,1,gsm,A07
LA_E_5196772,1,none,A14
LA_E_5196809,1,none,A17
LA_E_5197054,1,opus,A11
LA_E_5197077,1,alaw,A09
LA_E_5197403,1,opus,A14
LA_E_5197472,1,ulaw,A07
LA_E_5197563,0,opus,bonafide
LA_E_5197642,1,ulaw,A09
LA_E_5197675,0,pstn,bonafide
LA_E_5197724,1,pstn,A08
LA_E_5197981,1,gsm,A09
LA_E_5198187,1,g722,A09
LA_E_5198211,1,gsm,A16
LA_E_5198221,1,gsm,A11
LA_E_5198300,1,gsm,A08
LA_E_5198878,1,none,A15
LA_E_5198937,1,gsm,A15
LA_E_5199073,1,opus,A16
LA_E_5199084,1,pstn,A15
LA_E_5199108,1,g722,A17
LA_E_5199313,1,pstn,A11
LA_E_5199616,1,opus,A07
LA_E_5199952,1,opus,A16
LA_E_5200052,1,alaw,A07
LA_E_5200128,1,opus,A16
LA_E_5200391,1,ulaw,A17
LA_E_5200454,1,alaw,A13
LA_E_5200952,1,pstn,A10
LA_E_5201432,1,opus,A13
LA_E_5201535,1,opus,A09
LA_E_5201633,1,opus,A14
LA_E_5201938,1,g722,A12
LA_E_5201983,1,none,A07
LA_E_5202419,1,ulaw,A15
LA_E_5202984,1,gsm,A19
LA_E_5203193,1,g722,A15
LA_E_5203290,1,opus,A19
LA_E_5203735,1,gsm,A09
LA_E_5203860,1,g722,A10
LA_E_5203872,1,ulaw,A09
LA_E_5204022,1,ulaw,A15
LA_E_5204083,1,ulaw,A12
LA_E_5204085,1,opus,A17
LA_E_5204641,1,opus,A14
LA_E_5204806,1,alaw,A15
LA_E_5205506,1,opus,A10
LA_E_5205535,0,ulaw,bonafide
LA_E_5205588,1,opus,A11
LA_E_5205619,1,alaw,A19
LA_E_5205626,1,pstn,A12
LA_E_5205693,1,opus,A19
LA_E_5205949,0,g722,bonafide
LA_E_5206505,1,ulaw,A10
LA_E_5206713,1,opus,A11
LA_E_5207466,1,none,A17
LA_E_5207558,0,ulaw,bonafide
LA_E_5207724,0,g722,bonafide
LA_E_5207739,0,g722,bonafide
LA_E_5209180,0,alaw,bonafide
LA_E_5209190,1,alaw,A16
LA_E_5209199,1,gsm,A12
LA_E_5209649,1,opus,A11
LA_E_5209676,0,opus,bonafide
LA_E_5209723,1,alaw,A09
LA_E_5210362,1,none,A17
LA_E_5210458,1,none,A08
LA_E_5210527,1,ulaw,A11
LA_E_5210694,1,ulaw,A18
LA_E_5210909,1,opus,A08
LA_E_5211343,1,gsm,A17
LA_E_5212581,1,alaw,A13
LA_E_5212748,1,gsm,A10
LA_E_5213171,0,gsm,bonafide
LA_E_5213349,1,g722,A18
LA_E_5214000,1,opus,A10
LA_E_5214066,1,gsm,A15
LA_E_5214098,1,opus,A17
LA_E_5214450,1,none,A09
LA_E_5214792,0,opus,bonafide
LA_E_5215903,1,ulaw,A18
LA_E_5215961,1,opus,A09
LA_E_5216519,1,gsm,A09
LA_E_5216575,1,g722,A14
LA_E_5216619,1,g722,A08
LA_E_5216742,1,none,A19
LA_E_5216814,0,pstn,bonafide
LA_E_5216834,1,opus,A09
LA_E_5217115,1,ulaw,A08
LA_E_5217227,1,pstn,A14
LA_E_5217589,1,none,A15
LA_E_5217977,1,opus,A13
LA_E_5218249,1,gsm,A13
LA_E_5218555,1,none,A15
LA_E_5218671,1,gsm,A07
LA_E_5218784,1,ulaw,A15
LA_E_5219508,1,alaw,A07
LA_E_5219867,1,opus,A08
LA_E_5220106,1,pstn,A14
LA_E_5220178,1,alaw,A08
LA_E_5220342,1,pstn,A17
LA_E_5220433,1,none,A08
LA_E_5220448,1,g722,A14
LA_E_5220741,1,ulaw,A16
LA_E_5221160,1,gsm,A07
LA_E_5221338,1,pstn,A13
LA_E_5221560,1,none,A17
LA_E_5221893,1,ulaw,A16
LA_E_5222147,1,ulaw,A18
LA_E_5222148,0,pstn,bonafide
LA_E_5222712,1,g722,A16
LA_E_5222879,1,g722,A15
LA_E_5223212,1,ulaw,A07
LA_E_5223897,1,pstn,A17
LA_E_5224101,1,ulaw,A17
LA_E_5224251,1,pstn,A18
LA_E_5224302,1,ulaw,A13
LA_E_5224477,0,none,bonafide
LA_E_5224622,0,ulaw,bonafide
LA_E_5224889,1,alaw,A15
LA_E_5224898,1,none,A12
LA_E_5225152,1,g722,A12
LA_E_5225324,1,none,A18
LA_E_5225966,1,alaw,A10
LA_E_5226088,1,gsm,A18
LA_E_5226303,1,g722,A09
LA_E_5227116,1,ulaw,A08
LA_E_5227230,1,g722,A19
LA_E_5227466,1,alaw,A15
LA_E_5227660,1,gsm,A07
LA_E_5227718,1,gsm,A16
LA_E_5227726,1,alaw,A18
LA_E_5227740,1,gsm,A16
LA_E_5228075,1,opus,A16
LA_E_5228203,1,ulaw,A09
LA_E_5228319,1,opus,A09
LA_E_5228605,1,pstn,A18
LA_E_5228648,1,pstn,A09
LA_E_5228989,1,opus,A19
LA_E_5229016,1,ulaw,A13
LA_E_5229133,0,gsm,bonafide
LA_E_5229170,1,gsm,A07
LA_E_5229213,1,opus,A17
LA_E_5229368,1,opus,A07
LA_E_5229371,1,alaw,A15
LA_E_5229446,1,pstn,A15
LA_E_5229516,0,alaw,bonafide
LA_E_5229584,1,alaw,A13
LA_E_5229739,1,g722,A15
LA_E_5230029,1,pstn,A09
LA_E_5230047,1,none,A14
LA_E_5230585,1,g722,A13
LA_E_5230776,1,g722,A08
LA_E_5230968,1,opus,A13
LA_E_5231131,1,gsm,A09
LA_E_5231144,1,ulaw,A08
LA_E_5231289,1,gsm,A15
LA_E_5231314,1,g722,A18
LA_E_5231508,1,pstn,A07
LA_E_5232078,0,alaw,bonafide
LA_E_5232184,1,none,A15
LA_E_5232259,1,gsm,A09
LA_E_5232594,1,none,A07
LA_E_5232707,1,opus,A09
LA_E_5233240,1,gsm,A18
LA_E_5233291,1,alaw,A12
LA_E_5233416,1,gsm,A07
LA_E_5233508,1,opus,A19
LA_E_5235076,1,ulaw,A17
LA_E_5235177,1,ulaw,A07
LA_E_5235195,1,ulaw,A16
LA_E_5235375,1,g722,A17
LA_E_5235502,1,gsm,A14
LA_E_5235740,1,g722,A19
LA_E_5236066,1,gsm,A18
LA_E_5236526,1,gsm,A08
LA_E_5237228,1,ulaw,A15
LA_E_5237445,1,pstn,A08
LA_E_5237449,1,g722,A19
LA_E_5237507,1,g722,A15
LA_E_5238375,1,gsm,A15
LA_E_5238453,1,gsm,A16
LA_E_5238940,1,none,A13
LA_E_5238969,1,opus,A18
LA_E_5239074,1,opus,A08
LA_E_5239346,1,g722,A12
LA_E_5239848,1,g722,A13
LA_E_5239852,1,ulaw,A09
LA_E_5240451,1,gsm,A14
LA_E_5240751,1,ulaw,A07
LA_E_5240877,1,opus,A07
LA_E_5241199,1,pstn,A10
LA_E_5241535,1,none,A07
LA_E_5241788,1,g722,A07
LA_E_5243000,1,opus,A07
LA_E_5243060,1,alaw,A18
LA_E_5243476,0,g722,bonafide
LA_E_5243601,0,pstn,bonafide
LA_E_5243771,1,alaw,A19
LA_E_5243911,1,none,A13
LA_E_5244287,1,opus,A12
LA_E_5244469,1,none,A19
LA_E_5244582,1,gsm,A15
LA_E_5244676,1,none,A10
LA_E_5244907,1,ulaw,A08
LA_E_5245321,1,ulaw,A14
LA_E_5245470,1,pstn,A18
LA_E_5245535,1,opus,A08
LA_E_5245758,1,opus,A10
LA_E_5245854,1,gsm,A16
LA_E_5246007,1,pstn,A19
LA_E_5246378,1,opus,A16
LA_E_5246849,1,gsm,A14
LA_E_5247299,1,pstn,A11
LA_E_5247326,1,g722,A14
LA_E_5247353,1,none,A11
LA_E_5247379,1,ulaw,A18
LA_E_5247536,1,gsm,A16
LA_E_5247561,1,g722,A07
LA_E_5247692,1,alaw,A15
LA_E_5247969,1,pstn,A17
LA_E_5248006,1,gsm,A12
LA_E_5248264,1,pstn,A09
LA_E_5248548,1,gsm,A11
LA_E_5249212,1,alaw,A14
LA_E_5249391,1,ulaw,A09
LA_E_5249674,1,g722,A09
LA_E_5249759,1,alaw,A13
LA_E_5249883,0,ulaw,bonafide
LA_E_5249942,1,g722,A16
LA_E_5250572,1,g722,A10
LA_E_5250602,1,opus,A17
LA_E_5250679,1,gsm,A18
LA_E_5250759,1,alaw,A07
LA_E_5251085,1,ulaw,A16
LA_E_5251284,1,pstn,A17
LA_E_5251845,1,pstn,A13
LA_E_5252635,1,opus,A13
LA_E_5252647,1,opus,A14
LA_E_5252792,1,g722,A14
LA_E_5253236,1,g722,A18
LA_E_5253371,1,opus,A10
LA_E_5253419,1,g722,A16
LA_E_5254050,1,ulaw,A08
LA_E_5254628,1,alaw,A07
LA_E_5255185,1,ulaw,A10
LA_E_5255415,1,ulaw,A13
LA_E_5255549,1,pstn,A11
LA_E_5255745,1,opus,A18
LA_E_5255782,1,ulaw,A14
LA_E_5255867,1,none,A15
LA_E_5256391,1,alaw,A17
LA_E_5256995,1,alaw,A15
LA_E_5257055,1,gsm,A10
LA_E_5257734,1,ulaw,A10
LA_E_5257800,1,pstn,A16
LA_E_5258424,1,gsm,A18
LA_E_5258776,1,gsm,A08
LA_E_5258831,1,ulaw,A19
LA_E_5259000,1,g722,A17
LA_E_5259213,1,opus,A10
LA_E_5260280,1,gsm,A12
LA_E_5260627,1,opus,A17
LA_E_5260661,1,none,A15
LA_E_5260756,1,pstn,A10
LA_E_5260880,1,g722,A18
LA_E_5261274,1,opus,A17
LA_E_5261640,1,ulaw,A08
LA_E_5262073,1,gsm,A17
LA_E_5262100,1,g722,A08
LA_E_5262459,1,pstn,A09
LA_E_5262784,1,opus,A09
LA_E_5263066,1,none,A19
LA_E_5263497,1,ulaw,A15
LA_E_5264424,1,opus,A10
LA_E_5264441,1,none,A18
LA_E_5264671,1,opus,A09
LA_E_5265666,1,opus,A18
LA_E_5266145,1,gsm,A19
LA_E_5266692,1,none,A19
LA_E_5266979,1,none,A14
LA_E_5267010,1,none,A09
LA_E_5267292,1,alaw,A10
LA_E_5268034,1,gsm,A14
LA_E_5268279,1,g722,A08
LA_E_5268507,1,pstn,A08
LA_E_5268833,1,opus,A09
LA_E_5269011,1,pstn,A11
LA_E_5269016,0,none,bonafide
LA_E_5269408,1,g722,A17
LA_E_5269503,1,opus,A18
LA_E_5270118,1,ulaw,A15
LA_E_5270254,1,g722,A07
LA_E_5270949,1,opus,A19
LA_E_5271621,1,gsm,A15
LA_E_5271901,1,ulaw,A10
LA_E_5272443,1,g722,A17
LA_E_5272454,1,none,A07
LA_E_5272564,1,g722,A12
LA_E_5272757,0,opus,bonafide
LA_E_5272769,1,alaw,A19
LA_E_5272943,1,none,A14
LA_E_5273153,1,none,A18
LA_E_5273521,1,g722,A15
LA_E_5273677,1,opus,A17
LA_E_5273799,1,opus,A17
LA_E_5273847,1,pstn,A17
LA_E_5274024,1,ulaw,A10
LA_E_5274362,1,g722,A17
LA_E_5274796,1,ulaw,A08
LA_E_5275018,1,alaw,A08
LA_E_5275373,1,alaw,A11
LA_E_5275515,1,alaw,A19
LA_E_5275614,1,g722,A11
LA_E_5275676,1,opus,A07
LA_E_5276508,1,g722,A16
LA_E_5276681,0,pstn,bonafide
LA_E_5277055,1,gsm,A16
LA_E_5277089,1,g722,A14
LA_E_5277940,1,none,A11
LA_E_5278148,1,ulaw,A09
LA_E_5278559,1,gsm,A08
LA_E_5278802,1,opus,A11
LA_E_5279416,1,none,A09
LA_E_5279432,1,gsm,A18
LA_E_5279639,1,ulaw,A18
LA_E_5279865,1,opus,A19
LA_E_5279878,1,pstn,A12
LA_E_5279919,1,none,A17
LA_E_5279940,1,ulaw,A08
LA_E_5280093,1,ulaw,A18
LA_E_5281103,1,alaw,A11
LA_E_5281218,1,gsm,A07
LA_E_5281253,1,pstn,A17
LA_E_5281343,1,pstn,A15
LA_E_5281377,1,opus,A08
LA_E_5281546,1,pstn,A16
LA_E_5282380,1,ulaw,A14
LA_E_5282559,1,opus,A08
LA_E_5282905,1,pstn,A15
LA_E_5283135,0,opus,bonafide
LA_E_5283509,1,gsm,A16
LA_E_5283750,1,opus,A15
LA_E_5283859,1,pstn,A15
LA_E_5283896,1,opus,A11
LA_E_5284576,0,none,bonafide
LA_E_5284631,1,opus,A14
LA_E_5284649,1,opus,A08
LA_E_5284800,1,opus,A18
LA_E_5284853,1,none,A14
LA_E_5285018,1,gsm,A11
LA_E_5285825,1,alaw,A11
LA_E_5286357,1,none,A18
LA_E_5286866,1,pstn,A18
LA_E_5287158,1,ulaw,A07
LA_E_5287833,1,gsm,A13
LA_E_5288060,1,gsm,A10
LA_E_5288260,1,g722,A10
LA_E_5288526,1,ulaw,A11
LA_E_5289183,1,g722,A12
LA_E_5289340,1,pstn,A18
LA_E_5289734,1,ulaw,A10
LA_E_5289851,1,none,A17
LA_E_5290336,1,none,A08
LA_E_5290419,1,ulaw,A08
LA_E_5290541,1,alaw,A11
LA_E_5290751,1,gsm,A07
LA_E_5291002,1,ulaw,A15
LA_E_5291158,1,pstn,A08
LA_E_5291313,1,pstn,A10
LA_E_5291480,1,opus,A15
LA_E_5291493,1,opus,A13
LA_E_5291532,1,pstn,A19
LA_E_5291671,1,none,A08
LA_E_5291681,0,gsm,bonafide
LA_E_5291826,1,alaw,A11
LA_E_5292009,1,ulaw,A18
LA_E_5293295,1,alaw,A10
LA_E_5293502,1,gsm,A07
LA_E_5293633,1,ulaw,A16
LA_E_5293743,1,opus,A17
LA_E_5294117,1,none,A13
LA_E_5294168,1,alaw,A16
LA_E_5295938,1,opus,A11
LA_E_5296369,1,pstn,A11
LA_E_5296553,1,pstn,A15
LA_E_5296717,1,none,A11
LA_E_5297450,1,pstn,A16
LA_E_5297548,1,ulaw,A18
LA_E_5297791,1,none,A14
LA_E_5298106,1,pstn,A09
LA_E_5298954,1,opus,A16
LA_E_5298984,1,alaw,A08
LA_E_5299081,1,opus,A18
LA_E_5299421,1,ulaw,A18
LA_E_5299497,1,alaw,A09
LA_E_5299626,1,g722,A15
LA_E_5299687,1,g722,A18
LA_E_5299933,1,pstn,A09
LA_E_5300035,1,ulaw,A15
LA_E_5300523,1,g722,A12
LA_E_5300529,1,alaw,A07
LA_E_5300825,1,opus,A15
LA_E_5301025,1,g722,A10
LA_E_5301048,1,gsm,A12
LA_E_5301185,1,none,A11
LA_E_5301205,1,ulaw,A13
LA_E_5301528,1,ulaw,A11
LA_E_5301581,1,pstn,A10
LA_E_5301729,1,opus,A07
LA_E_5301970,1,pstn,A17
LA_E_5302159,1,ulaw,A16
LA_E_5302345,1,opus,A12
LA_E_5302548,1,gsm,A14
LA_E_5302922,1,none,A10
LA_E_5303074,1,alaw,A08
LA_E_5304592,1,g722,A17
LA_E_5304619,1,opus,A07
LA_E_5304764,1,ulaw,A07
LA_E_5304957,1,alaw,A16
LA_E_5304970,1,pstn,A09
LA_E_5305056,1,gsm,A13
LA_E_5305612,1,alaw,A12
LA_E_5306009,1,opus,A13
LA_E_5306820,1,ulaw,A07
LA_E_5308078,1,pstn,A13
LA_E_5308268,1,ulaw,A14
LA_E_5308669,1,ulaw,A18
LA_E_5308722,1,none,A14
LA_E_5309246,1,gsm,A16
LA_E_5309326,1,ulaw,A09
LA_E_5309765,1,pstn,A07
LA_E_5309795,1,opus,A19
LA_E_5309959,1,ulaw,A17
LA_E_5310289,1,pstn,A15
LA_E_5310543,1,none,A13
LA_E_5310593,1,g722,A15
LA_E_5310652,1,ulaw,A07
LA_E_5310735,1,opus,A11
LA_E_5310800,1,opus,A11
LA_E_5311109,1,opus,A19
LA_E_5311961,1,none,A16
LA_E_5312728,1,ulaw,A07
LA_E_5313083,1,ulaw,A08
LA_E_5313567,1,opus,A13
LA_E_5313910,1,pstn,A13
LA_E_5313954,0,pstn,bonafide
LA_E_5314169,1,opus,A12
LA_E_5314474,1,opus,A13
LA_E_5314495,1,none,A13
LA_E_5315053,1,pstn,A19
LA_E_5315119,1,opus,A19
LA_E_5315283,1,opus,A17
LA_E_5315301,1,g722,A16
LA_E_5315466,1,gsm,A19
LA_E_5315826,1,opus,A13
LA_E_5316317,1,ulaw,A09
LA_E_5316950,0,ulaw,bonafide
LA_E_5317521,1,alaw,A11
LA_E_5317879,1,none,A10
LA_E_5318402,1,none,A10
LA_E_5318535,1,pstn,A14
LA_E_5318803,1,pstn,A16
LA_E_5319108,1,ulaw,A10
LA_E_5319367,0,ulaw,bonafide
LA_E_5319873,1,g722,A16
LA_E_5320162,1,none,A12
LA_E_5320188,1,alaw,A07
LA_E_5320555,1,pstn,A14
LA_E_5320688,1,none,A08
LA_E_5320897,1,pstn,A07
LA_E_5321039,1,none,A15
LA_E_5321234,1,pstn,A15
LA_E_5321751,0,g722,bonafide
LA_E_5321809,1,gsm,A13
LA_E_5322009,1,none,A19
LA_E_5322017,1,ulaw,A13
LA_E_5323543,1,opus,A15
LA_E_5323663,1,pstn,A15
LA_E_5323687,1,ulaw,A14
LA_E_5323688,1,gsm,A08
LA_E_5323706,1,ulaw,A19
LA_E_5324333,1,none,A09
LA_E_5324363,1,pstn,A10
LA_E_5324406,1,alaw,A18
LA_E_5324532,1,opus,A11
LA_E_5324935,1,ulaw,A10
LA_E_5325010,1,ulaw,A15
LA_E_5325500,1,pstn,A12
LA_E_5325731,1,gsm,A13
LA_E_5325783,1,none,A10
LA_E_5325835,1,gsm,A13
LA_E_5325871,1,none,A16
LA_E_5325909,0,g722,bonafide
LA_E_5326117,1,gsm,A15
LA_E_5326213,1,g722,A08
LA_E_5326223,1,alaw,A09
LA_E_5326442,1,none,A12
LA_E_5326695,1,none,A10
LA_E_5326890,1,gsm,A09
LA_E_5327033,1,gsm,A19
LA_E_5327141,1,opus,A14
LA_E_5327260,1,gsm,A17
LA_E_5327418,1,g722,A10
LA_E_5327500,0,opus,bonafide
LA_E_5327683,1,opus,A19
LA_E_5327990,1,gsm,A07
LA_E_5328005,1,g722,A18
LA_E_5328388,1,g722,A17
LA_E_5328641,1,ulaw,A11
LA_E_5328863,1,ulaw,A19
LA_E_5328905,1,gsm,A15
LA_E_5328908,1,opus,A09
LA_E_5329000,1,opus,A08
LA_E_5329051,1,g722,A19
LA_E_5329364,0,opus,bonafide
LA_E_5329472,1,ulaw,A17
LA_E_5329998,1,gsm,A10
LA_E_5330432,0,opus,bonafide
LA_E_5330503,1,g722,A11
LA_E_5330693,1,opus,A19
LA_E_5331191,1,gsm,A12
LA_E_5331369,1,none,A16
LA_E_5331530,1,pstn,A16
LA_E_5331613,1,alaw,A14
LA_E_5331758,1,gsm,A16
LA_E_5331921,0,ulaw,bonafide
LA_E_5331923,1,gsm,A19
LA_E_5331956,1,none,A14
LA_E_5332034,1,ulaw,A12
LA_E_5332515,1,g722,A13
LA_E_5333457,1,pstn,A13
LA_E_5333884,1,ulaw,A12
LA_E_5334278,1,none,A08
LA_E_5334793,1,gsm,A15
LA_E_5334838,1,none,A18
LA_E_5335321,1,ulaw,A19
LA_E_5335367,1,none,A11
LA_E_5335890,1,pstn,A11
LA_E_5335932,1,g722,A15
LA_E_5337191,1,g722,A18
LA_E_5337382,1,alaw,A10
LA_E_5337539,1,gsm,A07
LA_E_5338098,1,gsm,A11
LA_E_5338452,1,none,A17
LA_E_5338471,1,ulaw,A08
LA_E_5338510,1,gsm,A09
LA_E_5338800,1,pstn,A16
LA_E_5338861,1,gsm,A13
LA_E_5339605,1,opus,A07
LA_E_5339816,0,ulaw,bonafide
LA_E_5340053,1,opus,A07
LA_E_5340178,1,opus,A10
LA_E_5340347,1,gsm,A10
LA_E_5340521,1,gsm,A19
LA_E_5340786,1,alaw,A10
LA_E_5341167,1,gsm,A18
LA_E_5341918,1,g722,A19
LA_E_5341920,1,gsm,A19
LA_E_5342387,1,ulaw,A10
LA_E_5342461,1,pstn,A12
LA_E_5342879,1,g722,A12
LA_E_5343175,1,pstn,A11
LA_E_5343842,1,opus,A07
LA_E_5343899,1,ulaw,A13
LA_E_5343927,1,gsm,A09
LA_E_5344191,1,none,A19
LA_E_5344305,1,g722,A11
LA_E_5344325,1,opus,A08
LA_E_5344338,1,ulaw,A12
LA_E_5344440,1,g722,A18
LA_E_5344648,1,ulaw,A14
LA_E_5344755,1,g722,A17
LA_E_5344928,1,opus,A18
LA_E_5345303,1,pstn,A14
LA_E_5345375,1,ulaw,A15
LA_E_5345674,1,ulaw,A12
LA_E_5346204,1,ulaw,A11
LA_E_5346373,1,opus,A13
LA_E_5346463,1,ulaw,A12
LA_E_5346537,1,opus,A19
LA_E_5346658,1,none,A15
LA_E_5346851,1,gsm,A14
LA_E_5346893,1,ulaw,A17
LA_E_5347273,1,opus,A15
LA_E_5348282,1,none,A17
LA_E_5348424,1,pstn,A08
LA_E_5348727,1,ulaw,A14
LA_E_5348788,1,none,A15
LA_E_5348810,1,gsm,A08
LA_E_5348892,1,ulaw,A17
LA_E_5349153,1,pstn,A19
LA_E_5349316,1,ulaw,A19
LA_E_5349518,1,opus,A18
LA_E_5349560,1,none,A16
LA_E_5349629,1,pstn,A10
LA_E_5349706,1,opus,A16
LA_E_5350088,0,gsm,bonafide
LA_E_5350138,1,alaw,A17
LA_E_5350224,1,g722,A18
LA_E_5350296,1,gsm,A19
LA_E_5350593,1,none,A17
LA_E_5350848,1,alaw,A07
LA_E_5351711,1,alaw,A14
LA_E_5351788,1,g722,A09
LA_E_5352789,1,none,A16
LA_E_5352893,1,g722,A10
LA_E_5352941,1,ulaw,A08
LA_E_5353106,1,gsm,A19
LA_E_5353152,1,none,A16
LA_E_5353486,1,ulaw,A18
LA_E_5353621,1,opus,A10
LA_E_5353671,1,gsm,A17
LA_E_5353861,1,gsm,A09
LA_E_5354093,1,none,A10
LA_E_5354129,1,opus,A13
LA_E_5354564,1,alaw,A18
LA_E_5355345,1,none,A14
LA_E_5355616,0,alaw,bonafide
LA_E_5356429,1,alaw,A16
LA_E_5356502,0,none,bonafide
LA_E_5356587,1,ulaw,A14
LA_E_5357043,1,g722,A09
LA_E_5357086,1,g722,A10
LA_E_5357750,1,opus,A08
LA_E_5357822,1,alaw,A16
LA_E_5357849,1,g722,A16
LA_E_5358769,1,gsm,A08
LA_E_5358776,1,ulaw,A19
LA_E_5358953,1,alaw,A10
LA_E_5359065,1,opus,A16
LA_E_5359082,1,ulaw,A18
LA_E_5359226,1,pstn,A15
LA_E_5359266,1,none,A09
LA_E_5359443,1,pstn,A14
LA_E_5359622,1,gsm,A07
LA_E_5360075,1,none,A09
LA_E_5360232,1,gsm,A15
LA_E_5360437,0,ulaw,bonafide
LA_E_5360777,1,g722,A11
LA_E_5361156,1,none,A11
LA_E_5361544,1,ulaw,A14
LA_E_5361602,1,gsm,A16
LA_E_5361610,1,g722,A13
LA_E_5362179,1,pstn,A09
LA_E_5362232,0,gsm,bonafide
LA_E_5362355,1,ulaw,A09
LA_E_5362368,1,none,A16
LA_E_5362381,1,ulaw,A08
LA_E_5363024,1,g722,A13
LA_E_5363517,1,gsm,A13
LA_E_5363582,1,opus,A07
LA_E_5363768,1,g722,A10
LA_E_5364558,1,ulaw,A14
LA_E_5365190,1,ulaw,A14
LA_E_5365243,1,pstn,A15
LA_E_5365562,1,none,A16
LA_E_5366135,1,pstn,A09
LA_E_5366355,0,none,bonafide
LA_E_5366599,1,none,A13
LA_E_5366875,1,alaw,A08
LA_E_5367036,1,ulaw,A14
LA_E_5367489,1,alaw,A12
LA_E_5367857,1,pstn,A07
LA_E_5368008,1,none,A10
LA_E_5368349,1,opus,A19
LA_E_5368507,1,ulaw,A09
LA_E_5368795,1,g722,A10
LA_E_5368836,1,alaw,A17
LA_E_5369529,1,pstn,A15
LA_E_5369602,0,ulaw,bonafide
LA_E_5369607,1,g722,A10
LA_E_5369608,0,alaw,bonafide
LA_E_5369690,0,ulaw,bonafide
LA_E_5369699,1,none,A18
LA_E_5370110,1,opus,A18
LA_E_5370371,1,ulaw,A19
LA_E_5370832,1,ulaw,A09
LA_E_5370867,1,ulaw,A18
LA_E_5371177,1,alaw,A17
LA_E_5371314,1,ulaw,A18
LA_E_5371402,1,none,A08
LA_E_5371532,1,pstn,A10
LA_E_5371641,1,pstn,A19
LA_E_5372159,1,opus,A13
LA_E_5372590,0,g722,bonafide
LA_E_5372746,1,ulaw,A12
LA_E_5373216,1,pstn,A08
LA_E_5373253,1,ulaw,A14
LA_E_5373628,1,alaw,A15
LA_E_5373825,1,ulaw,A07
LA_E_5373875,0,ulaw,bonafide
LA_E_5373977,1,pstn,A08
LA_E_5374386,0,ulaw,bonafide
LA_E_5374591,1,gsm,A19
LA_E_5374597,1,pstn,A17
LA_E_5374665,1,opus,A13
LA_E_5374780,1,g722,A08
LA_E_5374934,1,g722,A12
LA_E_5375185,1,g722,A12
LA_E_5375214,0,gsm,bonafide
LA_E_5375365,0,g722,bonafide
LA_E_5375860,1,opus,A08
LA_E_5375962,1,pstn,A19
LA_E_5376170,1,gsm,A18
LA_E_5376822,1,gsm,A15
LA_E_5376978,1,pstn,A11
LA_E_5377547,1,none,A15
LA_E_5377813,1,opus,A17
LA_E_5378408,0,gsm,bonafide
LA_E_5378800,1,pstn,A10
LA_E_5378981,1,ulaw,A10
LA_E_5379327,1,pstn,A09
LA_E_5379529,1,g722,A14
LA_E_5379717,1,g722,A16
LA_E_5379956,1,alaw,A16
LA_E_5380031,1,opus,A14
LA_E_5380098,1,ulaw,A17
LA_E_5380401,1,ulaw,A11
LA_E_5380625,1,gsm,A09
LA_E_5380953,1,opus,A15
LA_E_5381025,0,alaw,bonafide
LA_E_5381037,1,gsm,A13
LA_E_5381775,1,ulaw,A19
LA_E_5381946,1,none,A11
LA_E_5382122,1,gsm,A07
LA_E_5382200,0,none,bonafide
LA_E_5382925,1,opus,A18
LA_E_5383574,1,pstn,A16
LA_E_5384129,1,opus,A15
LA_E_5384339,1,g722,A07
LA_E_5384679,1,gsm,A14
LA_E_5385051,1,pstn,A07
LA_E_5385066,1,gsm,A14
LA_E_5385588,1,gsm,A10
LA_E_5385647,1,pstn,A15
LA_E_5386100,1,gsm,A10
LA_E_5386461,1,gsm,A11
LA_E_5387679,1,none,A19
LA_E_5387763,1,gsm,A18
LA_E_5388135,1,opus,A07
LA_E_5388286,1,gsm,A11
LA_E_5388802,1,alaw,A14
LA_E_5388844,1,pstn,A13
LA_E_5388880,1,g722,A09
LA_E_5389762,1,alaw,A09
LA_E_5389910,1,ulaw,A14
LA_E_5389916,1,pstn,A08
LA_E_5390138,1,opus,A10
LA_E_5390936,1,pstn,A11
LA_E_5391163,1,g722,A07
LA_E_5391366,1,ulaw,A15
LA_E_5391407,1,ulaw,A18
LA_E_5392003,1,alaw,A08
LA_E_5393355,1,pstn,A12
LA_E_5393409,1,none,A18
LA_E_5393650,1,alaw,A17
LA_E_5393742,1,gsm,A07
LA_E_5394124,1,gsm,A14
LA_E_5394172,1,opus,A15
LA_E_5394741,1,alaw,A13
LA_E_5394919,1,ulaw,A14
LA_E_5394965,1,gsm,A18
LA_E_5395355,1,none,A16
LA_E_5396407,1,pstn,A15
LA_E_5397375,1,alaw,A18
LA_E_5398148,1,ulaw,A11
LA_E_5398599,1,gsm,A15
LA_E_5398904,1,ulaw,A19
LA_E_5399523,0,g722,bonafide
LA_E_5400099,1,ulaw,A19
LA_E_5400115,0,opus,bonafide
LA_E_5400151,1,alaw,A12
LA_E_5400312,1,ulaw,A11
LA_E_5400741,1,alaw,A13
LA_E_5401588,1,gsm,A09
LA_E_5401635,1,ulaw,A08
LA_E_5401772,0,gsm,bonafide
LA_E_5401862,1,pstn,A17
LA_E_5402121,1,alaw,A07
LA_E_5402670,0,pstn,bonafide
LA_E_5402826,1,opus,A07
LA_E_5403185,1,alaw,A19
LA_E_5403449,0,gsm,bonafide
LA_E_5404147,0,gsm,bonafide
LA_E_5404497,1,g722,A11
LA_E_5404674,1,none,A17
LA_E_5404896,1,opus,A09
LA_E_5405296,1,opus,A08
LA_E_5405494,1,gsm,A12
LA_E_5405770,1,pstn,A08
LA_E_5405787,1,ulaw,A12
LA_E_5406102,1,gsm,A13
LA_E_5406486,1,alaw,A19
LA_E_5406510,1,opus,A18
LA_E_5406671,1,alaw,A14
LA_E_5406828,1,gsm,A10
LA_E_5407019,1,opus,A13
LA_E_5407620,1,ulaw,A08
LA_E_5408086,1,opus,A17
LA_E_5408224,1,gsm,A17
LA_E_5408401,1,ulaw,A19
LA_E_5408752,1,gsm,A07
LA_E_5409745,1,gsm,A11
LA_E_5410457,1,none,A13
LA_E_5410804,1,none,A13
LA_E_5411296,1,ulaw,A15
LA_E_5411329,1,opus,A11
LA_E_5411658,1,gsm,A13
LA_E_5411945,1,opus,A15
LA_E_5412504,1,g722,A12
LA_E_5412640,1,ulaw,A11
LA_E_5412736,1,ulaw,A13
LA_E_5412941,1,opus,A13
LA_E_5413197,1,gsm,A08
LA_E_5413754,1,opus,A15
LA_E_5414307,1,none,A14
LA_E_5414373,1,pstn,A16
LA_E_5414381,1,ulaw,A07
LA_E_5414698,1,opus,A10
LA_E_5414919,1,opus,A17
LA_E_5414967,1,alaw,A08
LA_E_5415092,1,ulaw,A08
LA_E_5415536,1,none,A08
LA_E_5415730,1,opus,A14
LA_E_5415799,1,opus,A07
LA_E_5415859,1,opus,A07
LA_E_5415975,1,ulaw,A08
LA_E_5416150,1,alaw,A11
LA_E_5417161,1,gsm,A19
LA_E_5417601,1,g722,A16
LA_E_5417616,1,gsm,A11
LA_E_5417779,1,pstn,A18
LA_E_5417839,1,opus,A18
LA_E_5417901,1,ulaw,A12
LA_E_5418013,1,opus,A18
LA_E_5418014,1,gsm,A11
LA_E_5418078,0,pstn,bonafide
LA_E_5418135,1,opus,A16
LA_E_5419438,1,none,A12
LA_E_5419873,1,opus,A19
LA_E_5419987,1,ulaw,A16
LA_E_5420200,1,ulaw,A11
LA_E_5420946,1,gsm,A12
LA_E_5421147,1,pstn,A18
LA_E_5421278,1,none,A19
LA_E_5421441,1,g722,A12
LA_E_5421563,1,alaw,A16
LA_E_5421592,0,alaw,bonafide
LA_E_5421675,1,none,A13
LA_E_5422297,1,alaw,A18
LA_E_5422375,1,alaw,A09
LA_E_5422400,1,ulaw,A18
LA_E_5422883,1,alaw,A12
LA_E_5423282,1,ulaw,A13
LA_E_5423627,1,gsm,A14
LA_E_5423781,1,pstn,A18
LA_E_5423807,1,ulaw,A11
LA_E_5423809,1,gsm,A18
LA_E_5424735,1,alaw,A18
LA_E_5424851,1,ulaw,A17
LA_E_5425944,1,gsm,A14
LA_E_5426638,1,alaw,A19
LA_E_5427436,1,none,A13
LA_E_5427631,1,alaw,A19
LA_E_5427683,1,none,A18
LA_E_5427924,1,ulaw,A12
LA_E_5427994,1,alaw,A17
LA_E_5428030,1,gsm,A14
LA_E_5428365,1,gsm,A08
LA_E_5428397,1,none,A17
LA_E_5428634,0,g722,bonafide
LA_E_5428771,1,opus,A12
LA_E_5428878,1,opus,A13
LA_E_5429076,0,pstn,bonafide
LA_E_5429273,1,ulaw,A18
LA_E_5429755,1,ulaw,A10
LA_E_5429890,1,gsm,A10
LA_E_5430520,1,none,A12
LA_E_5431007,1,pstn,A13
LA_E_5431034,1,gsm,A15
LA_E_5431124,1,pstn,A17
LA_E_5431422,1,opus,A19
LA_E_5431684,1,opus,A12
LA_E_5431753,1,none,A09
LA_E_5431822,1,gsm,A19
LA_E_5432001,1,pstn,A09
LA_E_5432099,0,g722,bonafide
LA_E_5432155,1,gsm,A18
LA_E_5432444,1,pstn,A11
LA_E_5432882,1,alaw,A12
LA_E_5433102,0,none,bonafide
LA_E_5433199,1,alaw,A10
LA_E_5433222,1,none,A14
LA_E_5433406,1,ulaw,A11
LA_E_5433597,1,pstn,A18
LA_E_5434274,1,pstn,A16
LA_E_5434792,1,ulaw,A11
LA_E_5434988,0,none,bonafide
LA_E_5435236,1,opus,A17
LA_E_5435438,1,ulaw,A09
LA_E_5435567,1,opus,A07
LA_E_5435599,1,pstn,A10
LA_E_5435603,1,gsm,A13
LA_E_5436340,1,alaw,A11
LA_E_5436741,0,none,bonafide
LA_E_5437592,1,gsm,A10
LA_E_5437955,0,alaw,bonafide
LA_E_5438266,1,pstn,A13
LA_E_5438302,1,opus,A07
LA_E_5438430,1,gsm,A13
LA_E_5438628,1,g722,A18
LA_E_5438827,1,g722,A13
LA_E_5439015,1,opus,A11
LA_E_5439239,1,ulaw,A16
LA_E_5439395,1,ulaw,A11
LA_E_5439730,0,alaw,bonafide
LA_E_5440014,1,ulaw,A12
LA_E_5440094,1,ulaw,A09
LA_E_5440781,1,ulaw,A15
LA_E_5441323,1,alaw,A15
LA_E_5441526,1,alaw,A12
LA_E_5441568,1,g722,A08
LA_E_5442528,1,none,A07
LA_E_5443068,1,none,A16
LA_E_5443499,1,none,A18
LA_E_5443585,1,opus,A18
LA_E_5443746,1,none,A18
LA_E_5443941,1,gsm,A14
LA_E_5443994,1,ulaw,A08
LA_E_5444222,1,none,A14
LA_E_5444463,1,gsm,A08
LA_E_5444472,1,ulaw,A18
LA_E_5445433,1,none,A11
LA_E_5446961,1,none,A13
LA_E_5447344,1,g722,A15
LA_E_5447623,1,ulaw,A12
LA_E_5447672,1,g722,A11
LA_E_5448068,1,ulaw,A14
LA_E_5448121,1,ulaw,A19
LA_E_5448371,0,opus,bonafide
LA_E_5448934,1,g722,A17
LA_E_5449023,1,pstn,A14
LA_E_5449242,1,g722,A07
LA_E_5450130,1,alaw,A14
LA_E_5450168,1,opus,A09
LA_E_5450232,1,none,A18
LA_E_5450464,1,g722,A10
LA_E_5451134,1,alaw,A17
LA_E_5452576,1,none,A10
LA_E_5452904,1,gsm,A18
LA_E_5452949,1,none,A19
LA_E_5453175,1,ulaw,A07
LA_E_5453695,1,g722,A16
LA_E_5453722,0,none,bonafide
LA_E_5453808,1,alaw,A08
LA_E_5453868,1,alaw,A11
LA_E_5453945,1,ulaw,A13
LA_E_5453950,1,ulaw,A09
LA_E_5454878,0,g722,bonafide
LA_E_5455695,1,opus,A08
LA_E_5455796,1,alaw,A13
LA_E_5456172,1,opus,A13
LA_E_5456448,1,gsm,A09
LA_E_5456538,1,none,A19
LA_E_5456715,1,opus,A12
LA_E_5457510,1,gsm,A10
LA_E_5457520,1,none,A15
LA_E_5459506,1,alaw,A15
LA_E_5460017,1,opus,A14
LA_E_5460140,1,g722,A15
LA_E_5460280,1,none,A13
LA_E_5460317,1,pstn,A19
LA_E_5460333,1,gsm,A16
LA_E_5460666,1,gsm,A19
LA_E_5460806,1,ulaw,A07
LA_E_5461363,1,opus,A07
LA_E_5461483,1,pstn,A14
LA_E_5461521,1,ulaw,A11
LA_E_5461816,1,g722,A18
LA_E_5462037,1,gsm,A19
LA_E_5462386,1,pstn,A08
LA_E_5462833,1,gsm,A11
LA_E_5462894,1,opus,A10
LA_E_5463383,1,ulaw,A17
LA_E_5463481,1,pstn,A11
LA_E_5463541,1,g722,A16
LA_E_5463582,1,none,A08
LA_E_5463871,1,g722,A14
LA_E_5463951,0,alaw,bonafide
LA_E_5464661,1,alaw,A07
LA_E_5464840,1,gsm,A13
LA_E_5464888,0,pstn,bonafide
LA_E_5465081,1,ulaw,A11
LA_E_5465255,1,gsm,A10
LA_E_5465707,1,ulaw,A17
LA_E_5465997,1,gsm,A11
LA_E_5466759,1,alaw,A15
LA_E_5466916,1,opus,A09
LA_E_5467026,1,none,A14
LA_E_5467222,1,opus,A09
LA_E_5467944,1,g722,A14
LA_E_5468107,1,opus,A15
LA_E_5468473,1,none,A08
LA_E_5468825,1,ulaw,A09
LA_E_5468854,1,gsm,A16
LA_E_5469180,1,opus,A08
LA_E_5469321,1,gsm,A18
LA_E_5469598,1,opus,A10
LA_E_5469613,0,g722,bonafide
LA_E_5469860,0,g722,bonafide
LA_E_5470027,1,g722,A14
LA_E_5470124,0,ulaw,bonafide
LA_E_5470408,1,none,A15
LA_E_5470501,1,gsm,A15
LA_E_5470769,1,pstn,A10
LA_E_5471019,1,gsm,A13
LA_E_5471036,1,gsm,A16
LA_E_5471052,0,opus,bonafide
LA_E_5471244,1,none,A08
LA_E_5471328,1,gsm,A11
LA_E_5471787,1,gsm,A18
LA_E_5471897,1,opus,A11
LA_E_5472110,1,none,A10
LA_E_5472383,1,none,A08
LA_E_5472900,1,opus,A19
LA_E_5472931,1,ulaw,A08
LA_E_5473079,1,opus,A09
LA_E_5473312,1,ulaw,A07
LA_E_5473456,1,none,A11
LA_E_5473905,0,opus,bonafide
LA_E_5474199,1,none,A14
LA_E_5474442,1,pstn,A11
LA_E_5474467,1,none,A07
LA_E_5474477,1,gsm,A09
LA_E_5475272,1,none,A09
LA_E_5475488,1,ulaw,A09
LA_E_5475501,1,ulaw,A16
LA_E_5476444,1,gsm,A10
LA_E_5476821,1,gsm,A19
LA_E_5476978,1,alaw,A08
LA_E_5477881,1,gsm,A14
LA_E_5477982,1,pstn,A15
LA_E_5478117,1,ulaw,A14
LA_E_5478282,1,pstn,A13
LA_E_5479952,1,pstn,A07
LA_E_5480352,1,pstn,A13
LA_E_5480354,1,ulaw,A11
LA_E_5480486,1,g722,A19
LA_E_5480751,1,g722,A14
LA_E_5480782,1,g722,A16
LA_E_5481187,1,gsm,A18
LA_E_5481195,1,none,A16
LA_E_5481323,1,alaw,A15
LA_E_5481384,0,none,bonafide
LA_E_5481663,1,pstn,A19
LA_E_5481759,1,pstn,A16
LA_E_5481763,0,ulaw,bonafide
LA_E_5481862,1,g722,A12
LA_E_5481916,1,ulaw,A11
LA_E_5482225,1,none,A10
LA_E_5483354,1,gsm,A16
LA_E_5484098,1,gsm,A09
LA_E_5484326,1,opus,A15
LA_E_5484399,1,opus,A14
LA_E_5484421,1,none,A07
LA_E_5484721,1,none,A12
LA_E_5484998,0,opus,bonafide
LA_E_5485902,1,pstn,A10
LA_E_5486084,1,opus,A13
LA_E_5486208,1,opus,A09
LA_E_5486718,1,alaw,A10
LA_E_5487492,1,g722,A16
LA_E_5488305,1,ulaw,A16
LA_E_5488415,1,alaw,A14
LA_E_5489031,0,pstn,bonafide
LA_E_5489135,1,ulaw,A09
LA_E_5489214,0,gsm,bonafide
LA_E_5490229,1,g722,A14
LA_E_5490290,1,opus,A08
LA_E_5490369,1,none,A16
LA_E_5490465,0,pstn,bonafide
LA_E_5490503,0,pstn,bonafide
LA_E_5490617,1,opus,A16
LA_E_5490888,1,ulaw,A17
LA_E_5490994,1,gsm,A14
LA_E_5491055,1,gsm,A12
LA_E_5491346,1,pstn,A12
LA_E_5491462,1,ulaw,A12
LA_E_5491958,1,opus,A14
LA_E_5492974,1,none,A11
LA_E_5493128,0,ulaw,bonafide
LA_E_5493144,1,ulaw,A08
LA_E_5493389,1,pstn,A09
LA_E_5494047,1,gsm,A10
LA_E_5494122,1,g722,A18
LA_E_5495004,1,opus,A10
LA_E_5495082,1,alaw,A16
LA_E_5495346,1,g722,A09
LA_E_5495588,1,opus,A08
LA_E_5495617,1,g722,A19
LA_E_5495673,1,g722,A19
LA_E_5495716,0,alaw,bonafide
LA_E_5495835,1,g722,A11
LA_E_5496153,1,gsm,A15
LA_E_5496312,1,ulaw,A10
LA_E_5496318,1,alaw,A16
LA_E_5496341,1,none,A10
LA_E_5496581,1,ulaw,A10
LA_E_5496815,1,ulaw,A17
LA_E_5497370,1,g722,A18
LA_E_5497734,1,gsm,A17
LA_E_5498841,1,pstn,A09
LA_E_5498883,1,ulaw,A14
LA_E_5499636,1,pstn,A13
LA_E_5499667,1,gsm,A18
LA_E_5499756,1,pstn,A13
LA_E_5500272,0,g722,bonafide
LA_E_5500942,1,gsm,A10
LA_E_5501604,1,pstn,A12
LA_E_5501736,1,opus,A13
LA_E_5502790,1,pstn,A17
LA_E_5503007,0,opus,bonafide
LA_E_5503122,1,alaw,A10
LA_E_5503225,1,g722,A15
LA_E_5503339,1,ulaw,A10
LA_E_5504440,1,pstn,A16
LA_E_5504668,1,pstn,A15
LA_E_5504951,1,none,A10
LA_E_5505055,1,g722,A08
LA_E_5505256,1,alaw,A07
LA_E_5505312,1,none,A18
LA_E_5505370,1,alaw,A16
LA_E_5505443,0,ulaw,bonafide
LA_E_5505557,0,ulaw,bonafide
LA_E_5505760,1,none,A15
LA_E_5506612,1,g722,A16
LA_E_5506685,0,pstn,bonafide
LA_E_5507004,0,alaw,bonafide
LA_E_5507088,1,none,A19
LA_E_5507484,1,gsm,A11
LA_E_5507787,1,ulaw,A18
LA_E_5507984,1,alaw,A08
LA_E_5508119,1,gsm,A13
LA_E_5508373,1,pstn,A15
LA_E_5509107,1,gsm,A18
LA_E_5509127,1,opus,A11
LA_E_5509264,1,pstn,A16
LA_E_5509486,1,pstn,A09
LA_E_5510222,1,alaw,A19
LA_E_5510242,1,opus,A12
LA_E_5510365,0,g722,bonafide
LA_E_5510410,1,gsm,A10
LA_E_5510419,1,g722,A07
LA_E_5510728,1,opus,A10
LA_E_5511225,1,g722,A08
LA_E_5511410,1,alaw,A17
LA_E_5511450,1,ulaw,A11
LA_E_5511750,1,ulaw,A09
LA_E_5512283,1,ulaw,A17
LA_E_5512458,1,none,A19
LA_E_5512470,0,alaw,bonafide
LA_E_5512615,1,gsm,A18
LA_E_5512691,1,gsm,A18
LA_E_5513209,1,opus,A15
LA_E_5513222,1,opus,A11
LA_E_5513373,1,alaw,A16
LA_E_5513934,1,ulaw,A08
LA_E_5514253,1,opus,A12
LA_E_5514323,1,alaw,A07
LA_E_5514443,1,pstn,A16
LA_E_5514553,1,pstn,A09
LA_E_5515809,1,gsm,A19
LA_E_5516017,1,alaw,A15
LA_E_5516419,1,ulaw,A07
LA_E_5516446,0,opus,bonafide
LA_E_5516506,1,ulaw,A16
LA_E_5516591,1,alaw,A08
LA_E_5516992,1,pstn,A09
LA_E_5517242,1,g722,A12
LA_E_5517690,1,pstn,A15
LA_E_5517692,1,none,A07
LA_E_5518100,1,gsm,A07
LA_E_5519043,1,pstn,A14
LA_E_5519184,1,g722,A17
LA_E_5519526,1,opus,A08
LA_E_5519736,1,alaw,A07
LA_E_5520099,1,pstn,A16
LA_E_5520112,1,none,A17
LA_E_5520283,1,pstn,A17
LA_E_5520666,1,pstn,A14
LA_E_5520755,1,none,A17
LA_E_5520881,1,g722,A17
LA_E_5521177,1,gsm,A12
LA_E_5521286,1,alaw,A17
LA_E_5521340,0,none,bonafide
LA_E_5521715,1,pstn,A15
LA_E_5521830,1,alaw,A18
LA_E_5521905,1,alaw,A10
LA_E_5522021,1,ulaw,A11
LA_E_5522069,1,alaw,A08
LA_E_5522311,1,alaw,A11
LA_E_5522646,1,opus,A07
LA_E_5522878,1,g722,A17
LA_E_5523085,1,ulaw,A09
LA_E_5523111,0,none,bonafide
LA_E_5524346,1,ulaw,A16
LA_E_5524747,1,g722,A15
LA_E_5524894,1,opus,A07
LA_E_5524957,1,ulaw,A10
LA_E_5524969,1,gsm,A08
LA_E_5525065,1,pstn,A07
LA_E_5525746,1,none,A18
LA_E_5525764,1,alaw,A14
LA_E_5525869,1,g722,A08
LA_E_5525948,1,pstn,A19
LA_E_5526027,1,gsm,A16
LA_E_5526130,1,none,A16
LA_E_5526211,1,g722,A13
LA_E_5526221,1,opus,A16
LA_E_5526370,1,opus,A07
LA_E_5526571,0,none,bonafide
LA_E_5526579,1,ulaw,A14
LA_E_5526631,1,opus,A10
LA_E_5526995,1,g722,A12
LA_E_5527109,1,g722,A17
LA_E_5527225,1,gsm,A10
LA_E_5527395,1,ulaw,A16
LA_E_5527561,1,g722,A19
LA_E_5527815,1,g722,A15
LA_E_5528424,1,alaw,A17
LA_E_5528852,1,gsm,A19
LA_E_5528912,1,gsm,A12
LA_E_5529044,1,gsm,A18
LA_E_5529584,1,none,A13
LA_E_5529883,1,g722,A14
LA_E_5530142,1,opus,A08
LA_E_5530409,1,none,A07
LA_E_5530866,1,ulaw,A17
LA_E_5531000,1,pstn,A08
LA_E_5531039,1,gsm,A11
LA_E_5531510,1,pstn,A19
LA_E_5531552,1,g722,A08
LA_E_5531821,1,none,A09
LA_E_5531940,1,ulaw,A16
LA_E_5532204,1,pstn,A15
LA_E_5532210,1,opus,A10
LA_E_5532474,1,none,A08
LA_E_5532851,1,none,A15
LA_E_5533177,1,ulaw,A11
LA_E_5533360,1,ulaw,A14
LA_E_5533628,1,pstn,A12
LA_E_5534193,1,opus,A13
LA_E_5534249,1,none,A09
LA_E_5535051,1,alaw,A14
LA_E_5535409,1,ulaw,A11
LA_E_5535429,1,none,A08
LA_E_5535599,0,gsm,bonafide
LA_E_5535652,1,gsm,A16
LA_E_5536217,1,opus,A18
LA_E_5536516,1,alaw,A11
LA_E_5536991,1,ulaw,A12
LA_E_5537068,1,pstn,A18
LA_E_5537327,1,none,A14
LA_E_5537638,1,opus,A15
LA_E_5538721,1,ulaw,A19
LA_E_5538751,1,ulaw,A09
LA_E_5538827,1,alaw,A12
LA_E_5538859,1,none,A09
LA_E_5539045,1,none,A17
LA_E_5539226,1,alaw,A10
LA_E_5539481,1,ulaw,A08
LA_E_5539914,1,gsm,A13
LA_E_5540137,1,g722,A07
LA_E_5540312,1,pstn,A17
LA_E_5540340,1,opus,A16
LA_E_5540797,1,gsm,A07
LA_E_5541002,1,g722,A09
LA_E_5541055,1,gsm,A11
LA_E_5541127,1,gsm,A14
LA_E_5541396,1,none,A15
LA_E_5541564,1,gsm,A08
LA_E_5541934,1,alaw,A16
LA_E_5542200,1,opus,A13
LA_E_5543173,1,ulaw,A19
LA_E_5543191,1,ulaw,A16
LA_E_5543792,1,opus,A16
LA_E_5543976,1,gsm,A10
LA_E_5544041,1,ulaw,A15
LA_E_5544172,1,none,A15
LA_E_5544426,1,ulaw,A09
LA_E_5544526,1,pstn,A08
LA_E_5545282,1,g722,A15
LA_E_5545324,1,ulaw,A19
LA_E_5545377,1,alaw,A12
LA_E_5545423,1,opus,A12
LA_E_5545451,1,ulaw,A08
LA_E_5546311,1,opus,A10
LA_E_5546810,1,gsm,A08
LA_E_5548013,1,none,A18
LA_E_5548587,1,g722,A16
LA_E_5549124,1,ulaw,A17
LA_E_5549268,0,gsm,bonafide
LA_E_5549467,1,alaw,A19
LA_E_5549699,1,opus,A12
LA_E_5549757,1,gsm,A12
LA_E_5549780,1,pstn,A11
LA_E_5549912,1,gsm,A09
LA_E_5550029,1,pstn,A12
LA_E_5550050,1,opus,A10
LA_E_5550134,1,ulaw,A12
LA_E_5551005,1,opus,A09
LA_E_5551756,1,g722,A16
LA_E_5552671,1,ulaw,A10
LA_E_5552781,1,opus,A13
LA_E_5552954,1,gsm,A14
LA_E_5553347,1,g722,A13
LA_E_5553436,1,gsm,A08
LA_E_5554027,1,alaw,A15
LA_E_5554033,1,opus,A13
LA_E_5554519,1,none,A11
LA_E_5554597,1,opus,A16
LA_E_5554869,1,opus,A10
LA_E_5556034,1,gsm,A18
LA_E_5556173,1,none,A09
LA_E_5556323,1,none,A16
LA_E_5557160,1,alaw,A07
LA_E_5557162,0,gsm,bonafide
LA_E_5557226,1,ulaw,A17
LA_E_5557342,1,none,A07
LA_E_5557408,1,pstn,A16
LA_E_5557863,1,none,A16
LA_E_5558048,1,none,A09
LA_E_5558065,1,ulaw,A09
LA_E_5558459,1,gsm,A12
LA_E_5558657,1,alaw,A15
LA_E_5558935,1,ulaw,A11
LA_E_5559439,1,alaw,A17
LA_E_5559606,1,opus,A16
LA_E_5560149,1,gsm,A08
LA_E_5560381,1,g722,A13
LA_E_5560505,1,opus,A13
LA_E_5560541,1,pstn,A17
LA_E_5560898,1,pstn,A19
LA_E_5561257,1,ulaw,A12
LA_E_5561513,1,alaw,A19
LA_E_5561716,1,g722,A09
LA_E_5561737,1,gsm,A18
LA_E_5561959,1,pstn,A10
LA_E_5562056,1,ulaw,A14
LA_E_5563281,1,opus,A19
LA_E_5563297,1,pstn,A11
LA_E_5563313,0,opus,bonafide
LA_E_5563329,1,none,A17
LA_E_5563455,1,none,A19
LA_E_5563526,1,gsm,A19
LA_E_5563566,1,ulaw,A18
LA_E_5563597,1,ulaw,A11
LA_E_5563837,1,opus,A16
LA_E_5564159,1,gsm,A14
LA_E_5564275,1,alaw,A15
LA_E_5564407,1,pstn,A09
LA_E_5564577,1,opus,A12
LA_E_5565126,1,g722,A16
LA_E_5565342,1,opus,A12
LA_E_5565396,0,opus,bonafide
LA_E_5566102,1,ulaw,A17
LA_E_5566195,0,ulaw,bonafide
LA_E_5566596,1,opus,A19
LA_E_5567073,1,pstn,A07
LA_E_5567550,1,none,A18
LA_E_5567958,1,opus,A18
LA_E_5568062,1,g722,A11
LA_E_5568231,1,ulaw,A10
LA_E_5568516,1,opus,A10
LA_E_5568575,1,g722,A19
LA_E_5568889,1,g722,A11
LA_E_5569098,1,gsm,A19
LA_E_5569800,1,gsm,A07
LA_E_5570001,1,gsm,A12
LA_E_5570055,1,alaw,A10
LA_E_5570618,1,gsm,A09
LA_E_5570724,1,opus,A11
LA_E_5570838,1,alaw,A13
LA_E_5570882,1,alaw,A15
LA_E_5571348,1,g722,A11
LA_E_5571618,1,opus,A12
LA_E_5571665,1,opus,A15
LA_E_5571846,1,none,A11
LA_E_5572222,1,gsm,A08
LA_E_5572339,1,none,A16
LA_E_5572740,1,none,A18
LA_E_5572968,1,none,A08
LA_E_5573724,1,none,A17
LA_E_5573745,1,gsm,A10
LA_E_5573825,1,gsm,A11
LA_E_5573928,1,none,A17
LA_E_5574439,1,gsm,A17
LA_E_5574481,1,none,A09
LA_E_5574812,1,gsm,A17
LA_E_5575209,1,ulaw,A07
LA_E_5575421,1,opus,A19
LA_E_5575672,1,ulaw,A19
LA_E_5576214,1,none,A13
LA_E_5576243,1,gsm,A09
LA_E_5576246,1,ulaw,A11
LA_E_5576259,1,opus,A17
LA_E_5576394,1,pstn,A18
LA_E_5576399,1,none,A13
LA_E_5576667,1,none,A08
LA_E_5576678,1,opus,A07
LA_E_5576754,1,none,A13
LA_E_5577019,1,ulaw,A18
LA_E_5577584,1,none,A16
LA_E_5578325,1,none,A07
LA_E_5578573,1,alaw,A07
LA_E_5578853,1,gsm,A08
LA_E_5579426,1,g722,A15
LA_E_5579820,1,g722,A09
LA_E_5579978,1,opus,A15
LA_E_5580538,1,none,A07
LA_E_5580555,1,opus,A12
LA_E_5580938,1,g722,A07
LA_E_5581810,1,gsm,A11
LA_E_5582122,1,alaw,A13
LA_E_5582409,1,g722,A15
LA_E_5582604,1,alaw,A10
LA_E_5582835,1,none,A13
LA_E_5582879,1,g722,A11
LA_E_5582907,1,gsm,A08
LA_E_5583104,1,gsm,A16
LA_E_5583119,1,none,A16
LA_E_5583720,1,gsm,A19
LA_E_5584297,1,g722,A10
LA_E_5584371,1,g722,A08
LA_E_5584576,1,pstn,A15
LA_E_5585142,1,alaw,A09
LA_E_5585300,1,g722,A11
LA_E_5585435,1,none,A19
LA_E_5585600,1,opus,A12
LA_E_5585765,1,ulaw,A11
LA_E_5586993,1,none,A10
LA_E_5587220,1,pstn,A11
LA_E_5587346,1,gsm,A10
LA_E_5587491,1,ulaw,A10
LA_E_5588312,0,ulaw,bonafide
LA_E_5588397,1,pstn,A19
LA_E_5589336,1,g722,A14
LA_E_5589506,1,opus,A08
LA_E_5589718,0,ulaw,bonafide
LA_E_5591117,1,alaw,A16
LA_E_5591201,1,opus,A19
LA_E_5591714,0,opus,bonafide
LA_E_5591744,1,opus,A08
LA_E_5591909,1,none,A14
LA_E_5592008,1,g722,A14
LA_E_5592374,1,ulaw,A17
LA_E_5592729,1,g722,A07
LA_E_5592806,1,pstn,A11
LA_E_5593027,1,g722,A16
LA_E_5593325,1,opus,A07
LA_E_5593362,1,alaw,A12
LA_E_5593441,1,none,A08
LA_E_5594045,1,g722,A18
LA_E_5594114,0,none,bonafide
LA_E_5594897,1,none,A15
LA_E_5595263,1,ulaw,A07
LA_E_5595381,0,ulaw,bonafide
LA_E_5595829,0,alaw,bonafide
LA_E_5596057,1,opus,A12
LA_E_5596431,1,gsm,A14
LA_E_5596528,1,opus,A14
LA_E_5596583,1,alaw,A10
LA_E_5596634,1,ulaw,A19
LA_E_5597299,1,none,A12
LA_E_5597512,1,ulaw,A07
LA_E_5597580,1,ulaw,A13
LA_E_5597702,1,ulaw,A10
LA_E_5598551,1,none,A19
LA_E_5598660,1,opus,A08
LA_E_5599056,1,opus,A16
LA_E_5599571,1,pstn,A13
LA_E_5600180,1,opus,A14
LA_E_5600766,1,none,A16
LA_E_5601219,1,ulaw,A19
LA_E_5601230,1,ulaw,A19
LA_E_5601276,1,ulaw,A17
LA_E_5601497,1,gsm,A17
LA_E_5601593,1,alaw,A19
LA_E_5601619,1,gsm,A17
LA_E_5602096,1,none,A15
LA_E_5602516,1,pstn,A14
LA_E_5602575,1,alaw,A10
LA_E_5602849,1,opus,A17
LA_E_5603414,1,gsm,A11
LA_E_5603550,1,g722,A14
LA_E_5603580,1,gsm,A10
LA_E_5603881,1,ulaw,A13
LA_E_5604331,1,gsm,A14
LA_E_5604405,1,opus,A07
LA_E_5605342,1,gsm,A12
LA_E_5605575,1,ulaw,A18
LA_E_5605716,1,ulaw,A13
LA_E_5605844,0,alaw,bonafide
LA_E_5605945,1,pstn,A18
LA_E_5606029,1,g722,A11
LA_E_5606155,0,gsm,bonafide
LA_E_5606803,1,ulaw,A16
LA_E_5606909,1,opus,A15
LA_E_5608453,1,opus,A13
LA_E_5608473,1,gsm,A08
LA_E_5608878,1,opus,A18
LA_E_5608916,1,pstn,A09
LA_E_5609432,1,g722,A10
LA_E_5609503,1,pstn,A13
LA_E_5610068,1,alaw,A13
LA_E_5610212,1,gsm,A12
LA_E_5610360,0,opus,bonafide
LA_E_5611035,1,alaw,A11
LA_E_5611773,1,g722,A10
LA_E_5612105,1,ulaw,A10
LA_E_5612348,1,opus,A09
LA_E_5612408,1,alaw,A10
LA_E_5613476,1,gsm,A12
LA_E_5613610,1,none,A10
LA_E_5613655,1,pstn,A14
LA_E_5613657,1,none,A18
LA_E_5613721,1,ulaw,A16
LA_E_5614350,1,none,A13
LA_E_5614383,1,opus,A08
LA_E_5614639,1,pstn,A17
LA_E_5615576,1,alaw,A11
LA_E_5615704,1,g722,A10
LA_E_5615758,1,alaw,A12
LA_E_5616954,0,pstn,bonafide
LA_E_5616965,1,opus,A14
LA_E_5617082,1,none,A13
LA_E_5617227,1,pstn,A19
LA_E_5617385,1,none,A11
LA_E_5617532,1,gsm,A14
LA_E_5618056,1,gsm,A15
LA_E_5618538,1,gsm,A07
LA_E_5619634,1,alaw,A14
LA_E_5619909,1,pstn,A15
LA_E_5620208,1,g722,A19
LA_E_5620222,1,none,A07
LA_E_5620281,1,opus,A14
LA_E_5620318,1,none,A11
LA_E_5620382,1,gsm,A13
LA_E_5620393,1,ulaw,A19
LA_E_5620425,1,ulaw,A08
LA_E_5620883,1,none,A12
LA_E_5620974,1,opus,A15
LA_E_5621400,1,none,A10
LA_E_5622245,1,none,A12
LA_E_5622435,1,gsm,A17
LA_E_5622737,1,opus,A15
LA_E_5622973,1,alaw,A10
LA_E_5623344,1,ulaw,A14
LA_E_5623400,1,alaw,A17
LA_E_5623897,1,none,A07
LA_E_5624081,1,opus,A18
LA_E_5624439,0,opus,bonafide
LA_E_5624553,1,pstn,A07
LA_E_5625257,1,alaw,A18
LA_E_5625633,1,pstn,A10
LA_E_5625635,1,gsm,A09
LA_E_5625723,0,none,bonafide
LA_E_5625746,1,opus,A11
LA_E_5626017,1,gsm,A16
LA_E_5626589,1,gsm,A17
LA_E_5626598,1,gsm,A13
LA_E_5626962,1,alaw,A13
LA_E_5627284,1,pstn,A07
LA_E_5627352,1,g722,A19
LA_E_5627698,1,pstn,A11
LA_E_5627732,1,opus,A07
LA_E_5628357,1,opus,A14
LA_E_5628522,1,opus,A08
LA_E_5629132,0,gsm,bonafide
LA_E_5629264,1,pstn,A17
LA_E_5630142,0,g722,bonafide
LA_E_5630552,1,gsm,A15
LA_E_5631521,1,alaw,A07
LA_E_5631705,1,ulaw,A07
LA_E_5632523,1,none,A11
LA_E_5633253,1,g722,A12
LA_E_5633446,1,opus,A07
LA_E_5634330,1,opus,A07
LA_E_5635417,1,gsm,A16
LA_E_5636141,1,ulaw,A11
LA_E_5636310,0,opus,bonafide
LA_E_5637405,1,ulaw,A15
LA_E_5637626,1,g722,A16
LA_E_5637833,1,g722,A10
LA_E_5638274,1,gsm,A08
LA_E_5638665,1,gsm,A16
LA_E_5638748,0,gsm,bonafide
LA_E_5638830,1,none,A18
LA_E_5638834,1,opus,A19
LA_E_5639451,1,alaw,A14
LA_E_5639576,0,gsm,bonafide
LA_E_5640299,1,pstn,A14
LA_E_5640312,1,gsm,A09
LA_E_5640627,1,none,A11
LA_E_5641065,1,opus,A12
LA_E_5641710,1,opus,A19
LA_E_5641713,1,opus,A09
LA_E_5642942,1,alaw,A19
LA_E_5643015,0,pstn,bonafide
LA_E_5643178,1,g722,A10
LA_E_5643292,1,opus,A07
LA_E_5643710,1,gsm,A15
LA_E_5644209,1,ulaw,A11
LA_E_5644344,1,gsm,A16
LA_E_5644700,1,gsm,A12
LA_E_5644825,1,gsm,A13
LA_E_5644990,1,opus,A13
LA_E_5645063,1,pstn,A11
LA_E_5645384,1,alaw,A14
LA_E_5645385,1,opus,A12
LA_E_5645666,1,pstn,A18
LA_E_5645937,1,alaw,A08
LA_E_5646176,1,ulaw,A17
LA_E_5646835,1,opus,A13
LA_E_5647207,1,pstn,A13
LA_E_5647217,1,g722,A15
LA_E_5647294,1,ulaw,A07
LA_E_5647410,1,gsm,A07
LA_E_5647489,1,g722,A10
LA_E_5647607,1,gsm,A09
LA_E_5647850,1,gsm,A07
LA_E_5647934,1,opus,A14
LA_E_5648190,0,none,bonafide
LA_E_5648853,1,pstn,A15
LA_E_5649060,1,gsm,A17
LA_E_5649325,1,ulaw,A14
LA_E_5649984,1,ulaw,A19
LA_E_5650008,1,opus,A15
LA_E_5650696,1,pstn,A08
LA_E_5651046,1,ulaw,A15
LA_E_5651150,1,alaw,A13
LA_E_5652331,1,opus,A18
LA_E_5653091,1,g722,A15
LA_E_5653112,1,ulaw,A18
LA_E_5653137,1,opus,A17
LA_E_5653521,1,alaw,A12
LA_E_5653682,1,none,A10
LA_E_5653818,1,g722,A10
LA_E_5654133,1,g722,A18
LA_E_5654428,1,ulaw,A13
LA_E_5654835,0,g722,bonafide
LA_E_5654946,1,g722,A17
LA_E_5654965,1,g722,A18
LA_E_5654976,1,pstn,A09
LA_E_5655000,1,pstn,A09
LA_E_5655030,1,alaw,A07
LA_E_5655121,1,pstn,A14
LA_E_5655267,1,ulaw,A18
LA_E_5655826,1,gsm,A16
LA_E_5655958,1,opus,A07
LA_E_5656063,1,pstn,A09
LA_E_5656220,1,none,A13
LA_E_5656270,1,alaw,A15
LA_E_5656478,1,none,A19
LA_E_5656631,1,pstn,A07
LA_E_5657936,1,alaw,A16
LA_E_5658129,1,none,A19
LA_E_5658287,1,none,A11
LA_E_5658574,1,alaw,A09
LA_E_5658614,1,none,A10
LA_E_5658651,1,opus,A12
LA_E_5658659,1,opus,A14
LA_E_5658970,1,none,A08
LA_E_5659018,1,alaw,A10
LA_E_5659857,1,alaw,A15
LA_E_5660024,1,none,A17
LA_E_5660301,1,pstn,A07
LA_E_5661503,1,g722,A13
LA_E_5662107,0,alaw,bonafide
LA_E_5662551,1,ulaw,A13
LA_E_5662896,1,pstn,A14
LA_E_5663520,1,opus,A07
LA_E_5663565,1,opus,A09
LA_E_5663792,1,none,A08
LA_E_5664126,0,pstn,bonafide
LA_E_5664231,1,opus,A16
LA_E_5664444,1,gsm,A17
LA_E_5664691,0,none,bonafide
LA_E_5665058,1,gsm,A17
LA_E_5665072,1,none,A13
LA_E_5665471,1,alaw,A13
LA_E_5665542,1,alaw,A13
LA_E_5666256,1,ulaw,A13
LA_E_5666323,1,alaw,A16
LA_E_5666429,1,gsm,A13
LA_E_5666565,1,opus,A11
LA_E_5666706,1,alaw,A11
LA_E_5667038,1,none,A13
LA_E_5667139,1,pstn,A19
LA_E_5667161,0,pstn,bonafide
LA_E_5668322,1,opus,A15
LA_E_5668684,1,opus,A07
LA_E_5668927,1,g722,A09
LA_E_5669217,1,opus,A14
LA_E_5669787,1,gsm,A10
LA_E_5669840,0,gsm,bonafide
LA_E_5669848,1,alaw,A07
LA_E_5670130,1,ulaw,A15
LA_E_5670548,1,pstn,A12
LA_E_5671012,1,pstn,A17
LA_E_5671200,0,g722,bonafide
LA_E_5671220,1,g722,A17
LA_E_5672717,0,gsm,bonafide
LA_E_5673078,1,gsm,A17
LA_E_5673181,1,alaw,A07
LA_E_5673970,1,ulaw,A12
LA_E_5674174,1,opus,A09
LA_E_5674504,1,ulaw,A16
LA_E_5674601,1,g722,A08
LA_E_5674617,1,pstn,A15
LA_E_5675302,1,alaw,A09
LA_E_5675402,1,gsm,A14
LA_E_5675626,1,ulaw,A19
LA_E_5676014,1,alaw,A10
LA_E_5676949,1,ulaw,A10
LA_E_5677770,1,opus,A11
LA_E_5677897,1,pstn,A11
LA_E_5677977,1,ulaw,A13
LA_E_5678041,1,pstn,A07
LA_E_5678151,1,opus,A19
LA_E_5678365,1,alaw,A18
LA_E_5678642,1,ulaw,A16
LA_E_5678958,1,g722,A14
LA_E_5679028,1,gsm,A09
LA_E_5679360,1,opus,A17
LA_E_5679758,1,pstn,A07
LA_E_5679826,1,alaw,A08
LA_E_5680511,1,none,A12
LA_E_5680866,1,g722,A07
LA_E_5680872,0,none,bonafide
LA_E_5680884,0,ulaw,bonafide
LA_E_5680930,1,ulaw,A15
LA_E_5681434,1,opus,A19
LA_E_5681738,1,gsm,A12
LA_E_5681808,1,g722,A17
LA_E_5682531,1,none,A14
LA_E_5682566,1,opus,A18
LA_E_5682583,1,ulaw,A17
LA_E_5682952,1,none,A18
LA_E_5683880,1,ulaw,A09
LA_E_5683947,1,ulaw,A19
LA_E_5684074,1,pstn,A17
LA_E_5684095,1,g722,A18
LA_E_5684274,1,opus,A18
LA_E_5684623,1,g722,A14
LA_E_5685432,1,g722,A09
LA_E_5685544,1,ulaw,A14
LA_E_5685549,1,g722,A15
LA_E_5685728,1,opus,A15
LA_E_5685882,1,alaw,A13
LA_E_5686650,1,pstn,A10
LA_E_5687110,1,ulaw,A15
LA_E_5687282,0,opus,bonafide
LA_E_5687495,0,alaw,bonafide
LA_E_5687848,1,pstn,A11
LA_E_5688255,1,pstn,A14
LA_E_5689629,1,gsm,A13
LA_E_5689813,1,gsm,A16
LA_E_5690169,1,none,A16
LA_E_5690469,1,none,A12
LA_E_5690544,1,gsm,A16
LA_E_5690575,1,pstn,A10
LA_E_5690730,1,gsm,A07
LA_E_5691686,1,pstn,A19
LA_E_5692508,1,alaw,A08
LA_E_5693214,1,none,A10
LA_E_5693334,1,none,A15
LA_E_5694104,1,gsm,A19
LA_E_5694211,1,gsm,A09
LA_E_5694575,1,pstn,A16
LA_E_5694891,1,none,A09
LA_E_5694898,1,pstn,A09
LA_E_5694911,0,opus,bonafide
LA_E_5694922,1,alaw,A19
LA_E_5695161,1,opus,A19
LA_E_5695389,1,gsm,A09
LA_E_5695628,1,gsm,A14
LA_E_5695735,1,pstn,A09
LA_E_5696090,1,opus,A18
LA_E_5696529,0,none,bonafide
LA_E_5697104,0,alaw,bonafide
LA_E_5697514,1,gsm,A15
LA_E_5697851,1,ulaw,A07
LA_E_5697982,1,gsm,A07
LA_E_5698113,1,gsm,A07
LA_E_5698199,1,pstn,A18
LA_E_5698482,1,opus,A14
LA_E_5698732,1,ulaw,A13
LA_E_5698805,1,none,A17
LA_E_5699098,1,opus,A12
LA_E_5699337,1,gsm,A16
LA_E_5699600,1,gsm,A11
LA_E_5699988,1,ulaw,A14
LA_E_5700808,1,pstn,A14
LA_E_5701163,1,alaw,A16
LA_E_5701430,1,none,A08
LA_E_5701624,1,g722,A19
LA_E_5701896,1,ulaw,A13
LA_E_5702213,1,g722,A19
LA_E_5702233,1,ulaw,A13
LA_E_5702384,1,g722,A16
LA_E_5702445,1,none,A18
LA_E_5702777,1,ulaw,A18
LA_E_5703187,1,ulaw,A08
LA_E_5703414,1,opus,A15
LA_E_5703428,1,g722,A15
LA_E_5703442,1,none,A14
LA_E_5703668,1,alaw,A19
LA_E_5704192,1,ulaw,A18
LA_E_5704535,1,g722,A11
LA_E_5704625,1,g722,A16
LA_E_5704739,1,alaw,A08
LA_E_5704907,1,g722,A09
LA_E_5704910,1,gsm,A15
LA_E_5705253,1,none,A11
LA_E_5705885,1,none,A10
LA_E_5706035,0,opus,bonafide
LA_E_5706176,0,alaw,bonafide
LA_E_5706236,0,pstn,bonafide
LA_E_5706390,1,alaw,A08
LA_E_5706414,1,alaw,A09
LA_E_5706652,1,alaw,A12
LA_E_5706717,1,ulaw,A11
LA_E_5707241,1,ulaw,A18
LA_E_5708107,0,pstn,bonafide
LA_E_5708506,1,gsm,A11
LA_E_5708891,1,pstn,A12
LA_E_5709358,1,none,A12
LA_E_5709523,1,none,A17
LA_E_5709658,1,ulaw,A07
LA_E_5710471,1,alaw,A07
LA_E_5711085,1,none,A14
LA_E_5711666,1,g722,A07
LA_E_5712742,1,g722,A09
LA_E_5713185,1,opus,A09
LA_E_5713448,1,gsm,A15
LA_E_5713667,1,alaw,A18
LA_E_5714017,1,ulaw,A10
LA_E_5714114,1,alaw,A10
LA_E_5714193,1,ulaw,A19
LA_E_5714239,1,opus,A12
LA_E_5714422,1,alaw,A17
LA_E_5714469,1,alaw,A18
LA_E_5714908,1,pstn,A15
LA_E_5714932,1,ulaw,A13
LA_E_5715553,1,gsm,A16
LA_E_5715850,1,g722,A11
LA_E_5715885,1,g722,A11
LA_E_5716314,1,ulaw,A10
LA_E_5716320,1,ulaw,A10
LA_E_5716333,1,gsm,A07
LA_E_5716362,1,ulaw,A19
LA_E_5716413,1,ulaw,A10
LA_E_5716768,1,pstn,A16
LA_E_5717141,0,ulaw,bonafide
LA_E_5717397,1,g722,A14
LA_E_5717404,1,opus,A14
LA_E_5717805,1,ulaw,A19
LA_E_5718176,1,alaw,A09
LA_E_5718678,1,gsm,A09
LA_E_5718799,1,ulaw,A11
LA_E_5719021,1,ulaw,A15
LA_E_5719404,1,none,A13
LA_E_5719674,1,gsm,A14
LA_E_5719769,1,gsm,A07
LA_E_5719831,1,none,A18
LA_E_5720006,1,alaw,A08
LA_E_5720027,1,alaw,A08
LA_E_5720089,1,none,A11
LA_E_5721148,1,pstn,A13
LA_E_5721377,1,opus,A15
LA_E_5721750,0,g722,bonafide
LA_E_5721833,1,ulaw,A12
LA_E_5722467,1,none,A11
LA_E_5723096,1,none,A10
LA_E_5723361,1,pstn,A18
LA_E_5723848,1,alaw,A18
LA_E_5724023,1,gsm,A19
LA_E_5724051,0,opus,bonafide
LA_E_5724430,1,pstn,A15
LA_E_5724624,0,gsm,bonafide
LA_E_5724898,1,alaw,A14
LA_E_5725314,1,none,A08
LA_E_5725977,1,opus,A17
LA_E_5727005,1,ulaw,A14
LA_E_5728023,1,ulaw,A18
LA_E_5728103,0,none,bonafide
LA_E_5728414,1,gsm,A08
LA_E_5728559,1,gsm,A11
LA_E_5728872,1,alaw,A12
LA_E_5729165,1,none,A11
LA_E_5729568,1,none,A11
LA_E_5729738,1,opus,A12
LA_E_5729778,1,ulaw,A14
LA_E_5729787,1,g722,A09
LA_E_5729843,1,gsm,A13
LA_E_5729897,1,alaw,A11
LA_E_5729961,1,ulaw,A09
LA_E_5730146,1,g722,A14
LA_E_5730347,0,alaw,bonafide
LA_E_5730964,1,none,A12
LA_E_5731130,1,opus,A10
LA_E_5731223,1,opus,A07
LA_E_5731495,1,opus,A16
LA_E_5731515,1,alaw,A10
LA_E_5732198,1,opus,A08
LA_E_5732279,1,none,A16
LA_E_5732395,1,gsm,A15
LA_E_5732409,1,opus,A11
LA_E_5732803,1,alaw,A13
LA_E_5732862,1,ulaw,A11
LA_E_5732970,1,gsm,A18
LA_E_5733004,1,none,A12
LA_E_5734025,1,alaw,A08
LA_E_5735094,1,ulaw,A18
LA_E_5735422,1,gsm,A10
LA_E_5735639,1,ulaw,A18
LA_E_5735668,1,alaw,A12
LA_E_5736558,1,none,A13
LA_E_5737412,1,opus,A11
LA_E_5737477,1,g722,A12
LA_E_5737672,1,gsm,A16
LA_E_5737851,1,alaw,A10
LA_E_5738437,1,ulaw,A11
LA_E_5738562,1,g722,A18
LA_E_5738634,1,gsm,A17
LA_E_5738669,1,pstn,A18
LA_E_5738761,1,g722,A12
LA_E_5739325,1,ulaw,A10
LA_E_5739341,1,opus,A12
LA_E_5739965,1,none,A10
LA_E_5740494,1,gsm,A16
LA_E_5741190,1,none,A16
LA_E_5741413,1,g722,A14
LA_E_5741761,1,none,A08
LA_E_5741961,1,ulaw,A19
LA_E_5742716,1,alaw,A17
LA_E_5743079,1,opus,A18
LA_E_5743409,1,g722,A07
LA_E_5743485,1,ulaw,A16
LA_E_5743712,1,g722,A19
LA_E_5744227,1,g722,A10
LA_E_5744311,1,opus,A16
LA_E_5744363,1,opus,A17
LA_E_5744950,1,gsm,A08
LA_E_5745095,1,ulaw,A07
LA_E_5745486,1,ulaw,A11
LA_E_5746072,1,g722,A13
LA_E_5746674,1,g722,A07
LA_E_5746758,0,alaw,bonafide
LA_E_5747369,1,ulaw,A09
LA_E_5747465,1,pstn,A16
LA_E_5747834,1,ulaw,A08
LA_E_5748619,1,pstn,A13
LA_E_5748843,1,opus,A11
LA_E_5748896,1,g722,A14
LA_E_5749058,1,none,A15
LA_E_5749301,1,ulaw,A14
LA_E_5749731,1,opus,A11
LA_E_5750007,1,gsm,A08
LA_E_5750117,1,gsm,A09
LA_E_5750203,1,none,A14
LA_E_5750536,1,gsm,A16
LA_E_5751268,1,gsm,A13
LA_E_5751670,1,g722,A10
LA_E_5752534,1,none,A07
LA_E_5752601,1,pstn,A13
LA_E_5753965,1,ulaw,A15
LA_E_5754407,1,opus,A12
LA_E_5754894,1,alaw,A11
LA_E_5755105,1,ulaw,A15
LA_E_5755205,1,g722,A11
LA_E_5755360,0,g722,bonafide
LA_E_5755840,1,ulaw,A08
LA_E_5755881,1,alaw,A13
LA_E_5755901,0,ulaw,bonafide
LA_E_5755978,1,none,A14
LA_E_5756101,1,ulaw,A18
LA_E_5756260,1,opus,A15
LA_E_5756586,1,pstn,A08
LA_E_5757026,1,alaw,A10
LA_E_5757229,1,gsm,A15
LA_E_5757388,1,alaw,A15
LA_E_5757628,1,opus,A11
LA_E_5757955,1,ulaw,A18
LA_E_5758071,1,gsm,A12
LA_E_5758324,1,opus,A19
LA_E_5758361,1,alaw,A10
LA_E_5758706,1,opus,A09
LA_E_5759282,1,ulaw,A11
LA_E_5759368,1,gsm,A13
LA_E_5759636,1,gsm,A11
LA_E_5759690,1,g722,A07
LA_E_5759779,0,ulaw,bonafide
LA_E_5760041,1,opus,A10
LA_E_5760191,1,none,A10
LA_E_5760308,1,alaw,A09
LA_E_5761221,1,pstn,A12
LA_E_5761554,1,ulaw,A12
LA_E_5761751,1,gsm,A09
LA_E_5762019,1,ulaw,A16
LA_E_5762420,1,gsm,A16
LA_E_5762943,1,opus,A14
LA_E_5763191,1,none,A15
LA_E_5763417,1,alaw,A14
LA_E_5763657,1,alaw,A08
LA_E_5763724,1,none,A07
LA_E_5763904,1,alaw,A08
LA_E_5763939,1,gsm,A09
LA_E_5764054,1,alaw,A14
LA_E_5764634,1,ulaw,A19
LA_E_5764639,1,pstn,A12
LA_E_5764791,1,opus,A10
LA_E_5765315,1,g722,A19
LA_E_5765418,1,gsm,A16
LA_E_5765471,1,g722,A13
LA_E_5765835,1,opus,A08
LA_E_5766161,1,alaw,A07
LA_E_5766495,1,g722,A18
LA_E_5766505,1,gsm,A11
LA_E_5766528,1,opus,A08
LA_E_5766705,1,opus,A17
LA_E_5767149,1,gsm,A08
LA_E_5767311,1,gsm,A15
LA_E_5767633,1,ulaw,A14
LA_E_5768093,1,gsm,A13
LA_E_5768988,1,none,A12
LA_E_5769438,1,opus,A09
LA_E_5769528,1,alaw,A14
LA_E_5769760,0,pstn,bonafide
LA_E_5769895,1,pstn,A16
LA_E_5770087,1,opus,A09
LA_E_5770090,1,alaw,A08
LA_E_5770305,1,opus,A09
LA_E_5770382,1,none,A09
LA_E_5770576,1,g722,A10
LA_E_5770617,1,alaw,A11
LA_E_5770972,1,opus,A17
LA_E_5771728,1,pstn,A13
LA_E_5772020,1,none,A17
LA_E_5772574,1,g722,A17
LA_E_5772673,1,gsm,A11
LA_E_5772756,0,gsm,bonafide
LA_E_5772816,1,opus,A18
LA_E_5773278,1,alaw,A13
LA_E_5773505,1,gsm,A19
LA_E_5773681,1,alaw,A08
LA_E_5773769,1,ulaw,A17
LA_E_5773887,1,opus,A14
LA_E_5773971,0,gsm,bonafide
LA_E_5774197,1,gsm,A16
LA_E_5774200,1,none,A12
LA_E_5774696,1,gsm,A12
LA_E_5775235,1,alaw,A19
LA_E_5775237,1,gsm,A16
LA_E_5775291,1,ulaw,A15
LA_E_5775622,1,gsm,A15
LA_E_5776247,1,ulaw,A18
LA_E_5776295,1,none,A09
LA_E_5776824,0,none,bonafide
LA_E_5777121,1,none,A11
LA_E_5778076,1,opus,A11
LA_E_5778367,1,none,A15
LA_E_5778800,1,alaw,A18
LA_E_5778832,1,gsm,A10
LA_E_5779123,1,opus,A10
LA_E_5779399,1,opus,A09
LA_E_5779439,1,ulaw,A08
LA_E_5780262,0,pstn,bonafide
LA_E_5780328,1,gsm,A15
LA_E_5780577,1,ulaw,A11
LA_E_5781271,1,g722,A08
LA_E_5781993,1,ulaw,A10
LA_E_5782267,1,g722,A18
LA_E_5782870,1,ulaw,A16
LA_E_5783233,1,opus,A11
LA_E_5783276,1,opus,A17
LA_E_5783695,1,alaw,A09
LA_E_5787570,1,alaw,A10
LA_E_5787711,1,gsm,A13
LA_E_5788739,1,opus,A11
LA_E_5788922,1,g722,A13
LA_E_5788988,1,ulaw,A10
LA_E_5789142,1,none,A07
LA_E_5789181,0,opus,bonafide
LA_E_5789987,1,opus,A11
LA_E_5790375,1,opus,A14
LA_E_5790517,1,alaw,A11
LA_E_5791001,1,none,A15
LA_E_5791262,1,g722,A15
LA_E_5791302,1,opus,A15
LA_E_5792195,1,opus,A14
LA_E_5792380,1,none,A08
LA_E_5793065,1,gsm,A12
LA_E_5793120,1,alaw,A18
LA_E_5793202,1,alaw,A15
LA_E_5793329,1,none,A19
LA_E_5793373,1,gsm,A17
LA_E_5793392,1,ulaw,A19
LA_E_5793821,1,g722,A09
LA_E_5793949,1,ulaw,A17
LA_E_5794073,1,opus,A17
LA_E_5794271,1,pstn,A08
LA_E_5794373,1,alaw,A09
LA_E_5794735,1,g722,A14
LA_E_5794805,1,gsm,A10
LA_E_5795043,1,ulaw,A10
LA_E_5795464,1,alaw,A11
LA_E_5795479,1,gsm,A19
LA_E_5795525,1,none,A15
LA_E_5796148,1,g722,A19
LA_E_5796538,1,alaw,A17
LA_E_5797061,1,ulaw,A11
LA_E_5797435,1,gsm,A11
LA_E_5797697,1,opus,A11
LA_E_5797790,0,gsm,bonafide
LA_E_5797851,1,none,A10
LA_E_5798666,1,gsm,A11
LA_E_5799021,1,gsm,A12
LA_E_5799119,0,pstn,bonafide
LA_E_5800152,1,none,A19
LA_E_5801131,1,ulaw,A18
LA_E_5801665,1,alaw,A17
LA_E_5801710,0,ulaw,bonafide
LA_E_5802223,1,gsm,A19
LA_E_5802998,1,pstn,A14
LA_E_5803288,1,opus,A09
LA_E_5803342,1,alaw,A07
LA_E_5803728,1,ulaw,A16
LA_E_5804050,1,ulaw,A14
LA_E_5804303,1,gsm,A11
LA_E_5804685,1,g722,A17
LA_E_5805209,1,opus,A13
LA_E_5805702,1,gsm,A08
LA_E_5805876,1,g722,A09
LA_E_5806117,1,opus,A13
LA_E_5806192,1,pstn,A08
LA_E_5806366,1,none,A07
LA_E_5806448,1,gsm,A08
LA_E_5809101,1,opus,A14
LA_E_5810236,1,gsm,A08
LA_E_5810923,1,g722,A14
LA_E_5811527,1,opus,A08
LA_E_5811570,1,none,A11
LA_E_5812226,1,ulaw,A15
LA_E_5812227,1,g722,A17
LA_E_5812250,1,alaw,A17
LA_E_5812629,1,alaw,A13
LA_E_5812633,1,alaw,A11
LA_E_5813004,1,opus,A10
LA_E_5813176,1,none,A14
LA_E_5813201,1,ulaw,A10
LA_E_5813218,1,ulaw,A08
LA_E_5813398,1,ulaw,A14
LA_E_5813680,0,alaw,bonafide
LA_E_5813719,1,none,A16
LA_E_5813864,1,alaw,A07
LA_E_5814526,1,pstn,A14
LA_E_5815413,1,ulaw,A19
LA_E_5815652,1,opus,A11
LA_E_5815789,0,pstn,bonafide
LA_E_5815993,1,opus,A17
LA_E_5816037,1,pstn,A07
LA_E_5816486,1,none,A09
LA_E_5816770,1,none,A13
LA_E_5817100,0,opus,bonafide
LA_E_5817118,0,none,bonafide
LA_E_5817310,1,alaw,A15
LA_E_5817417,1,alaw,A18
LA_E_5818041,1,pstn,A15
LA_E_5818200,1,pstn,A19
LA_E_5818433,1,pstn,A14
LA_E_5818797,1,none,A18
LA_E_5818860,1,opus,A16
LA_E_5819353,1,opus,A17
LA_E_5819420,1,ulaw,A17
LA_E_5820139,1,gsm,A11
LA_E_5820392,1,none,A19
LA_E_5820410,1,ulaw,A08
LA_E_5820652,1,ulaw,A19
LA_E_5820956,0,none,bonafide
LA_E_5821229,1,none,A16
LA_E_5821391,1,ulaw,A17
LA_E_5821496,1,g722,A17
LA_E_5821538,1,ulaw,A08
LA_E_5821875,1,pstn,A09
LA_E_5821974,1,ulaw,A11
LA_E_5822162,1,g722,A13
LA_E_5822178,1,opus,A15
LA_E_5822232,1,gsm,A10
LA_E_5822253,1,gsm,A18
LA_E_5822731,1,gsm,A19
LA_E_5822818,1,none,A14
LA_E_5822880,1,pstn,A07
LA_E_5823347,1,pstn,A07
LA_E_5823372,1,g722,A12
LA_E_5823389,1,opus,A15
LA_E_5823714,1,ulaw,A12
LA_E_5824130,1,none,A16
LA_E_5824135,1,opus,A08
LA_E_5824250,1,g722,A09
LA_E_5824697,1,ulaw,A07
LA_E_5824889,1,gsm,A11
LA_E_5824910,1,g722,A15
LA_E_5825037,1,opus,A17
LA_E_5825299,1,opus,A19
LA_E_5825867,1,ulaw,A12
LA_E_5826358,1,opus,A12
LA_E_5826453,0,opus,bonafide
LA_E_5826785,1,gsm,A18
LA_E_5827156,1,opus,A19
LA_E_5827210,1,gsm,A16
LA_E_5827564,1,alaw,A15
LA_E_5827756,1,none,A13
LA_E_5828021,1,none,A07
LA_E_5828133,1,none,A10
LA_E_5829209,1,gsm,A16
LA_E_5829581,1,ulaw,A12
LA_E_5830090,1,pstn,A10
LA_E_5830350,1,ulaw,A09
LA_E_5830939,1,g722,A11
LA_E_5831397,1,none,A19
LA_E_5831993,1,alaw,A08
LA_E_5832209,1,gsm,A08
LA_E_5832729,1,gsm,A12
LA_E_5832836,1,alaw,A19
LA_E_5832971,1,gsm,A10
LA_E_5834186,0,g722,bonafide
LA_E_5835022,1,g722,A09
LA_E_5835161,1,gsm,A10
LA_E_5835312,1,gsm,A09
LA_E_5835366,1,gsm,A18
LA_E_5836763,1,none,A09
LA_E_5836854,0,alaw,bonafide
LA_E_5837001,1,g722,A08
LA_E_5837256,1,opus,A14
LA_E_5837302,1,g722,A08
LA_E_5837669,1,pstn,A09
LA_E_5837760,1,gsm,A08
LA_E_5838348,1,pstn,A14
LA_E_5838375,1,g722,A09
LA_E_5839226,1,opus,A12
LA_E_5839624,1,gsm,A19
LA_E_5839766,1,g722,A16
LA_E_5839807,1,alaw,A09
LA_E_5840067,1,g722,A07
LA_E_5840228,1,g722,A15
LA_E_5841057,1,none,A17
LA_E_5841324,1,none,A08
LA_E_5841438,1,opus,A15
LA_E_5841706,1,alaw,A11
LA_E_5841743,1,none,A15
LA_E_5842667,1,alaw,A16
LA_E_5843532,1,none,A15
LA_E_5844029,1,alaw,A16
LA_E_5844100,1,none,A07
LA_E_5844316,0,g722,bonafide
LA_E_5844485,1,pstn,A15
LA_E_5846021,1,alaw,A18
LA_E_5846091,1,none,A19
LA_E_5846796,1,alaw,A19
LA_E_5847030,1,g722,A14
LA_E_5847415,1,opus,A14
LA_E_5847731,1,none,A10
LA_E_5848045,1,none,A13
LA_E_5848511,1,pstn,A19
LA_E_5848747,1,alaw,A19
LA_E_5848903,1,g722,A09
LA_E_5848978,1,ulaw,A14
LA_E_5849077,1,ulaw,A09
LA_E_5849195,1,pstn,A15
LA_E_5849409,1,gsm,A09
LA_E_5849624,0,g722,bonafide
LA_E_5849688,1,ulaw,A13
LA_E_5850523,1,pstn,A15
LA_E_5850581,1,gsm,A14
LA_E_5850770,0,none,bonafide
LA_E_5850775,1,opus,A09
LA_E_5850946,1,ulaw,A09
LA_E_5851013,1,gsm,A12
LA_E_5851408,1,none,A08
LA_E_5851661,1,alaw,A14
LA_E_5852456,1,ulaw,A10
LA_E_5852582,1,pstn,A09
LA_E_5852785,0,none,bonafide
LA_E_5852892,1,ulaw,A18
LA_E_5853407,1,alaw,A11
LA_E_5853453,1,opus,A19
LA_E_5853585,1,opus,A11
LA_E_5853794,0,alaw,bonafide
LA_E_5853926,1,pstn,A11
LA_E_5854268,1,opus,A15
LA_E_5854345,1,alaw,A14
LA_E_5854383,1,ulaw,A09
LA_E_5854968,0,ulaw,bonafide
LA_E_5855157,1,alaw,A16
LA_E_5855349,0,gsm,bonafide
LA_E_5855487,1,opus,A12
LA_E_5855785,1,alaw,A14
LA_E_5856930,0,gsm,bonafide
LA_E_5857022,1,g722,A09
LA_E_5857114,1,pstn,A12
LA_E_5857766,1,g722,A19
LA_E_5857822,1,ulaw,A16
LA_E_5858178,1,pstn,A07
LA_E_5858296,1,none,A08
LA_E_5858314,1,gsm,A13
LA_E_5858829,1,gsm,A13
LA_E_5859592,1,pstn,A09
LA_E_5859844,1,gsm,A13
LA_E_5859893,1,gsm,A09
LA_E_5859927,1,ulaw,A15
LA_E_5860018,1,alaw,A16
LA_E_5860171,1,opus,A09
LA_E_5860267,1,pstn,A16
LA_E_5860863,1,none,A16
LA_E_5860896,1,alaw,A16
LA_E_5861053,1,opus,A17
LA_E_5861090,1,none,A07
LA_E_5862388,1,gsm,A07
LA_E_5862417,1,pstn,A17
LA_E_5863333,1,alaw,A09
LA_E_5863517,1,ulaw,A16
LA_E_5863554,1,g722,A15
LA_E_5864315,1,alaw,A19
LA_E_5864555,1,g722,A07
LA_E_5864654,0,ulaw,bonafide
LA_E_5864658,1,ulaw,A08
LA_E_5864708,1,alaw,A17
LA_E_5864949,0,ulaw,bonafide
LA_E_5865010,1,ulaw,A07
LA_E_5865086,1,ulaw,A15
LA_E_5865151,1,g722,A10
LA_E_5865185,0,gsm,bonafide
LA_E_5865605,0,ulaw,bonafide
LA_E_5865684,1,gsm,A18
LA_E_5865849,1,pstn,A07
LA_E_5866133,1,opus,A16
LA_E_5866181,1,none,A10
LA_E_5866199,1,none,A08
LA_E_5866601,1,alaw,A16
LA_E_5867320,1,opus,A11
LA_E_5867349,1,alaw,A17
LA_E_5867888,1,opus,A15
LA_E_5868244,1,pstn,A16
LA_E_5868540,1,gsm,A19
LA_E_5868872,0,none,bonafide
LA_E_5869003,1,ulaw,A15
LA_E_5869055,1,ulaw,A18
LA_E_5869138,1,alaw,A15
LA_E_5869494,1,opus,A16
LA_E_5869623,1,pstn,A10
LA_E_5869663,1,none,A07
LA_E_5869765,1,gsm,A18
LA_E_5869908,1,none,A15
LA_E_5870111,1,ulaw,A18
LA_E_5870761,1,none,A14
LA_E_5871359,1,g722,A15
LA_E_5871397,1,opus,A15
LA_E_5871414,1,alaw,A19
LA_E_5871458,1,none,A19
LA_E_5871578,1,ulaw,A14
LA_E_5871759,1,opus,A13
LA_E_5872042,1,none,A07
LA_E_5872667,1,none,A10
LA_E_5872762,1,pstn,A15
LA_E_5872870,0,pstn,bonafide
LA_E_5873269,1,opus,A13
LA_E_5873445,1,opus,A19
LA_E_5873467,1,ulaw,A13
LA_E_5873627,1,none,A18
LA_E_5873856,1,none,A13
LA_E_5874419,1,opus,A12
LA_E_5874717,1,none,A08
LA_E_5874724,1,opus,A16
LA_E_5875743,1,opus,A10
LA_E_5875953,1,alaw,A19
LA_E_5876774,1,opus,A09
LA_E_5876964,1,none,A19
LA_E_5877726,0,opus,bonafide
LA_E_5878143,1,gsm,A12
LA_E_5878597,1,pstn,A12
LA_E_5879009,1,gsm,A12
LA_E_5879495,1,alaw,A13
LA_E_5879863,1,pstn,A18
LA_E_5879898,1,ulaw,A07
LA_E_5880161,1,none,A15
LA_E_5880259,1,pstn,A18
LA_E_5880334,1,gsm,A15
LA_E_5880764,0,ulaw,bonafide
LA_E_5880888,1,none,A18
LA_E_5881174,1,none,A19
LA_E_5882146,1,gsm,A14
LA_E_5882367,1,none,A08
LA_E_5882422,1,none,A12
LA_E_5882853,1,opus,A12
LA_E_5882885,1,none,A07
LA_E_5883013,1,gsm,A13
LA_E_5883302,1,gsm,A09
LA_E_5883355,1,opus,A08
LA_E_5883470,1,none,A16
LA_E_5883528,1,opus,A17
LA_E_5883842,1,ulaw,A19
LA_E_5883872,1,g722,A14
LA_E_5884017,1,gsm,A19
LA_E_5884230,1,pstn,A16
LA_E_5884393,1,none,A11
LA_E_5885002,1,ulaw,A10
LA_E_5887110,1,alaw,A08
LA_E_5887183,1,pstn,A18
LA_E_5887214,1,g722,A19
LA_E_5887469,1,pstn,A17
LA_E_5887485,0,ulaw,bonafide
LA_E_5887592,0,pstn,bonafide
LA_E_5888239,1,pstn,A18
LA_E_5888519,1,g722,A07
LA_E_5888917,1,pstn,A17
LA_E_5889348,1,none,A10
LA_E_5889801,1,ulaw,A09
LA_E_5890096,1,none,A12
LA_E_5890857,1,gsm,A07
LA_E_5891184,1,ulaw,A10
LA_E_5891908,1,g722,A16
LA_E_5892660,1,gsm,A12
LA_E_5892725,1,none,A15
LA_E_5892817,1,opus,A07
LA_E_5892822,1,pstn,A14
LA_E_5892848,1,none,A15
LA_E_5893106,1,gsm,A17
LA_E_5893585,1,opus,A07
LA_E_5893777,1,pstn,A16
LA_E_5893919,1,ulaw,A14
LA_E_5893941,1,ulaw,A09
LA_E_5894205,1,gsm,A17
LA_E_5894549,1,ulaw,A11
LA_E_5894679,1,alaw,A15
LA_E_5894703,0,none,bonafide
LA_E_5894795,1,g722,A09
LA_E_5895194,1,ulaw,A16
LA_E_5895755,1,alaw,A12
LA_E_5895801,0,opus,bonafide
LA_E_5896178,1,gsm,A14
LA_E_5896365,1,ulaw,A07
LA_E_5896460,0,opus,bonafide
LA_E_5896531,1,ulaw,A17
LA_E_5896779,1,opus,A09
LA_E_5897075,0,none,bonafide
LA_E_5897253,1,pstn,A11
LA_E_5897304,1,g722,A08
LA_E_5897341,1,pstn,A11
LA_E_5897413,1,gsm,A15
LA_E_5897584,1,ulaw,A15
LA_E_5898453,1,ulaw,A12
LA_E_5898706,1,gsm,A16
LA_E_5898785,1,g722,A10
LA_E_5899151,1,ulaw,A11
LA_E_5899188,0,none,bonafide
LA_E_5899192,1,none,A19
LA_E_5899283,1,gsm,A08
LA_E_5900032,1,alaw,A15
LA_E_5900418,1,opus,A14
LA_E_5900764,1,pstn,A18
LA_E_5901430,0,gsm,bonafide
LA_E_5902303,1,opus,A12
LA_E_5902319,1,opus,A07
LA_E_5902514,0,alaw,bonafide
LA_E_5902559,1,opus,A08
LA_E_5903246,1,alaw,A15
LA_E_5903304,1,opus,A13
LA_E_5903704,1,g722,A19
LA_E_5903872,1,alaw,A15
LA_E_5903988,1,ulaw,A13
LA_E_5904447,1,opus,A19
LA_E_5904775,1,gsm,A07
LA_E_5905002,1,pstn,A18
LA_E_5905734,1,ulaw,A16
LA_E_5905879,1,pstn,A11
LA_E_5906499,1,pstn,A15
LA_E_5906504,1,opus,A13
LA_E_5906682,1,pstn,A18
LA_E_5907145,1,pstn,A17
LA_E_5907217,1,g722,A19
LA_E_5907791,1,g722,A13
LA_E_5908770,1,alaw,A14
LA_E_5908949,1,pstn,A14
LA_E_5909644,0,pstn,bonafide
LA_E_5909813,1,gsm,A08
LA_E_5909905,1,ulaw,A11
LA_E_5910186,1,pstn,A15
LA_E_5910493,1,g722,A11
LA_E_5910941,1,alaw,A17
LA_E_5911630,1,ulaw,A14
LA_E_5911764,1,gsm,A18
LA_E_5911920,1,pstn,A14
LA_E_5911976,1,opus,A14
LA_E_5912008,1,none,A18
LA_E_5912050,1,gsm,A15
LA_E_5912304,1,pstn,A12
LA_E_5912684,1,alaw,A11
LA_E_5912847,1,none,A09
LA_E_5912868,1,gsm,A17
LA_E_5913007,1,none,A07
LA_E_5913140,1,g722,A19
LA_E_5913769,1,pstn,A15
LA_E_5913790,1,gsm,A18
LA_E_5914502,1,alaw,A07
LA_E_5914732,1,ulaw,A17
LA_E_5915623,1,pstn,A15
LA_E_5916296,1,g722,A09
LA_E_5916911,1,g722,A15
LA_E_5916966,0,g722,bonafide
LA_E_5917109,1,gsm,A17
LA_E_5917285,1,pstn,A19
LA_E_5917879,0,ulaw,bonafide
LA_E_5918024,1,none,A11
LA_E_5918257,1,alaw,A10
LA_E_5918511,1,g722,A10
LA_E_5918882,0,pstn,bonafide
LA_E_5919202,1,alaw,A13
LA_E_5919277,1,ulaw,A18
LA_E_5919289,1,ulaw,A17
LA_E_5920392,1,ulaw,A08
LA_E_5920523,0,pstn,bonafide
LA_E_5920656,1,pstn,A08
LA_E_5920962,1,g722,A11
LA_E_5921556,0,gsm,bonafide
LA_E_5921694,1,none,A19
LA_E_5921798,1,none,A09
LA_E_5921950,1,none,A19
LA_E_5922065,1,none,A07
LA_E_5922261,1,gsm,A19
LA_E_5922588,1,none,A14
LA_E_5923662,1,g722,A19
LA_E_5923720,1,g722,A09
LA_E_5924014,1,opus,A12
LA_E_5924462,0,none,bonafide
LA_E_5925154,1,opus,A14
LA_E_5926020,1,ulaw,A12
LA_E_5926151,1,opus,A11
LA_E_5926239,1,pstn,A12
LA_E_5926309,1,none,A08
LA_E_5926439,1,g722,A14
LA_E_5926660,1,ulaw,A13
LA_E_5926734,1,g722,A07
LA_E_5927380,1,g722,A16
LA_E_5927437,1,none,A10
LA_E_5927763,0,ulaw,bonafide
LA_E_5927899,1,gsm,A11
LA_E_5927974,1,ulaw,A10
LA_E_5928171,1,g722,A14
LA_E_5928275,1,ulaw,A07
LA_E_5928445,1,ulaw,A08
LA_E_5928590,1,ulaw,A16
LA_E_5928703,1,none,A11
LA_E_5928714,1,pstn,A07
LA_E_5928823,1,none,A12
LA_E_5928879,1,pstn,A07
LA_E_5929374,1,g722,A18
LA_E_5929467,1,alaw,A08
LA_E_5929728,1,g722,A15
LA_E_5930013,1,opus,A16
LA_E_5930017,1,none,A15
LA_E_5930501,1,pstn,A10
LA_E_5930572,1,none,A17
LA_E_5930688,1,pstn,A15
LA_E_5931099,1,alaw,A15
LA_E_5931218,1,ulaw,A12
LA_E_5931595,1,opus,A12
LA_E_5931674,1,ulaw,A07
LA_E_5932133,1,alaw,A16
LA_E_5932191,1,none,A17
LA_E_5932293,1,opus,A08
LA_E_5932464,1,ulaw,A18
LA_E_5932795,1,none,A16
LA_E_5933507,1,pstn,A12
LA_E_5933693,1,gsm,A09
LA_E_5933815,1,gsm,A16
LA_E_5933957,1,opus,A15
LA_E_5934100,1,g722,A07
LA_E_5934388,1,ulaw,A17
LA_E_5934719,1,ulaw,A09
LA_E_5934946,1,pstn,A17
LA_E_5935020,1,pstn,A18
LA_E_5935676,0,none,bonafide
LA_E_5936251,0,opus,bonafide
LA_E_5936750,1,g722,A15
LA_E_5936881,1,none,A12
LA_E_5937608,1,opus,A19
LA_E_5938169,1,opus,A08
LA_E_5938381,0,gsm,bonafide
LA_E_5938967,1,none,A07
LA_E_5939405,0,alaw,bonafide
LA_E_5939766,1,ulaw,A07
LA_E_5939892,1,opus,A19
LA_E_5940045,1,g722,A11
LA_E_5940237,1,gsm,A19
LA_E_5940274,1,pstn,A07
LA_E_5940355,1,g722,A16
LA_E_5940742,1,pstn,A10
LA_E_5940917,1,ulaw,A18
LA_E_5941029,1,ulaw,A13
LA_E_5941711,1,opus,A19
LA_E_5941951,1,none,A19
LA_E_5941988,1,none,A12
LA_E_5942709,1,none,A15
LA_E_5942762,1,alaw,A19
LA_E_5942889,1,opus,A17
LA_E_5943678,1,pstn,A11
LA_E_5944328,1,ulaw,A13
LA_E_5944462,1,g722,A11
LA_E_5944550,1,g722,A13
LA_E_5944962,1,none,A17
LA_E_5945021,1,none,A17
LA_E_5945268,1,gsm,A14
LA_E_5946129,1,ulaw,A13
LA_E_5946356,1,pstn,A15
LA_E_5946535,1,gsm,A17
LA_E_5947752,1,opus,A13
LA_E_5947757,1,opus,A17
LA_E_5948246,1,gsm,A16
LA_E_5949601,1,none,A10
LA_E_5950056,1,alaw,A12
LA_E_5950071,1,pstn,A14
LA_E_5950860,1,ulaw,A15
LA_E_5951177,1,gsm,A07
LA_E_5951600,0,none,bonafide
LA_E_5951665,0,opus,bonafide
LA_E_5951680,1,pstn,A08
LA_E_5951914,1,ulaw,A11
LA_E_5951951,1,pstn,A12
LA_E_5952431,1,alaw,A11
LA_E_5952848,1,alaw,A09
LA_E_5952902,1,g722,A17
LA_E_5953288,1,alaw,A13
LA_E_5954225,1,ulaw,A08
LA_E_5954480,1,pstn,A13
LA_E_5954698,1,pstn,A13
LA_E_5955026,1,ulaw,A15
LA_E_5955098,1,pstn,A19
LA_E_5955144,1,opus,A09
LA_E_5955471,1,gsm,A14
LA_E_5956777,1,alaw,A13
LA_E_5956914,1,none,A10
LA_E_5957004,0,gsm,bonafide
LA_E_5957211,1,g722,A13
LA_E_5957268,1,none,A11
LA_E_5957269,1,alaw,A15
LA_E_5957328,1,ulaw,A17
LA_E_5957416,1,opus,A09
LA_E_5958168,1,gsm,A07
LA_E_5958659,1,none,A08
LA_E_5958764,0,opus,bonafide
LA_E_5959518,1,alaw,A18
LA_E_5959650,1,gsm,A07
LA_E_5959678,1,gsm,A13
LA_E_5959808,0,opus,bonafide
LA_E_5960072,1,none,A09
LA_E_5960147,1,g722,A14
LA_E_5960356,1,none,A08
LA_E_5960683,1,alaw,A11
LA_E_5960883,1,g722,A17
LA_E_5961135,1,g722,A10
LA_E_5961534,1,pstn,A17
LA_E_5961705,1,pstn,A18
LA_E_5962233,1,g722,A11
LA_E_5962315,1,gsm,A14
LA_E_5962334,1,gsm,A13
LA_E_5962476,1,opus,A17
LA_E_5962503,1,ulaw,A19
LA_E_5963056,1,g722,A08
LA_E_5963153,1,alaw,A16
LA_E_5964103,1,alaw,A11
LA_E_5964385,1,ulaw,A12
LA_E_5964465,1,alaw,A08
LA_E_5964545,1,gsm,A07
LA_E_5964593,0,ulaw,bonafide
LA_E_5964846,0,ulaw,bonafide
LA_E_5965028,1,pstn,A17
LA_E_5965680,1,gsm,A17
LA_E_5965682,1,ulaw,A17
LA_E_5965878,0,alaw,bonafide
LA_E_5965906,1,gsm,A14
LA_E_5965959,0,g722,bonafide
LA_E_5965986,1,ulaw,A19
LA_E_5966139,1,ulaw,A07
LA_E_5966467,1,alaw,A08
LA_E_5966548,0,none,bonafide
LA_E_5966770,1,none,A09
LA_E_5966797,1,g722,A15
LA_E_5966830,1,g722,A15
LA_E_5967207,1,gsm,A11
LA_E_5967612,1,pstn,A13
LA_E_5967710,1,pstn,A18
LA_E_5967949,1,ulaw,A12
LA_E_5968678,1,none,A09
LA_E_5968847,1,none,A08
LA_E_5969176,1,ulaw,A19
LA_E_5969641,1,gsm,A19
LA_E_5969701,1,alaw,A19
LA_E_5970422,1,alaw,A18
LA_E_5970448,0,ulaw,bonafide
LA_E_5970515,1,g722,A08
LA_E_5970616,1,alaw,A11
LA_E_5970900,1,gsm,A10
LA_E_5971268,0,ulaw,bonafide
LA_E_5971468,1,none,A17
LA_E_5971735,0,pstn,bonafide
LA_E_5972396,1,ulaw,A18
LA_E_5973189,1,pstn,A15
LA_E_5974007,1,g722,A19
LA_E_5974043,1,pstn,A11
LA_E_5974208,1,none,A07
LA_E_5974992,1,pstn,A11
LA_E_5975435,1,none,A08
LA_E_5975526,1,alaw,A08
LA_E_5975626,1,ulaw,A14
LA_E_5975765,1,gsm,A15
LA_E_5976072,0,gsm,bonafide
LA_E_5976093,0,opus,bonafide
LA_E_5976244,0,pstn,bonafide
LA_E_5976626,1,none,A09
LA_E_5976798,1,opus,A17
LA_E_5977259,1,none,A10
LA_E_5977361,1,alaw,A12
LA_E_5977866,1,gsm,A12
LA_E_5978966,1,opus,A09
LA_E_5979441,1,none,A17
LA_E_5979451,1,ulaw,A11
LA_E_5979482,1,alaw,A16
LA_E_5979815,1,pstn,A19
LA_E_5979843,1,g722,A17
LA_E_5979941,1,gsm,A17
LA_E_5980112,1,g722,A15
LA_E_5980218,1,gsm,A11
LA_E_5980294,1,pstn,A07
LA_E_5980451,1,g722,A08
LA_E_5981539,1,gsm,A18
LA_E_5982479,1,opus,A18
LA_E_5983050,1,pstn,A10
LA_E_5983366,1,opus,A12
LA_E_5983472,1,gsm,A18
LA_E_5984045,1,alaw,A18
LA_E_5984334,1,opus,A17
LA_E_5984654,1,gsm,A09
LA_E_5984703,1,alaw,A07
LA_E_5984823,1,alaw,A12
LA_E_5984906,1,none,A10
LA_E_5985031,1,opus,A10
LA_E_5985433,1,alaw,A16
LA_E_5985713,1,pstn,A18
LA_E_5985881,1,ulaw,A17
LA_E_5986009,1,g722,A07
LA_E_5986089,1,opus,A10
LA_E_5986714,1,alaw,A07
LA_E_5987271,1,g722,A17
LA_E_5988174,0,g722,bonafide
LA_E_5988233,1,gsm,A14
LA_E_5988660,1,none,A17
LA_E_5988665,1,alaw,A08
LA_E_5988748,0,ulaw,bonafide
LA_E_5989045,1,none,A10
LA_E_5989085,1,pstn,A14
LA_E_5989181,1,opus,A18
LA_E_5989231,1,gsm,A15
LA_E_5989252,1,alaw,A11
LA_E_5989521,0,ulaw,bonafide
LA_E_5989758,1,alaw,A19
LA_E_5990245,1,g722,A08
LA_E_5990727,1,ulaw,A09
LA_E_5990898,0,alaw,bonafide
LA_E_5991325,0,none,bonafide
LA_E_5991360,1,ulaw,A17
LA_E_5991386,1,gsm,A09
LA_E_5991406,1,none,A10
LA_E_5991512,1,none,A09
LA_E_5992342,1,none,A08
LA_E_5992622,1,none,A07
LA_E_5993535,1,alaw,A11
LA_E_5993571,1,opus,A16
LA_E_5993584,1,g722,A19
LA_E_5993820,0,none,bonafide
LA_E_5993840,1,ulaw,A10
LA_E_5994391,1,none,A11
LA_E_5994434,1,pstn,A14
LA_E_5994532,1,g722,A18
LA_E_5995097,1,g722,A10
LA_E_5995449,1,pstn,A12
LA_E_5995863,1,pstn,A17
LA_E_5996457,1,g722,A07
LA_E_5996518,1,pstn,A18
LA_E_5997201,1,g722,A12
LA_E_5997289,1,gsm,A10
LA_E_5997305,1,g722,A15
LA_E_5997468,1,ulaw,A11
LA_E_5997654,1,ulaw,A15
LA_E_5997905,0,gsm,bonafide
LA_E_5998561,1,alaw,A15
LA_E_5998710,1,ulaw,A11
LA_E_5998721,1,ulaw,A14
LA_E_5999025,1,opus,A12
LA_E_5999040,0,g722,bonafide
LA_E_5999472,1,ulaw,A08
LA_E_5999475,1,pstn,A13
LA_E_5999590,0,none,bonafide
LA_E_5999936,0,ulaw,bonafide
LA_E_6000651,1,g722,A19
LA_E_6000746,1,ulaw,A11
LA_E_6000779,1,g722,A13
LA_E_6002573,1,ulaw,A13
LA_E_6003098,1,g722,A09
LA_E_6003412,1,none,A16
LA_E_6004131,1,g722,A11
LA_E_6004190,1,opus,A17
LA_E_6004574,1,alaw,A14
LA_E_6004585,1,ulaw,A14
LA_E_6004923,1,pstn,A18
LA_E_6004960,1,pstn,A18
LA_E_6005315,1,none,A19
LA_E_6005345,1,gsm,A13
LA_E_6005409,0,opus,bonafide
LA_E_6005918,1,none,A12
LA_E_6006009,1,gsm,A17
LA_E_6006251,1,gsm,A13
LA_E_6006268,1,ulaw,A09
LA_E_6006740,1,opus,A11
LA_E_6006893,1,gsm,A15
LA_E_6007593,1,alaw,A12
LA_E_6007675,1,pstn,A12
LA_E_6008860,1,none,A16
LA_E_6009378,1,g722,A10
LA_E_6009559,1,pstn,A19
LA_E_6009596,1,ulaw,A10
LA_E_6009893,1,ulaw,A12
LA_E_6010074,1,alaw,A19
LA_E_6010363,0,opus,bonafide
LA_E_6010377,1,alaw,A13
LA_E_6011132,1,gsm,A12
LA_E_6011561,1,pstn,A10
LA_E_6011892,0,opus,bonafide
LA_E_6011923,1,gsm,A07
LA_E_6012261,1,alaw,A07
LA_E_6012267,1,none,A13
LA_E_6012455,0,g722,bonafide
LA_E_6013184,0,gsm,bonafide
LA_E_6013568,1,gsm,A15
LA_E_6014505,0,gsm,bonafide
LA_E_6014921,1,g722,A18
LA_E_6014946,1,ulaw,A13
LA_E_6015054,1,pstn,A12
LA_E_6015378,1,none,A13
LA_E_6017682,1,gsm,A16
LA_E_6018083,1,opus,A14
LA_E_6018112,1,none,A17
LA_E_6018978,1,g722,A16
LA_E_6019201,1,alaw,A10
LA_E_6019797,0,pstn,bonafide
LA_E_6020011,1,ulaw,A11
LA_E_6020132,1,alaw,A17
LA_E_6020294,1,gsm,A14
LA_E_6020542,1,pstn,A18
LA_E_6020614,1,pstn,A10
LA_E_6020914,1,none,A17
LA_E_6021071,1,none,A18
LA_E_6021219,1,alaw,A13
LA_E_6021582,1,g722,A19
LA_E_6022016,1,pstn,A08
LA_E_6022033,1,g722,A14
LA_E_6022166,1,opus,A15
LA_E_6022346,1,g722,A18
LA_E_6022508,1,none,A08
LA_E_6022558,1,opus,A12
LA_E_6022923,1,ulaw,A17
LA_E_6023085,0,gsm,bonafide
LA_E_6023358,1,none,A12
LA_E_6023429,1,gsm,A16
LA_E_6023432,1,gsm,A12
LA_E_6023461,1,opus,A13
LA_E_6023745,0,opus,bonafide
LA_E_6024256,1,none,A12
LA_E_6024834,1,opus,A17
LA_E_6024838,1,ulaw,A14
LA_E_6024962,1,gsm,A16
LA_E_6025132,1,pstn,A08
LA_E_6025196,1,opus,A11
LA_E_6026442,1,ulaw,A15
LA_E_6026594,1,alaw,A19
LA_E_6026883,1,pstn,A10
LA_E_6027210,1,g722,A08
LA_E_6027286,1,alaw,A08
LA_E_6027368,1,alaw,A18
LA_E_6027401,0,pstn,bonafide
LA_E_6027483,1,g722,A13
LA_E_6027873,1,pstn,A09
LA_E_6027940,1,alaw,A16
LA_E_6028276,1,gsm,A09
LA_E_6028300,1,opus,A08
LA_E_6028543,1,opus,A12
LA_E_6029833,1,pstn,A12
LA_E_6030022,1,none,A10
LA_E_6030359,1,none,A07
LA_E_6030486,1,opus,A15
LA_E_6030787,1,ulaw,A07
LA_E_6030891,1,g722,A19
LA_E_6031481,1,opus,A17
LA_E_6031510,1,ulaw,A12
LA_E_6031663,1,pstn,A08
LA_E_6031798,1,opus,A12
LA_E_6032300,1,none,A16
LA_E_6032880,1,none,A12
LA_E_6032959,1,g722,A17
LA_E_6033208,0,none,bonafide
LA_E_6033253,1,alaw,A17
LA_E_6033427,1,ulaw,A18
LA_E_6033506,1,pstn,A13
LA_E_6033513,1,ulaw,A08
LA_E_6033804,1,pstn,A18
LA_E_6034035,1,gsm,A13
LA_E_6034591,0,ulaw,bonafide
LA_E_6034695,1,opus,A14
LA_E_6035056,1,alaw,A16
LA_E_6036031,1,none,A07
LA_E_6036048,1,alaw,A11
LA_E_6036137,1,alaw,A14
LA_E_6036167,1,g722,A14
LA_E_6036396,1,pstn,A08
LA_E_6036435,1,none,A13
LA_E_6036918,0,none,bonafide
LA_E_6037278,1,none,A16
LA_E_6037573,1,opus,A15
LA_E_6037931,0,opus,bonafide
LA_E_6038572,1,ulaw,A19
LA_E_6038594,1,none,A16
LA_E_6038731,1,opus,A17
LA_E_6038831,1,pstn,A18
LA_E_6038979,1,none,A15
LA_E_6038995,1,gsm,A15
LA_E_6039001,1,pstn,A19
LA_E_6039242,1,g722,A08
LA_E_6039492,1,pstn,A09
LA_E_6039503,1,opus,A13
LA_E_6041203,1,pstn,A19
LA_E_6041306,1,g722,A14
LA_E_6041318,1,pstn,A13
LA_E_6041361,0,none,bonafide
LA_E_6041385,1,none,A08
LA_E_6041653,1,none,A09
LA_E_6041727,1,gsm,A07
LA_E_6042271,1,ulaw,A07
LA_E_6042683,1,alaw,A17
LA_E_6042814,1,opus,A10
LA_E_6043865,1,none,A12
LA_E_6043896,1,alaw,A10
LA_E_6044520,1,gsm,A12
LA_E_6044583,0,ulaw,bonafide
LA_E_6045000,1,none,A09
LA_E_6045128,0,gsm,bonafide
LA_E_6045594,1,alaw,A18
LA_E_6045689,1,ulaw,A14
LA_E_6045954,1,gsm,A11
LA_E_6046853,1,g722,A16
LA_E_6047047,1,ulaw,A11
LA_E_6047372,1,none,A11
LA_E_6047650,1,opus,A19
LA_E_6047936,1,gsm,A17
LA_E_6048219,0,alaw,bonafide
LA_E_6048243,1,opus,A16
LA_E_6048267,1,opus,A12
LA_E_6048360,1,opus,A07
LA_E_6048668,1,none,A12
LA_E_6049445,1,opus,A10
LA_E_6049559,1,g722,A15
LA_E_6049769,1,opus,A17
LA_E_6049895,1,alaw,A13
LA_E_6050291,1,pstn,A10
LA_E_6050561,1,alaw,A14
LA_E_6050710,1,pstn,A14
LA_E_6050744,0,pstn,bonafide
LA_E_6051046,1,g722,A17
LA_E_6051574,1,ulaw,A08
LA_E_6051627,1,g722,A19
LA_E_6052067,1,pstn,A09
LA_E_6052128,0,ulaw,bonafide
LA_E_6053582,1,none,A17
LA_E_6053647,1,g722,A11
LA_E_6053849,0,alaw,bonafide
LA_E_6054096,0,none,bonafide
LA_E_6054119,1,alaw,A17
LA_E_6054187,1,ulaw,A14
LA_E_6054392,1,ulaw,A08
LA_E_6054526,1,pstn,A10
LA_E_6054601,1,opus,A17
LA_E_6055137,1,g722,A08
LA_E_6055390,0,none,bonafide
LA_E_6055573,1,alaw,A09
LA_E_6056082,1,gsm,A13
LA_E_6056251,0,ulaw,bonafide
LA_E_6056344,1,g722,A13
LA_E_6056604,1,g722,A07
LA_E_6056809,1,g722,A16
LA_E_6057150,0,opus,bonafide
LA_E_6057178,1,alaw,A11
LA_E_6057352,1,alaw,A14
LA_E_6057364,1,ulaw,A10
LA_E_6058833,1,ulaw,A19
LA_E_6058846,1,gsm,A13
LA_E_6059291,1,g722,A07
LA_E_6059368,1,alaw,A15
LA_E_6059540,1,g722,A17
LA_E_6060199,1,gsm,A14
LA_E_6060482,1,gsm,A15
LA_E_6060546,1,alaw,A12
LA_E_6061568,0,gsm,bonafide
LA_E_6061646,1,gsm,A14
LA_E_6061991,1,g722,A18
LA_E_6062478,1,gsm,A11
LA_E_6062526,0,none,bonafide
LA_E_6062565,1,g722,A14
LA_E_6063114,1,pstn,A13
LA_E_6063711,0,pstn,bonafide
LA_E_6064236,1,alaw,A09
LA_E_6064348,1,pstn,A18
LA_E_6064840,1,g722,A12
LA_E_6065496,1,ulaw,A10
LA_E_6065671,1,none,A12
LA_E_6065753,1,alaw,A13
LA_E_6066299,1,pstn,A18
LA_E_6066763,1,pstn,A10
LA_E_6066936,1,none,A14
LA_E_6067933,1,g722,A13
LA_E_6068480,1,ulaw,A18
LA_E_6068507,1,none,A15
LA_E_6068609,1,opus,A15
LA_E_6068654,1,gsm,A18
LA_E_6068761,1,none,A16
LA_E_6069153,1,pstn,A11
LA_E_6069544,1,gsm,A17
LA_E_6069770,1,opus,A13
LA_E_6070602,1,ulaw,A07
LA_E_6070787,1,none,A16
LA_E_6070870,0,gsm,bonafide
LA_E_6070900,1,ulaw,A17
LA_E_6071136,1,alaw,A14
LA_E_6071674,1,g722,A14
LA_E_6071861,1,none,A18
LA_E_6072447,1,opus,A07
LA_E_6072464,1,g722,A16
LA_E_6072503,0,gsm,bonafide
LA_E_6072507,1,g722,A10
LA_E_6072563,1,g722,A15
LA_E_6072568,1,g722,A19
LA_E_6072684,1,opus,A09
LA_E_6072856,1,none,A19
LA_E_6072935,1,pstn,A19
LA_E_6073048,1,pstn,A15
LA_E_6073238,1,gsm,A08
LA_E_6074237,1,alaw,A12
LA_E_6074380,1,pstn,A10
LA_E_6075002,1,none,A09
LA_E_6075023,0,ulaw,bonafide
LA_E_6075061,1,alaw,A09
LA_E_6075121,1,ulaw,A14
LA_E_6075212,1,gsm,A09
LA_E_6076100,1,pstn,A18
LA_E_6076135,0,g722,bonafide
LA_E_6076231,0,alaw,bonafide
LA_E_6077423,1,gsm,A13
LA_E_6077576,0,none,bonafide
LA_E_6077655,1,none,A13
LA_E_6077708,0,ulaw,bonafide
LA_E_6077733,1,gsm,A11
LA_E_6077759,1,alaw,A12
LA_E_6077798,1,none,A19
LA_E_6077845,1,opus,A18
LA_E_6079121,1,none,A13
LA_E_6079381,1,alaw,A17
LA_E_6079725,1,opus,A13
LA_E_6080286,1,pstn,A14
LA_E_6080383,0,g722,bonafide
LA_E_6080572,1,g722,A08
LA_E_6080875,1,alaw,A15
LA_E_6081137,1,none,A14
LA_E_6081214,0,gsm,bonafide
LA_E_6081238,1,g722,A17
LA_E_6081425,1,none,A08
LA_E_6082455,1,pstn,A12
LA_E_6083022,1,none,A08
LA_E_6083718,1,opus,A12
LA_E_6084071,1,g722,A11
LA_E_6084233,1,ulaw,A14
LA_E_6084335,1,g722,A19
LA_E_6084414,1,gsm,A19
LA_E_6085084,1,none,A10
LA_E_6085454,1,pstn,A16
LA_E_6085579,1,ulaw,A12
LA_E_6085762,1,none,A12
LA_E_6086148,1,g722,A17
LA_E_6086298,1,g722,A15
LA_E_6086420,1,g722,A11
LA_E_6086828,0,pstn,bonafide
LA_E_6086834,1,alaw,A14
LA_E_6086896,1,opus,A17
LA_E_6087264,1,alaw,A18
LA_E_6087339,1,gsm,A19
LA_E_6087435,1,opus,A09
LA_E_6088186,1,gsm,A11
LA_E_6088317,1,pstn,A07
LA_E_6088537,1,g722,A08
LA_E_6088888,0,ulaw,bonafide
LA_E_6089343,0,none,bonafide
LA_E_6089953,1,pstn,A19
LA_E_6090126,1,ulaw,A15
LA_E_6090288,1,alaw,A13
LA_E_6090572,1,gsm,A12
LA_E_6091275,1,none,A14
LA_E_6091357,0,alaw,bonafide
LA_E_6091369,1,g722,A15
LA_E_6091830,1,alaw,A09
LA_E_6091978,1,ulaw,A18
LA_E_6092325,1,none,A15
LA_E_6093035,1,pstn,A16
LA_E_6093798,1,g722,A19
LA_E_6094190,1,opus,A08
LA_E_6094293,1,gsm,A18
LA_E_6094357,1,g722,A08
LA_E_6094504,1,none,A17
LA_E_6094530,1,g722,A07
LA_E_6094945,1,gsm,A12
LA_E_6095430,1,alaw,A15
LA_E_6095757,1,ulaw,A14
LA_E_6096259,1,gsm,A13
LA_E_6096484,1,none,A19
LA_E_6096591,1,g722,A08
LA_E_6097219,1,pstn,A14
LA_E_6097549,1,opus,A11
LA_E_6097951,1,none,A11
LA_E_6098251,1,pstn,A18
LA_E_6098398,1,none,A16
LA_E_6098680,1,alaw,A10
LA_E_6098912,1,ulaw,A08
LA_E_6099053,1,none,A10
LA_E_6099072,1,g722,A12
LA_E_6099266,1,g722,A10
LA_E_6099525,1,none,A08
LA_E_6099534,1,none,A17
LA_E_6099653,1,alaw,A15
LA_E_6099678,1,g722,A17
LA_E_6100342,1,alaw,A07
LA_E_6101177,1,g722,A18
LA_E_6101212,1,g722,A12
LA_E_6101292,1,ulaw,A10
LA_E_6101295,1,g722,A18
LA_E_6101414,1,gsm,A13
LA_E_6101578,1,pstn,A09
LA_E_6101609,1,gsm,A10
LA_E_6101818,1,ulaw,A15
LA_E_6102692,1,g722,A19
LA_E_6103041,1,pstn,A07
LA_E_6103198,1,gsm,A19
LA_E_6103891,1,opus,A11
LA_E_6103975,1,pstn,A18
LA_E_6104364,1,opus,A08
LA_E_6104772,1,pstn,A13
LA_E_6105084,1,pstn,A15
LA_E_6105560,1,ulaw,A17
LA_E_6105671,1,none,A19
LA_E_6105845,1,ulaw,A15
LA_E_6106186,1,g722,A17
LA_E_6106740,0,alaw,bonafide
LA_E_6107045,1,g722,A07
LA_E_6107048,1,alaw,A09
LA_E_6107092,1,none,A18
LA_E_6108023,1,g722,A19
LA_E_6108299,1,pstn,A18
LA_E_6108558,1,alaw,A10
LA_E_6108773,0,alaw,bonafide
LA_E_6109386,1,gsm,A11
LA_E_6109754,1,pstn,A12
LA_E_6110561,1,opus,A08
LA_E_6111029,1,alaw,A17
LA_E_6111202,1,alaw,A12
LA_E_6111396,0,none,bonafide
LA_E_6111940,1,gsm,A19
LA_E_6112717,1,pstn,A09
LA_E_6113990,1,gsm,A09
LA_E_6114211,1,pstn,A07
LA_E_6114484,1,none,A08
LA_E_6114931,1,ulaw,A13
LA_E_6115293,1,none,A18
LA_E_6116000,1,gsm,A18
LA_E_6116421,1,ulaw,A17
LA_E_6116469,0,pstn,bonafide
LA_E_6116684,1,none,A16
LA_E_6117068,1,g722,A07
LA_E_6117144,1,none,A17
LA_E_6117806,1,alaw,A17
LA_E_6118375,1,opus,A11
LA_E_6118558,1,alaw,A14
LA_E_6118631,1,pstn,A13
LA_E_6119510,1,none,A09
LA_E_6119634,1,opus,A08
LA_E_6120011,1,pstn,A13
LA_E_6120170,1,pstn,A08
LA_E_6120863,1,gsm,A11
LA_E_6121024,1,g722,A18
LA_E_6121127,1,pstn,A17
LA_E_6121423,1,pstn,A18
LA_E_6121442,1,gsm,A09
LA_E_6121599,1,g722,A10
LA_E_6121684,1,opus,A10
LA_E_6121802,1,pstn,A12
LA_E_6121895,0,alaw,bonafide
LA_E_6122208,1,ulaw,A15
LA_E_6122319,1,alaw,A12
LA_E_6122373,1,pstn,A11
LA_E_6122813,1,pstn,A15
LA_E_6122951,1,none,A13
LA_E_6123211,1,ulaw,A14
LA_E_6123490,1,pstn,A12
LA_E_6124180,1,alaw,A14
LA_E_6124714,1,ulaw,A14
LA_E_6124758,1,gsm,A08
LA_E_6124821,1,gsm,A08
LA_E_6125253,1,pstn,A16
LA_E_6125413,1,pstn,A15
LA_E_6126411,1,pstn,A07
LA_E_6126596,1,g722,A14
LA_E_6127200,1,pstn,A18
LA_E_6127365,1,g722,A08
LA_E_6127655,1,opus,A19
LA_E_6127679,1,gsm,A08
LA_E_6127796,1,g722,A16
LA_E_6127911,1,alaw,A14
LA_E_6128859,1,g722,A12
LA_E_6129742,1,none,A09
LA_E_6129963,1,g722,A14
LA_E_6130423,1,alaw,A09
LA_E_6130580,1,none,A10
LA_E_6130774,1,pstn,A16
LA_E_6130882,1,none,A08
LA_E_6130939,0,g722,bonafide
LA_E_6131383,1,opus,A12
LA_E_6132088,1,opus,A15
LA_E_6132218,1,alaw,A07
LA_E_6132278,1,gsm,A15
LA_E_6132487,1,g722,A19
LA_E_6132521,1,gsm,A10
LA_E_6133049,1,g722,A07
LA_E_6133188,1,none,A12
LA_E_6133361,1,ulaw,A17
LA_E_6133586,1,g722,A11
LA_E_6133682,1,gsm,A09
LA_E_6133803,0,ulaw,bonafide
LA_E_6134104,1,ulaw,A15
LA_E_6134128,1,pstn,A12
LA_E_6134651,0,opus,bonafide
LA_E_6134802,1,alaw,A09
LA_E_6135124,1,g722,A12
LA_E_6135212,1,opus,A19
LA_E_6135362,1,none,A17
LA_E_6135541,1,g722,A17
LA_E_6135815,1,g722,A18
LA_E_6136271,1,pstn,A07
LA_E_6136367,1,ulaw,A17
LA_E_6136493,1,pstn,A14
LA_E_6136494,1,opus,A16
LA_E_6136578,1,opus,A15
LA_E_6136610,1,gsm,A07
LA_E_6136749,1,alaw,A07
LA_E_6137004,0,gsm,bonafide
LA_E_6137197,1,none,A18
LA_E_6137811,1,opus,A14
LA_E_6138149,1,ulaw,A10
LA_E_6138627,1,g722,A09
LA_E_6139033,1,ulaw,A19
LA_E_6139587,0,ulaw,bonafide
LA_E_6140536,1,none,A16
LA_E_6140764,1,pstn,A12
LA_E_6141328,1,g722,A11
LA_E_6141996,1,pstn,A10
LA_E_6142166,1,ulaw,A16
LA_E_6142199,0,pstn,bonafide
LA_E_6142461,1,ulaw,A15
LA_E_6142772,1,none,A09
LA_E_6142898,1,none,A15
LA_E_6143273,1,pstn,A09
LA_E_6143311,1,opus,A09
LA_E_6143629,1,pstn,A10
LA_E_6143758,1,opus,A12
LA_E_6143815,1,gsm,A18
LA_E_6143955,1,alaw,A16
LA_E_6144127,1,ulaw,A13
LA_E_6144136,1,pstn,A09
LA_E_6144243,1,opus,A18
LA_E_6145293,1,opus,A08
LA_E_6145322,1,alaw,A08
LA_E_6145341,1,pstn,A13
LA_E_6145465,1,gsm,A19
LA_E_6146199,1,none,A16
LA_E_6146260,1,alaw,A13
LA_E_6146371,1,none,A11
LA_E_6147021,1,gsm,A12
LA_E_6147691,1,alaw,A14
LA_E_6147720,1,alaw,A12
LA_E_6147743,1,g722,A14
LA_E_6148042,1,ulaw,A12
LA_E_6148306,1,alaw,A11
LA_E_6148392,1,none,A13
LA_E_6148640,1,ulaw,A16
LA_E_6148707,1,alaw,A09
LA_E_6149248,1,g722,A18
LA_E_6149730,1,opus,A18
LA_E_6149915,1,opus,A13
LA_E_6149934,1,opus,A11
LA_E_6150021,1,alaw,A07
LA_E_6150031,1,pstn,A11
LA_E_6150055,1,g722,A13
LA_E_6150235,1,pstn,A08
LA_E_6150344,1,none,A14
LA_E_6150539,0,none,bonafide
LA_E_6150612,1,gsm,A19
LA_E_6150781,0,pstn,bonafide
LA_E_6151033,1,pstn,A08
LA_E_6151322,1,alaw,A09
LA_E_6151600,1,alaw,A12
LA_E_6151655,1,none,A14
LA_E_6151724,0,g722,bonafide
LA_E_6151935,1,ulaw,A12
LA_E_6152014,1,g722,A07
LA_E_6152283,1,gsm,A10
LA_E_6152343,1,ulaw,A18
LA_E_6153174,1,pstn,A19
LA_E_6153793,1,pstn,A07
LA_E_6154343,1,alaw,A18
LA_E_6154816,1,opus,A09
LA_E_6155051,1,pstn,A07
LA_E_6155070,1,pstn,A12
LA_E_6155312,1,gsm,A18
LA_E_6155521,1,gsm,A18
LA_E_6155817,1,gsm,A09
LA_E_6156050,1,ulaw,A12
LA_E_6156482,1,ulaw,A17
LA_E_6156515,1,ulaw,A12
LA_E_6156669,1,opus,A13
LA_E_6157301,1,gsm,A16
LA_E_6157335,1,opus,A07
LA_E_6157554,1,gsm,A08
LA_E_6157679,1,opus,A18
LA_E_6158330,0,gsm,bonafide
LA_E_6158427,1,none,A14
LA_E_6158699,1,ulaw,A11
LA_E_6159408,1,opus,A07
LA_E_6159760,1,g722,A18
LA_E_6159774,0,opus,bonafide
LA_E_6159978,1,g722,A10
LA_E_6160060,1,none,A14
LA_E_6160082,1,none,A13
LA_E_6160339,1,none,A13
LA_E_6160355,1,none,A17
LA_E_6160941,1,gsm,A12
LA_E_6161332,0,ulaw,bonafide
LA_E_6161481,1,opus,A17
LA_E_6161910,1,pstn,A08
LA_E_6162444,1,pstn,A15
LA_E_6162841,1,ulaw,A07
LA_E_6163752,1,gsm,A11
LA_E_6164222,1,none,A12
LA_E_6164304,1,ulaw,A11
LA_E_6164781,1,g722,A16
LA_E_6164956,1,none,A18
LA_E_6166085,1,pstn,A08
LA_E_6166195,1,gsm,A07
LA_E_6166963,1,gsm,A12
LA_E_6167135,1,gsm,A17
LA_E_6167247,1,alaw,A19
LA_E_6167455,1,alaw,A11
LA_E_6167763,1,gsm,A19
LA_E_6167917,1,ulaw,A13
LA_E_6168560,1,pstn,A08
LA_E_6168801,1,alaw,A14
LA_E_6168832,1,ulaw,A10
LA_E_6168835,1,alaw,A11
LA_E_6168859,1,opus,A09
LA_E_6169768,1,none,A10
LA_E_6169828,1,gsm,A09
LA_E_6169963,1,opus,A10
LA_E_6170087,1,gsm,A19
LA_E_6170137,1,ulaw,A10
LA_E_6170221,1,g722,A09
LA_E_6170336,1,ulaw,A07
LA_E_6170811,1,opus,A15
LA_E_6171128,1,ulaw,A08
LA_E_6171260,1,alaw,A12
LA_E_6171990,1,alaw,A10
LA_E_6172333,1,opus,A14
LA_E_6172418,1,pstn,A14
LA_E_6172882,1,alaw,A18
LA_E_6173613,1,ulaw,A17
LA_E_6173712,1,ulaw,A17
LA_E_6174362,1,alaw,A09
LA_E_6174859,1,none,A16
LA_E_6174972,1,opus,A09
LA_E_6175495,1,pstn,A13
LA_E_6176026,1,g722,A14
LA_E_6176498,1,ulaw,A16
LA_E_6176641,1,g722,A18
LA_E_6176654,1,g722,A14
LA_E_6176692,1,g722,A11
LA_E_6176896,1,alaw,A16
LA_E_6177575,1,pstn,A18
LA_E_6178784,1,gsm,A17
LA_E_6179361,1,alaw,A15
LA_E_6179988,1,pstn,A13
LA_E_6180261,1,none,A12
LA_E_6180721,1,ulaw,A16
LA_E_6180894,1,g722,A16
LA_E_6180907,1,opus,A13
LA_E_6181191,1,none,A12
LA_E_6181294,1,opus,A07
LA_E_6181344,1,g722,A17
LA_E_6181652,1,ulaw,A17
LA_E_6182016,1,opus,A13
LA_E_6182061,1,none,A13
LA_E_6182087,0,pstn,bonafide
LA_E_6182699,1,gsm,A10
LA_E_6182942,1,gsm,A15
LA_E_6183312,1,ulaw,A12
LA_E_6183500,1,opus,A12
LA_E_6183674,1,opus,A09
LA_E_6184420,1,alaw,A17
LA_E_6185585,1,g722,A09
LA_E_6185613,1,none,A17
LA_E_6185682,1,opus,A08
LA_E_6187014,1,pstn,A17
LA_E_6187084,0,none,bonafide
LA_E_6187277,1,pstn,A18
LA_E_6187296,1,pstn,A11
LA_E_6187431,1,opus,A11
LA_E_6187517,1,pstn,A13
LA_E_6187871,1,gsm,A07
LA_E_6188040,1,gsm,A14
LA_E_6188048,1,alaw,A18
LA_E_6188431,1,ulaw,A07
LA_E_6190470,1,gsm,A16
LA_E_6190479,1,gsm,A15
LA_E_6190516,1,opus,A08
LA_E_6190543,1,g722,A14
LA_E_6190837,1,alaw,A07
LA_E_6190876,1,gsm,A12
LA_E_6190896,1,ulaw,A17
LA_E_6190906,1,none,A09
LA_E_6191336,1,alaw,A10
LA_E_6191343,1,opus,A10
LA_E_6191351,0,ulaw,bonafide
LA_E_6191373,1,opus,A13
LA_E_6191483,1,alaw,A16
LA_E_6191601,1,opus,A13
LA_E_6191698,1,gsm,A18
LA_E_6193266,0,alaw,bonafide
LA_E_6193282,1,alaw,A07
LA_E_6193285,1,alaw,A17
LA_E_6193439,1,opus,A15
LA_E_6193482,1,alaw,A10
LA_E_6193677,1,alaw,A17
LA_E_6193863,1,pstn,A07
LA_E_6194165,1,opus,A19
LA_E_6194298,1,opus,A18
LA_E_6194327,1,alaw,A17
LA_E_6194518,1,g722,A11
LA_E_6194676,1,opus,A09
LA_E_6194743,1,pstn,A08
LA_E_6195954,1,ulaw,A18
LA_E_6196215,0,none,bonafide
LA_E_6196726,1,opus,A12
LA_E_6196873,1,none,A14
LA_E_6197223,1,g722,A07
LA_E_6198896,1,pstn,A07
LA_E_6198972,1,opus,A12
LA_E_6199353,1,ulaw,A16
LA_E_6199569,1,pstn,A16
LA_E_6199716,1,ulaw,A12
LA_E_6199800,1,ulaw,A08
LA_E_6200440,1,g722,A16
LA_E_6200529,1,none,A11
LA_E_6201506,1,alaw,A16
LA_E_6201796,1,pstn,A09
LA_E_6202229,0,gsm,bonafide
LA_E_6202341,0,pstn,bonafide
LA_E_6202504,1,ulaw,A18
LA_E_6202682,1,alaw,A11
LA_E_6202711,1,none,A07
LA_E_6202866,1,ulaw,A12
LA_E_6202898,1,g722,A19
LA_E_6202976,1,opus,A13
LA_E_6203364,1,pstn,A09
LA_E_6203582,1,ulaw,A18
LA_E_6203632,1,pstn,A07
LA_E_6203973,1,alaw,A17
LA_E_6204046,1,gsm,A12
LA_E_6205211,1,ulaw,A07
LA_E_6205541,1,g722,A13
LA_E_6205917,1,pstn,A11
LA_E_6206311,1,gsm,A09
LA_E_6206638,1,none,A11
LA_E_6207906,1,pstn,A07
LA_E_6208215,1,pstn,A07
LA_E_6208639,1,pstn,A15
LA_E_6208708,1,g722,A12
LA_E_6209077,1,opus,A07
LA_E_6209856,1,alaw,A10
LA_E_6209858,0,pstn,bonafide
LA_E_6210006,1,alaw,A09
LA_E_6210062,1,g722,A11
LA_E_6210873,1,alaw,A15
LA_E_6211204,1,gsm,A11
LA_E_6211647,1,pstn,A08
LA_E_6212812,1,g722,A17
LA_E_6213005,1,pstn,A07
LA_E_6213016,1,g722,A17
LA_E_6213128,1,ulaw,A07
LA_E_6213994,1,g722,A15
LA_E_6214073,1,g722,A14
LA_E_6214689,1,opus,A16
LA_E_6215017,1,opus,A12
LA_E_6215268,1,none,A09
LA_E_6215322,1,opus,A17
LA_E_6215668,1,alaw,A16
LA_E_6216649,1,gsm,A11
LA_E_6217185,0,none,bonafide
LA_E_6217259,1,opus,A12
LA_E_6217475,1,opus,A16
LA_E_6217547,1,none,A14
LA_E_6217704,1,pstn,A09
LA_E_6218027,1,g722,A13
LA_E_6218410,1,opus,A19
LA_E_6218576,1,ulaw,A07
LA_E_6218761,1,none,A11
LA_E_6219264,0,ulaw,bonafide
LA_E_6219666,1,none,A16
LA_E_6220718,1,g722,A09
LA_E_6221851,0,pstn,bonafide
LA_E_6222115,1,g722,A16
LA_E_6222663,1,alaw,A19
LA_E_6222728,1,pstn,A13
LA_E_6223793,1,opus,A12
LA_E_6224065,1,ulaw,A16
LA_E_6224200,0,pstn,bonafide
LA_E_6224513,1,opus,A18
LA_E_6225269,1,pstn,A10
LA_E_6225548,1,opus,A13
LA_E_6225844,1,pstn,A16
LA_E_6226029,1,alaw,A07
LA_E_6226419,1,g722,A11
LA_E_6226534,1,pstn,A17
LA_E_6226548,1,g722,A13
LA_E_6226614,1,alaw,A18
LA_E_6226807,1,alaw,A11
LA_E_6226847,1,gsm,A14
LA_E_6227202,1,g722,A07
LA_E_6228121,1,pstn,A08
LA_E_6228181,1,g722,A14
LA_E_6228228,1,g722,A14
LA_E_6228239,1,g722,A14
LA_E_6228453,1,opus,A15
LA_E_6228465,1,pstn,A07
LA_E_6228467,0,gsm,bonafide
LA_E_6228534,1,alaw,A08
LA_E_6229115,1,alaw,A13
LA_E_6230324,1,g722,A07
LA_E_6230513,0,gsm,bonafide
LA_E_6230565,1,none,A18
LA_E_6231164,1,pstn,A12
LA_E_6232857,1,g722,A12
LA_E_6233117,0,g722,bonafide
LA_E_6233203,1,pstn,A09
LA_E_6233332,1,g722,A15
LA_E_6234249,1,g722,A09
LA_E_6234327,1,gsm,A13
LA_E_6234600,1,opus,A18
LA_E_6234630,1,ulaw,A07
LA_E_6235064,0,opus,bonafide
LA_E_6235331,1,pstn,A17
LA_E_6235333,1,pstn,A17
LA_E_6235964,1,ulaw,A17
LA_E_6236351,1,none,A10
LA_E_6236864,1,alaw,A09
LA_E_6237017,1,pstn,A16
LA_E_6237053,1,pstn,A10
LA_E_6237056,1,alaw,A17
LA_E_6237724,1,opus,A10
LA_E_6237960,1,opus,A13
LA_E_6239257,1,alaw,A19
LA_E_6239339,1,g722,A16
LA_E_6239984,1,pstn,A16
LA_E_6240348,1,pstn,A13
LA_E_6241159,1,alaw,A09
LA_E_6241280,0,none,bonafide
LA_E_6241784,1,pstn,A16
LA_E_6242602,1,pstn,A08
LA_E_6242647,1,none,A19
LA_E_6243094,1,pstn,A09
LA_E_6243243,1,gsm,A19
LA_E_6243324,1,alaw,A09
LA_E_6243757,1,gsm,A13
LA_E_6244283,1,g722,A13
LA_E_6244738,0,ulaw,bonafide
LA_E_6245247,1,opus,A07
LA_E_6245478,1,ulaw,A19
LA_E_6246036,1,pstn,A11
LA_E_6246091,0,alaw,bonafide
LA_E_6246178,1,pstn,A11
LA_E_6246240,1,opus,A17
LA_E_6246469,1,ulaw,A19
LA_E_6246591,0,opus,bonafide
LA_E_6246822,1,none,A17
LA_E_6246893,1,alaw,A13
LA_E_6247373,1,none,A16
LA_E_6247380,1,opus,A08
LA_E_6247576,1,opus,A11
LA_E_6247672,1,alaw,A10
LA_E_6247723,1,none,A17
LA_E_6247935,1,ulaw,A16
LA_E_6248042,1,ulaw,A17
LA_E_6248280,1,alaw,A12
LA_E_6248756,1,alaw,A16
LA_E_6249064,1,none,A18
LA_E_6249349,0,gsm,bonafide
LA_E_6249616,1,opus,A07
LA_E_6250003,1,pstn,A09
LA_E_6250088,1,ulaw,A09
LA_E_6251498,1,g722,A13
LA_E_6251625,1,alaw,A07
LA_E_6252074,0,pstn,bonafide
LA_E_6253121,1,pstn,A11
LA_E_6253376,1,opus,A16
LA_E_6253472,1,ulaw,A15
LA_E_6254352,1,none,A14
LA_E_6254475,1,none,A08
LA_E_6254573,1,opus,A13
LA_E_6255274,1,opus,A15
LA_E_6255453,1,none,A18
LA_E_6255877,1,alaw,A13
LA_E_6255966,1,alaw,A14
LA_E_6256124,1,alaw,A10
LA_E_6256314,1,gsm,A19
LA_E_6256392,1,none,A09
LA_E_6256590,1,pstn,A14
LA_E_6256636,1,gsm,A16
LA_E_6258349,1,g722,A15
LA_E_6258425,1,alaw,A18
LA_E_6258624,0,g722,bonafide
LA_E_6258771,1,opus,A19
LA_E_6259016,1,g722,A12
LA_E_6259050,1,alaw,A07
LA_E_6259217,0,pstn,bonafide
LA_E_6259664,1,ulaw,A17
LA_E_6260192,1,none,A12
LA_E_6260796,1,opus,A14
LA_E_6260830,1,g722,A18
LA_E_6260972,0,none,bonafide
LA_E_6261253,1,none,A11
LA_E_6261457,1,ulaw,A10
LA_E_6261885,1,ulaw,A16
LA_E_6262110,1,ulaw,A09
LA_E_6262338,1,g722,A18
LA_E_6262434,1,none,A13
LA_E_6262492,1,pstn,A13
LA_E_6262495,1,ulaw,A15
LA_E_6263030,1,alaw,A08
LA_E_6263522,1,g722,A14
LA_E_6264155,1,none,A07
LA_E_6264392,1,pstn,A13
LA_E_6264410,1,none,A07
LA_E_6264425,1,g722,A14
LA_E_6265695,1,g722,A16
LA_E_6266020,1,alaw,A19
LA_E_6266955,1,ulaw,A12
LA_E_6267275,0,none,bonafide
LA_E_6267794,1,pstn,A18
LA_E_6267865,1,pstn,A16
LA_E_6268724,1,gsm,A19
LA_E_6268739,1,pstn,A17
LA_E_6269455,1,g722,A10
LA_E_6269706,1,ulaw,A10
LA_E_6269835,1,pstn,A15
LA_E_6269932,1,pstn,A14
LA_E_6270003,1,none,A10
LA_E_6270999,1,g722,A10
LA_E_6271114,1,ulaw,A14
LA_E_6272034,1,gsm,A12
LA_E_6272094,1,gsm,A19
LA_E_6272569,1,g722,A16
LA_E_6272915,1,none,A18
LA_E_6273809,1,opus,A14
LA_E_6274009,1,none,A16
LA_E_6274014,1,gsm,A09
LA_E_6274355,1,pstn,A09
LA_E_6274575,1,pstn,A17
LA_E_6274932,0,pstn,bonafide
LA_E_6274944,1,pstn,A08
LA_E_6274975,0,alaw,bonafide
LA_E_6275004,1,pstn,A19
LA_E_6275365,1,ulaw,A08
LA_E_6276336,1,pstn,A13
LA_E_6276605,1,alaw,A10
LA_E_6277385,1,opus,A19
LA_E_6277898,1,alaw,A12
LA_E_6278648,1,gsm,A09
LA_E_6279100,1,none,A18
LA_E_6279136,1,opus,A16
LA_E_6279309,1,pstn,A14
LA_E_6279397,0,gsm,bonafide
LA_E_6279431,1,opus,A10
LA_E_6279749,1,pstn,A09
LA_E_6280282,1,alaw,A16
LA_E_6280292,1,gsm,A07
LA_E_6280389,1,pstn,A14
LA_E_6280907,1,none,A18
LA_E_6280962,1,opus,A19
LA_E_6281374,1,g722,A08
LA_E_6282828,1,opus,A16
LA_E_6282851,1,g722,A07
LA_E_6283054,1,g722,A10
LA_E_6283740,0,ulaw,bonafide
LA_E_6283774,1,opus,A09
LA_E_6284036,1,opus,A10
LA_E_6284883,1,alaw,A16
LA_E_6284993,0,g722,bonafide
LA_E_6285014,1,none,A18
LA_E_6285245,1,alaw,A16
LA_E_6285631,1,ulaw,A16
LA_E_6285851,1,gsm,A18
LA_E_6286013,0,pstn,bonafide
LA_E_6286435,1,opus,A08
LA_E_6286461,1,g722,A12
LA_E_6286849,1,ulaw,A07
LA_E_6287180,1,none,A14
LA_E_6287647,1,g722,A13
LA_E_6287860,1,opus,A18
LA_E_6287952,1,g722,A17
LA_E_6288184,1,gsm,A17
LA_E_6288937,1,g722,A15
LA_E_6289354,1,pstn,A13
LA_E_6289461,1,opus,A15
LA_E_6290186,1,g722,A15
LA_E_6290395,1,g722,A12
LA_E_6290572,1,g722,A11
LA_E_6290719,1,opus,A14
LA_E_6291530,1,g722,A07
LA_E_6291653,1,pstn,A16
LA_E_6292541,1,pstn,A07
LA_E_6292649,0,none,bonafide
LA_E_6293076,1,gsm,A18
LA_E_6293130,1,ulaw,A14
LA_E_6293266,1,g722,A12
LA_E_6293330,1,pstn,A15
LA_E_6293416,1,opus,A08
LA_E_6293428,1,gsm,A07
LA_E_6293685,1,g722,A10
LA_E_6294517,1,ulaw,A11
LA_E_6294942,1,opus,A12
LA_E_6295613,0,gsm,bonafide
LA_E_6295676,1,opus,A08
LA_E_6296356,0,ulaw,bonafide
LA_E_6296674,1,gsm,A09
LA_E_6297032,1,g722,A12
LA_E_6297561,1,gsm,A17
LA_E_6297695,0,pstn,bonafide
LA_E_6298097,1,none,A14
LA_E_6298400,1,opus,A12
LA_E_6298682,1,ulaw,A11
LA_E_6298696,1,opus,A16
LA_E_6298712,1,ulaw,A18
LA_E_6298747,1,ulaw,A12
LA_E_6299053,1,g722,A13
LA_E_6299510,1,alaw,A15
LA_E_6299545,1,pstn,A17
LA_E_6299597,1,gsm,A19
LA_E_6299713,1,none,A13
LA_E_6299730,1,ulaw,A16
LA_E_6299798,1,none,A16
LA_E_6299806,1,pstn,A11
LA_E_6300179,1,ulaw,A10
LA_E_6300213,1,pstn,A12
LA_E_6300727,1,ulaw,A15
LA_E_6301447,1,alaw,A09
LA_E_6301599,1,alaw,A16
LA_E_6301691,1,opus,A09
LA_E_6302342,0,pstn,bonafide
LA_E_6302574,1,opus,A14
LA_E_6303004,0,gsm,bonafide
LA_E_6303237,1,ulaw,A14
LA_E_6303350,1,ulaw,A11
LA_E_6303488,1,pstn,A14
LA_E_6303622,0,ulaw,bonafide
LA_E_6303871,1,pstn,A07
LA_E_6303994,1,gsm,A16
LA_E_6304989,1,alaw,A18
LA_E_6305061,0,gsm,bonafide
LA_E_6305351,1,alaw,A16
LA_E_6305631,1,gsm,A09
LA_E_6305737,1,gsm,A16
LA_E_6305771,1,ulaw,A16
LA_E_6306204,0,alaw,bonafide
LA_E_6306237,1,gsm,A10
LA_E_6306396,1,gsm,A13
LA_E_6307209,1,g722,A16
LA_E_6307627,1,g722,A14
LA_E_6308375,1,g722,A19
LA_E_6309302,1,gsm,A15
LA_E_6309830,1,none,A07
LA_E_6310253,1,pstn,A07
LA_E_6310505,1,g722,A19
LA_E_6311234,1,none,A09
LA_E_6311677,1,ulaw,A13
LA_E_6312534,1,alaw,A09
LA_E_6312623,1,gsm,A10
LA_E_6313804,1,g722,A08
LA_E_6314086,1,none,A14
LA_E_6314255,1,pstn,A17
LA_E_6314572,0,ulaw,bonafide
LA_E_6314736,1,alaw,A11
LA_E_6315305,1,opus,A16
LA_E_6315475,1,gsm,A08
LA_E_6315514,0,gsm,bonafide
LA_E_6316002,1,none,A14
LA_E_6316287,1,none,A11
LA_E_6316606,1,none,A09
LA_E_6317236,0,gsm,bonafide
LA_E_6317293,1,ulaw,A13
LA_E_6317807,0,pstn,bonafide
LA_E_6318028,1,alaw,A15
LA_E_6318064,1,none,A16
LA_E_6318709,1,alaw,A14
LA_E_6319221,1,alaw,A07
LA_E_6319586,1,gsm,A12
LA_E_6320598,1,opus,A19
LA_E_6320933,1,none,A19
LA_E_6321207,1,pstn,A12
LA_E_6321496,1,ulaw,A16
LA_E_6321733,1,g722,A08
LA_E_6321824,1,gsm,A15
LA_E_6322266,1,pstn,A13
LA_E_6322431,1,gsm,A11
LA_E_6323287,1,gsm,A12
LA_E_6323358,1,none,A13
LA_E_6323440,1,gsm,A16
LA_E_6323605,1,none,A14
LA_E_6323783,1,pstn,A12
LA_E_6323797,1,alaw,A10
LA_E_6324863,1,pstn,A08
LA_E_6324993,1,pstn,A13
LA_E_6326437,0,none,bonafide
LA_E_6326466,1,none,A18
LA_E_6326935,1,g722,A10
LA_E_6327095,1,ulaw,A07
LA_E_6327102,1,gsm,A09
LA_E_6327214,0,pstn,bonafide
LA_E_6327660,1,none,A08
LA_E_6327945,1,opus,A18
LA_E_6328442,1,gsm,A11
LA_E_6328505,1,ulaw,A07
LA_E_6328515,1,g722,A09
LA_E_6328676,1,opus,A19
LA_E_6328863,0,alaw,bonafide
LA_E_6329359,1,g722,A12
LA_E_6329487,1,g722,A17
LA_E_6329790,1,none,A13
LA_E_6330020,1,pstn,A16
LA_E_6330123,1,g722,A18
LA_E_6330604,1,ulaw,A16
LA_E_6330824,1,alaw,A16
LA_E_6330860,1,opus,A07
LA_E_6331170,1,pstn,A16
LA_E_6331258,0,g722,bonafide
LA_E_6331339,1,opus,A19
LA_E_6331367,1,alaw,A16
LA_E_6331964,1,alaw,A13
LA_E_6331974,1,g722,A13
LA_E_6332010,1,ulaw,A07
LA_E_6332855,1,opus,A13
LA_E_6332897,1,g722,A09
LA_E_6333006,1,ulaw,A16
LA_E_6333452,1,g722,A15
LA_E_6333468,1,pstn,A11
LA_E_6333744,0,none,bonafide
LA_E_6333837,1,none,A19
LA_E_6333964,1,pstn,A07
LA_E_6334118,1,gsm,A18
LA_E_6334462,1,gsm,A12
LA_E_6334526,1,g722,A07
LA_E_6334844,1,pstn,A17
LA_E_6335131,1,opus,A15
LA_E_6335214,1,opus,A10
LA_E_6335943,1,none,A11
LA_E_6336023,1,none,A15
LA_E_6336098,1,alaw,A16
LA_E_6336421,1,pstn,A11
LA_E_6336428,0,pstn,bonafide
LA_E_6336440,0,opus,bonafide
LA_E_6337574,1,g722,A18
LA_E_6337584,1,ulaw,A16
LA_E_6337619,1,none,A17
LA_E_6337907,1,ulaw,A10
LA_E_6338327,1,gsm,A12
LA_E_6338661,1,alaw,A14
LA_E_6339095,1,alaw,A14
LA_E_6339955,1,opus,A19
LA_E_6341045,1,pstn,A15
LA_E_6341060,1,alaw,A09
LA_E_6341528,1,gsm,A09
LA_E_6341569,1,alaw,A11
LA_E_6341573,1,gsm,A08
LA_E_6342331,1,opus,A11
LA_E_6342339,1,g722,A13
LA_E_6342605,1,ulaw,A14
LA_E_6342670,1,none,A07
LA_E_6343189,1,pstn,A09
LA_E_6343220,1,opus,A15
LA_E_6343358,1,gsm,A14
LA_E_6343508,1,none,A13
LA_E_6344460,1,ulaw,A18
LA_E_6344782,1,pstn,A11
LA_E_6344992,1,pstn,A13
LA_E_6345581,1,opus,A09
LA_E_6345683,1,pstn,A16
LA_E_6345704,1,pstn,A19
LA_E_6345888,1,gsm,A17
LA_E_6346291,1,alaw,A08
LA_E_6346829,1,alaw,A12
LA_E_6347019,1,none,A13
LA_E_6348019,1,g722,A11
LA_E_6348197,1,g722,A17
LA_E_6348386,1,opus,A13
LA_E_6349112,1,opus,A17
LA_E_6349664,1,g722,A12
LA_E_6349762,1,g722,A12
LA_E_6350098,1,g722,A15
LA_E_6350177,1,alaw,A16
LA_E_6350230,1,pstn,A15
LA_E_6350335,0,ulaw,bonafide
LA_E_6350427,1,ulaw,A15
LA_E_6350662,0,g722,bonafide
LA_E_6350744,1,ulaw,A14
LA_E_6351078,1,ulaw,A16
LA_E_6351489,1,ulaw,A08
LA_E_6351629,1,alaw,A14
LA_E_6351968,1,gsm,A08
LA_E_6352066,1,none,A14
LA_E_6352397,1,g722,A11
LA_E_6352415,1,pstn,A15
LA_E_6352735,1,alaw,A15
LA_E_6353125,1,alaw,A16
LA_E_6353595,1,ulaw,A15
LA_E_6353630,1,none,A17
LA_E_6353749,1,none,A19
LA_E_6354306,0,none,bonafide
LA_E_6355020,1,gsm,A18
LA_E_6355110,1,gsm,A09
LA_E_6355513,1,ulaw,A12
LA_E_6355556,1,g722,A14
LA_E_6355904,1,g722,A16
LA_E_6356177,1,alaw,A13
LA_E_6356285,1,ulaw,A17
LA_E_6357209,1,gsm,A08
LA_E_6357717,1,ulaw,A18
LA_E_6357783,1,g722,A19
LA_E_6357981,1,g722,A09
LA_E_6358259,1,gsm,A13
LA_E_6358301,1,alaw,A11
LA_E_6358859,1,none,A11
LA_E_6359003,1,alaw,A16
LA_E_6359756,1,alaw,A16
LA_E_6360106,1,gsm,A17
LA_E_6360780,1,gsm,A18
LA_E_6360878,1,none,A15
LA_E_6361133,1,alaw,A15
LA_E_6361438,1,gsm,A13
LA_E_6361547,1,none,A18
LA_E_6361621,1,alaw,A11
LA_E_6362614,1,g722,A17
LA_E_6362871,1,alaw,A18
LA_E_6363108,1,ulaw,A08
LA_E_6363391,1,gsm,A17
LA_E_6363829,1,opus,A18
LA_E_6364432,1,none,A18
LA_E_6364694,1,gsm,A17
LA_E_6365121,1,pstn,A17
LA_E_6365131,1,ulaw,A14
LA_E_6365384,1,alaw,A07
LA_E_6365513,1,pstn,A17
LA_E_6365965,1,g722,A12
LA_E_6366032,1,none,A08
LA_E_6366536,0,pstn,bonafide
LA_E_6366883,1,none,A13
LA_E_6367371,1,alaw,A17
LA_E_6368221,1,alaw,A18
LA_E_6369477,0,gsm,bonafide
LA_E_6369819,1,alaw,A14
LA_E_6369876,1,gsm,A09
LA_E_6370034,1,pstn,A14
LA_E_6370292,0,gsm,bonafide
LA_E_6370543,1,g722,A15
LA_E_6370710,1,gsm,A09
LA_E_6370910,1,opus,A13
LA_E_6371122,1,pstn,A08
LA_E_6371162,1,gsm,A14
LA_E_6371588,1,opus,A09
LA_E_6371602,1,ulaw,A08
LA_E_6371738,1,gsm,A18
LA_E_6371750,1,gsm,A16
LA_E_6371910,1,alaw,A13
LA_E_6372863,1,g722,A10
LA_E_6372909,1,pstn,A19
LA_E_6372938,1,ulaw,A19
LA_E_6372958,1,g722,A10
LA_E_6374465,1,gsm,A10
LA_E_6374799,1,g722,A16
LA_E_6375042,0,alaw,bonafide
LA_E_6375284,1,alaw,A15
LA_E_6375317,1,pstn,A15
LA_E_6376126,0,gsm,bonafide
LA_E_6376339,1,gsm,A10
LA_E_6376579,1,pstn,A13
LA_E_6376695,1,g722,A15
LA_E_6376726,1,alaw,A17
LA_E_6376965,1,opus,A11
LA_E_6377086,1,pstn,A10
LA_E_6377546,0,ulaw,bonafide
LA_E_6377602,1,pstn,A17
LA_E_6378177,1,none,A15
LA_E_6378338,1,alaw,A11
LA_E_6379148,0,alaw,bonafide
LA_E_6379779,1,gsm,A10
LA_E_6379886,1,none,A11
LA_E_6380116,1,opus,A17
LA_E_6380137,1,opus,A11
LA_E_6380868,1,ulaw,A11
LA_E_6381075,1,gsm,A13
LA_E_6381504,1,opus,A11
LA_E_6382602,1,opus,A16
LA_E_6383132,1,gsm,A19
LA_E_6384589,1,alaw,A08
LA_E_6384810,0,pstn,bonafide
LA_E_6385819,1,pstn,A13
LA_E_6386051,0,gsm,bonafide
LA_E_6386926,1,none,A10
LA_E_6386981,1,gsm,A16
LA_E_6387097,1,g722,A15
LA_E_6387478,1,g722,A13
LA_E_6387988,0,alaw,bonafide
LA_E_6388304,1,none,A17
LA_E_6388771,1,gsm,A13
LA_E_6388916,1,pstn,A08
LA_E_6389003,1,opus,A18
LA_E_6389315,1,gsm,A19
LA_E_6389685,1,alaw,A07
LA_E_6389903,1,alaw,A08
LA_E_6390072,0,gsm,bonafide
LA_E_6390231,1,none,A12
LA_E_6390273,1,none,A12
LA_E_6390372,1,ulaw,A15
LA_E_6390388,1,opus,A16
LA_E_6390666,1,g722,A10
LA_E_6391443,1,pstn,A11
LA_E_6391503,1,alaw,A11
LA_E_6392667,1,g722,A19
LA_E_6392882,1,ulaw,A10
LA_E_6392962,1,opus,A10
LA_E_6392993,1,pstn,A14
LA_E_6393322,1,pstn,A18
LA_E_6393714,1,pstn,A11
LA_E_6393950,0,ulaw,bonafide
LA_E_6393982,1,opus,A17
LA_E_6394432,0,ulaw,bonafide
LA_E_6394497,1,g722,A10
LA_E_6394831,1,pstn,A19
LA_E_6395162,1,alaw,A12
LA_E_6396253,0,none,bonafide
LA_E_6396401,1,gsm,A12
LA_E_6397161,1,gsm,A13
LA_E_6397227,0,gsm,bonafide
LA_E_6397482,1,opus,A15
LA_E_6397706,1,gsm,A09
LA_E_6398162,1,pstn,A15
LA_E_6398299,1,gsm,A14
LA_E_6399633,1,opus,A16
LA_E_6400256,1,ulaw,A15
LA_E_6400615,0,gsm,bonafide
LA_E_6400642,1,ulaw,A19
LA_E_6401513,1,opus,A08
LA_E_6401926,1,g722,A09
LA_E_6402223,1,gsm,A14
LA_E_6403831,1,pstn,A08
LA_E_6404412,1,g722,A10
LA_E_6404636,1,pstn,A17
LA_E_6404986,1,alaw,A12
LA_E_6405101,0,alaw,bonafide
LA_E_6405553,1,ulaw,A17
LA_E_6405806,1,alaw,A14
LA_E_6406219,1,alaw,A19
LA_E_6407521,1,pstn,A16
LA_E_6408149,1,g722,A19
LA_E_6408725,1,alaw,A10
LA_E_6409779,1,g722,A07
LA_E_6409869,0,opus,bonafide
LA_E_6410137,1,alaw,A16
LA_E_6410540,1,alaw,A07
LA_E_6411160,1,alaw,A15
LA_E_6411262,0,g722,bonafide
LA_E_6411310,1,ulaw,A17
LA_E_6411521,1,ulaw,A17
LA_E_6411872,1,none,A08
LA_E_6412130,1,none,A15
LA_E_6412860,1,g722,A14
LA_E_6412914,1,ulaw,A09
LA_E_6413102,1,gsm,A19
LA_E_6413327,1,gsm,A14
LA_E_6413465,1,none,A08
LA_E_6413512,1,g722,A16
LA_E_6413707,1,none,A10
LA_E_6414417,1,alaw,A08
LA_E_6414489,1,gsm,A12
LA_E_6415031,1,alaw,A18
LA_E_6415317,1,opus,A08
LA_E_6415601,1,g722,A10
LA_E_6416105,0,opus,bonafide
LA_E_6416450,1,pstn,A16
LA_E_6417084,0,ulaw,bonafide
LA_E_6417640,1,pstn,A17
LA_E_6417676,1,none,A12
LA_E_6417725,0,opus,bonafide
LA_E_6418058,1,alaw,A17
LA_E_6418096,1,pstn,A17
LA_E_6418839,0,ulaw,bonafide
LA_E_6419979,1,alaw,A14
LA_E_6420592,1,opus,A13
LA_E_6421359,1,gsm,A13
LA_E_6421407,1,pstn,A18
LA_E_6421643,1,none,A17
LA_E_6421941,1,pstn,A15
LA_E_6422227,1,gsm,A18
LA_E_6422348,0,opus,bonafide
LA_E_6422387,0,g722,bonafide
LA_E_6422887,1,pstn,A19
LA_E_6423173,1,g722,A12
LA_E_6423267,1,alaw,A12
LA_E_6423273,1,alaw,A12
LA_E_6423330,1,opus,A16
LA_E_6423782,1,g722,A16
LA_E_6424880,1,g722,A11
LA_E_6425019,1,pstn,A15
LA_E_6425162,1,none,A17
LA_E_6425448,1,ulaw,A08
LA_E_6425600,1,none,A11
LA_E_6425796,1,pstn,A14
LA_E_6426232,1,pstn,A13
LA_E_6426430,1,g722,A18
LA_E_6426864,1,alaw,A18
LA_E_6426948,1,pstn,A16
LA_E_6427077,1,none,A15
LA_E_6427418,1,opus,A14
LA_E_6427503,1,pstn,A17
LA_E_6427578,1,ulaw,A17
LA_E_6428388,1,ulaw,A19
LA_E_6428506,1,opus,A13
LA_E_6428508,1,g722,A15
LA_E_6429692,1,none,A18
LA_E_6429971,1,none,A15
LA_E_6430542,1,pstn,A18
LA_E_6430840,1,gsm,A12
LA_E_6430887,1,gsm,A14
LA_E_6431826,1,gsm,A08
LA_E_6431949,1,alaw,A07
LA_E_6432985,1,alaw,A08
LA_E_6433601,1,ulaw,A10
LA_E_6433797,1,opus,A18
LA_E_6434238,1,opus,A08
LA_E_6434504,1,g722,A16
LA_E_6434685,1,pstn,A17
LA_E_6435529,1,opus,A10
LA_E_6435733,1,none,A13
LA_E_6435740,1,ulaw,A19
LA_E_6435741,1,g722,A19
LA_E_6435986,1,none,A11
LA_E_6436403,0,pstn,bonafide
LA_E_6436677,1,g722,A08
LA_E_6436739,1,opus,A13
LA_E_6436911,1,g722,A14
LA_E_6437122,0,alaw,bonafide
LA_E_6437191,1,g722,A12
LA_E_6437406,1,none,A08
LA_E_6437616,1,pstn,A15
LA_E_6438220,1,opus,A15
LA_E_6438389,0,opus,bonafide
LA_E_6438899,1,gsm,A09
LA_E_6439586,1,ulaw,A16
LA_E_6440049,1,opus,A15
LA_E_6440399,1,alaw,A11
LA_E_6440461,1,g722,A09
LA_E_6440980,1,pstn,A18
LA_E_6440994,1,pstn,A09
LA_E_6441178,1,alaw,A17
LA_E_6441842,0,opus,bonafide
LA_E_6441989,1,gsm,A14
LA_E_6442400,1,opus,A17
LA_E_6442437,0,ulaw,bonafide
LA_E_6443813,1,opus,A13
LA_E_6444630,1,none,A19
LA_E_6445030,0,gsm,bonafide
LA_E_6445293,1,gsm,A09
LA_E_6445512,1,g722,A14
LA_E_6446394,1,ulaw,A14
LA_E_6446870,1,ulaw,A07
LA_E_6447552,1,g722,A09
LA_E_6447833,1,opus,A11
LA_E_6448044,1,g722,A16
LA_E_6448421,1,alaw,A09
LA_E_6449059,1,pstn,A13
LA_E_6449188,1,g722,A16
LA_E_6449356,1,g722,A11
LA_E_6450048,1,g722,A19
LA_E_6451010,1,none,A10
LA_E_6451120,1,g722,A07
LA_E_6451186,1,opus,A10
LA_E_6452213,1,ulaw,A12
LA_E_6452313,1,opus,A11
LA_E_6452345,1,ulaw,A17
LA_E_6452358,1,pstn,A19
LA_E_6452566,1,opus,A14
LA_E_6452663,1,alaw,A18
LA_E_6452772,1,ulaw,A08
LA_E_6452947,1,opus,A09
LA_E_6453037,1,ulaw,A09
LA_E_6453318,1,none,A14
LA_E_6453637,1,pstn,A19
LA_E_6453640,1,opus,A12
LA_E_6453764,1,g722,A19
LA_E_6453882,1,pstn,A16
LA_E_6454653,0,pstn,bonafide
LA_E_6455550,1,none,A13
LA_E_6456644,1,none,A09
LA_E_6456684,1,none,A08
LA_E_6456821,1,pstn,A11
LA_E_6457035,1,opus,A10
LA_E_6457782,1,alaw,A08
LA_E_6457813,1,none,A19
LA_E_6458278,0,g722,bonafide
LA_E_6458315,1,pstn,A12
LA_E_6458392,1,alaw,A11
LA_E_6458463,1,none,A07
LA_E_6459052,1,g722,A17
LA_E_6459266,0,pstn,bonafide
LA_E_6459795,1,gsm,A15
LA_E_6460111,1,g722,A09
LA_E_6460550,1,none,A10
LA_E_6460651,0,ulaw,bonafide
LA_E_6460824,1,none,A18
LA_E_6460836,1,pstn,A07
LA_E_6460995,1,pstn,A18
LA_E_6461385,1,opus,A11
LA_E_6462014,1,g722,A10
LA_E_6463003,1,ulaw,A17
LA_E_6463155,1,pstn,A09
LA_E_6464109,1,none,A09
LA_E_6464130,1,opus,A10
LA_E_6464466,1,alaw,A09
LA_E_6464929,1,pstn,A17
LA_E_6465230,1,alaw,A11
LA_E_6465290,1,opus,A11
LA_E_6465320,1,ulaw,A16
LA_E_6465842,1,opus,A07
LA_E_6466259,1,gsm,A19
LA_E_6466772,1,g722,A09
LA_E_6466854,1,gsm,A18
LA_E_6466984,1,alaw,A15
LA_E_6467009,1,g722,A10
LA_E_6467014,1,opus,A07
LA_E_6467544,0,alaw,bonafide
LA_E_6467567,0,g722,bonafide
LA_E_6467827,1,none,A16
LA_E_6468176,1,ulaw,A10
LA_E_6469126,1,alaw,A19
LA_E_6469385,0,opus,bonafide
LA_E_6469483,1,none,A13
LA_E_6469502,1,pstn,A15
LA_E_6469570,1,pstn,A15
LA_E_6469745,0,opus,bonafide
LA_E_6469828,1,pstn,A19
LA_E_6470571,1,none,A15
LA_E_6471201,1,gsm,A16
LA_E_6471219,1,pstn,A11
LA_E_6471525,1,gsm,A12
LA_E_6471903,0,opus,bonafide
LA_E_6472189,1,none,A18
LA_E_6472272,1,ulaw,A18
LA_E_6472277,0,opus,bonafide
LA_E_6472381,1,opus,A09
LA_E_6472464,1,opus,A15
LA_E_6473039,1,alaw,A18
LA_E_6474444,1,pstn,A16
LA_E_6474522,1,none,A15
LA_E_6474542,1,opus,A07
LA_E_6474773,1,ulaw,A08
LA_E_6474956,1,ulaw,A16
LA_E_6475563,1,g722,A11
LA_E_6476059,1,opus,A17
LA_E_6476585,1,ulaw,A09
LA_E_6476994,1,pstn,A10
LA_E_6477470,1,pstn,A14
LA_E_6478230,1,g722,A12
LA_E_6478459,1,opus,A14
LA_E_6478780,0,ulaw,bonafide
LA_E_6479004,1,gsm,A09
LA_E_6479023,0,gsm,bonafide
LA_E_6479685,1,g722,A16
LA_E_6479687,1,alaw,A07
LA_E_6479719,1,none,A17
LA_E_6479759,1,opus,A18
LA_E_6479966,1,none,A12
LA_E_6480603,0,g722,bonafide
LA_E_6480605,1,gsm,A13
LA_E_6480612,1,alaw,A08
LA_E_6481180,1,g722,A13
LA_E_6481270,1,ulaw,A18
LA_E_6482018,1,alaw,A10
LA_E_6482253,1,gsm,A12
LA_E_6483062,1,gsm,A16
LA_E_6483111,1,ulaw,A18
LA_E_6483158,1,ulaw,A12
LA_E_6483243,1,gsm,A16
LA_E_6483509,1,alaw,A08
LA_E_6484165,1,none,A16
LA_E_6484227,1,none,A18
LA_E_6484391,1,gsm,A07
LA_E_6484601,1,ulaw,A08
LA_E_6484689,1,alaw,A07
LA_E_6484720,1,g722,A15
LA_E_6485065,1,ulaw,A10
LA_E_6485211,1,opus,A14
LA_E_6485278,1,none,A08
LA_E_6485667,1,gsm,A08
LA_E_6486205,1,pstn,A14
LA_E_6486429,1,opus,A17
LA_E_6486585,1,g722,A17
LA_E_6486872,1,gsm,A17
LA_E_6487450,1,g722,A08
LA_E_6488259,1,gsm,A14
LA_E_6488347,1,ulaw,A15
LA_E_6488357,1,g722,A15
LA_E_6488452,1,alaw,A08
LA_E_6488940,1,alaw,A11
LA_E_6489701,1,g722,A19
LA_E_6490607,0,alaw,bonafide
LA_E_6490729,1,alaw,A16
LA_E_6490944,1,ulaw,A19
LA_E_6491116,0,gsm,bonafide
LA_E_6491997,1,none,A15
LA_E_6492888,0,gsm,bonafide
LA_E_6493073,1,gsm,A17
LA_E_6493289,1,opus,A10
LA_E_6493315,1,opus,A12
LA_E_6493465,1,opus,A12
LA_E_6493664,0,alaw,bonafide
LA_E_6493884,1,none,A16
LA_E_6494415,1,g722,A12
LA_E_6495380,1,none,A17
LA_E_6495387,1,pstn,A07
LA_E_6496972,1,alaw,A15
LA_E_6497725,1,none,A08
LA_E_6498512,1,pstn,A15
LA_E_6499067,1,pstn,A12
LA_E_6499300,1,opus,A09
LA_E_6499885,1,opus,A19
LA_E_6500528,1,pstn,A18
LA_E_6500620,1,gsm,A18
LA_E_6500639,0,pstn,bonafide
LA_E_6501253,1,opus,A10
LA_E_6501417,0,g722,bonafide
LA_E_6501624,1,gsm,A11
LA_E_6501988,1,pstn,A17
LA_E_6502046,1,alaw,A19
LA_E_6503058,0,none,bonafide
LA_E_6503254,1,none,A12
LA_E_6503352,1,opus,A08
LA_E_6503382,1,none,A16
LA_E_6503510,1,ulaw,A19
LA_E_6503536,0,g722,bonafide
LA_E_6503543,1,none,A08
LA_E_6503843,1,opus,A13
LA_E_6504079,1,ulaw,A13
LA_E_6504244,1,pstn,A15
LA_E_6504332,1,g722,A10
LA_E_6504848,1,alaw,A08
LA_E_6505442,1,none,A13
LA_E_6505666,0,ulaw,bonafide
LA_E_6505681,1,pstn,A14
LA_E_6505775,1,none,A18
LA_E_6506177,0,alaw,bonafide
LA_E_6506657,1,ulaw,A15
LA_E_6506711,1,opus,A15
LA_E_6507051,1,g722,A11
LA_E_6507686,1,none,A14
LA_E_6508838,1,g722,A16
LA_E_6508885,1,pstn,A13
LA_E_6509002,1,g722,A10
LA_E_6509669,1,gsm,A19
LA_E_6509808,1,g722,A18
LA_E_6510223,1,pstn,A14
LA_E_6510400,1,ulaw,A16
LA_E_6510589,1,ulaw,A12
LA_E_6510632,1,ulaw,A11
LA_E_6510744,1,pstn,A16
LA_E_6510923,1,pstn,A16
LA_E_6511287,0,pstn,bonafide
LA_E_6511482,1,gsm,A12
LA_E_6511486,1,gsm,A18
LA_E_6511963,1,g722,A10
LA_E_6512322,1,opus,A19
LA_E_6512505,1,gsm,A08
LA_E_6513200,0,g722,bonafide
LA_E_6513315,1,gsm,A15
LA_E_6513344,1,gsm,A14
LA_E_6513395,1,pstn,A19
LA_E_6514841,1,g722,A15
LA_E_6514962,1,ulaw,A10
LA_E_6515274,0,gsm,bonafide
LA_E_6516113,1,ulaw,A17
LA_E_6516245,1,pstn,A15
LA_E_6516374,0,opus,bonafide
LA_E_6516561,1,opus,A07
LA_E_6516635,1,pstn,A07
LA_E_6516950,0,gsm,bonafide
LA_E_6517215,0,gsm,bonafide
LA_E_6517972,0,alaw,bonafide
LA_E_6518497,1,none,A17
LA_E_6519063,1,gsm,A14
LA_E_6519140,1,opus,A13
LA_E_6519262,1,none,A17
LA_E_6519534,1,opus,A19
LA_E_6519749,1,none,A10
LA_E_6520043,1,opus,A14
LA_E_6520358,0,ulaw,bonafide
LA_E_6520439,1,alaw,A10
LA_E_6521241,1,opus,A09
LA_E_6522758,1,none,A08
LA_E_6522839,1,none,A09
LA_E_6523084,1,gsm,A18
LA_E_6523334,1,none,A16
LA_E_6523353,0,pstn,bonafide
LA_E_6523942,1,none,A16
LA_E_6524331,1,g722,A15
LA_E_6524634,1,ulaw,A09
LA_E_6524782,1,g722,A09
LA_E_6524860,1,none,A13
LA_E_6524891,1,g722,A09
LA_E_6525504,1,alaw,A19
LA_E_6525583,1,ulaw,A12
LA_E_6525622,1,alaw,A10
LA_E_6526077,1,none,A17
LA_E_6526229,1,gsm,A12
LA_E_6526324,1,gsm,A19
LA_E_6526492,1,ulaw,A13
LA_E_6526584,1,g722,A19
LA_E_6526665,0,gsm,bonafide
LA_E_6526785,1,alaw,A15
LA_E_6526882,1,ulaw,A16
LA_E_6527009,1,opus,A10
LA_E_6527250,1,pstn,A19
LA_E_6527593,1,gsm,A13
LA_E_6528524,1,g722,A14
LA_E_6528766,1,gsm,A07
LA_E_6528983,1,opus,A10
LA_E_6529610,1,ulaw,A09
LA_E_6529936,1,gsm,A12
LA_E_6530615,1,gsm,A10
LA_E_6531142,1,alaw,A19
LA_E_6532112,1,g722,A11
LA_E_6532255,1,ulaw,A08
LA_E_6532334,0,opus,bonafide
LA_E_6532378,1,gsm,A11
LA_E_6532527,1,opus,A17
LA_E_6533290,0,gsm,bonafide
LA_E_6534592,1,alaw,A15
LA_E_6534737,1,pstn,A07
LA_E_6535011,1,alaw,A19
LA_E_6536161,1,ulaw,A11
LA_E_6536345,1,gsm,A12
LA_E_6537080,1,none,A07
LA_E_6537358,1,opus,A19
LA_E_6537473,1,ulaw,A13
LA_E_6537488,0,alaw,bonafide
LA_E_6537505,1,gsm,A11
LA_E_6537687,1,ulaw,A10
LA_E_6538128,1,none,A08
LA_E_6538730,1,ulaw,A07
LA_E_6539067,1,ulaw,A15
LA_E_6540441,1,none,A10
LA_E_6540544,1,opus,A14
LA_E_6541539,1,opus,A18
LA_E_6541543,1,alaw,A14
LA_E_6541628,1,pstn,A19
LA_E_6541670,1,gsm,A08
LA_E_6542009,1,gsm,A10
LA_E_6542231,0,none,bonafide
LA_E_6542794,1,gsm,A17
LA_E_6542897,1,ulaw,A07
LA_E_6543853,1,g722,A19
LA_E_6544060,1,opus,A09
LA_E_6544437,1,g722,A09
LA_E_6544772,1,ulaw,A10
LA_E_6545110,1,ulaw,A19
LA_E_6545166,1,gsm,A18
LA_E_6545824,1,ulaw,A11
LA_E_6546147,1,g722,A15
LA_E_6546820,1,opus,A13
LA_E_6546899,1,g722,A09
LA_E_6546967,0,g722,bonafide
LA_E_6547713,1,ulaw,A12
LA_E_6548249,1,alaw,A14
LA_E_6548651,1,ulaw,A19
LA_E_6548861,1,alaw,A08
LA_E_6548891,1,pstn,A18
LA_E_6548930,0,alaw,bonafide
LA_E_6549162,1,g722,A10
LA_E_6549245,1,ulaw,A07
LA_E_6549510,1,alaw,A09
LA_E_6549906,1,ulaw,A09
LA_E_6550210,1,ulaw,A12
LA_E_6550989,1,gsm,A08
LA_E_6551182,1,opus,A19
LA_E_6551186,1,gsm,A15
LA_E_6551752,1,alaw,A12
LA_E_6552021,1,g722,A18
LA_E_6552186,1,opus,A18
LA_E_6552209,1,none,A16
LA_E_6552328,1,g722,A15
LA_E_6552633,1,none,A11
LA_E_6552985,0,alaw,bonafide
LA_E_6553118,1,ulaw,A17
LA_E_6553208,1,ulaw,A10
LA_E_6553643,1,none,A07
LA_E_6554213,1,gsm,A08
LA_E_6554295,1,gsm,A17
LA_E_6554463,1,opus,A18
LA_E_6554512,1,none,A11
LA_E_6554876,1,opus,A17
LA_E_6555032,1,ulaw,A11
LA_E_6555217,1,pstn,A08
LA_E_6555249,1,pstn,A12
LA_E_6555668,1,alaw,A17
LA_E_6555792,1,pstn,A15
LA_E_6555943,0,ulaw,bonafide
LA_E_6556430,1,gsm,A11
LA_E_6556963,1,g722,A19
LA_E_6557177,0,none,bonafide
LA_E_6557577,1,none,A15
LA_E_6557821,1,none,A16
LA_E_6557866,1,ulaw,A13
LA_E_6558098,1,pstn,A18
LA_E_6558415,1,opus,A10
LA_E_6558687,1,opus,A10
LA_E_6559021,1,pstn,A07
LA_E_6559055,0,opus,bonafide
LA_E_6559515,1,alaw,A14
LA_E_6560849,1,opus,A15
LA_E_6561065,1,ulaw,A18
LA_E_6561500,1,gsm,A17
LA_E_6561666,1,ulaw,A07
LA_E_6561860,0,opus,bonafide
LA_E_6562318,1,pstn,A11
LA_E_6563430,1,opus,A13
LA_E_6563854,1,ulaw,A08
LA_E_6564408,1,pstn,A09
LA_E_6564465,1,pstn,A10
LA_E_6564751,1,alaw,A16
LA_E_6564996,1,gsm,A18
LA_E_6565301,0,gsm,bonafide
LA_E_6565345,1,opus,A09
LA_E_6565913,1,alaw,A16
LA_E_6566208,1,none,A19
LA_E_6566641,1,opus,A14
LA_E_6566686,1,g722,A08
LA_E_6566778,1,alaw,A14
LA_E_6567502,1,gsm,A09
LA_E_6567535,1,pstn,A13
LA_E_6567642,1,none,A13
LA_E_6568245,1,opus,A08
LA_E_6568724,1,ulaw,A19
LA_E_6569054,1,gsm,A12
LA_E_6569479,0,none,bonafide
LA_E_6570124,1,none,A19
LA_E_6570230,1,opus,A11
LA_E_6570780,0,opus,bonafide
LA_E_6570900,1,ulaw,A18
LA_E_6571062,1,opus,A17
LA_E_6571138,1,g722,A16
LA_E_6571359,1,g722,A14
LA_E_6572293,1,g722,A19
LA_E_6573289,1,gsm,A19
LA_E_6573440,1,gsm,A09
LA_E_6573745,1,g722,A07
LA_E_6573759,1,ulaw,A10
LA_E_6574601,1,alaw,A15
LA_E_6574692,1,pstn,A19
LA_E_6575192,0,pstn,bonafide
LA_E_6575230,1,gsm,A08
LA_E_6575235,1,alaw,A16
LA_E_6575382,1,opus,A07
LA_E_6575420,1,alaw,A19
LA_E_6575540,1,opus,A09
LA_E_6575658,1,none,A11
LA_E_6577352,1,ulaw,A19
LA_E_6577651,1,gsm,A13
LA_E_6578009,1,gsm,A14
LA_E_6578100,1,alaw,A19
LA_E_6578243,1,ulaw,A07
LA_E_6579046,0,pstn,bonafide
LA_E_6579319,1,ulaw,A18
LA_E_6579456,1,g722,A13
LA_E_6579491,1,alaw,A15
LA_E_6579865,1,gsm,A07
LA_E_6579947,1,gsm,A13
LA_E_6580083,0,alaw,bonafide
LA_E_6580176,1,pstn,A14
LA_E_6580770,1,pstn,A09
LA_E_6580971,1,ulaw,A08
LA_E_6581417,1,pstn,A18
LA_E_6582101,1,g722,A08
LA_E_6582361,1,pstn,A15
LA_E_6582387,1,g722,A11
LA_E_6582425,1,gsm,A09
LA_E_6582559,1,ulaw,A14
LA_E_6583370,1,pstn,A12
LA_E_6583722,1,opus,A09
LA_E_6585094,1,g722,A19
LA_E_6585485,1,pstn,A19
LA_E_6585578,1,gsm,A10
LA_E_6585688,1,opus,A16
LA_E_6585936,1,pstn,A19
LA_E_6586521,0,gsm,bonafide
LA_E_6586865,1,ulaw,A09
LA_E_6587524,1,none,A17
LA_E_6587794,1,none,A07
LA_E_6587986,1,none,A19
LA_E_6588039,1,ulaw,A18
LA_E_6588087,1,gsm,A08
LA_E_6588270,1,g722,A19
LA_E_6588842,1,none,A13
LA_E_6588975,1,opus,A15
LA_E_6589504,1,gsm,A08
LA_E_6589728,1,none,A13
LA_E_6589874,0,gsm,bonafide
LA_E_6590278,1,opus,A07
LA_E_6590698,0,g722,bonafide
LA_E_6590972,1,none,A13
LA_E_6591115,1,none,A13
LA_E_6591473,1,alaw,A12
LA_E_6591973,1,gsm,A08
LA_E_6591995,1,alaw,A15
LA_E_6592057,1,ulaw,A15
LA_E_6592077,1,gsm,A10
LA_E_6592138,1,pstn,A09
LA_E_6592315,0,g722,bonafide
LA_E_6592322,1,g722,A18
LA_E_6592649,1,ulaw,A09
LA_E_6592655,1,gsm,A08
LA_E_6592748,1,gsm,A15
LA_E_6592856,1,opus,A11
LA_E_6593445,1,gsm,A17
LA_E_6593491,1,opus,A17
LA_E_6593876,1,g722,A08
LA_E_6594061,1,opus,A19
LA_E_6594579,1,ulaw,A10
LA_E_6594745,1,gsm,A15
LA_E_6594906,1,gsm,A11
LA_E_6594925,1,pstn,A15
LA_E_6595092,1,opus,A09
LA_E_6595124,1,g722,A19
LA_E_6595581,1,g722,A07
LA_E_6596087,1,pstn,A16
LA_E_6596216,1,alaw,A15
LA_E_6597030,1,none,A08
LA_E_6597134,1,opus,A11
LA_E_6597539,1,ulaw,A08
LA_E_6597578,1,alaw,A09
LA_E_6597911,1,pstn,A15
LA_E_6598794,0,none,bonafide
LA_E_6599548,1,opus,A19
LA_E_6599884,1,opus,A15
LA_E_6600732,1,none,A17
LA_E_6600869,1,opus,A11
LA_E_6601085,1,none,A09
LA_E_6601390,1,gsm,A16
LA_E_6601958,1,none,A17
LA_E_6602042,1,opus,A14
LA_E_6602071,1,alaw,A17
LA_E_6602197,1,gsm,A09
LA_E_6602487,0,opus,bonafide
LA_E_6602533,1,g722,A14
LA_E_6602866,1,gsm,A18
LA_E_6603346,1,ulaw,A17
LA_E_6603925,1,none,A07
LA_E_6604124,1,alaw,A08
LA_E_6604289,1,opus,A19
LA_E_6604298,0,none,bonafide
LA_E_6605026,1,none,A17
LA_E_6605217,1,opus,A12
LA_E_6605427,1,none,A16
LA_E_6605799,1,g722,A13
LA_E_6605954,1,ulaw,A09
LA_E_6606488,1,ulaw,A19
LA_E_6607041,1,gsm,A16
LA_E_6607164,1,gsm,A11
LA_E_6608190,1,ulaw,A12
LA_E_6608427,1,ulaw,A11
LA_E_6608684,1,ulaw,A07
LA_E_6608746,1,ulaw,A11
LA_E_6608910,1,none,A10
LA_E_6608981,1,g722,A17
LA_E_6609153,0,ulaw,bonafide
LA_E_6609414,1,ulaw,A07
LA_E_6609537,1,alaw,A17
LA_E_6609807,1,pstn,A18
LA_E_6610204,1,g722,A18
LA_E_6610246,1,ulaw,A16
LA_E_6610408,1,gsm,A17
LA_E_6610509,1,pstn,A07
LA_E_6610543,1,g722,A10
LA_E_6610673,1,pstn,A07
LA_E_6611394,1,alaw,A09
LA_E_6611780,1,alaw,A14
LA_E_6611842,0,ulaw,bonafide
LA_E_6612148,1,ulaw,A12
LA_E_6612215,1,g722,A09
LA_E_6612364,1,none,A07
LA_E_6612741,1,gsm,A15
LA_E_6613155,1,gsm,A14
LA_E_6613414,0,gsm,bonafide
LA_E_6613664,1,gsm,A13
LA_E_6613840,1,pstn,A09
LA_E_6613897,1,none,A13
LA_E_6614358,1,none,A12
LA_E_6614488,1,pstn,A19
LA_E_6614716,1,pstn,A08
LA_E_6615286,1,ulaw,A10
LA_E_6615287,1,opus,A16
LA_E_6615462,1,pstn,A08
LA_E_6616377,1,alaw,A12
LA_E_6616695,1,opus,A15
LA_E_6616786,1,opus,A19
LA_E_6616878,1,ulaw,A16
LA_E_6617015,1,alaw,A15
LA_E_6617199,1,g722,A12
LA_E_6617457,1,pstn,A14
LA_E_6617858,1,alaw,A10
LA_E_6617873,1,ulaw,A16
LA_E_6617948,1,gsm,A12
LA_E_6618463,1,opus,A19
LA_E_6618602,1,g722,A11
LA_E_6618757,1,ulaw,A16
LA_E_6619008,1,pstn,A17
LA_E_6619075,1,none,A09
LA_E_6619457,1,gsm,A10
LA_E_6619695,0,pstn,bonafide
LA_E_6619788,1,none,A12
LA_E_6619840,1,ulaw,A10
LA_E_6620249,1,opus,A09
LA_E_6620437,1,pstn,A18
LA_E_6620833,1,opus,A13
LA_E_6621603,1,gsm,A17
LA_E_6621801,1,pstn,A18
LA_E_6622054,1,none,A07
LA_E_6622291,1,alaw,A08
LA_E_6622565,1,ulaw,A10
LA_E_6622764,1,ulaw,A09
LA_E_6622784,1,opus,A10
LA_E_6623146,1,ulaw,A14
LA_E_6623196,1,opus,A08
LA_E_6623495,1,ulaw,A14
LA_E_6624576,0,gsm,bonafide
LA_E_6624893,0,opus,bonafide
LA_E_6625021,1,gsm,A12
LA_E_6625104,1,pstn,A19
LA_E_6625446,1,pstn,A09
LA_E_6625816,1,none,A11
LA_E_6625956,0,none,bonafide
LA_E_6626076,1,alaw,A18
LA_E_6626238,1,g722,A07
LA_E_6627103,0,ulaw,bonafide
LA_E_6627631,0,alaw,bonafide
LA_E_6627677,1,alaw,A11
LA_E_6628002,1,ulaw,A14
LA_E_6628160,1,pstn,A15
LA_E_6628197,1,opus,A12
LA_E_6628479,1,pstn,A10
LA_E_6629187,0,opus,bonafide
LA_E_6629441,0,alaw,bonafide
LA_E_6629964,1,none,A19
LA_E_6630762,1,opus,A07
LA_E_6631023,1,opus,A08
LA_E_6631101,1,pstn,A10
LA_E_6631188,1,pstn,A18
LA_E_6631296,0,none,bonafide
LA_E_6631298,1,opus,A10
LA_E_6631783,1,g722,A17
LA_E_6631894,1,g722,A10
LA_E_6631909,1,none,A08
LA_E_6632815,1,ulaw,A09
LA_E_6633032,1,g722,A17
LA_E_6633214,1,alaw,A12
LA_E_6633324,1,opus,A16
LA_E_6633972,1,ulaw,A18
LA_E_6634207,1,pstn,A18
LA_E_6634263,1,alaw,A17
LA_E_6634610,1,gsm,A09
LA_E_6635129,1,none,A09
LA_E_6635475,1,ulaw,A18
LA_E_6635615,1,none,A08
LA_E_6635724,1,opus,A17
LA_E_6636046,1,alaw,A11
LA_E_6636059,1,pstn,A12
LA_E_6636074,1,ulaw,A15
LA_E_6636339,1,g722,A18
LA_E_6636904,1,ulaw,A07
LA_E_6637610,1,none,A09
LA_E_6638509,1,ulaw,A18
LA_E_6638640,1,g722,A15
LA_E_6638675,1,none,A13
LA_E_6639131,1,opus,A07
LA_E_6639314,1,opus,A14
LA_E_6639833,1,gsm,A13
LA_E_6640289,1,opus,A08
LA_E_6640392,1,opus,A14
LA_E_6640421,1,alaw,A11
LA_E_6640806,1,alaw,A07
LA_E_6641343,1,opus,A18
LA_E_6641707,1,alaw,A08
LA_E_6642058,1,none,A10
LA_E_6642974,1,opus,A07
LA_E_6643034,1,opus,A17
LA_E_6643622,1,gsm,A07
LA_E_6643651,1,ulaw,A15
LA_E_6643760,1,gsm,A11
LA_E_6643972,1,ulaw,A18
LA_E_6643976,1,gsm,A18
LA_E_6644084,1,g722,A13
LA_E_6644215,1,opus,A13
LA_E_6644465,1,alaw,A13
LA_E_6644606,1,opus,A13
LA_E_6645069,1,gsm,A16
LA_E_6645393,1,none,A08
LA_E_6646075,1,gsm,A15
LA_E_6646181,1,ulaw,A17
LA_E_6646325,1,g722,A13
LA_E_6646352,1,gsm,A12
LA_E_6646462,1,ulaw,A13
LA_E_6647219,1,none,A08
LA_E_6647231,1,g722,A09
LA_E_6647398,1,none,A19
LA_E_6647409,1,pstn,A08
LA_E_6647440,1,gsm,A15
LA_E_6648468,1,opus,A12
LA_E_6648480,1,none,A11
LA_E_6648711,1,alaw,A07
LA_E_6648953,0,ulaw,bonafide
LA_E_6648965,1,opus,A10
LA_E_6649351,1,none,A08
LA_E_6649479,1,ulaw,A12
LA_E_6649717,0,gsm,bonafide
LA_E_6649859,1,opus,A16
LA_E_6649981,1,opus,A09
LA_E_6650859,1,g722,A17
LA_E_6651002,1,none,A12
LA_E_6651093,1,pstn,A13
LA_E_6651227,1,ulaw,A10
LA_E_6651342,1,opus,A14
LA_E_6651392,1,gsm,A18
LA_E_6651430,1,ulaw,A17
LA_E_6651585,1,gsm,A12
LA_E_6651749,1,pstn,A16
LA_E_6651773,1,gsm,A12
LA_E_6652063,1,gsm,A15
LA_E_6652370,1,ulaw,A16
LA_E_6652399,1,alaw,A11
LA_E_6652923,1,pstn,A11
LA_E_6653004,0,pstn,bonafide
LA_E_6653049,1,opus,A18
LA_E_6653537,1,pstn,A14
LA_E_6653694,1,g722,A19
LA_E_6654332,1,alaw,A19
LA_E_6654607,1,g722,A19
LA_E_6654737,1,ulaw,A18
LA_E_6654796,1,g722,A07
LA_E_6654818,1,g722,A15
LA_E_6654963,1,opus,A08
LA_E_6655089,1,ulaw,A17
LA_E_6655324,1,ulaw,A12
LA_E_6655473,1,pstn,A15
LA_E_6655573,1,opus,A11
LA_E_6655850,1,pstn,A15
LA_E_6655978,1,ulaw,A13
LA_E_6656001,1,gsm,A19
LA_E_6656475,1,alaw,A17
LA_E_6656518,1,ulaw,A17
LA_E_6656562,1,alaw,A13
LA_E_6657295,1,g722,A15
LA_E_6657633,1,none,A12
LA_E_6657978,1,g722,A14
LA_E_6658450,1,none,A10
LA_E_6659162,1,none,A12
LA_E_6659178,1,ulaw,A07
LA_E_6659323,0,none,bonafide
LA_E_6659740,1,alaw,A14
LA_E_6660023,1,g722,A08
LA_E_6660154,1,ulaw,A07
LA_E_6661050,1,opus,A08
LA_E_6661428,1,pstn,A13
LA_E_6661622,1,alaw,A07
LA_E_6661628,1,alaw,A17
LA_E_6661652,1,gsm,A08
LA_E_6661844,0,opus,bonafide
LA_E_6662162,1,alaw,A09
LA_E_6662283,1,ulaw,A09
LA_E_6662445,0,none,bonafide
LA_E_6662802,1,g722,A07
LA_E_6662810,1,ulaw,A19
LA_E_6663263,1,ulaw,A10
LA_E_6663696,1,ulaw,A16
LA_E_6664565,1,ulaw,A09
LA_E_6664593,1,opus,A09
LA_E_6664777,0,gsm,bonafide
LA_E_6664804,1,alaw,A08
LA_E_6664973,1,alaw,A17
LA_E_6665124,1,g722,A18
LA_E_6665171,1,g722,A14
LA_E_6665978,1,opus,A09
LA_E_6666282,1,none,A12
LA_E_6666451,1,alaw,A07
LA_E_6666569,1,ulaw,A14
LA_E_6666650,1,opus,A16
LA_E_6666951,1,alaw,A13
LA_E_6667084,1,g722,A07
LA_E_6667148,1,ulaw,A18
LA_E_6667218,0,ulaw,bonafide
LA_E_6667252,1,gsm,A07
LA_E_6667329,1,alaw,A15
LA_E_6668079,1,opus,A14
LA_E_6668409,1,pstn,A10
LA_E_6668442,0,gsm,bonafide
LA_E_6668670,1,alaw,A13
LA_E_6668740,1,g722,A12
LA_E_6668782,1,none,A13
LA_E_6668987,1,ulaw,A14
LA_E_6669376,1,g722,A14
LA_E_6669468,1,gsm,A18
LA_E_6669478,1,opus,A07
LA_E_6669959,1,opus,A14
LA_E_6670027,1,alaw,A07
LA_E_6670241,1,opus,A11
LA_E_6670786,1,alaw,A16
LA_E_6671007,1,none,A11
LA_E_6671119,1,pstn,A08
LA_E_6671154,1,none,A17
LA_E_6671180,1,alaw,A09
LA_E_6671276,1,opus,A07
LA_E_6671400,1,pstn,A09
LA_E_6671435,1,none,A19
LA_E_6671792,1,gsm,A11
LA_E_6671934,1,gsm,A18
LA_E_6672075,1,none,A10
LA_E_6672216,1,alaw,A10
LA_E_6672284,1,gsm,A16
LA_E_6672783,1,pstn,A13
LA_E_6673775,1,ulaw,A12
LA_E_6674178,1,pstn,A12
LA_E_6674239,1,opus,A19
LA_E_6674416,0,g722,bonafide
LA_E_6674512,1,alaw,A19
LA_E_6675023,1,pstn,A17
LA_E_6675762,1,none,A11
LA_E_6676483,1,pstn,A13
LA_E_6677964,1,none,A16
LA_E_6678104,1,alaw,A17
LA_E_6678973,1,none,A15
LA_E_6679148,0,pstn,bonafide
LA_E_6679766,1,opus,A14
LA_E_6680278,1,opus,A13
LA_E_6680890,1,ulaw,A19
LA_E_6680938,1,opus,A18
LA_E_6681174,1,gsm,A11
LA_E_6681197,0,alaw,bonafide
LA_E_6681420,0,opus,bonafide
LA_E_6681869,1,opus,A18
LA_E_6682090,1,none,A17
LA_E_6682579,1,alaw,A10
LA_E_6682636,1,none,A11
LA_E_6682935,0,gsm,bonafide
LA_E_6683649,1,alaw,A18
LA_E_6683804,0,opus,bonafide
LA_E_6683952,0,pstn,bonafide
LA_E_6684510,1,g722,A12
LA_E_6684949,1,pstn,A08
LA_E_6685085,1,g722,A09
LA_E_6685251,1,ulaw,A11
LA_E_6685610,1,ulaw,A16
LA_E_6686005,1,ulaw,A18
LA_E_6686007,1,pstn,A13
LA_E_6686010,1,pstn,A09
LA_E_6686126,1,pstn,A09
LA_E_6686282,1,gsm,A15
LA_E_6686475,1,none,A14
LA_E_6686543,0,ulaw,bonafide
LA_E_6686854,1,alaw,A08
LA_E_6686930,1,gsm,A18
LA_E_6688191,1,ulaw,A09
LA_E_6688310,1,gsm,A10
LA_E_6688492,1,alaw,A19
LA_E_6688557,1,gsm,A12
LA_E_6688632,1,none,A17
LA_E_6688668,1,alaw,A15
LA_E_6688876,1,gsm,A17
LA_E_6688989,1,gsm,A17
LA_E_6689052,1,ulaw,A14
LA_E_6689590,1,ulaw,A09
LA_E_6689891,1,alaw,A10
LA_E_6690062,1,opus,A09
LA_E_6690181,1,gsm,A14
LA_E_6691822,1,g722,A11
LA_E_6692122,1,gsm,A12
LA_E_6692420,1,g722,A11
LA_E_6692467,1,ulaw,A18
LA_E_6692512,1,opus,A17
LA_E_6692703,1,ulaw,A10
LA_E_6692806,1,gsm,A15
LA_E_6692824,1,gsm,A14
LA_E_6693475,1,gsm,A19
LA_E_6693649,0,gsm,bonafide
LA_E_6694032,1,opus,A11
LA_E_6694045,1,opus,A14
LA_E_6694194,1,ulaw,A13
LA_E_6694751,1,ulaw,A17
LA_E_6695125,1,pstn,A19
LA_E_6695272,0,opus,bonafide
LA_E_6695339,1,alaw,A16
LA_E_6695395,1,opus,A17
LA_E_6696165,1,g722,A16
LA_E_6696660,0,pstn,bonafide
LA_E_6697014,1,opus,A16
LA_E_6697118,1,opus,A09
LA_E_6697204,1,gsm,A17
LA_E_6697365,1,none,A15
LA_E_6697841,1,none,A07
LA_E_6697868,1,opus,A19
LA_E_6698611,1,opus,A10
LA_E_6698786,1,pstn,A16
LA_E_6698909,1,none,A14
LA_E_6698998,1,gsm,A11
LA_E_6699046,1,ulaw,A15
LA_E_6699954,1,ulaw,A19
LA_E_6700184,1,opus,A07
LA_E_6700508,1,alaw,A15
LA_E_6700760,1,gsm,A07
LA_E_6701302,1,gsm,A13
LA_E_6701520,1,ulaw,A07
LA_E_6701663,1,gsm,A19
LA_E_6702527,1,ulaw,A18
LA_E_6702668,1,none,A12
LA_E_6703053,1,ulaw,A11
LA_E_6703312,1,gsm,A09
LA_E_6703381,1,g722,A18
LA_E_6703913,1,none,A07
LA_E_6704208,0,g722,bonafide
LA_E_6704323,0,alaw,bonafide
LA_E_6704469,1,alaw,A15
LA_E_6704499,1,alaw,A14
LA_E_6704670,1,gsm,A11
LA_E_6705382,1,alaw,A12
LA_E_6705632,1,opus,A11
LA_E_6706198,1,pstn,A08
LA_E_6706432,1,none,A12
LA_E_6706713,0,g722,bonafide
LA_E_6707040,1,ulaw,A17
LA_E_6707596,1,alaw,A14
LA_E_6707815,1,alaw,A09
LA_E_6707900,1,alaw,A09
LA_E_6708038,1,opus,A17
LA_E_6708198,1,ulaw,A17
LA_E_6708266,1,none,A14
LA_E_6708422,0,ulaw,bonafide
LA_E_6708533,1,ulaw,A12
LA_E_6708796,1,g722,A07
LA_E_6708868,0,alaw,bonafide
LA_E_6708937,1,none,A16
LA_E_6709429,1,opus,A17
LA_E_6710041,1,ulaw,A11
LA_E_6710146,1,opus,A10
LA_E_6710161,1,ulaw,A14
LA_E_6710355,1,alaw,A16
LA_E_6710504,1,gsm,A18
LA_E_6710524,1,gsm,A13
LA_E_6710880,1,alaw,A13
LA_E_6711127,1,g722,A11
LA_E_6711170,1,gsm,A08
LA_E_6711356,0,g722,bonafide
LA_E_6711483,1,gsm,A19
LA_E_6711531,1,pstn,A07
LA_E_6711797,1,gsm,A16
LA_E_6711812,1,none,A18
LA_E_6711955,1,opus,A08
LA_E_6712074,1,none,A15
LA_E_6712751,1,g722,A07
LA_E_6712889,1,g722,A09
LA_E_6713219,1,pstn,A15
LA_E_6713789,1,g722,A15
LA_E_6714197,1,gsm,A08
LA_E_6714254,1,g722,A09
LA_E_6715717,1,gsm,A17
LA_E_6715852,1,opus,A09
LA_E_6715943,1,opus,A11
LA_E_6716606,1,none,A16
LA_E_6716795,0,gsm,bonafide
LA_E_6716998,1,gsm,A08
LA_E_6717019,1,none,A08
LA_E_6717044,1,alaw,A15
LA_E_6717668,1,ulaw,A11
LA_E_6717952,0,pstn,bonafide
LA_E_6718111,0,pstn,bonafide
LA_E_6718309,1,none,A11
LA_E_6718360,1,none,A07
LA_E_6718479,1,pstn,A10
LA_E_6718868,1,pstn,A08
LA_E_6719180,1,opus,A13
LA_E_6719355,0,g722,bonafide
LA_E_6719459,1,opus,A10
LA_E_6719908,1,g722,A15
LA_E_6719971,1,alaw,A10
LA_E_6720389,0,none,bonafide
LA_E_6721506,1,alaw,A09
LA_E_6722191,1,pstn,A11
LA_E_6722417,1,alaw,A10
LA_E_6722897,1,pstn,A10
LA_E_6722901,1,gsm,A09
LA_E_6722997,1,alaw,A14
LA_E_6723030,1,alaw,A17
LA_E_6723090,1,g722,A08
LA_E_6723379,1,alaw,A13
LA_E_6723442,1,ulaw,A15
LA_E_6723571,1,gsm,A15
LA_E_6723743,1,none,A19
LA_E_6723787,1,g722,A14
LA_E_6723961,1,gsm,A19
LA_E_6724610,1,g722,A08
LA_E_6724624,0,pstn,bonafide
LA_E_6724756,0,alaw,bonafide
LA_E_6725055,1,pstn,A12
LA_E_6725441,1,pstn,A14
LA_E_6725514,1,gsm,A11
LA_E_6726056,1,opus,A16
LA_E_6726102,1,opus,A07
LA_E_6726113,1,opus,A11
LA_E_6726468,1,gsm,A19
LA_E_6727490,1,none,A11
LA_E_6727598,1,pstn,A16
LA_E_6728007,1,alaw,A09
LA_E_6728093,0,opus,bonafide
LA_E_6728367,1,pstn,A07
LA_E_6728958,1,alaw,A08
LA_E_6729866,1,ulaw,A18
LA_E_6729964,1,pstn,A08
LA_E_6730032,1,gsm,A09
LA_E_6730138,1,none,A19
LA_E_6730637,1,ulaw,A09
LA_E_6730899,1,alaw,A07
LA_E_6730986,1,gsm,A15
LA_E_6731674,0,ulaw,bonafide
LA_E_6731842,1,none,A12
LA_E_6732216,1,opus,A17
LA_E_6732478,1,none,A08
LA_E_6732864,1,ulaw,A11
LA_E_6732920,0,pstn,bonafide
LA_E_6733095,1,g722,A09
LA_E_6733333,1,opus,A08
LA_E_6733370,1,opus,A13
LA_E_6733440,1,g722,A07
LA_E_6733745,1,opus,A14
LA_E_6733991,1,gsm,A13
LA_E_6734178,1,opus,A15
LA_E_6734800,1,opus,A17
LA_E_6735026,1,opus,A07
LA_E_6735190,1,none,A10
LA_E_6735312,1,pstn,A18
LA_E_6735701,1,none,A10
LA_E_6735782,1,alaw,A16
LA_E_6736052,1,pstn,A18
LA_E_6736108,1,g722,A14
LA_E_6736132,1,alaw,A10
LA_E_6736142,1,ulaw,A13
LA_E_6736175,1,gsm,A10
LA_E_6736634,0,g722,bonafide
LA_E_6736869,1,ulaw,A18
LA_E_6737245,1,ulaw,A08
LA_E_6738248,1,alaw,A14
LA_E_6738912,1,none,A17
LA_E_6738923,1,gsm,A07
LA_E_6738945,1,pstn,A18
LA_E_6739152,1,pstn,A07
LA_E_6739190,1,g722,A08
LA_E_6739473,1,opus,A14
LA_E_6739531,1,ulaw,A19
LA_E_6740412,1,g722,A14
LA_E_6740548,1,alaw,A07
LA_E_6740573,1,pstn,A12
LA_E_6741045,1,g722,A13
LA_E_6741488,1,ulaw,A13
LA_E_6741648,1,g722,A12
LA_E_6742104,1,alaw,A07
LA_E_6742209,1,none,A08
LA_E_6742308,1,pstn,A13
LA_E_6742464,1,ulaw,A09
LA_E_6743026,1,gsm,A15
LA_E_6743058,1,ulaw,A17
LA_E_6743125,1,ulaw,A11
LA_E_6743217,1,none,A16
LA_E_6743574,0,opus,bonafide
LA_E_6743717,1,gsm,A15
LA_E_6743866,1,gsm,A12
LA_E_6744048,1,alaw,A18
LA_E_6744076,1,ulaw,A12
LA_E_6744093,1,pstn,A09
LA_E_6744496,1,pstn,A17
LA_E_6744566,1,opus,A14
LA_E_6744767,1,none,A09
LA_E_6745021,1,gsm,A16
LA_E_6745197,1,opus,A19
LA_E_6745348,1,opus,A19
LA_E_6745376,1,alaw,A07
LA_E_6745613,0,ulaw,bonafide
LA_E_6745778,0,gsm,bonafide
LA_E_6745794,1,gsm,A17
LA_E_6745991,0,alaw,bonafide
LA_E_6746070,1,pstn,A13
LA_E_6746447,1,opus,A16
LA_E_6746510,1,pstn,A17
LA_E_6746984,1,opus,A19
LA_E_6747233,0,gsm,bonafide
LA_E_6747928,1,opus,A19
LA_E_6748677,1,ulaw,A12
LA_E_6749244,1,pstn,A08
LA_E_6750026,1,ulaw,A07
LA_E_6750546,1,g722,A08
LA_E_6750763,1,alaw,A16
LA_E_6750783,1,g722,A13
LA_E_6750867,1,g722,A15
LA_E_6750996,1,alaw,A09
LA_E_6751027,1,g722,A08
LA_E_6751546,1,g722,A19
LA_E_6751627,1,opus,A10
LA_E_6751794,1,ulaw,A12
LA_E_6752094,1,alaw,A18
LA_E_6752471,1,g722,A18
LA_E_6752502,0,gsm,bonafide
LA_E_6752637,1,pstn,A14
LA_E_6752715,1,gsm,A07
LA_E_6752729,0,pstn,bonafide
LA_E_6753278,1,ulaw,A18
LA_E_6754428,1,alaw,A08
LA_E_6754853,1,ulaw,A10
LA_E_6754982,1,ulaw,A09
LA_E_6755188,1,pstn,A14
LA_E_6755726,1,ulaw,A13
LA_E_6755883,1,g722,A09
LA_E_6756430,1,pstn,A18
LA_E_6756693,1,opus,A11
LA_E_6756848,1,g722,A17
LA_E_6757177,1,none,A09
LA_E_6757322,1,opus,A14
LA_E_6757473,1,none,A18
LA_E_6757900,0,none,bonafide
LA_E_6758245,1,ulaw,A18
LA_E_6759116,1,none,A11
LA_E_6759249,1,none,A08
LA_E_6759320,1,pstn,A13
LA_E_6759365,1,g722,A13
LA_E_6759389,1,ulaw,A12
LA_E_6760132,1,g722,A14
LA_E_6760249,1,alaw,A18
LA_E_6760421,1,none,A10
LA_E_6760696,1,g722,A17
LA_E_6760801,1,pstn,A12
LA_E_6760993,1,ulaw,A16
LA_E_6761584,1,none,A10
LA_E_6762100,1,ulaw,A11
LA_E_6762315,1,gsm,A07
LA_E_6762317,1,g722,A07
LA_E_6762523,1,none,A14
LA_E_6763224,1,gsm,A10
LA_E_6763645,1,g722,A14
LA_E_6763747,1,none,A07
LA_E_6763833,1,pstn,A08
LA_E_6764406,1,opus,A17
LA_E_6764505,1,alaw,A07
LA_E_6764514,1,gsm,A10
LA_E_6764758,1,ulaw,A19
LA_E_6764759,1,gsm,A11
LA_E_6765120,1,pstn,A13
LA_E_6765501,1,none,A10
LA_E_6765720,1,opus,A07
LA_E_6765816,1,gsm,A11
LA_E_6765931,1,pstn,A11
LA_E_6765973,1,gsm,A15
LA_E_6766258,1,gsm,A07
LA_E_6767113,1,g722,A13
LA_E_6767375,1,ulaw,A12
LA_E_6767463,1,alaw,A19
LA_E_6767854,1,opus,A13
LA_E_6768187,1,g722,A17
LA_E_6768517,0,none,bonafide
LA_E_6769047,1,ulaw,A07
LA_E_6769372,1,g722,A19
LA_E_6769375,1,ulaw,A19
LA_E_6770079,1,alaw,A16
LA_E_6770474,0,gsm,bonafide
LA_E_6770542,1,pstn,A11
LA_E_6770628,1,alaw,A12
LA_E_6770629,1,none,A07
LA_E_6771133,1,alaw,A14
LA_E_6771143,1,gsm,A18
LA_E_6771258,1,alaw,A08
LA_E_6771781,1,ulaw,A13
LA_E_6772206,1,gsm,A15
LA_E_6772460,1,opus,A12
LA_E_6772749,1,ulaw,A12
LA_E_6773141,1,g722,A07
LA_E_6773768,1,gsm,A17
LA_E_6774072,1,alaw,A09
LA_E_6774163,0,none,bonafide
LA_E_6774296,1,g722,A17
LA_E_6774537,1,g722,A18
LA_E_6774734,1,ulaw,A14
LA_E_6774887,1,none,A09
LA_E_6775042,1,g722,A07
LA_E_6775081,1,pstn,A11
LA_E_6775221,1,pstn,A14
LA_E_6775707,1,g722,A08
LA_E_6776222,1,pstn,A10
LA_E_6776469,1,ulaw,A17
LA_E_6776923,1,ulaw,A13
LA_E_6777102,1,alaw,A15
LA_E_6777248,1,alaw,A15
LA_E_6777263,1,g722,A11
LA_E_6777304,0,none,bonafide
LA_E_6777308,1,none,A13
LA_E_6777399,1,alaw,A11
LA_E_6777599,1,opus,A14
LA_E_6777822,1,opus,A18
LA_E_6777839,1,opus,A17
LA_E_6777867,1,none,A19
LA_E_6778087,0,opus,bonafide
LA_E_6778346,1,opus,A15
LA_E_6778515,1,g722,A16
LA_E_6779221,1,opus,A19
LA_E_6779309,1,alaw,A07
LA_E_6780220,0,none,bonafide
LA_E_6780226,1,pstn,A14
LA_E_6780559,1,pstn,A07
LA_E_6781075,1,gsm,A12
LA_E_6781125,1,ulaw,A07
LA_E_6782530,1,opus,A14
LA_E_6782727,1,pstn,A15
LA_E_6782731,1,gsm,A19
LA_E_6782927,1,ulaw,A10
LA_E_6783050,1,none,A13
LA_E_6783484,1,g722,A18
LA_E_6784250,1,none,A08
LA_E_6784969,1,alaw,A17
LA_E_6785130,1,none,A13
LA_E_6785402,1,pstn,A08
LA_E_6785498,1,gsm,A11
LA_E_6786964,1,g722,A08
LA_E_6787080,1,none,A18
LA_E_6787145,1,gsm,A12
LA_E_6787410,1,pstn,A09
LA_E_6787562,1,gsm,A07
LA_E_6787680,0,opus,bonafide
LA_E_6787842,1,pstn,A08
LA_E_6787996,1,pstn,A08
LA_E_6788409,1,opus,A16
LA_E_6788599,1,g722,A11
LA_E_6788901,1,pstn,A10
LA_E_6788930,1,gsm,A17
LA_E_6789063,1,opus,A08
LA_E_6789078,0,gsm,bonafide
LA_E_6789338,0,alaw,bonafide
LA_E_6789339,1,g722,A09
LA_E_6789468,1,opus,A08
LA_E_6789665,0,gsm,bonafide
LA_E_6789836,1,opus,A07
LA_E_6790036,1,opus,A14
LA_E_6790818,1,alaw,A13
LA_E_6790951,1,gsm,A15
LA_E_6791032,1,g722,A18
LA_E_6791341,1,opus,A07
LA_E_6791361,1,opus,A08
LA_E_6791446,1,pstn,A09
LA_E_6791457,1,gsm,A16
LA_E_6791719,1,g722,A18
LA_E_6791735,1,g722,A10
LA_E_6791809,1,pstn,A08
LA_E_6791851,1,ulaw,A10
LA_E_6791901,1,ulaw,A08
LA_E_6792005,1,g722,A07
LA_E_6792153,1,alaw,A12
LA_E_6792322,1,ulaw,A13
LA_E_6792427,1,g722,A15
LA_E_6792658,1,none,A07
LA_E_6792823,1,g722,A15
LA_E_6793076,1,none,A11
LA_E_6793464,1,g722,A17
LA_E_6793717,1,opus,A10
LA_E_6793841,1,ulaw,A11
LA_E_6793873,1,gsm,A17
LA_E_6794251,1,pstn,A11
LA_E_6794523,1,g722,A15
LA_E_6795589,1,g722,A11
LA_E_6796097,1,opus,A13
LA_E_6796307,1,g722,A17
LA_E_6796357,1,opus,A15
LA_E_6796370,1,ulaw,A13
LA_E_6796735,1,opus,A16
LA_E_6796761,0,none,bonafide
LA_E_6796926,1,ulaw,A10
LA_E_6797223,1,ulaw,A11
LA_E_6797837,1,g722,A15
LA_E_6798085,1,pstn,A10
LA_E_6798835,1,ulaw,A12
LA_E_6798917,1,pstn,A19
LA_E_6799029,1,ulaw,A16
LA_E_6799303,1,pstn,A12
LA_E_6799333,1,alaw,A12
LA_E_6799371,1,none,A14
LA_E_6799549,1,none,A17
LA_E_6799725,1,alaw,A10
LA_E_6800440,1,gsm,A17
LA_E_6800496,1,alaw,A14
LA_E_6800553,0,opus,bonafide
LA_E_6800651,0,pstn,bonafide
LA_E_6800735,1,pstn,A10
LA_E_6800854,1,pstn,A19
LA_E_6800973,1,g722,A12
LA_E_6800976,1,g722,A18
LA_E_6801029,1,pstn,A11
LA_E_6801095,1,pstn,A07
LA_E_6801141,1,pstn,A18
LA_E_6801346,1,alaw,A08
LA_E_6801396,1,alaw,A18
LA_E_6801398,1,opus,A09
LA_E_6801522,1,alaw,A12
LA_E_6801529,0,alaw,bonafide
LA_E_6801630,1,none,A17
LA_E_6802755,1,gsm,A16
LA_E_6803003,1,gsm,A14
LA_E_6803030,1,g722,A18
LA_E_6803234,1,gsm,A08
LA_E_6803693,1,alaw,A13
LA_E_6803758,1,alaw,A09
LA_E_6803784,1,g722,A11
LA_E_6803890,1,alaw,A12
LA_E_6803899,1,alaw,A12
LA_E_6803916,1,ulaw,A13
LA_E_6805003,1,ulaw,A08
LA_E_6805056,1,gsm,A13
LA_E_6805440,1,gsm,A16
LA_E_6805649,0,ulaw,bonafide
LA_E_6805926,1,alaw,A11
LA_E_6806308,1,g722,A17
LA_E_6806394,0,none,bonafide
LA_E_6806780,1,alaw,A09
LA_E_6806994,1,gsm,A10
LA_E_6807028,1,opus,A07
LA_E_6807420,1,pstn,A18
LA_E_6807967,1,gsm,A13
LA_E_6808372,1,opus,A08
LA_E_6808603,1,gsm,A18
LA_E_6808667,1,pstn,A07
LA_E_6808798,1,ulaw,A09
LA_E_6808922,1,ulaw,A15
LA_E_6809406,1,alaw,A14
LA_E_6809433,1,gsm,A11
LA_E_6810088,1,none,A09
LA_E_6810500,1,pstn,A07
LA_E_6811114,1,ulaw,A13
LA_E_6811156,1,opus,A15
LA_E_6811602,1,g722,A16
LA_E_6811605,1,gsm,A08
LA_E_6811698,1,none,A18
LA_E_6812208,1,alaw,A11
LA_E_6812240,1,gsm,A12
LA_E_6812288,1,ulaw,A15
LA_E_6812388,1,gsm,A18
LA_E_6813135,0,g722,bonafide
LA_E_6813681,1,ulaw,A12
LA_E_6813721,1,none,A09
LA_E_6813969,1,alaw,A14
LA_E_6814219,1,gsm,A16
LA_E_6815481,1,pstn,A10
LA_E_6815755,1,opus,A09
LA_E_6815810,1,g722,A12
LA_E_6815845,0,pstn,bonafide
LA_E_6815865,1,alaw,A14
LA_E_6815871,1,none,A11
LA_E_6816162,1,none,A08
LA_E_6816691,1,opus,A17
LA_E_6816988,1,gsm,A12
LA_E_6817075,0,gsm,bonafide
LA_E_6817083,1,none,A12
LA_E_6817180,1,gsm,A17
LA_E_6817603,0,alaw,bonafide
LA_E_6817797,1,alaw,A15
LA_E_6818096,1,gsm,A14
LA_E_6818277,1,ulaw,A15
LA_E_6818298,1,g722,A19
LA_E_6818348,1,g722,A15
LA_E_6818549,1,none,A11
LA_E_6818655,0,pstn,bonafide
LA_E_6818711,1,pstn,A15
LA_E_6819619,0,gsm,bonafide
LA_E_6819736,1,gsm,A13
LA_E_6820727,0,opus,bonafide
LA_E_6821057,1,g722,A12
LA_E_6821132,1,pstn,A13
LA_E_6821228,1,ulaw,A18
LA_E_6821625,1,gsm,A19
LA_E_6821636,1,opus,A12
LA_E_6821817,0,g722,bonafide
LA_E_6821849,1,ulaw,A18
LA_E_6822008,1,ulaw,A09
LA_E_6822160,1,ulaw,A11
LA_E_6822361,1,ulaw,A07
LA_E_6822376,1,alaw,A07
LA_E_6822452,0,pstn,bonafide
LA_E_6822509,0,gsm,bonafide
LA_E_6822788,1,ulaw,A12
LA_E_6823581,1,g722,A08
LA_E_6824177,1,opus,A15
LA_E_6824287,1,none,A12
LA_E_6824614,1,pstn,A13
LA_E_6825158,0,ulaw,bonafide
LA_E_6825374,1,none,A09
LA_E_6825474,1,ulaw,A14
LA_E_6825574,1,g722,A16
LA_E_6825921,1,alaw,A12
LA_E_6825943,1,ulaw,A11
LA_E_6826292,1,gsm,A13
LA_E_6826316,1,pstn,A07
LA_E_6826432,1,ulaw,A14
LA_E_6826652,0,pstn,bonafide
LA_E_6826751,1,ulaw,A08
LA_E_6826914,1,opus,A16
LA_E_6827406,1,none,A07
LA_E_6827486,1,gsm,A09
LA_E_6827547,1,ulaw,A13
LA_E_6828593,1,ulaw,A13
LA_E_6828726,1,none,A10
LA_E_6828795,1,opus,A08
LA_E_6828801,1,g722,A12
LA_E_6828886,1,none,A07
LA_E_6828959,1,gsm,A15
LA_E_6829005,1,opus,A09
LA_E_6829051,1,opus,A17
LA_E_6829470,1,opus,A10
LA_E_6829644,0,none,bonafide
LA_E_6830687,1,pstn,A13
LA_E_6830767,1,pstn,A14
LA_E_6830858,1,pstn,A17
LA_E_6831029,1,g722,A17
LA_E_6831638,1,g722,A18
LA_E_6831719,1,gsm,A11
LA_E_6831826,1,opus,A15
LA_E_6831921,1,gsm,A11
LA_E_6832018,1,ulaw,A17
LA_E_6832087,1,ulaw,A17
LA_E_6832486,1,opus,A07
LA_E_6832714,0,gsm,bonafide
LA_E_6832717,0,gsm,bonafide
LA_E_6833221,1,ulaw,A08
LA_E_6833625,1,gsm,A10
LA_E_6833811,1,gsm,A11
LA_E_6833829,0,g722,bonafide
LA_E_6834492,1,gsm,A09
LA_E_6835098,1,opus,A07
LA_E_6835250,1,opus,A09
LA_E_6835807,1,g722,A11
LA_E_6836102,1,opus,A11
LA_E_6836668,1,g722,A16
LA_E_6836751,1,pstn,A13
LA_E_6836879,1,alaw,A10
LA_E_6837431,1,gsm,A18
LA_E_6837662,1,gsm,A10
LA_E_6838154,1,pstn,A12
LA_E_6838300,1,ulaw,A18
LA_E_6838385,1,pstn,A15
LA_E_6838507,1,ulaw,A17
LA_E_6838745,1,alaw,A12
LA_E_6838879,1,pstn,A11
LA_E_6838943,1,gsm,A19
LA_E_6838951,0,gsm,bonafide
LA_E_6839193,1,ulaw,A12
LA_E_6839273,1,none,A12
LA_E_6839290,1,opus,A19
LA_E_6839604,1,g722,A10
LA_E_6839885,1,opus,A16
LA_E_6840163,1,ulaw,A10
LA_E_6840873,1,alaw,A08
LA_E_6841479,1,gsm,A15
LA_E_6841910,1,alaw,A15
LA_E_6842163,1,gsm,A16
LA_E_6842382,0,none,bonafide
LA_E_6842499,1,none,A09
LA_E_6842674,1,opus,A09
LA_E_6842703,1,g722,A13
LA_E_6842980,1,gsm,A16
LA_E_6843828,0,alaw,bonafide
LA_E_6844071,1,ulaw,A08
LA_E_6844270,1,opus,A07
LA_E_6844325,1,g722,A11
LA_E_6844803,1,none,A08
LA_E_6846290,1,g722,A07
LA_E_6846574,1,gsm,A19
LA_E_6846896,1,opus,A14
LA_E_6846921,1,alaw,A17
LA_E_6847925,1,opus,A12
LA_E_6847936,0,g722,bonafide
LA_E_6848081,1,none,A18
LA_E_6848413,1,pstn,A17
LA_E_6849052,1,ulaw,A11
LA_E_6849220,1,ulaw,A14
LA_E_6849865,1,ulaw,A15
LA_E_6849915,1,opus,A12
LA_E_6850393,1,pstn,A09
LA_E_6850599,1,g722,A10
LA_E_6850754,1,ulaw,A10
LA_E_6850869,1,ulaw,A15
LA_E_6851118,1,alaw,A19
LA_E_6851146,1,alaw,A10
LA_E_6851310,1,opus,A13
LA_E_6851485,1,opus,A18
LA_E_6851492,1,alaw,A17
LA_E_6851640,1,alaw,A16
LA_E_6851896,1,ulaw,A17
LA_E_6852161,1,gsm,A10
LA_E_6852236,1,ulaw,A10
LA_E_6852497,1,ulaw,A08
LA_E_6852576,1,pstn,A11
LA_E_6852916,1,pstn,A11
LA_E_6852956,1,none,A07
LA_E_6854388,0,ulaw,bonafide
LA_E_6855327,1,ulaw,A18
LA_E_6855994,1,ulaw,A15
LA_E_6856154,1,alaw,A14
LA_E_6856205,1,none,A18
LA_E_6856447,1,none,A12
LA_E_6857293,1,ulaw,A19
LA_E_6857719,1,g722,A10
LA_E_6857773,1,ulaw,A13
LA_E_6857900,1,ulaw,A07
LA_E_6858040,1,opus,A08
LA_E_6858135,1,alaw,A12
LA_E_6858206,1,none,A10
LA_E_6858420,1,ulaw,A17
LA_E_6858431,1,ulaw,A17
LA_E_6858497,1,gsm,A18
LA_E_6858731,1,opus,A16
LA_E_6859324,1,ulaw,A08
LA_E_6859413,1,pstn,A17
LA_E_6859905,1,alaw,A18
LA_E_6860063,1,g722,A13
LA_E_6860608,1,pstn,A17
LA_E_6860645,1,pstn,A08
LA_E_6861002,1,alaw,A17
LA_E_6861498,1,g722,A13
LA_E_6861611,1,opus,A18
LA_E_6861721,1,opus,A09
LA_E_6861862,1,pstn,A10
LA_E_6861886,0,g722,bonafide
LA_E_6862003,1,alaw,A08
LA_E_6862025,1,none,A15
LA_E_6862065,0,ulaw,bonafide
LA_E_6862168,1,gsm,A13
LA_E_6862413,0,gsm,bonafide
LA_E_6862497,1,pstn,A16
LA_E_6862640,1,pstn,A11
LA_E_6862655,1,pstn,A10
LA_E_6862926,1,none,A13
LA_E_6862963,1,alaw,A08
LA_E_6862997,1,none,A13
LA_E_6863074,1,alaw,A19
LA_E_6863465,1,ulaw,A11
LA_E_6863541,1,ulaw,A12
LA_E_6863635,1,opus,A15
LA_E_6863710,1,opus,A11
LA_E_6864257,1,opus,A07
LA_E_6864351,1,g722,A12
LA_E_6864407,1,ulaw,A14
LA_E_6864451,1,opus,A09
LA_E_6864643,1,ulaw,A09
LA_E_6864733,1,none,A16
LA_E_6864772,1,gsm,A07
LA_E_6864874,1,g722,A12
LA_E_6865279,1,none,A14
LA_E_6865374,1,opus,A12
LA_E_6865876,1,none,A12
LA_E_6865895,1,g722,A11
LA_E_6865897,1,opus,A15
LA_E_6866159,1,alaw,A07
LA_E_6866224,1,none,A19
LA_E_6866689,1,gsm,A09
LA_E_6867190,1,gsm,A17
LA_E_6867277,1,ulaw,A07
LA_E_6867479,1,pstn,A14
LA_E_6867629,1,ulaw,A18
LA_E_6868135,1,opus,A14
LA_E_6868579,1,ulaw,A10
LA_E_6868646,1,pstn,A08
LA_E_6869078,1,opus,A10
LA_E_6869119,1,gsm,A17
LA_E_6869361,1,pstn,A17
LA_E_6870168,1,ulaw,A16
LA_E_6870273,1,none,A15
LA_E_6870391,1,opus,A17
LA_E_6870481,1,pstn,A11
LA_E_6870813,1,g722,A15
LA_E_6870908,1,ulaw,A16
LA_E_6871890,1,gsm,A15
LA_E_6871905,1,alaw,A18
LA_E_6872032,1,ulaw,A09
LA_E_6872460,1,alaw,A13
LA_E_6872656,1,opus,A18
LA_E_6872715,1,none,A18
LA_E_6872865,1,none,A08
LA_E_6872954,1,gsm,A16
LA_E_6873384,0,opus,bonafide
LA_E_6873399,1,opus,A11
LA_E_6873596,1,pstn,A18
LA_E_6873818,1,g722,A07
LA_E_6873864,1,gsm,A12
LA_E_6874234,1,g722,A12
LA_E_6874678,1,gsm,A10
LA_E_6874840,1,opus,A14
LA_E_6875096,1,gsm,A07
LA_E_6875158,1,pstn,A08
LA_E_6875589,1,pstn,A11
LA_E_6875747,1,none,A17
LA_E_6876025,1,none,A07
LA_E_6876644,0,pstn,bonafide
LA_E_6876785,1,gsm,A09
LA_E_6876812,1,ulaw,A15
LA_E_6876902,1,g722,A16
LA_E_6876961,1,alaw,A16
LA_E_6877335,1,g722,A16
LA_E_6877505,1,opus,A07
LA_E_6877679,1,alaw,A19
LA_E_6878483,1,g722,A10
LA_E_6878561,1,alaw,A15
LA_E_6878803,1,opus,A11
LA_E_6879061,1,pstn,A12
LA_E_6879307,1,opus,A08
LA_E_6879347,0,opus,bonafide
LA_E_6880044,1,none,A14
LA_E_6880198,1,none,A08
LA_E_6880813,1,none,A13
LA_E_6880950,0,gsm,bonafide
LA_E_6881135,1,opus,A13
LA_E_6881537,1,ulaw,A16
LA_E_6881608,1,gsm,A14
LA_E_6881613,1,opus,A13
LA_E_6883146,1,gsm,A19
LA_E_6883588,1,alaw,A15
LA_E_6884392,1,pstn,A15
LA_E_6884519,1,ulaw,A07
LA_E_6884785,1,opus,A08
LA_E_6885018,1,g722,A10
LA_E_6885074,1,none,A17
LA_E_6885216,1,none,A10
LA_E_6885634,1,alaw,A14
LA_E_6885638,1,gsm,A13
LA_E_6885737,1,gsm,A16
LA_E_6885783,1,ulaw,A14
LA_E_6885943,0,gsm,bonafide
LA_E_6886245,1,g722,A13
LA_E_6886489,1,gsm,A12
LA_E_6886920,1,pstn,A17
LA_E_6887090,1,alaw,A13
LA_E_6887096,1,none,A12
LA_E_6887275,1,g722,A13
LA_E_6887554,1,alaw,A10
LA_E_6887854,0,opus,bonafide
LA_E_6888092,1,alaw,A10
LA_E_6888657,1,alaw,A16
LA_E_6888710,1,opus,A14
LA_E_6889194,1,gsm,A17
LA_E_6889314,1,gsm,A12
LA_E_6889434,1,opus,A07
LA_E_6889471,0,opus,bonafide
LA_E_6889686,1,gsm,A13
LA_E_6889766,0,alaw,bonafide
LA_E_6889963,1,g722,A15
LA_E_6890036,1,gsm,A09
LA_E_6890559,1,ulaw,A08
LA_E_6890642,0,alaw,bonafide
LA_E_6891320,1,opus,A18
LA_E_6891533,1,alaw,A14
LA_E_6891623,1,g722,A18
LA_E_6892580,1,none,A07
LA_E_6892826,1,g722,A16
LA_E_6892893,0,gsm,bonafide
LA_E_6893334,0,ulaw,bonafide
LA_E_6893482,1,ulaw,A07
LA_E_6893558,1,alaw,A07
LA_E_6893561,1,g722,A16
LA_E_6893674,1,g722,A19
LA_E_6894223,1,none,A14
LA_E_6894257,1,opus,A16
LA_E_6894439,1,gsm,A08
LA_E_6894536,1,gsm,A08
LA_E_6894649,1,g722,A09
LA_E_6894854,1,ulaw,A07
LA_E_6895011,1,pstn,A17
LA_E_6895199,1,g722,A17
LA_E_6895271,0,gsm,bonafide
LA_E_6895294,1,ulaw,A18
LA_E_6895486,1,opus,A13
LA_E_6895942,1,g722,A09
LA_E_6895984,1,opus,A12
LA_E_6896215,1,gsm,A15
LA_E_6896617,1,gsm,A13
LA_E_6896972,1,none,A11
LA_E_6897108,1,ulaw,A14
LA_E_6897225,1,none,A10
LA_E_6897351,1,opus,A13
LA_E_6897409,0,g722,bonafide
LA_E_6897798,1,opus,A07
LA_E_6897889,1,none,A19
LA_E_6898493,1,ulaw,A11
LA_E_6898613,1,pstn,A19
LA_E_6899550,0,none,bonafide
LA_E_6899785,1,opus,A12
LA_E_6899829,1,g722,A07
LA_E_6899889,1,opus,A08
LA_E_6900078,1,pstn,A16
LA_E_6900098,1,opus,A08
LA_E_6900240,1,ulaw,A13
LA_E_6900475,1,pstn,A16
LA_E_6900523,1,g722,A14
LA_E_6900726,1,gsm,A18
LA_E_6900946,1,gsm,A12
LA_E_6901181,1,g722,A11
LA_E_6901187,1,ulaw,A12
LA_E_6901202,0,g722,bonafide
LA_E_6901389,1,none,A16
LA_E_6901757,1,alaw,A08
LA_E_6901989,1,ulaw,A13
LA_E_6902005,1,opus,A13
LA_E_6902052,1,gsm,A19
LA_E_6902340,0,alaw,bonafide
LA_E_6902357,1,g722,A07
LA_E_6902711,1,ulaw,A09
LA_E_6903162,1,pstn,A17
LA_E_6903169,1,g722,A09
LA_E_6903423,1,pstn,A07
LA_E_6903944,0,alaw,bonafide
LA_E_6904852,1,gsm,A09
LA_E_6904927,1,ulaw,A08
LA_E_6905049,1,gsm,A07
LA_E_6905947,1,opus,A13
LA_E_6906106,1,ulaw,A13
LA_E_6906300,1,gsm,A16
LA_E_6906354,1,opus,A19
LA_E_6906708,1,none,A10
LA_E_6906762,1,ulaw,A10
LA_E_6906803,0,none,bonafide
LA_E_6906873,0,gsm,bonafide
LA_E_6906974,1,ulaw,A18
LA_E_6907268,1,pstn,A18
LA_E_6907466,1,g722,A10
LA_E_6908217,0,alaw,bonafide
LA_E_6908685,1,alaw,A11
LA_E_6908833,1,ulaw,A18
LA_E_6908937,1,none,A19
LA_E_6909171,1,gsm,A16
LA_E_6909218,1,alaw,A09
LA_E_6909331,1,pstn,A11
LA_E_6909634,1,opus,A11
LA_E_6910027,1,gsm,A18
LA_E_6910593,1,g722,A08
LA_E_6910602,1,gsm,A17
LA_E_6910666,1,alaw,A11
LA_E_6910680,1,ulaw,A10
LA_E_6911931,0,gsm,bonafide
LA_E_6911954,1,alaw,A19
LA_E_6912618,1,ulaw,A19
LA_E_6912839,1,pstn,A08
LA_E_6912882,1,gsm,A09
LA_E_6912891,1,gsm,A13
LA_E_6912929,1,pstn,A12
LA_E_6912936,0,ulaw,bonafide
LA_E_6913303,1,gsm,A18
LA_E_6913326,1,opus,A18
LA_E_6913458,0,opus,bonafide
LA_E_6913558,1,g722,A17
LA_E_6913814,1,opus,A19
LA_E_6914238,1,alaw,A11
LA_E_6914339,1,none,A07
LA_E_6914455,1,opus,A17
LA_E_6915167,1,ulaw,A11
LA_E_6915621,0,pstn,bonafide
LA_E_6915773,0,gsm,bonafide
LA_E_6915907,1,g722,A18
LA_E_6916153,1,opus,A09
LA_E_6916281,1,none,A18
LA_E_6916341,1,alaw,A12
LA_E_6916666,1,alaw,A16
LA_E_6916820,1,none,A10
LA_E_6917963,0,ulaw,bonafide
LA_E_6918085,1,pstn,A07
LA_E_6918469,1,gsm,A12
LA_E_6919090,1,pstn,A07
LA_E_6919258,1,ulaw,A19
LA_E_6919393,1,gsm,A15
LA_E_6919472,0,g722,bonafide
LA_E_6919527,1,ulaw,A19
LA_E_6919803,1,none,A15
LA_E_6920005,0,pstn,bonafide
LA_E_6920256,1,opus,A13
LA_E_6920388,1,g722,A08
LA_E_6920508,0,ulaw,bonafide
LA_E_6920540,1,ulaw,A13
LA_E_6920562,1,opus,A14
LA_E_6920787,1,pstn,A15
LA_E_6921152,1,g722,A08
LA_E_6921222,0,none,bonafide
LA_E_6922270,1,gsm,A10
LA_E_6922331,1,alaw,A14
LA_E_6922474,1,alaw,A16
LA_E_6922545,1,opus,A10
LA_E_6922806,1,ulaw,A13
LA_E_6922981,1,opus,A11
LA_E_6923304,1,opus,A11
LA_E_6923521,1,gsm,A07
LA_E_6924332,0,opus,bonafide
LA_E_6924413,1,gsm,A08
LA_E_6924786,1,alaw,A17
LA_E_6925405,1,g722,A10
LA_E_6925694,1,ulaw,A17
LA_E_6926018,0,g722,bonafide
LA_E_6926087,1,none,A12
LA_E_6926270,1,g722,A18
LA_E_6926343,1,gsm,A19
LA_E_6926762,1,ulaw,A07
LA_E_6927150,1,none,A07
LA_E_6927489,1,gsm,A19
LA_E_6927511,1,none,A14
LA_E_6927594,1,ulaw,A11
LA_E_6927905,1,g722,A16
LA_E_6928159,0,ulaw,bonafide
LA_E_6928181,1,gsm,A10
LA_E_6928651,1,none,A19
LA_E_6928853,1,ulaw,A08
LA_E_6928919,1,opus,A13
LA_E_6929373,1,opus,A19
LA_E_6930543,1,gsm,A16
LA_E_6930612,0,ulaw,bonafide
LA_E_6930621,1,ulaw,A17
LA_E_6931070,1,opus,A16
LA_E_6931500,0,opus,bonafide
LA_E_6931584,1,gsm,A13
LA_E_6931607,1,none,A10
LA_E_6931791,1,ulaw,A19
LA_E_6931814,1,opus,A16
LA_E_6931830,1,ulaw,A15
LA_E_6931853,1,pstn,A17
LA_E_6931899,1,g722,A07
LA_E_6932056,1,g722,A17
LA_E_6932483,1,ulaw,A13
LA_E_6932876,1,pstn,A10
LA_E_6933035,1,none,A15
LA_E_6933081,1,g722,A18
LA_E_6933175,1,pstn,A12
LA_E_6933514,0,pstn,bonafide
LA_E_6933899,1,none,A12
LA_E_6934057,0,alaw,bonafide
LA_E_6934168,1,g722,A15
LA_E_6934332,1,none,A19
LA_E_6934592,1,none,A18
LA_E_6934677,1,opus,A12
LA_E_6934947,1,g722,A08
LA_E_6934976,1,alaw,A18
LA_E_6935271,1,opus,A15
LA_E_6935614,0,none,bonafide
LA_E_6936567,1,pstn,A16
LA_E_6936570,1,g722,A17
LA_E_6936735,1,gsm,A10
LA_E_6936865,1,pstn,A15
LA_E_6937183,1,ulaw,A09
LA_E_6937338,1,g722,A17
LA_E_6937424,1,g722,A12
LA_E_6937703,1,g722,A17
LA_E_6937841,1,alaw,A17
LA_E_6938155,1,gsm,A07
LA_E_6939284,1,alaw,A13
LA_E_6939709,1,g722,A15
LA_E_6940136,1,gsm,A16
LA_E_6941002,1,opus,A11
LA_E_6941372,1,gsm,A16
LA_E_6941407,1,g722,A15
LA_E_6941602,1,none,A16
LA_E_6941798,1,opus,A19
LA_E_6941942,1,pstn,A09
LA_E_6942035,0,opus,bonafide
LA_E_6942227,1,g722,A12
LA_E_6943719,1,opus,A12
LA_E_6944382,1,none,A19
LA_E_6945101,1,none,A16
LA_E_6945527,0,opus,bonafide
LA_E_6945997,1,ulaw,A11
LA_E_6946090,1,g722,A07
LA_E_6946827,1,alaw,A09
LA_E_6947063,1,pstn,A09
LA_E_6947561,1,ulaw,A18
LA_E_6948088,1,ulaw,A14
LA_E_6948582,1,ulaw,A07
LA_E_6948878,1,alaw,A18
LA_E_6949196,1,alaw,A07
LA_E_6949322,0,none,bonafide
LA_E_6949419,1,ulaw,A13
LA_E_6950386,1,pstn,A07
LA_E_6950511,1,none,A14
LA_E_6950706,1,ulaw,A14
LA_E_6951094,1,gsm,A12
LA_E_6951423,1,gsm,A19
LA_E_6951762,1,none,A12
LA_E_6951839,1,g722,A13
LA_E_6951875,1,none,A14
LA_E_6951935,1,opus,A13
LA_E_6952411,1,gsm,A11
LA_E_6952531,1,g722,A13
LA_E_6952899,1,gsm,A07
LA_E_6953255,1,opus,A07
LA_E_6953278,1,alaw,A10
LA_E_6953497,1,opus,A16
LA_E_6953585,1,opus,A08
LA_E_6954353,1,g722,A12
LA_E_6954474,1,gsm,A14
LA_E_6955617,1,pstn,A11
LA_E_6955783,1,none,A13
LA_E_6955836,0,alaw,bonafide
LA_E_6955882,1,alaw,A13
LA_E_6956696,1,pstn,A19
LA_E_6956729,1,g722,A08
LA_E_6957070,1,ulaw,A12
LA_E_6957497,1,g722,A09
LA_E_6957624,1,pstn,A08
LA_E_6957703,1,none,A18
LA_E_6957717,1,none,A17
LA_E_6957859,1,ulaw,A07
LA_E_6958000,1,pstn,A08
LA_E_6958338,1,none,A12
LA_E_6958380,1,none,A07
LA_E_6958580,1,gsm,A14
LA_E_6958830,1,gsm,A10
LA_E_6958905,1,ulaw,A13
LA_E_6958945,1,gsm,A16
LA_E_6959059,1,ulaw,A11
LA_E_6959108,1,alaw,A09
LA_E_6959259,1,gsm,A11
LA_E_6959648,1,g722,A16
LA_E_6959950,1,ulaw,A14
LA_E_6960214,1,pstn,A14
LA_E_6960454,0,opus,bonafide
LA_E_6960485,1,opus,A14
LA_E_6960521,1,opus,A18
LA_E_6960645,1,ulaw,A12
LA_E_6960691,1,opus,A13
LA_E_6960865,0,pstn,bonafide
LA_E_6961132,1,g722,A11
LA_E_6961607,1,opus,A09
LA_E_6961846,1,alaw,A11
LA_E_6961914,0,none,bonafide
LA_E_6961954,1,none,A17
LA_E_6962480,1,g722,A18
LA_E_6962828,1,opus,A07
LA_E_6962834,1,gsm,A08
LA_E_6962843,1,opus,A16
LA_E_6962869,1,opus,A09
LA_E_6963017,0,alaw,bonafide
LA_E_6963211,0,none,bonafide
LA_E_6963813,1,pstn,A13
LA_E_6963974,1,g722,A08
LA_E_6964102,1,alaw,A17
LA_E_6964337,1,opus,A08
LA_E_6964708,0,none,bonafide
LA_E_6965314,1,gsm,A11
LA_E_6965362,1,gsm,A07
LA_E_6965491,1,g722,A16
LA_E_6965821,1,alaw,A19
LA_E_6965882,1,g722,A16
LA_E_6966036,1,alaw,A17
LA_E_6966282,1,g722,A12
LA_E_6966713,1,alaw,A10
LA_E_6966903,1,opus,A10
LA_E_6967361,1,none,A16
LA_E_6967559,1,ulaw,A08
LA_E_6967940,1,ulaw,A15
LA_E_6968043,1,none,A09
LA_E_6968185,1,g722,A16
LA_E_6968581,1,ulaw,A16
LA_E_6968650,1,g722,A11
LA_E_6968779,1,alaw,A18
LA_E_6969575,1,alaw,A08
LA_E_6970736,1,opus,A16
LA_E_6971232,1,ulaw,A10
LA_E_6971332,1,ulaw,A16
LA_E_6971558,0,alaw,bonafide
LA_E_6971890,1,pstn,A16
LA_E_6972602,1,opus,A18
LA_E_6972649,1,gsm,A16
LA_E_6973743,1,gsm,A11
LA_E_6974166,1,opus,A13
LA_E_6975326,1,none,A09
LA_E_6975523,1,g722,A19
LA_E_6976684,0,none,bonafide
LA_E_6976855,1,gsm,A17
LA_E_6977244,1,ulaw,A14
LA_E_6977249,1,none,A16
LA_E_6978667,1,none,A18
LA_E_6978990,1,alaw,A18
LA_E_6979096,0,opus,bonafide
LA_E_6979213,1,g722,A08
LA_E_6979632,1,gsm,A13
LA_E_6979675,1,gsm,A15
LA_E_6979715,1,none,A10
LA_E_6979736,0,opus,bonafide
LA_E_6980100,1,none,A19
LA_E_6980477,1,none,A16
LA_E_6980618,1,none,A16
LA_E_6980715,1,none,A09
LA_E_6981069,1,ulaw,A18
LA_E_6981840,1,alaw,A15
LA_E_6982239,1,g722,A10
LA_E_6982333,1,alaw,A14
LA_E_6982635,1,alaw,A14
LA_E_6983677,1,gsm,A11
LA_E_6983698,1,gsm,A10
LA_E_6983715,1,ulaw,A15
LA_E_6984124,1,none,A18
LA_E_6984256,1,gsm,A10
LA_E_6984375,1,none,A16
LA_E_6984394,1,gsm,A10
LA_E_6984630,1,ulaw,A17
LA_E_6984794,0,alaw,bonafide
LA_E_6984838,1,gsm,A18
LA_E_6985613,0,gsm,bonafide
LA_E_6985706,1,ulaw,A17
LA_E_6985728,1,none,A13
LA_E_6985917,1,gsm,A17
LA_E_6985948,0,ulaw,bonafide
LA_E_6986498,0,alaw,bonafide
LA_E_6986542,1,pstn,A18
LA_E_6986865,1,opus,A07
LA_E_6987344,0,ulaw,bonafide
LA_E_6987480,1,none,A19
LA_E_6988198,1,gsm,A09
LA_E_6988317,1,opus,A15
LA_E_6988419,1,ulaw,A15
LA_E_6988917,0,pstn,bonafide
LA_E_6988929,1,ulaw,A08
LA_E_6989300,1,pstn,A13
LA_E_6990003,1,pstn,A11
LA_E_6990111,1,ulaw,A09
LA_E_6990258,1,ulaw,A15
LA_E_6990367,1,ulaw,A10
LA_E_6990373,1,gsm,A14
LA_E_6990466,0,pstn,bonafide
LA_E_6990580,1,opus,A15
LA_E_6990624,1,none,A18
LA_E_6991647,1,alaw,A16
LA_E_6992249,1,ulaw,A13
LA_E_6992448,1,gsm,A10
LA_E_6992722,1,none,A08
LA_E_6993808,1,gsm,A08
LA_E_6993950,1,ulaw,A16
LA_E_6994162,1,alaw,A10
LA_E_6994238,1,pstn,A10
LA_E_6994399,1,gsm,A19
LA_E_6994519,1,opus,A11
LA_E_6994653,1,gsm,A13
LA_E_6994724,1,ulaw,A19
LA_E_6995183,1,pstn,A12
LA_E_6995535,1,pstn,A16
LA_E_6995536,1,ulaw,A19
LA_E_6996990,1,opus,A12
LA_E_6997129,1,none,A08
LA_E_6997257,0,alaw,bonafide
LA_E_6997336,1,pstn,A19
LA_E_6997489,1,none,A18
LA_E_6997678,1,ulaw,A17
LA_E_6997708,1,none,A18
LA_E_6997977,1,g722,A16
LA_E_6998431,1,ulaw,A11
LA_E_6998539,1,pstn,A18
LA_E_6998597,1,alaw,A13
LA_E_6998696,1,ulaw,A14
LA_E_6998818,1,ulaw,A12
LA_E_6999827,1,alaw,A17
LA_E_6999850,1,gsm,A15
LA_E_7000047,1,opus,A14
LA_E_7000327,1,gsm,A18
LA_E_7000340,1,g722,A14
LA_E_7000452,1,none,A19
LA_E_7000617,1,alaw,A19
LA_E_7000729,1,none,A19
LA_E_7001821,1,gsm,A17
LA_E_7002532,0,pstn,bonafide
LA_E_7003120,1,gsm,A16
LA_E_7004936,1,opus,A07
LA_E_7005183,1,alaw,A11
LA_E_7005483,0,opus,bonafide
LA_E_7005910,1,gsm,A07
LA_E_7006247,1,ulaw,A16
LA_E_7006330,1,g722,A08
LA_E_7006345,1,pstn,A12
LA_E_7006405,1,none,A15
LA_E_7006577,1,ulaw,A17
LA_E_7007759,1,opus,A08
LA_E_7007793,1,opus,A10
LA_E_7007844,1,none,A12
LA_E_7008261,1,alaw,A11
LA_E_7008307,0,gsm,bonafide
LA_E_7008394,0,opus,bonafide
LA_E_7008820,0,ulaw,bonafide
LA_E_7008923,1,g722,A17
LA_E_7009309,1,opus,A18
LA_E_7009469,1,g722,A15
LA_E_7010670,1,none,A10
LA_E_7010695,1,alaw,A15
LA_E_7010970,1,gsm,A15
LA_E_7011353,1,opus,A07
LA_E_7011803,1,ulaw,A09
LA_E_7012282,1,g722,A15
LA_E_7012317,1,opus,A16
LA_E_7012413,1,opus,A18
LA_E_7013277,1,pstn,A09
LA_E_7013799,0,ulaw,bonafide
LA_E_7013822,0,g722,bonafide
LA_E_7014015,1,gsm,A13
LA_E_7014065,1,alaw,A19
LA_E_7014442,1,gsm,A19
LA_E_7014467,1,ulaw,A11
LA_E_7014922,1,alaw,A14
LA_E_7015045,1,gsm,A07
LA_E_7015357,1,pstn,A09
LA_E_7015547,1,gsm,A19
LA_E_7015647,0,none,bonafide
LA_E_7016228,1,g722,A09
LA_E_7016387,1,alaw,A13
LA_E_7016445,0,pstn,bonafide
LA_E_7016901,0,g722,bonafide
LA_E_7017014,1,ulaw,A10
LA_E_7018298,1,gsm,A12
LA_E_7018557,1,g722,A19
LA_E_7018783,1,alaw,A15
LA_E_7018899,1,pstn,A16
LA_E_7019280,1,gsm,A11
LA_E_7019726,1,g722,A13
LA_E_7019837,0,opus,bonafide
LA_E_7020154,1,opus,A15
LA_E_7020539,1,gsm,A10
LA_E_7020862,1,opus,A16
LA_E_7021112,1,ulaw,A07
LA_E_7021733,1,g722,A16
LA_E_7022030,1,gsm,A13
LA_E_7022040,1,ulaw,A10
LA_E_7022163,1,pstn,A18
LA_E_7023043,1,pstn,A13
LA_E_7023087,1,g722,A10
LA_E_7023398,1,ulaw,A15
LA_E_7023595,1,g722,A18
LA_E_7023660,1,ulaw,A08
LA_E_7024196,1,g722,A15
LA_E_7024393,0,alaw,bonafide
LA_E_7024504,1,g722,A08
LA_E_7024598,1,ulaw,A07
LA_E_7025820,1,gsm,A18
LA_E_7026097,1,opus,A19
LA_E_7026186,1,ulaw,A07
LA_E_7026426,1,none,A19
LA_E_7027011,0,opus,bonafide
LA_E_7027341,1,g722,A09
LA_E_7027754,1,pstn,A16
LA_E_7027851,1,alaw,A10
LA_E_7028218,1,opus,A15
LA_E_7028258,1,opus,A09
LA_E_7028712,1,g722,A17
LA_E_7028822,1,alaw,A17
LA_E_7029569,1,g722,A07
LA_E_7029735,1,opus,A18
LA_E_7030023,0,none,bonafide
LA_E_7030067,1,gsm,A11
LA_E_7030495,1,alaw,A17
LA_E_7030868,1,gsm,A15
LA_E_7031135,1,g722,A19
LA_E_7031207,1,g722,A11
LA_E_7031277,1,g722,A09
LA_E_7031553,1,alaw,A14
LA_E_7032492,1,pstn,A10
LA_E_7032501,1,opus,A11
LA_E_7032618,1,gsm,A10
LA_E_7032681,1,gsm,A11
LA_E_7032711,1,pstn,A13
LA_E_7033377,1,g722,A09
LA_E_7033701,1,g722,A11
LA_E_7034499,1,none,A11
LA_E_7035052,1,none,A11
LA_E_7035165,1,gsm,A17
LA_E_7035459,1,g722,A10
LA_E_7035785,1,gsm,A09
LA_E_7035800,1,ulaw,A13
LA_E_7035913,1,pstn,A15
LA_E_7036441,1,opus,A16
LA_E_7037125,1,gsm,A15
LA_E_7037190,1,opus,A11
LA_E_7037651,1,g722,A15
LA_E_7037824,1,none,A16
LA_E_7037942,1,gsm,A16
LA_E_7038151,1,ulaw,A19
LA_E_7039157,1,none,A08
LA_E_7039314,1,opus,A15
LA_E_7039841,1,pstn,A17
LA_E_7040862,1,g722,A07
LA_E_7041117,1,ulaw,A12
LA_E_7041149,1,g722,A10
LA_E_7041891,1,opus,A09
LA_E_7041913,1,alaw,A13
LA_E_7042229,1,g722,A07
LA_E_7042325,1,g722,A14
LA_E_7042556,1,ulaw,A19
LA_E_7042880,0,none,bonafide
LA_E_7042881,0,opus,bonafide
LA_E_7043046,1,pstn,A11
LA_E_7043141,1,pstn,A16
LA_E_7043550,1,pstn,A11
LA_E_7043819,1,g722,A14
LA_E_7044208,0,alaw,bonafide
LA_E_7044723,1,gsm,A18
LA_E_7045741,1,gsm,A18
LA_E_7045871,1,ulaw,A09
LA_E_7046798,1,none,A14
LA_E_7047062,1,pstn,A10
LA_E_7047688,0,g722,bonafide
LA_E_7047701,1,opus,A15
LA_E_7047911,1,ulaw,A11
LA_E_7049067,1,alaw,A10
LA_E_7049646,1,ulaw,A19
LA_E_7049692,1,pstn,A07
LA_E_7049928,1,gsm,A12
LA_E_7049985,1,gsm,A18
LA_E_7050023,1,pstn,A07
LA_E_7050291,1,pstn,A19
LA_E_7050315,1,ulaw,A16
LA_E_7050540,1,pstn,A18
LA_E_7050554,1,pstn,A18
LA_E_7050761,1,alaw,A17
LA_E_7050911,1,gsm,A19
LA_E_7051210,1,gsm,A18
LA_E_7051489,1,gsm,A16
LA_E_7052252,1,opus,A16
LA_E_7052461,1,gsm,A08
LA_E_7052593,1,gsm,A15
LA_E_7052778,1,pstn,A13
LA_E_7052809,1,pstn,A15
LA_E_7053154,1,ulaw,A08
LA_E_7053668,1,alaw,A12
LA_E_7053870,1,none,A13
LA_E_7053921,1,opus,A10
LA_E_7054019,1,gsm,A11
LA_E_7054066,1,none,A09
LA_E_7054394,1,none,A15
LA_E_7055312,1,alaw,A18
LA_E_7055378,1,opus,A17
LA_E_7055826,1,ulaw,A11
LA_E_7056293,1,gsm,A14
LA_E_7056341,1,gsm,A07
LA_E_7056471,1,pstn,A10
LA_E_7056725,1,opus,A10
LA_E_7056847,1,opus,A13
LA_E_7057157,1,alaw,A17
LA_E_7057266,1,ulaw,A08
LA_E_7057608,1,gsm,A09
LA_E_7057852,1,g722,A08
LA_E_7058206,0,opus,bonafide
LA_E_7058235,1,alaw,A11
LA_E_7058360,1,ulaw,A11
LA_E_7058755,1,opus,A19
LA_E_7059315,1,ulaw,A17
LA_E_7060147,1,g722,A14
LA_E_7060530,1,g722,A17
LA_E_7060553,1,pstn,A19
LA_E_7060712,1,gsm,A12
LA_E_7060879,1,opus,A09
LA_E_7061116,1,g722,A17
LA_E_7061235,1,pstn,A13
LA_E_7061420,1,none,A09
LA_E_7061525,1,pstn,A15
LA_E_7061846,1,g722,A15
LA_E_7062550,1,none,A15
LA_E_7062712,1,gsm,A13
LA_E_7063675,1,alaw,A11
LA_E_7063742,1,ulaw,A07
LA_E_7063868,0,gsm,bonafide
LA_E_7064366,0,ulaw,bonafide
LA_E_7064515,1,opus,A12
LA_E_7065592,1,ulaw,A09
LA_E_7065742,0,pstn,bonafide
LA_E_7066312,1,g722,A10
LA_E_7066811,1,alaw,A10
LA_E_7066873,1,gsm,A15
LA_E_7066931,1,opus,A12
LA_E_7067030,1,none,A10
LA_E_7067092,1,ulaw,A08
LA_E_7067643,1,opus,A08
LA_E_7067671,1,opus,A13
LA_E_7067726,1,g722,A19
LA_E_7067764,1,opus,A09
LA_E_7067852,1,g722,A17
LA_E_7068135,1,g722,A09
LA_E_7068242,0,alaw,bonafide
LA_E_7068358,1,opus,A13
LA_E_7068588,1,none,A08
LA_E_7068648,1,none,A15
LA_E_7068760,1,ulaw,A16
LA_E_7069305,1,gsm,A07
LA_E_7069410,1,ulaw,A13
LA_E_7069445,1,ulaw,A10
LA_E_7070272,1,none,A14
LA_E_7070321,1,alaw,A19
LA_E_7070322,1,ulaw,A12
LA_E_7070788,1,alaw,A12
LA_E_7070952,1,pstn,A15
LA_E_7071100,1,none,A15
LA_E_7071514,1,alaw,A13
LA_E_7072726,1,opus,A15
LA_E_7072956,1,ulaw,A14
LA_E_7072978,1,ulaw,A15
LA_E_7073612,1,gsm,A17
LA_E_7074165,1,gsm,A14
LA_E_7074951,1,none,A10
LA_E_7075072,1,pstn,A10
LA_E_7075257,1,gsm,A09
LA_E_7075417,0,g722,bonafide
LA_E_7075661,1,pstn,A11
LA_E_7075788,1,gsm,A14
LA_E_7076366,1,opus,A07
LA_E_7076457,0,g722,bonafide
LA_E_7076585,1,opus,A11
LA_E_7076746,1,none,A09
LA_E_7076850,1,gsm,A08
LA_E_7077495,1,alaw,A12
LA_E_7077505,1,gsm,A08
LA_E_7077587,1,opus,A14
LA_E_7077609,1,opus,A16
LA_E_7078238,1,gsm,A07
LA_E_7078325,1,opus,A18
LA_E_7078673,1,opus,A09
LA_E_7078849,0,pstn,bonafide
LA_E_7078898,1,alaw,A08
LA_E_7079316,1,opus,A10
LA_E_7080067,1,opus,A07
LA_E_7080081,1,g722,A18
LA_E_7080198,1,alaw,A13
LA_E_7080878,0,alaw,bonafide
LA_E_7081669,0,alaw,bonafide
LA_E_7081789,1,ulaw,A08
LA_E_7082088,1,none,A14
LA_E_7082413,1,gsm,A09
LA_E_7082942,1,g722,A08
LA_E_7084213,1,alaw,A19
LA_E_7084250,1,opus,A08
LA_E_7084265,1,alaw,A11
LA_E_7084337,1,opus,A12
LA_E_7084697,1,g722,A13
LA_E_7085410,0,ulaw,bonafide
LA_E_7085480,0,none,bonafide
LA_E_7085560,1,gsm,A09
LA_E_7085930,1,pstn,A11
LA_E_7086471,1,opus,A07
LA_E_7086914,1,opus,A12
LA_E_7087014,1,gsm,A11
LA_E_7087057,1,opus,A19
LA_E_7087155,1,alaw,A13
LA_E_7088696,1,g722,A18
LA_E_7088994,0,none,bonafide
LA_E_7089413,1,none,A18
LA_E_7089578,0,pstn,bonafide
LA_E_7091084,1,ulaw,A15
LA_E_7091510,1,alaw,A13
LA_E_7092619,1,gsm,A16
LA_E_7092673,1,opus,A17
LA_E_7093474,1,pstn,A17
LA_E_7094036,1,pstn,A12
LA_E_7094092,1,ulaw,A19
LA_E_7094150,0,g722,bonafide
LA_E_7094583,0,opus,bonafide
LA_E_7094633,1,gsm,A15
LA_E_7094863,1,alaw,A16
LA_E_7095544,1,ulaw,A10
LA_E_7095777,1,gsm,A17
LA_E_7096398,0,none,bonafide
LA_E_7096462,1,opus,A11
LA_E_7096739,1,alaw,A13
LA_E_7096895,1,pstn,A19
LA_E_7097735,1,ulaw,A12
LA_E_7097808,1,g722,A12
LA_E_7097844,1,ulaw,A15
LA_E_7097847,1,opus,A19
LA_E_7098342,1,ulaw,A13
LA_E_7098791,1,pstn,A14
LA_E_7098803,1,gsm,A16
LA_E_7099138,1,pstn,A09
LA_E_7100071,1,pstn,A16
LA_E_7100338,1,g722,A12
LA_E_7101370,1,g722,A12
LA_E_7101787,1,pstn,A09
LA_E_7101930,1,none,A08
LA_E_7102690,1,pstn,A09
LA_E_7102954,1,ulaw,A15
LA_E_7103189,1,none,A18
LA_E_7104328,1,g722,A08
LA_E_7104588,1,gsm,A09
LA_E_7104969,1,opus,A08
LA_E_7105482,1,ulaw,A08
LA_E_7105870,1,pstn,A12
LA_E_7106777,1,none,A14
LA_E_7106836,1,opus,A11
LA_E_7107113,1,gsm,A11
LA_E_7107491,1,alaw,A19
LA_E_7107755,1,opus,A17
LA_E_7107805,0,gsm,bonafide
LA_E_7107875,1,gsm,A18
LA_E_7107968,1,g722,A07
LA_E_7109413,1,alaw,A07
LA_E_7109437,1,gsm,A13
LA_E_7109471,0,g722,bonafide
LA_E_7109604,0,none,bonafide
LA_E_7110141,1,pstn,A19
LA_E_7110653,1,ulaw,A17
LA_E_7111271,1,g722,A15
LA_E_7111290,0,gsm,bonafide
LA_E_7111612,1,gsm,A17
LA_E_7111619,1,ulaw,A09
LA_E_7111650,1,none,A11
LA_E_7111760,1,opus,A10
LA_E_7111829,1,gsm,A18
LA_E_7112293,1,pstn,A14
LA_E_7112629,1,gsm,A15
LA_E_7112927,1,opus,A19
LA_E_7113537,1,g722,A13
LA_E_7113896,1,alaw,A13
LA_E_7113914,1,opus,A12
LA_E_7115068,1,ulaw,A17
LA_E_7116509,1,gsm,A16
LA_E_7116556,1,opus,A08
LA_E_7116617,1,ulaw,A11
LA_E_7116724,1,opus,A19
LA_E_7117125,0,opus,bonafide
LA_E_7117139,1,pstn,A11
LA_E_7117192,1,ulaw,A11
LA_E_7117949,1,ulaw,A07
LA_E_7119399,1,pstn,A12
LA_E_7119469,1,alaw,A15
LA_E_7120004,1,ulaw,A13
LA_E_7120607,1,pstn,A17
LA_E_7120841,1,ulaw,A12
LA_E_7121001,0,g722,bonafide
LA_E_7121254,1,gsm,A14
LA_E_7121473,1,opus,A10
LA_E_7122479,1,opus,A14
LA_E_7122598,1,opus,A11
LA_E_7122611,1,ulaw,A13
LA_E_7122704,0,g722,bonafide
LA_E_7122954,1,gsm,A08
LA_E_7123699,1,alaw,A15
LA_E_7123763,1,gsm,A16
LA_E_7123787,1,g722,A11
LA_E_7124170,1,gsm,A11
LA_E_7124310,1,ulaw,A10
LA_E_7124751,1,ulaw,A08
LA_E_7125188,0,g722,bonafide
LA_E_7125875,1,gsm,A09
LA_E_7125895,1,ulaw,A14
LA_E_7126781,1,gsm,A07
LA_E_7126874,1,pstn,A16
LA_E_7127047,1,opus,A14
LA_E_7127083,0,g722,bonafide
LA_E_7127546,1,gsm,A16
LA_E_7127669,1,alaw,A16
LA_E_7127911,0,none,bonafide
LA_E_7127995,1,opus,A12
LA_E_7128110,1,opus,A09
LA_E_7129278,1,pstn,A13
LA_E_7129590,1,opus,A18
LA_E_7129613,1,ulaw,A18
LA_E_7129694,1,g722,A11
LA_E_7129753,1,pstn,A15
LA_E_7130578,1,ulaw,A08
LA_E_7130778,1,ulaw,A15
LA_E_7132117,1,gsm,A16
LA_E_7133376,1,g722,A09
LA_E_7134275,1,alaw,A16
LA_E_7135066,1,opus,A09
LA_E_7135079,1,gsm,A16
LA_E_7135160,0,gsm,bonafide
LA_E_7135234,1,gsm,A19
LA_E_7135505,1,alaw,A17
LA_E_7135797,1,ulaw,A07
LA_E_7135924,1,g722,A07
LA_E_7136166,1,none,A17
LA_E_7136216,1,pstn,A16
LA_E_7136309,1,opus,A19
LA_E_7136629,0,opus,bonafide
LA_E_7136793,1,g722,A10
LA_E_7137069,1,pstn,A13
LA_E_7138696,1,opus,A11
LA_E_7138843,0,g722,bonafide
LA_E_7139002,1,gsm,A15
LA_E_7139377,1,gsm,A12
LA_E_7139448,0,gsm,bonafide
LA_E_7140078,1,pstn,A12
LA_E_7140823,1,g722,A18
LA_E_7141073,1,opus,A18
LA_E_7141221,1,pstn,A14
LA_E_7141620,1,ulaw,A16
LA_E_7141969,1,none,A14
LA_E_7142242,1,pstn,A12
LA_E_7142252,1,gsm,A18
LA_E_7142285,1,alaw,A08
LA_E_7142755,1,gsm,A16
LA_E_7143013,1,opus,A17
LA_E_7143600,1,g722,A16
LA_E_7143967,1,ulaw,A09
LA_E_7144267,1,none,A15
LA_E_7144332,1,alaw,A16
LA_E_7144488,0,pstn,bonafide
LA_E_7144608,1,ulaw,A07
LA_E_7144903,1,none,A18
LA_E_7144997,1,ulaw,A13
LA_E_7145281,0,none,bonafide
LA_E_7145307,1,gsm,A10
LA_E_7145629,1,opus,A17
LA_E_7146012,0,gsm,bonafide
LA_E_7146080,1,none,A09
LA_E_7146262,1,opus,A08
LA_E_7146828,1,pstn,A10
LA_E_7147035,1,opus,A08
LA_E_7147708,1,pstn,A19
LA_E_7148564,0,opus,bonafide
LA_E_7148623,0,pstn,bonafide
LA_E_7149285,1,opus,A10
LA_E_7149290,1,none,A09
LA_E_7149413,1,opus,A15
LA_E_7149445,1,gsm,A10
LA_E_7150508,1,opus,A14
LA_E_7151261,1,pstn,A07
LA_E_7151699,1,alaw,A19
LA_E_7151721,1,ulaw,A19
LA_E_7151951,1,alaw,A08
LA_E_7152033,0,gsm,bonafide
LA_E_7152065,1,gsm,A15
LA_E_7152258,0,ulaw,bonafide
LA_E_7152943,1,alaw,A09
LA_E_7153239,1,g722,A13
LA_E_7153969,1,ulaw,A18
LA_E_7153996,1,gsm,A10
LA_E_7154238,1,gsm,A08
LA_E_7154308,1,alaw,A09
LA_E_7155717,1,gsm,A11
LA_E_7155730,1,opus,A15
LA_E_7156296,1,ulaw,A11
LA_E_7156623,0,ulaw,bonafide
LA_E_7157302,1,ulaw,A07
LA_E_7157763,1,g722,A19
LA_E_7157843,1,pstn,A16
LA_E_7158148,1,gsm,A11
LA_E_7158191,1,ulaw,A08
LA_E_7158598,1,ulaw,A19
LA_E_7158750,1,pstn,A19
LA_E_7158904,1,gsm,A09
LA_E_7159609,1,alaw,A12
LA_E_7159644,1,gsm,A10
LA_E_7159954,0,ulaw,bonafide
LA_E_7160160,1,opus,A16
LA_E_7160662,1,ulaw,A19
LA_E_7161030,1,pstn,A12
LA_E_7162087,1,ulaw,A12
LA_E_7162097,1,g722,A12
LA_E_7162184,1,gsm,A13
LA_E_7162667,1,opus,A14
LA_E_7162831,1,none,A16
LA_E_7162913,1,opus,A14
LA_E_7163498,1,ulaw,A19
LA_E_7164175,1,alaw,A07
LA_E_7165426,1,pstn,A12
LA_E_7166790,1,g722,A10
LA_E_7167568,1,ulaw,A13
LA_E_7167720,0,g722,bonafide
LA_E_7168434,1,alaw,A10
LA_E_7168482,1,gsm,A07
LA_E_7168849,1,gsm,A07
LA_E_7169123,1,opus,A15
LA_E_7169161,1,alaw,A14
LA_E_7169910,1,opus,A11
LA_E_7170283,1,ulaw,A10
LA_E_7170341,0,pstn,bonafide
LA_E_7170430,1,alaw,A14
LA_E_7170921,1,gsm,A18
LA_E_7171293,1,alaw,A07
LA_E_7171331,1,none,A11
LA_E_7172017,1,opus,A14
LA_E_7172212,1,alaw,A15
LA_E_7172809,0,opus,bonafide
LA_E_7173004,1,opus,A12
LA_E_7173054,1,ulaw,A10
LA_E_7173062,1,gsm,A08
LA_E_7173555,1,ulaw,A11
LA_E_7174035,0,g722,bonafide
LA_E_7174243,1,opus,A11
LA_E_7174249,1,opus,A10
LA_E_7175703,1,opus,A08
LA_E_7175966,1,ulaw,A18
LA_E_7176268,1,g722,A09
LA_E_7176712,1,opus,A16
LA_E_7176909,1,none,A12
LA_E_7177153,1,ulaw,A09
LA_E_7177180,1,g722,A18
LA_E_7177290,1,opus,A13
LA_E_7177447,1,pstn,A11
LA_E_7177469,1,none,A08
LA_E_7178314,1,opus,A12
LA_E_7178630,1,g722,A14
LA_E_7179125,1,gsm,A14
LA_E_7179385,1,ulaw,A13
LA_E_7180203,1,g722,A18
LA_E_7180427,1,opus,A15
LA_E_7180551,1,none,A17
LA_E_7180875,1,alaw,A10
LA_E_7180892,1,ulaw,A14
LA_E_7180906,1,g722,A13
LA_E_7181231,1,opus,A14
LA_E_7182181,1,opus,A17
LA_E_7182455,1,gsm,A18
LA_E_7183372,1,gsm,A10
LA_E_7184046,1,opus,A14
LA_E_7184083,1,opus,A16
LA_E_7184439,1,opus,A17
LA_E_7184454,1,none,A12
LA_E_7184457,1,pstn,A14
LA_E_7184554,1,gsm,A07
LA_E_7185257,0,g722,bonafide
LA_E_7185445,0,opus,bonafide
LA_E_7186348,1,opus,A15
LA_E_7186520,1,g722,A14
LA_E_7186846,1,gsm,A13
LA_E_7187212,1,g722,A14
LA_E_7187333,1,g722,A13
LA_E_7187366,1,g722,A08
LA_E_7187592,1,opus,A08
LA_E_7188580,1,pstn,A19
LA_E_7188702,0,gsm,bonafide
LA_E_7188766,1,none,A11
LA_E_7189013,1,g722,A16
LA_E_7189313,1,g722,A17
LA_E_7189703,1,ulaw,A18
LA_E_7189734,1,gsm,A17
LA_E_7189979,1,opus,A19
LA_E_7190003,1,opus,A14
LA_E_7190014,1,pstn,A12
LA_E_7190121,0,g722,bonafide
LA_E_7190261,1,none,A19
LA_E_7190440,1,pstn,A10
LA_E_7190526,1,g722,A16
LA_E_7190870,0,pstn,bonafide
LA_E_7191448,1,opus,A16
LA_E_7191651,1,ulaw,A13
LA_E_7192151,1,pstn,A08
LA_E_7192800,1,none,A09
LA_E_7193733,1,opus,A08
LA_E_7193763,1,pstn,A10
LA_E_7194341,1,none,A09
LA_E_7194996,1,gsm,A17
LA_E_7195203,1,gsm,A07
LA_E_7195345,1,alaw,A11
LA_E_7195410,1,opus,A16
LA_E_7195859,0,gsm,bonafide
LA_E_7195870,1,ulaw,A11
LA_E_7196169,1,ulaw,A17
LA_E_7197002,1,pstn,A19
LA_E_7198451,1,ulaw,A19
LA_E_7198494,1,opus,A10
LA_E_7198681,1,gsm,A10
LA_E_7199506,0,none,bonafide
LA_E_7199609,1,ulaw,A11
LA_E_7200051,1,ulaw,A17
LA_E_7200437,0,pstn,bonafide
LA_E_7200585,1,none,A10
LA_E_7200609,1,pstn,A19
LA_E_7201034,1,gsm,A10
LA_E_7201511,1,ulaw,A09
LA_E_7201777,1,pstn,A16
LA_E_7201839,1,alaw,A09
LA_E_7201881,1,g722,A14
LA_E_7201913,1,gsm,A16
LA_E_7203364,1,pstn,A12
LA_E_7203475,1,ulaw,A10
LA_E_7203493,1,ulaw,A13
LA_E_7203503,1,gsm,A15
LA_E_7203542,1,gsm,A10
LA_E_7203684,1,pstn,A18
LA_E_7204020,0,pstn,bonafide
LA_E_7204357,1,pstn,A09
LA_E_7205171,1,opus,A19
LA_E_7205590,1,g722,A15
LA_E_7205639,1,ulaw,A18
LA_E_7205959,1,g722,A15
LA_E_7206285,1,pstn,A11
LA_E_7206785,1,gsm,A19
LA_E_7207283,1,none,A13
LA_E_7207956,1,opus,A07
LA_E_7208252,1,opus,A07
LA_E_7208266,1,gsm,A15
LA_E_7208397,0,g722,bonafide
LA_E_7208768,1,ulaw,A14
LA_E_7209310,1,g722,A18
LA_E_7209440,1,opus,A08
LA_E_7209449,1,alaw,A11
LA_E_7209751,0,alaw,bonafide
LA_E_7209892,1,opus,A11
LA_E_7211088,1,gsm,A08
LA_E_7211172,1,gsm,A12
LA_E_7211299,1,ulaw,A16
LA_E_7211385,1,opus,A08
LA_E_7212224,1,gsm,A17
LA_E_7212384,1,pstn,A19
LA_E_7212912,1,ulaw,A19
LA_E_7213701,1,ulaw,A14
LA_E_7213812,1,none,A14
LA_E_7213815,1,ulaw,A17
LA_E_7213822,1,opus,A10
LA_E_7213960,1,none,A13
LA_E_7214649,0,gsm,bonafide
LA_E_7214876,1,none,A17
LA_E_7214962,1,opus,A12
LA_E_7215064,1,gsm,A11
LA_E_7216218,1,gsm,A08
LA_E_7216223,0,gsm,bonafide
LA_E_7216661,0,opus,bonafide
LA_E_7217170,1,pstn,A13
LA_E_7217739,1,none,A07
LA_E_7218561,1,alaw,A10
LA_E_7218680,1,none,A11
LA_E_7219151,1,none,A10
LA_E_7219153,1,pstn,A13
LA_E_7219169,1,opus,A13
LA_E_7219598,1,ulaw,A08
LA_E_7219748,1,ulaw,A11
LA_E_7220165,1,g722,A11
LA_E_7220470,1,alaw,A12
LA_E_7221137,1,ulaw,A09
LA_E_7221921,0,g722,bonafide
LA_E_7222264,1,none,A14
LA_E_7222328,1,g722,A09
LA_E_7222762,1,ulaw,A15
LA_E_7223534,1,pstn,A08
LA_E_7223671,1,ulaw,A10
LA_E_7223922,1,pstn,A07
LA_E_7224263,1,opus,A15
LA_E_7224849,1,g722,A09
LA_E_7225757,1,gsm,A15
LA_E_7226299,1,none,A10
LA_E_7226302,1,gsm,A07
LA_E_7226378,1,opus,A16
LA_E_7226580,1,opus,A09
LA_E_7227299,1,opus,A08
LA_E_7227359,1,g722,A11
LA_E_7227560,1,ulaw,A19
LA_E_7227832,1,alaw,A13
LA_E_7228317,1,opus,A09
LA_E_7228576,1,alaw,A14
LA_E_7228841,1,alaw,A09
LA_E_7228915,1,gsm,A13
LA_E_7229070,1,gsm,A09
LA_E_7229407,1,ulaw,A07
LA_E_7229443,1,pstn,A14
LA_E_7229516,1,gsm,A13
LA_E_7229601,1,none,A16
LA_E_7229641,1,g722,A18
LA_E_7229867,1,alaw,A08
LA_E_7229977,1,opus,A15
LA_E_7230143,1,g722,A16
LA_E_7230763,1,opus,A18
LA_E_7231226,1,opus,A12
LA_E_7231303,1,ulaw,A13
LA_E_7231564,1,g722,A16
LA_E_7231636,1,none,A12
LA_E_7232288,1,gsm,A16
LA_E_7232355,0,alaw,bonafide
LA_E_7232433,1,g722,A19
LA_E_7232510,0,pstn,bonafide
LA_E_7233908,1,opus,A18
LA_E_7233931,1,pstn,A15
LA_E_7234256,1,gsm,A08
LA_E_7234405,1,none,A12
LA_E_7234862,1,none,A14
LA_E_7235157,1,ulaw,A19
LA_E_7235527,1,pstn,A12
LA_E_7235855,1,opus,A11
LA_E_7236076,1,alaw,A14
LA_E_7236325,1,opus,A07
LA_E_7236461,1,opus,A14
LA_E_7236469,1,ulaw,A19
LA_E_7236535,1,g722,A10
LA_E_7236922,1,gsm,A11
LA_E_7237163,1,g722,A10
LA_E_7238461,1,gsm,A18
LA_E_7238642,1,none,A12
LA_E_7238658,0,alaw,bonafide
LA_E_7239177,0,none,bonafide
LA_E_7239392,0,gsm,bonafide
LA_E_7239423,1,g722,A12
LA_E_7239703,1,opus,A11
LA_E_7240049,1,pstn,A18
LA_E_7240227,1,g722,A11
LA_E_7241065,1,opus,A07
LA_E_7241268,1,ulaw,A07
LA_E_7241270,1,g722,A17
LA_E_7241652,1,ulaw,A16
LA_E_7241837,1,pstn,A12
LA_E_7241845,1,g722,A16
LA_E_7242019,1,opus,A11
LA_E_7242150,1,alaw,A11
LA_E_7242346,1,g722,A14
LA_E_7242630,1,ulaw,A07
LA_E_7243725,1,pstn,A14
LA_E_7243731,1,alaw,A15
LA_E_7243962,1,g722,A17
LA_E_7243968,0,gsm,bonafide
LA_E_7244138,1,ulaw,A11
LA_E_7244255,1,ulaw,A08
LA_E_7244646,1,alaw,A18
LA_E_7245308,1,none,A18
LA_E_7245451,1,ulaw,A11
LA_E_7245555,1,pstn,A18
LA_E_7245695,1,gsm,A11
LA_E_7245901,1,g722,A12
LA_E_7245927,1,none,A17
LA_E_7246215,1,none,A19
LA_E_7246256,1,ulaw,A07
LA_E_7246650,0,opus,bonafide
LA_E_7247396,1,gsm,A15
LA_E_7248134,1,gsm,A07
LA_E_7248402,1,ulaw,A10
LA_E_7248453,0,ulaw,bonafide
LA_E_7248618,1,none,A07
LA_E_7248686,1,ulaw,A09
LA_E_7248697,1,opus,A11
LA_E_7248746,1,g722,A17
LA_E_7248747,1,gsm,A17
LA_E_7248804,1,opus,A14
LA_E_7248812,0,alaw,bonafide
LA_E_7248919,1,ulaw,A11
LA_E_7249053,1,gsm,A13
LA_E_7249921,1,g722,A07
LA_E_7250747,1,gsm,A11
LA_E_7251148,1,g722,A07
LA_E_7251201,0,opus,bonafide
LA_E_7251390,1,none,A08
LA_E_7251456,1,pstn,A12
LA_E_7251813,1,pstn,A14
LA_E_7251932,1,opus,A17
LA_E_7252061,1,ulaw,A14
LA_E_7252156,1,opus,A11
LA_E_7252198,1,ulaw,A11
LA_E_7252630,1,ulaw,A10
LA_E_7253176,1,g722,A14
LA_E_7253746,0,alaw,bonafide
LA_E_7254150,1,g722,A14
LA_E_7254620,1,gsm,A14
LA_E_7254759,1,ulaw,A09
LA_E_7254790,1,alaw,A10
LA_E_7255022,1,g722,A08
LA_E_7255154,1,alaw,A18
LA_E_7255212,1,opus,A07
LA_E_7255977,1,none,A16
LA_E_7256011,1,opus,A14
LA_E_7256540,0,alaw,bonafide
LA_E_7256914,1,g722,A09
LA_E_7256922,1,gsm,A17
LA_E_7257291,1,gsm,A12
LA_E_7257634,1,alaw,A12
LA_E_7257835,1,opus,A13
LA_E_7257918,1,ulaw,A19
LA_E_7259763,0,gsm,bonafide
LA_E_7260242,1,opus,A15
LA_E_7260284,1,g722,A17
LA_E_7260309,1,alaw,A17
LA_E_7261015,1,opus,A12
LA_E_7261289,1,none,A08
LA_E_7261384,1,opus,A19
LA_E_7261532,1,ulaw,A14
LA_E_7261828,1,gsm,A13
LA_E_7262979,1,alaw,A11
LA_E_7263339,1,alaw,A16
LA_E_7263525,1,gsm,A07
LA_E_7263718,1,g722,A13
LA_E_7263822,1,ulaw,A16
LA_E_7264163,1,ulaw,A08
LA_E_7264346,1,opus,A08
LA_E_7264353,1,gsm,A12
LA_E_7265410,1,ulaw,A15
LA_E_7266271,1,g722,A19
LA_E_7266924,1,gsm,A17
LA_E_7266931,1,pstn,A15
LA_E_7267338,1,pstn,A16
LA_E_7268102,1,g722,A19
LA_E_7268162,0,ulaw,bonafide
LA_E_7268213,1,pstn,A10
LA_E_7268474,1,pstn,A14
LA_E_7268848,1,ulaw,A12
LA_E_7269616,1,gsm,A15
LA_E_7270084,1,none,A13
LA_E_7271186,1,alaw,A11
LA_E_7271223,1,opus,A17
LA_E_7271332,1,g722,A09
LA_E_7271720,1,ulaw,A14
LA_E_7271811,1,opus,A17
LA_E_7271897,1,alaw,A11
LA_E_7271950,0,ulaw,bonafide
LA_E_7272399,1,none,A11
LA_E_7272703,1,opus,A18
LA_E_7273044,1,ulaw,A16
LA_E_7273122,1,alaw,A10
LA_E_7273447,1,opus,A09
LA_E_7273503,1,opus,A11
LA_E_7273506,1,gsm,A08
LA_E_7274491,1,none,A18
LA_E_7274618,1,ulaw,A19
LA_E_7275805,1,gsm,A10
LA_E_7275832,1,gsm,A07
LA_E_7276155,1,pstn,A16
LA_E_7276414,1,g722,A13
LA_E_7277032,1,alaw,A09
LA_E_7277036,1,alaw,A14
LA_E_7277406,1,pstn,A13
LA_E_7277563,1,opus,A16
LA_E_7277996,1,gsm,A17
LA_E_7278719,1,pstn,A12
LA_E_7278804,1,pstn,A14
LA_E_7278875,1,g722,A14
LA_E_7279072,1,gsm,A19
LA_E_7279514,1,opus,A07
LA_E_7280634,1,opus,A14
LA_E_7280765,1,alaw,A16
LA_E_7281065,1,g722,A18
LA_E_7281124,1,ulaw,A08
LA_E_7281521,1,pstn,A08
LA_E_7281907,1,gsm,A18
LA_E_7282342,1,ulaw,A07
LA_E_7282703,1,alaw,A10
LA_E_7283134,1,ulaw,A10
LA_E_7283310,1,gsm,A08
LA_E_7284953,1,g722,A17
LA_E_7285291,0,none,bonafide
LA_E_7285332,1,alaw,A14
LA_E_7285590,1,pstn,A18
LA_E_7285633,1,opus,A13
LA_E_7286314,0,opus,bonafide
LA_E_7286548,1,alaw,A16
LA_E_7286723,1,none,A12
LA_E_7286729,1,g722,A18
LA_E_7286888,1,g722,A11
LA_E_7287357,0,opus,bonafide
LA_E_7287449,1,pstn,A14
LA_E_7289161,0,opus,bonafide
LA_E_7289307,1,ulaw,A09
LA_E_7289696,1,gsm,A17
LA_E_7289710,1,gsm,A19
LA_E_7289915,1,gsm,A10
LA_E_7290137,1,opus,A10
LA_E_7290176,1,ulaw,A07
LA_E_7290191,1,ulaw,A10
LA_E_7291182,1,gsm,A19
LA_E_7291204,0,pstn,bonafide
LA_E_7291328,1,none,A17
LA_E_7291650,1,alaw,A12
LA_E_7291793,1,opus,A16
LA_E_7291911,1,ulaw,A10
LA_E_7291919,1,none,A13
LA_E_7292112,1,g722,A07
LA_E_7292235,1,pstn,A07
LA_E_7292242,1,ulaw,A15
LA_E_7292401,1,gsm,A09
LA_E_7292936,1,pstn,A18
LA_E_7292977,1,opus,A07
LA_E_7293529,1,g722,A18
LA_E_7293822,1,gsm,A14
LA_E_7294182,1,ulaw,A10
LA_E_7294479,1,gsm,A17
LA_E_7294556,1,alaw,A10
LA_E_7294905,1,opus,A16
LA_E_7295014,1,g722,A19
LA_E_7295541,1,alaw,A13
LA_E_7295549,1,ulaw,A10
LA_E_7296186,1,alaw,A10
LA_E_7297254,1,g722,A09
LA_E_7297590,1,opus,A19
LA_E_7297765,0,ulaw,bonafide
LA_E_7297790,1,alaw,A08
LA_E_7297807,0,g722,bonafide
LA_E_7298041,1,g722,A16
LA_E_7298564,0,g722,bonafide
LA_E_7298698,1,ulaw,A08
LA_E_7299396,1,gsm,A09
LA_E_7299651,1,opus,A18
LA_E_7299716,1,gsm,A19
LA_E_7299732,1,gsm,A08
LA_E_7300744,1,alaw,A10
LA_E_7301079,0,opus,bonafide
LA_E_7301158,1,none,A15
LA_E_7301749,1,alaw,A15
LA_E_7301780,1,ulaw,A17
LA_E_7301959,1,opus,A09
LA_E_7302161,1,none,A12
LA_E_7303240,1,opus,A19
LA_E_7303991,1,alaw,A07
LA_E_7303995,1,none,A19
LA_E_7304138,1,ulaw,A17
LA_E_7304565,1,alaw,A17
LA_E_7304632,1,g722,A18
LA_E_7304843,1,pstn,A14
LA_E_7305026,1,pstn,A19
LA_E_7305088,1,gsm,A17
LA_E_7305256,1,gsm,A19
LA_E_7306037,1,ulaw,A07
LA_E_7306219,1,opus,A09
LA_E_7306251,1,ulaw,A13
LA_E_7306666,1,ulaw,A12
LA_E_7307174,1,pstn,A15
LA_E_7308376,1,opus,A09
LA_E_7308774,1,gsm,A09
LA_E_7308825,0,ulaw,bonafide
LA_E_7309002,1,alaw,A11
LA_E_7309019,1,gsm,A07
LA_E_7309315,1,alaw,A14
LA_E_7309317,1,ulaw,A08
LA_E_7309724,1,alaw,A16
LA_E_7309747,1,g722,A15
LA_E_7309775,1,gsm,A08
LA_E_7311562,1,alaw,A17
LA_E_7311931,1,gsm,A09
LA_E_7312431,1,pstn,A11
LA_E_7312812,1,pstn,A15
LA_E_7312813,1,g722,A11
LA_E_7313279,1,opus,A17
LA_E_7313367,1,none,A14
LA_E_7313587,1,opus,A08
LA_E_7313833,1,none,A07
LA_E_7314502,1,pstn,A08
LA_E_7314523,1,gsm,A19
LA_E_7314643,1,opus,A08
LA_E_7314689,1,pstn,A17
LA_E_7314721,1,gsm,A14
LA_E_7315002,1,g722,A19
LA_E_7315454,1,gsm,A14
LA_E_7315483,1,gsm,A11
LA_E_7315951,1,none,A19
LA_E_7316349,1,gsm,A18
LA_E_7317725,1,ulaw,A10
LA_E_7318223,1,opus,A17
LA_E_7318823,1,ulaw,A12
LA_E_7318850,0,opus,bonafide
LA_E_7319175,1,pstn,A12
LA_E_7319620,1,opus,A16
LA_E_7319640,1,g722,A15
LA_E_7319674,1,pstn,A07
LA_E_7319780,1,ulaw,A08
LA_E_7319859,1,opus,A07
LA_E_7319981,1,gsm,A08
LA_E_7319991,1,ulaw,A11
LA_E_7320387,1,none,A19
LA_E_7320666,1,alaw,A19
LA_E_7320701,1,none,A10
LA_E_7320852,1,g722,A19
LA_E_7322024,1,gsm,A19
LA_E_7322613,1,alaw,A19
LA_E_7322932,1,ulaw,A11
LA_E_7323290,1,opus,A17
LA_E_7323453,1,opus,A15
LA_E_7323741,1,ulaw,A16
LA_E_7324355,1,g722,A19
LA_E_7324383,1,alaw,A16
LA_E_7324546,0,ulaw,bonafide
LA_E_7324548,1,alaw,A12
LA_E_7324972,1,gsm,A09
LA_E_7325014,0,ulaw,bonafide
LA_E_7325123,1,gsm,A15
LA_E_7325126,1,opus,A19
LA_E_7325200,1,ulaw,A12
LA_E_7325657,1,none,A17
LA_E_7326033,1,opus,A07
LA_E_7326233,1,pstn,A09
LA_E_7326313,1,pstn,A18
LA_E_7326620,1,opus,A13
LA_E_7326855,1,g722,A09
LA_E_7327056,1,ulaw,A18
LA_E_7327075,1,g722,A14
LA_E_7327118,1,gsm,A12
LA_E_7327225,1,pstn,A13
LA_E_7327432,1,ulaw,A17
LA_E_7327681,0,ulaw,bonafide
LA_E_7327728,1,gsm,A15
LA_E_7328388,1,alaw,A16
LA_E_7328475,1,ulaw,A14
LA_E_7328662,1,ulaw,A10
LA_E_7328747,1,ulaw,A11
LA_E_7329103,1,opus,A09
LA_E_7329407,1,none,A17
LA_E_7329431,1,gsm,A08
LA_E_7329787,1,opus,A08
LA_E_7329978,1,gsm,A08
LA_E_7330047,1,gsm,A08
LA_E_7330339,1,alaw,A10
LA_E_7330475,0,ulaw,bonafide
LA_E_7330495,1,none,A07
LA_E_7330657,1,opus,A17
LA_E_7330819,1,alaw,A16
LA_E_7330875,1,none,A13
LA_E_7331281,0,pstn,bonafide
LA_E_7331395,1,ulaw,A16
LA_E_7331641,0,gsm,bonafide
LA_E_7331642,1,pstn,A07
LA_E_7332236,1,pstn,A13
LA_E_7332565,1,g722,A08
LA_E_7332981,1,none,A09
LA_E_7333107,0,opus,bonafide
LA_E_7333538,1,ulaw,A12
LA_E_7333972,1,g722,A16
LA_E_7334373,1,g722,A17
LA_E_7334993,1,gsm,A14
LA_E_7335230,1,pstn,A08
LA_E_7335267,1,alaw,A12
LA_E_7335740,1,g722,A15
LA_E_7335997,1,none,A10
LA_E_7336095,1,pstn,A08
LA_E_7336163,1,g722,A14
LA_E_7336247,1,alaw,A18
LA_E_7336746,1,g722,A11
LA_E_7337378,0,g722,bonafide
LA_E_7337782,1,none,A07
LA_E_7338074,1,opus,A10
LA_E_7338570,1,ulaw,A14
LA_E_7339755,1,alaw,A12
LA_E_7339761,1,gsm,A16
LA_E_7340077,1,none,A15
LA_E_7340782,1,g722,A17
LA_E_7342237,1,none,A09
LA_E_7342899,1,gsm,A11
LA_E_7343153,1,pstn,A17
LA_E_7343213,1,pstn,A12
LA_E_7343465,1,g722,A11
LA_E_7343958,1,none,A16
LA_E_7344096,1,none,A19
LA_E_7344099,1,alaw,A07
LA_E_7344290,1,none,A11
LA_E_7344995,1,ulaw,A07
LA_E_7345532,1,opus,A12
LA_E_7345607,1,alaw,A09
LA_E_7345699,1,alaw,A11
LA_E_7345810,1,gsm,A10
LA_E_7345908,1,pstn,A15
LA_E_7346155,1,opus,A15
LA_E_7346363,1,gsm,A12
LA_E_7347388,1,gsm,A19
LA_E_7347458,1,opus,A15
LA_E_7347522,1,g722,A19
LA_E_7347581,1,ulaw,A10
LA_E_7348849,1,opus,A13
LA_E_7348879,1,alaw,A09
LA_E_7348993,1,opus,A07
LA_E_7349169,1,none,A19
LA_E_7349571,1,ulaw,A09
LA_E_7349984,1,none,A12
LA_E_7349993,1,none,A17
LA_E_7350151,1,opus,A12
LA_E_7352180,1,ulaw,A14
LA_E_7352398,1,alaw,A12
LA_E_7352637,1,none,A08
LA_E_7353090,1,ulaw,A14
LA_E_7354274,1,ulaw,A14
LA_E_7354323,1,opus,A09
LA_E_7354486,1,ulaw,A16
LA_E_7354936,1,g722,A09
LA_E_7355378,1,gsm,A12
LA_E_7355452,1,pstn,A12
LA_E_7355580,0,none,bonafide
LA_E_7356123,1,gsm,A07
LA_E_7356361,1,alaw,A11
LA_E_7356480,0,g722,bonafide
LA_E_7356529,1,g722,A11
LA_E_7357450,0,none,bonafide
LA_E_7357590,1,gsm,A09
LA_E_7358066,1,opus,A09
LA_E_7358316,1,gsm,A16
LA_E_7358429,0,opus,bonafide
LA_E_7358497,1,none,A15
LA_E_7358746,1,ulaw,A12
LA_E_7358990,1,opus,A15
LA_E_7359448,1,ulaw,A18
LA_E_7359622,1,g722,A10
LA_E_7359643,1,none,A16
LA_E_7359744,1,opus,A14
LA_E_7359799,1,none,A18
LA_E_7360779,1,g722,A08
LA_E_7361037,1,gsm,A19
LA_E_7361301,1,opus,A14
LA_E_7361318,1,g722,A08
LA_E_7361344,1,gsm,A08
LA_E_7361842,1,g722,A10
LA_E_7362763,1,alaw,A09
LA_E_7363053,0,alaw,bonafide
LA_E_7363298,1,none,A19
LA_E_7364154,1,gsm,A15
LA_E_7364332,1,gsm,A12
LA_E_7364492,1,gsm,A16
LA_E_7364981,1,opus,A16
LA_E_7365117,1,gsm,A17
LA_E_7365339,1,none,A08
LA_E_7366047,0,pstn,bonafide
LA_E_7366162,0,ulaw,bonafide
LA_E_7366163,1,opus,A19
LA_E_7366245,1,g722,A19
LA_E_7366308,1,none,A10
LA_E_7366985,1,alaw,A19
LA_E_7367012,1,ulaw,A15
LA_E_7367284,1,gsm,A19
LA_E_7367659,0,opus,bonafide
LA_E_7368006,1,pstn,A10
LA_E_7368430,0,g722,bonafide
LA_E_7369156,1,alaw,A07
LA_E_7369169,1,opus,A17
LA_E_7369784,1,alaw,A18
LA_E_7369803,0,pstn,bonafide
LA_E_7369950,1,gsm,A09
LA_E_7370355,1,opus,A10
LA_E_7370752,1,gsm,A12
LA_E_7370870,1,opus,A09
LA_E_7371252,1,ulaw,A19
LA_E_7371333,1,pstn,A14
LA_E_7371851,1,pstn,A17
LA_E_7372582,0,ulaw,bonafide
LA_E_7372604,1,none,A12
LA_E_7372977,1,ulaw,A07
LA_E_7373050,1,g722,A07
LA_E_7373614,1,ulaw,A19
LA_E_7373657,1,opus,A13
LA_E_7373670,1,opus,A09
LA_E_7373844,1,ulaw,A18
LA_E_7373912,1,pstn,A12
LA_E_7374156,0,ulaw,bonafide
LA_E_7374207,1,alaw,A16
LA_E_7374389,1,gsm,A10
LA_E_7374664,1,opus,A16
LA_E_7374728,1,alaw,A12
LA_E_7374974,1,gsm,A10
LA_E_7376120,1,alaw,A15
LA_E_7376361,1,none,A07
LA_E_7376538,1,pstn,A19
LA_E_7377247,1,g722,A17
LA_E_7377416,1,pstn,A10
LA_E_7377474,1,g722,A15
LA_E_7378018,1,opus,A09
LA_E_7378066,1,gsm,A15
LA_E_7378267,1,opus,A12
LA_E_7378863,1,ulaw,A17
LA_E_7379029,1,gsm,A14
LA_E_7379212,1,gsm,A09
LA_E_7379221,1,g722,A08
LA_E_7379644,1,none,A17
LA_E_7379875,1,opus,A19
LA_E_7380046,1,ulaw,A07
LA_E_7380116,1,alaw,A19
LA_E_7380451,1,opus,A15
LA_E_7380634,1,none,A08
LA_E_7380676,1,none,A11
LA_E_7380845,1,opus,A17
LA_E_7380915,1,opus,A07
LA_E_7380943,1,ulaw,A15
LA_E_7381077,1,opus,A13
LA_E_7381367,0,g722,bonafide
LA_E_7381493,1,g722,A17
LA_E_7381783,1,alaw,A17
LA_E_7381787,1,ulaw,A08
LA_E_7382381,1,gsm,A17
LA_E_7382639,1,none,A14
LA_E_7383091,1,opus,A15
LA_E_7383465,1,opus,A18
LA_E_7383567,1,gsm,A08
LA_E_7383633,1,pstn,A11
LA_E_7383937,1,pstn,A15
LA_E_7384035,1,ulaw,A17
LA_E_7384185,1,none,A09
LA_E_7384712,1,pstn,A11
LA_E_7384759,1,pstn,A08
LA_E_7385501,1,none,A10
LA_E_7385613,1,opus,A14
LA_E_7385745,1,none,A19
LA_E_7386077,1,ulaw,A13
LA_E_7387511,1,alaw,A10
LA_E_7387937,1,ulaw,A19
LA_E_7388106,0,gsm,bonafide
LA_E_7388865,1,pstn,A19
LA_E_7389238,1,alaw,A17
LA_E_7390361,1,opus,A18
LA_E_7390483,1,ulaw,A12
LA_E_7390703,1,opus,A14
LA_E_7391089,1,gsm,A17
LA_E_7391164,1,opus,A08
LA_E_7391608,1,g722,A11
LA_E_7391661,1,gsm,A11
LA_E_7392049,0,gsm,bonafide
LA_E_7392411,1,ulaw,A09
LA_E_7392415,0,opus,bonafide
LA_E_7392465,0,none,bonafide
LA_E_7392485,1,g722,A08
LA_E_7392523,1,none,A11
LA_E_7392786,1,opus,A09
LA_E_7393137,1,none,A08
LA_E_7394105,1,none,A16
LA_E_7394916,1,opus,A07
LA_E_7395027,1,ulaw,A08
LA_E_7395099,1,gsm,A13
LA_E_7395108,1,alaw,A12
LA_E_7395567,1,opus,A15
LA_E_7396306,1,ulaw,A10
LA_E_7397473,1,gsm,A14
LA_E_7397590,1,ulaw,A14
LA_E_7397802,1,ulaw,A19
LA_E_7397925,1,gsm,A07
LA_E_7398147,1,ulaw,A15
LA_E_7398955,1,alaw,A07
LA_E_7399080,1,pstn,A07
LA_E_7399202,1,opus,A07
LA_E_7400632,0,gsm,bonafide
LA_E_7401158,1,ulaw,A14
LA_E_7401235,1,gsm,A14
LA_E_7401698,1,alaw,A09
LA_E_7402073,1,none,A18
LA_E_7402150,1,ulaw,A14
LA_E_7402444,1,none,A13
LA_E_7402639,1,pstn,A15
LA_E_7402657,1,alaw,A08
LA_E_7402812,1,ulaw,A08
LA_E_7403080,1,ulaw,A17
LA_E_7403321,1,pstn,A09
LA_E_7403449,1,ulaw,A08
LA_E_7403487,0,opus,bonafide
LA_E_7403886,1,g722,A07
LA_E_7404027,1,gsm,A07
LA_E_7404499,1,opus,A18
LA_E_7404646,1,none,A12
LA_E_7404655,1,ulaw,A13
LA_E_7404934,1,gsm,A17
LA_E_7405016,1,gsm,A15
LA_E_7405372,0,pstn,bonafide
LA_E_7405501,1,none,A07
LA_E_7406089,1,alaw,A10
LA_E_7406297,1,g722,A13
LA_E_7406370,1,opus,A07
LA_E_7406700,1,ulaw,A15
LA_E_7407794,1,pstn,A15
LA_E_7408456,1,opus,A11
LA_E_7408458,1,pstn,A10
LA_E_7408670,0,opus,bonafide
LA_E_7408679,1,gsm,A14
LA_E_7409451,1,alaw,A10
LA_E_7409503,1,alaw,A08
LA_E_7409970,1,pstn,A14
LA_E_7410004,1,opus,A14
LA_E_7410316,1,pstn,A09
LA_E_7410524,1,opus,A08
LA_E_7410619,1,ulaw,A16
LA_E_7410971,1,ulaw,A12
LA_E_7411112,1,alaw,A18
LA_E_7411217,1,none,A11
LA_E_7411847,1,alaw,A11
LA_E_7412102,0,opus,bonafide
LA_E_7412104,1,opus,A11
LA_E_7412209,1,alaw,A15
LA_E_7412280,1,opus,A15
LA_E_7412475,1,ulaw,A17
LA_E_7412489,1,none,A10
LA_E_7412719,1,alaw,A19
LA_E_7412765,1,g722,A14
LA_E_7412855,1,pstn,A13
LA_E_7413022,1,gsm,A10
LA_E_7413053,1,gsm,A14
LA_E_7413326,0,pstn,bonafide
LA_E_7413555,0,none,bonafide
LA_E_7415744,1,pstn,A07
LA_E_7416263,1,none,A14
LA_E_7417555,1,alaw,A19
LA_E_7417632,1,opus,A16
LA_E_7417843,1,pstn,A07
LA_E_7417861,1,g722,A13
LA_E_7417874,1,ulaw,A18
LA_E_7418276,1,gsm,A10
LA_E_7418344,1,g722,A13
LA_E_7418447,1,alaw,A12
LA_E_7418485,0,opus,bonafide
LA_E_7418556,1,alaw,A19
LA_E_7418702,1,gsm,A14
LA_E_7418888,1,gsm,A10
LA_E_7419616,1,pstn,A10
LA_E_7419951,1,g722,A14
LA_E_7419963,1,g722,A14
LA_E_7420229,1,alaw,A14
LA_E_7420241,1,none,A14
LA_E_7420781,1,ulaw,A11
LA_E_7420800,1,pstn,A17
LA_E_7420858,1,none,A12
LA_E_7421136,0,g722,bonafide
LA_E_7421705,1,g722,A08
LA_E_7421901,1,opus,A07
LA_E_7422527,1,gsm,A11
LA_E_7422679,1,pstn,A13
LA_E_7422984,1,alaw,A12
LA_E_7422999,1,opus,A17
LA_E_7423633,1,gsm,A13
LA_E_7424311,1,alaw,A13
LA_E_7424979,0,g722,bonafide
LA_E_7425474,1,ulaw,A09
LA_E_7425797,1,gsm,A11
LA_E_7425869,1,ulaw,A16
LA_E_7426221,1,g722,A12
LA_E_7426605,1,ulaw,A17
LA_E_7426669,1,g722,A19
LA_E_7426940,1,ulaw,A18
LA_E_7427002,1,opus,A09
LA_E_7427925,1,gsm,A15
LA_E_7428031,1,ulaw,A18
LA_E_7428086,0,ulaw,bonafide
LA_E_7428453,1,g722,A17
LA_E_7429204,1,ulaw,A08
LA_E_7429337,1,g722,A07
LA_E_7429949,1,none,A17
LA_E_7430184,1,pstn,A08
LA_E_7430900,1,opus,A12
LA_E_7430986,1,pstn,A16
LA_E_7431223,1,opus,A19
LA_E_7431523,1,pstn,A16
LA_E_7431600,1,none,A11
LA_E_7431834,1,g722,A08
LA_E_7431843,1,opus,A15
LA_E_7431923,1,g722,A15
LA_E_7432797,1,alaw,A11
LA_E_7433146,1,none,A13
LA_E_7433475,1,ulaw,A12
LA_E_7434548,1,ulaw,A18
LA_E_7434552,1,g722,A13
LA_E_7434713,1,opus,A12
LA_E_7435222,1,none,A13
LA_E_7435483,1,gsm,A14
LA_E_7435614,1,opus,A16
LA_E_7435861,1,ulaw,A18
LA_E_7435986,0,ulaw,bonafide
LA_E_7436019,1,none,A16
LA_E_7436251,1,alaw,A07
LA_E_7436671,1,ulaw,A13
LA_E_7436908,0,opus,bonafide
LA_E_7437062,1,opus,A08
LA_E_7437490,1,pstn,A13
LA_E_7437804,1,g722,A14
LA_E_7437919,0,gsm,bonafide
LA_E_7438229,1,g722,A09
LA_E_7438335,1,pstn,A16
LA_E_7438777,1,ulaw,A13
LA_E_7439253,1,alaw,A19
LA_E_7439440,1,alaw,A15
LA_E_7439511,1,gsm,A09
LA_E_7439723,1,opus,A13
LA_E_7439922,1,gsm,A16
LA_E_7439924,1,gsm,A13
LA_E_7440042,1,pstn,A13
LA_E_7440482,0,pstn,bonafide
LA_E_7440896,1,none,A19
LA_E_7441084,1,ulaw,A12
LA_E_7441286,1,opus,A15
LA_E_7441811,1,alaw,A09
LA_E_7441911,1,g722,A16
LA_E_7442177,1,none,A12
LA_E_7442635,0,gsm,bonafide
LA_E_7442892,1,none,A19
LA_E_7443348,1,gsm,A15
LA_E_7443464,1,g722,A15
LA_E_7443505,1,alaw,A18
LA_E_7444634,1,gsm,A10
LA_E_7444807,1,alaw,A12
LA_E_7445005,1,gsm,A14
LA_E_7445808,1,gsm,A11
LA_E_7445825,1,none,A11
LA_E_7445970,1,opus,A15
LA_E_7445998,1,opus,A16
LA_E_7446118,1,gsm,A11
LA_E_7446238,1,ulaw,A13
LA_E_7447591,1,alaw,A11
LA_E_7447696,1,g722,A18
LA_E_7448054,1,ulaw,A14
LA_E_7448059,1,alaw,A15
LA_E_7448197,1,opus,A08
LA_E_7448495,1,g722,A08
LA_E_7449831,1,alaw,A17
LA_E_7450141,1,alaw,A19
LA_E_7450332,1,alaw,A07
LA_E_7450428,1,opus,A18
LA_E_7450668,1,ulaw,A13
LA_E_7450771,1,ulaw,A18
LA_E_7451271,1,g722,A17
LA_E_7451583,1,ulaw,A18
LA_E_7451622,0,ulaw,bonafide
LA_E_7452063,1,g722,A14
LA_E_7452070,1,g722,A09
LA_E_7452608,1,gsm,A16
LA_E_7453041,1,none,A16
LA_E_7453064,1,opus,A11
LA_E_7453600,1,pstn,A18
LA_E_7453748,1,gsm,A12
LA_E_7453832,1,gsm,A12
LA_E_7454230,1,gsm,A11
LA_E_7454427,1,pstn,A13
LA_E_7455150,1,alaw,A07
LA_E_7455762,1,g722,A19
LA_E_7455850,1,ulaw,A12
LA_E_7456149,1,none,A13
LA_E_7456272,1,alaw,A09
LA_E_7457137,1,alaw,A13
LA_E_7457176,1,opus,A12
LA_E_7459172,1,gsm,A12
LA_E_7460621,1,g722,A17
LA_E_7460686,1,g722,A16
LA_E_7460831,1,none,A11
LA_E_7460906,1,alaw,A17
LA_E_7461107,1,none,A07
LA_E_7461377,1,none,A09
LA_E_7461412,1,pstn,A11
LA_E_7461442,1,g722,A16
LA_E_7461607,1,none,A11
LA_E_7461651,1,gsm,A13
LA_E_7461815,1,pstn,A12
LA_E_7462472,1,ulaw,A09
LA_E_7462531,1,ulaw,A13
LA_E_7462841,1,none,A12
LA_E_7463444,1,g722,A18
LA_E_7463907,1,g722,A08
LA_E_7463976,1,none,A18
LA_E_7464017,1,gsm,A13
LA_E_7464367,1,opus,A13
LA_E_7465022,1,alaw,A13
LA_E_7466068,1,none,A12
LA_E_7466253,1,alaw,A09
LA_E_7466447,1,gsm,A11
LA_E_7466698,1,ulaw,A13
LA_E_7466779,1,gsm,A11
LA_E_7466877,1,ulaw,A19
LA_E_7467250,1,gsm,A16
LA_E_7467694,1,opus,A12
LA_E_7467928,1,none,A19
LA_E_7467985,0,opus,bonafide
LA_E_7468113,1,pstn,A14
LA_E_7468121,1,gsm,A12
LA_E_7468238,1,ulaw,A19
LA_E_7468510,1,ulaw,A12
LA_E_7470241,1,g722,A18
LA_E_7470312,1,gsm,A13
LA_E_7470343,1,g722,A14
LA_E_7470385,1,alaw,A14
LA_E_7471011,1,gsm,A08
LA_E_7471171,1,none,A12
LA_E_7471203,1,ulaw,A14
LA_E_7471333,1,none,A15
LA_E_7471443,1,gsm,A13
LA_E_7471489,0,ulaw,bonafide
LA_E_7471534,1,opus,A10
LA_E_7471614,1,opus,A15
LA_E_7471696,1,g722,A19
LA_E_7471789,1,opus,A18
LA_E_7472000,1,gsm,A11
LA_E_7472481,1,g722,A12
LA_E_7472618,0,ulaw,bonafide
LA_E_7472689,1,ulaw,A17
LA_E_7473130,0,alaw,bonafide
LA_E_7473814,1,ulaw,A12
LA_E_7474050,1,opus,A07
LA_E_7474055,1,ulaw,A12
LA_E_7474867,1,g722,A14
LA_E_7475213,1,none,A17
LA_E_7475447,1,gsm,A18
LA_E_7475474,1,gsm,A15
LA_E_7475884,1,none,A17
LA_E_7476048,1,g722,A19
LA_E_7476258,0,opus,bonafide
LA_E_7476271,1,none,A07
LA_E_7476816,1,ulaw,A16
LA_E_7477123,0,ulaw,bonafide
LA_E_7477202,1,opus,A11
LA_E_7477551,1,gsm,A12
LA_E_7477572,1,alaw,A07
LA_E_7477705,1,gsm,A16
LA_E_7478235,1,gsm,A09
LA_E_7478475,1,ulaw,A12
LA_E_7478530,1,none,A09
LA_E_7478654,1,pstn,A07
LA_E_7479548,1,pstn,A16
LA_E_7480240,1,gsm,A12
LA_E_7480457,0,pstn,bonafide
LA_E_7480923,1,g722,A07
LA_E_7480944,1,g722,A15
LA_E_7481126,1,opus,A13
LA_E_7481598,1,opus,A10
LA_E_7481707,1,g722,A07
LA_E_7481732,1,gsm,A08
LA_E_7481758,1,opus,A11
LA_E_7482428,1,none,A09
LA_E_7482935,1,pstn,A16
LA_E_7484116,1,gsm,A11
LA_E_7484146,1,ulaw,A09
LA_E_7484884,1,opus,A08
LA_E_7485012,1,gsm,A08
LA_E_7485109,1,pstn,A09
LA_E_7485224,1,alaw,A17
LA_E_7485357,1,ulaw,A19
LA_E_7485376,1,ulaw,A18
LA_E_7485640,1,none,A15
LA_E_7485660,1,alaw,A14
LA_E_7485712,1,pstn,A16
LA_E_7485717,0,opus,bonafide
LA_E_7486068,1,opus,A13
LA_E_7486546,1,opus,A19
LA_E_7486676,1,opus,A09
LA_E_7486723,1,opus,A08
LA_E_7487229,1,opus,A12
LA_E_7487283,1,none,A07
LA_E_7487777,1,pstn,A15
LA_E_7487919,1,alaw,A18
LA_E_7487953,1,alaw,A16
LA_E_7488027,1,opus,A19
LA_E_7488330,1,alaw,A13
LA_E_7488866,0,gsm,bonafide
LA_E_7488871,1,none,A10
LA_E_7488949,1,gsm,A18
LA_E_7489329,1,pstn,A10
LA_E_7489565,1,g722,A13
LA_E_7489984,1,opus,A07
LA_E_7490494,0,gsm,bonafide
LA_E_7490523,1,gsm,A12
LA_E_7490569,1,pstn,A14
LA_E_7490638,1,gsm,A17
LA_E_7490683,1,gsm,A07
LA_E_7491320,1,opus,A18
LA_E_7491459,1,g722,A10
LA_E_7491513,0,alaw,bonafide
LA_E_7491565,1,g722,A11
LA_E_7491984,1,opus,A18
LA_E_7492159,1,pstn,A11
LA_E_7492280,1,none,A14
LA_E_7492639,1,g722,A16
LA_E_7492825,1,ulaw,A12
LA_E_7492892,1,ulaw,A11
LA_E_7493130,1,g722,A19
LA_E_7493780,1,opus,A15
LA_E_7493996,1,gsm,A09
LA_E_7494218,1,pstn,A18
LA_E_7494495,1,pstn,A07
LA_E_7494775,1,alaw,A14
LA_E_7494972,1,alaw,A13
LA_E_7495149,1,opus,A17
LA_E_7495239,1,pstn,A09
LA_E_7495304,1,ulaw,A16
LA_E_7496255,1,ulaw,A15
LA_E_7496362,1,none,A09
LA_E_7497165,1,opus,A11
LA_E_7497372,1,none,A19
LA_E_7497947,1,alaw,A13
LA_E_7498712,1,ulaw,A15
LA_E_7498778,1,alaw,A07
LA_E_7499001,1,opus,A13
LA_E_7499099,0,ulaw,bonafide
LA_E_7499552,1,pstn,A10
LA_E_7499736,1,pstn,A07
LA_E_7500025,1,alaw,A19
LA_E_7500150,1,pstn,A08
LA_E_7500255,1,gsm,A18
LA_E_7500683,1,ulaw,A19
LA_E_7501275,1,gsm,A13
LA_E_7501733,1,none,A17
LA_E_7501969,1,gsm,A18
LA_E_7502155,1,ulaw,A13
LA_E_7502574,1,gsm,A19
LA_E_7502815,1,pstn,A16
LA_E_7502827,0,gsm,bonafide
LA_E_7503091,0,pstn,bonafide
LA_E_7503203,0,ulaw,bonafide
LA_E_7503285,1,gsm,A14
LA_E_7503510,1,pstn,A13
LA_E_7503949,1,gsm,A08
LA_E_7503964,1,gsm,A13
LA_E_7504039,1,opus,A11
LA_E_7504215,1,pstn,A17
LA_E_7504489,1,ulaw,A14
LA_E_7506410,1,alaw,A15
LA_E_7506891,1,ulaw,A17
LA_E_7507119,1,g722,A10
LA_E_7507198,1,alaw,A13
LA_E_7507677,1,opus,A18
LA_E_7507859,1,none,A07
LA_E_7508198,1,pstn,A15
LA_E_7508357,1,none,A13
LA_E_7508613,1,opus,A19
LA_E_7508794,1,gsm,A18
LA_E_7508932,1,gsm,A15
LA_E_7509405,1,pstn,A18
LA_E_7509972,1,g722,A14
LA_E_7510315,1,alaw,A09
LA_E_7510333,1,opus,A15
LA_E_7510686,1,none,A11
LA_E_7510697,1,pstn,A10
LA_E_7513091,1,g722,A18
LA_E_7513715,1,gsm,A15
LA_E_7513756,1,ulaw,A16
LA_E_7513798,1,gsm,A17
LA_E_7513817,1,none,A14
LA_E_7513849,1,opus,A07
LA_E_7513860,1,gsm,A13
LA_E_7514842,0,gsm,bonafide
LA_E_7515353,1,pstn,A19
LA_E_7515541,1,gsm,A18
LA_E_7515814,1,pstn,A07
LA_E_7516358,1,ulaw,A08
LA_E_7516606,1,ulaw,A08
LA_E_7516843,1,gsm,A17
LA_E_7517107,1,ulaw,A13
LA_E_7517110,1,alaw,A16
LA_E_7517335,0,g722,bonafide
LA_E_7517390,1,ulaw,A09
LA_E_7517805,1,alaw,A09
LA_E_7518451,1,opus,A18
LA_E_7518767,1,g722,A12
LA_E_7518992,1,ulaw,A19
LA_E_7519108,1,alaw,A19
LA_E_7519881,1,pstn,A09
LA_E_7519896,1,pstn,A17
LA_E_7520357,1,opus,A17
LA_E_7520374,1,pstn,A17
LA_E_7520872,1,opus,A08
LA_E_7520931,1,alaw,A10
LA_E_7520976,1,none,A15
LA_E_7521764,0,none,bonafide
LA_E_7521957,1,gsm,A07
LA_E_7522193,1,pstn,A19
LA_E_7522303,1,opus,A12
LA_E_7523729,1,ulaw,A14
LA_E_7523863,1,ulaw,A09
LA_E_7523978,1,g722,A17
LA_E_7524000,1,g722,A07
LA_E_7524448,1,g722,A14
LA_E_7524734,0,g722,bonafide
LA_E_7525731,1,pstn,A18
LA_E_7525988,1,alaw,A07
LA_E_7526391,1,alaw,A11
LA_E_7526606,1,none,A19
LA_E_7526745,1,opus,A14
LA_E_7526952,1,ulaw,A11
LA_E_7527806,1,pstn,A10
LA_E_7527910,1,ulaw,A09
LA_E_7527939,1,none,A08
LA_E_7528082,1,pstn,A08
LA_E_7528314,1,none,A10
LA_E_7528884,1,opus,A12
LA_E_7529046,1,opus,A07
LA_E_7529352,1,none,A18
LA_E_7530588,1,ulaw,A09
LA_E_7531170,0,gsm,bonafide
LA_E_7531271,1,gsm,A08
LA_E_7531412,1,opus,A17
LA_E_7531647,1,ulaw,A09
LA_E_7532554,1,pstn,A13
LA_E_7532769,0,ulaw,bonafide
LA_E_7532771,1,none,A08
LA_E_7532959,0,g722,bonafide
LA_E_7533018,1,alaw,A14
LA_E_7533503,1,g722,A16
LA_E_7533569,1,ulaw,A09
LA_E_7533981,1,opus,A13
LA_E_7534768,1,opus,A16
LA_E_7534867,0,g722,bonafide
LA_E_7535261,0,none,bonafide
LA_E_7535513,1,gsm,A13
LA_E_7535822,1,none,A14
LA_E_7536292,1,g722,A18
LA_E_7537072,1,pstn,A09
LA_E_7537325,1,ulaw,A15
LA_E_7537697,1,gsm,A18
LA_E_7537797,1,gsm,A14
LA_E_7538015,1,opus,A14
LA_E_7539291,1,opus,A17
LA_E_7539665,1,gsm,A09
LA_E_7539849,1,opus,A12
LA_E_7540013,1,ulaw,A10
LA_E_7540068,1,g722,A15
LA_E_7540170,1,opus,A15
LA_E_7540885,1,alaw,A09
LA_E_7540902,0,alaw,bonafide
LA_E_7541612,1,g722,A15
LA_E_7542065,1,none,A11
LA_E_7542193,1,alaw,A11
LA_E_7543622,0,none,bonafide
LA_E_7543624,1,pstn,A15
LA_E_7543779,1,opus,A16
LA_E_7543789,1,alaw,A11
LA_E_7543801,1,gsm,A07
LA_E_7544273,0,none,bonafide
LA_E_7544307,1,alaw,A19
LA_E_7544449,1,gsm,A14
LA_E_7544826,0,g722,bonafide
LA_E_7545266,1,opus,A17
LA_E_7546087,1,gsm,A11
LA_E_7546196,1,gsm,A08
LA_E_7546520,1,opus,A10
LA_E_7547052,1,opus,A16
LA_E_7547090,1,g722,A09
LA_E_7547490,1,gsm,A14
LA_E_7547705,1,none,A08
LA_E_7548794,1,alaw,A14
LA_E_7549095,1,pstn,A11
LA_E_7549139,0,ulaw,bonafide
LA_E_7549352,0,g722,bonafide
LA_E_7549911,0,ulaw,bonafide
LA_E_7549985,1,alaw,A08
LA_E_7550167,1,pstn,A17
LA_E_7550966,1,pstn,A18
LA_E_7550970,1,g722,A11
LA_E_7551838,1,alaw,A15
LA_E_7551906,1,opus,A14
LA_E_7552333,1,alaw,A16
LA_E_7552458,1,none,A18
LA_E_7553347,1,g722,A13
LA_E_7553779,1,none,A07
LA_E_7553885,1,gsm,A18
LA_E_7553899,0,g722,bonafide
LA_E_7554113,1,gsm,A11
LA_E_7554250,1,pstn,A12
LA_E_7554297,0,gsm,bonafide
LA_E_7554400,1,opus,A12
LA_E_7554420,1,none,A18
LA_E_7554798,1,ulaw,A11
LA_E_7554904,0,gsm,bonafide
LA_E_7555674,1,ulaw,A12
LA_E_7556044,1,g722,A13
LA_E_7556250,1,pstn,A17
LA_E_7556326,1,pstn,A11
LA_E_7556588,1,gsm,A11
LA_E_7556823,1,alaw,A14
LA_E_7556838,1,alaw,A16
LA_E_7557625,1,pstn,A19
LA_E_7557885,1,none,A19
LA_E_7557913,1,g722,A18
LA_E_7557981,1,alaw,A10
LA_E_7558579,1,none,A10
LA_E_7558729,1,ulaw,A16
LA_E_7559538,1,g722,A13
LA_E_7559723,1,ulaw,A13
LA_E_7559734,1,gsm,A09
LA_E_7559836,1,alaw,A12
LA_E_7559908,1,opus,A12
LA_E_7560091,1,opus,A10
LA_E_7560551,1,ulaw,A13
LA_E_7560582,0,g722,bonafide
LA_E_7560623,1,g722,A17
LA_E_7561054,1,gsm,A10
LA_E_7561229,1,none,A14
LA_E_7561433,0,pstn,bonafide
LA_E_7561519,1,pstn,A07
LA_E_7561978,1,opus,A08
LA_E_7562046,0,gsm,bonafide
LA_E_7562290,1,ulaw,A19
LA_E_7562487,1,opus,A08
LA_E_7562786,1,opus,A11
LA_E_7563160,1,gsm,A15
LA_E_7563767,1,ulaw,A15
LA_E_7563783,1,gsm,A15
LA_E_7564025,1,alaw,A15
LA_E_7564219,1,pstn,A08
LA_E_7564387,1,alaw,A14
LA_E_7565246,1,ulaw,A09
LA_E_7565329,1,opus,A08
LA_E_7565387,1,alaw,A17
LA_E_7565396,1,g722,A11
LA_E_7565814,1,ulaw,A16
LA_E_7565996,1,g722,A07
LA_E_7566010,1,none,A09
LA_E_7566604,1,opus,A16
LA_E_7566612,1,opus,A18
LA_E_7566906,1,ulaw,A12
LA_E_7567286,1,alaw,A12
LA_E_7568889,1,ulaw,A10
LA_E_7568974,0,ulaw,bonafide
LA_E_7569220,1,alaw,A16
LA_E_7569250,1,none,A11
LA_E_7569257,1,alaw,A15
LA_E_7569379,1,gsm,A19
LA_E_7569412,1,ulaw,A12
LA_E_7569485,1,opus,A08
LA_E_7570291,1,none,A12
LA_E_7570471,0,none,bonafide
LA_E_7570474,1,pstn,A19
LA_E_7570892,1,gsm,A09
LA_E_7571128,1,alaw,A18
LA_E_7571410,1,alaw,A17
LA_E_7571755,1,gsm,A18
LA_E_7572840,1,alaw,A11
LA_E_7572868,1,g722,A08
LA_E_7573766,1,ulaw,A17
LA_E_7573927,1,opus,A13
LA_E_7574393,1,gsm,A14
LA_E_7574519,1,ulaw,A17
LA_E_7574576,1,opus,A19
LA_E_7575795,1,gsm,A19
LA_E_7575815,1,gsm,A17
LA_E_7575840,1,g722,A12
LA_E_7576108,1,ulaw,A08
LA_E_7576256,1,alaw,A12
LA_E_7576583,1,gsm,A11
LA_E_7576625,1,alaw,A09
LA_E_7577628,1,ulaw,A13
LA_E_7577738,1,none,A08
LA_E_7577760,1,alaw,A19
LA_E_7577972,1,pstn,A11
LA_E_7578310,1,none,A12
LA_E_7578438,1,none,A15
LA_E_7578536,1,g722,A14
LA_E_7578539,1,ulaw,A15
LA_E_7578701,1,gsm,A18
LA_E_7578828,1,opus,A11
LA_E_7578985,1,none,A10
LA_E_7579257,1,pstn,A11
LA_E_7579620,1,pstn,A12
LA_E_7579832,1,pstn,A17
LA_E_7579873,0,ulaw,bonafide
LA_E_7579993,1,ulaw,A19
LA_E_7580990,1,gsm,A14
LA_E_7581416,1,gsm,A08
LA_E_7581455,0,pstn,bonafide
LA_E_7581582,1,alaw,A19
LA_E_7582165,1,alaw,A16
LA_E_7582231,1,gsm,A16
LA_E_7582370,1,ulaw,A10
LA_E_7582707,1,opus,A10
LA_E_7582861,1,g722,A07
LA_E_7583582,0,opus,bonafide
LA_E_7583804,1,ulaw,A15
LA_E_7583835,0,g722,bonafide
LA_E_7584517,1,ulaw,A09
LA_E_7585047,0,opus,bonafide
LA_E_7585245,1,gsm,A10
LA_E_7585461,1,pstn,A12
LA_E_7585918,1,none,A15
LA_E_7585952,1,alaw,A09
LA_E_7586344,1,g722,A12
LA_E_7586808,0,opus,bonafide
LA_E_7587257,0,pstn,bonafide
LA_E_7587577,1,alaw,A18
LA_E_7587822,1,ulaw,A18
LA_E_7588109,1,ulaw,A19
LA_E_7588498,1,opus,A10
LA_E_7588550,1,alaw,A07
LA_E_7588749,1,none,A11
LA_E_7588788,1,none,A12
LA_E_7588791,1,alaw,A16
LA_E_7589390,1,alaw,A07
LA_E_7589439,1,alaw,A14
LA_E_7589554,1,ulaw,A14
LA_E_7589864,1,none,A08
LA_E_7590388,1,pstn,A09
LA_E_7590395,1,none,A09
LA_E_7591244,1,ulaw,A07
LA_E_7591625,1,gsm,A07
LA_E_7591913,1,opus,A13
LA_E_7592208,1,opus,A13
LA_E_7592337,1,ulaw,A17
LA_E_7592999,1,gsm,A09
LA_E_7593041,1,g722,A08
LA_E_7593303,1,gsm,A16
LA_E_7593327,1,alaw,A13
LA_E_7594021,1,g722,A07
LA_E_7594105,1,ulaw,A10
LA_E_7594353,0,opus,bonafide
LA_E_7594546,1,alaw,A07
LA_E_7594717,1,g722,A10
LA_E_7595229,1,opus,A10
LA_E_7595585,1,gsm,A08
LA_E_7595946,1,g722,A12
LA_E_7596132,1,ulaw,A15
LA_E_7596197,1,pstn,A10
LA_E_7596365,1,pstn,A15
LA_E_7596385,1,alaw,A19
LA_E_7596868,1,none,A17
LA_E_7596999,1,gsm,A19
LA_E_7597302,1,opus,A19
LA_E_7597312,1,none,A16
LA_E_7598142,1,opus,A14
LA_E_7598146,1,ulaw,A08
LA_E_7598978,1,gsm,A18
LA_E_7599010,1,alaw,A16
LA_E_7599487,1,g722,A08
LA_E_7599536,0,none,bonafide
LA_E_7599762,0,none,bonafide
LA_E_7599950,1,gsm,A07
LA_E_7600251,1,pstn,A10
LA_E_7600844,1,none,A10
LA_E_7601063,0,opus,bonafide
LA_E_7601372,1,g722,A13
LA_E_7601433,1,pstn,A15
LA_E_7601742,1,gsm,A14
LA_E_7601765,1,none,A16
LA_E_7601938,1,pstn,A08
LA_E_7602188,1,pstn,A14
LA_E_7602770,0,none,bonafide
LA_E_7603822,1,pstn,A08
LA_E_7604697,1,gsm,A17
LA_E_7604954,1,gsm,A09
LA_E_7606504,1,gsm,A18
LA_E_7606999,1,none,A07
LA_E_7607233,1,pstn,A16
LA_E_7607359,1,none,A11
LA_E_7607585,1,ulaw,A19
LA_E_7608090,0,none,bonafide
LA_E_7608941,1,ulaw,A08
LA_E_7608960,1,ulaw,A18
LA_E_7609220,1,alaw,A18
LA_E_7609224,1,pstn,A07
LA_E_7609383,1,alaw,A16
LA_E_7609665,1,none,A07
LA_E_7610232,1,none,A08
LA_E_7610518,1,gsm,A15
LA_E_7610521,1,opus,A14
LA_E_7611153,1,gsm,A14
LA_E_7611424,1,pstn,A15
LA_E_7612039,1,none,A14
LA_E_7612162,1,g722,A11
LA_E_7612352,1,none,A16
LA_E_7613041,1,pstn,A13
LA_E_7613090,1,pstn,A07
LA_E_7613252,0,opus,bonafide
LA_E_7613475,1,g722,A07
LA_E_7613715,1,pstn,A17
LA_E_7613818,1,gsm,A09
LA_E_7614284,1,gsm,A12
LA_E_7614553,1,pstn,A09
LA_E_7614588,1,g722,A19
LA_E_7614897,1,gsm,A10
LA_E_7615058,1,g722,A17
LA_E_7615070,1,ulaw,A17
LA_E_7616097,1,ulaw,A19
LA_E_7616897,1,ulaw,A19
LA_E_7617148,1,gsm,A13
LA_E_7617332,1,g722,A10
LA_E_7617476,1,none,A11
LA_E_7617661,1,gsm,A16
LA_E_7618065,1,g722,A08
LA_E_7618500,1,gsm,A18
LA_E_7618920,1,gsm,A18
LA_E_7619466,1,g722,A16
LA_E_7620088,1,ulaw,A15
LA_E_7620318,1,opus,A17
LA_E_7620465,1,g722,A16
LA_E_7620824,1,gsm,A07
LA_E_7620973,1,opus,A12
LA_E_7621045,1,alaw,A14
LA_E_7621407,1,gsm,A13
LA_E_7621559,1,none,A07
LA_E_7621670,1,ulaw,A15
LA_E_7622040,0,ulaw,bonafide
LA_E_7622356,1,opus,A09
LA_E_7622365,1,pstn,A14
LA_E_7622473,1,g722,A18
LA_E_7622571,0,gsm,bonafide
LA_E_7622801,1,none,A12
LA_E_7622848,1,ulaw,A19
LA_E_7623028,1,pstn,A16
LA_E_7623416,1,gsm,A12
LA_E_7623745,1,ulaw,A16
LA_E_7624418,1,none,A11
LA_E_7624577,1,g722,A17
LA_E_7624919,1,opus,A12
LA_E_7625382,1,opus,A15
LA_E_7625596,1,gsm,A08
LA_E_7626141,1,pstn,A10
LA_E_7626165,0,gsm,bonafide
LA_E_7626295,1,alaw,A08
LA_E_7626460,0,alaw,bonafide
LA_E_7626893,0,opus,bonafide
LA_E_7627160,1,opus,A12
LA_E_7627308,1,gsm,A07
LA_E_7627991,1,gsm,A14
LA_E_7629034,1,ulaw,A14
LA_E_7629045,1,ulaw,A07
LA_E_7629076,1,pstn,A15
LA_E_7629229,1,gsm,A18
LA_E_7629592,1,g722,A09
LA_E_7629781,1,alaw,A14
LA_E_7630878,1,pstn,A14
LA_E_7630950,1,opus,A18
LA_E_7631457,1,g722,A09
LA_E_7631507,1,pstn,A17
LA_E_7632793,0,ulaw,bonafide
LA_E_7632842,1,ulaw,A14
LA_E_7633422,1,alaw,A13
LA_E_7633553,1,ulaw,A16
LA_E_7634057,1,none,A10
LA_E_7634255,1,ulaw,A11
LA_E_7634272,1,alaw,A08
LA_E_7634617,1,g722,A16
LA_E_7635237,0,ulaw,bonafide
LA_E_7635294,1,ulaw,A13
LA_E_7635405,1,pstn,A19
LA_E_7635622,1,gsm,A08
LA_E_7636082,1,gsm,A19
LA_E_7636263,1,ulaw,A19
LA_E_7636594,1,alaw,A17
LA_E_7636732,1,pstn,A13
LA_E_7636739,1,none,A12
LA_E_7636740,1,alaw,A13
LA_E_7636813,1,opus,A15
LA_E_7637209,1,g722,A19
LA_E_7637760,0,ulaw,bonafide
LA_E_7639088,1,gsm,A19
LA_E_7639485,1,pstn,A14
LA_E_7640845,1,none,A18
LA_E_7640891,1,opus,A07
LA_E_7641116,1,g722,A13
LA_E_7641674,1,none,A09
LA_E_7641696,1,pstn,A13
LA_E_7641984,0,gsm,bonafide
LA_E_7642052,1,ulaw,A16
LA_E_7642099,1,none,A10
LA_E_7642264,1,pstn,A17
LA_E_7642404,1,opus,A15
LA_E_7642468,1,opus,A16
LA_E_7643050,1,none,A10
LA_E_7643081,1,none,A17
LA_E_7643666,1,pstn,A07
LA_E_7643856,1,g722,A13
LA_E_7644153,1,ulaw,A07
LA_E_7644229,1,g722,A07
LA_E_7644239,1,gsm,A12
LA_E_7644870,1,none,A14
LA_E_7645272,1,gsm,A11
LA_E_7645665,1,pstn,A09
LA_E_7646140,1,gsm,A07
LA_E_7648055,1,gsm,A07
LA_E_7648186,1,opus,A10
LA_E_7648802,1,gsm,A14
LA_E_7648879,1,alaw,A11
LA_E_7648978,1,opus,A19
LA_E_7649261,1,g722,A16
LA_E_7649343,1,none,A12
LA_E_7649584,1,pstn,A15
LA_E_7649634,0,none,bonafide
LA_E_7649828,1,ulaw,A15
LA_E_7650086,1,none,A11
LA_E_7650129,1,none,A13
LA_E_7650291,1,gsm,A07
LA_E_7650840,1,alaw,A12
LA_E_7650918,1,alaw,A13
LA_E_7651625,1,gsm,A07
LA_E_7651961,1,alaw,A13
LA_E_7652121,1,gsm,A16
LA_E_7652521,1,opus,A10
LA_E_7652597,1,opus,A08
LA_E_7652660,1,alaw,A15
LA_E_7652722,1,none,A19
LA_E_7653624,1,pstn,A11
LA_E_7653647,1,opus,A09
LA_E_7653806,1,gsm,A10
LA_E_7654551,1,pstn,A11
LA_E_7654575,1,pstn,A09
LA_E_7654887,1,opus,A16
LA_E_7655484,1,alaw,A19
LA_E_7655924,1,opus,A12
LA_E_7656221,1,opus,A07
LA_E_7656799,1,pstn,A09
LA_E_7658627,0,gsm,bonafide
LA_E_7659717,1,opus,A10
LA_E_7660091,1,opus,A07
LA_E_7660355,1,ulaw,A09
LA_E_7661172,1,opus,A19
LA_E_7661353,1,pstn,A14
LA_E_7661443,1,ulaw,A08
LA_E_7661729,1,none,A18
LA_E_7661804,1,pstn,A10
LA_E_7661907,1,none,A14
LA_E_7662064,1,ulaw,A16
LA_E_7663027,1,none,A09
LA_E_7663269,1,none,A07
LA_E_7663292,1,g722,A09
LA_E_7663957,1,ulaw,A09
LA_E_7665087,1,ulaw,A13
LA_E_7665223,0,gsm,bonafide
LA_E_7665873,1,opus,A18
LA_E_7665885,1,opus,A17
LA_E_7666330,1,opus,A13
LA_E_7667041,1,ulaw,A13
LA_E_7667272,1,g722,A16
LA_E_7667609,1,g722,A12
LA_E_7667838,1,g722,A10
LA_E_7668043,1,opus,A07
LA_E_7668803,0,g722,bonafide
LA_E_7669227,1,alaw,A12
LA_E_7669764,1,ulaw,A07
LA_E_7670387,1,none,A13
LA_E_7670540,1,pstn,A17
LA_E_7670633,0,opus,bonafide
LA_E_7670707,1,pstn,A11
LA_E_7670747,1,g722,A16
LA_E_7671074,1,ulaw,A11
LA_E_7671103,1,gsm,A12
LA_E_7671209,1,none,A19
LA_E_7671322,0,g722,bonafide
LA_E_7673103,1,none,A09
LA_E_7673308,1,alaw,A18
LA_E_7673383,1,pstn,A16
LA_E_7673492,0,pstn,bonafide
LA_E_7673762,1,alaw,A10
LA_E_7673856,1,pstn,A09
LA_E_7674348,1,ulaw,A07
LA_E_7674686,1,opus,A18
LA_E_7674821,0,alaw,bonafide
LA_E_7675585,1,opus,A13
LA_E_7675941,1,g722,A18
LA_E_7676099,1,none,A18
LA_E_7676172,1,ulaw,A13
LA_E_7676304,1,opus,A16
LA_E_7676337,1,g722,A10
LA_E_7676390,1,gsm,A10
LA_E_7676665,1,pstn,A18
LA_E_7676773,1,none,A14
LA_E_7676852,1,none,A08
LA_E_7676859,1,opus,A19
LA_E_7676912,1,opus,A13
LA_E_7677082,1,ulaw,A08
LA_E_7677181,0,ulaw,bonafide
LA_E_7677219,1,opus,A19
LA_E_7678265,1,none,A19
LA_E_7678380,1,g722,A10
LA_E_7679345,1,opus,A12
LA_E_7679397,1,gsm,A07
LA_E_7679634,1,gsm,A15
LA_E_7680375,1,none,A16
LA_E_7680809,1,ulaw,A13
LA_E_7681035,1,opus,A09
LA_E_7681175,1,alaw,A12
LA_E_7681425,1,opus,A17
LA_E_7681509,1,g722,A07
LA_E_7681731,1,alaw,A08
LA_E_7681744,1,ulaw,A19
LA_E_7681785,1,none,A14
LA_E_7682349,1,alaw,A18
LA_E_7682600,1,pstn,A10
LA_E_7684345,1,ulaw,A15
LA_E_7684766,1,g722,A09
LA_E_7685546,1,none,A08
LA_E_7685738,1,g722,A14
LA_E_7686159,1,opus,A09
LA_E_7686745,1,alaw,A15
LA_E_7686870,1,alaw,A08
LA_E_7687059,1,gsm,A14
LA_E_7687948,1,none,A14
LA_E_7688153,1,gsm,A07
LA_E_7689153,1,opus,A11
LA_E_7689283,1,gsm,A10
LA_E_7690034,1,g722,A15
LA_E_7690076,1,opus,A17
LA_E_7690981,1,alaw,A12
LA_E_7691372,1,ulaw,A09
LA_E_7691580,1,opus,A16
LA_E_7693023,1,opus,A11
LA_E_7693059,1,g722,A12
LA_E_7693467,1,opus,A16
LA_E_7694902,1,alaw,A17
LA_E_7695203,1,pstn,A16
LA_E_7695619,1,pstn,A07
LA_E_7696203,1,opus,A08
LA_E_7696340,1,alaw,A16
LA_E_7696859,1,gsm,A11
LA_E_7697160,1,pstn,A07
LA_E_7697778,1,gsm,A18
LA_E_7697782,1,gsm,A11
LA_E_7697846,1,opus,A11
LA_E_7698534,1,alaw,A12
LA_E_7699327,1,opus,A10
LA_E_7699611,1,alaw,A15
LA_E_7699990,1,gsm,A15
LA_E_7700712,1,pstn,A11
LA_E_7701108,1,gsm,A15
LA_E_7701763,1,opus,A16
LA_E_7701957,1,gsm,A09
LA_E_7702521,1,alaw,A10
LA_E_7702819,1,g722,A14
LA_E_7702879,1,opus,A12
LA_E_7703766,1,ulaw,A10
LA_E_7704343,1,opus,A07
LA_E_7704438,1,pstn,A15
LA_E_7704670,1,gsm,A12
LA_E_7705014,1,g722,A14
LA_E_7705745,1,g722,A13
LA_E_7705752,1,ulaw,A17
LA_E_7705781,1,ulaw,A17
LA_E_7705905,1,gsm,A09
LA_E_7706236,1,g722,A17
LA_E_7706405,0,g722,bonafide
LA_E_7706649,1,pstn,A12
LA_E_7707075,1,g722,A07
LA_E_7707408,1,gsm,A08
LA_E_7707758,1,pstn,A15
LA_E_7707909,0,ulaw,bonafide
LA_E_7708231,1,gsm,A16
LA_E_7708674,1,alaw,A18
LA_E_7709158,1,pstn,A08
LA_E_7709855,1,gsm,A17
LA_E_7710012,1,none,A10
LA_E_7710667,1,ulaw,A08
LA_E_7711318,1,gsm,A12
LA_E_7711667,0,opus,bonafide
LA_E_7712532,1,opus,A11
LA_E_7712625,0,opus,bonafide
LA_E_7712908,1,gsm,A13
LA_E_7712933,1,ulaw,A10
LA_E_7713572,1,none,A07
LA_E_7713699,1,alaw,A09
LA_E_7714738,0,g722,bonafide
LA_E_7714817,1,pstn,A16
LA_E_7715348,1,ulaw,A18
LA_E_7715492,1,none,A18
LA_E_7715568,1,opus,A10
LA_E_7715989,1,alaw,A19
LA_E_7716072,1,ulaw,A15
LA_E_7716389,0,ulaw,bonafide
LA_E_7716562,0,ulaw,bonafide
LA_E_7717012,0,opus,bonafide
LA_E_7717335,1,opus,A12
LA_E_7717411,1,g722,A07
LA_E_7717518,1,none,A15
LA_E_7717929,1,ulaw,A16
LA_E_7718461,1,gsm,A10
LA_E_7719194,1,opus,A19
LA_E_7719366,0,opus,bonafide
LA_E_7719483,1,ulaw,A15
LA_E_7719491,1,none,A15
LA_E_7720239,1,g722,A12
LA_E_7720749,0,opus,bonafide
LA_E_7720820,1,none,A07
LA_E_7721080,1,pstn,A13
LA_E_7721146,1,alaw,A19
LA_E_7721314,1,alaw,A12
LA_E_7721432,1,ulaw,A08
LA_E_7721610,1,gsm,A19
LA_E_7721958,1,gsm,A11
LA_E_7722009,1,none,A11
LA_E_7722486,1,alaw,A09
LA_E_7722525,1,pstn,A11
LA_E_7723119,1,alaw,A16
LA_E_7723311,1,opus,A11
LA_E_7724025,0,ulaw,bonafide
LA_E_7724260,1,none,A15
LA_E_7724733,1,g722,A10
LA_E_7724923,1,gsm,A07
LA_E_7725582,1,gsm,A15
LA_E_7725704,1,alaw,A19
LA_E_7725714,1,g722,A11
LA_E_7726400,1,gsm,A08
LA_E_7726556,1,gsm,A17
LA_E_7726605,1,opus,A15
LA_E_7727357,1,alaw,A18
LA_E_7727637,1,pstn,A09
LA_E_7727927,1,gsm,A19
LA_E_7728090,1,alaw,A18
LA_E_7728216,1,pstn,A18
LA_E_7728434,1,gsm,A11
LA_E_7729422,1,g722,A18
LA_E_7729928,1,g722,A09
LA_E_7730666,1,g722,A15
LA_E_7731118,0,alaw,bonafide
LA_E_7731326,1,alaw,A13
LA_E_7731634,1,gsm,A07
LA_E_7731713,1,gsm,A16
LA_E_7731889,1,opus,A19
LA_E_7732502,1,opus,A09
LA_E_7732746,1,ulaw,A12
LA_E_7732750,1,opus,A14
LA_E_7732763,0,gsm,bonafide
LA_E_7734156,1,opus,A15
LA_E_7734334,1,none,A16
LA_E_7736226,1,gsm,A19
LA_E_7736319,1,opus,A08
LA_E_7737641,1,none,A19
LA_E_7737666,1,gsm,A15
LA_E_7737815,1,g722,A19
LA_E_7738010,0,alaw,bonafide
LA_E_7738081,1,alaw,A11
LA_E_7738344,1,ulaw,A12
LA_E_7739148,1,gsm,A13
LA_E_7739231,0,ulaw,bonafide
LA_E_7739646,1,alaw,A12
LA_E_7740086,1,g722,A12
LA_E_7740093,1,none,A16
LA_E_7740330,1,gsm,A09
LA_E_7740337,1,g722,A15
LA_E_7740544,1,alaw,A15
LA_E_7740570,1,gsm,A12
LA_E_7740760,1,alaw,A16
LA_E_7740793,1,alaw,A11
LA_E_7740807,1,pstn,A07
LA_E_7740922,1,ulaw,A14
LA_E_7741767,1,opus,A19
LA_E_7741875,1,pstn,A17
LA_E_7742568,1,alaw,A18
LA_E_7742755,0,gsm,bonafide
LA_E_7743426,1,gsm,A10
LA_E_7744890,1,alaw,A14
LA_E_7745541,1,none,A07
LA_E_7746117,1,g722,A16
LA_E_7746433,1,ulaw,A12
LA_E_7746649,1,alaw,A12
LA_E_7747394,1,alaw,A18
LA_E_7747583,1,g722,A07
LA_E_7747655,1,opus,A08
LA_E_7748451,1,gsm,A17
LA_E_7748797,1,alaw,A08
LA_E_7749179,1,none,A19
LA_E_7749375,1,none,A15
LA_E_7749696,1,opus,A11
LA_E_7750186,1,alaw,A12
LA_E_7750289,1,ulaw,A14
LA_E_7750327,1,opus,A14
LA_E_7750436,1,none,A14
LA_E_7750767,1,pstn,A08
LA_E_7751293,1,opus,A07
LA_E_7751681,1,pstn,A10
LA_E_7752155,1,gsm,A14
LA_E_7752605,1,opus,A13
LA_E_7752696,0,opus,bonafide
LA_E_7752781,1,ulaw,A07
LA_E_7753124,1,alaw,A09
LA_E_7753162,1,ulaw,A11
LA_E_7753465,1,gsm,A12
LA_E_7753716,1,gsm,A09
LA_E_7753747,1,opus,A18
LA_E_7753755,1,alaw,A11
LA_E_7754080,1,alaw,A14
LA_E_7754225,1,opus,A18
LA_E_7754646,0,none,bonafide
LA_E_7754757,1,none,A17
LA_E_7754835,1,pstn,A07
LA_E_7754841,1,g722,A10
LA_E_7755176,0,gsm,bonafide
LA_E_7755562,1,alaw,A17
LA_E_7755664,0,alaw,bonafide
LA_E_7755856,1,gsm,A13
LA_E_7755886,1,gsm,A19
LA_E_7757568,1,none,A18
LA_E_7758032,1,ulaw,A11
LA_E_7758276,1,ulaw,A16
LA_E_7758396,1,opus,A11
LA_E_7758573,1,gsm,A12
LA_E_7759018,1,pstn,A15
LA_E_7759490,1,alaw,A15
LA_E_7759589,0,gsm,bonafide
LA_E_7761192,1,opus,A13
LA_E_7761339,1,gsm,A09
LA_E_7761404,1,alaw,A13
LA_E_7762984,1,g722,A12
LA_E_7763275,1,none,A07
LA_E_7763308,0,gsm,bonafide
LA_E_7763467,1,none,A17
LA_E_7763627,1,alaw,A13
LA_E_7763786,1,g722,A15
LA_E_7763913,1,ulaw,A07
LA_E_7763995,1,alaw,A18
LA_E_7764156,1,alaw,A17
LA_E_7764893,0,opus,bonafide
LA_E_7764913,1,pstn,A14
LA_E_7764921,1,alaw,A19
LA_E_7765755,1,alaw,A14
LA_E_7765792,1,g722,A19
LA_E_7767472,1,gsm,A12
LA_E_7767746,1,g722,A10
LA_E_7768652,1,pstn,A11
LA_E_7768867,1,gsm,A13
LA_E_7769576,1,opus,A09
LA_E_7770348,1,gsm,A19
LA_E_7770355,1,pstn,A12
LA_E_7770575,1,opus,A18
LA_E_7770631,1,none,A11
LA_E_7770894,1,opus,A15
LA_E_7771158,1,gsm,A13
LA_E_7771336,1,opus,A19
LA_E_7771582,1,none,A19
LA_E_7771679,1,ulaw,A09
LA_E_7771820,1,g722,A15
LA_E_7771903,1,none,A13
LA_E_7772065,1,opus,A09
LA_E_7772208,1,pstn,A14
LA_E_7772238,1,ulaw,A19
LA_E_7772310,1,opus,A18
LA_E_7772774,1,opus,A17
LA_E_7773129,1,g722,A18
LA_E_7773486,1,gsm,A13
LA_E_7773770,1,gsm,A12
LA_E_7773780,1,opus,A19
LA_E_7773832,0,none,bonafide
LA_E_7774077,1,pstn,A16
LA_E_7774880,1,pstn,A08
LA_E_7774967,1,gsm,A14
LA_E_7775252,1,alaw,A07
LA_E_7775384,1,gsm,A18
LA_E_7777267,1,opus,A09
LA_E_7777399,1,gsm,A08
LA_E_7777421,1,opus,A15
LA_E_7777857,1,none,A16
LA_E_7778950,1,ulaw,A16
LA_E_7779222,1,ulaw,A10
LA_E_7779612,1,ulaw,A10
LA_E_7780137,1,pstn,A13
LA_E_7780353,1,alaw,A11
LA_E_7780927,1,none,A10
LA_E_7780954,1,g722,A07
LA_E_7781091,1,opus,A16
LA_E_7781375,1,alaw,A10
LA_E_7781694,1,opus,A15
LA_E_7781935,1,none,A09
LA_E_7782303,1,opus,A18
LA_E_7782484,1,pstn,A17
LA_E_7782487,1,gsm,A07
LA_E_7783557,1,opus,A18
LA_E_7783650,1,none,A08
LA_E_7783836,1,gsm,A16
LA_E_7784376,1,g722,A11
LA_E_7784378,1,ulaw,A07
LA_E_7784525,1,none,A16
LA_E_7785267,1,alaw,A17
LA_E_7785885,1,g722,A08
LA_E_7785888,0,g722,bonafide
LA_E_7786500,1,none,A08
LA_E_7786621,1,alaw,A17
LA_E_7786630,1,g722,A08
LA_E_7786932,1,none,A17
LA_E_7786934,1,none,A08
LA_E_7787158,1,alaw,A07
LA_E_7787666,1,opus,A16
LA_E_7787735,0,alaw,bonafide
LA_E_7788922,1,gsm,A17
LA_E_7788941,1,ulaw,A09
LA_E_7789253,1,gsm,A09
LA_E_7789267,1,gsm,A19
LA_E_7789514,1,gsm,A16
LA_E_7790119,1,pstn,A07
LA_E_7790329,1,g722,A17
LA_E_7791315,1,pstn,A10
LA_E_7792269,1,g722,A18
LA_E_7792398,1,opus,A12
LA_E_7792866,1,g722,A07
LA_E_7793174,1,g722,A08
LA_E_7793494,1,none,A18
LA_E_7794245,1,pstn,A12
LA_E_7795019,1,alaw,A08
LA_E_7795088,1,gsm,A09
LA_E_7795093,1,gsm,A08
LA_E_7796281,1,ulaw,A18
LA_E_7797090,1,opus,A10
LA_E_7797393,1,none,A13
LA_E_7797704,1,gsm,A17
LA_E_7797908,1,none,A15
LA_E_7797921,1,g722,A09
LA_E_7798211,1,none,A17
LA_E_7798318,1,ulaw,A11
LA_E_7798668,1,ulaw,A14
LA_E_7798859,0,g722,bonafide
LA_E_7798919,1,opus,A11
LA_E_7798945,0,alaw,bonafide
LA_E_7799291,1,g722,A08
LA_E_7799930,1,pstn,A18
LA_E_7799943,1,g722,A07
LA_E_7800467,1,alaw,A16
LA_E_7800502,1,none,A12
LA_E_7800900,1,none,A15
LA_E_7801258,1,opus,A11
LA_E_7801331,1,pstn,A18
LA_E_7801390,1,none,A12
LA_E_7801412,1,pstn,A07
LA_E_7801521,1,alaw,A18
LA_E_7801551,1,ulaw,A16
LA_E_7801564,1,g722,A17
LA_E_7801795,1,g722,A15
LA_E_7801919,1,gsm,A18
LA_E_7802363,1,ulaw,A18
LA_E_7802518,1,g722,A10
LA_E_7802612,1,alaw,A17
LA_E_7802659,1,ulaw,A09
LA_E_7802731,0,ulaw,bonafide
LA_E_7803669,1,pstn,A15
LA_E_7804022,1,ulaw,A18
LA_E_7804213,1,opus,A14
LA_E_7804238,1,opus,A10
LA_E_7804380,0,alaw,bonafide
LA_E_7805189,1,none,A12
LA_E_7805498,1,opus,A14
LA_E_7805693,1,alaw,A16
LA_E_7806717,1,opus,A14
LA_E_7807465,1,g722,A17
LA_E_7807504,1,gsm,A09
LA_E_7807560,0,opus,bonafide
LA_E_7807790,1,pstn,A14
LA_E_7808312,0,opus,bonafide
LA_E_7808400,1,opus,A10
LA_E_7808620,1,pstn,A13
LA_E_7808699,1,alaw,A17
LA_E_7809001,1,g722,A12
LA_E_7809228,1,none,A12
LA_E_7809265,1,pstn,A19
LA_E_7809392,1,pstn,A14
LA_E_7809507,0,ulaw,bonafide
LA_E_7809544,1,g722,A12
LA_E_7809937,1,none,A07
LA_E_7810591,1,none,A08
LA_E_7810717,1,alaw,A10
LA_E_7810935,1,pstn,A08
LA_E_7811562,1,pstn,A14
LA_E_7811586,0,g722,bonafide
LA_E_7811776,1,pstn,A17
LA_E_7811825,1,g722,A15
LA_E_7811905,1,alaw,A07
LA_E_7813174,1,alaw,A13
LA_E_7813405,1,opus,A11
LA_E_7813759,1,none,A13
LA_E_7813946,1,ulaw,A19
LA_E_7814055,1,g722,A08
LA_E_7814298,1,g722,A07
LA_E_7815304,1,g722,A17
LA_E_7815715,1,opus,A08
LA_E_7816119,1,gsm,A10
LA_E_7816123,1,gsm,A10
LA_E_7816475,1,pstn,A19
LA_E_7817312,1,ulaw,A18
LA_E_7817876,1,alaw,A13
LA_E_7818044,1,ulaw,A09
LA_E_7818343,0,ulaw,bonafide
LA_E_7818814,1,pstn,A07
LA_E_7819463,1,none,A10
LA_E_7820054,1,alaw,A19
LA_E_7820133,1,pstn,A17
LA_E_7820481,1,none,A18
LA_E_7820894,1,opus,A16
LA_E_7821873,1,alaw,A08
LA_E_7821970,1,ulaw,A19
LA_E_7821991,0,gsm,bonafide
LA_E_7822698,1,alaw,A17
LA_E_7822829,1,pstn,A08
LA_E_7822877,1,g722,A17
LA_E_7823381,1,ulaw,A17
LA_E_7823602,1,alaw,A13
LA_E_7824205,1,opus,A11
LA_E_7824206,1,alaw,A11
LA_E_7824524,0,opus,bonafide
LA_E_7825049,1,opus,A19
LA_E_7825988,1,none,A13
LA_E_7826838,1,ulaw,A09
LA_E_7827845,1,ulaw,A17
LA_E_7828031,1,opus,A17
LA_E_7828442,1,none,A16
LA_E_7828568,0,ulaw,bonafide
LA_E_7828593,1,opus,A12
LA_E_7828722,1,none,A12
LA_E_7829190,1,none,A16
LA_E_7829466,0,pstn,bonafide
LA_E_7830275,1,g722,A14
LA_E_7831737,1,g722,A09
LA_E_7832354,1,ulaw,A16
LA_E_7833167,1,gsm,A14
LA_E_7833249,1,gsm,A07
LA_E_7833571,1,ulaw,A11
LA_E_7834007,1,ulaw,A07
LA_E_7834053,1,alaw,A16
LA_E_7834900,1,gsm,A08
LA_E_7834939,1,alaw,A17
LA_E_7835988,1,pstn,A07
LA_E_7836488,1,pstn,A15
LA_E_7837818,1,ulaw,A17
LA_E_7837838,1,pstn,A14
LA_E_7837880,1,opus,A19
LA_E_7838124,1,pstn,A11
LA_E_7838393,1,ulaw,A08
LA_E_7838537,1,alaw,A13
LA_E_7838558,0,ulaw,bonafide
LA_E_7839365,1,ulaw,A14
LA_E_7839388,0,alaw,bonafide
LA_E_7839597,1,ulaw,A12
LA_E_7839813,1,none,A18
LA_E_7840418,1,ulaw,A15
LA_E_7840684,1,opus,A13
LA_E_7840830,1,alaw,A09
LA_E_7840904,1,opus,A10
LA_E_7841490,1,opus,A10
LA_E_7841935,1,none,A15
LA_E_7842429,1,g722,A08
LA_E_7842716,1,ulaw,A16
LA_E_7843127,1,ulaw,A13
LA_E_7843133,1,opus,A13
LA_E_7844226,1,pstn,A16
LA_E_7845411,1,alaw,A10
LA_E_7846187,1,pstn,A19
LA_E_7846291,1,opus,A12
LA_E_7846351,1,none,A10
LA_E_7846386,1,none,A13
LA_E_7847022,1,g722,A07
LA_E_7847304,1,none,A19
LA_E_7847716,0,opus,bonafide
LA_E_7847863,0,pstn,bonafide
LA_E_7848101,1,none,A11
LA_E_7848616,1,ulaw,A16
LA_E_7848736,0,gsm,bonafide
LA_E_7849180,1,ulaw,A07
LA_E_7849417,1,alaw,A15
LA_E_7849842,0,gsm,bonafide
LA_E_7850087,1,opus,A11
LA_E_7850271,1,gsm,A08
LA_E_7850532,1,ulaw,A11
LA_E_7850549,1,opus,A07
LA_E_7850672,0,ulaw,bonafide
LA_E_7850875,1,ulaw,A15
LA_E_7851159,1,pstn,A16
LA_E_7851968,0,ulaw,bonafide
LA_E_7852061,1,ulaw,A08
LA_E_7852228,1,ulaw,A12
LA_E_7852477,1,pstn,A15
LA_E_7852837,1,ulaw,A07
LA_E_7853160,1,opus,A11
LA_E_7853478,1,ulaw,A12
LA_E_7854069,1,none,A15
LA_E_7854345,1,opus,A08
LA_E_7854837,1,opus,A13
LA_E_7855035,1,alaw,A10
LA_E_7855387,1,ulaw,A16
LA_E_7856236,1,gsm,A09
LA_E_7856354,1,g722,A17
LA_E_7856733,1,alaw,A10
LA_E_7856931,0,gsm,bonafide
LA_E_7857050,1,g722,A18
LA_E_7857773,1,ulaw,A16
LA_E_7858667,1,ulaw,A11
LA_E_7858830,1,opus,A07
LA_E_7859208,1,opus,A19
LA_E_7859964,1,pstn,A18
LA_E_7860554,1,opus,A08
LA_E_7862148,1,ulaw,A15
LA_E_7863214,1,pstn,A16
LA_E_7864417,1,g722,A19
LA_E_7864537,0,none,bonafide
LA_E_7864568,1,none,A10
LA_E_7865290,1,gsm,A08
LA_E_7865346,1,gsm,A09
LA_E_7867382,1,none,A08
LA_E_7867596,1,pstn,A19
LA_E_7868288,0,alaw,bonafide
LA_E_7868382,1,pstn,A12
LA_E_7868766,1,alaw,A19
LA_E_7869612,1,ulaw,A15
LA_E_7870012,1,g722,A17
LA_E_7870223,1,opus,A17
LA_E_7870324,1,alaw,A09
LA_E_7870691,1,alaw,A15
LA_E_7871076,1,g722,A15
LA_E_7871121,1,gsm,A09
LA_E_7871396,0,gsm,bonafide
LA_E_7871795,1,g722,A14
LA_E_7872016,1,none,A11
LA_E_7872720,1,ulaw,A15
LA_E_7873252,1,pstn,A13
LA_E_7873289,1,ulaw,A15
LA_E_7873304,1,opus,A08
LA_E_7873516,1,ulaw,A19
LA_E_7873822,1,none,A10
LA_E_7873994,1,opus,A19
LA_E_7874087,1,gsm,A08
LA_E_7874932,1,ulaw,A18
LA_E_7875311,1,none,A13
LA_E_7876032,1,pstn,A16
LA_E_7876037,1,alaw,A11
LA_E_7876482,1,pstn,A10
LA_E_7876577,1,pstn,A09
LA_E_7876644,0,gsm,bonafide
LA_E_7876701,1,ulaw,A18
LA_E_7876873,1,opus,A13
LA_E_7877039,1,g722,A07
LA_E_7877367,1,g722,A14
LA_E_7877431,1,none,A17
LA_E_7877904,1,ulaw,A19
LA_E_7878560,1,alaw,A13
LA_E_7879246,1,g722,A12
LA_E_7879471,1,none,A14
LA_E_7879538,1,alaw,A09
LA_E_7879938,1,g722,A10
LA_E_7879939,0,opus,bonafide
LA_E_7880044,0,none,bonafide
LA_E_7880709,1,alaw,A09
LA_E_7881111,1,g722,A15
LA_E_7881618,0,alaw,bonafide
LA_E_7881829,1,ulaw,A08
LA_E_7881948,1,gsm,A15
LA_E_7882429,1,ulaw,A08
LA_E_7882946,1,pstn,A18
LA_E_7883049,1,pstn,A19
LA_E_7883090,1,pstn,A12
LA_E_7883502,0,g722,bonafide
LA_E_7883720,1,none,A14
LA_E_7883794,1,opus,A15
LA_E_7884327,0,pstn,bonafide
LA_E_7884371,1,none,A19
LA_E_7884426,1,pstn,A15
LA_E_7884898,0,pstn,bonafide
LA_E_7885304,1,opus,A17
LA_E_7885677,1,opus,A08
LA_E_7885786,1,opus,A15
LA_E_7886100,1,gsm,A16
LA_E_7886511,1,gsm,A13
LA_E_7886634,1,pstn,A08
LA_E_7886801,0,ulaw,bonafide
LA_E_7886805,1,pstn,A08
LA_E_7887081,1,pstn,A11
LA_E_7887497,1,opus,A13
LA_E_7887658,0,gsm,bonafide
LA_E_7887741,1,opus,A13
LA_E_7888110,1,none,A10
LA_E_7888180,1,alaw,A19
LA_E_7888847,0,alaw,bonafide
LA_E_7889064,1,ulaw,A17
LA_E_7889719,1,gsm,A18
LA_E_7889854,1,pstn,A12
LA_E_7889916,1,none,A16
LA_E_7890083,1,pstn,A08
LA_E_7890869,1,opus,A15
LA_E_7891273,1,alaw,A15
LA_E_7891876,1,gsm,A07
LA_E_7892149,1,alaw,A19
LA_E_7892226,1,gsm,A12
LA_E_7892238,1,none,A15
LA_E_7892560,1,none,A19
LA_E_7892661,1,g722,A17
LA_E_7893429,1,none,A08
LA_E_7893625,1,g722,A09
LA_E_7893901,1,pstn,A19
LA_E_7894191,1,none,A15
LA_E_7894316,1,ulaw,A14
LA_E_7894476,1,pstn,A12
LA_E_7894661,1,none,A14
LA_E_7895856,1,gsm,A11
LA_E_7896050,1,pstn,A09
LA_E_7896495,1,gsm,A07
LA_E_7896658,1,gsm,A16
LA_E_7897649,1,alaw,A19
LA_E_7898061,1,alaw,A14
LA_E_7898207,1,pstn,A12
LA_E_7898840,1,ulaw,A13
LA_E_7898867,1,ulaw,A13
LA_E_7900110,1,gsm,A10
LA_E_7900775,1,gsm,A12
LA_E_7902792,1,ulaw,A07
LA_E_7902794,1,opus,A11
LA_E_7902971,1,pstn,A13
LA_E_7903061,1,alaw,A18
LA_E_7903384,0,pstn,bonafide
LA_E_7903700,1,opus,A17
LA_E_7903898,1,none,A09
LA_E_7904431,1,none,A10
LA_E_7904512,1,ulaw,A07
LA_E_7905173,0,ulaw,bonafide
LA_E_7905390,1,none,A13
LA_E_7906137,1,none,A19
LA_E_7906649,1,g722,A11
LA_E_7906754,0,opus,bonafide
LA_E_7906976,1,g722,A07
LA_E_7907115,0,none,bonafide
LA_E_7908676,1,none,A14
LA_E_7909568,1,alaw,A10
LA_E_7910070,1,alaw,A19
LA_E_7910481,1,gsm,A14
LA_E_7910648,1,ulaw,A08
LA_E_7910744,1,opus,A14
LA_E_7911102,1,g722,A18
LA_E_7911124,1,alaw,A17
LA_E_7911702,1,g722,A11
LA_E_7912318,1,gsm,A07
LA_E_7912453,1,none,A07
LA_E_7912753,1,pstn,A14
LA_E_7912833,1,g722,A11
LA_E_7913146,0,opus,bonafide
LA_E_7913368,1,alaw,A12
LA_E_7913817,1,opus,A07
LA_E_7913923,0,ulaw,bonafide
LA_E_7914311,1,pstn,A12
LA_E_7914499,1,alaw,A13
LA_E_7914546,1,ulaw,A11
LA_E_7914826,1,ulaw,A18
LA_E_7915157,1,ulaw,A10
LA_E_7915467,1,none,A14
LA_E_7915873,1,pstn,A13
LA_E_7916484,0,ulaw,bonafide
LA_E_7916514,1,alaw,A09
LA_E_7916863,0,opus,bonafide
LA_E_7916951,1,alaw,A10
LA_E_7916978,1,none,A19
LA_E_7917083,0,ulaw,bonafide
LA_E_7917541,1,pstn,A17
LA_E_7917597,0,pstn,bonafide
LA_E_7917631,1,none,A11
LA_E_7917820,1,g722,A11
LA_E_7918228,1,gsm,A14
LA_E_7918301,1,opus,A12
LA_E_7918504,1,gsm,A17
LA_E_7918892,1,none,A16
LA_E_7919024,1,alaw,A18
LA_E_7919037,1,ulaw,A10
LA_E_7919391,1,alaw,A19
LA_E_7920186,1,opus,A17
LA_E_7920535,1,alaw,A12
LA_E_7920721,0,gsm,bonafide
LA_E_7920753,0,ulaw,bonafide
LA_E_7920786,1,gsm,A07
LA_E_7920836,1,ulaw,A09
LA_E_7920973,1,none,A14
LA_E_7923463,1,opus,A08
LA_E_7923513,1,g722,A19
LA_E_7923886,1,gsm,A15
LA_E_7924207,1,ulaw,A07
LA_E_7924599,1,alaw,A11
LA_E_7925512,1,pstn,A15
LA_E_7925950,1,alaw,A13
LA_E_7925994,1,opus,A12
LA_E_7926345,1,opus,A15
LA_E_7926634,1,alaw,A16
LA_E_7926818,1,opus,A17
LA_E_7926833,1,ulaw,A16
LA_E_7926844,1,pstn,A09
LA_E_7926931,1,opus,A18
LA_E_7927179,0,opus,bonafide
LA_E_7928123,1,pstn,A19
LA_E_7928362,1,opus,A11
LA_E_7928576,1,ulaw,A12
LA_E_7928593,1,pstn,A15
LA_E_7929052,1,g722,A12
LA_E_7929178,1,ulaw,A14
LA_E_7929288,1,alaw,A09
LA_E_7929845,1,gsm,A12
LA_E_7929913,1,ulaw,A18
LA_E_7930611,1,pstn,A07
LA_E_7930727,0,g722,bonafide
LA_E_7930755,1,none,A15
LA_E_7930886,1,ulaw,A08
LA_E_7931010,1,g722,A10
LA_E_7931243,1,ulaw,A17
LA_E_7931708,1,none,A13
LA_E_7932620,1,opus,A15
LA_E_7932905,1,gsm,A09
LA_E_7933279,1,opus,A15
LA_E_7934245,1,ulaw,A14
LA_E_7934399,0,gsm,bonafide
LA_E_7934582,1,pstn,A17
LA_E_7934610,1,gsm,A10
LA_E_7934714,1,none,A12
LA_E_7934815,1,opus,A17
LA_E_7935399,0,alaw,bonafide
LA_E_7936135,1,gsm,A13
LA_E_7936676,1,gsm,A12
LA_E_7936711,1,g722,A18
LA_E_7936756,1,alaw,A10
LA_E_7937547,1,g722,A15
LA_E_7937658,0,none,bonafide
LA_E_7938018,1,opus,A08
LA_E_7938299,1,opus,A08
LA_E_7938771,1,gsm,A11
LA_E_7939017,1,gsm,A15
LA_E_7939539,1,ulaw,A11
LA_E_7939640,1,opus,A11
LA_E_7939703,1,gsm,A09
LA_E_7940214,1,pstn,A19
LA_E_7940425,1,pstn,A17
LA_E_7940542,0,g722,bonafide
LA_E_7941443,1,g722,A11
LA_E_7942436,1,g722,A09
LA_E_7942516,1,gsm,A18
LA_E_7942817,1,none,A07
LA_E_7942848,1,ulaw,A09
LA_E_7942908,1,g722,A07
LA_E_7943150,1,gsm,A14
LA_E_7943674,1,ulaw,A14
LA_E_7943763,1,opus,A14
LA_E_7943896,1,alaw,A14
LA_E_7944588,0,pstn,bonafide
LA_E_7944639,1,alaw,A07
LA_E_7944663,1,pstn,A09
LA_E_7944968,1,gsm,A13
LA_E_7945539,1,ulaw,A10
LA_E_7945623,1,gsm,A13
LA_E_7945901,1,none,A18
LA_E_7946200,0,ulaw,bonafide
LA_E_7946332,1,g722,A14
LA_E_7946778,1,opus,A18
LA_E_7946836,0,ulaw,bonafide
LA_E_7946881,1,ulaw,A09
LA_E_7947319,1,none,A13
LA_E_7948151,1,none,A12
LA_E_7948328,1,g722,A12
LA_E_7948348,0,pstn,bonafide
LA_E_7948763,1,opus,A14
LA_E_7948780,1,g722,A13
LA_E_7949303,1,opus,A17
LA_E_7949552,1,pstn,A07
LA_E_7949861,1,alaw,A18
LA_E_7950125,1,pstn,A14
LA_E_7950171,1,opus,A16
LA_E_7950847,1,none,A09
LA_E_7951593,1,opus,A12
LA_E_7951856,0,opus,bonafide
LA_E_7951946,1,alaw,A08
LA_E_7952321,1,none,A15
LA_E_7952827,1,ulaw,A17
LA_E_7953002,1,gsm,A08
LA_E_7953035,1,gsm,A19
LA_E_7953180,1,pstn,A12
LA_E_7953639,1,pstn,A11
LA_E_7953992,1,pstn,A10
LA_E_7954260,0,gsm,bonafide
LA_E_7954384,0,pstn,bonafide
LA_E_7954492,1,alaw,A10
LA_E_7954565,1,g722,A19
LA_E_7954720,1,gsm,A11
LA_E_7955038,1,opus,A13
LA_E_7955082,1,gsm,A18
LA_E_7955145,1,gsm,A16
LA_E_7955146,0,pstn,bonafide
LA_E_7955331,1,ulaw,A10
LA_E_7955583,1,gsm,A17
LA_E_7955707,1,opus,A17
LA_E_7955906,1,g722,A08
LA_E_7956221,1,alaw,A18
LA_E_7956712,1,opus,A18
LA_E_7957178,1,g722,A14
LA_E_7957259,1,gsm,A18
LA_E_7957405,1,gsm,A08
LA_E_7958063,1,opus,A19
LA_E_7958474,1,pstn,A12
LA_E_7958864,1,opus,A07
LA_E_7958945,1,g722,A16
LA_E_7959705,1,pstn,A13
LA_E_7959775,1,none,A07
LA_E_7959856,1,g722,A12
LA_E_7959925,1,gsm,A12
LA_E_7960190,1,g722,A15
LA_E_7961017,1,g722,A12
LA_E_7961188,1,g722,A10
LA_E_7961262,1,ulaw,A12
LA_E_7961311,0,none,bonafide
LA_E_7961491,1,ulaw,A19
LA_E_7961863,0,gsm,bonafide
LA_E_7962176,1,g722,A07
LA_E_7962183,1,alaw,A14
LA_E_7962733,1,opus,A10
LA_E_7963076,1,g722,A08
LA_E_7963104,1,pstn,A09
LA_E_7963432,1,gsm,A16
LA_E_7963639,1,g722,A16
LA_E_7963642,1,alaw,A08
LA_E_7964155,1,ulaw,A18
LA_E_7964328,1,opus,A18
LA_E_7964474,0,opus,bonafide
LA_E_7964487,1,opus,A13
LA_E_7964760,1,alaw,A07
LA_E_7964851,1,gsm,A12
LA_E_7965501,1,gsm,A08
LA_E_7965851,1,alaw,A14
LA_E_7966711,1,gsm,A10
LA_E_7966854,1,gsm,A13
LA_E_7967016,0,opus,bonafide
LA_E_7967225,1,ulaw,A10
LA_E_7967329,1,opus,A09
LA_E_7967350,1,gsm,A10
LA_E_7968505,1,ulaw,A11
LA_E_7968570,1,gsm,A18
LA_E_7968608,1,ulaw,A16
LA_E_7968787,1,g722,A13
LA_E_7968892,0,g722,bonafide
LA_E_7969049,1,none,A07
LA_E_7969965,1,opus,A15
LA_E_7970756,1,gsm,A10
LA_E_7970810,1,opus,A18
LA_E_7970934,1,g722,A19
LA_E_7971001,1,pstn,A17
LA_E_7971290,1,pstn,A09
LA_E_7972194,1,opus,A15
LA_E_7972529,1,opus,A16
LA_E_7972554,1,none,A13
LA_E_7972929,1,none,A10
LA_E_7973310,1,ulaw,A15
LA_E_7973662,0,ulaw,bonafide
LA_E_7974132,1,none,A11
LA_E_7974177,1,alaw,A16
LA_E_7974501,0,ulaw,bonafide
LA_E_7974543,1,opus,A14
LA_E_7974659,1,opus,A11
LA_E_7974770,1,none,A18
LA_E_7974821,1,alaw,A14
LA_E_7974946,1,pstn,A19
LA_E_7975153,1,g722,A08
LA_E_7975834,1,opus,A16
LA_E_7977034,1,pstn,A16
LA_E_7977138,1,alaw,A16
LA_E_7977144,1,ulaw,A12
LA_E_7977624,1,g722,A13
LA_E_7977843,1,opus,A08
LA_E_7978121,1,alaw,A15
LA_E_7978363,0,g722,bonafide
LA_E_7979275,1,g722,A10
LA_E_7979489,1,alaw,A15
LA_E_7981012,1,alaw,A18
LA_E_7981216,1,alaw,A08
LA_E_7981260,1,ulaw,A11
LA_E_7981347,1,none,A17
LA_E_7981435,1,ulaw,A12
LA_E_7981549,1,none,A08
LA_E_7981720,1,gsm,A16
LA_E_7981880,1,ulaw,A15
LA_E_7982311,1,ulaw,A18
LA_E_7982820,1,g722,A16
LA_E_7982937,1,opus,A13
LA_E_7983260,1,ulaw,A07
LA_E_7983546,1,gsm,A08
LA_E_7983869,1,opus,A09
LA_E_7983874,1,opus,A08
LA_E_7984348,1,ulaw,A11
LA_E_7984389,1,ulaw,A12
LA_E_7984742,1,gsm,A19
LA_E_7984775,1,opus,A19
LA_E_7985216,0,alaw,bonafide
LA_E_7985289,0,gsm,bonafide
LA_E_7985430,0,opus,bonafide
LA_E_7985488,1,gsm,A19
LA_E_7986124,1,opus,A17
LA_E_7986282,1,alaw,A18
LA_E_7986539,1,opus,A19
LA_E_7987045,1,pstn,A10
LA_E_7987379,1,opus,A07
LA_E_7987387,1,ulaw,A19
LA_E_7987539,0,gsm,bonafide
LA_E_7987697,0,opus,bonafide
LA_E_7988449,1,none,A07
LA_E_7988599,0,none,bonafide
LA_E_7989507,1,pstn,A15
LA_E_7989957,1,opus,A14
LA_E_7990052,1,pstn,A18
LA_E_7990569,1,none,A19
LA_E_7990571,1,none,A12
LA_E_7990673,1,ulaw,A07
LA_E_7991013,1,none,A08
LA_E_7992095,1,ulaw,A14
LA_E_7992869,1,opus,A10
LA_E_7992955,0,g722,bonafide
LA_E_7993059,1,ulaw,A10
LA_E_7993719,1,opus,A13
LA_E_7994103,1,gsm,A08
LA_E_7994272,1,alaw,A17
LA_E_7994316,0,none,bonafide
LA_E_7994400,1,ulaw,A17
LA_E_7994457,1,g722,A18
LA_E_7994527,1,pstn,A09
LA_E_7994539,1,opus,A09
LA_E_7994547,1,pstn,A14
LA_E_7995133,1,opus,A07
LA_E_7995163,1,ulaw,A09
LA_E_7995727,1,pstn,A11
LA_E_7995784,1,alaw,A10
LA_E_7996034,1,g722,A10
LA_E_7996451,1,opus,A09
LA_E_7996824,1,none,A11
LA_E_7997291,1,none,A09
LA_E_7998128,1,none,A14
LA_E_7998250,1,opus,A19
LA_E_7998416,1,gsm,A08
LA_E_7999423,0,none,bonafide
LA_E_8000025,1,pstn,A19
LA_E_8000063,1,none,A17
LA_E_8000141,1,none,A09
LA_E_8000270,1,gsm,A19
LA_E_8000372,1,g722,A14
LA_E_8000379,1,opus,A15
LA_E_8000476,1,none,A09
LA_E_8000722,1,none,A11
LA_E_8000779,1,opus,A10
LA_E_8000865,0,none,bonafide
LA_E_8000923,1,none,A10
LA_E_8001033,1,ulaw,A16
LA_E_8001071,1,alaw,A17
LA_E_8001565,1,ulaw,A16
LA_E_8001690,1,pstn,A08
LA_E_8001760,1,alaw,A09
LA_E_8001782,1,gsm,A19
LA_E_8001926,1,none,A09
LA_E_8002151,1,gsm,A17
LA_E_8002376,0,gsm,bonafide
LA_E_8002550,0,gsm,bonafide
LA_E_8002634,0,ulaw,bonafide
LA_E_8002833,1,alaw,A08
LA_E_8002901,1,g722,A13
LA_E_8003802,1,pstn,A14
LA_E_8003910,1,pstn,A10
LA_E_8003925,1,ulaw,A13
LA_E_8004099,1,none,A16
LA_E_8004190,1,g722,A08
LA_E_8005438,1,ulaw,A08
LA_E_8005591,1,none,A12
LA_E_8006663,0,alaw,bonafide
LA_E_8007442,1,gsm,A15
LA_E_8007563,1,pstn,A17
LA_E_8008152,1,ulaw,A07
LA_E_8008193,1,opus,A10
LA_E_8009685,1,none,A17
LA_E_8009898,1,g722,A13
LA_E_8010159,1,g722,A16
LA_E_8011587,1,gsm,A16
LA_E_8011958,1,opus,A17
LA_E_8012220,1,opus,A12
LA_E_8012327,1,gsm,A17
LA_E_8012331,0,ulaw,bonafide
LA_E_8012916,1,opus,A08
LA_E_8013266,1,alaw,A07
LA_E_8013555,1,gsm,A19
LA_E_8013577,0,ulaw,bonafide
LA_E_8014250,1,ulaw,A08
LA_E_8014736,0,g722,bonafide
LA_E_8014874,1,g722,A09
LA_E_8014903,1,g722,A16
LA_E_8015209,1,ulaw,A19
LA_E_8015289,0,gsm,bonafide
LA_E_8015396,1,pstn,A14
LA_E_8015450,1,gsm,A17
LA_E_8015523,1,pstn,A17
LA_E_8015619,1,gsm,A16
LA_E_8015731,1,none,A18
LA_E_8015759,1,pstn,A07
LA_E_8015920,1,alaw,A11
LA_E_8016056,1,ulaw,A14
LA_E_8016158,1,opus,A19
LA_E_8016234,1,opus,A10
LA_E_8016284,1,ulaw,A09
LA_E_8016818,1,ulaw,A11
LA_E_8016844,1,opus,A15
LA_E_8017226,1,alaw,A12
LA_E_8018087,0,pstn,bonafide
LA_E_8018271,1,g722,A11
LA_E_8018482,1,none,A19
LA_E_8018924,1,ulaw,A15
LA_E_8019403,1,gsm,A14
LA_E_8019516,1,opus,A14
LA_E_8019842,1,g722,A15
LA_E_8019958,1,ulaw,A15
LA_E_8020255,1,g722,A17
LA_E_8020317,1,opus,A10
LA_E_8020511,1,pstn,A17
LA_E_8020530,1,gsm,A08
LA_E_8022139,1,pstn,A16
LA_E_8022473,1,alaw,A13
LA_E_8023348,1,alaw,A07
LA_E_8023731,1,none,A17
LA_E_8024403,1,opus,A17
LA_E_8024475,1,gsm,A15
LA_E_8024876,1,gsm,A11
LA_E_8024985,1,gsm,A09
LA_E_8026024,1,pstn,A11
LA_E_8026433,1,pstn,A16
LA_E_8026791,1,pstn,A15
LA_E_8027499,1,opus,A09
LA_E_8027785,1,alaw,A19
LA_E_8029902,1,gsm,A08
LA_E_8030071,1,ulaw,A09
LA_E_8030206,1,pstn,A10
LA_E_8030816,1,ulaw,A15
LA_E_8031175,0,gsm,bonafide
LA_E_8031392,1,ulaw,A18
LA_E_8031397,1,opus,A13
LA_E_8031429,1,g722,A09
LA_E_8032065,1,opus,A15
LA_E_8032095,1,opus,A14
LA_E_8032315,1,pstn,A16
LA_E_8032325,0,gsm,bonafide
LA_E_8032725,0,g722,bonafide
LA_E_8033053,1,none,A10
LA_E_8033208,1,none,A11
LA_E_8033403,1,ulaw,A19
LA_E_8033511,1,opus,A13
LA_E_8034462,0,ulaw,bonafide
LA_E_8034608,1,alaw,A15
LA_E_8034717,1,opus,A13
LA_E_8034794,1,opus,A07
LA_E_8034847,1,alaw,A08
LA_E_8035126,1,ulaw,A16
LA_E_8035341,1,pstn,A19
LA_E_8036226,1,gsm,A08
LA_E_8037098,1,ulaw,A07
LA_E_8037355,1,alaw,A13
LA_E_8037929,1,none,A09
LA_E_8038033,1,opus,A16
LA_E_8038242,1,ulaw,A14
LA_E_8038310,1,g722,A10
LA_E_8038758,1,alaw,A07
LA_E_8039065,1,gsm,A07
LA_E_8039196,0,gsm,bonafide
LA_E_8039213,1,opus,A14
LA_E_8040136,0,ulaw,bonafide
LA_E_8040948,1,none,A13
LA_E_8041034,1,none,A18
LA_E_8041642,1,none,A18
LA_E_8041683,1,opus,A14
LA_E_8042700,0,alaw,bonafide
LA_E_8043496,1,pstn,A17
LA_E_8043792,1,none,A18
LA_E_8043944,1,opus,A16
LA_E_8044704,1,g722,A14
LA_E_8045969,1,ulaw,A18
LA_E_8046093,1,g722,A12
LA_E_8046572,1,gsm,A08
LA_E_8048190,1,ulaw,A19
LA_E_8048560,1,g722,A09
LA_E_8048701,1,ulaw,A10
LA_E_8050425,1,pstn,A17
LA_E_8050483,1,none,A10
LA_E_8050909,1,gsm,A09
LA_E_8051091,1,ulaw,A18
LA_E_8051132,1,none,A07
LA_E_8051504,1,gsm,A15
LA_E_8051831,1,gsm,A14
LA_E_8052027,0,none,bonafide
LA_E_8052499,1,opus,A17
LA_E_8053064,1,alaw,A10
LA_E_8053340,1,gsm,A08
LA_E_8053983,1,ulaw,A17
LA_E_8054147,1,alaw,A18
LA_E_8054184,1,opus,A16
LA_E_8054669,0,pstn,bonafide
LA_E_8054755,0,g722,bonafide
LA_E_8054982,1,opus,A13
LA_E_8055048,1,gsm,A10
LA_E_8055175,1,alaw,A17
LA_E_8056047,1,gsm,A19
LA_E_8056202,1,gsm,A18
LA_E_8056258,1,pstn,A08
LA_E_8056418,0,gsm,bonafide
LA_E_8056506,1,opus,A08
LA_E_8056715,0,g722,bonafide
LA_E_8056739,1,opus,A17
LA_E_8057415,1,g722,A08
LA_E_8057499,1,g722,A12
LA_E_8057798,0,pstn,bonafide
LA_E_8058085,1,ulaw,A07
LA_E_8058301,1,none,A15
LA_E_8058428,1,none,A19
LA_E_8059547,0,opus,bonafide
LA_E_8059807,1,opus,A11
LA_E_8059854,1,pstn,A17
LA_E_8060023,1,g722,A18
LA_E_8060039,1,alaw,A09
LA_E_8060043,1,g722,A12
LA_E_8061201,1,none,A12
LA_E_8061263,1,opus,A10
LA_E_8061283,1,alaw,A13
LA_E_8061618,1,none,A08
LA_E_8061873,1,opus,A08
LA_E_8062185,1,gsm,A18
LA_E_8062809,1,opus,A15
LA_E_8063471,1,none,A12
LA_E_8064220,1,gsm,A14
LA_E_8064453,1,gsm,A14
LA_E_8064616,1,opus,A16
LA_E_8065776,1,ulaw,A10
LA_E_8066829,1,gsm,A08
LA_E_8066980,0,alaw,bonafide
LA_E_8067018,1,pstn,A10
LA_E_8067166,0,none,bonafide
LA_E_8067359,1,none,A10
LA_E_8067459,1,g722,A10
LA_E_8067621,1,opus,A15
LA_E_8067723,1,ulaw,A19
LA_E_8067930,1,gsm,A18
LA_E_8068093,1,g722,A19
LA_E_8068448,1,g722,A17
LA_E_8068515,1,alaw,A15
LA_E_8068525,1,ulaw,A07
LA_E_8069357,1,opus,A18
LA_E_8069665,1,g722,A11
LA_E_8069793,1,pstn,A13
LA_E_8069885,1,none,A13
LA_E_8070246,1,gsm,A17
LA_E_8070501,1,ulaw,A10
LA_E_8070881,1,opus,A11
LA_E_8071003,1,pstn,A18
LA_E_8071702,0,g722,bonafide
LA_E_8072335,0,g722,bonafide
LA_E_8072930,1,pstn,A07
LA_E_8073489,1,opus,A08
LA_E_8073744,1,gsm,A19
LA_E_8074097,1,gsm,A07
LA_E_8074191,1,ulaw,A07
LA_E_8074347,1,ulaw,A11
LA_E_8074752,1,opus,A14
LA_E_8074799,1,opus,A13
LA_E_8074879,1,pstn,A14
LA_E_8074949,1,opus,A16
LA_E_8075048,1,gsm,A08
LA_E_8075226,1,ulaw,A14
LA_E_8075398,1,pstn,A19
LA_E_8075503,1,none,A17
LA_E_8075857,1,gsm,A09
LA_E_8076001,1,gsm,A09
LA_E_8076153,1,gsm,A08
LA_E_8076469,1,ulaw,A10
LA_E_8076762,1,none,A16
LA_E_8076985,1,gsm,A08
LA_E_8077340,1,gsm,A10
LA_E_8077490,0,ulaw,bonafide
LA_E_8077672,1,gsm,A14
LA_E_8077780,1,gsm,A09
LA_E_8078251,1,opus,A09
LA_E_8078386,1,ulaw,A13
LA_E_8078726,1,ulaw,A09
LA_E_8078847,1,ulaw,A13
LA_E_8079121,1,pstn,A14
LA_E_8079261,1,gsm,A14
LA_E_8079318,1,ulaw,A14
LA_E_8079545,1,gsm,A10
LA_E_8079823,1,alaw,A08
LA_E_8080073,1,gsm,A07
LA_E_8080833,1,none,A07
LA_E_8081255,1,alaw,A16
LA_E_8081354,1,g722,A08
LA_E_8081510,1,ulaw,A18
LA_E_8081771,1,g722,A15
LA_E_8081831,1,ulaw,A18
LA_E_8081964,0,gsm,bonafide
LA_E_8082023,1,g722,A12
LA_E_8082314,1,g722,A18
LA_E_8082811,1,ulaw,A11
LA_E_8083079,1,opus,A19
LA_E_8083277,1,opus,A07
LA_E_8083631,1,g722,A15
LA_E_8084230,1,gsm,A18
LA_E_8084258,1,ulaw,A09
LA_E_8084524,1,ulaw,A12
LA_E_8085025,1,ulaw,A14
LA_E_8085722,1,ulaw,A08
LA_E_8086062,1,gsm,A19
LA_E_8087054,1,g722,A13
LA_E_8087154,1,g722,A11
LA_E_8087171,1,none,A16
LA_E_8087371,1,pstn,A08
LA_E_8087481,1,none,A19
LA_E_8087833,1,alaw,A16
LA_E_8089317,1,ulaw,A11
LA_E_8089638,1,pstn,A11
LA_E_8089802,0,ulaw,bonafide
LA_E_8089807,1,gsm,A16
LA_E_8089962,1,gsm,A14
LA_E_8090050,1,pstn,A11
LA_E_8090652,1,ulaw,A11
LA_E_8091232,1,alaw,A07
LA_E_8091322,1,gsm,A16
LA_E_8092033,1,g722,A08
LA_E_8092091,1,alaw,A14
LA_E_8093464,1,gsm,A14
LA_E_8094071,0,none,bonafide
LA_E_8094173,1,g722,A08
LA_E_8095112,1,pstn,A07
LA_E_8095969,1,opus,A08
LA_E_8096055,1,none,A14
LA_E_8096132,1,gsm,A13
LA_E_8096471,1,pstn,A18
LA_E_8096564,1,alaw,A15
LA_E_8096571,1,g722,A11
LA_E_8096602,1,alaw,A19
LA_E_8096735,1,g722,A16
LA_E_8097801,1,alaw,A07
LA_E_8098181,1,none,A08
LA_E_8098365,1,opus,A16
LA_E_8098441,1,g722,A10
LA_E_8099472,1,gsm,A12
LA_E_8099784,1,pstn,A08
LA_E_8099951,1,gsm,A16
LA_E_8100097,1,none,A18
LA_E_8100247,1,pstn,A16
LA_E_8100358,0,gsm,bonafide
LA_E_8100951,1,none,A12
LA_E_8100995,1,opus,A07
LA_E_8101194,1,ulaw,A12
LA_E_8101550,1,alaw,A18
LA_E_8101932,1,gsm,A18
LA_E_8102488,1,opus,A08
LA_E_8102690,1,alaw,A13
LA_E_8102705,1,gsm,A19
LA_E_8103411,1,g722,A07
LA_E_8103942,1,pstn,A18
LA_E_8104402,1,g722,A10
LA_E_8104423,1,opus,A12
LA_E_8104459,1,g722,A18
LA_E_8104816,1,opus,A19
LA_E_8104870,1,ulaw,A19
LA_E_8105343,1,alaw,A08
LA_E_8105495,1,none,A12
LA_E_8105768,1,ulaw,A11
LA_E_8105780,1,gsm,A10
LA_E_8106243,1,opus,A16
LA_E_8107285,1,gsm,A18
LA_E_8107503,1,alaw,A16
LA_E_8107539,1,opus,A17
LA_E_8107632,1,g722,A17
LA_E_8107881,1,ulaw,A09
LA_E_8107967,0,gsm,bonafide
LA_E_8108417,1,pstn,A14
LA_E_8108568,1,alaw,A11
LA_E_8109526,1,none,A18
LA_E_8109657,1,opus,A19
LA_E_8109866,0,ulaw,bonafide
LA_E_8110516,1,gsm,A12
LA_E_8110619,1,alaw,A13
LA_E_8111062,1,alaw,A07
LA_E_8111299,1,none,A08
LA_E_8111536,1,pstn,A08
LA_E_8111844,1,gsm,A14
LA_E_8112080,1,gsm,A15
LA_E_8112366,1,alaw,A17
LA_E_8112668,1,alaw,A08
LA_E_8113620,1,alaw,A09
LA_E_8114504,1,ulaw,A10
LA_E_8114529,1,g722,A17
LA_E_8114569,1,opus,A10
LA_E_8114672,1,ulaw,A14
LA_E_8114933,1,alaw,A07
LA_E_8115343,1,ulaw,A12
LA_E_8115722,0,ulaw,bonafide
LA_E_8115977,0,alaw,bonafide
LA_E_8116174,0,gsm,bonafide
LA_E_8116203,1,pstn,A17
LA_E_8116266,1,ulaw,A19
LA_E_8116951,1,gsm,A18
LA_E_8117111,1,opus,A11
LA_E_8117302,1,opus,A08
LA_E_8117464,1,pstn,A08
LA_E_8117705,1,none,A10
LA_E_8117982,0,g722,bonafide
LA_E_8117988,1,gsm,A15
LA_E_8118580,1,pstn,A09
LA_E_8118853,0,ulaw,bonafide
LA_E_8119011,1,opus,A16
LA_E_8119337,1,alaw,A13
LA_E_8119339,1,opus,A08
LA_E_8120235,0,pstn,bonafide
LA_E_8120289,0,pstn,bonafide
LA_E_8120371,1,none,A18
LA_E_8120426,1,g722,A10
LA_E_8120450,1,opus,A13
LA_E_8121302,1,g722,A12
LA_E_8122759,1,none,A12
LA_E_8123475,1,ulaw,A17
LA_E_8123516,1,none,A18
LA_E_8124202,0,pstn,bonafide
LA_E_8124917,1,none,A15
LA_E_8125384,1,alaw,A18
LA_E_8125488,1,none,A11
LA_E_8125597,1,alaw,A15
LA_E_8125940,1,gsm,A10
LA_E_8126006,1,none,A09
LA_E_8126589,1,opus,A14
LA_E_8127044,1,pstn,A18
LA_E_8127340,1,alaw,A08
LA_E_8128309,1,g722,A14
LA_E_8128854,1,alaw,A17
LA_E_8128869,1,opus,A08
LA_E_8129396,1,g722,A12
LA_E_8129617,1,g722,A08
LA_E_8129696,1,ulaw,A17
LA_E_8129807,0,g722,bonafide
LA_E_8129904,1,gsm,A17
LA_E_8130390,1,alaw,A18
LA_E_8130636,1,ulaw,A11
LA_E_8132192,1,gsm,A19
LA_E_8132825,0,opus,bonafide
LA_E_8133207,1,gsm,A11
LA_E_8134113,1,gsm,A15
LA_E_8134560,0,g722,bonafide
LA_E_8135060,1,opus,A16
LA_E_8135473,1,alaw,A13
LA_E_8136011,1,pstn,A15
LA_E_8136661,1,ulaw,A12
LA_E_8136676,1,gsm,A17
LA_E_8136973,1,ulaw,A14
LA_E_8136988,1,none,A19
LA_E_8137021,1,none,A14
LA_E_8137653,0,opus,bonafide
LA_E_8137666,1,gsm,A14
LA_E_8138117,1,opus,A19
LA_E_8138378,1,opus,A11
LA_E_8138452,1,opus,A17
LA_E_8138569,1,opus,A15
LA_E_8138685,1,none,A17
LA_E_8138812,1,opus,A09
LA_E_8139320,1,g722,A13
LA_E_8139377,1,opus,A07
LA_E_8139424,1,alaw,A19
LA_E_8139477,1,opus,A07
LA_E_8139740,1,g722,A19
LA_E_8139778,0,none,bonafide
LA_E_8139835,1,gsm,A16
LA_E_8139873,1,g722,A07
LA_E_8139944,1,alaw,A11
LA_E_8140010,1,gsm,A11
LA_E_8140187,1,ulaw,A14
LA_E_8140202,1,opus,A10
LA_E_8140218,1,opus,A08
LA_E_8141037,1,ulaw,A16
LA_E_8141094,1,gsm,A17
LA_E_8141738,1,none,A16
LA_E_8142829,1,ulaw,A19
LA_E_8142943,1,alaw,A19
LA_E_8143312,1,pstn,A14
LA_E_8143838,1,g722,A11
LA_E_8143929,1,ulaw,A17
LA_E_8144523,1,pstn,A15
LA_E_8144687,1,alaw,A08
LA_E_8144688,1,g722,A10
LA_E_8144939,1,g722,A08
LA_E_8145433,1,g722,A09
LA_E_8146242,1,ulaw,A07
LA_E_8146378,1,g722,A09
LA_E_8146439,1,alaw,A16
LA_E_8147222,1,none,A09
LA_E_8147288,1,opus,A17
LA_E_8147479,1,alaw,A13
LA_E_8147945,1,none,A17
LA_E_8148611,1,pstn,A19
LA_E_8148692,1,opus,A09
LA_E_8148757,1,alaw,A19
LA_E_8148801,1,none,A07
LA_E_8148815,1,pstn,A13
LA_E_8148979,0,alaw,bonafide
LA_E_8149014,1,gsm,A08
LA_E_8149117,1,opus,A18
LA_E_8149633,1,gsm,A07
LA_E_8149777,1,alaw,A09
LA_E_8151202,1,ulaw,A17
LA_E_8151267,1,opus,A19
LA_E_8151533,1,alaw,A15
LA_E_8151552,1,ulaw,A18
LA_E_8151715,1,g722,A10
LA_E_8151804,1,alaw,A09
LA_E_8152210,1,none,A07
LA_E_8152495,1,pstn,A09
LA_E_8153774,1,none,A15
LA_E_8153984,1,alaw,A08
LA_E_8154345,1,alaw,A14
LA_E_8155311,1,none,A14
LA_E_8155765,1,pstn,A14
LA_E_8155865,1,ulaw,A08
LA_E_8155970,1,opus,A09
LA_E_8156312,1,opus,A17
LA_E_8156322,1,ulaw,A09
LA_E_8156540,0,pstn,bonafide
LA_E_8156608,1,pstn,A19
LA_E_8156706,1,gsm,A10
LA_E_8157056,0,ulaw,bonafide
LA_E_8157799,1,pstn,A10
LA_E_8157974,1,opus,A19
LA_E_8158309,1,g722,A09
LA_E_8158410,1,ulaw,A19
LA_E_8158548,1,pstn,A13
LA_E_8160012,1,ulaw,A11
LA_E_8160782,1,alaw,A19
LA_E_8160937,1,g722,A10
LA_E_8160967,0,opus,bonafide
LA_E_8161158,1,gsm,A12
LA_E_8161424,1,opus,A07
LA_E_8161968,1,gsm,A12
LA_E_8162486,1,gsm,A16
LA_E_8162823,1,pstn,A12
LA_E_8163594,1,gsm,A07
LA_E_8163739,1,opus,A14
LA_E_8163834,0,g722,bonafide
LA_E_8163970,1,gsm,A08
LA_E_8164020,1,gsm,A17
LA_E_8164600,1,none,A10
LA_E_8165349,1,ulaw,A11
LA_E_8166048,1,alaw,A14
LA_E_8166194,1,pstn,A12
LA_E_8166272,1,pstn,A18
LA_E_8166581,1,opus,A15
LA_E_8166668,1,pstn,A13
LA_E_8166967,1,pstn,A16
LA_E_8167558,1,pstn,A07
LA_E_8167999,1,alaw,A16
LA_E_8168008,1,g722,A13
LA_E_8168104,1,alaw,A10
LA_E_8168170,1,opus,A08
LA_E_8168343,1,ulaw,A15
LA_E_8168818,1,none,A17
LA_E_8168966,0,gsm,bonafide
LA_E_8169287,0,opus,bonafide
LA_E_8169859,1,none,A19
LA_E_8170084,1,g722,A17
LA_E_8170347,1,alaw,A14
LA_E_8171039,1,alaw,A17
LA_E_8171269,1,ulaw,A07
LA_E_8171337,0,g722,bonafide
LA_E_8171507,0,ulaw,bonafide
LA_E_8171549,1,ulaw,A14
LA_E_8171555,1,ulaw,A08
LA_E_8171938,1,gsm,A12
LA_E_8172135,1,pstn,A12
LA_E_8172197,1,ulaw,A18
LA_E_8173084,1,ulaw,A14
LA_E_8173181,1,pstn,A19
LA_E_8173276,0,g722,bonafide
LA_E_8173794,0,ulaw,bonafide
LA_E_8173824,1,ulaw,A12
LA_E_8173868,1,gsm,A08
LA_E_8174048,0,pstn,bonafide
LA_E_8174050,1,ulaw,A18
LA_E_8174465,1,alaw,A09
LA_E_8175204,1,g722,A17
LA_E_8175527,1,opus,A15
LA_E_8175878,1,alaw,A14
LA_E_8175900,1,g722,A18
LA_E_8175936,1,opus,A18
LA_E_8176409,1,gsm,A13
LA_E_8176502,1,opus,A12
LA_E_8176622,1,none,A18
LA_E_8176928,1,opus,A12
LA_E_8177205,1,gsm,A12
LA_E_8177536,1,g722,A19
LA_E_8177649,0,gsm,bonafide
LA_E_8177846,1,opus,A13
LA_E_8177876,1,none,A10
LA_E_8178105,1,ulaw,A18
LA_E_8178197,1,none,A09
LA_E_8178241,1,ulaw,A16
LA_E_8178335,1,opus,A13
LA_E_8178742,1,opus,A10
LA_E_8179595,1,gsm,A19
LA_E_8179791,1,none,A16
LA_E_8180083,1,ulaw,A07
LA_E_8180095,1,none,A17
LA_E_8180392,1,ulaw,A19
LA_E_8180831,1,ulaw,A17
LA_E_8180840,1,none,A19
LA_E_8180903,1,alaw,A15
LA_E_8180924,1,opus,A18
LA_E_8181339,1,opus,A12
LA_E_8181372,1,ulaw,A18
LA_E_8181611,1,ulaw,A07
LA_E_8181654,1,g722,A19
LA_E_8181819,1,none,A09
LA_E_8183432,1,gsm,A17
LA_E_8183915,1,alaw,A19
LA_E_8184443,1,pstn,A15
LA_E_8185126,1,pstn,A13
LA_E_8185899,1,opus,A18
LA_E_8186777,0,opus,bonafide
LA_E_8186828,1,gsm,A15
LA_E_8187167,1,pstn,A16
LA_E_8187566,1,pstn,A12
LA_E_8188354,1,ulaw,A07
LA_E_8188950,0,gsm,bonafide
LA_E_8189869,1,alaw,A12
LA_E_8189889,1,ulaw,A16
LA_E_8189977,1,g722,A17
LA_E_8190124,1,opus,A13
LA_E_8190248,0,alaw,bonafide
LA_E_8190259,1,opus,A08
LA_E_8190858,1,ulaw,A17
LA_E_8190933,0,pstn,bonafide
LA_E_8191271,1,ulaw,A14
LA_E_8191829,1,ulaw,A08
LA_E_8191934,0,gsm,bonafide
LA_E_8192484,1,ulaw,A07
LA_E_8192555,1,g722,A07
LA_E_8193009,0,opus,bonafide
LA_E_8193074,1,alaw,A19
LA_E_8193758,1,gsm,A16
LA_E_8194312,1,pstn,A17
LA_E_8194747,1,ulaw,A07
LA_E_8195082,1,gsm,A10
LA_E_8195305,1,ulaw,A19
LA_E_8196083,1,opus,A16
LA_E_8196345,1,alaw,A08
LA_E_8196382,1,ulaw,A17
LA_E_8196486,1,g722,A19
LA_E_8196510,1,opus,A16
LA_E_8196877,1,alaw,A17
LA_E_8197491,1,ulaw,A13
LA_E_8198146,1,opus,A18
LA_E_8198836,1,alaw,A11
LA_E_8199408,1,none,A18
LA_E_8199922,1,opus,A12
LA_E_8199957,1,alaw,A09
LA_E_8200478,1,opus,A10
LA_E_8200924,1,gsm,A19
LA_E_8200975,1,none,A16
LA_E_8201127,1,pstn,A07
LA_E_8201303,0,ulaw,bonafide
LA_E_8201424,1,g722,A18
LA_E_8201477,1,pstn,A18
LA_E_8202683,1,opus,A16
LA_E_8202806,1,ulaw,A10
LA_E_8203102,1,alaw,A15
LA_E_8203317,1,alaw,A10
LA_E_8203391,1,ulaw,A17
LA_E_8203699,1,none,A17
LA_E_8203914,1,pstn,A10
LA_E_8203971,1,ulaw,A11
LA_E_8204115,1,none,A19
LA_E_8205139,1,g722,A10
LA_E_8205152,1,alaw,A13
LA_E_8205174,1,ulaw,A15
LA_E_8205443,1,ulaw,A13
LA_E_8205783,1,alaw,A10
LA_E_8206484,1,opus,A11
LA_E_8206530,1,gsm,A07
LA_E_8206834,1,pstn,A12
LA_E_8207156,1,opus,A19
LA_E_8207239,0,ulaw,bonafide
LA_E_8207411,0,alaw,bonafide
LA_E_8207889,1,alaw,A14
LA_E_8208034,1,pstn,A07
LA_E_8208126,1,none,A17
LA_E_8208455,1,opus,A12
LA_E_8208906,1,none,A10
LA_E_8209892,1,ulaw,A17
LA_E_8209975,1,alaw,A10
LA_E_8210115,1,opus,A12
LA_E_8210260,1,none,A11
LA_E_8210394,1,opus,A13
LA_E_8210705,1,g722,A12
LA_E_8210709,1,ulaw,A17
LA_E_8210952,1,g722,A17
LA_E_8211087,1,alaw,A09
LA_E_8211282,1,none,A14
LA_E_8211918,1,none,A19
LA_E_8212538,1,alaw,A09
LA_E_8213077,1,alaw,A15
LA_E_8214185,1,opus,A13
LA_E_8214194,1,opus,A10
LA_E_8214301,1,none,A11
LA_E_8214603,1,ulaw,A12
LA_E_8214837,1,opus,A18
LA_E_8215061,1,g722,A12
LA_E_8215243,1,opus,A10
LA_E_8215360,1,ulaw,A11
LA_E_8215418,1,none,A18
LA_E_8215588,1,ulaw,A09
LA_E_8215746,0,opus,bonafide
LA_E_8215900,0,gsm,bonafide
LA_E_8216116,0,gsm,bonafide
LA_E_8216255,1,g722,A16
LA_E_8216528,1,g722,A15
LA_E_8216804,1,g722,A09
LA_E_8217271,1,ulaw,A09
LA_E_8217355,1,ulaw,A15
LA_E_8217419,1,opus,A09
LA_E_8217574,1,none,A18
LA_E_8217703,1,opus,A13
LA_E_8218182,1,none,A07
LA_E_8218471,0,gsm,bonafide
LA_E_8218529,1,ulaw,A19
LA_E_8218823,1,opus,A13
LA_E_8218833,1,alaw,A12
LA_E_8219401,1,g722,A08
LA_E_8219631,0,opus,bonafide
LA_E_8220038,1,gsm,A08
LA_E_8220912,1,opus,A11
LA_E_8221299,1,gsm,A08
LA_E_8221644,1,alaw,A08
LA_E_8221662,1,gsm,A10
LA_E_8222145,1,gsm,A13
LA_E_8222418,1,g722,A07
LA_E_8222454,1,ulaw,A15
LA_E_8222701,1,opus,A11
LA_E_8222854,0,none,bonafide
LA_E_8223143,1,opus,A18
LA_E_8223208,1,ulaw,A19
LA_E_8223217,1,pstn,A17
LA_E_8223431,1,none,A07
LA_E_8223439,1,none,A09
LA_E_8223760,1,gsm,A09
LA_E_8224029,0,gsm,bonafide
LA_E_8224267,1,opus,A16
LA_E_8224311,1,opus,A15
LA_E_8224616,0,alaw,bonafide
LA_E_8224624,1,pstn,A09
LA_E_8224983,1,pstn,A08
LA_E_8225656,1,ulaw,A16
LA_E_8225693,0,ulaw,bonafide
LA_E_8225772,1,gsm,A10
LA_E_8225939,1,pstn,A13
LA_E_8226097,0,ulaw,bonafide
LA_E_8226270,1,gsm,A13
LA_E_8226941,1,g722,A14
LA_E_8227246,1,none,A12
LA_E_8227271,1,gsm,A18
LA_E_8227640,1,opus,A19
LA_E_8227853,1,opus,A09
LA_E_8228231,1,pstn,A15
LA_E_8228296,1,opus,A12
LA_E_8228356,1,opus,A15
LA_E_8228357,0,alaw,bonafide
LA_E_8228898,1,none,A18
LA_E_8228943,1,none,A15
LA_E_8229472,1,g722,A07
LA_E_8229790,1,gsm,A09
LA_E_8229884,1,gsm,A13
LA_E_8229908,1,ulaw,A16
LA_E_8229938,1,gsm,A17
LA_E_8230095,0,gsm,bonafide
LA_E_8230397,1,none,A19
LA_E_8231017,1,ulaw,A11
LA_E_8231265,1,opus,A13
LA_E_8231301,1,ulaw,A09
LA_E_8231793,1,gsm,A14
LA_E_8232136,1,opus,A07
LA_E_8232153,1,pstn,A08
LA_E_8232622,1,none,A18
LA_E_8232936,1,ulaw,A15
LA_E_8233378,1,gsm,A19
LA_E_8233457,1,gsm,A18
LA_E_8233992,1,ulaw,A07
LA_E_8234203,1,pstn,A19
LA_E_8234289,0,gsm,bonafide
LA_E_8234293,1,ulaw,A14
LA_E_8234321,1,pstn,A16
LA_E_8234795,1,pstn,A17
LA_E_8234955,1,opus,A08
LA_E_8234998,1,opus,A11
LA_E_8235157,1,gsm,A07
LA_E_8235234,1,opus,A10
LA_E_8235252,1,pstn,A12
LA_E_8236152,1,opus,A15
LA_E_8236297,1,opus,A10
LA_E_8236326,1,ulaw,A08
LA_E_8236431,1,ulaw,A13
LA_E_8237113,1,opus,A15
LA_E_8237554,1,gsm,A17
LA_E_8237607,1,g722,A15
LA_E_8237657,1,ulaw,A12
LA_E_8237724,1,pstn,A19
LA_E_8237834,1,opus,A17
LA_E_8237924,1,opus,A07
LA_E_8238321,0,none,bonafide
LA_E_8238408,1,ulaw,A10
LA_E_8238640,1,pstn,A07
LA_E_8238879,1,opus,A08
LA_E_8238956,1,pstn,A08
LA_E_8239014,1,ulaw,A19
LA_E_8239063,1,ulaw,A07
LA_E_8239154,1,gsm,A07
LA_E_8239462,1,g722,A15
LA_E_8239560,1,gsm,A15
LA_E_8239820,1,none,A18
LA_E_8239959,1,gsm,A07
LA_E_8240195,1,ulaw,A10
LA_E_8240268,1,none,A13
LA_E_8240306,0,opus,bonafide
LA_E_8240509,1,ulaw,A19
LA_E_8240760,1,ulaw,A17
LA_E_8240930,1,none,A08
LA_E_8240961,1,g722,A16
LA_E_8240976,1,ulaw,A11
LA_E_8241165,1,gsm,A08
LA_E_8241379,1,gsm,A15
LA_E_8241928,1,gsm,A14
LA_E_8242175,0,none,bonafide
LA_E_8242417,1,pstn,A19
LA_E_8242683,0,g722,bonafide
LA_E_8242761,1,ulaw,A07
LA_E_8243747,1,gsm,A09
LA_E_8243846,1,g722,A07
LA_E_8243878,1,opus,A12
LA_E_8243993,0,alaw,bonafide
LA_E_8244150,1,ulaw,A08
LA_E_8244775,1,none,A07
LA_E_8244798,1,ulaw,A12
LA_E_8244927,1,pstn,A10
LA_E_8245222,1,pstn,A14
LA_E_8245464,0,ulaw,bonafide
LA_E_8246103,1,none,A18
LA_E_8246490,1,alaw,A19
LA_E_8247311,0,g722,bonafide
LA_E_8247357,1,g722,A10
LA_E_8247699,1,pstn,A19
LA_E_8247942,1,ulaw,A12
LA_E_8247955,1,ulaw,A11
LA_E_8247969,1,ulaw,A12
LA_E_8247984,1,gsm,A13
LA_E_8248248,1,ulaw,A19
LA_E_8248316,1,ulaw,A15
LA_E_8248411,1,g722,A12
LA_E_8249176,1,pstn,A14
LA_E_8249534,1,gsm,A18
LA_E_8249582,1,opus,A19
LA_E_8249631,1,gsm,A14
LA_E_8251224,1,opus,A07
LA_E_8252083,1,opus,A11
LA_E_8252534,1,g722,A13
LA_E_8253151,1,alaw,A10
LA_E_8253751,1,gsm,A12
LA_E_8254235,1,pstn,A08
LA_E_8254623,1,gsm,A14
LA_E_8255258,1,g722,A18
LA_E_8256198,1,opus,A16
LA_E_8256451,1,opus,A15
LA_E_8256922,1,opus,A11
LA_E_8257206,1,ulaw,A10
LA_E_8257761,1,pstn,A07
LA_E_8257839,1,g722,A18
LA_E_8257900,1,none,A08
LA_E_8257993,1,opus,A12
LA_E_8258175,1,opus,A11
LA_E_8259161,1,none,A13
LA_E_8259658,1,ulaw,A19
LA_E_8259983,1,alaw,A16
LA_E_8260408,1,pstn,A17
LA_E_8260656,1,pstn,A16
LA_E_8260859,1,g722,A15
LA_E_8261607,1,none,A16
LA_E_8261856,1,opus,A16
LA_E_8262053,1,alaw,A13
LA_E_8262139,1,ulaw,A09
LA_E_8262252,1,opus,A13
LA_E_8262968,1,none,A08
LA_E_8263029,1,gsm,A13
LA_E_8263458,1,pstn,A13
LA_E_8263471,1,gsm,A14
LA_E_8263554,1,pstn,A12
LA_E_8264694,1,gsm,A18
LA_E_8264824,1,ulaw,A08
LA_E_8264896,1,pstn,A12
LA_E_8265021,1,pstn,A09
LA_E_8266123,1,gsm,A13
LA_E_8266536,1,opus,A10
LA_E_8266803,1,ulaw,A18
LA_E_8266814,1,g722,A16
LA_E_8266870,1,g722,A18
LA_E_8267891,1,pstn,A16
LA_E_8267939,1,pstn,A08
LA_E_8268007,0,alaw,bonafide
LA_E_8268029,1,opus,A15
LA_E_8268294,1,g722,A17
LA_E_8268708,1,gsm,A17
LA_E_8268716,1,ulaw,A15
LA_E_8268993,1,gsm,A07
LA_E_8269298,1,alaw,A19
LA_E_8269351,1,ulaw,A08
LA_E_8269473,1,alaw,A10
LA_E_8269758,1,none,A11
LA_E_8269784,0,none,bonafide
LA_E_8269966,1,none,A13
LA_E_8270037,1,opus,A14
LA_E_8271085,1,gsm,A08
LA_E_8271106,1,alaw,A07
LA_E_8271171,1,ulaw,A15
LA_E_8271521,1,alaw,A07
LA_E_8272087,1,none,A09
LA_E_8272112,1,pstn,A11
LA_E_8272657,1,none,A13
LA_E_8272687,1,gsm,A15
LA_E_8273187,0,opus,bonafide
LA_E_8273660,1,opus,A09
LA_E_8275031,1,gsm,A14
LA_E_8275144,1,none,A07
LA_E_8275197,1,opus,A17
LA_E_8276059,1,g722,A13
LA_E_8276333,0,pstn,bonafide
LA_E_8276690,1,opus,A10
LA_E_8277184,1,ulaw,A10
LA_E_8277287,1,opus,A08
LA_E_8277361,1,none,A17
LA_E_8277973,0,gsm,bonafide
LA_E_8278050,1,alaw,A15
LA_E_8278088,1,alaw,A14
LA_E_8278186,1,opus,A18
LA_E_8278408,0,none,bonafide
LA_E_8278414,1,g722,A15
LA_E_8278665,1,alaw,A12
LA_E_8278742,1,opus,A07
LA_E_8278747,1,gsm,A12
LA_E_8279073,1,opus,A15
LA_E_8279355,1,pstn,A19
LA_E_8279694,1,ulaw,A08
LA_E_8279797,1,opus,A19
LA_E_8280211,1,ulaw,A18
LA_E_8280234,1,ulaw,A07
LA_E_8280494,1,pstn,A16
LA_E_8280832,1,g722,A12
LA_E_8280965,1,opus,A18
LA_E_8280995,0,ulaw,bonafide
LA_E_8281118,1,opus,A19
LA_E_8281409,1,none,A07
LA_E_8281552,0,pstn,bonafide
LA_E_8282283,0,opus,bonafide
LA_E_8282667,1,opus,A10
LA_E_8283215,0,ulaw,bonafide
LA_E_8284472,1,g722,A12
LA_E_8284956,1,opus,A17
LA_E_8285706,1,ulaw,A11
LA_E_8286030,1,pstn,A16
LA_E_8286115,0,none,bonafide
LA_E_8286217,1,none,A14
LA_E_8287342,1,gsm,A10
LA_E_8287892,1,opus,A11
LA_E_8288294,0,g722,bonafide
LA_E_8288298,1,opus,A14
LA_E_8288347,1,pstn,A10
LA_E_8288599,0,ulaw,bonafide
LA_E_8288896,1,gsm,A15
LA_E_8289277,1,alaw,A12
LA_E_8289478,1,g722,A08
LA_E_8289746,1,gsm,A18
LA_E_8290256,1,pstn,A08
LA_E_8290330,1,alaw,A17
LA_E_8290449,1,opus,A10
LA_E_8291127,1,g722,A14
LA_E_8291230,0,ulaw,bonafide
LA_E_8291387,1,alaw,A12
LA_E_8291614,1,none,A16
LA_E_8291788,1,opus,A16
LA_E_8291837,1,none,A15
LA_E_8291897,1,gsm,A09
LA_E_8291932,1,ulaw,A11
LA_E_8292278,1,gsm,A11
LA_E_8292349,1,ulaw,A09
LA_E_8292601,0,alaw,bonafide
LA_E_8292708,1,opus,A17
LA_E_8293467,0,g722,bonafide
LA_E_8293517,1,ulaw,A07
LA_E_8293584,1,alaw,A11
LA_E_8293626,1,gsm,A15
LA_E_8293792,1,none,A10
LA_E_8293803,1,pstn,A17
LA_E_8293890,1,ulaw,A12
LA_E_8293976,1,opus,A12
LA_E_8294252,1,none,A12
LA_E_8294372,1,g722,A18
LA_E_8294494,1,opus,A10
LA_E_8294916,1,pstn,A19
LA_E_8294980,1,alaw,A11
LA_E_8295247,1,gsm,A17
LA_E_8296070,1,ulaw,A14
LA_E_8296658,1,opus,A12
LA_E_8296777,1,g722,A07
LA_E_8297073,1,alaw,A08
LA_E_8297154,1,opus,A18
LA_E_8297408,1,gsm,A11
LA_E_8297419,1,ulaw,A11
LA_E_8298028,0,g722,bonafide
LA_E_8298203,1,alaw,A14
LA_E_8298205,1,pstn,A16
LA_E_8298459,1,gsm,A15
LA_E_8298900,1,alaw,A09
LA_E_8299127,1,opus,A07
LA_E_8299362,1,pstn,A10
LA_E_8299751,1,none,A12
LA_E_8300005,1,ulaw,A13
LA_E_8300163,1,none,A12
LA_E_8300241,1,alaw,A10
LA_E_8300337,1,pstn,A07
LA_E_8300420,1,g722,A08
LA_E_8300542,1,ulaw,A10
LA_E_8300567,1,none,A18
LA_E_8301136,1,gsm,A10
LA_E_8301578,1,opus,A19
LA_E_8301939,1,pstn,A14
LA_E_8302263,0,opus,bonafide
LA_E_8302518,1,pstn,A07
LA_E_8303121,1,opus,A09
LA_E_8303421,1,alaw,A10
LA_E_8303556,1,none,A14
LA_E_8303700,1,opus,A08
LA_E_8303799,1,pstn,A10
LA_E_8304495,0,alaw,bonafide
LA_E_8304802,1,none,A11
LA_E_8304996,1,alaw,A11
LA_E_8306038,1,opus,A13
LA_E_8306244,1,ulaw,A14
LA_E_8306253,1,none,A13
LA_E_8306477,1,none,A12
LA_E_8307212,1,opus,A15
LA_E_8307220,1,alaw,A19
LA_E_8308153,1,g722,A16
LA_E_8308170,1,none,A08
LA_E_8308422,1,ulaw,A19
LA_E_8309057,1,gsm,A13
LA_E_8309608,1,none,A12
LA_E_8309922,1,opus,A09
LA_E_8310288,1,opus,A12
LA_E_8310853,1,alaw,A12
LA_E_8311075,1,none,A19
LA_E_8311124,0,pstn,bonafide
LA_E_8312169,1,ulaw,A18
LA_E_8312705,1,g722,A10
LA_E_8312730,1,g722,A07
LA_E_8313394,1,ulaw,A08
LA_E_8313434,1,opus,A16
LA_E_8313553,1,pstn,A09
LA_E_8313774,1,gsm,A13
LA_E_8313889,1,opus,A07
LA_E_8314168,1,gsm,A16
LA_E_8314474,1,gsm,A10
LA_E_8315393,1,none,A19
LA_E_8315737,1,alaw,A16
LA_E_8316333,1,opus,A19
LA_E_8316958,1,g722,A07
LA_E_8317909,1,alaw,A10
LA_E_8318009,1,gsm,A10
LA_E_8318394,1,ulaw,A08
LA_E_8318827,1,pstn,A15
LA_E_8318877,1,pstn,A07
LA_E_8319248,1,alaw,A15
LA_E_8319622,1,ulaw,A12
LA_E_8319706,1,alaw,A11
LA_E_8319775,1,opus,A12
LA_E_8320807,1,alaw,A18
LA_E_8321231,1,opus,A19
LA_E_8321273,1,pstn,A08
LA_E_8321323,1,none,A13
LA_E_8321416,0,pstn,bonafide
LA_E_8321474,1,g722,A10
LA_E_8321548,1,alaw,A08
LA_E_8321594,1,alaw,A12
LA_E_8321854,1,ulaw,A14
LA_E_8322547,1,opus,A18
LA_E_8322613,1,none,A08
LA_E_8322764,1,opus,A19
LA_E_8322772,1,opus,A10
LA_E_8322776,1,ulaw,A14
LA_E_8323209,1,none,A12
LA_E_8323400,1,gsm,A15
LA_E_8323941,1,ulaw,A09
LA_E_8324844,1,none,A19
LA_E_8325048,1,opus,A08
LA_E_8325368,1,pstn,A19
LA_E_8325474,1,ulaw,A17
LA_E_8325617,1,none,A15
LA_E_8325818,1,opus,A12
LA_E_8326263,1,opus,A08
LA_E_8326517,1,ulaw,A16
LA_E_8326705,1,alaw,A10
LA_E_8326905,1,alaw,A08
LA_E_8326940,1,ulaw,A08
LA_E_8327214,1,alaw,A15
LA_E_8327347,1,pstn,A18
LA_E_8327527,0,ulaw,bonafide
LA_E_8327620,1,ulaw,A13
LA_E_8327834,1,gsm,A16
LA_E_8327968,0,gsm,bonafide
LA_E_8328109,1,ulaw,A09
LA_E_8328240,1,ulaw,A15
LA_E_8328606,1,g722,A12
LA_E_8328904,1,ulaw,A08
LA_E_8328973,1,ulaw,A15
LA_E_8329733,1,pstn,A11
LA_E_8329735,1,g722,A08
LA_E_8330201,1,g722,A13
LA_E_8330280,1,ulaw,A17
LA_E_8330469,1,none,A19
LA_E_8331059,1,g722,A11
LA_E_8331391,1,none,A07
LA_E_8331774,1,opus,A09
LA_E_8331975,1,ulaw,A12
LA_E_8332603,1,opus,A15
LA_E_8332908,1,gsm,A11
LA_E_8333162,1,pstn,A08
LA_E_8333286,1,gsm,A10
LA_E_8334025,1,g722,A12
LA_E_8334228,1,ulaw,A16
LA_E_8335167,1,alaw,A12
LA_E_8335440,1,none,A09
LA_E_8336013,1,ulaw,A19
LA_E_8336073,1,gsm,A10
LA_E_8336371,1,gsm,A07
LA_E_8336924,1,gsm,A13
LA_E_8336958,1,gsm,A14
LA_E_8337254,1,g722,A11
LA_E_8337654,1,alaw,A19
LA_E_8337867,1,opus,A11
LA_E_8338144,1,opus,A10
LA_E_8338335,1,opus,A12
LA_E_8338419,1,pstn,A13
LA_E_8338525,1,gsm,A18
LA_E_8338804,1,alaw,A09
LA_E_8339477,1,g722,A12
LA_E_8339593,1,ulaw,A15
LA_E_8339604,0,gsm,bonafide
LA_E_8340001,1,pstn,A09
LA_E_8340427,0,pstn,bonafide
LA_E_8340738,1,alaw,A14
LA_E_8340837,1,alaw,A17
LA_E_8341069,1,gsm,A07
LA_E_8341376,1,alaw,A18
LA_E_8341589,1,pstn,A10
LA_E_8341621,1,pstn,A17
LA_E_8341660,1,opus,A17
LA_E_8341997,0,ulaw,bonafide
LA_E_8342725,1,g722,A19
LA_E_8342794,1,g722,A11
LA_E_8342902,1,opus,A18
LA_E_8343583,1,none,A14
LA_E_8343590,1,none,A08
LA_E_8343773,1,alaw,A09
LA_E_8343941,1,ulaw,A11
LA_E_8343942,1,pstn,A07
LA_E_8344700,1,opus,A07
LA_E_8345081,1,none,A09
LA_E_8345606,1,gsm,A11
LA_E_8345863,1,pstn,A14
LA_E_8345882,1,g722,A19
LA_E_8345994,1,alaw,A14
LA_E_8346972,1,opus,A13
LA_E_8348100,1,alaw,A13
LA_E_8348406,1,g722,A12
LA_E_8348443,1,g722,A15
LA_E_8348935,1,opus,A19
LA_E_8349981,1,gsm,A18
LA_E_8350150,1,alaw,A13
LA_E_8350151,1,opus,A17
LA_E_8350550,1,ulaw,A09
LA_E_8350842,1,pstn,A12
LA_E_8351184,1,g722,A08
LA_E_8351456,1,pstn,A16
LA_E_8351488,1,alaw,A09
LA_E_8351946,1,none,A09
LA_E_8352466,1,g722,A18
LA_E_8352786,1,gsm,A07
LA_E_8353149,1,alaw,A11
LA_E_8353256,1,gsm,A18
LA_E_8353288,1,alaw,A09
LA_E_8353964,1,opus,A18
LA_E_8354099,1,gsm,A08
LA_E_8354377,1,gsm,A17
LA_E_8354863,1,g722,A12
LA_E_8355255,1,g722,A12
LA_E_8355374,1,pstn,A11
LA_E_8355583,1,alaw,A19
LA_E_8356137,1,ulaw,A16
LA_E_8356373,1,ulaw,A17
LA_E_8356415,0,alaw,bonafide
LA_E_8356440,1,alaw,A08
LA_E_8357016,1,ulaw,A08
LA_E_8357238,1,alaw,A19
LA_E_8357445,1,alaw,A07
LA_E_8357811,1,opus,A09
LA_E_8357879,1,g722,A11
LA_E_8357891,1,opus,A09
LA_E_8358187,1,none,A19
LA_E_8358588,1,none,A08
LA_E_8358612,1,g722,A09
LA_E_8358810,1,opus,A11
LA_E_8359262,1,gsm,A12
LA_E_8359354,1,opus,A15
LA_E_8359480,1,none,A18
LA_E_8359508,0,pstn,bonafide
LA_E_8359829,0,gsm,bonafide
LA_E_8360609,1,g722,A18
LA_E_8360815,1,opus,A10
LA_E_8360844,0,gsm,bonafide
LA_E_8360869,1,ulaw,A19
LA_E_8361276,1,g722,A16
LA_E_8361362,1,alaw,A17
LA_E_8361455,0,gsm,bonafide
LA_E_8361861,1,gsm,A08
LA_E_8361913,1,gsm,A17
LA_E_8361921,1,opus,A10
LA_E_8361956,1,gsm,A08
LA_E_8362605,1,none,A15
LA_E_8362697,1,alaw,A12
LA_E_8362943,1,none,A18
LA_E_8363074,1,alaw,A17
LA_E_8363452,0,none,bonafide
LA_E_8363535,1,ulaw,A17
LA_E_8363676,1,none,A19
LA_E_8364278,1,gsm,A15
LA_E_8364331,1,opus,A12
LA_E_8364427,1,opus,A07
LA_E_8364470,1,gsm,A11
LA_E_8364593,1,opus,A11
LA_E_8364833,1,ulaw,A15
LA_E_8365130,1,ulaw,A08
LA_E_8366283,1,none,A18
LA_E_8366324,0,g722,bonafide
LA_E_8366715,0,ulaw,bonafide
LA_E_8366908,0,opus,bonafide
LA_E_8366911,1,g722,A08
LA_E_8367270,1,alaw,A18
LA_E_8367569,0,gsm,bonafide
LA_E_8367998,0,g722,bonafide
LA_E_8368067,1,alaw,A10
LA_E_8368602,1,g722,A10
LA_E_8368821,1,alaw,A17
LA_E_8368841,1,opus,A19
LA_E_8369531,1,alaw,A17
LA_E_8369555,0,opus,bonafide
LA_E_8369830,1,g722,A16
LA_E_8369937,1,alaw,A08
LA_E_8370171,1,ulaw,A17
LA_E_8370202,1,gsm,A19
LA_E_8370545,1,gsm,A13
LA_E_8370986,1,pstn,A19
LA_E_8372101,1,gsm,A16
LA_E_8372213,1,none,A08
LA_E_8372557,1,g722,A11
LA_E_8372722,1,opus,A18
LA_E_8374321,1,pstn,A09
LA_E_8374353,1,alaw,A18
LA_E_8374722,1,alaw,A10
LA_E_8375007,1,ulaw,A18
LA_E_8375083,1,g722,A11
LA_E_8375592,1,gsm,A16
LA_E_8376656,1,opus,A15
LA_E_8377642,1,opus,A15
LA_E_8378015,1,opus,A07
LA_E_8378376,0,gsm,bonafide
LA_E_8378619,0,pstn,bonafide
LA_E_8378725,1,g722,A14
LA_E_8378774,1,g722,A08
LA_E_8378902,1,alaw,A13
LA_E_8379020,1,none,A13
LA_E_8379650,1,gsm,A17
LA_E_8379889,0,ulaw,bonafide
LA_E_8379962,1,ulaw,A12
LA_E_8380957,1,pstn,A16
LA_E_8381205,1,ulaw,A19
LA_E_8381577,0,alaw,bonafide
LA_E_8381618,1,pstn,A10
LA_E_8381846,1,g722,A19
LA_E_8381863,1,alaw,A13
LA_E_8382687,1,gsm,A10
LA_E_8383154,0,opus,bonafide
LA_E_8383661,1,g722,A10
LA_E_8384158,1,ulaw,A08
LA_E_8384193,1,ulaw,A19
LA_E_8384345,1,alaw,A13
LA_E_8384407,1,opus,A16
LA_E_8384800,1,ulaw,A13
LA_E_8384908,1,gsm,A11
LA_E_8385129,1,alaw,A17
LA_E_8385970,1,gsm,A07
LA_E_8385992,1,none,A14
LA_E_8386333,1,ulaw,A19
LA_E_8386825,1,none,A11
LA_E_8387471,1,none,A10
LA_E_8387764,1,gsm,A07
LA_E_8388149,1,g722,A10
LA_E_8388812,1,opus,A16
LA_E_8388842,1,ulaw,A18
LA_E_8389072,0,opus,bonafide
LA_E_8389172,1,none,A18
LA_E_8389378,1,alaw,A14
LA_E_8390230,0,none,bonafide
LA_E_8390412,1,opus,A10
LA_E_8390725,1,none,A15
LA_E_8391127,1,ulaw,A18
LA_E_8391394,1,gsm,A10
LA_E_8391613,1,pstn,A11
LA_E_8393142,1,none,A09
LA_E_8393437,1,ulaw,A08
LA_E_8393572,1,gsm,A10
LA_E_8393854,1,opus,A17
LA_E_8393912,1,gsm,A08
LA_E_8394337,1,opus,A19
LA_E_8394759,1,ulaw,A12
LA_E_8394896,1,none,A10
LA_E_8395199,1,none,A07
LA_E_8395876,1,g722,A07
LA_E_8395951,0,opus,bonafide
LA_E_8396238,1,gsm,A13
LA_E_8396388,1,none,A09
LA_E_8396404,1,alaw,A13
LA_E_8397128,1,opus,A10
LA_E_8397178,1,none,A16
LA_E_8397499,1,none,A18
LA_E_8397776,1,alaw,A16
LA_E_8397979,1,gsm,A16
LA_E_8399231,1,opus,A19
LA_E_8399514,1,none,A14
LA_E_8399643,1,pstn,A19
LA_E_8399669,1,gsm,A16
LA_E_8399940,1,alaw,A13
LA_E_8400690,1,opus,A14
LA_E_8400798,1,alaw,A09
LA_E_8401132,0,ulaw,bonafide
LA_E_8401235,1,ulaw,A08
LA_E_8401897,1,alaw,A18
LA_E_8401973,1,opus,A12
LA_E_8402210,1,alaw,A15
LA_E_8402805,0,pstn,bonafide
LA_E_8403421,1,alaw,A07
LA_E_8403717,0,ulaw,bonafide
LA_E_8403965,1,opus,A10
LA_E_8404104,1,alaw,A08
LA_E_8405001,0,ulaw,bonafide
LA_E_8406466,1,gsm,A07
LA_E_8408246,1,alaw,A12
LA_E_8408879,1,gsm,A13
LA_E_8409123,1,gsm,A16
LA_E_8409248,1,ulaw,A15
LA_E_8409325,1,gsm,A16
LA_E_8410133,0,pstn,bonafide
LA_E_8411259,1,ulaw,A08
LA_E_8412114,1,g722,A08
LA_E_8412353,1,pstn,A11
LA_E_8413166,1,opus,A19
LA_E_8413696,1,pstn,A12
LA_E_8413861,1,pstn,A08
LA_E_8414331,1,pstn,A09
LA_E_8414347,0,ulaw,bonafide
LA_E_8414582,1,none,A07
LA_E_8414731,0,ulaw,bonafide
LA_E_8414809,1,pstn,A12
LA_E_8414916,0,none,bonafide
LA_E_8414928,1,g722,A17
LA_E_8415204,1,pstn,A09
LA_E_8415314,1,pstn,A19
LA_E_8415527,1,pstn,A19
LA_E_8415811,1,ulaw,A18
LA_E_8416009,1,ulaw,A13
LA_E_8416147,1,alaw,A07
LA_E_8416679,1,none,A16
LA_E_8416887,1,gsm,A11
LA_E_8417154,1,pstn,A14
LA_E_8417156,1,alaw,A18
LA_E_8417229,1,ulaw,A16
LA_E_8417344,1,opus,A19
LA_E_8417389,1,opus,A18
LA_E_8419242,1,alaw,A14
LA_E_8419566,1,g722,A13
LA_E_8419596,1,opus,A19
LA_E_8420351,1,opus,A19
LA_E_8421209,1,ulaw,A16
LA_E_8421547,1,alaw,A10
LA_E_8421755,1,opus,A16
LA_E_8421920,1,pstn,A11
LA_E_8422486,1,opus,A14
LA_E_8422527,1,alaw,A13
LA_E_8423119,1,gsm,A07
LA_E_8423522,1,g722,A12
LA_E_8423739,1,alaw,A14
LA_E_8423756,1,gsm,A09
LA_E_8423949,1,opus,A12
LA_E_8424021,1,opus,A12
LA_E_8424199,1,gsm,A19
LA_E_8424572,1,gsm,A13
LA_E_8424713,1,opus,A12
LA_E_8425894,0,pstn,bonafide
LA_E_8427295,1,ulaw,A15
LA_E_8427298,0,gsm,bonafide
LA_E_8427306,1,gsm,A09
LA_E_8427395,1,g722,A16
LA_E_8428268,1,gsm,A14
LA_E_8429863,1,gsm,A19
LA_E_8430137,1,gsm,A18
LA_E_8430726,1,alaw,A08
LA_E_8430801,1,pstn,A14
LA_E_8430875,1,pstn,A17
LA_E_8431769,1,gsm,A09
LA_E_8431829,1,gsm,A18
LA_E_8432474,1,gsm,A16
LA_E_8432577,1,ulaw,A16
LA_E_8434973,1,g722,A08
LA_E_8435697,0,none,bonafide
LA_E_8435946,1,alaw,A13
LA_E_8436535,1,gsm,A07
LA_E_8436849,0,opus,bonafide
LA_E_8437010,1,opus,A08
LA_E_8437131,0,g722,bonafide
LA_E_8437193,1,alaw,A13
LA_E_8437545,1,alaw,A08
LA_E_8437675,1,none,A18
LA_E_8437787,1,opus,A18
LA_E_8438265,1,alaw,A17
LA_E_8439337,1,none,A12
LA_E_8439375,0,g722,bonafide
LA_E_8439830,1,pstn,A13
LA_E_8439864,1,none,A17
LA_E_8440841,1,gsm,A15
LA_E_8441134,1,ulaw,A17
LA_E_8441586,1,opus,A13
LA_E_8443014,1,pstn,A10
LA_E_8443185,0,alaw,bonafide
LA_E_8443466,0,opus,bonafide
LA_E_8443672,1,g722,A15
LA_E_8444027,1,gsm,A19
LA_E_8444048,1,g722,A11
LA_E_8444190,1,gsm,A09
LA_E_8444318,1,pstn,A12
LA_E_8444822,1,ulaw,A08
LA_E_8445344,1,alaw,A07
LA_E_8445655,1,gsm,A09
LA_E_8445875,1,gsm,A11
LA_E_8446242,1,pstn,A07
LA_E_8447266,1,gsm,A16
LA_E_8447299,1,g722,A17
LA_E_8447427,1,none,A07
LA_E_8447617,1,pstn,A09
LA_E_8447894,1,opus,A11
LA_E_8448165,1,alaw,A12
LA_E_8449144,1,none,A10
LA_E_8449177,1,alaw,A07
LA_E_8450530,1,opus,A18
LA_E_8451055,1,gsm,A14
LA_E_8451743,1,alaw,A13
LA_E_8452739,1,pstn,A07
LA_E_8452816,0,gsm,bonafide
LA_E_8452818,1,pstn,A16
LA_E_8452902,1,none,A14
LA_E_8452989,1,gsm,A08
LA_E_8454768,1,gsm,A09
LA_E_8454775,1,g722,A08
LA_E_8454787,1,gsm,A11
LA_E_8454822,1,pstn,A15
LA_E_8455077,1,alaw,A09
LA_E_8455224,0,gsm,bonafide
LA_E_8455659,0,none,bonafide
LA_E_8455727,1,none,A15
LA_E_8456436,0,gsm,bonafide
LA_E_8456693,0,gsm,bonafide
LA_E_8456848,1,gsm,A16
LA_E_8457233,1,ulaw,A11
LA_E_8457833,0,alaw,bonafide
LA_E_8457967,0,pstn,bonafide
LA_E_8458357,1,ulaw,A07
LA_E_8458485,1,gsm,A17
LA_E_8458616,1,g722,A14
LA_E_8459053,1,none,A17
LA_E_8459116,1,g722,A14
LA_E_8459663,1,pstn,A16
LA_E_8459792,0,opus,bonafide
LA_E_8460485,1,ulaw,A07
LA_E_8460566,1,pstn,A16
LA_E_8460671,1,gsm,A19
LA_E_8460723,1,pstn,A16
LA_E_8460984,1,alaw,A16
LA_E_8461188,1,alaw,A19
LA_E_8461407,1,opus,A17
LA_E_8461615,0,ulaw,bonafide
LA_E_8462063,0,gsm,bonafide
LA_E_8462157,1,alaw,A16
LA_E_8462194,1,ulaw,A09
LA_E_8462301,1,none,A15
LA_E_8462969,0,none,bonafide
LA_E_8463203,1,pstn,A10
LA_E_8463428,1,pstn,A18
LA_E_8463741,1,gsm,A09
LA_E_8463966,1,ulaw,A13
LA_E_8464192,1,opus,A08
LA_E_8465031,1,opus,A11
LA_E_8467671,1,gsm,A19
LA_E_8467794,1,ulaw,A11
LA_E_8467871,1,gsm,A12
LA_E_8468170,1,gsm,A12
LA_E_8468195,1,pstn,A11
LA_E_8468566,1,none,A19
LA_E_8468857,1,alaw,A16
LA_E_8468891,1,opus,A13
LA_E_8468946,1,pstn,A19
LA_E_8470100,1,alaw,A10
LA_E_8470651,1,pstn,A16
LA_E_8471011,1,gsm,A18
LA_E_8471919,1,gsm,A13
LA_E_8472017,0,opus,bonafide
LA_E_8472286,1,gsm,A13
LA_E_8472548,0,gsm,bonafide
LA_E_8472873,1,alaw,A13
LA_E_8473730,0,alaw,bonafide
LA_E_8474170,1,opus,A17
LA_E_8474278,1,alaw,A17
LA_E_8475140,1,g722,A13
LA_E_8475180,1,pstn,A19
LA_E_8475775,0,opus,bonafide
LA_E_8475879,0,alaw,bonafide
LA_E_8475980,1,gsm,A13
LA_E_8476128,1,pstn,A17
LA_E_8476954,1,opus,A07
LA_E_8476956,1,gsm,A08
LA_E_8477016,1,g722,A14
LA_E_8477158,1,ulaw,A15
LA_E_8477988,1,alaw,A07
LA_E_8478207,1,opus,A14
LA_E_8478293,1,alaw,A14
LA_E_8478551,1,opus,A10
LA_E_8478570,1,gsm,A10
LA_E_8478678,1,gsm,A18
LA_E_8478965,1,none,A07
LA_E_8478986,0,pstn,bonafide
LA_E_8480015,1,ulaw,A19
LA_E_8480041,0,opus,bonafide
LA_E_8480258,1,ulaw,A07
LA_E_8480657,1,opus,A18
LA_E_8482231,0,alaw,bonafide
LA_E_8482417,1,pstn,A16
LA_E_8483143,1,gsm,A14
LA_E_8484007,0,g722,bonafide
LA_E_8484085,1,alaw,A19
LA_E_8484641,1,ulaw,A07
LA_E_8484802,1,none,A18
LA_E_8484893,1,pstn,A08
LA_E_8484967,1,alaw,A13
LA_E_8485330,0,alaw,bonafide
LA_E_8485381,1,g722,A16
LA_E_8485508,0,none,bonafide
LA_E_8485545,1,ulaw,A13
LA_E_8485766,1,gsm,A08
LA_E_8485789,1,pstn,A19
LA_E_8485926,1,gsm,A17
LA_E_8486008,1,alaw,A15
LA_E_8486233,1,none,A16
LA_E_8487819,1,alaw,A11
LA_E_8488084,1,none,A17
LA_E_8488391,1,ulaw,A08
LA_E_8488404,1,gsm,A12
LA_E_8489850,0,g722,bonafide
LA_E_8490384,1,alaw,A14
LA_E_8490449,0,g722,bonafide
LA_E_8490879,1,alaw,A18
LA_E_8491150,0,none,bonafide
LA_E_8491314,1,gsm,A19
LA_E_8491819,1,alaw,A07
LA_E_8492611,1,ulaw,A12
LA_E_8492780,1,pstn,A17
LA_E_8494128,1,pstn,A19
LA_E_8494261,0,ulaw,bonafide
LA_E_8494452,1,alaw,A17
LA_E_8494883,1,pstn,A17
LA_E_8494971,1,none,A10
LA_E_8495377,1,opus,A07
LA_E_8495815,0,alaw,bonafide
LA_E_8496021,1,g722,A18
LA_E_8496094,1,opus,A18
LA_E_8496309,1,none,A07
LA_E_8497056,1,pstn,A14
LA_E_8497117,1,alaw,A08
LA_E_8497524,1,pstn,A10
LA_E_8497772,1,gsm,A09
LA_E_8497932,1,g722,A08
LA_E_8498170,1,g722,A13
LA_E_8498757,0,opus,bonafide
LA_E_8498823,1,g722,A12
LA_E_8499019,1,g722,A15
LA_E_8499176,1,gsm,A18
LA_E_8499201,1,opus,A10
LA_E_8499917,1,g722,A16
LA_E_8500638,1,ulaw,A11
LA_E_8500821,0,opus,bonafide
LA_E_8501070,1,gsm,A12
LA_E_8501325,1,alaw,A07
LA_E_8501652,1,alaw,A16
LA_E_8501782,1,none,A08
LA_E_8502006,1,alaw,A12
LA_E_8502141,0,pstn,bonafide
LA_E_8502530,1,gsm,A09
LA_E_8502670,1,none,A09
LA_E_8504259,1,ulaw,A16
LA_E_8504747,1,alaw,A08
LA_E_8504862,1,g722,A17
LA_E_8504905,1,alaw,A17
LA_E_8504919,1,none,A07
LA_E_8504958,1,none,A16
LA_E_8505735,1,pstn,A08
LA_E_8506123,1,pstn,A11
LA_E_8506156,1,none,A12
LA_E_8506344,1,gsm,A19
LA_E_8507004,0,g722,bonafide
LA_E_8507156,1,gsm,A10
LA_E_8507201,1,ulaw,A12
LA_E_8508300,0,g722,bonafide
LA_E_8508638,1,alaw,A18
LA_E_8508741,1,gsm,A12
LA_E_8508778,1,alaw,A10
LA_E_8509637,1,gsm,A10
LA_E_8510073,1,gsm,A07
LA_E_8511260,1,g722,A14
LA_E_8511266,0,alaw,bonafide
LA_E_8511574,1,none,A08
LA_E_8514546,1,gsm,A15
LA_E_8514866,1,pstn,A09
LA_E_8515610,1,pstn,A14
LA_E_8515957,1,alaw,A14
LA_E_8518696,1,none,A13
LA_E_8519545,1,none,A16
LA_E_8519966,1,pstn,A19
LA_E_8519992,1,opus,A13
LA_E_8520300,0,pstn,bonafide
LA_E_8521568,1,alaw,A16
LA_E_8522041,0,alaw,bonafide
LA_E_8522916,1,g722,A09
LA_E_8523279,1,gsm,A14
LA_E_8523742,1,g722,A10
LA_E_8523840,0,ulaw,bonafide
LA_E_8524538,1,opus,A19
LA_E_8525008,1,gsm,A16
LA_E_8525183,1,pstn,A13
LA_E_8525863,1,none,A16
LA_E_8525956,1,ulaw,A08
LA_E_8526127,1,ulaw,A09
LA_E_8526138,1,opus,A11
LA_E_8526532,1,gsm,A14
LA_E_8527016,0,none,bonafide
LA_E_8527078,1,opus,A07
LA_E_8527171,0,none,bonafide
LA_E_8527279,1,pstn,A16
LA_E_8527383,1,gsm,A19
LA_E_8527613,1,pstn,A16
LA_E_8527694,1,gsm,A13
LA_E_8527926,0,gsm,bonafide
LA_E_8528910,1,opus,A11
LA_E_8529332,1,alaw,A08
LA_E_8530156,1,g722,A18
LA_E_8530976,1,opus,A14
LA_E_8531156,1,ulaw,A18
LA_E_8531264,1,opus,A17
LA_E_8531587,1,gsm,A10
LA_E_8532325,1,g722,A17
LA_E_8532408,1,gsm,A10
LA_E_8532939,1,opus,A11
LA_E_8533362,1,gsm,A09
LA_E_8533578,1,opus,A16
LA_E_8534199,1,ulaw,A15
LA_E_8535086,1,pstn,A15
LA_E_8537671,1,ulaw,A15
LA_E_8538035,1,alaw,A07
LA_E_8539072,1,ulaw,A15
LA_E_8540137,1,none,A17
LA_E_8540246,1,none,A15
LA_E_8540468,1,gsm,A16
LA_E_8540726,1,g722,A12
LA_E_8541298,1,gsm,A10
LA_E_8541333,1,opus,A18
LA_E_8541824,1,g722,A19
LA_E_8541837,1,opus,A16
LA_E_8542310,1,ulaw,A10
LA_E_8542410,1,gsm,A09
LA_E_8542981,1,alaw,A11
LA_E_8543153,1,g722,A12
LA_E_8543358,1,opus,A12
LA_E_8543656,1,ulaw,A16
LA_E_8544890,1,alaw,A07
LA_E_8545196,1,none,A15
LA_E_8545378,1,alaw,A08
LA_E_8545402,1,opus,A19
LA_E_8545533,0,g722,bonafide
LA_E_8545556,1,ulaw,A09
LA_E_8545768,1,none,A10
LA_E_8545825,1,ulaw,A10
LA_E_8546102,0,none,bonafide
LA_E_8546301,1,opus,A16
LA_E_8547038,1,gsm,A10
LA_E_8547076,1,none,A18
LA_E_8548468,1,g722,A17
LA_E_8548730,1,ulaw,A12
LA_E_8548839,1,ulaw,A08
LA_E_8549004,0,pstn,bonafide
LA_E_8549040,1,none,A13
LA_E_8549232,0,gsm,bonafide
LA_E_8549400,1,pstn,A19
LA_E_8549869,1,opus,A07
LA_E_8550200,0,alaw,bonafide
LA_E_8550355,1,alaw,A12
LA_E_8550713,1,alaw,A15
LA_E_8551614,1,opus,A17
LA_E_8552595,1,alaw,A19
LA_E_8552614,1,ulaw,A17
LA_E_8552718,1,ulaw,A10
LA_E_8553085,0,opus,bonafide
LA_E_8553762,1,pstn,A17
LA_E_8555334,1,g722,A14
LA_E_8555603,1,opus,A09
LA_E_8556056,1,none,A16
LA_E_8557018,1,alaw,A19
LA_E_8557141,1,alaw,A16
LA_E_8557592,1,none,A17
LA_E_8558003,1,ulaw,A16
LA_E_8558297,1,opus,A12
LA_E_8559267,1,ulaw,A16
LA_E_8559495,1,ulaw,A09
LA_E_8559636,0,opus,bonafide
LA_E_8560033,0,alaw,bonafide
LA_E_8560343,1,ulaw,A17
LA_E_8560487,1,opus,A15
LA_E_8560647,1,g722,A17
LA_E_8561112,1,none,A11
LA_E_8561397,1,ulaw,A10
LA_E_8562201,1,opus,A17
LA_E_8562914,1,gsm,A16
LA_E_8563664,1,opus,A10
LA_E_8563688,1,none,A16
LA_E_8564069,1,gsm,A15
LA_E_8564129,1,pstn,A16
LA_E_8564369,1,gsm,A09
LA_E_8564952,1,pstn,A10
LA_E_8565141,1,opus,A15
LA_E_8565235,1,none,A15
LA_E_8565244,1,ulaw,A17
LA_E_8565639,1,none,A15
LA_E_8567295,1,ulaw,A11
LA_E_8567303,1,g722,A15
LA_E_8567368,0,opus,bonafide
LA_E_8567698,1,ulaw,A19
LA_E_8567904,0,opus,bonafide
LA_E_8568861,1,pstn,A18
LA_E_8568957,1,pstn,A08
LA_E_8569050,0,opus,bonafide
LA_E_8569230,1,opus,A09
LA_E_8569655,1,none,A17
LA_E_8569880,1,ulaw,A12
LA_E_8570473,1,gsm,A14
LA_E_8571021,1,opus,A17
LA_E_8571663,1,none,A12
LA_E_8571827,0,alaw,bonafide
LA_E_8571935,0,pstn,bonafide
LA_E_8572190,1,ulaw,A16
LA_E_8572397,1,gsm,A14
LA_E_8572627,1,gsm,A07
LA_E_8573477,1,gsm,A13
LA_E_8574579,1,pstn,A09
LA_E_8575432,1,ulaw,A10
LA_E_8575556,1,opus,A10
LA_E_8575694,1,opus,A17
LA_E_8575892,1,none,A15
LA_E_8576183,0,gsm,bonafide
LA_E_8576261,1,opus,A13
LA_E_8576791,1,gsm,A11
LA_E_8577875,1,alaw,A17
LA_E_8579952,0,ulaw,bonafide
LA_E_8580122,1,opus,A13
LA_E_8580886,1,none,A16
LA_E_8581039,1,alaw,A08
LA_E_8581138,1,opus,A18
LA_E_8581463,1,gsm,A12
LA_E_8581481,1,alaw,A07
LA_E_8581657,0,g722,bonafide
LA_E_8582233,1,alaw,A13
LA_E_8582299,1,opus,A09
LA_E_8582337,1,opus,A10
LA_E_8582530,1,pstn,A11
LA_E_8582709,1,opus,A13
LA_E_8582747,1,opus,A17
LA_E_8583205,1,gsm,A07
LA_E_8583601,1,none,A13
LA_E_8583772,1,g722,A08
LA_E_8583939,1,opus,A11
LA_E_8584640,0,ulaw,bonafide
LA_E_8584788,1,gsm,A08
LA_E_8584809,1,none,A15
LA_E_8585521,1,alaw,A16
LA_E_8585584,1,ulaw,A19
LA_E_8585615,1,alaw,A13
LA_E_8585848,1,opus,A07
LA_E_8586647,1,none,A12
LA_E_8586955,1,none,A08
LA_E_8587503,1,g722,A19
LA_E_8587546,1,gsm,A08
LA_E_8587572,1,alaw,A10
LA_E_8588535,1,opus,A10
LA_E_8588646,1,opus,A12
LA_E_8589079,0,opus,bonafide
LA_E_8589510,1,none,A17
LA_E_8589551,0,opus,bonafide
LA_E_8589671,1,pstn,A19
LA_E_8589844,1,ulaw,A16
LA_E_8590112,1,ulaw,A19
LA_E_8590572,1,g722,A14
LA_E_8590580,0,opus,bonafide
LA_E_8590666,1,opus,A15
LA_E_8591025,1,ulaw,A12
LA_E_8591580,1,pstn,A07
LA_E_8592379,1,ulaw,A13
LA_E_8592420,1,opus,A09
LA_E_8592622,1,gsm,A19
LA_E_8595456,1,opus,A09
LA_E_8595521,1,g722,A15
LA_E_8596116,1,ulaw,A07
LA_E_8596259,1,opus,A16
LA_E_8596824,1,pstn,A19
LA_E_8597254,1,ulaw,A08
LA_E_8597853,1,none,A11
LA_E_8597864,1,opus,A17
LA_E_8597961,1,pstn,A13
LA_E_8598171,1,opus,A18
LA_E_8598273,1,g722,A09
LA_E_8599865,1,alaw,A10
LA_E_8599867,1,gsm,A09
LA_E_8599869,1,g722,A13
LA_E_8599978,1,opus,A08
LA_E_8600181,1,none,A19
LA_E_8600249,1,ulaw,A16
LA_E_8600370,1,gsm,A10
LA_E_8600683,1,opus,A11
LA_E_8601071,0,opus,bonafide
LA_E_8601093,1,gsm,A14
LA_E_8601500,0,alaw,bonafide
LA_E_8602018,1,gsm,A08
LA_E_8602050,1,alaw,A19
LA_E_8602178,1,gsm,A15
LA_E_8602343,1,opus,A15
LA_E_8602509,1,opus,A12
LA_E_8602677,1,pstn,A16
LA_E_8602718,1,none,A13
LA_E_8602831,0,pstn,bonafide
LA_E_8603030,1,gsm,A12
LA_E_8603530,1,gsm,A09
LA_E_8603714,1,ulaw,A09
LA_E_8605255,1,gsm,A16
LA_E_8605756,1,gsm,A13
LA_E_8606652,1,gsm,A19
LA_E_8606841,0,g722,bonafide
LA_E_8607158,1,gsm,A12
LA_E_8607927,1,opus,A10
LA_E_8608021,1,gsm,A19
LA_E_8609066,1,ulaw,A13
LA_E_8610567,1,pstn,A19
LA_E_8611385,1,ulaw,A14
LA_E_8611568,1,gsm,A07
LA_E_8611927,1,gsm,A18
LA_E_8612564,1,ulaw,A16
LA_E_8613511,1,pstn,A16
LA_E_8615173,1,alaw,A16
LA_E_8615951,1,alaw,A13
LA_E_8616303,1,alaw,A08
LA_E_8616513,1,none,A15
LA_E_8616685,1,ulaw,A11
LA_E_8616825,0,opus,bonafide
LA_E_8617177,1,pstn,A11
LA_E_8617371,1,g722,A17
LA_E_8617621,1,ulaw,A15
LA_E_8617993,1,ulaw,A16
LA_E_8618639,1,g722,A14
LA_E_8618775,1,ulaw,A18
LA_E_8619863,1,none,A08
LA_E_8619999,1,alaw,A11
LA_E_8620002,1,pstn,A19
LA_E_8620239,1,ulaw,A14
LA_E_8620418,1,pstn,A15
LA_E_8620831,1,pstn,A13
LA_E_8621467,1,alaw,A17
LA_E_8621677,1,opus,A16
LA_E_8622202,1,opus,A13
LA_E_8622750,1,none,A07
LA_E_8622927,1,none,A16
LA_E_8622943,1,pstn,A14
LA_E_8624093,0,gsm,bonafide
LA_E_8624353,1,gsm,A14
LA_E_8624576,1,none,A16
LA_E_8625525,0,gsm,bonafide
LA_E_8625577,1,ulaw,A11
LA_E_8625882,1,gsm,A18
LA_E_8626365,1,gsm,A16
LA_E_8626395,1,opus,A08
LA_E_8626806,1,gsm,A19
LA_E_8627326,1,alaw,A07
LA_E_8629162,1,gsm,A17
LA_E_8629214,1,opus,A18
LA_E_8629277,1,pstn,A11
LA_E_8630048,0,g722,bonafide
LA_E_8630179,1,gsm,A09
LA_E_8630279,1,ulaw,A16
LA_E_8630733,1,none,A12
LA_E_8630784,0,opus,bonafide
LA_E_8631314,1,gsm,A18
LA_E_8632022,1,gsm,A08
LA_E_8632101,1,ulaw,A16
LA_E_8632375,1,opus,A09
LA_E_8633372,1,none,A14
LA_E_8633402,1,ulaw,A11
LA_E_8634100,1,gsm,A09
LA_E_8634437,1,g722,A15
LA_E_8635026,0,opus,bonafide
LA_E_8636485,0,none,bonafide
LA_E_8637559,0,alaw,bonafide
LA_E_8638187,1,alaw,A13
LA_E_8638217,1,opus,A17
LA_E_8638223,1,alaw,A14
LA_E_8640619,1,alaw,A16
LA_E_8640922,1,g722,A14
LA_E_8641094,1,gsm,A16
LA_E_8641244,1,ulaw,A07
LA_E_8641649,1,opus,A09
LA_E_8641692,1,pstn,A15
LA_E_8641995,1,gsm,A16
LA_E_8644727,1,ulaw,A19
LA_E_8644731,1,gsm,A16
LA_E_8645491,1,alaw,A17
LA_E_8645858,1,opus,A18
LA_E_8646318,1,alaw,A12
LA_E_8646798,1,pstn,A10
LA_E_8647074,1,gsm,A19
LA_E_8647107,1,pstn,A07
LA_E_8647250,0,ulaw,bonafide
LA_E_8648302,1,ulaw,A19
LA_E_8649132,1,pstn,A07
LA_E_8649341,1,none,A17
LA_E_8649440,1,none,A19
LA_E_8650123,1,opus,A10
LA_E_8650161,1,g722,A19
LA_E_8650217,1,g722,A19
LA_E_8650477,0,g722,bonafide
LA_E_8650480,1,alaw,A15
LA_E_8651420,1,none,A14
LA_E_8652238,1,ulaw,A12
LA_E_8652798,1,ulaw,A09
LA_E_8652842,1,gsm,A14
LA_E_8653361,1,gsm,A12
LA_E_8654354,1,none,A12
LA_E_8655266,1,none,A12
LA_E_8656309,1,gsm,A18
LA_E_8656574,1,opus,A18
LA_E_8657048,1,opus,A10
LA_E_8657698,1,ulaw,A13
LA_E_8657856,1,gsm,A15
LA_E_8657936,1,none,A08
LA_E_8658890,1,opus,A14
LA_E_8658925,1,opus,A10
LA_E_8659085,1,alaw,A17
LA_E_8659238,1,ulaw,A11
LA_E_8659604,1,ulaw,A14
LA_E_8659608,1,opus,A19
LA_E_8659872,1,gsm,A13
LA_E_8659894,0,ulaw,bonafide
LA_E_8660130,1,opus,A07
LA_E_8660221,1,alaw,A11
LA_E_8660341,1,ulaw,A10
LA_E_8660708,1,g722,A12
LA_E_8660733,1,opus,A14
LA_E_8661124,1,ulaw,A13
LA_E_8661465,1,ulaw,A07
LA_E_8661947,1,g722,A09
LA_E_8662464,1,g722,A19
LA_E_8662533,1,alaw,A17
LA_E_8662653,1,none,A11
LA_E_8662956,1,gsm,A10
LA_E_8663035,1,pstn,A13
LA_E_8663612,1,pstn,A15
LA_E_8663962,1,none,A12
LA_E_8664254,1,alaw,A10
LA_E_8664682,1,gsm,A10
LA_E_8664852,1,pstn,A16
LA_E_8665578,1,gsm,A17
LA_E_8665886,1,ulaw,A09
LA_E_8666451,1,opus,A17
LA_E_8667205,1,opus,A11
LA_E_8667562,1,g722,A11
LA_E_8667796,1,ulaw,A09
LA_E_8668248,1,pstn,A09
LA_E_8668431,1,pstn,A14
LA_E_8668513,1,gsm,A11
LA_E_8670824,1,none,A12
LA_E_8671216,1,g722,A08
LA_E_8671326,0,pstn,bonafide
LA_E_8671337,1,opus,A12
LA_E_8671569,1,ulaw,A14
LA_E_8671626,1,pstn,A07
LA_E_8671963,1,pstn,A18
LA_E_8672500,1,alaw,A10
LA_E_8672967,0,g722,bonafide
LA_E_8673114,1,ulaw,A12
LA_E_8673239,1,opus,A13
LA_E_8673436,1,pstn,A15
LA_E_8674202,1,gsm,A07
LA_E_8674298,1,opus,A08
LA_E_8674315,1,none,A15
LA_E_8674606,1,none,A15
LA_E_8675708,1,opus,A18
LA_E_8675777,1,g722,A16
LA_E_8676224,1,g722,A10
LA_E_8676461,1,gsm,A14
LA_E_8676861,1,gsm,A17
LA_E_8676889,0,none,bonafide
LA_E_8676940,0,g722,bonafide
LA_E_8677935,1,opus,A11
LA_E_8678349,1,gsm,A08
LA_E_8679017,1,gsm,A09
LA_E_8679098,0,alaw,bonafide
LA_E_8679703,1,alaw,A15
LA_E_8679860,1,alaw,A10
LA_E_8681789,1,gsm,A18
LA_E_8681816,1,ulaw,A10
LA_E_8681955,1,gsm,A16
LA_E_8682444,1,opus,A12
LA_E_8682766,1,opus,A17
LA_E_8682779,1,opus,A14
LA_E_8683649,1,g722,A09
LA_E_8683755,1,alaw,A19
LA_E_8684406,1,g722,A07
LA_E_8684602,1,opus,A08
LA_E_8684639,1,pstn,A15
LA_E_8684806,1,none,A19
LA_E_8684837,1,alaw,A16
LA_E_8685638,1,g722,A09
LA_E_8685644,1,none,A14
LA_E_8685816,1,g722,A15
LA_E_8685964,1,pstn,A13
LA_E_8686704,1,ulaw,A16
LA_E_8686934,0,ulaw,bonafide
LA_E_8687015,1,pstn,A11
LA_E_8687240,1,pstn,A15
LA_E_8687481,1,pstn,A19
LA_E_8687626,1,g722,A17
LA_E_8688043,1,pstn,A07
LA_E_8688946,1,ulaw,A13
LA_E_8688975,1,g722,A11
LA_E_8689355,1,g722,A12
LA_E_8690144,1,pstn,A12
LA_E_8691204,1,alaw,A10
LA_E_8691456,1,alaw,A19
LA_E_8691476,1,pstn,A08
LA_E_8691835,0,alaw,bonafide
LA_E_8691980,1,g722,A11
LA_E_8692973,1,none,A08
LA_E_8692988,1,none,A19
LA_E_8693795,0,none,bonafide
LA_E_8693821,1,alaw,A17
LA_E_8694968,1,opus,A07
LA_E_8695434,1,none,A08
LA_E_8695759,1,g722,A13
LA_E_8695962,1,opus,A17
LA_E_8696729,1,opus,A09
LA_E_8696954,0,g722,bonafide
LA_E_8697188,1,ulaw,A09
LA_E_8697459,1,ulaw,A12
LA_E_8698139,1,opus,A14
LA_E_8698282,1,g722,A12
LA_E_8698315,1,g722,A19
LA_E_8698583,1,ulaw,A15
LA_E_8698786,0,alaw,bonafide
LA_E_8698800,1,alaw,A07
LA_E_8699121,0,gsm,bonafide
LA_E_8699161,0,ulaw,bonafide
LA_E_8699279,1,pstn,A13
LA_E_8699846,1,opus,A08
LA_E_8699875,1,g722,A15
LA_E_8700016,1,g722,A12
LA_E_8700352,1,none,A07
LA_E_8700451,1,opus,A10
LA_E_8700811,1,gsm,A08
LA_E_8702906,1,none,A12
LA_E_8703502,1,gsm,A07
LA_E_8703548,1,none,A13
LA_E_8704141,1,alaw,A13
LA_E_8704821,0,ulaw,bonafide
LA_E_8705555,1,none,A08
LA_E_8705649,1,alaw,A14
LA_E_8705735,1,none,A11
LA_E_8705736,1,none,A09
LA_E_8706206,1,opus,A15
LA_E_8706268,0,opus,bonafide
LA_E_8706633,1,opus,A08
LA_E_8706666,1,alaw,A12
LA_E_8707099,1,alaw,A17
LA_E_8707609,1,none,A10
LA_E_8707857,1,pstn,A18
LA_E_8707919,1,gsm,A11
LA_E_8708066,1,gsm,A11
LA_E_8708106,1,gsm,A14
LA_E_8708487,1,ulaw,A16
LA_E_8709011,1,ulaw,A16
LA_E_8709052,1,gsm,A13
LA_E_8709345,1,gsm,A19
LA_E_8709591,1,none,A19
LA_E_8709613,1,g722,A07
LA_E_8710016,1,opus,A14
LA_E_8710052,1,gsm,A16
LA_E_8710245,1,ulaw,A15
LA_E_8710281,1,g722,A11
LA_E_8710308,0,opus,bonafide
LA_E_8710454,1,ulaw,A07
LA_E_8710716,1,none,A19
LA_E_8710823,1,alaw,A17
LA_E_8710825,1,alaw,A16
LA_E_8710964,1,g722,A10
LA_E_8712353,1,alaw,A19
LA_E_8712573,0,ulaw,bonafide
LA_E_8713123,0,none,bonafide
LA_E_8713724,0,pstn,bonafide
LA_E_8714792,1,g722,A15
LA_E_8715256,1,gsm,A15
LA_E_8716497,1,none,A14
LA_E_8716916,0,pstn,bonafide
LA_E_8717177,1,pstn,A14
LA_E_8718172,0,gsm,bonafide
LA_E_8718289,1,opus,A16
LA_E_8718329,1,gsm,A07
LA_E_8719245,1,ulaw,A13
LA_E_8719530,1,ulaw,A19
LA_E_8719712,1,opus,A19
LA_E_8720062,1,g722,A18
LA_E_8720500,1,g722,A14
LA_E_8720988,1,pstn,A09
LA_E_8721041,1,g722,A11
LA_E_8721283,1,ulaw,A18
LA_E_8721626,1,none,A14
LA_E_8721821,1,ulaw,A19
LA_E_8722488,0,alaw,bonafide
LA_E_8722712,1,g722,A17
LA_E_8722965,1,gsm,A15
LA_E_8723613,1,opus,A14
LA_E_8723869,1,opus,A11
LA_E_8724232,1,g722,A10
LA_E_8724776,1,opus,A12
LA_E_8725487,1,gsm,A13
LA_E_8725626,1,opus,A13
LA_E_8725997,1,opus,A11
LA_E_8726154,1,g722,A15
LA_E_8727420,0,ulaw,bonafide
LA_E_8727558,0,pstn,bonafide
LA_E_8727593,1,pstn,A12
LA_E_8727836,1,pstn,A13
LA_E_8727844,0,g722,bonafide
LA_E_8728369,1,opus,A18
LA_E_8728673,1,gsm,A18
LA_E_8729012,1,none,A17
LA_E_8729396,1,none,A07
LA_E_8729405,1,none,A11
LA_E_8729956,1,pstn,A11
LA_E_8730083,1,opus,A08
LA_E_8730093,1,alaw,A16
LA_E_8730218,0,pstn,bonafide
LA_E_8730430,1,none,A08
LA_E_8730535,1,alaw,A14
LA_E_8730841,1,ulaw,A09
LA_E_8730934,1,ulaw,A17
LA_E_8731035,1,alaw,A19
LA_E_8731162,1,g722,A10
LA_E_8731774,1,alaw,A14
LA_E_8732060,1,none,A12
LA_E_8732277,1,ulaw,A11
LA_E_8732316,1,gsm,A09
LA_E_8732748,1,alaw,A16
LA_E_8733474,1,alaw,A11
LA_E_8734473,1,g722,A12
LA_E_8734935,1,pstn,A08
LA_E_8735027,0,none,bonafide
LA_E_8735123,1,alaw,A17
LA_E_8735657,1,ulaw,A18
LA_E_8735847,0,gsm,bonafide
LA_E_8736519,1,alaw,A10
LA_E_8737781,1,g722,A08
LA_E_8738042,1,opus,A09
LA_E_8738281,1,opus,A11
LA_E_8738394,1,none,A19
LA_E_8738828,1,ulaw,A08
LA_E_8739182,1,gsm,A11
LA_E_8739439,1,alaw,A07
LA_E_8740151,1,gsm,A07
LA_E_8741038,1,opus,A19
LA_E_8741057,1,ulaw,A09
LA_E_8741257,1,none,A09
LA_E_8742329,1,gsm,A08
LA_E_8742501,1,opus,A19
LA_E_8742682,1,ulaw,A12
LA_E_8742989,1,ulaw,A09
LA_E_8743138,1,alaw,A16
LA_E_8743263,1,gsm,A13
LA_E_8743968,1,g722,A19
LA_E_8744545,1,g722,A19
LA_E_8744633,1,opus,A12
LA_E_8744896,1,pstn,A10
LA_E_8745241,1,opus,A12
LA_E_8745251,1,g722,A17
LA_E_8745569,1,gsm,A08
LA_E_8745678,1,ulaw,A08
LA_E_8745762,1,none,A13
LA_E_8746011,1,none,A09
LA_E_8746123,1,none,A08
LA_E_8746308,1,pstn,A08
LA_E_8746878,0,opus,bonafide
LA_E_8746950,1,alaw,A14
LA_E_8747312,1,alaw,A14
LA_E_8747508,1,alaw,A19
LA_E_8747550,1,alaw,A15
LA_E_8747616,1,alaw,A12
LA_E_8747625,1,opus,A07
LA_E_8747901,1,ulaw,A16
LA_E_8748040,1,ulaw,A18
LA_E_8748072,1,gsm,A10
LA_E_8748426,1,pstn,A08
LA_E_8748625,1,none,A19
LA_E_8748767,1,opus,A19
LA_E_8748791,0,ulaw,bonafide
LA_E_8748908,1,alaw,A17
LA_E_8749145,1,pstn,A14
LA_E_8749413,1,pstn,A12
LA_E_8749460,1,gsm,A12
LA_E_8749671,1,alaw,A14
LA_E_8749957,1,g722,A19
LA_E_8750056,1,g722,A07
LA_E_8750588,1,g722,A19
LA_E_8750991,1,alaw,A10
LA_E_8751019,0,none,bonafide
LA_E_8751202,1,none,A14
LA_E_8751276,1,ulaw,A08
LA_E_8751488,1,opus,A18
LA_E_8751629,1,alaw,A10
LA_E_8751718,1,g722,A07
LA_E_8751887,1,alaw,A14
LA_E_8751929,1,none,A10
LA_E_8752057,1,opus,A18
LA_E_8752142,1,gsm,A19
LA_E_8752268,1,opus,A16
LA_E_8752333,0,g722,bonafide
LA_E_8752847,1,pstn,A14
LA_E_8753038,1,gsm,A15
LA_E_8753398,1,opus,A19
LA_E_8753880,0,none,bonafide
LA_E_8753896,1,alaw,A09
LA_E_8754007,1,opus,A08
LA_E_8755196,1,gsm,A14
LA_E_8755685,1,alaw,A17
LA_E_8755949,1,opus,A13
LA_E_8755957,1,g722,A12
LA_E_8756413,1,g722,A11
LA_E_8756603,0,ulaw,bonafide
LA_E_8756849,1,g722,A10
LA_E_8756938,1,gsm,A08
LA_E_8756993,1,ulaw,A14
LA_E_8757322,1,opus,A14
LA_E_8757441,1,opus,A16
LA_E_8757634,1,pstn,A18
LA_E_8758914,1,g722,A08
LA_E_8758924,1,none,A19
LA_E_8758988,1,g722,A19
LA_E_8760420,1,gsm,A12
LA_E_8760512,1,none,A15
LA_E_8761457,1,alaw,A16
LA_E_8761786,1,g722,A12
LA_E_8762103,0,opus,bonafide
LA_E_8762536,1,ulaw,A13
LA_E_8762570,1,gsm,A13
LA_E_8762876,1,pstn,A07
LA_E_8763611,1,alaw,A16
LA_E_8763870,1,alaw,A12
LA_E_8763887,1,none,A12
LA_E_8764058,0,opus,bonafide
LA_E_8764266,1,g722,A09
LA_E_8764544,1,g722,A09
LA_E_8764854,1,pstn,A14
LA_E_8765151,1,none,A07
LA_E_8765182,1,opus,A10
LA_E_8765189,0,pstn,bonafide
LA_E_8765739,1,g722,A16
LA_E_8765853,1,alaw,A18
LA_E_8766100,1,gsm,A11
LA_E_8766389,1,ulaw,A07
LA_E_8766465,1,ulaw,A14
LA_E_8766575,1,pstn,A12
LA_E_8766754,1,alaw,A17
LA_E_8766802,1,opus,A14
LA_E_8766843,1,g722,A18
LA_E_8766950,1,ulaw,A11
LA_E_8767324,1,g722,A14
LA_E_8767329,1,ulaw,A12
LA_E_8767918,0,pstn,bonafide
LA_E_8768350,0,g722,bonafide
LA_E_8769528,1,ulaw,A13
LA_E_8769623,1,ulaw,A19
LA_E_8769988,0,g722,bonafide
LA_E_8770090,1,pstn,A12
LA_E_8770113,1,g722,A18
LA_E_8770128,1,alaw,A14
LA_E_8770147,1,alaw,A16
LA_E_8770433,0,ulaw,bonafide
LA_E_8771766,1,opus,A17
LA_E_8771840,1,opus,A12
LA_E_8772622,1,ulaw,A10
LA_E_8772740,1,opus,A16
LA_E_8773129,1,opus,A12
LA_E_8773214,1,opus,A14
LA_E_8773283,0,gsm,bonafide
LA_E_8774267,1,gsm,A07
LA_E_8774730,1,opus,A16
LA_E_8774926,1,gsm,A09
LA_E_8775022,1,ulaw,A13
LA_E_8775276,1,gsm,A19
LA_E_8775617,1,ulaw,A07
LA_E_8775758,1,gsm,A09
LA_E_8775836,1,opus,A13
LA_E_8775865,1,alaw,A09
LA_E_8776372,1,opus,A11
LA_E_8776698,0,none,bonafide
LA_E_8777381,1,g722,A17
LA_E_8777514,1,ulaw,A17
LA_E_8777922,1,opus,A15
LA_E_8778278,1,none,A16
LA_E_8779074,1,gsm,A09
LA_E_8779632,1,opus,A10
LA_E_8779810,1,none,A11
LA_E_8781687,1,opus,A08
LA_E_8782953,1,g722,A14
LA_E_8783396,1,none,A09
LA_E_8783411,1,g722,A10
LA_E_8783447,1,g722,A07
LA_E_8784305,1,alaw,A18
LA_E_8784669,1,ulaw,A08
LA_E_8784828,1,alaw,A11
LA_E_8785172,1,none,A18
LA_E_8785357,1,pstn,A18
LA_E_8786143,1,gsm,A12
LA_E_8786209,1,opus,A16
LA_E_8786449,1,none,A08
LA_E_8786737,1,gsm,A08
LA_E_8786751,1,ulaw,A07
LA_E_8786814,1,pstn,A16
LA_E_8787136,1,alaw,A15
LA_E_8787580,1,pstn,A10
LA_E_8787665,1,opus,A12
LA_E_8787996,1,opus,A09
LA_E_8788072,1,g722,A18
LA_E_8788145,1,opus,A16
LA_E_8788783,1,gsm,A19
LA_E_8789133,1,pstn,A10
LA_E_8789146,1,alaw,A12
LA_E_8789373,1,gsm,A19
LA_E_8789583,0,none,bonafide
LA_E_8789965,1,ulaw,A16
LA_E_8790007,1,alaw,A11
LA_E_8790185,1,gsm,A17
LA_E_8790668,0,alaw,bonafide
LA_E_8790682,0,none,bonafide
LA_E_8791125,1,g722,A12
LA_E_8791188,1,alaw,A18
LA_E_8791384,1,pstn,A08
LA_E_8791450,1,alaw,A08
LA_E_8791665,1,pstn,A14
LA_E_8791771,1,none,A11
LA_E_8791799,1,g722,A13
LA_E_8791817,1,alaw,A19
LA_E_8791968,1,alaw,A12
LA_E_8792525,1,opus,A08
LA_E_8792793,1,gsm,A15
LA_E_8792845,1,gsm,A12
LA_E_8793463,1,none,A08
LA_E_8794424,1,g722,A07
LA_E_8794504,1,g722,A19
LA_E_8794701,1,opus,A09
LA_E_8794720,1,alaw,A17
LA_E_8794963,1,pstn,A08
LA_E_8794974,1,opus,A12
LA_E_8795208,0,none,bonafide
LA_E_8795259,1,gsm,A19
LA_E_8795736,1,ulaw,A17
LA_E_8796290,1,pstn,A17
LA_E_8796335,1,pstn,A18
LA_E_8796480,1,gsm,A19
LA_E_8797346,1,none,A07
LA_E_8797386,1,opus,A07
LA_E_8797699,1,opus,A18
LA_E_8798127,1,ulaw,A12
LA_E_8798266,0,gsm,bonafide
LA_E_8798594,1,gsm,A19
LA_E_8798611,1,opus,A16
LA_E_8798625,1,gsm,A13
LA_E_8798994,1,gsm,A14
LA_E_8799585,1,ulaw,A10
LA_E_8799854,1,g722,A10
LA_E_8800154,1,none,A12
LA_E_8800460,0,opus,bonafide
LA_E_8800475,1,gsm,A11
LA_E_8800814,0,ulaw,bonafide
LA_E_8801770,1,alaw,A09
LA_E_8803095,1,gsm,A19
LA_E_8803269,1,none,A18
LA_E_8803652,1,opus,A18
LA_E_8804081,1,gsm,A08
LA_E_8804125,1,ulaw,A14
LA_E_8804213,1,alaw,A18
LA_E_8804521,1,opus,A10
LA_E_8804568,1,g722,A07
LA_E_8804943,1,ulaw,A07
LA_E_8805336,1,g722,A11
LA_E_8805425,0,ulaw,bonafide
LA_E_8805489,1,none,A10
LA_E_8805804,1,none,A12
LA_E_8805807,1,none,A09
LA_E_8805978,1,ulaw,A12
LA_E_8805994,1,alaw,A10
LA_E_8806050,1,alaw,A12
LA_E_8806173,1,gsm,A10
LA_E_8806283,1,opus,A07
LA_E_8806342,1,gsm,A16
LA_E_8807045,1,gsm,A16
LA_E_8807490,1,alaw,A09
LA_E_8807598,1,none,A09
LA_E_8808096,1,g722,A18
LA_E_8808099,1,none,A14
LA_E_8808720,1,none,A18
LA_E_8808770,1,gsm,A07
LA_E_8809253,1,g722,A13
LA_E_8809567,1,none,A11
LA_E_8810039,1,gsm,A08
LA_E_8811110,1,opus,A11
LA_E_8811174,0,opus,bonafide
LA_E_8811297,1,ulaw,A19
LA_E_8811586,1,g722,A07
LA_E_8811924,1,g722,A16
LA_E_8812596,1,g722,A15
LA_E_8812817,1,g722,A15
LA_E_8812823,0,ulaw,bonafide
LA_E_8812855,1,pstn,A09
LA_E_8813607,1,g722,A13
LA_E_8813776,1,ulaw,A15
LA_E_8814165,0,ulaw,bonafide
LA_E_8814361,1,pstn,A09
LA_E_8814617,1,opus,A17
LA_E_8814802,1,g722,A12
LA_E_8814808,0,g722,bonafide
LA_E_8814905,1,alaw,A14
LA_E_8815184,1,alaw,A18
LA_E_8815228,1,ulaw,A11
LA_E_8815264,1,alaw,A14
LA_E_8815384,1,ulaw,A13
LA_E_8815740,0,alaw,bonafide
LA_E_8815869,1,g722,A09
LA_E_8815976,1,ulaw,A18
LA_E_8816392,1,gsm,A18
LA_E_8816714,1,none,A16
LA_E_8817125,1,pstn,A10
LA_E_8817294,1,gsm,A15
LA_E_8817645,1,opus,A14
LA_E_8817837,1,gsm,A11
LA_E_8817953,1,pstn,A09
LA_E_8818018,1,g722,A08
LA_E_8818100,1,opus,A08
LA_E_8818451,1,opus,A07
LA_E_8818561,1,alaw,A12
LA_E_8818709,1,none,A13
LA_E_8819370,1,ulaw,A08
LA_E_8819869,1,none,A15
LA_E_8820038,1,alaw,A16
LA_E_8820100,1,none,A10
LA_E_8820205,1,alaw,A07
LA_E_8820553,1,pstn,A13
LA_E_8820763,1,pstn,A12
LA_E_8820998,1,alaw,A17
LA_E_8821133,1,pstn,A15
LA_E_8821368,1,opus,A19
LA_E_8822278,1,ulaw,A18
LA_E_8822412,1,ulaw,A12
LA_E_8823184,1,g722,A13
LA_E_8823365,1,opus,A14
LA_E_8823368,1,opus,A18
LA_E_8823583,1,gsm,A09
LA_E_8823828,1,g722,A19
LA_E_8823891,0,opus,bonafide
LA_E_8823988,1,ulaw,A18
LA_E_8824541,1,g722,A08
LA_E_8824834,1,none,A08
LA_E_8825210,1,opus,A14
LA_E_8825775,1,gsm,A07
LA_E_8826086,1,g722,A11
LA_E_8826767,1,gsm,A11
LA_E_8826984,1,g722,A12
LA_E_8827166,1,pstn,A18
LA_E_8827320,1,g722,A08
LA_E_8827980,1,alaw,A15
LA_E_8828508,1,ulaw,A14
LA_E_8829016,1,opus,A18
LA_E_8830019,1,none,A07
LA_E_8830411,0,none,bonafide
LA_E_8830422,1,g722,A14
LA_E_8830441,1,pstn,A08
LA_E_8830505,1,ulaw,A10
LA_E_8830816,1,gsm,A15
LA_E_8830833,1,alaw,A08
LA_E_8831155,1,gsm,A13
LA_E_8831259,1,gsm,A14
LA_E_8831749,1,ulaw,A14
LA_E_8831851,1,g722,A08
LA_E_8832166,0,opus,bonafide
LA_E_8832239,0,pstn,bonafide
LA_E_8832559,1,pstn,A16
LA_E_8832603,1,none,A11
LA_E_8833267,1,opus,A11
LA_E_8833594,1,g722,A17
LA_E_8833724,1,gsm,A07
LA_E_8833948,1,gsm,A17
LA_E_8834183,1,pstn,A08
LA_E_8834462,1,none,A19
LA_E_8834983,1,none,A15
LA_E_8835403,1,opus,A13
LA_E_8835546,1,opus,A15
LA_E_8837062,0,none,bonafide
LA_E_8837329,1,opus,A17
LA_E_8837717,1,opus,A11
LA_E_8837809,1,gsm,A15
LA_E_8837854,1,g722,A12
LA_E_8838533,1,ulaw,A13
LA_E_8839166,1,none,A15
LA_E_8840067,1,ulaw,A10
LA_E_8840285,1,g722,A19
LA_E_8840571,1,none,A15
LA_E_8841027,1,g722,A18
LA_E_8841515,0,g722,bonafide
LA_E_8842978,1,pstn,A17
LA_E_8844085,1,alaw,A13
LA_E_8844145,1,gsm,A12
LA_E_8844657,1,pstn,A10
LA_E_8844756,1,alaw,A11
LA_E_8844904,1,gsm,A16
LA_E_8844994,1,opus,A07
LA_E_8845014,1,ulaw,A14
LA_E_8845158,1,none,A13
LA_E_8845415,1,alaw,A07
LA_E_8845477,1,pstn,A09
LA_E_8845519,1,alaw,A17
LA_E_8846222,1,ulaw,A13
LA_E_8846417,1,g722,A08
LA_E_8846495,1,pstn,A07
LA_E_8846517,1,opus,A12
LA_E_8847373,1,alaw,A15
LA_E_8847680,0,g722,bonafide
LA_E_8847697,1,gsm,A14
LA_E_8848313,1,g722,A07
LA_E_8848366,1,alaw,A16
LA_E_8849000,1,ulaw,A14
LA_E_8849491,1,none,A07
LA_E_8849560,1,g722,A16
LA_E_8849659,1,g722,A09
LA_E_8849767,1,pstn,A19
LA_E_8849773,1,none,A10
LA_E_8849839,1,ulaw,A07
LA_E_8849976,0,ulaw,bonafide
LA_E_8850212,1,ulaw,A13
LA_E_8850295,1,pstn,A07
LA_E_8850520,1,none,A17
LA_E_8850959,1,gsm,A13
LA_E_8850992,1,gsm,A13
LA_E_8851050,1,none,A15
LA_E_8851536,1,opus,A19
LA_E_8851611,1,ulaw,A07
LA_E_8851885,1,g722,A17
LA_E_8851930,1,g722,A18
LA_E_8851993,1,none,A07
LA_E_8852244,1,pstn,A15
LA_E_8852400,1,gsm,A11
LA_E_8852742,1,ulaw,A16
LA_E_8853020,1,pstn,A12
LA_E_8853169,1,opus,A10
LA_E_8853813,1,ulaw,A15
LA_E_8853901,1,ulaw,A07
LA_E_8854179,1,pstn,A17
LA_E_8854653,1,gsm,A18
LA_E_8854896,1,alaw,A19
LA_E_8855064,1,opus,A14
LA_E_8855099,1,none,A15
LA_E_8855253,1,none,A11
LA_E_8855353,1,g722,A13
LA_E_8855431,1,ulaw,A08
LA_E_8856188,1,opus,A15
LA_E_8856379,1,none,A10
LA_E_8856950,1,ulaw,A11
LA_E_8857145,1,g722,A07
LA_E_8857281,1,opus,A17
LA_E_8859260,1,g722,A14
LA_E_8859342,0,g722,bonafide
LA_E_8859590,1,pstn,A12
LA_E_8859808,1,none,A15
LA_E_8860010,1,none,A14
LA_E_8860168,0,gsm,bonafide
LA_E_8860376,1,opus,A14
LA_E_8860604,1,alaw,A12
LA_E_8860712,1,g722,A14
LA_E_8860961,1,opus,A08
LA_E_8861025,1,alaw,A11
LA_E_8861034,1,pstn,A16
LA_E_8861111,1,g722,A08
LA_E_8861372,0,gsm,bonafide
LA_E_8861996,1,gsm,A17
LA_E_8862041,1,none,A14
LA_E_8862096,0,ulaw,bonafide
LA_E_8862514,1,alaw,A09
LA_E_8862536,1,alaw,A07
LA_E_8863122,1,gsm,A10
LA_E_8863390,1,pstn,A15
LA_E_8863733,1,none,A18
LA_E_8864101,1,gsm,A10
LA_E_8864412,1,pstn,A17
LA_E_8864889,1,alaw,A15
LA_E_8865350,1,ulaw,A08
LA_E_8865371,1,alaw,A12
LA_E_8866158,1,alaw,A13
LA_E_8866260,1,ulaw,A15
LA_E_8866326,1,gsm,A17
LA_E_8866474,1,alaw,A15
LA_E_8866867,1,none,A13
LA_E_8867272,1,pstn,A17
LA_E_8867978,1,pstn,A16
LA_E_8868689,1,gsm,A10
LA_E_8868861,1,gsm,A18
LA_E_8868876,1,ulaw,A09
LA_E_8868935,1,gsm,A11
LA_E_8869907,1,gsm,A10
LA_E_8869915,1,opus,A19
LA_E_8869987,0,opus,bonafide
LA_E_8870169,1,gsm,A15
LA_E_8870509,1,ulaw,A14
LA_E_8871004,1,ulaw,A16
LA_E_8871297,1,none,A16
LA_E_8871395,1,gsm,A12
LA_E_8871500,1,g722,A15
LA_E_8871528,1,alaw,A13
LA_E_8871656,1,opus,A07
LA_E_8871701,1,ulaw,A11
LA_E_8872359,1,opus,A14
LA_E_8872538,1,none,A08
LA_E_8872770,1,opus,A09
LA_E_8872812,1,gsm,A07
LA_E_8872821,1,gsm,A13
LA_E_8873122,1,gsm,A15
LA_E_8873723,1,pstn,A08
LA_E_8874436,1,gsm,A12
LA_E_8874598,1,g722,A09
LA_E_8874862,1,alaw,A08
LA_E_8874874,1,none,A15
LA_E_8875045,1,pstn,A15
LA_E_8875047,1,pstn,A18
LA_E_8875637,1,alaw,A08
LA_E_8876418,1,g722,A19
LA_E_8876679,1,opus,A19
LA_E_8877309,1,g722,A07
LA_E_8877443,1,none,A19
LA_E_8877599,1,opus,A18
LA_E_8877835,1,pstn,A11
LA_E_8878161,1,gsm,A10
LA_E_8878186,1,alaw,A18
LA_E_8878192,1,g722,A11
LA_E_8878416,1,pstn,A16
LA_E_8879310,1,gsm,A07
LA_E_8879326,1,alaw,A08
LA_E_8879328,1,pstn,A19
LA_E_8879502,1,ulaw,A12
LA_E_8879836,1,ulaw,A08
LA_E_8880552,1,g722,A19
LA_E_8880588,1,gsm,A14
LA_E_8880670,1,gsm,A15
LA_E_8880690,1,ulaw,A12
LA_E_8880847,1,ulaw,A11
LA_E_8880981,1,pstn,A10
LA_E_8882508,1,alaw,A09
LA_E_8882878,1,none,A19
LA_E_8883003,1,alaw,A13
LA_E_8883098,1,gsm,A14
LA_E_8883619,1,g722,A09
LA_E_8883800,1,gsm,A14
LA_E_8883818,0,ulaw,bonafide
LA_E_8883961,1,g722,A16
LA_E_8884170,1,none,A09
LA_E_8884210,1,opus,A15
LA_E_8884486,1,opus,A07
LA_E_8884645,1,g722,A16
LA_E_8884649,1,none,A15
LA_E_8884732,1,opus,A09
LA_E_8885250,1,ulaw,A09
LA_E_8885635,1,g722,A15
LA_E_8886212,1,none,A12
LA_E_8886591,1,g722,A18
LA_E_8886828,1,opus,A12
LA_E_8886948,1,ulaw,A13
LA_E_8887312,1,pstn,A19
LA_E_8887367,1,alaw,A10
LA_E_8887548,1,pstn,A15
LA_E_8887658,1,gsm,A18
LA_E_8887855,1,opus,A11
LA_E_8887954,1,none,A07
LA_E_8888082,1,none,A17
LA_E_8888273,1,pstn,A09
LA_E_8888738,1,alaw,A07
LA_E_8888954,1,alaw,A11
LA_E_8888979,1,g722,A14
LA_E_8888980,1,none,A15
LA_E_8889278,1,gsm,A11
LA_E_8889558,1,g722,A14
LA_E_8889895,1,pstn,A08
LA_E_8890337,1,gsm,A16
LA_E_8890338,1,pstn,A19
LA_E_8890720,1,g722,A10
LA_E_8891449,1,alaw,A14
LA_E_8891594,0,ulaw,bonafide
LA_E_8891601,1,opus,A13
LA_E_8891867,1,none,A15
LA_E_8892043,1,ulaw,A13
LA_E_8892669,1,none,A10
LA_E_8893441,1,g722,A10
LA_E_8893734,1,none,A16
LA_E_8894058,0,ulaw,bonafide
LA_E_8894077,1,ulaw,A07
LA_E_8894096,1,ulaw,A07
LA_E_8894404,1,ulaw,A14
LA_E_8895098,1,none,A10
LA_E_8895689,1,alaw,A09
LA_E_8895896,1,gsm,A11
LA_E_8895911,1,pstn,A17
LA_E_8896135,1,pstn,A10
LA_E_8896926,1,opus,A12
LA_E_8896967,1,gsm,A12
LA_E_8896969,1,opus,A16
LA_E_8897355,1,gsm,A13
LA_E_8897543,1,ulaw,A08
LA_E_8898106,1,ulaw,A10
LA_E_8898229,1,opus,A16
LA_E_8898748,1,pstn,A17
LA_E_8899165,1,pstn,A12
LA_E_8899646,1,gsm,A17
LA_E_8899650,1,gsm,A10
LA_E_8900595,1,g722,A14
LA_E_8900924,1,alaw,A18
LA_E_8901048,1,none,A07
LA_E_8901228,1,g722,A08
LA_E_8901667,1,gsm,A13
LA_E_8901889,1,opus,A16
LA_E_8902406,1,none,A19
LA_E_8902822,1,none,A11
LA_E_8902988,1,ulaw,A16
LA_E_8903365,1,pstn,A13
LA_E_8903518,1,gsm,A15
LA_E_8903604,1,alaw,A13
LA_E_8904013,1,ulaw,A15
LA_E_8904187,1,pstn,A17
LA_E_8904764,1,gsm,A13
LA_E_8905029,1,ulaw,A11
LA_E_8905399,1,ulaw,A10
LA_E_8905473,1,ulaw,A18
LA_E_8905735,1,none,A11
LA_E_8906186,1,g722,A18
LA_E_8906476,1,ulaw,A12
LA_E_8906802,1,opus,A16
LA_E_8907361,1,g722,A15
LA_E_8907843,1,gsm,A07
LA_E_8908294,0,opus,bonafide
LA_E_8908553,1,opus,A09
LA_E_8908673,1,alaw,A19
LA_E_8909057,1,gsm,A08
LA_E_8909349,1,ulaw,A09
LA_E_8910111,1,pstn,A17
LA_E_8910366,1,gsm,A12
LA_E_8910381,1,ulaw,A14
LA_E_8910429,1,g722,A08
LA_E_8910591,1,alaw,A14
LA_E_8911784,1,opus,A14
LA_E_8911825,1,gsm,A08
LA_E_8911834,1,ulaw,A07
LA_E_8912429,1,alaw,A07
LA_E_8912466,1,gsm,A17
LA_E_8912639,1,gsm,A19
LA_E_8912767,1,alaw,A13
LA_E_8912809,1,ulaw,A08
LA_E_8912816,1,pstn,A11
LA_E_8912894,1,ulaw,A16
LA_E_8913028,1,none,A18
LA_E_8913252,1,pstn,A13
LA_E_8913843,0,pstn,bonafide
LA_E_8914204,1,opus,A18
LA_E_8914873,1,none,A18
LA_E_8915003,1,alaw,A08
LA_E_8915040,1,gsm,A12
LA_E_8915148,1,pstn,A17
LA_E_8915203,1,gsm,A19
LA_E_8915207,1,pstn,A19
LA_E_8915700,0,gsm,bonafide
LA_E_8915710,1,none,A08
LA_E_8915752,1,pstn,A12
LA_E_8916251,1,opus,A16
LA_E_8916362,1,gsm,A10
LA_E_8916398,1,ulaw,A18
LA_E_8917244,1,none,A09
LA_E_8917720,1,pstn,A13
LA_E_8918088,1,alaw,A15
LA_E_8918194,1,gsm,A17
LA_E_8918565,1,alaw,A11
LA_E_8918681,1,pstn,A11
LA_E_8918798,1,opus,A18
LA_E_8918855,1,g722,A14
LA_E_8919684,1,pstn,A08
LA_E_8920390,1,pstn,A19
LA_E_8920578,1,gsm,A07
LA_E_8920637,1,opus,A19
LA_E_8921394,1,pstn,A09
LA_E_8921595,1,pstn,A12
LA_E_8921708,1,opus,A08
LA_E_8922228,1,pstn,A16
LA_E_8922376,1,ulaw,A19
LA_E_8922443,1,opus,A08
LA_E_8923562,1,pstn,A13
LA_E_8923578,1,none,A11
LA_E_8924418,1,alaw,A07
LA_E_8924916,1,alaw,A09
LA_E_8925151,1,gsm,A10
LA_E_8925653,1,alaw,A18
LA_E_8925694,1,ulaw,A12
LA_E_8926311,1,opus,A10
LA_E_8926670,1,g722,A11
LA_E_8926725,0,pstn,bonafide
LA_E_8926730,1,g722,A13
LA_E_8927730,1,pstn,A09
LA_E_8928519,1,opus,A15
LA_E_8929529,1,alaw,A07
LA_E_8929874,1,ulaw,A08
LA_E_8929877,1,ulaw,A14
LA_E_8930149,1,opus,A18
LA_E_8930168,1,none,A15
LA_E_8930280,1,ulaw,A12
LA_E_8930659,1,none,A17
LA_E_8930905,0,opus,bonafide
LA_E_8931066,1,ulaw,A15
LA_E_8931094,1,pstn,A13
LA_E_8931377,1,alaw,A09
LA_E_8932226,1,g722,A08
LA_E_8932486,1,gsm,A14
LA_E_8932879,1,opus,A18
LA_E_8932924,1,gsm,A18
LA_E_8933544,0,alaw,bonafide
LA_E_8934023,1,alaw,A12
LA_E_8934304,1,g722,A13
LA_E_8934561,1,gsm,A13
LA_E_8934768,1,ulaw,A12
LA_E_8934880,1,g722,A17
LA_E_8934987,1,opus,A11
LA_E_8935160,1,none,A14
LA_E_8935192,1,gsm,A14
LA_E_8935294,1,alaw,A17
LA_E_8935435,1,ulaw,A08
LA_E_8935753,1,ulaw,A10
LA_E_8935961,1,alaw,A13
LA_E_8936726,1,opus,A17
LA_E_8936978,1,gsm,A09
LA_E_8937432,1,g722,A17
LA_E_8937472,1,none,A15
LA_E_8937579,1,none,A16
LA_E_8937756,1,gsm,A19
LA_E_8938141,1,opus,A08
LA_E_8938151,1,g722,A16
LA_E_8938936,1,gsm,A18
LA_E_8939197,0,alaw,bonafide
LA_E_8939377,1,none,A07
LA_E_8940377,1,opus,A12
LA_E_8940490,1,opus,A14
LA_E_8940632,1,opus,A10
LA_E_8941208,1,gsm,A14
LA_E_8941316,1,none,A10
LA_E_8942049,1,g722,A17
LA_E_8942654,1,ulaw,A19
LA_E_8942731,1,opus,A13
LA_E_8943181,1,ulaw,A16
LA_E_8943282,1,none,A13
LA_E_8944200,1,ulaw,A14
LA_E_8944414,1,gsm,A17
LA_E_8944551,1,opus,A15
LA_E_8944794,1,none,A17
LA_E_8945183,1,gsm,A11
LA_E_8945558,1,gsm,A16
LA_E_8945597,1,alaw,A18
LA_E_8946784,1,ulaw,A08
LA_E_8946894,1,gsm,A11
LA_E_8947279,1,gsm,A16
LA_E_8947404,1,opus,A18
LA_E_8947567,1,pstn,A07
LA_E_8948383,1,ulaw,A14
LA_E_8948774,1,opus,A16
LA_E_8948802,1,gsm,A17
LA_E_8949465,1,gsm,A16
LA_E_8949553,1,opus,A14
LA_E_8950028,1,opus,A19
LA_E_8950308,1,alaw,A14
LA_E_8950455,1,opus,A07
LA_E_8950994,1,opus,A15
LA_E_8952202,1,alaw,A18
LA_E_8952478,1,pstn,A19
LA_E_8952549,1,none,A16
LA_E_8952949,1,pstn,A17
LA_E_8953137,1,alaw,A13
LA_E_8953452,1,ulaw,A19
LA_E_8953511,0,g722,bonafide
LA_E_8953739,1,none,A07
LA_E_8954025,0,gsm,bonafide
LA_E_8954165,1,alaw,A07
LA_E_8954804,1,ulaw,A15
LA_E_8955211,1,alaw,A18
LA_E_8955534,1,alaw,A17
LA_E_8955918,1,pstn,A14
LA_E_8955984,0,opus,bonafide
LA_E_8956295,1,none,A09
LA_E_8957157,1,none,A15
LA_E_8957287,1,alaw,A18
LA_E_8957508,1,ulaw,A09
LA_E_8957910,1,pstn,A15
LA_E_8958694,1,pstn,A19
LA_E_8959224,1,g722,A16
LA_E_8959226,1,ulaw,A13
LA_E_8959621,1,g722,A11
LA_E_8959639,1,g722,A13
LA_E_8960005,1,alaw,A08
LA_E_8960088,1,alaw,A14
LA_E_8960154,1,opus,A16
LA_E_8961114,1,pstn,A19
LA_E_8961319,1,gsm,A12
LA_E_8962258,1,none,A12
LA_E_8962539,1,g722,A12
LA_E_8962799,1,gsm,A10
LA_E_8963302,1,gsm,A19
LA_E_8963488,1,pstn,A11
LA_E_8963584,1,gsm,A13
LA_E_8963822,1,g722,A12
LA_E_8963889,1,gsm,A18
LA_E_8965074,1,gsm,A15
LA_E_8965097,1,none,A10
LA_E_8965758,1,gsm,A13
LA_E_8966088,1,g722,A17
LA_E_8966954,0,ulaw,bonafide
LA_E_8967020,1,g722,A14
LA_E_8967492,1,none,A07
LA_E_8967619,1,none,A07
LA_E_8967977,1,alaw,A15
LA_E_8968170,1,pstn,A07
LA_E_8968247,1,ulaw,A12
LA_E_8968408,1,pstn,A10
LA_E_8968591,1,opus,A12
LA_E_8969022,0,gsm,bonafide
LA_E_8969664,1,g722,A16
LA_E_8969684,1,g722,A15
LA_E_8969750,1,opus,A13
LA_E_8970199,0,gsm,bonafide
LA_E_8971090,1,pstn,A18
LA_E_8971125,1,ulaw,A19
LA_E_8971947,1,opus,A12
LA_E_8973059,1,gsm,A10
LA_E_8973144,1,gsm,A13
LA_E_8973689,1,pstn,A17
LA_E_8973820,0,gsm,bonafide
LA_E_8973853,1,opus,A17
LA_E_8973887,0,none,bonafide
LA_E_8974526,1,g722,A16
LA_E_8975188,1,gsm,A08
LA_E_8975472,1,ulaw,A18
LA_E_8975742,0,alaw,bonafide
LA_E_8975820,1,g722,A17
LA_E_8975972,1,g722,A11
LA_E_8976420,1,alaw,A11
LA_E_8976782,1,ulaw,A18
LA_E_8978162,1,g722,A08
LA_E_8978234,1,gsm,A09
LA_E_8978365,1,alaw,A11
LA_E_8978441,1,opus,A18
LA_E_8978537,1,pstn,A18
LA_E_8978599,1,g722,A19
LA_E_8978753,1,gsm,A17
LA_E_8979077,1,g722,A09
LA_E_8979304,1,ulaw,A14
LA_E_8980183,1,gsm,A19
LA_E_8980537,1,alaw,A15
LA_E_8980745,1,ulaw,A17
LA_E_8981215,1,ulaw,A13
LA_E_8981463,1,none,A08
LA_E_8981474,1,opus,A13
LA_E_8981519,1,opus,A14
LA_E_8981541,1,alaw,A10
LA_E_8981877,1,none,A11
LA_E_8982575,1,none,A10
LA_E_8982797,1,pstn,A10
LA_E_8983039,1,none,A14
LA_E_8983531,1,g722,A19
LA_E_8983584,1,ulaw,A17
LA_E_8983640,1,opus,A12
LA_E_8984356,1,gsm,A19
LA_E_8984892,0,pstn,bonafide
LA_E_8985002,1,ulaw,A14
LA_E_8985144,1,ulaw,A14
LA_E_8985153,1,ulaw,A19
LA_E_8985155,1,g722,A16
LA_E_8985174,1,ulaw,A18
LA_E_8985400,0,opus,bonafide
LA_E_8985683,1,pstn,A12
LA_E_8986303,1,g722,A09
LA_E_8986590,1,ulaw,A11
LA_E_8986613,1,pstn,A18
LA_E_8987271,1,gsm,A13
LA_E_8987426,1,g722,A11
LA_E_8988176,1,g722,A07
LA_E_8988384,1,alaw,A15
LA_E_8988615,1,ulaw,A17
LA_E_8988743,1,g722,A19
LA_E_8988906,1,g722,A10
LA_E_8989236,1,pstn,A08
LA_E_8989250,1,ulaw,A12
LA_E_8989394,1,opus,A17
LA_E_8989492,0,opus,bonafide
LA_E_8990077,1,none,A17
LA_E_8990182,1,gsm,A07
LA_E_8990701,1,pstn,A17
LA_E_8990881,1,pstn,A14
LA_E_8991056,1,pstn,A16
LA_E_8991094,1,opus,A15
LA_E_8991216,1,pstn,A10
LA_E_8991263,1,none,A16
LA_E_8991717,1,ulaw,A15
LA_E_8992326,1,gsm,A17
LA_E_8992620,1,g722,A18
LA_E_8992746,1,gsm,A19
LA_E_8993166,1,pstn,A12
LA_E_8993970,1,gsm,A07
LA_E_8994152,1,ulaw,A11
LA_E_8994418,1,alaw,A13
LA_E_8994636,1,opus,A08
LA_E_8995392,1,pstn,A11
LA_E_8995481,1,pstn,A15
LA_E_8995511,1,opus,A15
LA_E_8996023,1,opus,A13
LA_E_8996040,1,none,A08
LA_E_8996344,1,opus,A10
LA_E_8996568,1,gsm,A11
LA_E_8997063,1,alaw,A09
LA_E_8997226,1,ulaw,A18
LA_E_8997503,1,pstn,A16
LA_E_8998069,1,alaw,A19
LA_E_8998078,1,ulaw,A09
LA_E_8998215,1,gsm,A13
LA_E_8998545,1,opus,A15
LA_E_8999180,1,gsm,A12
LA_E_8999320,1,pstn,A08
LA_E_8999613,1,alaw,A08
LA_E_8999656,1,alaw,A16
LA_E_9000146,1,none,A16
LA_E_9000652,0,alaw,bonafide
LA_E_9001145,1,ulaw,A18
LA_E_9001733,1,gsm,A14
LA_E_9001734,1,g722,A09
LA_E_9001771,1,none,A11
LA_E_9002335,1,opus,A17
LA_E_9002598,1,gsm,A19
LA_E_9002805,1,alaw,A19
LA_E_9003510,1,g722,A11
LA_E_9004141,1,g722,A12
LA_E_9004353,1,gsm,A09
LA_E_9004386,1,gsm,A11
LA_E_9004410,1,none,A18
LA_E_9004487,1,gsm,A18
LA_E_9004812,1,gsm,A15
LA_E_9004827,1,pstn,A07
LA_E_9004925,1,gsm,A07
LA_E_9005685,1,alaw,A15
LA_E_9005795,1,alaw,A07
LA_E_9006062,1,opus,A10
LA_E_9006881,0,opus,bonafide
LA_E_9007002,1,g722,A09
LA_E_9007144,1,g722,A10
LA_E_9007167,1,g722,A18
LA_E_9007208,1,gsm,A08
LA_E_9007561,1,gsm,A14
LA_E_9007658,1,g722,A16
LA_E_9008009,1,gsm,A14
LA_E_9008175,1,gsm,A12
LA_E_9008399,1,none,A14
LA_E_9008610,1,ulaw,A09
LA_E_9008778,1,pstn,A07
LA_E_9009034,1,opus,A19
LA_E_9009240,0,ulaw,bonafide
LA_E_9009413,1,g722,A10
LA_E_9009455,1,gsm,A10
LA_E_9009818,1,g722,A13
LA_E_9010445,1,gsm,A10
LA_E_9010601,1,alaw,A12
LA_E_9010857,1,pstn,A12
LA_E_9011236,1,opus,A14
LA_E_9011440,1,none,A10
LA_E_9011565,1,ulaw,A16
LA_E_9011631,1,ulaw,A18
LA_E_9011677,1,ulaw,A11
LA_E_9011791,1,g722,A12
LA_E_9011821,1,ulaw,A13
LA_E_9011835,1,ulaw,A13
LA_E_9011954,1,gsm,A10
LA_E_9012109,1,none,A08
LA_E_9012228,1,ulaw,A14
LA_E_9012419,1,gsm,A14
LA_E_9012739,1,g722,A08
LA_E_9013007,1,pstn,A17
LA_E_9013064,1,pstn,A16
LA_E_9013098,1,g722,A12
LA_E_9013205,1,g722,A07
LA_E_9013269,1,gsm,A09
LA_E_9013441,1,ulaw,A12
LA_E_9013488,1,g722,A15
LA_E_9013520,1,none,A17
LA_E_9013621,1,alaw,A09
LA_E_9013883,1,ulaw,A15
LA_E_9013951,1,none,A12
LA_E_9014040,1,alaw,A17
LA_E_9014710,1,pstn,A19
LA_E_9014880,1,ulaw,A15
LA_E_9015270,1,ulaw,A08
LA_E_9015742,1,none,A19
LA_E_9015942,1,gsm,A18
LA_E_9016236,1,none,A15
LA_E_9016295,1,g722,A16
LA_E_9016501,1,pstn,A19
LA_E_9016723,1,gsm,A12
LA_E_9018092,1,pstn,A15
LA_E_9018197,1,opus,A10
LA_E_9018228,1,g722,A07
LA_E_9018478,1,g722,A19
LA_E_9018484,1,none,A13
LA_E_9018733,1,gsm,A15
LA_E_9019384,0,alaw,bonafide
LA_E_9019477,1,ulaw,A16
LA_E_9019765,1,opus,A19
LA_E_9019774,1,opus,A12
LA_E_9020162,1,alaw,A08
LA_E_9020304,1,pstn,A14
LA_E_9022590,0,opus,bonafide
LA_E_9022642,1,ulaw,A08
LA_E_9022993,1,pstn,A18
LA_E_9023074,1,none,A07
LA_E_9023963,1,ulaw,A17
LA_E_9024094,1,ulaw,A08
LA_E_9024624,1,alaw,A16
LA_E_9024738,1,none,A15
LA_E_9024848,1,ulaw,A09
LA_E_9024866,1,none,A16
LA_E_9025453,0,pstn,bonafide
LA_E_9025460,1,gsm,A15
LA_E_9025496,1,pstn,A18
LA_E_9027130,1,alaw,A14
LA_E_9027215,1,none,A09
LA_E_9027309,1,ulaw,A12
LA_E_9027351,1,gsm,A17
LA_E_9027391,1,opus,A15
LA_E_9027570,1,alaw,A12
LA_E_9028346,1,pstn,A11
LA_E_9028771,1,alaw,A09
LA_E_9029094,0,none,bonafide
LA_E_9029495,1,ulaw,A18
LA_E_9029941,1,ulaw,A09
LA_E_9030228,1,none,A18
LA_E_9031616,0,pstn,bonafide
LA_E_9031956,0,gsm,bonafide
LA_E_9032083,1,pstn,A16
LA_E_9032287,1,none,A14
LA_E_9032601,1,opus,A19
LA_E_9033053,1,alaw,A07
LA_E_9033119,1,ulaw,A18
LA_E_9034026,1,gsm,A09
LA_E_9034108,1,g722,A16
LA_E_9034138,1,pstn,A19
LA_E_9034261,1,gsm,A11
LA_E_9034511,0,g722,bonafide
LA_E_9034548,1,pstn,A11
LA_E_9034669,1,ulaw,A17
LA_E_9035287,1,pstn,A12
LA_E_9035337,1,alaw,A14
LA_E_9035583,1,alaw,A18
LA_E_9036026,1,g722,A11
LA_E_9037040,0,ulaw,bonafide
LA_E_9037359,1,pstn,A14
LA_E_9037373,1,none,A16
LA_E_9037519,1,ulaw,A09
LA_E_9037873,1,ulaw,A08
LA_E_9037902,1,gsm,A13
LA_E_9037950,1,gsm,A08
LA_E_9038763,1,gsm,A09
LA_E_9038891,1,alaw,A11
LA_E_9039116,1,opus,A10
LA_E_9039317,1,gsm,A07
LA_E_9039532,1,pstn,A14
LA_E_9039946,1,ulaw,A19
LA_E_9040354,1,none,A16
LA_E_9040373,1,gsm,A17
LA_E_9040755,1,gsm,A17
LA_E_9040923,1,gsm,A07
LA_E_9040969,1,none,A15
LA_E_9041352,1,g722,A17
LA_E_9041889,1,g722,A10
LA_E_9041895,0,none,bonafide
LA_E_9042269,1,g722,A14
LA_E_9042456,1,gsm,A17
LA_E_9042614,1,ulaw,A08
LA_E_9042751,1,ulaw,A15
LA_E_9042953,0,ulaw,bonafide
LA_E_9042961,1,pstn,A16
LA_E_9043350,1,ulaw,A07
LA_E_9044025,1,pstn,A12
LA_E_9044323,1,ulaw,A12
LA_E_9044542,1,opus,A15
LA_E_9044888,1,pstn,A15
LA_E_9045062,1,opus,A14
LA_E_9045605,0,pstn,bonafide
LA_E_9045657,1,ulaw,A13
LA_E_9045668,1,alaw,A13
LA_E_9046346,1,none,A16
LA_E_9046379,1,alaw,A18
LA_E_9046537,1,pstn,A13
LA_E_9047722,0,alaw,bonafide
LA_E_9048365,1,g722,A19
LA_E_9048459,1,g722,A14
LA_E_9048508,1,alaw,A15
LA_E_9048677,1,pstn,A19
LA_E_9048784,1,alaw,A09
LA_E_9049145,1,alaw,A11
LA_E_9049462,1,none,A13
LA_E_9049466,1,g722,A13
LA_E_9049822,1,gsm,A15
LA_E_9049930,1,gsm,A14
LA_E_9050584,1,alaw,A09
LA_E_9050588,1,gsm,A09
LA_E_9051018,1,g722,A09
LA_E_9051372,1,none,A15
LA_E_9051822,1,opus,A17
LA_E_9052727,1,ulaw,A15
LA_E_9053050,1,pstn,A17
LA_E_9053081,1,opus,A11
LA_E_9053504,1,gsm,A17
LA_E_9053532,1,gsm,A18
LA_E_9053809,1,ulaw,A18
LA_E_9054265,1,alaw,A10
LA_E_9054585,1,alaw,A10
LA_E_9055018,1,g722,A08
LA_E_9055050,1,none,A08
LA_E_9055512,1,pstn,A12
LA_E_9055734,1,pstn,A12
LA_E_9055936,1,pstn,A13
LA_E_9055965,0,opus,bonafide
LA_E_9056184,0,opus,bonafide
LA_E_9056562,1,alaw,A12
LA_E_9056919,1,pstn,A19
LA_E_9057667,1,opus,A11
LA_E_9057719,0,gsm,bonafide
LA_E_9057810,1,g722,A19
LA_E_9057852,0,none,bonafide
LA_E_9058126,0,opus,bonafide
LA_E_9058566,1,none,A17
LA_E_9058598,1,gsm,A19
LA_E_9058664,1,alaw,A10
LA_E_9058672,1,g722,A09
LA_E_9059132,1,gsm,A14
LA_E_9059512,1,gsm,A11
LA_E_9059574,0,g722,bonafide
LA_E_9060311,1,ulaw,A13
LA_E_9061245,1,pstn,A12
LA_E_9061431,1,g722,A14
LA_E_9062032,1,none,A14
LA_E_9062036,1,gsm,A16
LA_E_9062319,0,opus,bonafide
LA_E_9062654,0,g722,bonafide
LA_E_9062714,1,alaw,A11
LA_E_9063073,1,gsm,A19
LA_E_9063349,0,alaw,bonafide
LA_E_9063353,1,opus,A19
LA_E_9063355,1,gsm,A12
LA_E_9064006,1,pstn,A10
LA_E_9064748,1,ulaw,A15
LA_E_9065028,1,none,A14
LA_E_9065041,1,g722,A19
LA_E_9065468,1,g722,A10
LA_E_9065482,0,none,bonafide
LA_E_9065507,1,alaw,A14
LA_E_9065626,1,opus,A07
LA_E_9065724,1,gsm,A11
LA_E_9065745,1,gsm,A16
LA_E_9065883,1,none,A15
LA_E_9065985,1,none,A09
LA_E_9066044,1,opus,A12
LA_E_9066404,0,alaw,bonafide
LA_E_9066805,1,pstn,A17
LA_E_9067425,1,pstn,A10
LA_E_9067433,1,gsm,A07
LA_E_9068482,1,alaw,A15
LA_E_9069233,1,ulaw,A15
LA_E_9069414,1,pstn,A08
LA_E_9070396,1,gsm,A11
LA_E_9070714,1,g722,A13
LA_E_9070940,1,opus,A17
LA_E_9071245,1,alaw,A09
LA_E_9071267,1,alaw,A17
LA_E_9071397,1,ulaw,A16
LA_E_9071850,1,gsm,A11
LA_E_9072208,1,alaw,A16
LA_E_9072723,1,gsm,A12
LA_E_9072768,1,gsm,A15
LA_E_9073412,1,pstn,A15
LA_E_9073831,1,gsm,A15
LA_E_9073988,1,alaw,A08
LA_E_9074217,1,gsm,A07
LA_E_9075034,1,ulaw,A16
LA_E_9075127,1,g722,A07
LA_E_9075250,1,ulaw,A09
LA_E_9075297,1,ulaw,A13
LA_E_9075554,1,none,A13
LA_E_9075913,1,g722,A15
LA_E_9076177,1,pstn,A19
LA_E_9076182,1,gsm,A09
LA_E_9076864,1,ulaw,A08
LA_E_9076923,1,ulaw,A19
LA_E_9076939,1,ulaw,A18
LA_E_9077275,1,pstn,A07
LA_E_9077306,1,ulaw,A16
LA_E_9077452,1,gsm,A16
LA_E_9078278,1,ulaw,A09
LA_E_9078297,1,alaw,A19
LA_E_9078981,1,opus,A14
LA_E_9079163,1,ulaw,A13
LA_E_9079779,1,opus,A08
LA_E_9080102,1,opus,A17
LA_E_9080402,1,alaw,A17
LA_E_9080734,1,none,A07
LA_E_9080775,1,gsm,A10
LA_E_9080900,1,g722,A15
LA_E_9081233,1,g722,A09
LA_E_9081508,1,gsm,A11
LA_E_9081924,1,ulaw,A08
LA_E_9082100,1,ulaw,A10
LA_E_9082307,1,g722,A08
LA_E_9082751,1,ulaw,A14
LA_E_9083149,0,g722,bonafide
LA_E_9083474,1,alaw,A07
LA_E_9083675,1,none,A16
LA_E_9084113,1,gsm,A17
LA_E_9084995,1,pstn,A11
LA_E_9085031,1,pstn,A18
LA_E_9085213,0,ulaw,bonafide
LA_E_9085600,1,gsm,A12
LA_E_9085796,1,gsm,A14
LA_E_9085950,1,ulaw,A14
LA_E_9085998,0,gsm,bonafide
LA_E_9086388,1,opus,A18
LA_E_9086453,1,none,A14
LA_E_9086721,1,pstn,A15
LA_E_9086955,1,g722,A12
LA_E_9086966,1,ulaw,A10
LA_E_9087990,1,pstn,A10
LA_E_9088018,1,none,A19
LA_E_9089016,1,alaw,A12
LA_E_9089370,1,alaw,A18
LA_E_9089567,1,gsm,A08
LA_E_9089586,1,opus,A18
LA_E_9089627,1,g722,A07
LA_E_9091365,1,opus,A15
LA_E_9091531,1,g722,A18
LA_E_9091576,1,g722,A11
LA_E_9091754,1,pstn,A13
LA_E_9092155,1,pstn,A11
LA_E_9092203,1,opus,A07
LA_E_9092902,1,ulaw,A13
LA_E_9092907,1,ulaw,A14
LA_E_9093037,1,none,A15
LA_E_9093123,1,gsm,A11
LA_E_9093145,1,pstn,A08
LA_E_9094779,1,alaw,A18
LA_E_9095568,1,ulaw,A12
LA_E_9095709,1,pstn,A18
LA_E_9096222,1,alaw,A14
LA_E_9096584,1,gsm,A13
LA_E_9096848,1,gsm,A08
LA_E_9096923,1,none,A14
LA_E_9097154,1,pstn,A10
LA_E_9097638,1,gsm,A14
LA_E_9097942,1,pstn,A07
LA_E_9097947,1,ulaw,A15
LA_E_9097954,1,opus,A11
LA_E_9099060,1,gsm,A19
LA_E_9099192,1,none,A18
LA_E_9099340,1,gsm,A13
LA_E_9099550,1,alaw,A19
LA_E_9099932,1,pstn,A09
LA_E_9100184,1,alaw,A10
LA_E_9100499,1,opus,A11
LA_E_9100822,1,pstn,A16
LA_E_9100935,1,pstn,A08
LA_E_9101220,1,ulaw,A13
LA_E_9102108,1,gsm,A10
LA_E_9102648,1,alaw,A08
LA_E_9103137,1,g722,A18
LA_E_9103365,1,pstn,A10
LA_E_9104803,1,gsm,A07
LA_E_9104828,1,none,A08
LA_E_9105210,1,gsm,A07
LA_E_9105417,1,g722,A18
LA_E_9105757,1,g722,A14
LA_E_9105819,1,none,A13
LA_E_9105820,1,none,A07
LA_E_9106030,1,gsm,A11
LA_E_9106055,1,ulaw,A19
LA_E_9107020,1,g722,A19
LA_E_9107848,1,ulaw,A16
LA_E_9108104,1,alaw,A15
LA_E_9108530,1,ulaw,A10
LA_E_9108756,1,opus,A11
LA_E_9108997,1,none,A10
LA_E_9109625,1,pstn,A19
LA_E_9110203,1,alaw,A09
LA_E_9111237,1,alaw,A19
LA_E_9111296,1,g722,A12
LA_E_9111554,1,opus,A18
LA_E_9112126,1,gsm,A15
LA_E_9112928,1,none,A16
LA_E_9113339,1,alaw,A13
LA_E_9113894,0,pstn,bonafide
LA_E_9114628,1,ulaw,A11
LA_E_9114720,1,alaw,A07
LA_E_9114729,1,none,A19
LA_E_9115003,1,opus,A07
LA_E_9115234,1,opus,A12
LA_E_9115252,1,gsm,A15
LA_E_9115266,1,none,A10
LA_E_9115859,1,pstn,A17
LA_E_9115967,1,alaw,A16
LA_E_9116185,1,opus,A16
LA_E_9116524,1,alaw,A10
LA_E_9116588,1,pstn,A10
LA_E_9117069,1,alaw,A08
LA_E_9118783,1,g722,A13
LA_E_9118788,1,alaw,A08
LA_E_9119270,1,gsm,A14
LA_E_9119512,1,g722,A07
LA_E_9120317,1,ulaw,A18
LA_E_9121076,1,none,A11
LA_E_9121356,1,opus,A18
LA_E_9121376,1,gsm,A17
LA_E_9121424,1,opus,A19
LA_E_9121783,1,g722,A09
LA_E_9121943,1,opus,A07
LA_E_9122172,0,g722,bonafide
LA_E_9122199,1,pstn,A13
LA_E_9122339,1,none,A12
LA_E_9122478,1,opus,A11
LA_E_9122747,1,pstn,A12
LA_E_9123221,1,alaw,A07
LA_E_9123806,1,alaw,A07
LA_E_9123847,1,g722,A16
LA_E_9123870,1,ulaw,A12
LA_E_9124317,1,g722,A12
LA_E_9124621,1,none,A14
LA_E_9124696,1,gsm,A18
LA_E_9125075,1,g722,A17
LA_E_9125346,1,ulaw,A10
LA_E_9125408,1,pstn,A11
LA_E_9125512,1,pstn,A13
LA_E_9125986,1,pstn,A14
LA_E_9126170,1,ulaw,A17
LA_E_9126540,1,gsm,A14
LA_E_9126779,1,none,A17
LA_E_9127205,0,none,bonafide
LA_E_9127924,1,opus,A16
LA_E_9127926,1,ulaw,A16
LA_E_9128678,1,gsm,A10
LA_E_9128842,1,ulaw,A12
LA_E_9130250,1,opus,A09
LA_E_9130462,1,pstn,A18
LA_E_9130554,1,ulaw,A17
LA_E_9131043,1,gsm,A16
LA_E_9131392,1,g722,A16
LA_E_9131515,1,none,A16
LA_E_9131558,0,ulaw,bonafide
LA_E_9132550,1,g722,A11
LA_E_9132870,1,none,A17
LA_E_9133045,1,gsm,A16
LA_E_9133661,1,pstn,A10
LA_E_9133740,1,gsm,A17
LA_E_9133962,1,g722,A08
LA_E_9134130,1,pstn,A09
LA_E_9134222,1,g722,A17
LA_E_9134358,1,g722,A13
LA_E_9134421,1,ulaw,A14
LA_E_9135980,0,ulaw,bonafide
LA_E_9137008,1,alaw,A18
LA_E_9137517,0,alaw,bonafide
LA_E_9137910,1,alaw,A10
LA_E_9138282,1,alaw,A15
LA_E_9138311,1,alaw,A11
LA_E_9138585,1,none,A09
LA_E_9138611,1,opus,A18
LA_E_9138905,1,opus,A12
LA_E_9139327,1,ulaw,A16
LA_E_9139361,1,gsm,A16
LA_E_9139971,1,pstn,A18
LA_E_9140384,1,none,A08
LA_E_9140645,1,ulaw,A16
LA_E_9140801,1,g722,A18
LA_E_9141619,1,g722,A12
LA_E_9141827,1,gsm,A13
LA_E_9141914,1,gsm,A16
LA_E_9142218,1,pstn,A18
LA_E_9142544,1,g722,A16
LA_E_9143017,1,ulaw,A12
LA_E_9143091,1,pstn,A18
LA_E_9144127,1,gsm,A19
LA_E_9144209,1,pstn,A18
LA_E_9144480,0,pstn,bonafide
LA_E_9144793,1,none,A17
LA_E_9145346,0,alaw,bonafide
LA_E_9145475,1,g722,A16
LA_E_9145501,1,opus,A13
LA_E_9145595,1,pstn,A13
LA_E_9145787,1,gsm,A13
LA_E_9146681,1,ulaw,A19
LA_E_9147234,1,ulaw,A09
LA_E_9147521,1,pstn,A14
LA_E_9147804,1,alaw,A12
LA_E_9148298,1,pstn,A15
LA_E_9149065,1,none,A10
LA_E_9149198,1,g722,A16
LA_E_9149880,1,g722,A15
LA_E_9150051,1,g722,A19
LA_E_9150386,1,opus,A09
LA_E_9151127,1,gsm,A17
LA_E_9151687,1,g722,A11
LA_E_9151743,1,gsm,A11
LA_E_9151937,1,opus,A11
LA_E_9151949,1,gsm,A13
LA_E_9152271,1,gsm,A19
LA_E_9152555,1,ulaw,A11
LA_E_9153664,1,g722,A19
LA_E_9153681,0,ulaw,bonafide
LA_E_9153757,1,gsm,A14
LA_E_9153837,0,gsm,bonafide
LA_E_9154037,1,gsm,A11
LA_E_9154281,1,alaw,A19
LA_E_9154489,1,pstn,A12
LA_E_9154772,1,gsm,A10
LA_E_9155445,1,none,A15
LA_E_9155515,1,pstn,A10
LA_E_9155638,1,pstn,A15
LA_E_9155714,1,opus,A09
LA_E_9156010,1,pstn,A17
LA_E_9156475,1,pstn,A09
LA_E_9156480,1,pstn,A10
LA_E_9156688,1,pstn,A07
LA_E_9156699,1,alaw,A17
LA_E_9156818,1,ulaw,A15
LA_E_9156915,1,pstn,A13
LA_E_9157472,1,pstn,A16
LA_E_9158331,1,ulaw,A07
LA_E_9158403,1,g722,A12
LA_E_9159168,1,alaw,A15
LA_E_9159218,1,alaw,A15
LA_E_9159301,0,opus,bonafide
LA_E_9159373,1,ulaw,A13
LA_E_9159727,1,gsm,A10
LA_E_9160519,1,alaw,A09
LA_E_9161515,1,alaw,A14
LA_E_9161545,1,pstn,A09
LA_E_9161851,1,ulaw,A15
LA_E_9162796,1,opus,A09
LA_E_9163384,1,g722,A07
LA_E_9163602,1,g722,A15
LA_E_9164243,1,none,A11
LA_E_9164322,1,gsm,A12
LA_E_9165032,1,ulaw,A13
LA_E_9165467,1,pstn,A18
LA_E_9165555,1,alaw,A19
LA_E_9166622,1,opus,A11
LA_E_9166862,1,g722,A11
LA_E_9166912,0,opus,bonafide
LA_E_9167414,1,g722,A15
LA_E_9168018,1,gsm,A14
LA_E_9168281,1,gsm,A17
LA_E_9168342,1,none,A09
LA_E_9168568,1,opus,A07
LA_E_9168635,1,pstn,A19
LA_E_9168815,1,none,A19
LA_E_9168987,1,ulaw,A15
LA_E_9169073,1,none,A10
LA_E_9169387,1,pstn,A13
LA_E_9169416,1,g722,A15
LA_E_9170194,1,g722,A18
LA_E_9170595,1,gsm,A09
LA_E_9171169,1,opus,A17
LA_E_9171677,1,none,A18
LA_E_9172044,1,opus,A18
LA_E_9172181,1,opus,A13
LA_E_9172826,1,g722,A18
LA_E_9172980,1,pstn,A19
LA_E_9173119,1,g722,A09
LA_E_9173628,1,pstn,A09
LA_E_9173648,1,pstn,A08
LA_E_9175651,1,ulaw,A12
LA_E_9175768,1,pstn,A16
LA_E_9176205,1,none,A07
LA_E_9176667,1,alaw,A09
LA_E_9176699,1,g722,A13
LA_E_9176770,1,gsm,A11
LA_E_9176897,1,none,A18
LA_E_9176911,1,none,A09
LA_E_9176975,1,none,A17
LA_E_9177099,0,pstn,bonafide
LA_E_9177119,1,opus,A16
LA_E_9177120,1,g722,A13
LA_E_9177592,1,g722,A08
LA_E_9177982,0,opus,bonafide
LA_E_9178276,1,alaw,A07
LA_E_9178419,1,ulaw,A13
LA_E_9178639,1,ulaw,A10
LA_E_9179503,1,ulaw,A15
LA_E_9179938,1,gsm,A13
LA_E_9179952,1,ulaw,A17
LA_E_9180037,1,g722,A09
LA_E_9180313,1,gsm,A07
LA_E_9180442,1,gsm,A12
LA_E_9181987,1,opus,A12
LA_E_9182650,0,g722,bonafide
LA_E_9182800,1,alaw,A14
LA_E_9183181,1,alaw,A13
LA_E_9183583,0,alaw,bonafide
LA_E_9183971,1,pstn,A11
LA_E_9184039,1,ulaw,A09
LA_E_9184422,1,g722,A13
LA_E_9185176,1,alaw,A16
LA_E_9185361,0,opus,bonafide
LA_E_9185977,1,none,A15
LA_E_9186046,1,ulaw,A07
LA_E_9186097,1,alaw,A07
LA_E_9187716,1,pstn,A12
LA_E_9187786,1,none,A10
LA_E_9187893,1,ulaw,A08
LA_E_9187982,1,ulaw,A17
LA_E_9189096,1,alaw,A12
LA_E_9189245,1,alaw,A18
LA_E_9189275,1,ulaw,A16
LA_E_9189519,1,alaw,A11
LA_E_9189523,1,pstn,A11
LA_E_9189636,1,pstn,A10
LA_E_9189757,1,alaw,A12
LA_E_9191100,1,opus,A09
LA_E_9191318,0,gsm,bonafide
LA_E_9192517,1,ulaw,A19
LA_E_9193011,1,pstn,A16
LA_E_9193261,1,ulaw,A19
LA_E_9193504,1,alaw,A11
LA_E_9194548,1,none,A11
LA_E_9195355,1,pstn,A17
LA_E_9195430,1,alaw,A13
LA_E_9195489,1,opus,A10
LA_E_9195954,1,opus,A11
LA_E_9195960,1,gsm,A16
LA_E_9196077,1,pstn,A08
LA_E_9196319,1,g722,A18
LA_E_9196637,1,ulaw,A14
LA_E_9197086,0,g722,bonafide
LA_E_9197785,1,none,A18
LA_E_9198452,1,pstn,A12
LA_E_9198469,1,g722,A13
LA_E_9199087,1,ulaw,A16
LA_E_9199138,1,g722,A16
LA_E_9200013,1,g722,A09
LA_E_9200715,1,ulaw,A15
LA_E_9201523,1,g722,A14
LA_E_9201564,1,none,A17
LA_E_9201787,0,g722,bonafide
LA_E_9201912,1,gsm,A12
LA_E_9202627,0,gsm,bonafide
LA_E_9202702,1,ulaw,A07
LA_E_9202848,1,none,A18
LA_E_9203494,1,g722,A17
LA_E_9204063,0,alaw,bonafide
LA_E_9204143,1,gsm,A15
LA_E_9204422,1,none,A11
LA_E_9205314,1,g722,A10
LA_E_9206480,1,none,A17
LA_E_9206557,1,g722,A08
LA_E_9207071,1,opus,A13
LA_E_9207415,1,gsm,A09
LA_E_9207555,1,gsm,A14
LA_E_9207933,1,none,A14
LA_E_9208366,1,none,A10
LA_E_9208571,1,ulaw,A08
LA_E_9208598,1,gsm,A18
LA_E_9208764,1,opus,A17
LA_E_9209185,1,pstn,A11
LA_E_9209222,1,alaw,A17
LA_E_9209688,1,none,A16
LA_E_9210315,1,g722,A10
LA_E_9211320,1,alaw,A10
LA_E_9211384,1,alaw,A17
LA_E_9211580,1,alaw,A12
LA_E_9212104,0,ulaw,bonafide
LA_E_9212124,0,g722,bonafide
LA_E_9212241,0,alaw,bonafide
LA_E_9212428,1,alaw,A15
LA_E_9212963,1,gsm,A18
LA_E_9213044,0,g722,bonafide
LA_E_9213269,1,none,A13
LA_E_9214860,1,gsm,A15
LA_E_9214903,1,opus,A10
LA_E_9215369,1,gsm,A07
LA_E_9216218,1,none,A10
LA_E_9216668,1,g722,A07
LA_E_9216834,1,g722,A09
LA_E_9216922,1,gsm,A17
LA_E_9217407,1,pstn,A09
LA_E_9217735,1,alaw,A12
LA_E_9218519,1,gsm,A15
LA_E_9218687,1,alaw,A19
LA_E_9218861,1,pstn,A09
LA_E_9219371,1,gsm,A15
LA_E_9219569,1,none,A14
LA_E_9219809,1,g722,A08
LA_E_9219932,1,none,A13
LA_E_9219974,1,g722,A11
LA_E_9220130,1,alaw,A08
LA_E_9220594,1,alaw,A14
LA_E_9220990,1,opus,A17
LA_E_9221035,1,none,A16
LA_E_9221658,1,alaw,A10
LA_E_9221671,1,opus,A18
LA_E_9221740,1,g722,A17
LA_E_9222196,1,g722,A11
LA_E_9223050,1,g722,A08
LA_E_9223205,1,ulaw,A07
LA_E_9223403,1,alaw,A19
LA_E_9223521,1,ulaw,A17
LA_E_9223628,0,none,bonafide
LA_E_9223964,1,alaw,A12
LA_E_9224186,1,g722,A11
LA_E_9224192,1,none,A09
LA_E_9224402,1,alaw,A15
LA_E_9224408,0,g722,bonafide
LA_E_9224740,1,alaw,A13
LA_E_9225242,1,gsm,A19
LA_E_9225406,0,pstn,bonafide
LA_E_9225459,1,opus,A11
LA_E_9225822,1,ulaw,A12
LA_E_9226304,1,opus,A11
LA_E_9227868,1,none,A14
LA_E_9227891,1,g722,A19
LA_E_9228289,1,ulaw,A11
LA_E_9228300,1,opus,A10
LA_E_9228476,1,opus,A13
LA_E_9229128,1,alaw,A14
LA_E_9229680,0,ulaw,bonafide
LA_E_9229950,1,none,A07
LA_E_9230999,1,opus,A14
LA_E_9231010,1,alaw,A08
LA_E_9231092,0,g722,bonafide
LA_E_9231447,1,g722,A07
LA_E_9231480,1,ulaw,A11
LA_E_9232061,1,none,A14
LA_E_9232270,1,g722,A09
LA_E_9232361,1,ulaw,A18
LA_E_9232937,1,pstn,A13
LA_E_9233119,1,pstn,A16
LA_E_9233167,1,gsm,A07
LA_E_9233640,1,none,A09
LA_E_9233826,1,g722,A15
LA_E_9233969,1,opus,A17
LA_E_9234431,1,pstn,A11
LA_E_9234736,1,g722,A09
LA_E_9234788,0,gsm,bonafide
LA_E_9235431,1,none,A07
LA_E_9235727,1,alaw,A13
LA_E_9235729,1,opus,A17
LA_E_9235975,1,gsm,A07
LA_E_9236189,1,alaw,A13
LA_E_9237302,1,ulaw,A19
LA_E_9237446,1,gsm,A13
LA_E_9237880,1,opus,A17
LA_E_9238117,1,none,A12
LA_E_9238358,1,g722,A09
LA_E_9238720,1,gsm,A12
LA_E_9239022,1,alaw,A09
LA_E_9239081,1,gsm,A13
LA_E_9239183,1,gsm,A14
LA_E_9239431,1,g722,A17
LA_E_9239835,1,pstn,A19
LA_E_9241321,1,ulaw,A17
LA_E_9242249,1,none,A18
LA_E_9242511,0,none,bonafide
LA_E_9242539,0,ulaw,bonafide
LA_E_9242850,1,ulaw,A11
LA_E_9242945,0,gsm,bonafide
LA_E_9243225,1,ulaw,A14
LA_E_9243542,1,alaw,A16
LA_E_9243613,1,ulaw,A12
LA_E_9243819,1,alaw,A07
LA_E_9244127,1,alaw,A16
LA_E_9244216,1,pstn,A13
LA_E_9244263,1,ulaw,A14
LA_E_9244461,1,alaw,A08
LA_E_9244516,1,gsm,A14
LA_E_9245020,0,none,bonafide
LA_E_9245815,1,alaw,A07
LA_E_9245939,1,ulaw,A09
LA_E_9245949,1,none,A12
LA_E_9246298,1,pstn,A17
LA_E_9246702,1,g722,A08
LA_E_9246846,1,opus,A10
LA_E_9247145,1,gsm,A12
LA_E_9247540,1,opus,A12
LA_E_9247789,1,none,A16
LA_E_9247888,1,gsm,A09
LA_E_9247945,1,alaw,A19
LA_E_9248656,1,ulaw,A16
LA_E_9249167,1,g722,A17
LA_E_9249265,1,opus,A14
LA_E_9249950,1,opus,A15
LA_E_9250028,1,none,A17
LA_E_9250702,1,pstn,A11
LA_E_9251083,1,g722,A18
LA_E_9251633,1,none,A15
LA_E_9251834,1,pstn,A14
LA_E_9253621,1,alaw,A10
LA_E_9253734,1,pstn,A11
LA_E_9253815,1,ulaw,A16
LA_E_9254027,1,gsm,A15
LA_E_9254551,1,pstn,A16
LA_E_9254978,1,gsm,A17
LA_E_9255069,1,none,A19
LA_E_9255077,1,none,A19
LA_E_9255153,1,pstn,A10
LA_E_9255483,1,none,A15
LA_E_9255526,1,g722,A18
LA_E_9256385,1,g722,A10
LA_E_9257058,1,ulaw,A10
LA_E_9257316,1,pstn,A16
LA_E_9257845,1,pstn,A18
LA_E_9258238,1,none,A18
LA_E_9258717,1,pstn,A18
LA_E_9261097,0,none,bonafide
LA_E_9261441,1,none,A16
LA_E_9261715,0,gsm,bonafide
LA_E_9262717,1,opus,A08
LA_E_9262918,1,none,A15
LA_E_9263356,0,opus,bonafide
LA_E_9263510,1,pstn,A19
LA_E_9263880,1,ulaw,A10
LA_E_9264157,1,ulaw,A18
LA_E_9264212,1,gsm,A09
LA_E_9264290,1,none,A14
LA_E_9265263,1,none,A16
LA_E_9265321,1,alaw,A11
LA_E_9265476,1,gsm,A10
LA_E_9265571,1,opus,A13
LA_E_9265886,1,opus,A11
LA_E_9265967,1,pstn,A16
LA_E_9266840,1,gsm,A15
LA_E_9266932,1,ulaw,A15
LA_E_9267074,0,ulaw,bonafide
LA_E_9267482,1,opus,A16
LA_E_9268218,1,none,A17
LA_E_9268836,0,ulaw,bonafide
LA_E_9269258,1,alaw,A09
LA_E_9269424,1,gsm,A19
LA_E_9269557,0,gsm,bonafide
LA_E_9269558,1,ulaw,A12
LA_E_9269839,1,pstn,A09
LA_E_9270412,1,opus,A16
LA_E_9270797,1,g722,A08
LA_E_9271087,1,g722,A17
LA_E_9271846,1,opus,A13
LA_E_9272191,1,alaw,A17
LA_E_9272368,1,ulaw,A19
LA_E_9272404,1,pstn,A14
LA_E_9273099,1,ulaw,A16
LA_E_9273430,1,pstn,A08
LA_E_9273434,1,opus,A17
LA_E_9274200,1,ulaw,A14
LA_E_9274334,1,opus,A12
LA_E_9274616,1,pstn,A11
LA_E_9274715,0,alaw,bonafide
LA_E_9274861,1,pstn,A11
LA_E_9275234,1,alaw,A11
LA_E_9275323,1,pstn,A08
LA_E_9275557,1,g722,A13
LA_E_9275579,1,ulaw,A16
LA_E_9275704,1,gsm,A14
LA_E_9275819,1,gsm,A07
LA_E_9276510,1,gsm,A13
LA_E_9276746,1,pstn,A11
LA_E_9277055,1,ulaw,A08
LA_E_9277543,0,gsm,bonafide
LA_E_9277987,1,ulaw,A07
LA_E_9277990,1,pstn,A15
LA_E_9278159,1,opus,A09
LA_E_9278409,1,alaw,A07
LA_E_9278698,1,opus,A08
LA_E_9279237,1,alaw,A17
LA_E_9279651,1,g722,A14
LA_E_9280185,1,gsm,A15
LA_E_9281186,1,none,A10
LA_E_9281410,1,g722,A15
LA_E_9281438,1,alaw,A18
LA_E_9281526,1,opus,A11
LA_E_9281930,1,gsm,A19
LA_E_9282882,1,none,A09
LA_E_9283012,1,g722,A17
LA_E_9283366,1,gsm,A11
LA_E_9284355,1,gsm,A17
LA_E_9284730,1,gsm,A18
LA_E_9284784,1,g722,A19
LA_E_9285113,1,opus,A09
LA_E_9285177,0,gsm,bonafide
LA_E_9286198,1,ulaw,A07
LA_E_9286573,1,opus,A16
LA_E_9286850,1,opus,A19
LA_E_9287322,1,opus,A13
LA_E_9287700,1,alaw,A17
LA_E_9288575,1,ulaw,A14
LA_E_9289109,1,pstn,A13
LA_E_9289697,1,alaw,A08
LA_E_9289843,0,none,bonafide
LA_E_9290561,1,none,A15
LA_E_9290735,1,pstn,A19
LA_E_9290821,1,ulaw,A16
LA_E_9290900,1,gsm,A19
LA_E_9291086,1,opus,A14
LA_E_9291603,1,pstn,A11
LA_E_9291736,1,none,A09
LA_E_9291777,1,alaw,A07
LA_E_9292379,1,gsm,A19
LA_E_9292742,1,g722,A17
LA_E_9292910,1,opus,A18
LA_E_9293192,1,g722,A11
LA_E_9293396,1,ulaw,A19
LA_E_9293833,1,pstn,A09
LA_E_9293953,1,pstn,A09
LA_E_9294182,1,gsm,A16
LA_E_9294296,1,ulaw,A07
LA_E_9294372,1,gsm,A19
LA_E_9294526,1,g722,A10
LA_E_9295453,0,gsm,bonafide
LA_E_9295971,1,none,A07
LA_E_9295978,1,alaw,A18
LA_E_9296167,1,none,A13
LA_E_9296575,1,ulaw,A14
LA_E_9296714,1,none,A17
LA_E_9296950,1,alaw,A16
LA_E_9297503,1,g722,A08
LA_E_9297536,1,ulaw,A11
LA_E_9297589,1,ulaw,A16
LA_E_9297650,1,ulaw,A18
LA_E_9297689,1,g722,A18
LA_E_9297812,1,none,A18
LA_E_9298116,1,pstn,A14
LA_E_9298526,1,g722,A07
LA_E_9298813,1,gsm,A13
LA_E_9299354,1,none,A09
LA_E_9299413,1,gsm,A09
LA_E_9299563,1,none,A13
LA_E_9299800,1,pstn,A18
LA_E_9300341,1,gsm,A14
LA_E_9300835,1,gsm,A07
LA_E_9301031,1,g722,A09
LA_E_9301323,1,alaw,A13
LA_E_9302134,1,pstn,A07
LA_E_9302644,1,none,A13
LA_E_9302715,0,gsm,bonafide
LA_E_9302818,1,ulaw,A13
LA_E_9302895,1,gsm,A15
LA_E_9303040,1,opus,A19
LA_E_9303189,1,pstn,A15
LA_E_9303887,1,g722,A07
LA_E_9304081,1,none,A16
LA_E_9304406,1,pstn,A08
LA_E_9304625,1,none,A15
LA_E_9304671,1,gsm,A13
LA_E_9305382,1,none,A14
LA_E_9305485,1,ulaw,A08
LA_E_9306035,1,pstn,A16
LA_E_9306305,1,pstn,A09
LA_E_9306417,1,opus,A16
LA_E_9307554,1,ulaw,A12
LA_E_9307664,0,pstn,bonafide
LA_E_9307678,1,g722,A16
LA_E_9307820,1,alaw,A12
LA_E_9308043,1,gsm,A10
LA_E_9308210,1,g722,A15
LA_E_9308452,1,ulaw,A13
LA_E_9308655,1,opus,A13
LA_E_9308928,1,ulaw,A11
LA_E_9309146,1,ulaw,A09
LA_E_9309282,1,none,A13
LA_E_9309927,1,g722,A14
LA_E_9309974,1,ulaw,A14
LA_E_9310839,1,g722,A15
LA_E_9310883,1,g722,A17
LA_E_9311191,0,opus,bonafide
LA_E_9311685,1,g722,A09
LA_E_9311723,1,pstn,A13
LA_E_9312054,1,g722,A15
LA_E_9312662,1,pstn,A11
LA_E_9313374,1,opus,A07
LA_E_9313478,1,gsm,A07
LA_E_9314043,0,ulaw,bonafide
LA_E_9315894,1,ulaw,A17
LA_E_9315920,1,opus,A12
LA_E_9316062,1,pstn,A09
LA_E_9316713,0,pstn,bonafide
LA_E_9316797,1,none,A07
LA_E_9317877,1,pstn,A16
LA_E_9318102,1,gsm,A08
LA_E_9318503,1,ulaw,A10
LA_E_9318527,1,ulaw,A08
LA_E_9318830,1,pstn,A14
LA_E_9318848,1,ulaw,A18
LA_E_9319179,1,alaw,A15
LA_E_9319946,1,g722,A12
LA_E_9321875,1,ulaw,A19
LA_E_9322797,1,ulaw,A16
LA_E_9322914,1,alaw,A15
LA_E_9323534,1,opus,A13
LA_E_9323578,1,alaw,A07
LA_E_9323655,1,gsm,A12
LA_E_9324668,0,none,bonafide
LA_E_9324907,1,g722,A11
LA_E_9325218,1,alaw,A12
LA_E_9325290,1,alaw,A08
LA_E_9325953,1,alaw,A19
LA_E_9326021,1,pstn,A18
LA_E_9326758,1,gsm,A11
LA_E_9327411,1,opus,A09
LA_E_9327563,1,pstn,A08
LA_E_9328661,1,pstn,A10
LA_E_9328928,1,g722,A09
LA_E_9329123,1,none,A10
LA_E_9329124,1,opus,A16
LA_E_9329429,1,none,A18
LA_E_9329948,1,ulaw,A17
LA_E_9330132,1,ulaw,A13
LA_E_9330250,1,pstn,A12
LA_E_9331434,1,alaw,A17
LA_E_9331643,1,gsm,A18
LA_E_9331825,1,none,A11
LA_E_9331827,1,g722,A13
LA_E_9333124,0,pstn,bonafide
LA_E_9333131,1,none,A14
LA_E_9333144,1,ulaw,A15
LA_E_9333179,1,none,A07
LA_E_9334669,1,none,A12
LA_E_9334929,1,none,A16
LA_E_9335147,1,ulaw,A19
LA_E_9335847,1,none,A19
LA_E_9335874,1,none,A15
LA_E_9336056,1,ulaw,A09
LA_E_9336182,1,alaw,A09
LA_E_9336267,1,alaw,A14
LA_E_9336339,1,alaw,A17
LA_E_9337032,1,none,A10
LA_E_9337414,0,pstn,bonafide
LA_E_9338065,1,none,A08
LA_E_9338296,1,none,A12
LA_E_9338483,1,none,A08
LA_E_9338539,1,ulaw,A15
LA_E_9338567,1,alaw,A11
LA_E_9339219,1,gsm,A07
LA_E_9339584,1,none,A19
LA_E_9339585,1,gsm,A14
LA_E_9340078,1,opus,A19
LA_E_9340173,0,gsm,bonafide
LA_E_9340494,0,g722,bonafide
LA_E_9340789,1,opus,A15
LA_E_9340906,1,pstn,A19
LA_E_9342239,0,pstn,bonafide
LA_E_9342472,1,g722,A15
LA_E_9342948,1,none,A16
LA_E_9343391,1,ulaw,A19
LA_E_9343844,1,pstn,A15
LA_E_9343966,1,gsm,A14
LA_E_9344310,1,gsm,A13
LA_E_9344371,1,g722,A17
LA_E_9344911,1,ulaw,A12
LA_E_9345066,1,pstn,A12
LA_E_9345289,1,opus,A15
LA_E_9345310,1,g722,A11
LA_E_9345584,1,ulaw,A18
LA_E_9345862,0,none,bonafide
LA_E_9345979,1,pstn,A10
LA_E_9346259,1,alaw,A08
LA_E_9346946,1,pstn,A12
LA_E_9347271,1,opus,A18
LA_E_9347413,1,g722,A19
LA_E_9347496,1,g722,A19
LA_E_9348242,1,pstn,A19
LA_E_9348408,1,alaw,A13
LA_E_9348588,1,none,A15
LA_E_9348749,1,pstn,A14
LA_E_9348994,1,none,A09
LA_E_9349040,1,gsm,A18
LA_E_9349259,1,g722,A15
LA_E_9349500,1,ulaw,A09
LA_E_9350035,1,opus,A14
LA_E_9350517,1,ulaw,A14
LA_E_9350627,1,g722,A13
LA_E_9350994,1,g722,A10
LA_E_9351614,1,alaw,A12
LA_E_9351773,1,g722,A16
LA_E_9351865,0,gsm,bonafide
LA_E_9352116,1,ulaw,A10
LA_E_9352570,1,alaw,A09
LA_E_9353073,0,ulaw,bonafide
LA_E_9353273,1,g722,A14
LA_E_9353436,1,ulaw,A17
LA_E_9353753,1,none,A09
LA_E_9354288,1,alaw,A07
LA_E_9354351,1,ulaw,A08
LA_E_9354617,1,gsm,A11
LA_E_9355413,1,alaw,A11
LA_E_9355538,1,gsm,A14
LA_E_9355575,1,none,A09
LA_E_9355869,1,g722,A19
LA_E_9355977,1,opus,A10
LA_E_9356036,1,ulaw,A16
LA_E_9356330,1,alaw,A10
LA_E_9356680,1,opus,A10
LA_E_9356692,1,ulaw,A09
LA_E_9356923,1,alaw,A18
LA_E_9356990,0,pstn,bonafide
LA_E_9357026,1,alaw,A09
LA_E_9357063,0,ulaw,bonafide
LA_E_9357778,1,alaw,A17
LA_E_9357850,0,g722,bonafide
LA_E_9358244,1,ulaw,A12
LA_E_9358593,0,alaw,bonafide
LA_E_9358639,1,alaw,A08
LA_E_9358788,1,opus,A12
LA_E_9358839,1,none,A08
LA_E_9358840,1,ulaw,A18
LA_E_9359836,1,alaw,A13
LA_E_9360102,1,ulaw,A10
LA_E_9360902,1,none,A18
LA_E_9360988,1,pstn,A10
LA_E_9361027,1,alaw,A07
LA_E_9361224,1,pstn,A17
LA_E_9361388,1,pstn,A15
LA_E_9361668,1,opus,A15
LA_E_9362301,1,g722,A18
LA_E_9362418,0,ulaw,bonafide
LA_E_9362425,1,none,A19
LA_E_9362768,1,pstn,A09
LA_E_9362921,1,gsm,A17
LA_E_9362942,1,opus,A18
LA_E_9363538,1,pstn,A14
LA_E_9363782,1,pstn,A17
LA_E_9364121,1,ulaw,A15
LA_E_9364683,0,ulaw,bonafide
LA_E_9364967,1,pstn,A12
LA_E_9365113,1,g722,A13
LA_E_9365137,1,ulaw,A09
LA_E_9365972,1,gsm,A17
LA_E_9366960,1,ulaw,A10
LA_E_9367918,1,alaw,A10
LA_E_9368010,1,none,A15
LA_E_9368318,1,g722,A17
LA_E_9368658,1,pstn,A07
LA_E_9368709,1,ulaw,A18
LA_E_9369074,1,g722,A19
LA_E_9369303,1,g722,A12
LA_E_9369392,1,opus,A08
LA_E_9369583,1,alaw,A15
LA_E_9369711,1,g722,A10
LA_E_9370607,1,alaw,A07
LA_E_9370773,0,g722,bonafide
LA_E_9371085,1,ulaw,A19
LA_E_9371119,1,ulaw,A13
LA_E_9372596,1,none,A17
LA_E_9372742,1,pstn,A08
LA_E_9372753,1,ulaw,A08
LA_E_9372791,1,opus,A09
LA_E_9373681,1,g722,A18
LA_E_9374152,1,alaw,A16
LA_E_9374610,0,none,bonafide
LA_E_9374683,1,opus,A12
LA_E_9374749,0,alaw,bonafide
LA_E_9374927,1,pstn,A17
LA_E_9375239,1,g722,A13
LA_E_9375431,1,opus,A17
LA_E_9375802,1,ulaw,A09
LA_E_9376164,1,gsm,A07
LA_E_9376242,1,pstn,A07
LA_E_9376300,1,g722,A12
LA_E_9376391,1,ulaw,A14
LA_E_9376713,1,ulaw,A15
LA_E_9376938,1,gsm,A12
LA_E_9376976,1,ulaw,A07
LA_E_9377046,1,gsm,A18
LA_E_9377120,1,g722,A07
LA_E_9377206,1,g722,A13
LA_E_9377207,1,ulaw,A07
LA_E_9377366,1,ulaw,A17
LA_E_9377483,1,none,A12
LA_E_9377621,1,g722,A11
LA_E_9377813,1,alaw,A16
LA_E_9378007,1,alaw,A14
LA_E_9378427,0,pstn,bonafide
LA_E_9379144,1,alaw,A07
LA_E_9379294,1,gsm,A12
LA_E_9379520,0,opus,bonafide
LA_E_9379662,1,opus,A16
LA_E_9380123,1,ulaw,A11
LA_E_9380469,0,g722,bonafide
LA_E_9380947,1,none,A13
LA_E_9381425,1,none,A19
LA_E_9382154,1,gsm,A11
LA_E_9382366,1,gsm,A08
LA_E_9382379,1,none,A19
LA_E_9382411,1,none,A08
LA_E_9382492,1,gsm,A16
LA_E_9382560,1,none,A18
LA_E_9382567,1,opus,A10
LA_E_9382891,1,gsm,A17
LA_E_9383046,1,alaw,A07
LA_E_9383491,1,alaw,A18
LA_E_9383677,1,gsm,A13
LA_E_9383735,1,g722,A13
LA_E_9383973,1,alaw,A16
LA_E_9384371,1,g722,A15
LA_E_9384468,1,pstn,A16
LA_E_9384611,1,opus,A18
LA_E_9384984,1,pstn,A11
LA_E_9385250,1,opus,A13
LA_E_9385411,1,opus,A12
LA_E_9385426,1,pstn,A19
LA_E_9385493,1,alaw,A12
LA_E_9385871,0,opus,bonafide
LA_E_9386137,1,opus,A14
LA_E_9386203,1,none,A16
LA_E_9386421,1,gsm,A18
LA_E_9386827,1,alaw,A07
LA_E_9386855,1,none,A16
LA_E_9387229,1,g722,A12
LA_E_9387239,1,pstn,A14
LA_E_9387418,1,none,A18
LA_E_9387628,1,opus,A15
LA_E_9387639,1,ulaw,A07
LA_E_9388299,1,ulaw,A13
LA_E_9388356,1,none,A07
LA_E_9388394,1,ulaw,A16
LA_E_9388967,1,alaw,A18
LA_E_9389516,1,g722,A10
LA_E_9389530,1,g722,A10
LA_E_9389835,1,none,A14
LA_E_9389839,1,g722,A14
LA_E_9389908,0,pstn,bonafide
LA_E_9390195,1,opus,A15
LA_E_9390621,0,alaw,bonafide
LA_E_9390837,1,opus,A19
LA_E_9391082,1,pstn,A18
LA_E_9391536,1,none,A13
LA_E_9391564,1,pstn,A11
LA_E_9392305,0,none,bonafide
LA_E_9392505,1,g722,A19
LA_E_9393958,0,ulaw,bonafide
LA_E_9394008,1,gsm,A18
LA_E_9394064,1,none,A08
LA_E_9394235,1,alaw,A11
LA_E_9394286,1,none,A13
LA_E_9394400,1,ulaw,A08
LA_E_9394414,1,opus,A09
LA_E_9394415,1,none,A10
LA_E_9395388,1,g722,A17
LA_E_9395652,1,opus,A12
LA_E_9396505,1,alaw,A12
LA_E_9396531,1,opus,A16
LA_E_9396714,1,g722,A09
LA_E_9397040,1,none,A16
LA_E_9397221,1,opus,A09
LA_E_9397269,1,alaw,A17
LA_E_9397601,1,gsm,A10
LA_E_9397699,1,pstn,A08
LA_E_9397754,1,ulaw,A15
LA_E_9397869,1,pstn,A08
LA_E_9398123,1,none,A14
LA_E_9398153,1,pstn,A12
LA_E_9398598,1,none,A07
LA_E_9399127,1,gsm,A09
LA_E_9399377,1,gsm,A12
LA_E_9399790,1,g722,A16
LA_E_9399792,1,none,A15
LA_E_9400033,1,alaw,A19
LA_E_9400291,1,gsm,A16
LA_E_9400302,1,pstn,A17
LA_E_9400385,1,pstn,A11
LA_E_9400910,1,g722,A10
LA_E_9401203,1,gsm,A12
LA_E_9401312,1,pstn,A07
LA_E_9401319,1,alaw,A15
LA_E_9401849,1,gsm,A11
LA_E_9402222,1,gsm,A19
LA_E_9402299,0,none,bonafide
LA_E_9402307,1,none,A18
LA_E_9402493,1,g722,A14
LA_E_9402515,1,pstn,A09
LA_E_9402662,1,alaw,A16
LA_E_9402789,1,alaw,A18
LA_E_9402928,1,gsm,A08
LA_E_9403296,1,g722,A12
LA_E_9403783,1,ulaw,A12
LA_E_9403981,1,none,A13
LA_E_9404117,1,ulaw,A13
LA_E_9404429,1,pstn,A10
LA_E_9404464,1,opus,A15
LA_E_9404466,1,gsm,A15
LA_E_9404560,0,ulaw,bonafide
LA_E_9404737,0,opus,bonafide
LA_E_9405347,0,g722,bonafide
LA_E_9405452,1,opus,A11
LA_E_9406101,1,none,A18
LA_E_9406641,1,ulaw,A15
LA_E_9406758,1,alaw,A10
LA_E_9406830,0,alaw,bonafide
LA_E_9407003,0,ulaw,bonafide
LA_E_9407844,1,none,A09
LA_E_9407896,1,ulaw,A10
LA_E_9408243,1,none,A18
LA_E_9408751,1,ulaw,A19
LA_E_9409201,1,ulaw,A18
LA_E_9409384,1,g722,A16
LA_E_9409586,1,opus,A17
LA_E_9409939,0,gsm,bonafide
LA_E_9410343,1,ulaw,A10
LA_E_9410383,1,pstn,A10
LA_E_9410924,1,opus,A18
LA_E_9411611,1,none,A17
LA_E_9411692,1,g722,A14
LA_E_9412332,1,alaw,A11
LA_E_9412605,1,pstn,A08
LA_E_9412757,1,g722,A09
LA_E_9413183,1,none,A11
LA_E_9413263,1,gsm,A13
LA_E_9414297,1,alaw,A13
LA_E_9414353,1,g722,A15
LA_E_9414363,1,alaw,A10
LA_E_9414442,1,g722,A16
LA_E_9414454,1,opus,A18
LA_E_9414516,1,pstn,A13
LA_E_9415696,1,opus,A18
LA_E_9415825,1,pstn,A10
LA_E_9416093,1,ulaw,A14
LA_E_9416433,1,ulaw,A12
LA_E_9416489,1,gsm,A11
LA_E_9416545,1,opus,A11
LA_E_9417062,1,gsm,A12
LA_E_9417237,1,opus,A08
LA_E_9417408,1,opus,A15
LA_E_9417447,1,ulaw,A18
LA_E_9417487,1,alaw,A09
LA_E_9417733,0,gsm,bonafide
LA_E_9417834,1,alaw,A17
LA_E_9418188,1,none,A10
LA_E_9418463,1,alaw,A13
LA_E_9418491,1,none,A09
LA_E_9418805,0,alaw,bonafide
LA_E_9419212,1,pstn,A14
LA_E_9419671,1,gsm,A07
LA_E_9420313,1,none,A07
LA_E_9420449,1,alaw,A14
LA_E_9420527,1,ulaw,A07
LA_E_9420586,1,ulaw,A15
LA_E_9420658,1,ulaw,A15
LA_E_9420833,1,pstn,A15
LA_E_9421249,1,g722,A12
LA_E_9421728,1,pstn,A07
LA_E_9421823,0,g722,bonafide
LA_E_9421909,1,ulaw,A08
LA_E_9422507,1,none,A18
LA_E_9422537,1,alaw,A17
LA_E_9422848,1,none,A07
LA_E_9423185,1,none,A11
LA_E_9423290,1,pstn,A14
LA_E_9423303,1,gsm,A09
LA_E_9423472,1,gsm,A10
LA_E_9423485,1,pstn,A13
LA_E_9423532,1,opus,A09
LA_E_9423966,1,pstn,A14
LA_E_9424003,1,ulaw,A11
LA_E_9425421,1,opus,A09
LA_E_9425423,1,pstn,A12
LA_E_9425995,0,none,bonafide
LA_E_9426061,1,alaw,A16
LA_E_9426298,0,opus,bonafide
LA_E_9426356,1,alaw,A18
LA_E_9426691,1,g722,A09
LA_E_9426992,1,none,A12
LA_E_9427002,1,alaw,A18
LA_E_9427347,1,g722,A19
LA_E_9427830,1,pstn,A16
LA_E_9427929,1,g722,A12
LA_E_9428295,1,pstn,A09
LA_E_9428798,0,none,bonafide
LA_E_9428988,1,pstn,A13
LA_E_9429121,1,g722,A14
LA_E_9429163,0,opus,bonafide
LA_E_9429257,1,alaw,A08
LA_E_9429474,1,opus,A12
LA_E_9429501,1,pstn,A11
LA_E_9429924,1,alaw,A13
LA_E_9430229,1,g722,A10
LA_E_9430667,1,g722,A19
LA_E_9430880,1,gsm,A18
LA_E_9430928,1,gsm,A17
LA_E_9430962,1,alaw,A18
LA_E_9431063,1,opus,A11
LA_E_9431102,0,ulaw,bonafide
LA_E_9431108,1,none,A09
LA_E_9431563,1,pstn,A08
LA_E_9432792,1,opus,A14
LA_E_9432834,1,gsm,A16
LA_E_9432838,1,gsm,A07
LA_E_9433087,1,opus,A07
LA_E_9433175,1,g722,A11
LA_E_9433211,1,ulaw,A09
LA_E_9433386,1,pstn,A15
LA_E_9433413,1,ulaw,A16
LA_E_9433495,1,alaw,A17
LA_E_9434605,1,g722,A10
LA_E_9434608,1,opus,A18
LA_E_9435104,1,g722,A07
LA_E_9435124,0,gsm,bonafide
LA_E_9436044,1,gsm,A07
LA_E_9436581,1,gsm,A10
LA_E_9436713,0,g722,bonafide
LA_E_9436838,0,opus,bonafide
LA_E_9436949,1,opus,A09
LA_E_9436994,1,pstn,A09
LA_E_9437505,1,none,A10
LA_E_9437588,1,g722,A19
LA_E_9437963,1,opus,A16
LA_E_9438255,1,pstn,A13
LA_E_9438495,1,alaw,A11
LA_E_9438601,0,alaw,bonafide
LA_E_9438854,1,opus,A12
LA_E_9439186,1,gsm,A19
LA_E_9439651,1,none,A18
LA_E_9439950,1,ulaw,A08
LA_E_9440042,0,none,bonafide
LA_E_9440346,1,pstn,A13
LA_E_9440431,1,g722,A12
LA_E_9440612,1,none,A10
LA_E_9441049,1,alaw,A12
LA_E_9441195,1,alaw,A16
LA_E_9441281,1,none,A16
LA_E_9441469,1,pstn,A10
LA_E_9441893,1,ulaw,A10
LA_E_9442084,1,gsm,A13
LA_E_9442385,1,pstn,A10
LA_E_9442782,0,ulaw,bonafide
LA_E_9442884,1,none,A12
LA_E_9443064,1,opus,A11
LA_E_9443255,1,g722,A07
LA_E_9444279,1,ulaw,A17
LA_E_9444347,1,opus,A11
LA_E_9444390,1,ulaw,A18
LA_E_9445043,1,g722,A11
LA_E_9447184,1,ulaw,A14
LA_E_9447269,1,pstn,A18
LA_E_9447507,1,pstn,A12
LA_E_9447927,1,pstn,A15
LA_E_9448145,1,gsm,A08
LA_E_9448543,1,alaw,A15
LA_E_9449370,1,gsm,A12
LA_E_9449695,1,ulaw,A14
LA_E_9449719,1,ulaw,A15
LA_E_9449838,1,g722,A18
LA_E_9450076,1,ulaw,A13
LA_E_9450257,1,gsm,A17
LA_E_9450468,1,g722,A14
LA_E_9450573,1,alaw,A07
LA_E_9450752,1,ulaw,A08
LA_E_9451361,1,opus,A08
LA_E_9451442,1,opus,A19
LA_E_9451523,1,none,A15
LA_E_9451640,1,g722,A16
LA_E_9452879,1,g722,A12
LA_E_9453924,1,ulaw,A17
LA_E_9454081,1,none,A17
LA_E_9454227,1,pstn,A08
LA_E_9454233,1,opus,A11
LA_E_9454373,1,alaw,A17
LA_E_9454670,1,alaw,A15
LA_E_9454850,1,alaw,A17
LA_E_9455830,1,pstn,A18
LA_E_9456171,1,g722,A18
LA_E_9456937,1,alaw,A16
LA_E_9457188,1,pstn,A19
LA_E_9457257,1,none,A19
LA_E_9458066,0,ulaw,bonafide
LA_E_9458818,1,alaw,A16
LA_E_9458831,1,pstn,A11
LA_E_9458916,1,gsm,A17
LA_E_9459539,1,g722,A14
LA_E_9459578,1,ulaw,A19
LA_E_9460034,1,alaw,A16
LA_E_9460668,1,ulaw,A19
LA_E_9460970,1,pstn,A17
LA_E_9461447,1,opus,A15
LA_E_9461709,1,gsm,A11
LA_E_9461761,1,alaw,A08
LA_E_9461868,1,none,A08
LA_E_9462141,1,none,A16
LA_E_9462933,1,ulaw,A14
LA_E_9462957,1,g722,A17
LA_E_9463303,1,none,A11
LA_E_9463513,1,opus,A14
LA_E_9463865,1,opus,A07
LA_E_9463871,1,opus,A12
LA_E_9464139,1,gsm,A15
LA_E_9464364,1,alaw,A07
LA_E_9464546,1,g722,A08
LA_E_9464783,1,gsm,A09
LA_E_9465646,1,g722,A11
LA_E_9465746,1,g722,A10
LA_E_9465879,1,gsm,A14
LA_E_9466345,1,opus,A15
LA_E_9466661,1,g722,A17
LA_E_9466777,1,none,A11
LA_E_9467548,1,none,A19
LA_E_9468835,1,none,A08
LA_E_9469071,1,alaw,A12
LA_E_9469356,1,g722,A12
LA_E_9469582,1,ulaw,A17
LA_E_9469739,1,pstn,A18
LA_E_9470475,1,pstn,A13
LA_E_9470611,0,pstn,bonafide
LA_E_9470713,1,opus,A10
LA_E_9471069,1,alaw,A10
LA_E_9471369,1,opus,A16
LA_E_9472050,1,gsm,A13
LA_E_9472573,1,pstn,A17
LA_E_9472806,1,alaw,A18
LA_E_9473109,1,opus,A09
LA_E_9473503,1,opus,A19
LA_E_9474089,1,g722,A08
LA_E_9474169,1,ulaw,A19
LA_E_9474222,1,ulaw,A19
LA_E_9474424,1,ulaw,A09
LA_E_9474520,1,pstn,A11
LA_E_9474557,0,none,bonafide
LA_E_9475041,1,pstn,A12
LA_E_9475124,1,g722,A13
LA_E_9475288,1,opus,A07
LA_E_9475565,1,alaw,A12
LA_E_9476200,1,g722,A07
LA_E_9476270,1,g722,A16
LA_E_9476685,1,none,A12
LA_E_9476799,1,gsm,A16
LA_E_9477000,1,ulaw,A12
LA_E_9477063,1,gsm,A19
LA_E_9477333,1,gsm,A12
LA_E_9477580,1,opus,A18
LA_E_9477582,1,ulaw,A13
LA_E_9477716,1,pstn,A18
LA_E_9478052,1,g722,A13
LA_E_9479593,1,opus,A08
LA_E_9479734,1,g722,A15
LA_E_9479790,1,gsm,A08
LA_E_9480037,1,g722,A15
LA_E_9480178,1,g722,A10
LA_E_9480418,1,pstn,A09
LA_E_9480769,1,pstn,A17
LA_E_9480783,1,g722,A08
LA_E_9480909,0,alaw,bonafide
LA_E_9481744,1,gsm,A17
LA_E_9481957,1,pstn,A09
LA_E_9482045,1,none,A07
LA_E_9482322,1,pstn,A10
LA_E_9483186,1,none,A16
LA_E_9483402,1,pstn,A14
LA_E_9483864,1,gsm,A12
LA_E_9484364,1,gsm,A19
LA_E_9484492,1,ulaw,A07
LA_E_9484715,1,ulaw,A08
LA_E_9484932,1,none,A12
LA_E_9485042,1,ulaw,A18
LA_E_9485067,1,gsm,A15
LA_E_9485162,1,g722,A18
LA_E_9485385,1,pstn,A08
LA_E_9485443,1,pstn,A12
LA_E_9485558,1,opus,A13
LA_E_9486262,1,g722,A13
LA_E_9486376,1,g722,A17
LA_E_9486396,1,gsm,A11
LA_E_9486408,0,gsm,bonafide
LA_E_9487958,1,gsm,A15
LA_E_9488047,1,alaw,A17
LA_E_9488266,1,g722,A13
LA_E_9488301,1,g722,A14
LA_E_9488525,1,none,A13
LA_E_9488917,1,g722,A07
LA_E_9489522,1,alaw,A12
LA_E_9489882,1,g722,A07
LA_E_9490574,1,ulaw,A14
LA_E_9491562,1,alaw,A14
LA_E_9491732,1,pstn,A16
LA_E_9492065,1,g722,A10
LA_E_9492287,1,g722,A09
LA_E_9492363,1,gsm,A07
LA_E_9492471,1,g722,A18
LA_E_9492995,1,gsm,A18
LA_E_9493010,1,alaw,A10
LA_E_9493079,1,none,A13
LA_E_9493226,1,gsm,A19
LA_E_9493338,1,opus,A13
LA_E_9493431,1,none,A18
LA_E_9493435,1,g722,A07
LA_E_9494205,1,alaw,A18
LA_E_9494363,1,pstn,A08
LA_E_9494821,0,none,bonafide
LA_E_9495157,1,opus,A12
LA_E_9495224,1,ulaw,A15
LA_E_9495581,1,none,A16
LA_E_9495616,1,pstn,A16
LA_E_9496099,1,none,A15
LA_E_9496418,1,none,A09
LA_E_9497287,1,gsm,A14
LA_E_9497859,1,opus,A12
LA_E_9498328,1,gsm,A17
LA_E_9498495,1,gsm,A12
LA_E_9498642,1,gsm,A09
LA_E_9499154,1,none,A13
LA_E_9499311,1,alaw,A10
LA_E_9499523,1,g722,A16
LA_E_9499548,1,ulaw,A10
LA_E_9499630,1,alaw,A15
LA_E_9499645,1,alaw,A18
LA_E_9500416,1,alaw,A17
LA_E_9500635,1,pstn,A16
LA_E_9500828,1,ulaw,A16
LA_E_9501294,1,none,A14
LA_E_9501641,1,pstn,A10
LA_E_9501688,1,pstn,A18
LA_E_9502023,1,alaw,A08
LA_E_9502029,1,pstn,A12
LA_E_9502144,1,none,A07
LA_E_9502264,1,alaw,A11
LA_E_9502602,0,ulaw,bonafide
LA_E_9502775,1,none,A10
LA_E_9503148,1,pstn,A11
LA_E_9504210,1,pstn,A10
LA_E_9504281,1,pstn,A11
LA_E_9504639,1,pstn,A10
LA_E_9506063,1,alaw,A07
LA_E_9506123,1,opus,A17
LA_E_9506360,1,ulaw,A15
LA_E_9506561,1,opus,A16
LA_E_9507673,1,ulaw,A13
LA_E_9508147,1,g722,A07
LA_E_9508182,1,pstn,A17
LA_E_9508449,1,g722,A10
LA_E_9508701,1,alaw,A16
LA_E_9509074,0,opus,bonafide
LA_E_9509085,1,gsm,A18
LA_E_9510070,1,none,A13
LA_E_9510072,1,alaw,A10
LA_E_9510182,1,none,A07
LA_E_9510385,1,none,A14
LA_E_9510534,1,none,A18
LA_E_9510557,0,g722,bonafide
LA_E_9510608,1,g722,A18
LA_E_9510984,1,ulaw,A11
LA_E_9511322,0,gsm,bonafide
LA_E_9512337,1,g722,A09
LA_E_9512480,1,none,A11
LA_E_9513284,1,pstn,A08
LA_E_9513946,1,none,A11
LA_E_9514347,1,opus,A07
LA_E_9514500,1,alaw,A08
LA_E_9514704,1,alaw,A13
LA_E_9514866,1,pstn,A16
LA_E_9514964,1,alaw,A14
LA_E_9515079,1,alaw,A14
LA_E_9515569,1,ulaw,A12
LA_E_9516184,1,pstn,A07
LA_E_9516247,1,pstn,A15
LA_E_9516730,0,gsm,bonafide
LA_E_9517320,1,alaw,A18
LA_E_9517751,1,alaw,A07
LA_E_9518078,1,none,A17
LA_E_9518348,1,g722,A17
LA_E_9518569,1,gsm,A12
LA_E_9518827,1,g722,A07
LA_E_9519014,1,g722,A14
LA_E_9519114,1,g722,A07
LA_E_9519506,1,opus,A15
LA_E_9519674,0,ulaw,bonafide
LA_E_9519726,1,pstn,A13
LA_E_9520621,1,gsm,A11
LA_E_9521006,1,alaw,A07
LA_E_9521020,1,none,A16
LA_E_9521277,1,pstn,A17
LA_E_9521560,1,ulaw,A07
LA_E_9521767,1,none,A10
LA_E_9522128,1,pstn,A07
LA_E_9522194,1,pstn,A12
LA_E_9522470,1,pstn,A16
LA_E_9522766,1,alaw,A16
LA_E_9522865,1,gsm,A14
LA_E_9522982,1,alaw,A12
LA_E_9523072,1,ulaw,A15
LA_E_9523489,1,ulaw,A09
LA_E_9523668,1,ulaw,A19
LA_E_9523730,1,alaw,A17
LA_E_9523820,1,gsm,A09
LA_E_9524493,1,none,A15
LA_E_9524871,1,pstn,A19
LA_E_9526250,1,opus,A08
LA_E_9526679,1,ulaw,A19
LA_E_9526805,1,opus,A17
LA_E_9526925,1,g722,A14
LA_E_9527969,1,ulaw,A13
LA_E_9528000,1,opus,A10
LA_E_9528001,1,none,A16
LA_E_9528321,1,alaw,A16
LA_E_9528563,0,pstn,bonafide
LA_E_9529291,0,g722,bonafide
LA_E_9530170,1,pstn,A07
LA_E_9530381,1,g722,A08
LA_E_9530845,1,g722,A19
LA_E_9530848,1,alaw,A08
LA_E_9530869,1,none,A10
LA_E_9531094,1,gsm,A18
LA_E_9532511,1,alaw,A12
LA_E_9532608,1,g722,A19
LA_E_9532756,1,gsm,A12
LA_E_9532771,1,none,A13
LA_E_9533475,1,pstn,A12
LA_E_9533491,1,pstn,A19
LA_E_9533622,1,opus,A16
LA_E_9533981,1,none,A09
LA_E_9534147,1,alaw,A15
LA_E_9534215,0,alaw,bonafide
LA_E_9534651,0,alaw,bonafide
LA_E_9534882,1,alaw,A13
LA_E_9534903,1,opus,A08
LA_E_9535690,1,alaw,A17
LA_E_9535762,1,none,A13
LA_E_9535863,1,pstn,A11
LA_E_9536105,1,ulaw,A10
LA_E_9536273,1,ulaw,A16
LA_E_9536713,1,gsm,A13
LA_E_9536792,1,g722,A18
LA_E_9538358,1,ulaw,A10
LA_E_9538467,1,ulaw,A16
LA_E_9538532,1,g722,A17
LA_E_9538692,1,g722,A19
LA_E_9538900,1,opus,A09
LA_E_9539119,0,ulaw,bonafide
LA_E_9539371,1,opus,A18
LA_E_9539739,1,alaw,A19
LA_E_9539757,1,g722,A13
LA_E_9540120,1,none,A19
LA_E_9540396,1,gsm,A10
LA_E_9540729,1,g722,A11
LA_E_9540775,1,alaw,A17
LA_E_9541467,1,g722,A09
LA_E_9541572,1,gsm,A08
LA_E_9542158,1,g722,A14
LA_E_9542253,1,ulaw,A14
LA_E_9542934,1,opus,A14
LA_E_9542941,1,ulaw,A09
LA_E_9543373,1,pstn,A18
LA_E_9543601,1,opus,A09
LA_E_9543827,1,g722,A08
LA_E_9543952,1,opus,A18
LA_E_9544314,1,g722,A13
LA_E_9544416,1,opus,A14
LA_E_9545320,0,alaw,bonafide
LA_E_9545574,1,gsm,A11
LA_E_9545697,1,ulaw,A17
LA_E_9545858,1,pstn,A16
LA_E_9545859,1,none,A07
LA_E_9545899,1,g722,A16
LA_E_9546005,1,none,A19
LA_E_9546168,1,g722,A14
LA_E_9546259,1,gsm,A17
LA_E_9546848,1,alaw,A16
LA_E_9547161,1,pstn,A18
LA_E_9547459,1,g722,A07
LA_E_9548244,1,ulaw,A08
LA_E_9548840,1,alaw,A11
LA_E_9549323,1,pstn,A18
LA_E_9549573,0,g722,bonafide
LA_E_9549908,1,pstn,A13
LA_E_9549974,1,alaw,A14
LA_E_9550488,1,alaw,A16
LA_E_9550608,1,opus,A07
LA_E_9551178,1,gsm,A08
LA_E_9551445,1,none,A16
LA_E_9551536,1,opus,A19
LA_E_9552284,1,pstn,A12
LA_E_9552308,0,pstn,bonafide
LA_E_9552367,1,ulaw,A15
LA_E_9552620,0,g722,bonafide
LA_E_9553414,0,alaw,bonafide
LA_E_9553664,1,alaw,A08
LA_E_9553799,1,none,A12
LA_E_9553890,0,pstn,bonafide
LA_E_9553900,1,ulaw,A15
LA_E_9553966,1,alaw,A08
LA_E_9554005,1,none,A08
LA_E_9554416,0,gsm,bonafide
LA_E_9554969,1,opus,A19
LA_E_9555530,1,none,A10
LA_E_9555671,1,pstn,A07
LA_E_9555841,1,alaw,A09
LA_E_9556001,1,ulaw,A14
LA_E_9556030,1,ulaw,A09
LA_E_9556096,1,none,A11
LA_E_9556114,1,pstn,A11
LA_E_9556241,1,pstn,A15
LA_E_9556971,1,opus,A10
LA_E_9557075,1,gsm,A13
LA_E_9557112,1,pstn,A17
LA_E_9557345,1,pstn,A07
LA_E_9557626,1,none,A12
LA_E_9558093,1,g722,A12
LA_E_9558227,1,gsm,A16
LA_E_9558609,1,opus,A12
LA_E_9558696,1,pstn,A15
LA_E_9559242,0,opus,bonafide
LA_E_9559635,1,opus,A13
LA_E_9559709,0,pstn,bonafide
LA_E_9560763,1,alaw,A12
LA_E_9560913,0,g722,bonafide
LA_E_9561076,1,pstn,A19
LA_E_9561126,1,none,A07
LA_E_9561602,1,opus,A18
LA_E_9561829,1,none,A15
LA_E_9562167,1,g722,A13
LA_E_9562242,1,ulaw,A16
LA_E_9562520,1,ulaw,A08
LA_E_9562581,1,ulaw,A07
LA_E_9562605,1,opus,A14
LA_E_9562698,1,none,A19
LA_E_9562738,1,none,A12
LA_E_9563106,1,pstn,A11
LA_E_9563425,1,none,A16
LA_E_9563533,1,pstn,A13
LA_E_9564143,1,g722,A09
LA_E_9564288,0,none,bonafide
LA_E_9564487,1,ulaw,A17
LA_E_9564784,1,none,A08
LA_E_9565032,0,gsm,bonafide
LA_E_9565464,1,g722,A08
LA_E_9565522,1,pstn,A16
LA_E_9565653,1,pstn,A08
LA_E_9565891,1,pstn,A15
LA_E_9566199,1,gsm,A17
LA_E_9566355,0,alaw,bonafide
LA_E_9566412,1,pstn,A19
LA_E_9566432,1,opus,A11
LA_E_9566993,1,opus,A13
LA_E_9567260,1,none,A14
LA_E_9567333,1,alaw,A12
LA_E_9567793,1,ulaw,A13
LA_E_9568051,1,alaw,A19
LA_E_9568687,0,pstn,bonafide
LA_E_9569335,1,gsm,A08
LA_E_9570085,1,g722,A16
LA_E_9570323,1,none,A16
LA_E_9570399,1,alaw,A15
LA_E_9570553,1,none,A13
LA_E_9570803,1,gsm,A19
LA_E_9570890,1,g722,A16
LA_E_9571406,1,none,A13
LA_E_9571460,1,gsm,A18
LA_E_9571587,1,none,A18
LA_E_9572873,1,alaw,A18
LA_E_9573337,1,g722,A12
LA_E_9573563,1,ulaw,A07
LA_E_9573767,1,pstn,A14
LA_E_9574042,1,none,A09
LA_E_9574339,1,alaw,A07
LA_E_9574599,1,ulaw,A15
LA_E_9574727,1,opus,A18
LA_E_9574951,1,alaw,A08
LA_E_9575572,1,gsm,A10
LA_E_9575763,1,opus,A07
LA_E_9576041,1,pstn,A14
LA_E_9576318,1,alaw,A10
LA_E_9576995,1,ulaw,A14
LA_E_9577389,1,pstn,A16
LA_E_9577582,1,pstn,A11
LA_E_9577584,1,g722,A17
LA_E_9577637,1,gsm,A08
LA_E_9578067,1,pstn,A16
LA_E_9578636,1,none,A10
LA_E_9578890,1,pstn,A10
LA_E_9579322,1,pstn,A07
LA_E_9579567,1,opus,A10
LA_E_9580381,1,none,A07
LA_E_9580451,1,none,A18
LA_E_9580655,0,pstn,bonafide
LA_E_9580783,1,g722,A18
LA_E_9580906,1,pstn,A17
LA_E_9580986,1,gsm,A09
LA_E_9581011,1,gsm,A19
LA_E_9581539,0,opus,bonafide
LA_E_9581757,1,none,A15
LA_E_9582101,1,gsm,A16
LA_E_9582129,1,alaw,A19
LA_E_9582928,1,ulaw,A19
LA_E_9583099,1,none,A08
LA_E_9583575,1,opus,A19
LA_E_9584157,1,g722,A13
LA_E_9585040,1,alaw,A10
LA_E_9586341,1,alaw,A11
LA_E_9586478,1,none,A09
LA_E_9586537,1,alaw,A15
LA_E_9586686,0,gsm,bonafide
LA_E_9587418,1,none,A16
LA_E_9587962,1,ulaw,A15
LA_E_9588140,1,gsm,A11
LA_E_9588533,1,g722,A18
LA_E_9589217,1,alaw,A15
LA_E_9589279,1,g722,A18
LA_E_9589306,1,none,A19
LA_E_9589417,1,pstn,A12
LA_E_9590277,1,none,A07
LA_E_9591229,1,gsm,A15
LA_E_9591802,1,g722,A07
LA_E_9591918,1,g722,A07
LA_E_9592394,1,ulaw,A18
LA_E_9592408,0,gsm,bonafide
LA_E_9592712,1,opus,A15
LA_E_9592856,1,opus,A07
LA_E_9593035,1,none,A13
LA_E_9593063,0,pstn,bonafide
LA_E_9593355,1,none,A15
LA_E_9593814,1,opus,A16
LA_E_9594577,1,ulaw,A18
LA_E_9594677,1,none,A16
LA_E_9594812,1,alaw,A07
LA_E_9594937,0,g722,bonafide
LA_E_9595003,1,gsm,A09
LA_E_9595233,1,none,A11
LA_E_9596131,1,g722,A16
LA_E_9596133,1,gsm,A14
LA_E_9596396,1,alaw,A11
LA_E_9597220,1,gsm,A19
LA_E_9597349,1,gsm,A09
LA_E_9597372,1,ulaw,A18
LA_E_9598216,1,alaw,A18
LA_E_9598404,1,none,A18
LA_E_9599263,1,none,A19
LA_E_9599457,0,none,bonafide
LA_E_9599600,1,pstn,A15
LA_E_9599771,1,g722,A14
LA_E_9600167,0,gsm,bonafide
LA_E_9600624,1,ulaw,A11
LA_E_9600935,1,pstn,A08
LA_E_9601531,0,alaw,bonafide
LA_E_9601537,1,g722,A09
LA_E_9601906,1,none,A13
LA_E_9601990,0,gsm,bonafide
LA_E_9602421,0,gsm,bonafide
LA_E_9602502,1,opus,A15
LA_E_9602628,1,ulaw,A08
LA_E_9603073,1,pstn,A15
LA_E_9603392,1,pstn,A16
LA_E_9604914,1,gsm,A09
LA_E_9605433,1,alaw,A10
LA_E_9605757,1,opus,A17
LA_E_9605895,1,none,A19
LA_E_9606144,1,g722,A14
LA_E_9606184,1,ulaw,A10
LA_E_9606500,1,none,A08
LA_E_9606635,1,g722,A14
LA_E_9606923,1,none,A16
LA_E_9607428,0,none,bonafide
LA_E_9607524,1,opus,A08
LA_E_9607536,1,none,A10
LA_E_9607657,1,gsm,A13
LA_E_9607870,1,ulaw,A12
LA_E_9608108,1,g722,A08
LA_E_9608135,1,g722,A08
LA_E_9608223,1,ulaw,A07
LA_E_9608805,1,alaw,A19
LA_E_9609483,1,alaw,A08
LA_E_9609498,1,ulaw,A17
LA_E_9609695,1,gsm,A08
LA_E_9609750,1,pstn,A08
LA_E_9609779,1,none,A10
LA_E_9610026,0,g722,bonafide
LA_E_9610869,1,none,A08
LA_E_9610915,1,gsm,A10
LA_E_9610995,0,pstn,bonafide
LA_E_9611123,1,gsm,A16
LA_E_9611186,1,g722,A08
LA_E_9611369,0,none,bonafide
LA_E_9611391,1,pstn,A14
LA_E_9611467,1,alaw,A15
LA_E_9611679,1,opus,A07
LA_E_9612035,1,pstn,A14
LA_E_9613033,1,pstn,A11
LA_E_9613262,1,gsm,A10
LA_E_9613489,0,opus,bonafide
LA_E_9613520,1,ulaw,A11
LA_E_9614071,1,gsm,A18
LA_E_9614373,1,alaw,A19
LA_E_9614802,1,g722,A12
LA_E_9615141,1,pstn,A10
LA_E_9615198,1,none,A14
LA_E_9615519,1,pstn,A16
LA_E_9616318,1,pstn,A10
LA_E_9616495,1,none,A19
LA_E_9617039,1,pstn,A17
LA_E_9618697,0,g722,bonafide
LA_E_9618855,1,gsm,A16
LA_E_9619099,1,none,A15
LA_E_9619324,1,pstn,A19
LA_E_9619551,1,ulaw,A11
LA_E_9620041,1,pstn,A09
LA_E_9620049,1,ulaw,A19
LA_E_9620185,1,pstn,A10
LA_E_9620620,1,alaw,A19
LA_E_9620859,1,opus,A15
LA_E_9621149,1,gsm,A12
LA_E_9621335,1,pstn,A08
LA_E_9621809,1,pstn,A07
LA_E_9621996,0,g722,bonafide
LA_E_9622158,1,gsm,A16
LA_E_9622782,1,ulaw,A13
LA_E_9623104,1,opus,A16
LA_E_9623328,1,alaw,A15
LA_E_9623486,1,opus,A13
LA_E_9623778,1,pstn,A16
LA_E_9623934,1,alaw,A14
LA_E_9624552,1,none,A14
LA_E_9625291,1,none,A17
LA_E_9625411,1,pstn,A15
LA_E_9625478,1,alaw,A08
LA_E_9625669,1,opus,A14
LA_E_9626096,0,alaw,bonafide
LA_E_9626259,1,ulaw,A18
LA_E_9626294,1,pstn,A10
LA_E_9626362,1,ulaw,A15
LA_E_9626613,0,opus,bonafide
LA_E_9626814,0,ulaw,bonafide
LA_E_9627195,1,alaw,A17
LA_E_9628269,1,alaw,A09
LA_E_9628360,1,alaw,A11
LA_E_9628430,1,alaw,A15
LA_E_9629217,1,gsm,A08
LA_E_9629298,1,none,A12
LA_E_9629418,1,ulaw,A08
LA_E_9630047,1,ulaw,A17
LA_E_9630189,1,pstn,A17
LA_E_9630289,1,gsm,A09
LA_E_9630386,1,gsm,A13
LA_E_9630465,1,ulaw,A16
LA_E_9631535,1,pstn,A14
LA_E_9632377,1,alaw,A14
LA_E_9632426,1,g722,A12
LA_E_9633131,1,alaw,A13
LA_E_9633273,0,pstn,bonafide
LA_E_9633392,1,gsm,A12
LA_E_9634009,1,alaw,A13
LA_E_9634348,1,alaw,A17
LA_E_9634495,1,gsm,A14
LA_E_9634703,1,g722,A16
LA_E_9635800,1,alaw,A09
LA_E_9635853,1,ulaw,A10
LA_E_9636812,1,alaw,A11
LA_E_9637075,1,opus,A11
LA_E_9637163,1,gsm,A07
LA_E_9637294,1,gsm,A18
LA_E_9637835,0,g722,bonafide
LA_E_9637862,1,pstn,A16
LA_E_9637905,0,ulaw,bonafide
LA_E_9638037,1,opus,A14
LA_E_9638957,1,alaw,A15
LA_E_9638982,1,pstn,A16
LA_E_9639057,1,opus,A12
LA_E_9639104,1,none,A09
LA_E_9639229,1,ulaw,A15
LA_E_9639244,1,opus,A13
LA_E_9639495,1,ulaw,A09
LA_E_9639696,1,none,A14
LA_E_9639881,0,ulaw,bonafide
LA_E_9639966,1,opus,A13
LA_E_9640599,1,g722,A16
LA_E_9641938,1,pstn,A17
LA_E_9642457,1,g722,A11
LA_E_9642670,1,g722,A09
LA_E_9642689,1,none,A15
LA_E_9642727,1,g722,A17
LA_E_9642733,1,opus,A09
LA_E_9642932,1,opus,A14
LA_E_9643052,1,opus,A15
LA_E_9643084,1,pstn,A11
LA_E_9643862,1,none,A10
LA_E_9644143,1,ulaw,A14
LA_E_9644243,1,opus,A14
LA_E_9644253,0,ulaw,bonafide
LA_E_9644462,0,pstn,bonafide
LA_E_9646430,1,none,A16
LA_E_9646938,1,pstn,A09
LA_E_9647319,1,ulaw,A18
LA_E_9647520,0,none,bonafide
LA_E_9647993,1,g722,A17
LA_E_9648482,1,alaw,A13
LA_E_9648506,1,pstn,A07
LA_E_9648534,1,opus,A13
LA_E_9648656,1,pstn,A11
LA_E_9648671,1,ulaw,A07
LA_E_9648723,1,gsm,A08
LA_E_9648858,0,gsm,bonafide
LA_E_9649697,1,gsm,A10
LA_E_9650561,0,opus,bonafide
LA_E_9651158,1,g722,A07
LA_E_9651229,1,alaw,A19
LA_E_9651294,1,none,A18
LA_E_9652836,1,opus,A15
LA_E_9652847,0,none,bonafide
LA_E_9653245,1,g722,A18
LA_E_9653364,1,alaw,A11
LA_E_9653516,1,gsm,A08
LA_E_9653811,1,pstn,A15
LA_E_9654083,0,alaw,bonafide
LA_E_9654375,1,g722,A11
LA_E_9654589,1,none,A12
LA_E_9654853,1,ulaw,A15
LA_E_9655028,1,pstn,A11
LA_E_9655292,1,opus,A09
LA_E_9656128,1,alaw,A14
LA_E_9656425,1,pstn,A07
LA_E_9657134,1,g722,A11
LA_E_9657235,1,ulaw,A14
LA_E_9657532,1,ulaw,A14
LA_E_9657627,1,alaw,A17
LA_E_9658030,1,none,A11
LA_E_9658198,1,alaw,A08
LA_E_9658207,0,g722,bonafide
LA_E_9658318,1,gsm,A19
LA_E_9658441,0,none,bonafide
LA_E_9659417,1,ulaw,A14
LA_E_9659812,1,g722,A08
LA_E_9660139,1,none,A11
LA_E_9660616,1,gsm,A17
LA_E_9660658,0,ulaw,bonafide
LA_E_9661476,1,opus,A11
LA_E_9661592,1,opus,A07
LA_E_9661635,1,ulaw,A18
LA_E_9661753,1,none,A10
LA_E_9662186,1,gsm,A18
LA_E_9663055,1,g722,A17
LA_E_9663780,1,ulaw,A13
LA_E_9663882,0,g722,bonafide
LA_E_9664228,1,gsm,A11
LA_E_9664379,1,pstn,A18
LA_E_9665121,1,alaw,A08
LA_E_9665369,1,none,A10
LA_E_9666013,1,pstn,A15
LA_E_9666137,1,opus,A14
LA_E_9666155,1,g722,A18
LA_E_9667359,1,opus,A18
LA_E_9667519,1,g722,A08
LA_E_9667625,1,ulaw,A17
LA_E_9667971,1,pstn,A09
LA_E_9668515,1,gsm,A14
LA_E_9668864,1,none,A12
LA_E_9669193,1,none,A11
LA_E_9669665,1,gsm,A14
LA_E_9669745,1,alaw,A09
LA_E_9669965,1,gsm,A07
LA_E_9669995,0,pstn,bonafide
LA_E_9670217,1,alaw,A09
LA_E_9670662,1,opus,A19
LA_E_9670845,1,ulaw,A11
LA_E_9670897,1,none,A16
LA_E_9670922,0,ulaw,bonafide
LA_E_9671225,1,gsm,A17
LA_E_9671375,1,gsm,A09
LA_E_9671550,1,opus,A12
LA_E_9671921,0,alaw,bonafide
LA_E_9671964,1,pstn,A11
LA_E_9672225,1,opus,A16
LA_E_9672402,1,g722,A17
LA_E_9672461,1,opus,A17
LA_E_9672468,1,alaw,A15
LA_E_9673372,1,ulaw,A07
LA_E_9673470,0,opus,bonafide
LA_E_9673686,1,pstn,A13
LA_E_9674244,1,opus,A11
LA_E_9674667,1,gsm,A19
LA_E_9675074,1,ulaw,A13
LA_E_9676306,1,gsm,A14
LA_E_9676307,1,gsm,A09
LA_E_9676644,0,ulaw,bonafide
LA_E_9677174,0,alaw,bonafide
LA_E_9678677,1,g722,A15
LA_E_9678976,0,g722,bonafide
LA_E_9679236,1,ulaw,A19
LA_E_9680070,1,gsm,A19
LA_E_9680190,1,opus,A12
LA_E_9680209,1,opus,A19
LA_E_9680249,1,pstn,A09
LA_E_9680834,1,opus,A14
LA_E_9681256,1,none,A12
LA_E_9681351,1,alaw,A11
LA_E_9681515,1,opus,A14
LA_E_9682570,1,opus,A14
LA_E_9683897,1,g722,A13
LA_E_9684318,1,g722,A13
LA_E_9684340,1,ulaw,A14
LA_E_9684491,1,gsm,A11
LA_E_9684815,0,pstn,bonafide
LA_E_9684829,1,alaw,A13
LA_E_9685279,0,none,bonafide
LA_E_9685306,1,gsm,A12
LA_E_9685426,1,gsm,A10
LA_E_9685445,1,ulaw,A16
LA_E_9685563,1,g722,A17
LA_E_9685995,1,alaw,A09
LA_E_9686128,1,none,A18
LA_E_9686320,1,gsm,A07
LA_E_9686544,0,g722,bonafide
LA_E_9687060,1,g722,A19
LA_E_9687400,1,g722,A07
LA_E_9687612,1,opus,A12
LA_E_9687674,1,gsm,A10
LA_E_9687764,1,none,A11
LA_E_9689299,1,pstn,A07
LA_E_9689416,1,alaw,A08
LA_E_9690284,1,ulaw,A19
LA_E_9690556,1,pstn,A18
LA_E_9691202,1,opus,A13
LA_E_9691239,1,none,A10
LA_E_9691526,0,gsm,bonafide
LA_E_9691784,1,gsm,A18
LA_E_9692785,1,gsm,A16
LA_E_9693033,0,g722,bonafide
LA_E_9693936,1,g722,A18
LA_E_9694122,1,gsm,A15
LA_E_9694563,1,ulaw,A12
LA_E_9694830,1,opus,A17
LA_E_9694915,1,none,A11
LA_E_9695097,1,pstn,A12
LA_E_9695422,0,pstn,bonafide
LA_E_9695581,1,ulaw,A11
LA_E_9695638,1,ulaw,A11
LA_E_9696393,1,ulaw,A15
LA_E_9696857,1,opus,A11
LA_E_9697662,1,opus,A18
LA_E_9697904,1,g722,A10
LA_E_9698619,1,opus,A19
LA_E_9698761,1,pstn,A12
LA_E_9698816,1,ulaw,A16
LA_E_9699522,1,ulaw,A18
LA_E_9699577,1,gsm,A09
LA_E_9700010,1,g722,A13
LA_E_9700331,0,g722,bonafide
LA_E_9700384,1,gsm,A15
LA_E_9700837,1,pstn,A10
LA_E_9700972,1,g722,A08
LA_E_9701183,0,none,bonafide
LA_E_9701207,1,gsm,A15
LA_E_9701888,1,g722,A07
LA_E_9702475,1,opus,A11
LA_E_9702695,0,alaw,bonafide
LA_E_9702879,1,ulaw,A08
LA_E_9702924,1,opus,A15
LA_E_9703542,1,g722,A07
LA_E_9703601,1,alaw,A07
LA_E_9703616,1,pstn,A10
LA_E_9703934,0,pstn,bonafide
LA_E_9705655,1,alaw,A19
LA_E_9706236,0,none,bonafide
LA_E_9706744,1,alaw,A07
LA_E_9706756,0,g722,bonafide
LA_E_9707609,0,alaw,bonafide
LA_E_9707861,1,ulaw,A11
LA_E_9708749,0,opus,bonafide
LA_E_9708858,0,ulaw,bonafide
LA_E_9709713,1,opus,A16
LA_E_9709956,1,none,A18
LA_E_9710133,1,none,A18
LA_E_9710208,0,pstn,bonafide
LA_E_9710629,1,ulaw,A13
LA_E_9710850,0,ulaw,bonafide
LA_E_9711443,1,alaw,A19
LA_E_9711513,1,opus,A10
LA_E_9712125,1,g722,A07
LA_E_9712789,1,ulaw,A16
LA_E_9713343,1,alaw,A19
LA_E_9713383,1,gsm,A17
LA_E_9713528,0,pstn,bonafide
LA_E_9714347,1,pstn,A13
LA_E_9714955,0,pstn,bonafide
LA_E_9715489,1,alaw,A12
LA_E_9716146,1,gsm,A16
LA_E_9716302,1,gsm,A09
LA_E_9716445,1,alaw,A12
LA_E_9716606,1,pstn,A10
LA_E_9717045,1,opus,A17
LA_E_9717267,1,alaw,A19
LA_E_9717281,1,none,A19
LA_E_9717777,1,gsm,A14
LA_E_9717943,1,opus,A12
LA_E_9718215,1,opus,A18
LA_E_9718351,0,alaw,bonafide
LA_E_9718615,1,g722,A19
LA_E_9718842,1,none,A11
LA_E_9718934,0,gsm,bonafide
LA_E_9718960,1,none,A11
LA_E_9719229,1,ulaw,A13
LA_E_9719730,1,opus,A08
LA_E_9720094,0,opus,bonafide
LA_E_9720407,0,none,bonafide
LA_E_9720619,1,opus,A13
LA_E_9721215,1,pstn,A18
LA_E_9722098,1,alaw,A08
LA_E_9722251,1,gsm,A19
LA_E_9722472,1,g722,A15
LA_E_9723074,1,gsm,A14
LA_E_9723088,1,none,A14
LA_E_9723122,1,ulaw,A12
LA_E_9723521,1,ulaw,A13
LA_E_9723953,1,none,A08
LA_E_9724000,1,ulaw,A16
LA_E_9724438,1,alaw,A12
LA_E_9724479,0,g722,bonafide
LA_E_9724750,1,alaw,A13
LA_E_9724785,1,gsm,A17
LA_E_9724847,0,ulaw,bonafide
LA_E_9725017,1,none,A14
LA_E_9725225,1,g722,A13
LA_E_9725931,1,gsm,A11
LA_E_9725963,1,opus,A10
LA_E_9726171,1,g722,A15
LA_E_9726190,1,g722,A17
LA_E_9726261,1,none,A15
LA_E_9726989,1,ulaw,A17
LA_E_9727515,1,g722,A13
LA_E_9727866,1,gsm,A18
LA_E_9728094,1,ulaw,A12
LA_E_9728133,1,pstn,A13
LA_E_9728861,1,gsm,A14
LA_E_9728985,1,pstn,A08
LA_E_9729553,1,ulaw,A18
LA_E_9730304,1,pstn,A13
LA_E_9730353,1,g722,A12
LA_E_9731038,0,none,bonafide
LA_E_9731827,1,alaw,A13
LA_E_9731865,1,opus,A12
LA_E_9732508,1,opus,A10
LA_E_9732635,1,g722,A18
LA_E_9732758,1,g722,A19
LA_E_9733174,1,g722,A14
LA_E_9733533,0,gsm,bonafide
LA_E_9733578,1,g722,A10
LA_E_9733581,1,opus,A12
LA_E_9733730,1,none,A13
LA_E_9733913,1,gsm,A07
LA_E_9733933,1,gsm,A17
LA_E_9735499,0,gsm,bonafide
LA_E_9735669,1,ulaw,A18
LA_E_9736150,1,opus,A07
LA_E_9736986,1,gsm,A13
LA_E_9737291,1,ulaw,A15
LA_E_9738144,0,ulaw,bonafide
LA_E_9738420,1,opus,A08
LA_E_9739131,1,gsm,A18
LA_E_9739644,0,pstn,bonafide
LA_E_9739794,1,pstn,A08
LA_E_9739898,1,pstn,A18
LA_E_9739927,0,g722,bonafide
LA_E_9741111,1,pstn,A12
LA_E_9741690,0,ulaw,bonafide
LA_E_9742038,1,gsm,A17
LA_E_9742130,1,ulaw,A19
LA_E_9742166,1,none,A15
LA_E_9742224,1,ulaw,A08
LA_E_9742607,1,none,A11
LA_E_9742790,1,opus,A19
LA_E_9743159,1,opus,A08
LA_E_9743401,1,opus,A17
LA_E_9743722,1,alaw,A07
LA_E_9743746,1,pstn,A16
LA_E_9743837,1,g722,A10
LA_E_9744088,1,ulaw,A15
LA_E_9744816,1,none,A07
LA_E_9744958,1,opus,A12
LA_E_9745179,0,opus,bonafide
LA_E_9745999,1,none,A08
LA_E_9746206,0,opus,bonafide
LA_E_9746240,1,gsm,A08
LA_E_9746628,1,alaw,A10
LA_E_9747264,1,gsm,A09
LA_E_9747306,1,g722,A12
LA_E_9747932,1,none,A17
LA_E_9748740,1,gsm,A16
LA_E_9749080,1,none,A15
LA_E_9749197,1,ulaw,A15
LA_E_9749309,1,opus,A15
LA_E_9749417,1,ulaw,A11
LA_E_9749451,1,none,A17
LA_E_9750562,1,pstn,A12
LA_E_9750582,1,ulaw,A09
LA_E_9751804,1,pstn,A08
LA_E_9753159,1,g722,A12
LA_E_9753955,1,alaw,A18
LA_E_9754033,1,pstn,A19
LA_E_9754503,1,opus,A08
LA_E_9755108,1,gsm,A08
LA_E_9755280,1,pstn,A07
LA_E_9755344,1,g722,A11
LA_E_9755403,1,gsm,A17
LA_E_9755673,1,alaw,A17
LA_E_9756781,1,pstn,A08
LA_E_9756795,0,none,bonafide
LA_E_9757477,1,alaw,A18
LA_E_9758291,1,g722,A12
LA_E_9758545,1,g722,A14
LA_E_9758612,0,none,bonafide
LA_E_9759564,1,opus,A11
LA_E_9759579,1,gsm,A08
LA_E_9759707,1,opus,A12
LA_E_9760010,1,pstn,A07
LA_E_9760233,1,gsm,A13
LA_E_9760648,0,opus,bonafide
LA_E_9762380,1,pstn,A09
LA_E_9762432,0,ulaw,bonafide
LA_E_9762573,1,gsm,A16
LA_E_9762601,1,g722,A09
LA_E_9762783,1,g722,A09
LA_E_9763081,1,none,A16
LA_E_9763347,1,gsm,A15
LA_E_9763360,1,gsm,A09
LA_E_9763986,0,alaw,bonafide
LA_E_9764808,1,g722,A18
LA_E_9765716,0,gsm,bonafide
LA_E_9766059,1,pstn,A11
LA_E_9766654,1,opus,A15
LA_E_9766923,1,pstn,A11
LA_E_9767666,1,g722,A10
LA_E_9767715,1,gsm,A12
LA_E_9768447,0,ulaw,bonafide
LA_E_9769678,0,gsm,bonafide
LA_E_9769858,1,g722,A09
LA_E_9770267,1,alaw,A18
LA_E_9770272,1,pstn,A07
LA_E_9770855,0,ulaw,bonafide
LA_E_9771015,0,ulaw,bonafide
LA_E_9771379,1,ulaw,A09
LA_E_9771446,1,pstn,A16
LA_E_9772237,1,alaw,A18
LA_E_9772336,1,pstn,A17
LA_E_9772350,1,gsm,A16
LA_E_9773165,1,g722,A11
LA_E_9773601,1,pstn,A10
LA_E_9774683,1,pstn,A11
LA_E_9774998,1,alaw,A16
LA_E_9775525,1,pstn,A17
LA_E_9775874,1,pstn,A13
LA_E_9775907,1,opus,A07
LA_E_9776087,1,g722,A14
LA_E_9776113,1,g722,A08
LA_E_9776444,1,gsm,A09
LA_E_9776551,0,none,bonafide
LA_E_9776946,1,ulaw,A09
LA_E_9777459,1,pstn,A09
LA_E_9777734,1,pstn,A07
LA_E_9777964,1,g722,A15
LA_E_9778214,0,g722,bonafide
LA_E_9778426,1,none,A16
LA_E_9778508,1,none,A12
LA_E_9778615,1,gsm,A12
LA_E_9778705,1,pstn,A09
LA_E_9779750,1,pstn,A08
LA_E_9780383,1,none,A14
LA_E_9780566,1,ulaw,A19
LA_E_9780777,1,ulaw,A13
LA_E_9781549,1,gsm,A13
LA_E_9781812,1,alaw,A07
LA_E_9783580,0,opus,bonafide
LA_E_9784248,1,ulaw,A14
LA_E_9785174,1,g722,A09
LA_E_9785253,1,opus,A17
LA_E_9785740,1,pstn,A18
LA_E_9786248,1,gsm,A08
LA_E_9786758,1,g722,A15
LA_E_9786761,1,ulaw,A18
LA_E_9787219,1,gsm,A09
LA_E_9787612,1,pstn,A11
LA_E_9787952,1,pstn,A15
LA_E_9789053,1,gsm,A11
LA_E_9789097,1,g722,A09
LA_E_9789228,1,opus,A07
LA_E_9790650,1,none,A09
LA_E_9792106,1,none,A17
LA_E_9792215,1,none,A13
LA_E_9792306,1,none,A09
LA_E_9792351,1,g722,A16
LA_E_9792456,1,g722,A18
LA_E_9793107,1,gsm,A16
LA_E_9794713,1,ulaw,A14
LA_E_9794887,1,alaw,A14
LA_E_9795045,1,alaw,A19
LA_E_9796702,1,none,A13
LA_E_9797046,1,g722,A18
LA_E_9797083,1,opus,A07
LA_E_9797238,1,none,A18
LA_E_9797454,1,g722,A08
LA_E_9797581,1,alaw,A10
LA_E_9797639,1,opus,A09
LA_E_9799002,1,none,A18
LA_E_9799051,1,alaw,A09
LA_E_9799323,1,opus,A16
LA_E_9799491,1,g722,A16
LA_E_9799824,1,alaw,A17
LA_E_9800287,1,g722,A08
LA_E_9800449,1,g722,A10
LA_E_9800598,0,alaw,bonafide
LA_E_9800739,1,none,A16
LA_E_9800764,1,gsm,A14
LA_E_9801143,1,opus,A14
LA_E_9801239,1,gsm,A14
LA_E_9801274,0,opus,bonafide
LA_E_9802405,1,gsm,A10
LA_E_9802596,1,ulaw,A18
LA_E_9802894,1,gsm,A12
LA_E_9803749,0,pstn,bonafide
LA_E_9803972,1,pstn,A17
LA_E_9804533,1,gsm,A12
LA_E_9804653,1,pstn,A12
LA_E_9805721,1,alaw,A15
LA_E_9806965,1,ulaw,A11
LA_E_9806993,1,ulaw,A17
LA_E_9807188,1,pstn,A19
LA_E_9808087,0,pstn,bonafide
LA_E_9808173,0,ulaw,bonafide
LA_E_9808255,1,gsm,A11
LA_E_9808257,1,gsm,A16
LA_E_9808338,1,gsm,A10
LA_E_9808502,1,gsm,A15
LA_E_9808713,1,none,A18
LA_E_9808729,1,g722,A19
LA_E_9809358,1,alaw,A14
LA_E_9809401,1,pstn,A13
LA_E_9809717,1,gsm,A10
LA_E_9809855,1,none,A08
LA_E_9809866,1,none,A08
LA_E_9810330,1,gsm,A11
LA_E_9810491,1,pstn,A08
LA_E_9810564,1,none,A09
LA_E_9810853,1,alaw,A12
LA_E_9811299,1,g722,A08
LA_E_9811589,1,none,A14
LA_E_9811688,1,pstn,A08
LA_E_9812042,1,g722,A08
LA_E_9812643,0,alaw,bonafide
LA_E_9812782,1,pstn,A09
LA_E_9814390,0,alaw,bonafide
LA_E_9815037,1,alaw,A09
LA_E_9816260,1,ulaw,A09
LA_E_9817502,1,pstn,A11
LA_E_9818164,1,gsm,A18
LA_E_9818269,0,pstn,bonafide
LA_E_9818921,1,g722,A16
LA_E_9818922,0,ulaw,bonafide
LA_E_9819625,1,alaw,A13
LA_E_9820385,1,alaw,A08
LA_E_9820577,1,g722,A10
LA_E_9821474,1,g722,A16
LA_E_9821565,1,alaw,A08
LA_E_9821823,1,none,A11
LA_E_9821895,1,gsm,A18
LA_E_9823185,0,g722,bonafide
LA_E_9823462,1,none,A15
LA_E_9824211,1,alaw,A19
LA_E_9824330,1,g722,A17
LA_E_9826000,1,pstn,A11
LA_E_9826180,1,g722,A07
LA_E_9826310,1,ulaw,A10
LA_E_9826628,1,alaw,A10
LA_E_9826689,1,pstn,A18
LA_E_9827968,1,alaw,A12
LA_E_9828237,1,alaw,A16
LA_E_9828248,1,alaw,A15
LA_E_9828684,1,alaw,A14
LA_E_9829199,1,none,A11
LA_E_9829439,1,none,A11
LA_E_9830178,0,ulaw,bonafide
LA_E_9830288,1,gsm,A07
LA_E_9830739,1,opus,A12
LA_E_9830862,1,ulaw,A12
LA_E_9832026,1,g722,A07
LA_E_9832259,1,pstn,A15
LA_E_9832435,1,pstn,A16
LA_E_9832750,0,none,bonafide
LA_E_9833124,1,ulaw,A15
LA_E_9833187,1,alaw,A15
LA_E_9833288,1,g722,A13
LA_E_9833571,0,opus,bonafide
LA_E_9833593,1,alaw,A07
LA_E_9833953,1,ulaw,A16
LA_E_9834183,1,none,A13
LA_E_9834399,1,g722,A13
LA_E_9834663,1,g722,A15
LA_E_9835525,1,opus,A11
LA_E_9835730,0,ulaw,bonafide
LA_E_9836310,1,alaw,A19
LA_E_9836392,1,opus,A12
LA_E_9836515,1,alaw,A13
LA_E_9836721,1,opus,A07
LA_E_9837210,1,gsm,A11
LA_E_9837691,1,ulaw,A07
LA_E_9837713,0,ulaw,bonafide
LA_E_9838724,1,g722,A07
LA_E_9838970,1,gsm,A16
LA_E_9839224,1,alaw,A18
LA_E_9839452,1,g722,A12
LA_E_9839837,1,gsm,A12
LA_E_9841399,1,gsm,A15
LA_E_9841895,1,ulaw,A07
LA_E_9841899,0,gsm,bonafide
LA_E_9841988,1,none,A10
LA_E_9842019,1,g722,A12
LA_E_9842312,1,gsm,A07
LA_E_9842392,1,alaw,A08
LA_E_9842433,1,pstn,A10
LA_E_9843107,0,opus,bonafide
LA_E_9843250,1,opus,A15
LA_E_9844115,0,pstn,bonafide
LA_E_9844711,1,alaw,A14
LA_E_9844795,1,ulaw,A14
LA_E_9844947,1,gsm,A09
LA_E_9845135,1,alaw,A11
LA_E_9845423,1,alaw,A13
LA_E_9845554,1,pstn,A15
LA_E_9845772,1,g722,A09
LA_E_9846316,1,ulaw,A08
LA_E_9846675,1,none,A15
LA_E_9846798,1,ulaw,A07
LA_E_9847069,1,opus,A15
LA_E_9847456,1,none,A18
LA_E_9847717,1,pstn,A07
LA_E_9848016,1,alaw,A09
LA_E_9848295,1,alaw,A09
LA_E_9849316,1,pstn,A18
LA_E_9850266,1,pstn,A09
LA_E_9850880,1,alaw,A17
LA_E_9850897,1,ulaw,A14
LA_E_9851296,1,opus,A18
LA_E_9852213,1,opus,A15
LA_E_9853313,1,pstn,A16
LA_E_9853443,1,pstn,A17
LA_E_9853542,1,ulaw,A09
LA_E_9853691,0,gsm,bonafide
LA_E_9854771,1,alaw,A16
LA_E_9856248,1,none,A12
LA_E_9856730,0,alaw,bonafide
LA_E_9857226,1,opus,A16
LA_E_9857516,1,opus,A09
LA_E_9857666,0,alaw,bonafide
LA_E_9858247,1,none,A07
LA_E_9858491,1,ulaw,A09
LA_E_9858509,1,gsm,A12
LA_E_9858860,1,g722,A16
LA_E_9859622,1,g722,A18
LA_E_9860166,1,alaw,A13
LA_E_9860962,1,none,A11
LA_E_9861480,1,opus,A09
LA_E_9861566,0,none,bonafide
LA_E_9862040,1,pstn,A13
LA_E_9862162,1,pstn,A14
LA_E_9862267,1,none,A12
LA_E_9862983,1,gsm,A08
LA_E_9863123,1,g722,A18
LA_E_9863611,0,opus,bonafide
LA_E_9864165,1,none,A14
LA_E_9864257,1,ulaw,A13
LA_E_9864303,1,none,A08
LA_E_9864798,1,g722,A16
LA_E_9865585,1,none,A07
LA_E_9865666,1,ulaw,A19
LA_E_9865736,1,none,A10
LA_E_9866128,1,gsm,A09
LA_E_9866684,1,pstn,A09
LA_E_9867352,1,pstn,A08
LA_E_9867625,1,alaw,A18
LA_E_9867770,1,alaw,A10
LA_E_9868014,1,ulaw,A10
LA_E_9869618,1,g722,A18
LA_E_9870464,0,opus,bonafide
LA_E_9870591,1,alaw,A12
LA_E_9870873,1,none,A14
LA_E_9871107,1,pstn,A14
LA_E_9871310,1,opus,A08
LA_E_9871364,1,alaw,A17
LA_E_9871372,1,none,A16
LA_E_9871461,1,none,A10
LA_E_9871905,1,g722,A19
LA_E_9871922,1,opus,A08
LA_E_9872260,1,g722,A13
LA_E_9873071,1,opus,A08
LA_E_9873126,1,g722,A12
LA_E_9873286,1,gsm,A13
LA_E_9874466,1,gsm,A11
LA_E_9874748,1,alaw,A10
LA_E_9875669,0,alaw,bonafide
LA_E_9876288,1,pstn,A19
LA_E_9876723,1,pstn,A18
LA_E_9877252,1,ulaw,A17
LA_E_9877455,1,alaw,A17
LA_E_9877900,1,g722,A07
LA_E_9878028,1,opus,A19
LA_E_9878185,1,none,A12
LA_E_9878394,1,g722,A08
LA_E_9878538,1,none,A08
LA_E_9879518,1,g722,A11
LA_E_9880179,1,pstn,A10
LA_E_9880484,1,ulaw,A10
LA_E_9880684,1,alaw,A17
LA_E_9880847,1,pstn,A13
LA_E_9881446,1,none,A09
LA_E_9881566,1,opus,A19
LA_E_9882208,1,g722,A17
LA_E_9882865,1,pstn,A19
LA_E_9883245,1,alaw,A14
LA_E_9883800,1,none,A09
LA_E_9884970,1,pstn,A15
LA_E_9885433,1,pstn,A14
LA_E_9886258,1,ulaw,A14
LA_E_9886358,1,gsm,A10
LA_E_9886562,1,g722,A14
LA_E_9886579,1,ulaw,A15
LA_E_9886836,1,ulaw,A17
LA_E_9887453,1,ulaw,A15
LA_E_9887947,1,gsm,A10
LA_E_9888340,1,g722,A09
LA_E_9888702,1,opus,A07
LA_E_9888760,1,alaw,A07
LA_E_9888988,1,pstn,A16
LA_E_9889944,1,ulaw,A12
LA_E_9890082,1,opus,A14
LA_E_9890440,1,g722,A12
LA_E_9890836,1,alaw,A13
LA_E_9891538,1,none,A14
LA_E_9891718,1,ulaw,A18
LA_E_9892049,1,pstn,A09
LA_E_9892464,1,none,A16
LA_E_9892520,1,pstn,A09
LA_E_9893026,1,opus,A14
LA_E_9893040,1,ulaw,A09
LA_E_9893176,1,opus,A19
LA_E_9893313,1,gsm,A14
LA_E_9894122,1,opus,A10
LA_E_9894532,1,ulaw,A16
LA_E_9894714,1,opus,A18
LA_E_9894845,1,g722,A07
LA_E_9895205,1,alaw,A19
LA_E_9895374,1,opus,A07
LA_E_9895542,1,alaw,A11
LA_E_9895592,0,g722,bonafide
LA_E_9896695,1,pstn,A11
LA_E_9897041,1,opus,A11
LA_E_9897143,1,gsm,A07
LA_E_9898002,1,gsm,A17
LA_E_9898223,1,pstn,A18
LA_E_9898691,1,g722,A10
LA_E_9898712,1,pstn,A08
LA_E_9898939,1,ulaw,A09
LA_E_9899113,1,none,A17
LA_E_9899259,1,none,A13
LA_E_9899635,1,gsm,A10
LA_E_9899765,0,g722,bonafide
LA_E_9900007,0,alaw,bonafide
LA_E_9900072,1,ulaw,A16
LA_E_9900115,1,pstn,A15
LA_E_9900238,0,pstn,bonafide
LA_E_9900432,1,alaw,A15
LA_E_9900967,1,none,A17
LA_E_9901086,1,alaw,A07
LA_E_9901522,1,g722,A10
LA_E_9901864,1,gsm,A07
LA_E_9902187,1,gsm,A18
LA_E_9902238,1,opus,A11
LA_E_9902524,1,none,A07
LA_E_9902532,1,ulaw,A08
LA_E_9902600,0,gsm,bonafide
LA_E_9903323,1,gsm,A17
LA_E_9903533,1,ulaw,A16
LA_E_9903802,1,gsm,A12
LA_E_9903835,1,opus,A11
LA_E_9903947,1,pstn,A13
LA_E_9904217,1,pstn,A12
LA_E_9904438,0,ulaw,bonafide
LA_E_9904448,1,gsm,A12
LA_E_9904959,1,none,A11
LA_E_9905010,1,g722,A09
LA_E_9905067,1,none,A15
LA_E_9905097,1,alaw,A19
LA_E_9905349,1,gsm,A08
LA_E_9905442,1,gsm,A07
LA_E_9905478,0,g722,bonafide
LA_E_9906265,1,ulaw,A09
LA_E_9906821,1,none,A14
LA_E_9906865,1,gsm,A08
LA_E_9906917,1,g722,A11
LA_E_9907093,1,alaw,A11
LA_E_9907501,0,pstn,bonafide
LA_E_9907625,1,gsm,A10
LA_E_9907981,1,opus,A12
LA_E_9908171,1,alaw,A16
LA_E_9908308,1,ulaw,A19
LA_E_9908449,1,g722,A14
LA_E_9908513,1,g722,A16
LA_E_9908691,1,gsm,A16
LA_E_9909079,1,gsm,A10
LA_E_9909111,1,opus,A08
LA_E_9910917,1,alaw,A15
LA_E_9911381,1,alaw,A07
LA_E_9911696,1,opus,A18
LA_E_9912316,1,g722,A10
LA_E_9912376,0,ulaw,bonafide
LA_E_9912607,1,none,A19
LA_E_9912830,1,g722,A11
LA_E_9912977,1,alaw,A07
LA_E_9913069,1,opus,A12
LA_E_9913383,0,none,bonafide
LA_E_9913634,1,none,A07
LA_E_9913640,1,alaw,A11
LA_E_9913702,1,none,A18
LA_E_9913752,1,opus,A13
LA_E_9914461,1,gsm,A08
LA_E_9914794,1,gsm,A16
LA_E_9914934,1,none,A13
LA_E_9915010,1,alaw,A13
LA_E_9915092,1,none,A19
LA_E_9915439,1,ulaw,A12
LA_E_9915636,1,gsm,A15
LA_E_9916371,1,g722,A14
LA_E_9916430,1,ulaw,A11
LA_E_9916550,0,ulaw,bonafide
LA_E_9916627,0,ulaw,bonafide
LA_E_9917245,1,g722,A15
LA_E_9917357,0,opus,bonafide
LA_E_9917572,0,ulaw,bonafide
LA_E_9917727,1,g722,A15
LA_E_9917815,1,gsm,A18
LA_E_9918033,1,gsm,A19
LA_E_9918085,1,opus,A09
LA_E_9918237,1,g722,A19
LA_E_9918262,1,opus,A17
LA_E_9918803,1,gsm,A09
LA_E_9918876,1,g722,A18
LA_E_9919010,1,alaw,A10
LA_E_9919325,0,opus,bonafide
LA_E_9919382,1,none,A12
LA_E_9919692,1,pstn,A17
LA_E_9919877,1,alaw,A09
LA_E_9920761,0,none,bonafide
LA_E_9920862,1,ulaw,A11
LA_E_9921091,1,alaw,A17
LA_E_9921126,1,gsm,A15
LA_E_9921167,1,ulaw,A08
LA_E_9921311,1,opus,A11
LA_E_9921577,1,none,A10
LA_E_9921736,1,opus,A14
LA_E_9922757,1,alaw,A18
LA_E_9923158,1,none,A18
LA_E_9923493,1,gsm,A07
LA_E_9923673,1,gsm,A09
LA_E_9923913,1,pstn,A10
LA_E_9924307,1,opus,A15
LA_E_9924341,1,gsm,A09
LA_E_9924421,1,none,A17
LA_E_9924540,1,g722,A13
LA_E_9925059,0,ulaw,bonafide
LA_E_9925454,1,opus,A18
LA_E_9925482,1,gsm,A12
LA_E_9925836,1,opus,A10
LA_E_9925882,1,alaw,A12
LA_E_9926069,1,none,A13
LA_E_9926261,0,ulaw,bonafide
LA_E_9926304,1,gsm,A08
LA_E_9926740,1,gsm,A17
LA_E_9926895,1,alaw,A17
LA_E_9927144,1,opus,A19
LA_E_9927334,1,ulaw,A12
LA_E_9927434,0,pstn,bonafide
LA_E_9927652,1,gsm,A15
LA_E_9927925,1,alaw,A16
LA_E_9927927,1,none,A15
LA_E_9927964,1,alaw,A08
LA_E_9928517,1,pstn,A11
LA_E_9929298,1,g722,A13
LA_E_9929385,1,none,A15
LA_E_9929561,1,pstn,A08
LA_E_9929803,1,alaw,A09
LA_E_9930055,1,alaw,A07
LA_E_9930096,1,pstn,A10
LA_E_9930161,1,none,A09
LA_E_9930303,1,ulaw,A09
LA_E_9930321,1,g722,A17
LA_E_9930676,1,opus,A07
LA_E_9930745,0,g722,bonafide
LA_E_9930933,0,none,bonafide
LA_E_9931189,1,pstn,A10
LA_E_9931744,1,alaw,A19
LA_E_9931798,1,pstn,A08
LA_E_9932039,1,none,A15
LA_E_9932112,1,g722,A16
LA_E_9932226,1,none,A08
LA_E_9932265,1,opus,A11
LA_E_9932658,1,gsm,A13
LA_E_9933247,1,opus,A07
LA_E_9933758,1,alaw,A07
LA_E_9934123,0,opus,bonafide
LA_E_9934912,0,none,bonafide
LA_E_9935063,1,g722,A16
LA_E_9935147,1,gsm,A14
LA_E_9935283,1,opus,A09
LA_E_9935435,1,opus,A08
LA_E_9935660,1,alaw,A16
LA_E_9936060,1,gsm,A11
LA_E_9936099,1,none,A09
LA_E_9936586,1,alaw,A18
LA_E_9936962,1,opus,A16
LA_E_9937148,1,gsm,A18
LA_E_9937256,1,gsm,A13
LA_E_9937383,1,ulaw,A15
LA_E_9937421,1,alaw,A16
LA_E_9937499,1,opus,A10
LA_E_9937536,0,g722,bonafide
LA_E_9937680,1,opus,A11
LA_E_9937819,1,none,A09
LA_E_9938222,1,ulaw,A13
LA_E_9938378,1,g722,A09
LA_E_9938601,1,g722,A14
LA_E_9938723,1,gsm,A12
LA_E_9938862,1,opus,A09
LA_E_9938872,1,gsm,A08
LA_E_9938894,1,opus,A13
LA_E_9938967,1,g722,A17
LA_E_9939144,1,none,A08
LA_E_9939428,0,opus,bonafide
LA_E_9939471,1,g722,A15
LA_E_9939483,1,pstn,A19
LA_E_9939594,1,ulaw,A07
LA_E_9939651,1,pstn,A12
LA_E_9939658,0,gsm,bonafide
LA_E_9939995,1,opus,A13
LA_E_9940011,1,ulaw,A13
LA_E_9940021,1,ulaw,A17
LA_E_9940277,1,alaw,A12
LA_E_9940498,1,none,A10
LA_E_9940764,0,alaw,bonafide
LA_E_9941130,1,g722,A16
LA_E_9941229,0,pstn,bonafide
LA_E_9941390,1,ulaw,A13
LA_E_9942013,1,pstn,A16
LA_E_9942409,0,pstn,bonafide
LA_E_9942747,1,none,A18
LA_E_9942965,1,g722,A09
LA_E_9943070,0,ulaw,bonafide
LA_E_9943150,0,none,bonafide
LA_E_9943179,1,gsm,A16
LA_E_9943261,1,ulaw,A16
LA_E_9943269,0,g722,bonafide
LA_E_9943327,1,alaw,A18
LA_E_9943466,1,none,A14
LA_E_9943542,1,gsm,A16
LA_E_9943976,1,opus,A11
LA_E_9944400,1,alaw,A18
LA_E_9944584,1,pstn,A09
LA_E_9945193,1,gsm,A17
LA_E_9945260,0,opus,bonafide
LA_E_9945363,1,alaw,A19
LA_E_9945423,1,g722,A13
LA_E_9945672,1,alaw,A10
LA_E_9945847,1,gsm,A18
LA_E_9945903,1,alaw,A10
LA_E_9946045,1,g722,A11
LA_E_9946118,1,ulaw,A08
LA_E_9946205,1,g722,A10
LA_E_9946452,1,gsm,A12
LA_E_9946652,1,pstn,A11
LA_E_9946890,1,opus,A19
LA_E_9946965,1,alaw,A08
LA_E_9947251,1,pstn,A08
LA_E_9947276,1,alaw,A18
LA_E_9947383,1,gsm,A18
LA_E_9947555,1,g722,A19
LA_E_9947696,1,ulaw,A14
LA_E_9947742,1,pstn,A19
LA_E_9948169,1,none,A11
LA_E_9948216,1,gsm,A16
LA_E_9948258,1,gsm,A19
LA_E_9948301,1,none,A13
LA_E_9948730,1,none,A08
LA_E_9948783,0,none,bonafide
LA_E_9948913,1,none,A14
LA_E_9949073,1,gsm,A11
LA_E_9949309,1,ulaw,A19
LA_E_9949386,1,none,A19
LA_E_9949662,1,alaw,A10
LA_E_9949694,1,ulaw,A18
LA_E_9950781,1,ulaw,A12
LA_E_9951239,1,gsm,A18
LA_E_9951353,1,pstn,A16
LA_E_9951693,1,gsm,A14
LA_E_9951729,1,pstn,A15
LA_E_9951825,1,alaw,A13
LA_E_9952329,1,alaw,A15
LA_E_9952505,1,ulaw,A13
LA_E_9952617,1,alaw,A19
LA_E_9952731,1,pstn,A17
LA_E_9952804,1,pstn,A07
LA_E_9952908,1,alaw,A15
LA_E_9953169,1,alaw,A19
LA_E_9953261,1,opus,A12
LA_E_9953371,1,ulaw,A16
LA_E_9953487,1,pstn,A14
LA_E_9954182,1,none,A19
LA_E_9954219,0,gsm,bonafide
LA_E_9954248,1,gsm,A11
LA_E_9954786,1,alaw,A08
LA_E_9954936,0,gsm,bonafide
LA_E_9955085,1,gsm,A12
LA_E_9955207,0,opus,bonafide
LA_E_9955284,0,opus,bonafide
LA_E_9955746,1,ulaw,A13
LA_E_9955753,1,alaw,A10
LA_E_9956043,1,opus,A10
LA_E_9956119,1,none,A18
LA_E_9956161,0,opus,bonafide
LA_E_9956641,1,pstn,A14
LA_E_9956776,1,g722,A08
LA_E_9956798,1,gsm,A08
LA_E_9957044,1,alaw,A08
LA_E_9957431,1,none,A07
LA_E_9957643,1,alaw,A16
LA_E_9957890,1,pstn,A09
LA_E_9958076,1,pstn,A17
LA_E_9958090,1,ulaw,A11
LA_E_9958097,1,none,A12
LA_E_9958166,1,ulaw,A09
LA_E_9958183,1,alaw,A14
LA_E_9958360,1,g722,A19
LA_E_9958456,1,ulaw,A17
LA_E_9958467,1,ulaw,A17
LA_E_9958809,1,none,A17
LA_E_9958812,1,gsm,A07
LA_E_9959117,1,none,A12
LA_E_9959199,1,pstn,A07
LA_E_9959835,1,ulaw,A18
LA_E_9960012,1,alaw,A12
LA_E_9960296,1,pstn,A17
LA_E_9960769,1,none,A11
LA_E_9960924,0,gsm,bonafide
LA_E_9961057,0,none,bonafide
LA_E_9961304,0,ulaw,bonafide
LA_E_9961350,1,g722,A12
LA_E_9961361,1,ulaw,A18
LA_E_9961389,1,gsm,A16
LA_E_9961483,1,none,A17
LA_E_9962048,1,opus,A11
LA_E_9962093,1,pstn,A15
LA_E_9962106,1,none,A07
LA_E_9962177,1,none,A09
LA_E_9962753,1,g722,A18
LA_E_9962771,1,ulaw,A10
LA_E_9962784,1,opus,A14
LA_E_9963333,1,gsm,A12
LA_E_9963378,1,g722,A07
LA_E_9963445,1,gsm,A16
LA_E_9963964,1,g722,A18
LA_E_9964101,1,g722,A12
LA_E_9964118,1,opus,A07
LA_E_9964267,1,alaw,A08
LA_E_9964339,1,none,A16
LA_E_9964596,0,ulaw,bonafide
LA_E_9964756,1,alaw,A12
LA_E_9965024,1,opus,A17
LA_E_9965147,1,alaw,A09
LA_E_9965467,1,alaw,A14
LA_E_9965590,1,pstn,A10
LA_E_9965732,1,alaw,A11
LA_E_9966746,1,ulaw,A11
LA_E_9967109,1,none,A14
LA_E_9967213,1,none,A19
LA_E_9967339,1,none,A19
LA_E_9967415,0,ulaw,bonafide
LA_E_9967706,1,pstn,A13
LA_E_9967719,1,pstn,A11
LA_E_9968380,1,ulaw,A17
LA_E_9968864,1,alaw,A11
LA_E_9969877,1,none,A18
LA_E_9970260,1,gsm,A15
LA_E_9970394,1,none,A12
LA_E_9970560,1,gsm,A14
LA_E_9970887,1,none,A16
LA_E_9970982,1,opus,A17
LA_E_9971157,1,opus,A08
LA_E_9971354,0,none,bonafide
LA_E_9971911,1,opus,A12
LA_E_9971925,1,alaw,A15
LA_E_9972732,0,ulaw,bonafide
LA_E_9972974,1,gsm,A16
LA_E_9973091,1,alaw,A07
LA_E_9973815,1,none,A15
LA_E_9973889,1,gsm,A13
LA_E_9973896,1,none,A18
LA_E_9973899,1,g722,A07
LA_E_9973946,1,g722,A09
LA_E_9973978,1,alaw,A11
LA_E_9974025,1,ulaw,A17
LA_E_9974124,1,gsm,A11
LA_E_9974474,1,g722,A12
LA_E_9974897,1,pstn,A07
LA_E_9975759,1,g722,A08
LA_E_9976111,1,pstn,A12
LA_E_9976128,1,ulaw,A18
LA_E_9976298,1,opus,A19
LA_E_9976635,1,pstn,A19
LA_E_9976643,1,none,A14
LA_E_9977649,1,gsm,A17
LA_E_9977665,1,alaw,A18
LA_E_9977812,0,ulaw,bonafide
LA_E_9978008,1,opus,A10
LA_E_9978599,1,opus,A10
LA_E_9978612,1,opus,A15
LA_E_9978642,1,none,A16
LA_E_9978646,1,alaw,A13
LA_E_9978733,1,g722,A12
LA_E_9978938,1,ulaw,A14
LA_E_9978992,0,opus,bonafide
LA_E_9979210,1,none,A07
LA_E_9979251,1,gsm,A12
LA_E_9979262,1,pstn,A14
LA_E_9979352,1,ulaw,A12
LA_E_9979432,1,none,A15
LA_E_9979786,1,alaw,A08
LA_E_9979846,1,gsm,A19
LA_E_9980366,1,pstn,A18
LA_E_9980906,1,none,A10
LA_E_9980961,1,ulaw,A10
LA_E_9980985,1,gsm,A16
LA_E_9981389,1,gsm,A15
LA_E_9981669,1,g722,A13
LA_E_9981821,1,g722,A16
LA_E_9982537,1,g722,A08
LA_E_9982754,1,opus,A10
LA_E_9983263,1,gsm,A11
LA_E_9983467,1,none,A11
LA_E_9983559,1,alaw,A14
LA_E_9983715,1,opus,A18
LA_E_9983980,1,none,A10
LA_E_9984267,1,opus,A14
LA_E_9984478,1,opus,A12
LA_E_9984848,1,alaw,A12
LA_E_9985533,1,pstn,A16
LA_E_9986053,1,ulaw,A18
LA_E_9986201,1,none,A10
LA_E_9986269,0,gsm,bonafide
LA_E_9986628,1,pstn,A14
LA_E_9986751,1,ulaw,A15
LA_E_9987230,1,pstn,A09
LA_E_9987321,1,none,A18
LA_E_9987330,1,opus,A10
LA_E_9987611,1,alaw,A13
LA_E_9987716,1,alaw,A13
LA_E_9988063,1,opus,A10
LA_E_9988200,1,alaw,A08
LA_E_9988519,1,none,A16
LA_E_9988761,1,pstn,A15
LA_E_9988840,1,opus,A16
LA_E_9989047,1,ulaw,A10
LA_E_9989363,1,opus,A09
LA_E_9989382,1,g722,A08
LA_E_9989497,1,pstn,A07
LA_E_9989781,1,none,A17
LA_E_9989859,1,opus,A11
LA_E_9989986,1,g722,A17
LA_E_9991135,1,gsm,A19
LA_E_9991886,1,pstn,A09
LA_E_9991957,1,none,A16
LA_E_9991989,1,none,A11
LA_E_9992204,1,gsm,A12
LA_E_9992599,1,alaw,A12
LA_E_9992819,1,gsm,A19
LA_E_9992942,1,g722,A18
LA_E_9993077,1,g722,A14
LA_E_9993626,1,none,A16
LA_E_9994128,1,ulaw,A10
LA_E_9994191,1,g722,A08
LA_E_9994281,1,ulaw,A07
LA_E_9994444,1,gsm,A13
LA_E_9995404,1,opus,A07
LA_E_9995522,1,none,A19
LA_E_9995915,0,none,bonafide
LA_E_9995958,1,gsm,A14
LA_E_9996081,1,alaw,A14
LA_E_9996496,1,gsm,A10
LA_E_9997550,0,opus,bonafide
LA_E_9997927,1,ulaw,A18
LA_E_9998133,1,gsm,A08
LA_E_9999124,1,gsm,A18
LA_E_9999455,1,ulaw,A11
