arquivo,classe_binaria,codec,ataque
LA_E_1000048,1,opus,A08
LA_E_1000166,1,opus,A12
LA_E_1000174,1,g722,A08
LA_E_1000345,1,opus,A19
LA_E_1000624,1,ulaw,A13
LA_E_1000636,1,g722,A11
LA_E_1000795,1,ulaw,A11
LA_E_1000854,1,g722,A15
LA_E_1000931,1,opus,A18
LA_E_1000993,1,alaw,A15
LA_E_1001118,0,alaw,bonafide
LA_E_1001250,1,alaw,A17
LA_E_1001407,1,gsm,A12
LA_E_1001641,0,opus,bonafide
LA_E_1001660,1,gsm,A17
LA_E_1001804,1,g722,A10
LA_E_1001842,1,ulaw,A19
LA_E_1001928,1,gsm,A10
LA_E_1002159,1,alaw,A14
LA_E_1002161,1,ulaw,A18
LA_E_1002191,0,pstn,bonafide
LA_E_1002427,1,alaw,A10
LA_E_1002743,1,ulaw,A15
LA_E_1002895,1,ulaw,A16
LA_E_1003037,0,ulaw,bonafide
LA_E_1003103,1,pstn,A11
LA_E_1003528,1,pstn,A13
LA_E_1003624,1,pstn,A15
LA_E_1003634,1,opus,A07
LA_E_1003722,1,g722,A17
LA_E_1003795,1,none,A14
LA_E_1003961,1,opus,A09
LA_E_1004043,1,opus,A13
LA_E_1004209,1,ulaw,A12
LA_E_1004329,1,none,A16
LA_E_1004632,0,none,bonafide
LA_E_1004689,1,alaw,A18
LA_E_1004844,1,gsm,A07
LA_E_1004952,1,alaw,A12
LA_E_1005007,1,g722,A16
LA_E_1005176,1,pstn,A16
LA_E_1005780,1,g722,A07
LA_E_1005805,1,gsm,A18
LA_E_1005828,1,gsm,A16
LA_E_1005966,1,ulaw,A08
LA_E_1006073,1,ulaw,A07
LA_E_1006344,1,ulaw,A17
LA_E_1006404,1,none,A12
LA_E_1006487,1,gsm,A19
LA_E_1006521,1,ulaw,A09
LA_E_1006663,1,alaw,A13
LA_E_1006688,1,opus,A16
LA_E_1007006,1,g722,A14
LA_E_1007081,1,alaw,A11
LA_E_1007270,1,pstn,A08
LA_E_1007383,1,opus,A14
LA_E_1007537,1,none,A09
LA_E_1007790,1,g722,A18
LA_E_1007828,1,gsm,A14
LA_E_1007928,1,g722,A09
LA_E_1007943,1,alaw,A08
LA_E_1008159,1,gsm,A08
LA_E_1008300,1,alaw,A09
LA_E_1008419,1,none,A13
LA_E_1008458,0,g722,bonafide
LA_E_1008642,1,pstn,A09
LA_E_1008780,1,ulaw,A18
LA_E_1008914,1,ulaw,A18
LA_E_1009173,1,opus,A17
LA_E_1009470,1,opus,A10
LA_E_1010072,1,ulaw,A14
LA_E_1010450,1,none,A15
LA_E_1010473,1,none,A11
LA_E_1010485,1,alaw,A07
LA_E_1010878,1,gsm,A13
LA_E_1011071,1,alaw,A19
LA_E_1012689,1,none,A19
LA_E_1012775,0,opus,bonafide
LA_E_1012995,1,gsm,A09
LA_E_1013415,1,alaw,A16
LA_E_1013469,1,ulaw,A18
LA_E_1013500,1,g722,A19
LA_E_1013742,1,pstn,A19
LA_E_1013754,1,gsm,A11
LA_E_1013966,0,opus,bonafide
LA_E_1013975,1,opus,A13
LA_E_1014133,1,pstn,A14
LA_E_1014509,1,opus,A07
LA_E_1015064,1,opus,A15
LA_E_1015065,1,alaw,A17
LA_E_1015089,1,none,A10
LA_E_1016011,1,pstn,A10
LA_E_1016035,0,opus,bonafide
LA_E_1016273,1,alaw,A10
LA_E_1017441,1,opus,A14
LA_E_1017503,0,opus,bonafide
LA_E_1017599,1,ulaw,A13
LA_E_1017688,1,opus,A18
LA_E_1018008,1,opus,A13
LA_E_1018027,1,none,A19
LA_E_1018583,1,opus,A08
LA_E_1018792,1,pstn,A07
LA_E_1019124,1,ulaw,A13
LA_E_1019167,1,opus,A18
LA_E_1019503,1,opus,A14
LA_E_1019682,1,ulaw,A12
LA_E_1020073,1,none,A18
LA_E_1020123,1,ulaw,A10
LA_E_1020265,1,opus,A19
LA_E_1020564,1,gsm,A13
LA_E_1020912,1,none,A17
LA_E_1021072,1,gsm,A16
LA_E_1021339,1,pstn,A12
LA_E_1021536,1,opus,A14
LA_E_1021552,1,none,A12
LA_E_1022068,1,opus,A09
LA_E_1022101,1,none,A17
LA_E_1022414,1,opus,A17
LA_E_1022509,1,opus,A17
LA_E_1022522,1,opus,A08
LA_E_1022541,1,g722,A08
LA_E_1022606,1,g722,A07
LA_E_1022616,1,opus,A10
LA_E_1022966,1,g722,A12
LA_E_1023237,1,alaw,A17
LA_E_1023566,1,gsm,A10
LA_E_1023606,1,pstn,A18
LA_E_1023951,1,gsm,A15
LA_E_1024089,1,gsm,A08
LA_E_1024481,0,pstn,bonafide
LA_E_1024513,1,alaw,A14
LA_E_1024873,1,pstn,A08
LA_E_1024893,1,opus,A13
LA_E_1025418,0,gsm,bonafide
LA_E_1025657,1,none,A19
LA_E_1025682,1,g722,A07
LA_E_1025702,1,alaw,A15
LA_E_1026177,1,pstn,A08
LA_E_1026451,1,gsm,A16
LA_E_1026512,1,none,A17
LA_E_1026668,0,g722,bonafide
LA_E_1026801,1,ulaw,A15
LA_E_1027200,1,none,A09
LA_E_1027203,1,ulaw,A13
LA_E_1027283,0,opus,bonafide
LA_E_1027473,0,opus,bonafide
LA_E_1027709,1,gsm,A17
LA_E_1027791,1,g722,A16
LA_E_1027872,1,gsm,A14
LA_E_1027951,1,alaw,A18
LA_E_1028148,1,gsm,A11
LA_E_1028287,1,g722,A08
LA_E_1028427,1,none,A18
LA_E_1028459,1,none,A14
LA_E_1028587,1,none,A12
LA_E_1028891,1,opus,A09
LA_E_1029058,1,gsm,A10
LA_E_1029131,0,alaw,bonafide
LA_E_1029160,1,opus,A07
LA_E_1029339,1,gsm,A17
LA_E_1029549,1,opus,A15
LA_E_1029740,1,ulaw,A16
LA_E_1029876,1,none,A11
LA_E_1029970,1,gsm,A11
LA_E_1030139,1,none,A09
LA_E_1030215,1,gsm,A11
LA_E_1030368,1,g722,A18
LA_E_1030436,1,alaw,A07
LA_E_1030454,0,pstn,bonafide
LA_E_1030807,1,opus,A09
LA_E_1030830,1,alaw,A15
LA_E_1030855,1,alaw,A08
LA_E_1030879,1,pstn,A13
LA_E_1030981,1,g722,A10
LA_E_1031014,0,opus,bonafide
LA_E_1031054,1,pstn,A09
LA_E_1031129,1,alaw,A08
LA_E_1031271,1,opus,A16
LA_E_1031313,1,opus,A10
LA_E_1031364,1,pstn,A17
LA_E_1031558,1,ulaw,A13
LA_E_1031698,1,none,A14
LA_E_1031747,1,opus,A07
LA_E_1031807,1,gsm,A17
LA_E_1031892,1,pstn,A09
LA_E_1032157,1,opus,A12
LA_E_1032202,1,opus,A10
LA_E_1032349,1,none,A15
LA_E_1032638,1,alaw,A11
LA_E_1032839,1,opus,A17
LA_E_1032994,1,opus,A13
LA_E_1033069,1,ulaw,A09
LA_E_1033231,1,none,A11
LA_E_1033255,1,none,A08
LA_E_1033444,1,gsm,A09
LA_E_1033618,1,none,A15
LA_E_1033756,1,alaw,A13
LA_E_1034017,1,alaw,A18
LA_E_1034241,1,gsm,A15
LA_E_1034517,1,ulaw,A15
LA_E_1034623,1,gsm,A10
LA_E_1034816,1,opus,A16
LA_E_1034844,1,opus,A19
LA_E_1035111,1,g722,A14
LA_E_1035122,1,g722,A13
LA_E_1035340,1,opus,A19
LA_E_1035791,1,ulaw,A12
LA_E_1036084,0,gsm,bonafide
LA_E_1036564,0,ulaw,bonafide
LA_E_1036605,1,g722,A17
LA_E_1036713,1,none,A10
LA_E_1036753,1,gsm,A11
LA_E_1036755,1,g722,A17
LA_E_1036899,0,opus,bonafide
LA_E_1036988,1,none,A07
LA_E_1037069,1,none,A13
LA_E_1037202,1,alaw,A10
LA_E_1037364,1,gsm,A16
LA_E_1037380,1,opus,A15
LA_E_1037438,1,none,A13
LA_E_1037492,1,g722,A19
LA_E_1037988,1,opus,A15
LA_E_1038394,1,opus,A16
LA_E_1038461,1,none,A10
LA_E_1038483,1,gsm,A19
LA_E_1038687,1,opus,A10
LA_E_1038882,1,g722,A09
LA_E_1038940,0,none,bonafide
LA_E_1039199,1,gsm,A15
LA_E_1039472,1,ulaw,A12
LA_E_1039475,1,g722,A18
LA_E_1039594,1,gsm,A07
LA_E_1039624,1,ulaw,A09
LA_E_1039684,1,opus,A19
LA_E_1039695,0,none,bonafide
LA_E_1039928,1,ulaw,A11
LA_E_1039970,1,alaw,A19
LA_E_1040053,1,ulaw,A10
LA_E_1040070,1,opus,A16
LA_E_1040097,1,none,A18
LA_E_1040109,1,ulaw,A10
LA_E_1040440,0,pstn,bonafide
LA_E_1040665,1,g722,A16
LA_E_1041035,1,g722,A09
LA_E_1041091,1,ulaw,A15
LA_E_1041202,1,alaw,A13
LA_E_1041307,0,gsm,bonafide
LA_E_1041334,1,pstn,A11
LA_E_1041375,0,opus,bonafide
LA_E_1041460,1,ulaw,A19
LA_E_1041645,1,g722,A15
LA_E_1041736,1,alaw,A14
LA_E_1041779,1,ulaw,A11
LA_E_1041846,1,pstn,A07
LA_E_1041875,1,opus,A11
LA_E_1042005,1,gsm,A13
LA_E_1042144,1,ulaw,A09
LA_E_1042266,1,pstn,A19
LA_E_1042403,1,g722,A12
LA_E_1042407,1,none,A16
LA_E_1042542,0,gsm,bonafide
LA_E_1042584,1,gsm,A18
LA_E_1042815,1,gsm,A16
LA_E_1042860,1,ulaw,A13
LA_E_1042922,1,gsm,A15
LA_E_1043329,1,ulaw,A15
LA_E_1043528,1,opus,A09
LA_E_1043634,1,none,A07
LA_E_1043665,1,opus,A13
LA_E_1044155,1,g722,A12
LA_E_1044529,1,gsm,A14
LA_E_1044612,1,none,A17
LA_E_1044694,1,ulaw,A16
LA_E_1044878,1,opus,A09
LA_E_1044957,1,opus,A15
LA_E_1045030,0,alaw,bonafide
LA_E_1045377,1,ulaw,A18
LA_E_1045414,1,gsm,A11
LA_E_1045473,1,gsm,A11
LA_E_1045773,0,opus,bonafide
LA_E_1045862,1,alaw,A11
LA_E_1046166,1,pstn,A07
LA_E_1046465,1,none,A17
LA_E_1046475,1,opus,A16
LA_E_1046673,1,opus,A14
LA_E_1046731,1,g722,A19
LA_E_1046822,1,gsm,A13
LA_E_1047123,1,opus,A13
LA_E_1047184,1,pstn,A10
LA_E_1047335,0,g722,bonafide
LA_E_1047440,1,gsm,A10
LA_E_1047611,1,pstn,A15
LA_E_1047700,1,gsm,A19
LA_E_1047775,1,pstn,A19
LA_E_1047827,1,opus,A19
LA_E_1047838,0,alaw,bonafide
LA_E_1047845,1,ulaw,A15
LA_E_1048016,1,ulaw,A17
LA_E_1048222,0,ulaw,bonafide
LA_E_1048238,0,g722,bonafide
LA_E_1048299,0,gsm,bonafide
LA_E_1048651,1,opus,A17
LA_E_1048670,1,none,A08
LA_E_1048746,1,gsm,A12
LA_E_1049068,1,gsm,A15
LA_E_1049373,1,opus,A12
LA_E_1049493,1,ulaw,A10
LA_E_1049638,1,gsm,A08
LA_E_1050298,1,pstn,A18
LA_E_1050305,0,none,bonafide
LA_E_1050351,1,gsm,A11
LA_E_1050408,1,opus,A15
LA_E_1050695,1,gsm,A11
LA_E_1051090,0,alaw,bonafide
LA_E_1051103,1,pstn,A11
LA_E_1051255,1,pstn,A18
LA_E_1051513,1,none,A08
LA_E_1051662,1,g722,A14
LA_E_1051686,1,opus,A13
LA_E_1051925,1,opus,A12
LA_E_1051926,1,ulaw,A10
LA_E_1052026,1,alaw,A07
LA_E_1052122,1,none,A16
LA_E_1052176,1,gsm,A07
LA_E_1052579,1,g722,A15
LA_E_1052644,1,ulaw,A18
LA_E_1052731,1,pstn,A15
LA_E_1052994,1,opus,A19
LA_E_1053064,1,gsm,A19
LA_E_1053854,1,ulaw,A18
LA_E_1054526,1,opus,A18
LA_E_1054918,1,gsm,A12
LA_E_1054935,1,ulaw,A15
LA_E_1055314,0,gsm,bonafide
LA_E_1055782,1,gsm,A18
LA_E_1055988,1,gsm,A07
LA_E_1056389,1,g722,A11
LA_E_1056461,1,none,A14
LA_E_1056618,1,pstn,A13
LA_E_1056668,1,ulaw,A16
LA_E_1057015,0,none,bonafide
LA_E_1057066,1,ulaw,A14
LA_E_1057072,1,none,A17
LA_E_1057751,1,ulaw,A10
LA_E_1057777,1,opus,A19
LA_E_1058223,1,gsm,A09
LA_E_1058308,1,gsm,A19
LA_E_1058448,1,opus,A12
LA_E_1058551,1,g722,A08
LA_E_1058645,1,opus,A13
LA_E_1058646,1,gsm,A16
LA_E_1058696,1,ulaw,A09
LA_E_1058898,1,opus,A16
LA_E_1058986,1,opus,A07
LA_E_1059127,0,pstn,bonafide
LA_E_1059283,0,ulaw,bonafide
LA_E_1059606,1,pstn,A10
LA_E_1059691,1,opus,A16
LA_E_1059792,1,alaw,A15
LA_E_1059855,1,ulaw,A11
LA_E_1060032,1,alaw,A17
LA_E_1060119,1,pstn,A14
LA_E_1060202,0,ulaw,bonafide
LA_E_1060622,1,opus,A08
LA_E_1060845,1,opus,A19
LA_E_1060904,1,opus,A18
LA_E_1061163,0,none,bonafide
LA_E_1061422,0,alaw,bonafide
LA_E_1061462,1,gsm,A07
LA_E_1061510,1,none,A07
LA_E_1061517,1,g722,A10
LA_E_1062013,1,pstn,A09
LA_E_1062193,1,g722,A07
LA_E_1062374,0,alaw,bonafide
LA_E_1062717,1,ulaw,A13
LA_E_1062918,1,opus,A08
LA_E_1063694,1,opus,A11
LA_E_1064381,1,alaw,A17
LA_E_1064714,1,opus,A10
LA_E_1064823,1,alaw,A17
LA_E_1064854,1,gsm,A14
LA_E_1064946,1,alaw,A15
LA_E_1065161,1,opus,A14
LA_E_1065764,1,opus,A18
LA_E_1065949,1,alaw,A12
LA_E_1066504,0,gsm,bonafide
LA_E_1066663,1,pstn,A12
LA_E_1066827,1,none,A14
LA_E_1066924,1,gsm,A10
LA_E_1066968,1,gsm,A18
LA_E_1067558,1,ulaw,A14
LA_E_1067578,1,gsm,A13
LA_E_1067670,1,alaw,A09
LA_E_1067849,1,none,A08
LA_E_1067938,1,alaw,A12
LA_E_1068108,1,alaw,A14
LA_E_1068136,1,gsm,A10
LA_E_1068308,1,pstn,A09
LA_E_1068483,1,pstn,A07
LA_E_1068599,1,ulaw,A11
LA_E_1068624,0,g722,bonafide
LA_E_1069136,1,gsm,A14
LA_E_1069142,1,ulaw,A13
LA_E_1069265,1,opus,A14
LA_E_1069385,1,ulaw,A13
LA_E_1069528,1,gsm,A09
LA_E_1069777,0,gsm,bonafide
LA_E_1069942,1,opus,A15
LA_E_1069980,1,none,A11
LA_E_1070049,1,ulaw,A18
LA_E_1070110,1,pstn,A14
LA_E_1070240,1,ulaw,A19
LA_E_1070243,0,pstn,bonafide
LA_E_1070420,1,ulaw,A16
LA_E_1070438,1,alaw,A15
LA_E_1070525,1,opus,A10
LA_E_1070922,1,gsm,A09
LA_E_1071071,0,pstn,bonafide
LA_E_1071312,1,gsm,A16
LA_E_1071488,0,g722,bonafide
LA_E_1071887,1,opus,A09
LA_E_1072138,1,opus,A16
LA_E_1072378,1,none,A11
LA_E_1072693,1,gsm,A17
LA_E_1072909,1,pstn,A09
LA_E_1073107,1,alaw,A10
LA_E_1073361,1,opus,A16
LA_E_1073519,1,alaw,A19
LA_E_1073976,1,alaw,A09
LA_E_1074261,1,none,A14
LA_E_1074481,1,opus,A15
LA_E_1074655,1,none,A13
LA_E_1075184,1,ulaw,A17
LA_E_1075324,1,opus,A07
LA_E_1075445,1,ulaw,A16
LA_E_1075882,1,none,A19
LA_E_1076130,1,opus,A17
LA_E_1076147,1,opus,A10
LA_E_1076209,1,alaw,A16
LA_E_1076229,1,pstn,A07
LA_E_1076578,1,none,A13
LA_E_1076778,1,ulaw,A19
LA_E_1076811,1,none,A09
LA_E_1076904,1,opus,A09
LA_E_1076933,1,alaw,A07
LA_E_1077691,1,ulaw,A19
LA_E_1077837,1,none,A09
LA_E_1077880,1,opus,A07
LA_E_1077974,1,ulaw,A16
LA_E_1078009,1,g722,A16
LA_E_1078231,1,ulaw,A17
LA_E_1078418,0,g722,bonafide
LA_E_1078520,1,pstn,A08
LA_E_1078576,0,alaw,bonafide
LA_E_1078594,1,g722,A11
LA_E_1078775,1,none,A09
LA_E_1078932,1,gsm,A13
LA_E_1079444,1,pstn,A07
LA_E_1080158,1,alaw,A14
LA_E_1080268,1,opus,A10
LA_E_1080279,1,none,A19
LA_E_1080373,1,none,A12
LA_E_1080510,1,alaw,A16
LA_E_1080541,1,ulaw,A09
LA_E_1080547,1,none,A08
LA_E_1080736,1,ulaw,A07
LA_E_1080783,1,gsm,A10
LA_E_1081134,1,gsm,A18
LA_E_1081192,1,pstn,A12
LA_E_1081631,1,ulaw,A17
LA_E_1082594,0,pstn,bonafide
LA_E_1082752,1,g722,A16
LA_E_1082757,0,ulaw,bonafide
LA_E_1083188,0,pstn,bonafide
LA_E_1083603,1,ulaw,A15
LA_E_1083679,1,pstn,A11
LA_E_1083739,1,pstn,A13
LA_E_1084022,1,opus,A07
LA_E_1084094,0,ulaw,bonafide
LA_E_1084148,0,none,bonafide
LA_E_1084258,1,ulaw,A14
LA_E_1084423,1,none,A13
LA_E_1084796,1,ulaw,A09
LA_E_1085583,1,gsm,A15
LA_E_1085620,1,opus,A08
LA_E_1085679,1,gsm,A08
LA_E_1086050,1,ulaw,A08
LA_E_1086149,1,pstn,A18
LA_E_1086387,1,none,A07
LA_E_1086466,1,gsm,A10
LA_E_1086655,1,pstn,A15
LA_E_1086753,1,gsm,A11
LA_E_1086902,1,opus,A17
LA_E_1086947,1,opus,A11
LA_E_1087189,0,ulaw,bonafide
LA_E_1087293,1,alaw,A07
LA_E_1087461,1,ulaw,A07
LA_E_1087506,1,none,A19
LA_E_1087936,1,ulaw,A10
LA_E_1088153,1,ulaw,A10
LA_E_1088237,1,none,A10
LA_E_1088468,1,ulaw,A16
LA_E_1088590,1,none,A08
LA_E_1088594,1,ulaw,A19
LA_E_1088990,1,gsm,A15
LA_E_1089136,1,ulaw,A18
LA_E_1089374,1,none,A11
LA_E_1089410,1,alaw,A07
LA_E_1089613,1,ulaw,A12
LA_E_1089831,1,alaw,A10
LA_E_1089978,1,ulaw,A15
LA_E_1090033,1,alaw,A10
LA_E_1090121,1,ulaw,A16
LA_E_1090196,1,opus,A11
LA_E_1090591,1,gsm,A18
LA_E_1090602,1,gsm,A16
LA_E_1090644,1,ulaw,A15
LA_E_1090652,1,opus,A14
LA_E_1090669,1,gsm,A08
LA_E_1091169,1,opus,A07
LA_E_1091260,1,pstn,A18
LA_E_1091278,1,g722,A18
LA_E_1091855,1,pstn,A15
LA_E_1092655,1,ulaw,A11
LA_E_1092763,1,ulaw,A07
LA_E_1092827,1,g722,A16
LA_E_1092881,1,pstn,A15
LA_E_1093012,1,gsm,A11
LA_E_1093190,1,alaw,A14
LA_E_1093338,1,opus,A12
LA_E_1093560,1,ulaw,A09
LA_E_1093669,1,g722,A19
LA_E_1093757,1,gsm,A19
LA_E_1093857,1,g722,A12
LA_E_1094700,1,opus,A18
LA_E_1094950,0,pstn,bonafide
LA_E_1094981,1,ulaw,A07
LA_E_1095647,1,ulaw,A07
LA_E_1096089,1,ulaw,A17
LA_E_1096194,1,alaw,A13
LA_E_1096328,1,ulaw,A17
LA_E_1096386,1,gsm,A18
LA_E_1096526,1,gsm,A09
LA_E_1096915,1,opus,A08
LA_E_1097142,0,ulaw,bonafide
LA_E_1097260,1,alaw,A08
LA_E_1097307,1,opus,A14
LA_E_1097481,0,alaw,bonafide
LA_E_1097828,1,pstn,A12
LA_E_1098001,1,opus,A11
LA_E_1098017,1,g722,A14
LA_E_1098033,1,pstn,A11
LA_E_1098161,1,none,A07
LA_E_1098521,1,alaw,A11
LA_E_1098574,1,gsm,A15
LA_E_1098580,1,g722,A14
LA_E_1098671,1,alaw,A13
LA_E_1098679,1,gsm,A07
LA_E_1098828,1,g722,A08
LA_E_1098864,1,pstn,A19
LA_E_1099494,0,g722,bonafide
LA_E_1099716,1,alaw,A12
LA_E_1100263,0,none,bonafide
LA_E_1100367,0,none,bonafide
LA_E_1100840,0,ulaw,bonafide
LA_E_1101124,1,opus,A08
LA_E_1101309,1,opus,A09
LA_E_1101369,1,pstn,A08
LA_E_1101491,1,gsm,A09
LA_E_1102035,1,opus,A08
LA_E_1102106,1,none,A07
LA_E_1102140,1,alaw,A08
LA_E_1102239,1,pstn,A19
LA_E_1102340,1,opus,A15
LA_E_1102530,1,gsm,A16
LA_E_1103044,1,pstn,A13
LA_E_1103124,1,alaw,A18
LA_E_1103333,1,g722,A18
LA_E_1103442,0,g722,bonafide
LA_E_1103579,1,g722,A15
LA_E_1103751,1,g722,A07
LA_E_1103793,1,pstn,A19
LA_E_1103894,1,g722,A18
LA_E_1104073,1,none,A17
LA_E_1105342,1,gsm,A08
LA_E_1105688,1,gsm,A08
LA_E_1105780,1,g722,A13
LA_E_1105788,1,opus,A17
LA_E_1105810,1,alaw,A08
LA_E_1105952,1,none,A10
LA_E_1106029,1,none,A10
LA_E_1106087,1,opus,A15
LA_E_1106224,1,gsm,A12
LA_E_1106413,1,none,A18
LA_E_1106629,1,alaw,A12
LA_E_1107356,1,gsm,A07
LA_E_1107638,1,none,A12
LA_E_1107788,1,ulaw,A19
LA_E_1107948,1,pstn,A13
LA_E_1108853,1,opus,A16
LA_E_1109456,1,alaw,A11
LA_E_1109565,1,g722,A13
LA_E_1109922,1,gsm,A19
LA_E_1109956,0,gsm,bonafide
LA_E_1110028,1,ulaw,A08
LA_E_1110140,1,ulaw,A09
LA_E_1110299,1,pstn,A14
LA_E_1110332,1,pstn,A14
LA_E_1110342,1,none,A16
LA_E_1110347,1,alaw,A12
LA_E_1110442,1,gsm,A13
LA_E_1110714,1,gsm,A18
LA_E_1110770,1,pstn,A18
LA_E_1110826,1,g722,A15
LA_E_1110887,1,opus,A12
LA_E_1110896,1,pstn,A11
LA_E_1111329,1,g722,A07
LA_E_1111573,1,gsm,A18
LA_E_1111631,1,none,A17
LA_E_1112023,1,gsm,A08
LA_E_1112100,1,ulaw,A17
LA_E_1112438,0,none,bonafide
LA_E_1112523,1,pstn,A17
LA_E_1112902,1,gsm,A15
LA_E_1112976,1,pstn,A12
LA_E_1113301,1,gsm,A17
LA_E_1113600,1,ulaw,A10
LA_E_1113889,1,none,A17
LA_E_1114201,0,alaw,bonafide
LA_E_1114496,1,alaw,A18
LA_E_1114765,1,gsm,A08
LA_E_1114802,1,pstn,A12
LA_E_1114805,1,opus,A11
LA_E_1115910,1,alaw,A13
LA_E_1115984,1,opus,A09
LA_E_1116014,1,g722,A17
LA_E_1116929,1,ulaw,A18
LA_E_1117155,1,g722,A17
LA_E_1117722,1,none,A16
LA_E_1117725,1,gsm,A13
LA_E_1118410,1,ulaw,A08
LA_E_1118558,1,g722,A11
LA_E_1118575,1,pstn,A14
LA_E_1118616,1,gsm,A09
LA_E_1118739,1,alaw,A11
LA_E_1118777,1,ulaw,A12
LA_E_1119516,1,gsm,A14
LA_E_1120089,1,g722,A12
LA_E_1120282,1,pstn,A09
LA_E_1120322,1,g722,A12
LA_E_1120400,0,opus,bonafide
LA_E_1120438,1,ulaw,A17
LA_E_1120529,1,gsm,A14
LA_E_1120579,1,opus,A17
LA_E_1120646,1,g722,A19
LA_E_1120860,1,gsm,A11
LA_E_1121479,1,gsm,A17
LA_E_1122030,1,g722,A08
LA_E_1122650,1,g722,A09
LA_E_1122960,1,ulaw,A10
LA_E_1123462,1,pstn,A17
LA_E_1123532,1,gsm,A19
LA_E_1123583,1,ulaw,A12
LA_E_1123606,1,pstn,A16
LA_E_1123714,1,gsm,A09
LA_E_1123743,1,opus,A11
LA_E_1123750,0,gsm,bonafide
LA_E_1124083,1,pstn,A08
LA_E_1124435,1,g722,A17
LA_E_1124451,1,alaw,A16
LA_E_1124472,1,pstn,A09
LA_E_1125254,1,ulaw,A11
LA_E_1126267,0,opus,bonafide
LA_E_1126384,1,opus,A12
LA_E_1126731,1,opus,A12
LA_E_1127015,1,g722,A09
LA_E_1127062,1,gsm,A07
LA_E_1128178,1,opus,A09
LA_E_1128206,1,alaw,A19
LA_E_1128947,1,opus,A11
LA_E_1129002,1,g722,A15
LA_E_1129029,1,none,A17
LA_E_1129058,1,gsm,A14
LA_E_1129728,1,gsm,A14
LA_E_1130010,1,none,A12
LA_E_1130454,1,g722,A11
LA_E_1130756,1,ulaw,A08
LA_E_1131130,1,alaw,A09
LA_E_1131247,1,alaw,A16
LA_E_1131523,1,none,A15
LA_E_1131615,1,alaw,A18
LA_E_1131796,1,g722,A13
LA_E_1132206,1,opus,A16
LA_E_1132269,1,ulaw,A13
LA_E_1132456,1,g722,A13
LA_E_1132478,1,opus,A11
LA_E_1133730,0,gsm,bonafide
LA_E_1135173,1,g722,A13
LA_E_1135357,1,none,A15
LA_E_1135379,1,alaw,A10
LA_E_1135698,1,gsm,A17
LA_E_1135749,1,none,A13
LA_E_1136512,1,opus,A14
LA_E_1136791,1,alaw,A19
LA_E_1137391,1,ulaw,A19
LA_E_1137437,1,gsm,A17
LA_E_1138182,1,g722,A19
LA_E_1138219,1,g722,A11
LA_E_1138278,1,alaw,A19
LA_E_1138577,1,none,A18
LA_E_1138657,1,none,A15
LA_E_1138777,1,none,A18
LA_E_1139232,1,gsm,A13
LA_E_1140022,1,ulaw,A07
LA_E_1140477,1,opus,A15
LA_E_1141169,0,opus,bonafide
LA_E_1141173,1,ulaw,A07
LA_E_1141589,1,alaw,A15
LA_E_1142283,1,gsm,A11
LA_E_1143205,1,none,A14
LA_E_1143242,1,alaw,A12
LA_E_1143717,1,ulaw,A15
LA_E_1143808,1,g722,A09
LA_E_1144069,1,opus,A14
LA_E_1144144,1,ulaw,A19
LA_E_1144166,1,alaw,A16
LA_E_1145058,1,ulaw,A13
LA_E_1145349,1,gsm,A13
LA_E_1145489,1,ulaw,A09
LA_E_1145771,1,gsm,A07
LA_E_1146255,1,gsm,A12
LA_E_1146353,0,g722,bonafide
LA_E_1146504,1,opus,A18
LA_E_1146528,1,none,A14
LA_E_1146850,1,pstn,A07
LA_E_1147324,1,none,A19
LA_E_1147409,1,alaw,A09
LA_E_1148077,1,alaw,A15
LA_E_1148188,1,pstn,A15
LA_E_1148696,1,none,A16
LA_E_1152118,1,none,A19
LA_E_1152523,1,pstn,A09
LA_E_1152738,1,pstn,A11
LA_E_1152776,1,none,A13
LA_E_1153048,1,opus,A09
LA_E_1153313,1,ulaw,A14
LA_E_1153558,1,pstn,A16
LA_E_1154238,1,ulaw,A12
LA_E_1154670,1,ulaw,A12
LA_E_1155057,1,pstn,A07
LA_E_1155112,1,pstn,A12
LA_E_1155910,1,ulaw,A08
LA_E_1157174,1,alaw,A09
LA_E_1157460,1,pstn,A10
LA_E_1157681,1,pstn,A17
LA_E_1158367,1,alaw,A13
LA_E_1159189,1,pstn,A10
LA_E_1159532,1,opus,A17
LA_E_1159904,1,gsm,A11
LA_E_1160122,1,g722,A14
LA_E_1160597,1,opus,A07
LA_E_1160939,1,gsm,A12
LA_E_1161145,1,none,A13
LA_E_1161415,1,pstn,A17
LA_E_1161660,1,ulaw,A11
LA_E_1161717,1,opus,A16
LA_E_1161959,1,ulaw,A07
LA_E_1162195,1,gsm,A15
LA_E_1162365,1,gsm,A17
LA_E_1162569,1,pstn,A17
LA_E_1163127,1,ulaw,A14
LA_E_1163229,1,ulaw,A19
LA_E_1163735,1,opus,A18
LA_E_1164027,1,ulaw,A11
LA_E_1164329,1,none,A19
LA_E_1164693,1,pstn,A10
LA_E_1165154,1,gsm,A12
LA_E_1166140,1,gsm,A13
LA_E_1166550,1,opus,A07
LA_E_1167133,1,g722,A10
LA_E_1167172,0,ulaw,bonafide
LA_E_1167630,1,alaw,A11
LA_E_1167782,1,none,A12
LA_E_1168285,0,alaw,bonafide
LA_E_1168403,1,alaw,A07
LA_E_1169362,1,ulaw,A18
LA_E_1169685,1,none,A15
LA_E_1169997,0,ulaw,bonafide
LA_E_1170350,1,ulaw,A07
LA_E_1170707,1,none,A08
LA_E_1170852,1,alaw,A18
LA_E_1170906,1,alaw,A17
LA_E_1171147,1,gsm,A11
LA_E_1171483,1,none,A14
LA_E_1171575,1,alaw,A13
LA_E_1171740,1,alaw,A08
LA_E_1171861,1,pstn,A12
LA_E_1171934,1,g722,A10
LA_E_1172591,1,ulaw,A10
LA_E_1172714,1,none,A17
LA_E_1172821,1,ulaw,A18
LA_E_1173947,1,none,A07
LA_E_1174061,1,gsm,A12
LA_E_1174381,0,gsm,bonafide
LA_E_1175832,1,gsm,A15
LA_E_1175909,1,g722,A10
LA_E_1175962,1,alaw,A14
LA_E_1175995,0,ulaw,bonafide
LA_E_1176316,1,opus,A15
LA_E_1176358,1,ulaw,A13
LA_E_1176527,1,ulaw,A13
LA_E_1176706,1,pstn,A11
LA_E_1177037,1,pstn,A12
LA_E_1177169,1,opus,A17
LA_E_1177238,1,ulaw,A12
LA_E_1177266,1,none,A09
LA_E_1177885,1,ulaw,A12
LA_E_1177969,1,none,A17
LA_E_1177980,1,none,A15
LA_E_1178064,1,opus,A18
LA_E_1178311,0,ulaw,bonafide
LA_E_1178863,1,gsm,A19
LA_E_1179042,1,none,A12
LA_E_1179370,1,alaw,A18
LA_E_1179567,1,pstn,A07
LA_E_1179705,1,ulaw,A19
LA_E_1179755,1,none,A09
LA_E_1179787,1,ulaw,A09
LA_E_1179789,1,alaw,A13
LA_E_1180049,1,pstn,A13
LA_E_1180089,1,alaw,A12
LA_E_1180297,0,opus,bonafide
LA_E_1180410,1,ulaw,A14
LA_E_1180513,1,gsm,A12
LA_E_1180885,0,opus,bonafide
LA_E_1181315,1,pstn,A14
LA_E_1181476,1,none,A12
LA_E_1181895,1,g722,A12
LA_E_1181987,1,opus,A07
LA_E_1182717,1,opus,A12
LA_E_1183679,1,pstn,A14
LA_E_1183993,1,opus,A09
LA_E_1184194,1,g722,A11
LA_E_1184310,1,pstn,A15
LA_E_1184559,1,ulaw,A08
LA_E_1184714,0,pstn,bonafide
LA_E_1184744,0,alaw,bonafide
LA_E_1184826,1,opus,A15
LA_E_1184999,0,ulaw,bonafide
LA_E_1185322,1,ulaw,A08
LA_E_1185527,1,ulaw,A14
LA_E_1185653,1,opus,A14
LA_E_1186790,1,pstn,A07
LA_E_1187323,1,alaw,A08
LA_E_1188608,1,opus,A17
LA_E_1188638,0,pstn,bonafide
LA_E_1188663,1,opus,A12
LA_E_1188779,1,g722,A12
LA_E_1188809,1,none,A15
LA_E_1188812,1,opus,A16
LA_E_1188973,1,g722,A11
LA_E_1189222,1,none,A09
LA_E_1189742,1,ulaw,A13
LA_E_1190162,1,none,A07
LA_E_1190806,1,gsm,A17
LA_E_1191735,1,alaw,A15
LA_E_1191911,0,alaw,bonafide
LA_E_1192007,1,none,A08
LA_E_1192111,1,alaw,A11
LA_E_1192408,1,alaw,A13
LA_E_1192537,0,ulaw,bonafide
LA_E_1192545,1,alaw,A08
LA_E_1192660,1,ulaw,A13
LA_E_1192963,1,opus,A19
LA_E_1193709,1,gsm,A15
LA_E_1193831,1,opus,A16
LA_E_1194251,1,ulaw,A14
LA_E_1194764,1,none,A19
LA_E_1194952,1,g722,A07
LA_E_1195259,1,pstn,A08
LA_E_1195896,0,gsm,bonafide
LA_E_1195902,1,alaw,A16
LA_E_1196479,1,pstn,A09
LA_E_1196622,1,ulaw,A12
LA_E_1196952,1,g722,A11
LA_E_1196968,1,none,A14
LA_E_1197177,1,pstn,A15
LA_E_1197293,1,g722,A13
LA_E_1197529,1,none,A11
LA_E_1197809,1,ulaw,A08
LA_E_1198009,0,pstn,bonafide
LA_E_1199094,1,g722,A16
LA_E_1199985,1,ulaw,A15
LA_E_1200472,1,pstn,A19
LA_E_1200932,1,ulaw,A18
LA_E_1201421,1,pstn,A12
LA_E_1201782,1,g722,A15
LA_E_1202887,1,gsm,A18
LA_E_1203406,1,alaw,A09
LA_E_1203689,1,pstn,A11
LA_E_1203791,0,opus,bonafide
LA_E_1203860,1,ulaw,A09
LA_E_1204584,1,ulaw,A12
LA_E_1205060,1,g722,A15
LA_E_1205242,1,gsm,A11
LA_E_1205259,1,gsm,A19
LA_E_1205438,1,gsm,A11
LA_E_1205443,0,none,bonafide
LA_E_1206070,1,ulaw,A08
LA_E_1206419,1,pstn,A14
LA_E_1207138,1,ulaw,A10
LA_E_1207167,1,opus,A14
LA_E_1207178,0,gsm,bonafide
LA_E_1207199,1,pstn,A07
LA_E_1207370,1,none,A13
LA_E_1208174,1,alaw,A11
LA_E_1208481,1,g722,A09
LA_E_1208683,1,none,A14
LA_E_1208807,1,opus,A07
LA_E_1209283,1,alaw,A17
LA_E_1209678,1,ulaw,A15
LA_E_1209694,1,alaw,A15
LA_E_1210153,1,pstn,A08
LA_E_1210381,1,g722,A13
LA_E_1210876,1,alaw,A17
LA_E_1211027,1,none,A15
LA_E_1211087,1,alaw,A09
LA_E_1211327,1,alaw,A16
LA_E_1211556,0,pstn,bonafide
LA_E_1212018,1,alaw,A08
LA_E_1213211,1,none,A11
LA_E_1213233,1,alaw,A10
LA_E_1213295,1,none,A17
LA_E_1214093,1,pstn,A14
LA_E_1214240,1,gsm,A07
LA_E_1215246,1,opus,A17
LA_E_1215651,1,ulaw,A07
LA_E_1216063,1,pstn,A15
LA_E_1216516,0,alaw,bonafide
LA_E_1216705,0,gsm,bonafide
LA_E_1217705,0,opus,bonafide
LA_E_1217970,1,pstn,A10
LA_E_1218395,1,alaw,A12
LA_E_1218521,1,none,A10
LA_E_1218877,1,alaw,A07
LA_E_1218939,1,ulaw,A15
LA_E_1219728,1,alaw,A11
LA_E_1220180,1,none,A12
LA_E_1220964,1,none,A08
LA_E_1221412,1,g722,A17
LA_E_1221431,1,pstn,A18
LA_E_1221696,1,opus,A14
LA_E_1221883,1,g722,A19
LA_E_1222150,1,alaw,A10
LA_E_1222604,1,g722,A08
LA_E_1223480,1,g722,A13
LA_E_1223678,1,gsm,A09
LA_E_1223830,0,alaw,bonafide
LA_E_1224258,0,g722,bonafide
LA_E_1224941,1,g722,A07
LA_E_1225257,1,opus,A17
LA_E_1225281,1,pstn,A11
LA_E_1225657,1,alaw,A07
LA_E_1225751,1,gsm,A19
LA_E_1226193,1,g722,A14
LA_E_1226309,1,none,A07
LA_E_1226340,1,pstn,A10
LA_E_1227046,1,opus,A13
LA_E_1227257,1,pstn,A09
LA_E_1227339,1,ulaw,A10
LA_E_1227517,1,none,A08
LA_E_1227659,1,g722,A14
LA_E_1227708,1,alaw,A18
LA_E_1227944,1,g722,A09
LA_E_1227968,0,opus,bonafide
LA_E_1228187,1,g722,A19
LA_E_1228455,1,none,A16
LA_E_1228707,1,opus,A10
LA_E_1228995,1,pstn,A16
LA_E_1229108,1,ulaw,A13
LA_E_1229556,1,opus,A08
LA_E_1229604,0,pstn,bonafide
LA_E_1229691,1,opus,A19
LA_E_1230155,1,g722,A18
LA_E_1230224,1,pstn,A07
LA_E_1230328,1,none,A16
LA_E_1230758,1,opus,A12
LA_E_1230777,1,alaw,A13
LA_E_1230829,1,ulaw,A09
LA_E_1231061,1,alaw,A14
LA_E_1231238,1,none,A18
LA_E_1232287,1,gsm,A13
LA_E_1232511,1,opus,A09
LA_E_1232644,1,gsm,A19
LA_E_1232918,0,opus,bonafide
LA_E_1233061,1,pstn,A14
LA_E_1233365,1,g722,A16
LA_E_1233493,1,alaw,A11
LA_E_1233549,1,g722,A09
LA_E_1233691,1,none,A10
LA_E_1234371,1,pstn,A15
LA_E_1234966,1,ulaw,A19
LA_E_1235086,1,opus,A18
LA_E_1235508,1,alaw,A15
LA_E_1235908,1,pstn,A16
LA_E_1235953,1,none,A13
LA_E_1236684,1,gsm,A17
LA_E_1236967,1,ulaw,A18
LA_E_1237131,1,pstn,A16
LA_E_1237733,1,pstn,A18
LA_E_1237815,1,ulaw,A17
LA_E_1238269,1,opus,A07
LA_E_1239060,1,alaw,A17
LA_E_1239234,1,opus,A16
LA_E_1239367,1,g722,A15
LA_E_1239523,1,pstn,A12
LA_E_1239982,1,pstn,A08
LA_E_1239987,1,opus,A14
LA_E_1240463,1,pstn,A13
LA_E_1240902,1,alaw,A09
LA_E_1241006,1,ulaw,A12
LA_E_1241385,1,gsm,A18
LA_E_1241825,1,pstn,A19
LA_E_1241978,1,alaw,A07
LA_E_1242045,1,gsm,A15
LA_E_1242689,1,g722,A11
LA_E_1242985,1,none,A08
LA_E_1243259,1,g722,A12
LA_E_1243299,1,gsm,A13
LA_E_1243883,0,opus,bonafide
LA_E_1244244,1,alaw,A15
LA_E_1244271,0,g722,bonafide
LA_E_1244396,0,gsm,bonafide
LA_E_1244498,1,g722,A08
LA_E_1244684,1,gsm,A10
LA_E_1245484,1,g722,A17
LA_E_1245635,0,ulaw,bonafide
LA_E_1246167,1,g722,A19
LA_E_1246287,1,g722,A13
LA_E_1246494,1,gsm,A11
LA_E_1246600,0,alaw,bonafide
LA_E_1246690,1,none,A13
LA_E_1246757,1,pstn,A10
LA_E_1246974,1,opus,A11
LA_E_1246984,1,gsm,A16
LA_E_1247013,1,pstn,A18
LA_E_1247381,1,alaw,A12
LA_E_1248251,0,gsm,bonafide
LA_E_1248414,1,pstn,A11
LA_E_1249614,1,opus,A07
LA_E_1249742,1,g722,A15
LA_E_1250101,1,g722,A07
LA_E_1250900,1,alaw,A10
LA_E_1250903,1,ulaw,A18
LA_E_1251018,1,none,A19
LA_E_1251201,1,g722,A17
LA_E_1251214,1,ulaw,A18
LA_E_1251545,1,g722,A09
LA_E_1251646,0,pstn,bonafide
LA_E_1252094,1,ulaw,A17
LA_E_1252412,1,ulaw,A13
LA_E_1252619,0,none,bonafide
LA_E_1252641,1,g722,A18
LA_E_1253135,1,pstn,A15
LA_E_1253558,1,ulaw,A19
LA_E_1253653,1,opus,A08
LA_E_1253742,1,g722,A07
LA_E_1253895,1,opus,A09
LA_E_1254063,1,gsm,A09
LA_E_1254781,1,pstn,A13
LA_E_1255036,1,none,A18
LA_E_1255135,1,none,A12
LA_E_1255418,0,g722,bonafide
LA_E_1255752,1,ulaw,A15
LA_E_1257049,1,g722,A14
LA_E_1257061,1,opus,A12
LA_E_1258895,1,pstn,A09
LA_E_1259003,1,g722,A08
LA_E_1259210,1,ulaw,A10
LA_E_1259332,1,pstn,A17
LA_E_1259373,0,ulaw,bonafide
LA_E_1259582,0,g722,bonafide
LA_E_1260005,1,ulaw,A09
LA_E_1260207,0,gsm,bonafide
LA_E_1260415,1,gsm,A15
LA_E_1260636,1,none,A09
LA_E_1260706,1,alaw,A13
LA_E_1261286,1,pstn,A14
LA_E_1262069,1,gsm,A17
LA_E_1262162,1,gsm,A13
LA_E_1262324,1,alaw,A19
LA_E_1262379,1,g722,A16
LA_E_1262450,1,alaw,A15
LA_E_1262984,1,alaw,A18
LA_E_1263556,0,ulaw,bonafide
LA_E_1264411,1,ulaw,A12
LA_E_1264505,1,g722,A17
LA_E_1264737,1,g722,A18
LA_E_1264781,1,alaw,A14
LA_E_1265062,1,alaw,A16
LA_E_1265990,1,opus,A15
LA_E_1266033,1,none,A19
LA_E_1266038,1,opus,A10
LA_E_1266090,1,pstn,A12
LA_E_1266246,0,g722,bonafide
LA_E_1266424,1,none,A14
LA_E_1267046,1,g722,A10
LA_E_1267374,1,alaw,A11
LA_E_1267555,1,none,A09
LA_E_1268715,1,none,A10
LA_E_1268796,1,none,A11
LA_E_1269268,1,opus,A15
LA_E_1269335,1,g722,A13
LA_E_1269446,1,none,A16
LA_E_1269814,1,alaw,A12
LA_E_1270115,1,ulaw,A10
LA_E_1270192,1,pstn,A07
LA_E_1270492,1,ulaw,A08
LA_E_1270700,1,gsm,A13
LA_E_1271031,1,gsm,A08
LA_E_1271285,1,ulaw,A09
LA_E_1271684,1,ulaw,A07
LA_E_1271881,0,alaw,bonafide
LA_E_1272110,0,pstn,bonafide
LA_E_1272658,1,g722,A10
LA_E_1272679,1,gsm,A15
LA_E_1272752,1,alaw,A09
LA_E_1273033,1,none,A12
LA_E_1273390,1,opus,A17
LA_E_1273668,1,gsm,A19
LA_E_1274170,1,ulaw,A11
LA_E_1274293,1,ulaw,A16
LA_E_1274465,1,g722,A11
LA_E_1275134,1,none,A17
LA_E_1275623,1,g722,A19
LA_E_1276116,1,none,A15
LA_E_1276296,1,none,A16
LA_E_1277601,1,alaw,A10
LA_E_1277951,0,gsm,bonafide
LA_E_1278368,0,ulaw,bonafide
LA_E_1279077,0,g722,bonafide
LA_E_1279142,1,pstn,A10
LA_E_1279622,1,g722,A14
LA_E_1279926,1,gsm,A17
LA_E_1280775,0,ulaw,bonafide
LA_E_1281532,1,pstn,A17
LA_E_1281656,1,opus,A10
LA_E_1281882,1,g722,A12
LA_E_1282438,0,g722,bonafide
LA_E_1282575,1,pstn,A17
LA_E_1282827,1,none,A07
LA_E_1283306,1,pstn,A14
LA_E_1283411,1,opus,A12
LA_E_1283462,1,ulaw,A07
LA_E_1283557,0,opus,bonafide
LA_E_1284071,1,ulaw,A12
LA_E_1284366,1,pstn,A13
LA_E_1284654,1,ulaw,A19
LA_E_1284759,1,gsm,A07
LA_E_1285020,1,none,A15
LA_E_1286523,1,g722,A13
LA_E_1287037,1,alaw,A07
LA_E_1287171,1,g722,A08
LA_E_1287643,1,opus,A14
LA_E_1288654,1,opus,A16
LA_E_1288670,1,alaw,A17
LA_E_1288903,1,gsm,A19
LA_E_1289058,1,pstn,A11
LA_E_1289354,1,opus,A18
LA_E_1289871,1,opus,A12
LA_E_1289999,1,opus,A11
LA_E_1290177,1,alaw,A08
LA_E_1291186,1,alaw,A09
LA_E_1291220,1,gsm,A11
LA_E_1291455,1,pstn,A18
LA_E_1292283,1,alaw,A11
LA_E_1292287,0,gsm,bonafide
LA_E_1292435,0,none,bonafide
LA_E_1292762,1,g722,A15
LA_E_1293539,1,alaw,A16
LA_E_1293695,1,alaw,A19
LA_E_1294052,1,gsm,A17
LA_E_1294391,1,g722,A16
LA_E_1294929,1,opus,A18
LA_E_1294991,1,opus,A13
LA_E_1295868,1,ulaw,A18
LA_E_1295931,0,pstn,bonafide
LA_E_1295979,1,alaw,A07
LA_E_1296177,1,ulaw,A10
LA_E_1296579,1,g722,A13
LA_E_1296600,1,alaw,A10
LA_E_1297655,1,ulaw,A14
LA_E_1298155,1,ulaw,A13
LA_E_1298302,1,opus,A09
LA_E_1298564,1,gsm,A07
LA_E_1299519,1,alaw,A18
LA_E_1299607,1,g722,A19
LA_E_1300197,1,none,A18
LA_E_1301092,1,alaw,A19
LA_E_1301711,1,gsm,A16
LA_E_1302236,1,ulaw,A11
LA_E_1302666,1,none,A07
LA_E_1302889,1,opus,A19
LA_E_1303629,1,none,A15
LA_E_1303682,1,g722,A17
LA_E_1303910,1,none,A10
LA_E_1304334,1,gsm,A13
LA_E_1304462,1,pstn,A19
LA_E_1304502,1,g722,A11
LA_E_1304508,1,none,A11
LA_E_1304537,1,none,A17
LA_E_1304971,1,ulaw,A07
LA_E_1305155,1,ulaw,A08
LA_E_1305840,1,pstn,A10
LA_E_1305857,1,gsm,A15
LA_E_1306371,1,alaw,A08
LA_E_1306676,1,g722,A07
LA_E_1307035,1,alaw,A14
LA_E_1307244,1,g722,A12
LA_E_1307434,1,pstn,A12
LA_E_1307444,1,gsm,A10
LA_E_1307451,1,gsm,A13
LA_E_1307647,1,ulaw,A14
LA_E_1308118,1,none,A12
LA_E_1308181,1,pstn,A18
LA_E_1308265,1,none,A14
LA_E_1308790,0,ulaw,bonafide
LA_E_1309132,0,none,bonafide
LA_E_1309756,1,ulaw,A15
LA_E_1310122,1,g722,A18
LA_E_1310131,0,g722,bonafide
LA_E_1310400,1,gsm,A08
LA_E_1310641,1,opus,A16
LA_E_1311740,1,ulaw,A08
LA_E_1312589,0,none,bonafide
LA_E_1312603,0,opus,bonafide
LA_E_1313596,1,none,A07
LA_E_1314101,1,none,A13
LA_E_1314498,1,ulaw,A15
LA_E_1314586,1,none,A08
LA_E_1315136,1,alaw,A13
LA_E_1315152,1,pstn,A15
LA_E_1315215,1,pstn,A14
LA_E_1315783,1,pstn,A13
LA_E_1316035,1,ulaw,A19
LA_E_1316448,1,gsm,A07
LA_E_1317058,1,ulaw,A07
LA_E_1318030,1,alaw,A17
LA_E_1318166,1,g722,A07
LA_E_1318262,1,gsm,A15
LA_E_1318436,1,pstn,A17
LA_E_1319703,1,g722,A14
LA_E_1319898,1,none,A10
LA_E_1320416,1,g722,A15
LA_E_1320663,1,opus,A11
LA_E_1320699,1,none,A09
LA_E_1320977,1,opus,A17
LA_E_1321026,0,ulaw,bonafide
LA_E_1321077,1,g722,A11
LA_E_1321438,1,ulaw,A16
LA_E_1321559,1,g722,A16
LA_E_1321634,1,pstn,A10
LA_E_1322510,0,g722,bonafide
LA_E_1322804,0,alaw,bonafide
LA_E_1323137,1,none,A16
LA_E_1323460,1,opus,A10
LA_E_1324789,0,gsm,bonafide
LA_E_1325008,1,opus,A18
LA_E_1325160,1,alaw,A12
LA_E_1325842,1,ulaw,A13
LA_E_1325865,1,ulaw,A17
LA_E_1326360,1,none,A19
LA_E_1327021,1,gsm,A07
LA_E_1327191,1,g722,A19
LA_E_1327286,1,ulaw,A08
LA_E_1327756,1,gsm,A17
LA_E_1328377,0,g722,bonafide
LA_E_1328812,1,alaw,A19
LA_E_1329220,1,none,A18
LA_E_1329242,1,g722,A18
LA_E_1330433,1,gsm,A19
LA_E_1330438,1,pstn,A11
LA_E_1330528,0,opus,bonafide
LA_E_1330665,1,alaw,A15
LA_E_1332371,1,pstn,A08
LA_E_1332474,1,gsm,A18
LA_E_1333192,1,opus,A12
LA_E_1333458,1,alaw,A16
LA_E_1333861,1,g722,A12
LA_E_1333982,1,g722,A09
LA_E_1334771,1,none,A07
LA_E_1334963,1,opus,A15
LA_E_1336027,1,gsm,A10
LA_E_1336081,1,gsm,A14
LA_E_1337739,1,ulaw,A14
LA_E_1337906,1,ulaw,A09
LA_E_1338957,1,alaw,A12
LA_E_1339229,1,alaw,A09
LA_E_1340936,1,ulaw,A09
LA_E_1341201,1,g722,A09
LA_E_1341354,1,g722,A17
LA_E_1341784,1,none,A10
LA_E_1342088,1,g722,A10
LA_E_1342690,1,none,A14
LA_E_1342693,1,none,A08
LA_E_1344649,0,gsm,bonafide
LA_E_1345008,1,g722,A18
LA_E_1345101,1,pstn,A09
LA_E_1345524,1,alaw,A15
LA_E_1345666,1,ulaw,A15
LA_E_1345778,1,pstn,A10
LA_E_1345821,1,alaw,A14
LA_E_1346771,1,none,A09
LA_E_1348212,0,pstn,bonafide
LA_E_1348876,1,none,A17
LA_E_1350201,1,gsm,A15
LA_E_1350338,1,gsm,A09
LA_E_1350405,1,g722,A08
LA_E_1353529,1,gsm,A08
LA_E_1354068,1,ulaw,A11
LA_E_1355167,1,opus,A18
LA_E_1355282,1,alaw,A10
LA_E_1355591,1,none,A11
LA_E_1356037,1,g722,A16
LA_E_1356067,1,ulaw,A14
LA_E_1356094,1,gsm,A07
LA_E_1356957,1,gsm,A12
LA_E_1357294,1,none,A13
LA_E_1357331,1,pstn,A12
LA_E_1358322,1,opus,A08
LA_E_1358496,1,alaw,A11
LA_E_1358577,1,pstn,A16
LA_E_1359252,1,pstn,A18
LA_E_1359415,1,gsm,A08
LA_E_1359441,1,pstn,A13
LA_E_1359802,1,none,A18
LA_E_1360140,0,pstn,bonafide
LA_E_1360409,1,none,A07
LA_E_1360654,1,alaw,A18
LA_E_1360859,1,g722,A14
LA_E_1361309,1,ulaw,A14
LA_E_1361396,1,ulaw,A07
LA_E_1361797,1,none,A14
LA_E_1361850,0,opus,bonafide
LA_E_1361930,1,g722,A08
LA_E_1362378,1,none,A16
LA_E_1363306,1,gsm,A18
LA_E_1363548,1,alaw,A16
LA_E_1363932,1,alaw,A15
LA_E_1363972,0,g722,bonafide
LA_E_1364342,1,opus,A15
LA_E_1364366,1,ulaw,A19
LA_E_1364477,1,ulaw,A18
LA_E_1365262,1,opus,A09
LA_E_1365410,1,alaw,A07
LA_E_1366211,1,ulaw,A08
LA_E_1366335,1,pstn,A19
LA_E_1366417,1,opus,A19
LA_E_1366962,1,alaw,A14
LA_E_1367784,1,none,A10
LA_E_1368454,1,ulaw,A17
LA_E_1368748,1,opus,A14
LA_E_1368780,0,pstn,bonafide
LA_E_1368957,1,ulaw,A11
LA_E_1369405,1,g722,A15
LA_E_1370187,1,alaw,A13
LA_E_1371051,1,gsm,A11
LA_E_1371251,1,opus,A07
LA_E_1371481,0,pstn,bonafide
LA_E_1372752,0,none,bonafide
LA_E_1372867,1,pstn,A08
LA_E_1373321,1,gsm,A11
LA_E_1373685,1,alaw,A09
LA_E_1373997,1,alaw,A17
LA_E_1374851,1,alaw,A08
LA_E_1375213,1,gsm,A11
LA_E_1375808,1,g722,A19
LA_E_1376335,0,none,bonafide
LA_E_1376742,1,ulaw,A16
LA_E_1377433,1,gsm,A16
LA_E_1377440,1,none,A07
LA_E_1378688,1,alaw,A11
LA_E_1379948,1,ulaw,A10
LA_E_1380519,1,gsm,A10
LA_E_1381494,0,none,bonafide
LA_E_1381555,1,ulaw,A11
LA_E_1381863,1,gsm,A12
LA_E_1383294,1,alaw,A10
LA_E_1383840,1,pstn,A19
LA_E_1384119,1,opus,A11
LA_E_1385090,1,none,A14
LA_E_1385152,1,g722,A14
LA_E_1385279,0,alaw,bonafide
LA_E_1386201,1,pstn,A07
LA_E_1386443,1,opus,A16
LA_E_1386485,1,none,A13
LA_E_1386531,1,g722,A11
LA_E_1386688,1,alaw,A19
LA_E_1388075,1,pstn,A12
LA_E_1388531,1,none,A19
LA_E_1388781,1,gsm,A13
LA_E_1388810,1,opus,A13
LA_E_1388935,1,none,A15
LA_E_1389080,1,none,A18
LA_E_1389752,1,alaw,A12
LA_E_1389915,1,pstn,A17
LA_E_1390497,1,ulaw,A07
LA_E_1390634,1,pstn,A18
LA_E_1390947,0,ulaw,bonafide
LA_E_1390958,0,pstn,bonafide
LA_E_1391388,1,ulaw,A14
LA_E_1391853,1,pstn,A11
LA_E_1392502,1,opus,A16
LA_E_1393084,1,ulaw,A09
LA_E_1393683,1,none,A12
LA_E_1394546,1,g722,A18
LA_E_1394679,1,pstn,A16
LA_E_1394743,1,gsm,A11
LA_E_1395213,1,none,A11
LA_E_1395863,1,opus,A16
LA_E_1396149,0,alaw,bonafide
LA_E_1396205,1,g722,A13
LA_E_1396261,1,alaw,A09
LA_E_1396833,0,none,bonafide
LA_E_1397614,1,none,A16
LA_E_1398308,1,gsm,A07
LA_E_1398413,0,g722,bonafide
LA_E_1399702,0,none,bonafide
LA_E_1399797,1,pstn,A15
LA_E_1400402,1,ulaw,A16
LA_E_1400603,1,gsm,A07
LA_E_1401058,1,gsm,A11
LA_E_1402091,1,gsm,A11
LA_E_1402183,0,ulaw,bonafide
LA_E_1402945,0,g722,bonafide
LA_E_1403313,1,ulaw,A11
LA_E_1403519,1,none,A07
LA_E_1404249,1,gsm,A17
LA_E_1404944,1,none,A09
LA_E_1404962,1,g722,A17
LA_E_1405221,1,opus,A16
LA_E_1405266,1,gsm,A11
LA_E_1405716,1,alaw,A07
LA_E_1405916,1,ulaw,A19
LA_E_1405922,1,gsm,A08
LA_E_1406608,1,g722,A16
LA_E_1406710,1,g722,A09
LA_E_1406716,1,pstn,A14
LA_E_1407235,1,opus,A16
LA_E_1407967,1,opus,A10
LA_E_1409042,1,opus,A16
LA_E_1409113,1,g722,A13
LA_E_1409364,1,pstn,A18
LA_E_1411272,1,alaw,A16
LA_E_1411276,1,ulaw,A16
LA_E_1411388,1,pstn,A07
LA_E_1411531,1,none,A13
LA_E_1411978,1,pstn,A16
LA_E_1412263,1,gsm,A14
LA_E_1412592,1,g722,A10
LA_E_1412636,1,pstn,A09
LA_E_1412647,1,g722,A12
LA_E_1413569,1,opus,A09
LA_E_1413730,0,g722,bonafide
LA_E_1413830,1,alaw,A09
LA_E_1414109,1,g722,A07
LA_E_1414575,1,gsm,A11
LA_E_1414697,1,alaw,A08
LA_E_1415256,1,opus,A08
LA_E_1416431,1,pstn,A08
LA_E_1416542,1,none,A12
LA_E_1416827,1,alaw,A12
LA_E_1418174,0,none,bonafide
LA_E_1418743,0,alaw,bonafide
LA_E_1419508,1,gsm,A19
LA_E_1419849,1,ulaw,A08
LA_E_1420137,1,none,A19
LA_E_1420168,1,none,A15
LA_E_1421072,1,g722,A08
LA_E_1421529,1,ulaw,A11
LA_E_1421772,0,pstn,bonafide
LA_E_1422091,1,alaw,A19
LA_E_1422472,1,pstn,A17
LA_E_1422622,1,g722,A19
LA_E_1423182,1,opus,A10
LA_E_1423704,1,opus,A16
LA_E_1424017,0,g722,bonafide
LA_E_1424516,1,alaw,A18
LA_E_1424657,1,pstn,A19
LA_E_1424764,1,g722,A11
LA_E_1424786,0,opus,bonafide
LA_E_1425149,1,alaw,A11
LA_E_1425521,1,ulaw,A17
LA_E_1425943,1,none,A09
LA_E_1426383,1,opus,A13
LA_E_1426762,0,g722,bonafide
LA_E_1426870,1,none,A08
LA_E_1426963,1,opus,A10
LA_E_1427242,1,ulaw,A13
LA_E_1427505,1,pstn,A07
LA_E_1427539,1,gsm,A19
LA_E_1427596,1,gsm,A11
LA_E_1427678,1,ulaw,A11
LA_E_1428342,1,opus,A10
LA_E_1428584,1,gsm,A15
LA_E_1428853,1,pstn,A13
LA_E_1429024,1,ulaw,A15
LA_E_1430013,1,g722,A13
LA_E_1430095,1,opus,A17
LA_E_1430398,0,alaw,bonafide
LA_E_1430413,1,none,A17
LA_E_1430526,1,ulaw,A09
LA_E_1430701,1,alaw,A14
LA_E_1430739,1,opus,A17
LA_E_1430789,1,ulaw,A13
LA_E_1430920,1,none,A10
LA_E_1430933,1,ulaw,A17
LA_E_1431172,1,opus,A15
LA_E_1431254,1,opus,A17
LA_E_1431373,1,gsm,A18
LA_E_1431647,1,ulaw,A16
LA_E_1432701,1,ulaw,A17
LA_E_1432720,1,g722,A09
LA_E_1432972,1,gsm,A18
LA_E_1433535,1,opus,A14
LA_E_1433654,1,pstn,A16
LA_E_1433752,1,gsm,A09
LA_E_1433839,1,opus,A10
LA_E_1434049,1,g722,A14
LA_E_1434223,1,opus,A14
LA_E_1434378,1,opus,A17
LA_E_1435507,0,gsm,bonafide
LA_E_1435965,1,ulaw,A17
LA_E_1436182,1,alaw,A07
LA_E_1436387,1,opus,A14
LA_E_1436847,1,gsm,A12
LA_E_1436980,0,g722,bonafide
LA_E_1437528,1,pstn,A15
LA_E_1437994,1,opus,A18
LA_E_1438289,1,ulaw,A07
LA_E_1439259,1,none,A12
LA_E_1439334,1,alaw,A16
LA_E_1439766,1,opus,A18
LA_E_1440077,1,g722,A09
LA_E_1440253,1,none,A19
LA_E_1440262,1,alaw,A17
LA_E_1440881,1,ulaw,A17
LA_E_1441019,1,opus,A19
LA_E_1441553,1,none,A16
LA_E_1441618,1,none,A09
LA_E_1441697,1,gsm,A11
LA_E_1441767,1,opus,A14
LA_E_1442096,1,gsm,A18
LA_E_1442182,0,gsm,bonafide
LA_E_1442292,1,opus,A19
LA_E_1442781,1,ulaw,A12
LA_E_1443193,1,alaw,A10
LA_E_1443296,1,ulaw,A19
LA_E_1443753,1,opus,A17
LA_E_1443881,1,pstn,A14
LA_E_1443979,1,gsm,A07
LA_E_1444083,1,alaw,A13
LA_E_1444525,1,alaw,A12
LA_E_1444596,1,alaw,A10
LA_E_1444708,1,gsm,A13
LA_E_1444863,1,none,A15
LA_E_1445116,1,opus,A17
LA_E_1445593,1,ulaw,A14
LA_E_1446079,1,opus,A14
LA_E_1446151,1,ulaw,A13
LA_E_1446329,1,g722,A18
LA_E_1446578,1,gsm,A14
LA_E_1447491,1,alaw,A08
LA_E_1447838,1,gsm,A08
LA_E_1449082,1,none,A11
LA_E_1449307,1,alaw,A19
LA_E_1449608,1,opus,A10
LA_E_1449631,0,gsm,bonafide
LA_E_1449678,1,g722,A11
LA_E_1450035,1,ulaw,A13
LA_E_1450174,1,gsm,A10
LA_E_1450566,1,opus,A19
LA_E_1451084,1,ulaw,A13
LA_E_1451467,1,opus,A19
LA_E_1452207,0,alaw,bonafide
LA_E_1453408,1,pstn,A12
LA_E_1454169,1,alaw,A15
LA_E_1454185,1,g722,A08
LA_E_1454455,1,gsm,A18
LA_E_1454468,1,gsm,A08
LA_E_1454791,1,gsm,A16
LA_E_1455301,0,none,bonafide
LA_E_1455332,1,ulaw,A13
LA_E_1455678,1,pstn,A18
LA_E_1455831,1,opus,A14
LA_E_1456125,1,g722,A15
LA_E_1456224,1,ulaw,A18
LA_E_1457223,1,g722,A16
LA_E_1458522,1,gsm,A08
LA_E_1458730,1,opus,A14
LA_E_1459523,1,g722,A17
LA_E_1460037,1,opus,A19
LA_E_1460074,1,alaw,A18
LA_E_1460117,1,alaw,A08
LA_E_1460624,1,alaw,A09
LA_E_1460705,1,none,A17
LA_E_1460867,1,ulaw,A10
LA_E_1460903,1,gsm,A18
LA_E_1461262,1,g722,A12
LA_E_1461414,0,none,bonafide
LA_E_1462060,1,gsm,A10
LA_E_1462137,0,ulaw,bonafide
LA_E_1462156,0,none,bonafide
LA_E_1462474,1,gsm,A12
LA_E_1463219,1,g722,A19
LA_E_1463732,1,ulaw,A13
LA_E_1463957,1,gsm,A08
LA_E_1464429,0,gsm,bonafide
LA_E_1465546,1,pstn,A16
LA_E_1465581,1,opus,A12
LA_E_1465668,1,none,A14
LA_E_1466127,0,none,bonafide
LA_E_1466592,1,gsm,A07
LA_E_1466813,1,alaw,A07
LA_E_1467346,1,opus,A17
LA_E_1467427,1,ulaw,A17
LA_E_1468193,1,gsm,A08
LA_E_1468705,1,alaw,A15
LA_E_1469384,0,none,bonafide
LA_E_1469525,1,g722,A08
LA_E_1469527,1,opus,A19
LA_E_1470548,1,none,A10
LA_E_1470663,1,opus,A14
LA_E_1471031,1,none,A13
LA_E_1471037,1,gsm,A14
LA_E_1471982,1,pstn,A11
LA_E_1473402,1,g722,A10
LA_E_1473696,1,ulaw,A17
LA_E_1474255,1,pstn,A13
LA_E_1474332,1,pstn,A16
LA_E_1476149,1,alaw,A15
LA_E_1476286,1,ulaw,A08
LA_E_1476477,1,gsm,A08
LA_E_1476503,1,pstn,A18
LA_E_1476758,1,gsm,A12
LA_E_1476818,1,g722,A14
LA_E_1477351,1,ulaw,A09
LA_E_1477597,1,gsm,A17
LA_E_1477699,1,none,A16
LA_E_1477820,1,alaw,A14
LA_E_1477891,1,pstn,A15
LA_E_1478406,1,gsm,A18
LA_E_1478648,1,gsm,A17
LA_E_1479131,1,opus,A15
LA_E_1479219,1,g722,A11
LA_E_1479570,1,none,A17
LA_E_1479586,1,opus,A07
LA_E_1479637,1,ulaw,A11
LA_E_1479905,1,opus,A15
LA_E_1480296,1,gsm,A10
LA_E_1480811,1,pstn,A17
LA_E_1480997,1,none,A11
LA_E_1482482,1,none,A08
LA_E_1482845,1,opus,A15
LA_E_1483304,1,g722,A09
LA_E_1483357,1,gsm,A17
LA_E_1483370,1,alaw,A18
LA_E_1483432,1,opus,A13
LA_E_1483950,1,alaw,A16
LA_E_1484228,1,opus,A09
LA_E_1485324,1,none,A15
LA_E_1485885,1,pstn,A11
LA_E_1485914,1,ulaw,A09
LA_E_1485973,1,pstn,A10
LA_E_1486048,1,gsm,A19
LA_E_1486390,1,alaw,A17
LA_E_1487097,1,opus,A10
LA_E_1487269,1,pstn,A09
LA_E_1487926,1,gsm,A10
LA_E_1488065,1,none,A17
LA_E_1488465,1,pstn,A07
LA_E_1489217,1,none,A17
LA_E_1489722,1,opus,A19
LA_E_1489788,1,g722,A18
LA_E_1489818,1,gsm,A18
LA_E_1489927,0,ulaw,bonafide
LA_E_1490116,1,none,A13
LA_E_1490355,1,ulaw,A13
LA_E_1490723,1,pstn,A08
LA_E_1491122,1,pstn,A19
LA_E_1491234,1,opus,A11
LA_E_1491795,1,alaw,A19
LA_E_1492155,0,none,bonafide
LA_E_1492204,1,pstn,A09
LA_E_1492231,1,gsm,A15
LA_E_1492653,1,g722,A08
LA_E_1492815,1,alaw,A09
LA_E_1493076,1,none,A10
LA_E_1493195,1,opus,A11
LA_E_1493385,1,g722,A12
LA_E_1493516,1,g722,A14
LA_E_1494302,1,none,A16
LA_E_1494343,1,opus,A13
LA_E_1494629,1,gsm,A15
LA_E_1494966,1,opus,A16
LA_E_1495011,1,opus,A15
LA_E_1495076,1,opus,A13
LA_E_1495373,1,gsm,A14
LA_E_1495640,1,gsm,A19
LA_E_1495948,1,alaw,A16
LA_E_1496149,1,alaw,A09
LA_E_1496313,1,opus,A16
LA_E_1496777,1,g722,A16
LA_E_1496938,1,none,A14
LA_E_1497216,1,opus,A13
LA_E_1497357,1,none,A17
LA_E_1497359,1,alaw,A14
LA_E_1497575,1,gsm,A17
LA_E_1497972,1,alaw,A09
LA_E_1498034,1,ulaw,A16
LA_E_1498081,1,ulaw,A09
LA_E_1498113,1,none,A08
LA_E_1498200,0,gsm,bonafide
LA_E_1498511,1,opus,A09
LA_E_1498518,1,gsm,A17
LA_E_1498542,1,gsm,A08
LA_E_1498754,1,none,A14
LA_E_1499439,1,ulaw,A16
LA_E_1499554,1,gsm,A15
LA_E_1500449,1,g722,A07
LA_E_1500733,1,none,A13
LA_E_1501174,1,gsm,A09
LA_E_1501363,1,alaw,A09
LA_E_1501467,1,ulaw,A17
LA_E_1501659,1,alaw,A09
LA_E_1502088,1,ulaw,A10
LA_E_1502849,1,pstn,A13
LA_E_1503142,1,none,A15
LA_E_1503239,1,pstn,A14
LA_E_1504204,1,gsm,A17
LA_E_1504506,1,gsm,A13
LA_E_1505186,1,opus,A13
LA_E_1505288,1,ulaw,A09
LA_E_1505354,1,gsm,A15
LA_E_1506281,1,ulaw,A16
LA_E_1506566,1,none,A13
LA_E_1506797,1,none,A18
LA_E_1507655,1,opus,A13
LA_E_1507836,1,alaw,A14
LA_E_1507946,1,ulaw,A17
LA_E_1507993,1,alaw,A15
LA_E_1508181,1,ulaw,A16
LA_E_1508215,1,alaw,A10
LA_E_1508445,1,g722,A19
LA_E_1508649,1,gsm,A19
LA_E_1508741,1,none,A14
LA_E_1508820,1,opus,A09
LA_E_1509300,1,alaw,A09
LA_E_1509353,1,ulaw,A19
LA_E_1509381,1,ulaw,A16
LA_E_1509714,1,g722,A13
LA_E_1509868,1,gsm,A09
LA_E_1510362,1,ulaw,A09
LA_E_1510501,1,ulaw,A18
LA_E_1510712,1,opus,A08
LA_E_1510854,1,alaw,A12
LA_E_1511073,1,opus,A15
LA_E_1511544,1,gsm,A19
LA_E_1511552,1,opus,A08
LA_E_1511974,1,gsm,A15
LA_E_1512055,1,ulaw,A10
LA_E_1512604,1,none,A13
LA_E_1513118,1,ulaw,A19
LA_E_1513140,1,ulaw,A19
LA_E_1513786,1,none,A14
LA_E_1514189,1,pstn,A08
LA_E_1514422,1,pstn,A07
LA_E_1515052,1,ulaw,A13
LA_E_1515198,1,pstn,A17
LA_E_1515204,1,gsm,A17
LA_E_1515717,1,opus,A19
LA_E_1515869,1,opus,A18
LA_E_1515967,1,none,A15
LA_E_1516057,1,ulaw,A19
LA_E_1516131,1,alaw,A15
LA_E_1516323,1,ulaw,A07
LA_E_1516415,1,none,A14
LA_E_1516645,1,none,A14
LA_E_1516706,1,gsm,A15
LA_E_1516884,1,none,A13
LA_E_1516940,0,opus,bonafide
LA_E_1516994,1,gsm,A19
LA_E_1517225,1,opus,A14
LA_E_1517277,1,g722,A15
LA_E_1517501,1,alaw,A19
LA_E_1517635,1,opus,A08
LA_E_1518070,1,ulaw,A07
LA_E_1518149,1,ulaw,A09
LA_E_1518642,1,g722,A17
LA_E_1518793,1,none,A19
LA_E_1519114,1,ulaw,A13
LA_E_1519691,1,none,A07
LA_E_1519708,1,gsm,A10
LA_E_1519889,1,ulaw,A16
LA_E_1520095,1,opus,A15
LA_E_1520181,1,ulaw,A18
LA_E_1520271,1,none,A11
LA_E_1520457,1,alaw,A12
LA_E_1520475,1,ulaw,A08
LA_E_1520828,1,alaw,A12
LA_E_1521081,1,gsm,A15
LA_E_1521103,1,ulaw,A15
LA_E_1521283,1,opus,A14
LA_E_1521406,1,opus,A08
LA_E_1521828,1,alaw,A12
LA_E_1522199,1,opus,A17
LA_E_1522276,1,gsm,A09
LA_E_1523155,1,alaw,A15
LA_E_1523406,1,opus,A09
LA_E_1523508,1,ulaw,A09
LA_E_1523559,1,ulaw,A19
LA_E_1523664,1,alaw,A17
LA_E_1523684,1,ulaw,A16
LA_E_1523688,1,gsm,A19
LA_E_1523692,1,g722,A07
LA_E_1524374,1,gsm,A15
LA_E_1524392,1,g722,A13
LA_E_1524516,1,ulaw,A07
LA_E_1525348,1,gsm,A07
LA_E_1525538,1,ulaw,A07
LA_E_1527082,1,opus,A10
LA_E_1527603,0,ulaw,bonafide
LA_E_1528365,1,gsm,A07
LA_E_1528389,1,gsm,A07
LA_E_1528894,1,alaw,A11
LA_E_1529013,1,opus,A10
LA_E_1529258,1,ulaw,A18
LA_E_1529321,1,pstn,A19
LA_E_1529436,1,ulaw,A10
LA_E_1530004,1,opus,A08
LA_E_1530023,1,alaw,A15
LA_E_1530162,1,gsm,A10
LA_E_1530190,1,ulaw,A19
LA_E_1530239,1,pstn,A07
LA_E_1530480,1,gsm,A17
LA_E_1530824,0,opus,bonafide
LA_E_1531066,1,opus,A09
LA_E_1531102,1,pstn,A07
LA_E_1531190,1,gsm,A07
LA_E_1531691,1,none,A12
LA_E_1532870,1,ulaw,A07
LA_E_1532903,1,opus,A17
LA_E_1533076,1,gsm,A09
LA_E_1533375,1,none,A13
LA_E_1533545,1,alaw,A11
LA_E_1533628,1,g722,A18
LA_E_1533711,1,alaw,A13
LA_E_1533797,1,g722,A12
LA_E_1533826,1,opus,A11
LA_E_1533886,1,none,A07
LA_E_1535024,1,gsm,A07
LA_E_1535444,1,none,A07
LA_E_1535560,1,opus,A13
LA_E_1537175,1,alaw,A15
LA_E_1537434,1,alaw,A10
LA_E_1537648,0,opus,bonafide
LA_E_1537804,1,ulaw,A15
LA_E_1537964,1,alaw,A19
LA_E_1537978,0,pstn,bonafide
LA_E_1538495,1,gsm,A08
LA_E_1539420,1,ulaw,A10
LA_E_1539874,1,pstn,A14
LA_E_1539908,1,ulaw,A09
LA_E_1539909,1,none,A07
LA_E_1540355,1,gsm,A08
LA_E_1540549,1,alaw,A10
LA_E_1540836,1,ulaw,A11
LA_E_1540954,1,gsm,A14
LA_E_1541005,1,g722,A07
LA_E_1541054,1,g722,A10
LA_E_1541081,1,gsm,A19
LA_E_1541315,1,gsm,A18
LA_E_1541697,1,g722,A13
LA_E_1541881,1,gsm,A09
LA_E_1542157,1,ulaw,A12
LA_E_1542341,1,opus,A08
LA_E_1542546,1,ulaw,A15
LA_E_1542811,1,ulaw,A19
LA_E_1542852,1,ulaw,A18
LA_E_1543208,1,pstn,A10
LA_E_1543270,1,pstn,A13
LA_E_1543336,1,g722,A11
LA_E_1543543,1,alaw,A12
LA_E_1543580,1,opus,A19
LA_E_1543677,1,gsm,A13
LA_E_1543849,1,gsm,A07
LA_E_1544001,1,ulaw,A15
LA_E_1544129,1,g722,A13
LA_E_1544388,1,pstn,A07
LA_E_1544793,1,pstn,A09
LA_E_1544907,1,ulaw,A16
LA_E_1545025,0,opus,bonafide
LA_E_1545072,1,pstn,A14
LA_E_1545182,1,gsm,A15
LA_E_1545195,1,gsm,A13
LA_E_1545250,1,g722,A11
LA_E_1545421,1,ulaw,A15
LA_E_1545529,1,none,A14
LA_E_1545749,1,gsm,A13
LA_E_1545872,1,none,A13
LA_E_1546014,1,ulaw,A10
LA_E_1546435,1,gsm,A07
LA_E_1546622,1,alaw,A12
LA_E_1546829,1,opus,A07
LA_E_1547324,1,alaw,A13
LA_E_1547491,1,pstn,A15
LA_E_1547654,1,g722,A11
LA_E_1547928,1,pstn,A17
LA_E_1548005,1,alaw,A07
LA_E_1548202,1,gsm,A07
LA_E_1548358,1,alaw,A10
LA_E_1548361,1,gsm,A18
LA_E_1548426,1,gsm,A13
LA_E_1548749,1,g722,A11
LA_E_1548842,1,ulaw,A12
LA_E_1549222,1,ulaw,A12
LA_E_1549262,1,gsm,A09
LA_E_1549389,1,gsm,A12
LA_E_1550224,1,ulaw,A16
LA_E_1550236,1,ulaw,A10
LA_E_1550459,1,alaw,A09
LA_E_1550740,1,none,A07
LA_E_1550781,1,pstn,A19
LA_E_1550812,1,none,A09
LA_E_1550830,1,gsm,A19
LA_E_1550865,1,g722,A11
LA_E_1550884,1,g722,A13
LA_E_1551030,1,pstn,A14
LA_E_1551242,1,g722,A11
LA_E_1551375,1,none,A19
LA_E_1551593,1,opus,A12
LA_E_1551851,1,opus,A11
LA_E_1552075,1,opus,A18
LA_E_1552398,1,none,A15
LA_E_1552509,1,g722,A13
LA_E_1552831,1,opus,A11
LA_E_1552868,1,alaw,A16
LA_E_1552973,1,alaw,A11
LA_E_1553231,1,gsm,A13
LA_E_1553541,1,none,A07
LA_E_1553662,1,none,A07
LA_E_1553982,1,none,A19
LA_E_1554153,1,none,A19
LA_E_1554189,1,ulaw,A07
LA_E_1554219,1,gsm,A12
LA_E_1554324,1,gsm,A15
LA_E_1554875,1,gsm,A10
LA_E_1555003,1,none,A12
LA_E_1555024,1,opus,A07
LA_E_1555179,0,none,bonafide
LA_E_1555492,1,pstn,A14
LA_E_1555734,1,alaw,A12
LA_E_1556150,1,none,A12
LA_E_1556244,1,opus,A15
LA_E_1556464,1,gsm,A12
LA_E_1556467,1,ulaw,A12
LA_E_1556575,1,ulaw,A15
LA_E_1556668,1,gsm,A09
LA_E_1556835,1,alaw,A13
LA_E_1556854,1,gsm,A16
LA_E_1557036,1,alaw,A07
LA_E_1557117,1,none,A19
LA_E_1557583,1,none,A11
LA_E_1557746,1,gsm,A12
LA_E_1557865,1,g722,A11
LA_E_1558128,1,gsm,A12
LA_E_1558491,1,none,A15
LA_E_1558928,1,opus,A09
LA_E_1559329,1,alaw,A07
LA_E_1559367,1,alaw,A07
LA_E_1559415,1,ulaw,A18
LA_E_1559793,1,gsm,A16
LA_E_1559843,1,pstn,A15
LA_E_1560473,1,pstn,A16
LA_E_1560515,1,pstn,A10
LA_E_1560869,1,gsm,A16
LA_E_1561288,1,none,A19
LA_E_1561317,1,ulaw,A18
LA_E_1561351,1,none,A08
LA_E_1561526,1,opus,A08
LA_E_1561832,1,alaw,A11
LA_E_1561930,1,g722,A13
LA_E_1562191,0,alaw,bonafide
LA_E_1563143,1,pstn,A09
LA_E_1563234,1,pstn,A15
LA_E_1564086,1,g722,A10
LA_E_1564567,1,ulaw,A18
LA_E_1564802,1,pstn,A09
LA_E_1564858,1,opus,A12
LA_E_1564859,1,none,A17
LA_E_1565402,1,pstn,A09
LA_E_1565686,1,g722,A08
LA_E_1566914,1,ulaw,A15
LA_E_1567197,1,alaw,A11
LA_E_1567315,1,pstn,A15
LA_E_1567523,1,none,A18
LA_E_1567848,1,alaw,A11
LA_E_1568344,1,pstn,A14
LA_E_1568478,1,g722,A17
LA_E_1568581,1,gsm,A16
LA_E_1568725,1,pstn,A17
LA_E_1569122,1,pstn,A09
LA_E_1569413,1,ulaw,A10
LA_E_1569854,1,g722,A09
LA_E_1569955,0,opus,bonafide
LA_E_1569984,1,alaw,A18
LA_E_1571021,1,alaw,A10
LA_E_1571402,1,alaw,A13
LA_E_1571980,1,alaw,A18
LA_E_1572531,1,opus,A11
LA_E_1573121,1,none,A10
LA_E_1573424,1,opus,A07
LA_E_1573476,1,none,A12
LA_E_1574086,1,g722,A08
LA_E_1574095,1,opus,A07
LA_E_1574381,1,alaw,A16
LA_E_1574868,1,g722,A13
LA_E_1575166,1,alaw,A10
LA_E_1575282,1,none,A07
LA_E_1575353,1,alaw,A11
LA_E_1575582,1,opus,A09
LA_E_1575790,1,gsm,A19
LA_E_1576178,1,alaw,A07
LA_E_1576306,1,none,A19
LA_E_1576426,1,pstn,A09
LA_E_1577090,1,pstn,A14
LA_E_1577283,0,gsm,bonafide
LA_E_1577570,1,alaw,A10
LA_E_1578110,1,ulaw,A14
LA_E_1578159,1,none,A09
LA_E_1578216,1,g722,A16
LA_E_1578241,1,g722,A19
LA_E_1578664,1,none,A17
LA_E_1578970,1,ulaw,A12
LA_E_1579022,1,alaw,A10
LA_E_1579482,1,ulaw,A12
LA_E_1579697,1,gsm,A19
LA_E_1579789,1,opus,A07
LA_E_1580415,1,opus,A12
LA_E_1580595,1,ulaw,A08
LA_E_1580826,1,ulaw,A08
LA_E_1581004,1,alaw,A07
LA_E_1581084,0,g722,bonafide
LA_E_1581177,1,opus,A12
LA_E_1581889,1,none,A08
LA_E_1582185,1,ulaw,A19
LA_E_1582290,1,ulaw,A19
LA_E_1582309,1,g722,A19
LA_E_1582379,0,pstn,bonafide
LA_E_1582939,1,none,A15
LA_E_1583369,1,gsm,A07
LA_E_1583798,1,g722,A19
LA_E_1584200,1,alaw,A08
LA_E_1584645,1,g722,A08
LA_E_1584971,1,alaw,A07
LA_E_1585271,1,opus,A11
LA_E_1585423,1,gsm,A12
LA_E_1585495,1,gsm,A13
LA_E_1586080,1,ulaw,A07
LA_E_1586145,1,opus,A07
LA_E_1586250,1,pstn,A14
LA_E_1586330,1,pstn,A09
LA_E_1586590,1,none,A19
LA_E_1586748,1,none,A09
LA_E_1586795,1,alaw,A14
LA_E_1586846,1,opus,A07
LA_E_1586878,1,ulaw,A08
LA_E_1586985,1,g722,A14
LA_E_1587477,1,ulaw,A12
LA_E_1587663,1,alaw,A12
LA_E_1587665,1,pstn,A15
LA_E_1589327,1,g722,A07
LA_E_1589761,1,gsm,A12
LA_E_1589987,1,opus,A12
LA_E_1590532,0,pstn,bonafide
LA_E_1590680,1,opus,A17
LA_E_1590708,1,g722,A18
LA_E_1590864,1,none,A15
LA_E_1590882,1,gsm,A17
LA_E_1591349,1,alaw,A15
LA_E_1591966,1,none,A15
LA_E_1591973,1,opus,A12
LA_E_1592649,1,opus,A12
LA_E_1592853,1,g722,A19
LA_E_1593341,1,g722,A08
LA_E_1594108,0,opus,bonafide
LA_E_1594300,1,pstn,A11
LA_E_1594966,1,gsm,A17
LA_E_1595524,1,g722,A09
LA_E_1595929,1,opus,A07
LA_E_1596060,1,pstn,A12
LA_E_1596084,1,gsm,A16
LA_E_1596188,1,g722,A19
LA_E_1596310,1,pstn,A16
LA_E_1596678,1,g722,A18
LA_E_1596810,1,g722,A19
LA_E_1596977,1,alaw,A09
LA_E_1597374,1,none,A16
LA_E_1597725,1,none,A08
LA_E_1598513,1,pstn,A15
LA_E_1599483,1,none,A08
LA_E_1599519,1,pstn,A09
LA_E_1599959,1,ulaw,A08
LA_E_1600651,1,none,A16
LA_E_1600907,1,gsm,A10
LA_E_1601221,1,none,A09
LA_E_1601275,1,alaw,A14
LA_E_1601522,1,pstn,A07
LA_E_1602472,1,ulaw,A12
LA_E_1603183,1,pstn,A13
LA_E_1603229,1,ulaw,A15
LA_E_1603713,1,alaw,A08
LA_E_1604223,1,alaw,A09
LA_E_1604771,1,pstn,A18
LA_E_1605356,1,pstn,A15
LA_E_1606611,1,gsm,A16
LA_E_1606664,1,g722,A18
LA_E_1606832,1,none,A13
LA_E_1607080,1,alaw,A16
LA_E_1607410,1,gsm,A11
LA_E_1607857,1,none,A08
LA_E_1607860,1,ulaw,A11
LA_E_1607920,1,pstn,A16
LA_E_1608290,0,ulaw,bonafide
LA_E_1608543,1,alaw,A11
LA_E_1608577,1,g722,A19
LA_E_1609463,1,none,A09
LA_E_1609514,1,none,A12
LA_E_1609542,1,alaw,A08
LA_E_1609602,1,alaw,A18
LA_E_1609679,1,pstn,A13
LA_E_1609726,1,pstn,A07
LA_E_1610062,1,opus,A13
LA_E_1610272,1,none,A14
LA_E_1610443,1,alaw,A07
LA_E_1611179,1,pstn,A08
LA_E_1611206,1,ulaw,A08
LA_E_1611534,1,pstn,A12
LA_E_1612477,1,pstn,A11
LA_E_1612719,1,none,A18
LA_E_1612853,1,opus,A15
LA_E_1612903,1,pstn,A11
LA_E_1612958,1,gsm,A07
LA_E_1612990,1,ulaw,A18
LA_E_1613755,1,opus,A12
LA_E_1614014,1,pstn,A10
LA_E_1614614,1,ulaw,A10
LA_E_1614756,1,alaw,A14
LA_E_1615151,1,none,A12
LA_E_1615454,1,alaw,A15
LA_E_1615776,1,none,A12
LA_E_1615930,1,none,A16
LA_E_1616032,1,alaw,A08
LA_E_1616148,1,g722,A09
LA_E_1616402,1,g722,A09
LA_E_1617012,1,pstn,A13
LA_E_1617478,1,ulaw,A11
LA_E_1617837,0,gsm,bonafide
LA_E_1618009,1,opus,A15
LA_E_1618178,1,none,A14
LA_E_1618446,1,gsm,A10
LA_E_1618760,1,pstn,A13
LA_E_1619087,1,none,A08
LA_E_1619247,1,none,A08
LA_E_1619488,1,pstn,A10
LA_E_1619617,1,none,A17
LA_E_1619674,1,g722,A07
LA_E_1619789,1,pstn,A12
LA_E_1620104,1,none,A13
LA_E_1620521,1,ulaw,A18
LA_E_1620567,1,ulaw,A10
LA_E_1621303,1,alaw,A13
LA_E_1621392,1,g722,A08
LA_E_1622060,1,opus,A13
LA_E_1622135,1,g722,A09
LA_E_1622333,1,pstn,A15
LA_E_1622771,1,pstn,A11
LA_E_1622899,1,pstn,A12
LA_E_1623139,1,g722,A07
LA_E_1623215,1,g722,A18
LA_E_1623218,0,alaw,bonafide
LA_E_1623331,1,pstn,A18
LA_E_1623657,1,opus,A07
LA_E_1623698,1,pstn,A10
LA_E_1624044,1,g722,A15
LA_E_1624051,1,ulaw,A09
LA_E_1624124,1,pstn,A10
LA_E_1624178,0,ulaw,bonafide
LA_E_1624728,1,g722,A10
LA_E_1625055,1,none,A09
LA_E_1625321,1,pstn,A18
LA_E_1625384,1,alaw,A17
LA_E_1625626,1,opus,A08
LA_E_1625753,1,alaw,A14
LA_E_1627107,1,none,A12
LA_E_1627159,1,alaw,A14
LA_E_1627291,1,pstn,A16
LA_E_1627627,1,none,A09
LA_E_1628019,1,alaw,A19
LA_E_1628048,1,gsm,A19
LA_E_1628376,1,none,A17
LA_E_1628382,1,gsm,A09
LA_E_1628421,1,alaw,A14
LA_E_1628443,1,ulaw,A09
LA_E_1628471,1,alaw,A08
LA_E_1628659,1,alaw,A13
LA_E_1628768,0,gsm,bonafide
LA_E_1629067,1,opus,A07
LA_E_1629314,1,pstn,A11
LA_E_1629665,1,gsm,A09
LA_E_1629889,1,gsm,A14
LA_E_1629947,1,alaw,A18
LA_E_1630040,1,pstn,A18
LA_E_1630294,1,pstn,A18
LA_E_1630393,1,alaw,A08
LA_E_1630409,1,gsm,A14
LA_E_1630684,1,alaw,A12
LA_E_1631052,1,alaw,A08
LA_E_1631055,1,alaw,A14
LA_E_1631194,1,ulaw,A15
LA_E_1631283,0,gsm,bonafide
LA_E_1631672,1,g722,A08
LA_E_1631748,1,alaw,A16
LA_E_1631846,0,pstn,bonafide
LA_E_1631862,1,gsm,A11
LA_E_1631875,1,gsm,A16
LA_E_1632325,1,gsm,A12
LA_E_1632407,0,opus,bonafide
LA_E_1633047,1,g722,A19
LA_E_1633258,0,alaw,bonafide
LA_E_1633465,1,g722,A15
LA_E_1633594,1,opus,A08
LA_E_1633638,1,none,A10
LA_E_1634401,1,opus,A18
LA_E_1634549,1,opus,A18
LA_E_1634921,1,opus,A18
LA_E_1635064,1,opus,A09
LA_E_1635076,1,alaw,A13
LA_E_1635130,1,pstn,A12
LA_E_1635143,1,gsm,A12
LA_E_1635156,1,g722,A08
LA_E_1635791,1,gsm,A14
LA_E_1636142,1,g722,A09
LA_E_1636384,1,pstn,A11
LA_E_1636546,1,none,A16
LA_E_1636680,1,g722,A15
LA_E_1636948,0,none,bonafide
LA_E_1637144,1,alaw,A18
LA_E_1637432,1,none,A08
LA_E_1638290,1,alaw,A17
LA_E_1638337,1,alaw,A17
LA_E_1638421,1,ulaw,A11
LA_E_1638493,1,alaw,A16
LA_E_1638501,1,alaw,A12
LA_E_1638502,1,none,A16
LA_E_1638770,1,pstn,A11
LA_E_1638976,1,g722,A18
LA_E_1639120,1,g722,A14
LA_E_1639591,1,none,A18
LA_E_1640076,1,g722,A15
LA_E_1640355,1,none,A15
LA_E_1640520,1,pstn,A08
LA_E_1640569,1,pstn,A12
LA_E_1640893,1,opus,A18
LA_E_1641077,1,opus,A12
LA_E_1641509,1,alaw,A13
LA_E_1641516,1,none,A10
LA_E_1641816,0,opus,bonafide
LA_E_1641947,1,alaw,A08
LA_E_1641999,1,g722,A14
LA_E_1642185,1,gsm,A14
LA_E_1642196,1,opus,A09
LA_E_1642929,1,ulaw,A11
LA_E_1642979,1,alaw,A10
LA_E_1643305,1,g722,A15
LA_E_1644443,1,g722,A15
LA_E_1644601,1,alaw,A18
LA_E_1644729,1,g722,A08
LA_E_1645053,1,none,A11
LA_E_1645624,1,opus,A18
LA_E_1645777,1,g722,A18
LA_E_1645848,1,ulaw,A17
LA_E_1646171,1,gsm,A11
LA_E_1646387,1,alaw,A11
LA_E_1646435,1,opus,A11
LA_E_1647196,0,gsm,bonafide
LA_E_1647483,1,opus,A18
LA_E_1647587,1,alaw,A19
LA_E_1648047,0,ulaw,bonafide
LA_E_1648283,1,g722,A09
LA_E_1648404,1,pstn,A07
LA_E_1648518,1,alaw,A11
LA_E_1649067,1,alaw,A17
LA_E_1649293,1,opus,A12
LA_E_1649754,1,g722,A09
LA_E_1649781,1,none,A10
LA_E_1650100,1,g722,A15
LA_E_1650627,1,g722,A11
LA_E_1650885,1,g722,A11
LA_E_1651022,1,ulaw,A17
LA_E_1651509,1,ulaw,A17
LA_E_1651574,1,pstn,A11
LA_E_1651800,1,g722,A07
LA_E_1651988,1,opus,A10
LA_E_1652091,1,none,A11
LA_E_1652291,1,none,A09
LA_E_1652320,1,opus,A18
LA_E_1652327,1,ulaw,A07
LA_E_1652394,1,pstn,A09
LA_E_1652430,1,g722,A14
LA_E_1653025,1,ulaw,A08
LA_E_1653650,1,g722,A14
LA_E_1653676,1,ulaw,A11
LA_E_1654031,1,gsm,A14
LA_E_1654334,1,alaw,A17
LA_E_1654369,1,alaw,A19
LA_E_1654515,1,alaw,A10
LA_E_1655196,1,g722,A14
LA_E_1656402,1,ulaw,A07
LA_E_1656864,1,alaw,A16
LA_E_1657022,1,g722,A07
LA_E_1657209,1,ulaw,A14
LA_E_1657212,0,opus,bonafide
LA_E_1657994,1,gsm,A11
LA_E_1657999,1,none,A10
LA_E_1658107,1,pstn,A17
LA_E_1658236,1,none,A10
LA_E_1658306,1,pstn,A19
LA_E_1658315,1,none,A16
LA_E_1658471,1,opus,A10
LA_E_1659029,1,g722,A07
LA_E_1659298,0,gsm,bonafide
LA_E_1659615,1,pstn,A18
LA_E_1659844,1,alaw,A18
LA_E_1659908,1,opus,A10
LA_E_1660112,1,pstn,A13
LA_E_1660308,1,pstn,A09
LA_E_1660381,1,none,A11
LA_E_1660412,1,g722,A18
LA_E_1660475,1,pstn,A19
LA_E_1660617,1,none,A16
LA_E_1662151,1,pstn,A12
LA_E_1662295,1,g722,A17
LA_E_1662687,1,opus,A11
LA_E_1663329,1,pstn,A14
LA_E_1663723,1,pstn,A18
LA_E_1663740,1,none,A10
LA_E_1663822,0,ulaw,bonafide
LA_E_1664162,1,g722,A10
LA_E_1665084,1,alaw,A14
LA_E_1665148,1,alaw,A18
LA_E_1665235,1,alaw,A19
LA_E_1665812,1,g722,A15
LA_E_1666449,1,pstn,A19
LA_E_1667008,1,gsm,A18
LA_E_1667178,1,pstn,A19
LA_E_1667185,0,g722,bonafide
LA_E_1667340,1,g722,A07
LA_E_1667448,1,gsm,A14
LA_E_1667749,1,ulaw,A19
LA_E_1667917,1,opus,A10
LA_E_1668227,0,alaw,bonafide
LA_E_1668366,1,none,A15
LA_E_1668657,1,g722,A16
LA_E_1669165,1,g722,A07
LA_E_1669218,1,none,A07
LA_E_1670232,1,opus,A10
LA_E_1670516,1,gsm,A08
LA_E_1670769,1,none,A14
LA_E_1670901,1,ulaw,A17
LA_E_1671149,1,none,A08
LA_E_1671170,1,pstn,A14
LA_E_1671537,1,ulaw,A12
LA_E_1671954,1,opus,A14
LA_E_1672161,0,none,bonafide
LA_E_1672713,1,ulaw,A19
LA_E_1672777,1,none,A07
LA_E_1672892,1,none,A17
LA_E_1674023,1,ulaw,A11
LA_E_1674110,1,none,A19
LA_E_1674490,1,ulaw,A17
LA_E_1674547,1,ulaw,A12
LA_E_1675410,1,none,A19
LA_E_1675639,1,ulaw,A14
LA_E_1676355,1,pstn,A13
LA_E_1677246,0,pstn,bonafide
LA_E_1677427,1,ulaw,A14
LA_E_1677860,1,g722,A17
LA_E_1678015,1,g722,A18
LA_E_1678046,1,ulaw,A16
LA_E_1678125,1,ulaw,A11
LA_E_1678176,1,none,A16
LA_E_1678290,1,opus,A14
LA_E_1678373,1,alaw,A16
LA_E_1678597,1,pstn,A17
LA_E_1678653,1,none,A11
LA_E_1678883,1,pstn,A13
LA_E_1679337,1,ulaw,A11
LA_E_1679490,1,pstn,A15
LA_E_1679866,0,alaw,bonafide
LA_E_1679934,1,pstn,A15
LA_E_1680108,1,ulaw,A14
LA_E_1680752,1,g722,A13
LA_E_1681183,1,ulaw,A08
LA_E_1681641,1,ulaw,A19
LA_E_1681844,1,pstn,A17
LA_E_1682046,0,ulaw,bonafide
LA_E_1682181,1,gsm,A18
LA_E_1682211,1,gsm,A16
LA_E_1682668,1,gsm,A18
LA_E_1684001,0,gsm,bonafide
LA_E_1684208,1,none,A11
LA_E_1684445,1,gsm,A14
LA_E_1684609,1,pstn,A10
LA_E_1685896,1,opus,A18
LA_E_1686048,1,g722,A14
LA_E_1686056,1,alaw,A19
LA_E_1686869,1,opus,A18
LA_E_1687375,1,alaw,A15
LA_E_1688024,1,ulaw,A14
LA_E_1688231,1,g722,A12
LA_E_1689013,1,pstn,A07
LA_E_1689040,1,none,A08
LA_E_1689456,1,gsm,A08
LA_E_1689757,1,alaw,A07
LA_E_1689868,1,pstn,A19
LA_E_1690379,1,pstn,A19
LA_E_1690997,1,pstn,A10
LA_E_1691248,1,alaw,A19
LA_E_1691500,1,gsm,A18
LA_E_1691679,0,none,bonafide
LA_E_1691754,1,pstn,A18
LA_E_1691771,1,alaw,A07
LA_E_1691824,1,g722,A13
LA_E_1692102,1,g722,A09
LA_E_1692933,1,g722,A16
LA_E_1692970,1,gsm,A16
LA_E_1693103,1,pstn,A12
LA_E_1693106,1,none,A14
LA_E_1693370,1,none,A10
LA_E_1693607,1,opus,A14
LA_E_1693907,1,g722,A09
LA_E_1693953,1,alaw,A19
LA_E_1694103,1,alaw,A08
LA_E_1694420,0,g722,bonafide
LA_E_1696484,1,gsm,A18
LA_E_1696739,1,pstn,A10
LA_E_1696893,1,ulaw,A19
LA_E_1696906,0,alaw,bonafide
LA_E_1697733,0,ulaw,bonafide
LA_E_1697753,1,g722,A08
LA_E_1698109,1,alaw,A17
LA_E_1698314,0,opus,bonafide
LA_E_1698933,1,opus,A17
LA_E_1699304,1,ulaw,A16
LA_E_1699381,1,g722,A08
LA_E_1699455,1,ulaw,A16
LA_E_1699536,1,alaw,A16
LA_E_1699809,1,alaw,A17
LA_E_1699889,0,gsm,bonafide
LA_E_1700155,0,alaw,bonafide
LA_E_1700834,1,g722,A17
LA_E_1701247,1,gsm,A13
LA_E_1701968,1,ulaw,A17
LA_E_1702522,0,gsm,bonafide
LA_E_1702611,1,g722,A16
LA_E_1703013,1,pstn,A13
LA_E_1703071,1,gsm,A13
LA_E_1703090,1,pstn,A17
LA_E_1703441,1,alaw,A18
LA_E_1703494,1,none,A11
LA_E_1703510,1,gsm,A08
LA_E_1703839,1,none,A11
LA_E_1704624,0,ulaw,bonafide
LA_E_1704650,0,ulaw,bonafide
LA_E_1705187,1,pstn,A10
LA_E_1705735,1,ulaw,A16
LA_E_1705786,1,none,A12
LA_E_1706094,1,none,A09
LA_E_1706171,1,gsm,A08
LA_E_1706386,1,ulaw,A08
LA_E_1706543,1,ulaw,A14
LA_E_1706850,1,pstn,A07
LA_E_1706968,0,gsm,bonafide
LA_E_1707130,1,alaw,A13
LA_E_1707486,1,ulaw,A08
LA_E_1707725,1,g722,A19
LA_E_1708988,1,alaw,A17
LA_E_1709308,0,none,bonafide
LA_E_1709502,1,ulaw,A11
LA_E_1709629,0,ulaw,bonafide
LA_E_1709779,1,g722,A14
LA_E_1710048,0,none,bonafide
LA_E_1710405,1,alaw,A13
LA_E_1711237,1,g722,A17
LA_E_1711414,1,none,A09
LA_E_1712215,1,opus,A14
LA_E_1712430,1,pstn,A17
LA_E_1712918,0,g722,bonafide
LA_E_1713191,1,gsm,A08
LA_E_1713344,1,alaw,A09
LA_E_1713451,1,g722,A19
LA_E_1713610,1,alaw,A08
LA_E_1713820,1,alaw,A15
LA_E_1714549,1,opus,A17
LA_E_1714680,1,ulaw,A11
LA_E_1715000,0,pstn,bonafide
LA_E_1715215,0,none,bonafide
LA_E_1716054,1,alaw,A18
LA_E_1716736,1,g722,A11
LA_E_1716771,0,alaw,bonafide
LA_E_1717116,1,g722,A12
LA_E_1717282,1,ulaw,A16
LA_E_1717403,1,pstn,A17
LA_E_1717702,1,pstn,A11
LA_E_1718146,1,none,A10
LA_E_1718332,1,none,A07
LA_E_1718359,1,g722,A15
LA_E_1718979,0,pstn,bonafide
LA_E_1719001,1,none,A11
LA_E_1719055,1,opus,A17
LA_E_1720389,1,g722,A16
LA_E_1720400,1,g722,A12
LA_E_1720464,1,none,A12
LA_E_1720859,1,alaw,A19
LA_E_1721091,0,opus,bonafide
LA_E_1721210,1,alaw,A11
LA_E_1721343,0,pstn,bonafide
LA_E_1721596,1,ulaw,A14
LA_E_1722292,1,none,A17
LA_E_1723799,1,none,A10
LA_E_1724290,1,g722,A14
LA_E_1724445,0,opus,bonafide
LA_E_1724459,1,g722,A12
LA_E_1725038,1,pstn,A17
LA_E_1725272,1,opus,A16
LA_E_1725306,1,g722,A17
LA_E_1725499,1,ulaw,A13
LA_E_1725508,1,gsm,A07
LA_E_1725538,0,ulaw,bonafide
LA_E_1727292,1,pstn,A13
LA_E_1728866,0,pstn,bonafide
LA_E_1728928,1,pstn,A17
LA_E_1729303,1,opus,A17
LA_E_1729953,1,none,A16
LA_E_1730857,1,pstn,A13
LA_E_1731737,0,opus,bonafide
LA_E_1731785,1,pstn,A19
LA_E_1731816,1,gsm,A15
LA_E_1732093,1,none,A13
LA_E_1732452,0,ulaw,bonafide
LA_E_1732803,1,g722,A16
LA_E_1732958,1,alaw,A11
LA_E_1733438,1,g722,A10
LA_E_1733759,1,gsm,A08
LA_E_1734549,0,none,bonafide
LA_E_1735118,1,ulaw,A14
LA_E_1735560,1,pstn,A19
LA_E_1735800,1,g722,A16
LA_E_1736352,0,alaw,bonafide
LA_E_1736604,1,alaw,A07
LA_E_1737056,1,none,A16
LA_E_1737468,1,opus,A16
LA_E_1737601,1,gsm,A14
LA_E_1738089,1,pstn,A14
LA_E_1738183,1,gsm,A07
LA_E_1738243,1,opus,A16
LA_E_1738825,1,ulaw,A17
LA_E_1739160,1,gsm,A19
LA_E_1739432,1,ulaw,A13
LA_E_1739466,1,pstn,A12
LA_E_1740052,0,pstn,bonafide
LA_E_1740190,0,g722,bonafide
LA_E_1740478,1,alaw,A10
LA_E_1740757,1,gsm,A07
LA_E_1740880,1,g722,A15
LA_E_1741032,1,opus,A10
LA_E_1741064,1,pstn,A16
LA_E_1741427,1,g722,A11
LA_E_1741503,1,pstn,A12
LA_E_1742029,1,none,A08
LA_E_1742037,1,gsm,A11
LA_E_1743261,1,none,A18
LA_E_1743353,1,gsm,A14
LA_E_1743582,0,alaw,bonafide
LA_E_1743924,0,g722,bonafide
LA_E_1744094,1,none,A14
LA_E_1744209,1,pstn,A09
LA_E_1744941,0,g722,bonafide
LA_E_1744953,1,gsm,A19
LA_E_1745872,1,none,A18
LA_E_1746400,1,gsm,A11
LA_E_1746734,1,pstn,A08
LA_E_1746767,1,pstn,A16
LA_E_1746781,1,ulaw,A19
LA_E_1747033,0,gsm,bonafide
LA_E_1747056,1,gsm,A15
LA_E_1747209,1,gsm,A08
LA_E_1747305,1,pstn,A18
LA_E_1747378,1,alaw,A15
LA_E_1747491,0,none,bonafide
LA_E_1747773,1,gsm,A19
LA_E_1747894,1,pstn,A11
LA_E_1748036,1,none,A07
LA_E_1748136,1,g722,A17
LA_E_1748666,1,gsm,A08
LA_E_1749101,1,pstn,A18
LA_E_1749322,1,opus,A16
LA_E_1749848,1,gsm,A15
LA_E_1749977,1,none,A19
LA_E_1749994,1,g722,A17
LA_E_1750523,0,alaw,bonafide
LA_E_1751076,1,ulaw,A19
LA_E_1751166,1,ulaw,A13
LA_E_1751235,1,opus,A14
LA_E_1751364,1,opus,A13
LA_E_1752089,1,pstn,A08
LA_E_1752485,1,ulaw,A16
LA_E_1752704,1,pstn,A08
LA_E_1753017,1,alaw,A14
LA_E_1753224,0,ulaw,bonafide
LA_E_1753709,1,ulaw,A09
LA_E_1753848,1,g722,A10
LA_E_1754773,0,none,bonafide
LA_E_1754963,1,pstn,A08
LA_E_1755578,1,g722,A07
LA_E_1755767,1,none,A13
LA_E_1755794,1,opus,A10
LA_E_1756085,0,opus,bonafide
LA_E_1756127,1,ulaw,A10
LA_E_1756157,0,gsm,bonafide
LA_E_1756226,1,opus,A10
LA_E_1756505,1,opus,A14
LA_E_1756906,1,gsm,A07
LA_E_1757125,1,alaw,A19
LA_E_1757136,0,pstn,bonafide
LA_E_1757225,0,opus,bonafide
LA_E_1757427,1,g722,A19
LA_E_1757667,1,opus,A17
LA_E_1758001,1,g722,A07
LA_E_1758097,1,g722,A18
LA_E_1758392,1,gsm,A18
LA_E_1758479,1,g722,A18
LA_E_1758512,1,ulaw,A17
LA_E_1758513,1,opus,A19
LA_E_1758555,1,ulaw,A09
LA_E_1759887,1,pstn,A09
LA_E_1760032,1,pstn,A16
LA_E_1760467,0,alaw,bonafide
LA_E_1760718,1,g722,A16
LA_E_1761507,1,none,A18
LA_E_1761614,1,alaw,A16
LA_E_1761700,0,gsm,bonafide
LA_E_1761719,1,g722,A10
LA_E_1761756,1,alaw,A17
LA_E_1762073,0,g722,bonafide
LA_E_1763147,1,alaw,A13
LA_E_1763387,1,pstn,A15
LA_E_1763461,0,g722,bonafide
LA_E_1764148,1,g722,A14
LA_E_1764228,1,none,A15
LA_E_1764338,1,gsm,A12
LA_E_1764348,1,none,A18
LA_E_1764778,1,ulaw,A13
LA_E_1765774,1,g722,A17
LA_E_1767097,1,alaw,A17
LA_E_1767299,1,alaw,A12
LA_E_1767674,1,alaw,A09
LA_E_1767708,1,pstn,A19
LA_E_1767762,1,ulaw,A09
LA_E_1769647,1,pstn,A19
LA_E_1769729,1,alaw,A14
LA_E_1770356,1,none,A14
LA_E_1770455,0,gsm,bonafide
LA_E_1771133,1,none,A18
LA_E_1771359,1,alaw,A10
LA_E_1772277,1,none,A14
LA_E_1772630,1,pstn,A14
LA_E_1773240,1,g722,A16
LA_E_1773875,1,none,A14
LA_E_1774889,0,none,bonafide
LA_E_1775354,1,gsm,A19
LA_E_1775625,1,g722,A10
LA_E_1777712,1,pstn,A16
LA_E_1777776,0,ulaw,bonafide
LA_E_1778038,1,g722,A10
LA_E_1778897,1,g722,A13
LA_E_1778970,1,pstn,A08
LA_E_1779018,0,g722,bonafide
LA_E_1779313,1,none,A18
LA_E_1780033,1,ulaw,A16
LA_E_1780056,1,g722,A12
LA_E_1780221,1,gsm,A10
LA_E_1781287,0,gsm,bonafide
LA_E_1781518,1,pstn,A08
LA_E_1781830,1,alaw,A18
LA_E_1782298,1,g722,A12
LA_E_1782621,0,pstn,bonafide
LA_E_1782949,1,g722,A12
LA_E_1783468,1,gsm,A10
LA_E_1783882,1,ulaw,A16
LA_E_1784104,1,ulaw,A09
LA_E_1784309,1,gsm,A19
LA_E_1784323,1,none,A11
LA_E_1784811,1,opus,A13
LA_E_1785161,1,gsm,A15
LA_E_1785655,1,pstn,A13
LA_E_1785761,1,alaw,A13
LA_E_1786160,1,pstn,A12
LA_E_1786631,1,gsm,A10
LA_E_1786926,1,pstn,A08
LA_E_1787140,1,gsm,A08
LA_E_1787679,1,none,A18
LA_E_1788880,1,alaw,A19
LA_E_1789026,1,opus,A19
LA_E_1789214,1,pstn,A16
LA_E_1790742,1,alaw,A16
LA_E_1790890,1,opus,A19
LA_E_1791240,1,pstn,A08
LA_E_1791255,1,gsm,A12
LA_E_1791260,1,gsm,A09
LA_E_1791778,1,none,A07
LA_E_1791813,1,none,A11
LA_E_1791922,0,alaw,bonafide
LA_E_1792114,1,opus,A13
LA_E_1792658,1,none,A09
LA_E_1792804,1,gsm,A18
LA_E_1793027,1,gsm,A17
LA_E_1793148,1,g722,A12
LA_E_1795267,0,ulaw,bonafide
LA_E_1795455,1,alaw,A07
LA_E_1795699,1,g722,A10
LA_E_1795708,0,ulaw,bonafide
LA_E_1795874,1,ulaw,A18
LA_E_1796437,1,pstn,A10
LA_E_1796441,1,opus,A10
LA_E_1797079,1,pstn,A10
LA_E_1797948,1,gsm,A18
LA_E_1798744,1,alaw,A15
LA_E_1799405,1,pstn,A07
LA_E_1799455,1,opus,A14
LA_E_1799580,1,gsm,A12
LA_E_1799881,1,pstn,A17
LA_E_1800352,1,none,A08
LA_E_1800768,1,g722,A15
LA_E_1801091,1,opus,A13
LA_E_1801229,1,gsm,A17
LA_E_1801601,1,g722,A09
LA_E_1802599,1,ulaw,A19
LA_E_1802649,1,ulaw,A10
LA_E_1802756,1,opus,A13
LA_E_1803743,1,opus,A15
LA_E_1804618,1,alaw,A11
LA_E_1805104,1,none,A12
LA_E_1805204,1,none,A18
LA_E_1805325,1,pstn,A15
LA_E_1805646,1,ulaw,A10
LA_E_1806550,0,pstn,bonafide
LA_E_1806963,1,none,A07
LA_E_1807168,1,none,A17
LA_E_1807406,1,alaw,A18
LA_E_1807765,0,opus,bonafide
LA_E_1808346,1,pstn,A16
LA_E_1808624,1,opus,A07
LA_E_1808828,0,none,bonafide
LA_E_1808945,1,g722,A13
LA_E_1809396,1,opus,A08
LA_E_1809695,1,none,A07
LA_E_1810845,0,g722,bonafide
LA_E_1810910,1,g722,A10
LA_E_1811234,1,none,A07
LA_E_1811916,1,pstn,A14
LA_E_1812817,1,alaw,A08
LA_E_1813891,1,opus,A07
LA_E_1814211,1,opus,A07
LA_E_1814271,1,opus,A12
LA_E_1814585,1,ulaw,A14
LA_E_1814840,1,none,A13
LA_E_1815206,0,pstn,bonafide
LA_E_1815679,1,pstn,A17
LA_E_1815980,1,alaw,A09
LA_E_1816192,1,opus,A08
LA_E_1816204,1,pstn,A11
LA_E_1816658,1,pstn,A12
LA_E_1816902,1,gsm,A18
LA_E_1817001,1,opus,A19
LA_E_1817156,1,g722,A11
LA_E_1817436,1,g722,A14
LA_E_1818408,1,gsm,A19
LA_E_1818612,0,alaw,bonafide
LA_E_1819048,0,opus,bonafide
LA_E_1819133,0,opus,bonafide
LA_E_1819392,1,g722,A19
LA_E_1819398,1,ulaw,A14
LA_E_1819584,1,g722,A07
LA_E_1819791,0,gsm,bonafide
LA_E_1820527,1,g722,A10
LA_E_1820618,1,gsm,A17
LA_E_1820620,1,gsm,A19
LA_E_1823975,1,gsm,A18
LA_E_1823976,1,opus,A17
LA_E_1824232,1,ulaw,A17
LA_E_1825426,1,alaw,A10
LA_E_1825455,1,gsm,A17
LA_E_1825700,1,alaw,A15
LA_E_1826046,1,opus,A08
LA_E_1826212,1,alaw,A13
LA_E_1826309,0,ulaw,bonafide
LA_E_1827061,1,gsm,A12
LA_E_1827173,1,ulaw,A18
LA_E_1827321,1,alaw,A15
LA_E_1827380,1,g722,A12
LA_E_1828228,1,gsm,A08
LA_E_1828341,1,opus,A17
LA_E_1828688,1,opus,A07
LA_E_1828891,1,opus,A19
LA_E_1830044,1,gsm,A10
LA_E_1830353,0,ulaw,bonafide
LA_E_1830858,1,gsm,A09
LA_E_1831086,1,none,A16
LA_E_1831124,1,gsm,A12
LA_E_1831581,1,gsm,A11
LA_E_1832216,1,alaw,A14
LA_E_1832362,1,gsm,A16
LA_E_1832748,1,ulaw,A18
LA_E_1832913,1,pstn,A16
LA_E_1832951,1,opus,A08
LA_E_1833275,0,ulaw,bonafide
LA_E_1833814,1,g722,A12
LA_E_1833953,1,gsm,A18
LA_E_1834284,1,opus,A08
LA_E_1834341,1,opus,A14
LA_E_1834906,1,opus,A15
LA_E_1835042,1,opus,A12
LA_E_1835522,0,g722,bonafide
LA_E_1835719,1,alaw,A12
LA_E_1836253,1,g722,A08
LA_E_1836353,1,pstn,A18
LA_E_1836774,1,ulaw,A10
LA_E_1836937,0,gsm,bonafide
LA_E_1837797,0,gsm,bonafide
LA_E_1837842,1,g722,A11
LA_E_1837899,1,ulaw,A07
LA_E_1837979,1,none,A18
LA_E_1838081,1,gsm,A10
LA_E_1838485,1,gsm,A09
LA_E_1838489,1,pstn,A09
LA_E_1838567,1,opus,A14
LA_E_1838701,1,none,A09
LA_E_1839012,1,none,A18
LA_E_1839503,1,opus,A09
LA_E_1839523,1,opus,A12
LA_E_1839866,1,ulaw,A18
LA_E_1840497,1,ulaw,A10
LA_E_1840826,1,gsm,A11
LA_E_1841045,1,alaw,A09
LA_E_1841241,1,ulaw,A07
LA_E_1842987,1,alaw,A10
LA_E_1843376,1,pstn,A07
LA_E_1843482,1,g722,A13
LA_E_1843836,1,ulaw,A15
LA_E_1844019,1,ulaw,A07
LA_E_1844092,1,g722,A11
LA_E_1844097,1,g722,A14
LA_E_1844248,1,ulaw,A17
LA_E_1844295,1,none,A15
LA_E_1844569,1,pstn,A14
LA_E_1844774,1,opus,A18
LA_E_1844922,1,alaw,A19
LA_E_1845221,1,gsm,A09
LA_E_1845496,1,none,A19
LA_E_1845517,1,none,A14
LA_E_1846312,1,pstn,A14
LA_E_1846340,1,ulaw,A16
LA_E_1846809,1,ulaw,A19
LA_E_1846986,1,pstn,A14
LA_E_1847816,1,opus,A09
LA_E_1847877,1,gsm,A07
LA_E_1848081,1,alaw,A09
LA_E_1848265,1,ulaw,A15
LA_E_1848417,1,gsm,A16
LA_E_1848682,1,none,A14
LA_E_1849237,0,none,bonafide
LA_E_1849321,1,alaw,A09
LA_E_1850520,1,gsm,A07
LA_E_1850708,1,alaw,A10
LA_E_1850793,1,ulaw,A15
LA_E_1851034,1,g722,A11
LA_E_1851135,1,opus,A10
LA_E_1851299,1,pstn,A19
LA_E_1851453,1,none,A10
LA_E_1852094,1,ulaw,A08
LA_E_1852229,1,g722,A15
LA_E_1853065,1,alaw,A10
LA_E_1853252,1,gsm,A18
LA_E_1853295,1,ulaw,A07
LA_E_1853452,1,gsm,A09
LA_E_1853804,1,g722,A18
LA_E_1854263,1,gsm,A18
LA_E_1855028,1,g722,A13
LA_E_1855595,0,g722,bonafide
LA_E_1855753,0,gsm,bonafide
LA_E_1856006,1,none,A13
LA_E_1856084,1,pstn,A17
LA_E_1856311,1,opus,A18
LA_E_1856983,0,pstn,bonafide
LA_E_1857049,1,none,A17
LA_E_1857189,1,opus,A15
LA_E_1857352,1,none,A13
LA_E_1857724,1,none,A17
LA_E_1857859,0,opus,bonafide
LA_E_1858359,1,ulaw,A08
LA_E_1858403,1,gsm,A11
LA_E_1858495,1,gsm,A18
LA_E_1859417,1,pstn,A10
LA_E_1859520,1,alaw,A07
LA_E_1859802,1,pstn,A16
LA_E_1859852,1,opus,A18
LA_E_1860081,0,pstn,bonafide
LA_E_1860261,1,none,A13
LA_E_1860358,0,ulaw,bonafide
LA_E_1860600,1,alaw,A08
LA_E_1861551,1,g722,A09
LA_E_1861568,1,g722,A13
LA_E_1861942,1,g722,A10
LA_E_1862845,1,ulaw,A08
LA_E_1863342,1,opus,A09
LA_E_1863578,1,g722,A07
LA_E_1863789,1,opus,A15
LA_E_1863948,1,alaw,A16
LA_E_1864449,1,gsm,A16
LA_E_1865322,1,gsm,A14
LA_E_1865644,1,opus,A16
LA_E_1865830,0,ulaw,bonafide
LA_E_1865901,1,pstn,A09
LA_E_1866309,1,opus,A18
LA_E_1866607,1,pstn,A11
LA_E_1866893,1,gsm,A12
LA_E_1866968,0,alaw,bonafide
LA_E_1867455,1,gsm,A08
LA_E_1867673,1,pstn,A08
LA_E_1867802,1,gsm,A19
LA_E_1868220,1,alaw,A10
LA_E_1868318,1,g722,A13
LA_E_1868409,1,ulaw,A15
LA_E_1869033,1,g722,A17
LA_E_1869068,0,opus,bonafide
LA_E_1869247,0,pstn,bonafide
LA_E_1869279,1,opus,A10
LA_E_1869313,1,ulaw,A09
LA_E_1869531,1,gsm,A15
LA_E_1869761,1,none,A17
LA_E_1870101,1,opus,A11
LA_E_1870284,1,none,A12
LA_E_1870538,1,pstn,A09
LA_E_1870662,1,none,A16
LA_E_1870917,0,pstn,bonafide
LA_E_1871352,0,alaw,bonafide
LA_E_1871487,1,opus,A09
LA_E_1871694,1,g722,A10
LA_E_1871825,1,alaw,A19
LA_E_1872060,1,alaw,A13
LA_E_1872093,1,gsm,A09
LA_E_1872547,1,none,A15
LA_E_1873129,1,opus,A09
LA_E_1873553,1,gsm,A16
LA_E_1874010,1,pstn,A18
LA_E_1874177,1,opus,A12
LA_E_1874451,1,pstn,A15
LA_E_1874609,1,ulaw,A16
LA_E_1875481,1,opus,A16
LA_E_1875606,1,opus,A08
LA_E_1875768,1,pstn,A09
LA_E_1876619,1,g722,A17
LA_E_1876638,1,gsm,A16
LA_E_1877032,1,ulaw,A08
LA_E_1877253,1,alaw,A13
LA_E_1877557,1,gsm,A15
LA_E_1877708,1,ulaw,A12
LA_E_1878470,1,ulaw,A17
LA_E_1878884,1,ulaw,A19
LA_E_1881107,1,ulaw,A18
LA_E_1881202,1,gsm,A14
LA_E_1881332,1,alaw,A11
LA_E_1881665,1,ulaw,A18
LA_E_1881745,1,alaw,A13
LA_E_1883243,1,pstn,A13
LA_E_1883440,1,none,A08
LA_E_1883651,1,gsm,A14
LA_E_1884178,1,alaw,A17
LA_E_1884188,0,alaw,bonafide
LA_E_1885517,1,gsm,A10
LA_E_1885576,1,opus,A13
LA_E_1886089,1,opus,A14
LA_E_1886303,1,g722,A08
LA_E_1887028,1,gsm,A11
LA_E_1887368,1,g722,A12
LA_E_1887802,1,alaw,A11
LA_E_1888010,1,alaw,A11
LA_E_1888159,1,ulaw,A11
LA_E_1888635,1,alaw,A18
LA_E_1888794,1,gsm,A11
LA_E_1889514,1,ulaw,A12
LA_E_1890172,1,opus,A11
LA_E_1890258,1,alaw,A14
LA_E_1890943,0,alaw,bonafide
LA_E_1891113,0,gsm,bonafide
LA_E_1891675,1,ulaw,A12
LA_E_1892127,1,pstn,A08
LA_E_1892381,0,opus,bonafide
LA_E_1892515,1,none,A13
LA_E_1892608,1,gsm,A19
LA_E_1893051,1,alaw,A12
LA_E_1893624,1,gsm,A12
LA_E_1894154,1,gsm,A10
LA_E_1894673,1,g722,A09
LA_E_1894790,1,ulaw,A09
LA_E_1894836,1,gsm,A08
LA_E_1894918,1,ulaw,A17
LA_E_1896172,1,g722,A14
LA_E_1896696,0,none,bonafide
LA_E_1896796,0,pstn,bonafide
LA_E_1897394,1,g722,A16
LA_E_1898569,1,gsm,A12
LA_E_1898640,1,g722,A16
LA_E_1898912,1,alaw,A18
LA_E_1900166,1,alaw,A13
LA_E_1900323,1,none,A09
LA_E_1901171,1,ulaw,A16
LA_E_1902381,1,gsm,A11
LA_E_1902528,1,pstn,A16
LA_E_1902805,1,opus,A11
LA_E_1903716,0,alaw,bonafide
LA_E_1903852,1,gsm,A13
LA_E_1903919,1,pstn,A12
LA_E_1904498,1,opus,A07
LA_E_1904675,1,alaw,A18
LA_E_1905111,1,opus,A13
LA_E_1905768,1,opus,A18
LA_E_1905989,1,gsm,A10
LA_E_1906054,1,opus,A14
LA_E_1906720,0,g722,bonafide
LA_E_1907109,0,ulaw,bonafide
LA_E_1907296,1,opus,A14
LA_E_1907320,1,opus,A07
LA_E_1907340,1,alaw,A18
LA_E_1908027,1,opus,A18
LA_E_1908067,1,alaw,A17
LA_E_1908498,1,none,A09
LA_E_1908765,1,ulaw,A12
LA_E_1909844,1,pstn,A17
LA_E_1909853,1,none,A08
LA_E_1910458,1,none,A09
LA_E_1910514,1,none,A11
LA_E_1910866,1,g722,A09
LA_E_1911748,1,opus,A11
LA_E_1911934,1,opus,A11
LA_E_1911941,1,ulaw,A16
LA_E_1912153,1,opus,A19
LA_E_1912708,1,pstn,A10
LA_E_1912906,1,none,A08
LA_E_1913362,1,alaw,A16
LA_E_1913468,1,ulaw,A11
LA_E_1913548,1,opus,A17
LA_E_1913615,1,none,A15
LA_E_1914154,1,none,A08
LA_E_1914430,1,opus,A08
LA_E_1914814,1,g722,A09
LA_E_1915039,0,g722,bonafide
LA_E_1915208,1,ulaw,A10
LA_E_1915291,1,none,A18
LA_E_1915321,1,ulaw,A11
LA_E_1915441,1,alaw,A19
LA_E_1916146,1,gsm,A09
LA_E_1916600,1,none,A15
LA_E_1917689,0,g722,bonafide
LA_E_1917913,1,g722,A11
LA_E_1918088,1,opus,A13
LA_E_1918091,1,ulaw,A13
LA_E_1919006,1,none,A15
LA_E_1919092,1,none,A19
LA_E_1919119,1,g722,A09
LA_E_1919359,1,alaw,A09
LA_E_1919381,1,gsm,A09
LA_E_1920231,1,gsm,A16
LA_E_1921067,0,pstn,bonafide
LA_E_1921175,1,opus,A08
LA_E_1921997,0,pstn,bonafide
LA_E_1922537,1,ulaw,A13
LA_E_1923155,1,opus,A09
LA_E_1923238,1,g722,A17
LA_E_1925288,1,alaw,A09
LA_E_1925580,1,gsm,A14
LA_E_1926290,1,pstn,A19
LA_E_1927348,1,g722,A19
LA_E_1927416,1,pstn,A18
LA_E_1928371,0,gsm,bonafide
LA_E_1928601,1,g722,A07
LA_E_1928956,1,none,A10
LA_E_1929000,1,g722,A15
LA_E_1930107,1,gsm,A18
LA_E_1930592,1,gsm,A19
LA_E_1930707,1,opus,A15
LA_E_1930827,1,none,A19
LA_E_1931063,0,opus,bonafide
LA_E_1931719,1,pstn,A07
LA_E_1931874,1,gsm,A18
LA_E_1932591,0,opus,bonafide
LA_E_1932818,1,pstn,A10
LA_E_1933288,1,pstn,A12
LA_E_1933629,1,g722,A19
LA_E_1933645,0,alaw,bonafide
LA_E_1933670,0,none,bonafide
LA_E_1934322,1,opus,A10
LA_E_1934388,1,alaw,A19
LA_E_1934550,0,none,bonafide
LA_E_1934647,1,alaw,A12
LA_E_1935416,1,ulaw,A07
LA_E_1935845,1,gsm,A19
LA_E_1936384,1,none,A09
LA_E_1936612,1,alaw,A08
LA_E_1936617,1,none,A14
LA_E_1936654,1,opus,A14
LA_E_1936689,1,g722,A14
LA_E_1937244,1,ulaw,A07
LA_E_1937346,1,pstn,A15
LA_E_1938269,1,ulaw,A17
LA_E_1938517,1,g722,A10
LA_E_1938927,1,gsm,A14
LA_E_1939349,1,opus,A15
LA_E_1939398,0,alaw,bonafide
LA_E_1939493,1,pstn,A10
LA_E_1939674,1,ulaw,A08
LA_E_1939675,1,ulaw,A11
LA_E_1940395,1,pstn,A13
LA_E_1940440,1,none,A07
LA_E_1940503,1,gsm,A11
LA_E_1940809,1,gsm,A13
LA_E_1941458,1,ulaw,A16
LA_E_1941616,1,alaw,A07
LA_E_1941931,1,ulaw,A09
LA_E_1942035,0,ulaw,bonafide
LA_E_1942407,1,pstn,A15
LA_E_1942890,1,opus,A19
LA_E_1942938,1,none,A13
LA_E_1943139,1,opus,A19
LA_E_1943153,1,g722,A14
LA_E_1943375,1,alaw,A19
LA_E_1943599,1,none,A07
LA_E_1943781,1,opus,A11
LA_E_1943803,1,alaw,A19
LA_E_1944046,1,alaw,A12
LA_E_1944409,0,opus,bonafide
LA_E_1945535,1,g722,A19
LA_E_1946013,1,pstn,A10
LA_E_1946175,1,ulaw,A17
LA_E_1946210,1,gsm,A15
LA_E_1946278,1,g722,A11
LA_E_1946456,1,pstn,A16
LA_E_1946825,1,pstn,A15
LA_E_1946924,1,none,A18
LA_E_1947376,0,ulaw,bonafide
LA_E_1947414,1,gsm,A11
LA_E_1947440,1,alaw,A12
LA_E_1947954,1,ulaw,A08
LA_E_1948064,1,pstn,A07
LA_E_1948066,1,gsm,A11
LA_E_1948149,1,gsm,A17
LA_E_1948266,1,pstn,A11
LA_E_1948884,1,ulaw,A16
LA_E_1949252,1,g722,A16
LA_E_1949255,1,pstn,A07
LA_E_1949424,0,g722,bonafide
LA_E_1949455,1,none,A16
LA_E_1949828,1,alaw,A07
LA_E_1950030,1,ulaw,A16
LA_E_1950136,1,gsm,A18
LA_E_1950611,1,opus,A13
LA_E_1951075,1,g722,A15
LA_E_1951110,1,ulaw,A10
LA_E_1951439,1,gsm,A07
LA_E_1951957,1,ulaw,A09
LA_E_1952257,1,ulaw,A12
LA_E_1952716,1,g722,A18
LA_E_1953049,1,g722,A14
LA_E_1953306,1,g722,A12
LA_E_1953418,1,pstn,A11
LA_E_1953445,1,pstn,A07
LA_E_1953472,1,ulaw,A13
LA_E_1953480,1,gsm,A13
LA_E_1953642,1,opus,A17
LA_E_1954189,1,ulaw,A18
LA_E_1954272,1,none,A11
LA_E_1954585,1,none,A19
LA_E_1954663,1,gsm,A19
LA_E_1954765,1,gsm,A08
LA_E_1955710,1,pstn,A10
LA_E_1956095,1,opus,A10
LA_E_1956290,1,none,A19
LA_E_1956715,1,alaw,A07
LA_E_1957268,1,gsm,A13
LA_E_1957371,1,gsm,A08
LA_E_1958529,1,pstn,A14
LA_E_1958591,0,ulaw,bonafide
LA_E_1958646,1,ulaw,A15
LA_E_1958698,1,pstn,A14
LA_E_1958910,1,opus,A10
LA_E_1958991,1,pstn,A13
LA_E_1959370,1,alaw,A15
LA_E_1959617,1,opus,A16
LA_E_1959995,1,ulaw,A10
LA_E_1960161,1,none,A12
LA_E_1960219,1,opus,A07
LA_E_1960419,1,alaw,A08
LA_E_1961221,1,opus,A09
LA_E_1961401,1,none,A13
LA_E_1961840,1,gsm,A19
LA_E_1962013,1,gsm,A14
LA_E_1962496,1,pstn,A12
LA_E_1962602,1,gsm,A16
LA_E_1963154,1,alaw,A11
LA_E_1963228,1,pstn,A18
LA_E_1963688,1,pstn,A18
LA_E_1964149,1,ulaw,A12
LA_E_1964229,1,gsm,A16
LA_E_1964231,1,alaw,A15
LA_E_1964689,1,pstn,A18
LA_E_1964715,1,opus,A18
LA_E_1964837,1,pstn,A12
LA_E_1965537,1,gsm,A07
LA_E_1966165,1,ulaw,A15
LA_E_1966185,0,gsm,bonafide
LA_E_1966627,1,gsm,A17
LA_E_1966720,1,alaw,A08
LA_E_1966841,1,none,A08
LA_E_1967259,0,pstn,bonafide
LA_E_1967695,1,g722,A19
LA_E_1967798,1,ulaw,A09
LA_E_1968099,1,opus,A17
LA_E_1968216,1,none,A08
LA_E_1968637,0,gsm,bonafide
LA_E_1969279,1,pstn,A11
LA_E_1969288,1,opus,A13
LA_E_1969681,1,g722,A07
LA_E_1970474,1,opus,A12
LA_E_1970989,0,none,bonafide
LA_E_1971015,1,g722,A10
LA_E_1971050,1,g722,A17
LA_E_1971220,1,g722,A07
LA_E_1971425,1,none,A16
LA_E_1971688,1,opus,A16
LA_E_1972018,1,gsm,A10
LA_E_1972383,1,alaw,A11
LA_E_1972803,1,pstn,A17
LA_E_1972987,1,none,A16
LA_E_1973873,1,ulaw,A14
LA_E_1975288,0,opus,bonafide
LA_E_1975723,1,gsm,A08
LA_E_1976005,1,g722,A15
LA_E_1976053,1,alaw,A08
LA_E_1976322,1,gsm,A12
LA_E_1977335,1,pstn,A11
LA_E_1978339,1,gsm,A14
LA_E_1979376,1,gsm,A15
LA_E_1980070,1,gsm,A19
LA_E_1980279,1,ulaw,A19
LA_E_1980350,1,ulaw,A11
LA_E_1980519,1,g722,A07
LA_E_1980651,1,alaw,A09
LA_E_1981170,1,opus,A09
LA_E_1981630,1,ulaw,A08
LA_E_1981969,1,ulaw,A09
LA_E_1982174,1,opus,A18
LA_E_1982215,1,gsm,A12
LA_E_1982973,1,ulaw,A14
LA_E_1983138,1,g722,A18
LA_E_1983645,1,none,A10
LA_E_1983716,1,opus,A16
LA_E_1984102,1,ulaw,A19
LA_E_1984222,1,ulaw,A17
LA_E_1984832,1,g722,A15
LA_E_1985165,1,g722,A16
LA_E_1985736,1,pstn,A13
LA_E_1985962,1,ulaw,A19
LA_E_1986252,1,pstn,A13
LA_E_1986522,1,ulaw,A11
LA_E_1986905,1,none,A17
LA_E_1987082,1,none,A12
LA_E_1987549,1,ulaw,A17
LA_E_1987778,1,alaw,A11
LA_E_1987887,1,opus,A11
LA_E_1988311,0,g722,bonafide
LA_E_1988491,1,none,A17
LA_E_1989025,1,g722,A08
LA_E_1989199,0,pstn,bonafide
LA_E_1990632,0,g722,bonafide
LA_E_1990744,1,ulaw,A14
LA_E_1991649,1,opus,A11
LA_E_1992102,1,none,A13
LA_E_1992521,1,ulaw,A18
LA_E_1992638,1,none,A16
LA_E_1992729,1,ulaw,A13
LA_E_1992887,1,opus,A12
LA_E_1993150,1,none,A07
LA_E_1993374,1,alaw,A14
LA_E_1994254,1,pstn,A17
LA_E_1994468,1,alaw,A10
LA_E_1994609,1,gsm,A10
LA_E_1995142,1,ulaw,A07
LA_E_1995354,1,opus,A07
LA_E_1995864,0,opus,bonafide
LA_E_1996349,1,alaw,A17
LA_E_1996882,1,opus,A13
LA_E_1998210,0,gsm,bonafide
LA_E_1998251,1,ulaw,A17
LA_E_1998283,1,none,A15
LA_E_1999414,1,g722,A15
LA_E_1999546,1,none,A08
LA_E_1999852,1,alaw,A13
LA_E_1999891,1,alaw,A10
LA_E_1999929,1,gsm,A07
LA_E_2000042,1,alaw,A13
LA_E_2000120,1,pstn,A14
LA_E_2000761,1,alaw,A15
LA_E_2000782,1,pstn,A19
LA_E_2000903,1,g722,A08
LA_E_2000965,1,opus,A14
LA_E_2001047,1,gsm,A16
LA_E_2003133,1,none,A14
LA_E_2004271,1,none,A15
LA_E_2005042,1,gsm,A14
LA_E_2005274,1,opus,A15
LA_E_2005590,1,gsm,A19
LA_E_2006085,1,alaw,A19
LA_E_2006118,0,none,bonafide
LA_E_2006150,1,g722,A08
LA_E_2006543,1,ulaw,A18
LA_E_2006773,1,g722,A09
LA_E_2006915,1,g722,A18
LA_E_2007370,1,gsm,A15
LA_E_2007686,1,gsm,A19
LA_E_2008187,1,ulaw,A14
LA_E_2009241,1,g722,A09
LA_E_2009561,1,alaw,A09
LA_E_2009796,0,ulaw,bonafide
LA_E_2010224,1,none,A16
LA_E_2010592,1,alaw,A11
LA_E_2010600,1,g722,A12
LA_E_2010728,1,opus,A18
LA_E_2011127,1,g722,A13
LA_E_2011508,1,opus,A17
LA_E_2011896,1,opus,A17
LA_E_2011925,1,g722,A13
LA_E_2012088,1,ulaw,A09
LA_E_2012190,1,none,A10
LA_E_2012239,1,none,A10
LA_E_2012294,1,alaw,A14
LA_E_2012754,1,opus,A10
LA_E_2013177,1,alaw,A17
LA_E_2013808,1,g722,A08
LA_E_2013872,1,none,A12
LA_E_2014821,0,none,bonafide
LA_E_2014910,1,gsm,A10
LA_E_2014963,1,pstn,A17
LA_E_2015579,0,ulaw,bonafide
LA_E_2015706,1,opus,A07
LA_E_2015707,1,none,A13
LA_E_2016145,1,g722,A12
LA_E_2016320,1,none,A10
LA_E_2016490,1,opus,A14
LA_E_2016801,1,pstn,A17
LA_E_2017218,1,none,A11
LA_E_2017332,1,opus,A10
LA_E_2017647,1,opus,A17
LA_E_2018417,1,g722,A10
LA_E_2020134,1,opus,A10
LA_E_2021062,1,opus,A14
LA_E_2022029,1,gsm,A09
LA_E_2022055,1,none,A09
LA_E_2022185,1,none,A17
LA_E_2022225,1,ulaw,A07
LA_E_2023257,1,ulaw,A09
LA_E_2023278,1,alaw,A14
LA_E_2023405,1,opus,A19
LA_E_2024219,1,ulaw,A08
LA_E_2024893,1,alaw,A13
LA_E_2024988,1,opus,A13
LA_E_2026326,0,alaw,bonafide
LA_E_2027090,1,pstn,A08
LA_E_2027696,1,opus,A13
LA_E_2028262,1,opus,A08
LA_E_2028444,1,gsm,A10
LA_E_2028609,1,pstn,A16
LA_E_2028648,1,none,A18
LA_E_2028705,1,alaw,A18
LA_E_2028825,1,opus,A11
LA_E_2028906,1,alaw,A15
LA_E_2029218,1,pstn,A09
LA_E_2029665,1,ulaw,A13
LA_E_2029892,1,ulaw,A19
LA_E_2030293,1,g722,A18
LA_E_2030307,1,gsm,A15
LA_E_2030364,1,g722,A18
LA_E_2030692,1,g722,A09
LA_E_2031167,1,gsm,A15
LA_E_2031813,1,none,A07
LA_E_2032410,1,none,A12
LA_E_2033524,1,gsm,A18
LA_E_2033929,1,none,A11
LA_E_2034237,1,gsm,A14
LA_E_2034283,1,g722,A11
LA_E_2034331,1,alaw,A17
LA_E_2034458,1,gsm,A16
LA_E_2034953,1,alaw,A19
LA_E_2035098,1,ulaw,A19
LA_E_2035129,1,alaw,A17
LA_E_2035260,1,ulaw,A16
LA_E_2035403,1,opus,A13
LA_E_2035791,1,gsm,A17
LA_E_2036358,1,g722,A12
LA_E_2036576,1,ulaw,A08
LA_E_2036607,1,g722,A19
LA_E_2036675,1,opus,A09
LA_E_2036994,1,gsm,A11
LA_E_2038335,0,gsm,bonafide
LA_E_2038364,1,gsm,A19
LA_E_2038433,1,g722,A13
LA_E_2038444,1,alaw,A07
LA_E_2038526,1,alaw,A16
LA_E_2038650,1,alaw,A09
LA_E_2038942,1,gsm,A08
LA_E_2039144,1,gsm,A10
LA_E_2039256,1,g722,A19
LA_E_2039292,1,pstn,A09
LA_E_2039363,1,alaw,A18
LA_E_2039486,1,g722,A12
LA_E_2039672,1,gsm,A19
LA_E_2039707,0,g722,bonafide
LA_E_2039990,1,gsm,A10
LA_E_2040028,1,opus,A15
LA_E_2040113,1,gsm,A19
LA_E_2040589,1,g722,A10
LA_E_2040956,1,gsm,A12
LA_E_2041346,1,none,A09
LA_E_2041553,1,opus,A07
LA_E_2041854,1,opus,A19
LA_E_2042112,1,alaw,A10
LA_E_2042244,1,ulaw,A15
LA_E_2043964,1,none,A11
LA_E_2044038,1,gsm,A08
LA_E_2044307,1,gsm,A18
LA_E_2044841,1,ulaw,A07
LA_E_2045617,1,ulaw,A14
LA_E_2045878,0,opus,bonafide
LA_E_2046177,1,g722,A09
LA_E_2046231,1,g722,A07
LA_E_2046487,0,pstn,bonafide
LA_E_2047860,1,pstn,A15
LA_E_2048810,1,none,A16
LA_E_2048911,1,gsm,A14
LA_E_2048954,1,ulaw,A11
LA_E_2049123,0,opus,bonafide
LA_E_2049353,1,none,A08
LA_E_2049429,1,ulaw,A18
LA_E_2049743,1,alaw,A15
LA_E_2049951,1,alaw,A14
LA_E_2050016,1,gsm,A08
LA_E_2050528,1,alaw,A16
LA_E_2050922,1,gsm,A15
LA_E_2052300,1,pstn,A14
LA_E_2052360,1,g722,A17
LA_E_2052964,1,alaw,A11
LA_E_2053477,1,g722,A16
LA_E_2054237,1,g722,A07
LA_E_2055297,1,pstn,A10
LA_E_2055584,1,pstn,A10
LA_E_2056283,1,pstn,A19
LA_E_2056340,1,none,A19
LA_E_2056816,1,opus,A11
LA_E_2056851,1,opus,A08
LA_E_2057390,1,none,A19
LA_E_2058376,1,ulaw,A11
LA_E_2058938,1,g722,A14
LA_E_2059277,1,ulaw,A19
LA_E_2059586,1,none,A16
LA_E_2059637,1,pstn,A12
LA_E_2059732,1,g722,A15
LA_E_2059869,1,ulaw,A10
LA_E_2059977,1,pstn,A07
LA_E_2060166,1,g722,A15
LA_E_2060232,1,pstn,A15
LA_E_2060325,1,none,A18
LA_E_2060395,1,pstn,A12
LA_E_2060594,1,alaw,A12
LA_E_2060682,1,alaw,A09
LA_E_2060699,1,pstn,A13
LA_E_2060718,1,pstn,A13
LA_E_2060880,1,opus,A16
LA_E_2061119,1,alaw,A08
LA_E_2061388,1,ulaw,A13
LA_E_2061649,1,gsm,A16
LA_E_2061896,1,g722,A14
LA_E_2061925,1,opus,A15
LA_E_2061965,1,alaw,A19
LA_E_2062043,1,pstn,A16
LA_E_2062434,1,pstn,A11
LA_E_2062629,1,pstn,A19
LA_E_2063476,1,ulaw,A14
LA_E_2063624,1,gsm,A12
LA_E_2063687,1,none,A18
LA_E_2063872,1,gsm,A18
LA_E_2064107,1,alaw,A10
LA_E_2064290,1,g722,A10
LA_E_2064509,1,ulaw,A17
LA_E_2064664,1,g722,A13
LA_E_2064957,1,ulaw,A11
LA_E_2065035,1,ulaw,A13
LA_E_2065276,1,none,A07
LA_E_2065285,1,pstn,A07
LA_E_2065678,1,none,A18
LA_E_2065708,1,alaw,A17
LA_E_2065780,1,ulaw,A12
LA_E_2065919,1,alaw,A09
LA_E_2066004,1,ulaw,A18
LA_E_2066312,1,pstn,A11
LA_E_2066747,1,opus,A10
LA_E_2067217,1,gsm,A09
LA_E_2067794,1,opus,A17
LA_E_2068080,1,alaw,A12
LA_E_2068570,1,ulaw,A16
LA_E_2069004,1,pstn,A19
LA_E_2069068,1,none,A11
LA_E_2069564,1,none,A09
LA_E_2069962,1,g722,A10
LA_E_2070923,1,ulaw,A18
LA_E_2071355,1,alaw,A08
LA_E_2071850,1,none,A13
LA_E_2072493,1,ulaw,A16
LA_E_2072611,1,ulaw,A13
LA_E_2072668,1,alaw,A07
LA_E_2073376,1,opus,A12
LA_E_2073514,1,alaw,A11
LA_E_2073835,1,opus,A18
LA_E_2073850,1,g722,A07
LA_E_2074064,1,alaw,A11
LA_E_2074259,1,none,A07
LA_E_2075762,1,none,A15
LA_E_2075979,1,opus,A18
LA_E_2076214,1,opus,A18
LA_E_2076891,1,opus,A10
LA_E_2077252,1,opus,A14
LA_E_2077701,1,g722,A11
LA_E_2078177,1,g722,A19
LA_E_2078919,1,opus,A09
LA_E_2079330,1,gsm,A11
LA_E_2079341,1,opus,A19
LA_E_2079393,1,pstn,A10
LA_E_2079485,1,alaw,A13
LA_E_2079824,0,g722,bonafide
LA_E_2079852,1,g722,A12
LA_E_2079873,1,none,A19
LA_E_2080463,1,pstn,A09
LA_E_2080676,1,ulaw,A09
LA_E_2082182,1,opus,A07
LA_E_2082202,1,g722,A09
LA_E_2082741,1,ulaw,A17
LA_E_2083262,1,alaw,A18
LA_E_2083430,1,pstn,A14
LA_E_2083467,1,opus,A16
LA_E_2083522,1,gsm,A07
LA_E_2084849,1,none,A14
LA_E_2084987,1,opus,A11
LA_E_2085369,1,alaw,A15
LA_E_2085672,1,none,A13
LA_E_2085807,1,g722,A08
LA_E_2086356,1,pstn,A08
LA_E_2086772,1,gsm,A14
LA_E_2087306,1,opus,A08
LA_E_2087327,1,ulaw,A09
LA_E_2087353,1,none,A09
LA_E_2087851,1,ulaw,A11
LA_E_2088105,1,alaw,A11
LA_E_2088202,1,g722,A19
LA_E_2088407,1,none,A13
LA_E_2088413,1,gsm,A18
LA_E_2088470,1,pstn,A14
LA_E_2088971,1,pstn,A14
LA_E_2089005,1,g722,A12
LA_E_2089111,1,none,A08
LA_E_2089834,1,ulaw,A07
LA_E_2089944,1,gsm,A12
LA_E_2090738,1,alaw,A09
LA_E_2091252,1,ulaw,A15
LA_E_2092233,1,opus,A15
LA_E_2092368,0,none,bonafide
LA_E_2092855,1,none,A07
LA_E_2093674,1,opus,A07
LA_E_2093778,1,alaw,A16
LA_E_2093820,1,alaw,A15
LA_E_2094127,1,none,A19
LA_E_2094201,1,ulaw,A10
LA_E_2094914,1,ulaw,A12
LA_E_2095172,1,pstn,A13
LA_E_2095211,1,alaw,A19
LA_E_2095225,1,g722,A17
LA_E_2095678,1,ulaw,A17
LA_E_2096273,1,alaw,A16
LA_E_2096547,1,ulaw,A09
LA_E_2096656,1,pstn,A16
LA_E_2096785,1,alaw,A13
LA_E_2097169,1,gsm,A08
LA_E_2097389,0,ulaw,bonafide
LA_E_2098509,1,gsm,A09
LA_E_2099060,1,g722,A16
LA_E_2099179,1,opus,A15
LA_E_2099869,1,pstn,A07
LA_E_2099886,1,g722,A08
LA_E_2099964,1,gsm,A12
LA_E_2100376,1,g722,A09
LA_E_2101164,1,g722,A15
LA_E_2101182,1,none,A10
LA_E_2101353,0,g722,bonafide
LA_E_2101422,0,ulaw,bonafide
LA_E_2101610,1,pstn,A17
LA_E_2102073,0,pstn,bonafide
LA_E_2102118,1,none,A14
LA_E_2102202,1,ulaw,A07
LA_E_2102419,1,alaw,A10
LA_E_2102489,1,none,A08
LA_E_2102502,1,g722,A19
LA_E_2102776,1,ulaw,A11
LA_E_2102836,1,pstn,A15
LA_E_2103795,1,g722,A17
LA_E_2104002,1,gsm,A07
LA_E_2104313,1,gsm,A08
LA_E_2104908,1,none,A07
LA_E_2104911,0,ulaw,bonafide
LA_E_2105165,1,opus,A15
LA_E_2105404,1,none,A14
LA_E_2106129,0,pstn,bonafide
LA_E_2106169,1,opus,A10
LA_E_2106386,1,ulaw,A08
LA_E_2106803,1,opus,A17
LA_E_2106967,0,alaw,bonafide
LA_E_2107259,1,opus,A11
LA_E_2107347,1,gsm,A10
LA_E_2107912,1,g722,A09
LA_E_2108073,1,g722,A17
LA_E_2108312,1,pstn,A12
LA_E_2108448,1,ulaw,A14
LA_E_2109147,1,gsm,A16
LA_E_2109504,1,ulaw,A07
LA_E_2109571,1,gsm,A13
LA_E_2110138,1,pstn,A10
LA_E_2110233,1,gsm,A16
LA_E_2110246,1,gsm,A07
LA_E_2110973,1,ulaw,A11
LA_E_2111054,1,ulaw,A08
LA_E_2111328,1,gsm,A13
LA_E_2111554,1,opus,A11
LA_E_2112074,1,ulaw,A10
LA_E_2112685,1,opus,A12
LA_E_2112770,1,g722,A11
LA_E_2112780,1,gsm,A11
LA_E_2112887,1,pstn,A07
LA_E_2113061,1,opus,A16
LA_E_2113106,1,none,A17
LA_E_2113278,1,gsm,A10
LA_E_2113746,1,pstn,A10
LA_E_2113910,1,opus,A08
LA_E_2115195,1,pstn,A11
LA_E_2115605,1,opus,A13
LA_E_2115878,1,none,A12
LA_E_2115889,1,ulaw,A15
LA_E_2116492,1,gsm,A08
LA_E_2116534,1,opus,A13
LA_E_2116969,1,gsm,A17
LA_E_2117424,1,none,A11
LA_E_2117777,1,opus,A12
LA_E_2118055,1,alaw,A13
LA_E_2118160,1,g722,A16
LA_E_2118725,1,alaw,A17
LA_E_2118940,1,ulaw,A12
LA_E_2118988,1,none,A09
LA_E_2119624,1,none,A16
LA_E_2119805,1,alaw,A18
LA_E_2119920,1,none,A10
LA_E_2119977,1,g722,A09
LA_E_2120046,1,opus,A13
LA_E_2120080,1,g722,A16
LA_E_2120319,1,ulaw,A08
LA_E_2120471,1,pstn,A18
LA_E_2120568,1,alaw,A17
LA_E_2120964,1,opus,A09
LA_E_2121004,1,g722,A18
LA_E_2121211,1,gsm,A10
LA_E_2121236,1,pstn,A18
LA_E_2121438,1,opus,A08
LA_E_2121770,1,opus,A08
LA_E_2121774,1,opus,A14
LA_E_2121880,0,opus,bonafide
LA_E_2122092,1,none,A11
LA_E_2122198,0,g722,bonafide
LA_E_2122473,1,g722,A15
LA_E_2123724,1,alaw,A13
LA_E_2123743,1,none,A12
LA_E_2124143,1,opus,A19
LA_E_2124358,1,alaw,A08
LA_E_2124636,1,none,A08
LA_E_2125438,1,pstn,A09
LA_E_2125525,0,pstn,bonafide
LA_E_2125543,1,g722,A12
LA_E_2125952,1,pstn,A13
LA_E_2126384,1,opus,A11
LA_E_2126394,1,alaw,A12
LA_E_2126943,1,none,A19
LA_E_2127149,1,ulaw,A16
LA_E_2127195,1,pstn,A17
LA_E_2127419,1,g722,A13
LA_E_2128136,1,pstn,A14
LA_E_2128222,1,gsm,A14
LA_E_2129561,1,gsm,A16
LA_E_2129578,1,opus,A18
LA_E_2130827,1,opus,A14
LA_E_2132209,1,pstn,A15
LA_E_2132500,1,pstn,A08
LA_E_2132585,1,opus,A19
LA_E_2132665,1,pstn,A16
LA_E_2132938,1,alaw,A10
LA_E_2133059,0,pstn,bonafide
LA_E_2133102,1,gsm,A18
LA_E_2133341,1,opus,A18
LA_E_2133969,1,g722,A14
LA_E_2134106,1,none,A15
LA_E_2135544,1,ulaw,A18
LA_E_2136192,1,alaw,A09
LA_E_2136281,0,gsm,bonafide
LA_E_2136676,1,alaw,A07
LA_E_2137321,1,g722,A07
LA_E_2137857,0,g722,bonafide
LA_E_2138006,1,opus,A18
LA_E_2138279,1,opus,A07
LA_E_2140178,1,gsm,A19
LA_E_2140388,1,gsm,A12
LA_E_2140458,1,ulaw,A10
LA_E_2140955,1,ulaw,A19
LA_E_2141642,1,alaw,A19
LA_E_2141708,0,g722,bonafide
LA_E_2141844,1,none,A14
LA_E_2142024,1,none,A10
LA_E_2142934,1,pstn,A12
LA_E_2142987,1,alaw,A15
LA_E_2143129,1,g722,A19
LA_E_2143824,1,gsm,A09
LA_E_2143836,1,alaw,A14
LA_E_2143899,1,g722,A11
LA_E_2144868,1,ulaw,A15
LA_E_2145327,1,pstn,A11
LA_E_2145377,1,gsm,A18
LA_E_2145562,1,pstn,A13
LA_E_2146361,1,g722,A08
LA_E_2147028,1,none,A13
LA_E_2147275,0,gsm,bonafide
LA_E_2147381,1,gsm,A15
LA_E_2148076,1,gsm,A15
LA_E_2148194,1,gsm,A15
LA_E_2148406,1,alaw,A10
LA_E_2148588,1,none,A18
LA_E_2148666,1,ulaw,A14
LA_E_2148857,1,gsm,A14
LA_E_2148908,1,pstn,A14
LA_E_2149266,1,gsm,A14
LA_E_2149409,1,g722,A18
LA_E_2149548,1,g722,A19
LA_E_2149652,1,gsm,A09
LA_E_2150117,1,g722,A10
LA_E_2150485,1,pstn,A16
LA_E_2150531,0,g722,bonafide
LA_E_2150959,1,opus,A19
LA_E_2150996,1,pstn,A16
LA_E_2151059,1,alaw,A17
LA_E_2151238,0,opus,bonafide
LA_E_2151267,1,ulaw,A15
LA_E_2151673,1,ulaw,A15
LA_E_2152156,0,none,bonafide
LA_E_2152486,1,none,A12
LA_E_2152515,1,alaw,A11
LA_E_2152654,0,gsm,bonafide
LA_E_2152870,1,none,A19
LA_E_2152977,1,none,A11
LA_E_2153118,1,pstn,A15
LA_E_2153392,1,g722,A10
LA_E_2153707,1,gsm,A14
LA_E_2153797,1,opus,A09
LA_E_2154040,1,ulaw,A17
LA_E_2154378,1,alaw,A14
LA_E_2154447,1,alaw,A12
LA_E_2154995,1,pstn,A13
LA_E_2155111,1,ulaw,A16
LA_E_2155217,1,pstn,A09
LA_E_2155426,1,pstn,A19
LA_E_2156120,1,alaw,A18
LA_E_2156719,1,gsm,A17
LA_E_2157028,1,ulaw,A07
LA_E_2157292,1,opus,A14
LA_E_2157931,1,opus,A09
LA_E_2158027,1,ulaw,A18
LA_E_2158411,1,pstn,A18
LA_E_2158415,0,alaw,bonafide
LA_E_2159089,1,ulaw,A07
LA_E_2159159,1,none,A19
LA_E_2159377,1,pstn,A17
LA_E_2159409,1,ulaw,A14
LA_E_2159636,1,ulaw,A07
LA_E_2159638,1,none,A17
LA_E_2159691,1,none,A08
LA_E_2159771,1,gsm,A18
LA_E_2160130,1,g722,A09
LA_E_2160353,1,opus,A15
LA_E_2160502,1,ulaw,A09
LA_E_2160862,1,opus,A09
LA_E_2161100,1,g722,A17
LA_E_2161135,1,pstn,A13
LA_E_2161171,1,opus,A10
LA_E_2161215,1,ulaw,A12
LA_E_2161554,1,gsm,A18
LA_E_2161727,1,gsm,A11
LA_E_2162008,1,ulaw,A12
LA_E_2162422,1,g722,A17
LA_E_2162673,1,ulaw,A13
LA_E_2163285,1,gsm,A13
LA_E_2164154,1,g722,A11
LA_E_2165609,1,pstn,A08
LA_E_2166261,1,pstn,A08
LA_E_2166349,1,opus,A17
LA_E_2167231,1,none,A17
LA_E_2167427,0,pstn,bonafide
LA_E_2167433,0,opus,bonafide
LA_E_2167677,1,none,A16
LA_E_2168681,1,ulaw,A18
LA_E_2168734,1,pstn,A08
LA_E_2169012,1,pstn,A19
LA_E_2169135,1,none,A09
LA_E_2169216,1,ulaw,A12
LA_E_2169266,1,g722,A13
LA_E_2170334,1,g722,A13
LA_E_2170891,1,alaw,A13
LA_E_2171057,1,g722,A14
LA_E_2171111,1,none,A17
LA_E_2171513,1,pstn,A10
LA_E_2171884,1,alaw,A17
LA_E_2171901,1,alaw,A15
LA_E_2172216,1,gsm,A09
LA_E_2172363,0,alaw,bonafide
LA_E_2173347,1,none,A18
LA_E_2173673,1,alaw,A19
LA_E_2174958,1,ulaw,A10
LA_E_2175094,1,alaw,A07
LA_E_2176144,0,alaw,bonafide
LA_E_2176353,0,opus,bonafide
LA_E_2176372,1,gsm,A18
LA_E_2176427,1,opus,A14
LA_E_2176740,1,none,A07
LA_E_2176979,1,pstn,A10
LA_E_2177839,1,ulaw,A09
LA_E_2178167,0,pstn,bonafide
LA_E_2178368,1,none,A10
LA_E_2178605,1,gsm,A16
LA_E_2178924,1,opus,A17
LA_E_2179045,1,alaw,A10
LA_E_2179273,1,g722,A17
LA_E_2179368,1,pstn,A07
LA_E_2180258,0,alaw,bonafide
LA_E_2180506,1,opus,A14
LA_E_2180997,1,pstn,A15
LA_E_2181220,1,opus,A08
LA_E_2181695,1,pstn,A09
LA_E_2182098,1,none,A15
LA_E_2182292,1,opus,A13
LA_E_2182919,1,none,A19
LA_E_2183077,1,g722,A18
LA_E_2183149,1,gsm,A19
LA_E_2183157,1,gsm,A11
LA_E_2183197,1,pstn,A18
LA_E_2183307,1,ulaw,A10
LA_E_2183336,1,opus,A10
LA_E_2183353,1,ulaw,A16
LA_E_2183538,1,opus,A14
LA_E_2184145,0,opus,bonafide
LA_E_2185158,1,ulaw,A12
LA_E_2185219,1,opus,A14
LA_E_2185609,1,none,A11
LA_E_2185787,1,opus,A18
LA_E_2186504,1,opus,A16
LA_E_2186602,1,opus,A10
LA_E_2186715,1,opus,A15
LA_E_2187230,1,ulaw,A17
LA_E_2187382,1,gsm,A16
LA_E_2187568,1,pstn,A09
LA_E_2187642,1,alaw,A08
LA_E_2187693,1,alaw,A14
LA_E_2187770,1,pstn,A17
LA_E_2187813,1,ulaw,A13
LA_E_2187958,0,ulaw,bonafide
LA_E_2188241,1,pstn,A07
LA_E_2188418,1,g722,A08
LA_E_2188558,1,gsm,A12
LA_E_2188754,1,ulaw,A17
LA_E_2189333,1,opus,A16
LA_E_2190005,1,g722,A13
LA_E_2190712,1,pstn,A12
LA_E_2191029,1,opus,A15
LA_E_2191170,1,opus,A08
LA_E_2191288,1,none,A12
LA_E_2191798,1,gsm,A12
LA_E_2192029,1,opus,A12
LA_E_2192067,1,none,A13
LA_E_2192750,1,opus,A13
LA_E_2192802,1,gsm,A16
LA_E_2192979,0,pstn,bonafide
LA_E_2192987,1,g722,A10
LA_E_2193233,1,none,A09
LA_E_2193257,1,pstn,A07
LA_E_2193349,1,opus,A08
LA_E_2193661,1,gsm,A12
LA_E_2193707,1,gsm,A11
LA_E_2194224,1,ulaw,A13
LA_E_2194516,1,none,A14
LA_E_2196840,1,pstn,A11
LA_E_2196858,1,opus,A12
LA_E_2197719,1,none,A15
LA_E_2197803,0,opus,bonafide
LA_E_2197937,1,opus,A07
LA_E_2198109,1,g722,A07
LA_E_2198509,1,pstn,A13
LA_E_2198547,1,g722,A15
LA_E_2199408,1,ulaw,A11
LA_E_2199709,1,alaw,A09
LA_E_2199762,1,gsm,A13
LA_E_2200270,1,pstn,A19
LA_E_2200492,1,opus,A14
LA_E_2200497,1,gsm,A14
LA_E_2200518,1,gsm,A19
LA_E_2201248,1,opus,A10
LA_E_2202053,1,opus,A12
LA_E_2203544,1,g722,A07
LA_E_2203790,1,gsm,A18
LA_E_2204107,1,opus,A10
LA_E_2204222,1,ulaw,A17
LA_E_2204533,1,alaw,A10
LA_E_2204661,1,g722,A07
LA_E_2205366,1,pstn,A15
LA_E_2205385,1,alaw,A08
LA_E_2205637,1,alaw,A16
LA_E_2205641,0,pstn,bonafide
LA_E_2205709,0,none,bonafide
LA_E_2205990,1,opus,A16
LA_E_2206239,1,opus,A11
LA_E_2207516,1,gsm,A14
LA_E_2207690,1,ulaw,A17
LA_E_2207713,1,g722,A15
LA_E_2208403,0,g722,bonafide
LA_E_2208408,1,g722,A14
LA_E_2208623,1,none,A11
LA_E_2208916,0,ulaw,bonafide
LA_E_2209355,1,ulaw,A11
LA_E_2209452,1,none,A17
LA_E_2209713,1,alaw,A16
LA_E_2209778,1,ulaw,A19
LA_E_2209904,1,ulaw,A09
LA_E_2210446,1,opus,A11
LA_E_2210536,1,none,A16
LA_E_2210953,1,alaw,A14
LA_E_2211250,1,gsm,A14
LA_E_2211472,1,g722,A15
LA_E_2211946,1,gsm,A13
LA_E_2212136,1,none,A12
LA_E_2212297,1,ulaw,A11
LA_E_2212790,0,opus,bonafide
LA_E_2212860,0,g722,bonafide
LA_E_2212872,1,gsm,A11
LA_E_2212986,1,none,A08
LA_E_2213043,1,g722,A13
LA_E_2213562,1,alaw,A12
LA_E_2213910,1,gsm,A17
LA_E_2214170,1,alaw,A19
LA_E_2214466,0,opus,bonafide
LA_E_2214556,1,pstn,A14
LA_E_2214658,1,opus,A11
LA_E_2215649,1,ulaw,A15
LA_E_2215674,1,g722,A11
LA_E_2215808,1,alaw,A18
LA_E_2216243,1,alaw,A08
LA_E_2217490,1,opus,A12
LA_E_2218040,1,alaw,A09
LA_E_2218131,1,none,A19
LA_E_2218246,1,ulaw,A18
LA_E_2218618,1,alaw,A18
LA_E_2218793,1,ulaw,A12
LA_E_2219310,1,ulaw,A07
LA_E_2219412,1,ulaw,A14
LA_E_2219435,1,gsm,A10
LA_E_2219605,0,none,bonafide
LA_E_2219813,1,none,A15
LA_E_2219993,1,alaw,A13
LA_E_2220043,1,opus,A13
LA_E_2220088,1,gsm,A11
LA_E_2220196,1,gsm,A17
LA_E_2220514,1,alaw,A08
LA_E_2220654,1,g722,A08
LA_E_2220677,1,gsm,A17
LA_E_2220961,1,ulaw,A14
LA_E_2221258,1,pstn,A19
LA_E_2221259,1,ulaw,A14
LA_E_2221848,1,g722,A19
LA_E_2222647,0,none,bonafide
LA_E_2222721,1,pstn,A12
LA_E_2222979,1,gsm,A18
LA_E_2223030,1,none,A10
LA_E_2223343,1,gsm,A18
LA_E_2223646,1,ulaw,A12
LA_E_2224396,1,pstn,A07
LA_E_2224583,1,opus,A18
LA_E_2224662,0,ulaw,bonafide
LA_E_2224730,1,pstn,A10
LA_E_2224798,1,none,A18
LA_E_2225100,1,pstn,A18
LA_E_2225388,1,none,A14
LA_E_2226045,1,alaw,A17
LA_E_2226065,1,g722,A08
LA_E_2226946,1,g722,A18
LA_E_2227220,1,gsm,A07
LA_E_2227235,1,ulaw,A15
LA_E_2227398,1,g722,A16
LA_E_2227514,1,pstn,A09
LA_E_2227676,1,none,A07
LA_E_2227780,1,gsm,A15
LA_E_2227880,1,ulaw,A08
LA_E_2228498,1,none,A17
LA_E_2228577,0,g722,bonafide
LA_E_2228588,1,gsm,A18
LA_E_2229090,1,g722,A07
LA_E_2229579,1,ulaw,A15
LA_E_2229979,1,ulaw,A19
LA_E_2230263,1,pstn,A13
LA_E_2231562,0,none,bonafide
LA_E_2231690,1,g722,A17
LA_E_2231807,1,ulaw,A16
LA_E_2232089,1,opus,A07
LA_E_2232956,1,gsm,A08
LA_E_2233320,1,ulaw,A08
LA_E_2233569,0,none,bonafide
LA_E_2233844,1,gsm,A09
LA_E_2233972,1,gsm,A17
LA_E_2234033,1,alaw,A07
LA_E_2234151,1,ulaw,A12
LA_E_2234161,1,ulaw,A13
LA_E_2234178,0,pstn,bonafide
LA_E_2234477,1,ulaw,A08
LA_E_2234853,1,alaw,A15
LA_E_2234909,1,opus,A07
LA_E_2234931,1,pstn,A17
LA_E_2234960,1,gsm,A07
LA_E_2235796,1,none,A07
LA_E_2236065,1,g722,A08
LA_E_2236356,1,opus,A14
LA_E_2236649,0,ulaw,bonafide
LA_E_2237032,1,alaw,A15
LA_E_2237415,1,none,A14
LA_E_2237422,1,gsm,A16
LA_E_2237654,0,ulaw,bonafide
LA_E_2237717,1,ulaw,A14
LA_E_2237919,1,pstn,A18
LA_E_2239350,1,pstn,A14
LA_E_2239501,1,none,A12
LA_E_2239528,1,g722,A09
LA_E_2239576,1,gsm,A07
LA_E_2239963,1,gsm,A19
LA_E_2240452,1,alaw,A19
LA_E_2240843,1,alaw,A15
LA_E_2241119,0,pstn,bonafide
LA_E_2241146,1,pstn,A07
LA_E_2241276,0,g722,bonafide
LA_E_2241701,1,ulaw,A17
LA_E_2241747,1,g722,A11
LA_E_2242236,1,g722,A16
LA_E_2242451,1,none,A10
LA_E_2242458,1,none,A11
LA_E_2242537,1,pstn,A16
LA_E_2242999,0,gsm,bonafide
LA_E_2243063,1,pstn,A11
LA_E_2243426,1,pstn,A15
LA_E_2243434,1,opus,A18
LA_E_2243798,1,gsm,A08
LA_E_2243914,1,g722,A10
LA_E_2244109,1,gsm,A16
LA_E_2244174,1,opus,A08
LA_E_2244399,1,alaw,A09
LA_E_2244408,1,alaw,A17
LA_E_2244523,1,gsm,A13
LA_E_2244605,1,none,A11
LA_E_2244685,1,pstn,A19
LA_E_2244995,1,g722,A13
LA_E_2245261,1,gsm,A09
LA_E_2245369,1,none,A12
LA_E_2245397,1,gsm,A13
LA_E_2245428,1,pstn,A08
LA_E_2245898,1,opus,A14
LA_E_2246469,1,gsm,A08
LA_E_2246563,1,alaw,A07
LA_E_2246869,1,pstn,A11
LA_E_2247348,1,pstn,A13
LA_E_2247772,1,gsm,A10
LA_E_2247817,1,ulaw,A09
LA_E_2247838,1,opus,A15
LA_E_2247926,1,opus,A10
LA_E_2248334,0,pstn,bonafide
LA_E_2248998,1,opus,A19
LA_E_2249034,1,opus,A19
LA_E_2249949,1,ulaw,A10
LA_E_2250228,1,none,A15
LA_E_2250352,0,opus,bonafide
LA_E_2250560,1,ulaw,A10
LA_E_2250660,1,pstn,A15
LA_E_2250740,1,opus,A09
LA_E_2250800,1,alaw,A07
LA_E_2250890,1,gsm,A19
LA_E_2252555,1,gsm,A13
LA_E_2252607,1,ulaw,A10
LA_E_2252691,1,g722,A17
LA_E_2252878,1,alaw,A14
LA_E_2252901,0,ulaw,bonafide
LA_E_2252906,1,opus,A08
LA_E_2252951,1,opus,A11
LA_E_2253200,1,g722,A09
LA_E_2253339,1,none,A16
LA_E_2253873,1,g722,A13
LA_E_2253874,1,g722,A18
LA_E_2254107,1,alaw,A08
LA_E_2254292,1,opus,A19
LA_E_2254479,1,alaw,A10
LA_E_2254557,1,gsm,A19
LA_E_2256041,1,opus,A11
LA_E_2256613,1,opus,A12
LA_E_2257020,1,g722,A14
LA_E_2257095,1,gsm,A11
LA_E_2257397,1,alaw,A11
LA_E_2257546,1,opus,A12
LA_E_2257725,1,g722,A14
LA_E_2257781,1,g722,A11
LA_E_2257826,1,alaw,A17
LA_E_2258589,1,g722,A07
LA_E_2258631,1,alaw,A16
LA_E_2259002,1,opus,A09
LA_E_2259275,1,opus,A09
LA_E_2259414,0,pstn,bonafide
LA_E_2259817,1,alaw,A10
LA_E_2259826,0,none,bonafide
LA_E_2259879,1,gsm,A16
LA_E_2260869,1,none,A09
LA_E_2261008,1,alaw,A12
LA_E_2261590,1,pstn,A10
LA_E_2262593,1,alaw,A11
LA_E_2262624,1,none,A10
LA_E_2263286,1,opus,A12
LA_E_2263401,1,pstn,A14
LA_E_2263567,1,gsm,A08
LA_E_2263750,1,gsm,A09
LA_E_2263982,1,gsm,A18
LA_E_2264648,1,none,A16
LA_E_2265065,1,opus,A13
LA_E_2265143,1,none,A19
LA_E_2265322,1,pstn,A17
LA_E_2265393,1,gsm,A08
LA_E_2265664,1,g722,A09
LA_E_2265810,1,pstn,A12
LA_E_2266501,1,alaw,A19
LA_E_2266660,1,none,A14
LA_E_2266979,0,none,bonafide
LA_E_2267263,1,ulaw,A18
LA_E_2267694,1,gsm,A19
LA_E_2267729,1,alaw,A14
LA_E_2268627,1,gsm,A19
LA_E_2269043,1,g722,A13
LA_E_2269168,1,none,A15
LA_E_2269440,0,alaw,bonafide
LA_E_2270331,1,opus,A14
LA_E_2270659,1,none,A07
LA_E_2270886,1,alaw,A18
LA_E_2270975,1,g722,A18
LA_E_2270995,1,opus,A16
LA_E_2271282,1,gsm,A15
LA_E_2271501,1,ulaw,A12
LA_E_2271595,1,g722,A19
LA_E_2271808,0,ulaw,bonafide
LA_E_2271834,0,pstn,bonafide
LA_E_2272007,1,ulaw,A13
LA_E_2272176,1,opus,A11
LA_E_2272331,1,ulaw,A07
LA_E_2272653,0,opus,bonafide
LA_E_2273702,1,none,A17
LA_E_2274142,1,ulaw,A07
LA_E_2274625,1,gsm,A15
LA_E_2274914,1,pstn,A18
LA_E_2275356,1,gsm,A17
LA_E_2275678,1,opus,A17
LA_E_2275937,1,opus,A14
LA_E_2275962,0,alaw,bonafide
LA_E_2277260,1,pstn,A08
LA_E_2277938,1,pstn,A13
LA_E_2278404,1,pstn,A16
LA_E_2278436,1,g722,A08
LA_E_2279229,1,alaw,A07
LA_E_2279416,1,gsm,A14
LA_E_2279643,1,g722,A11
LA_E_2279785,0,ulaw,bonafide
LA_E_2280562,1,alaw,A12
LA_E_2280767,1,none,A08
LA_E_2281043,1,ulaw,A18
LA_E_2281815,1,ulaw,A15
LA_E_2282048,1,alaw,A14
LA_E_2282591,1,ulaw,A16
LA_E_2282594,1,gsm,A11
LA_E_2282797,1,g722,A15
LA_E_2283283,0,pstn,bonafide
LA_E_2283671,1,alaw,A08
LA_E_2283766,1,g722,A14
LA_E_2283806,1,gsm,A17
LA_E_2283818,1,g722,A18
LA_E_2284342,1,g722,A12
LA_E_2284675,0,opus,bonafide
LA_E_2284810,1,pstn,A17
LA_E_2286128,1,alaw,A10
LA_E_2286309,0,none,bonafide
LA_E_2286656,1,g722,A11
LA_E_2286763,1,ulaw,A13
LA_E_2287052,1,pstn,A08
LA_E_2287122,1,alaw,A11
LA_E_2287526,1,pstn,A15
LA_E_2287696,1,gsm,A11
LA_E_2288480,1,gsm,A14
LA_E_2288785,1,none,A10
LA_E_2288995,1,g722,A17
LA_E_2289230,1,gsm,A07
LA_E_2290311,1,pstn,A19
LA_E_2290815,1,none,A12
LA_E_2290864,1,gsm,A11
LA_E_2290914,1,none,A11
LA_E_2290964,1,pstn,A13
LA_E_2290991,1,ulaw,A09
LA_E_2291007,1,opus,A18
LA_E_2291625,0,g722,bonafide
LA_E_2292624,1,none,A19
LA_E_2292933,1,pstn,A11
LA_E_2293953,1,pstn,A18
LA_E_2294017,1,opus,A12
LA_E_2294117,1,ulaw,A08
LA_E_2294550,1,gsm,A11
LA_E_2295408,1,none,A16
LA_E_2295452,0,gsm,bonafide
LA_E_2295688,1,alaw,A13
LA_E_2296431,1,pstn,A09
LA_E_2297216,1,none,A09
LA_E_2297460,1,ulaw,A09
LA_E_2297632,1,gsm,A19
LA_E_2298457,1,g722,A10
LA_E_2298531,1,gsm,A18
LA_E_2298532,1,none,A13
LA_E_2298657,1,pstn,A15
LA_E_2298813,1,g722,A07
LA_E_2298888,0,opus,bonafide
LA_E_2299093,1,ulaw,A11
LA_E_2299214,1,opus,A08
LA_E_2299418,1,ulaw,A13
LA_E_2299577,1,none,A19
LA_E_2299675,1,alaw,A13
LA_E_2300049,1,ulaw,A09
LA_E_2300710,1,ulaw,A17
LA_E_2300820,1,ulaw,A16
LA_E_2301301,1,gsm,A08
LA_E_2301360,1,gsm,A15
LA_E_2301923,1,opus,A18
LA_E_2302199,1,opus,A10
LA_E_2302326,1,ulaw,A16
LA_E_2303233,0,alaw,bonafide
LA_E_2304291,1,pstn,A19
LA_E_2304629,0,none,bonafide
LA_E_2304699,1,pstn,A08
LA_E_2305445,1,gsm,A17
LA_E_2305533,1,opus,A15
LA_E_2305555,1,opus,A18
LA_E_2306091,1,g722,A13
LA_E_2306194,1,ulaw,A16
LA_E_2306325,1,opus,A14
LA_E_2306672,1,opus,A12
LA_E_2307697,1,gsm,A10
LA_E_2307829,0,pstn,bonafide
LA_E_2308218,1,pstn,A12
LA_E_2308299,1,ulaw,A18
LA_E_2308942,1,gsm,A12
LA_E_2308948,1,g722,A17
LA_E_2309377,1,none,A13
LA_E_2310056,1,opus,A10
LA_E_2310105,1,alaw,A08
LA_E_2310843,1,none,A17
LA_E_2310857,1,none,A08
LA_E_2311511,1,opus,A10
LA_E_2311578,1,opus,A13
LA_E_2311898,1,alaw,A12
LA_E_2313341,1,none,A18
LA_E_2314200,1,ulaw,A16
LA_E_2314449,1,opus,A10
LA_E_2314469,1,g722,A16
LA_E_2314544,1,ulaw,A19
LA_E_2315217,0,gsm,bonafide
LA_E_2315315,1,none,A11
LA_E_2315568,1,g722,A08
LA_E_2315765,1,g722,A07
LA_E_2315816,1,opus,A12
LA_E_2316068,1,opus,A07
LA_E_2316789,1,pstn,A15
LA_E_2317029,1,ulaw,A15
LA_E_2317141,0,g722,bonafide
LA_E_2317356,1,pstn,A08
LA_E_2317830,0,opus,bonafide
LA_E_2318250,1,alaw,A16
LA_E_2318492,1,alaw,A12
LA_E_2319094,1,ulaw,A17
LA_E_2319115,1,opus,A15
LA_E_2319141,1,ulaw,A13
LA_E_2319217,1,pstn,A10
LA_E_2319366,1,alaw,A17
LA_E_2320284,1,pstn,A16
LA_E_2320378,0,pstn,bonafide
LA_E_2321083,0,g722,bonafide
LA_E_2322812,1,alaw,A18
LA_E_2322878,1,g722,A10
LA_E_2324793,1,ulaw,A17
LA_E_2325210,0,alaw,bonafide
LA_E_2325453,1,ulaw,A12
LA_E_2325633,1,g722,A11
LA_E_2325634,1,ulaw,A15
LA_E_2325853,1,gsm,A14
LA_E_2325940,1,none,A13
LA_E_2326152,1,alaw,A09
LA_E_2326258,1,gsm,A13
LA_E_2326651,0,g722,bonafide
LA_E_2326722,1,g722,A10
LA_E_2327127,1,gsm,A13
LA_E_2327744,1,g722,A17
LA_E_2328204,0,none,bonafide
LA_E_2328441,1,ulaw,A13
LA_E_2328766,1,none,A12
LA_E_2328928,1,ulaw,A14
LA_E_2329051,1,alaw,A14
LA_E_2329179,1,opus,A16
LA_E_2329278,1,ulaw,A09
LA_E_2329367,1,ulaw,A07
LA_E_2329621,1,gsm,A09
LA_E_2329864,0,none,bonafide
LA_E_2330082,1,pstn,A09
LA_E_2330473,1,ulaw,A08
LA_E_2330658,1,alaw,A19
LA_E_2331195,1,gsm,A13
LA_E_2331487,1,g722,A19
LA_E_2331643,1,alaw,A10
LA_E_2331831,1,none,A17
LA_E_2332196,1,opus,A18
LA_E_2332251,0,gsm,bonafide
LA_E_2332452,1,ulaw,A18
LA_E_2332776,1,ulaw,A18
LA_E_2332929,1,pstn,A17
LA_E_2332945,0,none,bonafide
LA_E_2333497,1,opus,A13
LA_E_2333561,1,opus,A13
LA_E_2333566,1,gsm,A07
LA_E_2333619,1,ulaw,A14
LA_E_2333865,1,pstn,A18
LA_E_2334173,1,ulaw,A17
LA_E_2334236,0,gsm,bonafide
LA_E_2334862,1,ulaw,A18
LA_E_2334998,1,ulaw,A13
LA_E_2335094,1,none,A14
LA_E_2335763,1,alaw,A19
LA_E_2335836,1,pstn,A09
LA_E_2335915,1,ulaw,A19
LA_E_2336272,1,pstn,A11
LA_E_2336312,1,opus,A14
LA_E_2336400,1,gsm,A08
LA_E_2336517,1,gsm,A12
LA_E_2336785,1,gsm,A07
LA_E_2336791,0,none,bonafide
LA_E_2337553,1,opus,A13
LA_E_2338347,1,ulaw,A19
LA_E_2338451,1,g722,A12
LA_E_2338466,1,ulaw,A16
LA_E_2338596,1,ulaw,A15
LA_E_2339252,1,alaw,A07
LA_E_2339372,1,g722,A15
LA_E_2339406,1,ulaw,A18
LA_E_2339504,1,ulaw,A07
LA_E_2339661,1,pstn,A14
LA_E_2339911,1,ulaw,A12
LA_E_2340055,1,pstn,A10
LA_E_2340090,0,g722,bonafide
LA_E_2340268,1,alaw,A08
LA_E_2340517,1,ulaw,A14
LA_E_2340594,0,ulaw,bonafide
LA_E_2340921,1,alaw,A17
LA_E_2341331,1,gsm,A18
LA_E_2341725,1,alaw,A13
LA_E_2342439,1,opus,A18
LA_E_2342962,1,g722,A14
LA_E_2343575,1,opus,A10
LA_E_2343770,1,g722,A19
LA_E_2344482,1,gsm,A12
LA_E_2344627,1,ulaw,A09
LA_E_2345929,1,alaw,A15
LA_E_2345985,1,g722,A09
LA_E_2346475,1,ulaw,A10
LA_E_2347004,0,pstn,bonafide
LA_E_2347870,1,g722,A19
LA_E_2348285,1,opus,A07
LA_E_2348752,1,none,A07
LA_E_2348803,0,opus,bonafide
LA_E_2349039,1,opus,A09
LA_E_2349271,0,ulaw,bonafide
LA_E_2349787,1,pstn,A08
LA_E_2350130,1,gsm,A15
LA_E_2350493,1,opus,A18
LA_E_2350730,1,opus,A16
LA_E_2350777,0,alaw,bonafide
LA_E_2350869,1,ulaw,A16
LA_E_2351242,1,g722,A12
LA_E_2351409,0,g722,bonafide
LA_E_2351700,1,pstn,A08
LA_E_2351772,1,ulaw,A19
LA_E_2351986,1,opus,A19
LA_E_2352955,1,ulaw,A13
LA_E_2353456,1,gsm,A18
LA_E_2353557,1,opus,A13
LA_E_2353572,1,alaw,A19
LA_E_2353576,1,gsm,A15
LA_E_2353747,1,g722,A12
LA_E_2353952,1,pstn,A07
LA_E_2354727,1,none,A15
LA_E_2354819,1,alaw,A11
LA_E_2355073,1,pstn,A10
LA_E_2355352,1,gsm,A07
LA_E_2355413,1,alaw,A12
LA_E_2355428,1,pstn,A07
LA_E_2355494,1,alaw,A08
LA_E_2355793,1,none,A10
LA_E_2356084,1,g722,A08
LA_E_2356151,0,alaw,bonafide
LA_E_2356255,1,pstn,A09
LA_E_2356622,1,ulaw,A19
LA_E_2356774,1,alaw,A14
LA_E_2356971,0,alaw,bonafide
LA_E_2357031,1,gsm,A15
LA_E_2357396,1,none,A16
LA_E_2357783,1,opus,A12
LA_E_2358364,1,ulaw,A08
LA_E_2358499,1,gsm,A15
LA_E_2359313,1,opus,A10
LA_E_2359329,0,opus,bonafide
LA_E_2360087,1,pstn,A13
LA_E_2360349,1,g722,A07
LA_E_2360382,1,gsm,A16
LA_E_2360522,0,opus,bonafide
LA_E_2361033,1,g722,A16
LA_E_2361231,1,gsm,A17
LA_E_2361399,0,pstn,bonafide
LA_E_2361513,1,none,A09
LA_E_2362242,1,pstn,A16
LA_E_2362391,1,opus,A10
LA_E_2362693,1,pstn,A14
LA_E_2362998,1,gsm,A11
LA_E_2363149,1,gsm,A08
LA_E_2363196,1,gsm,A08
LA_E_2363416,1,opus,A14
LA_E_2364008,1,g722,A08
LA_E_2364116,1,g722,A18
LA_E_2364185,1,ulaw,A07
LA_E_2364363,1,opus,A12
LA_E_2364371,1,alaw,A12
LA_E_2364445,1,pstn,A07
LA_E_2364620,1,opus,A17
LA_E_2364740,0,g722,bonafide
LA_E_2364870,1,ulaw,A13
LA_E_2365505,0,alaw,bonafide
LA_E_2365785,1,none,A15
LA_E_2365996,1,pstn,A18
LA_E_2366167,1,gsm,A15
LA_E_2366231,1,gsm,A19
LA_E_2366381,1,ulaw,A15
LA_E_2366401,1,pstn,A17
LA_E_2366467,1,ulaw,A18
LA_E_2366806,0,none,bonafide
LA_E_2367442,1,ulaw,A16
LA_E_2367599,1,none,A09
LA_E_2369178,1,alaw,A18
LA_E_2369684,1,gsm,A07
LA_E_2370132,1,pstn,A18
LA_E_2370670,1,opus,A12
LA_E_2371070,1,opus,A07
LA_E_2371305,1,ulaw,A16
LA_E_2372023,1,g722,A07
LA_E_2372165,1,pstn,A12
LA_E_2372456,1,alaw,A16
LA_E_2372534,1,gsm,A12
LA_E_2372870,1,gsm,A07
LA_E_2373420,1,opus,A14
LA_E_2373574,1,ulaw,A07
LA_E_2373993,0,gsm,bonafide
LA_E_2374307,1,ulaw,A07
LA_E_2374333,1,g722,A18
LA_E_2374356,1,ulaw,A11
LA_E_2374717,1,ulaw,A15
LA_E_2375010,1,gsm,A10
LA_E_2375095,1,opus,A17
LA_E_2375402,1,pstn,A18
LA_E_2375936,1,ulaw,A15
LA_E_2376170,1,ulaw,A15
LA_E_2376174,1,gsm,A16
LA_E_2376243,1,opus,A12
LA_E_2376298,1,g722,A13
LA_E_2376364,1,opus,A19
LA_E_2376865,1,none,A18
LA_E_2377725,0,none,bonafide
LA_E_2377933,1,none,A17
LA_E_2378033,1,opus,A10
LA_E_2378715,1,gsm,A14
LA_E_2378788,0,alaw,bonafide
LA_E_2379791,1,gsm,A07
LA_E_2380526,1,gsm,A16
LA_E_2380563,1,ulaw,A07
LA_E_2381035,1,none,A12
LA_E_2381103,1,gsm,A16
LA_E_2381291,1,gsm,A07
LA_E_2381376,0,alaw,bonafide
LA_E_2381602,1,opus,A15
LA_E_2381739,1,none,A15
LA_E_2382565,0,opus,bonafide
LA_E_2382760,1,alaw,A07
LA_E_2383167,1,opus,A12
LA_E_2383237,1,pstn,A19
LA_E_2383348,1,opus,A08
LA_E_2383428,1,ulaw,A11
LA_E_2383691,1,ulaw,A09
LA_E_2384593,1,ulaw,A18
LA_E_2384869,1,none,A13
LA_E_2385262,1,gsm,A12
LA_E_2385366,1,ulaw,A17
LA_E_2385636,1,opus,A09
LA_E_2385754,1,g722,A15
LA_E_2386715,1,alaw,A11
LA_E_2386842,1,gsm,A13
LA_E_2386968,1,g722,A08
LA_E_2387040,1,none,A14
LA_E_2387762,1,gsm,A09
LA_E_2387820,1,gsm,A08
LA_E_2388171,1,none,A09
LA_E_2388201,1,gsm,A15
LA_E_2388504,1,opus,A16
LA_E_2388708,1,opus,A18
LA_E_2389193,0,g722,bonafide
LA_E_2389213,1,ulaw,A15
LA_E_2389488,1,opus,A07
LA_E_2389707,1,gsm,A12
LA_E_2390134,0,gsm,bonafide
LA_E_2390315,1,ulaw,A08
LA_E_2390587,1,gsm,A15
LA_E_2390816,1,gsm,A16
LA_E_2391010,1,gsm,A11
LA_E_2391023,1,alaw,A16
LA_E_2391478,1,ulaw,A12
LA_E_2391534,1,alaw,A12
LA_E_2391909,1,alaw,A09
LA_E_2392076,1,none,A12
LA_E_2392303,1,gsm,A14
LA_E_2392600,1,gsm,A15
LA_E_2393000,0,opus,bonafide
LA_E_2393374,1,gsm,A14
LA_E_2393964,1,alaw,A13
LA_E_2394188,1,opus,A08
LA_E_2394659,1,opus,A18
LA_E_2395078,1,pstn,A14
LA_E_2395795,1,pstn,A09
LA_E_2395973,1,gsm,A14
LA_E_2397072,1,alaw,A09
LA_E_2397151,1,none,A08
LA_E_2397431,1,ulaw,A10
LA_E_2397645,1,gsm,A14
LA_E_2397654,1,ulaw,A18
LA_E_2397749,1,ulaw,A12
LA_E_2397818,1,ulaw,A12
LA_E_2398397,1,gsm,A10
LA_E_2398522,1,none,A07
LA_E_2398691,1,none,A12
LA_E_2398851,1,gsm,A19
LA_E_2399339,1,none,A18
LA_E_2399413,1,gsm,A15
LA_E_2400232,1,g722,A17
LA_E_2400870,1,none,A16
LA_E_2400873,0,none,bonafide
LA_E_2400988,1,none,A18
LA_E_2401193,1,ulaw,A13
LA_E_2401642,1,alaw,A18
LA_E_2401811,1,alaw,A11
LA_E_2401857,1,gsm,A19
LA_E_2401892,1,opus,A08
LA_E_2402728,0,ulaw,bonafide
LA_E_2402833,1,ulaw,A09
LA_E_2403440,1,opus,A19
LA_E_2403779,1,alaw,A07
LA_E_2404176,1,gsm,A10
LA_E_2404388,1,opus,A09
LA_E_2404555,1,pstn,A10
LA_E_2404663,1,ulaw,A10
LA_E_2404688,0,pstn,bonafide
LA_E_2405094,1,opus,A12
LA_E_2405394,1,pstn,A12
LA_E_2405825,1,gsm,A12
LA_E_2406270,1,opus,A08
LA_E_2406693,0,none,bonafide
LA_E_2406741,1,ulaw,A09
LA_E_2406878,1,g722,A15
LA_E_2406945,1,g722,A14
LA_E_2407260,1,pstn,A16
LA_E_2407351,1,none,A11
LA_E_2407666,1,none,A11
LA_E_2407862,1,opus,A16
LA_E_2407909,1,alaw,A11
LA_E_2409392,1,ulaw,A12
LA_E_2409753,1,alaw,A07
LA_E_2410090,1,ulaw,A15
LA_E_2410409,1,gsm,A10
LA_E_2410695,1,ulaw,A12
LA_E_2410710,1,opus,A11
LA_E_2410954,1,ulaw,A08
LA_E_2411436,1,none,A14
LA_E_2411475,1,g722,A13
LA_E_2411634,0,ulaw,bonafide
LA_E_2412040,1,ulaw,A08
LA_E_2412877,1,g722,A15
LA_E_2413081,1,ulaw,A11
LA_E_2413322,1,opus,A11
LA_E_2413515,1,alaw,A16
LA_E_2413828,0,alaw,bonafide
LA_E_2414425,1,none,A14
LA_E_2414476,1,none,A11
LA_E_2414505,1,opus,A18
LA_E_2414593,1,none,A16
LA_E_2414720,1,ulaw,A08
LA_E_2415064,1,alaw,A19
LA_E_2415212,1,ulaw,A18
LA_E_2415349,1,opus,A08
LA_E_2415597,1,gsm,A14
LA_E_2415637,1,gsm,A16
LA_E_2416251,1,pstn,A19
LA_E_2416398,1,opus,A07
LA_E_2417535,1,opus,A11
LA_E_2417757,1,pstn,A14
LA_E_2417920,1,gsm,A17
LA_E_2417976,1,ulaw,A15
LA_E_2418515,1,none,A19
LA_E_2418659,1,opus,A10
LA_E_2418813,1,opus,A18
LA_E_2418839,1,opus,A07
LA_E_2418957,1,pstn,A08
LA_E_2419243,1,none,A18
LA_E_2419332,1,none,A16
LA_E_2419335,1,opus,A16
LA_E_2419404,1,g722,A16
LA_E_2419564,1,alaw,A09
LA_E_2419577,0,g722,bonafide
LA_E_2420130,0,alaw,bonafide
LA_E_2420273,1,pstn,A18
LA_E_2420607,1,ulaw,A12
LA_E_2420658,1,ulaw,A11
LA_E_2420713,1,alaw,A10
LA_E_2421121,1,g722,A12
LA_E_2421249,1,ulaw,A07
LA_E_2421749,1,ulaw,A15
LA_E_2421975,1,ulaw,A11
LA_E_2422012,1,gsm,A09
LA_E_2422050,1,ulaw,A11
LA_E_2422259,1,alaw,A18
LA_E_2422374,1,ulaw,A09
LA_E_2422891,1,gsm,A11
LA_E_2423026,1,pstn,A07
LA_E_2423114,1,opus,A17
LA_E_2423625,1,ulaw,A19
LA_E_2423743,0,opus,bonafide
LA_E_2424693,0,pstn,bonafide
LA_E_2424915,1,opus,A16
LA_E_2425713,1,gsm,A08
LA_E_2426194,1,gsm,A12
LA_E_2426850,1,opus,A07
LA_E_2427297,1,none,A10
LA_E_2427385,0,none,bonafide
LA_E_2427840,1,ulaw,A18
LA_E_2428265,1,opus,A16
LA_E_2429531,1,ulaw,A07
LA_E_2430002,1,alaw,A12
LA_E_2430799,1,pstn,A11
LA_E_2431376,1,pstn,A16
LA_E_2431469,1,ulaw,A19
LA_E_2431481,1,ulaw,A13
LA_E_2431541,1,opus,A15
LA_E_2431803,1,g722,A13
LA_E_2432202,1,opus,A15
LA_E_2432276,1,ulaw,A13
LA_E_2432527,1,pstn,A13
LA_E_2432669,0,pstn,bonafide
LA_E_2433562,1,pstn,A14
LA_E_2434073,1,ulaw,A16
LA_E_2434211,1,pstn,A11
LA_E_2434369,1,opus,A11
LA_E_2434511,1,g722,A17
LA_E_2434941,1,opus,A07
LA_E_2434983,1,opus,A18
LA_E_2435061,1,alaw,A09
LA_E_2435185,1,alaw,A14
LA_E_2435329,0,g722,bonafide
LA_E_2435517,1,ulaw,A14
LA_E_2435548,1,opus,A08
LA_E_2435887,1,gsm,A17
LA_E_2436068,1,pstn,A12
LA_E_2436216,1,opus,A10
LA_E_2436279,0,pstn,bonafide
LA_E_2436392,1,alaw,A16
LA_E_2436414,1,opus,A13
LA_E_2436662,1,ulaw,A13
LA_E_2437701,1,pstn,A17
LA_E_2437920,1,gsm,A07
LA_E_2437938,1,ulaw,A10
LA_E_2437947,1,alaw,A09
LA_E_2437972,1,none,A08
LA_E_2438128,1,alaw,A08
LA_E_2438312,1,gsm,A18
LA_E_2438509,1,g722,A10
LA_E_2438699,1,pstn,A08
LA_E_2439027,1,none,A10
LA_E_2439461,1,gsm,A12
LA_E_2439527,1,g722,A16
LA_E_2440115,1,g722,A12
LA_E_2440487,1,alaw,A09
LA_E_2441147,1,opus,A15
LA_E_2442013,1,gsm,A16
LA_E_2442313,1,g722,A16
LA_E_2442549,1,opus,A15
LA_E_2442624,1,g722,A07
LA_E_2443017,1,gsm,A10
LA_E_2443583,1,opus,A11
LA_E_2443665,1,pstn,A16
LA_E_2443783,1,g722,A07
LA_E_2444073,1,none,A13
LA_E_2444383,1,gsm,A19
LA_E_2444465,1,g722,A17
LA_E_2444579,1,gsm,A14
LA_E_2446010,1,alaw,A14
LA_E_2446192,1,ulaw,A11
LA_E_2446275,1,opus,A12
LA_E_2448079,1,ulaw,A08
LA_E_2448236,1,g722,A11
LA_E_2448730,0,gsm,bonafide
LA_E_2448907,1,gsm,A08
LA_E_2449009,1,ulaw,A16
LA_E_2449647,1,pstn,A17
LA_E_2449757,1,pstn,A12
LA_E_2450065,1,opus,A19
LA_E_2450493,1,alaw,A17
LA_E_2450902,1,ulaw,A15
LA_E_2451215,1,opus,A13
LA_E_2451274,1,opus,A12
LA_E_2451464,1,opus,A14
LA_E_2452196,1,opus,A09
LA_E_2452266,0,g722,bonafide
LA_E_2452454,0,alaw,bonafide
LA_E_2452487,1,g722,A19
LA_E_2452619,1,g722,A14
LA_E_2453124,1,none,A09
LA_E_2453268,1,g722,A07
LA_E_2453376,1,g722,A08
LA_E_2453524,1,none,A10
LA_E_2453620,0,ulaw,bonafide
LA_E_2453968,0,ulaw,bonafide
LA_E_2453970,1,ulaw,A16
LA_E_2454057,0,ulaw,bonafide
LA_E_2454508,1,g722,A09
LA_E_2454812,1,g722,A18
LA_E_2455083,1,gsm,A19
LA_E_2455505,1,alaw,A09
LA_E_2455570,1,opus,A17
LA_E_2455763,1,none,A12
LA_E_2455921,0,gsm,bonafide
LA_E_2455965,1,pstn,A15
LA_E_2456186,1,opus,A15
LA_E_2456270,1,none,A18
LA_E_2456659,1,ulaw,A17
LA_E_2456665,0,pstn,bonafide
LA_E_2456875,1,none,A17
LA_E_2457114,1,pstn,A11
LA_E_2457507,1,none,A07
LA_E_2458076,1,opus,A12
LA_E_2458437,1,ulaw,A07
LA_E_2458551,1,pstn,A17
LA_E_2458903,1,gsm,A08
LA_E_2459273,1,ulaw,A07
LA_E_2459288,1,ulaw,A16
LA_E_2461230,1,opus,A17
LA_E_2461437,1,opus,A12
LA_E_2463002,1,alaw,A15
LA_E_2463245,1,opus,A17
LA_E_2463965,1,alaw,A19
LA_E_2464335,1,g722,A16
LA_E_2464402,1,gsm,A10
LA_E_2465022,1,none,A15
LA_E_2465931,1,alaw,A10
LA_E_2466003,1,alaw,A11
LA_E_2466010,1,opus,A13
LA_E_2466055,1,opus,A18
LA_E_2466116,0,alaw,bonafide
LA_E_2466118,1,alaw,A16
LA_E_2466245,1,g722,A14
LA_E_2466707,1,ulaw,A08
LA_E_2466767,0,pstn,bonafide
LA_E_2466872,1,g722,A09
LA_E_2466875,1,opus,A17
LA_E_2466986,1,none,A17
LA_E_2466992,1,opus,A16
LA_E_2467145,1,ulaw,A19
LA_E_2468523,1,opus,A17
LA_E_2468670,1,alaw,A15
LA_E_2469093,0,none,bonafide
LA_E_2469161,1,none,A14
LA_E_2469687,1,opus,A11
LA_E_2469960,1,none,A14
LA_E_2470842,1,g722,A09
LA_E_2471462,1,gsm,A17
LA_E_2471967,1,opus,A13
LA_E_2472075,0,g722,bonafide
LA_E_2472497,1,g722,A13
LA_E_2472747,1,opus,A19
LA_E_2472865,1,none,A13
LA_E_2473208,1,g722,A18
LA_E_2473345,1,ulaw,A12
LA_E_2473584,1,gsm,A13
LA_E_2473686,1,g722,A11
LA_E_2473874,1,opus,A09
LA_E_2473990,1,opus,A08
LA_E_2474633,1,alaw,A18
LA_E_2475303,1,alaw,A17
LA_E_2475791,1,g722,A10
LA_E_2477294,1,alaw,A10
LA_E_2477402,1,ulaw,A12
LA_E_2477533,1,alaw,A11
LA_E_2478329,1,gsm,A16
LA_E_2478426,1,g722,A13
LA_E_2479598,1,none,A13
LA_E_2479623,1,gsm,A18
LA_E_2479821,0,ulaw,bonafide
LA_E_2479854,1,g722,A18
LA_E_2479947,1,g722,A17
LA_E_2480047,1,none,A11
LA_E_2480326,1,opus,A14
LA_E_2480759,1,ulaw,A14
LA_E_2480814,0,none,bonafide
LA_E_2480957,1,pstn,A14
LA_E_2481495,1,ulaw,A17
LA_E_2481611,1,gsm,A16
LA_E_2481615,1,opus,A18
LA_E_2482062,1,pstn,A14
LA_E_2482321,1,ulaw,A11
LA_E_2482635,0,alaw,bonafide
LA_E_2482778,1,opus,A10
LA_E_2482921,1,gsm,A16
LA_E_2483503,1,pstn,A18
LA_E_2483924,0,opus,bonafide
LA_E_2484408,1,gsm,A10
LA_E_2484512,0,gsm,bonafide
LA_E_2485058,1,alaw,A07
LA_E_2485151,1,ulaw,A14
LA_E_2485992,1,g722,A11
LA_E_2486290,1,alaw,A10
LA_E_2486408,0,alaw,bonafide
LA_E_2486563,1,gsm,A14
LA_E_2486814,1,gsm,A07
LA_E_2487184,1,opus,A09
LA_E_2487190,1,opus,A08
LA_E_2487204,1,ulaw,A19
LA_E_2487263,1,gsm,A15
LA_E_2487820,1,opus,A19
LA_E_2488183,1,g722,A13
LA_E_2488868,1,gsm,A14
LA_E_2489658,1,pstn,A10
LA_E_2490156,1,alaw,A14
LA_E_2490420,1,gsm,A11
LA_E_2490858,1,none,A10
LA_E_2491149,1,ulaw,A19
LA_E_2491755,1,ulaw,A18
LA_E_2491837,1,pstn,A14
LA_E_2492441,0,pstn,bonafide
LA_E_2492484,1,pstn,A08
LA_E_2492635,1,alaw,A17
LA_E_2492738,1,opus,A15
LA_E_2493341,1,gsm,A09
LA_E_2493353,1,alaw,A15
LA_E_2493842,1,none,A14
LA_E_2494233,1,opus,A19
LA_E_2494323,1,none,A13
LA_E_2494423,1,opus,A08
LA_E_2494791,1,pstn,A16
LA_E_2495142,1,ulaw,A10
LA_E_2495498,1,alaw,A10
LA_E_2495699,1,g722,A13
LA_E_2495816,0,ulaw,bonafide
LA_E_2495955,1,opus,A08
LA_E_2496181,1,gsm,A14
LA_E_2496508,1,alaw,A19
LA_E_2496895,1,pstn,A13
LA_E_2496980,1,opus,A11
LA_E_2497354,1,g722,A07
LA_E_2497648,1,opus,A19
LA_E_2497909,1,gsm,A12
LA_E_2498019,1,alaw,A10
LA_E_2498359,1,ulaw,A15
LA_E_2498507,1,g722,A15
LA_E_2498663,1,ulaw,A13
LA_E_2498784,1,alaw,A19
LA_E_2499012,1,none,A08
LA_E_2499110,1,none,A13
LA_E_2499749,1,gsm,A08
LA_E_2499801,1,ulaw,A16
LA_E_2500041,1,g722,A12
LA_E_2500295,1,ulaw,A09
LA_E_2500696,1,none,A19
LA_E_2500836,1,ulaw,A10
LA_E_2501018,0,g722,bonafide
LA_E_2501367,1,pstn,A13
LA_E_2501765,1,gsm,A10
LA_E_2501867,1,gsm,A13
LA_E_2502797,1,pstn,A08
LA_E_2503397,1,ulaw,A12
LA_E_2503453,1,g722,A07
LA_E_2503594,1,ulaw,A12
LA_E_2503640,1,none,A07
LA_E_2504385,0,g722,bonafide
LA_E_2504802,1,ulaw,A07
LA_E_2504849,1,g722,A09
LA_E_2504939,1,opus,A14
LA_E_2505525,0,pstn,bonafide
LA_E_2506286,0,alaw,bonafide
LA_E_2506451,1,opus,A11
LA_E_2506753,1,alaw,A15
LA_E_2506884,1,pstn,A18
LA_E_2506934,1,pstn,A19
LA_E_2507086,1,none,A13
LA_E_2507606,1,g722,A08
LA_E_2507633,1,none,A08
LA_E_2508252,1,ulaw,A14
LA_E_2508312,1,ulaw,A18
LA_E_2508434,1,alaw,A10
LA_E_2508658,1,alaw,A11
LA_E_2508756,1,ulaw,A17
LA_E_2508985,1,opus,A18
LA_E_2509102,1,pstn,A19
LA_E_2509110,0,ulaw,bonafide
LA_E_2509548,1,g722,A17
LA_E_2509557,1,g722,A11
LA_E_2509620,1,opus,A09
LA_E_2509644,1,opus,A19
LA_E_2510637,1,g722,A16
LA_E_2510716,1,alaw,A19
LA_E_2511030,1,ulaw,A10
LA_E_2511095,1,ulaw,A10
LA_E_2511241,1,none,A17
LA_E_2511362,1,none,A08
LA_E_2511429,1,pstn,A15
LA_E_2511848,1,ulaw,A15
LA_E_2512051,1,alaw,A16
LA_E_2512084,1,pstn,A07
LA_E_2512687,0,gsm,bonafide
LA_E_2513383,1,opus,A13
LA_E_2514032,1,gsm,A09
LA_E_2514236,1,opus,A09
LA_E_2514562,1,opus,A15
LA_E_2514807,1,gsm,A16
LA_E_2514868,1,gsm,A07
LA_E_2514941,1,gsm,A10
LA_E_2515093,1,ulaw,A09
LA_E_2515315,1,pstn,A16
LA_E_2515459,1,gsm,A09
LA_E_2516087,1,opus,A15
LA_E_2516426,1,pstn,A09
LA_E_2516555,1,pstn,A12
LA_E_2516749,0,g722,bonafide
LA_E_2516766,1,opus,A10
LA_E_2516918,0,g722,bonafide
LA_E_2517062,1,gsm,A19
LA_E_2517188,1,none,A13
LA_E_2517523,1,gsm,A07
LA_E_2518099,1,pstn,A10
LA_E_2518426,1,opus,A15
LA_E_2519035,1,ulaw,A18
LA_E_2519447,1,ulaw,A07
LA_E_2519909,1,ulaw,A14
LA_E_2520188,1,g722,A11
LA_E_2520495,1,gsm,A07
LA_E_2520910,1,alaw,A15
LA_E_2521689,1,ulaw,A18
LA_E_2522019,1,opus,A16
LA_E_2522028,1,pstn,A08
LA_E_2522136,1,ulaw,A19
LA_E_2522752,1,ulaw,A07
LA_E_2522800,1,gsm,A12
LA_E_2522955,1,gsm,A13
LA_E_2523300,1,g722,A12
LA_E_2523680,1,none,A17
LA_E_2523885,1,g722,A09
LA_E_2523982,1,ulaw,A14
LA_E_2524848,1,alaw,A19
LA_E_2525007,0,none,bonafide
LA_E_2525080,1,opus,A19
LA_E_2525134,1,g722,A14
LA_E_2525195,1,alaw,A10
LA_E_2525342,1,alaw,A11
LA_E_2525809,1,alaw,A15
LA_E_2525998,1,alaw,A13
LA_E_2526492,1,opus,A09
LA_E_2526807,0,opus,bonafide
LA_E_2527480,0,opus,bonafide
LA_E_2527575,0,g722,bonafide
LA_E_2528136,1,g722,A11
LA_E_2528219,1,opus,A11
LA_E_2528264,0,alaw,bonafide
LA_E_2528408,1,opus,A10
LA_E_2528884,1,ulaw,A14
LA_E_2528957,1,opus,A17
LA_E_2529422,1,pstn,A15
LA_E_2529659,1,pstn,A19
LA_E_2529830,1,g722,A12
LA_E_2530360,0,none,bonafide
LA_E_2531050,1,g722,A19
LA_E_2531241,1,gsm,A19
LA_E_2531575,1,gsm,A09
LA_E_2532608,1,none,A14
LA_E_2532644,1,g722,A09
LA_E_2532689,0,opus,bonafide
LA_E_2533245,0,pstn,bonafide
LA_E_2533912,1,g722,A08
LA_E_2534224,1,none,A16
LA_E_2534236,1,g722,A18
LA_E_2534860,1,g722,A07
LA_E_2535604,1,pstn,A18
LA_E_2535798,1,pstn,A10
LA_E_2535813,1,g722,A10
LA_E_2535985,1,gsm,A10
LA_E_2536034,1,opus,A08
LA_E_2536287,1,opus,A13
LA_E_2536292,1,none,A10
LA_E_2536362,1,none,A19
LA_E_2536480,0,none,bonafide
LA_E_2536663,1,ulaw,A11
LA_E_2536703,1,none,A18
LA_E_2537487,1,ulaw,A15
LA_E_2537587,1,g722,A09
LA_E_2537714,1,ulaw,A07
LA_E_2537873,1,pstn,A17
LA_E_2538089,1,opus,A19
LA_E_2538296,1,ulaw,A14
LA_E_2538409,0,gsm,bonafide
LA_E_2538687,1,gsm,A15
LA_E_2539026,1,alaw,A08
LA_E_2539103,1,opus,A11
LA_E_2540034,1,gsm,A17
LA_E_2540134,1,gsm,A12
LA_E_2540330,1,g722,A07
LA_E_2540362,1,gsm,A18
LA_E_2540508,1,gsm,A16
LA_E_2540601,1,alaw,A19
LA_E_2540796,1,gsm,A15
LA_E_2541125,1,pstn,A15
LA_E_2541178,1,g722,A16
LA_E_2541582,0,pstn,bonafide
LA_E_2541965,0,none,bonafide
LA_E_2542269,1,pstn,A16
LA_E_2542287,1,opus,A10
LA_E_2542354,1,ulaw,A09
LA_E_2542377,1,ulaw,A19
LA_E_2542399,1,alaw,A16
LA_E_2542407,1,opus,A19
LA_E_2542453,1,none,A08
LA_E_2543021,0,g722,bonafide
LA_E_2543389,1,gsm,A09
LA_E_2543754,1,gsm,A12
LA_E_2543786,1,gsm,A13
LA_E_2543959,1,opus,A19
LA_E_2544538,1,pstn,A14
LA_E_2545333,1,none,A07
LA_E_2545774,1,alaw,A09
LA_E_2545809,1,none,A15
LA_E_2546024,0,none,bonafide
LA_E_2546224,0,alaw,bonafide
LA_E_2546543,1,ulaw,A14
LA_E_2547136,1,gsm,A07
LA_E_2547276,1,alaw,A13
LA_E_2547855,1,gsm,A18
LA_E_2547916,1,opus,A07
LA_E_2548392,1,none,A15
LA_E_2548576,1,gsm,A11
LA_E_2549253,1,gsm,A13
LA_E_2550067,1,opus,A17
LA_E_2550267,1,alaw,A18
LA_E_2550441,1,alaw,A16
LA_E_2550573,1,ulaw,A10
LA_E_2550890,1,opus,A17
LA_E_2551146,1,opus,A09
LA_E_2551544,1,ulaw,A14
LA_E_2551607,1,gsm,A19
LA_E_2551799,1,g722,A19
LA_E_2552219,1,pstn,A16
LA_E_2552398,1,g722,A16
LA_E_2552810,1,alaw,A17
LA_E_2553001,1,none,A15
LA_E_2553080,1,none,A17
LA_E_2553658,1,none,A17
LA_E_2553744,1,gsm,A18
LA_E_2553890,1,ulaw,A15
LA_E_2554132,1,alaw,A08
LA_E_2554240,1,opus,A09
LA_E_2554267,0,ulaw,bonafide
LA_E_2555035,1,gsm,A17
LA_E_2555718,1,ulaw,A16
LA_E_2555954,1,none,A08
LA_E_2556043,1,gsm,A17
LA_E_2556328,1,alaw,A12
LA_E_2556330,1,none,A11
LA_E_2556408,1,none,A08
LA_E_2556426,1,opus,A13
LA_E_2556660,1,g722,A19
LA_E_2556915,1,alaw,A14
LA_E_2557134,1,alaw,A07
LA_E_2557342,1,none,A07
LA_E_2557797,0,alaw,bonafide
LA_E_2558062,1,g722,A16
LA_E_2558144,1,gsm,A14
LA_E_2559046,1,ulaw,A14
LA_E_2559085,1,pstn,A18
LA_E_2559127,1,alaw,A12
LA_E_2559234,1,opus,A08
LA_E_2559305,1,opus,A12
LA_E_2559934,1,ulaw,A11
LA_E_2560073,1,ulaw,A11
LA_E_2560189,1,ulaw,A08
LA_E_2560398,1,opus,A07
LA_E_2560403,0,g722,bonafide
LA_E_2560583,1,gsm,A17
LA_E_2560962,1,gsm,A16
LA_E_2561412,1,alaw,A19
LA_E_2561829,0,gsm,bonafide
LA_E_2561951,1,alaw,A13
LA_E_2562527,1,alaw,A12
LA_E_2562654,1,alaw,A15
LA_E_2562901,1,gsm,A11
LA_E_2562993,1,ulaw,A12
LA_E_2563040,1,alaw,A08
LA_E_2563172,1,ulaw,A11
LA_E_2563900,0,none,bonafide
LA_E_2564134,1,gsm,A13
LA_E_2564211,0,g722,bonafide
LA_E_2564331,1,alaw,A13
LA_E_2564684,1,alaw,A07
LA_E_2565273,1,gsm,A15
LA_E_2565559,1,opus,A17
LA_E_2565960,1,g722,A10
LA_E_2566018,1,none,A11
LA_E_2566300,1,none,A07
LA_E_2566677,1,opus,A10
LA_E_2566699,1,gsm,A07
LA_E_2566900,1,pstn,A09
LA_E_2567187,1,opus,A07
LA_E_2567233,1,alaw,A08
LA_E_2567452,1,opus,A13
LA_E_2567531,1,g722,A12
LA_E_2567859,1,g722,A11
LA_E_2567932,1,pstn,A15
LA_E_2568223,1,gsm,A09
LA_E_2568397,1,ulaw,A08
LA_E_2568465,1,pstn,A07
LA_E_2568546,1,pstn,A15
LA_E_2569205,1,ulaw,A08
LA_E_2569879,1,gsm,A13
LA_E_2570079,0,gsm,bonafide
LA_E_2570397,1,pstn,A14
LA_E_2570434,1,g722,A08
LA_E_2570473,1,none,A09
LA_E_2570912,1,opus,A11
LA_E_2570976,0,opus,bonafide
LA_E_2571091,1,g722,A15
LA_E_2571212,1,g722,A10
LA_E_2571314,1,none,A15
LA_E_2571424,1,opus,A07
LA_E_2571639,1,ulaw,A09
LA_E_2572497,0,pstn,bonafide
LA_E_2572784,1,pstn,A18
LA_E_2573716,1,alaw,A18
LA_E_2573980,1,none,A19
LA_E_2575257,1,opus,A10
LA_E_2575363,1,none,A10
LA_E_2575520,1,opus,A08
LA_E_2576125,1,ulaw,A08
LA_E_2576276,1,opus,A16
LA_E_2576288,1,none,A15
LA_E_2576407,1,none,A07
LA_E_2576566,1,gsm,A07
LA_E_2576604,1,none,A18
LA_E_2577448,1,ulaw,A13
LA_E_2578051,1,gsm,A09
LA_E_2578089,1,ulaw,A10
LA_E_2578276,0,pstn,bonafide
LA_E_2578382,0,opus,bonafide
LA_E_2578732,1,pstn,A18
LA_E_2579012,1,gsm,A18
LA_E_2579025,1,ulaw,A14
LA_E_2580413,1,none,A17
LA_E_2580620,1,none,A14
LA_E_2580647,1,alaw,A13
LA_E_2580891,1,pstn,A16
LA_E_2581394,1,opus,A14
LA_E_2581438,1,ulaw,A14
LA_E_2581537,1,alaw,A13
LA_E_2581572,1,none,A09
LA_E_2581643,1,pstn,A17
LA_E_2581765,1,g722,A13
LA_E_2581819,1,gsm,A12
LA_E_2582576,1,ulaw,A10
LA_E_2582634,1,none,A18
LA_E_2582866,1,none,A15
LA_E_2583103,1,g722,A08
LA_E_2583141,1,none,A12
LA_E_2583194,1,pstn,A08
LA_E_2583938,1,opus,A14
LA_E_2584296,1,alaw,A09
LA_E_2584452,1,ulaw,A13
LA_E_2584638,1,g722,A15
LA_E_2584842,1,pstn,A13
LA_E_2585208,1,gsm,A16
LA_E_2585242,1,gsm,A14
LA_E_2585625,1,opus,A15
LA_E_2585835,1,alaw,A10
LA_E_2585927,1,none,A11
LA_E_2586442,1,gsm,A13
LA_E_2586794,1,pstn,A09
LA_E_2586805,1,g722,A15
LA_E_2587183,0,pstn,bonafide
LA_E_2587540,1,opus,A18
LA_E_2588318,1,gsm,A08
LA_E_2588431,1,alaw,A18
LA_E_2588439,1,none,A08
LA_E_2588510,1,alaw,A07
LA_E_2588550,0,alaw,bonafide
LA_E_2588847,1,pstn,A13
LA_E_2589001,1,pstn,A13
LA_E_2589310,1,opus,A16
LA_E_2589868,1,alaw,A12
LA_E_2590092,1,alaw,A13
LA_E_2591221,1,ulaw,A10
LA_E_2591656,1,gsm,A18
LA_E_2592249,1,gsm,A12
LA_E_2592670,1,g722,A07
LA_E_2593191,1,opus,A16
LA_E_2593274,1,alaw,A12
LA_E_2593342,1,gsm,A18
LA_E_2593482,1,pstn,A15
LA_E_2593971,1,ulaw,A10
LA_E_2593996,1,pstn,A11
LA_E_2594220,1,opus,A09
LA_E_2594726,1,opus,A12
LA_E_2595429,1,pstn,A10
LA_E_2595532,1,alaw,A12
LA_E_2595603,0,gsm,bonafide
LA_E_2595814,1,none,A09
LA_E_2596351,0,opus,bonafide
LA_E_2596780,1,ulaw,A17
LA_E_2597796,1,g722,A15
LA_E_2599093,1,g722,A13
LA_E_2599314,1,pstn,A12
LA_E_2599317,1,alaw,A11
LA_E_2599845,1,ulaw,A16
LA_E_2601644,1,gsm,A14
LA_E_2601759,1,opus,A14
LA_E_2601843,1,pstn,A18
LA_E_2601854,1,opus,A17
LA_E_2602193,1,gsm,A07
LA_E_2602201,1,g722,A09
LA_E_2602435,1,alaw,A08
LA_E_2602608,1,gsm,A12
LA_E_2602741,1,g722,A16
LA_E_2602824,1,opus,A10
LA_E_2602916,1,alaw,A08
LA_E_2603033,1,none,A13
LA_E_2603198,1,none,A15
LA_E_2603221,1,pstn,A13
LA_E_2603530,1,g722,A08
LA_E_2603554,0,gsm,bonafide
LA_E_2603668,0,none,bonafide
LA_E_2603978,1,g722,A08
LA_E_2604597,1,gsm,A09
LA_E_2604744,1,g722,A15
LA_E_2604837,1,ulaw,A12
LA_E_2604921,1,opus,A07
LA_E_2605124,1,none,A12
LA_E_2605300,1,gsm,A13
LA_E_2605539,1,none,A10
LA_E_2606133,1,opus,A09
LA_E_2606166,1,gsm,A10
LA_E_2606803,1,ulaw,A18
LA_E_2606831,0,pstn,bonafide
LA_E_2607233,1,opus,A12
LA_E_2607740,1,ulaw,A07
LA_E_2607781,1,pstn,A10
LA_E_2608215,1,gsm,A17
LA_E_2608371,0,opus,bonafide
LA_E_2608525,1,g722,A08
LA_E_2608611,1,alaw,A07
LA_E_2608615,1,none,A09
LA_E_2608858,0,gsm,bonafide
LA_E_2609030,0,ulaw,bonafide
LA_E_2609035,1,gsm,A08
LA_E_2609255,1,alaw,A13
LA_E_2609478,1,alaw,A07
LA_E_2609699,1,pstn,A07
LA_E_2610066,0,g722,bonafide
LA_E_2610076,1,opus,A11
LA_E_2610788,0,alaw,bonafide
LA_E_2611654,0,g722,bonafide
LA_E_2611659,1,gsm,A09
LA_E_2611756,1,opus,A19
LA_E_2612750,1,opus,A14
LA_E_2612906,1,g722,A18
LA_E_2613040,1,gsm,A09
LA_E_2613045,1,gsm,A13
LA_E_2613146,1,gsm,A13
LA_E_2613408,1,opus,A08
LA_E_2613801,1,pstn,A10
LA_E_2614253,1,ulaw,A13
LA_E_2614656,0,alaw,bonafide
LA_E_2615427,1,none,A07
LA_E_2615492,1,g722,A07
LA_E_2615738,1,pstn,A08
LA_E_2615766,1,gsm,A14
LA_E_2616094,1,opus,A12
LA_E_2616784,1,ulaw,A19
LA_E_2617046,1,alaw,A12
LA_E_2617215,1,pstn,A19
LA_E_2617504,1,ulaw,A16
LA_E_2618315,1,g722,A17
LA_E_2619032,1,pstn,A15
LA_E_2619112,1,alaw,A19
LA_E_2619965,0,ulaw,bonafide
LA_E_2619970,1,opus,A15
LA_E_2620253,1,ulaw,A11
LA_E_2620977,1,pstn,A12
LA_E_2622087,1,pstn,A09
LA_E_2622135,1,pstn,A17
LA_E_2622358,1,pstn,A08
LA_E_2622651,1,none,A11
LA_E_2622887,1,g722,A15
LA_E_2623339,1,alaw,A18
LA_E_2624380,1,none,A16
LA_E_2624656,1,none,A10
LA_E_2624732,1,ulaw,A16
LA_E_2624752,1,ulaw,A18
LA_E_2625041,1,none,A09
LA_E_2625187,1,none,A11
LA_E_2625243,0,none,bonafide
LA_E_2625816,1,ulaw,A15
LA_E_2626992,1,opus,A11
LA_E_2627901,1,gsm,A12
LA_E_2627953,1,g722,A19
LA_E_2628058,1,g722,A18
LA_E_2628470,1,none,A11
LA_E_2628839,1,none,A19
LA_E_2629077,1,none,A16
LA_E_2629188,0,pstn,bonafide
LA_E_2629517,1,alaw,A07
LA_E_2629798,1,ulaw,A09
LA_E_2630149,1,alaw,A08
LA_E_2630280,1,gsm,A13
LA_E_2630338,0,none,bonafide
LA_E_2630733,1,pstn,A07
LA_E_2631072,1,g722,A09
LA_E_2631167,1,pstn,A07
LA_E_2631413,1,ulaw,A17
LA_E_2632395,1,pstn,A17
LA_E_2632699,1,none,A11
LA_E_2633592,1,none,A12
LA_E_2633954,1,none,A19
LA_E_2634109,1,g722,A19
LA_E_2634623,1,g722,A19
LA_E_2634691,1,alaw,A18
LA_E_2634981,1,alaw,A15
LA_E_2635278,0,pstn,bonafide
LA_E_2635656,1,alaw,A18
LA_E_2636034,1,gsm,A17
LA_E_2636149,0,gsm,bonafide
LA_E_2636244,1,pstn,A08
LA_E_2636293,1,gsm,A19
LA_E_2636697,1,opus,A07
LA_E_2637446,1,pstn,A09
LA_E_2637488,0,ulaw,bonafide
LA_E_2637620,1,g722,A11
LA_E_2637805,1,alaw,A14
LA_E_2637927,1,alaw,A18
LA_E_2638065,0,g722,bonafide
LA_E_2638124,1,ulaw,A11
LA_E_2638529,1,none,A15
LA_E_2638998,1,none,A10
LA_E_2639150,1,gsm,A09
LA_E_2639382,1,ulaw,A08
LA_E_2639483,1,none,A08
LA_E_2639658,1,pstn,A07
LA_E_2639890,1,pstn,A10
LA_E_2640039,1,g722,A18
LA_E_2640562,1,alaw,A09
LA_E_2640847,1,none,A18
LA_E_2641114,1,alaw,A07
LA_E_2641266,1,gsm,A10
LA_E_2641782,1,gsm,A18
LA_E_2642275,1,g722,A17
LA_E_2642403,1,alaw,A11
LA_E_2642832,1,gsm,A11
LA_E_2643123,1,opus,A19
LA_E_2643976,1,gsm,A17
LA_E_2644715,1,opus,A17
LA_E_2644801,1,opus,A07
LA_E_2645323,1,alaw,A16
LA_E_2645446,1,opus,A18
LA_E_2646621,1,pstn,A09
LA_E_2646758,1,g722,A19
LA_E_2647884,1,gsm,A17
LA_E_2648464,1,none,A17
LA_E_2648636,1,ulaw,A09
LA_E_2648819,1,ulaw,A11
LA_E_2649444,1,g722,A15
LA_E_2649836,1,gsm,A18
LA_E_2650414,1,alaw,A19
LA_E_2650667,1,pstn,A07
LA_E_2650827,1,none,A19
LA_E_2650993,1,opus,A14
LA_E_2651018,1,opus,A14
LA_E_2651304,1,pstn,A09
LA_E_2651577,1,opus,A15
LA_E_2651588,1,ulaw,A15
LA_E_2651801,1,ulaw,A16
LA_E_2651942,1,gsm,A16
LA_E_2652104,1,ulaw,A10
LA_E_2652264,1,none,A09
LA_E_2652451,1,pstn,A14
LA_E_2652465,1,opus,A10
LA_E_2652604,1,none,A16
LA_E_2652618,1,alaw,A15
LA_E_2653210,0,alaw,bonafide
LA_E_2653453,0,alaw,bonafide
LA_E_2654506,0,pstn,bonafide
LA_E_2654542,1,none,A08
LA_E_2655262,1,ulaw,A12
LA_E_2656021,1,opus,A17
LA_E_2656269,1,alaw,A14
LA_E_2656776,1,opus,A16
LA_E_2656925,1,g722,A17
LA_E_2657495,1,none,A07
LA_E_2658082,1,alaw,A12
LA_E_2658458,1,gsm,A11
LA_E_2659342,1,gsm,A11
LA_E_2659483,1,pstn,A12
LA_E_2659867,1,pstn,A19
LA_E_2660519,1,none,A10
LA_E_2660589,1,opus,A19
LA_E_2660952,1,alaw,A17
LA_E_2660985,1,gsm,A10
LA_E_2662537,1,opus,A18
LA_E_2662712,1,opus,A13
LA_E_2663019,1,ulaw,A19
LA_E_2663255,1,none,A19
LA_E_2663298,1,pstn,A13
LA_E_2663376,1,pstn,A18
LA_E_2663438,1,gsm,A11
LA_E_2663767,1,ulaw,A12
LA_E_2663827,1,alaw,A14
LA_E_2664082,1,ulaw,A16
LA_E_2664104,1,none,A13
LA_E_2664558,1,none,A14
LA_E_2664674,1,g722,A11
LA_E_2665190,1,ulaw,A16
LA_E_2665277,1,g722,A13
LA_E_2666051,1,ulaw,A11
LA_E_2667771,1,gsm,A08
LA_E_2668108,1,opus,A17
LA_E_2668145,1,alaw,A10
LA_E_2668210,1,ulaw,A14
LA_E_2668212,1,pstn,A08
LA_E_2668393,1,none,A10
LA_E_2668648,1,opus,A15
LA_E_2668897,1,alaw,A17
LA_E_2669327,1,opus,A12
LA_E_2669538,1,ulaw,A07
LA_E_2669803,1,gsm,A15
LA_E_2670029,1,opus,A14
LA_E_2670103,1,none,A15
LA_E_2670233,1,g722,A10
LA_E_2670806,1,pstn,A17
LA_E_2672662,1,pstn,A16
LA_E_2672929,1,opus,A18
LA_E_2673393,1,ulaw,A08
LA_E_2673798,0,alaw,bonafide
LA_E_2673807,1,pstn,A12
LA_E_2674000,1,alaw,A08
LA_E_2674572,1,gsm,A19
LA_E_2674573,1,opus,A18
LA_E_2675547,1,pstn,A08
LA_E_2675902,1,pstn,A11
LA_E_2675935,1,alaw,A18
LA_E_2676085,1,alaw,A16
LA_E_2676356,1,pstn,A17
LA_E_2676721,1,pstn,A07
LA_E_2676772,1,g722,A18
LA_E_2677022,1,none,A09
LA_E_2677454,1,g722,A18
LA_E_2678069,1,gsm,A08
LA_E_2678353,1,gsm,A19
LA_E_2678515,1,opus,A16
LA_E_2678554,1,pstn,A12
LA_E_2678731,1,g722,A18
LA_E_2679002,1,opus,A19
LA_E_2679093,1,alaw,A09
LA_E_2679725,1,opus,A10
LA_E_2680844,1,opus,A09
LA_E_2680882,1,alaw,A16
LA_E_2681245,1,opus,A11
LA_E_2681454,0,g722,bonafide
LA_E_2681549,1,ulaw,A08
LA_E_2681769,1,ulaw,A16
LA_E_2682226,1,g722,A08
LA_E_2682547,1,opus,A07
LA_E_2683068,1,gsm,A08
LA_E_2683346,1,alaw,A15
LA_E_2684131,1,gsm,A16
LA_E_2684229,1,pstn,A11
LA_E_2684256,1,g722,A14
LA_E_2684814,0,opus,bonafide
LA_E_2685133,1,alaw,A12
LA_E_2685289,1,alaw,A17
LA_E_2685439,0,none,bonafide
LA_E_2685573,1,pstn,A08
LA_E_2685775,1,alaw,A16
LA_E_2685791,1,pstn,A12
LA_E_2686023,0,none,bonafide
LA_E_2686799,1,pstn,A17
LA_E_2686845,1,none,A18
LA_E_2687132,1,opus,A10
LA_E_2687157,1,gsm,A14
LA_E_2687493,1,ulaw,A18
LA_E_2688057,1,pstn,A12
LA_E_2688311,1,none,A16
LA_E_2688931,1,opus,A14
LA_E_2689232,1,g722,A07
LA_E_2689353,1,opus,A13
LA_E_2689365,0,alaw,bonafide
LA_E_2689562,1,pstn,A14
LA_E_2690459,1,pstn,A19
LA_E_2690501,1,ulaw,A14
LA_E_2690547,1,none,A16
LA_E_2691103,1,pstn,A18
LA_E_2691300,1,ulaw,A16
LA_E_2691865,1,opus,A12
LA_E_2691947,1,gsm,A15
LA_E_2692540,1,alaw,A11
LA_E_2692717,1,alaw,A13
LA_E_2692787,1,none,A16
LA_E_2692911,1,g722,A16
LA_E_2693086,1,alaw,A08
LA_E_2693282,1,opus,A18
LA_E_2693526,1,g722,A18
LA_E_2693661,0,opus,bonafide
LA_E_2694319,1,ulaw,A10
LA_E_2694402,1,opus,A16
LA_E_2694502,1,alaw,A18
LA_E_2694565,1,pstn,A08
LA_E_2694646,1,ulaw,A08
LA_E_2695348,1,gsm,A10
LA_E_2696417,1,g722,A12
LA_E_2697060,1,pstn,A17
LA_E_2697571,1,gsm,A17
LA_E_2697783,1,gsm,A19
LA_E_2697910,0,g722,bonafide
LA_E_2698042,1,none,A16
LA_E_2698367,1,g722,A19
LA_E_2698763,1,ulaw,A18
LA_E_2699276,0,ulaw,bonafide
LA_E_2699522,0,ulaw,bonafide
LA_E_2700182,1,gsm,A13
LA_E_2700839,1,ulaw,A18
LA_E_2702085,1,gsm,A07
LA_E_2702184,1,ulaw,A14
LA_E_2702192,1,pstn,A15
LA_E_2702746,1,g722,A09
LA_E_2702780,1,g722,A12
LA_E_2702978,1,none,A13
LA_E_2703026,1,opus,A08
LA_E_2703613,1,ulaw,A18
LA_E_2704025,1,pstn,A10
LA_E_2704131,0,alaw,bonafide
LA_E_2704183,1,alaw,A14
LA_E_2704484,1,ulaw,A09
LA_E_2704543,1,opus,A16
LA_E_2704690,1,ulaw,A10
LA_E_2704890,1,g722,A16
LA_E_2704999,1,none,A12
LA_E_2705564,1,ulaw,A11
LA_E_2705950,1,pstn,A16
LA_E_2705968,1,alaw,A09
LA_E_2706327,1,none,A12
LA_E_2706385,1,opus,A17
LA_E_2706633,1,g722,A08
LA_E_2706912,1,pstn,A07
LA_E_2707101,1,pstn,A13
LA_E_2707105,1,ulaw,A16
LA_E_2707212,1,alaw,A14
LA_E_2707338,1,pstn,A19
LA_E_2708117,1,gsm,A12
LA_E_2708445,1,g722,A14
LA_E_2708531,1,ulaw,A13
LA_E_2708863,1,ulaw,A12
LA_E_2709265,0,gsm,bonafide
LA_E_2710292,1,gsm,A09
LA_E_2710845,1,gsm,A08
LA_E_2710927,0,alaw,bonafide
LA_E_2711152,1,g722,A15
LA_E_2711769,1,alaw,A15
LA_E_2712130,0,none,bonafide
LA_E_2712449,1,opus,A17
LA_E_2712613,1,none,A12
LA_E_2712960,1,opus,A10
LA_E_2713143,1,ulaw,A09
LA_E_2713830,1,none,A17
LA_E_2714089,1,pstn,A11
LA_E_2714100,1,g722,A07
LA_E_2714306,0,ulaw,bonafide
LA_E_2714879,1,none,A07
LA_E_2714982,1,ulaw,A17
LA_E_2715618,1,gsm,A07
LA_E_2716159,0,gsm,bonafide
LA_E_2716450,1,gsm,A16
LA_E_2716664,1,opus,A17
LA_E_2716967,1,g722,A12
LA_E_2717778,1,none,A12
LA_E_2717902,1,ulaw,A14
LA_E_2718049,1,alaw,A12
LA_E_2718542,1,alaw,A07
LA_E_2718668,1,opus,A18
LA_E_2718758,1,none,A11
LA_E_2718794,0,opus,bonafide
LA_E_2718803,1,gsm,A14
LA_E_2718924,1,ulaw,A15
LA_E_2718943,1,none,A14
LA_E_2719793,1,none,A18
LA_E_2720250,1,opus,A18
LA_E_2720723,1,alaw,A14
LA_E_2720929,1,alaw,A15
LA_E_2721178,1,ulaw,A13
LA_E_2722294,1,opus,A09
LA_E_2722376,1,alaw,A16
LA_E_2722563,1,ulaw,A10
LA_E_2722767,1,opus,A08
LA_E_2723079,0,gsm,bonafide
LA_E_2723259,1,opus,A13
LA_E_2723325,1,alaw,A19
LA_E_2724348,1,alaw,A09
LA_E_2725266,1,ulaw,A15
LA_E_2725612,1,g722,A11
LA_E_2725712,1,ulaw,A12
LA_E_2725788,1,g722,A15
LA_E_2726876,1,ulaw,A09
LA_E_2726940,1,g722,A16
LA_E_2727170,0,g722,bonafide
LA_E_2727493,1,opus,A17
LA_E_2727874,1,ulaw,A19
LA_E_2728071,1,alaw,A16
LA_E_2728091,1,ulaw,A15
LA_E_2728808,1,alaw,A14
LA_E_2728974,1,opus,A10
LA_E_2729051,1,alaw,A10
LA_E_2729177,1,opus,A09
LA_E_2729264,1,g722,A13
LA_E_2729681,1,gsm,A18
LA_E_2729855,1,ulaw,A15
LA_E_2730295,1,ulaw,A07
LA_E_2730575,1,gsm,A09
LA_E_2731408,1,none,A15
LA_E_2731737,1,g722,A17
LA_E_2732147,1,gsm,A11
LA_E_2732442,1,g722,A19
LA_E_2732540,1,g722,A14
LA_E_2732744,1,pstn,A15
LA_E_2733185,1,ulaw,A16
LA_E_2733351,1,gsm,A13
LA_E_2733990,1,opus,A13
LA_E_2734311,1,ulaw,A12
LA_E_2734453,1,opus,A12
LA_E_2734497,1,g722,A14
LA_E_2734612,1,g722,A07
LA_E_2735374,1,none,A07
LA_E_2735380,1,gsm,A08
LA_E_2735466,1,none,A13
LA_E_2735686,1,pstn,A09
LA_E_2735768,1,ulaw,A09
LA_E_2736040,1,gsm,A11
LA_E_2736096,1,opus,A07
LA_E_2736312,1,gsm,A08
LA_E_2736542,1,none,A11
LA_E_2737475,1,pstn,A18
LA_E_2737482,1,none,A10
LA_E_2737682,1,none,A09
LA_E_2738580,1,pstn,A13
LA_E_2738877,1,opus,A13
LA_E_2738887,1,alaw,A16
LA_E_2738888,1,alaw,A11
LA_E_2739802,1,alaw,A12
LA_E_2740642,1,ulaw,A07
LA_E_2740700,1,ulaw,A11
LA_E_2741211,0,pstn,bonafide
LA_E_2741557,1,g722,A14
LA_E_2742246,1,alaw,A10
LA_E_2742286,0,alaw,bonafide
LA_E_2742509,0,ulaw,bonafide
LA_E_2742911,1,opus,A15
LA_E_2742978,1,gsm,A18
LA_E_2743036,1,gsm,A19
LA_E_2743118,1,gsm,A13
LA_E_2743251,1,none,A13
LA_E_2743510,1,g722,A12
LA_E_2743624,1,pstn,A10
LA_E_2743688,0,ulaw,bonafide
LA_E_2744124,1,ulaw,A07
LA_E_2745257,1,ulaw,A07
LA_E_2745330,1,g722,A12
LA_E_2745438,1,alaw,A16
LA_E_2745590,1,gsm,A17
LA_E_2745903,1,g722,A13
LA_E_2746941,1,ulaw,A18
LA_E_2747168,1,g722,A14
LA_E_2747330,1,ulaw,A18
LA_E_2747481,1,alaw,A15
LA_E_2747774,1,gsm,A09
LA_E_2747893,1,g722,A17
LA_E_2748135,1,g722,A09
LA_E_2748741,1,gsm,A15
LA_E_2749363,1,pstn,A14
LA_E_2749419,1,ulaw,A19
LA_E_2749496,1,alaw,A13
LA_E_2750150,1,none,A08
LA_E_2750436,1,gsm,A10
LA_E_2750450,1,ulaw,A17
LA_E_2750611,1,ulaw,A13
LA_E_2750751,1,none,A19
LA_E_2750881,1,g722,A09
LA_E_2751125,1,opus,A11
LA_E_2751316,1,opus,A10
LA_E_2751391,1,alaw,A18
LA_E_2751694,1,gsm,A08
LA_E_2751986,1,none,A07
LA_E_2752179,1,opus,A13
LA_E_2752508,1,none,A18
LA_E_2752596,1,g722,A13
LA_E_2752621,0,ulaw,bonafide
LA_E_2752761,1,ulaw,A08
LA_E_2753049,1,g722,A12
LA_E_2754740,1,gsm,A17
LA_E_2755287,1,ulaw,A17
LA_E_2755528,1,gsm,A07
LA_E_2755876,1,opus,A09
LA_E_2756014,1,opus,A18
LA_E_2756031,1,g722,A07
LA_E_2756126,1,pstn,A19
LA_E_2756564,0,gsm,bonafide
LA_E_2756659,1,pstn,A12
LA_E_2756753,0,none,bonafide
LA_E_2757322,1,pstn,A19
LA_E_2757478,1,alaw,A10
LA_E_2757747,1,pstn,A14
LA_E_2758669,1,none,A13
LA_E_2758725,1,gsm,A12
LA_E_2759392,1,opus,A13
LA_E_2759587,1,ulaw,A16
LA_E_2759663,1,alaw,A19
LA_E_2759831,1,opus,A16
LA_E_2759888,1,pstn,A09
LA_E_2761459,0,none,bonafide
LA_E_2761553,1,g722,A12
LA_E_2761967,1,alaw,A14
LA_E_2762084,1,g722,A17
LA_E_2762791,1,alaw,A17
LA_E_2763292,1,pstn,A08
LA_E_2763505,1,gsm,A15
LA_E_2763638,1,none,A10
LA_E_2763787,1,ulaw,A18
LA_E_2763819,1,none,A12
LA_E_2764118,1,pstn,A17
LA_E_2764133,1,gsm,A17
LA_E_2764174,1,ulaw,A13
LA_E_2765238,1,gsm,A13
LA_E_2765507,1,gsm,A08
LA_E_2765547,1,alaw,A19
LA_E_2765688,1,alaw,A17
LA_E_2766221,1,none,A17
LA_E_2766641,1,gsm,A07
LA_E_2766836,1,alaw,A17
LA_E_2767767,1,g722,A16
LA_E_2768583,0,ulaw,bonafide
LA_E_2768786,1,ulaw,A17
LA_E_2768879,1,pstn,A19
LA_E_2769170,1,alaw,A12
LA_E_2769238,1,ulaw,A13
LA_E_2770813,1,gsm,A14
LA_E_2771582,1,pstn,A13
LA_E_2771813,1,opus,A14
LA_E_2772050,1,pstn,A16
LA_E_2772262,1,alaw,A19
LA_E_2772423,1,pstn,A19
LA_E_2773136,1,opus,A08
LA_E_2773349,1,pstn,A18
LA_E_2773440,1,gsm,A16
LA_E_2773850,1,g722,A09
LA_E_2774205,1,gsm,A16
LA_E_2774805,1,ulaw,A09
LA_E_2775876,1,pstn,A11
LA_E_2775880,1,pstn,A07
LA_E_2776026,1,opus,A14
LA_E_2776061,1,alaw,A12
LA_E_2776153,1,gsm,A19
LA_E_2776285,1,none,A12
LA_E_2776523,1,alaw,A15
LA_E_2776784,0,gsm,bonafide
LA_E_2777142,1,ulaw,A13
LA_E_2777219,1,ulaw,A09
LA_E_2777229,1,opus,A17
LA_E_2777337,1,alaw,A11
LA_E_2777343,1,g722,A17
LA_E_2777798,1,g722,A16
LA_E_2778489,1,g722,A18
LA_E_2778509,1,none,A13
LA_E_2778555,1,gsm,A11
LA_E_2778638,1,ulaw,A15
LA_E_2779219,1,ulaw,A08
LA_E_2779487,1,pstn,A18
LA_E_2779571,0,opus,bonafide
LA_E_2779827,1,ulaw,A10
LA_E_2780048,1,ulaw,A17
LA_E_2780372,1,none,A17
LA_E_2780900,1,g722,A14
LA_E_2781195,1,ulaw,A07
LA_E_2781977,1,g722,A16
LA_E_2782611,1,alaw,A18
LA_E_2782622,1,ulaw,A17
LA_E_2782909,1,opus,A17
LA_E_2782933,1,gsm,A14
LA_E_2783097,1,none,A16
LA_E_2783360,1,none,A08
LA_E_2783563,1,ulaw,A15
LA_E_2783856,1,opus,A16
LA_E_2784608,1,opus,A14
LA_E_2784760,1,gsm,A07
LA_E_2784925,1,gsm,A14
LA_E_2784948,0,gsm,bonafide
LA_E_2785005,1,pstn,A12
LA_E_2785364,0,ulaw,bonafide
LA_E_2786089,1,ulaw,A12
LA_E_2786309,1,opus,A10
LA_E_2787152,1,g722,A11
LA_E_2787175,1,g722,A07
LA_E_2787447,1,opus,A08
LA_E_2788191,1,opus,A11
LA_E_2788427,1,gsm,A10
LA_E_2788436,1,ulaw,A14
LA_E_2788625,1,opus,A08
LA_E_2788842,1,alaw,A09
LA_E_2789574,1,alaw,A12
LA_E_2790398,1,gsm,A18
LA_E_2790574,1,g722,A10
LA_E_2791060,1,gsm,A08
LA_E_2791112,1,alaw,A18
LA_E_2792025,1,none,A09
LA_E_2792125,1,none,A13
LA_E_2792155,1,opus,A13
LA_E_2792233,1,gsm,A12
LA_E_2792287,1,alaw,A19
LA_E_2792586,1,ulaw,A07
LA_E_2792631,0,pstn,bonafide
LA_E_2792644,1,ulaw,A19
LA_E_2792647,1,none,A15
LA_E_2792877,1,g722,A13
LA_E_2793017,1,alaw,A17
LA_E_2793334,1,gsm,A15
LA_E_2793414,1,opus,A10
LA_E_2793869,1,gsm,A15
LA_E_2793885,1,g722,A19
LA_E_2794177,1,opus,A07
LA_E_2794344,1,alaw,A10
LA_E_2794482,1,alaw,A07
LA_E_2794510,1,opus,A19
LA_E_2794668,1,pstn,A16
LA_E_2794706,1,none,A11
LA_E_2795307,1,gsm,A07
LA_E_2795334,1,none,A07
LA_E_2795716,1,gsm,A08
LA_E_2795818,0,g722,bonafide
LA_E_2796178,1,ulaw,A16
LA_E_2796696,1,ulaw,A14
LA_E_2796871,1,alaw,A08
LA_E_2797121,1,none,A13
LA_E_2797712,1,pstn,A14
LA_E_2797890,1,g722,A15
LA_E_2798527,1,none,A08
LA_E_2798765,1,pstn,A08
LA_E_2798851,1,ulaw,A11
LA_E_2799140,1,gsm,A16
LA_E_2799428,1,pstn,A10
LA_E_2799705,1,alaw,A14
LA_E_2800397,1,pstn,A17
LA_E_2800716,0,pstn,bonafide
LA_E_2800790,1,none,A14
LA_E_2801049,1,gsm,A11
LA_E_2801124,1,gsm,A19
LA_E_2801180,1,g722,A08
LA_E_2801241,1,opus,A08
LA_E_2801340,1,pstn,A18
LA_E_2801733,1,none,A15
LA_E_2801902,1,opus,A09
LA_E_2802025,1,none,A13
LA_E_2802885,1,pstn,A11
LA_E_2802942,1,gsm,A12
LA_E_2803259,1,gsm,A18
LA_E_2803386,1,gsm,A17
LA_E_2803410,1,g722,A19
LA_E_2803814,1,ulaw,A17
LA_E_2803954,1,alaw,A09
LA_E_2804258,1,ulaw,A13
LA_E_2804672,1,gsm,A14
LA_E_2804694,1,ulaw,A11
LA_E_2804698,1,ulaw,A12
LA_E_2804891,1,gsm,A12
LA_E_2805382,0,ulaw,bonafide
LA_E_2805522,1,opus,A17
LA_E_2805594,1,pstn,A11
LA_E_2805786,0,none,bonafide
LA_E_2806071,1,none,A18
LA_E_2806089,1,none,A17
LA_E_2806361,1,ulaw,A10
LA_E_2807378,1,alaw,A15
LA_E_2807565,1,opus,A17
LA_E_2807753,1,ulaw,A09
LA_E_2807847,1,opus,A08
LA_E_2808064,1,none,A18
LA_E_2809088,1,alaw,A13
LA_E_2810485,1,none,A14
LA_E_2810709,0,alaw,bonafide
LA_E_2810803,1,none,A15
LA_E_2810843,1,opus,A18
LA_E_2810853,1,opus,A08
LA_E_2811290,1,opus,A10
LA_E_2811334,1,gsm,A14
LA_E_2811777,1,g722,A16
LA_E_2811833,0,opus,bonafide
LA_E_2811889,1,opus,A14
LA_E_2812638,0,opus,bonafide
LA_E_2812783,1,ulaw,A12
LA_E_2812899,1,none,A18
LA_E_2812987,1,ulaw,A16
LA_E_2813401,1,gsm,A16
LA_E_2813589,1,gsm,A19
LA_E_2814046,1,gsm,A14
LA_E_2814240,1,ulaw,A16
LA_E_2814720,1,alaw,A18
LA_E_2814809,1,alaw,A09
LA_E_2814938,1,g722,A13
LA_E_2814957,1,alaw,A15
LA_E_2815005,1,g722,A12
LA_E_2815365,1,gsm,A17
LA_E_2816099,1,g722,A10
LA_E_2816121,1,pstn,A10
LA_E_2816466,1,pstn,A13
LA_E_2816571,1,pstn,A15
LA_E_2816587,1,gsm,A16
LA_E_2816882,1,gsm,A13
LA_E_2817281,1,pstn,A09
LA_E_2817510,1,alaw,A19
LA_E_2817748,1,gsm,A15
LA_E_2817925,1,gsm,A19
LA_E_2818096,0,opus,bonafide
LA_E_2818284,1,pstn,A11
LA_E_2818573,1,alaw,A11
LA_E_2818664,1,ulaw,A12
LA_E_2818854,1,pstn,A14
LA_E_2819041,0,pstn,bonafide
LA_E_2819127,1,opus,A18
LA_E_2819401,1,gsm,A09
LA_E_2819680,1,ulaw,A07
LA_E_2819740,1,none,A16
LA_E_2819914,1,ulaw,A13
LA_E_2820020,1,alaw,A17
LA_E_2820156,1,alaw,A08
LA_E_2820517,1,opus,A10
LA_E_2820866,1,opus,A18
LA_E_2822058,1,opus,A09
LA_E_2822204,1,gsm,A07
LA_E_2822875,1,opus,A07
LA_E_2823181,1,ulaw,A17
LA_E_2823246,1,none,A08
LA_E_2823343,1,gsm,A07
LA_E_2823812,1,ulaw,A11
LA_E_2823850,1,ulaw,A19
LA_E_2825666,1,opus,A15
LA_E_2825747,1,ulaw,A19
LA_E_2825833,1,ulaw,A13
LA_E_2825925,1,none,A13
LA_E_2826098,1,none,A18
LA_E_2826268,1,alaw,A08
LA_E_2826366,1,g722,A09
LA_E_2826407,1,g722,A08
LA_E_2826814,1,pstn,A16
LA_E_2827382,1,ulaw,A19
LA_E_2827746,1,opus,A19
LA_E_2827966,1,opus,A13
LA_E_2827976,1,gsm,A15
LA_E_2828535,0,gsm,bonafide
LA_E_2828736,1,opus,A14
LA_E_2828742,1,opus,A14
LA_E_2829222,1,opus,A12
LA_E_2829447,1,g722,A17
LA_E_2829545,1,ulaw,A11
LA_E_2829588,1,pstn,A16
LA_E_2829817,1,opus,A08
LA_E_2829974,1,g722,A12
LA_E_2830130,1,gsm,A10
LA_E_2830613,1,gsm,A18
LA_E_2830821,0,gsm,bonafide
LA_E_2831185,1,g722,A08
LA_E_2831699,1,ulaw,A15
LA_E_2832227,1,pstn,A16
LA_E_2832283,1,g722,A18
LA_E_2832591,1,g722,A19
LA_E_2833167,1,pstn,A12
LA_E_2834008,1,none,A11
LA_E_2834052,0,alaw,bonafide
LA_E_2834670,1,ulaw,A08
LA_E_2835457,1,g722,A07
LA_E_2835951,1,ulaw,A09
LA_E_2836406,1,pstn,A09
LA_E_2837220,1,g722,A08
LA_E_2837542,1,gsm,A18
LA_E_2837682,1,ulaw,A18
LA_E_2838210,1,alaw,A12
LA_E_2838529,0,gsm,bonafide
LA_E_2838588,1,alaw,A14
LA_E_2838667,1,gsm,A16
LA_E_2838762,1,g722,A11
LA_E_2838861,0,alaw,bonafide
LA_E_2839591,1,alaw,A19
LA_E_2839866,1,gsm,A07
LA_E_2839948,1,none,A15
LA_E_2840014,1,none,A17
LA_E_2840131,1,g722,A07
LA_E_2840344,1,gsm,A15
LA_E_2840357,1,pstn,A15
LA_E_2840530,0,opus,bonafide
LA_E_2841022,1,alaw,A10
LA_E_2841452,1,opus,A13
LA_E_2842088,1,pstn,A14
LA_E_2842486,1,gsm,A17
LA_E_2843449,0,pstn,bonafide
LA_E_2843498,1,pstn,A18
LA_E_2843574,1,ulaw,A17
LA_E_2843784,1,pstn,A09
LA_E_2843857,1,gsm,A14
LA_E_2844962,1,pstn,A15
LA_E_2845316,1,none,A14
LA_E_2845372,1,g722,A09
LA_E_2845441,1,none,A10
LA_E_2846856,1,ulaw,A10
LA_E_2847439,1,alaw,A13
LA_E_2848033,0,opus,bonafide
LA_E_2848338,1,none,A12
LA_E_2848879,1,opus,A12
LA_E_2849082,1,gsm,A18
LA_E_2849274,1,g722,A13
LA_E_2849739,1,none,A07
LA_E_2849960,1,ulaw,A14
LA_E_2850748,1,ulaw,A17
LA_E_2850764,1,none,A19
LA_E_2850949,1,gsm,A19
LA_E_2851264,0,pstn,bonafide
LA_E_2851363,1,alaw,A10
LA_E_2852010,1,opus,A14
LA_E_2852047,0,ulaw,bonafide
LA_E_2852559,1,gsm,A08
LA_E_2852819,1,none,A11
LA_E_2853580,1,gsm,A15
LA_E_2854364,1,alaw,A13
LA_E_2854486,1,alaw,A18
LA_E_2854955,1,alaw,A10
LA_E_2855407,1,pstn,A13
LA_E_2855951,1,alaw,A11
LA_E_2856032,1,alaw,A12
LA_E_2856039,1,ulaw,A10
LA_E_2856235,1,alaw,A17
LA_E_2857440,1,opus,A12
LA_E_2857577,1,opus,A18
LA_E_2857646,1,opus,A17
LA_E_2858205,1,pstn,A19
LA_E_2858294,1,pstn,A16
LA_E_2858301,1,g722,A10
LA_E_2858470,1,alaw,A09
LA_E_2858986,1,opus,A13
LA_E_2859111,1,alaw,A14
LA_E_2859558,1,gsm,A13
LA_E_2859773,1,opus,A11
LA_E_2860372,1,opus,A09
LA_E_2860377,1,ulaw,A12
LA_E_2860448,1,ulaw,A16
LA_E_2860689,1,g722,A13
LA_E_2860764,1,opus,A12
LA_E_2861272,1,pstn,A09
LA_E_2861335,1,g722,A15
LA_E_2861452,1,alaw,A16
LA_E_2861808,0,pstn,bonafide
LA_E_2861834,1,ulaw,A10
LA_E_2861854,1,ulaw,A13
LA_E_2862639,1,none,A12
LA_E_2862675,1,g722,A09
LA_E_2863313,1,alaw,A18
LA_E_2863752,1,none,A17
LA_E_2863940,1,ulaw,A19
LA_E_2864008,1,g722,A07
LA_E_2864207,0,opus,bonafide
LA_E_2864246,1,gsm,A10
LA_E_2864281,1,gsm,A11
LA_E_2864737,1,none,A08
LA_E_2864794,1,g722,A15
LA_E_2864906,1,opus,A11
LA_E_2865078,1,g722,A19
LA_E_2865140,1,gsm,A09
LA_E_2865150,1,pstn,A07
LA_E_2865470,1,g722,A17
LA_E_2865575,1,pstn,A08
LA_E_2865864,1,gsm,A19
LA_E_2866364,1,gsm,A14
LA_E_2866736,1,g722,A09
LA_E_2866787,1,ulaw,A11
LA_E_2866950,1,ulaw,A08
LA_E_2867528,1,opus,A17
LA_E_2867741,1,g722,A14
LA_E_2867791,1,ulaw,A11
LA_E_2867928,0,ulaw,bonafide
LA_E_2867940,1,none,A17
LA_E_2868490,1,alaw,A09
LA_E_2868720,1,pstn,A10
LA_E_2868951,1,opus,A16
LA_E_2869169,0,none,bonafide
LA_E_2869271,0,g722,bonafide
LA_E_2869325,1,ulaw,A19
LA_E_2869412,1,opus,A14
LA_E_2869481,1,gsm,A18
LA_E_2869647,1,g722,A16
LA_E_2869729,1,alaw,A12
LA_E_2869825,1,opus,A11
LA_E_2870091,1,pstn,A14
LA_E_2870134,1,gsm,A10
LA_E_2870543,1,g722,A11
LA_E_2871388,1,none,A15
LA_E_2871581,1,alaw,A14
LA_E_2871708,0,ulaw,bonafide
LA_E_2872079,1,g722,A08
LA_E_2872388,1,g722,A09
LA_E_2872947,1,ulaw,A08
LA_E_2872967,1,pstn,A12
LA_E_2873128,1,g722,A07
LA_E_2873366,1,pstn,A15
LA_E_2875312,0,pstn,bonafide
LA_E_2875532,1,gsm,A17
LA_E_2876513,1,opus,A12
LA_E_2876734,0,g722,bonafide
LA_E_2877851,1,ulaw,A12
LA_E_2878224,1,gsm,A10
LA_E_2878633,1,pstn,A08
LA_E_2879028,1,opus,A14
LA_E_2879091,1,alaw,A10
LA_E_2879160,1,none,A12
LA_E_2879200,1,gsm,A17
LA_E_2879337,1,opus,A11
LA_E_2879376,1,alaw,A19
LA_E_2879470,1,pstn,A13
LA_E_2879527,1,none,A11
LA_E_2879660,1,opus,A12
LA_E_2879836,1,opus,A16
LA_E_2879890,1,g722,A11
LA_E_2880282,1,none,A09
LA_E_2880343,1,ulaw,A08
LA_E_2880360,1,pstn,A09
LA_E_2881239,1,g722,A15
LA_E_2881993,1,opus,A09
LA_E_2882022,0,ulaw,bonafide
LA_E_2882109,1,ulaw,A11
LA_E_2882262,1,alaw,A07
LA_E_2882423,1,g722,A18
LA_E_2882492,1,pstn,A10
LA_E_2882529,1,gsm,A17
LA_E_2882752,0,gsm,bonafide
LA_E_2882879,1,opus,A09
LA_E_2883294,1,none,A16
LA_E_2883813,1,gsm,A17
LA_E_2883857,1,gsm,A12
LA_E_2883891,1,pstn,A18
LA_E_2883919,1,ulaw,A16
LA_E_2884306,0,opus,bonafide
LA_E_2884829,1,pstn,A12
LA_E_2885297,1,opus,A07
LA_E_2885401,0,g722,bonafide
LA_E_2885677,1,gsm,A16
LA_E_2885683,1,opus,A09
LA_E_2885740,1,ulaw,A09
LA_E_2885872,1,opus,A16
LA_E_2886016,1,alaw,A08
LA_E_2886331,1,gsm,A08
LA_E_2886928,1,alaw,A11
LA_E_2887030,1,none,A07
LA_E_2888556,1,alaw,A18
LA_E_2889026,1,ulaw,A18
LA_E_2889970,1,alaw,A09
LA_E_2890165,1,alaw,A15
LA_E_2890263,1,none,A17
LA_E_2890382,1,opus,A14
LA_E_2890643,1,alaw,A14
LA_E_2890883,1,alaw,A19
LA_E_2891888,1,ulaw,A10
LA_E_2892155,1,none,A14
LA_E_2892429,1,ulaw,A18
LA_E_2893076,1,ulaw,A07
LA_E_2893353,1,opus,A17
LA_E_2893369,1,alaw,A13
LA_E_2893723,1,opus,A11
LA_E_2893774,1,gsm,A19
LA_E_2893828,1,g722,A10
LA_E_2893830,1,ulaw,A19
LA_E_2894121,0,alaw,bonafide
LA_E_2894846,1,ulaw,A09
LA_E_2895187,1,opus,A18
LA_E_2895344,1,opus,A11
LA_E_2895670,1,g722,A10
LA_E_2895761,1,ulaw,A09
LA_E_2896331,0,alaw,bonafide
LA_E_2896537,0,alaw,bonafide
LA_E_2896609,1,pstn,A11
LA_E_2896817,1,opus,A19
LA_E_2897129,1,ulaw,A17
LA_E_2897433,1,g722,A10
LA_E_2898528,1,gsm,A09
LA_E_2898676,1,gsm,A15
LA_E_2898773,1,ulaw,A15
LA_E_2899131,1,ulaw,A12
LA_E_2899384,1,gsm,A14
LA_E_2899496,1,pstn,A12
LA_E_2899601,1,opus,A08
LA_E_2899911,1,opus,A09
LA_E_2900343,0,gsm,bonafide
LA_E_2900398,1,opus,A15
LA_E_2900444,1,alaw,A12
LA_E_2900629,1,gsm,A19
LA_E_2901089,1,pstn,A07
LA_E_2901239,1,g722,A11
LA_E_2901293,1,gsm,A17
LA_E_2901838,1,ulaw,A14
LA_E_2901902,1,ulaw,A18
LA_E_2902149,1,none,A07
LA_E_2902409,1,g722,A19
LA_E_2902436,1,none,A08
LA_E_2902630,1,alaw,A18
LA_E_2902636,1,ulaw,A07
LA_E_2902724,0,ulaw,bonafide
LA_E_2902953,1,pstn,A15
LA_E_2903160,1,pstn,A19
LA_E_2903207,0,g722,bonafide
LA_E_2903543,1,opus,A12
LA_E_2903840,1,pstn,A14
LA_E_2903959,1,pstn,A18
LA_E_2903968,1,none,A15
LA_E_2904062,1,alaw,A11
LA_E_2904597,1,ulaw,A13
LA_E_2904963,1,opus,A18
LA_E_2905210,0,ulaw,bonafide
LA_E_2905330,1,none,A14
LA_E_2905381,1,gsm,A08
LA_E_2905621,1,g722,A11
LA_E_2905683,1,pstn,A10
LA_E_2906067,1,gsm,A16
LA_E_2906394,1,alaw,A15
LA_E_2906404,1,g722,A12
LA_E_2906676,1,none,A11
LA_E_2906973,1,alaw,A18
LA_E_2907363,1,ulaw,A15
LA_E_2907420,1,none,A13
LA_E_2907473,0,gsm,bonafide
LA_E_2907542,1,opus,A16
LA_E_2907577,1,none,A19
LA_E_2907741,1,pstn,A13
LA_E_2908189,1,pstn,A17
LA_E_2908758,1,g722,A08
LA_E_2909306,1,gsm,A13
LA_E_2909603,1,gsm,A17
LA_E_2909637,1,gsm,A09
LA_E_2910017,1,opus,A08
LA_E_2910352,1,opus,A09
LA_E_2910523,1,opus,A07
LA_E_2911061,0,opus,bonafide
LA_E_2911292,1,none,A18
LA_E_2911363,0,alaw,bonafide
LA_E_2911443,1,none,A17
LA_E_2911587,1,alaw,A10
LA_E_2911978,1,gsm,A12
LA_E_2912162,1,none,A15
LA_E_2912198,1,alaw,A08
LA_E_2912363,0,opus,bonafide
LA_E_2912439,1,gsm,A08
LA_E_2912904,1,none,A07
LA_E_2913004,1,alaw,A17
LA_E_2913055,1,alaw,A16
LA_E_2913064,1,alaw,A13
LA_E_2913343,1,g722,A15
LA_E_2913708,1,g722,A14
LA_E_2914623,1,g722,A16
LA_E_2914968,1,opus,A19
LA_E_2915178,1,none,A09
LA_E_2915522,0,ulaw,bonafide
LA_E_2915618,1,pstn,A18
LA_E_2915642,1,alaw,A12
LA_E_2915983,1,gsm,A11
LA_E_2916013,1,g722,A18
LA_E_2916030,1,pstn,A08
LA_E_2916124,1,ulaw,A07
LA_E_2916219,1,opus,A17
LA_E_2916313,1,opus,A11
LA_E_2916598,1,gsm,A12
LA_E_2916745,1,opus,A07
LA_E_2916998,1,g722,A08
LA_E_2917284,1,opus,A18
LA_E_2918222,1,none,A07
LA_E_2918546,0,g722,bonafide
LA_E_2918604,1,none,A12
LA_E_2919554,1,ulaw,A11
LA_E_2919980,0,g722,bonafide
LA_E_2920370,1,opus,A15
LA_E_2920500,1,none,A13
LA_E_2920628,1,gsm,A15
LA_E_2920771,1,opus,A08
LA_E_2920851,1,gsm,A16
LA_E_2920901,1,pstn,A10
LA_E_2920905,1,alaw,A18
LA_E_2921407,0,gsm,bonafide
LA_E_2921477,1,none,A10
LA_E_2922087,1,ulaw,A14
LA_E_2922123,1,gsm,A13
LA_E_2922250,1,ulaw,A12
LA_E_2922264,1,gsm,A13
LA_E_2922297,1,none,A10
LA_E_2922704,1,gsm,A07
LA_E_2923095,1,gsm,A09
LA_E_2923499,1,opus,A13
LA_E_2923569,1,ulaw,A15
LA_E_2923676,1,pstn,A18
LA_E_2923918,1,alaw,A07
LA_E_2924028,1,g722,A07
LA_E_2924048,1,g722,A11
LA_E_2924382,1,none,A11
LA_E_2925066,1,pstn,A07
LA_E_2925728,1,gsm,A11
LA_E_2925740,1,pstn,A12
LA_E_2925936,1,g722,A07
LA_E_2926074,1,ulaw,A17
LA_E_2926200,1,g722,A19
LA_E_2926637,1,g722,A13
LA_E_2926681,1,opus,A12
LA_E_2926945,1,none,A08
LA_E_2926982,1,g722,A15
LA_E_2927168,1,ulaw,A09
LA_E_2927259,1,opus,A15
LA_E_2927908,1,opus,A16
LA_E_2927978,1,none,A10
LA_E_2928219,0,opus,bonafide
LA_E_2928225,1,none,A17
LA_E_2928296,1,opus,A16
LA_E_2928326,1,none,A12
LA_E_2928729,1,alaw,A08
LA_E_2929024,1,opus,A15
LA_E_2929143,1,gsm,A13
LA_E_2929160,0,ulaw,bonafide
LA_E_2930134,1,opus,A09
LA_E_2930168,1,ulaw,A07
LA_E_2931134,1,none,A15
LA_E_2931171,1,alaw,A07
LA_E_2932267,1,gsm,A10
LA_E_2932438,0,ulaw,bonafide
LA_E_2932497,1,pstn,A13
LA_E_2932765,1,g722,A13
LA_E_2933766,1,none,A14
LA_E_2934111,1,alaw,A11
LA_E_2935108,1,ulaw,A10
LA_E_2935120,1,none,A17
LA_E_2935316,1,pstn,A08
LA_E_2935651,0,ulaw,bonafide
LA_E_2936382,1,ulaw,A10
LA_E_2936393,1,g722,A10
LA_E_2936586,1,opus,A18
LA_E_2936619,1,opus,A07
LA_E_2937220,1,gsm,A10
LA_E_2937628,1,gsm,A09
LA_E_2937719,1,gsm,A08
LA_E_2937907,1,ulaw,A16
LA_E_2937914,1,opus,A19
LA_E_2938103,1,alaw,A08
LA_E_2938496,1,gsm,A15
LA_E_2938855,1,ulaw,A14
LA_E_2938980,1,g722,A17
LA_E_2939014,1,ulaw,A14
LA_E_2939684,1,g722,A19
LA_E_2939724,1,g722,A15
LA_E_2939740,1,ulaw,A08
LA_E_2940047,1,g722,A08
LA_E_2940266,1,ulaw,A09
LA_E_2940557,1,pstn,A19
LA_E_2940826,1,opus,A18
LA_E_2940940,1,pstn,A12
LA_E_2941516,1,gsm,A07
LA_E_2942629,1,g722,A11
LA_E_2942980,1,opus,A11
LA_E_2943038,1,none,A18
LA_E_2943339,1,none,A11
LA_E_2943855,0,none,bonafide
LA_E_2943880,0,none,bonafide
LA_E_2944125,1,ulaw,A15
LA_E_2944197,1,gsm,A14
LA_E_2944699,1,gsm,A12
LA_E_2945047,1,none,A16
LA_E_2945301,1,none,A09
LA_E_2945737,1,ulaw,A08
LA_E_2946326,1,pstn,A12
LA_E_2946345,1,alaw,A07
LA_E_2946640,1,gsm,A17
LA_E_2946741,1,ulaw,A09
LA_E_2947432,1,gsm,A19
LA_E_2947583,1,none,A16
LA_E_2948177,1,ulaw,A07
LA_E_2948304,1,ulaw,A13
LA_E_2949417,1,ulaw,A07
LA_E_2949576,1,pstn,A09
LA_E_2949730,1,opus,A10
LA_E_2949989,1,none,A13
LA_E_2951000,1,gsm,A09
LA_E_2951051,1,none,A19
LA_E_2951053,1,gsm,A15
LA_E_2951158,1,g722,A09
LA_E_2951341,1,opus,A08
LA_E_2951586,1,gsm,A09
LA_E_2951825,1,pstn,A11
LA_E_2952131,0,opus,bonafide
LA_E_2952217,0,gsm,bonafide
LA_E_2952274,1,pstn,A10
LA_E_2952910,1,g722,A09
LA_E_2953125,1,gsm,A17
LA_E_2953336,0,gsm,bonafide
LA_E_2953602,1,opus,A13
LA_E_2953683,1,opus,A16
LA_E_2954248,1,none,A10
LA_E_2954652,1,g722,A11
LA_E_2954673,1,gsm,A16
LA_E_2954676,1,none,A13
LA_E_2954823,1,ulaw,A09
LA_E_2954955,1,alaw,A11
LA_E_2955443,0,g722,bonafide
LA_E_2955986,1,g722,A08
LA_E_2956327,0,ulaw,bonafide
LA_E_2957253,1,none,A09
LA_E_2958256,1,opus,A12
LA_E_2958556,1,none,A14
LA_E_2959372,1,opus,A14
LA_E_2959507,1,g722,A17
LA_E_2960444,1,alaw,A14
LA_E_2960695,1,none,A11
LA_E_2961049,1,gsm,A12
LA_E_2961218,0,gsm,bonafide
LA_E_2961482,1,ulaw,A15
LA_E_2961798,1,gsm,A10
LA_E_2961911,1,alaw,A13
LA_E_2961964,1,pstn,A10
LA_E_2962111,1,opus,A13
LA_E_2962315,1,gsm,A08
LA_E_2962441,1,ulaw,A09
LA_E_2962584,1,ulaw,A12
LA_E_2962627,1,ulaw,A18
LA_E_2962672,0,ulaw,bonafide
LA_E_2962859,1,ulaw,A08
LA_E_2963039,1,alaw,A16
LA_E_2963423,0,alaw,bonafide
LA_E_2963739,1,gsm,A07
LA_E_2964171,0,opus,bonafide
LA_E_2964462,1,ulaw,A13
LA_E_2964813,1,pstn,A09
LA_E_2965069,1,gsm,A15
LA_E_2965143,1,g722,A14
LA_E_2965165,1,gsm,A18
LA_E_2965604,1,pstn,A17
LA_E_2965701,0,gsm,bonafide
LA_E_2965861,1,pstn,A12
LA_E_2966024,1,alaw,A17
LA_E_2966457,1,alaw,A13
LA_E_2966639,0,none,bonafide
LA_E_2968497,1,none,A13
LA_E_2968545,1,pstn,A12
LA_E_2968883,1,g722,A09
LA_E_2968926,1,opus,A08
LA_E_2969085,1,g722,A10
LA_E_2969492,1,g722,A12
LA_E_2969583,0,gsm,bonafide
LA_E_2969692,1,alaw,A19
LA_E_2970041,1,alaw,A15
LA_E_2970686,1,gsm,A11
LA_E_2970704,1,pstn,A10
LA_E_2970780,1,ulaw,A15
LA_E_2970814,1,pstn,A08
LA_E_2971102,0,gsm,bonafide
LA_E_2971257,1,opus,A19
LA_E_2971851,1,none,A11
LA_E_2971871,1,pstn,A17
LA_E_2971909,1,none,A12
LA_E_2972093,1,alaw,A10
LA_E_2972363,1,g722,A19
LA_E_2972491,1,alaw,A15
LA_E_2972568,1,none,A15
LA_E_2972966,1,alaw,A18
LA_E_2973166,1,alaw,A18
LA_E_2973237,1,pstn,A16
LA_E_2973315,1,none,A15
LA_E_2973345,1,g722,A07
LA_E_2973794,1,g722,A18
LA_E_2974104,0,ulaw,bonafide
LA_E_2974120,1,opus,A11
LA_E_2974604,1,alaw,A12
LA_E_2975171,1,gsm,A13
LA_E_2976213,1,alaw,A16
LA_E_2976327,1,pstn,A13
LA_E_2976331,1,alaw,A12
LA_E_2976372,1,gsm,A13
LA_E_2976787,1,pstn,A09
LA_E_2976859,1,g722,A15
LA_E_2977303,1,ulaw,A07
LA_E_2977304,1,g722,A17
LA_E_2977671,1,alaw,A19
LA_E_2977733,1,none,A07
LA_E_2978047,1,g722,A09
LA_E_2978087,1,none,A16
LA_E_2978125,1,none,A10
LA_E_2978175,1,none,A15
LA_E_2978494,1,pstn,A14
LA_E_2978764,1,opus,A14
LA_E_2978908,1,alaw,A19
LA_E_2979087,1,none,A19
LA_E_2979247,1,opus,A12
LA_E_2979428,1,opus,A15
LA_E_2979444,1,alaw,A17
LA_E_2979814,1,g722,A16
LA_E_2980283,1,gsm,A15
LA_E_2980592,1,g722,A12
LA_E_2981340,1,opus,A15
LA_E_2981372,1,alaw,A19
LA_E_2981406,1,gsm,A07
LA_E_2981551,1,gsm,A09
LA_E_2981579,1,pstn,A15
LA_E_2981980,1,opus,A12
LA_E_2982205,0,none,bonafide
LA_E_2982391,1,alaw,A13
LA_E_2982635,1,gsm,A12
LA_E_2982977,1,ulaw,A17
LA_E_2983042,1,ulaw,A17
LA_E_2983070,1,g722,A18
LA_E_2983526,1,none,A15
LA_E_2983661,1,gsm,A14
LA_E_2984002,1,alaw,A15
LA_E_2984082,1,ulaw,A12
LA_E_2984108,1,g722,A19
LA_E_2984181,0,ulaw,bonafide
LA_E_2984307,1,none,A09
LA_E_2984647,1,pstn,A14
LA_E_2984651,1,gsm,A19
LA_E_2985418,1,pstn,A13
LA_E_2985540,1,none,A08
LA_E_2985789,1,opus,A14
LA_E_2986177,1,none,A07
LA_E_2986271,1,ulaw,A10
LA_E_2986562,1,ulaw,A15
LA_E_2986602,1,pstn,A19
LA_E_2987117,1,pstn,A14
LA_E_2987271,1,alaw,A16
LA_E_2987983,0,gsm,bonafide
LA_E_2988208,1,gsm,A15
LA_E_2988408,1,ulaw,A07
LA_E_2989115,1,g722,A07
LA_E_2989248,1,gsm,A15
LA_E_2989891,1,ulaw,A09
LA_E_2990160,1,opus,A13
LA_E_2990863,1,g722,A13
LA_E_2990869,1,opus,A07
LA_E_2991134,1,none,A10
LA_E_2991181,1,ulaw,A16
LA_E_2991509,1,gsm,A14
LA_E_2991655,1,opus,A17
LA_E_2991694,1,ulaw,A14
LA_E_2992247,1,ulaw,A14
LA_E_2992480,1,pstn,A08
LA_E_2993350,1,opus,A11
LA_E_2993586,1,none,A07
LA_E_2993602,1,none,A08
LA_E_2993859,1,alaw,A15
LA_E_2993887,1,alaw,A14
LA_E_2994438,1,gsm,A16
LA_E_2994809,1,pstn,A09
LA_E_2995463,1,pstn,A17
LA_E_2995505,1,alaw,A09
LA_E_2995599,1,alaw,A08
LA_E_2996045,1,opus,A13
LA_E_2996189,1,alaw,A17
LA_E_2996321,1,alaw,A07
LA_E_2996380,1,gsm,A10
LA_E_2997731,1,pstn,A09
LA_E_2997771,1,alaw,A09
LA_E_2997801,1,alaw,A16
LA_E_2998299,1,alaw,A08
LA_E_2998413,1,pstn,A08
LA_E_2998509,1,opus,A19
LA_E_2999109,1,alaw,A09
LA_E_2999344,1,opus,A08
LA_E_3000060,1,opus,A09
LA_E_3000063,0,alaw,bonafide
LA_E_3000082,1,g722,A14
LA_E_3000175,1,ulaw,A17
LA_E_3000229,1,g722,A15
LA_E_3000437,1,alaw,A10
LA_E_3000623,1,gsm,A07
LA_E_3000762,0,ulaw,bonafide
LA_E_3000854,1,alaw,A18
LA_E_3001930,1,alaw,A12
LA_E_3002054,1,none,A09
LA_E_3002081,1,none,A14
LA_E_3002108,1,g722,A14
LA_E_3002139,1,alaw,A10
LA_E_3002405,1,pstn,A19
LA_E_3002532,1,ulaw,A11
LA_E_3002888,1,gsm,A12
LA_E_3002921,1,pstn,A08
LA_E_3003288,1,ulaw,A12
LA_E_3003764,0,pstn,bonafide
LA_E_3003885,1,opus,A19
LA_E_3004309,1,pstn,A15
LA_E_3004338,1,gsm,A09
LA_E_3004363,1,g722,A13
LA_E_3004460,1,opus,A10
LA_E_3004494,1,none,A19
LA_E_3004859,1,opus,A15
LA_E_3005059,1,none,A10
LA_E_3005176,1,alaw,A18
LA_E_3005216,1,ulaw,A18
LA_E_3005285,1,alaw,A18
LA_E_3005842,0,gsm,bonafide
LA_E_3006450,1,opus,A07
LA_E_3006745,1,ulaw,A13
LA_E_3007536,1,ulaw,A18
LA_E_3007863,0,none,bonafide
LA_E_3007903,1,gsm,A14
LA_E_3007925,1,none,A16
LA_E_3007995,1,g722,A16
LA_E_3008124,1,ulaw,A16
LA_E_3008952,1,gsm,A14
LA_E_3009115,1,pstn,A15
LA_E_3009301,1,gsm,A15
LA_E_3009556,1,alaw,A07
LA_E_3009561,1,none,A10
LA_E_3009716,1,g722,A13
LA_E_3010547,1,none,A12
LA_E_3010732,1,alaw,A10
LA_E_3010857,1,g722,A18
LA_E_3010863,1,alaw,A12
LA_E_3012299,1,gsm,A18
LA_E_3012826,1,pstn,A15
LA_E_3013882,1,opus,A17
LA_E_3014434,1,opus,A07
LA_E_3014800,1,ulaw,A16
LA_E_3015042,1,opus,A14
LA_E_3015647,1,ulaw,A08
LA_E_3015848,1,opus,A19
LA_E_3015970,0,alaw,bonafide
LA_E_3016074,1,gsm,A13
LA_E_3016196,1,opus,A09
LA_E_3016370,1,alaw,A07
LA_E_3016744,1,ulaw,A14
LA_E_3016791,1,alaw,A13
LA_E_3017610,1,gsm,A07
LA_E_3018544,1,none,A07
LA_E_3018983,1,none,A15
LA_E_3019748,1,pstn,A08
LA_E_3020045,1,g722,A17
LA_E_3020182,1,pstn,A18
LA_E_3020353,1,gsm,A19
LA_E_3020429,1,opus,A13
LA_E_3020470,0,gsm,bonafide
LA_E_3020591,0,pstn,bonafide
LA_E_3020750,1,ulaw,A11
LA_E_3021111,1,none,A18
LA_E_3021335,1,gsm,A09
LA_E_3021562,1,ulaw,A18
LA_E_3021584,1,pstn,A18
LA_E_3022088,1,none,A12
LA_E_3022416,1,gsm,A11
LA_E_3022471,1,ulaw,A11
LA_E_3022842,1,pstn,A19
LA_E_3022865,1,pstn,A14
LA_E_3023167,1,gsm,A16
LA_E_3023238,1,gsm,A14
LA_E_3023476,1,opus,A08
LA_E_3023782,1,ulaw,A15
LA_E_3024773,1,ulaw,A13
LA_E_3025244,1,alaw,A12
LA_E_3025873,0,ulaw,bonafide
LA_E_3026289,1,alaw,A15
LA_E_3026623,1,opus,A08
LA_E_3026825,1,pstn,A18
LA_E_3026925,1,pstn,A08
LA_E_3028457,1,g722,A13
LA_E_3028517,1,alaw,A18
LA_E_3028681,1,g722,A10
LA_E_3028707,1,alaw,A19
LA_E_3028885,1,gsm,A12
LA_E_3029022,1,opus,A17
LA_E_3029402,1,gsm,A07
LA_E_3029504,1,gsm,A17
LA_E_3029659,0,g722,bonafide
LA_E_3030116,1,gsm,A14
LA_E_3030387,1,pstn,A07
LA_E_3030479,1,opus,A10
LA_E_3030655,1,g722,A18
LA_E_3031136,1,none,A09
LA_E_3031328,1,ulaw,A18
LA_E_3031561,1,none,A14
LA_E_3031741,1,opus,A10
LA_E_3031822,1,alaw,A14
LA_E_3032494,1,alaw,A17
LA_E_3032877,1,ulaw,A14
LA_E_3032961,1,g722,A09
LA_E_3033124,1,g722,A12
LA_E_3033403,1,g722,A17
LA_E_3033592,0,none,bonafide
LA_E_3033842,1,g722,A07
LA_E_3034327,0,ulaw,bonafide
LA_E_3035079,1,gsm,A16
LA_E_3035310,1,gsm,A11
LA_E_3035606,1,g722,A14
LA_E_3035698,0,ulaw,bonafide
LA_E_3035889,1,pstn,A17
LA_E_3036218,1,pstn,A14
LA_E_3036308,1,opus,A12
LA_E_3037114,1,g722,A16
LA_E_3037169,1,opus,A08
LA_E_3037199,1,alaw,A10
LA_E_3037474,1,alaw,A11
LA_E_3038365,1,ulaw,A19
LA_E_3039064,0,pstn,bonafide
LA_E_3039114,1,opus,A11
LA_E_3040255,1,none,A17
LA_E_3040286,1,alaw,A18
LA_E_3040540,1,alaw,A07
LA_E_3040683,1,gsm,A09
LA_E_3040840,1,gsm,A18
LA_E_3041110,1,none,A17
LA_E_3041117,1,ulaw,A15
LA_E_3041126,1,alaw,A11
LA_E_3041218,1,pstn,A18
LA_E_3041408,1,g722,A13
LA_E_3041567,0,alaw,bonafide
LA_E_3041730,1,none,A13
LA_E_3041735,1,none,A09
LA_E_3041909,1,ulaw,A17
LA_E_3042336,1,alaw,A07
LA_E_3042683,1,g722,A18
LA_E_3042712,1,none,A17
LA_E_3043159,1,ulaw,A13
LA_E_3043347,1,opus,A14
LA_E_3043626,1,opus,A09
LA_E_3043638,1,none,A11
LA_E_3043891,1,ulaw,A12
LA_E_3044752,1,none,A19
LA_E_3044878,1,g722,A19
LA_E_3045178,1,alaw,A11
LA_E_3045601,1,alaw,A14
LA_E_3045671,1,none,A12
LA_E_3045975,1,ulaw,A18
LA_E_3046238,1,gsm,A16
LA_E_3046243,1,opus,A16
LA_E_3046309,1,none,A16
LA_E_3047125,1,opus,A09
LA_E_3047138,1,pstn,A19
LA_E_3047528,1,gsm,A12
LA_E_3047629,1,ulaw,A10
LA_E_3047636,1,ulaw,A08
LA_E_3047644,1,opus,A07
LA_E_3047689,1,none,A07
LA_E_3047749,1,opus,A12
LA_E_3047821,0,none,bonafide
LA_E_3047950,1,opus,A12
LA_E_3048162,0,g722,bonafide
LA_E_3048197,1,g722,A19
LA_E_3048541,1,alaw,A19
LA_E_3049002,0,alaw,bonafide
LA_E_3049459,1,gsm,A11
LA_E_3049497,1,gsm,A18
LA_E_3049532,1,g722,A19
LA_E_3049572,1,pstn,A17
LA_E_3049997,1,g722,A16
LA_E_3050122,1,none,A17
LA_E_3050518,1,gsm,A10
LA_E_3050556,1,alaw,A09
LA_E_3050661,1,none,A15
LA_E_3050685,0,gsm,bonafide
LA_E_3050775,1,alaw,A16
LA_E_3050972,1,g722,A09
LA_E_3051453,1,ulaw,A08
LA_E_3052673,1,ulaw,A14
LA_E_3054184,1,alaw,A10
LA_E_3054395,1,pstn,A07
LA_E_3054421,1,alaw,A15
LA_E_3054433,1,ulaw,A13
LA_E_3054592,1,gsm,A10
LA_E_3054641,1,alaw,A14
LA_E_3055291,0,opus,bonafide
LA_E_3055399,1,pstn,A11
LA_E_3055400,1,pstn,A14
LA_E_3055426,1,ulaw,A19
LA_E_3055464,1,alaw,A09
LA_E_3055972,0,g722,bonafide
LA_E_3056778,1,none,A11
LA_E_3057030,1,pstn,A17
LA_E_3057850,1,alaw,A18
LA_E_3057857,1,none,A19
LA_E_3058123,1,opus,A19
LA_E_3058142,1,opus,A16
LA_E_3058333,1,gsm,A07
LA_E_3058761,1,none,A18
LA_E_3058972,1,opus,A13
LA_E_3058973,1,pstn,A07
LA_E_3060268,1,none,A11
LA_E_3060377,1,alaw,A19
LA_E_3060792,1,none,A09
LA_E_3061454,1,pstn,A12
LA_E_3063441,1,gsm,A08
LA_E_3063715,1,opus,A15
LA_E_3064914,1,ulaw,A12
LA_E_3065003,1,g722,A09
LA_E_3065217,1,gsm,A16
LA_E_3065572,1,pstn,A14
LA_E_3065964,1,opus,A09
LA_E_3066496,1,gsm,A19
LA_E_3066504,1,g722,A12
LA_E_3066823,1,none,A15
LA_E_3067009,1,ulaw,A07
LA_E_3067208,1,opus,A19
LA_E_3067315,1,alaw,A11
LA_E_3067359,1,gsm,A11
LA_E_3067597,1,ulaw,A12
LA_E_3067625,1,gsm,A12
LA_E_3067628,1,none,A19
LA_E_3067944,1,ulaw,A13
LA_E_3068201,1,opus,A18
LA_E_3068508,1,g722,A18
LA_E_3068537,1,ulaw,A19
LA_E_3068738,1,pstn,A19
LA_E_3068819,1,none,A13
LA_E_3069227,1,gsm,A12
LA_E_3069410,1,alaw,A09
LA_E_3069493,1,gsm,A10
LA_E_3069596,1,g722,A11
LA_E_3069980,0,ulaw,bonafide
LA_E_3070155,1,gsm,A07
LA_E_3070230,1,none,A09
LA_E_3070254,1,ulaw,A09
LA_E_3070275,1,none,A17
LA_E_3070349,1,opus,A11
LA_E_3070568,1,gsm,A17
LA_E_3071043,1,none,A18
LA_E_3071259,1,g722,A11
LA_E_3072788,1,gsm,A19
LA_E_3072864,1,gsm,A13
LA_E_3072887,1,alaw,A09
LA_E_3073380,1,alaw,A13
LA_E_3074461,1,g722,A11
LA_E_3074951,1,opus,A08
LA_E_3075195,1,opus,A15
LA_E_3075406,1,none,A08
LA_E_3076735,1,g722,A19
LA_E_3076979,1,alaw,A08
LA_E_3077074,1,alaw,A12
LA_E_3077156,1,opus,A16
LA_E_3077177,1,none,A08
LA_E_3077674,1,alaw,A08
LA_E_3077765,1,opus,A11
LA_E_3078028,1,opus,A11
LA_E_3078618,1,pstn,A10
LA_E_3079357,1,pstn,A17
LA_E_3079362,1,opus,A09
LA_E_3079386,0,gsm,bonafide
LA_E_3079751,1,opus,A15
LA_E_3080143,1,alaw,A07
LA_E_3080253,1,pstn,A10
LA_E_3080461,1,g722,A11
LA_E_3080579,1,ulaw,A11
LA_E_3080671,0,gsm,bonafide
LA_E_3080858,1,alaw,A08
LA_E_3080960,1,ulaw,A10
LA_E_3081234,1,pstn,A12
LA_E_3081302,1,g722,A18
LA_E_3081437,1,gsm,A12
LA_E_3081501,1,opus,A12
LA_E_3081707,1,opus,A09
LA_E_3081989,1,gsm,A09
LA_E_3083055,0,ulaw,bonafide
LA_E_3083112,1,g722,A14
LA_E_3083153,1,pstn,A08
LA_E_3083407,1,opus,A17
LA_E_3083570,1,g722,A07
LA_E_3083669,1,pstn,A19
LA_E_3083872,1,g722,A13
LA_E_3083909,0,pstn,bonafide
LA_E_3084488,1,none,A16
LA_E_3084733,0,gsm,bonafide
LA_E_3084781,1,alaw,A17
LA_E_3084898,1,none,A11
LA_E_3085438,1,none,A07
LA_E_3085465,1,gsm,A18
LA_E_3085603,1,pstn,A13
LA_E_3085725,1,gsm,A11
LA_E_3085858,1,opus,A09
LA_E_3086423,1,none,A07
LA_E_3086633,1,alaw,A10
LA_E_3086745,0,alaw,bonafide
LA_E_3087041,1,g722,A19
LA_E_3087153,1,alaw,A16
LA_E_3087327,1,alaw,A15
LA_E_3087630,1,g722,A17
LA_E_3087935,1,pstn,A16
LA_E_3088270,1,gsm,A10
LA_E_3088425,1,pstn,A12
LA_E_3088868,1,alaw,A09
LA_E_3089756,1,pstn,A13
LA_E_3090057,1,ulaw,A07
LA_E_3090706,1,opus,A11
LA_E_3090870,1,pstn,A18
LA_E_3091163,0,opus,bonafide
LA_E_3091252,1,gsm,A15
LA_E_3091350,1,opus,A19
LA_E_3091494,1,pstn,A17
LA_E_3091720,1,none,A19
LA_E_3092249,1,ulaw,A12
LA_E_3092924,1,gsm,A19
LA_E_3093194,1,ulaw,A10
LA_E_3093381,1,pstn,A10
LA_E_3093834,1,pstn,A10
LA_E_3094145,1,pstn,A08
LA_E_3094175,1,gsm,A08
LA_E_3094760,1,pstn,A13
LA_E_3094812,1,alaw,A16
LA_E_3094821,1,pstn,A19
LA_E_3095043,1,alaw,A18
LA_E_3095148,1,gsm,A07
LA_E_3095218,1,opus,A16
LA_E_3095309,1,g722,A11
LA_E_3095393,1,ulaw,A07
LA_E_3095656,1,none,A19
LA_E_3096416,1,ulaw,A14
LA_E_3096445,0,alaw,bonafide
LA_E_3096554,1,pstn,A08
LA_E_3096623,0,opus,bonafide
LA_E_3096831,1,g722,A07
LA_E_3097800,1,gsm,A17
LA_E_3097835,1,ulaw,A16
LA_E_3097863,1,none,A08
LA_E_3098067,1,ulaw,A08
LA_E_3098342,1,alaw,A13
LA_E_3098708,0,pstn,bonafide
LA_E_3098811,1,g722,A17
LA_E_3098885,1,pstn,A08
LA_E_3099146,1,pstn,A07
LA_E_3099403,1,none,A16
LA_E_3100492,1,ulaw,A13
LA_E_3100548,0,g722,bonafide
LA_E_3100664,1,opus,A14
LA_E_3100845,1,ulaw,A15
LA_E_3101445,0,gsm,bonafide
LA_E_3101796,1,gsm,A08
LA_E_3101872,1,none,A11
LA_E_3101903,1,g722,A16
LA_E_3101940,1,opus,A15
LA_E_3102004,1,opus,A16
LA_E_3102116,1,pstn,A12
LA_E_3102289,1,ulaw,A19
LA_E_3102328,1,ulaw,A17
LA_E_3102420,1,alaw,A08
LA_E_3103598,1,alaw,A17
LA_E_3103699,1,opus,A18
LA_E_3103846,1,ulaw,A10
LA_E_3104106,1,none,A18
LA_E_3104228,1,ulaw,A11
LA_E_3104417,1,g722,A12
LA_E_3104498,1,gsm,A13
LA_E_3104518,1,g722,A10
LA_E_3104601,1,none,A10
LA_E_3105088,1,opus,A09
LA_E_3105354,1,none,A17
LA_E_3105379,1,opus,A16
LA_E_3105587,1,g722,A16
LA_E_3105694,1,alaw,A11
LA_E_3105895,1,ulaw,A12
LA_E_3105972,0,g722,bonafide
LA_E_3106093,1,opus,A11
LA_E_3106292,1,ulaw,A07
LA_E_3106947,1,gsm,A09
LA_E_3107008,1,ulaw,A14
LA_E_3107514,1,gsm,A08
LA_E_3107698,1,gsm,A12
LA_E_3107845,1,opus,A10
LA_E_3108477,0,alaw,bonafide
LA_E_3108837,1,alaw,A14
LA_E_3109874,1,g722,A17
LA_E_3110107,1,gsm,A17
LA_E_3110118,1,opus,A14
LA_E_3110292,1,opus,A18
LA_E_3110556,1,ulaw,A11
LA_E_3110905,1,gsm,A13
LA_E_3111331,1,alaw,A09
LA_E_3111912,1,pstn,A07
LA_E_3112358,1,g722,A16
LA_E_3112714,1,pstn,A09
LA_E_3113076,1,opus,A12
LA_E_3113570,1,gsm,A18
LA_E_3113655,1,g722,A15
LA_E_3115051,1,pstn,A09
LA_E_3115255,1,none,A11
LA_E_3115264,1,opus,A15
LA_E_3115809,1,pstn,A09
LA_E_3115968,0,opus,bonafide
LA_E_3116079,1,alaw,A12
LA_E_3116184,1,alaw,A14
LA_E_3116271,1,none,A17
LA_E_3116394,1,none,A14
LA_E_3116527,0,none,bonafide
LA_E_3116735,1,opus,A07
LA_E_3117336,1,pstn,A17
LA_E_3117826,1,ulaw,A11
LA_E_3118024,1,none,A10
LA_E_3118087,1,gsm,A19
LA_E_3118404,1,opus,A10
LA_E_3119227,1,g722,A19
LA_E_3119376,1,ulaw,A11
LA_E_3119781,1,opus,A19
LA_E_3120455,1,none,A14
LA_E_3120776,1,ulaw,A19
LA_E_3121169,1,pstn,A13
LA_E_3121229,1,pstn,A11
LA_E_3121699,1,g722,A13
LA_E_3121795,1,none,A16
LA_E_3121963,1,none,A08
LA_E_3122346,1,gsm,A15
LA_E_3122380,1,g722,A08
LA_E_3122438,1,opus,A18
LA_E_3122717,1,gsm,A14
LA_E_3122995,0,gsm,bonafide
LA_E_3123560,1,g722,A16
LA_E_3124159,1,ulaw,A19
LA_E_3124486,1,g722,A10
LA_E_3124513,1,ulaw,A07
LA_E_3124594,1,none,A13
LA_E_3124765,1,opus,A07
LA_E_3124971,1,pstn,A07
LA_E_3125040,1,alaw,A17
LA_E_3125293,1,opus,A18
LA_E_3125956,1,none,A17
LA_E_3126031,1,g722,A15
LA_E_3126151,1,opus,A15
LA_E_3126430,1,ulaw,A09
LA_E_3126783,1,alaw,A14
LA_E_3126837,1,pstn,A15
LA_E_3126919,1,alaw,A16
LA_E_3127719,1,pstn,A08
LA_E_3127854,1,gsm,A15
LA_E_3129121,1,pstn,A10
LA_E_3129443,1,g722,A09
LA_E_3129567,1,g722,A16
LA_E_3129954,1,g722,A12
LA_E_3130076,1,g722,A15
LA_E_3130262,1,g722,A19
LA_E_3130397,1,pstn,A18
LA_E_3130743,1,opus,A10
LA_E_3131096,1,ulaw,A12
LA_E_3131595,1,g722,A17
LA_E_3132383,1,g722,A16
LA_E_3132640,0,ulaw,bonafide
LA_E_3133027,1,gsm,A18
LA_E_3133088,1,none,A11
LA_E_3133143,1,none,A14
LA_E_3133396,1,ulaw,A10
LA_E_3133785,1,pstn,A09
LA_E_3134012,1,gsm,A10
LA_E_3134036,1,g722,A11
LA_E_3134307,1,opus,A17
LA_E_3134410,1,pstn,A12
LA_E_3134647,1,alaw,A13
LA_E_3134666,1,alaw,A13
LA_E_3134774,1,pstn,A09
LA_E_3134806,1,pstn,A19
LA_E_3134971,1,pstn,A15
LA_E_3135089,1,gsm,A17
LA_E_3135223,1,alaw,A10
LA_E_3135455,1,none,A19
LA_E_3135887,1,opus,A17
LA_E_3136267,0,ulaw,bonafide
LA_E_3136601,1,opus,A14
LA_E_3136697,1,ulaw,A18
LA_E_3136746,1,pstn,A08
LA_E_3137109,1,g722,A12
LA_E_3137227,1,none,A10
LA_E_3137316,1,none,A08
LA_E_3137506,0,pstn,bonafide
LA_E_3137604,1,gsm,A17
LA_E_3137735,1,pstn,A13
LA_E_3137991,0,opus,bonafide
LA_E_3138010,1,none,A19
LA_E_3138488,1,gsm,A15
LA_E_3138661,1,opus,A10
LA_E_3138885,1,alaw,A16
LA_E_3138972,1,none,A09
LA_E_3139116,1,opus,A07
LA_E_3139167,1,gsm,A18
LA_E_3139199,1,opus,A16
LA_E_3139307,1,gsm,A11
LA_E_3139422,1,none,A19
LA_E_3139619,1,alaw,A18
LA_E_3139686,1,none,A09
LA_E_3139919,1,alaw,A11
LA_E_3140141,1,gsm,A09
LA_E_3140166,1,ulaw,A15
LA_E_3140400,0,pstn,bonafide
LA_E_3140445,1,none,A12
LA_E_3140450,1,none,A09
LA_E_3140501,1,opus,A17
LA_E_3140894,1,gsm,A19
LA_E_3141189,1,alaw,A14
LA_E_3141920,1,gsm,A15
LA_E_3141929,0,g722,bonafide
LA_E_3142120,1,gsm,A09
LA_E_3142398,1,none,A12
LA_E_3142499,1,ulaw,A12
LA_E_3142589,1,ulaw,A16
LA_E_3142688,1,g722,A08
LA_E_3142866,0,alaw,bonafide
LA_E_3142909,1,none,A10
LA_E_3142928,1,opus,A17
LA_E_3143299,1,ulaw,A11
LA_E_3143972,1,g722,A07
LA_E_3144176,0,g722,bonafide
LA_E_3144856,1,g722,A18
LA_E_3144895,0,pstn,bonafide
LA_E_3145051,1,ulaw,A19
LA_E_3146137,0,g722,bonafide
LA_E_3146881,1,alaw,A09
LA_E_3146963,1,g722,A12
LA_E_3147006,1,alaw,A17
LA_E_3147637,1,gsm,A17
LA_E_3148206,1,alaw,A19
LA_E_3148368,1,gsm,A13
LA_E_3148976,1,g722,A12
LA_E_3149301,1,ulaw,A14
LA_E_3150290,1,alaw,A11
LA_E_3150332,1,gsm,A11
LA_E_3150648,1,ulaw,A09
LA_E_3150667,1,opus,A16
LA_E_3150715,1,gsm,A11
LA_E_3150716,0,none,bonafide
LA_E_3150725,1,gsm,A10
LA_E_3151410,1,g722,A10
LA_E_3151802,1,ulaw,A17
LA_E_3151896,1,pstn,A08
LA_E_3152064,1,ulaw,A19
LA_E_3152324,1,ulaw,A16
LA_E_3152875,1,pstn,A19
LA_E_3152976,1,g722,A14
LA_E_3153056,0,alaw,bonafide
LA_E_3153384,1,pstn,A15
LA_E_3153450,1,none,A14
LA_E_3153667,1,none,A07
LA_E_3154682,1,none,A13
LA_E_3154700,0,g722,bonafide
LA_E_3154868,0,opus,bonafide
LA_E_3155612,1,alaw,A12
LA_E_3155641,1,pstn,A16
LA_E_3156515,1,gsm,A19
LA_E_3156632,1,opus,A15
LA_E_3157738,0,none,bonafide
LA_E_3158001,1,g722,A18
LA_E_3158271,1,g722,A07
LA_E_3158399,1,g722,A08
LA_E_3159421,1,alaw,A08
LA_E_3159682,1,ulaw,A07
LA_E_3159737,1,none,A13
LA_E_3160528,1,g722,A15
LA_E_3160716,1,pstn,A15
LA_E_3161170,1,gsm,A17
LA_E_3161267,1,alaw,A11
LA_E_3161538,1,none,A12
LA_E_3161677,1,ulaw,A09
LA_E_3161759,0,gsm,bonafide
LA_E_3162056,1,ulaw,A10
LA_E_3162314,1,ulaw,A08
LA_E_3162463,1,ulaw,A15
LA_E_3162501,1,gsm,A09
LA_E_3163296,1,alaw,A13
LA_E_3163373,1,pstn,A11
LA_E_3163506,1,g722,A14
LA_E_3163644,1,opus,A19
LA_E_3163696,0,ulaw,bonafide
LA_E_3163725,1,ulaw,A09
LA_E_3164057,1,gsm,A14
LA_E_3164178,1,none,A07
LA_E_3164181,1,none,A19
LA_E_3164285,1,ulaw,A10
LA_E_3164313,1,gsm,A11
LA_E_3164675,1,opus,A07
LA_E_3164911,1,none,A12
LA_E_3165632,0,ulaw,bonafide
LA_E_3165770,0,ulaw,bonafide
LA_E_3165777,1,ulaw,A17
LA_E_3166078,1,none,A08
LA_E_3166795,1,ulaw,A18
LA_E_3166976,1,opus,A15
LA_E_3167143,1,pstn,A10
LA_E_3167829,1,alaw,A07
LA_E_3168112,1,none,A09
LA_E_3168372,1,ulaw,A08
LA_E_3168547,1,opus,A08
LA_E_3168570,1,alaw,A14
LA_E_3170484,1,opus,A13
LA_E_3170897,1,ulaw,A14
LA_E_3171060,1,none,A18
LA_E_3171191,1,alaw,A08
LA_E_3171337,1,none,A14
LA_E_3171359,1,gsm,A09
LA_E_3171681,1,gsm,A13
LA_E_3171809,1,none,A09
LA_E_3172012,1,ulaw,A17
LA_E_3172042,1,gsm,A10
LA_E_3173322,1,none,A07
LA_E_3173495,1,g722,A13
LA_E_3173741,1,g722,A18
LA_E_3174510,1,alaw,A19
LA_E_3174799,1,pstn,A16
LA_E_3175272,0,alaw,bonafide
LA_E_3176311,0,pstn,bonafide
LA_E_3176350,1,g722,A19
LA_E_3176765,0,ulaw,bonafide
LA_E_3177274,1,alaw,A11
LA_E_3177643,1,pstn,A07
LA_E_3177805,1,gsm,A17
LA_E_3179175,1,none,A18
LA_E_3179840,1,gsm,A10
LA_E_3180165,1,g722,A14
LA_E_3180241,1,ulaw,A10
LA_E_3180486,1,pstn,A09
LA_E_3180845,1,ulaw,A14
LA_E_3180873,1,none,A12
LA_E_3180912,1,ulaw,A15
LA_E_3180977,0,gsm,bonafide
LA_E_3181004,1,alaw,A15
LA_E_3181185,1,none,A13
LA_E_3181220,1,alaw,A07
LA_E_3181750,1,g722,A09
LA_E_3181795,0,ulaw,bonafide
LA_E_3182108,1,alaw,A12
LA_E_3182177,0,pstn,bonafide
LA_E_3182368,1,g722,A10
LA_E_3182642,0,gsm,bonafide
LA_E_3182809,1,pstn,A10
LA_E_3182923,1,gsm,A14
LA_E_3183262,1,alaw,A09
LA_E_3183458,1,none,A11
LA_E_3183780,1,gsm,A14
LA_E_3183900,1,gsm,A10
LA_E_3184156,1,alaw,A18
LA_E_3184631,1,pstn,A15
LA_E_3185112,1,pstn,A11
LA_E_3185388,0,ulaw,bonafide
LA_E_3186139,0,pstn,bonafide
LA_E_3186518,1,g722,A13
LA_E_3186861,1,gsm,A08
LA_E_3187160,1,g722,A16
LA_E_3187261,1,opus,A19
LA_E_3187399,1,gsm,A19
LA_E_3187737,0,opus,bonafide
LA_E_3187793,1,ulaw,A08
LA_E_3188205,1,alaw,A19
LA_E_3188413,1,gsm,A16
LA_E_3188533,1,alaw,A11
LA_E_3188871,1,ulaw,A07
LA_E_3188945,1,g722,A08
LA_E_3188950,1,opus,A17
LA_E_3189115,1,alaw,A08
LA_E_3189222,1,opus,A18
LA_E_3189256,1,none,A07
LA_E_3189535,0,g722,bonafide
LA_E_3189639,1,g722,A11
LA_E_3189992,1,alaw,A14
LA_E_3190309,1,ulaw,A18
LA_E_3190486,1,none,A08
LA_E_3190532,1,alaw,A07
LA_E_3190604,1,pstn,A13
LA_E_3190684,1,gsm,A07
LA_E_3190778,1,ulaw,A07
LA_E_3190905,1,opus,A07
LA_E_3191183,1,gsm,A15
LA_E_3191258,1,none,A10
LA_E_3191524,0,gsm,bonafide
LA_E_3191808,1,g722,A07
LA_E_3191924,0,none,bonafide
LA_E_3192003,1,g722,A16
LA_E_3192443,0,none,bonafide
LA_E_3192784,1,gsm,A13
LA_E_3193008,1,opus,A07
LA_E_3193115,1,ulaw,A07
LA_E_3193224,1,alaw,A18
LA_E_3194085,1,alaw,A10
LA_E_3194153,1,opus,A17
LA_E_3194744,1,opus,A08
LA_E_3194807,1,gsm,A11
LA_E_3195126,0,g722,bonafide
LA_E_3195659,0,gsm,bonafide
LA_E_3195984,1,ulaw,A14
LA_E_3196470,1,alaw,A13
LA_E_3197279,1,g722,A19
LA_E_3197487,1,none,A18
LA_E_3197749,1,g722,A18
LA_E_3198164,0,opus,bonafide
LA_E_3198916,0,gsm,bonafide
LA_E_3198950,0,opus,bonafide
LA_E_3199094,0,opus,bonafide
LA_E_3199133,0,g722,bonafide
LA_E_3199425,1,none,A12
LA_E_3199578,1,pstn,A07
LA_E_3199671,1,opus,A19
LA_E_3199790,1,g722,A16
LA_E_3199896,1,none,A15
LA_E_3200490,1,ulaw,A10
LA_E_3201409,1,alaw,A11
LA_E_3202422,1,alaw,A19
LA_E_3202511,1,gsm,A08
LA_E_3202595,1,none,A19
LA_E_3202881,0,gsm,bonafide
LA_E_3203067,1,ulaw,A13
LA_E_3203133,1,gsm,A08
LA_E_3203213,0,none,bonafide
LA_E_3204162,0,none,bonafide
LA_E_3204187,1,ulaw,A08
LA_E_3204745,1,g722,A11
LA_E_3204834,1,g722,A16
LA_E_3205116,1,alaw,A10
LA_E_3205181,1,alaw,A09
LA_E_3205229,1,g722,A09
LA_E_3205421,1,none,A09
LA_E_3206395,1,g722,A10
LA_E_3206440,1,pstn,A11
LA_E_3206509,1,g722,A15
LA_E_3206739,0,alaw,bonafide
LA_E_3207713,1,g722,A19
LA_E_3207821,1,opus,A13
LA_E_3208192,1,pstn,A12
LA_E_3208431,0,alaw,bonafide
LA_E_3208672,1,g722,A13
LA_E_3208961,1,pstn,A13
LA_E_3209369,1,alaw,A07
LA_E_3209391,0,ulaw,bonafide
LA_E_3209799,1,alaw,A18
LA_E_3210334,0,none,bonafide
LA_E_3210444,1,pstn,A16
LA_E_3210449,1,g722,A17
LA_E_3210457,1,g722,A08
LA_E_3210507,1,pstn,A09
LA_E_3210715,1,pstn,A19
LA_E_3211992,1,none,A12
LA_E_3211996,1,pstn,A14
LA_E_3212438,1,none,A11
LA_E_3212558,1,g722,A14
LA_E_3212983,1,opus,A19
LA_E_3213208,1,opus,A09
LA_E_3213361,1,none,A16
LA_E_3214164,0,opus,bonafide
LA_E_3214538,1,gsm,A14
LA_E_3214575,1,g722,A15
LA_E_3214663,1,pstn,A19
LA_E_3215107,0,pstn,bonafide
LA_E_3215137,1,opus,A18
LA_E_3215768,1,pstn,A15
LA_E_3217073,1,g722,A09
LA_E_3217078,1,alaw,A13
LA_E_3217333,1,pstn,A07
LA_E_3217593,1,g722,A19
LA_E_3217703,1,g722,A12
LA_E_3218154,1,pstn,A19
LA_E_3218570,1,alaw,A07
LA_E_3218632,1,none,A17
LA_E_3218707,1,none,A16
LA_E_3218797,1,opus,A18
LA_E_3218812,1,ulaw,A09
LA_E_3219027,1,none,A16
LA_E_3219373,1,none,A07
LA_E_3219486,1,ulaw,A17
LA_E_3219917,1,ulaw,A12
LA_E_3220008,1,none,A14
LA_E_3220025,1,opus,A12
LA_E_3220328,1,gsm,A18
LA_E_3220680,1,g722,A10
LA_E_3220746,0,g722,bonafide
LA_E_3220884,1,none,A09
LA_E_3221878,1,none,A18
LA_E_3221986,0,none,bonafide
LA_E_3222116,1,none,A08
LA_E_3222326,1,alaw,A11
LA_E_3222331,1,opus,A13
LA_E_3222432,1,pstn,A07
LA_E_3222675,1,pstn,A11
LA_E_3223053,1,opus,A18
LA_E_3223128,1,opus,A19
LA_E_3223171,1,ulaw,A15
LA_E_3223931,1,g722,A16
LA_E_3224361,1,ulaw,A18
LA_E_3224701,1,pstn,A14
LA_E_3224732,1,g722,A13
LA_E_3224744,1,g722,A15
LA_E_3224871,1,pstn,A17
LA_E_3224900,1,none,A15
LA_E_3225074,1,none,A19
LA_E_3225116,1,ulaw,A18
LA_E_3225721,0,opus,bonafide
LA_E_3225726,1,g722,A08
LA_E_3225931,1,g722,A17
LA_E_3227123,1,opus,A08
LA_E_3227198,1,none,A08
LA_E_3227237,1,alaw,A13
LA_E_3227768,0,alaw,bonafide
LA_E_3228328,1,g722,A13
LA_E_3228497,1,opus,A13
LA_E_3229704,1,opus,A08
LA_E_3229966,1,opus,A07
LA_E_3230138,1,pstn,A17
LA_E_3230881,1,alaw,A15
LA_E_3230953,1,g722,A12
LA_E_3231029,1,gsm,A11
LA_E_3231408,1,g722,A13
LA_E_3232134,1,none,A11
LA_E_3232556,1,g722,A12
LA_E_3232731,0,gsm,bonafide
LA_E_3232747,1,gsm,A18
LA_E_3233084,1,gsm,A16
LA_E_3233272,1,opus,A19
LA_E_3233334,1,gsm,A07
LA_E_3234001,1,none,A07
LA_E_3234639,1,pstn,A08
LA_E_3234719,1,pstn,A12
LA_E_3235327,1,gsm,A07
LA_E_3235719,0,opus,bonafide
LA_E_3235894,1,g722,A10
LA_E_3235928,1,none,A17
LA_E_3236614,1,ulaw,A16
LA_E_3237193,1,none,A09
LA_E_3237283,1,gsm,A13
LA_E_3237326,1,alaw,A09
LA_E_3237339,0,pstn,bonafide
LA_E_3238130,1,pstn,A15
LA_E_3238356,1,gsm,A16
LA_E_3238889,1,gsm,A15
LA_E_3239204,1,none,A13
LA_E_3239231,1,opus,A09
LA_E_3239309,1,g722,A17
LA_E_3239835,1,alaw,A15
LA_E_3239892,1,alaw,A10
LA_E_3240055,1,none,A17
LA_E_3240266,1,pstn,A11
LA_E_3240472,1,none,A15
LA_E_3241031,1,gsm,A16
LA_E_3241067,1,none,A16
LA_E_3241073,1,opus,A11
LA_E_3241157,1,g722,A08
LA_E_3241259,1,none,A11
LA_E_3241572,1,none,A07
LA_E_3241767,1,pstn,A11
LA_E_3242209,1,none,A19
LA_E_3242284,1,pstn,A14
LA_E_3242565,1,pstn,A17
LA_E_3243055,1,opus,A14
LA_E_3243307,1,pstn,A09
LA_E_3243893,1,opus,A16
LA_E_3244068,1,pstn,A07
LA_E_3244078,0,g722,bonafide
LA_E_3244310,1,none,A18
LA_E_3244898,1,none,A18
LA_E_3246348,1,alaw,A18
LA_E_3246355,0,none,bonafide
LA_E_3246615,1,pstn,A13
LA_E_3246838,1,opus,A09
LA_E_3247138,1,alaw,A11
LA_E_3247238,1,ulaw,A16
LA_E_3247242,1,alaw,A15
LA_E_3248366,1,ulaw,A14
LA_E_3249316,1,pstn,A19
LA_E_3249508,1,gsm,A19
LA_E_3249624,1,g722,A17
LA_E_3249657,1,ulaw,A17
LA_E_3250166,1,gsm,A13
LA_E_3250690,1,pstn,A10
LA_E_3250897,1,g722,A10
LA_E_3251136,0,none,bonafide
LA_E_3251224,1,alaw,A07
LA_E_3251739,1,none,A17
LA_E_3252683,1,pstn,A13
LA_E_3252945,1,none,A13
LA_E_3252953,1,none,A11
LA_E_3253241,1,alaw,A16
LA_E_3253251,0,pstn,bonafide
LA_E_3253860,1,none,A10
LA_E_3254044,1,ulaw,A12
LA_E_3254120,1,none,A14
LA_E_3254166,1,opus,A07
LA_E_3254298,1,ulaw,A17
LA_E_3255108,1,ulaw,A12
LA_E_3255485,1,pstn,A16
LA_E_3256749,1,pstn,A18
LA_E_3256857,1,alaw,A14
LA_E_3256971,1,gsm,A11
LA_E_3257062,1,g722,A10
LA_E_3257628,1,gsm,A11
LA_E_3257898,1,gsm,A14
LA_E_3257922,1,gsm,A17
LA_E_3258168,1,none,A13
LA_E_3258441,1,g722,A13
LA_E_3258570,1,alaw,A11
LA_E_3258982,1,alaw,A12
LA_E_3259753,1,ulaw,A17
LA_E_3260030,1,g722,A12
LA_E_3260534,0,alaw,bonafide
LA_E_3260730,1,gsm,A11
LA_E_3261186,1,pstn,A13
LA_E_3261614,1,none,A07
LA_E_3261814,1,g722,A07
LA_E_3262177,1,alaw,A19
LA_E_3262194,1,g722,A19
LA_E_3262248,1,pstn,A17
LA_E_3262791,1,ulaw,A09
LA_E_3263300,1,g722,A10
LA_E_3263387,1,alaw,A18
LA_E_3263406,1,g722,A09
LA_E_3263772,1,ulaw,A11
LA_E_3263815,1,alaw,A10
LA_E_3265235,1,alaw,A15
LA_E_3265613,1,gsm,A15
LA_E_3265801,1,gsm,A15
LA_E_3265892,1,gsm,A14
LA_E_3265916,1,pstn,A11
LA_E_3266069,1,pstn,A14
LA_E_3267464,1,pstn,A17
LA_E_3267718,1,none,A15
LA_E_3268385,1,alaw,A09
LA_E_3268652,0,g722,bonafide
LA_E_3268980,1,gsm,A13
LA_E_3268990,1,ulaw,A09
LA_E_3269370,1,ulaw,A09
LA_E_3269489,1,gsm,A07
LA_E_3270047,1,alaw,A11
LA_E_3270335,1,none,A10
LA_E_3271055,1,none,A16
LA_E_3271140,1,gsm,A07
LA_E_3271178,1,opus,A17
LA_E_3271808,1,ulaw,A13
LA_E_3272598,1,opus,A09
LA_E_3273460,1,alaw,A16
LA_E_3274143,1,opus,A13
LA_E_3274173,1,ulaw,A16
LA_E_3274229,1,pstn,A19
LA_E_3274406,1,alaw,A08
LA_E_3274927,1,none,A08
LA_E_3274989,0,ulaw,bonafide
LA_E_3275405,0,none,bonafide
LA_E_3275542,1,none,A14
LA_E_3275863,1,none,A11
LA_E_3276320,1,opus,A14
LA_E_3276444,1,g722,A16
LA_E_3276975,1,none,A12
LA_E_3277430,1,ulaw,A12
LA_E_3277508,1,gsm,A12
LA_E_3277730,1,pstn,A08
LA_E_3277927,1,opus,A16
LA_E_3278070,1,pstn,A12
LA_E_3278653,1,opus,A14
LA_E_3279025,1,ulaw,A16
LA_E_3279078,1,gsm,A18
LA_E_3279157,1,gsm,A19
LA_E_3279842,1,alaw,A07
LA_E_3280333,1,g722,A18
LA_E_3280510,1,alaw,A11
LA_E_3280673,1,alaw,A15
LA_E_3281259,0,opus,bonafide
LA_E_3281497,1,pstn,A14
LA_E_3281799,1,g722,A17
LA_E_3282454,1,alaw,A17
LA_E_3282480,1,alaw,A12
LA_E_3282611,1,alaw,A17
LA_E_3283398,0,ulaw,bonafide
LA_E_3283744,0,g722,bonafide
LA_E_3284359,1,none,A15
LA_E_3284532,1,ulaw,A13
LA_E_3284574,1,none,A11
LA_E_3284825,1,g722,A12
LA_E_3285327,1,pstn,A16
LA_E_3285355,1,none,A17
LA_E_3285904,1,opus,A16
LA_E_3286047,1,g722,A19
LA_E_3286084,1,pstn,A13
LA_E_3286186,1,g722,A07
LA_E_3287591,1,ulaw,A15
LA_E_3287711,0,pstn,bonafide
LA_E_3287720,0,none,bonafide
LA_E_3287731,1,opus,A09
LA_E_3288340,1,none,A08
LA_E_3288366,1,gsm,A17
LA_E_3288984,1,pstn,A08
LA_E_3289533,1,g722,A19
LA_E_3289625,1,gsm,A16
LA_E_3289998,1,alaw,A08
LA_E_3290022,1,ulaw,A12
LA_E_3290212,1,gsm,A09
LA_E_3290709,1,alaw,A18
LA_E_3291044,1,opus,A07
LA_E_3291055,1,alaw,A13
LA_E_3291226,1,pstn,A15
LA_E_3291382,1,ulaw,A07
LA_E_3291579,1,pstn,A07
LA_E_3292340,1,ulaw,A14
LA_E_3292448,1,gsm,A17
LA_E_3292769,1,opus,A17
LA_E_3292975,1,none,A12
LA_E_3293224,1,gsm,A18
LA_E_3293473,1,ulaw,A11
LA_E_3293721,1,opus,A08
LA_E_3293986,1,gsm,A19
LA_E_3294562,1,g722,A11
LA_E_3295010,1,g722,A17
LA_E_3295527,1,g722,A13
LA_E_3295851,1,ulaw,A18
LA_E_3295939,0,gsm,bonafide
LA_E_3296299,1,alaw,A09
LA_E_3297194,1,g722,A16
LA_E_3297938,1,alaw,A09
LA_E_3297993,0,alaw,bonafide
LA_E_3298000,1,none,A19
LA_E_3298428,1,g722,A18
LA_E_3298476,1,alaw,A17
LA_E_3299406,1,ulaw,A19
LA_E_3300528,1,pstn,A08
LA_E_3300798,1,pstn,A13
LA_E_3300902,1,opus,A16
LA_E_3301150,1,none,A17
LA_E_3301402,1,ulaw,A11
LA_E_3301990,1,none,A17
LA_E_3302144,1,ulaw,A15
LA_E_3302378,1,pstn,A14
LA_E_3302483,1,g722,A13
LA_E_3304077,1,ulaw,A15
LA_E_3304385,1,opus,A12
LA_E_3304417,1,alaw,A14
LA_E_3304426,1,opus,A16
LA_E_3304442,1,none,A09
LA_E_3304781,1,alaw,A11
LA_E_3304785,1,alaw,A12
LA_E_3304853,1,pstn,A15
LA_E_3304900,1,alaw,A08
LA_E_3304988,1,none,A19
LA_E_3305035,1,none,A16
LA_E_3305070,1,none,A11
LA_E_3305283,1,alaw,A15
LA_E_3305480,1,ulaw,A08
LA_E_3305586,1,pstn,A17
LA_E_3306098,0,pstn,bonafide
LA_E_3306989,1,pstn,A09
LA_E_3307169,1,pstn,A19
LA_E_3307332,1,opus,A13
LA_E_3308196,1,opus,A19
LA_E_3309280,0,ulaw,bonafide
LA_E_3309440,1,alaw,A17
LA_E_3309538,1,gsm,A10
LA_E_3309958,1,opus,A15
LA_E_3310714,1,opus,A08
LA_E_3310882,1,none,A13
LA_E_3311031,0,gsm,bonafide
LA_E_3311334,1,ulaw,A18
LA_E_3311515,1,pstn,A14
LA_E_3312511,1,g722,A08
LA_E_3312591,1,ulaw,A18
LA_E_3312727,1,none,A17
LA_E_3312810,1,alaw,A13
LA_E_3313302,1,alaw,A10
LA_E_3313755,1,g722,A14
LA_E_3313799,1,g722,A07
LA_E_3313915,1,ulaw,A15
LA_E_3314328,0,alaw,bonafide
LA_E_3314692,1,ulaw,A18
LA_E_3315548,1,none,A12
LA_E_3315761,1,alaw,A18
LA_E_3315833,1,pstn,A10
LA_E_3316007,1,none,A07
LA_E_3316267,1,g722,A09
LA_E_3316617,1,g722,A15
LA_E_3316983,1,ulaw,A13
LA_E_3317569,1,pstn,A12
LA_E_3317990,1,none,A12
LA_E_3318043,1,pstn,A18
LA_E_3318146,1,g722,A14
LA_E_3318198,1,gsm,A16
LA_E_3318380,1,opus,A17
LA_E_3318473,1,ulaw,A07
LA_E_3318478,1,pstn,A09
LA_E_3318791,1,g722,A16
LA_E_3318865,1,gsm,A16
LA_E_3318944,1,ulaw,A13
LA_E_3319037,1,gsm,A17
LA_E_3319050,1,none,A13
LA_E_3319084,1,none,A15
LA_E_3319159,1,none,A15
LA_E_3319304,1,none,A16
LA_E_3319475,1,pstn,A10
LA_E_3319533,1,opus,A13
LA_E_3319583,1,gsm,A17
LA_E_3320169,1,pstn,A11
LA_E_3320578,0,none,bonafide
LA_E_3320632,1,g722,A07
LA_E_3320933,1,ulaw,A11
LA_E_3320940,1,pstn,A16
LA_E_3320973,1,pstn,A12
LA_E_3321612,1,opus,A11
LA_E_3321928,1,pstn,A16
LA_E_3321989,1,gsm,A14
LA_E_3322057,1,pstn,A15
LA_E_3322437,1,opus,A14
LA_E_3322563,0,pstn,bonafide
LA_E_3322686,1,pstn,A09
LA_E_3322826,1,g722,A14
LA_E_3322877,1,pstn,A08
LA_E_3322953,1,ulaw,A11
LA_E_3323098,1,g722,A17
LA_E_3323217,1,opus,A14
LA_E_3323322,1,g722,A08
LA_E_3323838,1,pstn,A11
LA_E_3323923,1,alaw,A14
LA_E_3324903,1,none,A08
LA_E_3325040,1,gsm,A12
LA_E_3325451,1,alaw,A19
LA_E_3325584,0,g722,bonafide
LA_E_3326099,1,pstn,A10
LA_E_3326237,1,pstn,A13
LA_E_3326555,1,g722,A19
LA_E_3326609,1,gsm,A07
LA_E_3326732,1,alaw,A09
LA_E_3326847,1,pstn,A14
LA_E_3327126,0,gsm,bonafide
LA_E_3327304,1,alaw,A13
LA_E_3327308,1,alaw,A08
LA_E_3327636,1,alaw,A19
LA_E_3328248,1,g722,A11
LA_E_3328942,1,gsm,A18
LA_E_3329068,1,ulaw,A08
LA_E_3330160,1,ulaw,A16
LA_E_3330279,1,gsm,A19
LA_E_3330285,1,pstn,A07
LA_E_3331226,1,pstn,A09
LA_E_3331453,1,ulaw,A16
LA_E_3331532,1,none,A09
LA_E_3331730,1,alaw,A18
LA_E_3331873,1,alaw,A17
LA_E_3332117,1,g722,A08
LA_E_3332639,1,pstn,A14
LA_E_3333705,1,g722,A10
LA_E_3334022,1,g722,A10
LA_E_3334843,1,g722,A15
LA_E_3334975,1,ulaw,A10
LA_E_3335653,1,gsm,A09
LA_E_3336155,1,opus,A13
LA_E_3336239,1,pstn,A13
LA_E_3336353,1,gsm,A16
LA_E_3336400,1,alaw,A15
LA_E_3336439,1,ulaw,A16
LA_E_3336683,1,alaw,A13
LA_E_3336884,1,pstn,A16
LA_E_3337553,1,none,A12
LA_E_3337966,1,pstn,A16
LA_E_3338369,1,none,A15
LA_E_3338584,1,g722,A14
LA_E_3339082,1,none,A17
LA_E_3339283,1,ulaw,A08
LA_E_3339705,1,opus,A15
LA_E_3339839,1,gsm,A12
LA_E_3340411,1,ulaw,A16
LA_E_3340600,1,pstn,A08
LA_E_3340910,0,none,bonafide
LA_E_3341173,1,opus,A15
LA_E_3341397,1,alaw,A16
LA_E_3341593,1,gsm,A12
LA_E_3342320,1,pstn,A15
LA_E_3342654,1,none,A19
LA_E_3342976,1,pstn,A12
LA_E_3343973,1,gsm,A14
LA_E_3343975,1,g722,A16
LA_E_3344032,1,none,A07
LA_E_3344360,1,none,A14
LA_E_3344852,1,ulaw,A14
LA_E_3345091,1,opus,A12
LA_E_3345977,1,pstn,A11
LA_E_3346429,1,g722,A12
LA_E_3346484,1,ulaw,A07
LA_E_3346488,1,ulaw,A12
LA_E_3346541,1,g722,A09
LA_E_3346942,1,g722,A13
LA_E_3346971,1,opus,A14
LA_E_3347800,1,none,A11
LA_E_3348042,1,none,A19
LA_E_3348282,1,g722,A11
LA_E_3348404,1,gsm,A10
LA_E_3348629,1,opus,A09
LA_E_3348946,1,g722,A18
LA_E_3349615,1,alaw,A10
LA_E_3349675,1,alaw,A07
LA_E_3349896,1,none,A18
LA_E_3350558,1,gsm,A19
LA_E_3350702,1,opus,A17
LA_E_3351038,1,ulaw,A13
LA_E_3351175,1,alaw,A09
LA_E_3351371,1,ulaw,A19
LA_E_3351471,1,alaw,A19
LA_E_3351494,1,none,A17
LA_E_3352341,1,opus,A10
LA_E_3352414,1,alaw,A12
LA_E_3352482,1,alaw,A10
LA_E_3352929,1,ulaw,A19
LA_E_3353142,1,none,A18
LA_E_3353300,1,opus,A18
LA_E_3353367,1,g722,A11
LA_E_3353416,1,alaw,A15
LA_E_3353430,0,opus,bonafide
LA_E_3353596,1,g722,A19
LA_E_3353776,1,none,A08
LA_E_3354031,1,pstn,A18
LA_E_3354455,1,opus,A12
LA_E_3355085,1,opus,A16
LA_E_3355357,1,pstn,A10
LA_E_3355973,1,gsm,A13
LA_E_3356388,1,pstn,A17
LA_E_3356458,0,alaw,bonafide
LA_E_3356587,1,opus,A07
LA_E_3357038,1,pstn,A18
LA_E_3357129,1,g722,A07
LA_E_3357247,1,gsm,A18
LA_E_3357260,1,opus,A19
LA_E_3357457,1,opus,A17
LA_E_3357510,1,opus,A11
LA_E_3357544,1,none,A09
LA_E_3357569,1,g722,A08
LA_E_3358191,1,none,A08
LA_E_3358749,0,none,bonafide
LA_E_3359435,0,alaw,bonafide
LA_E_3359693,1,g722,A10
LA_E_3359793,1,gsm,A19
LA_E_3359834,1,g722,A16
LA_E_3360007,1,ulaw,A08
LA_E_3360156,1,alaw,A13
LA_E_3360226,1,gsm,A08
LA_E_3360347,1,pstn,A15
LA_E_3360354,1,pstn,A09
LA_E_3360640,1,gsm,A10
LA_E_3360660,1,opus,A11
LA_E_3360671,1,pstn,A18
LA_E_3361158,1,g722,A10
LA_E_3361178,1,alaw,A17
LA_E_3361740,1,opus,A15
LA_E_3361956,1,alaw,A14
LA_E_3362116,1,gsm,A10
LA_E_3362849,1,gsm,A17
LA_E_3362874,1,opus,A10
LA_E_3363646,1,alaw,A18
LA_E_3363865,1,alaw,A08
LA_E_3364233,1,g722,A13
LA_E_3364265,1,ulaw,A08
LA_E_3364336,1,pstn,A19
LA_E_3364459,1,gsm,A09
LA_E_3364466,1,g722,A09
LA_E_3364501,1,pstn,A08
LA_E_3365023,1,ulaw,A17
LA_E_3365124,1,alaw,A16
LA_E_3365290,1,gsm,A09
LA_E_3365603,1,opus,A16
LA_E_3365818,1,opus,A19
LA_E_3366032,1,opus,A16
LA_E_3367463,1,none,A08
LA_E_3367577,1,none,A14
LA_E_3367729,1,pstn,A14
LA_E_3367875,1,gsm,A18
LA_E_3368216,1,opus,A16
LA_E_3368549,0,alaw,bonafide
LA_E_3368827,1,alaw,A12
LA_E_3368885,1,none,A12
LA_E_3369253,1,none,A12
LA_E_3369690,1,g722,A17
LA_E_3369852,1,none,A15
LA_E_3370313,1,alaw,A13
LA_E_3371063,1,opus,A08
LA_E_3371221,1,pstn,A11
LA_E_3371230,1,opus,A08
LA_E_3371613,0,opus,bonafide
LA_E_3371710,1,gsm,A17
LA_E_3371807,1,alaw,A17
LA_E_3372736,1,none,A10
LA_E_3372952,1,opus,A10
LA_E_3372953,1,ulaw,A17
LA_E_3373465,0,none,bonafide
LA_E_3373778,1,opus,A17
LA_E_3374660,1,alaw,A19
LA_E_3374661,1,none,A09
LA_E_3375386,0,alaw,bonafide
LA_E_3376164,1,opus,A14
LA_E_3376429,0,g722,bonafide
LA_E_3376674,1,pstn,A08
LA_E_3377153,1,gsm,A07
LA_E_3377275,1,none,A18
LA_E_3377922,1,alaw,A13
LA_E_3378010,1,none,A08
LA_E_3378091,1,none,A19
LA_E_3378120,0,pstn,bonafide
LA_E_3378139,1,ulaw,A14
LA_E_3378178,1,pstn,A17
LA_E_3378353,1,opus,A19
LA_E_3378867,1,none,A18
LA_E_3379602,1,alaw,A09
LA_E_3380424,1,pstn,A10
LA_E_3380637,1,g722,A15
LA_E_3380975,1,opus,A09
LA_E_3381142,1,opus,A18
LA_E_3382153,1,g722,A08
LA_E_3382923,1,gsm,A07
LA_E_3383210,1,ulaw,A14
LA_E_3383296,1,gsm,A19
LA_E_3383748,1,g722,A07
LA_E_3383842,1,none,A13
LA_E_3384381,1,pstn,A10
LA_E_3384523,1,ulaw,A13
LA_E_3384628,1,alaw,A10
LA_E_3385281,1,g722,A16
LA_E_3385301,1,alaw,A14
LA_E_3385565,0,ulaw,bonafide
LA_E_3385613,1,g722,A08
LA_E_3385750,1,none,A19
LA_E_3385775,1,none,A11
LA_E_3385807,1,g722,A17
LA_E_3385836,1,g722,A11
LA_E_3386415,1,gsm,A08
LA_E_3386708,1,pstn,A12
LA_E_3386710,1,g722,A09
LA_E_3386722,1,gsm,A11
LA_E_3386839,1,opus,A12
LA_E_3387062,1,none,A14
LA_E_3387206,0,g722,bonafide
LA_E_3387516,1,gsm,A07
LA_E_3387633,1,gsm,A13
LA_E_3388160,1,alaw,A16
LA_E_3388384,1,opus,A12
LA_E_3388475,0,alaw,bonafide
LA_E_3388552,1,opus,A18
LA_E_3388614,1,pstn,A18
LA_E_3388655,1,gsm,A17
LA_E_3388724,1,alaw,A11
LA_E_3388802,1,g722,A14
LA_E_3389115,1,opus,A11
LA_E_3389416,1,opus,A07
LA_E_3389529,1,ulaw,A13
LA_E_3389533,1,pstn,A13
LA_E_3389658,1,gsm,A14
LA_E_3389671,1,pstn,A08
LA_E_3389698,1,opus,A17
LA_E_3389855,1,alaw,A07
LA_E_3389962,1,opus,A15
LA_E_3390618,1,gsm,A14
LA_E_3390861,1,none,A14
LA_E_3390891,1,ulaw,A10
LA_E_3392145,1,ulaw,A13
LA_E_3392627,1,none,A16
LA_E_3392866,1,g722,A12
LA_E_3393942,1,opus,A09
LA_E_3394061,1,none,A19
LA_E_3394430,1,none,A12
LA_E_3394441,1,alaw,A07
LA_E_3395679,1,g722,A08
LA_E_3395684,1,pstn,A19
LA_E_3395809,1,alaw,A12
LA_E_3395818,1,g722,A10
LA_E_3397216,0,pstn,bonafide
LA_E_3397516,1,opus,A09
LA_E_3397653,0,none,bonafide
LA_E_3398662,1,gsm,A13
LA_E_3398801,1,alaw,A13
LA_E_3399093,1,gsm,A19
LA_E_3399152,1,alaw,A19
LA_E_3400415,0,g722,bonafide
LA_E_3401480,1,gsm,A09
LA_E_3401483,1,pstn,A07
LA_E_3401648,1,g722,A18
LA_E_3402032,1,alaw,A07
LA_E_3402147,0,alaw,bonafide
LA_E_3403128,0,gsm,bonafide
LA_E_3403382,1,ulaw,A17
LA_E_3403506,1,pstn,A17
LA_E_3403832,1,alaw,A08
LA_E_3404217,1,gsm,A12
LA_E_3404455,1,none,A19
LA_E_3405477,1,ulaw,A19
LA_E_3405518,1,pstn,A10
LA_E_3405727,1,none,A12
LA_E_3405760,1,alaw,A16
LA_E_3406503,1,pstn,A12
LA_E_3406519,1,opus,A14
LA_E_3406900,0,pstn,bonafide
LA_E_3407557,1,opus,A17
LA_E_3408346,1,ulaw,A14
LA_E_3408352,1,ulaw,A07
LA_E_3408600,1,opus,A11
LA_E_3408614,1,g722,A19
LA_E_3408638,1,g722,A11
LA_E_3409045,0,gsm,bonafide
LA_E_3409962,1,alaw,A15
LA_E_3410050,1,ulaw,A12
LA_E_3410128,0,none,bonafide
LA_E_3410396,1,opus,A07
LA_E_3411333,1,pstn,A18
LA_E_3411468,1,pstn,A15
LA_E_3412030,1,none,A07
LA_E_3412263,1,g722,A16
LA_E_3412408,1,pstn,A07
LA_E_3412950,1,g722,A09
LA_E_3413304,1,alaw,A10
LA_E_3413525,1,none,A16
LA_E_3413567,0,g722,bonafide
LA_E_3413902,1,pstn,A19
LA_E_3415035,1,g722,A15
LA_E_3415362,1,none,A09
LA_E_3415590,1,ulaw,A12
LA_E_3415751,1,ulaw,A16
LA_E_3416337,1,pstn,A10
LA_E_3416738,1,pstn,A18
LA_E_3417058,1,none,A19
LA_E_3417345,1,none,A11
LA_E_3417586,1,alaw,A18
LA_E_3417811,1,ulaw,A10
LA_E_3418214,1,g722,A14
LA_E_3418726,1,pstn,A16
LA_E_3418982,0,g722,bonafide
LA_E_3419140,1,none,A15
LA_E_3419410,1,gsm,A09
LA_E_3419704,1,gsm,A10
LA_E_3420097,1,alaw,A08
LA_E_3420375,1,ulaw,A09
LA_E_3420399,1,g722,A10
LA_E_3420701,1,pstn,A12
LA_E_3420963,1,g722,A17
LA_E_3422480,1,gsm,A15
LA_E_3422518,1,opus,A07
LA_E_3423444,1,opus,A07
LA_E_3423575,1,ulaw,A14
LA_E_3423592,1,pstn,A09
LA_E_3424030,1,none,A09
LA_E_3424110,1,gsm,A13
LA_E_3424357,1,g722,A08
LA_E_3424385,1,ulaw,A19
LA_E_3424427,1,none,A14
LA_E_3424671,1,opus,A19
LA_E_3424701,1,g722,A13
LA_E_3425885,1,g722,A15
LA_E_3425946,1,ulaw,A17
LA_E_3426688,1,pstn,A15
LA_E_3427217,0,pstn,bonafide
LA_E_3427428,1,pstn,A18
LA_E_3427664,1,none,A09
LA_E_3427743,0,gsm,bonafide
LA_E_3427903,1,ulaw,A07
LA_E_3428726,1,g722,A08
LA_E_3429497,1,opus,A17
LA_E_3429586,1,none,A17
LA_E_3430581,0,pstn,bonafide
LA_E_3431038,1,g722,A16
LA_E_3431054,1,alaw,A10
LA_E_3431338,1,alaw,A18
LA_E_3431351,1,pstn,A09
LA_E_3431556,1,g722,A14
LA_E_3431577,1,none,A18
LA_E_3431584,1,pstn,A19
LA_E_3431635,1,g722,A17
LA_E_3431715,1,opus,A13
LA_E_3433060,1,pstn,A16
LA_E_3433270,1,ulaw,A16
LA_E_3433274,1,g722,A07
LA_E_3433552,1,gsm,A10
LA_E_3433879,0,alaw,bonafide
LA_E_3434078,1,alaw,A13
LA_E_3434362,1,pstn,A11
LA_E_3435170,0,opus,bonafide
LA_E_3435604,1,opus,A14
LA_E_3435882,0,none,bonafide
LA_E_3436028,1,opus,A15
LA_E_3436030,1,pstn,A07
LA_E_3436236,0,alaw,bonafide
LA_E_3436264,1,alaw,A12
LA_E_3436392,1,gsm,A08
LA_E_3436415,1,none,A08
LA_E_3436768,1,gsm,A16
LA_E_3436819,0,none,bonafide
LA_E_3436862,1,opus,A11
LA_E_3436939,1,none,A09
LA_E_3437234,1,opus,A18
LA_E_3437250,1,gsm,A13
LA_E_3437310,1,ulaw,A10
LA_E_3437624,0,pstn,bonafide
LA_E_3437856,1,gsm,A10
LA_E_3438903,0,none,bonafide
LA_E_3439039,0,g722,bonafide
LA_E_3439460,1,alaw,A11
LA_E_3439743,1,gsm,A10
LA_E_3439822,1,none,A12
LA_E_3439829,1,gsm,A14
LA_E_3440303,1,gsm,A12
LA_E_3440544,1,ulaw,A07
LA_E_3440752,0,opus,bonafide
LA_E_3440850,1,pstn,A15
LA_E_3441110,1,gsm,A08
LA_E_3441156,1,gsm,A14
LA_E_3441767,0,ulaw,bonafide
LA_E_3441777,1,gsm,A16
LA_E_3441940,1,alaw,A08
LA_E_3442366,1,none,A10
LA_E_3442432,1,pstn,A13
LA_E_3442899,1,none,A19
LA_E_3443595,1,ulaw,A11
LA_E_3443879,1,ulaw,A10
LA_E_3443911,1,opus,A19
LA_E_3443931,0,none,bonafide
LA_E_3444173,1,pstn,A18
LA_E_3444328,1,none,A14
LA_E_3445035,1,opus,A11
LA_E_3446161,1,pstn,A16
LA_E_3446226,1,g722,A10
LA_E_3446351,1,g722,A11
LA_E_3446477,1,none,A16
LA_E_3447330,1,pstn,A17
LA_E_3447744,0,none,bonafide
LA_E_3448272,1,alaw,A16
LA_E_3448442,1,pstn,A10
LA_E_3448816,1,g722,A08
LA_E_3449269,1,pstn,A14
LA_E_3449273,1,gsm,A12
LA_E_3449624,0,pstn,bonafide
LA_E_3449834,1,none,A09
LA_E_3449957,1,ulaw,A08
LA_E_3450501,1,none,A16
LA_E_3450983,1,gsm,A14
LA_E_3451686,1,alaw,A13
LA_E_3451839,1,pstn,A12
LA_E_3451951,0,alaw,bonafide
LA_E_3452723,1,gsm,A09
LA_E_3453127,1,pstn,A16
LA_E_3453434,0,alaw,bonafide
LA_E_3453885,1,opus,A10
LA_E_3453926,1,opus,A18
LA_E_3454391,1,g722,A18
LA_E_3454694,1,opus,A19
LA_E_3454773,1,alaw,A08
LA_E_3454864,1,opus,A19
LA_E_3454972,1,none,A10
LA_E_3455176,1,alaw,A14
LA_E_3455248,0,alaw,bonafide
LA_E_3455560,1,pstn,A07
LA_E_3456164,1,ulaw,A16
LA_E_3456391,1,opus,A18
LA_E_3456499,1,gsm,A15
LA_E_3456544,1,alaw,A09
LA_E_3456867,1,opus,A09
LA_E_3456919,0,gsm,bonafide
LA_E_3456965,1,opus,A15
LA_E_3457266,1,g722,A18
LA_E_3457562,1,gsm,A15
LA_E_3457990,1,pstn,A15
LA_E_3458154,1,opus,A12
LA_E_3458480,1,g722,A17
LA_E_3459215,1,gsm,A11
LA_E_3459657,1,g722,A11
LA_E_3459984,0,g722,bonafide
LA_E_3460779,1,ulaw,A17
LA_E_3460898,1,g722,A16
LA_E_3461939,0,alaw,bonafide
LA_E_3462113,1,g722,A18
LA_E_3463223,1,none,A13
LA_E_3463797,1,g722,A12
LA_E_3463926,0,opus,bonafide
LA_E_3464579,1,g722,A15
LA_E_3464737,1,none,A11
LA_E_3465098,1,none,A10
LA_E_3465402,1,gsm,A12
LA_E_3466618,1,gsm,A18
LA_E_3466685,1,opus,A10
LA_E_3467575,1,gsm,A14
LA_E_3467924,0,ulaw,bonafide
LA_E_3469083,1,opus,A15
LA_E_3469692,0,alaw,bonafide
LA_E_3469839,1,none,A18
LA_E_3469874,1,ulaw,A19
LA_E_3469948,1,alaw,A14
LA_E_3470415,1,opus,A16
LA_E_3470800,1,pstn,A17
LA_E_3471090,1,opus,A15
LA_E_3471648,1,ulaw,A09
LA_E_3473064,1,alaw,A14
LA_E_3473979,1,none,A16
LA_E_3474318,1,g722,A17
LA_E_3474350,1,pstn,A08
LA_E_3474440,1,pstn,A11
LA_E_3474454,1,opus,A08
LA_E_3474491,1,ulaw,A16
LA_E_3474755,1,opus,A10
LA_E_3474821,1,g722,A11
LA_E_3475095,1,opus,A12
LA_E_3476099,1,none,A14
LA_E_3476444,1,g722,A17
LA_E_3476762,1,gsm,A11
LA_E_3476901,0,gsm,bonafide
LA_E_3477931,1,pstn,A19
LA_E_3478360,1,g722,A16
LA_E_3478456,1,opus,A12
LA_E_3479201,1,pstn,A13
LA_E_3480997,1,g722,A13
LA_E_3481598,1,pstn,A09
LA_E_3481864,1,g722,A18
LA_E_3481880,1,none,A18
LA_E_3482441,1,pstn,A18
LA_E_3482496,1,alaw,A19
LA_E_3483365,0,pstn,bonafide
LA_E_3483649,1,gsm,A18
LA_E_3483882,1,gsm,A09
LA_E_3483924,1,ulaw,A13
LA_E_3483994,1,none,A09
LA_E_3484362,1,alaw,A07
LA_E_3484641,0,gsm,bonafide
LA_E_3485176,1,g722,A15
LA_E_3485283,1,none,A16
LA_E_3485792,1,g722,A12
LA_E_3485810,1,pstn,A12
LA_E_3486687,1,none,A13
LA_E_3486700,1,ulaw,A18
LA_E_3487833,1,g722,A12
LA_E_3487914,1,g722,A16
LA_E_3488331,1,pstn,A17
LA_E_3488750,1,opus,A18
LA_E_3489589,1,none,A16
LA_E_3489701,1,g722,A17
LA_E_3489981,1,pstn,A15
LA_E_3490033,1,opus,A07
LA_E_3490231,1,ulaw,A11
LA_E_3491408,1,g722,A10
LA_E_3491610,1,pstn,A19
LA_E_3492301,1,gsm,A17
LA_E_3492547,1,g722,A14
LA_E_3492926,1,ulaw,A10
LA_E_3493582,1,g722,A17
LA_E_3493641,1,g722,A18
LA_E_3493854,0,none,bonafide
LA_E_3494625,1,none,A17
LA_E_3494683,1,alaw,A14
LA_E_3494891,1,opus,A13
LA_E_3495380,1,ulaw,A17
LA_E_3495605,1,opus,A09
LA_E_3495671,1,pstn,A11
LA_E_3495967,1,pstn,A09
LA_E_3496147,1,pstn,A10
LA_E_3496373,1,opus,A13
LA_E_3496860,1,none,A14
LA_E_3497263,0,pstn,bonafide
LA_E_3497690,0,opus,bonafide
LA_E_3498556,0,pstn,bonafide
LA_E_3499346,0,g722,bonafide
LA_E_3500030,1,ulaw,A09
LA_E_3500343,1,g722,A18
LA_E_3500820,1,pstn,A19
LA_E_3501104,0,opus,bonafide
LA_E_3501962,1,ulaw,A11
LA_E_3502106,1,ulaw,A08
LA_E_3502158,1,g722,A15
LA_E_3502460,1,ulaw,A14
LA_E_3502673,1,ulaw,A15
LA_E_3503276,1,none,A10
LA_E_3503822,1,alaw,A14
LA_E_3503984,1,none,A15
LA_E_3504150,1,opus,A09
LA_E_3504993,1,alaw,A16
LA_E_3505060,1,pstn,A12
LA_E_3505430,0,ulaw,bonafide
LA_E_3505452,1,none,A07
LA_E_3505467,0,gsm,bonafide
LA_E_3505640,1,g722,A10
LA_E_3506284,0,opus,bonafide
LA_E_3506694,1,g722,A12
LA_E_3506731,1,ulaw,A07
LA_E_3506847,1,opus,A07
LA_E_3507071,1,pstn,A17
LA_E_3507131,1,pstn,A16
LA_E_3507161,1,ulaw,A17
LA_E_3507260,1,ulaw,A16
LA_E_3507312,1,pstn,A14
LA_E_3507740,1,gsm,A15
LA_E_3508039,1,g722,A07
LA_E_3509548,0,ulaw,bonafide
LA_E_3509805,1,ulaw,A08
LA_E_3510523,1,alaw,A07
LA_E_3511032,1,ulaw,A16
LA_E_3511565,1,alaw,A08
LA_E_3511573,1,alaw,A17
LA_E_3511599,1,opus,A07
LA_E_3511865,1,alaw,A07
LA_E_3511899,1,ulaw,A08
LA_E_3512117,1,none,A10
LA_E_3512468,1,ulaw,A10
LA_E_3512538,1,alaw,A11
LA_E_3512909,0,ulaw,bonafide
LA_E_3512991,1,alaw,A12
LA_E_3513032,1,g722,A15
LA_E_3513067,1,g722,A11
LA_E_3513674,1,g722,A10
LA_E_3513709,1,alaw,A15
LA_E_3513902,1,alaw,A14
LA_E_3514046,1,gsm,A13
LA_E_3514119,1,pstn,A07
LA_E_3514581,1,g722,A16
LA_E_3515466,1,g722,A13
LA_E_3515599,0,opus,bonafide
LA_E_3516200,1,opus,A10
LA_E_3516275,1,ulaw,A19
LA_E_3516557,1,opus,A08
LA_E_3516650,1,alaw,A16
LA_E_3516788,1,opus,A08
LA_E_3517266,1,gsm,A15
LA_E_3517276,1,none,A11
LA_E_3517419,1,alaw,A10
LA_E_3518460,1,gsm,A18
LA_E_3519319,1,pstn,A16
LA_E_3519939,0,ulaw,bonafide
LA_E_3520311,0,opus,bonafide
LA_E_3520470,1,ulaw,A19
LA_E_3520654,1,ulaw,A11
LA_E_3520846,1,alaw,A09
LA_E_3522589,1,ulaw,A07
LA_E_3522609,1,gsm,A10
LA_E_3523543,1,ulaw,A10
LA_E_3524001,1,g722,A12
LA_E_3524228,1,gsm,A16
LA_E_3524690,1,pstn,A09
LA_E_3525335,1,ulaw,A19
LA_E_3525566,1,gsm,A16
LA_E_3525685,0,none,bonafide
LA_E_3526192,1,ulaw,A14
LA_E_3526412,1,alaw,A18
LA_E_3526518,1,alaw,A13
LA_E_3528915,1,ulaw,A10
LA_E_3529062,1,g722,A12
LA_E_3529125,1,pstn,A11
LA_E_3529416,1,gsm,A10
LA_E_3529707,1,gsm,A18
LA_E_3529733,1,gsm,A11
LA_E_3529774,1,g722,A18
LA_E_3530267,1,alaw,A17
LA_E_3530524,0,pstn,bonafide
LA_E_3530943,1,gsm,A08
LA_E_3531885,1,none,A10
LA_E_3532671,1,ulaw,A16
LA_E_3532809,1,g722,A12
LA_E_3533313,1,g722,A17
LA_E_3533370,1,g722,A09
LA_E_3533692,1,ulaw,A12
LA_E_3534236,1,gsm,A17
LA_E_3534316,1,none,A11
LA_E_3534479,1,g722,A15
LA_E_3534697,1,gsm,A07
LA_E_3534704,1,opus,A10
LA_E_3535060,1,none,A16
LA_E_3535260,0,pstn,bonafide
LA_E_3535332,1,opus,A16
LA_E_3536483,1,opus,A11
LA_E_3536816,1,none,A14
LA_E_3536999,1,opus,A14
LA_E_3537511,0,ulaw,bonafide
LA_E_3537637,1,pstn,A07
LA_E_3537854,1,opus,A14
LA_E_3537877,1,g722,A16
LA_E_3538121,1,none,A13
LA_E_3538284,0,g722,bonafide
LA_E_3539151,1,gsm,A17
LA_E_3539676,1,none,A17
LA_E_3539746,1,g722,A10
LA_E_3539931,1,opus,A16
LA_E_3540170,1,gsm,A13
LA_E_3540444,1,pstn,A14
LA_E_3540516,1,ulaw,A14
LA_E_3540790,1,pstn,A07
LA_E_3541030,1,gsm,A15
LA_E_3541505,1,pstn,A16
LA_E_3542257,1,ulaw,A07
LA_E_3542608,1,pstn,A10
LA_E_3543267,1,pstn,A13
LA_E_3543569,1,ulaw,A16
LA_E_3543928,1,pstn,A11
LA_E_3544134,1,g722,A07
LA_E_3544137,1,gsm,A08
LA_E_3544517,0,pstn,bonafide
LA_E_3545580,0,pstn,bonafide
LA_E_3545585,1,alaw,A19
LA_E_3546690,0,opus,bonafide
LA_E_3546786,1,alaw,A16
LA_E_3547410,1,alaw,A17
LA_E_3547464,1,ulaw,A07
LA_E_3547823,0,opus,bonafide
LA_E_3548022,1,ulaw,A13
LA_E_3548230,1,alaw,A15
LA_E_3548643,1,opus,A15
LA_E_3549024,1,alaw,A11
LA_E_3549269,1,opus,A18
LA_E_3549928,1,pstn,A19
LA_E_3550267,1,none,A19
LA_E_3550763,1,gsm,A11
LA_E_3551972,1,g722,A18
LA_E_3552573,0,none,bonafide
LA_E_3553511,1,ulaw,A12
LA_E_3554384,1,opus,A10
LA_E_3554700,1,ulaw,A18
LA_E_3554854,1,gsm,A14
LA_E_3555739,1,gsm,A13
LA_E_3556213,1,gsm,A11
LA_E_3556453,1,ulaw,A17
LA_E_3556549,1,pstn,A11
LA_E_3557123,0,alaw,bonafide
LA_E_3557196,1,ulaw,A16
LA_E_3557294,1,none,A15
LA_E_3557855,1,g722,A10
LA_E_3557996,1,ulaw,A16
LA_E_3558277,1,g722,A09
LA_E_3558578,1,ulaw,A18
LA_E_3558772,1,none,A07
LA_E_3559183,0,none,bonafide
LA_E_3559907,1,ulaw,A16
LA_E_3559941,1,gsm,A08
LA_E_3560441,1,ulaw,A13
LA_E_3560537,1,pstn,A07
LA_E_3561137,1,ulaw,A12
LA_E_3561156,1,ulaw,A09
LA_E_3562104,1,opus,A13
LA_E_3562448,1,none,A18
LA_E_3562594,1,g722,A10
LA_E_3563091,1,g722,A19
LA_E_3563305,0,ulaw,bonafide
LA_E_3564036,0,opus,bonafide
LA_E_3564699,1,alaw,A10
LA_E_3564765,1,opus,A09
LA_E_3565481,1,none,A10
LA_E_3565661,1,none,A12
LA_E_3566290,1,alaw,A17
LA_E_3566349,1,none,A14
LA_E_3566372,1,opus,A19
LA_E_3566723,1,pstn,A14
LA_E_3566923,1,ulaw,A07
LA_E_3567150,1,opus,A13
LA_E_3567184,1,pstn,A07
LA_E_3567293,0,gsm,bonafide
LA_E_3567662,1,none,A08
LA_E_3568997,1,pstn,A11
LA_E_3569223,1,opus,A09
LA_E_3569584,1,g722,A10
LA_E_3569646,1,ulaw,A07
LA_E_3570178,1,gsm,A10
LA_E_3570297,1,ulaw,A09
LA_E_3571117,0,none,bonafide
LA_E_3571232,1,ulaw,A09
LA_E_3571627,1,opus,A13
LA_E_3572213,1,none,A19
LA_E_3572538,1,pstn,A08
LA_E_3572627,0,gsm,bonafide
LA_E_3572933,1,opus,A11
LA_E_3574491,1,g722,A12
LA_E_3574536,1,gsm,A13
LA_E_3574581,1,g722,A19
LA_E_3575232,1,gsm,A18
LA_E_3575659,1,alaw,A17
LA_E_3576217,1,gsm,A15
LA_E_3576467,1,opus,A18
LA_E_3576730,1,opus,A08
LA_E_3577197,1,ulaw,A07
LA_E_3577791,1,alaw,A16
LA_E_3578360,1,alaw,A07
LA_E_3578576,1,gsm,A10
LA_E_3579020,1,gsm,A18
LA_E_3579556,1,pstn,A16
LA_E_3581568,0,g722,bonafide
LA_E_3582833,1,alaw,A17
LA_E_3583772,1,g722,A18
LA_E_3583861,1,pstn,A17
LA_E_3583986,1,g722,A08
LA_E_3584609,1,gsm,A16
LA_E_3584665,1,pstn,A10
LA_E_3584758,0,g722,bonafide
LA_E_3584864,0,opus,bonafide
LA_E_3584933,1,none,A10
LA_E_3585048,1,pstn,A15
LA_E_3585144,1,pstn,A11
LA_E_3585170,1,opus,A15
LA_E_3585317,1,pstn,A19
LA_E_3585421,1,opus,A16
LA_E_3585634,1,pstn,A16
LA_E_3585910,0,g722,bonafide
LA_E_3585950,1,g722,A13
LA_E_3586488,1,none,A17
LA_E_3586520,1,gsm,A12
LA_E_3586688,1,none,A16
LA_E_3586919,1,alaw,A07
LA_E_3587010,1,opus,A08
LA_E_3587217,0,g722,bonafide
LA_E_3587992,1,gsm,A19
LA_E_3588055,1,ulaw,A16
LA_E_3588822,1,g722,A16
LA_E_3588981,1,g722,A10
LA_E_3589209,1,opus,A08
LA_E_3589235,1,opus,A09
LA_E_3589471,1,ulaw,A17
LA_E_3589772,1,opus,A15
LA_E_3589944,1,pstn,A18
LA_E_3589993,1,gsm,A08
LA_E_3590040,1,alaw,A15
LA_E_3590433,1,none,A09
LA_E_3590479,0,none,bonafide
LA_E_3590787,1,pstn,A19
LA_E_3591062,0,pstn,bonafide
LA_E_3591584,0,alaw,bonafide
LA_E_3591595,1,pstn,A13
LA_E_3591638,1,alaw,A12
LA_E_3591774,0,ulaw,bonafide
LA_E_3592465,0,gsm,bonafide
LA_E_3592785,1,opus,A18
LA_E_3593251,1,gsm,A14
LA_E_3593623,1,gsm,A16
LA_E_3593799,1,gsm,A07
LA_E_3594428,1,none,A13
LA_E_3595072,1,opus,A17
LA_E_3595366,1,gsm,A07
LA_E_3595369,1,opus,A10
LA_E_3595920,1,g722,A19
LA_E_3596572,1,ulaw,A16
LA_E_3596604,0,none,bonafide
LA_E_3596640,1,ulaw,A13
LA_E_3596853,1,alaw,A19
LA_E_3597420,1,g722,A14
LA_E_3597974,1,gsm,A09
LA_E_3598597,1,gsm,A12
LA_E_3598659,1,gsm,A16
LA_E_3598992,0,opus,bonafide
LA_E_3599393,1,alaw,A10
LA_E_3599809,0,opus,bonafide
LA_E_3600121,0,opus,bonafide
LA_E_3601076,1,gsm,A17
LA_E_3601728,1,opus,A16
LA_E_3601739,1,none,A16
LA_E_3602103,1,alaw,A14
LA_E_3602232,1,opus,A19
LA_E_3602259,1,ulaw,A13
LA_E_3602558,1,pstn,A16
LA_E_3604200,1,g722,A10
LA_E_3605044,1,pstn,A19
LA_E_3606263,1,opus,A16
LA_E_3606339,1,alaw,A17
LA_E_3607330,1,none,A11
LA_E_3607602,1,gsm,A11
LA_E_3608977,1,g722,A12
LA_E_3609025,1,opus,A14
LA_E_3609030,1,pstn,A14
LA_E_3609559,1,none,A09
LA_E_3610129,0,gsm,bonafide
LA_E_3610233,1,gsm,A08
LA_E_3610365,1,gsm,A14
LA_E_3610536,1,pstn,A07
LA_E_3610769,1,pstn,A09
LA_E_3611240,1,ulaw,A15
LA_E_3611689,1,ulaw,A13
LA_E_3611842,1,ulaw,A07
LA_E_3612281,1,ulaw,A09
LA_E_3612372,1,opus,A11
LA_E_3612373,1,g722,A11
LA_E_3612649,0,g722,bonafide
LA_E_3612853,1,alaw,A13
LA_E_3614298,1,none,A07
LA_E_3614880,0,ulaw,bonafide
LA_E_3615070,1,g722,A13
LA_E_3615612,1,alaw,A18
LA_E_3615792,0,gsm,bonafide
LA_E_3616227,1,ulaw,A10
LA_E_3616348,0,opus,bonafide
LA_E_3616621,1,g722,A16
LA_E_3617267,0,ulaw,bonafide
LA_E_3617541,1,g722,A19
LA_E_3617632,1,gsm,A15
LA_E_3617675,1,pstn,A11
LA_E_3618004,1,none,A10
LA_E_3618339,0,gsm,bonafide
LA_E_3618512,1,none,A17
LA_E_3618546,1,none,A08
LA_E_3618629,0,ulaw,bonafide
LA_E_3618936,1,gsm,A09
LA_E_3620837,1,g722,A15
LA_E_3620909,1,gsm,A08
LA_E_3621152,1,none,A19
LA_E_3621292,1,none,A12
LA_E_3621379,1,alaw,A10
LA_E_3621600,1,pstn,A11
LA_E_3622122,1,alaw,A16
LA_E_3622294,1,pstn,A13
LA_E_3622748,1,opus,A19
LA_E_3623595,1,opus,A18
LA_E_3623656,1,g722,A14
LA_E_3623674,1,pstn,A19
LA_E_3623756,1,opus,A07
LA_E_3624008,1,ulaw,A08
LA_E_3624225,1,gsm,A12
LA_E_3624351,1,gsm,A10
LA_E_3624364,1,g722,A10
LA_E_3624662,0,alaw,bonafide
LA_E_3625148,1,opus,A11
LA_E_3625162,1,gsm,A12
LA_E_3625590,1,opus,A10
LA_E_3627127,1,ulaw,A17
LA_E_3627239,1,gsm,A10
LA_E_3628145,1,alaw,A17
LA_E_3628308,1,gsm,A15
LA_E_3628354,0,g722,bonafide
LA_E_3628440,1,ulaw,A18
LA_E_3628746,1,none,A18
LA_E_3629005,0,ulaw,bonafide
LA_E_3629532,1,opus,A17
LA_E_3629907,1,gsm,A17
LA_E_3630092,1,opus,A12
LA_E_3630254,1,opus,A17
LA_E_3630504,1,alaw,A19
LA_E_3630624,1,g722,A14
LA_E_3630817,1,none,A18
LA_E_3631435,1,opus,A14
LA_E_3632144,1,opus,A13
LA_E_3632201,1,none,A15
LA_E_3632576,1,g722,A17
LA_E_3633335,0,opus,bonafide
LA_E_3633496,1,pstn,A15
LA_E_3635214,1,g722,A07
LA_E_3636033,1,opus,A08
LA_E_3636104,1,gsm,A10
LA_E_3636155,1,g722,A09
LA_E_3636328,1,opus,A18
LA_E_3636562,1,g722,A13
LA_E_3636638,1,pstn,A17
LA_E_3637235,1,ulaw,A14
LA_E_3637477,1,ulaw,A15
LA_E_3637918,1,alaw,A15
LA_E_3638123,1,ulaw,A16
LA_E_3638677,1,alaw,A14
LA_E_3639493,0,alaw,bonafide
LA_E_3640119,1,pstn,A12
LA_E_3641181,1,none,A18
LA_E_3641430,1,none,A13
LA_E_3641624,1,opus,A14
LA_E_3642063,1,ulaw,A07
LA_E_3642366,1,alaw,A16
LA_E_3643017,1,ulaw,A12
LA_E_3643385,1,alaw,A12
LA_E_3643942,1,pstn,A16
LA_E_3644116,0,gsm,bonafide
LA_E_3644239,1,ulaw,A18
LA_E_3644394,1,ulaw,A10
LA_E_3645015,0,opus,bonafide
LA_E_3645808,1,ulaw,A18
LA_E_3645928,1,g722,A14
LA_E_3646284,1,opus,A13
LA_E_3646315,1,none,A07
LA_E_3646340,1,alaw,A13
LA_E_3646383,1,g722,A13
LA_E_3646552,1,g722,A07
LA_E_3647640,1,alaw,A08
LA_E_3647658,1,opus,A09
LA_E_3647834,1,ulaw,A10
LA_E_3648066,1,ulaw,A17
LA_E_3649084,0,ulaw,bonafide
LA_E_3649124,1,g722,A10
LA_E_3649235,1,opus,A10
LA_E_3649894,1,gsm,A11
LA_E_3650022,1,ulaw,A16
LA_E_3650105,1,ulaw,A12
LA_E_3650374,0,gsm,bonafide
LA_E_3650460,1,gsm,A17
LA_E_3650734,1,pstn,A17
LA_E_3650792,1,gsm,A18
LA_E_3651392,1,pstn,A19
LA_E_3651439,1,opus,A15
LA_E_3652019,0,alaw,bonafide
LA_E_3652272,1,opus,A18
LA_E_3652618,1,pstn,A10
LA_E_3653099,1,ulaw,A19
LA_E_3653504,1,pstn,A08
LA_E_3654157,1,gsm,A13
LA_E_3654303,1,g722,A09
LA_E_3654597,1,gsm,A08
LA_E_3655342,1,alaw,A09
LA_E_3655422,1,ulaw,A08
LA_E_3655772,0,ulaw,bonafide
LA_E_3655778,1,ulaw,A07
LA_E_3656487,0,opus,bonafide
LA_E_3656642,1,pstn,A16
LA_E_3657418,1,opus,A09
LA_E_3657465,0,gsm,bonafide
LA_E_3657555,1,none,A09
LA_E_3657856,1,pstn,A18
LA_E_3658705,1,none,A19
LA_E_3658845,1,g722,A16
LA_E_3658869,1,alaw,A07
LA_E_3659976,0,opus,bonafide
LA_E_3660372,1,g722,A12
LA_E_3660427,1,ulaw,A08
LA_E_3661046,1,gsm,A12
LA_E_3661414,1,alaw,A10
LA_E_3662134,1,g722,A18
LA_E_3662878,1,pstn,A17
LA_E_3662898,1,gsm,A09
LA_E_3663032,1,opus,A19
LA_E_3663036,1,gsm,A14
LA_E_3663359,0,gsm,bonafide
LA_E_3663511,1,alaw,A14
LA_E_3664452,1,opus,A14
LA_E_3664630,1,alaw,A16
LA_E_3665024,1,pstn,A12
LA_E_3665060,1,none,A12
LA_E_3665251,1,alaw,A18
LA_E_3665294,1,gsm,A15
LA_E_3665534,1,ulaw,A07
LA_E_3665868,1,gsm,A09
LA_E_3667533,1,opus,A15
LA_E_3668436,1,pstn,A11
LA_E_3669058,1,none,A15
LA_E_3669106,1,opus,A11
LA_E_3669381,1,g722,A08
LA_E_3669423,1,gsm,A19
LA_E_3669986,1,opus,A07
LA_E_3670234,1,g722,A19
LA_E_3670994,1,opus,A08
LA_E_3671648,1,opus,A16
LA_E_3672122,1,opus,A09
LA_E_3672198,1,ulaw,A07
LA_E_3672342,1,ulaw,A10
LA_E_3672442,1,alaw,A13
LA_E_3672715,1,gsm,A12
LA_E_3673054,1,alaw,A16
LA_E_3673139,1,pstn,A18
LA_E_3673160,1,opus,A07
LA_E_3673342,1,ulaw,A09
LA_E_3673838,1,alaw,A17
LA_E_3674535,1,opus,A18
LA_E_3674773,1,opus,A11
LA_E_3675792,1,gsm,A12
LA_E_3676078,1,none,A08
LA_E_3676608,1,gsm,A16
LA_E_3677047,1,none,A14
LA_E_3677437,1,ulaw,A16
LA_E_3677537,1,g722,A11
LA_E_3677578,1,none,A18
LA_E_3677738,1,gsm,A14
LA_E_3679106,0,gsm,bonafide
LA_E_3679144,1,none,A16
LA_E_3679310,1,g722,A15
LA_E_3679442,1,opus,A11
LA_E_3680823,0,gsm,bonafide
LA_E_3680832,1,alaw,A14
LA_E_3681131,1,ulaw,A07
LA_E_3681242,1,pstn,A16
LA_E_3681267,1,alaw,A11
LA_E_3681299,1,g722,A07
LA_E_3681617,1,ulaw,A16
LA_E_3681621,1,gsm,A07
LA_E_3681993,1,ulaw,A13
LA_E_3682130,0,ulaw,bonafide
LA_E_3682805,0,opus,bonafide
LA_E_3683595,1,ulaw,A10
LA_E_3683596,0,opus,bonafide
LA_E_3683791,1,opus,A14
LA_E_3684283,1,none,A18
LA_E_3685119,1,none,A18
LA_E_3685333,1,opus,A15
LA_E_3685837,1,alaw,A12
LA_E_3686063,1,g722,A18
LA_E_3686411,1,gsm,A19
LA_E_3687277,1,g722,A17
LA_E_3688108,1,g722,A08
LA_E_3688563,1,pstn,A17
LA_E_3689663,1,none,A18
LA_E_3690149,1,g722,A14
LA_E_3690392,1,opus,A12
LA_E_3690462,1,opus,A12
LA_E_3691582,0,ulaw,bonafide
LA_E_3691966,1,alaw,A18
LA_E_3692006,1,ulaw,A16
LA_E_3692604,0,none,bonafide
LA_E_3692708,1,gsm,A14
LA_E_3692963,1,ulaw,A16
LA_E_3693210,1,pstn,A09
LA_E_3694445,1,ulaw,A10
LA_E_3694860,1,g722,A14
LA_E_3694934,1,none,A09
LA_E_3695021,1,g722,A16
LA_E_3696258,1,opus,A14
LA_E_3696334,1,gsm,A17
LA_E_3696756,1,gsm,A11
LA_E_3696811,1,pstn,A11
LA_E_3697360,1,ulaw,A09
LA_E_3697956,1,ulaw,A12
LA_E_3698843,1,opus,A13
LA_E_3699487,1,pstn,A08
LA_E_3699712,1,alaw,A08
LA_E_3699970,1,gsm,A13
LA_E_3700775,1,gsm,A13
LA_E_3701212,1,gsm,A07
LA_E_3701315,1,none,A14
LA_E_3701647,1,gsm,A07
LA_E_3702112,1,ulaw,A19
LA_E_3702454,1,g722,A13
LA_E_3702934,1,pstn,A13
LA_E_3703454,1,alaw,A19
LA_E_3704430,1,pstn,A18
LA_E_3705294,1,pstn,A10
LA_E_3705795,1,ulaw,A19
LA_E_3705929,1,alaw,A09
LA_E_3706100,1,opus,A19
LA_E_3706725,0,pstn,bonafide
LA_E_3706767,1,none,A16
LA_E_3707033,1,ulaw,A15
LA_E_3708586,1,alaw,A16
LA_E_3708748,1,g722,A18
LA_E_3709101,1,pstn,A16
LA_E_3709280,1,pstn,A19
LA_E_3709580,1,g722,A15
LA_E_3709639,1,opus,A09
LA_E_3709844,1,ulaw,A09
LA_E_3710150,1,none,A09
LA_E_3710799,0,gsm,bonafide
LA_E_3711570,1,gsm,A08
LA_E_3711808,1,alaw,A13
LA_E_3711820,1,alaw,A17
LA_E_3712625,1,ulaw,A11
LA_E_3713430,0,ulaw,bonafide
LA_E_3713871,1,gsm,A15
LA_E_3714067,1,gsm,A17
LA_E_3714440,1,ulaw,A12
LA_E_3714765,1,none,A18
LA_E_3715028,1,alaw,A18
LA_E_3715168,0,ulaw,bonafide
LA_E_3715774,1,gsm,A09
LA_E_3716306,1,ulaw,A15
LA_E_3716344,1,opus,A16
LA_E_3716478,1,g722,A13
LA_E_3716639,1,ulaw,A15
LA_E_3716853,1,gsm,A10
LA_E_3716967,1,ulaw,A14
LA_E_3717311,1,opus,A18
LA_E_3717417,1,alaw,A15
LA_E_3717891,0,g722,bonafide
LA_E_3718208,1,opus,A17
LA_E_3718488,1,ulaw,A14
LA_E_3719132,1,gsm,A16
LA_E_3719460,1,gsm,A09
LA_E_3720014,1,none,A12
LA_E_3720480,1,opus,A19
LA_E_3720758,0,pstn,bonafide
LA_E_3720947,1,none,A13
LA_E_3721096,1,opus,A18
LA_E_3721144,1,ulaw,A10
LA_E_3721635,1,none,A09
LA_E_3722410,1,opus,A17
LA_E_3722846,1,gsm,A19
LA_E_3722869,1,none,A09
LA_E_3723010,1,ulaw,A07
LA_E_3723091,1,pstn,A12
LA_E_3723631,1,gsm,A08
LA_E_3723854,1,gsm,A12
LA_E_3724331,1,gsm,A15
LA_E_3724698,1,gsm,A18
LA_E_3725101,1,pstn,A19
LA_E_3725886,1,opus,A16
LA_E_3726533,1,opus,A15
LA_E_3726779,1,pstn,A13
LA_E_3726973,1,opus,A13
LA_E_3727085,1,gsm,A17
LA_E_3727239,1,alaw,A08
LA_E_3727248,1,none,A10
LA_E_3727403,1,gsm,A19
LA_E_3727882,1,gsm,A10
LA_E_3728632,1,alaw,A16
LA_E_3729064,1,g722,A11
LA_E_3729615,1,none,A08
LA_E_3729754,1,pstn,A17
LA_E_3730759,1,gsm,A09
LA_E_3731683,1,none,A17
LA_E_3731693,1,ulaw,A10
LA_E_3732200,1,ulaw,A17
LA_E_3733099,1,opus,A16
LA_E_3733291,1,opus,A14
LA_E_3733477,0,gsm,bonafide
LA_E_3733917,1,gsm,A15
LA_E_3734100,1,ulaw,A17
LA_E_3734168,1,none,A19
LA_E_3734348,1,pstn,A14
LA_E_3735183,1,opus,A10
LA_E_3735300,1,g722,A14
LA_E_3735741,1,opus,A18
LA_E_3735956,0,pstn,bonafide
LA_E_3736088,1,opus,A08
LA_E_3736196,1,gsm,A14
LA_E_3737206,1,opus,A18
LA_E_3737601,1,gsm,A18
LA_E_3738319,1,opus,A11
LA_E_3738851,1,alaw,A14
LA_E_3739487,1,g722,A18
LA_E_3739604,1,ulaw,A08
LA_E_3739625,1,ulaw,A13
LA_E_3740217,1,opus,A07
LA_E_3741061,1,g722,A17
LA_E_3741475,1,ulaw,A19
LA_E_3741534,1,g722,A08
LA_E_3741708,1,pstn,A12
LA_E_3742206,1,g722,A09
LA_E_3742346,0,pstn,bonafide
LA_E_3742554,1,none,A17
LA_E_3742617,0,gsm,bonafide
LA_E_3742622,1,gsm,A10
LA_E_3742744,1,g722,A11
LA_E_3742855,1,ulaw,A15
LA_E_3742987,1,g722,A15
LA_E_3743259,1,ulaw,A07
LA_E_3743376,1,ulaw,A07
LA_E_3744113,1,ulaw,A18
LA_E_3744339,0,none,bonafide
LA_E_3744890,1,gsm,A11
LA_E_3745011,1,pstn,A08
LA_E_3746255,1,none,A11
LA_E_3747571,1,pstn,A16
LA_E_3747597,1,pstn,A07
LA_E_3747638,1,none,A07
LA_E_3748300,1,ulaw,A19
LA_E_3748604,1,gsm,A13
LA_E_3748735,1,opus,A14
LA_E_3749834,1,alaw,A09
LA_E_3750213,1,none,A15
LA_E_3750302,0,alaw,bonafide
LA_E_3750311,1,ulaw,A16
LA_E_3750369,1,g722,A11
LA_E_3750983,0,gsm,bonafide
LA_E_3751489,1,opus,A08
LA_E_3752024,1,gsm,A13
LA_E_3752125,1,pstn,A09
LA_E_3752394,1,opus,A18
LA_E_3753136,1,ulaw,A13
LA_E_3754009,1,opus,A09
LA_E_3754393,1,alaw,A08
LA_E_3755363,1,g722,A14
LA_E_3755573,1,opus,A13
LA_E_3755709,1,gsm,A17
LA_E_3756083,0,gsm,bonafide
LA_E_3756220,1,ulaw,A15
LA_E_3756418,1,gsm,A12
LA_E_3756717,1,pstn,A15
LA_E_3756743,1,gsm,A07
LA_E_3757029,0,g722,bonafide
LA_E_3757166,0,alaw,bonafide
LA_E_3757332,1,none,A10
LA_E_3757366,1,opus,A13
LA_E_3758314,1,alaw,A07
LA_E_3758473,1,ulaw,A08
LA_E_3758509,1,gsm,A18
LA_E_3758626,1,gsm,A11
LA_E_3759026,1,gsm,A14
LA_E_3759214,0,g722,bonafide
LA_E_3759462,0,opus,bonafide
LA_E_3759786,1,none,A16
LA_E_3760224,1,pstn,A11
LA_E_3760399,1,ulaw,A12
LA_E_3760504,1,none,A14
LA_E_3762245,1,gsm,A11
LA_E_3762404,0,ulaw,bonafide
LA_E_3762974,0,gsm,bonafide
LA_E_3763253,1,gsm,A10
LA_E_3763412,1,gsm,A18
LA_E_3763908,1,opus,A12
LA_E_3764046,1,ulaw,A11
LA_E_3764254,1,gsm,A13
LA_E_3764402,1,ulaw,A11
LA_E_3765852,1,ulaw,A18
LA_E_3766336,1,ulaw,A09
LA_E_3766359,1,ulaw,A08
LA_E_3766459,1,ulaw,A10
LA_E_3767131,1,ulaw,A09
LA_E_3767317,1,g722,A10
LA_E_3767587,1,alaw,A10
LA_E_3768179,0,alaw,bonafide
LA_E_3768347,1,gsm,A17
LA_E_3768705,1,ulaw,A17
LA_E_3768812,1,alaw,A11
LA_E_3769170,1,none,A08
LA_E_3769956,1,g722,A12
LA_E_3770403,0,none,bonafide
LA_E_3770696,1,ulaw,A19
LA_E_3771614,0,gsm,bonafide
LA_E_3772674,1,opus,A19
LA_E_3773653,1,gsm,A15
LA_E_3774390,1,gsm,A14
LA_E_3774615,1,g722,A15
LA_E_3774724,1,alaw,A09
LA_E_3774742,1,gsm,A09
LA_E_3774875,1,opus,A12
LA_E_3774975,1,ulaw,A15
LA_E_3775457,1,g722,A11
LA_E_3775886,1,opus,A12
LA_E_3775952,1,alaw,A12
LA_E_3776815,0,gsm,bonafide
LA_E_3777192,1,opus,A16
LA_E_3777691,1,opus,A14
LA_E_3778788,1,opus,A16
LA_E_3778824,0,none,bonafide
LA_E_3778855,1,ulaw,A09
LA_E_3778962,1,g722,A11
LA_E_3779052,1,opus,A15
LA_E_3779385,1,g722,A17
LA_E_3779795,1,g722,A16
LA_E_3780597,1,gsm,A07
LA_E_3780831,1,gsm,A17
LA_E_3780972,1,gsm,A16
LA_E_3781181,1,alaw,A17
LA_E_3781486,0,g722,bonafide
LA_E_3782331,1,pstn,A16
LA_E_3782499,1,gsm,A18
LA_E_3783194,1,opus,A16
LA_E_3783877,1,gsm,A14
LA_E_3784512,1,opus,A10
LA_E_3784598,1,ulaw,A07
LA_E_3785265,1,opus,A10
LA_E_3785267,1,opus,A07
LA_E_3785333,1,pstn,A17
LA_E_3785421,1,none,A16
LA_E_3787926,1,opus,A10
LA_E_3788884,1,gsm,A09
LA_E_3789088,1,opus,A11
LA_E_3789176,1,gsm,A18
LA_E_3789511,1,opus,A10
LA_E_3789664,1,g722,A13
LA_E_3789772,0,gsm,bonafide
LA_E_3790494,1,ulaw,A14
LA_E_3790548,1,none,A18
LA_E_3790559,1,opus,A17
LA_E_3790741,1,alaw,A08
LA_E_3790820,0,none,bonafide
LA_E_3791626,1,ulaw,A13
LA_E_3791627,1,pstn,A07
LA_E_3791977,1,gsm,A08
LA_E_3792165,0,g722,bonafide
LA_E_3792187,1,pstn,A19
LA_E_3792851,1,ulaw,A15
LA_E_3794234,0,g722,bonafide
LA_E_3794360,1,opus,A18
LA_E_3794414,1,opus,A09
LA_E_3794966,0,none,bonafide
LA_E_3795347,1,ulaw,A18
LA_E_3795367,1,opus,A08
LA_E_3796355,1,gsm,A10
LA_E_3796719,1,opus,A08
LA_E_3797531,1,pstn,A09
LA_E_3798372,1,gsm,A10
LA_E_3799411,1,opus,A07
LA_E_3799473,1,pstn,A17
LA_E_3799872,1,none,A13
LA_E_3800640,0,pstn,bonafide
LA_E_3801530,1,opus,A14
LA_E_3801638,0,alaw,bonafide
LA_E_3801677,1,ulaw,A08
LA_E_3802107,0,ulaw,bonafide
LA_E_3802252,1,ulaw,A14
LA_E_3802455,1,opus,A16
LA_E_3803157,0,opus,bonafide
LA_E_3803914,1,opus,A10
LA_E_3804399,1,ulaw,A11
LA_E_3805069,1,none,A10
LA_E_3805461,1,none,A14
LA_E_3806193,0,pstn,bonafide
LA_E_3806451,0,opus,bonafide
LA_E_3806554,1,g722,A17
LA_E_3806749,1,ulaw,A14
LA_E_3807469,0,opus,bonafide
LA_E_3807703,1,gsm,A12
LA_E_3807709,1,alaw,A17
LA_E_3807907,1,pstn,A18
LA_E_3808324,1,g722,A14
LA_E_3808785,1,g722,A18
LA_E_3808890,1,opus,A19
LA_E_3809664,0,ulaw,bonafide
LA_E_3809698,0,ulaw,bonafide
LA_E_3810174,1,ulaw,A18
LA_E_3810302,1,opus,A15
LA_E_3811119,1,ulaw,A12
LA_E_3811204,1,gsm,A11
LA_E_3811929,0,gsm,bonafide
LA_E_3812263,0,ulaw,bonafide
LA_E_3812352,1,none,A12
LA_E_3812559,1,gsm,A09
LA_E_3812895,1,alaw,A07
LA_E_3813223,1,gsm,A19
LA_E_3813424,1,opus,A14
LA_E_3813721,1,opus,A12
LA_E_3814027,0,opus,bonafide
LA_E_3814511,1,alaw,A09
LA_E_3814814,1,gsm,A16
LA_E_3815264,1,pstn,A16
LA_E_3815608,1,ulaw,A12
LA_E_3815753,1,ulaw,A15
LA_E_3816666,1,g722,A10
LA_E_3817220,1,none,A10
LA_E_3817408,1,pstn,A11
LA_E_3817430,1,gsm,A07
LA_E_3817945,1,ulaw,A10
LA_E_3818168,1,opus,A17
LA_E_3819345,0,ulaw,bonafide
LA_E_3820650,1,ulaw,A11
LA_E_3820783,0,pstn,bonafide
LA_E_3821150,1,ulaw,A09
LA_E_3821590,1,ulaw,A17
LA_E_3821600,1,opus,A19
LA_E_3822140,1,ulaw,A17
LA_E_3822876,1,alaw,A09
LA_E_3823095,1,gsm,A09
LA_E_3823382,1,ulaw,A16
LA_E_3823383,1,opus,A10
LA_E_3824063,1,gsm,A11
LA_E_3825028,1,none,A13
LA_E_3825080,1,ulaw,A17
LA_E_3825187,1,pstn,A14
LA_E_3825956,1,alaw,A07
LA_E_3826275,1,ulaw,A12
LA_E_3826424,1,ulaw,A08
LA_E_3826604,1,opus,A18
LA_E_3826684,1,gsm,A17
LA_E_3826722,1,none,A11
LA_E_3826934,1,gsm,A11
LA_E_3826981,1,g722,A16
LA_E_3827469,1,pstn,A15
LA_E_3827694,1,opus,A16
LA_E_3827764,1,ulaw,A15
LA_E_3828224,1,gsm,A14
LA_E_3828276,1,gsm,A12
LA_E_3828725,1,gsm,A13
LA_E_3828835,1,none,A14
LA_E_3828845,1,ulaw,A19
LA_E_3830157,0,opus,bonafide
LA_E_3831175,1,ulaw,A07
LA_E_3831665,1,pstn,A07
LA_E_3831927,1,opus,A16
LA_E_3832151,1,gsm,A15
LA_E_3832332,1,gsm,A11
LA_E_3832714,0,ulaw,bonafide
LA_E_3832969,1,opus,A19
LA_E_3833295,1,pstn,A14
LA_E_3833696,1,gsm,A16
LA_E_3833846,0,gsm,bonafide
LA_E_3834079,1,g722,A07
LA_E_3834095,1,opus,A11
LA_E_3834115,1,gsm,A07
LA_E_3834188,1,g722,A12
LA_E_3835193,1,opus,A13
LA_E_3835884,1,opus,A14
LA_E_3835993,1,g722,A08
LA_E_3836071,0,pstn,bonafide
LA_E_3836509,1,gsm,A15
LA_E_3836932,1,ulaw,A18
LA_E_3837244,1,gsm,A10
LA_E_3837423,1,gsm,A16
LA_E_3839257,1,gsm,A18
LA_E_3839682,0,gsm,bonafide
LA_E_3839745,1,opus,A15
LA_E_3839835,1,ulaw,A11
LA_E_3839856,1,opus,A18
LA_E_3840325,1,gsm,A15
LA_E_3841660,1,gsm,A14
LA_E_3842069,1,opus,A16
LA_E_3842321,1,ulaw,A13
LA_E_3842419,0,pstn,bonafide
LA_E_3842659,1,opus,A09
LA_E_3842923,1,ulaw,A14
LA_E_3843282,1,gsm,A13
LA_E_3844743,1,pstn,A08
LA_E_3845645,1,opus,A17
LA_E_3845863,1,gsm,A08
LA_E_3845972,0,opus,bonafide
LA_E_3846789,1,ulaw,A07
LA_E_3846963,0,gsm,bonafide
LA_E_3847022,0,alaw,bonafide
LA_E_3847264,1,gsm,A11
LA_E_3847577,1,opus,A16
LA_E_3847910,1,ulaw,A17
LA_E_3847948,1,gsm,A07
LA_E_3848826,1,none,A07
LA_E_3849330,1,none,A13
LA_E_3849571,1,opus,A18
LA_E_3849871,0,pstn,bonafide
LA_E_3850068,1,g722,A10
LA_E_3850099,0,opus,bonafide
LA_E_3850362,1,gsm,A07
LA_E_3851467,1,pstn,A11
LA_E_3851783,1,gsm,A14
LA_E_3851881,1,none,A16
LA_E_3851910,1,opus,A10
LA_E_3852928,1,ulaw,A13
LA_E_3853314,1,ulaw,A17
LA_E_3853433,1,none,A14
LA_E_3853899,1,opus,A07
LA_E_3855116,1,ulaw,A08
LA_E_3855245,1,opus,A11
LA_E_3855875,1,opus,A12
LA_E_3856291,0,alaw,bonafide
LA_E_3856569,0,ulaw,bonafide
LA_E_3856741,1,pstn,A07
LA_E_3857084,0,pstn,bonafide
LA_E_3857740,1,ulaw,A19
LA_E_3857928,1,gsm,A08
LA_E_3857938,1,alaw,A18
LA_E_3858473,1,none,A07
LA_E_3858523,1,none,A14
LA_E_3858974,1,alaw,A13
LA_E_3860101,1,gsm,A08
LA_E_3860615,1,alaw,A14
LA_E_3860683,0,gsm,bonafide
LA_E_3861849,1,alaw,A11
LA_E_3861864,1,gsm,A19
LA_E_3862416,1,ulaw,A07
LA_E_3862611,1,none,A19
LA_E_3862861,1,g722,A16
LA_E_3863186,1,ulaw,A15
LA_E_3863197,1,g722,A12
LA_E_3863328,1,pstn,A19
LA_E_3863621,0,none,bonafide
LA_E_3864095,1,gsm,A07
LA_E_3864398,1,opus,A17
LA_E_3865450,0,alaw,bonafide
LA_E_3865541,1,gsm,A18
LA_E_3866031,1,opus,A10
LA_E_3867560,1,ulaw,A18
LA_E_3867679,0,g722,bonafide
LA_E_3869547,0,opus,bonafide
LA_E_3870429,1,opus,A10
LA_E_3870473,1,none,A15
LA_E_3870635,1,pstn,A14
LA_E_3870846,1,ulaw,A11
LA_E_3870877,1,alaw,A11
LA_E_3871078,1,ulaw,A16
LA_E_3871956,1,none,A18
LA_E_3872192,1,opus,A13
LA_E_3872538,1,ulaw,A08
LA_E_3872937,1,ulaw,A19
LA_E_3873461,0,none,bonafide
LA_E_3873574,1,gsm,A12
LA_E_3874078,1,opus,A07
LA_E_3874658,1,opus,A11
LA_E_3874779,1,g722,A07
LA_E_3875803,1,gsm,A09
LA_E_3875879,1,ulaw,A10
LA_E_3876199,0,ulaw,bonafide
LA_E_3876354,1,opus,A08
LA_E_3876453,1,g722,A07
LA_E_3876515,1,gsm,A10
LA_E_3877192,1,alaw,A10
LA_E_3877199,1,opus,A13
LA_E_3877466,1,gsm,A17
LA_E_3877644,0,alaw,bonafide
LA_E_3877739,1,opus,A12
LA_E_3877764,1,ulaw,A09
LA_E_3878123,1,opus,A16
LA_E_3878326,1,g722,A13
LA_E_3878535,1,pstn,A19
LA_E_3879383,0,alaw,bonafide
LA_E_3879418,1,pstn,A12
LA_E_3879676,1,gsm,A15
LA_E_3879901,1,none,A09
LA_E_3879946,1,pstn,A17
LA_E_3880926,1,opus,A10
LA_E_3880953,1,alaw,A16
LA_E_3881618,1,ulaw,A14
LA_E_3881905,1,none,A11
LA_E_3882210,1,opus,A11
LA_E_3883012,1,pstn,A14
LA_E_3883017,1,opus,A19
LA_E_3883154,1,alaw,A07
LA_E_3883383,1,opus,A13
LA_E_3883595,1,none,A10
LA_E_3883636,1,gsm,A16
LA_E_3883908,0,gsm,bonafide
LA_E_3883936,1,gsm,A13
LA_E_3884238,1,gsm,A17
LA_E_3884325,1,gsm,A08
LA_E_3884880,1,gsm,A12
LA_E_3885502,1,opus,A10
LA_E_3886468,1,alaw,A17
LA_E_3886536,1,g722,A09
LA_E_3887590,1,alaw,A15
LA_E_3887821,1,opus,A13
LA_E_3888280,1,gsm,A08
LA_E_3888660,1,opus,A19
LA_E_3888892,1,gsm,A09
LA_E_3889105,1,g722,A19
LA_E_3889614,1,none,A13
LA_E_3890064,0,g722,bonafide
LA_E_3890090,1,opus,A07
LA_E_3890749,1,ulaw,A07
LA_E_3890900,1,gsm,A07
LA_E_3891682,1,gsm,A17
LA_E_3893146,1,gsm,A19
LA_E_3893173,1,gsm,A10
LA_E_3893449,1,ulaw,A17
LA_E_3893665,1,gsm,A14
LA_E_3894723,1,gsm,A17
LA_E_3895493,1,ulaw,A14
LA_E_3895843,1,ulaw,A08
LA_E_3896089,1,ulaw,A09
LA_E_3896873,1,pstn,A14
LA_E_3898462,1,pstn,A09
LA_E_3898469,1,ulaw,A08
LA_E_3898542,1,g722,A13
LA_E_3899208,1,pstn,A16
LA_E_3899300,1,pstn,A15
LA_E_3899916,1,pstn,A14
LA_E_3900413,0,pstn,bonafide
LA_E_3900524,1,gsm,A14
LA_E_3902597,1,opus,A07
LA_E_3903902,1,alaw,A10
LA_E_3904006,0,opus,bonafide
LA_E_3904531,1,ulaw,A11
LA_E_3905771,1,gsm,A15
LA_E_3905951,1,opus,A18
LA_E_3906011,1,pstn,A13
LA_E_3906160,0,opus,bonafide
LA_E_3906209,1,ulaw,A19
LA_E_3906623,1,alaw,A19
LA_E_3906920,1,ulaw,A09
LA_E_3907169,1,opus,A16
LA_E_3907404,1,ulaw,A12
LA_E_3907543,1,opus,A09
LA_E_3907617,1,opus,A10
LA_E_3907626,1,alaw,A11
LA_E_3907906,1,gsm,A16
LA_E_3907928,1,none,A07
LA_E_3908198,1,opus,A12
LA_E_3908371,1,g722,A11
LA_E_3908393,1,opus,A15
LA_E_3909356,1,pstn,A19
LA_E_3909385,1,gsm,A08
LA_E_3909401,1,ulaw,A13
LA_E_3909534,0,none,bonafide
LA_E_3909850,1,g722,A10
LA_E_3910302,1,opus,A09
LA_E_3910751,1,g722,A13
LA_E_3910880,0,gsm,bonafide
LA_E_3911383,1,pstn,A11
LA_E_3911923,1,gsm,A19
LA_E_3911952,1,ulaw,A14
LA_E_3912332,1,opus,A17
LA_E_3912896,1,gsm,A17
LA_E_3913235,1,gsm,A13
LA_E_3913857,0,gsm,bonafide
LA_E_3914415,1,pstn,A14
LA_E_3915484,1,g722,A15
LA_E_3916159,1,gsm,A10
LA_E_3916327,1,g722,A16
LA_E_3917673,0,g722,bonafide
LA_E_3917743,1,none,A07
LA_E_3919011,1,opus,A18
LA_E_3919052,1,opus,A18
LA_E_3919256,1,none,A13
LA_E_3919483,1,gsm,A18
LA_E_3919580,1,gsm,A14
LA_E_3919658,1,gsm,A07
LA_E_3920129,1,g722,A16
LA_E_3920512,1,gsm,A17
LA_E_3921045,0,opus,bonafide
LA_E_3921376,1,ulaw,A16
LA_E_3922351,1,opus,A15
LA_E_3922414,1,opus,A09
LA_E_3922991,1,gsm,A07
LA_E_3923437,1,opus,A13
LA_E_3923624,0,opus,bonafide
LA_E_3924052,1,ulaw,A17
LA_E_3924261,0,alaw,bonafide
LA_E_3924503,1,ulaw,A09
LA_E_3925328,1,ulaw,A14
LA_E_3925638,0,ulaw,bonafide
LA_E_3925753,1,ulaw,A10
LA_E_3925799,0,ulaw,bonafide
LA_E_3925848,1,gsm,A18
LA_E_3925896,1,opus,A18
LA_E_3925989,1,alaw,A17
LA_E_3926181,1,none,A11
LA_E_3926192,1,g722,A12
LA_E_3926754,1,ulaw,A17
LA_E_3926905,1,opus,A08
LA_E_3928423,1,none,A17
LA_E_3928738,1,alaw,A11
LA_E_3928833,1,gsm,A15
LA_E_3929173,1,gsm,A15
LA_E_3929231,1,ulaw,A08
LA_E_3930696,1,ulaw,A14
LA_E_3931078,1,pstn,A14
LA_E_3931260,1,g722,A10
LA_E_3931418,1,gsm,A16
LA_E_3931505,1,ulaw,A18
LA_E_3932143,1,g722,A09
LA_E_3932875,1,pstn,A16
LA_E_3932936,0,pstn,bonafide
LA_E_3933451,1,pstn,A07
LA_E_3933453,0,ulaw,bonafide
LA_E_3933774,1,opus,A16
LA_E_3934566,1,none,A07
LA_E_3934592,1,gsm,A15
LA_E_3935104,1,ulaw,A15
LA_E_3935399,1,gsm,A07
LA_E_3935644,1,opus,A17
LA_E_3935898,1,opus,A08
LA_E_3936435,1,opus,A15
LA_E_3936474,1,alaw,A09
LA_E_3937018,1,gsm,A16
LA_E_3937272,1,opus,A18
LA_E_3938225,1,pstn,A17
LA_E_3938288,1,pstn,A10
LA_E_3939381,1,none,A19
LA_E_3941760,1,none,A11
LA_E_3942058,1,g722,A14
LA_E_3942676,1,pstn,A09
LA_E_3942748,1,opus,A07
LA_E_3942890,1,opus,A08
LA_E_3942900,1,opus,A07
LA_E_3943150,1,alaw,A11
LA_E_3943199,1,gsm,A08
LA_E_3943228,1,gsm,A10
LA_E_3943455,1,gsm,A13
LA_E_3943525,1,g722,A13
LA_E_3944471,1,gsm,A16
LA_E_3944657,1,gsm,A14
LA_E_3944927,1,pstn,A19
LA_E_3944975,1,gsm,A14
LA_E_3944999,0,none,bonafide
LA_E_3945655,1,ulaw,A12
LA_E_3945778,1,opus,A07
LA_E_3945889,0,pstn,bonafide
LA_E_3946299,1,gsm,A17
LA_E_3947140,1,ulaw,A13
LA_E_3947179,1,ulaw,A13
LA_E_3947200,1,ulaw,A11
LA_E_3947515,1,none,A19
LA_E_3947541,1,ulaw,A12
LA_E_3947665,1,g722,A08
LA_E_3948036,1,gsm,A11
LA_E_3948080,1,alaw,A10
LA_E_3948094,0,gsm,bonafide
LA_E_3948216,1,alaw,A10
LA_E_3948327,1,none,A15
LA_E_3948345,1,gsm,A13
LA_E_3948363,1,gsm,A15
LA_E_3949247,1,pstn,A19
LA_E_3949334,0,opus,bonafide
LA_E_3949475,1,gsm,A07
LA_E_3949985,1,ulaw,A13
LA_E_3951082,1,alaw,A08
LA_E_3951267,1,none,A09
LA_E_3951513,1,gsm,A18
LA_E_3951517,1,gsm,A13
LA_E_3951585,1,g722,A07
LA_E_3951905,1,ulaw,A09
LA_E_3952814,1,ulaw,A16
LA_E_3953051,1,ulaw,A15
LA_E_3953084,1,ulaw,A12
LA_E_3953524,0,alaw,bonafide
LA_E_3953694,1,ulaw,A17
LA_E_3953977,0,opus,bonafide
LA_E_3954769,1,pstn,A09
LA_E_3954789,1,gsm,A12
LA_E_3954803,1,opus,A12
LA_E_3955707,1,opus,A11
LA_E_3955886,1,ulaw,A19
LA_E_3955936,1,g722,A18
LA_E_3956770,0,gsm,bonafide
LA_E_3956801,1,alaw,A19
LA_E_3957433,1,none,A15
LA_E_3958312,1,ulaw,A15
LA_E_3958525,1,pstn,A11
LA_E_3959445,1,gsm,A17
LA_E_3959451,1,opus,A15
LA_E_3959609,1,opus,A16
LA_E_3960404,1,gsm,A08
LA_E_3960517,1,none,A11
LA_E_3960675,1,gsm,A17
LA_E_3960718,1,gsm,A08
LA_E_3961090,1,gsm,A11
LA_E_3961519,0,ulaw,bonafide
LA_E_3961776,1,none,A13
LA_E_3961831,1,opus,A09
LA_E_3962036,1,gsm,A09
LA_E_3962076,0,g722,bonafide
LA_E_3962398,1,ulaw,A13
LA_E_3962988,1,none,A18
LA_E_3964124,1,ulaw,A18
LA_E_3964388,1,g722,A10
LA_E_3964433,1,opus,A17
LA_E_3964696,1,ulaw,A17
LA_E_3964806,0,gsm,bonafide
LA_E_3965142,1,ulaw,A16
LA_E_3965219,1,alaw,A11
LA_E_3965334,0,gsm,bonafide
LA_E_3965357,0,g722,bonafide
LA_E_3965417,1,opus,A08
LA_E_3965613,1,ulaw,A15
LA_E_3965734,1,pstn,A14
LA_E_3965762,1,g722,A19
LA_E_3966007,1,g722,A07
LA_E_3966365,1,ulaw,A18
LA_E_3966445,1,ulaw,A14
LA_E_3966485,1,ulaw,A19
LA_E_3966676,1,pstn,A16
LA_E_3966968,1,pstn,A17
LA_E_3967007,1,opus,A12
LA_E_3967232,1,ulaw,A10
LA_E_3967743,1,opus,A12
LA_E_3968069,1,g722,A13
LA_E_3968457,1,gsm,A15
LA_E_3969040,1,ulaw,A18
LA_E_3969749,1,gsm,A11
LA_E_3971157,1,opus,A08
LA_E_3971316,1,opus,A09
LA_E_3971434,1,ulaw,A15
LA_E_3973205,1,none,A08
LA_E_3973371,1,g722,A11
LA_E_3975633,1,g722,A19
LA_E_3976291,1,gsm,A13
LA_E_3976414,1,ulaw,A19
LA_E_3977190,1,gsm,A12
LA_E_3977504,1,gsm,A12
LA_E_3977542,0,opus,bonafide
LA_E_3977594,1,g722,A08
LA_E_3978082,1,ulaw,A09
LA_E_3978263,1,ulaw,A12
LA_E_3978352,0,opus,bonafide
LA_E_3978437,1,opus,A19
LA_E_3978791,1,gsm,A19
LA_E_3979335,1,opus,A07
LA_E_3979444,1,ulaw,A09
LA_E_3979767,1,none,A07
LA_E_3979856,1,g722,A14
LA_E_3980567,1,gsm,A07
LA_E_3981109,1,ulaw,A18
LA_E_3981277,1,alaw,A14
LA_E_3981389,1,ulaw,A11
LA_E_3981471,1,ulaw,A17
LA_E_3981760,1,pstn,A16
LA_E_3981791,1,opus,A11
LA_E_3982485,1,g722,A08
LA_E_3982736,1,gsm,A19
LA_E_3983963,1,alaw,A19
LA_E_3984217,1,pstn,A18
LA_E_3984277,0,ulaw,bonafide
LA_E_3984319,1,ulaw,A16
LA_E_3984472,1,alaw,A12
LA_E_3984758,1,gsm,A17
LA_E_3985184,1,g722,A17
LA_E_3985306,0,none,bonafide
LA_E_3985945,1,gsm,A11
LA_E_3986325,1,alaw,A16
LA_E_3986417,1,alaw,A13
LA_E_3987924,1,ulaw,A09
LA_E_3988131,0,alaw,bonafide
LA_E_3989817,1,opus,A07
LA_E_3991317,1,ulaw,A09
LA_E_3991369,1,opus,A07
LA_E_3991497,1,alaw,A13
LA_E_3991539,1,opus,A11
LA_E_3992048,1,gsm,A10
LA_E_3992206,1,opus,A08
LA_E_3992215,1,g722,A15
LA_E_3992383,0,opus,bonafide
LA_E_3992425,1,g722,A07
LA_E_3992469,1,gsm,A17
LA_E_3992500,1,none,A09
LA_E_3992563,1,g722,A09
LA_E_3992705,1,ulaw,A07
LA_E_3992834,1,gsm,A11
LA_E_3992974,0,alaw,bonafide
LA_E_3993212,1,g722,A07
LA_E_3993231,1,gsm,A12
LA_E_3993380,1,none,A13
LA_E_3993748,1,opus,A07
LA_E_3994353,0,none,bonafide
LA_E_3995103,0,gsm,bonafide
LA_E_3995376,1,pstn,A10
LA_E_3995872,1,opus,A13
LA_E_3995947,1,alaw,A14
LA_E_3996035,1,none,A12
LA_E_3996098,1,ulaw,A15
LA_E_3997945,1,alaw,A11
LA_E_3997994,1,ulaw,A09
LA_E_3998243,1,opus,A11
LA_E_3999485,1,opus,A14
LA_E_4001051,1,none,A10
LA_E_4001285,1,opus,A15
LA_E_4001878,1,alaw,A18
LA_E_4001973,1,gsm,A11
LA_E_4002000,1,none,A09
LA_E_4002263,1,gsm,A11
LA_E_4002469,1,gsm,A12
LA_E_4002521,0,ulaw,bonafide
LA_E_4002710,1,gsm,A09
LA_E_4002742,1,gsm,A16
LA_E_4002763,1,none,A07
LA_E_4002791,1,ulaw,A13
LA_E_4003591,1,opus,A12
LA_E_4003853,1,alaw,A09
LA_E_4004030,0,alaw,bonafide
LA_E_4004320,1,none,A13
LA_E_4004376,1,alaw,A15
LA_E_4004424,1,g722,A15
LA_E_4004821,1,opus,A13
LA_E_4005229,0,opus,bonafide
LA_E_4005834,1,g722,A09
LA_E_4007130,1,gsm,A11
LA_E_4007248,0,alaw,bonafide
LA_E_4007381,1,g722,A18
LA_E_4007847,1,alaw,A15
LA_E_4008119,1,gsm,A08
LA_E_4008380,1,g722,A11
LA_E_4008449,1,none,A15
LA_E_4008546,1,opus,A09
LA_E_4008776,1,opus,A13
LA_E_4008850,1,opus,A11
LA_E_4008860,1,g722,A10
LA_E_4009358,1,opus,A07
LA_E_4009757,1,ulaw,A19
LA_E_4010250,0,g722,bonafide
LA_E_4010852,1,ulaw,A10
LA_E_4011072,1,ulaw,A18
LA_E_4011244,1,ulaw,A11
LA_E_4012759,1,opus,A09
LA_E_4012920,1,gsm,A09
LA_E_4012983,1,gsm,A08
LA_E_4013044,1,g722,A14
LA_E_4013339,1,none,A17
LA_E_4013687,1,ulaw,A14
LA_E_4014138,1,ulaw,A11
LA_E_4014464,1,ulaw,A09
LA_E_4015033,1,pstn,A13
LA_E_4015075,1,ulaw,A15
LA_E_4016462,1,opus,A10
LA_E_4016507,1,ulaw,A13
LA_E_4017798,1,alaw,A17
LA_E_4018068,1,opus,A07
LA_E_4018088,1,opus,A16
LA_E_4018194,1,ulaw,A13
LA_E_4018563,1,g722,A11
LA_E_4018617,1,alaw,A10
LA_E_4018692,1,pstn,A08
LA_E_4018907,1,gsm,A12
LA_E_4019128,1,g722,A09
LA_E_4019167,1,gsm,A15
LA_E_4019421,0,alaw,bonafide
LA_E_4019427,0,g722,bonafide
LA_E_4020311,1,g722,A15
LA_E_4020629,1,g722,A08
LA_E_4021195,1,none,A08
LA_E_4021360,1,none,A15
LA_E_4021572,1,gsm,A15
LA_E_4022496,1,none,A08
LA_E_4023101,1,g722,A10
LA_E_4023275,1,pstn,A11
LA_E_4023530,1,none,A07
LA_E_4023759,0,none,bonafide
LA_E_4024770,0,none,bonafide
LA_E_4024967,1,none,A15
LA_E_4025224,1,none,A18
LA_E_4026150,1,alaw,A13
LA_E_4026375,1,g722,A19
LA_E_4026396,0,ulaw,bonafide
LA_E_4026870,1,g722,A13
LA_E_4027461,1,alaw,A12
LA_E_4027992,1,opus,A11
LA_E_4028348,1,gsm,A09
LA_E_4028390,1,ulaw,A11
LA_E_4028395,1,gsm,A16
LA_E_4028558,1,ulaw,A12
LA_E_4028856,1,alaw,A14
LA_E_4029222,1,pstn,A17
LA_E_4029756,1,ulaw,A12
LA_E_4030019,1,opus,A08
LA_E_4030343,1,g722,A11
LA_E_4030491,1,ulaw,A10
LA_E_4030928,1,pstn,A16
LA_E_4031346,1,none,A14
LA_E_4031615,1,pstn,A10
LA_E_4031798,1,opus,A09
LA_E_4032226,1,opus,A13
LA_E_4032666,1,alaw,A16
LA_E_4033993,0,pstn,bonafide
LA_E_4035148,1,none,A11
LA_E_4035278,0,none,bonafide
LA_E_4035315,1,alaw,A11
LA_E_4035631,1,ulaw,A13
LA_E_4035717,1,gsm,A12
LA_E_4035860,1,opus,A14
LA_E_4036360,0,pstn,bonafide
LA_E_4036415,1,none,A13
LA_E_4036830,1,alaw,A14
LA_E_4037930,1,gsm,A18
LA_E_4038297,1,g722,A08
LA_E_4038367,1,ulaw,A10
LA_E_4038760,1,gsm,A10
LA_E_4039700,1,ulaw,A14
LA_E_4040029,1,gsm,A07
LA_E_4040226,0,ulaw,bonafide
LA_E_4041286,1,gsm,A14
LA_E_4041343,1,ulaw,A08
LA_E_4041598,1,pstn,A14
LA_E_4042129,1,opus,A19
LA_E_4042279,1,pstn,A18
LA_E_4042284,0,opus,bonafide
LA_E_4043138,1,opus,A09
LA_E_4043156,1,opus,A08
LA_E_4043866,1,alaw,A19
LA_E_4044042,1,ulaw,A13
LA_E_4044057,0,ulaw,bonafide
LA_E_4044131,1,gsm,A13
LA_E_4044253,1,none,A19
LA_E_4045266,1,opus,A08
LA_E_4045528,1,ulaw,A15
LA_E_4045840,1,gsm,A08
LA_E_4045875,1,none,A17
LA_E_4046171,1,opus,A14
LA_E_4047140,1,alaw,A08
LA_E_4047667,1,alaw,A08
LA_E_4047683,1,gsm,A13
LA_E_4047852,1,opus,A19
LA_E_4047921,1,ulaw,A08
LA_E_4048091,1,alaw,A10
LA_E_4048124,1,opus,A13
LA_E_4048355,1,alaw,A19
LA_E_4048521,1,alaw,A09
LA_E_4048623,1,ulaw,A09
LA_E_4048635,1,none,A15
LA_E_4049040,1,alaw,A14
LA_E_4049191,1,g722,A18
LA_E_4049363,1,g722,A11
LA_E_4049481,0,alaw,bonafide
LA_E_4049653,1,g722,A15
LA_E_4049819,1,opus,A17
LA_E_4050158,1,ulaw,A08
LA_E_4050364,1,ulaw,A07
LA_E_4050487,1,gsm,A07
LA_E_4050737,0,opus,bonafide
LA_E_4050961,1,opus,A12
LA_E_4051098,1,alaw,A16
LA_E_4051120,1,alaw,A14
LA_E_4051353,1,opus,A11
LA_E_4051610,1,none,A17
LA_E_4052554,1,alaw,A15
LA_E_4053041,1,none,A07
LA_E_4053145,1,g722,A14
LA_E_4054351,1,opus,A07
LA_E_4054535,1,ulaw,A08
LA_E_4054573,1,opus,A09
LA_E_4054915,1,g722,A19
LA_E_4055296,1,opus,A08
LA_E_4055325,1,gsm,A07
LA_E_4055722,1,none,A11
LA_E_4055791,1,pstn,A13
LA_E_4055876,0,alaw,bonafide
LA_E_4055935,1,gsm,A10
LA_E_4056436,0,gsm,bonafide
LA_E_4056485,1,alaw,A13
LA_E_4056854,1,opus,A19
LA_E_4056915,1,none,A08
LA_E_4057020,1,alaw,A19
LA_E_4057402,1,opus,A13
LA_E_4057416,1,ulaw,A13
LA_E_4057437,1,gsm,A11
LA_E_4057466,1,ulaw,A15
LA_E_4057900,1,opus,A09
LA_E_4058162,1,alaw,A11
LA_E_4058336,1,pstn,A10
LA_E_4058506,1,g722,A19
LA_E_4058555,1,gsm,A07
LA_E_4058792,1,gsm,A09
LA_E_4059350,1,alaw,A19
LA_E_4059648,1,g722,A15
LA_E_4059894,1,opus,A09
LA_E_4059944,1,ulaw,A14
LA_E_4060439,1,opus,A10
LA_E_4061270,1,none,A12
LA_E_4061475,1,opus,A16
LA_E_4061717,1,ulaw,A19
LA_E_4061841,1,opus,A08
LA_E_4061911,1,none,A13
LA_E_4062490,1,pstn,A19
LA_E_4062790,1,none,A17
LA_E_4063553,1,ulaw,A09
LA_E_4063650,1,opus,A07
LA_E_4063801,1,ulaw,A18
LA_E_4063924,1,alaw,A13
LA_E_4064516,0,pstn,bonafide
LA_E_4064601,1,none,A19
LA_E_4065170,1,ulaw,A08
LA_E_4065662,1,opus,A15
LA_E_4065685,1,ulaw,A13
LA_E_4066163,1,ulaw,A13
LA_E_4066304,1,ulaw,A18
LA_E_4066604,1,alaw,A09
LA_E_4066739,0,ulaw,bonafide
LA_E_4066753,1,opus,A16
LA_E_4066837,0,gsm,bonafide
LA_E_4066856,1,gsm,A07
LA_E_4067475,1,none,A11
LA_E_4067605,1,opus,A19
LA_E_4067766,1,ulaw,A15
LA_E_4067878,1,none,A13
LA_E_4067979,0,g722,bonafide
LA_E_4068077,0,none,bonafide
LA_E_4068214,1,ulaw,A14
LA_E_4068278,1,gsm,A14
LA_E_4069250,1,ulaw,A17
LA_E_4069430,1,opus,A18
LA_E_4069440,1,pstn,A12
LA_E_4070535,1,g722,A09
LA_E_4071138,1,gsm,A15
LA_E_4071345,1,opus,A09
LA_E_4071615,1,opus,A12
LA_E_4072339,0,ulaw,bonafide
LA_E_4072665,1,g722,A19
LA_E_4072689,1,pstn,A10
LA_E_4072842,1,ulaw,A18
LA_E_4072957,1,opus,A15
LA_E_4073136,1,opus,A19
LA_E_4073224,1,alaw,A15
LA_E_4073510,1,ulaw,A18
LA_E_4073803,1,pstn,A08
LA_E_4074151,1,opus,A17
LA_E_4074345,1,opus,A08
LA_E_4074432,1,gsm,A18
LA_E_4074738,1,alaw,A09
LA_E_4075229,1,none,A11
LA_E_4076304,0,pstn,bonafide
LA_E_4076453,1,ulaw,A10
LA_E_4076688,1,opus,A11
LA_E_4076834,1,none,A12
LA_E_4076874,1,none,A19
LA_E_4077435,1,opus,A11
LA_E_4077451,1,pstn,A09
LA_E_4077660,1,alaw,A08
LA_E_4077738,1,opus,A15
LA_E_4078108,0,alaw,bonafide
LA_E_4078134,1,opus,A13
LA_E_4078697,1,opus,A07
LA_E_4079420,1,gsm,A07
LA_E_4079471,1,alaw,A15
LA_E_4079530,1,gsm,A13
LA_E_4079822,1,ulaw,A14
LA_E_4080271,1,pstn,A10
LA_E_4080530,1,ulaw,A15
LA_E_4080631,1,g722,A17
LA_E_4080803,1,gsm,A09
LA_E_4081280,1,ulaw,A11
LA_E_4081625,1,g722,A18
LA_E_4081746,1,opus,A12
LA_E_4081775,1,g722,A13
LA_E_4081808,1,gsm,A17
LA_E_4082065,1,g722,A15
LA_E_4082583,1,pstn,A13
LA_E_4082854,1,opus,A10
LA_E_4083690,1,gsm,A19
LA_E_4083796,1,ulaw,A14
LA_E_4083805,1,gsm,A13
LA_E_4083823,1,opus,A18
LA_E_4084337,1,none,A18
LA_E_4084816,1,gsm,A19
LA_E_4085047,1,ulaw,A12
LA_E_4085147,1,alaw,A14
LA_E_4085259,1,ulaw,A12
LA_E_4085704,1,pstn,A17
LA_E_4085727,1,none,A19
LA_E_4085751,1,gsm,A12
LA_E_4085909,1,opus,A07
LA_E_4086142,1,ulaw,A15
LA_E_4086548,1,gsm,A17
LA_E_4086632,1,ulaw,A19
LA_E_4086848,1,opus,A17
LA_E_4086923,1,none,A15
LA_E_4087363,1,opus,A07
LA_E_4087527,1,gsm,A18
LA_E_4088479,1,ulaw,A15
LA_E_4088498,1,opus,A16
LA_E_4088892,1,g722,A16
LA_E_4089213,1,g722,A11
LA_E_4089550,1,pstn,A12
LA_E_4089603,0,g722,bonafide
LA_E_4089744,1,gsm,A07
LA_E_4090236,1,pstn,A12
LA_E_4090968,0,ulaw,bonafide
LA_E_4091528,0,gsm,bonafide
LA_E_4091799,1,g722,A18
LA_E_4091931,1,g722,A12
LA_E_4092492,1,ulaw,A10
LA_E_4092970,1,pstn,A10
LA_E_4093031,1,g722,A19
LA_E_4093087,1,gsm,A10
LA_E_4093728,1,alaw,A10
LA_E_4094639,1,alaw,A11
LA_E_4094650,1,ulaw,A13
LA_E_4094974,1,alaw,A11
LA_E_4094999,0,none,bonafide
LA_E_4095011,1,none,A09
LA_E_4095865,1,gsm,A09
LA_E_4096226,1,g722,A09
LA_E_4097732,1,gsm,A14
LA_E_4098298,1,alaw,A08
LA_E_4098576,1,ulaw,A19
LA_E_4098936,1,ulaw,A15
LA_E_4099416,1,opus,A19
LA_E_4099443,1,none,A16
LA_E_4099917,1,opus,A15
LA_E_4099949,1,alaw,A13
LA_E_4100072,1,ulaw,A12
LA_E_4101374,1,ulaw,A12
LA_E_4101426,1,ulaw,A19
LA_E_4101864,1,none,A08
LA_E_4102401,1,ulaw,A07
LA_E_4102714,1,ulaw,A07
LA_E_4102877,1,alaw,A19
LA_E_4103128,1,pstn,A14
LA_E_4104597,1,alaw,A13
LA_E_4105269,1,opus,A12
LA_E_4105432,1,ulaw,A18
LA_E_4106380,1,gsm,A13
LA_E_4106544,1,ulaw,A10
LA_E_4107742,1,ulaw,A12
LA_E_4108728,1,none,A14
LA_E_4108737,1,ulaw,A17
LA_E_4108770,1,alaw,A09
LA_E_4109161,1,gsm,A18
LA_E_4109357,1,gsm,A09
LA_E_4110266,1,pstn,A08
LA_E_4111051,1,alaw,A08
LA_E_4111108,1,alaw,A14
LA_E_4111174,1,ulaw,A10
LA_E_4111195,1,alaw,A12
LA_E_4111535,1,opus,A16
LA_E_4111728,1,ulaw,A17
LA_E_4112004,0,opus,bonafide
LA_E_4112051,1,opus,A11
LA_E_4112063,1,alaw,A19
LA_E_4112413,0,pstn,bonafide
LA_E_4112555,1,gsm,A14
LA_E_4113077,1,opus,A07
LA_E_4113087,1,ulaw,A18
LA_E_4113099,1,g722,A08
LA_E_4113204,1,alaw,A15
LA_E_4113240,1,alaw,A11
LA_E_4113288,1,ulaw,A14
LA_E_4113533,1,ulaw,A12
LA_E_4113610,1,opus,A19
LA_E_4114431,1,none,A09
LA_E_4114612,1,g722,A13
LA_E_4114884,1,alaw,A10
LA_E_4115334,1,ulaw,A08
LA_E_4115393,1,pstn,A17
LA_E_4115719,1,pstn,A10
LA_E_4116049,1,none,A15
LA_E_4116097,1,pstn,A14
LA_E_4116282,0,ulaw,bonafide
LA_E_4116501,1,pstn,A13
LA_E_4116588,1,alaw,A09
LA_E_4116681,1,pstn,A07
LA_E_4116774,1,gsm,A10
LA_E_4117655,1,gsm,A14
LA_E_4117911,1,gsm,A16
LA_E_4118682,0,opus,bonafide
LA_E_4119059,1,ulaw,A11
LA_E_4119252,1,pstn,A08
LA_E_4119310,1,opus,A17
LA_E_4119670,1,opus,A12
LA_E_4119682,1,opus,A14
LA_E_4119884,1,gsm,A09
LA_E_4119899,1,ulaw,A16
LA_E_4119932,1,g722,A07
LA_E_4120025,0,none,bonafide
LA_E_4120047,1,none,A11
LA_E_4120128,1,ulaw,A18
LA_E_4120256,0,none,bonafide
LA_E_4120456,1,opus,A15
LA_E_4121085,1,g722,A19
LA_E_4121154,1,gsm,A07
LA_E_4122809,1,pstn,A14
LA_E_4122990,1,gsm,A10
LA_E_4123162,1,ulaw,A19
LA_E_4123634,1,ulaw,A10
LA_E_4123676,1,opus,A08
LA_E_4123700,1,gsm,A16
LA_E_4123710,1,none,A11
LA_E_4124285,1,ulaw,A18
LA_E_4124638,1,alaw,A12
LA_E_4124951,1,g722,A14
LA_E_4125718,0,g722,bonafide
LA_E_4125972,1,none,A17
LA_E_4126313,1,ulaw,A10
LA_E_4126329,1,ulaw,A07
LA_E_4126497,1,pstn,A15
LA_E_4126508,1,pstn,A14
LA_E_4126792,1,gsm,A12
LA_E_4127559,1,none,A13
LA_E_4127934,1,ulaw,A11
LA_E_4127993,1,opus,A11
LA_E_4128105,1,none,A09
LA_E_4128520,1,opus,A11
LA_E_4128947,1,none,A12
LA_E_4129131,1,gsm,A14
LA_E_4129375,1,pstn,A08
LA_E_4129636,1,pstn,A12
LA_E_4129809,1,g722,A11
LA_E_4130058,1,g722,A17
LA_E_4130255,1,g722,A13
LA_E_4132232,1,opus,A07
LA_E_4132666,1,alaw,A08
LA_E_4132930,0,alaw,bonafide
LA_E_4133133,1,none,A13
LA_E_4133396,1,alaw,A07
LA_E_4133638,1,pstn,A18
LA_E_4133859,1,opus,A07
LA_E_4134146,1,gsm,A12
LA_E_4134455,1,opus,A19
LA_E_4135343,1,ulaw,A17
LA_E_4135629,1,none,A11
LA_E_4135949,1,ulaw,A07
LA_E_4136088,1,opus,A11
LA_E_4136219,1,opus,A14
LA_E_4136376,1,ulaw,A14
LA_E_4136918,1,gsm,A08
LA_E_4137681,1,none,A19
LA_E_4137859,1,none,A07
LA_E_4137964,1,alaw,A19
LA_E_4137984,1,opus,A18
LA_E_4138463,1,opus,A18
LA_E_4138811,1,alaw,A12
LA_E_4139079,1,none,A08
LA_E_4139744,1,none,A07
LA_E_4141295,1,ulaw,A10
LA_E_4141605,1,alaw,A09
LA_E_4141695,1,alaw,A13
LA_E_4141718,1,alaw,A10
LA_E_4143146,1,ulaw,A10
LA_E_4143496,1,alaw,A14
LA_E_4143646,1,ulaw,A11
LA_E_4143680,1,ulaw,A08
LA_E_4143940,1,ulaw,A08
LA_E_4144142,1,ulaw,A15
LA_E_4144814,1,alaw,A15
LA_E_4145140,0,gsm,bonafide
LA_E_4145160,1,none,A10
LA_E_4145206,1,g722,A09
LA_E_4145531,1,gsm,A09
LA_E_4145604,1,gsm,A17
LA_E_4145817,1,ulaw,A14
LA_E_4146315,1,ulaw,A16
LA_E_4146812,1,none,A11
LA_E_4146889,1,pstn,A18
LA_E_4146934,1,pstn,A12
LA_E_4147652,0,gsm,bonafide
LA_E_4147897,1,alaw,A11
LA_E_4147955,1,gsm,A18
LA_E_4148345,1,alaw,A13
LA_E_4149420,1,ulaw,A10
LA_E_4149685,1,g722,A16
LA_E_4149787,1,alaw,A18
LA_E_4151104,1,gsm,A12
LA_E_4151191,1,gsm,A17
LA_E_4151268,1,alaw,A11
LA_E_4151309,1,alaw,A08
LA_E_4151869,1,ulaw,A10
LA_E_4151987,1,gsm,A10
LA_E_4152920,1,alaw,A10
LA_E_4152961,1,g722,A15
LA_E_4153055,1,opus,A17
LA_E_4153322,1,gsm,A19
LA_E_4153550,1,opus,A19
LA_E_4154740,1,gsm,A18
LA_E_4155244,1,alaw,A10
LA_E_4155369,1,ulaw,A17
LA_E_4155421,1,opus,A17
LA_E_4155531,1,ulaw,A11
LA_E_4155860,0,none,bonafide
LA_E_4156012,1,gsm,A09
LA_E_4156112,1,gsm,A14
LA_E_4156127,0,pstn,bonafide
LA_E_4156676,1,pstn,A13
LA_E_4156910,1,opus,A10
LA_E_4157014,1,g722,A15
LA_E_4157591,1,none,A12
LA_E_4157881,0,opus,bonafide
LA_E_4158136,1,none,A09
LA_E_4158261,1,opus,A17
LA_E_4158663,1,g722,A09
LA_E_4158916,1,none,A07
LA_E_4159150,1,gsm,A19
LA_E_4159313,1,g722,A13
LA_E_4159379,1,none,A07
LA_E_4160154,1,none,A14
LA_E_4160329,1,ulaw,A19
LA_E_4160390,1,none,A19
LA_E_4161378,1,alaw,A09
LA_E_4161426,1,none,A08
LA_E_4162181,1,opus,A15
LA_E_4162324,1,alaw,A18
LA_E_4162485,1,none,A17
LA_E_4162964,0,ulaw,bonafide
LA_E_4163549,1,gsm,A17
LA_E_4164169,1,pstn,A18
LA_E_4164331,1,pstn,A14
LA_E_4164380,1,none,A10
LA_E_4166712,1,gsm,A08
LA_E_4166900,1,gsm,A08
LA_E_4167119,0,g722,bonafide
LA_E_4167489,1,none,A18
LA_E_4167741,1,g722,A11
LA_E_4167992,0,pstn,bonafide
LA_E_4168289,1,opus,A15
LA_E_4168331,1,gsm,A09
LA_E_4168410,1,g722,A07
LA_E_4168721,1,g722,A17
LA_E_4168841,1,none,A07
LA_E_4168923,1,opus,A17
LA_E_4169060,1,alaw,A17
LA_E_4169119,1,g722,A19
LA_E_4169148,1,alaw,A19
LA_E_4169398,1,opus,A18
LA_E_4169485,1,alaw,A19
LA_E_4169780,1,ulaw,A14
LA_E_4170220,1,pstn,A11
LA_E_4170420,1,ulaw,A14
LA_E_4170508,0,ulaw,bonafide
LA_E_4171537,1,pstn,A10
LA_E_4171621,1,g722,A18
LA_E_4172621,1,ulaw,A17
LA_E_4173214,0,g722,bonafide
LA_E_4173329,1,alaw,A16
LA_E_4173426,1,pstn,A12
LA_E_4173494,0,gsm,bonafide
LA_E_4173948,1,none,A12
LA_E_4174083,0,g722,bonafide
LA_E_4174161,1,alaw,A13
LA_E_4174196,1,alaw,A15
LA_E_4174487,1,none,A17
LA_E_4175176,1,ulaw,A11
LA_E_4175498,1,none,A12
LA_E_4175816,1,none,A15
LA_E_4176538,1,gsm,A18
LA_E_4176630,1,alaw,A15
LA_E_4177251,1,ulaw,A16
LA_E_4177306,1,none,A13
LA_E_4178921,1,opus,A10
LA_E_4179180,1,gsm,A09
LA_E_4179265,1,alaw,A09
LA_E_4179520,1,none,A14
LA_E_4179536,1,ulaw,A19
LA_E_4179848,1,opus,A17
LA_E_4180747,1,gsm,A14
LA_E_4180866,1,ulaw,A16
LA_E_4181783,1,g722,A10
LA_E_4182492,1,opus,A12
LA_E_4182546,1,gsm,A17
LA_E_4182650,1,pstn,A18
LA_E_4182666,1,ulaw,A19
LA_E_4183078,1,g722,A11
LA_E_4183111,1,gsm,A13
LA_E_4183359,1,ulaw,A13
LA_E_4183894,0,opus,bonafide
LA_E_4184214,1,g722,A12
LA_E_4184987,1,opus,A09
LA_E_4185864,0,none,bonafide
LA_E_4186538,1,ulaw,A16
LA_E_4186786,0,alaw,bonafide
LA_E_4186999,1,ulaw,A07
LA_E_4187492,1,gsm,A07
LA_E_4187632,1,none,A15
LA_E_4188057,1,g722,A11
LA_E_4188198,1,gsm,A12
LA_E_4188418,1,opus,A10
LA_E_4188547,1,alaw,A19
LA_E_4188817,0,opus,bonafide
LA_E_4189266,1,opus,A08
LA_E_4189687,1,pstn,A14
LA_E_4189719,1,ulaw,A14
LA_E_4190273,1,none,A11
LA_E_4191269,1,gsm,A17
LA_E_4191427,1,alaw,A13
LA_E_4191455,1,alaw,A08
LA_E_4191918,1,opus,A19
LA_E_4192296,1,alaw,A10
LA_E_4192402,1,g722,A15
LA_E_4192571,1,ulaw,A08
LA_E_4193037,1,pstn,A07
LA_E_4193136,1,ulaw,A17
LA_E_4193292,1,ulaw,A14
LA_E_4193376,1,alaw,A10
LA_E_4194000,1,pstn,A08
LA_E_4194077,1,gsm,A13
LA_E_4194742,1,alaw,A09
LA_E_4195292,1,g722,A17
LA_E_4195394,1,opus,A14
LA_E_4195947,1,none,A15
LA_E_4195983,0,none,bonafide
LA_E_4196119,1,g722,A08
LA_E_4196867,1,gsm,A08
LA_E_4197377,1,alaw,A08
LA_E_4197618,1,none,A10
LA_E_4197619,1,ulaw,A09
LA_E_4197696,1,alaw,A11
LA_E_4198304,1,pstn,A09
LA_E_4198780,1,g722,A13
LA_E_4198950,1,alaw,A19
LA_E_4199057,0,gsm,bonafide
LA_E_4199416,1,opus,A19
LA_E_4199774,1,gsm,A12
LA_E_4200129,1,opus,A14
LA_E_4201329,1,opus,A14
LA_E_4201403,0,g722,bonafide
LA_E_4201742,1,ulaw,A12
LA_E_4202264,1,ulaw,A11
LA_E_4202655,1,ulaw,A11
LA_E_4203190,1,none,A12
LA_E_4203409,1,g722,A18
LA_E_4204776,1,gsm,A19
LA_E_4205026,0,gsm,bonafide
LA_E_4205331,1,alaw,A14
LA_E_4205335,1,opus,A17
LA_E_4205416,1,none,A16
LA_E_4205867,1,alaw,A14
LA_E_4205902,1,alaw,A11
LA_E_4206605,1,opus,A08
LA_E_4206688,1,g722,A13
LA_E_4207346,0,gsm,bonafide
LA_E_4207743,1,g722,A09
LA_E_4208364,1,alaw,A19
LA_E_4208385,1,g722,A14
LA_E_4208790,1,gsm,A12
LA_E_4209047,1,ulaw,A18
LA_E_4209101,1,g722,A09
LA_E_4209240,1,ulaw,A11
LA_E_4209271,0,opus,bonafide
LA_E_4209296,1,gsm,A13
LA_E_4209344,1,ulaw,A08
LA_E_4209518,1,pstn,A15
LA_E_4209549,1,none,A08
LA_E_4209887,1,pstn,A12
LA_E_4210292,1,g722,A16
LA_E_4210789,1,gsm,A19
LA_E_4210953,0,ulaw,bonafide
LA_E_4211611,1,gsm,A08
LA_E_4211666,1,alaw,A12
LA_E_4211921,1,ulaw,A16
LA_E_4213641,1,none,A14
LA_E_4214090,1,gsm,A08
LA_E_4214809,1,pstn,A17
LA_E_4214832,1,pstn,A19
LA_E_4214859,1,opus,A07
LA_E_4215031,1,none,A19
LA_E_4215587,1,alaw,A13
LA_E_4215785,1,gsm,A17
LA_E_4215834,0,opus,bonafide
LA_E_4216315,1,pstn,A13
LA_E_4216502,1,none,A12
LA_E_4216678,1,opus,A18
LA_E_4217030,1,pstn,A15
LA_E_4217239,1,gsm,A16
LA_E_4217469,1,g722,A18
LA_E_4217620,1,opus,A13
LA_E_4217735,1,alaw,A10
LA_E_4218639,1,none,A15
LA_E_4219670,1,opus,A16
LA_E_4219706,1,ulaw,A11
LA_E_4219898,1,ulaw,A13
LA_E_4220245,1,g722,A13
LA_E_4220721,1,g722,A16
LA_E_4220891,1,ulaw,A08
LA_E_4221671,1,gsm,A13
LA_E_4221742,0,none,bonafide
LA_E_4221803,1,pstn,A10
LA_E_4223365,1,gsm,A11
LA_E_4223502,1,g722,A08
LA_E_4223695,1,none,A08
LA_E_4223906,0,opus,bonafide
LA_E_4225053,1,pstn,A13
LA_E_4225575,1,none,A08
LA_E_4226179,1,gsm,A15
LA_E_4226335,1,ulaw,A13
LA_E_4226650,1,pstn,A11
LA_E_4226684,1,none,A07
LA_E_4226773,1,pstn,A16
LA_E_4227133,1,opus,A09
LA_E_4227161,1,gsm,A16
LA_E_4228006,1,g722,A15
LA_E_4228860,1,alaw,A07
LA_E_4228972,1,ulaw,A08
LA_E_4229244,1,ulaw,A19
LA_E_4230695,1,none,A13
LA_E_4230839,1,ulaw,A14
LA_E_4231147,1,ulaw,A07
LA_E_4232072,1,none,A17
LA_E_4232231,1,none,A12
LA_E_4232403,1,opus,A15
LA_E_4232457,1,ulaw,A12
LA_E_4232726,1,g722,A10
LA_E_4232797,1,ulaw,A13
LA_E_4233784,1,opus,A13
LA_E_4233876,1,ulaw,A10
LA_E_4234190,1,pstn,A10
LA_E_4234327,1,g722,A07
LA_E_4234778,1,pstn,A13
LA_E_4234860,1,gsm,A19
LA_E_4235161,1,g722,A16
LA_E_4235309,1,opus,A13
LA_E_4235632,1,alaw,A08
LA_E_4235888,1,ulaw,A08
LA_E_4236195,1,ulaw,A12
LA_E_4236392,1,none,A09
LA_E_4236922,0,pstn,bonafide
LA_E_4236943,0,ulaw,bonafide
LA_E_4237066,1,alaw,A11
LA_E_4237129,1,pstn,A08
LA_E_4237403,1,opus,A16
LA_E_4237415,1,g722,A13
LA_E_4237550,1,gsm,A13
LA_E_4237791,1,g722,A19
LA_E_4237905,1,gsm,A10
LA_E_4238138,1,gsm,A16
LA_E_4238678,1,alaw,A18
LA_E_4238697,1,g722,A16
LA_E_4238699,1,gsm,A13
LA_E_4238758,1,pstn,A18
LA_E_4238922,1,alaw,A11
LA_E_4238994,1,pstn,A18
LA_E_4239510,1,opus,A08
LA_E_4239518,1,pstn,A10
LA_E_4240177,1,alaw,A08
LA_E_4240179,1,g722,A15
LA_E_4240510,1,g722,A19
LA_E_4240696,1,none,A11
LA_E_4240844,1,alaw,A12
LA_E_4240920,1,none,A17
LA_E_4241341,1,ulaw,A11
LA_E_4241363,1,opus,A19
LA_E_4241558,1,ulaw,A19
LA_E_4241935,1,g722,A08
LA_E_4241955,1,g722,A09
LA_E_4242848,1,opus,A15
LA_E_4242957,1,alaw,A15
LA_E_4243039,1,g722,A09
LA_E_4243412,1,pstn,A09
LA_E_4243602,0,gsm,bonafide
LA_E_4243684,1,alaw,A09
LA_E_4243844,1,alaw,A10
LA_E_4243902,1,none,A16
LA_E_4244150,1,opus,A11
LA_E_4244408,0,g722,bonafide
LA_E_4244569,1,ulaw,A11
LA_E_4244582,1,none,A10
LA_E_4244708,1,opus,A12
LA_E_4245629,1,g722,A08
LA_E_4245711,1,alaw,A15
LA_E_4246084,1,pstn,A13
LA_E_4246251,0,opus,bonafide
LA_E_4246252,1,alaw,A09
LA_E_4246419,1,pstn,A15
LA_E_4246735,1,opus,A17
LA_E_4246805,1,alaw,A10
LA_E_4247208,1,opus,A17
LA_E_4247218,1,pstn,A12
LA_E_4247670,1,pstn,A14
LA_E_4248172,1,ulaw,A07
LA_E_4248344,1,pstn,A12
LA_E_4248597,1,ulaw,A19
LA_E_4248624,1,ulaw,A11
LA_E_4248804,1,g722,A17
LA_E_4249245,1,pstn,A08
LA_E_4249448,1,opus,A15
LA_E_4249511,1,gsm,A10
LA_E_4249532,1,pstn,A15
LA_E_4249775,1,pstn,A19
LA_E_4250582,1,ulaw,A13
LA_E_4250601,1,none,A10
LA_E_4250810,1,none,A07
LA_E_4250881,1,opus,A15
LA_E_4251459,1,opus,A08
LA_E_4251901,1,none,A09
LA_E_4251904,1,none,A13
LA_E_4251914,1,gsm,A13
LA_E_4251946,1,opus,A07
LA_E_4252027,1,ulaw,A09
LA_E_4252187,1,g722,A11
LA_E_4252538,1,alaw,A17
LA_E_4252619,1,opus,A07
LA_E_4253176,1,gsm,A13
LA_E_4253531,1,opus,A08
LA_E_4253533,1,ulaw,A14
LA_E_4254488,0,opus,bonafide
LA_E_4254598,1,none,A13
LA_E_4254802,1,none,A08
LA_E_4254978,1,opus,A11
LA_E_4255546,1,ulaw,A09
LA_E_4255717,0,g722,bonafide
LA_E_4256279,1,pstn,A14
LA_E_4256570,1,pstn,A17
LA_E_4256786,1,ulaw,A11
LA_E_4257389,1,pstn,A19
LA_E_4257469,1,alaw,A13
LA_E_4257878,1,gsm,A10
LA_E_4258325,1,alaw,A13
LA_E_4258775,1,ulaw,A16
LA_E_4259990,1,ulaw,A10
LA_E_4260185,1,gsm,A07
LA_E_4262081,1,opus,A11
LA_E_4262164,1,g722,A18
LA_E_4263000,1,ulaw,A18
LA_E_4263567,0,ulaw,bonafide
LA_E_4264090,1,none,A08
LA_E_4264326,1,gsm,A07
LA_E_4264352,1,pstn,A15
LA_E_4264432,1,g722,A17
LA_E_4264884,1,g722,A13
LA_E_4264983,0,alaw,bonafide
LA_E_4265558,1,pstn,A07
LA_E_4266578,1,gsm,A08
LA_E_4267248,1,ulaw,A19
LA_E_4267343,0,gsm,bonafide
LA_E_4268279,1,alaw,A17
LA_E_4268485,1,gsm,A17
LA_E_4269616,1,gsm,A08
LA_E_4269676,1,gsm,A17
LA_E_4270380,1,none,A07
LA_E_4270498,1,gsm,A12
LA_E_4271447,1,ulaw,A13
LA_E_4271472,1,alaw,A09
LA_E_4271792,0,opus,bonafide
LA_E_4272178,1,none,A19
LA_E_4272569,1,ulaw,A08
LA_E_4272914,1,alaw,A14
LA_E_4273097,1,alaw,A14
LA_E_4273152,1,gsm,A13
LA_E_4273248,1,none,A07
LA_E_4273259,1,opus,A12
LA_E_4273431,1,ulaw,A15
LA_E_4273863,1,alaw,A18
LA_E_4274141,1,alaw,A18
LA_E_4274644,1,gsm,A15
LA_E_4275812,1,alaw,A09
LA_E_4276469,1,pstn,A12
LA_E_4276977,1,ulaw,A15
LA_E_4277580,1,g722,A12
LA_E_4277820,1,none,A09
LA_E_4277876,1,opus,A11
LA_E_4279147,1,alaw,A08
LA_E_4279230,1,gsm,A10
LA_E_4279408,0,ulaw,bonafide
LA_E_4279991,1,pstn,A19
LA_E_4280016,0,gsm,bonafide
LA_E_4280248,1,alaw,A12
LA_E_4280426,0,opus,bonafide
LA_E_4280496,1,g722,A08
LA_E_4280614,1,none,A09
LA_E_4281271,1,pstn,A11
LA_E_4281689,1,opus,A15
LA_E_4282210,1,alaw,A19
LA_E_4282240,1,alaw,A08
LA_E_4282320,0,gsm,bonafide
LA_E_4283046,1,g722,A11
LA_E_4283893,1,pstn,A07
LA_E_4284902,1,g722,A18
LA_E_4284954,1,none,A19
LA_E_4285575,1,none,A12
LA_E_4286775,1,gsm,A19
LA_E_4286814,0,ulaw,bonafide
LA_E_4287935,1,gsm,A18
LA_E_4288060,1,opus,A16
LA_E_4288225,1,gsm,A18
LA_E_4288656,0,ulaw,bonafide
LA_E_4288687,1,gsm,A09
LA_E_4288804,1,ulaw,A19
LA_E_4288926,1,g722,A08
LA_E_4289051,1,pstn,A10
LA_E_4289120,1,opus,A12
LA_E_4289179,1,none,A12
LA_E_4289361,1,pstn,A18
LA_E_4289650,1,gsm,A15
LA_E_4289826,1,pstn,A13
LA_E_4289910,1,g722,A12
LA_E_4290254,1,opus,A09
LA_E_4290284,1,opus,A16
LA_E_4290482,1,ulaw,A09
LA_E_4291155,0,none,bonafide
LA_E_4291787,1,alaw,A07
LA_E_4292511,1,alaw,A11
LA_E_4292691,1,g722,A15
LA_E_4293046,1,pstn,A15
LA_E_4293168,1,none,A10
LA_E_4293483,1,g722,A13
LA_E_4294064,1,opus,A09
LA_E_4295106,1,g722,A16
LA_E_4295158,1,alaw,A16
LA_E_4295844,1,gsm,A11
LA_E_4296137,1,opus,A12
LA_E_4296725,1,pstn,A10
LA_E_4298627,1,g722,A19
LA_E_4298860,1,g722,A19
LA_E_4298996,1,none,A11
LA_E_4299574,0,pstn,bonafide
LA_E_4299611,1,alaw,A14
LA_E_4300060,1,opus,A16
LA_E_4300075,1,gsm,A19
LA_E_4300226,1,opus,A16
LA_E_4300264,1,pstn,A11
LA_E_4300527,0,alaw,bonafide
LA_E_4301482,1,alaw,A19
LA_E_4301564,1,pstn,A18
LA_E_4301715,1,gsm,A10
LA_E_4301758,1,gsm,A11
LA_E_4301796,1,none,A14
LA_E_4301847,1,gsm,A07
LA_E_4302194,1,opus,A14
LA_E_4302433,1,none,A10
LA_E_4302600,1,pstn,A16
LA_E_4302950,1,pstn,A15
LA_E_4304007,1,alaw,A17
LA_E_4304065,1,alaw,A15
LA_E_4304188,1,ulaw,A17
LA_E_4304634,1,pstn,A19
LA_E_4304668,1,gsm,A18
LA_E_4304698,1,g722,A15
LA_E_4305223,1,alaw,A07
LA_E_4305305,1,g722,A07
LA_E_4305932,1,g722,A07
LA_E_4306036,1,none,A09
LA_E_4306528,1,g722,A19
LA_E_4307266,1,gsm,A19
LA_E_4307679,1,g722,A14
LA_E_4308155,1,pstn,A07
LA_E_4308345,1,none,A11
LA_E_4308539,1,ulaw,A10
LA_E_4308733,1,pstn,A19
LA_E_4309060,1,pstn,A09
LA_E_4309075,1,pstn,A10
LA_E_4309162,1,ulaw,A17
LA_E_4309781,1,ulaw,A10
LA_E_4310049,0,gsm,bonafide
LA_E_4310100,1,opus,A12
LA_E_4310112,1,alaw,A15
LA_E_4310289,1,gsm,A12
LA_E_4310385,1,ulaw,A10
LA_E_4310401,1,ulaw,A16
LA_E_4310560,1,pstn,A13
LA_E_4310769,1,opus,A09
LA_E_4310833,1,opus,A14
LA_E_4310933,1,alaw,A08
LA_E_4311041,1,pstn,A16
LA_E_4311220,1,gsm,A12
LA_E_4312086,0,ulaw,bonafide
LA_E_4312103,1,none,A13
LA_E_4312319,1,none,A14
LA_E_4312676,1,none,A15
LA_E_4312705,1,gsm,A07
LA_E_4313067,1,g722,A08
LA_E_4313213,1,none,A12
LA_E_4313642,1,alaw,A07
LA_E_4313825,1,g722,A17
LA_E_4313886,1,g722,A17
LA_E_4314138,1,none,A18
LA_E_4314254,1,g722,A12
LA_E_4314694,1,g722,A09
LA_E_4314731,1,g722,A08
LA_E_4315723,1,opus,A17
LA_E_4315776,0,g722,bonafide
LA_E_4317512,1,alaw,A11
LA_E_4317683,1,none,A15
LA_E_4318040,1,pstn,A12
LA_E_4318403,1,alaw,A13
LA_E_4318455,1,none,A11
LA_E_4318492,1,alaw,A12
LA_E_4318601,1,pstn,A11
LA_E_4319103,1,opus,A12
LA_E_4319345,0,alaw,bonafide
LA_E_4319515,1,gsm,A14
LA_E_4319931,1,pstn,A12
LA_E_4320321,1,ulaw,A15
LA_E_4320338,1,opus,A13
LA_E_4320375,1,gsm,A11
LA_E_4321332,1,opus,A09
LA_E_4321554,1,gsm,A08
LA_E_4321899,1,ulaw,A09
LA_E_4322255,1,pstn,A17
LA_E_4322992,0,gsm,bonafide
LA_E_4323401,1,g722,A08
LA_E_4323432,0,gsm,bonafide
LA_E_4323553,1,alaw,A17
LA_E_4323882,0,none,bonafide
LA_E_4324056,0,opus,bonafide
LA_E_4324186,1,gsm,A11
LA_E_4324359,1,pstn,A11
LA_E_4324483,1,none,A08
LA_E_4324667,1,g722,A18
LA_E_4325158,1,g722,A11
LA_E_4325954,1,gsm,A19
LA_E_4326215,1,g722,A10
LA_E_4326587,1,alaw,A17
LA_E_4326635,1,gsm,A10
LA_E_4326680,0,alaw,bonafide
LA_E_4326817,1,opus,A08
LA_E_4326823,1,none,A17
LA_E_4327007,1,none,A12
LA_E_4327060,1,opus,A13
LA_E_4327526,1,opus,A18
LA_E_4328103,1,opus,A19
LA_E_4329157,1,gsm,A07
LA_E_4329207,1,none,A10
LA_E_4329482,1,gsm,A19
LA_E_4329671,1,pstn,A15
LA_E_4329768,1,gsm,A16
LA_E_4331185,1,alaw,A10
LA_E_4331442,1,opus,A15
LA_E_4331622,1,opus,A13
LA_E_4331734,1,gsm,A09
LA_E_4332090,1,ulaw,A13
LA_E_4332095,1,ulaw,A10
LA_E_4332509,1,opus,A08
LA_E_4332751,1,alaw,A10
LA_E_4333563,1,none,A10
LA_E_4333931,1,none,A16
LA_E_4334006,1,none,A12
LA_E_4334205,1,ulaw,A08
LA_E_4334521,1,opus,A11
LA_E_4334567,1,gsm,A15
LA_E_4334883,1,opus,A11
LA_E_4335132,1,ulaw,A18
LA_E_4335281,1,ulaw,A12
LA_E_4335363,1,g722,A17
LA_E_4335399,1,g722,A10
LA_E_4335576,1,ulaw,A16
LA_E_4335663,1,none,A09
LA_E_4336429,1,opus,A17
LA_E_4336770,1,g722,A14
LA_E_4337032,1,pstn,A13
LA_E_4337228,1,ulaw,A17
LA_E_4337285,1,g722,A18
LA_E_4337738,1,alaw,A12
LA_E_4337989,1,ulaw,A13
LA_E_4338417,1,opus,A16
LA_E_4338873,0,gsm,bonafide
LA_E_4339061,1,g722,A13
LA_E_4339088,1,none,A08
LA_E_4339451,1,alaw,A14
LA_E_4339673,1,gsm,A09
LA_E_4340246,1,gsm,A15
LA_E_4340296,1,gsm,A17
LA_E_4340462,1,gsm,A12
LA_E_4340746,1,alaw,A09
LA_E_4341648,1,opus,A19
LA_E_4341739,1,pstn,A12
LA_E_4341768,1,gsm,A10
LA_E_4341884,1,alaw,A08
LA_E_4342289,1,pstn,A09
LA_E_4343553,1,alaw,A14
LA_E_4343739,1,g722,A17
LA_E_4344023,1,alaw,A11
LA_E_4344318,1,ulaw,A14
LA_E_4344527,1,g722,A16
LA_E_4344588,1,opus,A17
LA_E_4345038,1,none,A13
LA_E_4345053,1,opus,A10
LA_E_4345069,1,ulaw,A15
LA_E_4345135,1,opus,A12
LA_E_4345498,1,alaw,A11
LA_E_4345996,1,pstn,A14
LA_E_4346179,1,pstn,A12
LA_E_4346918,1,pstn,A15
LA_E_4347194,1,gsm,A12
LA_E_4347386,0,ulaw,bonafide
LA_E_4347857,1,alaw,A12
LA_E_4349385,1,ulaw,A11
LA_E_4349544,0,opus,bonafide
LA_E_4350379,1,gsm,A16
LA_E_4350471,1,g722,A15
LA_E_4350566,1,opus,A07
LA_E_4350977,0,ulaw,bonafide
LA_E_4351187,1,g722,A07
LA_E_4351563,1,gsm,A16
LA_E_4351967,0,gsm,bonafide
LA_E_4352077,1,alaw,A18
LA_E_4353702,1,none,A11
LA_E_4354089,1,ulaw,A09
LA_E_4354146,1,gsm,A12
LA_E_4354312,1,none,A10
LA_E_4354379,1,gsm,A09
LA_E_4354522,1,gsm,A10
LA_E_4354742,1,gsm,A12
LA_E_4355352,1,none,A19
LA_E_4355550,1,opus,A07
LA_E_4355577,1,gsm,A19
LA_E_4355609,1,alaw,A19
LA_E_4355619,1,none,A15
LA_E_4355716,1,ulaw,A07
LA_E_4355851,1,alaw,A10
LA_E_4355889,1,g722,A07
LA_E_4356064,1,opus,A10
LA_E_4357398,1,ulaw,A16
LA_E_4357459,0,alaw,bonafide
LA_E_4357473,1,none,A08
LA_E_4358329,1,none,A07
LA_E_4358377,1,opus,A08
LA_E_4358393,1,g722,A19
LA_E_4358631,1,opus,A12
LA_E_4359132,1,g722,A19
LA_E_4359503,1,gsm,A18
LA_E_4359889,1,ulaw,A14
LA_E_4360146,1,ulaw,A16
LA_E_4360565,0,gsm,bonafide
LA_E_4361983,1,g722,A13
LA_E_4362058,1,pstn,A11
LA_E_4362785,1,ulaw,A12
LA_E_4362856,1,alaw,A18
LA_E_4363689,1,ulaw,A18
LA_E_4363763,1,gsm,A10
LA_E_4364026,1,pstn,A19
LA_E_4364214,1,opus,A07
LA_E_4364461,1,none,A17
LA_E_4364718,1,ulaw,A12
LA_E_4364834,1,g722,A16
LA_E_4364903,1,g722,A14
LA_E_4364904,1,ulaw,A17
LA_E_4364988,1,alaw,A15
LA_E_4365112,1,alaw,A19
LA_E_4365115,1,g722,A18
LA_E_4365535,1,opus,A14
LA_E_4365590,1,none,A13
LA_E_4365777,0,opus,bonafide
LA_E_4365869,1,pstn,A09
LA_E_4366038,1,none,A19
LA_E_4366278,1,alaw,A11
LA_E_4366369,0,gsm,bonafide
LA_E_4366884,0,ulaw,bonafide
LA_E_4367082,1,pstn,A14
LA_E_4367405,1,ulaw,A19
LA_E_4367831,1,alaw,A08
LA_E_4368440,1,pstn,A10
LA_E_4368458,1,pstn,A08
LA_E_4368463,1,none,A10
LA_E_4368675,1,pstn,A16
LA_E_4370081,1,gsm,A08
LA_E_4370454,1,g722,A14
LA_E_4371631,1,g722,A16
LA_E_4371664,1,alaw,A08
LA_E_4371872,1,gsm,A16
LA_E_4371884,1,pstn,A08
LA_E_4371911,1,ulaw,A13
LA_E_4372383,1,gsm,A14
LA_E_4373929,1,g722,A07
LA_E_4374136,1,gsm,A12
LA_E_4374796,1,ulaw,A13
LA_E_4375708,1,gsm,A09
LA_E_4376377,1,ulaw,A08
LA_E_4376558,1,pstn,A18
LA_E_4376628,1,ulaw,A12
LA_E_4377070,0,alaw,bonafide
LA_E_4377116,1,opus,A10
LA_E_4377689,1,pstn,A17
LA_E_4377734,1,pstn,A14
LA_E_4377844,1,alaw,A12
LA_E_4378799,1,pstn,A10
LA_E_4378807,1,none,A16
LA_E_4379253,1,gsm,A09
LA_E_4379535,1,gsm,A17
LA_E_4380344,1,none,A12
LA_E_4380499,1,g722,A08
LA_E_4380896,1,alaw,A16
LA_E_4381388,1,opus,A16
LA_E_4382161,1,pstn,A07
LA_E_4382264,1,none,A15
LA_E_4383244,1,alaw,A15
LA_E_4383276,1,ulaw,A08
LA_E_4383469,1,pstn,A12
LA_E_4383762,1,gsm,A14
LA_E_4383775,1,alaw,A16
LA_E_4383813,1,ulaw,A11
LA_E_4384303,1,none,A09
LA_E_4385045,0,pstn,bonafide
LA_E_4385376,1,none,A14
LA_E_4385550,1,none,A09
LA_E_4385671,0,alaw,bonafide
LA_E_4386239,0,ulaw,bonafide
LA_E_4387818,1,none,A16
LA_E_4388286,1,pstn,A09
LA_E_4388846,1,g722,A15
LA_E_4389230,1,alaw,A08
LA_E_4389309,1,pstn,A09
LA_E_4389350,1,g722,A14
LA_E_4389818,1,none,A18
LA_E_4390100,1,opus,A14
LA_E_4390137,1,gsm,A11
LA_E_4390358,1,g722,A15
LA_E_4390542,1,none,A19
LA_E_4390919,1,ulaw,A15
LA_E_4392657,1,g722,A14
LA_E_4392680,1,ulaw,A11
LA_E_4393151,1,ulaw,A17
LA_E_4393685,1,pstn,A18
LA_E_4394811,1,pstn,A07
LA_E_4394844,1,g722,A19
LA_E_4395024,1,none,A13
LA_E_4395045,1,g722,A12
LA_E_4395357,1,none,A17
LA_E_4395526,1,opus,A16
LA_E_4395693,1,alaw,A13
LA_E_4396020,1,g722,A07
LA_E_4396289,1,alaw,A10
LA_E_4397329,1,pstn,A16
LA_E_4397512,1,pstn,A15
LA_E_4397934,1,none,A10
LA_E_4397961,1,pstn,A19
LA_E_4397966,0,gsm,bonafide
LA_E_4398304,1,gsm,A18
LA_E_4398390,1,g722,A17
LA_E_4398430,1,pstn,A07
LA_E_4398442,1,g722,A09
LA_E_4399702,1,pstn,A14
LA_E_4399742,1,ulaw,A07
LA_E_4399876,1,alaw,A08
LA_E_4400427,1,opus,A13
LA_E_4400721,1,opus,A13
LA_E_4400876,1,none,A08
LA_E_4400903,1,g722,A07
LA_E_4401499,1,opus,A18
LA_E_4401855,1,ulaw,A19
LA_E_4402616,1,alaw,A13
LA_E_4403008,1,alaw,A10
LA_E_4403564,1,pstn,A08
LA_E_4403844,1,gsm,A08
LA_E_4403948,1,alaw,A14
LA_E_4404408,0,none,bonafide
LA_E_4404430,1,pstn,A15
LA_E_4404434,1,g722,A19
LA_E_4404462,1,gsm,A17
LA_E_4404911,1,alaw,A09
LA_E_4404967,1,opus,A19
LA_E_4405406,1,pstn,A19
LA_E_4405535,1,g722,A15
LA_E_4405577,1,none,A12
LA_E_4406096,1,opus,A07
LA_E_4406308,1,gsm,A07
LA_E_4406398,1,alaw,A09
LA_E_4406977,1,alaw,A09
LA_E_4407041,1,pstn,A11
LA_E_4407154,1,opus,A11
LA_E_4407393,1,none,A10
LA_E_4407440,1,pstn,A19
LA_E_4407770,1,pstn,A12
LA_E_4407835,0,pstn,bonafide
LA_E_4408145,1,pstn,A17
LA_E_4408219,0,g722,bonafide
LA_E_4408502,1,alaw,A13
LA_E_4408710,1,alaw,A14
LA_E_4408775,1,opus,A07
LA_E_4409194,1,gsm,A15
LA_E_4409533,1,none,A10
LA_E_4409631,1,gsm,A07
LA_E_4410255,1,none,A11
LA_E_4410724,1,pstn,A18
LA_E_4410780,1,opus,A18
LA_E_4411511,1,none,A07
LA_E_4411820,1,alaw,A10
LA_E_4412485,0,pstn,bonafide
LA_E_4412706,1,alaw,A09
LA_E_4413113,1,none,A13
LA_E_4413657,0,alaw,bonafide
LA_E_4413718,1,g722,A11
LA_E_4414475,1,pstn,A16
LA_E_4415008,0,none,bonafide
LA_E_4415623,1,opus,A15
LA_E_4415664,1,none,A07
LA_E_4415799,0,gsm,bonafide
LA_E_4416073,1,none,A18
LA_E_4416266,1,alaw,A11
LA_E_4416816,0,opus,bonafide
LA_E_4416969,1,g722,A17
LA_E_4417021,1,none,A07
LA_E_4417094,1,pstn,A12
LA_E_4417383,1,ulaw,A18
LA_E_4417974,0,ulaw,bonafide
LA_E_4418096,1,pstn,A14
LA_E_4418128,0,none,bonafide
LA_E_4418861,1,ulaw,A10
LA_E_4419355,0,pstn,bonafide
LA_E_4420486,1,g722,A16
LA_E_4420702,1,ulaw,A10
LA_E_4421077,1,alaw,A18
LA_E_4421357,1,g722,A13
LA_E_4421620,0,gsm,bonafide
LA_E_4421653,1,pstn,A17
LA_E_4422278,1,alaw,A15
LA_E_4422546,1,alaw,A17
LA_E_4423358,1,pstn,A16
LA_E_4423415,0,pstn,bonafide
LA_E_4423545,0,opus,bonafide
LA_E_4423586,1,gsm,A16
LA_E_4424056,1,gsm,A14
LA_E_4424225,0,ulaw,bonafide
LA_E_4424258,0,ulaw,bonafide
LA_E_4424622,1,gsm,A16
LA_E_4425229,1,gsm,A08
LA_E_4425240,1,g722,A14
LA_E_4425411,1,alaw,A15
LA_E_4425792,0,pstn,bonafide
LA_E_4427837,1,alaw,A16
LA_E_4427943,0,pstn,bonafide
LA_E_4428136,1,gsm,A16
LA_E_4428756,1,opus,A09
LA_E_4429387,1,none,A11
LA_E_4429442,1,g722,A17
LA_E_4430260,1,gsm,A18
LA_E_4430589,1,alaw,A11
LA_E_4430787,1,none,A14
LA_E_4432182,1,gsm,A08
LA_E_4432213,1,opus,A17
LA_E_4432291,1,alaw,A09
LA_E_4432428,1,pstn,A08
LA_E_4432859,1,g722,A15
LA_E_4433004,1,opus,A17
LA_E_4433072,1,g722,A07
LA_E_4433145,1,gsm,A12
LA_E_4433172,1,none,A10
LA_E_4433511,0,none,bonafide
LA_E_4433600,1,alaw,A07
LA_E_4433615,1,none,A07
LA_E_4433875,1,gsm,A13
LA_E_4434120,1,gsm,A13
LA_E_4434352,0,opus,bonafide
LA_E_4435587,1,opus,A09
LA_E_4436267,1,none,A14
LA_E_4436556,1,none,A18
LA_E_4436563,1,alaw,A10
LA_E_4437175,1,pstn,A08
LA_E_4437440,1,g722,A12
LA_E_4437508,1,gsm,A18
LA_E_4437644,1,g722,A09
LA_E_4437712,1,gsm,A17
LA_E_4437774,1,alaw,A17
LA_E_4438056,1,alaw,A17
LA_E_4438091,1,g722,A13
LA_E_4438330,1,ulaw,A09
LA_E_4438353,1,g722,A07
LA_E_4438367,1,opus,A17
LA_E_4438451,0,none,bonafide
LA_E_4439235,1,ulaw,A15
LA_E_4441567,0,gsm,bonafide
LA_E_4441966,1,ulaw,A17
LA_E_4443735,1,alaw,A15
LA_E_4443973,1,alaw,A11
LA_E_4444459,1,none,A17
LA_E_4444957,1,pstn,A15
LA_E_4445126,1,opus,A08
LA_E_4445338,1,pstn,A12
LA_E_4446045,1,ulaw,A16
LA_E_4446488,1,gsm,A10
LA_E_4446506,1,gsm,A09
LA_E_4446597,1,gsm,A12
LA_E_4446624,1,opus,A08
LA_E_4446775,1,pstn,A10
LA_E_4447172,1,alaw,A10
LA_E_4448167,1,none,A15
LA_E_4448193,1,none,A19
LA_E_4448533,0,alaw,bonafide
LA_E_4448671,1,opus,A17
LA_E_4448753,1,pstn,A09
LA_E_4448833,1,opus,A17
LA_E_4449089,0,g722,bonafide
LA_E_4449222,1,ulaw,A07
LA_E_4449381,1,g722,A09
LA_E_4449470,1,gsm,A17
LA_E_4449539,1,pstn,A16
LA_E_4449599,0,ulaw,bonafide
LA_E_4450407,1,ulaw,A07
LA_E_4450797,0,g722,bonafide
LA_E_4451685,1,opus,A10
LA_E_4452332,1,alaw,A09
LA_E_4452514,1,none,A16
LA_E_4452678,1,opus,A07
LA_E_4453312,1,g722,A08
LA_E_4453555,0,g722,bonafide
LA_E_4454000,1,pstn,A15
LA_E_4454154,0,pstn,bonafide
LA_E_4454690,1,g722,A14
LA_E_4454791,0,opus,bonafide
LA_E_4455525,1,ulaw,A14
LA_E_4455706,1,alaw,A15
LA_E_4456131,1,alaw,A12
LA_E_4456400,1,none,A19
LA_E_4456670,0,opus,bonafide
LA_E_4457296,1,opus,A10
LA_E_4457336,1,gsm,A18
LA_E_4457337,1,g722,A11
LA_E_4458018,1,alaw,A07
LA_E_4459118,1,ulaw,A17
LA_E_4459394,1,gsm,A11
LA_E_4459477,0,opus,bonafide
LA_E_4459686,0,ulaw,bonafide
LA_E_4460655,1,pstn,A16
LA_E_4461047,1,none,A14
LA_E_4462397,1,ulaw,A09
LA_E_4463171,1,gsm,A14
LA_E_4463644,1,gsm,A19
LA_E_4463661,1,none,A14
LA_E_4464263,1,g722,A08
LA_E_4464748,0,ulaw,bonafide
LA_E_4464790,1,alaw,A10
LA_E_4464896,1,opus,A15
LA_E_4465228,1,opus,A18
LA_E_4465615,1,opus,A12
LA_E_4465905,0,opus,bonafide
LA_E_4466005,1,opus,A15
LA_E_4466073,1,alaw,A08
LA_E_4466293,1,pstn,A12
LA_E_4466688,1,gsm,A11
LA_E_4466801,1,pstn,A10
LA_E_4466925,0,pstn,bonafide
LA_E_4466933,1,pstn,A15
LA_E_4467153,1,gsm,A10
LA_E_4467164,1,none,A11
LA_E_4467215,1,alaw,A16
LA_E_4467752,0,none,bonafide
LA_E_4467793,1,none,A13
LA_E_4467865,1,g722,A10
LA_E_4468607,1,pstn,A11
LA_E_4469260,0,g722,bonafide
LA_E_4469591,1,ulaw,A14
LA_E_4469660,1,ulaw,A16
LA_E_4469880,1,ulaw,A08
LA_E_4470191,1,gsm,A08
LA_E_4470205,1,alaw,A11
LA_E_4470207,1,gsm,A12
LA_E_4470831,1,opus,A19
LA_E_4471872,1,none,A15
LA_E_4472373,1,none,A16
LA_E_4472449,1,pstn,A17
LA_E_4472518,1,opus,A13
LA_E_4472522,1,none,A11
LA_E_4472636,0,gsm,bonafide
LA_E_4473296,1,opus,A18
LA_E_4473722,1,alaw,A17
LA_E_4474753,1,none,A11
LA_E_4474802,1,gsm,A07
LA_E_4475212,1,pstn,A10
LA_E_4475627,0,alaw,bonafide
LA_E_4475921,0,gsm,bonafide
LA_E_4476397,1,none,A08
LA_E_4477130,0,alaw,bonafide
LA_E_4477536,1,none,A18
LA_E_4477827,1,none,A15
LA_E_4478240,0,pstn,bonafide
LA_E_4478520,1,gsm,A07
LA_E_4479775,0,gsm,bonafide
LA_E_4480156,1,none,A13
LA_E_4480368,1,ulaw,A19
LA_E_4480394,1,alaw,A08
LA_E_4480457,1,alaw,A19
LA_E_4481123,1,g722,A09
LA_E_4481275,1,ulaw,A17
LA_E_4481370,1,g722,A09
LA_E_4481903,0,none,bonafide
LA_E_4482139,0,alaw,bonafide
LA_E_4482580,1,alaw,A17
LA_E_4482753,1,alaw,A17
LA_E_4483179,1,none,A09
LA_E_4483552,1,none,A16
LA_E_4485389,1,none,A13
LA_E_4485570,1,ulaw,A19
LA_E_4486526,1,opus,A15
LA_E_4486594,1,ulaw,A14
LA_E_4486722,1,ulaw,A08
LA_E_4487065,1,opus,A19
LA_E_4487066,1,ulaw,A07
LA_E_4487278,1,opus,A10
LA_E_4487487,0,g722,bonafide
LA_E_4487636,1,ulaw,A13
LA_E_4487972,1,none,A15
LA_E_4488255,0,gsm,bonafide
LA_E_4488389,0,none,bonafide
LA_E_4489060,1,g722,A14
LA_E_4489474,1,gsm,A19
LA_E_4489556,1,opus,A15
LA_E_4489613,1,g722,A08
LA_E_4489671,1,pstn,A08
LA_E_4489955,1,opus,A16
LA_E_4490488,1,alaw,A07
LA_E_4490581,1,opus,A18
LA_E_4490733,1,gsm,A19
LA_E_4491434,1,g722,A13
LA_E_4491633,1,alaw,A08
LA_E_4491722,1,g722,A13
LA_E_4492135,1,ulaw,A13
LA_E_4492293,1,ulaw,A11
LA_E_4492988,1,none,A12
LA_E_4493529,1,ulaw,A11
LA_E_4493693,1,g722,A12
LA_E_4493972,1,none,A11
LA_E_4494137,1,pstn,A07
LA_E_4494283,1,none,A13
LA_E_4494409,1,none,A07
LA_E_4494801,1,opus,A14
LA_E_4494831,1,alaw,A08
LA_E_4494894,1,none,A07
LA_E_4494914,0,gsm,bonafide
LA_E_4495261,1,opus,A19
LA_E_4495675,0,g722,bonafide
LA_E_4495927,1,opus,A12
LA_E_4496407,1,g722,A15
LA_E_4496708,1,alaw,A12
LA_E_4497164,1,pstn,A16
LA_E_4497231,1,g722,A09
LA_E_4497399,1,opus,A08
LA_E_4497430,1,gsm,A13
LA_E_4497755,1,none,A15
LA_E_4498601,1,gsm,A13
LA_E_4499057,1,g722,A19
LA_E_4499074,1,alaw,A13
LA_E_4499357,1,ulaw,A15
LA_E_4499459,1,pstn,A07
LA_E_4499665,1,none,A17
LA_E_4500595,1,opus,A13
LA_E_4500921,1,pstn,A15
LA_E_4500927,1,opus,A14
LA_E_4501008,1,none,A14
LA_E_4501247,1,alaw,A07
LA_E_4501521,1,none,A17
LA_E_4501952,1,alaw,A12
LA_E_4502025,1,none,A10
LA_E_4502321,1,pstn,A08
LA_E_4502753,0,alaw,bonafide
LA_E_4502911,1,alaw,A12
LA_E_4502993,1,ulaw,A08
LA_E_4503694,1,gsm,A15
LA_E_4503892,1,pstn,A11
LA_E_4504025,1,alaw,A09
LA_E_4504560,1,opus,A09
LA_E_4504656,1,gsm,A15
LA_E_4504966,1,alaw,A08
LA_E_4505614,1,ulaw,A08
LA_E_4506347,1,none,A12
LA_E_4506460,1,ulaw,A14
LA_E_4506747,1,none,A19
LA_E_4506985,1,alaw,A13
LA_E_4507025,1,g722,A08
LA_E_4507316,1,pstn,A07
LA_E_4507335,1,pstn,A09
LA_E_4507359,1,none,A19
LA_E_4507602,1,g722,A13
LA_E_4508391,1,none,A07
LA_E_4508669,1,gsm,A12
LA_E_4508759,1,opus,A14
LA_E_4508865,1,g722,A16
LA_E_4509178,1,opus,A17
LA_E_4509374,1,ulaw,A16
LA_E_4509515,1,none,A08
LA_E_4509652,1,alaw,A14
LA_E_4510139,1,pstn,A09
LA_E_4510444,1,g722,A10
LA_E_4510488,1,ulaw,A12
LA_E_4510989,1,alaw,A15
LA_E_4511385,0,gsm,bonafide
LA_E_4511675,1,pstn,A11
LA_E_4511741,0,none,bonafide
LA_E_4512126,1,none,A10
LA_E_4512712,1,g722,A16
LA_E_4513260,1,ulaw,A13
LA_E_4513935,1,gsm,A13
LA_E_4514376,1,none,A13
LA_E_4514386,1,opus,A07
LA_E_4514825,1,opus,A13
LA_E_4515022,0,gsm,bonafide
LA_E_4515080,1,gsm,A18
LA_E_4515485,0,none,bonafide
LA_E_4515625,1,alaw,A16
LA_E_4516160,1,ulaw,A19
LA_E_4516263,1,alaw,A19
LA_E_4516671,1,g722,A09
LA_E_4516897,1,pstn,A19
LA_E_4517036,1,g722,A10
LA_E_4517705,1,pstn,A11
LA_E_4518646,1,alaw,A18
LA_E_4518889,1,gsm,A10
LA_E_4519169,1,g722,A13
LA_E_4519260,1,alaw,A16
LA_E_4519611,1,ulaw,A07
LA_E_4519732,0,pstn,bonafide
LA_E_4519756,1,g722,A14
LA_E_4520002,1,ulaw,A19
LA_E_4520616,1,g722,A14
LA_E_4521198,1,alaw,A19
LA_E_4521687,1,opus,A16
LA_E_4522613,1,g722,A16
LA_E_4523295,1,ulaw,A09
LA_E_4524023,1,ulaw,A14
LA_E_4524091,1,pstn,A08
LA_E_4524259,1,opus,A18
LA_E_4524996,1,gsm,A12
LA_E_4525979,1,alaw,A17
LA_E_4526094,1,ulaw,A16
LA_E_4526137,1,none,A18
LA_E_4526146,1,opus,A18
LA_E_4526426,1,gsm,A10
LA_E_4526940,1,ulaw,A13
LA_E_4527781,1,alaw,A12
LA_E_4529157,1,gsm,A18
LA_E_4529385,1,ulaw,A18
LA_E_4529937,0,alaw,bonafide
LA_E_4530609,1,alaw,A16
LA_E_4530626,1,g722,A18
LA_E_4530746,1,g722,A07
LA_E_4531117,1,alaw,A15
LA_E_4531551,1,g722,A12
LA_E_4531631,1,alaw,A17
LA_E_4531920,1,alaw,A13
LA_E_4531978,1,alaw,A13
LA_E_4532119,1,pstn,A18
LA_E_4532277,0,gsm,bonafide
LA_E_4532412,1,pstn,A10
LA_E_4532433,1,ulaw,A10
LA_E_4533209,1,pstn,A13
LA_E_4533552,1,none,A10
LA_E_4534735,1,none,A08
LA_E_4535528,1,pstn,A08
LA_E_4535640,1,g722,A16
LA_E_4535704,1,pstn,A09
LA_E_4535767,1,none,A15
LA_E_4536350,1,g722,A19
LA_E_4536586,1,ulaw,A11
LA_E_4536962,1,gsm,A08
LA_E_4536985,0,g722,bonafide
LA_E_4536999,0,g722,bonafide
LA_E_4537466,1,ulaw,A17
LA_E_4537518,1,ulaw,A09
LA_E_4537831,1,g722,A13
LA_E_4538132,0,opus,bonafide
LA_E_4538334,1,pstn,A11
LA_E_4538439,1,g722,A14
LA_E_4538608,1,opus,A08
LA_E_4538640,1,alaw,A13
LA_E_4538813,1,gsm,A17
LA_E_4538860,1,ulaw,A19
LA_E_4538930,1,alaw,A18
LA_E_4539181,1,none,A18
LA_E_4539639,1,none,A18
LA_E_4539751,1,g722,A15
LA_E_4539798,0,none,bonafide
LA_E_4539873,1,none,A09
LA_E_4540151,1,ulaw,A12
LA_E_4540578,1,opus,A15
LA_E_4540582,1,g722,A09
LA_E_4540652,1,opus,A10
LA_E_4540674,0,pstn,bonafide
LA_E_4540688,1,alaw,A19
LA_E_4540696,1,g722,A11
LA_E_4540782,1,pstn,A19
LA_E_4541820,1,gsm,A19
LA_E_4541834,1,ulaw,A12
LA_E_4542417,1,g722,A14
LA_E_4542639,1,ulaw,A08
LA_E_4542858,1,alaw,A08
LA_E_4543385,0,alaw,bonafide
LA_E_4543464,0,gsm,bonafide
LA_E_4543469,0,ulaw,bonafide
LA_E_4543488,1,alaw,A13
LA_E_4543600,1,gsm,A18
LA_E_4544152,1,alaw,A12
LA_E_4544537,1,gsm,A07
LA_E_4544806,1,alaw,A07
LA_E_4544948,1,none,A10
LA_E_4545260,1,ulaw,A07
LA_E_4545338,0,g722,bonafide
LA_E_4545435,1,opus,A17
LA_E_4546137,1,opus,A09
LA_E_4546174,1,gsm,A13
LA_E_4546257,1,g722,A19
LA_E_4546589,1,ulaw,A14
LA_E_4546747,1,gsm,A09
LA_E_4546763,1,gsm,A17
LA_E_4546772,1,opus,A11
LA_E_4546804,1,opus,A09
LA_E_4547640,1,g722,A13
LA_E_4548402,1,pstn,A07
LA_E_4548431,1,gsm,A16
LA_E_4548523,1,gsm,A19
LA_E_4548961,1,pstn,A07
LA_E_4549363,1,alaw,A15
LA_E_4549501,1,opus,A16
LA_E_4549633,1,none,A16
LA_E_4550083,1,gsm,A16
LA_E_4550243,1,pstn,A10
LA_E_4550818,0,gsm,bonafide
LA_E_4551178,1,pstn,A17
LA_E_4551341,1,alaw,A10
LA_E_4551617,1,alaw,A16
LA_E_4551700,1,g722,A12
LA_E_4551846,0,alaw,bonafide
LA_E_4551988,1,g722,A19
LA_E_4552052,1,gsm,A17
LA_E_4552087,1,pstn,A14
LA_E_4552322,1,gsm,A18
LA_E_4552505,1,gsm,A09
LA_E_4552580,1,alaw,A15
LA_E_4552787,1,alaw,A17
LA_E_4552930,1,gsm,A10
LA_E_4553783,1,alaw,A09
LA_E_4553922,1,alaw,A19
LA_E_4553957,1,none,A16
LA_E_4553990,0,pstn,bonafide
LA_E_4554312,1,g722,A07
LA_E_4554752,1,opus,A18
LA_E_4555231,1,g722,A15
LA_E_4555377,1,none,A16
LA_E_4555382,1,gsm,A18
LA_E_4555743,1,alaw,A15
LA_E_4555822,1,opus,A11
LA_E_4556067,1,gsm,A11
LA_E_4556069,1,ulaw,A09
LA_E_4556126,1,ulaw,A13
LA_E_4556258,1,gsm,A14
LA_E_4556600,1,none,A09
LA_E_4556674,0,alaw,bonafide
LA_E_4556740,1,g722,A11
LA_E_4557181,1,gsm,A16
LA_E_4557832,1,pstn,A12
LA_E_4558150,1,alaw,A11
LA_E_4558489,0,opus,bonafide
LA_E_4558713,1,ulaw,A07
LA_E_4559971,1,alaw,A13
LA_E_4560159,1,opus,A16
LA_E_4560574,1,g722,A17
LA_E_4560754,1,opus,A10
LA_E_4561710,0,ulaw,bonafide
LA_E_4562384,1,none,A14
LA_E_4562541,1,pstn,A17
LA_E_4562776,1,gsm,A07
LA_E_4562830,1,opus,A12
LA_E_4563009,1,opus,A18
LA_E_4563077,1,g722,A07
LA_E_4563349,1,alaw,A10
LA_E_4563761,1,g722,A15
LA_E_4563820,1,gsm,A11
LA_E_4564043,1,gsm,A14
LA_E_4564251,1,g722,A14
LA_E_4564514,1,opus,A12
LA_E_4564527,0,g722,bonafide
LA_E_4564685,1,g722,A07
LA_E_4564827,1,g722,A18
LA_E_4565009,1,opus,A18
LA_E_4565412,1,opus,A12
LA_E_4565603,0,none,bonafide
LA_E_4566352,1,gsm,A07
LA_E_4566631,1,g722,A12
LA_E_4566768,1,pstn,A18
LA_E_4566855,1,g722,A12
LA_E_4567227,1,pstn,A19
LA_E_4567588,1,none,A11
LA_E_4567944,0,ulaw,bonafide
LA_E_4568183,1,ulaw,A11
LA_E_4568206,1,pstn,A13
LA_E_4568723,0,pstn,bonafide
LA_E_4568808,1,pstn,A11
LA_E_4569154,1,g722,A11
LA_E_4569325,1,pstn,A17
LA_E_4569703,1,gsm,A12
LA_E_4569806,0,alaw,bonafide
LA_E_4569934,1,none,A07
LA_E_4570275,1,pstn,A16
LA_E_4570722,1,opus,A14
LA_E_4571218,1,alaw,A15
LA_E_4572329,1,alaw,A14
LA_E_4572758,1,g722,A07
LA_E_4573364,1,gsm,A19
LA_E_4573690,1,opus,A11
LA_E_4573717,0,g722,bonafide
LA_E_4573781,1,none,A10
LA_E_4574125,1,opus,A18
LA_E_4574458,1,ulaw,A15
LA_E_4574678,1,none,A08
LA_E_4574695,1,ulaw,A11
LA_E_4574752,1,opus,A19
LA_E_4575213,0,ulaw,bonafide
LA_E_4576272,1,g722,A09
LA_E_4576644,1,ulaw,A07
LA_E_4576684,1,alaw,A17
LA_E_4577092,1,ulaw,A17
LA_E_4577180,1,g722,A09
LA_E_4577244,1,opus,A18
LA_E_4577536,1,none,A12
LA_E_4578412,0,gsm,bonafide
LA_E_4579049,1,opus,A09
LA_E_4579197,1,gsm,A18
LA_E_4579549,1,opus,A13
LA_E_4580246,1,alaw,A18
LA_E_4580563,1,pstn,A16
LA_E_4583218,1,pstn,A11
LA_E_4583718,0,g722,bonafide
LA_E_4583920,1,none,A15
LA_E_4584750,1,alaw,A07
LA_E_4584988,0,pstn,bonafide
LA_E_4585066,1,none,A19
LA_E_4585505,1,gsm,A17
LA_E_4585536,1,ulaw,A10
LA_E_4585565,1,pstn,A14
LA_E_4585582,1,alaw,A10
LA_E_4586478,1,ulaw,A13
LA_E_4586667,1,opus,A08
LA_E_4586974,1,gsm,A07
LA_E_4587101,1,pstn,A09
LA_E_4587137,1,opus,A16
LA_E_4587239,1,opus,A16
LA_E_4587671,1,gsm,A16
LA_E_4587754,0,opus,bonafide
LA_E_4588036,1,opus,A10
LA_E_4588151,1,opus,A19
LA_E_4588158,1,opus,A14
LA_E_4588203,1,alaw,A09
LA_E_4588378,1,pstn,A12
LA_E_4588602,1,gsm,A07
LA_E_4589845,1,alaw,A08
LA_E_4590809,1,alaw,A14
LA_E_4591310,1,g722,A08
LA_E_4591372,1,none,A13
LA_E_4591508,1,alaw,A16
LA_E_4591669,0,gsm,bonafide
LA_E_4591736,1,pstn,A17
LA_E_4592213,1,ulaw,A15
LA_E_4592871,1,alaw,A07
LA_E_4593645,1,opus,A10
LA_E_4593770,1,ulaw,A13
LA_E_4593970,1,pstn,A17
LA_E_4594067,1,opus,A19
LA_E_4594122,1,g722,A13
LA_E_4594294,1,g722,A08
LA_E_4594307,1,ulaw,A16
LA_E_4594496,1,opus,A07
LA_E_4594994,1,none,A17
LA_E_4595266,0,alaw,bonafide
LA_E_4595584,1,g722,A09
LA_E_4595597,1,alaw,A19
LA_E_4596121,1,ulaw,A13
LA_E_4596206,1,opus,A11
LA_E_4596523,1,opus,A18
LA_E_4596695,0,g722,bonafide
LA_E_4596766,1,alaw,A19
LA_E_4597094,1,none,A16
LA_E_4597281,1,alaw,A19
LA_E_4598400,1,none,A15
LA_E_4598758,1,ulaw,A09
LA_E_4599056,1,gsm,A15
LA_E_4599935,1,g722,A14
LA_E_4599998,1,opus,A18
LA_E_4600230,1,ulaw,A09
LA_E_4600736,1,ulaw,A13
LA_E_4600803,1,none,A16
LA_E_4600969,1,pstn,A17
LA_E_4601021,0,alaw,bonafide
LA_E_4601648,1,alaw,A13
LA_E_4602235,1,none,A10
LA_E_4602699,1,opus,A10
LA_E_4602748,1,pstn,A13
LA_E_4602940,1,alaw,A14
LA_E_4602975,1,ulaw,A16
LA_E_4603113,1,none,A09
LA_E_4603503,1,pstn,A14
LA_E_4603885,0,ulaw,bonafide
LA_E_4604165,1,ulaw,A10
LA_E_4604201,1,ulaw,A07
LA_E_4604285,1,none,A12
LA_E_4604309,1,none,A10
LA_E_4604469,1,opus,A09
LA_E_4604476,1,opus,A12
LA_E_4604604,1,pstn,A12
LA_E_4604893,1,opus,A08
LA_E_4604928,1,ulaw,A17
LA_E_4605464,0,opus,bonafide
LA_E_4605510,0,gsm,bonafide
LA_E_4605547,0,none,bonafide
LA_E_4605914,1,opus,A16
LA_E_4605939,1,opus,A09
LA_E_4606143,1,g722,A16
LA_E_4606270,1,opus,A10
LA_E_4606646,1,none,A15
LA_E_4607009,1,g722,A19
LA_E_4607182,1,gsm,A13
LA_E_4607214,1,opus,A16
LA_E_4608040,1,pstn,A15
LA_E_4608104,1,pstn,A19
LA_E_4608205,0,none,bonafide
LA_E_4608680,1,ulaw,A19
LA_E_4608753,1,opus,A08
LA_E_4608808,1,pstn,A18
LA_E_4609068,1,opus,A10
LA_E_4609639,1,pstn,A16
LA_E_4609705,0,ulaw,bonafide
LA_E_4610078,1,opus,A16
LA_E_4610239,1,pstn,A15
LA_E_4610627,1,none,A11
LA_E_4611017,1,none,A15
LA_E_4611721,1,g722,A09
LA_E_4611762,1,alaw,A17
LA_E_4611846,0,opus,bonafide
LA_E_4612209,1,ulaw,A08
LA_E_4612213,0,ulaw,bonafide
LA_E_4612873,0,none,bonafide
LA_E_4613323,1,gsm,A10
LA_E_4613376,1,gsm,A12
LA_E_4613542,1,ulaw,A19
LA_E_4613766,1,gsm,A10
LA_E_4614260,1,opus,A11
LA_E_4614389,1,g722,A15
LA_E_4615338,1,gsm,A14
LA_E_4615357,1,g722,A18
LA_E_4615364,1,pstn,A13
LA_E_4615388,1,pstn,A12
LA_E_4616185,1,g722,A11
LA_E_4616703,1,opus,A07
LA_E_4616772,1,alaw,A09
LA_E_4617251,1,alaw,A10
LA_E_4617285,1,pstn,A10
LA_E_4617380,1,g722,A08
LA_E_4617790,1,opus,A10
LA_E_4618445,1,ulaw,A07
LA_E_4618701,1,pstn,A16
LA_E_4619191,1,opus,A12
LA_E_4619566,1,pstn,A15
LA_E_4619660,1,opus,A09
LA_E_4620377,1,alaw,A15
LA_E_4620526,1,pstn,A12
LA_E_4620609,1,none,A09
LA_E_4620703,1,alaw,A18
LA_E_4621013,1,g722,A08
LA_E_4621522,1,g722,A12
LA_E_4621640,1,alaw,A13
LA_E_4621841,1,none,A09
LA_E_4621962,1,g722,A09
LA_E_4622124,1,ulaw,A17
LA_E_4622345,1,none,A16
LA_E_4622927,0,ulaw,bonafide
LA_E_4622965,0,pstn,bonafide
LA_E_4623031,1,opus,A15
LA_E_4623383,1,gsm,A09
LA_E_4623676,1,ulaw,A14
LA_E_4623904,1,g722,A13
LA_E_4624260,1,none,A14
LA_E_4624263,1,alaw,A14
LA_E_4624409,1,g722,A18
LA_E_4624824,1,ulaw,A09
LA_E_4624933,1,ulaw,A09
LA_E_4625698,1,gsm,A09
LA_E_4625747,1,pstn,A14
LA_E_4625940,1,g722,A17
LA_E_4625985,1,g722,A10
LA_E_4626152,1,opus,A08
LA_E_4626165,1,none,A14
LA_E_4626306,1,pstn,A09
LA_E_4626491,0,g722,bonafide
LA_E_4626732,1,opus,A10
LA_E_4626896,0,gsm,bonafide
LA_E_4626960,1,opus,A14
LA_E_4627056,0,alaw,bonafide
LA_E_4627077,1,g722,A10
LA_E_4628092,1,g722,A08
LA_E_4628466,1,opus,A13
LA_E_4628586,1,none,A15
LA_E_4629220,1,gsm,A18
LA_E_4629353,1,ulaw,A17
LA_E_4629490,1,g722,A14
LA_E_4629957,1,pstn,A13
LA_E_4629983,1,opus,A10
LA_E_4630001,1,g722,A09
LA_E_4630104,0,none,bonafide
LA_E_4630179,1,gsm,A12
LA_E_4630490,1,ulaw,A11
LA_E_4630598,1,gsm,A18
LA_E_4630647,1,alaw,A13
LA_E_4630667,1,gsm,A15
LA_E_4631268,1,opus,A19
LA_E_4631292,1,ulaw,A10
LA_E_4631661,1,none,A08
LA_E_4631697,1,alaw,A13
LA_E_4632207,1,none,A11
LA_E_4632600,0,gsm,bonafide
LA_E_4632855,1,pstn,A09
LA_E_4632943,1,opus,A18
LA_E_4633058,1,opus,A09
LA_E_4633117,0,ulaw,bonafide
LA_E_4633153,1,opus,A14
LA_E_4633891,1,pstn,A11
LA_E_4633998,1,gsm,A09
LA_E_4634121,1,opus,A18
LA_E_4634333,1,alaw,A19
LA_E_4634815,1,ulaw,A07
LA_E_4634818,1,g722,A19
LA_E_4635241,1,pstn,A19
LA_E_4635289,1,gsm,A11
LA_E_4635398,1,gsm,A11
LA_E_4635453,0,gsm,bonafide
LA_E_4635760,1,opus,A15
LA_E_4635885,1,gsm,A10
LA_E_4635987,1,alaw,A10
LA_E_4636120,1,alaw,A12
LA_E_4636192,1,pstn,A07
LA_E_4636554,1,g722,A08
LA_E_4636592,1,gsm,A11
LA_E_4637055,0,none,bonafide
LA_E_4637323,1,opus,A11
LA_E_4637353,1,ulaw,A13
LA_E_4637648,1,g722,A19
LA_E_4637865,1,alaw,A10
LA_E_4638205,1,alaw,A08
LA_E_4638340,0,ulaw,bonafide
LA_E_4638515,1,ulaw,A13
LA_E_4639290,1,gsm,A17
LA_E_4639412,1,pstn,A13
LA_E_4639867,1,g722,A19
LA_E_4639964,1,none,A09
LA_E_4640280,1,opus,A08
LA_E_4640585,1,ulaw,A07
LA_E_4640634,1,pstn,A08
LA_E_4640664,1,opus,A19
LA_E_4640723,1,opus,A14
LA_E_4640884,1,none,A09
LA_E_4641257,1,opus,A16
LA_E_4641424,1,ulaw,A07
LA_E_4641672,1,pstn,A10
LA_E_4641912,1,gsm,A19
LA_E_4641958,1,pstn,A07
LA_E_4642459,1,gsm,A10
LA_E_4642559,1,g722,A13
LA_E_4642912,1,none,A12
LA_E_4642937,1,gsm,A15
LA_E_4642958,1,ulaw,A10
LA_E_4642996,1,gsm,A10
LA_E_4643711,0,pstn,bonafide
LA_E_4644349,1,ulaw,A16
LA_E_4645130,1,g722,A18
LA_E_4645618,1,opus,A16
LA_E_4645638,1,opus,A09
LA_E_4646656,1,pstn,A08
LA_E_4647113,1,ulaw,A13
LA_E_4647403,1,alaw,A07
LA_E_4647781,0,ulaw,bonafide
LA_E_4647820,1,pstn,A16
LA_E_4647852,1,opus,A19
LA_E_4647958,1,none,A09
LA_E_4648169,0,g722,bonafide
LA_E_4648181,1,gsm,A14
LA_E_4648799,0,ulaw,bonafide
LA_E_4649013,0,ulaw,bonafide
LA_E_4649310,1,alaw,A11
LA_E_4650519,1,gsm,A08
LA_E_4651070,0,gsm,bonafide
LA_E_4651500,1,ulaw,A12
LA_E_4651505,1,pstn,A11
LA_E_4651614,1,opus,A16
LA_E_4651741,1,pstn,A18
LA_E_4651780,1,gsm,A11
LA_E_4651949,1,gsm,A17
LA_E_4652782,1,gsm,A07
LA_E_4652818,1,alaw,A11
LA_E_4652946,1,gsm,A10
LA_E_4652986,1,none,A19
LA_E_4653067,1,none,A13
LA_E_4653222,1,gsm,A10
LA_E_4653847,1,none,A10
LA_E_4653872,1,alaw,A17
LA_E_4653980,1,none,A16
LA_E_4654005,1,alaw,A12
LA_E_4654590,1,gsm,A16
LA_E_4654598,1,ulaw,A14
LA_E_4654629,1,opus,A08
LA_E_4654775,0,pstn,bonafide
LA_E_4654823,1,gsm,A07
LA_E_4654854,1,ulaw,A15
LA_E_4654978,1,none,A15
LA_E_4655343,1,alaw,A16
LA_E_4655384,1,ulaw,A17
LA_E_4655522,1,none,A08
LA_E_4655563,1,ulaw,A18
LA_E_4656476,1,gsm,A09
LA_E_4656649,1,g722,A17
LA_E_4657108,1,alaw,A12
LA_E_4657655,1,opus,A12
LA_E_4657695,1,none,A17
LA_E_4659207,1,opus,A16
LA_E_4659222,1,ulaw,A14
LA_E_4659328,1,gsm,A15
LA_E_4659513,1,gsm,A15
LA_E_4659530,1,opus,A17
LA_E_4660299,1,g722,A18
LA_E_4660414,1,pstn,A18
LA_E_4660829,1,gsm,A14
LA_E_4661051,1,gsm,A19
LA_E_4661089,1,none,A09
LA_E_4661121,1,none,A10
LA_E_4661176,1,g722,A11
LA_E_4661475,1,pstn,A13
LA_E_4661955,1,none,A13
LA_E_4663154,1,g722,A12
LA_E_4663314,1,ulaw,A07
LA_E_4663851,1,alaw,A13
LA_E_4663860,1,alaw,A16
LA_E_4664086,1,opus,A18
LA_E_4664435,1,none,A12
LA_E_4664445,1,pstn,A15
LA_E_4664545,1,ulaw,A09
LA_E_4664665,1,opus,A09
LA_E_4665082,1,alaw,A17
LA_E_4665160,1,none,A12
LA_E_4665280,0,gsm,bonafide
LA_E_4665898,1,none,A15
LA_E_4665921,1,pstn,A10
LA_E_4666074,1,ulaw,A10
LA_E_4666854,1,pstn,A17
LA_E_4667168,1,ulaw,A15
LA_E_4667217,1,ulaw,A09
LA_E_4667307,1,pstn,A19
LA_E_4667539,0,none,bonafide
LA_E_4668110,1,opus,A13
LA_E_4669120,1,g722,A19
LA_E_4669228,1,opus,A17
LA_E_4669292,1,pstn,A19
LA_E_4669330,0,opus,bonafide
LA_E_4669849,1,g722,A12
LA_E_4670080,1,pstn,A17
LA_E_4670155,1,pstn,A12
LA_E_4670563,1,pstn,A19
LA_E_4670660,1,opus,A08
LA_E_4670875,1,g722,A11
LA_E_4670903,1,g722,A12
LA_E_4671167,1,g722,A18
LA_E_4671566,0,opus,bonafide
LA_E_4671889,1,opus,A14
LA_E_4671913,1,gsm,A08
LA_E_4672085,1,pstn,A12
LA_E_4672470,1,opus,A07
LA_E_4672673,1,opus,A10
LA_E_4673143,1,opus,A07
LA_E_4673199,1,ulaw,A15
LA_E_4673277,1,none,A19
LA_E_4673337,1,g722,A14
LA_E_4673416,1,pstn,A12
LA_E_4673651,1,none,A11
LA_E_4673748,1,opus,A19
LA_E_4673989,1,none,A11
LA_E_4674560,1,g722,A14
LA_E_4674615,1,gsm,A18
LA_E_4674717,1,ulaw,A12
LA_E_4675146,1,g722,A17
LA_E_4675695,0,pstn,bonafide
LA_E_4675778,1,opus,A09
LA_E_4676043,1,g722,A13
LA_E_4676059,1,gsm,A15
LA_E_4676414,1,none,A19
LA_E_4676934,1,gsm,A12
LA_E_4677055,1,g722,A11
LA_E_4677556,1,alaw,A11
LA_E_4677873,1,gsm,A11
LA_E_4678180,1,pstn,A18
LA_E_4678655,1,opus,A13
LA_E_4678940,1,gsm,A10
LA_E_4679152,0,none,bonafide
LA_E_4679368,1,pstn,A08
LA_E_4679370,0,opus,bonafide
LA_E_4679471,1,ulaw,A16
LA_E_4679601,1,gsm,A15
LA_E_4679808,1,none,A10
LA_E_4679846,1,alaw,A12
LA_E_4680050,1,g722,A07
LA_E_4680083,1,g722,A16
LA_E_4681710,1,pstn,A18
LA_E_4682245,1,ulaw,A09
LA_E_4682730,1,g722,A11
LA_E_4683501,1,none,A18
LA_E_4683578,1,opus,A07
LA_E_4683665,1,g722,A07
LA_E_4683825,1,alaw,A15
LA_E_4683964,1,g722,A07
LA_E_4684259,1,g722,A11
LA_E_4684801,0,g722,bonafide
LA_E_4685121,1,g722,A10
LA_E_4685122,1,alaw,A07
LA_E_4685582,1,none,A15
LA_E_4686086,0,opus,bonafide
LA_E_4686625,1,none,A18
LA_E_4686960,1,gsm,A18
LA_E_4687011,1,pstn,A10
LA_E_4687444,1,opus,A09
LA_E_4687754,1,alaw,A11
LA_E_4688185,1,opus,A16
LA_E_4688232,1,gsm,A13
LA_E_4688346,1,opus,A13
LA_E_4688973,1,pstn,A16
LA_E_4689006,1,alaw,A07
LA_E_4689354,1,pstn,A10
LA_E_4689746,1,gsm,A07
LA_E_4689759,1,opus,A08
LA_E_4689843,1,pstn,A13
LA_E_4689906,1,gsm,A09
LA_E_4689926,1,gsm,A17
LA_E_4690149,0,alaw,bonafide
LA_E_4690714,1,pstn,A08
LA_E_4691430,1,none,A19
LA_E_4691441,1,ulaw,A09
LA_E_4692676,1,gsm,A16
LA_E_4692985,1,g722,A08
LA_E_4693056,1,g722,A18
LA_E_4693249,0,pstn,bonafide
LA_E_4693317,1,opus,A19
LA_E_4693353,1,none,A17
LA_E_4693548,1,pstn,A07
LA_E_4694395,1,gsm,A14
LA_E_4694759,1,ulaw,A15
LA_E_4695484,1,ulaw,A16
LA_E_4697031,1,g722,A07
LA_E_4697051,1,opus,A16
LA_E_4697648,1,pstn,A16
LA_E_4697731,1,g722,A12
LA_E_4698539,1,g722,A11
LA_E_4698758,1,none,A07
LA_E_4699122,1,alaw,A12
LA_E_4699140,1,pstn,A07
LA_E_4699227,1,g722,A09
LA_E_4699522,1,pstn,A12
LA_E_4699779,1,g722,A17
LA_E_4699834,1,gsm,A16
LA_E_4699917,1,alaw,A08
LA_E_4700489,1,ulaw,A14
LA_E_4700639,1,opus,A09
LA_E_4700685,1,opus,A10
LA_E_4700819,1,gsm,A17
LA_E_4701576,1,gsm,A08
LA_E_4702152,1,ulaw,A10
LA_E_4702293,0,none,bonafide
LA_E_4703169,1,pstn,A17
LA_E_4704036,0,ulaw,bonafide
LA_E_4704197,1,opus,A08
LA_E_4704297,1,opus,A10
LA_E_4704466,1,gsm,A10
LA_E_4704784,1,opus,A13
LA_E_4704931,1,ulaw,A17
LA_E_4705002,1,none,A08
LA_E_4705364,1,ulaw,A11
LA_E_4706014,1,alaw,A09
LA_E_4706502,0,gsm,bonafide
LA_E_4706541,1,ulaw,A10
LA_E_4706798,1,gsm,A07
LA_E_4707214,1,alaw,A13
LA_E_4707383,1,ulaw,A19
LA_E_4707397,1,none,A13
LA_E_4707509,1,gsm,A08
LA_E_4707863,1,none,A12
LA_E_4708364,1,opus,A11
LA_E_4709042,1,gsm,A07
LA_E_4709589,0,g722,bonafide
LA_E_4709910,1,opus,A13
LA_E_4709928,1,ulaw,A16
LA_E_4710047,1,none,A16
LA_E_4710364,1,opus,A19
LA_E_4710684,0,opus,bonafide
LA_E_4711068,1,g722,A17
LA_E_4711467,1,opus,A09
LA_E_4711474,1,gsm,A13
LA_E_4711499,1,ulaw,A17
LA_E_4711793,1,opus,A19
LA_E_4711801,1,alaw,A18
LA_E_4712250,1,pstn,A19
LA_E_4712254,1,pstn,A08
LA_E_4712612,1,pstn,A09
LA_E_4712768,1,ulaw,A16
LA_E_4714271,1,g722,A17
LA_E_4714451,1,alaw,A07
LA_E_4714572,1,ulaw,A07
LA_E_4714602,1,ulaw,A11
LA_E_4715341,1,g722,A13
LA_E_4716244,1,pstn,A14
LA_E_4716285,0,opus,bonafide
LA_E_4717133,1,ulaw,A08
LA_E_4717263,1,gsm,A17
LA_E_4717481,1,gsm,A10
LA_E_4717969,1,ulaw,A10
LA_E_4718068,1,ulaw,A10
LA_E_4719564,1,none,A17
LA_E_4719808,1,ulaw,A13
LA_E_4719809,1,g722,A16
LA_E_4720034,1,gsm,A12
LA_E_4720156,1,ulaw,A08
LA_E_4720768,0,ulaw,bonafide
LA_E_4721117,1,pstn,A18
LA_E_4722006,1,alaw,A15
LA_E_4722277,1,alaw,A08
LA_E_4722556,1,gsm,A19
LA_E_4722570,1,ulaw,A12
LA_E_4722776,0,ulaw,bonafide
LA_E_4723006,1,opus,A19
LA_E_4723354,1,alaw,A18
LA_E_4723371,1,gsm,A16
LA_E_4723386,1,g722,A18
LA_E_4723973,1,pstn,A11
LA_E_4723978,1,opus,A19
LA_E_4724773,1,pstn,A15
LA_E_4724828,1,opus,A16
LA_E_4724875,1,gsm,A15
LA_E_4725172,1,none,A11
LA_E_4725230,1,alaw,A17
LA_E_4725621,1,ulaw,A19
LA_E_4725965,0,g722,bonafide
LA_E_4726024,1,alaw,A11
LA_E_4726255,1,ulaw,A13
LA_E_4726820,1,none,A14
LA_E_4726913,1,pstn,A15
LA_E_4727241,1,gsm,A15
LA_E_4727363,1,opus,A14
LA_E_4727552,1,ulaw,A07
LA_E_4727808,1,ulaw,A16
LA_E_4728192,1,pstn,A19
LA_E_4728562,1,ulaw,A09
LA_E_4728755,0,none,bonafide
LA_E_4729560,1,g722,A15
LA_E_4729866,1,opus,A17
LA_E_4729904,1,alaw,A16
LA_E_4730086,1,opus,A08
LA_E_4730101,1,none,A10
LA_E_4730442,1,alaw,A16
LA_E_4730530,1,none,A18
LA_E_4730549,1,pstn,A18
LA_E_4730674,1,alaw,A12
LA_E_4731046,1,gsm,A10
LA_E_4731509,1,g722,A17
LA_E_4731797,1,g722,A10
LA_E_4731870,1,none,A17
LA_E_4731887,1,opus,A13
LA_E_4732123,1,opus,A19
LA_E_4732184,1,gsm,A11
LA_E_4732216,1,ulaw,A18
LA_E_4732305,1,alaw,A07
LA_E_4732368,1,g722,A16
LA_E_4732744,1,opus,A15
LA_E_4732939,1,none,A17
LA_E_4733003,1,alaw,A14
LA_E_4733007,1,g722,A08
LA_E_4733027,1,g722,A15
LA_E_4733702,1,pstn,A15
LA_E_4733752,1,pstn,A15
LA_E_4734117,1,ulaw,A15
LA_E_4734349,1,alaw,A14
LA_E_4734494,1,none,A08
LA_E_4734971,1,gsm,A12
LA_E_4735287,1,none,A13
LA_E_4735513,1,ulaw,A08
LA_E_4735614,1,pstn,A17
LA_E_4735998,1,ulaw,A16
LA_E_4736143,1,alaw,A08
LA_E_4736855,0,opus,bonafide
LA_E_4737049,0,ulaw,bonafide
LA_E_4737171,1,alaw,A09
LA_E_4737307,1,pstn,A15
LA_E_4737312,1,none,A13
LA_E_4737378,1,alaw,A18
LA_E_4737381,0,alaw,bonafide
LA_E_4737735,1,gsm,A11
LA_E_4737794,1,pstn,A09
LA_E_4737853,1,alaw,A14
LA_E_4737930,1,gsm,A09
LA_E_4738161,1,alaw,A16
LA_E_4738594,1,alaw,A13
LA_E_4738767,1,gsm,A12
LA_E_4738899,0,gsm,bonafide
LA_E_4739040,0,none,bonafide
LA_E_4739041,1,g722,A15
LA_E_4739047,1,pstn,A18
LA_E_4739128,1,alaw,A19
LA_E_4739732,1,alaw,A09
LA_E_4739782,1,g722,A12
LA_E_4740001,1,g722,A10
LA_E_4741322,1,opus,A19
LA_E_4741360,1,opus,A07
LA_E_4741432,1,pstn,A18
LA_E_4742439,1,gsm,A08
LA_E_4742552,1,ulaw,A10
LA_E_4743017,1,none,A17
LA_E_4743055,1,none,A18
LA_E_4743117,1,none,A14
LA_E_4743327,1,opus,A18
LA_E_4744224,1,opus,A17
LA_E_4744518,0,none,bonafide
LA_E_4745073,1,none,A12
LA_E_4745773,0,opus,bonafide
LA_E_4745960,1,pstn,A14
LA_E_4746112,1,ulaw,A10
LA_E_4746331,1,g722,A09
LA_E_4746454,1,g722,A09
LA_E_4747278,1,gsm,A15
LA_E_4747439,1,pstn,A15
LA_E_4747514,0,opus,bonafide
LA_E_4747890,0,none,bonafide
LA_E_4747943,1,pstn,A10
LA_E_4747973,0,ulaw,bonafide
LA_E_4748531,1,opus,A16
LA_E_4749493,1,none,A12
LA_E_4749755,0,pstn,bonafide
LA_E_4749933,1,ulaw,A18
LA_E_4750150,1,gsm,A08
LA_E_4750196,1,none,A07
LA_E_4750209,1,opus,A17
LA_E_4750296,1,g722,A07
LA_E_4750356,1,gsm,A07
LA_E_4750798,1,ulaw,A17
LA_E_4751300,1,gsm,A15
LA_E_4751566,1,gsm,A08
LA_E_4751675,1,gsm,A11
LA_E_4751893,1,opus,A19
LA_E_4752331,1,opus,A13
LA_E_4752912,1,opus,A10
LA_E_4753150,1,ulaw,A15
LA_E_4753331,1,gsm,A14
LA_E_4753399,1,gsm,A14
LA_E_4753457,1,ulaw,A09
LA_E_4753615,1,none,A13
LA_E_4753816,1,opus,A16
LA_E_4753884,1,none,A18
LA_E_4754598,1,none,A17
LA_E_4754836,1,ulaw,A14
LA_E_4754914,1,alaw,A10
LA_E_4755155,1,pstn,A08
LA_E_4755191,1,g722,A09
LA_E_4755197,1,none,A17
LA_E_4755427,1,g722,A09
LA_E_4755516,1,ulaw,A07
LA_E_4755577,1,alaw,A14
LA_E_4755814,1,ulaw,A08
LA_E_4756089,1,pstn,A14
LA_E_4756363,1,ulaw,A10
LA_E_4756460,1,pstn,A13
LA_E_4756754,1,opus,A18
LA_E_4756895,0,opus,bonafide
LA_E_4756939,1,alaw,A12
LA_E_4757023,1,none,A12
LA_E_4757040,1,opus,A09
LA_E_4757080,1,pstn,A09
LA_E_4758458,0,opus,bonafide
LA_E_4758471,1,alaw,A13
LA_E_4758778,1,pstn,A13
LA_E_4759339,1,ulaw,A16
LA_E_4759517,1,ulaw,A17
LA_E_4760349,1,none,A13
LA_E_4760384,1,ulaw,A14
LA_E_4760481,1,ulaw,A15
LA_E_4760662,1,opus,A19
LA_E_4760747,1,pstn,A19
LA_E_4760993,1,none,A15
LA_E_4761262,0,ulaw,bonafide
LA_E_4761323,1,ulaw,A10
LA_E_4761354,0,alaw,bonafide
LA_E_4761368,1,gsm,A10
LA_E_4762081,1,gsm,A11
LA_E_4762187,1,opus,A12
LA_E_4762992,1,pstn,A11
LA_E_4763441,1,alaw,A10
LA_E_4763905,1,pstn,A08
LA_E_4763998,0,ulaw,bonafide
LA_E_4764010,1,ulaw,A15
LA_E_4764174,1,alaw,A07
LA_E_4764423,1,gsm,A16
LA_E_4764692,1,ulaw,A18
LA_E_4765006,1,pstn,A18
LA_E_4765201,1,g722,A13
LA_E_4765435,1,pstn,A17
LA_E_4765962,1,pstn,A13
LA_E_4766304,1,gsm,A12
LA_E_4766727,1,none,A19
LA_E_4767011,1,pstn,A13
LA_E_4767478,1,none,A07
LA_E_4767589,0,g722,bonafide
LA_E_4767894,1,gsm,A09
LA_E_4768248,1,gsm,A15
LA_E_4768883,1,opus,A18
LA_E_4768969,1,alaw,A17
LA_E_4770128,1,gsm,A07
LA_E_4770166,1,none,A09
LA_E_4770641,1,pstn,A10
LA_E_4771322,1,g722,A17
LA_E_4771426,1,gsm,A18
LA_E_4772288,1,gsm,A12
LA_E_4772865,1,ulaw,A18
LA_E_4772923,1,g722,A07
LA_E_4772951,1,opus,A15
LA_E_4773959,1,none,A08
LA_E_4774217,1,ulaw,A16
LA_E_4774387,1,pstn,A18
LA_E_4774674,1,gsm,A12
LA_E_4774819,1,gsm,A17
LA_E_4775262,1,opus,A08
LA_E_4775802,1,opus,A19
LA_E_4775918,1,none,A10
LA_E_4776003,1,pstn,A10
LA_E_4776154,1,pstn,A14
LA_E_4776828,1,opus,A08
LA_E_4777205,1,g722,A16
LA_E_4777526,1,ulaw,A08
LA_E_4777979,1,none,A14
LA_E_4778032,1,none,A11
LA_E_4778072,1,g722,A15
LA_E_4778285,1,gsm,A08
LA_E_4778344,1,none,A15
LA_E_4778366,1,g722,A10
LA_E_4778436,0,opus,bonafide
LA_E_4778571,1,alaw,A18
LA_E_4778859,1,none,A11
LA_E_4778874,1,opus,A13
LA_E_4778966,1,ulaw,A09
LA_E_4779640,1,none,A19
LA_E_4780056,1,none,A19
LA_E_4780063,1,g722,A18
LA_E_4780091,1,pstn,A11
LA_E_4781382,1,alaw,A10
LA_E_4781546,1,pstn,A14
LA_E_4782257,1,gsm,A10
LA_E_4782548,1,pstn,A08
LA_E_4782833,1,opus,A13
LA_E_4783624,1,g722,A18
LA_E_4783906,0,none,bonafide
LA_E_4784912,1,opus,A17
LA_E_4785183,1,ulaw,A15
LA_E_4785327,1,g722,A17
LA_E_4785661,1,g722,A14
LA_E_4785772,1,pstn,A16
LA_E_4785837,1,alaw,A19
LA_E_4785851,0,gsm,bonafide
LA_E_4785931,1,ulaw,A16
LA_E_4785964,1,ulaw,A12
LA_E_4786047,1,opus,A17
LA_E_4786932,1,opus,A10
LA_E_4787059,1,gsm,A09
LA_E_4787425,1,gsm,A14
LA_E_4787577,1,pstn,A07
LA_E_4787925,1,ulaw,A07
LA_E_4788077,0,ulaw,bonafide
LA_E_4788172,1,pstn,A12
LA_E_4789109,1,opus,A07
LA_E_4789246,1,pstn,A16
LA_E_4789440,0,gsm,bonafide
LA_E_4790153,1,alaw,A12
LA_E_4791651,1,ulaw,A19
LA_E_4792169,1,none,A08
LA_E_4792327,1,opus,A15
LA_E_4792332,1,opus,A15
LA_E_4792576,1,g722,A08
LA_E_4792832,1,ulaw,A16
LA_E_4793029,1,alaw,A08
LA_E_4793065,0,pstn,bonafide
LA_E_4793123,1,none,A14
LA_E_4793386,1,alaw,A15
LA_E_4793546,1,alaw,A15
LA_E_4793647,1,pstn,A10
LA_E_4793753,1,gsm,A19
LA_E_4793758,1,gsm,A16
LA_E_4794163,1,opus,A19
LA_E_4794521,1,ulaw,A15
LA_E_4794707,1,opus,A07
LA_E_4794726,1,opus,A09
LA_E_4795307,1,opus,A19
LA_E_4795848,1,ulaw,A17
LA_E_4796375,1,ulaw,A18
LA_E_4796389,1,g722,A09
LA_E_4796889,1,gsm,A09
LA_E_4796911,1,alaw,A16
LA_E_4797015,1,none,A11
LA_E_4797075,1,ulaw,A11
LA_E_4797215,0,ulaw,bonafide
LA_E_4797362,1,opus,A11
LA_E_4797843,1,ulaw,A19
LA_E_4797877,1,ulaw,A08
LA_E_4798001,1,g722,A11
LA_E_4798177,1,alaw,A08
LA_E_4798485,0,opus,bonafide
LA_E_4798601,1,ulaw,A14
LA_E_4799070,1,alaw,A16
LA_E_4799294,1,gsm,A18
LA_E_4799324,1,g722,A07
LA_E_4799496,0,g722,bonafide
LA_E_4799705,0,opus,bonafide
LA_E_4799778,1,alaw,A10
LA_E_4800569,1,opus,A18
LA_E_4800619,0,gsm,bonafide
LA_E_4801568,0,ulaw,bonafide
LA_E_4801574,1,none,A17
LA_E_4801702,1,pstn,A13
LA_E_4801755,1,g722,A19
LA_E_4802554,1,opus,A15
LA_E_4802837,1,gsm,A11
LA_E_4802874,1,opus,A17
LA_E_4803269,1,ulaw,A16
LA_E_4803670,1,pstn,A11
LA_E_4803688,0,gsm,bonafide
LA_E_4804879,0,alaw,bonafide
LA_E_4804908,0,alaw,bonafide
LA_E_4805092,1,pstn,A07
LA_E_4805383,1,pstn,A19
LA_E_4805440,0,opus,bonafide
LA_E_4805643,1,g722,A10
LA_E_4805874,1,gsm,A11
LA_E_4806051,1,alaw,A08
LA_E_4806065,1,none,A15
LA_E_4806067,1,g722,A09
LA_E_4806519,1,none,A19
LA_E_4806731,1,alaw,A13
LA_E_4807045,1,gsm,A16
LA_E_4807459,1,g722,A08
LA_E_4807543,1,g722,A18
LA_E_4808589,1,gsm,A15
LA_E_4808756,1,opus,A17
LA_E_4809626,1,g722,A16
LA_E_4809889,1,alaw,A19
LA_E_4810816,1,alaw,A18
LA_E_4810899,1,pstn,A10
LA_E_4811933,1,opus,A11
LA_E_4811934,0,ulaw,bonafide
LA_E_4812018,1,ulaw,A13
LA_E_4812190,1,g722,A18
LA_E_4812308,1,g722,A17
LA_E_4812351,1,none,A07
LA_E_4812454,1,gsm,A11
LA_E_4812795,1,g722,A17
LA_E_4812909,1,none,A07
LA_E_4813014,1,ulaw,A08
LA_E_4813063,1,pstn,A18
LA_E_4813090,1,gsm,A07
LA_E_4813132,0,alaw,bonafide
LA_E_4813244,1,pstn,A07
LA_E_4813662,1,gsm,A09
LA_E_4813683,1,g722,A17
LA_E_4814067,1,none,A14
LA_E_4814524,1,ulaw,A18
LA_E_4814700,1,gsm,A10
LA_E_4814978,1,none,A07
LA_E_4814992,1,ulaw,A19
LA_E_4815165,1,g722,A13
LA_E_4815316,1,ulaw,A10
LA_E_4815346,1,pstn,A14
LA_E_4815804,1,alaw,A17
LA_E_4815942,1,pstn,A09
LA_E_4816252,1,ulaw,A18
LA_E_4816314,1,opus,A13
LA_E_4816431,0,gsm,bonafide
LA_E_4816724,1,ulaw,A08
LA_E_4817184,1,opus,A10
LA_E_4817603,1,alaw,A07
LA_E_4817712,1,ulaw,A15
LA_E_4817892,1,g722,A14
LA_E_4818540,1,pstn,A07
LA_E_4819104,1,alaw,A13
LA_E_4819267,1,g722,A12
LA_E_4819727,1,none,A16
LA_E_4819944,1,pstn,A15
LA_E_4820343,1,alaw,A16
LA_E_4820603,1,alaw,A17
LA_E_4821370,1,alaw,A18
LA_E_4821628,1,opus,A07
LA_E_4821813,1,opus,A15
LA_E_4821874,1,g722,A08
LA_E_4821890,1,pstn,A12
LA_E_4821996,1,gsm,A19
LA_E_4822380,1,gsm,A12
LA_E_4822389,1,gsm,A08
LA_E_4823158,1,opus,A10
LA_E_4823586,1,none,A10
LA_E_4824366,1,opus,A13
LA_E_4824750,1,pstn,A12
LA_E_4825672,1,ulaw,A17
LA_E_4827864,0,alaw,bonafide
LA_E_4827965,1,none,A13
LA_E_4828382,1,gsm,A17
LA_E_4828429,1,gsm,A16
LA_E_4828465,1,opus,A18
LA_E_4829116,1,ulaw,A19
LA_E_4829271,1,g722,A17
LA_E_4830063,1,opus,A08
LA_E_4830410,1,pstn,A13
LA_E_4831183,1,gsm,A13
LA_E_4831463,0,g722,bonafide
LA_E_4831571,1,g722,A16
LA_E_4831630,1,ulaw,A09
LA_E_4831724,1,ulaw,A18
LA_E_4831739,1,ulaw,A11
LA_E_4832522,1,g722,A13
LA_E_4832762,0,g722,bonafide
LA_E_4833333,1,opus,A14
LA_E_4833826,1,alaw,A18
LA_E_4834098,1,opus,A13
LA_E_4834146,1,alaw,A16
LA_E_4834222,1,ulaw,A16
LA_E_4834281,1,gsm,A09
LA_E_4834717,1,ulaw,A10
LA_E_4835564,1,opus,A10
LA_E_4836096,1,g722,A12
LA_E_4837106,1,pstn,A19
LA_E_4837563,1,none,A14
LA_E_4837629,1,opus,A18
LA_E_4837949,1,pstn,A17
LA_E_4838076,1,g722,A14
LA_E_4838586,1,opus,A11
LA_E_4841494,1,opus,A07
LA_E_4842694,1,g722,A14
LA_E_4843298,1,g722,A18
LA_E_4843306,0,ulaw,bonafide
LA_E_4844222,1,pstn,A19
LA_E_4844832,1,alaw,A15
LA_E_4844843,1,none,A07
LA_E_4845514,0,ulaw,bonafide
LA_E_4845546,1,gsm,A10
LA_E_4845647,1,alaw,A07
LA_E_4845953,1,ulaw,A15
LA_E_4846176,0,gsm,bonafide
LA_E_4846932,1,pstn,A11
LA_E_4847045,1,none,A16
LA_E_4847295,1,opus,A18
LA_E_4847707,1,alaw,A07
LA_E_4848040,1,g722,A14
LA_E_4848147,1,none,A08
LA_E_4848547,1,none,A09
LA_E_4848646,1,pstn,A09
LA_E_4849275,1,gsm,A15
LA_E_4849304,1,opus,A11
LA_E_4849473,1,pstn,A07
LA_E_4849564,0,gsm,bonafide
LA_E_4850201,1,none,A14
LA_E_4850611,1,alaw,A13
LA_E_4850779,1,g722,A11
LA_E_4851279,1,gsm,A09
LA_E_4851776,0,alaw,bonafide
LA_E_4851777,0,none,bonafide
LA_E_4851923,1,pstn,A12
LA_E_4852698,1,gsm,A18
LA_E_4852843,1,ulaw,A14
LA_E_4852973,0,none,bonafide
LA_E_4853040,1,gsm,A16
LA_E_4853050,1,g722,A10
LA_E_4853117,1,gsm,A17
LA_E_4853299,1,opus,A08
LA_E_4853419,1,g722,A13
LA_E_4853445,1,alaw,A15
LA_E_4853551,1,opus,A17
LA_E_4853630,0,gsm,bonafide
LA_E_4853876,1,none,A18
LA_E_4854007,1,ulaw,A12
LA_E_4854038,0,gsm,bonafide
LA_E_4854642,1,opus,A17
LA_E_4854874,1,alaw,A17
LA_E_4855250,1,g722,A07
LA_E_4856918,1,gsm,A12
LA_E_4857109,1,pstn,A18
LA_E_4857243,1,opus,A17
LA_E_4857256,0,g722,bonafide
LA_E_4857639,0,g722,bonafide
LA_E_4857889,1,g722,A08
LA_E_4858321,1,pstn,A15
LA_E_4858364,1,ulaw,A08
LA_E_4858655,0,opus,bonafide
LA_E_4858763,1,ulaw,A12
LA_E_4858814,1,alaw,A08
LA_E_4858946,1,alaw,A17
LA_E_4858971,1,opus,A19
LA_E_4858983,1,alaw,A07
LA_E_4859306,1,g722,A13
LA_E_4860079,1,ulaw,A08
LA_E_4860312,1,opus,A14
LA_E_4860525,1,g722,A12
LA_E_4860718,1,g722,A07
LA_E_4860786,1,g722,A15
LA_E_4860911,1,gsm,A11
LA_E_4860942,1,alaw,A09
LA_E_4861437,1,ulaw,A14
LA_E_4862009,1,g722,A09
LA_E_4862125,1,g722,A16
LA_E_4862160,1,ulaw,A11
LA_E_4862250,1,alaw,A12
LA_E_4862481,1,g722,A08
LA_E_4862565,1,none,A12
LA_E_4862807,1,ulaw,A11
LA_E_4863011,1,gsm,A16
LA_E_4863109,1,gsm,A08
LA_E_4863467,1,alaw,A15
LA_E_4864199,1,pstn,A12
LA_E_4865052,1,gsm,A11
LA_E_4865360,1,ulaw,A13
LA_E_4865534,1,alaw,A19
LA_E_4865836,1,gsm,A08
LA_E_4865897,1,alaw,A17
LA_E_4866039,1,ulaw,A16
LA_E_4866188,1,alaw,A17
LA_E_4866480,1,opus,A10
LA_E_4866574,1,ulaw,A12
LA_E_4866590,1,alaw,A09
LA_E_4866601,1,ulaw,A08
LA_E_4866950,1,ulaw,A18
LA_E_4867211,1,alaw,A15
LA_E_4867365,1,g722,A13
LA_E_4867767,1,opus,A11
LA_E_4867830,1,alaw,A13
LA_E_4867887,1,opus,A10
LA_E_4868014,1,opus,A12
LA_E_4869241,1,pstn,A10
LA_E_4869642,1,alaw,A07
LA_E_4870246,1,gsm,A14
LA_E_4870619,0,g722,bonafide
LA_E_4870699,1,pstn,A08
LA_E_4871185,1,alaw,A19
LA_E_4871358,1,ulaw,A18
LA_E_4871649,1,opus,A17
LA_E_4872661,1,opus,A12
LA_E_4873134,1,none,A19
LA_E_4873251,1,none,A18
LA_E_4874008,0,none,bonafide
LA_E_4874104,1,none,A16
LA_E_4874357,1,g722,A09
LA_E_4874847,1,g722,A12
LA_E_4875078,1,opus,A08
LA_E_4875097,1,opus,A14
LA_E_4875111,1,g722,A19
LA_E_4875677,1,g722,A19
LA_E_4875884,1,alaw,A10
LA_E_4876267,1,ulaw,A11
LA_E_4876402,1,pstn,A13
LA_E_4876683,1,g722,A16
LA_E_4876814,1,g722,A08
LA_E_4877144,1,gsm,A18
LA_E_4877356,1,opus,A13
LA_E_4877453,1,alaw,A18
LA_E_4877671,1,ulaw,A11
LA_E_4877723,1,opus,A16
LA_E_4878349,0,pstn,bonafide
LA_E_4878876,1,opus,A11
LA_E_4879135,1,opus,A10
LA_E_4879456,1,pstn,A10
LA_E_4879908,1,none,A14
LA_E_4880308,1,pstn,A07
LA_E_4880549,1,ulaw,A17
LA_E_4880907,1,none,A14
LA_E_4881684,0,g722,bonafide
LA_E_4882028,1,pstn,A10
LA_E_4882470,1,ulaw,A14
LA_E_4882544,1,none,A12
LA_E_4883067,1,pstn,A18
LA_E_4883112,1,gsm,A18
LA_E_4883441,1,opus,A10
LA_E_4883613,1,ulaw,A15
LA_E_4883800,1,opus,A11
LA_E_4884018,1,g722,A16
LA_E_4884096,1,g722,A07
LA_E_4884436,1,ulaw,A08
LA_E_4884892,1,opus,A07
LA_E_4886008,1,g722,A19
LA_E_4886284,1,opus,A18
LA_E_4886621,0,none,bonafide
LA_E_4887037,1,gsm,A10
LA_E_4887460,1,gsm,A17
LA_E_4887859,1,gsm,A15
LA_E_4888365,1,pstn,A07
LA_E_4888487,1,pstn,A12
LA_E_4889733,1,ulaw,A16
LA_E_4889863,1,pstn,A15
LA_E_4889963,0,opus,bonafide
LA_E_4890066,1,gsm,A18
LA_E_4890950,1,g722,A08
LA_E_4891650,1,gsm,A09
LA_E_4891675,1,ulaw,A19
LA_E_4891800,1,ulaw,A12
LA_E_4892386,1,pstn,A11
LA_E_4893050,1,opus,A15
LA_E_4893448,1,opus,A07
LA_E_4894091,1,ulaw,A15
LA_E_4894486,1,ulaw,A17
LA_E_4895430,1,gsm,A14
LA_E_4895455,0,gsm,bonafide
LA_E_4895572,1,alaw,A12
LA_E_4895826,1,opus,A13
LA_E_4896006,1,g722,A09
LA_E_4896133,1,ulaw,A17
LA_E_4896257,1,none,A17
LA_E_4896765,0,pstn,bonafide
LA_E_4897058,1,opus,A07
LA_E_4897187,1,pstn,A09
LA_E_4897348,0,none,bonafide
LA_E_4897406,1,gsm,A13
LA_E_4897582,1,none,A14
LA_E_4897626,1,gsm,A13
LA_E_4897699,0,alaw,bonafide
LA_E_4897754,1,gsm,A10
LA_E_4898012,1,gsm,A19
LA_E_4898562,1,opus,A10
LA_E_4898748,1,g722,A15
LA_E_4898793,1,alaw,A19
LA_E_4899057,1,g722,A12
LA_E_4899155,0,ulaw,bonafide
LA_E_4899499,0,gsm,bonafide
LA_E_4899806,1,ulaw,A19
LA_E_4900477,1,ulaw,A18
LA_E_4900498,1,g722,A14
LA_E_4900609,1,gsm,A17
LA_E_4902744,1,none,A16
LA_E_4903285,1,pstn,A07
LA_E_4903385,1,ulaw,A19
LA_E_4904533,1,opus,A12
LA_E_4905233,1,alaw,A07
LA_E_4906127,1,gsm,A18
LA_E_4906180,1,g722,A19
LA_E_4906220,1,opus,A15
LA_E_4906262,1,g722,A14
LA_E_4906652,1,ulaw,A13
LA_E_4907738,1,pstn,A16
LA_E_4907894,1,pstn,A19
LA_E_4907937,1,gsm,A10
LA_E_4908107,1,g722,A18
LA_E_4908901,1,alaw,A18
LA_E_4909759,1,gsm,A09
LA_E_4910030,1,pstn,A17
LA_E_4910330,1,ulaw,A17
LA_E_4910965,0,gsm,bonafide
LA_E_4911652,1,gsm,A08
LA_E_4912321,0,gsm,bonafide
LA_E_4912618,1,pstn,A09
LA_E_4913164,1,ulaw,A12
LA_E_4913279,1,ulaw,A19
LA_E_4913305,1,alaw,A09
LA_E_4913490,1,gsm,A19
LA_E_4913580,1,opus,A14
LA_E_4913624,1,gsm,A07
LA_E_4913730,1,alaw,A14
LA_E_4913803,1,ulaw,A17
LA_E_4914979,1,opus,A15
LA_E_4915450,0,gsm,bonafide
LA_E_4915622,1,pstn,A11
LA_E_4915718,1,opus,A11
LA_E_4915892,1,alaw,A08
LA_E_4916312,1,ulaw,A19
LA_E_4917084,1,gsm,A19
LA_E_4917386,1,none,A08
LA_E_4917448,1,none,A18
LA_E_4917626,1,gsm,A19
LA_E_4917869,1,gsm,A10
LA_E_4917901,1,g722,A13
LA_E_4917973,1,g722,A08
LA_E_4918042,1,ulaw,A11
LA_E_4918844,0,opus,bonafide
LA_E_4918865,1,none,A19
LA_E_4919509,1,g722,A14
LA_E_4919724,1,pstn,A08
LA_E_4920103,1,none,A12
LA_E_4920151,1,gsm,A14
LA_E_4920657,1,opus,A18
LA_E_4920902,1,g722,A11
LA_E_4921139,1,alaw,A11
LA_E_4921404,1,ulaw,A08
LA_E_4921999,1,pstn,A18
LA_E_4922103,1,ulaw,A11
LA_E_4922124,1,none,A19
LA_E_4922133,1,gsm,A16
LA_E_4922212,1,g722,A17
LA_E_4923220,1,ulaw,A18
LA_E_4923662,1,ulaw,A19
LA_E_4923729,1,pstn,A11
LA_E_4924192,1,gsm,A14
LA_E_4924395,1,gsm,A17
LA_E_4924717,1,ulaw,A11
LA_E_4924887,1,gsm,A12
LA_E_4925441,1,ulaw,A08
LA_E_4925844,1,pstn,A09
LA_E_4925943,1,opus,A18
LA_E_4926354,1,gsm,A16
LA_E_4926769,1,pstn,A13
LA_E_4926800,1,g722,A10
LA_E_4927651,1,pstn,A09
LA_E_4927825,1,g722,A15
LA_E_4928525,1,g722,A12
LA_E_4928563,1,opus,A14
LA_E_4928821,1,alaw,A16
LA_E_4928893,1,ulaw,A10
LA_E_4929006,1,g722,A14
LA_E_4929176,1,opus,A16
LA_E_4929216,0,ulaw,bonafide
LA_E_4930748,1,gsm,A08
LA_E_4931300,0,opus,bonafide
LA_E_4932912,1,ulaw,A14
LA_E_4933137,1,opus,A17
LA_E_4933617,1,gsm,A13
LA_E_4933775,1,gsm,A17
LA_E_4934283,1,opus,A09
LA_E_4935044,1,opus,A18
LA_E_4935045,1,pstn,A13
LA_E_4935264,1,none,A18
LA_E_4935321,1,opus,A18
LA_E_4935649,0,alaw,bonafide
LA_E_4935699,1,ulaw,A11
LA_E_4935722,1,opus,A11
LA_E_4935743,1,none,A11
LA_E_4936068,1,opus,A19
LA_E_4936331,1,gsm,A10
LA_E_4936560,1,g722,A19
LA_E_4938817,1,opus,A13
LA_E_4938898,1,pstn,A17
LA_E_4939004,0,pstn,bonafide
LA_E_4939133,1,pstn,A07
LA_E_4939600,1,none,A07
LA_E_4939617,1,gsm,A09
LA_E_4939776,1,ulaw,A10
LA_E_4940156,1,g722,A18
LA_E_4940172,1,opus,A16
LA_E_4940207,1,alaw,A09
LA_E_4940919,1,ulaw,A12
LA_E_4940921,1,pstn,A18
LA_E_4941317,1,gsm,A13
LA_E_4941486,1,ulaw,A08
LA_E_4941536,1,opus,A14
LA_E_4941909,0,ulaw,bonafide
LA_E_4941931,1,ulaw,A13
LA_E_4942242,1,opus,A15
LA_E_4942264,1,none,A16
LA_E_4942690,1,pstn,A15
LA_E_4942709,1,opus,A18
LA_E_4943246,1,gsm,A07
LA_E_4943527,1,gsm,A08
LA_E_4943683,1,g722,A18
LA_E_4943802,1,ulaw,A16
LA_E_4944391,1,pstn,A15
LA_E_4944577,1,gsm,A13
LA_E_4944644,1,pstn,A14
LA_E_4945568,1,ulaw,A17
LA_E_4945575,1,opus,A11
LA_E_4945577,1,gsm,A14
LA_E_4945729,1,none,A12
LA_E_4946074,1,gsm,A14
LA_E_4946421,1,pstn,A16
LA_E_4946648,1,none,A17
LA_E_4947149,0,none,bonafide
LA_E_4947506,1,pstn,A13
LA_E_4948219,0,ulaw,bonafide
LA_E_4948376,1,pstn,A18
LA_E_4948503,1,opus,A18
LA_E_4948904,1,alaw,A10
LA_E_4948907,1,opus,A09
LA_E_4948980,1,ulaw,A18
LA_E_4949138,1,alaw,A16
LA_E_4949640,1,gsm,A13
LA_E_4949763,0,ulaw,bonafide
LA_E_4949844,1,gsm,A17
LA_E_4949915,1,opus,A15
LA_E_4949920,1,g722,A09
LA_E_4949937,1,gsm,A17
LA_E_4950531,1,pstn,A08
LA_E_4950712,1,pstn,A13
LA_E_4950786,1,ulaw,A16
LA_E_4950885,1,opus,A15
LA_E_4951043,1,alaw,A16
LA_E_4951091,1,pstn,A19
LA_E_4951726,1,opus,A10
LA_E_4951745,1,alaw,A07
LA_E_4951816,1,pstn,A11
LA_E_4951836,1,ulaw,A15
LA_E_4951844,1,pstn,A11
LA_E_4952052,0,ulaw,bonafide
LA_E_4952235,0,g722,bonafide
LA_E_4952462,1,opus,A14
LA_E_4952482,1,alaw,A16
LA_E_4952522,1,ulaw,A14
LA_E_4952763,1,gsm,A17
LA_E_4953134,1,gsm,A17
LA_E_4953376,1,alaw,A10
LA_E_4953456,1,ulaw,A11
LA_E_4953860,1,gsm,A07
LA_E_4954162,1,gsm,A13
LA_E_4954616,1,opus,A08
LA_E_4956046,1,opus,A16
LA_E_4957055,1,none,A12
LA_E_4957517,1,gsm,A18
LA_E_4958342,0,alaw,bonafide
LA_E_4958532,0,pstn,bonafide
LA_E_4959768,1,none,A13
LA_E_4959885,1,alaw,A08
LA_E_4960067,1,g722,A10
LA_E_4960095,1,none,A09
LA_E_4960597,1,opus,A16
LA_E_4960663,1,opus,A08
LA_E_4961582,1,pstn,A10
LA_E_4961601,1,none,A19
LA_E_4962245,0,ulaw,bonafide
LA_E_4962500,1,g722,A16
LA_E_4962951,1,opus,A15
LA_E_4963361,1,opus,A15
LA_E_4963571,0,none,bonafide
LA_E_4963581,1,gsm,A19
LA_E_4963815,1,pstn,A10
LA_E_4963822,1,pstn,A07
LA_E_4963872,0,pstn,bonafide
LA_E_4964212,1,none,A16
LA_E_4964673,0,opus,bonafide
LA_E_4964780,1,g722,A12
LA_E_4965017,1,gsm,A10
LA_E_4965121,1,ulaw,A19
LA_E_4965281,1,ulaw,A19
LA_E_4965951,1,alaw,A18
LA_E_4966046,1,alaw,A12
LA_E_4966235,1,none,A19
LA_E_4966727,1,opus,A08
LA_E_4967076,1,opus,A16
LA_E_4967236,1,g722,A18
LA_E_4967274,1,g722,A11
LA_E_4967305,0,ulaw,bonafide
LA_E_4967763,1,g722,A15
LA_E_4967767,1,ulaw,A19
LA_E_4967803,1,gsm,A13
LA_E_4968215,1,gsm,A14
LA_E_4968546,1,g722,A17
LA_E_4969210,1,alaw,A09
LA_E_4969474,1,alaw,A09
LA_E_4969730,1,opus,A16
LA_E_4969738,1,none,A10
LA_E_4970183,1,alaw,A11
LA_E_4970770,1,none,A10
LA_E_4971368,1,gsm,A19
LA_E_4971690,0,opus,bonafide
LA_E_4971781,1,none,A15
LA_E_4971894,1,ulaw,A13
LA_E_4972759,1,none,A08
LA_E_4973247,1,gsm,A13
LA_E_4973419,1,alaw,A17
LA_E_4974248,1,alaw,A17
LA_E_4974442,1,opus,A14
LA_E_4975066,1,opus,A16
LA_E_4976214,1,g722,A10
LA_E_4976774,1,g722,A18
LA_E_4976994,1,alaw,A09
LA_E_4977477,1,ulaw,A17
LA_E_4977931,1,ulaw,A07
LA_E_4977935,1,none,A14
LA_E_4978033,1,opus,A12
LA_E_4978227,1,g722,A11
LA_E_4978453,1,opus,A19
LA_E_4978541,1,g722,A16
LA_E_4978626,1,opus,A12
LA_E_4978670,1,gsm,A19
LA_E_4978777,1,opus,A09
LA_E_4978829,1,opus,A08
LA_E_4978916,1,gsm,A08
LA_E_4979113,1,ulaw,A19
LA_E_4979119,1,g722,A17
LA_E_4979191,1,pstn,A16
LA_E_4980251,1,alaw,A18
LA_E_4980412,1,g722,A12
LA_E_4980533,1,pstn,A16
LA_E_4980540,1,gsm,A08
LA_E_4980631,0,alaw,bonafide
LA_E_4980641,0,gsm,bonafide
LA_E_4980688,1,none,A12
LA_E_4982177,1,pstn,A17
LA_E_4982521,1,pstn,A19
LA_E_4982662,1,gsm,A07
LA_E_4982724,1,pstn,A16
LA_E_4983006,1,opus,A14
LA_E_4984586,1,ulaw,A12
LA_E_4984627,1,alaw,A07
LA_E_4984797,1,gsm,A13
LA_E_4985426,0,ulaw,bonafide
LA_E_4985446,1,none,A19
LA_E_4985590,1,ulaw,A08
LA_E_4986050,0,opus,bonafide
LA_E_4986078,1,ulaw,A10
LA_E_4986160,1,alaw,A14
LA_E_4986289,0,none,bonafide
LA_E_4986421,0,ulaw,bonafide
LA_E_4987043,1,alaw,A09
LA_E_4987212,1,gsm,A17
LA_E_4987346,1,opus,A13
LA_E_4987380,1,gsm,A19
LA_E_4987603,1,ulaw,A09
LA_E_4987637,1,alaw,A13
LA_E_4987650,1,gsm,A13
LA_E_4987846,1,opus,A17
LA_E_4987876,1,opus,A18
LA_E_4988015,1,opus,A15
LA_E_4988040,1,ulaw,A07
LA_E_4988600,1,opus,A10
LA_E_4989026,1,alaw,A16
LA_E_4989282,1,gsm,A12
LA_E_4989945,1,opus,A19
LA_E_4989965,1,ulaw,A13
LA_E_4990068,1,ulaw,A09
LA_E_4990356,1,alaw,A17
LA_E_4990643,1,none,A18
LA_E_4990697,0,alaw,bonafide
LA_E_4990965,1,alaw,A18
LA_E_4991053,1,alaw,A09
LA_E_4991340,1,alaw,A17
LA_E_4991408,1,ulaw,A12
LA_E_4991488,0,g722,bonafide
LA_E_4991604,1,g722,A10
LA_E_4991698,0,pstn,bonafide
LA_E_4991763,1,alaw,A11
LA_E_4991942,1,ulaw,A14
LA_E_4991969,1,pstn,A17
LA_E_4992873,1,gsm,A08
LA_E_4993113,0,gsm,bonafide
LA_E_4993585,1,g722,A15
LA_E_4994198,1,none,A08
LA_E_4994452,0,gsm,bonafide
LA_E_4994778,1,alaw,A12
LA_E_4995102,1,opus,A15
LA_E_4996001,1,alaw,A14
LA_E_4996231,1,none,A12
LA_E_4996371,1,gsm,A16
LA_E_4996890,0,pstn,bonafide
LA_E_4997025,1,gsm,A18
LA_E_4997332,1,pstn,A19
LA_E_4997597,1,pstn,A15
LA_E_4998798,1,ulaw,A07
LA_E_4999227,1,opus,A12
LA_E_4999433,1,pstn,A17
LA_E_5000119,0,gsm,bonafide
LA_E_5000295,1,pstn,A14
LA_E_5000347,0,g722,bonafide
LA_E_5000719,1,opus,A10
LA_E_5000888,0,gsm,bonafide
LA_E_5001608,1,none,A09
LA_E_5001773,1,none,A15
LA_E_5001862,1,alaw,A19
LA_E_5002363,1,none,A18
LA_E_5002958,1,none,A08
LA_E_5002988,1,opus,A15
LA_E_5003100,1,gsm,A15
LA_E_5003290,1,none,A15
LA_E_5003581,0,pstn,bonafide
LA_E_5003708,1,pstn,A18
LA_E_5003946,1,alaw,A07
LA_E_5004115,1,none,A09
LA_E_5004181,1,gsm,A12
LA_E_5004381,1,opus,A17
LA_E_5004843,1,gsm,A12
LA_E_5004883,1,g722,A12
LA_E_5005079,1,ulaw,A19
LA_E_5005711,1,g722,A11
LA_E_5006435,1,gsm,A09
LA_E_5006730,1,pstn,A07
LA_E_5006941,1,pstn,A15
LA_E_5007229,1,opus,A08
LA_E_5007237,1,alaw,A12
LA_E_5007372,1,pstn,A18
LA_E_5008219,1,gsm,A14
LA_E_5008430,0,none,bonafide
LA_E_5008902,0,opus,bonafide
LA_E_5009198,1,ulaw,A09
LA_E_5009252,1,ulaw,A12
LA_E_5009268,1,gsm,A19
LA_E_5009386,0,gsm,bonafide
LA_E_5009833,1,g722,A15
LA_E_5009855,1,gsm,A15
LA_E_5010408,1,pstn,A08
LA_E_5010547,1,gsm,A16
LA_E_5010972,1,alaw,A18
LA_E_5011020,1,alaw,A15
LA_E_5011096,1,pstn,A15
LA_E_5011140,1,gsm,A12
LA_E_5011461,1,g722,A10
LA_E_5011482,1,ulaw,A14
LA_E_5011647,1,pstn,A09
LA_E_5011846,1,opus,A19
LA_E_5011961,1,gsm,A10
LA_E_5012077,1,ulaw,A13
LA_E_5012141,1,gsm,A10
LA_E_5012167,1,g722,A11
LA_E_5012669,1,ulaw,A11
LA_E_5012857,1,opus,A08
LA_E_5012858,1,none,A19
LA_E_5013316,1,gsm,A11
LA_E_5013556,1,gsm,A17
LA_E_5013633,1,none,A11
LA_E_5014015,0,none,bonafide
LA_E_5014173,1,pstn,A13
LA_E_5014222,1,gsm,A17
LA_E_5014249,1,none,A13
LA_E_5014355,1,alaw,A11
LA_E_5015084,1,opus,A07
LA_E_5015213,1,opus,A18
LA_E_5015717,1,none,A10
LA_E_5016012,1,opus,A15
LA_E_5016078,1,gsm,A17
LA_E_5016839,1,pstn,A16
LA_E_5017402,0,alaw,bonafide
LA_E_5017634,1,opus,A16
LA_E_5018394,1,g722,A17
LA_E_5019175,1,pstn,A16
LA_E_5019849,1,ulaw,A19
LA_E_5020057,0,gsm,bonafide
LA_E_5020237,1,gsm,A10
LA_E_5020372,1,g722,A17
LA_E_5020813,1,opus,A09
LA_E_5021960,0,pstn,bonafide
LA_E_5022448,1,opus,A08
LA_E_5022719,1,gsm,A13
LA_E_5023376,0,ulaw,bonafide
LA_E_5023695,1,ulaw,A10
LA_E_5023881,1,none,A17
LA_E_5024013,0,ulaw,bonafide
LA_E_5024475,0,alaw,bonafide
LA_E_5024804,1,ulaw,A08
LA_E_5025278,1,gsm,A11
LA_E_5026381,1,ulaw,A07
LA_E_5026628,1,gsm,A08
LA_E_5027074,1,none,A11
LA_E_5027185,1,ulaw,A19
LA_E_5028180,1,ulaw,A17
LA_E_5028885,1,pstn,A09
LA_E_5029128,1,alaw,A14
LA_E_5029511,1,gsm,A07
LA_E_5029804,1,gsm,A12
LA_E_5030723,1,none,A10
LA_E_5030917,1,gsm,A07
LA_E_5031172,1,g722,A08
LA_E_5031352,1,none,A16
LA_E_5032021,1,alaw,A18
LA_E_5032575,1,none,A18
LA_E_5033010,1,gsm,A13
LA_E_5033164,1,gsm,A11
LA_E_5033174,1,alaw,A14
LA_E_5033463,1,opus,A13
LA_E_5034114,1,alaw,A09
LA_E_5034118,1,ulaw,A13
LA_E_5034330,1,g722,A12
LA_E_5035142,1,pstn,A13
LA_E_5035199,1,alaw,A10
LA_E_5035535,0,g722,bonafide
LA_E_5035953,1,none,A17
LA_E_5035964,1,opus,A16
LA_E_5036298,1,ulaw,A07
LA_E_5036699,1,gsm,A11
LA_E_5037203,1,alaw,A09
LA_E_5037349,1,none,A10
LA_E_5037692,1,g722,A19
LA_E_5037920,1,pstn,A15
LA_E_5038389,1,pstn,A18
LA_E_5039113,1,alaw,A17
LA_E_5039160,0,ulaw,bonafide
LA_E_5039285,1,alaw,A17
LA_E_5039342,1,none,A16
LA_E_5039825,1,opus,A17
LA_E_5039924,1,none,A15
LA_E_5039974,1,alaw,A10
LA_E_5039992,1,gsm,A09
LA_E_5040904,1,none,A15
LA_E_5040918,1,alaw,A07
LA_E_5041790,1,none,A08
LA_E_5041875,1,pstn,A16
LA_E_5041877,1,opus,A19
LA_E_5042263,1,gsm,A07
LA_E_5042286,0,opus,bonafide
LA_E_5042390,1,pstn,A14
LA_E_5042668,1,g722,A18
LA_E_5043527,0,pstn,bonafide
LA_E_5043554,1,none,A16
LA_E_5043985,1,alaw,A12
LA_E_5044014,1,pstn,A18
LA_E_5044042,1,none,A17
LA_E_5044089,1,opus,A15
LA_E_5044180,1,ulaw,A09
LA_E_5044216,1,g722,A18
LA_E_5044287,0,ulaw,bonafide
LA_E_5044391,1,none,A18
LA_E_5044654,1,ulaw,A10
LA_E_5045242,1,gsm,A18
LA_E_5045470,1,opus,A16
LA_E_5045872,1,none,A16
LA_E_5046413,1,opus,A19
LA_E_5046727,1,alaw,A10
LA_E_5046729,1,gsm,A15
LA_E_5046810,1,opus,A16
LA_E_5048869,1,opus,A19
LA_E_5050095,1,ulaw,A16
LA_E_5050324,1,ulaw,A09
LA_E_5050585,0,opus,bonafide
LA_E_5050878,1,ulaw,A18
LA_E_5050885,1,gsm,A12
LA_E_5050939,1,opus,A19
LA_E_5051807,1,alaw,A16
LA_E_5052081,0,g722,bonafide
LA_E_5052638,1,pstn,A12
LA_E_5052786,0,ulaw,bonafide
LA_E_5053272,1,ulaw,A09
LA_E_5053319,1,none,A17
LA_E_5053453,1,none,A07
LA_E_5053625,1,gsm,A15
LA_E_5054236,0,alaw,bonafide
LA_E_5054500,1,g722,A10
LA_E_5055061,1,g722,A16
LA_E_5055208,1,ulaw,A17
LA_E_5055261,0,none,bonafide
LA_E_5056194,1,none,A18
LA_E_5056393,1,alaw,A16
LA_E_5057017,1,pstn,A08
LA_E_5057676,1,g722,A15
LA_E_5057782,1,ulaw,A09
LA_E_5057965,1,ulaw,A11
LA_E_5058301,1,g722,A15
LA_E_5058382,1,none,A08
LA_E_5058408,1,g722,A14
LA_E_5060001,1,alaw,A16
LA_E_5060244,1,opus,A07
LA_E_5060646,1,none,A08
LA_E_5060789,1,pstn,A16
LA_E_5060867,1,none,A09
LA_E_5061406,1,pstn,A13
LA_E_5061750,1,opus,A13
LA_E_5061780,1,pstn,A11
LA_E_5062285,1,ulaw,A18
LA_E_5062389,1,none,A14
LA_E_5062429,1,gsm,A14
LA_E_5062434,1,g722,A18
LA_E_5062579,1,ulaw,A15
LA_E_5062598,1,gsm,A14
LA_E_5063455,1,g722,A09
LA_E_5063492,1,alaw,A14
LA_E_5065321,1,none,A11
LA_E_5065336,1,ulaw,A11
LA_E_5065426,1,ulaw,A13
LA_E_5065445,1,alaw,A17
LA_E_5065518,1,ulaw,A13
LA_E_5065525,1,opus,A16
LA_E_5065940,1,opus,A16
LA_E_5067432,1,g722,A09
LA_E_5067442,1,opus,A08
LA_E_5068801,1,pstn,A07
LA_E_5069166,1,gsm,A14
LA_E_5069399,1,opus,A07
LA_E_5069850,1,opus,A16
LA_E_5070483,1,pstn,A13
LA_E_5070567,1,pstn,A08
LA_E_5070845,1,none,A12
LA_E_5071113,0,alaw,bonafide
LA_E_5071145,0,ulaw,bonafide
LA_E_5072083,0,g722,bonafide
LA_E_5072141,1,gsm,A18
LA_E_5073888,1,pstn,A14
LA_E_5073924,1,opus,A16
LA_E_5073987,1,ulaw,A14
LA_E_5074249,1,none,A17
LA_E_5074326,1,ulaw,A18
LA_E_5074567,1,ulaw,A16
LA_E_5074633,1,ulaw,A15
LA_E_5074651,1,opus,A13
LA_E_5074845,0,opus,bonafide
LA_E_5074875,1,none,A09
LA_E_5075147,1,opus,A10
LA_E_5075280,1,g722,A18
LA_E_5075408,1,alaw,A16
LA_E_5075596,1,gsm,A16
LA_E_5075690,1,opus,A19
LA_E_5075761,1,opus,A11
LA_E_5075974,1,ulaw,A09
LA_E_5076212,1,gsm,A08
LA_E_5076316,1,opus,A13
LA_E_5077175,1,alaw,A18
LA_E_5077459,0,opus,bonafide
LA_E_5077671,1,g722,A17
LA_E_5078040,1,ulaw,A09
LA_E_5078094,1,alaw,A18
LA_E_5078755,1,gsm,A17
LA_E_5079679,1,opus,A17
LA_E_5080639,1,opus,A14
LA_E_5080651,1,gsm,A18
LA_E_5080778,1,gsm,A14
LA_E_5081032,1,none,A08
LA_E_5081234,1,g722,A09
LA_E_5081362,0,none,bonafide
LA_E_5081475,1,ulaw,A13
LA_E_5081637,1,opus,A12
LA_E_5081785,1,ulaw,A10
LA_E_5082275,1,opus,A10
LA_E_5082929,1,opus,A12
LA_E_5082964,1,ulaw,A11
LA_E_5083232,1,g722,A10
LA_E_5083241,1,g722,A17
LA_E_5084901,1,gsm,A12
LA_E_5085554,1,none,A10
LA_E_5087031,0,g722,bonafide
LA_E_5087366,1,opus,A07
LA_E_5088244,1,none,A14
LA_E_5088272,1,pstn,A18
LA_E_5088313,1,pstn,A11
LA_E_5088462,1,ulaw,A13
LA_E_5088824,1,opus,A14
LA_E_5089716,1,opus,A09
LA_E_5090490,1,none,A07
LA_E_5090504,1,opus,A14
LA_E_5091458,0,gsm,bonafide
LA_E_5091529,1,gsm,A11
LA_E_5092151,1,ulaw,A15
LA_E_5092407,1,opus,A07
LA_E_5092736,1,pstn,A11
LA_E_5093838,1,opus,A13
LA_E_5094515,1,opus,A10
LA_E_5094746,0,ulaw,bonafide
LA_E_5094842,0,opus,bonafide
LA_E_5094973,1,alaw,A10
LA_E_5095408,0,opus,bonafide
LA_E_5095531,1,opus,A11
LA_E_5096088,1,g722,A14
LA_E_5096123,1,none,A18
LA_E_5096167,1,gsm,A14
LA_E_5096249,1,gsm,A09
LA_E_5096533,1,gsm,A09
LA_E_5096740,1,ulaw,A07
LA_E_5097495,1,pstn,A17
LA_E_5097624,1,ulaw,A18
LA_E_5097697,1,gsm,A07
LA_E_5097925,1,pstn,A07
LA_E_5097974,1,ulaw,A09
LA_E_5098022,0,alaw,bonafide
LA_E_5098215,1,opus,A18
LA_E_5098373,1,g722,A16
LA_E_5098638,0,alaw,bonafide
LA_E_5098761,1,ulaw,A17
LA_E_5099043,1,ulaw,A13
LA_E_5099049,1,alaw,A11
LA_E_5099385,1,alaw,A08
LA_E_5099744,1,opus,A07
LA_E_5099765,1,gsm,A10
LA_E_5100288,1,opus,A09
LA_E_5100313,1,gsm,A15
LA_E_5100618,1,gsm,A11
LA_E_5101354,1,gsm,A15
LA_E_5101368,1,none,A11
LA_E_5102386,1,opus,A19
LA_E_5103087,1,gsm,A19
LA_E_5103113,1,ulaw,A07
LA_E_5103297,1,none,A18
LA_E_5103569,1,alaw,A08
LA_E_5103979,1,ulaw,A13
LA_E_5104277,1,alaw,A12
LA_E_5104293,1,opus,A16
LA_E_5104556,1,pstn,A13
LA_E_5104598,1,alaw,A18
LA_E_5105326,1,pstn,A09
LA_E_5106349,1,alaw,A11
LA_E_5106370,1,gsm,A15
LA_E_5106493,1,ulaw,A10
LA_E_5106694,1,g722,A07
LA_E_5106893,1,ulaw,A09
LA_E_5106949,1,opus,A07
LA_E_5107341,1,gsm,A17
LA_E_5107531,1,ulaw,A15
LA_E_5107747,1,pstn,A19
LA_E_5108035,1,gsm,A10
LA_E_5108600,1,ulaw,A07
LA_E_5108907,1,gsm,A09
LA_E_5109506,1,opus,A08
LA_E_5110044,1,pstn,A11
LA_E_5110154,1,none,A11
LA_E_5111208,1,ulaw,A10
LA_E_5111863,1,opus,A12
LA_E_5112495,1,ulaw,A08
LA_E_5112556,1,pstn,A07
LA_E_5112652,1,ulaw,A09
LA_E_5112775,1,gsm,A14
LA_E_5113658,1,alaw,A10
LA_E_5113843,0,none,bonafide
LA_E_5113894,1,gsm,A07
LA_E_5114160,1,gsm,A09
LA_E_5114903,1,gsm,A19
LA_E_5115177,0,ulaw,bonafide
LA_E_5115432,1,opus,A16
LA_E_5115776,1,opus,A07
LA_E_5116741,1,opus,A11
LA_E_5116812,1,ulaw,A09
LA_E_5116871,1,g722,A10
LA_E_5117099,1,ulaw,A17
LA_E_5117229,0,pstn,bonafide
LA_E_5117676,1,opus,A11
LA_E_5117719,1,ulaw,A15
LA_E_5117858,1,pstn,A11
LA_E_5118290,1,alaw,A19
LA_E_5119065,1,pstn,A19
LA_E_5119088,0,pstn,bonafide
LA_E_5119122,1,g722,A11
LA_E_5119542,1,alaw,A07
LA_E_5119731,1,alaw,A15
LA_E_5119757,1,g722,A15
LA_E_5120096,1,opus,A11
LA_E_5121094,1,pstn,A18
LA_E_5121299,1,g722,A17
LA_E_5121446,0,alaw,bonafide
LA_E_5121598,1,opus,A11
LA_E_5121913,1,alaw,A17
LA_E_5121943,1,opus,A09
LA_E_5122228,1,gsm,A15
LA_E_5122693,1,g722,A17
LA_E_5124171,1,pstn,A17
LA_E_5124176,1,none,A07
LA_E_5124209,1,ulaw,A08
LA_E_5124466,1,g722,A19
LA_E_5124916,1,pstn,A14
LA_E_5125044,1,alaw,A08
LA_E_5125418,1,none,A11
LA_E_5126093,1,pstn,A16
LA_E_5126226,0,opus,bonafide
LA_E_5126721,1,gsm,A16
LA_E_5126919,1,ulaw,A13
LA_E_5127197,1,opus,A17
LA_E_5128249,0,g722,bonafide
LA_E_5128425,1,opus,A17
LA_E_5128633,1,alaw,A11
LA_E_5129985,0,none,bonafide
LA_E_5130242,1,gsm,A15
LA_E_5130266,1,none,A09
LA_E_5130923,1,pstn,A14
LA_E_5131273,1,gsm,A11
LA_E_5131527,1,g722,A09
LA_E_5131533,1,gsm,A13
LA_E_5131630,1,gsm,A18
LA_E_5131632,0,none,bonafide
LA_E_5131682,1,alaw,A19
LA_E_5132595,1,opus,A08
LA_E_5133838,1,alaw,A15
LA_E_5134140,1,pstn,A17
LA_E_5134210,1,gsm,A08
LA_E_5135264,1,gsm,A12
LA_E_5135336,1,gsm,A14
LA_E_5135416,1,ulaw,A07
LA_E_5135595,1,g722,A16
LA_E_5136553,0,alaw,bonafide
LA_E_5136791,1,ulaw,A17
LA_E_5136897,1,none,A14
LA_E_5136969,1,pstn,A09
LA_E_5137120,1,gsm,A17
LA_E_5137154,1,opus,A13
LA_E_5138170,1,none,A14
LA_E_5139085,1,opus,A09
LA_E_5139279,1,opus,A14
LA_E_5139493,1,gsm,A07
LA_E_5139500,1,gsm,A18
LA_E_5140050,1,opus,A17
LA_E_5140057,1,none,A19
LA_E_5140248,1,alaw,A09
LA_E_5140289,1,g722,A08
LA_E_5140402,1,ulaw,A15
LA_E_5140619,1,pstn,A11
LA_E_5140754,1,ulaw,A12
LA_E_5141097,1,ulaw,A15
LA_E_5141389,1,ulaw,A09
LA_E_5141458,1,pstn,A14
LA_E_5141711,1,ulaw,A18
LA_E_5142944,1,opus,A08
LA_E_5143111,1,alaw,A18
LA_E_5143206,1,ulaw,A18
LA_E_5143558,1,none,A11
LA_E_5143788,1,pstn,A14
LA_E_5143966,1,pstn,A19
LA_E_5144181,1,opus,A19
LA_E_5144780,1,ulaw,A14
LA_E_5145064,1,gsm,A15
LA_E_5145229,1,gsm,A11
LA_E_5145285,1,opus,A19
LA_E_5145550,1,alaw,A07
LA_E_5145647,0,ulaw,bonafide
LA_E_5146797,0,gsm,bonafide
LA_E_5146969,1,ulaw,A08
LA_E_5147259,1,g722,A12
LA_E_5147512,1,ulaw,A07
LA_E_5147717,1,opus,A08
LA_E_5147982,1,ulaw,A17
LA_E_5148721,1,gsm,A15
LA_E_5149015,0,gsm,bonafide
LA_E_5149165,1,pstn,A19
LA_E_5149975,1,gsm,A16
LA_E_5150092,1,g722,A14
LA_E_5151739,1,g722,A18
LA_E_5151772,1,ulaw,A13
LA_E_5152414,1,none,A18
LA_E_5152466,1,pstn,A12
LA_E_5152976,1,alaw,A11
LA_E_5153031,1,ulaw,A16
LA_E_5153198,1,alaw,A15
LA_E_5153250,0,g722,bonafide
LA_E_5153776,1,ulaw,A07
LA_E_5154290,1,ulaw,A07
LA_E_5154347,0,opus,bonafide
LA_E_5154439,1,opus,A12
LA_E_5154807,1,gsm,A07
LA_E_5154967,0,ulaw,bonafide
LA_E_5155168,1,gsm,A16
LA_E_5155482,1,ulaw,A10
LA_E_5156122,1,none,A12
LA_E_5156697,1,opus,A17
LA_E_5156787,1,ulaw,A07
LA_E_5156899,1,gsm,A15
LA_E_5156946,1,none,A13
LA_E_5157311,1,pstn,A11
LA_E_5157707,1,g722,A16
LA_E_5158058,1,gsm,A16
LA_E_5158816,1,gsm,A07
LA_E_5158880,0,opus,bonafide
LA_E_5159498,1,ulaw,A13
LA_E_5159986,1,alaw,A10
LA_E_5160106,1,opus,A18
LA_E_5160224,1,opus,A12
LA_E_5160519,0,gsm,bonafide
LA_E_5160970,1,ulaw,A12
LA_E_5161184,1,none,A13
LA_E_5161829,1,gsm,A09
LA_E_5162121,1,gsm,A07
LA_E_5162271,1,alaw,A19
LA_E_5163146,1,ulaw,A07
LA_E_5163362,0,pstn,bonafide
LA_E_5163541,1,g722,A09
LA_E_5163890,1,ulaw,A12
LA_E_5164095,1,gsm,A15
LA_E_5164316,1,ulaw,A09
LA_E_5164493,1,opus,A09
LA_E_5164901,1,gsm,A14
LA_E_5164918,0,opus,bonafide
LA_E_5165402,1,opus,A08
LA_E_5165576,1,ulaw,A16
LA_E_5166254,1,pstn,A17
LA_E_5166497,0,gsm,bonafide
LA_E_5166951,0,gsm,bonafide
LA_E_5167537,1,opus,A13
LA_E_5167930,0,alaw,bonafide
LA_E_5167937,1,none,A14
LA_E_5168166,1,none,A13
LA_E_5168343,1,gsm,A18
LA_E_5168375,1,gsm,A14
LA_E_5168612,1,pstn,A17
LA_E_5169217,1,g722,A10
LA_E_5169334,0,alaw,bonafide
LA_E_5169343,1,none,A11
LA_E_5169692,1,g722,A13
LA_E_5170182,1,gsm,A19
LA_E_5170229,1,opus,A13
LA_E_5170475,1,pstn,A15
LA_E_5170743,1,opus,A10
LA_E_5170763,1,opus,A18
LA_E_5170951,0,opus,bonafide
LA_E_5171296,0,g722,bonafide
LA_E_5171511,1,gsm,A16
LA_E_5171660,1,ulaw,A08
LA_E_5171732,1,alaw,A07
LA_E_5172133,1,pstn,A12
LA_E_5172391,0,ulaw,bonafide
LA_E_5172648,1,opus,A15
LA_E_5173230,1,ulaw,A16
LA_E_5173789,1,opus,A07
LA_E_5174056,1,none,A17
LA_E_5174087,1,opus,A07
LA_E_5174440,1,g722,A14
LA_E_5175001,1,opus,A09
LA_E_5175077,1,g722,A19
LA_E_5175475,1,none,A10
LA_E_5176209,1,opus,A10
LA_E_5176266,1,ulaw,A08
LA_E_5176269,1,alaw,A10
LA_E_5176477,1,ulaw,A10
LA_E_5176817,0,ulaw,bonafide
LA_E_5177178,1,gsm,A12
LA_E_5177438,1,gsm,A16
LA_E_5177832,1,ulaw,A14
LA_E_5177949,1,ulaw,A11
LA_E_5177990,1,g722,A14
LA_E_5178564,1,ulaw,A07
LA_E_5178803,1,ulaw,A17
LA_E_5179878,1,ulaw,A18
LA_E_5179894,1,gsm,A15
LA_E_5179962,1,opus,A19
LA_E_5180030,1,g722,A12
LA_E_5180163,1,opus,A14
LA_E_5180223,1,none,A11
LA_E_5181458,1,g722,A12
LA_E_5181786,1,none,A12
LA_E_5181965,1,gsm,A07
LA_E_5182298,1,alaw,A16
LA_E_5182945,1,opus,A11
LA_E_5183044,1,pstn,A16
LA_E_5183341,1,alaw,A11
LA_E_5183852,1,ulaw,A16
LA_E_5184270,1,gsm,A10
LA_E_5184478,1,g722,A08
LA_E_5184528,0,gsm,bonafide
LA_E_5184897,0,alaw,bonafide
LA_E_5185582,1,pstn,A16
LA_E_5185596,0,ulaw,bonafide
LA_E_5185883,1,pstn,A11
LA_E_5185986,0,pstn,bonafide
LA_E_5186283,1,gsm,A11
LA_E_5186357,1,gsm,A11
LA_E_5186653,0,pstn,bonafide
LA_E_5186874,1,opus,A10
LA_E_5187361,1,opus,A15
LA_E_5187391,1,opus,A12
LA_E_5187884,0,alaw,bonafide
LA_E_5188181,1,opus,A10
LA_E_5188480,1,gsm,A10
LA_E_5188667,1,ulaw,A17
LA_E_5188840,1,opus,A19
LA_E_5188982,0,g722,bonafide
LA_E_5189145,1,none,A16
LA_E_5189241,1,opus,A18
LA_E_5189361,1,none,A10
LA_E_5189700,0,alaw,bonafide
LA_E_5190027,1,g722,A13
LA_E_5191050,1,opus,A16
LA_E_5191537,1,g722,A12
LA_E_5191796,1,alaw,A10
LA_E_5192102,0,ulaw,bonafide
LA_E_5192420,1,g722,A13
LA_E_5192755,0,none,bonafide
LA_E_5193265,1,none,A16
LA_E_5194661,0,g722,bonafide
LA_E_5194733,1,pstn,A19
LA_E_5195309,1,pstn,A19
LA_E_5195441,1,ulaw,A08
LA_E_5196692,1,ulaw,A12
LA_E_5196723,1,gsm,A07
LA_E_5196772,1,none,A14
LA_E_5196870,0,alaw,bonafide
LA_E_5196951,1,g722,A17
LA_E_5197296,1,ulaw,A15
LA_E_5197304,0,alaw,bonafide
LA_E_5197981,1,gsm,A09
LA_E_5198201,1,ulaw,A19
LA_E_5198300,1,gsm,A08
LA_E_5198341,1,ulaw,A18
LA_E_5198937,1,gsm,A15
LA_E_5199266,0,alaw,bonafide
LA_E_5201127,1,pstn,A12
LA_E_5201535,1,opus,A09
LA_E_5201633,1,opus,A14
LA_E_5202406,1,gsm,A17
LA_E_5202593,1,g722,A07
LA_E_5202791,1,alaw,A09
LA_E_5203067,0,none,bonafide
LA_E_5203193,1,g722,A15
LA_E_5203390,1,alaw,A07
LA_E_5203749,1,pstn,A13
LA_E_5203860,1,g722,A10
LA_E_5204083,1,ulaw,A12
LA_E_5204085,1,opus,A17
LA_E_5204458,1,gsm,A13
LA_E_5205099,1,pstn,A10
LA_E_5205267,1,opus,A16
LA_E_5205393,1,alaw,A15
LA_E_5205506,1,opus,A10
LA_E_5205693,1,opus,A19
LA_E_5205949,0,g722,bonafide
LA_E_5206358,1,ulaw,A12
LA_E_5206505,1,ulaw,A10
LA_E_5207521,1,none,A11
LA_E_5207886,1,pstn,A10
LA_E_5208993,0,pstn,bonafide
LA_E_5209190,1,alaw,A16
LA_E_5209199,1,gsm,A12
LA_E_5209606,0,alaw,bonafide
LA_E_5210458,1,none,A08
LA_E_5210490,1,opus,A16
LA_E_5210694,1,ulaw,A18
LA_E_5211491,1,g722,A19
LA_E_5211572,1,g722,A09
LA_E_5212007,1,none,A19
LA_E_5212089,0,opus,bonafide
LA_E_5212235,1,alaw,A17
LA_E_5212770,0,g722,bonafide
LA_E_5213171,0,gsm,bonafide
LA_E_5213349,1,g722,A18
LA_E_5213672,1,opus,A17
LA_E_5213888,1,alaw,A19
LA_E_5214154,1,alaw,A15
LA_E_5214211,1,ulaw,A16
LA_E_5214289,1,pstn,A07
LA_E_5215011,1,gsm,A18
LA_E_5215195,1,opus,A09
LA_E_5215405,1,alaw,A14
LA_E_5215482,0,none,bonafide
LA_E_5215610,1,ulaw,A19
LA_E_5215903,1,ulaw,A18
LA_E_5216568,1,none,A18
LA_E_5216575,1,g722,A14
LA_E_5216735,1,opus,A15
LA_E_5216814,0,pstn,bonafide
LA_E_5216834,1,opus,A09
LA_E_5217291,1,none,A07
LA_E_5217380,1,opus,A18
LA_E_5217616,1,ulaw,A17
LA_E_5217977,1,opus,A13
LA_E_5218204,1,alaw,A17
LA_E_5218784,1,ulaw,A15
LA_E_5219226,1,ulaw,A15
LA_E_5219772,0,ulaw,bonafide
LA_E_5219867,1,opus,A08
LA_E_5220106,1,pstn,A14
LA_E_5220198,1,none,A19
LA_E_5220223,1,none,A16
LA_E_5220268,1,alaw,A15
LA_E_5220688,1,alaw,A16
LA_E_5220715,1,alaw,A08
LA_E_5221101,0,g722,bonafide
LA_E_5222140,1,gsm,A13
LA_E_5222147,1,ulaw,A18
LA_E_5222473,0,pstn,bonafide
LA_E_5223158,1,opus,A12
LA_E_5223226,1,ulaw,A07
LA_E_5223379,1,alaw,A12
LA_E_5223455,1,ulaw,A10
LA_E_5223897,1,pstn,A17
LA_E_5223920,1,ulaw,A13
LA_E_5224889,1,alaw,A15
LA_E_5225621,1,alaw,A10
LA_E_5225686,1,g722,A10
LA_E_5225966,1,alaw,A10
LA_E_5226088,1,gsm,A18
LA_E_5226303,1,g722,A09
LA_E_5226517,1,ulaw,A09
LA_E_5227740,1,gsm,A16
LA_E_5227990,1,alaw,A08
LA_E_5228319,1,opus,A09
LA_E_5228432,1,gsm,A13
LA_E_5228605,1,pstn,A18
LA_E_5228644,1,none,A17
LA_E_5229016,1,ulaw,A13
LA_E_5229213,1,opus,A17
LA_E_5229731,1,ulaw,A19
LA_E_5230087,1,opus,A16
LA_E_5230448,1,ulaw,A17
LA_E_5230508,0,pstn,bonafide
LA_E_5230755,0,none,bonafide
LA_E_5230856,1,pstn,A17
LA_E_5231201,1,pstn,A19
LA_E_5231576,1,gsm,A08
LA_E_5232259,1,gsm,A09
LA_E_5232288,0,pstn,bonafide
LA_E_5232594,1,none,A07
LA_E_5233508,1,opus,A19
LA_E_5234709,1,opus,A08
LA_E_5234866,1,g722,A15
LA_E_5235195,1,ulaw,A16
LA_E_5235393,1,none,A13
LA_E_5235889,1,pstn,A18
LA_E_5236865,1,g722,A08
LA_E_5236960,1,ulaw,A08
LA_E_5237228,1,ulaw,A15
LA_E_5237971,1,gsm,A14
LA_E_5238836,1,alaw,A19
LA_E_5239505,1,ulaw,A18
LA_E_5239512,1,opus,A16
LA_E_5239678,1,none,A12
LA_E_5239852,1,ulaw,A09
LA_E_5240083,1,g722,A19
LA_E_5240451,1,gsm,A14
LA_E_5240668,1,pstn,A08
LA_E_5240870,0,pstn,bonafide
LA_E_5240875,1,none,A09
LA_E_5241432,1,opus,A19
LA_E_5243601,0,pstn,bonafide
LA_E_5243866,1,alaw,A15
LA_E_5243911,1,none,A13
LA_E_5244907,1,ulaw,A08
LA_E_5245232,1,gsm,A10
LA_E_5245321,1,ulaw,A14
LA_E_5245535,1,opus,A08
LA_E_5245662,1,pstn,A18
LA_E_5245813,1,gsm,A13
LA_E_5245879,1,g722,A11
LA_E_5246281,1,none,A11
LA_E_5246378,1,opus,A16
LA_E_5246866,1,opus,A09
LA_E_5246870,1,ulaw,A11
LA_E_5247379,1,ulaw,A18
LA_E_5247561,1,g722,A07
LA_E_5247843,0,gsm,bonafide
LA_E_5248164,1,gsm,A18
LA_E_5248264,1,pstn,A09
LA_E_5248340,1,none,A19
LA_E_5248548,1,gsm,A11
LA_E_5248776,1,opus,A11
LA_E_5249391,1,ulaw,A09
LA_E_5249839,1,pstn,A16
LA_E_5249883,0,ulaw,bonafide
LA_E_5249962,1,alaw,A08
LA_E_5249972,1,gsm,A11
LA_E_5250451,1,opus,A10
LA_E_5250602,1,opus,A17
LA_E_5251085,1,ulaw,A16
LA_E_5251256,1,none,A16
LA_E_5251663,1,gsm,A14
LA_E_5251681,1,alaw,A19
LA_E_5251758,1,g722,A10
LA_E_5252269,1,alaw,A08
LA_E_5252635,1,opus,A13
LA_E_5252647,1,opus,A14
LA_E_5253019,1,ulaw,A15
LA_E_5253539,1,opus,A15
LA_E_5253849,1,ulaw,A12
LA_E_5254050,1,ulaw,A08
LA_E_5254058,0,none,bonafide
LA_E_5254507,1,opus,A08
LA_E_5254714,0,g722,bonafide
LA_E_5254811,1,ulaw,A19
LA_E_5255387,1,ulaw,A15
LA_E_5255415,1,ulaw,A13
LA_E_5255782,1,ulaw,A14
LA_E_5256747,0,g722,bonafide
LA_E_5256886,0,gsm,bonafide
LA_E_5256995,1,alaw,A15
LA_E_5257179,1,g722,A13
LA_E_5257348,1,g722,A10
LA_E_5257425,1,gsm,A16
LA_E_5257527,1,opus,A15
LA_E_5257584,0,alaw,bonafide
LA_E_5257700,1,pstn,A16
LA_E_5257734,1,ulaw,A10
LA_E_5257790,1,g722,A16
LA_E_5258444,1,none,A13
LA_E_5258685,1,gsm,A11
LA_E_5258734,1,opus,A14
LA_E_5258831,1,ulaw,A19
LA_E_5259000,1,g722,A17
LA_E_5259093,1,ulaw,A18
LA_E_5259453,1,ulaw,A17
LA_E_5259867,1,none,A11
LA_E_5259891,1,ulaw,A16
LA_E_5260542,0,pstn,bonafide
LA_E_5261102,1,opus,A10
LA_E_5261132,1,none,A07
LA_E_5261259,1,gsm,A18
LA_E_5261640,1,ulaw,A08
LA_E_5261796,1,alaw,A10
LA_E_5261887,1,pstn,A12
LA_E_5262428,1,g722,A19
LA_E_5262616,1,pstn,A12
LA_E_5263001,1,opus,A08
LA_E_5263497,1,ulaw,A15
LA_E_5263720,0,ulaw,bonafide
LA_E_5264212,1,gsm,A11
LA_E_5264424,1,opus,A10
LA_E_5264441,1,none,A18
LA_E_5264548,1,none,A15
LA_E_5265027,1,pstn,A17
LA_E_5265463,0,ulaw,bonafide
LA_E_5265472,1,none,A15
LA_E_5265524,1,alaw,A13
LA_E_5265702,1,pstn,A17
LA_E_5266887,0,alaw,bonafide
LA_E_5267010,1,none,A09
LA_E_5268330,1,none,A11
LA_E_5268749,1,opus,A09
LA_E_5268954,1,gsm,A08
LA_E_5269732,1,gsm,A09
LA_E_5270216,1,ulaw,A07
LA_E_5270275,0,ulaw,bonafide
LA_E_5270310,1,g722,A16
LA_E_5271003,1,alaw,A13
LA_E_5271531,1,pstn,A12
LA_E_5271901,1,ulaw,A10
LA_E_5272253,1,ulaw,A11
LA_E_5272526,1,pstn,A15
LA_E_5272560,1,alaw,A16
LA_E_5272564,1,g722,A12
LA_E_5272815,1,pstn,A19
LA_E_5272966,1,ulaw,A08
LA_E_5273211,1,alaw,A16
LA_E_5274079,1,g722,A07
LA_E_5274422,0,alaw,bonafide
LA_E_5274525,0,alaw,bonafide
LA_E_5274827,1,ulaw,A14
LA_E_5275090,1,pstn,A11
LA_E_5275149,1,opus,A18
LA_E_5275174,0,opus,bonafide
LA_E_5275614,1,g722,A11
LA_E_5275877,1,opus,A10
LA_E_5275886,1,opus,A09
LA_E_5276164,1,alaw,A11
LA_E_5276385,1,ulaw,A14
LA_E_5276885,1,none,A16
LA_E_5277365,1,pstn,A19
LA_E_5277626,1,g722,A08
LA_E_5277989,1,none,A15
LA_E_5278162,1,ulaw,A11
LA_E_5278171,1,gsm,A14
LA_E_5278772,1,ulaw,A14
LA_E_5278842,1,ulaw,A11
LA_E_5279344,1,none,A19
LA_E_5279432,1,gsm,A18
LA_E_5279674,1,gsm,A07
LA_E_5279865,1,opus,A19
LA_E_5279878,1,pstn,A12
LA_E_5279919,1,none,A17
LA_E_5280093,1,ulaw,A18
LA_E_5280568,1,g722,A19
LA_E_5280876,1,opus,A15
LA_E_5281103,1,alaw,A11
LA_E_5281343,1,pstn,A15
LA_E_5281546,1,pstn,A16
LA_E_5282249,1,ulaw,A16
LA_E_5282289,1,alaw,A08
LA_E_5282380,1,ulaw,A14
LA_E_5282500,1,pstn,A11
LA_E_5282861,1,none,A10
LA_E_5282894,1,opus,A15
LA_E_5283211,1,ulaw,A12
LA_E_5283601,1,g722,A19
LA_E_5283719,1,gsm,A13
LA_E_5283750,1,opus,A15
LA_E_5283788,1,opus,A12
LA_E_5283834,1,alaw,A11
LA_E_5284821,1,gsm,A13
LA_E_5284853,1,none,A14
LA_E_5285648,1,opus,A18
LA_E_5285734,1,ulaw,A10
LA_E_5286357,1,none,A18
LA_E_5286401,0,ulaw,bonafide
LA_E_5286623,0,g722,bonafide
LA_E_5287158,1,ulaw,A07
LA_E_5287658,0,opus,bonafide
LA_E_5287756,1,pstn,A07
LA_E_5287833,1,gsm,A13
LA_E_5288060,1,gsm,A10
LA_E_5288260,1,g722,A10
LA_E_5288741,1,none,A16
LA_E_5288849,1,g722,A16
LA_E_5290165,1,none,A08
LA_E_5290419,1,ulaw,A08
LA_E_5290620,1,gsm,A12
LA_E_5290751,1,gsm,A07
LA_E_5291493,1,opus,A13
LA_E_5291671,1,none,A08
LA_E_5292310,1,g722,A13
LA_E_5292414,1,g722,A08
LA_E_5293260,1,ulaw,A09
LA_E_5293270,0,ulaw,bonafide
LA_E_5293311,1,gsm,A10
LA_E_5293502,1,gsm,A07
LA_E_5293667,1,alaw,A10
LA_E_5294168,1,alaw,A16
LA_E_5295065,1,opus,A19
LA_E_5296256,1,opus,A19
LA_E_5296272,0,opus,bonafide
LA_E_5296717,1,none,A11
LA_E_5297292,1,g722,A16
LA_E_5297548,1,ulaw,A18
LA_E_5298401,1,none,A13
LA_E_5298737,0,opus,bonafide
LA_E_5298992,1,gsm,A10
LA_E_5299081,1,opus,A18
LA_E_5299380,1,ulaw,A19
LA_E_5299585,0,ulaw,bonafide
LA_E_5299729,0,g722,bonafide
LA_E_5300035,1,ulaw,A15
LA_E_5300502,1,gsm,A17
LA_E_5300529,1,alaw,A07
LA_E_5300812,1,ulaw,A19
LA_E_5301025,1,g722,A10
LA_E_5301048,1,gsm,A12
LA_E_5301185,1,none,A11
LA_E_5301330,0,none,bonafide
LA_E_5301528,1,ulaw,A11
LA_E_5301652,1,opus,A13
LA_E_5301750,1,g722,A10
LA_E_5301943,0,opus,bonafide
LA_E_5302159,1,ulaw,A16
LA_E_5302302,0,none,bonafide
LA_E_5303074,1,alaw,A08
LA_E_5303091,1,g722,A07
LA_E_5304126,1,opus,A09
LA_E_5304152,1,opus,A11
LA_E_5304160,1,ulaw,A08
LA_E_5304650,0,gsm,bonafide
LA_E_5304764,1,ulaw,A07
LA_E_5304781,1,ulaw,A19
LA_E_5304868,0,gsm,bonafide
LA_E_5305187,1,pstn,A10
LA_E_5305998,1,pstn,A15
LA_E_5306009,1,opus,A13
LA_E_5306553,0,alaw,bonafide
LA_E_5307075,1,gsm,A19
LA_E_5308268,1,ulaw,A14
LA_E_5308493,1,opus,A13
LA_E_5308669,1,ulaw,A18
LA_E_5309246,1,gsm,A16
LA_E_5309284,1,opus,A14
LA_E_5309326,1,ulaw,A09
LA_E_5309469,1,alaw,A15
LA_E_5309765,1,pstn,A07
LA_E_5310199,1,g722,A18
LA_E_5310717,1,pstn,A09
LA_E_5310800,1,opus,A11
LA_E_5310829,1,none,A09
LA_E_5311135,1,opus,A18
LA_E_5311959,1,g722,A08
LA_E_5312104,1,ulaw,A17
LA_E_5312119,1,gsm,A08
LA_E_5312121,1,pstn,A07
LA_E_5312996,1,gsm,A13
LA_E_5313563,1,alaw,A19
LA_E_5313567,1,opus,A13
LA_E_5315160,1,pstn,A10
LA_E_5315197,1,pstn,A18
LA_E_5315217,1,gsm,A11
LA_E_5315466,1,gsm,A19
LA_E_5315872,1,ulaw,A16
LA_E_5317235,0,alaw,bonafide
LA_E_5317521,1,alaw,A11
LA_E_5317879,1,none,A10
LA_E_5317962,0,ulaw,bonafide
LA_E_5318123,1,none,A16
LA_E_5318248,1,g722,A07
LA_E_5318637,1,pstn,A14
LA_E_5318695,1,g722,A18
LA_E_5318874,1,alaw,A12
LA_E_5319669,1,none,A13
LA_E_5320468,1,ulaw,A10
LA_E_5320555,1,pstn,A14
LA_E_5320565,1,alaw,A08
LA_E_5321039,1,none,A15
LA_E_5321520,1,opus,A08
LA_E_5322009,1,none,A19
LA_E_5322162,1,gsm,A15
LA_E_5322835,1,gsm,A08
LA_E_5323047,1,ulaw,A11
LA_E_5323455,1,opus,A15
LA_E_5323535,1,gsm,A12
LA_E_5324320,1,gsm,A08
LA_E_5324363,1,pstn,A10
LA_E_5324532,1,opus,A11
LA_E_5324564,1,gsm,A12
LA_E_5325010,1,ulaw,A15
LA_E_5325185,1,opus,A19
LA_E_5325577,1,ulaw,A10
LA_E_5325835,1,gsm,A13
LA_E_5326210,1,alaw,A17
LA_E_5326213,1,g722,A08
LA_E_5326618,1,ulaw,A08
LA_E_5326877,1,pstn,A14
LA_E_5327033,1,gsm,A19
LA_E_5327141,1,opus,A14
LA_E_5327706,0,none,bonafide
LA_E_5328363,0,opus,bonafide
LA_E_5328388,1,g722,A17
LA_E_5328737,1,g722,A17
LA_E_5328905,1,gsm,A15
LA_E_5329784,1,gsm,A07
LA_E_5330917,1,gsm,A13
LA_E_5330994,1,none,A07
LA_E_5331007,0,g722,bonafide
LA_E_5331191,1,gsm,A12
LA_E_5331698,1,ulaw,A10
LA_E_5331700,1,none,A17
LA_E_5331758,1,gsm,A16
LA_E_5331923,1,gsm,A19
LA_E_5332019,0,opus,bonafide
LA_E_5332515,1,g722,A13
LA_E_5332655,1,g722,A09
LA_E_5333096,1,g722,A15
LA_E_5333350,1,pstn,A15
LA_E_5333424,1,ulaw,A13
LA_E_5333457,1,pstn,A13
LA_E_5333764,1,none,A18
LA_E_5334793,1,gsm,A15
LA_E_5335188,1,opus,A19
LA_E_5335208,1,ulaw,A19
LA_E_5335346,0,g722,bonafide
LA_E_5335512,1,g722,A18
LA_E_5335932,1,g722,A15
LA_E_5336373,1,gsm,A12
LA_E_5336391,1,g722,A10
LA_E_5336970,1,opus,A18
LA_E_5336973,1,none,A11
LA_E_5337150,1,opus,A12
LA_E_5337539,1,gsm,A07
LA_E_5337813,1,opus,A15
LA_E_5338098,1,gsm,A11
LA_E_5338318,0,alaw,bonafide
LA_E_5338510,1,gsm,A09
LA_E_5338795,0,g722,bonafide
LA_E_5338861,1,gsm,A13
LA_E_5338890,1,gsm,A17
LA_E_5339293,1,g722,A11
LA_E_5339661,1,gsm,A13
LA_E_5341357,1,pstn,A19
LA_E_5341788,1,none,A16
LA_E_5341920,1,gsm,A19
LA_E_5342708,1,none,A18
LA_E_5343655,1,gsm,A13
LA_E_5343899,1,ulaw,A13
LA_E_5344580,1,ulaw,A14
LA_E_5344887,1,g722,A10
LA_E_5345106,1,gsm,A17
LA_E_5345623,1,alaw,A10
LA_E_5345674,1,ulaw,A12
LA_E_5346110,1,none,A18
LA_E_5346269,1,opus,A11
LA_E_5346463,1,ulaw,A12
LA_E_5346537,1,opus,A19
LA_E_5346838,1,pstn,A15
LA_E_5346851,1,gsm,A14
LA_E_5347273,1,opus,A15
LA_E_5347836,1,ulaw,A08
LA_E_5348623,1,gsm,A18
LA_E_5348727,1,ulaw,A14
LA_E_5348783,1,opus,A13
LA_E_5348810,1,gsm,A08
LA_E_5348892,1,ulaw,A17
LA_E_5348901,1,pstn,A07
LA_E_5348947,1,alaw,A18
LA_E_5349153,1,pstn,A19
LA_E_5349869,1,g722,A13
LA_E_5350088,0,gsm,bonafide
LA_E_5350156,1,g722,A15
LA_E_5351736,1,ulaw,A14
LA_E_5351788,1,g722,A09
LA_E_5352160,1,pstn,A08
LA_E_5352162,1,alaw,A10
LA_E_5352169,1,alaw,A09
LA_E_5353203,1,ulaw,A11
LA_E_5353861,1,gsm,A09
LA_E_5354129,1,opus,A13
LA_E_5354564,1,alaw,A18
LA_E_5354975,1,pstn,A15
LA_E_5355175,1,ulaw,A11
LA_E_5355616,0,alaw,bonafide
LA_E_5356502,0,none,bonafide
LA_E_5356727,1,none,A19
LA_E_5357130,0,g722,bonafide
LA_E_5357197,1,none,A17
LA_E_5357443,1,opus,A08
LA_E_5357539,1,pstn,A13
LA_E_5357750,1,opus,A08
LA_E_5357849,1,g722,A16
LA_E_5358394,1,g722,A14
LA_E_5358644,1,g722,A17
LA_E_5358776,1,ulaw,A19
LA_E_5359082,1,ulaw,A18
LA_E_5359226,1,pstn,A15
LA_E_5359933,0,alaw,bonafide
LA_E_5359986,1,none,A08
LA_E_5360234,1,opus,A11
LA_E_5360326,0,alaw,bonafide
LA_E_5361095,1,ulaw,A07
LA_E_5362309,1,alaw,A17
LA_E_5362381,1,ulaw,A08
LA_E_5362444,1,none,A09
LA_E_5362481,1,alaw,A15
LA_E_5363016,1,none,A17
LA_E_5363517,1,gsm,A13
LA_E_5364132,1,ulaw,A16
LA_E_5364347,1,gsm,A15
LA_E_5364558,1,ulaw,A14
LA_E_5365649,1,gsm,A14
LA_E_5365793,1,opus,A14
LA_E_5365922,1,g722,A19
LA_E_5366292,1,alaw,A08
LA_E_5367036,1,ulaw,A14
LA_E_5368349,1,opus,A19
LA_E_5368507,1,ulaw,A09
LA_E_5369033,1,opus,A13
LA_E_5370371,1,ulaw,A19
LA_E_5370464,0,pstn,bonafide
LA_E_5370867,1,ulaw,A18
LA_E_5371132,1,opus,A12
LA_E_5371532,1,pstn,A10
LA_E_5372159,1,opus,A13
LA_E_5372285,1,g722,A13
LA_E_5372590,0,g722,bonafide
LA_E_5372910,1,alaw,A08
LA_E_5373933,1,opus,A16
LA_E_5373977,1,pstn,A08
LA_E_5374069,1,none,A15
LA_E_5374310,1,opus,A18
LA_E_5374462,1,g722,A07
LA_E_5374597,1,pstn,A17
LA_E_5374916,1,ulaw,A19
LA_E_5375185,1,g722,A12
LA_E_5375409,1,alaw,A11
LA_E_5375456,1,opus,A14
LA_E_5375766,1,gsm,A14
LA_E_5375860,1,opus,A08
LA_E_5376087,1,opus,A17
LA_E_5376738,1,none,A16
LA_E_5376822,1,gsm,A15
LA_E_5377618,1,ulaw,A11
LA_E_5377824,0,none,bonafide
LA_E_5377834,1,ulaw,A14
LA_E_5378093,0,none,bonafide
LA_E_5378408,0,gsm,bonafide
LA_E_5378439,1,g722,A07
LA_E_5378968,1,pstn,A15
LA_E_5379510,1,pstn,A18
LA_E_5379830,1,ulaw,A19
LA_E_5380401,1,ulaw,A11
LA_E_5380864,1,gsm,A08
LA_E_5380932,1,pstn,A08
LA_E_5380953,1,opus,A15
LA_E_5381042,0,ulaw,bonafide
LA_E_5381272,1,pstn,A14
LA_E_5381775,1,ulaw,A19
LA_E_5381834,0,g722,bonafide
LA_E_5382202,0,ulaw,bonafide
LA_E_5382357,1,none,A09
LA_E_5382446,1,none,A17
LA_E_5382607,1,ulaw,A08
LA_E_5382860,1,opus,A17
LA_E_5383151,1,alaw,A14
LA_E_5384129,1,opus,A15
LA_E_5384463,1,pstn,A08
LA_E_5385066,1,gsm,A14
LA_E_5385072,1,pstn,A17
LA_E_5385330,1,g722,A13
LA_E_5385381,1,pstn,A10
LA_E_5385958,1,none,A16
LA_E_5387486,1,g722,A08
LA_E_5387648,0,opus,bonafide
LA_E_5387985,1,pstn,A14
LA_E_5388286,1,gsm,A11
LA_E_5388880,1,g722,A09
LA_E_5388966,1,alaw,A09
LA_E_5389136,1,none,A12
LA_E_5389464,1,ulaw,A09
LA_E_5389741,1,alaw,A08
LA_E_5389910,1,ulaw,A14
LA_E_5390195,1,none,A15
LA_E_5390479,1,gsm,A16
LA_E_5390997,1,g722,A09
LA_E_5391689,1,opus,A15
LA_E_5391825,1,alaw,A17
LA_E_5392484,0,pstn,bonafide
LA_E_5392600,1,opus,A18
LA_E_5392841,1,alaw,A15
LA_E_5393355,1,pstn,A12
LA_E_5393742,1,gsm,A07
LA_E_5394124,1,gsm,A14
LA_E_5394965,1,gsm,A18
LA_E_5394973,1,pstn,A13
LA_E_5395039,1,opus,A13
LA_E_5395698,1,none,A19
LA_E_5396407,1,pstn,A15
LA_E_5396441,1,none,A09
LA_E_5396585,1,gsm,A09
LA_E_5396640,1,ulaw,A10
LA_E_5397824,1,opus,A16
LA_E_5398664,1,alaw,A07
LA_E_5398907,0,pstn,bonafide
LA_E_5399024,0,ulaw,bonafide
LA_E_5399356,1,g722,A18
LA_E_5399934,1,none,A14
LA_E_5400041,1,gsm,A08
LA_E_5400185,0,gsm,bonafide
LA_E_5401635,1,ulaw,A08
LA_E_5401655,1,pstn,A10
LA_E_5401711,1,alaw,A18
LA_E_5401772,0,gsm,bonafide
LA_E_5401981,1,ulaw,A07
LA_E_5402323,1,ulaw,A07
LA_E_5402670,0,pstn,bonafide
LA_E_5402870,1,alaw,A16
LA_E_5403449,0,gsm,bonafide
LA_E_5403790,1,opus,A10
LA_E_5403997,1,alaw,A08
LA_E_5404591,1,ulaw,A19
LA_E_5405639,0,pstn,bonafide
LA_E_5405718,0,none,bonafide
LA_E_5405735,1,g722,A11
LA_E_5405884,0,opus,bonafide
LA_E_5406206,1,pstn,A10
LA_E_5406649,1,ulaw,A17
LA_E_5406671,1,alaw,A14
LA_E_5406828,1,gsm,A10
LA_E_5407069,0,none,bonafide
LA_E_5408086,1,opus,A17
LA_E_5408497,0,gsm,bonafide
LA_E_5408651,0,ulaw,bonafide
LA_E_5408847,1,none,A15
LA_E_5409827,1,opus,A07
LA_E_5411262,1,opus,A17
LA_E_5411296,1,ulaw,A15
LA_E_5411658,1,gsm,A13
LA_E_5412345,0,none,bonafide
LA_E_5412544,1,none,A13
LA_E_5412585,1,g722,A15
LA_E_5412700,1,gsm,A10
LA_E_5412914,1,alaw,A19
LA_E_5413545,1,ulaw,A09
LA_E_5413586,1,g722,A11
LA_E_5413754,1,opus,A15
LA_E_5414307,1,none,A14
LA_E_5414381,1,ulaw,A07
LA_E_5414646,1,g722,A09
LA_E_5414698,1,opus,A10
LA_E_5414736,1,ulaw,A09
LA_E_5414919,1,opus,A17
LA_E_5414967,1,alaw,A08
LA_E_5415031,1,g722,A13
LA_E_5416195,1,ulaw,A18
LA_E_5416212,1,gsm,A16
LA_E_5417793,0,none,bonafide
LA_E_5418534,0,ulaw,bonafide
LA_E_5418854,1,opus,A16
LA_E_5419041,1,alaw,A19
LA_E_5419438,1,none,A12
LA_E_5419666,1,opus,A18
LA_E_5420680,1,none,A13
LA_E_5421472,0,gsm,bonafide
LA_E_5421500,1,pstn,A18
LA_E_5421865,1,opus,A18
LA_E_5422967,1,g722,A12
LA_E_5423267,1,none,A08
LA_E_5423282,1,ulaw,A13
LA_E_5423627,1,gsm,A14
LA_E_5423781,1,pstn,A18
LA_E_5423807,1,ulaw,A11
LA_E_5424161,1,pstn,A16
LA_E_5424899,0,pstn,bonafide
LA_E_5425446,1,ulaw,A17
LA_E_5425483,1,none,A10
LA_E_5425487,1,pstn,A08
LA_E_5425745,0,ulaw,bonafide
LA_E_5425753,0,pstn,bonafide
LA_E_5425944,1,gsm,A14
LA_E_5426297,1,pstn,A10
LA_E_5427924,1,ulaw,A12
LA_E_5428397,1,none,A17
LA_E_5428771,1,opus,A12
LA_E_5430082,1,opus,A09
LA_E_5430252,0,none,bonafide
LA_E_5430403,0,g722,bonafide
LA_E_5430908,0,opus,bonafide
LA_E_5430942,1,alaw,A12
LA_E_5431161,1,opus,A07
LA_E_5431249,1,alaw,A18
LA_E_5431414,1,g722,A13
LA_E_5431532,1,pstn,A15
LA_E_5431623,1,gsm,A10
LA_E_5431684,1,opus,A12
LA_E_5431822,1,gsm,A19
LA_E_5431961,1,gsm,A14
LA_E_5431963,1,gsm,A17
LA_E_5431981,1,pstn,A19
LA_E_5432330,1,none,A17
LA_E_5432369,1,alaw,A18
LA_E_5432378,1,g722,A11
LA_E_5432882,1,alaw,A12
LA_E_5433163,1,none,A08
LA_E_5434792,1,ulaw,A11
LA_E_5435567,1,opus,A07
LA_E_5435603,1,gsm,A13
LA_E_5436064,1,opus,A12
LA_E_5436079,1,opus,A18
LA_E_5437525,1,none,A15
LA_E_5437592,1,gsm,A10
LA_E_5438395,1,none,A14
LA_E_5438539,1,alaw,A08
LA_E_5438628,1,g722,A18
LA_E_5439022,1,none,A08
LA_E_5439239,1,ulaw,A16
LA_E_5439395,1,ulaw,A11
LA_E_5439563,1,gsm,A16
LA_E_5439917,1,alaw,A15
LA_E_5440081,1,gsm,A11
LA_E_5440776,1,opus,A12
LA_E_5441526,1,alaw,A12
LA_E_5441568,1,g722,A08
LA_E_5442237,1,g722,A16
LA_E_5442315,1,gsm,A07
LA_E_5442463,1,none,A16
LA_E_5443330,1,none,A10
LA_E_5443585,1,opus,A18
LA_E_5443625,0,opus,bonafide
LA_E_5443752,1,opus,A12
LA_E_5443968,0,gsm,bonafide
LA_E_5444850,1,g722,A14
LA_E_5445348,0,opus,bonafide
LA_E_5447453,1,pstn,A07
LA_E_5448068,1,ulaw,A14
LA_E_5448152,1,none,A19
LA_E_5448371,0,opus,bonafide
LA_E_5448561,1,none,A19
LA_E_5449242,1,g722,A07
LA_E_5449372,1,gsm,A12
LA_E_5449938,1,opus,A07
LA_E_5451635,0,g722,bonafide
LA_E_5452110,1,gsm,A08
LA_E_5452321,1,opus,A10
LA_E_5452694,0,ulaw,bonafide
LA_E_5452904,1,gsm,A18
LA_E_5453187,1,ulaw,A11
LA_E_5453605,1,opus,A18
LA_E_5453709,1,alaw,A13
LA_E_5453932,1,ulaw,A07
LA_E_5454118,1,none,A16
LA_E_5454878,0,g722,bonafide
LA_E_5455796,1,alaw,A13
LA_E_5456360,1,none,A08
LA_E_5456448,1,gsm,A09
LA_E_5456715,1,opus,A12
LA_E_5457368,1,gsm,A14
LA_E_5457487,1,pstn,A13
LA_E_5457510,1,gsm,A10
LA_E_5457642,1,gsm,A10
LA_E_5458009,1,g722,A13
LA_E_5458426,1,gsm,A16
LA_E_5459506,1,alaw,A15
LA_E_5460140,1,g722,A15
LA_E_5460260,1,none,A17
LA_E_5460365,1,alaw,A14
LA_E_5460425,0,none,bonafide
LA_E_5460537,1,alaw,A09
LA_E_5461483,1,pstn,A14
LA_E_5461806,1,alaw,A19
LA_E_5462195,1,none,A15
LA_E_5462386,1,pstn,A08
LA_E_5462755,1,alaw,A18
LA_E_5462854,1,opus,A14
LA_E_5462894,1,opus,A10
LA_E_5463278,1,none,A07
LA_E_5463951,0,alaw,bonafide
LA_E_5464055,1,none,A07
LA_E_5464066,1,pstn,A09
LA_E_5464087,1,pstn,A10
LA_E_5464100,0,none,bonafide
LA_E_5464395,1,ulaw,A08
LA_E_5464802,1,none,A18
LA_E_5465707,1,ulaw,A17
LA_E_5465997,1,gsm,A11
LA_E_5466041,1,ulaw,A17
LA_E_5466759,1,alaw,A15
LA_E_5466778,1,gsm,A19
LA_E_5466822,1,pstn,A10
LA_E_5467222,1,opus,A09
LA_E_5467232,1,ulaw,A14
LA_E_5467633,1,ulaw,A16
LA_E_5467792,1,pstn,A14
LA_E_5468802,1,g722,A09
LA_E_5468919,1,gsm,A07
LA_E_5469180,1,opus,A08
LA_E_5469466,1,pstn,A13
LA_E_5469857,1,none,A08
LA_E_5470027,1,g722,A14
LA_E_5470044,1,gsm,A18
LA_E_5470092,0,alaw,bonafide
LA_E_5470501,1,gsm,A15
LA_E_5470567,1,gsm,A16
LA_E_5470769,1,pstn,A10
LA_E_5470916,1,g722,A17
LA_E_5471019,1,gsm,A13
LA_E_5471036,1,gsm,A16
LA_E_5471305,1,none,A12
LA_E_5471328,1,gsm,A11
LA_E_5471544,1,opus,A08
LA_E_5471569,1,alaw,A12
LA_E_5471670,1,g722,A15
LA_E_5471721,1,g722,A13
LA_E_5471897,1,opus,A11
LA_E_5471914,1,opus,A13
LA_E_5472139,1,gsm,A12
LA_E_5472383,1,none,A08
LA_E_5472900,1,opus,A19
LA_E_5473310,1,none,A17
LA_E_5473456,1,none,A11
LA_E_5473905,0,opus,bonafide
LA_E_5474015,1,pstn,A15
LA_E_5474258,1,gsm,A07
LA_E_5475272,1,none,A09
LA_E_5476321,1,opus,A16
LA_E_5476471,1,opus,A08
LA_E_5476630,1,none,A17
LA_E_5477091,1,g722,A08
LA_E_5477881,1,gsm,A14
LA_E_5478187,1,ulaw,A11
LA_E_5478578,1,gsm,A08
LA_E_5478920,1,opus,A11
LA_E_5479931,1,alaw,A10
LA_E_5479952,1,pstn,A07
LA_E_5480606,1,pstn,A15
LA_E_5481229,1,g722,A18
LA_E_5481363,1,gsm,A09
LA_E_5481563,1,ulaw,A07
LA_E_5481922,1,ulaw,A14
LA_E_5483206,1,alaw,A15
LA_E_5483256,1,ulaw,A19
LA_E_5483309,1,none,A10
LA_E_5483376,1,opus,A14
LA_E_5484076,1,pstn,A13
LA_E_5484098,1,gsm,A09
LA_E_5484286,1,none,A13
LA_E_5484399,1,opus,A14
LA_E_5484400,1,opus,A16
LA_E_5484790,1,g722,A10
LA_E_5484948,1,ulaw,A08
LA_E_5485528,1,none,A09
LA_E_5485902,1,pstn,A10
LA_E_5486178,1,opus,A17
LA_E_5486718,1,alaw,A10
LA_E_5487274,1,alaw,A07
LA_E_5487958,1,none,A15
LA_E_5488327,1,gsm,A14
LA_E_5488589,1,none,A14
LA_E_5488741,1,g722,A14
LA_E_5489031,0,pstn,bonafide
LA_E_5489135,1,ulaw,A09
LA_E_5490067,1,opus,A15
LA_E_5490290,1,opus,A08
LA_E_5490465,0,pstn,bonafide
LA_E_5490503,0,pstn,bonafide
LA_E_5490994,1,gsm,A14
LA_E_5491377,1,opus,A19
LA_E_5491532,1,none,A09
LA_E_5491765,1,alaw,A13
LA_E_5492176,1,none,A11
LA_E_5492571,1,ulaw,A09
LA_E_5492974,1,none,A11
LA_E_5494122,1,g722,A18
LA_E_5494471,1,alaw,A16
LA_E_5495577,1,alaw,A17
LA_E_5495617,1,g722,A19
LA_E_5495673,1,g722,A19
LA_E_5495835,1,g722,A11
LA_E_5496341,1,none,A10
LA_E_5496373,1,g722,A19
LA_E_5496581,1,ulaw,A10
LA_E_5497734,1,gsm,A17
LA_E_5497866,1,gsm,A08
LA_E_5498281,1,pstn,A17
LA_E_5498315,1,g722,A11
LA_E_5498698,1,pstn,A18
LA_E_5498942,1,pstn,A12
LA_E_5499072,1,none,A09
LA_E_5499636,1,pstn,A13
LA_E_5500031,1,pstn,A11
LA_E_5500272,0,g722,bonafide
LA_E_5500317,1,alaw,A09
LA_E_5500576,1,g722,A08
LA_E_5500721,1,alaw,A18
LA_E_5501604,1,pstn,A12
LA_E_5501736,1,opus,A13
LA_E_5501912,1,g722,A17
LA_E_5502305,1,pstn,A16
LA_E_5502934,1,pstn,A14
LA_E_5503176,1,pstn,A15
LA_E_5503694,1,none,A09
LA_E_5504012,1,pstn,A12
LA_E_5504951,1,none,A10
LA_E_5505154,1,none,A13
LA_E_5505370,1,alaw,A16
LA_E_5505557,0,ulaw,bonafide
LA_E_5505687,1,g722,A11
LA_E_5505760,1,none,A15
LA_E_5505832,1,opus,A13
LA_E_5506449,1,g722,A11
LA_E_5506458,1,g722,A08
LA_E_5506685,0,pstn,bonafide
LA_E_5507004,0,alaw,bonafide
LA_E_5507318,1,gsm,A16
LA_E_5507455,1,g722,A15
LA_E_5507807,1,ulaw,A12
LA_E_5507984,1,alaw,A08
LA_E_5508254,1,gsm,A15
LA_E_5508373,1,pstn,A15
LA_E_5508469,1,gsm,A12
LA_E_5508524,0,alaw,bonafide
LA_E_5509049,1,none,A17
LA_E_5509107,1,gsm,A18
LA_E_5509127,1,opus,A11
LA_E_5509347,1,alaw,A08
LA_E_5510242,1,opus,A12
LA_E_5510735,1,gsm,A14
LA_E_5511218,1,alaw,A13
LA_E_5511410,1,alaw,A17
LA_E_5511878,1,alaw,A08
LA_E_5512419,1,opus,A13
LA_E_5512470,0,alaw,bonafide
LA_E_5512576,1,g722,A08
LA_E_5512768,0,g722,bonafide
LA_E_5512930,0,pstn,bonafide
LA_E_5512944,1,none,A08
LA_E_5512987,1,ulaw,A07
LA_E_5513201,1,ulaw,A11
LA_E_5513794,0,ulaw,bonafide
LA_E_5513917,1,gsm,A17
LA_E_5514329,0,g722,bonafide
LA_E_5514443,1,pstn,A16
LA_E_5515821,1,gsm,A09
LA_E_5515838,0,none,bonafide
LA_E_5516639,1,gsm,A18
LA_E_5516805,1,none,A10
LA_E_5517602,1,ulaw,A18
LA_E_5517689,1,gsm,A10
LA_E_5517690,1,pstn,A15
LA_E_5517867,0,alaw,bonafide
LA_E_5518133,1,none,A14
LA_E_5518213,1,alaw,A09
LA_E_5519007,1,ulaw,A16
LA_E_5519210,1,g722,A16
LA_E_5519421,0,alaw,bonafide
LA_E_5519865,0,pstn,bonafide
LA_E_5520378,0,g722,bonafide
LA_E_5520802,1,g722,A07
LA_E_5521179,1,none,A11
LA_E_5521676,1,g722,A17
LA_E_5521830,1,alaw,A18
LA_E_5521905,1,alaw,A10
LA_E_5521967,0,opus,bonafide
LA_E_5522311,1,alaw,A11
LA_E_5522448,1,opus,A11
LA_E_5522725,1,none,A16
LA_E_5522787,1,opus,A19
LA_E_5522878,1,g722,A17
LA_E_5523085,1,ulaw,A09
LA_E_5523421,1,ulaw,A13
LA_E_5523505,1,gsm,A10
LA_E_5523996,1,none,A08
LA_E_5524135,1,g722,A07
LA_E_5524285,1,gsm,A15
LA_E_5524346,1,ulaw,A16
LA_E_5524495,1,pstn,A15
LA_E_5525494,1,none,A12
LA_E_5525974,1,ulaw,A15
LA_E_5526020,1,pstn,A18
LA_E_5526221,1,opus,A16
LA_E_5526370,1,opus,A07
LA_E_5526579,1,ulaw,A14
LA_E_5526884,0,pstn,bonafide
LA_E_5527647,1,g722,A11
LA_E_5527678,0,none,bonafide
LA_E_5527720,1,g722,A12
LA_E_5527943,0,none,bonafide
LA_E_5528354,1,gsm,A15
LA_E_5528445,1,alaw,A09
LA_E_5528460,1,none,A09
LA_E_5528835,1,alaw,A12
LA_E_5528864,1,pstn,A09
LA_E_5528942,1,g722,A15
LA_E_5529584,1,none,A13
LA_E_5529601,1,gsm,A12
LA_E_5529638,0,g722,bonafide
LA_E_5529781,1,ulaw,A12
LA_E_5530004,1,opus,A18
LA_E_5530141,1,gsm,A16
LA_E_5530618,1,alaw,A08
LA_E_5530866,1,ulaw,A17
LA_E_5531181,1,gsm,A19
LA_E_5531207,1,pstn,A09
LA_E_5531552,1,g722,A08
LA_E_5532242,1,gsm,A13
LA_E_5532348,1,pstn,A07
LA_E_5532474,1,none,A08
LA_E_5533065,1,g722,A07
LA_E_5533107,1,gsm,A14
LA_E_5533343,1,pstn,A11
LA_E_5533698,0,opus,bonafide
LA_E_5533771,1,gsm,A13
LA_E_5533794,1,g722,A12
LA_E_5533837,1,g722,A12
LA_E_5533915,1,alaw,A07
LA_E_5533926,1,ulaw,A07
LA_E_5534159,0,g722,bonafide
LA_E_5534617,1,none,A14
LA_E_5534659,1,opus,A12
LA_E_5534818,1,none,A07
LA_E_5535063,1,alaw,A16
LA_E_5535599,0,gsm,bonafide
LA_E_5535864,1,gsm,A16
LA_E_5536169,0,pstn,bonafide
LA_E_5536170,1,pstn,A16
LA_E_5536944,1,gsm,A11
LA_E_5537636,1,ulaw,A13
LA_E_5537727,1,ulaw,A15
LA_E_5538859,1,none,A09
LA_E_5538872,1,gsm,A08
LA_E_5539045,1,none,A17
LA_E_5539149,1,opus,A09
LA_E_5539273,1,none,A08
LA_E_5540234,1,gsm,A18
LA_E_5540312,1,pstn,A17
LA_E_5540674,1,none,A19
LA_E_5541055,1,gsm,A11
LA_E_5541074,1,ulaw,A14
LA_E_5541127,1,gsm,A14
LA_E_5541445,1,ulaw,A10
LA_E_5541699,0,none,bonafide
LA_E_5541856,1,alaw,A11
LA_E_5542299,1,ulaw,A19
LA_E_5542300,1,g722,A14
LA_E_5542417,0,none,bonafide
LA_E_5542469,1,none,A13
LA_E_5542776,1,ulaw,A13
LA_E_5543191,1,ulaw,A16
LA_E_5543449,1,alaw,A12
LA_E_5545014,1,alaw,A10
LA_E_5545238,1,g722,A08
LA_E_5545324,1,ulaw,A19
LA_E_5545377,1,alaw,A12
LA_E_5545382,1,g722,A18
LA_E_5546311,1,opus,A10
LA_E_5547233,1,pstn,A08
LA_E_5548353,1,opus,A10
LA_E_5548587,1,g722,A16
LA_E_5549467,1,alaw,A19
LA_E_5549656,1,ulaw,A07
LA_E_5549676,1,opus,A07
LA_E_5549699,1,opus,A12
LA_E_5550134,1,ulaw,A12
LA_E_5550468,1,ulaw,A17
LA_E_5552131,1,ulaw,A12
LA_E_5552182,1,pstn,A14
LA_E_5552392,1,g722,A14
LA_E_5552652,0,ulaw,bonafide
LA_E_5552916,1,pstn,A19
LA_E_5553081,1,g722,A12
LA_E_5553694,1,none,A09
LA_E_5554891,1,ulaw,A17
LA_E_5555125,1,opus,A07
LA_E_5555305,1,alaw,A12
LA_E_5555362,1,none,A18
LA_E_5555778,0,opus,bonafide
LA_E_5556542,0,pstn,bonafide
LA_E_5556667,1,opus,A12
LA_E_5557160,1,alaw,A07
LA_E_5557694,1,gsm,A09
LA_E_5558940,0,opus,bonafide
LA_E_5559097,1,alaw,A17
LA_E_5559215,1,gsm,A08
LA_E_5559439,1,alaw,A17
LA_E_5559562,1,none,A17
LA_E_5559853,1,pstn,A08
LA_E_5560023,1,pstn,A08
LA_E_5560168,1,opus,A15
LA_E_5560514,1,pstn,A13
LA_E_5561257,1,ulaw,A12
LA_E_5561530,1,gsm,A14
LA_E_5561644,1,ulaw,A13
LA_E_5561716,1,g722,A09
LA_E_5561766,1,ulaw,A15
LA_E_5561959,1,pstn,A10
LA_E_5562022,1,pstn,A17
LA_E_5562913,1,none,A10
LA_E_5563281,1,opus,A19
LA_E_5563493,1,g722,A16
LA_E_5563557,1,ulaw,A10
LA_E_5563760,1,g722,A09
LA_E_5564159,1,gsm,A14
LA_E_5564275,1,alaw,A15
LA_E_5564310,1,opus,A16
LA_E_5564396,1,none,A13
LA_E_5564407,1,pstn,A09
LA_E_5564857,0,opus,bonafide
LA_E_5564877,1,ulaw,A10
LA_E_5564991,1,gsm,A12
LA_E_5565427,0,alaw,bonafide
LA_E_5566195,0,ulaw,bonafide
LA_E_5566378,1,none,A10
LA_E_5566642,0,gsm,bonafide
LA_E_5567073,1,pstn,A07
LA_E_5567884,1,g722,A11
LA_E_5567915,1,ulaw,A09
LA_E_5567942,1,alaw,A15
LA_E_5567958,1,opus,A18
LA_E_5568516,1,opus,A10
LA_E_5568575,1,g722,A19
LA_E_5569052,1,none,A15
LA_E_5569404,1,none,A16
LA_E_5569788,1,g722,A14
LA_E_5569879,1,pstn,A07
LA_E_5570102,1,ulaw,A11
LA_E_5570533,1,ulaw,A16
LA_E_5570757,1,gsm,A13
LA_E_5570813,1,g722,A19
LA_E_5570838,1,alaw,A13
LA_E_5570882,1,alaw,A15
LA_E_5571178,1,alaw,A11
LA_E_5571348,1,g722,A11
LA_E_5571618,1,opus,A12
LA_E_5571665,1,opus,A15
LA_E_5572199,1,ulaw,A19
LA_E_5572339,1,none,A16
LA_E_5572468,1,none,A13
LA_E_5572740,1,none,A18
LA_E_5572821,0,ulaw,bonafide
LA_E_5573058,1,pstn,A12
LA_E_5573745,1,gsm,A10
LA_E_5573928,1,none,A17
LA_E_5574439,1,gsm,A17
LA_E_5574481,1,none,A09
LA_E_5574647,1,ulaw,A13
LA_E_5574812,1,gsm,A17
LA_E_5575162,1,g722,A14
LA_E_5575173,1,g722,A13
LA_E_5576243,1,gsm,A09
LA_E_5576568,1,g722,A11
LA_E_5576667,1,none,A08
LA_E_5578573,1,alaw,A07
LA_E_5578760,1,pstn,A09
LA_E_5579061,0,ulaw,bonafide
LA_E_5579227,1,none,A13
LA_E_5579475,0,opus,bonafide
LA_E_5579820,1,g722,A09
LA_E_5579978,1,opus,A15
LA_E_5580993,1,none,A18
LA_E_5581810,1,gsm,A11
LA_E_5582569,1,none,A11
LA_E_5582604,1,alaw,A10
LA_E_5582835,1,none,A13
LA_E_5582907,1,gsm,A08
LA_E_5583781,0,none,bonafide
LA_E_5583920,1,alaw,A14
LA_E_5583938,1,gsm,A14
LA_E_5584872,1,alaw,A10
LA_E_5585010,1,ulaw,A18
LA_E_5585186,1,none,A14
LA_E_5585599,1,g722,A08
LA_E_5585600,1,opus,A12
LA_E_5586064,0,ulaw,bonafide
LA_E_5586340,1,opus,A10
LA_E_5587142,1,alaw,A18
LA_E_5587341,0,gsm,bonafide
LA_E_5587491,1,ulaw,A10
LA_E_5587975,1,opus,A07
LA_E_5588077,1,g722,A18
LA_E_5588240,1,pstn,A18
LA_E_5588312,0,ulaw,bonafide
LA_E_5588480,1,alaw,A10
LA_E_5589297,1,gsm,A08
LA_E_5589863,1,ulaw,A11
LA_E_5591205,1,pstn,A07
LA_E_5591377,1,none,A16
LA_E_5591909,1,none,A14
LA_E_5591972,1,gsm,A09
LA_E_5592365,1,none,A13
LA_E_5592375,1,pstn,A12
LA_E_5592729,1,g722,A07
LA_E_5592808,1,none,A13
LA_E_5592986,1,alaw,A07
LA_E_5593199,1,g722,A09
LA_E_5593337,1,pstn,A08
LA_E_5593441,1,none,A08
LA_E_5593788,1,pstn,A07
LA_E_5594052,1,pstn,A13
LA_E_5594228,1,alaw,A15
LA_E_5594303,1,pstn,A09
LA_E_5594834,0,ulaw,bonafide
LA_E_5595263,1,ulaw,A07
LA_E_5595381,0,ulaw,bonafide
LA_E_5595416,0,g722,bonafide
LA_E_5596248,1,opus,A08
LA_E_5596447,1,opus,A09
LA_E_5596479,1,gsm,A10
LA_E_5597095,1,alaw,A16
LA_E_5597181,1,ulaw,A09
LA_E_5597719,1,alaw,A17
LA_E_5598070,1,opus,A13
LA_E_5598450,1,none,A08
LA_E_5598697,1,gsm,A12
LA_E_5599098,1,ulaw,A15
LA_E_5599167,1,g722,A16
LA_E_5599289,1,opus,A18
LA_E_5599552,1,pstn,A16
LA_E_5600357,1,ulaw,A11
LA_E_5600587,1,g722,A15
LA_E_5600766,1,none,A16
LA_E_5601219,1,ulaw,A19
LA_E_5601619,1,gsm,A17
LA_E_5601766,1,gsm,A16
LA_E_5602516,1,pstn,A14
LA_E_5602849,1,opus,A17
LA_E_5603049,1,none,A07
LA_E_5603881,1,ulaw,A13
LA_E_5603883,1,ulaw,A19
LA_E_5604776,1,opus,A12
LA_E_5604921,1,g722,A16
LA_E_5605575,1,ulaw,A18
LA_E_5606029,1,g722,A11
LA_E_5606803,1,ulaw,A16
LA_E_5607480,1,gsm,A13
LA_E_5607550,0,g722,bonafide
LA_E_5607570,1,none,A18
LA_E_5607592,1,g722,A14
LA_E_5607876,1,pstn,A11
LA_E_5608327,1,none,A16
LA_E_5608368,1,alaw,A10
LA_E_5608534,1,alaw,A18
LA_E_5608916,1,pstn,A09
LA_E_5609075,1,pstn,A08
LA_E_5609132,1,opus,A09
LA_E_5609206,1,g722,A07
LA_E_5610089,1,alaw,A16
LA_E_5610110,1,alaw,A09
LA_E_5610313,1,pstn,A07
LA_E_5610360,0,opus,bonafide
LA_E_5611773,1,g722,A10
LA_E_5612064,1,ulaw,A19
LA_E_5612420,1,opus,A16
LA_E_5612694,1,none,A11
LA_E_5612949,1,g722,A13
LA_E_5613717,1,alaw,A14
LA_E_5613768,1,opus,A11
LA_E_5614267,1,pstn,A13
LA_E_5614828,1,ulaw,A11
LA_E_5615091,1,none,A12
LA_E_5615475,1,alaw,A16
LA_E_5615615,1,opus,A08
LA_E_5615903,1,opus,A10
LA_E_5616283,1,opus,A16
LA_E_5616553,1,gsm,A12
LA_E_5617344,1,ulaw,A16
LA_E_5617385,1,none,A11
LA_E_5617553,1,gsm,A12
LA_E_5618078,1,opus,A10
LA_E_5618138,1,ulaw,A10
LA_E_5618413,1,none,A12
LA_E_5618796,1,alaw,A17
LA_E_5619042,1,g722,A09
LA_E_5620133,1,gsm,A19
LA_E_5620393,1,ulaw,A19
LA_E_5620890,1,gsm,A14
LA_E_5621084,1,pstn,A07
LA_E_5621400,1,none,A10
LA_E_5621957,0,gsm,bonafide
LA_E_5621981,1,alaw,A07
LA_E_5622502,1,ulaw,A08
LA_E_5622545,1,pstn,A08
LA_E_5623235,1,pstn,A18
LA_E_5623972,1,alaw,A08
LA_E_5624039,1,alaw,A19
LA_E_5624093,1,pstn,A19
LA_E_5624124,0,g722,bonafide
LA_E_5624215,1,pstn,A11
LA_E_5624312,1,ulaw,A18
LA_E_5624641,0,none,bonafide
LA_E_5625257,1,alaw,A18
LA_E_5625392,1,g722,A15
LA_E_5625723,0,none,bonafide
LA_E_5625848,1,g722,A16
LA_E_5625957,0,g722,bonafide
LA_E_5626165,1,alaw,A16
LA_E_5626671,0,ulaw,bonafide
LA_E_5626912,1,none,A11
LA_E_5627058,1,ulaw,A17
LA_E_5627284,1,pstn,A07
LA_E_5627538,1,opus,A14
LA_E_5627698,1,pstn,A11
LA_E_5628118,0,opus,bonafide
LA_E_5628515,1,gsm,A18
LA_E_5628567,1,pstn,A09
LA_E_5629132,0,gsm,bonafide
LA_E_5629466,1,g722,A12
LA_E_5629951,1,none,A15
LA_E_5629982,1,pstn,A17
LA_E_5629986,1,none,A13
LA_E_5630142,0,g722,bonafide
LA_E_5630580,1,pstn,A18
LA_E_5630862,1,pstn,A17
LA_E_5631705,1,ulaw,A07
LA_E_5632075,1,opus,A15
LA_E_5632444,1,ulaw,A11
LA_E_5632585,1,gsm,A17
LA_E_5632704,1,none,A14
LA_E_5634031,1,g722,A12
LA_E_5634739,1,gsm,A09
LA_E_5635886,1,pstn,A14
LA_E_5636499,1,gsm,A11
LA_E_5636607,1,alaw,A11
LA_E_5637061,0,pstn,bonafide
LA_E_5637282,1,ulaw,A18
LA_E_5637626,1,g722,A16
LA_E_5637833,1,g722,A10
LA_E_5638194,1,ulaw,A14
LA_E_5638274,1,gsm,A08
LA_E_5638665,1,gsm,A16
LA_E_5638748,0,gsm,bonafide
LA_E_5638855,1,g722,A12
LA_E_5639216,1,alaw,A07
LA_E_5639592,0,none,bonafide
LA_E_5640094,1,opus,A13
LA_E_5640312,1,gsm,A09
LA_E_5640627,1,none,A11
LA_E_5641065,1,opus,A12
LA_E_5641070,1,ulaw,A18
LA_E_5641190,1,g722,A17
LA_E_5641593,1,alaw,A14
LA_E_5641713,1,opus,A09
LA_E_5641764,1,opus,A13
LA_E_5641856,1,alaw,A17
LA_E_5642569,1,pstn,A09
LA_E_5642942,1,alaw,A19
LA_E_5643015,0,pstn,bonafide
LA_E_5643178,1,g722,A10
LA_E_5643361,1,pstn,A07
LA_E_5644004,1,gsm,A10
LA_E_5644209,1,ulaw,A11
LA_E_5644383,1,pstn,A08
LA_E_5644541,1,ulaw,A16
LA_E_5644898,1,alaw,A08
LA_E_5645369,1,gsm,A11
LA_E_5645937,1,alaw,A08
LA_E_5646030,0,gsm,bonafide
LA_E_5646073,1,gsm,A16
LA_E_5646176,1,ulaw,A17
LA_E_5646835,1,opus,A13
LA_E_5646847,1,none,A07
LA_E_5647011,1,none,A15
LA_E_5647607,1,gsm,A09
LA_E_5647850,1,gsm,A07
LA_E_5647860,0,opus,bonafide
LA_E_5648190,0,none,bonafide
LA_E_5648245,1,opus,A19
LA_E_5648853,1,pstn,A15
LA_E_5649642,0,gsm,bonafide
LA_E_5649984,1,ulaw,A19
LA_E_5650123,1,pstn,A17
LA_E_5650503,0,gsm,bonafide
LA_E_5650637,1,opus,A13
LA_E_5650981,0,none,bonafide
LA_E_5651474,1,opus,A15
LA_E_5651817,1,g722,A09
LA_E_5651982,1,none,A19
LA_E_5652162,1,pstn,A17
LA_E_5652199,1,ulaw,A14
LA_E_5652283,1,none,A14
LA_E_5652394,1,none,A14
LA_E_5652637,1,ulaw,A10
LA_E_5653112,1,ulaw,A18
LA_E_5653682,1,none,A10
LA_E_5653849,1,alaw,A17
LA_E_5654133,1,g722,A18
LA_E_5654428,1,ulaw,A13
LA_E_5654502,1,opus,A07
LA_E_5654835,0,g722,bonafide
LA_E_5654946,1,g722,A17
LA_E_5655000,1,pstn,A09
LA_E_5655030,1,alaw,A07
LA_E_5656063,1,pstn,A09
LA_E_5656331,1,pstn,A13
LA_E_5656373,0,alaw,bonafide
LA_E_5657030,1,ulaw,A12
LA_E_5657378,1,ulaw,A08
LA_E_5657425,1,gsm,A11
LA_E_5657550,1,gsm,A18
LA_E_5657621,1,ulaw,A12
LA_E_5657838,1,pstn,A16
LA_E_5658543,1,opus,A15
LA_E_5658574,1,alaw,A09
LA_E_5658651,1,opus,A12
LA_E_5658659,1,opus,A14
LA_E_5659481,1,alaw,A18
LA_E_5659495,1,none,A19
LA_E_5660040,1,alaw,A07
LA_E_5660264,1,gsm,A07
LA_E_5660301,1,pstn,A07
LA_E_5660452,1,none,A13
LA_E_5660729,1,ulaw,A08
LA_E_5662033,0,opus,bonafide
LA_E_5662107,0,alaw,bonafide
LA_E_5662664,1,ulaw,A16
LA_E_5662921,1,pstn,A19
LA_E_5662985,1,pstn,A08
LA_E_5663139,0,gsm,bonafide
LA_E_5663941,1,ulaw,A08
LA_E_5664326,0,gsm,bonafide
LA_E_5664691,0,none,bonafide
LA_E_5665058,1,gsm,A17
LA_E_5665207,1,pstn,A14
LA_E_5665897,1,gsm,A16
LA_E_5666565,1,opus,A11
LA_E_5666619,1,ulaw,A17
LA_E_5666873,1,ulaw,A16
LA_E_5666965,1,gsm,A13
LA_E_5667038,1,none,A13
LA_E_5667161,0,pstn,bonafide
LA_E_5667476,0,pstn,bonafide
LA_E_5668322,1,opus,A15
LA_E_5668676,1,none,A18
LA_E_5669649,1,pstn,A09
LA_E_5669721,0,alaw,bonafide
LA_E_5669787,1,gsm,A10
LA_E_5670270,0,none,bonafide
LA_E_5670480,1,opus,A12
LA_E_5670568,1,ulaw,A12
LA_E_5671185,1,gsm,A14
LA_E_5671288,1,g722,A12
LA_E_5671625,1,opus,A08
LA_E_5672017,1,none,A16
LA_E_5672097,1,ulaw,A13
LA_E_5672542,1,pstn,A15
LA_E_5673171,1,none,A17
LA_E_5673190,1,alaw,A08
LA_E_5673612,1,none,A17
LA_E_5673764,1,alaw,A17
LA_E_5673862,1,gsm,A19
LA_E_5674504,1,ulaw,A16
LA_E_5674617,1,pstn,A15
LA_E_5675402,1,gsm,A14
LA_E_5675568,1,pstn,A08
LA_E_5675681,1,ulaw,A07
LA_E_5676170,1,alaw,A13
LA_E_5676788,1,opus,A14
LA_E_5677134,1,ulaw,A19
LA_E_5677770,1,opus,A11
LA_E_5677897,1,pstn,A11
LA_E_5678365,1,alaw,A18
LA_E_5679758,1,pstn,A07
LA_E_5680478,1,none,A07
LA_E_5680765,1,gsm,A11
LA_E_5680872,0,none,bonafide
LA_E_5681441,1,alaw,A09
LA_E_5681657,1,opus,A08
LA_E_5681808,1,g722,A17
LA_E_5682506,1,none,A14
LA_E_5682952,1,none,A18
LA_E_5683880,1,ulaw,A09
LA_E_5684095,1,g722,A18
LA_E_5684167,1,alaw,A12
LA_E_5684249,1,pstn,A14
LA_E_5684623,1,g722,A14
LA_E_5684987,1,ulaw,A15
LA_E_5685774,1,gsm,A18
LA_E_5685857,1,opus,A09
LA_E_5686531,1,gsm,A18
LA_E_5686648,1,pstn,A16
LA_E_5686704,1,gsm,A18
LA_E_5686954,1,pstn,A15
LA_E_5687282,0,opus,bonafide
LA_E_5687424,1,alaw,A13
LA_E_5688291,1,opus,A15
LA_E_5688420,1,gsm,A10
LA_E_5688914,1,alaw,A14
LA_E_5689790,1,opus,A19
LA_E_5689896,1,gsm,A13
LA_E_5690544,1,gsm,A16
LA_E_5690606,1,pstn,A14
LA_E_5690974,0,pstn,bonafide
LA_E_5691484,1,none,A16
LA_E_5691663,1,gsm,A11
LA_E_5691781,0,opus,bonafide
LA_E_5692185,1,pstn,A13
LA_E_5692310,0,pstn,bonafide
LA_E_5692508,1,alaw,A08
LA_E_5692600,1,ulaw,A15
LA_E_5692745,1,none,A12
LA_E_5692941,1,gsm,A08
LA_E_5693472,1,gsm,A18
LA_E_5693657,1,gsm,A16
LA_E_5693884,0,opus,bonafide
LA_E_5694211,1,gsm,A09
LA_E_5694575,1,pstn,A16
LA_E_5694763,1,alaw,A18
LA_E_5694851,1,ulaw,A14
LA_E_5694911,0,opus,bonafide
LA_E_5694922,1,alaw,A19
LA_E_5695638,1,ulaw,A09
LA_E_5695735,1,pstn,A09
LA_E_5696865,1,ulaw,A19
LA_E_5697104,0,alaw,bonafide
LA_E_5697232,1,pstn,A11
LA_E_5697276,1,opus,A08
LA_E_5697897,1,opus,A10
LA_E_5697982,1,gsm,A07
LA_E_5698420,1,opus,A09
LA_E_5698470,1,alaw,A11
LA_E_5698497,0,opus,bonafide
LA_E_5698732,1,ulaw,A13
LA_E_5698805,1,none,A17
LA_E_5698821,1,ulaw,A16
LA_E_5699008,1,opus,A10
LA_E_5700808,1,pstn,A14
LA_E_5701529,1,opus,A19
LA_E_5701624,1,g722,A19
LA_E_5701788,1,none,A16
LA_E_5701796,1,opus,A19
LA_E_5702384,1,g722,A16
LA_E_5703086,1,opus,A12
LA_E_5703353,1,gsm,A18
LA_E_5703441,1,g722,A17
LA_E_5703668,1,alaw,A19
LA_E_5703722,1,opus,A07
LA_E_5703828,1,ulaw,A10
LA_E_5703888,1,g722,A18
LA_E_5703904,1,opus,A14
LA_E_5703963,1,opus,A13
LA_E_5705253,1,none,A11
LA_E_5705453,1,opus,A18
LA_E_5706253,0,alaw,bonafide
LA_E_5706717,1,ulaw,A11
LA_E_5707435,1,g722,A11
LA_E_5708134,1,pstn,A10
LA_E_5708146,1,g722,A17
LA_E_5708506,1,gsm,A11
LA_E_5708830,1,g722,A10
LA_E_5708844,1,alaw,A16
LA_E_5708867,1,opus,A16
LA_E_5708891,1,pstn,A12
LA_E_5710297,1,none,A16
LA_E_5710934,0,ulaw,bonafide
LA_E_5711085,1,none,A14
LA_E_5711494,1,opus,A14
LA_E_5711876,1,pstn,A14
LA_E_5712674,1,pstn,A10
LA_E_5712742,1,g722,A09
LA_E_5713247,1,g722,A11
LA_E_5713448,1,gsm,A15
LA_E_5714017,1,ulaw,A10
LA_E_5714193,1,ulaw,A19
LA_E_5715176,1,pstn,A11
LA_E_5715227,0,alaw,bonafide
LA_E_5715850,1,g722,A11
LA_E_5716420,1,ulaw,A13
LA_E_5716489,1,gsm,A08
LA_E_5716809,1,gsm,A10
LA_E_5716810,1,none,A19
LA_E_5717320,1,pstn,A17
LA_E_5717397,1,g722,A14
LA_E_5717805,1,ulaw,A19
LA_E_5718058,1,pstn,A19
LA_E_5718176,1,alaw,A09
LA_E_5719021,1,ulaw,A15
LA_E_5719381,1,gsm,A10
LA_E_5719624,1,pstn,A09
LA_E_5719627,1,opus,A08
LA_E_5720027,1,alaw,A08
LA_E_5720089,1,none,A11
LA_E_5720679,1,ulaw,A15
LA_E_5721171,1,ulaw,A11
LA_E_5721244,1,gsm,A08
LA_E_5721833,1,ulaw,A12
LA_E_5722802,1,gsm,A18
LA_E_5722859,1,g722,A19
LA_E_5723526,0,opus,bonafide
LA_E_5723750,1,pstn,A08
LA_E_5723755,1,pstn,A12
LA_E_5723766,1,gsm,A15
LA_E_5723848,1,alaw,A18
LA_E_5723904,1,gsm,A17
LA_E_5724624,0,gsm,bonafide
LA_E_5725314,1,none,A08
LA_E_5725600,1,pstn,A12
LA_E_5725703,0,gsm,bonafide
LA_E_5725767,1,opus,A15
LA_E_5726115,1,opus,A14
LA_E_5726675,1,opus,A17
LA_E_5727005,1,ulaw,A14
LA_E_5727465,1,alaw,A07
LA_E_5727681,1,g722,A14
LA_E_5727969,1,none,A07
LA_E_5728103,0,none,bonafide
LA_E_5728154,1,gsm,A12
LA_E_5728407,1,pstn,A11
LA_E_5728414,1,gsm,A08
LA_E_5728490,1,alaw,A14
LA_E_5728627,1,ulaw,A07
LA_E_5728661,1,gsm,A12
LA_E_5729205,1,opus,A19
LA_E_5729534,1,gsm,A10
LA_E_5729568,1,none,A11
LA_E_5729601,1,g722,A10
LA_E_5729738,1,opus,A12
LA_E_5729843,1,gsm,A13
LA_E_5730129,1,alaw,A08
LA_E_5730171,1,opus,A07
LA_E_5730222,1,none,A18
LA_E_5730554,1,ulaw,A09
LA_E_5730765,1,g722,A17
LA_E_5732011,1,g722,A15
LA_E_5732048,1,gsm,A13
LA_E_5732198,1,opus,A08
LA_E_5732269,1,none,A18
LA_E_5732538,1,alaw,A10
LA_E_5733048,1,opus,A11
LA_E_5733364,1,gsm,A10
LA_E_5735023,1,none,A08
LA_E_5735094,1,ulaw,A18
LA_E_5735353,1,ulaw,A16
LA_E_5735373,1,g722,A10
LA_E_5736080,1,none,A08
LA_E_5736558,1,none,A13
LA_E_5736739,1,none,A18
LA_E_5737412,1,opus,A11
LA_E_5737971,1,alaw,A14
LA_E_5738077,1,g722,A16
LA_E_5738090,1,alaw,A15
LA_E_5738669,1,pstn,A18
LA_E_5738739,1,g722,A11
LA_E_5739000,1,none,A14
LA_E_5739965,1,none,A10
LA_E_5740250,1,gsm,A13
LA_E_5740453,1,opus,A15
LA_E_5740458,1,opus,A14
LA_E_5740494,1,gsm,A16
LA_E_5740532,1,none,A17
LA_E_5740731,1,alaw,A11
LA_E_5740746,1,g722,A08
LA_E_5741190,1,none,A16
LA_E_5741449,1,g722,A16
LA_E_5741826,1,none,A08
LA_E_5741961,1,ulaw,A19
LA_E_5742716,1,alaw,A17
LA_E_5742751,1,none,A15
LA_E_5743079,1,opus,A18
LA_E_5743371,1,gsm,A19
LA_E_5743409,1,g722,A07
LA_E_5743485,1,ulaw,A16
LA_E_5743695,1,opus,A09
LA_E_5744227,1,g722,A10
LA_E_5744273,1,pstn,A18
LA_E_5744302,0,g722,bonafide
LA_E_5744403,1,ulaw,A13
LA_E_5744688,1,opus,A08
LA_E_5744950,1,gsm,A08
LA_E_5744957,1,gsm,A17
LA_E_5745095,1,ulaw,A07
LA_E_5745525,1,opus,A11
LA_E_5745597,1,ulaw,A16
LA_E_5746172,1,gsm,A12
LA_E_5747140,1,pstn,A18
LA_E_5747543,1,gsm,A07
LA_E_5748184,1,g722,A12
LA_E_5748581,0,g722,bonafide
LA_E_5749058,1,none,A15
LA_E_5749256,1,opus,A12
LA_E_5749845,1,ulaw,A09
LA_E_5750007,1,gsm,A08
LA_E_5750123,0,alaw,bonafide
LA_E_5750279,1,opus,A19
LA_E_5750564,1,none,A16
LA_E_5750608,1,gsm,A12
LA_E_5751527,1,alaw,A15
LA_E_5751599,1,g722,A16
LA_E_5752100,1,g722,A15
LA_E_5752534,1,none,A07
LA_E_5752998,1,alaw,A17
LA_E_5753032,1,ulaw,A15
LA_E_5754088,1,g722,A14
LA_E_5754181,1,ulaw,A16
LA_E_5754922,1,alaw,A12
LA_E_5755281,1,gsm,A09
LA_E_5755360,0,g722,bonafide
LA_E_5756380,1,none,A12
LA_E_5756430,1,pstn,A19
LA_E_5756894,1,pstn,A07
LA_E_5756995,1,none,A10
LA_E_5757222,1,none,A09
LA_E_5757229,1,gsm,A15
LA_E_5757388,1,alaw,A15
LA_E_5757955,1,ulaw,A18
LA_E_5758324,1,opus,A19
LA_E_5758361,1,alaw,A10
LA_E_5758534,1,g722,A09
LA_E_5758706,1,opus,A09
LA_E_5758961,1,alaw,A19
LA_E_5759265,1,none,A19
LA_E_5759282,1,ulaw,A11
LA_E_5759290,1,none,A09
LA_E_5759489,1,ulaw,A17
LA_E_5759544,1,gsm,A16
LA_E_5759636,1,gsm,A11
LA_E_5759779,0,ulaw,bonafide
LA_E_5760191,1,none,A10
LA_E_5760564,1,gsm,A16
LA_E_5760903,1,gsm,A09
LA_E_5760992,1,none,A14
LA_E_5761501,1,ulaw,A18
LA_E_5762966,1,gsm,A08
LA_E_5762980,1,gsm,A18
LA_E_5763401,1,none,A15
LA_E_5763656,1,opus,A15
LA_E_5763657,1,alaw,A08
LA_E_5763724,1,none,A07
LA_E_5764027,1,alaw,A18
LA_E_5764482,1,gsm,A09
LA_E_5764525,1,ulaw,A12
LA_E_5764634,1,ulaw,A19
LA_E_5764791,1,opus,A10
LA_E_5765057,1,alaw,A10
LA_E_5765296,1,g722,A07
LA_E_5765471,1,g722,A13
LA_E_5765670,1,none,A07
LA_E_5766257,1,opus,A17
LA_E_5766303,1,alaw,A19
LA_E_5766528,1,opus,A08
LA_E_5766816,1,pstn,A18
LA_E_5766961,1,g722,A10
LA_E_5766998,1,g722,A14
LA_E_5767319,1,g722,A09
LA_E_5768036,1,ulaw,A17
LA_E_5768076,1,alaw,A18
LA_E_5768122,1,pstn,A10
LA_E_5769126,1,gsm,A09
LA_E_5769319,1,opus,A16
LA_E_5769353,1,pstn,A19
LA_E_5769784,1,opus,A14
LA_E_5769895,1,pstn,A16
LA_E_5770090,1,alaw,A08
LA_E_5770382,1,none,A09
LA_E_5770576,1,g722,A10
LA_E_5771277,1,opus,A10
LA_E_5771526,1,none,A16
LA_E_5771728,1,pstn,A13
LA_E_5772638,1,g722,A10
LA_E_5773278,1,alaw,A13
LA_E_5773481,1,pstn,A10
LA_E_5773511,1,g722,A09
LA_E_5773545,1,opus,A08
LA_E_5773769,1,ulaw,A17
LA_E_5774068,1,none,A10
LA_E_5774070,1,gsm,A09
LA_E_5774407,1,g722,A19
LA_E_5774696,1,gsm,A12
LA_E_5774902,1,gsm,A11
LA_E_5775469,1,ulaw,A15
LA_E_5776509,1,pstn,A14
LA_E_5776824,0,none,bonafide
LA_E_5777121,1,none,A11
LA_E_5777338,1,none,A18
LA_E_5777380,1,g722,A08
LA_E_5777650,1,none,A12
LA_E_5777699,1,opus,A15
LA_E_5778171,1,pstn,A19
LA_E_5778657,1,alaw,A17
LA_E_5778768,1,pstn,A17
LA_E_5778832,1,gsm,A10
LA_E_5778874,1,pstn,A13
LA_E_5778905,1,pstn,A11
LA_E_5779342,1,none,A13
LA_E_5779377,0,none,bonafide
LA_E_5779379,1,none,A15
LA_E_5779479,1,gsm,A12
LA_E_5779982,1,ulaw,A17
LA_E_5780262,0,pstn,bonafide
LA_E_5780416,1,gsm,A13
LA_E_5780577,1,ulaw,A11
LA_E_5781502,1,alaw,A11
LA_E_5782055,1,none,A18
LA_E_5782196,1,pstn,A17
LA_E_5783233,1,opus,A11
LA_E_5783702,1,ulaw,A10
LA_E_5783821,1,alaw,A14
LA_E_5783994,1,opus,A19
LA_E_5784146,1,pstn,A15
LA_E_5786845,1,pstn,A13
LA_E_5787777,0,none,bonafide
LA_E_5787826,1,ulaw,A12
LA_E_5788375,1,alaw,A11
LA_E_5788893,0,opus,bonafide
LA_E_5788941,1,gsm,A15
LA_E_5789179,1,opus,A07
LA_E_5789181,0,opus,bonafide
LA_E_5790216,1,opus,A17
LA_E_5790375,1,opus,A14
LA_E_5790606,1,pstn,A12
LA_E_5790759,1,gsm,A07
LA_E_5790808,1,none,A13
LA_E_5791101,1,opus,A14
LA_E_5791262,1,g722,A15
LA_E_5791431,1,gsm,A14
LA_E_5792416,1,pstn,A15
LA_E_5793065,1,gsm,A12
LA_E_5793329,1,none,A19
LA_E_5793373,1,gsm,A17
LA_E_5793821,1,g722,A09
LA_E_5793949,1,ulaw,A17
LA_E_5794561,1,none,A18
LA_E_5794914,1,opus,A17
LA_E_5795029,1,pstn,A17
LA_E_5795115,1,alaw,A11
LA_E_5795464,1,alaw,A11
LA_E_5796747,1,g722,A16
LA_E_5797637,1,g722,A15
LA_E_5797851,1,none,A10
LA_E_5798205,0,gsm,bonafide
LA_E_5798666,1,gsm,A11
LA_E_5798967,1,none,A15
LA_E_5799590,1,alaw,A08
LA_E_5799643,1,alaw,A12
LA_E_5800152,1,none,A19
LA_E_5800163,1,none,A15
LA_E_5800915,1,alaw,A10
LA_E_5801070,1,pstn,A08
LA_E_5801087,1,ulaw,A13
LA_E_5801131,1,ulaw,A18
LA_E_5802948,1,ulaw,A19
LA_E_5802998,1,pstn,A14
LA_E_5803416,1,g722,A18
LA_E_5804050,1,ulaw,A14
LA_E_5804472,1,none,A18
LA_E_5804757,1,ulaw,A11
LA_E_5804978,1,gsm,A14
LA_E_5805394,1,gsm,A09
LA_E_5805785,1,alaw,A11
LA_E_5805876,1,g722,A09
LA_E_5806034,0,ulaw,bonafide
LA_E_5806058,1,gsm,A16
LA_E_5806131,1,opus,A08
LA_E_5806368,1,pstn,A18
LA_E_5806846,1,gsm,A12
LA_E_5807078,1,alaw,A15
LA_E_5807138,1,opus,A07
LA_E_5808464,0,pstn,bonafide
LA_E_5808636,1,alaw,A13
LA_E_5809306,1,none,A19
LA_E_5809400,1,pstn,A17
LA_E_5809844,1,g722,A08
LA_E_5809864,1,alaw,A18
LA_E_5811197,1,opus,A14
LA_E_5811570,1,none,A11
LA_E_5812110,1,gsm,A10
LA_E_5812125,1,g722,A09
LA_E_5812227,1,g722,A17
LA_E_5812633,1,alaw,A11
LA_E_5813353,1,opus,A13
LA_E_5813367,1,pstn,A08
LA_E_5814330,1,gsm,A14
LA_E_5814372,0,pstn,bonafide
LA_E_5815305,0,gsm,bonafide
LA_E_5815506,0,opus,bonafide
LA_E_5815522,1,none,A09
LA_E_5815752,0,ulaw,bonafide
LA_E_5815878,0,alaw,bonafide
LA_E_5815993,1,opus,A17
LA_E_5816037,1,pstn,A07
LA_E_5817723,1,ulaw,A15
LA_E_5818041,1,pstn,A15
LA_E_5818931,1,g722,A15
LA_E_5819024,1,ulaw,A10
LA_E_5819043,1,g722,A17
LA_E_5820256,1,gsm,A17
LA_E_5820470,1,opus,A10
LA_E_5820956,0,none,bonafide
LA_E_5821045,1,pstn,A19
LA_E_5821231,1,g722,A18
LA_E_5821496,1,g722,A17
LA_E_5821524,1,gsm,A14
LA_E_5822162,1,g722,A13
LA_E_5822178,1,opus,A15
LA_E_5822232,1,gsm,A10
LA_E_5822719,1,g722,A18
LA_E_5822731,1,gsm,A19
LA_E_5822793,1,none,A18
LA_E_5823231,1,ulaw,A19
LA_E_5823485,0,gsm,bonafide
LA_E_5823490,1,opus,A07
LA_E_5823629,1,g722,A15
LA_E_5823655,1,opus,A09
LA_E_5823756,1,alaw,A07
LA_E_5823817,0,none,bonafide
LA_E_5824054,1,ulaw,A07
LA_E_5824334,0,alaw,bonafide
LA_E_5824500,1,gsm,A18
LA_E_5825060,0,pstn,bonafide
LA_E_5825090,1,pstn,A13
LA_E_5826339,1,pstn,A14
LA_E_5827156,1,opus,A19
LA_E_5827210,1,gsm,A16
LA_E_5827564,1,alaw,A15
LA_E_5827967,1,none,A08
LA_E_5828168,1,pstn,A14
LA_E_5828501,1,gsm,A16
LA_E_5829412,1,opus,A19
LA_E_5829840,0,alaw,bonafide
LA_E_5830197,1,opus,A13
LA_E_5830939,1,g722,A11
LA_E_5830956,1,g722,A07
LA_E_5831084,1,pstn,A09
LA_E_5831125,1,opus,A12
LA_E_5831477,1,gsm,A08
LA_E_5831651,1,opus,A13
LA_E_5831816,1,gsm,A09
LA_E_5833220,1,alaw,A11
LA_E_5833522,1,opus,A11
LA_E_5834186,0,g722,bonafide
LA_E_5835022,1,g722,A09
LA_E_5835025,1,gsm,A09
LA_E_5835312,1,gsm,A09
LA_E_5836152,1,alaw,A13
LA_E_5836763,1,none,A09
LA_E_5837001,1,g722,A08
LA_E_5837019,1,none,A10
LA_E_5837392,1,gsm,A13
LA_E_5837885,1,gsm,A09
LA_E_5838564,1,opus,A17
LA_E_5838671,1,gsm,A11
LA_E_5838962,1,g722,A19
LA_E_5838965,1,ulaw,A11
LA_E_5839807,1,alaw,A09
LA_E_5840011,1,pstn,A17
LA_E_5841057,1,none,A17
LA_E_5841158,1,ulaw,A08
LA_E_5841324,1,none,A08
LA_E_5841335,1,none,A07
LA_E_5841368,1,opus,A08
LA_E_5841438,1,opus,A15
LA_E_5842373,1,gsm,A15
LA_E_5842735,1,g722,A11
LA_E_5842832,1,opus,A18
LA_E_5843249,1,none,A09
LA_E_5843449,1,g722,A10
LA_E_5843532,1,none,A15
LA_E_5844029,1,alaw,A16
LA_E_5844567,1,ulaw,A16
LA_E_5844592,1,none,A10
LA_E_5844881,1,opus,A11
LA_E_5845435,1,ulaw,A09
LA_E_5845549,1,ulaw,A09
LA_E_5845554,1,gsm,A08
LA_E_5846152,1,none,A08
LA_E_5846188,1,opus,A07
LA_E_5846615,1,none,A07
LA_E_5846796,1,alaw,A19
LA_E_5847030,1,g722,A14
LA_E_5847415,1,opus,A14
LA_E_5847731,1,none,A10
LA_E_5847744,0,gsm,bonafide
LA_E_5847846,1,opus,A12
LA_E_5848375,1,pstn,A15
LA_E_5848511,1,pstn,A19
LA_E_5848732,1,alaw,A18
LA_E_5848747,1,alaw,A19
LA_E_5848940,0,none,bonafide
LA_E_5848954,1,ulaw,A13
LA_E_5849246,1,alaw,A13
LA_E_5849409,1,gsm,A09
LA_E_5849614,1,ulaw,A18
LA_E_5849624,0,g722,bonafide
LA_E_5849769,1,none,A12
LA_E_5850355,1,opus,A19
LA_E_5850523,1,pstn,A15
LA_E_5851453,1,opus,A16
LA_E_5852481,1,g722,A18
LA_E_5852785,0,none,bonafide
LA_E_5853230,1,none,A18
LA_E_5853304,1,gsm,A08
LA_E_5853459,1,pstn,A13
LA_E_5853794,0,alaw,bonafide
LA_E_5853894,1,opus,A13
LA_E_5854145,1,gsm,A10
LA_E_5854750,0,none,bonafide
LA_E_5855157,1,alaw,A16
LA_E_5856054,0,ulaw,bonafide
LA_E_5856230,1,none,A08
LA_E_5857012,1,ulaw,A18
LA_E_5857114,1,pstn,A12
LA_E_5857425,1,pstn,A09
LA_E_5858178,1,pstn,A07
LA_E_5858469,1,ulaw,A19
LA_E_5858694,1,pstn,A11
LA_E_5858819,1,pstn,A09
LA_E_5859170,1,gsm,A08
LA_E_5859232,1,alaw,A16
LA_E_5859592,1,pstn,A09
LA_E_5859893,1,gsm,A09
LA_E_5860143,1,gsm,A18
LA_E_5860182,1,none,A18
LA_E_5860227,1,ulaw,A10
LA_E_5861090,1,none,A07
LA_E_5861504,1,alaw,A18
LA_E_5861929,1,opus,A17
LA_E_5861940,1,none,A19
LA_E_5862388,1,gsm,A07
LA_E_5862884,1,alaw,A11
LA_E_5863157,1,opus,A12
LA_E_5863291,1,alaw,A07
LA_E_5863343,0,g722,bonafide
LA_E_5863897,1,gsm,A07
LA_E_5863999,1,g722,A16
LA_E_5864109,1,gsm,A09
LA_E_5864315,1,alaw,A19
LA_E_5864555,1,g722,A07
LA_E_5864709,1,gsm,A13
LA_E_5864868,1,alaw,A19
LA_E_5865185,0,gsm,bonafide
LA_E_5865534,1,opus,A15
LA_E_5865684,1,gsm,A18
LA_E_5865964,1,g722,A11
LA_E_5866052,1,alaw,A11
LA_E_5866181,1,none,A10
LA_E_5866199,1,none,A08
LA_E_5866243,1,pstn,A16
LA_E_5866360,1,g722,A08
LA_E_5866573,1,g722,A10
LA_E_5866713,1,g722,A11
LA_E_5867320,1,opus,A11
LA_E_5867382,1,ulaw,A08
LA_E_5867798,1,gsm,A11
LA_E_5867958,1,none,A10
LA_E_5867999,1,none,A09
LA_E_5868244,1,pstn,A16
LA_E_5868657,1,gsm,A13
LA_E_5868872,0,none,bonafide
LA_E_5868933,1,pstn,A08
LA_E_5869348,1,pstn,A11
LA_E_5869623,1,pstn,A10
LA_E_5869677,1,ulaw,A07
LA_E_5869787,0,pstn,bonafide
LA_E_5869795,1,g722,A17
LA_E_5870111,1,ulaw,A18
LA_E_5870152,1,g722,A15
LA_E_5870565,1,opus,A18
LA_E_5871016,1,ulaw,A18
LA_E_5871359,1,g722,A15
LA_E_5871381,1,g722,A19
LA_E_5871414,1,alaw,A19
LA_E_5871752,1,none,A09
LA_E_5872042,1,none,A07
LA_E_5872320,1,gsm,A13
LA_E_5872380,1,ulaw,A15
LA_E_5872870,0,pstn,bonafide
LA_E_5873231,1,gsm,A19
LA_E_5873712,1,g722,A16
LA_E_5875063,1,ulaw,A10
LA_E_5875414,1,none,A19
LA_E_5875749,1,none,A12
LA_E_5876629,1,ulaw,A08
LA_E_5876964,1,none,A19
LA_E_5877074,1,alaw,A17
LA_E_5877543,1,opus,A18
LA_E_5877838,1,ulaw,A15
LA_E_5878274,0,pstn,bonafide
LA_E_5879140,1,ulaw,A12
LA_E_5879184,1,ulaw,A17
LA_E_5879581,1,g722,A15
LA_E_5880152,1,ulaw,A07
LA_E_5880161,1,none,A15
LA_E_5880259,1,pstn,A18
LA_E_5880334,1,gsm,A15
LA_E_5880682,1,ulaw,A13
LA_E_5881293,1,gsm,A15
LA_E_5881310,1,gsm,A17
LA_E_5881519,1,alaw,A10
LA_E_5882146,1,gsm,A14
LA_E_5882158,1,none,A18
LA_E_5882422,1,none,A12
LA_E_5882742,1,ulaw,A09
LA_E_5882853,1,opus,A12
LA_E_5882885,1,none,A07
LA_E_5883013,1,gsm,A13
LA_E_5883120,1,gsm,A16
LA_E_5883547,1,alaw,A10
LA_E_5883871,1,pstn,A16
LA_E_5884393,1,none,A11
LA_E_5884523,1,alaw,A14
LA_E_5885002,1,ulaw,A10
LA_E_5886582,1,alaw,A13
LA_E_5886988,0,ulaw,bonafide
LA_E_5887280,1,none,A08
LA_E_5887827,1,g722,A17
LA_E_5887844,1,gsm,A16
LA_E_5888030,1,opus,A19
LA_E_5888264,1,ulaw,A15
LA_E_5889000,1,opus,A09
LA_E_5890096,1,none,A12
LA_E_5890507,1,ulaw,A11
LA_E_5891398,1,g722,A14
LA_E_5891419,1,g722,A14
LA_E_5891424,1,none,A17
LA_E_5891431,1,none,A16
LA_E_5891720,1,gsm,A16
LA_E_5892138,1,ulaw,A11
LA_E_5892848,1,none,A15
LA_E_5892901,1,gsm,A14
LA_E_5893714,1,none,A13
LA_E_5894438,1,g722,A10
LA_E_5894679,1,alaw,A15
LA_E_5894856,1,gsm,A16
LA_E_5894887,1,gsm,A11
LA_E_5895194,1,ulaw,A16
LA_E_5896165,1,g722,A13
LA_E_5896178,1,gsm,A14
LA_E_5896847,0,alaw,bonafide
LA_E_5896928,1,opus,A09
LA_E_5897253,1,pstn,A11
LA_E_5897341,1,pstn,A11
LA_E_5897584,1,ulaw,A15
LA_E_5897656,1,ulaw,A14
LA_E_5897779,1,alaw,A18
LA_E_5898608,1,pstn,A12
LA_E_5898838,1,gsm,A19
LA_E_5899192,1,none,A19
LA_E_5899589,1,gsm,A14
LA_E_5899702,1,gsm,A15
LA_E_5900032,1,alaw,A15
LA_E_5900234,1,g722,A15
LA_E_5901140,1,gsm,A07
LA_E_5901262,1,opus,A13
LA_E_5901297,1,alaw,A16
LA_E_5901430,0,gsm,bonafide
LA_E_5901493,1,opus,A08
LA_E_5902319,1,opus,A07
LA_E_5902521,1,opus,A15
LA_E_5902820,0,opus,bonafide
LA_E_5903301,1,g722,A08
LA_E_5903376,1,alaw,A16
LA_E_5903411,1,pstn,A07
LA_E_5903516,1,g722,A09
LA_E_5904707,1,gsm,A16
LA_E_5905653,1,g722,A09
LA_E_5905879,1,pstn,A11
LA_E_5906499,1,pstn,A15
LA_E_5907106,1,gsm,A07
LA_E_5907568,0,none,bonafide
LA_E_5908265,1,gsm,A17
LA_E_5908461,1,alaw,A19
LA_E_5908578,1,ulaw,A13
LA_E_5908679,1,none,A12
LA_E_5908949,1,pstn,A14
LA_E_5909450,1,ulaw,A15
LA_E_5909454,0,none,bonafide
LA_E_5909610,1,gsm,A19
LA_E_5910186,1,pstn,A15
LA_E_5911425,1,pstn,A17
LA_E_5911630,1,ulaw,A14
LA_E_5911794,1,ulaw,A09
LA_E_5911839,1,opus,A14
LA_E_5912480,1,g722,A19
LA_E_5912868,1,gsm,A17
LA_E_5913007,1,none,A07
LA_E_5913140,1,g722,A19
LA_E_5913370,1,gsm,A13
LA_E_5913799,1,none,A14
LA_E_5916296,1,g722,A09
LA_E_5916420,1,alaw,A13
LA_E_5916599,1,gsm,A09
LA_E_5916770,1,gsm,A15
LA_E_5916966,0,g722,bonafide
LA_E_5916978,1,gsm,A14
LA_E_5917109,1,gsm,A17
LA_E_5917603,1,g722,A12
LA_E_5917802,1,none,A17
LA_E_5918081,0,none,bonafide
LA_E_5918511,1,g722,A10
LA_E_5919168,1,g722,A07
LA_E_5919202,1,alaw,A13
LA_E_5920123,1,alaw,A19
LA_E_5920523,0,pstn,bonafide
LA_E_5920531,1,none,A17
LA_E_5920676,1,ulaw,A10
LA_E_5921010,1,pstn,A16
LA_E_5921372,1,g722,A10
LA_E_5921556,0,gsm,bonafide
LA_E_5921694,1,none,A19
LA_E_5921700,1,ulaw,A08
LA_E_5921950,1,none,A19
LA_E_5922065,1,none,A07
LA_E_5922112,1,none,A14
LA_E_5922121,1,gsm,A18
LA_E_5922588,1,none,A14
LA_E_5922730,1,none,A09
LA_E_5922864,1,g722,A13
LA_E_5923206,1,alaw,A13
LA_E_5923662,1,g722,A19
LA_E_5924349,1,none,A11
LA_E_5924443,1,pstn,A18
LA_E_5924502,1,g722,A16
LA_E_5924751,1,g722,A13
LA_E_5924905,1,pstn,A19
LA_E_5924914,1,opus,A09
LA_E_5925802,1,gsm,A19
LA_E_5925858,1,none,A11
LA_E_5925870,1,alaw,A09
LA_E_5925907,1,g722,A18
LA_E_5926151,1,opus,A11
LA_E_5926177,1,pstn,A17
LA_E_5926232,1,g722,A11
LA_E_5926309,1,none,A08
LA_E_5926480,1,ulaw,A07
LA_E_5926543,1,ulaw,A11
LA_E_5926648,0,none,bonafide
LA_E_5927001,1,opus,A14
LA_E_5927192,1,ulaw,A18
LA_E_5927380,1,g722,A16
LA_E_5927443,1,gsm,A11
LA_E_5927829,1,ulaw,A17
LA_E_5927974,1,ulaw,A10
LA_E_5928037,1,none,A13
LA_E_5928505,1,pstn,A18
LA_E_5929467,1,alaw,A08
LA_E_5929639,0,alaw,bonafide
LA_E_5929695,0,g722,bonafide
LA_E_5929894,1,none,A18
LA_E_5930149,1,ulaw,A16
LA_E_5930475,1,opus,A10
LA_E_5930546,0,opus,bonafide
LA_E_5930688,1,pstn,A15
LA_E_5930835,1,g722,A08
LA_E_5931099,1,alaw,A15
LA_E_5931188,1,ulaw,A16
LA_E_5932113,1,none,A07
LA_E_5932691,1,alaw,A12
LA_E_5933957,1,opus,A15
LA_E_5934073,1,pstn,A12
LA_E_5934759,0,pstn,bonafide
LA_E_5935020,1,pstn,A18
LA_E_5935393,1,opus,A19
LA_E_5935586,1,gsm,A08
LA_E_5935590,0,ulaw,bonafide
LA_E_5935943,1,g722,A15
LA_E_5936211,1,gsm,A12
LA_E_5936251,0,opus,bonafide
LA_E_5936437,0,gsm,bonafide
LA_E_5936861,0,gsm,bonafide
LA_E_5937242,1,none,A10
LA_E_5938151,1,none,A17
LA_E_5938317,1,opus,A16
LA_E_5938336,1,pstn,A14
LA_E_5938419,1,ulaw,A13
LA_E_5939280,1,pstn,A14
LA_E_5939405,0,alaw,bonafide
LA_E_5939814,0,none,bonafide
LA_E_5939824,1,alaw,A08
LA_E_5940022,1,pstn,A16
LA_E_5940045,1,g722,A11
LA_E_5940965,1,g722,A07
LA_E_5941036,0,pstn,bonafide
LA_E_5941097,1,g722,A19
LA_E_5941951,1,none,A19
LA_E_5942437,1,opus,A16
LA_E_5942537,1,opus,A13
LA_E_5942620,1,none,A14
LA_E_5942889,1,opus,A17
LA_E_5943241,1,pstn,A12
LA_E_5943687,1,none,A15
LA_E_5944128,1,opus,A14
LA_E_5944550,1,g722,A13
LA_E_5944601,1,gsm,A18
LA_E_5944962,1,none,A17
LA_E_5945067,1,alaw,A14
LA_E_5946114,1,g722,A19
LA_E_5946303,1,opus,A16
LA_E_5946356,1,pstn,A15
LA_E_5946397,1,ulaw,A15
LA_E_5946638,1,g722,A17
LA_E_5947524,1,alaw,A09
LA_E_5947752,1,opus,A13
LA_E_5947894,0,alaw,bonafide
LA_E_5948456,1,g722,A14
LA_E_5948506,1,gsm,A17
LA_E_5949601,1,none,A10
LA_E_5951607,1,opus,A10
LA_E_5951680,1,pstn,A08
LA_E_5952431,1,alaw,A11
LA_E_5952568,1,g722,A15
LA_E_5953288,1,alaw,A13
LA_E_5953295,1,ulaw,A19
LA_E_5953341,1,gsm,A07
LA_E_5953407,1,ulaw,A07
LA_E_5953551,1,gsm,A13
LA_E_5953773,1,g722,A11
LA_E_5954225,1,ulaw,A08
LA_E_5954358,0,opus,bonafide
LA_E_5954520,1,ulaw,A17
LA_E_5954698,1,pstn,A13
LA_E_5955026,1,ulaw,A15
LA_E_5955144,1,opus,A09
LA_E_5955340,1,opus,A11
LA_E_5955675,1,g722,A10
LA_E_5955906,1,none,A17
LA_E_5956069,1,alaw,A13
LA_E_5956442,1,g722,A19
LA_E_5956914,1,none,A10
LA_E_5957004,0,gsm,bonafide
LA_E_5957057,0,gsm,bonafide
LA_E_5957265,1,alaw,A07
LA_E_5957268,1,none,A11
LA_E_5957269,1,alaw,A15
LA_E_5957328,1,ulaw,A17
LA_E_5957347,0,gsm,bonafide
LA_E_5957593,1,gsm,A07
LA_E_5958322,1,opus,A14
LA_E_5958892,1,alaw,A10
LA_E_5960072,1,none,A09
LA_E_5960356,1,none,A08
LA_E_5960904,1,g722,A07
LA_E_5961386,1,gsm,A19
LA_E_5961705,1,pstn,A18
LA_E_5962315,1,gsm,A14
LA_E_5962334,1,gsm,A13
LA_E_5963056,1,g722,A08
LA_E_5963756,1,g722,A08
LA_E_5963811,1,opus,A08
LA_E_5963913,1,gsm,A08
LA_E_5964498,1,opus,A07
LA_E_5964668,1,opus,A14
LA_E_5964846,0,ulaw,bonafide
LA_E_5965028,1,pstn,A17
LA_E_5965998,0,ulaw,bonafide
LA_E_5966467,1,alaw,A08
LA_E_5966762,0,ulaw,bonafide
LA_E_5966830,1,g722,A15
LA_E_5967373,1,ulaw,A12
LA_E_5967710,1,pstn,A18
LA_E_5967803,1,ulaw,A17
LA_E_5967949,1,ulaw,A12
LA_E_5968240,1,pstn,A17
LA_E_5968324,1,none,A09
LA_E_5968488,1,opus,A18
LA_E_5968802,1,ulaw,A15
LA_E_5969023,1,gsm,A08
LA_E_5969465,1,none,A07
LA_E_5969960,1,opus,A09
LA_E_5970616,1,alaw,A11
LA_E_5970758,0,opus,bonafide
LA_E_5970900,1,gsm,A10
LA_E_5971268,0,ulaw,bonafide
LA_E_5971685,1,gsm,A12
LA_E_5972248,1,alaw,A11
LA_E_5972396,1,ulaw,A18
LA_E_5972849,0,gsm,bonafide
LA_E_5973077,1,ulaw,A14
LA_E_5973179,1,gsm,A17
LA_E_5973189,1,pstn,A15
LA_E_5973774,0,pstn,bonafide
LA_E_5974072,1,alaw,A10
LA_E_5974326,1,opus,A10
LA_E_5974691,1,opus,A08
LA_E_5975048,1,gsm,A11
LA_E_5975233,1,ulaw,A17
LA_E_5975422,1,gsm,A10
LA_E_5975425,1,opus,A18
LA_E_5975435,1,none,A08
LA_E_5975526,1,alaw,A08
LA_E_5975604,1,gsm,A13
LA_E_5975626,1,ulaw,A14
LA_E_5975661,1,gsm,A08
LA_E_5976093,0,opus,bonafide
LA_E_5976486,1,none,A11
LA_E_5976488,1,opus,A10
LA_E_5976626,1,none,A09
LA_E_5976714,1,ulaw,A07
LA_E_5976798,1,opus,A17
LA_E_5976863,0,g722,bonafide
LA_E_5976928,1,ulaw,A11
LA_E_5977259,1,none,A10
LA_E_5977324,1,gsm,A09
LA_E_5977514,0,opus,bonafide
LA_E_5978966,1,opus,A09
LA_E_5979227,1,opus,A13
LA_E_5979441,1,none,A17
LA_E_5979482,1,alaw,A16
LA_E_5979686,1,ulaw,A10
LA_E_5979815,1,pstn,A19
LA_E_5980060,0,opus,bonafide
LA_E_5980294,1,pstn,A07
LA_E_5980382,1,opus,A14
LA_E_5980593,1,none,A11
LA_E_5981020,1,alaw,A10
LA_E_5981295,1,pstn,A12
LA_E_5982086,1,g722,A14
LA_E_5982612,1,none,A12
LA_E_5982672,1,gsm,A18
LA_E_5983366,1,opus,A12
LA_E_5983472,1,gsm,A18
LA_E_5983602,1,gsm,A15
LA_E_5984945,1,opus,A18
LA_E_5985032,1,none,A18
LA_E_5985173,1,opus,A11
LA_E_5985470,1,opus,A19
LA_E_5985496,1,gsm,A07
LA_E_5986117,1,g722,A07
LA_E_5986197,0,pstn,bonafide
LA_E_5986593,1,ulaw,A10
LA_E_5986928,1,opus,A14
LA_E_5987271,1,g722,A17
LA_E_5988123,1,g722,A16
LA_E_5988692,1,gsm,A11
LA_E_5988748,0,ulaw,bonafide
LA_E_5989037,1,gsm,A15
LA_E_5989045,1,none,A10
LA_E_5989183,1,opus,A14
LA_E_5989393,0,gsm,bonafide
LA_E_5989502,1,pstn,A08
LA_E_5989857,1,alaw,A14
LA_E_5990079,1,alaw,A16
LA_E_5990238,1,opus,A16
LA_E_5990603,1,opus,A07
LA_E_5990647,1,opus,A17
LA_E_5990727,1,ulaw,A09
LA_E_5990898,0,alaw,bonafide
LA_E_5990999,1,g722,A13
LA_E_5991176,1,alaw,A17
LA_E_5991360,1,ulaw,A17
LA_E_5991406,1,none,A10
LA_E_5991464,1,pstn,A10
LA_E_5991918,1,alaw,A12
LA_E_5992019,1,none,A19
LA_E_5992228,1,pstn,A11
LA_E_5992287,1,g722,A07
LA_E_5992342,1,none,A08
LA_E_5992577,1,ulaw,A17
LA_E_5993046,1,g722,A07
LA_E_5993584,1,g722,A19
LA_E_5993708,1,alaw,A13
LA_E_5993840,1,ulaw,A10
LA_E_5994080,1,g722,A16
LA_E_5994478,0,none,bonafide
LA_E_5995449,1,pstn,A12
LA_E_5995485,1,g722,A08
LA_E_5995599,1,pstn,A12
LA_E_5995909,1,opus,A07
LA_E_5996277,1,ulaw,A14
LA_E_5996457,1,g722,A07
LA_E_5996562,1,opus,A08
LA_E_5996810,1,opus,A11
LA_E_5997260,1,opus,A10
LA_E_5997289,1,gsm,A10
LA_E_5997305,1,g722,A15
LA_E_5997698,1,pstn,A11
LA_E_5997842,1,pstn,A18
LA_E_5997905,0,gsm,bonafide
LA_E_5997940,1,pstn,A12
LA_E_5998405,1,gsm,A08
LA_E_5998561,1,alaw,A15
LA_E_5998929,1,pstn,A14
LA_E_5998946,1,ulaw,A07
LA_E_5999590,0,none,bonafide
LA_E_5999612,1,opus,A13
LA_E_5999915,1,g722,A12
LA_E_6000395,1,alaw,A16
LA_E_6000775,1,alaw,A12
LA_E_6000848,1,ulaw,A18
LA_E_6000930,1,g722,A09
LA_E_6001281,1,pstn,A10
LA_E_6001538,1,opus,A11
LA_E_6002326,1,alaw,A12
LA_E_6002573,1,ulaw,A13
LA_E_6002699,1,ulaw,A08
LA_E_6003374,1,none,A16
LA_E_6003412,1,none,A16
LA_E_6004131,1,g722,A11
LA_E_6006023,1,gsm,A10
LA_E_6006740,1,opus,A11
LA_E_6006845,1,g722,A18
LA_E_6007060,1,gsm,A18
LA_E_6007091,1,opus,A11
LA_E_6007296,1,gsm,A10
LA_E_6007592,1,pstn,A14
LA_E_6007641,1,ulaw,A19
LA_E_6007675,1,pstn,A12
LA_E_6008860,1,none,A16
LA_E_6009099,1,opus,A14
LA_E_6009415,1,gsm,A19
LA_E_6010377,1,alaw,A13
LA_E_6011354,1,opus,A11
LA_E_6011367,1,pstn,A18
LA_E_6011561,1,pstn,A10
LA_E_6011892,0,opus,bonafide
LA_E_6012850,1,opus,A15
LA_E_6014380,1,alaw,A13
LA_E_6015146,1,ulaw,A14
LA_E_6015378,1,none,A13
LA_E_6016424,1,opus,A17
LA_E_6016573,1,ulaw,A09
LA_E_6016751,1,none,A12
LA_E_6017163,1,ulaw,A07
LA_E_6017575,1,gsm,A10
LA_E_6017618,1,opus,A19
LA_E_6017629,0,ulaw,bonafide
LA_E_6017682,1,gsm,A16
LA_E_6017744,1,g722,A14
LA_E_6018481,0,none,bonafide
LA_E_6018673,1,gsm,A09
LA_E_6019797,0,pstn,bonafide
LA_E_6019912,1,ulaw,A07
LA_E_6019928,1,ulaw,A16
LA_E_6020132,1,alaw,A17
LA_E_6020614,1,pstn,A10
LA_E_6020914,1,none,A17
LA_E_6021391,1,opus,A19
LA_E_6021582,1,g722,A19
LA_E_6022023,1,ulaw,A18
LA_E_6022174,1,none,A15
LA_E_6022713,1,ulaw,A09
LA_E_6022923,1,ulaw,A17
LA_E_6023319,1,none,A07
LA_E_6023358,1,none,A12
LA_E_6023432,1,gsm,A12
LA_E_6023461,1,opus,A13
LA_E_6023807,1,ulaw,A19
LA_E_6025196,1,opus,A11
LA_E_6026120,1,pstn,A11
LA_E_6026594,1,alaw,A19
LA_E_6026805,1,g722,A19
LA_E_6026883,1,pstn,A10
LA_E_6026891,1,ulaw,A08
LA_E_6027286,1,alaw,A08
LA_E_6027368,1,alaw,A18
LA_E_6027580,1,ulaw,A12
LA_E_6027860,1,g722,A15
LA_E_6028177,1,alaw,A10
LA_E_6028601,1,gsm,A15
LA_E_6028775,1,opus,A17
LA_E_6029038,1,pstn,A17
LA_E_6030022,1,none,A10
LA_E_6030538,1,gsm,A18
LA_E_6031227,1,opus,A14
LA_E_6031436,1,ulaw,A16
LA_E_6031481,1,opus,A17
LA_E_6031627,1,none,A10
LA_E_6032562,1,ulaw,A07
LA_E_6032816,1,ulaw,A14
LA_E_6032880,1,none,A12
LA_E_6033208,0,none,bonafide
LA_E_6033253,1,alaw,A17
LA_E_6033352,1,pstn,A10
LA_E_6033560,1,gsm,A19
LA_E_6033913,1,gsm,A12
LA_E_6034322,1,ulaw,A17
LA_E_6035596,1,gsm,A10
LA_E_6035619,1,gsm,A08
LA_E_6035806,1,gsm,A17
LA_E_6036137,1,alaw,A14
LA_E_6036213,1,g722,A17
LA_E_6036225,1,g722,A15
LA_E_6036254,0,alaw,bonafide
LA_E_6036329,1,alaw,A07
LA_E_6036435,1,none,A13
LA_E_6036876,1,opus,A15
LA_E_6036918,0,none,bonafide
LA_E_6037050,0,none,bonafide
LA_E_6037052,1,opus,A12
LA_E_6037783,1,alaw,A09
LA_E_6038645,1,g722,A14
LA_E_6038824,1,none,A17
LA_E_6038979,1,none,A15
LA_E_6039223,1,opus,A15
LA_E_6039242,1,g722,A08
LA_E_6039337,0,g722,bonafide
LA_E_6039492,1,pstn,A09
LA_E_6039918,1,gsm,A12
LA_E_6041306,1,g722,A14
LA_E_6041361,0,none,bonafide
LA_E_6042057,1,alaw,A12
LA_E_6042548,1,ulaw,A17
LA_E_6042814,1,opus,A10
LA_E_6043271,1,gsm,A16
LA_E_6043356,1,opus,A11
LA_E_6043603,1,alaw,A13
LA_E_6043865,1,none,A12
LA_E_6043957,1,alaw,A09
LA_E_6044520,1,gsm,A12
LA_E_6044583,0,ulaw,bonafide
LA_E_6044798,0,alaw,bonafide
LA_E_6045000,1,none,A09
LA_E_6045217,1,alaw,A11
LA_E_6045448,1,none,A19
LA_E_6045594,1,alaw,A18
LA_E_6045674,1,ulaw,A10
LA_E_6045689,1,ulaw,A14
LA_E_6045964,0,pstn,bonafide
LA_E_6046229,1,opus,A16
LA_E_6046653,1,pstn,A08
LA_E_6047819,0,ulaw,bonafide
LA_E_6047890,1,opus,A13
LA_E_6048219,0,alaw,bonafide
LA_E_6048243,1,opus,A16
LA_E_6048267,1,opus,A12
LA_E_6048668,1,none,A12
LA_E_6048977,1,none,A16
LA_E_6049063,1,g722,A13
LA_E_6049199,1,g722,A17
LA_E_6049452,1,opus,A08
LA_E_6049759,1,none,A09
LA_E_6049895,1,alaw,A13
LA_E_6050025,1,g722,A08
LA_E_6050374,1,g722,A17
LA_E_6050561,1,alaw,A14
LA_E_6050598,1,pstn,A11
LA_E_6050710,1,pstn,A14
LA_E_6051046,1,g722,A17
LA_E_6051509,1,ulaw,A07
LA_E_6052128,0,ulaw,bonafide
LA_E_6052189,1,opus,A18
LA_E_6053085,0,g722,bonafide
LA_E_6053185,1,gsm,A11
LA_E_6053849,0,alaw,bonafide
LA_E_6054076,1,alaw,A19
LA_E_6054101,1,gsm,A08
LA_E_6054145,1,gsm,A09
LA_E_6054289,0,gsm,bonafide
LA_E_6054351,1,ulaw,A18
LA_E_6054669,1,ulaw,A07
LA_E_6055105,1,opus,A10
LA_E_6055913,1,alaw,A11
LA_E_6056304,0,g722,bonafide
LA_E_6056419,1,none,A16
LA_E_6057352,1,alaw,A14
LA_E_6058023,1,ulaw,A18
LA_E_6058486,1,ulaw,A07
LA_E_6058712,1,none,A15
LA_E_6058756,1,pstn,A14
LA_E_6059291,1,g722,A07
LA_E_6059368,1,alaw,A15
LA_E_6059540,1,g722,A17
LA_E_6060485,1,opus,A09
LA_E_6061115,0,g722,bonafide
LA_E_6061309,1,gsm,A09
LA_E_6061533,1,none,A11
LA_E_6061541,1,alaw,A11
LA_E_6061568,0,gsm,bonafide
LA_E_6062565,1,g722,A14
LA_E_6062711,1,opus,A07
LA_E_6062804,1,pstn,A09
LA_E_6063220,1,g722,A14
LA_E_6063452,1,opus,A07
LA_E_6063633,1,opus,A11
LA_E_6063812,1,alaw,A18
LA_E_6064001,1,opus,A09
LA_E_6064249,0,gsm,bonafide
LA_E_6064348,1,pstn,A18
LA_E_6064496,1,gsm,A12
LA_E_6065200,1,opus,A17
LA_E_6065203,1,ulaw,A07
LA_E_6065361,1,ulaw,A16
LA_E_6065376,1,g722,A17
LA_E_6065651,1,opus,A19
LA_E_6065671,1,none,A12
LA_E_6066485,0,none,bonafide
LA_E_6066763,1,pstn,A10
LA_E_6066996,1,none,A07
LA_E_6067019,1,alaw,A14
LA_E_6067353,1,ulaw,A17
LA_E_6067799,1,gsm,A14
LA_E_6068480,1,ulaw,A18
LA_E_6068507,1,none,A15
LA_E_6068654,1,gsm,A18
LA_E_6069331,1,none,A13
LA_E_6069770,1,opus,A13
LA_E_6069959,1,gsm,A19
LA_E_6070586,0,alaw,bonafide
LA_E_6070855,1,gsm,A12
LA_E_6071083,1,pstn,A13
LA_E_6071529,1,alaw,A07
LA_E_6071674,1,g722,A14
LA_E_6071861,1,none,A18
LA_E_6072239,1,none,A12
LA_E_6072568,1,g722,A19
LA_E_6072684,1,opus,A09
LA_E_6072935,1,pstn,A19
LA_E_6072991,1,alaw,A09
LA_E_6073048,1,pstn,A15
LA_E_6073197,0,gsm,bonafide
LA_E_6073238,1,gsm,A08
LA_E_6073251,1,alaw,A19
LA_E_6073505,1,opus,A18
LA_E_6073989,1,gsm,A17
LA_E_6074380,1,pstn,A10
LA_E_6074440,1,ulaw,A19
LA_E_6074750,0,ulaw,bonafide
LA_E_6075023,0,ulaw,bonafide
LA_E_6075212,1,gsm,A09
LA_E_6075490,1,none,A11
LA_E_6075765,1,pstn,A13
LA_E_6076100,1,pstn,A18
LA_E_6076231,0,alaw,bonafide
LA_E_6076539,0,ulaw,bonafide
LA_E_6076709,1,ulaw,A09
LA_E_6076844,1,pstn,A07
LA_E_6077144,1,alaw,A07
LA_E_6077655,1,none,A13
LA_E_6077759,1,alaw,A12
LA_E_6077782,1,ulaw,A10
LA_E_6077845,1,opus,A18
LA_E_6077892,1,opus,A14
LA_E_6077997,1,ulaw,A08
LA_E_6078089,0,gsm,bonafide
LA_E_6078130,1,none,A14
LA_E_6078132,1,ulaw,A13
LA_E_6078380,1,pstn,A10
LA_E_6078990,1,gsm,A17
LA_E_6079572,1,alaw,A10
LA_E_6079628,1,opus,A12
LA_E_6079956,1,pstn,A12
LA_E_6080100,1,pstn,A12
LA_E_6080124,1,none,A08
LA_E_6080286,1,pstn,A14
LA_E_6080451,1,pstn,A09
LA_E_6080769,1,none,A08
LA_E_6081135,1,opus,A14
LA_E_6081214,0,gsm,bonafide
LA_E_6081619,1,alaw,A15
LA_E_6082361,0,gsm,bonafide
LA_E_6082917,0,g722,bonafide
LA_E_6083718,1,opus,A12
LA_E_6083789,1,pstn,A17
LA_E_6083897,1,none,A18
LA_E_6084227,1,none,A11
LA_E_6084746,1,none,A08
LA_E_6084849,1,alaw,A16
LA_E_6085034,0,g722,bonafide
LA_E_6085084,1,none,A10
LA_E_6085390,1,g722,A19
LA_E_6085579,1,ulaw,A12
LA_E_6085758,0,ulaw,bonafide
LA_E_6085905,1,gsm,A10
LA_E_6086148,1,g722,A17
LA_E_6086399,1,pstn,A09
LA_E_6086420,1,g722,A11
LA_E_6086924,1,opus,A16
LA_E_6086997,1,opus,A07
LA_E_6087139,1,opus,A16
LA_E_6087243,1,alaw,A15
LA_E_6088005,1,g722,A14
LA_E_6088437,1,opus,A18
LA_E_6088740,1,pstn,A18
LA_E_6088747,0,ulaw,bonafide
LA_E_6089011,1,gsm,A09
LA_E_6089065,1,gsm,A14
LA_E_6089343,0,none,bonafide
LA_E_6089514,1,ulaw,A07
LA_E_6089966,1,ulaw,A12
LA_E_6090743,1,gsm,A14
LA_E_6090813,1,opus,A08
LA_E_6090990,1,gsm,A17
LA_E_6091275,1,none,A14
LA_E_6091343,0,pstn,bonafide
LA_E_6091473,1,g722,A11
LA_E_6091944,1,g722,A12
LA_E_6092023,1,gsm,A15
LA_E_6092554,1,g722,A13
LA_E_6092809,1,alaw,A08
LA_E_6092919,1,g722,A19
LA_E_6093035,1,pstn,A16
LA_E_6093196,1,g722,A13
LA_E_6093304,1,ulaw,A10
LA_E_6093566,1,ulaw,A11
LA_E_6093731,1,ulaw,A07
LA_E_6093797,1,opus,A18
LA_E_6093843,1,none,A19
LA_E_6094220,1,ulaw,A11
LA_E_6094323,1,gsm,A13
LA_E_6094382,1,gsm,A18
LA_E_6094591,1,none,A16
LA_E_6094849,1,alaw,A17
LA_E_6094945,1,gsm,A12
LA_E_6095063,1,ulaw,A09
LA_E_6095757,1,ulaw,A14
LA_E_6096259,1,gsm,A13
LA_E_6096591,1,g722,A08
LA_E_6096857,1,opus,A10
LA_E_6097081,1,alaw,A17
LA_E_6097635,1,g722,A14
LA_E_6097771,1,g722,A18
LA_E_6098085,0,ulaw,bonafide
LA_E_6098564,1,opus,A14
LA_E_6098680,1,alaw,A10
LA_E_6099525,1,none,A08
LA_E_6099653,1,alaw,A15
LA_E_6100330,1,ulaw,A18
LA_E_6100424,0,gsm,bonafide
LA_E_6100651,1,gsm,A12
LA_E_6100890,1,alaw,A15
LA_E_6101177,1,g722,A18
LA_E_6101295,1,g722,A18
LA_E_6101609,1,gsm,A10
LA_E_6102960,1,opus,A11
LA_E_6103346,1,ulaw,A08
LA_E_6104772,1,pstn,A13
LA_E_6105100,1,opus,A08
LA_E_6105177,1,gsm,A14
LA_E_6105406,1,gsm,A08
LA_E_6105785,1,pstn,A16
LA_E_6107045,1,g722,A07
LA_E_6107048,1,alaw,A09
LA_E_6107121,1,opus,A14
LA_E_6107821,1,g722,A09
LA_E_6108267,1,alaw,A08
LA_E_6108370,1,pstn,A18
LA_E_6109254,1,pstn,A15
LA_E_6109386,1,gsm,A11
LA_E_6109877,1,pstn,A16
LA_E_6110124,1,gsm,A13
LA_E_6110497,1,pstn,A08
LA_E_6110561,1,opus,A08
LA_E_6111138,1,alaw,A15
LA_E_6111663,1,alaw,A09
LA_E_6111909,1,pstn,A19
LA_E_6111937,1,ulaw,A14
LA_E_6111940,1,gsm,A19
LA_E_6112005,1,gsm,A12
LA_E_6112090,1,opus,A14
LA_E_6113253,1,pstn,A17
LA_E_6113594,1,g722,A07
LA_E_6113602,1,alaw,A07
LA_E_6113990,1,gsm,A09
LA_E_6114211,1,pstn,A07
LA_E_6114771,1,g722,A15
LA_E_6114846,0,ulaw,bonafide
LA_E_6114916,1,opus,A12
LA_E_6115407,1,gsm,A13
LA_E_6116469,0,pstn,bonafide
LA_E_6116910,1,alaw,A19
LA_E_6116951,1,pstn,A15
LA_E_6117144,1,none,A17
LA_E_6117840,1,alaw,A09
LA_E_6118509,1,opus,A14
LA_E_6118558,1,alaw,A14
LA_E_6118631,1,pstn,A13
LA_E_6119634,1,opus,A08
LA_E_6119658,1,none,A17
LA_E_6119836,1,opus,A15
LA_E_6120011,1,pstn,A13
LA_E_6120380,0,ulaw,bonafide
LA_E_6120457,0,alaw,bonafide
LA_E_6120702,1,none,A10
LA_E_6121024,1,g722,A18
LA_E_6121423,1,pstn,A18
LA_E_6121599,1,g722,A10
LA_E_6121802,1,pstn,A12
LA_E_6121812,1,g722,A18
LA_E_6121895,0,alaw,bonafide
LA_E_6122373,1,pstn,A11
LA_E_6123089,1,opus,A13
LA_E_6123179,1,gsm,A14
LA_E_6123201,1,none,A12
LA_E_6123456,1,opus,A10
LA_E_6124105,1,ulaw,A13
LA_E_6124180,1,alaw,A14
LA_E_6124470,0,pstn,bonafide
LA_E_6124626,1,none,A14
LA_E_6124714,1,ulaw,A14
LA_E_6125294,1,gsm,A17
LA_E_6125413,1,pstn,A15
LA_E_6125519,1,opus,A13
LA_E_6125570,1,pstn,A07
LA_E_6125630,1,alaw,A18
LA_E_6126026,1,gsm,A10
LA_E_6126470,1,opus,A19
LA_E_6126880,1,ulaw,A18
LA_E_6127318,1,ulaw,A13
LA_E_6127691,1,gsm,A07
LA_E_6127696,1,opus,A08
LA_E_6127728,1,gsm,A13
LA_E_6128313,1,ulaw,A17
LA_E_6128406,1,ulaw,A08
LA_E_6128751,0,gsm,bonafide
LA_E_6129376,0,ulaw,bonafide
LA_E_6129690,1,alaw,A17
LA_E_6129739,1,pstn,A12
LA_E_6129797,1,ulaw,A19
LA_E_6130543,1,alaw,A10
LA_E_6130554,1,opus,A17
LA_E_6130736,1,alaw,A14
LA_E_6131000,1,none,A17
LA_E_6131139,1,pstn,A12
LA_E_6131919,1,opus,A07
LA_E_6132039,1,g722,A15
LA_E_6132513,1,ulaw,A15
LA_E_6133321,1,g722,A12
LA_E_6133684,1,alaw,A11
LA_E_6133803,0,ulaw,bonafide
LA_E_6134104,1,ulaw,A15
LA_E_6134651,0,opus,bonafide
LA_E_6134802,1,alaw,A09
LA_E_6135781,1,opus,A19
LA_E_6136173,1,opus,A09
LA_E_6136822,1,gsm,A16
LA_E_6137004,0,gsm,bonafide
LA_E_6137085,1,ulaw,A12
LA_E_6138149,1,ulaw,A10
LA_E_6138707,0,opus,bonafide
LA_E_6138748,1,gsm,A17
LA_E_6138885,1,opus,A11
LA_E_6138960,1,gsm,A17
LA_E_6139587,0,ulaw,bonafide
LA_E_6139996,1,ulaw,A14
LA_E_6140009,1,ulaw,A11
LA_E_6140608,1,gsm,A09
LA_E_6140834,1,g722,A12
LA_E_6141390,1,opus,A13
LA_E_6142199,0,pstn,bonafide
LA_E_6142772,1,none,A09
LA_E_6142898,1,none,A15
LA_E_6143253,1,opus,A13
LA_E_6143273,1,pstn,A09
LA_E_6143815,1,gsm,A18
LA_E_6144136,1,pstn,A09
LA_E_6144243,1,opus,A18
LA_E_6144662,1,none,A19
LA_E_6145122,1,ulaw,A17
LA_E_6145293,1,opus,A08
LA_E_6145419,1,pstn,A15
LA_E_6145514,1,gsm,A11
LA_E_6146371,1,none,A11
LA_E_6146645,0,none,bonafide
LA_E_6146652,1,pstn,A16
LA_E_6147236,1,alaw,A12
LA_E_6147426,1,opus,A10
LA_E_6147620,0,gsm,bonafide
LA_E_6147691,1,alaw,A14
LA_E_6147839,1,alaw,A14
LA_E_6148392,1,none,A13
LA_E_6149207,0,gsm,bonafide
LA_E_6149274,0,none,bonafide
LA_E_6149313,1,pstn,A19
LA_E_6149537,1,pstn,A15
LA_E_6149742,1,alaw,A12
LA_E_6149928,1,none,A08
LA_E_6150012,1,gsm,A14
LA_E_6150021,1,alaw,A07
LA_E_6150055,1,g722,A13
LA_E_6150069,1,none,A09
LA_E_6150216,1,opus,A13
LA_E_6150235,1,pstn,A08
LA_E_6150781,0,pstn,bonafide
LA_E_6151033,1,pstn,A08
LA_E_6151179,1,ulaw,A14
LA_E_6151839,1,ulaw,A15
LA_E_6152014,1,g722,A07
LA_E_6152195,1,gsm,A17
LA_E_6152283,1,gsm,A10
LA_E_6152343,1,ulaw,A18
LA_E_6152518,0,pstn,bonafide
LA_E_6153230,1,pstn,A09
LA_E_6153920,0,opus,bonafide
LA_E_6154243,1,none,A17
LA_E_6154857,0,ulaw,bonafide
LA_E_6154991,0,g722,bonafide
LA_E_6155265,1,alaw,A16
LA_E_6155808,1,g722,A19
LA_E_6155817,1,gsm,A09
LA_E_6156200,0,g722,bonafide
LA_E_6156669,1,opus,A13
LA_E_6156962,1,pstn,A17
LA_E_6157204,0,ulaw,bonafide
LA_E_6157301,1,gsm,A16
LA_E_6157335,1,opus,A07
LA_E_6157679,1,opus,A18
LA_E_6157829,1,none,A14
LA_E_6158093,1,g722,A19
LA_E_6158199,1,pstn,A14
LA_E_6158552,1,pstn,A17
LA_E_6158699,1,ulaw,A11
LA_E_6158822,0,g722,bonafide
LA_E_6158977,1,opus,A18
LA_E_6159256,1,ulaw,A15
LA_E_6159332,1,alaw,A19
LA_E_6159408,1,opus,A07
LA_E_6159760,1,g722,A18
LA_E_6159774,0,opus,bonafide
LA_E_6160060,1,none,A14
LA_E_6160082,1,none,A13
LA_E_6160636,1,opus,A12
LA_E_6160932,1,opus,A09
LA_E_6161105,1,opus,A13
LA_E_6161295,1,gsm,A16
LA_E_6161463,1,g722,A14
LA_E_6161481,1,opus,A17
LA_E_6162519,1,ulaw,A15
LA_E_6162636,1,opus,A09
LA_E_6163249,1,opus,A11
LA_E_6163731,1,ulaw,A16
LA_E_6163975,1,ulaw,A17
LA_E_6164304,1,ulaw,A11
LA_E_6164783,1,opus,A07
LA_E_6165506,1,opus,A17
LA_E_6165712,1,ulaw,A11
LA_E_6166112,0,alaw,bonafide
LA_E_6166195,1,gsm,A07
LA_E_6166676,1,gsm,A17
LA_E_6166684,0,ulaw,bonafide
LA_E_6166845,1,opus,A07
LA_E_6166877,1,none,A12
LA_E_6167059,1,g722,A16
LA_E_6167407,1,g722,A16
LA_E_6167431,1,g722,A12
LA_E_6167455,1,alaw,A11
LA_E_6167657,1,pstn,A07
LA_E_6168567,1,ulaw,A10
LA_E_6168832,1,ulaw,A10
LA_E_6169768,1,none,A10
LA_E_6169828,1,gsm,A09
LA_E_6170087,1,gsm,A19
LA_E_6170612,1,alaw,A16
LA_E_6170840,1,gsm,A16
LA_E_6170844,1,none,A10
LA_E_6170905,1,g722,A14
LA_E_6171661,1,opus,A11
LA_E_6171703,1,opus,A07
LA_E_6171990,1,alaw,A10
LA_E_6173712,1,ulaw,A17
LA_E_6174082,1,none,A10
LA_E_6174198,1,opus,A17
LA_E_6174298,1,gsm,A09
LA_E_6174362,1,alaw,A09
LA_E_6174972,1,opus,A09
LA_E_6175197,1,opus,A07
LA_E_6175626,0,opus,bonafide
LA_E_6176530,1,alaw,A10
LA_E_6176829,0,ulaw,bonafide
LA_E_6177680,1,none,A09
LA_E_6177818,1,g722,A18
LA_E_6177898,1,ulaw,A10
LA_E_6178077,1,none,A08
LA_E_6178633,1,pstn,A13
LA_E_6180501,1,none,A18
LA_E_6181196,1,opus,A07
LA_E_6181454,1,ulaw,A08
LA_E_6182061,1,none,A13
LA_E_6182471,1,g722,A10
LA_E_6182699,1,gsm,A10
LA_E_6182861,1,none,A07
LA_E_6182893,1,opus,A07
LA_E_6182942,1,gsm,A15
LA_E_6183159,1,g722,A17
LA_E_6183279,1,opus,A09
LA_E_6183312,1,ulaw,A12
LA_E_6183365,1,none,A07
LA_E_6183674,1,opus,A09
LA_E_6183859,1,opus,A12
LA_E_6183971,1,ulaw,A09
LA_E_6184121,1,alaw,A11
LA_E_6184483,1,ulaw,A17
LA_E_6184521,1,alaw,A12
LA_E_6184827,1,ulaw,A13
LA_E_6186417,0,opus,bonafide
LA_E_6186460,1,opus,A15
LA_E_6186789,1,ulaw,A12
LA_E_6186845,1,opus,A11
LA_E_6187260,1,ulaw,A17
LA_E_6187527,1,g722,A16
LA_E_6188040,1,gsm,A14
LA_E_6188278,1,gsm,A17
LA_E_6188334,1,ulaw,A11
LA_E_6188909,1,ulaw,A19
LA_E_6190173,1,opus,A16
LA_E_6190509,1,none,A15
LA_E_6190812,1,gsm,A16
LA_E_6190876,1,gsm,A12
LA_E_6191212,1,ulaw,A07
LA_E_6191253,1,pstn,A10
LA_E_6191351,0,ulaw,bonafide
LA_E_6191623,1,gsm,A10
LA_E_6192973,1,alaw,A16
LA_E_6193318,1,alaw,A07
LA_E_6193547,0,g722,bonafide
LA_E_6194165,1,opus,A19
LA_E_6194274,1,pstn,A13
LA_E_6194298,1,opus,A18
LA_E_6194380,1,alaw,A19
LA_E_6194490,1,alaw,A09
LA_E_6194518,1,g722,A11
LA_E_6194857,1,gsm,A07
LA_E_6194867,1,gsm,A08
LA_E_6195413,1,pstn,A08
LA_E_6195953,1,gsm,A15
LA_E_6195981,1,pstn,A17
LA_E_6196125,1,gsm,A16
LA_E_6196206,1,opus,A07
LA_E_6196726,1,opus,A12
LA_E_6196873,1,none,A14
LA_E_6197223,1,g722,A07
LA_E_6197555,1,none,A08
LA_E_6197563,1,g722,A07
LA_E_6197831,1,none,A12
LA_E_6197953,1,gsm,A11
LA_E_6198633,1,opus,A07
LA_E_6198863,1,opus,A15
LA_E_6198894,0,alaw,bonafide
LA_E_6199569,1,pstn,A16
LA_E_6199686,1,g722,A12
LA_E_6199701,1,gsm,A12
LA_E_6199865,1,opus,A16
LA_E_6199870,1,opus,A11
LA_E_6199988,1,g722,A11
LA_E_6200078,1,opus,A17
LA_E_6200529,1,none,A11
LA_E_6201252,1,gsm,A17
LA_E_6201349,1,ulaw,A10
LA_E_6201399,1,g722,A17
LA_E_6201506,1,alaw,A16
LA_E_6201960,1,gsm,A17
LA_E_6202036,1,alaw,A08
LA_E_6202102,1,g722,A09
LA_E_6202855,1,gsm,A11
LA_E_6203364,1,pstn,A09
LA_E_6203582,1,ulaw,A18
LA_E_6203961,1,ulaw,A17
LA_E_6204010,0,alaw,bonafide
LA_E_6204037,1,pstn,A12
LA_E_6204241,1,alaw,A19
LA_E_6204523,0,none,bonafide
LA_E_6204801,1,opus,A15
LA_E_6205191,1,gsm,A08
LA_E_6205381,1,ulaw,A09
LA_E_6205648,1,none,A07
LA_E_6205773,1,none,A08
LA_E_6206262,1,opus,A17
LA_E_6206487,0,opus,bonafide
LA_E_6206815,1,g722,A19
LA_E_6207529,1,g722,A10
LA_E_6207906,1,pstn,A07
LA_E_6207955,1,none,A09
LA_E_6208817,1,gsm,A07
LA_E_6209077,1,opus,A07
LA_E_6209945,1,g722,A11
LA_E_6210006,1,alaw,A09
LA_E_6210160,1,opus,A15
LA_E_6210203,1,ulaw,A19
LA_E_6210335,1,ulaw,A10
LA_E_6211074,1,ulaw,A14
LA_E_6211080,1,opus,A16
LA_E_6211297,1,opus,A13
LA_E_6211509,1,gsm,A16
LA_E_6211514,1,ulaw,A16
LA_E_6211761,1,gsm,A13
LA_E_6212212,1,pstn,A12
LA_E_6212428,0,g722,bonafide
LA_E_6212526,1,g722,A13
LA_E_6212812,1,g722,A17
LA_E_6213128,1,ulaw,A07
LA_E_6213204,1,alaw,A15
LA_E_6213205,1,ulaw,A07
LA_E_6213609,1,pstn,A18
LA_E_6213873,1,ulaw,A07
LA_E_6213906,0,pstn,bonafide
LA_E_6213969,1,pstn,A09
LA_E_6214073,1,g722,A14
LA_E_6214477,1,g722,A16
LA_E_6215191,0,none,bonafide
LA_E_6215280,1,alaw,A18
LA_E_6215412,1,ulaw,A11
LA_E_6215668,1,alaw,A16
LA_E_6216156,1,gsm,A17
LA_E_6216394,1,g722,A12
LA_E_6218410,1,opus,A19
LA_E_6218664,0,pstn,bonafide
LA_E_6219480,1,gsm,A18
LA_E_6219703,1,none,A18
LA_E_6219984,1,pstn,A11
LA_E_6220315,1,ulaw,A11
LA_E_6221352,1,ulaw,A07
LA_E_6221716,1,opus,A15
LA_E_6222170,1,ulaw,A16
LA_E_6222316,1,gsm,A09
LA_E_6222488,1,g722,A11
LA_E_6222555,1,g722,A13
LA_E_6222796,1,none,A16
LA_E_6223488,1,pstn,A07
LA_E_6223674,1,opus,A16
LA_E_6223793,1,opus,A12
LA_E_6224513,1,opus,A18
LA_E_6224570,1,gsm,A17
LA_E_6224811,1,alaw,A16
LA_E_6224818,1,none,A19
LA_E_6225489,0,ulaw,bonafide
LA_E_6225545,1,opus,A10
LA_E_6226188,1,ulaw,A17
LA_E_6226447,1,none,A19
LA_E_6226614,1,alaw,A18
LA_E_6227248,1,gsm,A15
LA_E_6227350,1,gsm,A16
LA_E_6228000,1,pstn,A08
LA_E_6228078,1,pstn,A16
LA_E_6228238,1,none,A13
LA_E_6228239,1,g722,A14
LA_E_6228465,1,pstn,A07
LA_E_6229458,1,opus,A19
LA_E_6229611,1,ulaw,A07
LA_E_6229732,1,opus,A08
LA_E_6230717,1,pstn,A09
LA_E_6230883,1,opus,A18
LA_E_6231164,1,pstn,A12
LA_E_6231354,1,pstn,A15
LA_E_6231659,1,opus,A15
LA_E_6232338,1,ulaw,A13
LA_E_6232497,1,gsm,A07
LA_E_6233015,1,none,A07
LA_E_6233332,1,g722,A15
LA_E_6233534,0,opus,bonafide
LA_E_6233816,1,gsm,A13
LA_E_6234428,1,alaw,A07
LA_E_6234600,1,opus,A18
LA_E_6234756,1,ulaw,A11
LA_E_6234913,1,gsm,A07
LA_E_6235064,0,opus,bonafide
LA_E_6235333,1,pstn,A17
LA_E_6235364,1,gsm,A08
LA_E_6235635,1,gsm,A19
LA_E_6236154,0,ulaw,bonafide
LA_E_6236864,1,alaw,A09
LA_E_6237015,1,alaw,A09
LA_E_6237724,1,opus,A10
LA_E_6237960,1,opus,A13
LA_E_6238119,0,ulaw,bonafide
LA_E_6238312,1,opus,A09
LA_E_6239044,1,opus,A13
LA_E_6239444,1,gsm,A11
LA_E_6239591,1,gsm,A15
LA_E_6240004,0,g722,bonafide
LA_E_6240063,1,ulaw,A14
LA_E_6240072,0,gsm,bonafide
LA_E_6240663,1,ulaw,A19
LA_E_6241543,1,gsm,A13
LA_E_6242264,1,gsm,A19
LA_E_6242524,1,g722,A14
LA_E_6242619,1,pstn,A17
LA_E_6242955,1,alaw,A15
LA_E_6243094,1,pstn,A09
LA_E_6243199,1,pstn,A16
LA_E_6243216,1,pstn,A19
LA_E_6243345,1,gsm,A12
LA_E_6243633,1,ulaw,A12
LA_E_6244035,1,pstn,A18
LA_E_6244232,1,opus,A13
LA_E_6244234,1,pstn,A10
LA_E_6244527,1,alaw,A10
LA_E_6244706,1,gsm,A17
LA_E_6244913,1,pstn,A11
LA_E_6245065,1,gsm,A18
LA_E_6245106,0,opus,bonafide
LA_E_6245153,1,none,A12
LA_E_6245247,1,opus,A07
LA_E_6245478,1,ulaw,A19
LA_E_6245588,1,g722,A08
LA_E_6245636,1,alaw,A17
LA_E_6246036,1,pstn,A11
LA_E_6246082,1,gsm,A16
LA_E_6246091,0,alaw,bonafide
LA_E_6246178,1,pstn,A11
LA_E_6246196,1,pstn,A15
LA_E_6246210,1,ulaw,A13
LA_E_6246240,1,opus,A17
LA_E_6246893,1,alaw,A13
LA_E_6247161,1,opus,A08
LA_E_6247373,1,none,A16
LA_E_6247388,1,g722,A10
LA_E_6247528,1,g722,A08
LA_E_6247576,1,opus,A11
LA_E_6247697,1,pstn,A19
LA_E_6247723,1,none,A17
LA_E_6247735,1,none,A14
LA_E_6248042,1,ulaw,A17
LA_E_6248341,1,ulaw,A15
LA_E_6248756,1,alaw,A16
LA_E_6249043,1,pstn,A09
LA_E_6249064,1,none,A18
LA_E_6249235,1,gsm,A07
LA_E_6249257,1,ulaw,A13
LA_E_6249355,1,pstn,A15
LA_E_6249466,1,opus,A14
LA_E_6249548,1,gsm,A18
LA_E_6249576,1,gsm,A07
LA_E_6249616,1,opus,A07
LA_E_6250283,1,gsm,A08
LA_E_6250293,1,ulaw,A15
LA_E_6250532,1,opus,A13
LA_E_6251242,1,gsm,A15
LA_E_6251299,1,g722,A08
LA_E_6251448,0,g722,bonafide
LA_E_6251498,1,g722,A13
LA_E_6251965,0,none,bonafide
LA_E_6252036,1,alaw,A16
LA_E_6252074,0,pstn,bonafide
LA_E_6252509,0,gsm,bonafide
LA_E_6252662,1,opus,A08
LA_E_6253121,1,pstn,A11
LA_E_6253376,1,opus,A16
LA_E_6253420,1,pstn,A08
LA_E_6253635,1,pstn,A07
LA_E_6253790,1,pstn,A08
LA_E_6254064,1,ulaw,A08
LA_E_6254356,1,alaw,A18
LA_E_6255075,1,none,A16
LA_E_6255453,1,none,A18
LA_E_6255707,1,alaw,A11
LA_E_6255966,1,alaw,A14
LA_E_6256590,1,pstn,A14
LA_E_6256636,1,gsm,A16
LA_E_6256711,1,opus,A15
LA_E_6257200,0,ulaw,bonafide
LA_E_6257691,1,opus,A12
LA_E_6257958,1,ulaw,A17
LA_E_6258175,1,none,A19
LA_E_6258258,1,ulaw,A15
LA_E_6258282,1,alaw,A10
LA_E_6258349,1,g722,A15
LA_E_6258564,1,none,A12
LA_E_6258771,1,opus,A19
LA_E_6258835,1,none,A11
LA_E_6259292,1,ulaw,A19
LA_E_6259527,1,opus,A15
LA_E_6259531,1,none,A10
LA_E_6259888,1,ulaw,A14
LA_E_6260931,1,ulaw,A13
LA_E_6260972,0,none,bonafide
LA_E_6261190,0,pstn,bonafide
LA_E_6261457,1,ulaw,A10
LA_E_6261908,1,ulaw,A14
LA_E_6262074,1,none,A12
LA_E_6262338,1,g722,A18
LA_E_6262554,1,gsm,A11
LA_E_6262765,1,alaw,A09
LA_E_6263103,1,pstn,A18
LA_E_6263367,1,g722,A13
LA_E_6263961,1,alaw,A18
LA_E_6264009,1,ulaw,A14
LA_E_6264392,1,pstn,A13
LA_E_6264835,1,ulaw,A11
LA_E_6265131,1,pstn,A16
LA_E_6265695,1,g722,A16
LA_E_6265998,0,opus,bonafide
LA_E_6266020,1,alaw,A19
LA_E_6266234,1,ulaw,A07
LA_E_6266310,1,ulaw,A07
LA_E_6266955,1,ulaw,A12
LA_E_6267164,1,alaw,A12
LA_E_6267184,1,opus,A15
LA_E_6267549,1,pstn,A14
LA_E_6268759,1,ulaw,A18
LA_E_6269424,1,pstn,A10
LA_E_6269706,1,ulaw,A10
LA_E_6269879,1,none,A17
LA_E_6270003,1,none,A10
LA_E_6270204,1,pstn,A11
LA_E_6270935,1,ulaw,A18
LA_E_6270999,1,g722,A10
LA_E_6271114,1,ulaw,A14
LA_E_6271341,1,opus,A18
LA_E_6271365,1,pstn,A12
LA_E_6271649,1,gsm,A15
LA_E_6271887,1,opus,A09
LA_E_6272034,1,gsm,A12
LA_E_6272094,1,gsm,A19
LA_E_6272362,1,ulaw,A10
LA_E_6272380,1,gsm,A09
LA_E_6272960,1,alaw,A15
LA_E_6272964,1,opus,A15
LA_E_6273210,1,opus,A11
LA_E_6273809,1,opus,A14
LA_E_6274009,1,none,A16
LA_E_6274575,1,pstn,A17
LA_E_6274590,1,alaw,A07
LA_E_6274823,1,alaw,A16
LA_E_6274932,0,pstn,bonafide
LA_E_6274975,0,alaw,bonafide
LA_E_6275831,1,opus,A11
LA_E_6275962,1,opus,A11
LA_E_6276231,1,ulaw,A14
LA_E_6276631,1,none,A13
LA_E_6276889,1,opus,A09
LA_E_6277078,1,ulaw,A11
LA_E_6277326,1,pstn,A10
LA_E_6278092,1,gsm,A08
LA_E_6278577,1,opus,A16
LA_E_6278648,1,gsm,A09
LA_E_6279270,1,gsm,A11
LA_E_6279396,1,ulaw,A08
LA_E_6280237,0,alaw,bonafide
LA_E_6280276,1,opus,A17
LA_E_6280499,1,none,A15
LA_E_6281050,1,pstn,A07
LA_E_6281374,1,g722,A08
LA_E_6282123,1,ulaw,A07
LA_E_6282155,1,opus,A07
LA_E_6282534,1,pstn,A08
LA_E_6282828,1,opus,A16
LA_E_6283063,1,ulaw,A15
LA_E_6283159,1,gsm,A15
LA_E_6283479,0,ulaw,bonafide
LA_E_6283632,1,alaw,A11
LA_E_6283755,1,g722,A19
LA_E_6283774,1,opus,A09
LA_E_6283929,1,ulaw,A09
LA_E_6284142,1,ulaw,A11
LA_E_6284421,1,none,A08
LA_E_6284489,1,pstn,A07
LA_E_6284566,1,g722,A17
LA_E_6284596,1,none,A10
LA_E_6284993,0,g722,bonafide
LA_E_6285173,1,opus,A16
LA_E_6285514,1,alaw,A14
LA_E_6286013,0,pstn,bonafide
LA_E_6286128,1,opus,A16
LA_E_6286451,1,g722,A15
LA_E_6286461,1,g722,A12
LA_E_6287067,1,pstn,A14
LA_E_6287497,1,ulaw,A09
LA_E_6287724,1,gsm,A09
LA_E_6288175,1,alaw,A16
LA_E_6288494,1,gsm,A11
LA_E_6288641,1,g722,A10
LA_E_6288791,1,alaw,A08
LA_E_6288818,1,ulaw,A08
LA_E_6288937,1,g722,A15
LA_E_6289006,0,alaw,bonafide
LA_E_6289177,1,none,A18
LA_E_6289354,1,pstn,A13
LA_E_6289626,1,gsm,A11
LA_E_6290342,1,pstn,A08
LA_E_6290407,1,ulaw,A09
LA_E_6291134,1,pstn,A16
LA_E_6291157,1,gsm,A13
LA_E_6291428,1,ulaw,A08
LA_E_6291653,1,pstn,A16
LA_E_6291962,1,ulaw,A15
LA_E_6292695,1,ulaw,A10
LA_E_6292857,1,g722,A16
LA_E_6293076,1,gsm,A18
LA_E_6293266,1,g722,A12
LA_E_6293270,1,opus,A17
LA_E_6293330,1,pstn,A15
LA_E_6293571,1,gsm,A13
LA_E_6293644,1,alaw,A16
LA_E_6293676,1,none,A19
LA_E_6293685,1,g722,A10
LA_E_6294020,1,g722,A09
LA_E_6294452,1,ulaw,A18
LA_E_6295302,1,pstn,A17
LA_E_6295613,0,gsm,bonafide
LA_E_6296356,0,ulaw,bonafide
LA_E_6296674,1,gsm,A09
LA_E_6297018,1,opus,A10
LA_E_6298097,1,none,A14
LA_E_6298400,1,opus,A12
LA_E_6298682,1,ulaw,A11
LA_E_6299053,1,g722,A13
LA_E_6299730,1,ulaw,A16
LA_E_6299765,1,g722,A13
LA_E_6300137,1,g722,A08
LA_E_6300323,1,gsm,A12
LA_E_6300727,1,ulaw,A15
LA_E_6301339,1,opus,A14
LA_E_6301691,1,opus,A09
LA_E_6302374,1,opus,A08
LA_E_6302763,1,opus,A19
LA_E_6302768,1,gsm,A18
LA_E_6303087,1,none,A10
LA_E_6303375,1,ulaw,A09
LA_E_6303895,1,alaw,A13
LA_E_6304818,1,none,A07
LA_E_6305011,1,opus,A18
LA_E_6305061,0,gsm,bonafide
LA_E_6305608,1,pstn,A07
LA_E_6305631,1,gsm,A09
LA_E_6305737,1,gsm,A16
LA_E_6306237,1,gsm,A10
LA_E_6306396,1,gsm,A13
LA_E_6306511,1,gsm,A19
LA_E_6307126,1,opus,A15
LA_E_6307209,1,g722,A16
LA_E_6307491,1,gsm,A19
LA_E_6307731,1,ulaw,A15
LA_E_6307930,1,pstn,A09
LA_E_6308576,1,gsm,A13
LA_E_6308648,1,opus,A11
LA_E_6309192,1,opus,A12
LA_E_6309442,1,ulaw,A11
LA_E_6309690,1,opus,A14
LA_E_6309843,1,none,A14
LA_E_6310253,1,pstn,A07
LA_E_6310505,1,g722,A19
LA_E_6310523,1,ulaw,A14
LA_E_6311116,0,gsm,bonafide
LA_E_6311184,1,opus,A11
LA_E_6311743,1,ulaw,A15
LA_E_6311872,1,opus,A18
LA_E_6312065,1,pstn,A13
LA_E_6312165,1,g722,A12
LA_E_6312208,1,pstn,A16
LA_E_6312231,1,opus,A10
LA_E_6312275,1,opus,A15
LA_E_6312621,1,none,A12
LA_E_6312641,1,alaw,A09
LA_E_6312856,1,opus,A13
LA_E_6312983,1,opus,A10
LA_E_6313592,1,pstn,A16
LA_E_6314255,1,pstn,A17
LA_E_6314736,1,alaw,A11
LA_E_6314858,1,pstn,A09
LA_E_6314924,1,g722,A07
LA_E_6315514,0,gsm,bonafide
LA_E_6316076,1,opus,A19
LA_E_6316606,1,none,A09
LA_E_6317361,1,none,A16
LA_E_6317385,1,ulaw,A12
LA_E_6317663,1,gsm,A08
LA_E_6318028,1,alaw,A15
LA_E_6318064,1,none,A16
LA_E_6318413,1,gsm,A13
LA_E_6318868,1,ulaw,A09
LA_E_6318986,1,pstn,A12
LA_E_6320166,1,opus,A09
LA_E_6320240,1,alaw,A19
LA_E_6320446,1,none,A11
LA_E_6320503,1,g722,A17
LA_E_6320791,1,ulaw,A08
LA_E_6321279,1,g722,A16
LA_E_6322162,1,opus,A11
LA_E_6322508,1,ulaw,A14
LA_E_6323287,1,gsm,A12
LA_E_6323363,1,alaw,A11
LA_E_6324743,1,pstn,A18
LA_E_6324863,1,pstn,A08
LA_E_6325353,1,g722,A18
LA_E_6325597,1,ulaw,A14
LA_E_6325626,1,opus,A09
LA_E_6326261,1,opus,A08
LA_E_6326437,0,none,bonafide
LA_E_6326549,1,opus,A19
LA_E_6326965,1,alaw,A13
LA_E_6327139,0,pstn,bonafide
LA_E_6327882,1,gsm,A14
LA_E_6328286,1,gsm,A15
LA_E_6328515,1,g722,A09
LA_E_6328629,1,g722,A18
LA_E_6328863,0,alaw,bonafide
LA_E_6329003,1,ulaw,A13
LA_E_6330020,1,pstn,A16
LA_E_6330173,1,gsm,A14
LA_E_6330604,1,ulaw,A16
LA_E_6330860,1,opus,A07
LA_E_6331258,0,g722,bonafide
LA_E_6331367,1,alaw,A16
LA_E_6331876,1,none,A10
LA_E_6331924,1,gsm,A10
LA_E_6332035,1,gsm,A12
LA_E_6333744,0,none,bonafide
LA_E_6333964,1,pstn,A07
LA_E_6334023,1,opus,A10
LA_E_6334118,1,gsm,A18
LA_E_6334262,1,ulaw,A17
LA_E_6334526,1,g722,A07
LA_E_6335943,1,none,A11
LA_E_6336372,1,gsm,A15
LA_E_6336421,1,pstn,A11
LA_E_6336440,0,opus,bonafide
LA_E_6336522,1,opus,A13
LA_E_6337638,1,none,A14
LA_E_6337903,1,gsm,A19
LA_E_6338080,1,ulaw,A11
LA_E_6338327,1,gsm,A12
LA_E_6339432,1,opus,A13
LA_E_6340920,1,gsm,A08
LA_E_6341045,1,pstn,A15
LA_E_6341060,1,alaw,A09
LA_E_6341258,1,alaw,A12
LA_E_6341528,1,gsm,A09
LA_E_6341569,1,alaw,A11
LA_E_6341796,1,ulaw,A16
LA_E_6342078,1,g722,A14
LA_E_6342670,1,none,A07
LA_E_6343012,1,gsm,A07
LA_E_6343189,1,pstn,A09
LA_E_6343358,1,gsm,A14
LA_E_6344112,1,g722,A08
LA_E_6344203,1,opus,A16
LA_E_6344460,1,ulaw,A18
LA_E_6344782,1,pstn,A11
LA_E_6344885,1,pstn,A11
LA_E_6345025,1,ulaw,A17
LA_E_6346027,1,g722,A12
LA_E_6346049,1,none,A14
LA_E_6346061,1,pstn,A10
LA_E_6346703,1,gsm,A07
LA_E_6346829,1,alaw,A12
LA_E_6346866,0,alaw,bonafide
LA_E_6347019,1,none,A13
LA_E_6347940,1,g722,A07
LA_E_6348064,1,none,A09
LA_E_6348497,1,none,A13
LA_E_6348911,1,alaw,A07
LA_E_6349348,1,gsm,A07
LA_E_6349792,1,gsm,A09
LA_E_6350098,1,g722,A15
LA_E_6350197,1,ulaw,A17
LA_E_6350324,1,opus,A18
LA_E_6350427,1,ulaw,A15
LA_E_6351078,1,ulaw,A16
LA_E_6351226,1,ulaw,A17
LA_E_6351239,1,none,A19
LA_E_6351376,1,opus,A11
LA_E_6351629,1,alaw,A14
LA_E_6352066,1,none,A14
LA_E_6352273,1,gsm,A11
LA_E_6352397,1,g722,A11
LA_E_6352735,1,alaw,A15
LA_E_6353125,1,alaw,A16
LA_E_6353295,1,opus,A10
LA_E_6353351,1,opus,A11
LA_E_6353618,1,alaw,A08
LA_E_6354983,1,alaw,A13
LA_E_6355475,1,pstn,A12
LA_E_6355556,1,g722,A14
LA_E_6356285,1,ulaw,A17
LA_E_6356306,1,alaw,A16
LA_E_6356365,1,none,A17
LA_E_6357358,1,ulaw,A18
LA_E_6357428,1,none,A18
LA_E_6357652,1,gsm,A16
LA_E_6357981,1,g722,A09
LA_E_6358259,1,gsm,A13
LA_E_6358773,1,gsm,A15
LA_E_6358995,1,ulaw,A07
LA_E_6359004,1,gsm,A19
LA_E_6359465,1,pstn,A10
LA_E_6360106,1,gsm,A17
LA_E_6360780,1,gsm,A18
LA_E_6360878,1,none,A15
LA_E_6360884,1,gsm,A09
LA_E_6361115,1,gsm,A09
LA_E_6361128,1,pstn,A19
LA_E_6361621,1,alaw,A11
LA_E_6362117,1,pstn,A07
LA_E_6362127,1,gsm,A19
LA_E_6362305,0,none,bonafide
LA_E_6362839,1,alaw,A18
LA_E_6362871,1,alaw,A18
LA_E_6363020,1,opus,A10
LA_E_6363369,0,pstn,bonafide
LA_E_6363573,1,ulaw,A19
LA_E_6363853,0,none,bonafide
LA_E_6363879,1,pstn,A13
LA_E_6363925,1,ulaw,A08
LA_E_6364148,1,g722,A12
LA_E_6364189,1,gsm,A14
LA_E_6364927,1,none,A16
LA_E_6365855,1,alaw,A12
LA_E_6366400,1,ulaw,A18
LA_E_6366845,1,alaw,A14
LA_E_6366997,0,opus,bonafide
LA_E_6367356,1,gsm,A11
LA_E_6367371,1,alaw,A17
LA_E_6367706,1,gsm,A07
LA_E_6367774,1,opus,A12
LA_E_6369008,1,ulaw,A18
LA_E_6369239,1,gsm,A11
LA_E_6369304,1,g722,A18
LA_E_6369477,0,gsm,bonafide
LA_E_6369819,1,alaw,A14
LA_E_6370034,1,pstn,A14
LA_E_6370085,1,gsm,A16
LA_E_6370149,1,alaw,A17
LA_E_6370292,0,gsm,bonafide
LA_E_6370542,1,opus,A17
LA_E_6370543,1,g722,A15
LA_E_6370579,1,g722,A14
LA_E_6370910,1,opus,A13
LA_E_6371910,1,alaw,A13
LA_E_6372100,1,pstn,A14
LA_E_6372718,1,g722,A11
LA_E_6372958,1,g722,A10
LA_E_6374465,1,gsm,A10
LA_E_6374592,1,ulaw,A09
LA_E_6374619,1,gsm,A15
LA_E_6375291,1,pstn,A15
LA_E_6375735,1,ulaw,A09
LA_E_6376442,1,pstn,A17
LA_E_6376485,1,pstn,A08
LA_E_6376579,1,pstn,A13
LA_E_6376726,1,alaw,A17
LA_E_6377022,1,none,A13
LA_E_6377086,1,pstn,A10
LA_E_6377399,1,ulaw,A08
LA_E_6377602,1,pstn,A17
LA_E_6378177,1,none,A15
LA_E_6378277,1,g722,A07
LA_E_6378410,1,g722,A18
LA_E_6379096,1,pstn,A10
LA_E_6379779,1,gsm,A10
LA_E_6379886,1,none,A11
LA_E_6380008,1,opus,A14
LA_E_6380040,1,ulaw,A18
LA_E_6380116,1,opus,A17
LA_E_6380128,1,gsm,A15
LA_E_6380137,1,opus,A11
LA_E_6380277,1,none,A14
LA_E_6380772,0,gsm,bonafide
LA_E_6381075,1,gsm,A13
LA_E_6381154,1,alaw,A13
LA_E_6381356,1,opus,A12
LA_E_6381517,1,alaw,A07
LA_E_6381813,1,gsm,A13
LA_E_6382504,1,gsm,A11
LA_E_6382787,1,gsm,A09
LA_E_6383613,1,g722,A12
LA_E_6385090,1,ulaw,A19
LA_E_6385142,1,g722,A12
LA_E_6385688,1,ulaw,A16
LA_E_6385990,1,ulaw,A19
LA_E_6385995,1,ulaw,A10
LA_E_6386396,0,ulaw,bonafide
LA_E_6386981,1,gsm,A16
LA_E_6387097,1,g722,A15
LA_E_6387478,1,g722,A13
LA_E_6387844,1,none,A17
LA_E_6388304,1,none,A17
LA_E_6388723,1,ulaw,A17
LA_E_6388771,1,gsm,A13
LA_E_6388916,1,pstn,A08
LA_E_6389225,1,ulaw,A12
LA_E_6389314,1,none,A08
LA_E_6389359,1,pstn,A18
LA_E_6389462,1,opus,A08
LA_E_6389479,1,pstn,A10
LA_E_6389558,1,ulaw,A10
LA_E_6389685,1,alaw,A07
LA_E_6390072,0,gsm,bonafide
LA_E_6390372,1,ulaw,A15
LA_E_6390666,1,g722,A10
LA_E_6390956,1,ulaw,A13
LA_E_6391774,1,g722,A19
LA_E_6391986,1,ulaw,A15
LA_E_6392156,1,gsm,A07
LA_E_6392576,0,opus,bonafide
LA_E_6392962,1,opus,A10
LA_E_6392987,1,alaw,A12
LA_E_6393872,1,gsm,A11
LA_E_6393942,1,g722,A14
LA_E_6393950,0,ulaw,bonafide
LA_E_6393957,1,gsm,A16
LA_E_6394497,1,g722,A10
LA_E_6394801,1,g722,A09
LA_E_6395254,1,opus,A07
LA_E_6395272,1,pstn,A09
LA_E_6395759,1,alaw,A07
LA_E_6395817,1,g722,A15
LA_E_6396401,1,gsm,A12
LA_E_6396423,0,opus,bonafide
LA_E_6396736,1,alaw,A13
LA_E_6396741,1,g722,A16
LA_E_6396970,1,alaw,A09
LA_E_6397080,1,none,A18
LA_E_6397161,1,gsm,A13
LA_E_6397614,1,none,A17
LA_E_6397706,1,gsm,A09
LA_E_6398010,1,g722,A10
LA_E_6398448,1,pstn,A10
LA_E_6398471,1,alaw,A08
LA_E_6398541,0,alaw,bonafide
LA_E_6398687,1,ulaw,A19
LA_E_6399385,1,pstn,A07
LA_E_6399410,1,none,A18
LA_E_6400256,1,ulaw,A15
LA_E_6400762,1,pstn,A15
LA_E_6400774,1,alaw,A07
LA_E_6400785,1,alaw,A15
LA_E_6401513,1,opus,A08
LA_E_6401673,1,pstn,A16
LA_E_6402958,1,pstn,A16
LA_E_6403964,0,ulaw,bonafide
LA_E_6404271,0,alaw,bonafide
LA_E_6404495,1,gsm,A16
LA_E_6404535,1,g722,A08
LA_E_6405148,1,none,A10
LA_E_6405297,1,none,A12
LA_E_6405365,1,pstn,A08
LA_E_6405831,1,pstn,A09
LA_E_6406078,1,pstn,A17
LA_E_6406953,1,g722,A08
LA_E_6408108,1,alaw,A12
LA_E_6408148,1,ulaw,A07
LA_E_6408149,1,g722,A19
LA_E_6408329,0,gsm,bonafide
LA_E_6408671,1,pstn,A08
LA_E_6409034,0,gsm,bonafide
LA_E_6409659,1,ulaw,A12
LA_E_6409869,0,opus,bonafide
LA_E_6410317,1,opus,A13
LA_E_6410439,1,ulaw,A11
LA_E_6410541,1,gsm,A19
LA_E_6410603,1,none,A16
LA_E_6411262,0,g722,bonafide
LA_E_6411310,1,ulaw,A17
LA_E_6411779,1,none,A13
LA_E_6412325,0,none,bonafide
LA_E_6412914,1,ulaw,A09
LA_E_6413058,1,ulaw,A17
LA_E_6413102,1,gsm,A19
LA_E_6413512,1,g722,A16
LA_E_6413579,1,gsm,A15
LA_E_6413585,1,alaw,A14
LA_E_6413623,1,opus,A13
LA_E_6413707,1,none,A10
LA_E_6414127,1,gsm,A15
LA_E_6414489,1,gsm,A12
LA_E_6414674,1,opus,A19
LA_E_6414684,1,opus,A12
LA_E_6414706,1,ulaw,A12
LA_E_6414851,1,none,A15
LA_E_6415031,1,alaw,A18
LA_E_6415101,1,ulaw,A13
LA_E_6415271,1,opus,A11
LA_E_6415317,1,opus,A08
LA_E_6415390,1,gsm,A16
LA_E_6415455,1,alaw,A14
LA_E_6415960,1,g722,A17
LA_E_6417112,0,none,bonafide
LA_E_6417318,1,ulaw,A16
LA_E_6417384,1,none,A17
LA_E_6417858,1,opus,A18
LA_E_6418096,1,pstn,A17
LA_E_6418139,1,opus,A17
LA_E_6418375,1,gsm,A17
LA_E_6418700,1,gsm,A18
LA_E_6418738,1,alaw,A12
LA_E_6418773,1,ulaw,A10
LA_E_6419946,1,gsm,A13
LA_E_6420407,1,gsm,A17
LA_E_6420634,1,gsm,A12
LA_E_6421080,1,g722,A19
LA_E_6421205,1,alaw,A08
LA_E_6421311,1,gsm,A09
LA_E_6421359,1,gsm,A13
LA_E_6421598,1,none,A08
LA_E_6421941,1,pstn,A15
LA_E_6421988,1,none,A17
LA_E_6422227,1,gsm,A18
LA_E_6422269,1,none,A13
LA_E_6422348,0,opus,bonafide
LA_E_6422454,1,alaw,A10
LA_E_6422887,1,pstn,A19
LA_E_6423043,1,ulaw,A13
LA_E_6423173,1,g722,A12
LA_E_6423235,1,ulaw,A16
LA_E_6423243,1,opus,A14
LA_E_6423267,1,alaw,A12
LA_E_6423482,1,gsm,A18
LA_E_6423665,1,alaw,A19
LA_E_6423683,1,ulaw,A13
LA_E_6424415,1,ulaw,A14
LA_E_6424996,1,opus,A15
LA_E_6425162,1,none,A17
LA_E_6426430,1,g722,A18
LA_E_6426456,0,ulaw,bonafide
LA_E_6426948,1,pstn,A16
LA_E_6427129,1,g722,A18
LA_E_6427418,1,opus,A14
LA_E_6427704,0,gsm,bonafide
LA_E_6428079,0,g722,bonafide
LA_E_6428424,1,pstn,A14
LA_E_6428607,1,pstn,A19
LA_E_6429195,1,alaw,A14
LA_E_6429971,1,none,A15
LA_E_6430887,1,gsm,A14
LA_E_6431167,1,opus,A18
LA_E_6431264,1,gsm,A08
LA_E_6431437,1,alaw,A10
LA_E_6431571,0,gsm,bonafide
LA_E_6431762,0,opus,bonafide
LA_E_6431980,1,none,A17
LA_E_6431985,1,gsm,A10
LA_E_6432577,1,ulaw,A14
LA_E_6433130,1,g722,A09
LA_E_6433369,1,gsm,A19
LA_E_6433601,1,ulaw,A10
LA_E_6434447,0,ulaw,bonafide
LA_E_6434685,1,pstn,A17
LA_E_6434940,1,pstn,A07
LA_E_6435529,1,opus,A10
LA_E_6435740,1,ulaw,A19
LA_E_6436480,1,none,A16
LA_E_6436528,1,alaw,A10
LA_E_6436739,1,opus,A13
LA_E_6436791,1,g722,A10
LA_E_6436911,1,g722,A14
LA_E_6437194,0,pstn,bonafide
LA_E_6437218,1,opus,A12
LA_E_6437232,1,g722,A16
LA_E_6437364,1,opus,A09
LA_E_6437576,1,g722,A16
LA_E_6437616,1,pstn,A15
LA_E_6437682,1,alaw,A17
LA_E_6437814,1,gsm,A12
LA_E_6437972,1,opus,A17
LA_E_6438003,1,ulaw,A19
LA_E_6438143,1,opus,A19
LA_E_6438278,0,opus,bonafide
LA_E_6438899,1,gsm,A09
LA_E_6439836,1,g722,A07
LA_E_6440049,1,opus,A15
LA_E_6440376,1,opus,A12
LA_E_6440606,1,opus,A17
LA_E_6440853,1,g722,A15
LA_E_6441178,1,alaw,A17
LA_E_6441458,1,pstn,A11
LA_E_6441842,0,opus,bonafide
LA_E_6442772,1,opus,A12
LA_E_6443500,1,none,A11
LA_E_6443875,0,pstn,bonafide
LA_E_6444165,0,pstn,bonafide
LA_E_6444169,1,none,A14
LA_E_6444358,1,g722,A08
LA_E_6444630,1,none,A19
LA_E_6444741,1,none,A18
LA_E_6444800,0,pstn,bonafide
LA_E_6445071,0,pstn,bonafide
LA_E_6445114,1,opus,A09
LA_E_6445293,1,gsm,A09
LA_E_6445706,1,none,A08
LA_E_6446377,1,opus,A10
LA_E_6446413,1,g722,A19
LA_E_6446619,1,pstn,A12
LA_E_6446661,1,alaw,A11
LA_E_6447170,0,g722,bonafide
LA_E_6447275,0,opus,bonafide
LA_E_6447446,1,gsm,A09
LA_E_6447833,1,opus,A11
LA_E_6448195,1,alaw,A07
LA_E_6448913,1,ulaw,A12
LA_E_6449188,1,g722,A16
LA_E_6450085,1,pstn,A19
LA_E_6450780,1,g722,A16
LA_E_6451010,1,none,A10
LA_E_6451191,1,gsm,A07
LA_E_6451307,1,alaw,A17
LA_E_6451335,1,alaw,A13
LA_E_6451495,1,g722,A19
LA_E_6451553,1,none,A13
LA_E_6452213,1,ulaw,A12
LA_E_6452989,1,gsm,A13
LA_E_6453037,1,ulaw,A09
LA_E_6453342,1,ulaw,A12
LA_E_6453475,1,alaw,A18
LA_E_6453637,1,pstn,A19
LA_E_6453640,1,opus,A12
LA_E_6453764,1,g722,A19
LA_E_6453838,1,g722,A09
LA_E_6453856,1,opus,A10
LA_E_6455779,1,pstn,A10
LA_E_6455927,1,opus,A12
LA_E_6456317,1,ulaw,A18
LA_E_6456377,1,ulaw,A17
LA_E_6457035,1,opus,A10
LA_E_6457197,1,none,A18
LA_E_6457228,1,opus,A11
LA_E_6457951,0,g722,bonafide
LA_E_6458278,0,g722,bonafide
LA_E_6458315,1,pstn,A12
LA_E_6458522,1,gsm,A14
LA_E_6458772,1,g722,A11
LA_E_6458854,1,gsm,A18
LA_E_6458866,1,alaw,A12
LA_E_6458903,1,ulaw,A17
LA_E_6459383,1,alaw,A10
LA_E_6459472,1,alaw,A07
LA_E_6459668,1,pstn,A13
LA_E_6459795,1,gsm,A15
LA_E_6459965,1,gsm,A09
LA_E_6460824,1,none,A18
LA_E_6460887,1,gsm,A07
LA_E_6460995,1,pstn,A18
LA_E_6461689,1,pstn,A09
LA_E_6462493,1,ulaw,A11
LA_E_6462634,1,opus,A10
LA_E_6462995,1,opus,A15
LA_E_6463068,1,ulaw,A08
LA_E_6463443,1,alaw,A10
LA_E_6463843,1,opus,A17
LA_E_6464010,1,opus,A15
LA_E_6464062,1,opus,A13
LA_E_6465320,1,ulaw,A16
LA_E_6465368,1,alaw,A11
LA_E_6465761,1,opus,A17
LA_E_6465842,1,opus,A07
LA_E_6465965,0,g722,bonafide
LA_E_6466025,1,ulaw,A10
LA_E_6466634,1,gsm,A09
LA_E_6466673,1,g722,A12
LA_E_6466854,1,gsm,A18
LA_E_6467723,1,g722,A11
LA_E_6467835,1,opus,A11
LA_E_6467873,1,opus,A17
LA_E_6468001,1,gsm,A08
LA_E_6468642,1,ulaw,A17
LA_E_6469107,1,pstn,A16
LA_E_6469483,1,none,A13
LA_E_6469745,0,opus,bonafide
LA_E_6469897,0,none,bonafide
LA_E_6470014,1,pstn,A16
LA_E_6471201,1,gsm,A16
LA_E_6471464,1,none,A16
LA_E_6471478,1,opus,A09
LA_E_6471483,1,none,A07
LA_E_6471792,1,gsm,A19
LA_E_6471903,0,opus,bonafide
LA_E_6472381,1,opus,A09
LA_E_6472405,1,opus,A10
LA_E_6472863,1,pstn,A08
LA_E_6472934,1,alaw,A16
LA_E_6473601,1,ulaw,A08
LA_E_6473641,1,pstn,A15
LA_E_6473724,1,ulaw,A17
LA_E_6473907,1,pstn,A09
LA_E_6474060,1,alaw,A13
LA_E_6474495,1,none,A19
LA_E_6475563,1,g722,A11
LA_E_6475695,1,alaw,A15
LA_E_6476059,1,opus,A17
LA_E_6477063,1,ulaw,A08
LA_E_6477334,1,opus,A07
LA_E_6478230,1,g722,A12
LA_E_6478459,1,opus,A14
LA_E_6478751,1,g722,A08
LA_E_6478900,0,ulaw,bonafide
LA_E_6479069,1,none,A18
LA_E_6479685,1,g722,A16
LA_E_6479687,1,alaw,A07
LA_E_6479966,1,none,A12
LA_E_6480718,1,g722,A18
LA_E_6481180,1,g722,A13
LA_E_6481270,1,ulaw,A18
LA_E_6482018,1,alaw,A10
LA_E_6482560,1,opus,A09
LA_E_6483020,1,g722,A11
LA_E_6483243,1,gsm,A16
LA_E_6483509,1,alaw,A08
LA_E_6483587,1,gsm,A09
LA_E_6483803,1,ulaw,A08
LA_E_6484165,1,none,A16
LA_E_6484227,1,none,A18
LA_E_6484391,1,gsm,A07
LA_E_6484457,1,gsm,A09
LA_E_6485211,1,opus,A14
LA_E_6485667,1,gsm,A08
LA_E_6485791,1,gsm,A14
LA_E_6486235,1,ulaw,A16
LA_E_6486376,1,opus,A15
LA_E_6486674,1,opus,A16
LA_E_6486707,1,g722,A11
LA_E_6486865,1,gsm,A08
LA_E_6486872,1,gsm,A17
LA_E_6486885,1,none,A15
LA_E_6487143,1,pstn,A11
LA_E_6487161,1,opus,A08
LA_E_6487373,1,alaw,A17
LA_E_6487450,1,g722,A08
LA_E_6487690,1,alaw,A14
LA_E_6487862,1,none,A09
LA_E_6488214,1,gsm,A13
LA_E_6488259,1,gsm,A14
LA_E_6488347,1,ulaw,A15
LA_E_6488561,1,g722,A18
LA_E_6488828,1,ulaw,A11
LA_E_6488914,1,gsm,A12
LA_E_6488940,1,alaw,A11
LA_E_6489312,1,gsm,A17
LA_E_6489546,1,pstn,A13
LA_E_6489719,1,gsm,A13
LA_E_6490498,1,alaw,A10
LA_E_6490729,1,alaw,A16
LA_E_6490994,1,gsm,A18
LA_E_6491075,1,g722,A14
LA_E_6491076,1,ulaw,A16
LA_E_6491114,1,ulaw,A08
LA_E_6491534,1,pstn,A17
LA_E_6491673,1,none,A07
LA_E_6492439,0,none,bonafide
LA_E_6492803,1,gsm,A08
LA_E_6492834,1,none,A19
LA_E_6493035,1,gsm,A10
LA_E_6493298,1,gsm,A16
LA_E_6493884,1,none,A16
LA_E_6494267,0,gsm,bonafide
LA_E_6494415,1,g722,A12
LA_E_6495166,1,none,A09
LA_E_6495190,1,opus,A11
LA_E_6495272,1,opus,A19
LA_E_6495367,1,gsm,A08
LA_E_6495387,1,pstn,A07
LA_E_6496317,1,opus,A15
LA_E_6496790,1,gsm,A14
LA_E_6496882,1,pstn,A08
LA_E_6496972,1,alaw,A15
LA_E_6499013,1,alaw,A16
LA_E_6499553,1,ulaw,A08
LA_E_6499885,1,opus,A19
LA_E_6499994,1,none,A08
LA_E_6500081,1,pstn,A11
LA_E_6500458,1,ulaw,A14
LA_E_6500639,0,pstn,bonafide
LA_E_6500927,0,ulaw,bonafide
LA_E_6500964,1,alaw,A10
LA_E_6501555,1,none,A17
LA_E_6501624,1,gsm,A11
LA_E_6501790,1,gsm,A19
LA_E_6501958,1,pstn,A14
LA_E_6501988,1,pstn,A17
LA_E_6502046,1,alaw,A19
LA_E_6502442,1,alaw,A12
LA_E_6502615,1,ulaw,A15
LA_E_6502704,1,ulaw,A08
LA_E_6502763,1,opus,A12
LA_E_6502784,1,pstn,A11
LA_E_6503058,0,none,bonafide
LA_E_6503229,1,pstn,A13
LA_E_6503568,1,gsm,A10
LA_E_6503974,1,alaw,A08
LA_E_6504079,1,ulaw,A13
LA_E_6505160,1,none,A12
LA_E_6505442,1,none,A13
LA_E_6505681,1,pstn,A14
LA_E_6506056,1,gsm,A10
LA_E_6506657,1,ulaw,A15
LA_E_6507488,1,ulaw,A07
LA_E_6507550,0,none,bonafide
LA_E_6507686,1,none,A14
LA_E_6507922,1,opus,A13
LA_E_6509496,1,g722,A11
LA_E_6509730,1,opus,A11
LA_E_6509808,1,g722,A18
LA_E_6510061,1,opus,A17
LA_E_6510223,1,pstn,A14
LA_E_6510276,1,ulaw,A16
LA_E_6510589,1,ulaw,A12
LA_E_6511163,1,none,A18
LA_E_6511486,1,gsm,A18
LA_E_6511504,1,alaw,A07
LA_E_6512322,1,opus,A19
LA_E_6512433,0,pstn,bonafide
LA_E_6513315,1,gsm,A15
LA_E_6513640,1,ulaw,A09
LA_E_6513724,0,none,bonafide
LA_E_6515044,0,opus,bonafide
LA_E_6515324,1,alaw,A19
LA_E_6516113,1,ulaw,A17
LA_E_6516245,1,pstn,A15
LA_E_6516292,1,opus,A08
LA_E_6516561,1,opus,A07
LA_E_6516892,1,gsm,A11
LA_E_6516950,0,gsm,bonafide
LA_E_6517105,1,pstn,A09
LA_E_6517347,1,none,A18
LA_E_6517907,1,none,A12
LA_E_6518688,0,alaw,bonafide
LA_E_6519262,1,none,A17
LA_E_6519375,1,none,A15
LA_E_6519604,1,pstn,A07
LA_E_6519727,1,ulaw,A10
LA_E_6520020,1,g722,A19
LA_E_6520092,1,pstn,A17
LA_E_6520376,1,opus,A18
LA_E_6520989,1,gsm,A14
LA_E_6521788,1,ulaw,A15
LA_E_6522839,1,none,A09
LA_E_6523558,1,gsm,A18
LA_E_6523942,1,none,A16
LA_E_6524634,1,ulaw,A09
LA_E_6524860,1,none,A13
LA_E_6524894,1,none,A17
LA_E_6525537,1,none,A13
LA_E_6525787,1,alaw,A19
LA_E_6525908,1,alaw,A19
LA_E_6525914,1,pstn,A15
LA_E_6526375,1,ulaw,A17
LA_E_6526466,1,ulaw,A13
LA_E_6526492,1,ulaw,A13
LA_E_6526561,1,alaw,A16
LA_E_6526651,1,opus,A11
LA_E_6526686,1,gsm,A10
LA_E_6526827,1,pstn,A18
LA_E_6527250,1,pstn,A19
LA_E_6527534,1,none,A08
LA_E_6528404,1,gsm,A19
LA_E_6528766,1,gsm,A07
LA_E_6528812,1,none,A10
LA_E_6529150,0,none,bonafide
LA_E_6529190,1,ulaw,A16
LA_E_6529534,1,opus,A14
LA_E_6529936,1,gsm,A12
LA_E_6530266,1,alaw,A10
LA_E_6530615,1,gsm,A10
LA_E_6530756,1,opus,A15
LA_E_6531172,0,ulaw,bonafide
LA_E_6532088,1,g722,A12
LA_E_6532112,1,g722,A11
LA_E_6532290,1,opus,A13
LA_E_6532334,0,opus,bonafide
LA_E_6532378,1,gsm,A11
LA_E_6532495,1,pstn,A11
LA_E_6532734,0,ulaw,bonafide
LA_E_6533192,1,gsm,A19
LA_E_6533423,0,none,bonafide
LA_E_6534473,1,opus,A15
LA_E_6534592,1,alaw,A15
LA_E_6534737,1,pstn,A07
LA_E_6535161,1,pstn,A17
LA_E_6535365,1,pstn,A07
LA_E_6535398,1,none,A16
LA_E_6535577,1,ulaw,A19
LA_E_6535884,1,pstn,A13
LA_E_6536559,1,ulaw,A12
LA_E_6536575,0,pstn,bonafide
LA_E_6536858,1,opus,A19
LA_E_6537080,1,none,A07
LA_E_6537239,1,alaw,A09
LA_E_6537928,1,alaw,A13
LA_E_6538016,1,ulaw,A16
LA_E_6538596,1,alaw,A11
LA_E_6538799,1,none,A08
LA_E_6538805,1,none,A15
LA_E_6539712,1,pstn,A09
LA_E_6540151,1,g722,A11
LA_E_6540392,1,ulaw,A12
LA_E_6540428,1,g722,A13
LA_E_6540713,1,pstn,A19
LA_E_6540959,1,opus,A19
LA_E_6541243,0,none,bonafide
LA_E_6541539,1,opus,A18
LA_E_6541628,1,pstn,A19
LA_E_6541720,1,ulaw,A09
LA_E_6542794,1,gsm,A17
LA_E_6542897,1,ulaw,A07
LA_E_6543826,1,opus,A16
LA_E_6543867,1,none,A15
LA_E_6543960,1,alaw,A11
LA_E_6544129,1,none,A13
LA_E_6544431,1,ulaw,A07
LA_E_6544693,1,g722,A09
LA_E_6544772,1,ulaw,A10
LA_E_6545104,1,gsm,A10
LA_E_6546147,1,g722,A15
LA_E_6546398,1,gsm,A14
LA_E_6546431,1,ulaw,A09
LA_E_6546620,1,alaw,A18
LA_E_6546899,1,g722,A09
LA_E_6546967,0,g722,bonafide
LA_E_6547350,1,g722,A09
LA_E_6547356,1,g722,A15
LA_E_6547690,1,ulaw,A12
LA_E_6548237,1,alaw,A17
LA_E_6548708,1,gsm,A19
LA_E_6548861,1,alaw,A08
LA_E_6549064,1,opus,A19
LA_E_6549510,1,alaw,A09
LA_E_6549922,1,opus,A09
LA_E_6550157,1,g722,A19
LA_E_6550598,1,ulaw,A12
LA_E_6550989,1,gsm,A08
LA_E_6551311,1,opus,A10
LA_E_6552019,1,gsm,A14
LA_E_6552340,1,gsm,A09
LA_E_6552879,1,g722,A17
LA_E_6553118,1,ulaw,A17
LA_E_6553131,1,g722,A16
LA_E_6553208,1,ulaw,A10
LA_E_6553911,1,ulaw,A15
LA_E_6554014,0,gsm,bonafide
LA_E_6554019,0,none,bonafide
LA_E_6554679,1,pstn,A09
LA_E_6554840,1,gsm,A18
LA_E_6555045,1,pstn,A11
LA_E_6555249,1,pstn,A12
LA_E_6555611,1,g722,A18
LA_E_6555813,1,g722,A07
LA_E_6556719,1,none,A18
LA_E_6557242,1,g722,A09
LA_E_6557610,1,pstn,A13
LA_E_6557948,0,alaw,bonafide
LA_E_6558687,1,opus,A10
LA_E_6558986,1,pstn,A10
LA_E_6559021,1,pstn,A07
LA_E_6559055,0,opus,bonafide
LA_E_6559145,1,opus,A15
LA_E_6559515,1,alaw,A14
LA_E_6560587,0,ulaw,bonafide
LA_E_6560812,1,pstn,A14
LA_E_6561021,1,pstn,A16
LA_E_6561065,1,ulaw,A18
LA_E_6561666,1,ulaw,A07
LA_E_6562318,1,pstn,A11
LA_E_6562330,1,ulaw,A11
LA_E_6563259,1,pstn,A11
LA_E_6563956,1,ulaw,A15
LA_E_6564465,1,pstn,A10
LA_E_6564606,1,pstn,A14
LA_E_6564942,0,pstn,bonafide
LA_E_6565738,1,none,A09
LA_E_6565913,1,alaw,A16
LA_E_6566208,1,none,A19
LA_E_6568101,1,opus,A08
LA_E_6568364,0,gsm,bonafide
LA_E_6568724,1,ulaw,A19
LA_E_6569054,1,gsm,A12
LA_E_6569225,0,gsm,bonafide
LA_E_6569442,1,opus,A12
LA_E_6569561,1,ulaw,A07
LA_E_6569826,1,pstn,A11
LA_E_6569865,1,opus,A12
LA_E_6569891,1,pstn,A18
LA_E_6570204,1,none,A07
LA_E_6570549,1,ulaw,A16
LA_E_6570700,1,opus,A19
LA_E_6570967,1,pstn,A16
LA_E_6571087,1,opus,A07
LA_E_6571359,1,g722,A14
LA_E_6573289,1,gsm,A19
LA_E_6573440,1,gsm,A09
LA_E_6573465,1,g722,A19
LA_E_6573532,0,opus,bonafide
LA_E_6573759,1,ulaw,A10
LA_E_6574413,1,none,A10
LA_E_6574692,1,pstn,A19
LA_E_6575030,1,g722,A16
LA_E_6575153,1,gsm,A16
LA_E_6575230,1,gsm,A08
LA_E_6575540,1,opus,A09
LA_E_6575658,1,none,A11
LA_E_6576209,1,gsm,A13
LA_E_6577352,1,ulaw,A19
LA_E_6577504,1,g722,A07
LA_E_6577566,1,opus,A14
LA_E_6578009,1,gsm,A14
LA_E_6579319,1,ulaw,A18
LA_E_6579437,1,opus,A19
LA_E_6579456,1,g722,A13
LA_E_6579558,1,opus,A13
LA_E_6579586,1,opus,A18
LA_E_6580052,0,pstn,bonafide
LA_E_6580303,0,g722,bonafide
LA_E_6580770,1,pstn,A09
LA_E_6580846,1,none,A13
LA_E_6580971,1,ulaw,A08
LA_E_6581107,1,opus,A11
LA_E_6581267,1,gsm,A16
LA_E_6581417,1,pstn,A18
LA_E_6581447,1,gsm,A12
LA_E_6581908,1,none,A19
LA_E_6582005,1,pstn,A19
LA_E_6582278,1,opus,A10
LA_E_6582361,1,pstn,A15
LA_E_6582559,1,ulaw,A14
LA_E_6582796,1,gsm,A08
LA_E_6583341,1,pstn,A11
LA_E_6583722,1,opus,A09
LA_E_6583764,1,g722,A13
LA_E_6584140,1,pstn,A08
LA_E_6584619,1,alaw,A08
LA_E_6584942,1,gsm,A10
LA_E_6585018,1,opus,A11
LA_E_6585062,1,ulaw,A07
LA_E_6585094,1,g722,A19
LA_E_6585558,1,gsm,A17
LA_E_6585690,1,none,A08
LA_E_6586100,1,opus,A08
LA_E_6586347,1,ulaw,A14
LA_E_6586383,1,opus,A13
LA_E_6586853,1,ulaw,A09
LA_E_6587068,1,pstn,A15
LA_E_6587096,1,none,A09
LA_E_6587178,1,g722,A15
LA_E_6587387,1,ulaw,A18
LA_E_6587757,1,alaw,A17
LA_E_6587827,1,opus,A17
LA_E_6588095,1,alaw,A15
LA_E_6588270,1,g722,A19
LA_E_6588842,1,none,A13
LA_E_6589011,1,alaw,A18
LA_E_6589338,1,ulaw,A07
LA_E_6589412,1,gsm,A15
LA_E_6589504,1,gsm,A08
LA_E_6590123,0,opus,bonafide
LA_E_6591526,1,alaw,A11
LA_E_6591617,0,alaw,bonafide
LA_E_6591817,0,gsm,bonafide
LA_E_6591973,1,gsm,A08
LA_E_6592336,1,gsm,A16
LA_E_6592655,1,gsm,A08
LA_E_6592748,1,gsm,A15
LA_E_6593101,1,gsm,A17
LA_E_6593350,1,alaw,A13
LA_E_6593445,1,gsm,A17
LA_E_6594773,1,alaw,A12
LA_E_6594827,1,opus,A18
LA_E_6595092,1,opus,A09
LA_E_6595124,1,g722,A19
LA_E_6595175,1,ulaw,A19
LA_E_6595581,1,g722,A07
LA_E_6595967,0,g722,bonafide
LA_E_6595978,1,gsm,A15
LA_E_6596087,1,pstn,A16
LA_E_6596597,1,gsm,A15
LA_E_6596611,1,alaw,A10
LA_E_6596760,1,g722,A14
LA_E_6596762,1,alaw,A11
LA_E_6596822,1,g722,A10
LA_E_6596832,1,gsm,A13
LA_E_6596860,1,g722,A16
LA_E_6597360,1,alaw,A08
LA_E_6597911,1,pstn,A15
LA_E_6598317,1,pstn,A19
LA_E_6599469,1,g722,A09
LA_E_6600341,1,gsm,A18
LA_E_6600560,1,ulaw,A10
LA_E_6601389,1,ulaw,A16
LA_E_6601390,1,gsm,A16
LA_E_6601817,1,none,A08
LA_E_6602071,1,alaw,A17
LA_E_6602558,1,pstn,A09
LA_E_6603346,1,ulaw,A17
LA_E_6604176,1,pstn,A14
LA_E_6604629,1,ulaw,A10
LA_E_6604699,1,ulaw,A17
LA_E_6605026,1,none,A17
LA_E_6605556,1,g722,A08
LA_E_6605966,1,opus,A17
LA_E_6606137,1,gsm,A16
LA_E_6606516,1,pstn,A07
LA_E_6607153,1,none,A11
LA_E_6607358,1,pstn,A08
LA_E_6607753,1,alaw,A14
LA_E_6607850,1,alaw,A11
LA_E_6608028,1,g722,A12
LA_E_6608130,1,pstn,A09
LA_E_6608981,1,g722,A17
LA_E_6608992,1,gsm,A16
LA_E_6609475,1,pstn,A09
LA_E_6609537,1,alaw,A17
LA_E_6609723,1,none,A13
LA_E_6610204,1,g722,A18
LA_E_6610246,1,ulaw,A16
LA_E_6610442,1,none,A17
LA_E_6611889,1,opus,A16
LA_E_6611920,1,gsm,A13
LA_E_6612179,1,g722,A13
LA_E_6612215,1,g722,A09
LA_E_6612325,1,ulaw,A07
LA_E_6612364,1,none,A07
LA_E_6613823,1,gsm,A19
LA_E_6613840,1,pstn,A09
LA_E_6614118,1,none,A09
LA_E_6614358,1,none,A12
LA_E_6614992,1,pstn,A09
LA_E_6615216,1,gsm,A07
LA_E_6615246,1,pstn,A08
LA_E_6615408,0,gsm,bonafide
LA_E_6615462,1,pstn,A08
LA_E_6615475,0,opus,bonafide
LA_E_6616857,1,gsm,A19
LA_E_6617015,1,alaw,A15
LA_E_6617457,1,pstn,A14
LA_E_6617662,1,opus,A08
LA_E_6617694,1,ulaw,A18
LA_E_6617695,1,alaw,A09
LA_E_6617756,0,alaw,bonafide
LA_E_6618025,1,pstn,A10
LA_E_6618172,1,alaw,A11
LA_E_6618434,1,ulaw,A14
LA_E_6618454,1,ulaw,A17
LA_E_6618463,1,opus,A19
LA_E_6618987,1,g722,A11
LA_E_6619075,1,none,A09
LA_E_6619523,1,ulaw,A19
LA_E_6619712,1,none,A09
LA_E_6619742,1,g722,A09
LA_E_6619840,1,ulaw,A10
LA_E_6620069,1,pstn,A07
LA_E_6620681,1,pstn,A12
LA_E_6620730,1,alaw,A10
LA_E_6621217,1,g722,A15
LA_E_6621793,1,none,A14
LA_E_6621927,1,alaw,A07
LA_E_6622291,1,alaw,A08
LA_E_6622371,1,g722,A08
LA_E_6622784,1,opus,A10
LA_E_6623002,1,pstn,A17
LA_E_6623146,1,ulaw,A14
LA_E_6623479,1,opus,A07
LA_E_6623729,1,alaw,A16
LA_E_6624088,1,opus,A11
LA_E_6624122,0,g722,bonafide
LA_E_6624213,0,alaw,bonafide
LA_E_6624576,0,gsm,bonafide
LA_E_6624679,0,none,bonafide
LA_E_6624850,1,opus,A09
LA_E_6625021,1,gsm,A12
LA_E_6625038,0,alaw,bonafide
LA_E_6625254,1,ulaw,A16
LA_E_6625314,1,alaw,A08
LA_E_6625770,0,g722,bonafide
LA_E_6625956,0,none,bonafide
LA_E_6626238,1,g722,A07
LA_E_6626385,1,pstn,A11
LA_E_6627113,1,g722,A10
LA_E_6628115,1,ulaw,A10
LA_E_6628432,1,none,A17
LA_E_6628474,1,gsm,A11
LA_E_6628479,1,pstn,A10
LA_E_6628681,1,alaw,A15
LA_E_6628800,1,ulaw,A14
LA_E_6629402,1,opus,A07
LA_E_6629441,0,alaw,bonafide
LA_E_6629641,1,ulaw,A19
LA_E_6629785,1,alaw,A09
LA_E_6630372,1,gsm,A08
LA_E_6630544,1,ulaw,A07
LA_E_6630599,1,gsm,A12
LA_E_6630951,1,g722,A16
LA_E_6631049,1,g722,A10
LA_E_6631101,1,pstn,A10
LA_E_6631188,1,pstn,A18
LA_E_6631238,1,pstn,A18
LA_E_6631295,0,alaw,bonafide
LA_E_6631350,1,opus,A11
LA_E_6631520,1,g722,A15
LA_E_6631547,1,none,A13
LA_E_6631633,1,alaw,A09
LA_E_6631638,1,pstn,A18
LA_E_6631766,1,ulaw,A12
LA_E_6631909,1,none,A08
LA_E_6632071,1,gsm,A12
LA_E_6632202,0,none,bonafide
LA_E_6632678,1,none,A16
LA_E_6632883,1,ulaw,A15
LA_E_6633032,1,g722,A17
LA_E_6633165,1,opus,A11
LA_E_6633274,1,alaw,A08
LA_E_6633982,0,g722,bonafide
LA_E_6634207,1,pstn,A18
LA_E_6634898,1,none,A12
LA_E_6635135,1,opus,A09
LA_E_6635615,1,none,A08
LA_E_6635744,1,g722,A19
LA_E_6636059,1,pstn,A12
LA_E_6636724,1,ulaw,A10
LA_E_6637640,1,none,A08
LA_E_6637715,1,gsm,A12
LA_E_6637829,1,pstn,A19
LA_E_6637837,1,none,A09
LA_E_6638306,0,g722,bonafide
LA_E_6638509,1,ulaw,A18
LA_E_6638616,1,gsm,A12
LA_E_6639177,1,g722,A15
LA_E_6639305,1,ulaw,A08
LA_E_6640079,1,pstn,A18
LA_E_6640392,1,opus,A14
LA_E_6640629,1,opus,A07
LA_E_6641343,1,opus,A18
LA_E_6641417,1,ulaw,A14
LA_E_6641543,0,none,bonafide
LA_E_6641660,1,gsm,A18
LA_E_6641738,0,g722,bonafide
LA_E_6642251,1,g722,A19
LA_E_6642263,1,opus,A17
LA_E_6642393,1,gsm,A15
LA_E_6642403,1,g722,A12
LA_E_6643046,1,ulaw,A12
LA_E_6643622,1,gsm,A07
LA_E_6643634,1,ulaw,A19
LA_E_6643649,0,gsm,bonafide
LA_E_6643683,1,opus,A16
LA_E_6643695,1,none,A13
LA_E_6643754,1,gsm,A09
LA_E_6644606,1,opus,A13
LA_E_6644690,1,g722,A10
LA_E_6644985,1,pstn,A16
LA_E_6645205,1,gsm,A18
LA_E_6645228,1,g722,A17
LA_E_6645831,1,opus,A07
LA_E_6646217,1,pstn,A08
LA_E_6646224,1,none,A10
LA_E_6646260,1,pstn,A18
LA_E_6646325,1,g722,A13
LA_E_6646352,1,gsm,A12
LA_E_6647391,1,pstn,A17
LA_E_6647398,1,none,A19
LA_E_6647623,1,pstn,A15
LA_E_6647882,1,alaw,A11
LA_E_6647911,1,pstn,A15
LA_E_6648297,1,gsm,A14
LA_E_6648456,1,ulaw,A19
LA_E_6648480,1,none,A11
LA_E_6648508,1,gsm,A11
LA_E_6649351,1,none,A08
LA_E_6649717,0,gsm,bonafide
LA_E_6650218,1,opus,A07
LA_E_6650571,1,none,A08
LA_E_6650701,1,opus,A14
LA_E_6650900,1,opus,A07
LA_E_6651012,1,pstn,A09
LA_E_6651227,1,ulaw,A10
LA_E_6651300,1,alaw,A11
LA_E_6651430,1,ulaw,A17
LA_E_6651604,1,g722,A10
LA_E_6652064,1,opus,A14
LA_E_6652237,1,none,A17
LA_E_6652370,1,ulaw,A16
LA_E_6653004,0,pstn,bonafide
LA_E_6653049,1,opus,A18
LA_E_6653311,1,ulaw,A07
LA_E_6653552,1,ulaw,A19
LA_E_6653576,1,none,A13
LA_E_6653694,1,g722,A19
LA_E_6654177,1,g722,A19
LA_E_6654332,1,alaw,A19
LA_E_6654506,1,none,A18
LA_E_6654796,1,g722,A07
LA_E_6655802,0,alaw,bonafide
LA_E_6655850,1,pstn,A15
LA_E_6656518,1,ulaw,A17
LA_E_6656565,1,pstn,A08
LA_E_6657295,1,g722,A15
LA_E_6657842,1,gsm,A09
LA_E_6658830,1,gsm,A19
LA_E_6659162,1,none,A12
LA_E_6659323,0,none,bonafide
LA_E_6659631,1,opus,A15
LA_E_6659762,0,gsm,bonafide
LA_E_6660023,1,g722,A08
LA_E_6660664,1,alaw,A07
LA_E_6660693,1,g722,A07
LA_E_6661002,1,opus,A11
LA_E_6661050,1,opus,A08
LA_E_6661511,1,none,A11
LA_E_6661628,1,alaw,A17
LA_E_6661768,1,alaw,A17
LA_E_6662474,1,gsm,A16
LA_E_6663129,1,g722,A13
LA_E_6663358,1,alaw,A18
LA_E_6663577,1,g722,A18
LA_E_6664593,1,opus,A09
LA_E_6664648,0,g722,bonafide
LA_E_6664690,1,g722,A13
LA_E_6664804,1,alaw,A08
LA_E_6665171,1,g722,A14
LA_E_6666268,1,pstn,A14
LA_E_6667461,1,alaw,A12
LA_E_6668270,1,ulaw,A09
LA_E_6668281,1,alaw,A13
LA_E_6668409,1,pstn,A10
LA_E_6668455,1,opus,A14
LA_E_6668640,1,g722,A10
LA_E_6668670,1,alaw,A13
LA_E_6668758,1,none,A13
LA_E_6669664,1,g722,A16
LA_E_6669727,1,none,A16
LA_E_6669859,1,alaw,A07
LA_E_6669959,1,opus,A14
LA_E_6670027,1,alaw,A07
LA_E_6670369,1,g722,A19
LA_E_6671154,1,none,A17
LA_E_6671400,1,pstn,A09
LA_E_6671402,1,ulaw,A08
LA_E_6671563,1,opus,A18
LA_E_6671670,1,pstn,A10
LA_E_6672063,1,alaw,A09
LA_E_6672075,1,none,A10
LA_E_6672216,1,alaw,A10
LA_E_6672284,1,gsm,A16
LA_E_6674239,1,opus,A19
LA_E_6674512,1,alaw,A19
LA_E_6675023,1,pstn,A17
LA_E_6675133,1,none,A07
LA_E_6675290,1,alaw,A14
LA_E_6675762,1,none,A11
LA_E_6675960,1,none,A19
LA_E_6676044,1,opus,A18
LA_E_6676443,1,opus,A10
LA_E_6676483,1,pstn,A13
LA_E_6676768,1,opus,A19
LA_E_6676977,1,gsm,A18
LA_E_6678158,1,ulaw,A17
LA_E_6678332,1,opus,A11
LA_E_6678598,1,alaw,A08
LA_E_6679012,1,opus,A09
LA_E_6679802,1,ulaw,A18
LA_E_6680112,1,ulaw,A14
LA_E_6680132,1,ulaw,A12
LA_E_6680284,1,opus,A16
LA_E_6681420,0,opus,bonafide
LA_E_6682090,1,none,A17
LA_E_6682828,1,g722,A19
LA_E_6683114,1,none,A08
LA_E_6683122,1,alaw,A11
LA_E_6683365,1,opus,A11
LA_E_6683649,1,alaw,A18
LA_E_6683667,1,pstn,A09
LA_E_6683758,1,ulaw,A13
LA_E_6683804,0,opus,bonafide
LA_E_6683820,1,gsm,A07
LA_E_6683882,1,alaw,A08
LA_E_6683952,0,pstn,bonafide
LA_E_6684233,0,gsm,bonafide
LA_E_6684248,1,ulaw,A07
LA_E_6684510,1,g722,A12
LA_E_6684965,1,pstn,A12
LA_E_6685016,1,ulaw,A18
LA_E_6685085,1,g722,A09
LA_E_6685089,1,ulaw,A15
LA_E_6685594,1,opus,A09
LA_E_6685864,1,none,A17
LA_E_6686020,1,pstn,A15
LA_E_6686252,1,opus,A11
LA_E_6686475,1,none,A14
LA_E_6686614,1,pstn,A11
LA_E_6686617,1,none,A11
LA_E_6688191,1,ulaw,A09
LA_E_6688668,1,alaw,A15
LA_E_6688759,0,alaw,bonafide
LA_E_6690022,1,g722,A12
LA_E_6690062,1,opus,A09
LA_E_6690803,1,gsm,A13
LA_E_6691310,1,alaw,A15
LA_E_6691634,1,pstn,A16
LA_E_6692105,1,ulaw,A10
LA_E_6692122,1,gsm,A12
LA_E_6692420,1,g722,A11
LA_E_6692467,1,ulaw,A18
LA_E_6692824,1,gsm,A14
LA_E_6693278,1,alaw,A07
LA_E_6693475,1,gsm,A19
LA_E_6693546,0,none,bonafide
LA_E_6693569,1,gsm,A14
LA_E_6693649,0,gsm,bonafide
LA_E_6694027,1,ulaw,A12
LA_E_6694313,1,gsm,A10
LA_E_6694751,1,ulaw,A17
LA_E_6694894,1,pstn,A18
LA_E_6694906,1,gsm,A17
LA_E_6695125,1,pstn,A19
LA_E_6695272,0,opus,bonafide
LA_E_6695276,1,gsm,A19
LA_E_6695319,1,gsm,A12
LA_E_6695339,1,alaw,A16
LA_E_6695961,1,g722,A11
LA_E_6696870,1,opus,A07
LA_E_6697014,1,opus,A16
LA_E_6697465,1,opus,A19
LA_E_6697707,1,ulaw,A07
LA_E_6697766,1,ulaw,A15
LA_E_6698453,1,g722,A10
LA_E_6698603,1,alaw,A19
LA_E_6698850,1,none,A12
LA_E_6698863,0,pstn,bonafide
LA_E_6699830,1,pstn,A09
LA_E_6699972,1,gsm,A07
LA_E_6699977,1,opus,A19
LA_E_6700214,1,alaw,A16
LA_E_6700318,1,none,A16
LA_E_6700852,1,pstn,A08
LA_E_6701302,1,gsm,A13
LA_E_6701663,1,gsm,A19
LA_E_6701962,1,g722,A09
LA_E_6702057,1,opus,A12
LA_E_6702346,1,opus,A07
LA_E_6702454,1,gsm,A17
LA_E_6702490,1,alaw,A09
LA_E_6703312,1,gsm,A09
LA_E_6703447,0,none,bonafide
LA_E_6703913,1,none,A07
LA_E_6703954,0,alaw,bonafide
LA_E_6704252,1,alaw,A18
LA_E_6704469,1,alaw,A15
LA_E_6704670,1,gsm,A11
LA_E_6704768,1,alaw,A14
LA_E_6705382,1,alaw,A12
LA_E_6705770,1,g722,A07
LA_E_6705794,1,gsm,A17
LA_E_6706033,1,pstn,A18
LA_E_6706192,1,gsm,A09
LA_E_6706432,1,none,A12
LA_E_6706713,0,g722,bonafide
LA_E_6707596,1,alaw,A14
LA_E_6707861,1,none,A12
LA_E_6708477,1,gsm,A18
LA_E_6708676,1,none,A07
LA_E_6709071,1,opus,A11
LA_E_6709291,1,ulaw,A10
LA_E_6709546,1,gsm,A09
LA_E_6709730,1,ulaw,A13
LA_E_6710146,1,opus,A10
LA_E_6710161,1,ulaw,A14
LA_E_6710284,1,opus,A12
LA_E_6711442,1,none,A17
LA_E_6711483,1,gsm,A19
LA_E_6711531,1,pstn,A07
LA_E_6711821,1,opus,A09
LA_E_6711868,1,pstn,A18
LA_E_6711955,1,opus,A08
LA_E_6712075,0,pstn,bonafide
LA_E_6712206,1,pstn,A13
LA_E_6712429,1,none,A11
LA_E_6712889,1,g722,A09
LA_E_6713170,1,ulaw,A16
LA_E_6713254,1,ulaw,A14
LA_E_6713787,1,opus,A10
LA_E_6713789,1,g722,A15
LA_E_6714035,0,alaw,bonafide
LA_E_6714641,1,alaw,A09
LA_E_6714873,1,none,A12
LA_E_6715748,1,ulaw,A12
LA_E_6716184,1,none,A07
LA_E_6716606,1,none,A16
LA_E_6716634,1,g722,A19
LA_E_6717132,1,none,A13
LA_E_6717161,1,ulaw,A11
LA_E_6717628,1,opus,A16
LA_E_6718207,1,alaw,A07
LA_E_6718303,1,g722,A17
LA_E_6718355,1,g722,A14
LA_E_6718633,1,alaw,A18
LA_E_6718703,1,opus,A07
LA_E_6719640,1,ulaw,A10
LA_E_6719764,1,ulaw,A11
LA_E_6719908,1,g722,A15
LA_E_6719971,1,alaw,A10
LA_E_6720294,1,ulaw,A11
LA_E_6721001,1,g722,A10
LA_E_6721747,1,opus,A15
LA_E_6722125,1,none,A18
LA_E_6722191,1,pstn,A11
LA_E_6722359,0,ulaw,bonafide
LA_E_6722543,1,opus,A08
LA_E_6722878,1,ulaw,A10
LA_E_6722997,1,alaw,A14
LA_E_6723810,1,g722,A19
LA_E_6723839,0,opus,bonafide
LA_E_6723961,1,gsm,A19
LA_E_6724553,1,gsm,A10
LA_E_6724573,1,ulaw,A16
LA_E_6724898,1,none,A10
LA_E_6725514,1,gsm,A11
LA_E_6726421,1,g722,A15
LA_E_6726446,0,pstn,bonafide
LA_E_6727102,1,gsm,A10
LA_E_6727122,1,none,A07
LA_E_6727231,1,g722,A15
LA_E_6727490,1,none,A11
LA_E_6727583,0,opus,bonafide
LA_E_6728018,1,gsm,A17
LA_E_6728197,1,pstn,A08
LA_E_6728593,1,gsm,A08
LA_E_6729148,1,opus,A08
LA_E_6729406,1,gsm,A07
LA_E_6729640,1,alaw,A08
LA_E_6730062,1,gsm,A09
LA_E_6730138,1,none,A19
LA_E_6730608,1,none,A07
LA_E_6730637,1,ulaw,A09
LA_E_6730713,1,ulaw,A17
LA_E_6730899,1,alaw,A07
LA_E_6731129,1,alaw,A12
LA_E_6731201,0,ulaw,bonafide
LA_E_6731639,1,opus,A10
LA_E_6731674,0,ulaw,bonafide
LA_E_6731786,1,alaw,A11
LA_E_6732201,1,ulaw,A08
LA_E_6732350,1,opus,A17
LA_E_6733095,1,g722,A09
LA_E_6733324,1,none,A13
LA_E_6733370,1,opus,A13
LA_E_6733408,0,alaw,bonafide
LA_E_6733759,1,g722,A09
LA_E_6733819,1,alaw,A14
LA_E_6734037,1,ulaw,A14
LA_E_6734159,1,opus,A11
LA_E_6734543,0,pstn,bonafide
LA_E_6734742,1,gsm,A11
LA_E_6734800,1,opus,A17
LA_E_6735054,0,gsm,bonafide
LA_E_6736100,1,alaw,A10
LA_E_6736325,1,pstn,A18
LA_E_6736485,1,pstn,A11
LA_E_6736506,1,alaw,A07
LA_E_6736634,0,g722,bonafide
LA_E_6736869,1,ulaw,A18
LA_E_6737000,0,opus,bonafide
LA_E_6737018,0,g722,bonafide
LA_E_6737112,1,ulaw,A12
LA_E_6737620,1,pstn,A17
LA_E_6737664,0,g722,bonafide
LA_E_6737860,1,pstn,A14
LA_E_6737919,1,pstn,A14
LA_E_6738272,1,pstn,A18
LA_E_6738312,0,gsm,bonafide
LA_E_6738912,1,none,A17
LA_E_6739407,1,none,A11
LA_E_6739645,1,none,A08
LA_E_6739756,1,g722,A09
LA_E_6740121,0,alaw,bonafide
LA_E_6740214,1,gsm,A15
LA_E_6740573,1,pstn,A12
LA_E_6741045,1,g722,A13
LA_E_6741121,1,ulaw,A12
LA_E_6741648,1,g722,A12
LA_E_6741960,0,opus,bonafide
LA_E_6742021,1,alaw,A09
LA_E_6742209,1,none,A08
LA_E_6742442,1,opus,A08
LA_E_6743026,1,gsm,A15
LA_E_6743092,1,opus,A19
LA_E_6743125,1,ulaw,A11
LA_E_6743217,1,none,A16
LA_E_6744076,1,ulaw,A12
LA_E_6745319,1,g722,A08
LA_E_6745589,1,ulaw,A17
LA_E_6745613,0,ulaw,bonafide
LA_E_6746214,1,opus,A09
LA_E_6746510,1,pstn,A17
LA_E_6746836,1,g722,A18
LA_E_6746984,1,opus,A19
LA_E_6747376,1,alaw,A10
LA_E_6747850,1,ulaw,A08
LA_E_6747928,1,opus,A19
LA_E_6748421,1,opus,A07
LA_E_6748469,1,gsm,A09
LA_E_6748677,1,ulaw,A12
LA_E_6748682,0,opus,bonafide
LA_E_6748843,1,none,A15
LA_E_6749515,1,pstn,A09
LA_E_6749890,1,none,A16
LA_E_6750002,0,gsm,bonafide
LA_E_6750229,1,alaw,A12
LA_E_6750763,1,alaw,A16
LA_E_6750783,1,g722,A13
LA_E_6750840,1,gsm,A18
LA_E_6750849,1,none,A18
LA_E_6751204,1,alaw,A10
LA_E_6751432,1,pstn,A10
LA_E_6751546,1,g722,A19
LA_E_6751548,1,ulaw,A18
LA_E_6751637,1,none,A17
LA_E_6751937,1,g722,A07
LA_E_6752094,1,alaw,A18
LA_E_6752871,1,gsm,A08
LA_E_6753000,1,pstn,A13
LA_E_6753270,1,none,A17
LA_E_6753383,1,gsm,A18
LA_E_6753618,1,ulaw,A09
LA_E_6753939,0,g722,bonafide
LA_E_6754019,1,alaw,A17
LA_E_6754057,1,ulaw,A15
LA_E_6754428,1,alaw,A08
LA_E_6754502,1,ulaw,A09
LA_E_6754757,0,pstn,bonafide
LA_E_6755007,1,ulaw,A10
LA_E_6755188,1,pstn,A14
LA_E_6755815,1,pstn,A08
LA_E_6755816,1,alaw,A10
LA_E_6755876,1,opus,A14
LA_E_6755947,0,g722,bonafide
LA_E_6756128,1,none,A14
LA_E_6756732,1,pstn,A15
LA_E_6756742,1,ulaw,A11
LA_E_6757149,1,none,A12
LA_E_6757177,1,none,A09
LA_E_6757322,1,opus,A14
LA_E_6757895,1,none,A07
LA_E_6758033,1,ulaw,A09
LA_E_6758102,1,pstn,A12
LA_E_6758773,1,gsm,A13
LA_E_6758901,1,opus,A07
LA_E_6759320,1,pstn,A13
LA_E_6759831,1,alaw,A10
LA_E_6759954,1,ulaw,A16
LA_E_6760133,1,alaw,A10
LA_E_6760697,1,gsm,A19
LA_E_6760766,1,gsm,A16
LA_E_6760801,1,pstn,A12
LA_E_6760960,1,g722,A08
LA_E_6761706,1,none,A19
LA_E_6761880,1,ulaw,A11
LA_E_6761950,1,none,A15
LA_E_6761967,1,ulaw,A18
LA_E_6761981,0,alaw,bonafide
LA_E_6762523,1,none,A14
LA_E_6762687,0,alaw,bonafide
LA_E_6763224,1,gsm,A10
LA_E_6763401,1,alaw,A13
LA_E_6763490,1,none,A07
LA_E_6763564,1,opus,A17
LA_E_6763645,1,g722,A14
LA_E_6764060,1,none,A14
LA_E_6764208,1,pstn,A16
LA_E_6764301,1,alaw,A11
LA_E_6764502,1,none,A07
LA_E_6764674,1,alaw,A17
LA_E_6764758,1,ulaw,A19
LA_E_6764759,1,gsm,A11
LA_E_6765205,1,opus,A15
LA_E_6765422,0,ulaw,bonafide
LA_E_6765449,1,gsm,A18
LA_E_6765501,1,none,A10
LA_E_6765744,1,alaw,A18
LA_E_6765931,1,pstn,A11
LA_E_6765973,1,gsm,A15
LA_E_6765982,1,ulaw,A17
LA_E_6766490,1,none,A09
LA_E_6767174,1,none,A12
LA_E_6767318,1,alaw,A15
LA_E_6767375,1,ulaw,A12
LA_E_6767422,1,ulaw,A16
LA_E_6767463,1,alaw,A19
LA_E_6767544,1,none,A19
LA_E_6767856,1,alaw,A19
LA_E_6767964,1,g722,A17
LA_E_6768075,1,gsm,A13
LA_E_6768262,1,none,A13
LA_E_6768375,1,pstn,A14
LA_E_6768389,1,opus,A10
LA_E_6768517,0,none,bonafide
LA_E_6769058,1,g722,A09
LA_E_6769073,0,alaw,bonafide
LA_E_6769676,1,gsm,A12
LA_E_6770542,1,pstn,A11
LA_E_6770628,1,alaw,A12
LA_E_6770925,0,none,bonafide
LA_E_6770980,1,pstn,A14
LA_E_6771608,1,g722,A14
LA_E_6771687,1,opus,A18
LA_E_6771775,1,g722,A19
LA_E_6771781,1,ulaw,A13
LA_E_6772253,1,opus,A17
LA_E_6772730,1,ulaw,A18
LA_E_6773113,1,gsm,A19
LA_E_6773141,1,g722,A07
LA_E_6773490,1,gsm,A18
LA_E_6773529,1,gsm,A15
LA_E_6773762,1,alaw,A15
LA_E_6773768,1,gsm,A17
LA_E_6774048,1,alaw,A10
LA_E_6774072,1,alaw,A09
LA_E_6774322,1,ulaw,A09
LA_E_6774537,1,g722,A18
LA_E_6774701,1,none,A08
LA_E_6774741,1,pstn,A12
LA_E_6775042,1,g722,A07
LA_E_6775081,1,pstn,A11
LA_E_6775299,1,pstn,A12
LA_E_6775497,1,g722,A07
LA_E_6776111,1,g722,A10
LA_E_6776148,1,opus,A09
LA_E_6776305,1,opus,A11
LA_E_6776469,1,ulaw,A17
LA_E_6776923,1,ulaw,A13
LA_E_6776955,1,gsm,A16
LA_E_6776957,1,pstn,A11
LA_E_6777042,1,gsm,A14
LA_E_6777230,1,ulaw,A19
LA_E_6777248,1,alaw,A15
LA_E_6777599,1,opus,A14
LA_E_6777632,1,none,A18
LA_E_6777728,1,ulaw,A14
LA_E_6778087,0,opus,bonafide
LA_E_6778799,1,opus,A12
LA_E_6779208,1,none,A07
LA_E_6779523,1,alaw,A12
LA_E_6779608,1,g722,A19
LA_E_6780192,1,pstn,A17
LA_E_6780259,1,opus,A08
LA_E_6780888,1,none,A10
LA_E_6781075,1,gsm,A12
LA_E_6781254,1,ulaw,A16
LA_E_6781639,1,opus,A09
LA_E_6781699,1,ulaw,A11
LA_E_6781958,1,gsm,A08
LA_E_6782607,0,opus,bonafide
LA_E_6782658,1,alaw,A19
LA_E_6782731,1,gsm,A19
LA_E_6783050,1,none,A13
LA_E_6783284,1,pstn,A19
LA_E_6784833,1,ulaw,A13
LA_E_6786063,1,gsm,A16
LA_E_6786093,1,none,A19
LA_E_6787038,1,pstn,A18
LA_E_6787080,1,none,A18
LA_E_6787306,1,none,A16
LA_E_6787417,1,gsm,A16
LA_E_6787616,1,gsm,A09
LA_E_6787842,1,pstn,A08
LA_E_6787996,1,pstn,A08
LA_E_6788070,1,gsm,A08
LA_E_6788700,1,ulaw,A08
LA_E_6789111,1,g722,A08
LA_E_6789117,1,pstn,A14
LA_E_6789251,1,opus,A14
LA_E_6790036,1,opus,A14
LA_E_6790111,1,pstn,A18
LA_E_6790314,1,ulaw,A19
LA_E_6790471,1,gsm,A15
LA_E_6790818,1,alaw,A13
LA_E_6791264,1,g722,A15
LA_E_6791305,1,gsm,A15
LA_E_6791351,1,pstn,A12
LA_E_6791361,1,opus,A08
LA_E_6791735,1,g722,A10
LA_E_6791895,1,none,A11
LA_E_6792005,1,g722,A07
LA_E_6792322,1,ulaw,A13
LA_E_6792427,1,g722,A15
LA_E_6792489,1,none,A19
LA_E_6793156,1,alaw,A10
LA_E_6793776,1,pstn,A07
LA_E_6793956,1,none,A15
LA_E_6793987,1,none,A12
LA_E_6794304,1,alaw,A13
LA_E_6794306,1,ulaw,A17
LA_E_6794537,1,gsm,A15
LA_E_6794541,0,g722,bonafide
LA_E_6795053,1,alaw,A11
LA_E_6795150,1,alaw,A07
LA_E_6795299,1,g722,A12
LA_E_6795870,1,pstn,A09
LA_E_6796097,1,opus,A13
LA_E_6796357,1,opus,A15
LA_E_6796530,1,opus,A15
LA_E_6796561,0,opus,bonafide
LA_E_6796735,1,opus,A16
LA_E_6796754,1,opus,A16
LA_E_6796791,1,ulaw,A12
LA_E_6796926,1,ulaw,A10
LA_E_6797617,1,alaw,A18
LA_E_6797686,1,g722,A18
LA_E_6797816,1,alaw,A15
LA_E_6798085,1,pstn,A10
LA_E_6798601,1,ulaw,A09
LA_E_6799029,1,ulaw,A16
LA_E_6799303,1,pstn,A12
LA_E_6799790,1,none,A13
LA_E_6800440,1,gsm,A17
LA_E_6800762,1,none,A12
LA_E_6801179,1,opus,A14
LA_E_6801396,1,alaw,A18
LA_E_6801814,1,pstn,A09
LA_E_6802024,1,none,A07
LA_E_6802345,1,alaw,A10
LA_E_6802381,1,pstn,A09
LA_E_6802673,1,pstn,A15
LA_E_6803042,1,ulaw,A07
LA_E_6803282,1,none,A17
LA_E_6803758,1,alaw,A09
LA_E_6803784,1,g722,A11
LA_E_6804081,1,none,A11
LA_E_6804553,1,alaw,A13
LA_E_6805003,1,ulaw,A08
LA_E_6805056,1,gsm,A13
LA_E_6805140,1,none,A10
LA_E_6805215,1,none,A14
LA_E_6805440,1,gsm,A16
LA_E_6805765,0,g722,bonafide
LA_E_6805926,1,alaw,A11
LA_E_6806126,1,pstn,A08
LA_E_6806158,1,none,A11
LA_E_6806394,0,none,bonafide
LA_E_6806412,1,ulaw,A07
LA_E_6806534,1,ulaw,A14
LA_E_6806620,1,opus,A10
LA_E_6806780,1,alaw,A09
LA_E_6806947,1,opus,A09
LA_E_6806956,1,g722,A18
LA_E_6807028,1,opus,A07
LA_E_6807029,1,g722,A15
LA_E_6807054,1,opus,A07
LA_E_6807109,1,pstn,A08
LA_E_6807125,0,opus,bonafide
LA_E_6807851,1,alaw,A17
LA_E_6807860,1,pstn,A09
LA_E_6807902,1,alaw,A12
LA_E_6807967,1,gsm,A13
LA_E_6808244,1,gsm,A08
LA_E_6808372,1,opus,A08
LA_E_6808731,1,gsm,A13
LA_E_6808922,1,ulaw,A15
LA_E_6809072,1,ulaw,A16
LA_E_6809125,1,g722,A07
LA_E_6809406,1,alaw,A14
LA_E_6809844,1,pstn,A09
LA_E_6810268,1,pstn,A15
LA_E_6810413,1,alaw,A14
LA_E_6810500,1,pstn,A07
LA_E_6810796,1,g722,A09
LA_E_6810859,1,g722,A11
LA_E_6810927,1,none,A18
LA_E_6810953,1,opus,A18
LA_E_6811649,1,g722,A19
LA_E_6811727,1,opus,A19
LA_E_6812454,1,ulaw,A12
LA_E_6813378,1,gsm,A16
LA_E_6813649,1,g722,A11
LA_E_6814238,1,none,A19
LA_E_6814444,1,g722,A18
LA_E_6814522,1,gsm,A13
LA_E_6814589,1,gsm,A09
LA_E_6815034,1,g722,A08
LA_E_6815466,1,opus,A10
LA_E_6815528,1,gsm,A09
LA_E_6815663,1,pstn,A18
LA_E_6815810,1,g722,A12
LA_E_6815838,1,opus,A13
LA_E_6816410,0,ulaw,bonafide
LA_E_6816691,1,opus,A17
LA_E_6816864,1,gsm,A19
LA_E_6816911,1,gsm,A11
LA_E_6816988,1,gsm,A12
LA_E_6817075,0,gsm,bonafide
LA_E_6817196,1,gsm,A09
LA_E_6817815,1,gsm,A16
LA_E_6817818,1,g722,A07
LA_E_6818096,1,gsm,A14
LA_E_6818616,1,gsm,A09
LA_E_6818640,1,gsm,A18
LA_E_6818868,1,none,A12
LA_E_6819012,0,alaw,bonafide
LA_E_6819259,1,g722,A14
LA_E_6819437,1,none,A15
LA_E_6819521,1,g722,A12
LA_E_6819523,1,pstn,A08
LA_E_6819661,1,g722,A14
LA_E_6819915,1,g722,A17
LA_E_6820097,1,opus,A10
LA_E_6820553,1,ulaw,A19
LA_E_6820902,0,g722,bonafide
LA_E_6820996,1,g722,A18
LA_E_6821228,1,ulaw,A18
LA_E_6821269,1,ulaw,A18
LA_E_6821279,1,ulaw,A08
LA_E_6821636,1,opus,A12
LA_E_6821665,1,alaw,A08
LA_E_6822319,1,opus,A14
LA_E_6822412,1,ulaw,A15
LA_E_6822452,0,pstn,bonafide
LA_E_6822509,0,gsm,bonafide
LA_E_6822751,1,opus,A12
LA_E_6822788,1,ulaw,A12
LA_E_6823167,0,opus,bonafide
LA_E_6823391,1,ulaw,A17
LA_E_6823581,1,g722,A08
LA_E_6823780,1,ulaw,A13
LA_E_6823800,1,ulaw,A17
LA_E_6823844,1,alaw,A15
LA_E_6824177,1,opus,A15
LA_E_6825083,1,pstn,A11
LA_E_6825943,1,ulaw,A11
LA_E_6826316,1,pstn,A07
LA_E_6826389,1,alaw,A14
LA_E_6826432,1,ulaw,A14
LA_E_6826536,1,alaw,A19
LA_E_6826652,0,pstn,bonafide
LA_E_6826662,1,opus,A15
LA_E_6826751,1,ulaw,A08
LA_E_6827406,1,none,A07
LA_E_6827547,1,ulaw,A13
LA_E_6827652,1,none,A15
LA_E_6828315,0,g722,bonafide
LA_E_6828538,1,none,A08
LA_E_6828701,1,gsm,A15
LA_E_6829051,1,opus,A17
LA_E_6829244,1,gsm,A08
LA_E_6829568,1,pstn,A08
LA_E_6829603,1,pstn,A09
LA_E_6830232,1,alaw,A10
LA_E_6830261,1,opus,A16
LA_E_6830281,1,alaw,A13
LA_E_6830436,1,g722,A11
LA_E_6830687,1,pstn,A13
LA_E_6830749,1,opus,A14
LA_E_6830858,1,pstn,A17
LA_E_6831004,1,pstn,A09
LA_E_6831029,1,g722,A17
LA_E_6831073,1,none,A19
LA_E_6831104,1,g722,A17
LA_E_6831227,1,ulaw,A19
LA_E_6831719,1,gsm,A11
LA_E_6832378,1,alaw,A12
LA_E_6832578,1,opus,A08
LA_E_6832828,1,gsm,A11
LA_E_6832844,1,gsm,A09
LA_E_6834570,1,alaw,A09
LA_E_6834737,1,opus,A17
LA_E_6835098,1,opus,A07
LA_E_6835173,1,none,A14
LA_E_6835195,1,none,A10
LA_E_6835222,1,ulaw,A16
LA_E_6835250,1,opus,A09
LA_E_6835477,0,ulaw,bonafide
LA_E_6835745,1,pstn,A13
LA_E_6835802,1,none,A07
LA_E_6835807,1,g722,A11
LA_E_6835924,1,none,A12
LA_E_6836196,1,pstn,A13
LA_E_6836259,1,alaw,A14
LA_E_6836467,1,pstn,A07
LA_E_6836668,1,g722,A16
LA_E_6836751,1,pstn,A13
LA_E_6837178,0,pstn,bonafide
LA_E_6837280,1,none,A18
LA_E_6837402,1,pstn,A08
LA_E_6837630,1,none,A16
LA_E_6838154,1,pstn,A12
LA_E_6838270,0,opus,bonafide
LA_E_6838341,1,alaw,A16
LA_E_6838745,1,alaw,A12
LA_E_6838890,1,none,A16
LA_E_6838943,1,gsm,A19
LA_E_6839290,1,opus,A19
LA_E_6839688,1,opus,A16
LA_E_6839885,1,opus,A16
LA_E_6840380,1,none,A07
LA_E_6840467,1,ulaw,A15
LA_E_6840696,0,gsm,bonafide
LA_E_6841054,1,alaw,A09
LA_E_6841618,1,ulaw,A14
LA_E_6842028,1,alaw,A14
LA_E_6842245,0,opus,bonafide
LA_E_6842382,0,none,bonafide
LA_E_6842418,1,pstn,A14
LA_E_6842499,1,none,A09
LA_E_6843001,1,opus,A12
LA_E_6843750,1,alaw,A11
LA_E_6844068,1,ulaw,A08
LA_E_6844071,1,ulaw,A08
LA_E_6844325,1,g722,A11
LA_E_6844410,1,pstn,A16
LA_E_6844857,1,alaw,A13
LA_E_6845402,1,opus,A14
LA_E_6845802,0,gsm,bonafide
LA_E_6846290,1,g722,A07
LA_E_6846401,0,ulaw,bonafide
LA_E_6846936,1,alaw,A19
LA_E_6847172,1,opus,A11
LA_E_6847738,1,ulaw,A08
LA_E_6847925,1,opus,A12
LA_E_6848332,1,g722,A16
LA_E_6848413,1,pstn,A17
LA_E_6849865,1,ulaw,A15
LA_E_6849879,1,pstn,A07
LA_E_6849950,1,opus,A18
LA_E_6850393,1,pstn,A09
LA_E_6850850,0,none,bonafide
LA_E_6850869,1,ulaw,A15
LA_E_6851209,1,ulaw,A15
LA_E_6851310,1,opus,A13
LA_E_6851423,1,ulaw,A13
LA_E_6851453,1,pstn,A08
LA_E_6851485,1,opus,A18
LA_E_6851492,1,alaw,A17
LA_E_6851977,1,alaw,A15
LA_E_6852429,1,opus,A15
LA_E_6852497,1,ulaw,A08
LA_E_6852631,1,ulaw,A15
LA_E_6852888,1,pstn,A17
LA_E_6852916,1,pstn,A11
LA_E_6853498,0,g722,bonafide
LA_E_6853549,1,opus,A13
LA_E_6854388,0,ulaw,bonafide
LA_E_6855080,1,none,A12
LA_E_6855161,1,alaw,A10
LA_E_6855343,1,ulaw,A11
LA_E_6856154,1,alaw,A14
LA_E_6856370,1,g722,A10
LA_E_6856447,1,none,A12
LA_E_6856584,1,alaw,A07
LA_E_6857335,1,none,A18
LA_E_6857711,1,g722,A10
LA_E_6857819,1,none,A08
LA_E_6858040,1,opus,A08
LA_E_6858135,1,alaw,A12
LA_E_6858164,1,g722,A17
LA_E_6858206,1,none,A10
LA_E_6858230,1,gsm,A13
LA_E_6858851,1,gsm,A18
LA_E_6859001,1,g722,A10
LA_E_6859022,1,g722,A15
LA_E_6859885,1,alaw,A18
LA_E_6860564,1,none,A16
LA_E_6860645,1,pstn,A08
LA_E_6860916,1,none,A11
LA_E_6860929,1,g722,A18
LA_E_6861002,1,alaw,A17
LA_E_6861108,1,none,A07
LA_E_6861498,1,g722,A13
LA_E_6862065,0,ulaw,bonafide
LA_E_6862174,1,gsm,A11
LA_E_6862379,1,opus,A10
LA_E_6862422,1,alaw,A08
LA_E_6862497,1,pstn,A16
LA_E_6862499,1,g722,A11
LA_E_6862805,1,g722,A07
LA_E_6862926,1,none,A13
LA_E_6862997,1,none,A13
LA_E_6863074,1,alaw,A19
LA_E_6863414,1,opus,A17
LA_E_6863447,1,opus,A15
LA_E_6863644,1,ulaw,A17
LA_E_6864868,1,none,A11
LA_E_6865482,1,none,A08
LA_E_6865567,1,opus,A12
LA_E_6865914,1,none,A10
LA_E_6866159,1,alaw,A07
LA_E_6866171,1,opus,A16
LA_E_6866500,1,gsm,A13
LA_E_6866785,1,g722,A17
LA_E_6866791,1,g722,A16
LA_E_6866971,1,opus,A08
LA_E_6867564,1,none,A09
LA_E_6867842,1,alaw,A17
LA_E_6868135,1,opus,A14
LA_E_6868219,1,alaw,A13
LA_E_6868720,1,opus,A11
LA_E_6869039,1,alaw,A19
LA_E_6869096,1,g722,A12
LA_E_6869119,1,gsm,A17
LA_E_6869507,1,g722,A14
LA_E_6870391,1,opus,A17
LA_E_6870458,1,ulaw,A13
LA_E_6870462,1,opus,A12
LA_E_6870911,1,none,A12
LA_E_6871395,1,alaw,A14
LA_E_6871668,1,none,A07
LA_E_6871745,1,ulaw,A08
LA_E_6871885,1,ulaw,A19
LA_E_6871905,1,alaw,A18
LA_E_6871989,1,gsm,A17
LA_E_6872219,1,gsm,A19
LA_E_6872411,1,alaw,A10
LA_E_6872523,1,alaw,A15
LA_E_6872563,1,opus,A17
LA_E_6873399,1,opus,A11
LA_E_6873816,1,ulaw,A13
LA_E_6873864,1,gsm,A12
LA_E_6874238,1,ulaw,A11
LA_E_6874678,1,gsm,A10
LA_E_6875064,1,ulaw,A18
LA_E_6875158,1,pstn,A08
LA_E_6875449,1,pstn,A15
LA_E_6876010,1,pstn,A17
LA_E_6876073,1,opus,A08
LA_E_6876133,1,g722,A18
LA_E_6876493,1,ulaw,A18
LA_E_6876534,1,opus,A08
LA_E_6876616,1,gsm,A18
LA_E_6876644,0,pstn,bonafide
LA_E_6876902,1,g722,A16
LA_E_6877335,1,g722,A16
LA_E_6877489,1,none,A13
LA_E_6877590,1,alaw,A08
LA_E_6877674,1,g722,A07
LA_E_6877679,1,alaw,A19
LA_E_6877845,1,gsm,A10
LA_E_6877933,1,g722,A15
LA_E_6878006,1,none,A12
LA_E_6878025,1,none,A14
LA_E_6878042,1,gsm,A13
LA_E_6878183,1,g722,A11
LA_E_6878417,1,opus,A14
LA_E_6878588,1,g722,A15
LA_E_6878839,1,pstn,A15
LA_E_6878912,1,alaw,A17
LA_E_6879417,1,g722,A15
LA_E_6879717,1,opus,A10
LA_E_6880214,1,alaw,A10
LA_E_6880325,1,gsm,A11
LA_E_6880543,1,g722,A09
LA_E_6880685,1,ulaw,A17
LA_E_6880813,1,none,A13
LA_E_6881613,1,opus,A13
LA_E_6882990,1,alaw,A13
LA_E_6883488,1,pstn,A08
LA_E_6883831,0,ulaw,bonafide
LA_E_6883922,1,pstn,A19
LA_E_6883925,1,opus,A19
LA_E_6884077,1,ulaw,A10
LA_E_6884331,1,g722,A19
LA_E_6884392,1,pstn,A15
LA_E_6884496,1,gsm,A19
LA_E_6884838,1,alaw,A12
LA_E_6884857,1,gsm,A18
LA_E_6884888,1,none,A09
LA_E_6885412,0,ulaw,bonafide
LA_E_6885638,1,gsm,A13
LA_E_6885701,1,alaw,A10
LA_E_6885943,0,gsm,bonafide
LA_E_6886084,1,gsm,A16
LA_E_6886600,0,gsm,bonafide
LA_E_6886841,1,gsm,A07
LA_E_6886884,0,opus,bonafide
LA_E_6887035,1,opus,A07
LA_E_6887180,1,opus,A15
LA_E_6887577,1,opus,A14
LA_E_6887649,1,g722,A14
LA_E_6887903,1,pstn,A13
LA_E_6888220,1,alaw,A08
LA_E_6888955,1,gsm,A16
LA_E_6888966,1,none,A08
LA_E_6889335,1,alaw,A12
LA_E_6889434,1,opus,A07
LA_E_6890559,1,ulaw,A08
LA_E_6890668,1,ulaw,A17
LA_E_6890988,1,pstn,A07
LA_E_6891252,1,ulaw,A16
LA_E_6891302,1,alaw,A18
LA_E_6891475,1,none,A08
LA_E_6891533,1,alaw,A14
LA_E_6891623,1,g722,A18
LA_E_6892544,1,alaw,A13
LA_E_6892580,1,none,A07
LA_E_6892753,1,gsm,A12
LA_E_6892926,1,ulaw,A11
LA_E_6892965,1,ulaw,A10
LA_E_6893339,1,gsm,A08
LA_E_6893558,1,alaw,A07
LA_E_6893561,1,g722,A16
LA_E_6893674,1,g722,A19
LA_E_6894215,1,gsm,A16
LA_E_6894270,1,g722,A18
LA_E_6894312,1,alaw,A13
LA_E_6894439,1,gsm,A08
LA_E_6894635,1,none,A19
LA_E_6894730,1,gsm,A10
LA_E_6894854,1,ulaw,A07
LA_E_6894956,1,ulaw,A18
LA_E_6895009,1,opus,A17
LA_E_6895199,1,g722,A17
LA_E_6895486,1,opus,A13
LA_E_6895725,1,gsm,A19
LA_E_6896558,1,opus,A19
LA_E_6896598,1,pstn,A07
LA_E_6896755,1,opus,A17
LA_E_6896972,1,none,A11
LA_E_6897108,1,ulaw,A14
LA_E_6897225,1,none,A10
LA_E_6897390,1,ulaw,A11
LA_E_6897798,1,opus,A07
LA_E_6897862,1,g722,A14
LA_E_6898207,1,opus,A10
LA_E_6898320,1,alaw,A07
LA_E_6898323,1,opus,A17
LA_E_6898473,1,none,A17
LA_E_6898493,1,ulaw,A11
LA_E_6898613,1,pstn,A19
LA_E_6899232,1,none,A15
LA_E_6899617,1,pstn,A14
LA_E_6899935,1,g722,A17
LA_E_6900098,1,opus,A08
LA_E_6900110,1,g722,A18
LA_E_6900475,1,pstn,A16
LA_E_6900667,1,none,A19
LA_E_6900876,1,opus,A18
LA_E_6901181,1,g722,A11
LA_E_6901187,1,ulaw,A12
LA_E_6901255,1,alaw,A09
LA_E_6901520,1,alaw,A17
LA_E_6901989,1,ulaw,A13
LA_E_6902357,1,g722,A07
LA_E_6902389,1,pstn,A12
LA_E_6902579,1,ulaw,A10
LA_E_6903423,1,pstn,A07
LA_E_6903746,1,g722,A13
LA_E_6903937,0,opus,bonafide
LA_E_6904523,1,ulaw,A19
LA_E_6904636,1,ulaw,A13
LA_E_6904757,1,opus,A11
LA_E_6904927,1,ulaw,A08
LA_E_6904954,1,pstn,A12
LA_E_6905049,1,gsm,A07
LA_E_6905104,1,opus,A19
LA_E_6905245,1,alaw,A11
LA_E_6905947,1,opus,A13
LA_E_6905966,1,alaw,A07
LA_E_6906067,1,alaw,A15
LA_E_6906121,1,g722,A14
LA_E_6906177,1,g722,A09
LA_E_6906708,1,none,A10
LA_E_6906762,1,ulaw,A10
LA_E_6906825,1,none,A10
LA_E_6906974,1,ulaw,A18
LA_E_6907001,1,pstn,A10
LA_E_6907045,1,pstn,A07
LA_E_6907243,1,alaw,A15
LA_E_6907334,0,none,bonafide
LA_E_6907463,1,pstn,A17
LA_E_6908403,1,opus,A16
LA_E_6908412,1,alaw,A17
LA_E_6908594,1,alaw,A09
LA_E_6908685,1,alaw,A11
LA_E_6909171,1,gsm,A16
LA_E_6909423,1,ulaw,A08
LA_E_6909692,1,pstn,A13
LA_E_6909728,1,opus,A11
LA_E_6909993,1,opus,A18
LA_E_6910027,1,gsm,A18
LA_E_6910134,1,gsm,A12
LA_E_6910152,1,none,A14
LA_E_6910325,1,ulaw,A14
LA_E_6910521,1,pstn,A11
LA_E_6910593,1,g722,A08
LA_E_6910602,1,gsm,A17
LA_E_6910704,1,alaw,A12
LA_E_6910818,1,ulaw,A10
LA_E_6910880,1,alaw,A08
LA_E_6911063,1,g722,A07
LA_E_6911749,1,g722,A14
LA_E_6911954,1,alaw,A19
LA_E_6912618,1,ulaw,A19
LA_E_6912634,1,alaw,A12
LA_E_6912882,1,gsm,A09
LA_E_6912929,1,pstn,A12
LA_E_6912936,0,ulaw,bonafide
LA_E_6912968,1,opus,A08
LA_E_6913084,1,gsm,A13
LA_E_6913303,1,gsm,A18
LA_E_6913807,1,opus,A12
LA_E_6913841,1,gsm,A08
LA_E_6914180,1,g722,A09
LA_E_6914779,1,pstn,A14
LA_E_6914874,1,alaw,A07
LA_E_6915368,1,alaw,A12
LA_E_6915429,1,g722,A07
LA_E_6915485,1,g722,A19
LA_E_6915499,1,pstn,A18
LA_E_6915558,1,none,A10
LA_E_6916090,1,pstn,A10
LA_E_6916215,1,ulaw,A18
LA_E_6916510,1,g722,A09
LA_E_6916532,1,none,A14
LA_E_6916835,1,ulaw,A16
LA_E_6916964,1,gsm,A08
LA_E_6917169,1,none,A17
LA_E_6917255,1,none,A15
LA_E_6917303,1,pstn,A08
LA_E_6917421,1,pstn,A08
LA_E_6917952,1,opus,A13
LA_E_6917955,1,gsm,A19
LA_E_6918085,1,pstn,A07
LA_E_6918307,1,none,A16
LA_E_6918309,1,pstn,A11
LA_E_6918469,1,gsm,A12
LA_E_6919472,0,g722,bonafide
LA_E_6919717,1,pstn,A12
LA_E_6919790,1,alaw,A17
LA_E_6919870,1,none,A12
LA_E_6920025,1,none,A19
LA_E_6920508,0,ulaw,bonafide
LA_E_6920787,1,pstn,A15
LA_E_6921002,1,alaw,A09
LA_E_6921152,1,g722,A08
LA_E_6921485,1,g722,A08
LA_E_6921559,1,ulaw,A14
LA_E_6921730,1,alaw,A19
LA_E_6921815,1,ulaw,A09
LA_E_6921846,1,gsm,A10
LA_E_6921919,0,none,bonafide
LA_E_6922270,1,gsm,A10
LA_E_6922474,1,alaw,A16
LA_E_6922514,1,pstn,A07
LA_E_6922545,1,opus,A10
LA_E_6922704,1,pstn,A12
LA_E_6922756,0,g722,bonafide
LA_E_6922806,1,ulaw,A13
LA_E_6923118,1,alaw,A11
LA_E_6923286,1,none,A18
LA_E_6923304,1,opus,A11
LA_E_6923312,1,alaw,A14
LA_E_6923703,1,alaw,A07
LA_E_6923784,1,none,A12
LA_E_6923794,1,gsm,A13
LA_E_6923999,1,g722,A15
LA_E_6924021,1,pstn,A09
LA_E_6924332,0,opus,bonafide
LA_E_6924620,1,pstn,A08
LA_E_6925820,1,g722,A15
LA_E_6926270,1,g722,A18
LA_E_6926576,1,none,A09
LA_E_6927076,1,none,A16
LA_E_6927610,1,alaw,A08
LA_E_6927635,1,opus,A15
LA_E_6927757,1,ulaw,A15
LA_E_6927868,0,gsm,bonafide
LA_E_6928178,1,alaw,A16
LA_E_6928331,1,g722,A10
LA_E_6928500,1,none,A14
LA_E_6928651,1,none,A19
LA_E_6928891,1,g722,A10
LA_E_6929013,1,pstn,A13
LA_E_6929089,1,ulaw,A14
LA_E_6929348,1,gsm,A15
LA_E_6929505,1,alaw,A14
LA_E_6929540,1,alaw,A07
LA_E_6929744,1,pstn,A07
LA_E_6930356,1,none,A16
LA_E_6930612,0,ulaw,bonafide
LA_E_6930760,1,alaw,A14
LA_E_6931381,1,opus,A09
LA_E_6931418,1,ulaw,A09
LA_E_6931607,1,none,A10
LA_E_6931612,1,opus,A07
LA_E_6931720,1,pstn,A10
LA_E_6931791,1,ulaw,A19
LA_E_6931899,1,g722,A07
LA_E_6932056,1,g722,A17
LA_E_6932280,1,pstn,A13
LA_E_6932483,1,ulaw,A13
LA_E_6932876,1,pstn,A10
LA_E_6933040,1,gsm,A16
LA_E_6933081,1,g722,A18
LA_E_6933098,1,alaw,A19
LA_E_6933273,1,gsm,A14
LA_E_6933534,1,gsm,A17
LA_E_6933899,1,none,A12
LA_E_6934095,1,g722,A15
LA_E_6934156,1,alaw,A18
LA_E_6934585,1,gsm,A17
LA_E_6934922,1,ulaw,A07
LA_E_6934947,1,g722,A08
LA_E_6934976,1,alaw,A18
LA_E_6935127,1,none,A10
LA_E_6935614,0,none,bonafide
LA_E_6935851,1,opus,A16
LA_E_6936412,1,g722,A17
LA_E_6936570,1,g722,A17
LA_E_6936844,1,ulaw,A13
LA_E_6936859,1,pstn,A18
LA_E_6936989,1,opus,A09
LA_E_6937183,1,ulaw,A09
LA_E_6937692,1,alaw,A16
LA_E_6937703,1,g722,A17
LA_E_6938152,1,pstn,A11
LA_E_6938155,1,gsm,A07
LA_E_6938252,1,g722,A19
LA_E_6938308,1,ulaw,A11
LA_E_6938895,1,opus,A09
LA_E_6939510,1,none,A08
LA_E_6939709,1,g722,A15
LA_E_6939723,1,none,A17
LA_E_6940136,1,gsm,A16
LA_E_6940273,1,none,A10
LA_E_6940658,1,ulaw,A11
LA_E_6940779,1,g722,A11
LA_E_6941136,1,gsm,A16
LA_E_6941191,1,alaw,A08
LA_E_6941228,1,none,A19
LA_E_6941798,1,opus,A19
LA_E_6941942,1,pstn,A09
LA_E_6942227,1,g722,A12
LA_E_6942649,1,none,A19
LA_E_6942888,1,ulaw,A16
LA_E_6943588,1,ulaw,A08
LA_E_6943719,1,opus,A12
LA_E_6943753,1,alaw,A10
LA_E_6945101,1,none,A16
LA_E_6945252,1,ulaw,A19
LA_E_6945506,1,alaw,A16
LA_E_6945709,1,none,A17
LA_E_6945776,1,opus,A10
LA_E_6946090,1,g722,A07
LA_E_6946307,1,g722,A14
LA_E_6946745,1,gsm,A12
LA_E_6946837,1,ulaw,A09
LA_E_6946991,1,alaw,A16
LA_E_6947561,1,ulaw,A18
LA_E_6947614,1,ulaw,A15
LA_E_6947968,1,alaw,A11
LA_E_6948582,1,ulaw,A07
LA_E_6948585,1,ulaw,A14
LA_E_6949670,1,none,A16
LA_E_6949959,1,ulaw,A17
LA_E_6949983,1,alaw,A17
LA_E_6950127,1,alaw,A08
LA_E_6950601,1,g722,A14
LA_E_6950732,1,pstn,A12
LA_E_6950935,1,gsm,A18
LA_E_6951107,1,alaw,A10
LA_E_6951332,1,ulaw,A16
LA_E_6951670,1,pstn,A13
LA_E_6952531,1,g722,A13
LA_E_6953255,1,opus,A07
LA_E_6953278,1,alaw,A10
LA_E_6953732,1,alaw,A14
LA_E_6953771,1,none,A14
LA_E_6954353,1,g722,A12
LA_E_6955041,1,g722,A11
LA_E_6955212,1,opus,A12
LA_E_6955263,1,opus,A14
LA_E_6955374,1,gsm,A15
LA_E_6955465,1,ulaw,A14
LA_E_6955534,1,ulaw,A10
LA_E_6955617,1,pstn,A11
LA_E_6955882,1,alaw,A13
LA_E_6956980,1,ulaw,A16
LA_E_6957035,1,ulaw,A08
LA_E_6957068,1,none,A14
LA_E_6957323,1,alaw,A14
LA_E_6957497,1,g722,A09
LA_E_6957502,1,none,A15
LA_E_6957519,1,alaw,A17
LA_E_6957542,1,gsm,A12
LA_E_6957624,1,pstn,A08
LA_E_6957712,1,g722,A13
LA_E_6957720,1,opus,A12
LA_E_6957757,1,ulaw,A07
LA_E_6957859,1,ulaw,A07
LA_E_6957996,1,alaw,A14
LA_E_6958149,1,alaw,A17
LA_E_6958484,1,alaw,A11
LA_E_6958580,1,gsm,A14
LA_E_6958830,1,gsm,A10
LA_E_6959259,1,gsm,A11
LA_E_6959391,1,gsm,A07
LA_E_6959648,1,g722,A16
LA_E_6959878,1,ulaw,A15
LA_E_6959963,1,ulaw,A17
LA_E_6960215,1,none,A19
LA_E_6960538,1,pstn,A09
LA_E_6960645,1,ulaw,A12
LA_E_6960691,1,opus,A13
LA_E_6961203,1,alaw,A16
LA_E_6961289,1,gsm,A07
LA_E_6961607,1,opus,A09
LA_E_6961789,1,ulaw,A19
LA_E_6962047,1,pstn,A16
LA_E_6962253,1,gsm,A11
LA_E_6962278,1,none,A14
LA_E_6962480,1,g722,A18
LA_E_6962754,1,gsm,A10
LA_E_6962766,1,opus,A08
LA_E_6962828,1,opus,A07
LA_E_6962834,1,gsm,A08
LA_E_6962995,1,opus,A19
LA_E_6963017,0,alaw,bonafide
LA_E_6963108,1,ulaw,A14
LA_E_6963124,1,alaw,A08
LA_E_6963199,1,ulaw,A16
LA_E_6963463,1,opus,A09
LA_E_6963974,1,g722,A08
LA_E_6964273,1,alaw,A09
LA_E_6964319,1,ulaw,A14
LA_E_6964370,1,ulaw,A17
LA_E_6964708,0,none,bonafide
LA_E_6965019,1,opus,A16
LA_E_6965317,1,alaw,A07
LA_E_6965383,0,opus,bonafide
LA_E_6965693,1,ulaw,A09
LA_E_6965859,1,opus,A15
LA_E_6965913,0,opus,bonafide
LA_E_6966036,1,alaw,A17
LA_E_6966282,1,g722,A12
LA_E_6966367,0,gsm,bonafide
LA_E_6966461,1,g722,A08
LA_E_6967102,1,none,A15
LA_E_6967126,1,gsm,A12
LA_E_6967141,1,alaw,A09
LA_E_6967559,1,ulaw,A08
LA_E_6967940,1,ulaw,A15
LA_E_6968043,1,none,A09
LA_E_6968377,1,ulaw,A07
LA_E_6968581,1,ulaw,A16
LA_E_6968779,1,alaw,A18
LA_E_6969647,1,gsm,A07
LA_E_6970009,1,none,A18
LA_E_6970176,1,ulaw,A14
LA_E_6970338,0,none,bonafide
LA_E_6970374,1,alaw,A07
LA_E_6970423,1,g722,A10
LA_E_6970651,1,g722,A19
LA_E_6970944,1,alaw,A11
LA_E_6971669,1,gsm,A07
LA_E_6971878,1,opus,A14
LA_E_6971890,1,pstn,A16
LA_E_6972231,1,opus,A17
LA_E_6972256,1,pstn,A11
LA_E_6972263,1,g722,A11
LA_E_6972271,1,pstn,A10
LA_E_6972487,1,none,A16
LA_E_6972604,1,g722,A08
LA_E_6972614,1,alaw,A11
LA_E_6972982,1,none,A08
LA_E_6973439,1,none,A10
LA_E_6974965,1,alaw,A18
LA_E_6975071,0,alaw,bonafide
LA_E_6975110,1,ulaw,A10
LA_E_6975216,1,none,A19
LA_E_6975326,1,none,A09
LA_E_6976701,1,opus,A14
LA_E_6976855,1,gsm,A17
LA_E_6976935,1,ulaw,A11
LA_E_6977320,0,none,bonafide
LA_E_6977554,1,gsm,A14
LA_E_6977749,1,pstn,A17
LA_E_6977942,1,g722,A07
LA_E_6977990,1,g722,A09
LA_E_6978307,1,none,A09
LA_E_6979623,1,gsm,A18
LA_E_6979675,1,gsm,A15
LA_E_6979715,1,none,A10
LA_E_6979774,1,g722,A14
LA_E_6979849,1,g722,A14
LA_E_6980618,1,none,A16
LA_E_6980657,1,pstn,A14
LA_E_6980959,1,gsm,A08
LA_E_6981406,1,alaw,A19
LA_E_6981641,1,alaw,A12
LA_E_6981840,1,alaw,A15
LA_E_6981862,1,g722,A19
LA_E_6982129,1,none,A14
LA_E_6982239,1,g722,A10
LA_E_6982688,1,gsm,A15
LA_E_6982707,1,g722,A18
LA_E_6983223,1,g722,A19
LA_E_6983311,1,g722,A17
LA_E_6983677,1,gsm,A11
LA_E_6984131,0,none,bonafide
LA_E_6984314,1,ulaw,A19
LA_E_6984630,1,ulaw,A17
LA_E_6984794,0,alaw,bonafide
LA_E_6984838,1,gsm,A18
LA_E_6985598,1,pstn,A17
LA_E_6985721,1,g722,A08
LA_E_6985728,1,none,A13
LA_E_6985917,1,gsm,A17
LA_E_6985991,0,g722,bonafide
LA_E_6986108,1,alaw,A16
LA_E_6986430,1,none,A08
LA_E_6986829,1,g722,A12
LA_E_6986865,1,opus,A07
LA_E_6987318,1,ulaw,A13
LA_E_6987403,1,none,A14
LA_E_6987480,1,none,A19
LA_E_6987678,1,alaw,A17
LA_E_6987893,1,ulaw,A19
LA_E_6987999,1,alaw,A13
LA_E_6988198,1,gsm,A09
LA_E_6988707,1,pstn,A07
LA_E_6988917,0,pstn,bonafide
LA_E_6988929,1,ulaw,A08
LA_E_6988961,1,ulaw,A07
LA_E_6989082,1,g722,A07
LA_E_6989713,1,alaw,A19
LA_E_6990003,1,pstn,A11
LA_E_6990385,1,ulaw,A16
LA_E_6990481,1,alaw,A12
LA_E_6990624,1,none,A18
LA_E_6990823,1,opus,A13
LA_E_6991103,1,alaw,A13
LA_E_6991215,1,alaw,A08
LA_E_6991872,1,g722,A13
LA_E_6992023,1,ulaw,A08
LA_E_6992215,1,g722,A16
LA_E_6992457,1,g722,A14
LA_E_6992805,1,opus,A16
LA_E_6993334,1,g722,A17
LA_E_6993373,1,g722,A15
LA_E_6993414,1,alaw,A14
LA_E_6993754,1,gsm,A07
LA_E_6994162,1,alaw,A10
LA_E_6994238,1,pstn,A10
LA_E_6994352,1,alaw,A18
LA_E_6994399,1,gsm,A19
LA_E_6994739,1,opus,A10
LA_E_6994751,1,pstn,A10
LA_E_6994821,1,gsm,A15
LA_E_6994832,1,opus,A15
LA_E_6995183,1,pstn,A12
LA_E_6995376,1,none,A07
LA_E_6995536,1,ulaw,A19
LA_E_6996403,1,opus,A08
LA_E_6996501,1,gsm,A08
LA_E_6996642,1,pstn,A17
LA_E_6996907,1,pstn,A16
LA_E_6997489,1,none,A18
LA_E_6998129,1,pstn,A13
LA_E_6998491,1,opus,A11
LA_E_6998769,1,pstn,A19
LA_E_6998818,1,ulaw,A12
LA_E_6998886,1,ulaw,A13
LA_E_6998993,1,alaw,A13
LA_E_6999142,1,opus,A12
LA_E_6999888,1,none,A16
LA_E_7000047,1,opus,A14
LA_E_7000510,1,ulaw,A15
LA_E_7000659,1,pstn,A18
LA_E_7001325,1,opus,A13
LA_E_7001659,1,opus,A07
LA_E_7001804,1,gsm,A12
LA_E_7002002,1,none,A08
LA_E_7002066,1,ulaw,A17
LA_E_7002235,0,gsm,bonafide
LA_E_7002503,1,ulaw,A19
LA_E_7003239,1,ulaw,A11
LA_E_7003516,1,pstn,A19
LA_E_7003752,1,none,A16
LA_E_7004507,0,gsm,bonafide
LA_E_7005354,1,ulaw,A12
LA_E_7005483,0,opus,bonafide
LA_E_7006159,1,gsm,A16
LA_E_7006330,1,g722,A08
LA_E_7007989,1,none,A13
LA_E_7008055,1,pstn,A19
LA_E_7008119,1,none,A18
LA_E_7008261,1,alaw,A11
LA_E_7008263,1,opus,A09
LA_E_7008366,1,none,A07
LA_E_7008415,1,alaw,A16
LA_E_7008921,1,opus,A14
LA_E_7009732,1,g722,A17
LA_E_7009847,1,alaw,A18
LA_E_7010320,1,ulaw,A18
LA_E_7010695,1,alaw,A15
LA_E_7010964,1,ulaw,A14
LA_E_7010970,1,gsm,A15
LA_E_7011630,1,ulaw,A12
LA_E_7011803,1,ulaw,A09
LA_E_7011886,1,g722,A09
LA_E_7012230,1,pstn,A11
LA_E_7012278,1,opus,A15
LA_E_7012282,1,g722,A15
LA_E_7012341,1,alaw,A14
LA_E_7012375,1,g722,A12
LA_E_7012413,1,opus,A18
LA_E_7012555,1,ulaw,A07
LA_E_7012740,1,none,A18
LA_E_7012946,1,alaw,A17
LA_E_7014013,1,alaw,A11
LA_E_7014052,1,ulaw,A07
LA_E_7014467,1,ulaw,A11
LA_E_7015155,1,opus,A12
LA_E_7015252,1,ulaw,A15
LA_E_7015647,0,none,bonafide
LA_E_7015648,1,alaw,A10
LA_E_7016186,1,gsm,A17
LA_E_7016228,1,g722,A09
LA_E_7016387,1,alaw,A13
LA_E_7017803,1,pstn,A17
LA_E_7017966,1,g722,A13
LA_E_7018045,1,pstn,A07
LA_E_7018542,1,opus,A18
LA_E_7019280,1,gsm,A11
LA_E_7019428,1,opus,A17
LA_E_7019726,1,g722,A13
LA_E_7019900,1,g722,A15
LA_E_7020539,1,gsm,A10
LA_E_7020701,1,opus,A14
LA_E_7020843,1,alaw,A10
LA_E_7020847,1,pstn,A13
LA_E_7021286,1,ulaw,A14
LA_E_7021434,1,ulaw,A17
LA_E_7022030,1,gsm,A13
LA_E_7022163,1,pstn,A18
LA_E_7022229,1,gsm,A09
LA_E_7022255,1,ulaw,A16
LA_E_7022361,1,alaw,A12
LA_E_7022620,1,alaw,A16
LA_E_7022925,1,g722,A14
LA_E_7023126,1,opus,A13
LA_E_7023563,0,alaw,bonafide
LA_E_7023836,1,alaw,A10
LA_E_7023885,1,gsm,A09
LA_E_7024028,1,opus,A10
LA_E_7024196,1,g722,A15
LA_E_7024393,0,alaw,bonafide
LA_E_7024661,1,pstn,A18
LA_E_7025104,1,ulaw,A08
LA_E_7025169,0,gsm,bonafide
LA_E_7025642,1,opus,A14
LA_E_7027341,1,g722,A09
LA_E_7027520,1,g722,A18
LA_E_7027661,1,gsm,A13
LA_E_7027754,1,pstn,A16
LA_E_7027851,1,alaw,A10
LA_E_7028031,1,pstn,A12
LA_E_7028241,1,opus,A18
LA_E_7028515,0,gsm,bonafide
LA_E_7028753,1,g722,A15
LA_E_7029050,1,pstn,A16
LA_E_7029500,1,gsm,A14
LA_E_7029569,1,g722,A07
LA_E_7029610,1,opus,A09
LA_E_7029734,1,none,A10
LA_E_7029807,1,opus,A11
LA_E_7030009,1,ulaw,A11
LA_E_7030018,1,gsm,A11
LA_E_7030023,0,none,bonafide
LA_E_7030191,1,none,A09
LA_E_7030429,1,opus,A16
LA_E_7030541,1,alaw,A07
LA_E_7030603,1,gsm,A10
LA_E_7030796,1,none,A07
LA_E_7030868,1,gsm,A15
LA_E_7030874,1,gsm,A19
LA_E_7031081,1,opus,A08
LA_E_7031135,1,g722,A19
LA_E_7031518,1,gsm,A15
LA_E_7031584,0,none,bonafide
LA_E_7031625,1,pstn,A17
LA_E_7032154,1,g722,A19
LA_E_7032267,1,opus,A11
LA_E_7032357,1,alaw,A11
LA_E_7032618,1,gsm,A10
LA_E_7033098,1,alaw,A16
LA_E_7033353,1,ulaw,A16
LA_E_7034185,1,opus,A10
LA_E_7034197,1,ulaw,A18
LA_E_7034249,1,gsm,A19
LA_E_7034499,1,none,A11
LA_E_7034639,1,opus,A11
LA_E_7035047,1,gsm,A13
LA_E_7035260,1,alaw,A12
LA_E_7035640,1,none,A13
LA_E_7035780,1,opus,A13
LA_E_7035785,1,gsm,A09
LA_E_7035913,1,pstn,A15
LA_E_7036925,1,opus,A19
LA_E_7037032,1,none,A12
LA_E_7037158,1,none,A19
LA_E_7037250,1,g722,A17
LA_E_7037394,1,pstn,A13
LA_E_7037672,1,pstn,A09
LA_E_7037963,0,gsm,bonafide
LA_E_7038151,1,ulaw,A19
LA_E_7038214,1,gsm,A16
LA_E_7038511,1,opus,A11
LA_E_7039338,1,ulaw,A14
LA_E_7039883,1,ulaw,A19
LA_E_7040270,1,ulaw,A11
LA_E_7040862,1,g722,A07
LA_E_7040986,1,opus,A16
LA_E_7041086,1,gsm,A15
LA_E_7041117,1,ulaw,A12
LA_E_7041225,1,pstn,A17
LA_E_7041295,1,none,A08
LA_E_7041423,1,none,A18
LA_E_7041913,1,alaw,A13
LA_E_7042161,1,gsm,A09
LA_E_7042299,1,opus,A11
LA_E_7042325,1,g722,A14
LA_E_7042476,1,none,A18
LA_E_7042864,1,none,A17
LA_E_7042880,0,none,bonafide
LA_E_7043141,1,pstn,A16
LA_E_7043550,1,pstn,A11
LA_E_7043639,1,ulaw,A13
LA_E_7043860,1,g722,A18
LA_E_7044012,1,gsm,A11
LA_E_7044208,0,alaw,bonafide
LA_E_7044874,1,none,A14
LA_E_7045143,1,pstn,A13
LA_E_7045871,1,ulaw,A09
LA_E_7046473,1,opus,A16
LA_E_7046542,1,pstn,A12
LA_E_7046712,1,opus,A18
LA_E_7046798,1,none,A14
LA_E_7046934,1,alaw,A08
LA_E_7046988,1,none,A14
LA_E_7047062,1,pstn,A10
LA_E_7047495,1,g722,A17
LA_E_7048952,1,pstn,A09
LA_E_7049257,1,pstn,A07
LA_E_7049564,1,none,A19
LA_E_7049726,1,none,A12
LA_E_7049844,1,pstn,A17
LA_E_7050175,1,alaw,A18
LA_E_7050315,1,ulaw,A16
LA_E_7050540,1,pstn,A18
LA_E_7050761,1,alaw,A17
LA_E_7050911,1,gsm,A19
LA_E_7051026,1,pstn,A15
LA_E_7051326,1,ulaw,A10
LA_E_7051489,1,gsm,A16
LA_E_7052252,1,opus,A16
LA_E_7052511,1,gsm,A16
LA_E_7052809,1,pstn,A15
LA_E_7052906,0,pstn,bonafide
LA_E_7053313,1,alaw,A08
LA_E_7054066,1,none,A09
LA_E_7054286,1,alaw,A16
LA_E_7054394,1,none,A15
LA_E_7054522,1,pstn,A15
LA_E_7054825,1,g722,A09
LA_E_7054850,1,g722,A16
LA_E_7054914,1,opus,A15
LA_E_7055142,1,alaw,A18
LA_E_7055165,1,g722,A09
LA_E_7055310,1,gsm,A11
LA_E_7055312,1,alaw,A18
LA_E_7055378,1,opus,A17
LA_E_7055826,1,ulaw,A11
LA_E_7055933,1,g722,A07
LA_E_7056471,1,pstn,A10
LA_E_7056636,1,gsm,A16
LA_E_7056651,1,ulaw,A17
LA_E_7057364,0,pstn,bonafide
LA_E_7058360,1,ulaw,A11
LA_E_7058424,1,g722,A13
LA_E_7058428,1,alaw,A16
LA_E_7058713,1,pstn,A10
LA_E_7058795,1,none,A09
LA_E_7058867,1,ulaw,A09
LA_E_7058921,1,opus,A15
LA_E_7059009,1,opus,A07
LA_E_7059269,1,none,A09
LA_E_7059315,1,ulaw,A17
LA_E_7059376,1,g722,A18
LA_E_7059414,1,none,A18
LA_E_7059632,1,none,A19
LA_E_7059995,1,g722,A12
LA_E_7060223,0,gsm,bonafide
LA_E_7060712,1,gsm,A12
LA_E_7060723,1,alaw,A16
LA_E_7061846,1,g722,A15
LA_E_7061876,1,pstn,A14
LA_E_7062100,1,gsm,A17
LA_E_7062543,1,g722,A10
LA_E_7062553,1,alaw,A12
LA_E_7062773,1,none,A12
LA_E_7062909,1,alaw,A19
LA_E_7063868,0,gsm,bonafide
LA_E_7064278,1,pstn,A14
LA_E_7064916,1,pstn,A16
LA_E_7065003,1,g722,A15
LA_E_7065083,1,g722,A10
LA_E_7065092,1,ulaw,A08
LA_E_7065233,1,alaw,A07
LA_E_7065535,1,pstn,A19
LA_E_7066302,1,opus,A16
LA_E_7066648,1,alaw,A12
LA_E_7066657,1,pstn,A07
LA_E_7066873,1,gsm,A15
LA_E_7066931,1,opus,A12
LA_E_7067312,1,g722,A07
LA_E_7067318,0,g722,bonafide
LA_E_7067494,1,g722,A16
LA_E_7067643,1,opus,A08
LA_E_7067726,1,g722,A19
LA_E_7067743,1,gsm,A16
LA_E_7067774,1,none,A18
LA_E_7068388,1,pstn,A16
LA_E_7068450,1,alaw,A18
LA_E_7068588,1,none,A08
LA_E_7068648,1,none,A15
LA_E_7068760,1,ulaw,A16
LA_E_7069445,1,ulaw,A10
LA_E_7069889,0,pstn,bonafide
LA_E_7070952,1,pstn,A15
LA_E_7070984,1,ulaw,A13
LA_E_7071841,1,gsm,A19
LA_E_7072420,1,none,A14
LA_E_7072537,1,g722,A13
LA_E_7072890,1,opus,A09
LA_E_7072956,1,ulaw,A14
LA_E_7073170,1,alaw,A14
LA_E_7073497,1,gsm,A15
LA_E_7073904,1,none,A07
LA_E_7074354,1,gsm,A16
LA_E_7075072,1,pstn,A10
LA_E_7075168,1,ulaw,A09
LA_E_7075257,1,gsm,A09
LA_E_7075661,1,pstn,A11
LA_E_7075788,1,gsm,A14
LA_E_7076319,1,gsm,A10
LA_E_7076585,1,opus,A11
LA_E_7076660,1,g722,A09
LA_E_7076720,0,ulaw,bonafide
LA_E_7076850,1,gsm,A08
LA_E_7077505,1,gsm,A08
LA_E_7077647,1,alaw,A08
LA_E_7077844,1,pstn,A11
LA_E_7077888,1,pstn,A15
LA_E_7078310,1,gsm,A08
LA_E_7078432,1,g722,A09
LA_E_7078673,1,opus,A09
LA_E_7078702,1,ulaw,A18
LA_E_7078849,0,pstn,bonafide
LA_E_7079374,1,opus,A12
LA_E_7079628,1,gsm,A07
LA_E_7080198,1,alaw,A13
LA_E_7080714,1,none,A08
LA_E_7080992,1,pstn,A19
LA_E_7081369,1,none,A09
LA_E_7081556,1,g722,A15
LA_E_7081669,0,alaw,bonafide
LA_E_7081751,1,opus,A19
LA_E_7082012,0,none,bonafide
LA_E_7082088,1,none,A14
LA_E_7082226,1,gsm,A13
LA_E_7082413,1,gsm,A09
LA_E_7082924,1,ulaw,A19
LA_E_7082942,1,g722,A08
LA_E_7083310,1,none,A16
LA_E_7083462,1,g722,A17
LA_E_7083551,1,g722,A11
LA_E_7083887,1,none,A17
LA_E_7084250,1,opus,A08
LA_E_7084265,1,alaw,A11
LA_E_7084878,1,ulaw,A19
LA_E_7085930,1,pstn,A11
LA_E_7086165,1,g722,A12
LA_E_7086207,1,pstn,A08
LA_E_7086246,1,g722,A12
LA_E_7088322,1,gsm,A19
LA_E_7088466,1,pstn,A13
LA_E_7088524,1,gsm,A15
LA_E_7088696,1,g722,A18
LA_E_7088932,1,g722,A11
LA_E_7089107,1,gsm,A18
LA_E_7089413,1,none,A18
LA_E_7089490,1,opus,A19
LA_E_7089684,1,opus,A18
LA_E_7090117,1,g722,A14
LA_E_7090743,0,pstn,bonafide
LA_E_7090756,1,ulaw,A12
LA_E_7091000,0,opus,bonafide
LA_E_7091390,1,alaw,A14
LA_E_7091407,1,gsm,A14
LA_E_7092408,1,alaw,A17
LA_E_7092657,1,gsm,A11
LA_E_7093047,1,alaw,A16
LA_E_7093126,1,none,A19
LA_E_7093214,1,pstn,A10
LA_E_7093474,1,pstn,A17
LA_E_7093557,1,g722,A08
LA_E_7094092,1,ulaw,A19
LA_E_7094549,1,alaw,A12
LA_E_7094917,1,none,A12
LA_E_7095360,1,g722,A19
LA_E_7095572,1,pstn,A15
LA_E_7095860,1,ulaw,A18
LA_E_7096270,1,none,A15
LA_E_7096907,0,ulaw,bonafide
LA_E_7096951,1,pstn,A09
LA_E_7097014,1,none,A14
LA_E_7097376,1,pstn,A16
LA_E_7097847,1,opus,A19
LA_E_7098623,1,ulaw,A17
LA_E_7099375,1,none,A14
LA_E_7099879,1,g722,A10
LA_E_7099910,1,pstn,A11
LA_E_7100071,1,pstn,A16
LA_E_7100261,1,opus,A17
LA_E_7100262,1,gsm,A18
LA_E_7101370,1,g722,A12
LA_E_7101433,1,gsm,A19
LA_E_7101618,1,alaw,A13
LA_E_7102876,1,gsm,A15
LA_E_7102954,1,ulaw,A15
LA_E_7103189,1,none,A18
LA_E_7103267,1,ulaw,A07
LA_E_7103546,1,gsm,A18
LA_E_7103869,1,alaw,A16
LA_E_7104206,1,ulaw,A16
LA_E_7105535,1,none,A16
LA_E_7105607,1,opus,A16
LA_E_7105997,1,g722,A08
LA_E_7106275,1,alaw,A19
LA_E_7106378,1,ulaw,A12
LA_E_7107551,1,alaw,A17
LA_E_7107805,0,gsm,bonafide
LA_E_7108149,1,pstn,A15
LA_E_7108925,1,gsm,A07
LA_E_7109718,1,pstn,A12
LA_E_7109757,1,gsm,A13
LA_E_7110155,1,ulaw,A16
LA_E_7110188,1,opus,A13
LA_E_7110199,0,opus,bonafide
LA_E_7110653,1,ulaw,A17
LA_E_7111266,1,gsm,A18
LA_E_7111317,1,gsm,A17
LA_E_7111612,1,gsm,A17
LA_E_7111650,1,none,A11
LA_E_7111695,1,gsm,A08
LA_E_7112143,1,g722,A07
LA_E_7112629,1,gsm,A15
LA_E_7112648,1,g722,A11
LA_E_7112927,1,opus,A19
LA_E_7113106,1,alaw,A13
LA_E_7113563,1,gsm,A11
LA_E_7113757,1,gsm,A17
LA_E_7114390,1,none,A15
LA_E_7114452,1,pstn,A09
LA_E_7114477,1,ulaw,A12
LA_E_7114708,1,g722,A14
LA_E_7114773,1,opus,A17
LA_E_7114812,1,gsm,A14
LA_E_7115223,1,g722,A12
LA_E_7115684,1,alaw,A10
LA_E_7115753,1,pstn,A08
LA_E_7116788,1,gsm,A14
LA_E_7117125,0,opus,bonafide
LA_E_7117589,1,opus,A17
LA_E_7118247,0,opus,bonafide
LA_E_7119469,1,alaw,A15
LA_E_7119493,1,g722,A11
LA_E_7120384,1,alaw,A13
LA_E_7120640,1,alaw,A15
LA_E_7120980,1,opus,A10
LA_E_7121038,1,pstn,A17
LA_E_7121077,1,g722,A13
LA_E_7121123,1,g722,A16
LA_E_7121896,1,ulaw,A13
LA_E_7122260,1,ulaw,A15
LA_E_7122611,1,ulaw,A13
LA_E_7122704,0,g722,bonafide
LA_E_7122824,0,ulaw,bonafide
LA_E_7122954,1,gsm,A08
LA_E_7123394,1,pstn,A12
LA_E_7123699,1,alaw,A15
LA_E_7123925,1,pstn,A17
LA_E_7124310,1,ulaw,A10
LA_E_7124821,1,none,A18
LA_E_7125670,1,pstn,A11
LA_E_7126119,1,opus,A08
LA_E_7126283,1,ulaw,A15
LA_E_7126781,1,gsm,A07
LA_E_7126874,1,pstn,A16
LA_E_7127047,1,opus,A14
LA_E_7127669,1,alaw,A16
LA_E_7127995,1,opus,A12
LA_E_7128382,1,alaw,A11
LA_E_7128700,1,ulaw,A07
LA_E_7129027,1,opus,A11
LA_E_7129499,1,gsm,A17
LA_E_7129590,1,opus,A18
LA_E_7129738,1,pstn,A19
LA_E_7130578,1,ulaw,A08
LA_E_7130608,1,ulaw,A17
LA_E_7130672,1,alaw,A07
LA_E_7131208,1,ulaw,A17
LA_E_7132067,1,g722,A17
LA_E_7132307,1,pstn,A08
LA_E_7132660,0,pstn,bonafide
LA_E_7133035,0,alaw,bonafide
LA_E_7133572,1,ulaw,A13
LA_E_7133951,1,pstn,A12
LA_E_7134630,1,pstn,A14
LA_E_7134826,1,none,A15
LA_E_7134870,1,none,A16
LA_E_7135066,1,opus,A09
LA_E_7135234,1,gsm,A19
LA_E_7135684,1,gsm,A07
LA_E_7135736,1,ulaw,A10
LA_E_7135912,1,alaw,A09
LA_E_7136087,1,g722,A08
LA_E_7136143,1,alaw,A11
LA_E_7136287,1,ulaw,A08
LA_E_7137021,1,alaw,A19
LA_E_7137601,1,pstn,A16
LA_E_7137612,0,g722,bonafide
LA_E_7138006,1,opus,A19
LA_E_7138144,1,g722,A19
LA_E_7138696,1,opus,A11
LA_E_7138699,1,gsm,A10
LA_E_7138771,1,alaw,A15
LA_E_7139220,1,gsm,A10
LA_E_7139646,1,ulaw,A19
LA_E_7139968,1,ulaw,A07
LA_E_7140489,1,gsm,A08
LA_E_7140649,1,gsm,A18
LA_E_7140672,0,gsm,bonafide
LA_E_7140715,1,gsm,A19
LA_E_7140778,1,opus,A13
LA_E_7141073,1,opus,A18
LA_E_7141221,1,pstn,A14
LA_E_7141324,1,ulaw,A17
LA_E_7142024,0,pstn,bonafide
LA_E_7142091,1,alaw,A18
LA_E_7142285,1,alaw,A08
LA_E_7142755,1,gsm,A16
LA_E_7142967,1,none,A14
LA_E_7143411,1,ulaw,A19
LA_E_7143600,1,g722,A16
LA_E_7143967,1,ulaw,A09
LA_E_7144608,1,ulaw,A07
LA_E_7144815,1,g722,A15
LA_E_7144997,1,ulaw,A13
LA_E_7145281,0,none,bonafide
LA_E_7145553,1,alaw,A13
LA_E_7145629,1,opus,A17
LA_E_7146661,1,gsm,A19
LA_E_7146730,1,opus,A12
LA_E_7147015,0,ulaw,bonafide
LA_E_7147199,1,none,A14
LA_E_7147229,0,alaw,bonafide
LA_E_7147392,1,g722,A18
LA_E_7147459,1,alaw,A14
LA_E_7147467,1,opus,A12
LA_E_7147545,1,pstn,A17
LA_E_7148112,1,opus,A07
LA_E_7148623,0,pstn,bonafide
LA_E_7149104,1,pstn,A13
LA_E_7149556,1,pstn,A14
LA_E_7149659,1,alaw,A13
LA_E_7150626,1,gsm,A07
LA_E_7151102,0,opus,bonafide
LA_E_7152133,1,pstn,A08
LA_E_7152174,1,gsm,A16
LA_E_7152258,0,ulaw,bonafide
LA_E_7153201,1,pstn,A15
LA_E_7153239,1,g722,A13
LA_E_7153462,1,g722,A10
LA_E_7153695,1,gsm,A17
LA_E_7154128,1,ulaw,A09
LA_E_7154308,1,alaw,A09
LA_E_7154377,1,none,A13
LA_E_7154424,1,none,A19
LA_E_7154541,0,none,bonafide
LA_E_7154763,1,g722,A16
LA_E_7154798,1,alaw,A19
LA_E_7154800,1,opus,A12
LA_E_7154970,1,pstn,A16
LA_E_7155936,1,alaw,A12
LA_E_7156042,1,gsm,A11
LA_E_7156485,1,opus,A11
LA_E_7156848,1,none,A14
LA_E_7157148,1,g722,A08
LA_E_7157244,1,ulaw,A10
LA_E_7157280,1,alaw,A07
LA_E_7157309,1,opus,A07
LA_E_7157763,1,g722,A19
LA_E_7157829,1,g722,A17
LA_E_7157843,1,pstn,A16
LA_E_7158148,1,gsm,A11
LA_E_7158650,0,ulaw,bonafide
LA_E_7159165,1,pstn,A10
LA_E_7159925,1,alaw,A08
LA_E_7159954,0,ulaw,bonafide
LA_E_7160118,1,alaw,A19
LA_E_7160360,1,pstn,A11
LA_E_7160361,1,pstn,A18
LA_E_7160452,1,gsm,A11
LA_E_7161297,1,none,A12
LA_E_7161310,1,none,A11
LA_E_7162043,1,none,A09
LA_E_7162087,1,ulaw,A12
LA_E_7162097,1,g722,A12
LA_E_7162128,1,opus,A11
LA_E_7162184,1,gsm,A13
LA_E_7162302,1,gsm,A18
LA_E_7163186,1,ulaw,A07
LA_E_7163638,1,ulaw,A10
LA_E_7163915,1,opus,A10
LA_E_7165274,1,pstn,A07
LA_E_7165426,1,pstn,A12
LA_E_7165834,1,ulaw,A15
LA_E_7166790,1,g722,A10
LA_E_7167028,1,none,A10
LA_E_7167231,0,pstn,bonafide
LA_E_7168434,1,alaw,A10
LA_E_7168849,1,gsm,A07
LA_E_7170024,1,gsm,A18
LA_E_7170575,1,alaw,A14
LA_E_7170921,1,gsm,A18
LA_E_7170931,1,none,A18
LA_E_7171093,1,ulaw,A11
LA_E_7171159,1,opus,A14
LA_E_7171189,1,ulaw,A09
LA_E_7171331,1,none,A11
LA_E_7171677,1,alaw,A18
LA_E_7172017,1,opus,A14
LA_E_7172086,0,gsm,bonafide
LA_E_7173054,1,ulaw,A10
LA_E_7173090,1,alaw,A17
LA_E_7173279,1,none,A07
LA_E_7173982,1,g722,A07
LA_E_7174035,0,g722,bonafide
LA_E_7174243,1,opus,A11
LA_E_7174616,1,g722,A07
LA_E_7174761,1,opus,A12
LA_E_7174791,1,g722,A16
LA_E_7174844,1,none,A12
LA_E_7175250,1,g722,A11
LA_E_7175315,1,pstn,A12
LA_E_7175636,1,pstn,A09
LA_E_7176089,1,g722,A18
LA_E_7176172,1,alaw,A14
LA_E_7176228,1,ulaw,A08
LA_E_7176240,1,pstn,A19
LA_E_7176304,1,none,A19
LA_E_7176909,1,none,A12
LA_E_7177074,1,pstn,A12
LA_E_7177180,1,g722,A18
LA_E_7177447,1,pstn,A11
LA_E_7177919,1,gsm,A18
LA_E_7178472,1,ulaw,A10
LA_E_7179015,1,opus,A14
LA_E_7179125,1,gsm,A14
LA_E_7179176,1,alaw,A07
LA_E_7179279,1,gsm,A16
LA_E_7179849,1,none,A11
LA_E_7179999,1,pstn,A10
LA_E_7180088,1,alaw,A09
LA_E_7180523,1,none,A10
LA_E_7180555,1,alaw,A12
LA_E_7180866,1,pstn,A18
LA_E_7180892,1,ulaw,A14
LA_E_7180906,1,g722,A13
LA_E_7181596,1,pstn,A09
LA_E_7181723,1,gsm,A17
LA_E_7181748,1,pstn,A08
LA_E_7181786,1,none,A18
LA_E_7182098,1,pstn,A16
LA_E_7182234,1,alaw,A16
LA_E_7182677,1,none,A09
LA_E_7183244,1,pstn,A14
LA_E_7183620,1,g722,A08
LA_E_7184099,1,none,A09
LA_E_7184554,1,gsm,A07
LA_E_7185037,1,alaw,A12
LA_E_7185076,1,pstn,A18
LA_E_7185746,1,opus,A17
LA_E_7185782,1,ulaw,A16
LA_E_7186348,1,opus,A15
LA_E_7186774,1,none,A09
LA_E_7186846,1,gsm,A13
LA_E_7187119,1,gsm,A07
LA_E_7187174,1,g722,A12
LA_E_7187309,1,opus,A13
LA_E_7187503,1,g722,A19
LA_E_7187587,0,alaw,bonafide
LA_E_7187592,1,opus,A08
LA_E_7187768,1,opus,A09
LA_E_7187968,1,pstn,A12
LA_E_7188125,1,none,A08
LA_E_7188256,1,ulaw,A14
LA_E_7188465,1,alaw,A19
LA_E_7188660,1,alaw,A13
LA_E_7188702,0,gsm,bonafide
LA_E_7188755,1,pstn,A18
LA_E_7189013,1,g722,A16
LA_E_7189143,1,ulaw,A16
LA_E_7189178,1,ulaw,A11
LA_E_7189313,1,g722,A17
LA_E_7189703,1,ulaw,A18
LA_E_7190016,0,ulaw,bonafide
LA_E_7190121,0,g722,bonafide
LA_E_7190261,1,none,A19
LA_E_7190440,1,pstn,A10
LA_E_7191699,1,pstn,A13
LA_E_7192151,1,pstn,A08
LA_E_7192367,0,alaw,bonafide
LA_E_7193260,1,opus,A16
LA_E_7193267,1,ulaw,A12
LA_E_7193328,1,ulaw,A09
LA_E_7193538,1,opus,A14
LA_E_7195073,1,gsm,A19
LA_E_7195348,1,opus,A14
LA_E_7195410,1,opus,A16
LA_E_7195859,0,gsm,bonafide
LA_E_7195870,1,ulaw,A11
LA_E_7196081,1,none,A07
LA_E_7196169,1,ulaw,A17
LA_E_7196747,1,alaw,A14
LA_E_7197002,1,pstn,A19
LA_E_7197012,1,g722,A11
LA_E_7197382,0,ulaw,bonafide
LA_E_7198208,1,opus,A12
LA_E_7198494,1,opus,A10
LA_E_7198857,1,pstn,A08
LA_E_7199207,1,pstn,A16
LA_E_7199351,1,none,A16
LA_E_7199478,1,opus,A08
LA_E_7200178,1,g722,A18
LA_E_7200349,1,alaw,A08
LA_E_7200609,1,pstn,A19
LA_E_7201511,1,ulaw,A09
LA_E_7201881,1,g722,A14
LA_E_7202141,1,g722,A10
LA_E_7202746,1,gsm,A07
LA_E_7203004,1,ulaw,A14
LA_E_7203062,1,g722,A09
LA_E_7203493,1,ulaw,A13
LA_E_7203503,1,gsm,A15
LA_E_7203766,0,ulaw,bonafide
LA_E_7203978,1,opus,A18
LA_E_7204020,0,pstn,bonafide
LA_E_7204796,1,gsm,A12
LA_E_7205207,1,opus,A11
LA_E_7205379,0,gsm,bonafide
LA_E_7205388,1,gsm,A15
LA_E_7205407,1,gsm,A13
LA_E_7206404,1,alaw,A17
LA_E_7206629,1,none,A08
LA_E_7206785,1,gsm,A19
LA_E_7206882,1,ulaw,A13
LA_E_7206957,1,g722,A08
LA_E_7207027,1,alaw,A12
LA_E_7207633,1,ulaw,A08
LA_E_7207634,1,opus,A14
LA_E_7207956,1,opus,A07
LA_E_7208080,1,opus,A09
LA_E_7208252,1,opus,A07
LA_E_7208387,0,pstn,bonafide
LA_E_7208438,1,alaw,A16
LA_E_7209012,1,g722,A17
LA_E_7209381,0,pstn,bonafide
LA_E_7209549,1,none,A10
LA_E_7209626,1,pstn,A16
LA_E_7209892,1,opus,A11
LA_E_7210760,1,opus,A08
LA_E_7210875,1,g722,A14
LA_E_7211088,1,gsm,A08
LA_E_7211264,1,pstn,A10
LA_E_7211299,1,ulaw,A16
LA_E_7211519,1,gsm,A10
LA_E_7211940,1,gsm,A10
LA_E_7212384,1,pstn,A19
LA_E_7213055,1,none,A08
LA_E_7213491,0,g722,bonafide
LA_E_7214432,1,gsm,A08
LA_E_7214765,1,g722,A12
LA_E_7215064,1,gsm,A11
LA_E_7216071,1,opus,A12
LA_E_7216117,1,g722,A18
LA_E_7216199,1,pstn,A17
LA_E_7216223,0,gsm,bonafide
LA_E_7216464,1,g722,A08
LA_E_7216661,0,opus,bonafide
LA_E_7216858,1,opus,A16
LA_E_7217509,1,none,A18
LA_E_7217601,1,opus,A12
LA_E_7217739,1,none,A07
LA_E_7218280,1,opus,A07
LA_E_7218283,1,opus,A11
LA_E_7218680,1,none,A11
LA_E_7221065,1,g722,A13
LA_E_7221306,1,gsm,A10
LA_E_7221812,1,ulaw,A11
LA_E_7221921,0,g722,bonafide
LA_E_7221977,1,pstn,A09
LA_E_7222194,1,opus,A09
LA_E_7222356,1,g722,A12
LA_E_7223374,1,ulaw,A11
LA_E_7223652,1,opus,A16
LA_E_7224078,1,alaw,A09
LA_E_7224401,1,pstn,A13
LA_E_7225037,1,none,A12
LA_E_7225066,1,ulaw,A08
LA_E_7225483,1,opus,A14
LA_E_7225507,1,none,A12
LA_E_7225757,1,gsm,A15
LA_E_7226299,1,none,A10
LA_E_7226895,1,gsm,A18
LA_E_7227791,1,opus,A15
LA_E_7227840,1,opus,A17
LA_E_7227922,1,opus,A12
LA_E_7228069,1,gsm,A16
LA_E_7228310,1,none,A16
LA_E_7228317,1,opus,A09
LA_E_7228915,1,gsm,A13
LA_E_7229516,1,gsm,A13
LA_E_7229977,1,opus,A15
LA_E_7230143,1,g722,A16
LA_E_7230320,1,g722,A13
LA_E_7230418,1,opus,A11
LA_E_7230675,1,opus,A17
LA_E_7230763,1,opus,A18
LA_E_7231142,0,opus,bonafide
LA_E_7231288,1,none,A15
LA_E_7231303,1,ulaw,A13
LA_E_7231681,1,none,A11
LA_E_7232312,1,g722,A18
LA_E_7233329,1,pstn,A07
LA_E_7233908,1,opus,A18
LA_E_7234648,1,ulaw,A12
LA_E_7234870,1,opus,A16
LA_E_7235795,0,opus,bonafide
LA_E_7236352,1,alaw,A18
LA_E_7237163,1,g722,A10
LA_E_7237431,1,alaw,A13
LA_E_7238014,1,opus,A13
LA_E_7238100,1,pstn,A10
LA_E_7238658,0,alaw,bonafide
LA_E_7238696,0,none,bonafide
LA_E_7238768,1,opus,A13
LA_E_7239243,1,ulaw,A11
LA_E_7239385,1,opus,A08
LA_E_7239579,1,g722,A09
LA_E_7240237,1,g722,A17
LA_E_7240437,1,alaw,A14
LA_E_7241001,1,g722,A18
LA_E_7241270,1,g722,A17
LA_E_7241544,1,ulaw,A15
LA_E_7241619,1,opus,A14
LA_E_7242012,0,gsm,bonafide
LA_E_7242150,1,alaw,A11
LA_E_7242682,1,gsm,A09
LA_E_7243688,1,pstn,A15
LA_E_7243731,1,alaw,A15
LA_E_7243962,1,g722,A17
LA_E_7244259,1,gsm,A19
LA_E_7244988,1,ulaw,A18
LA_E_7245115,1,pstn,A19
LA_E_7245188,1,alaw,A17
LA_E_7245514,1,gsm,A08
LA_E_7245735,1,g722,A07
LA_E_7246256,1,ulaw,A07
LA_E_7246570,1,gsm,A16
LA_E_7246650,0,opus,bonafide
LA_E_7246851,1,none,A10
LA_E_7246973,1,gsm,A14
LA_E_7247603,1,none,A12
LA_E_7247662,1,ulaw,A08
LA_E_7248134,1,gsm,A07
LA_E_7248392,1,pstn,A12
LA_E_7248660,1,none,A11
LA_E_7248770,0,opus,bonafide
LA_E_7248938,1,ulaw,A19
LA_E_7249458,1,g722,A07
LA_E_7249503,1,gsm,A07
LA_E_7249553,1,opus,A17
LA_E_7249577,1,pstn,A11
LA_E_7250567,1,ulaw,A12
LA_E_7251148,1,g722,A07
LA_E_7251730,1,gsm,A16
LA_E_7251813,1,pstn,A14
LA_E_7251932,1,opus,A17
LA_E_7251985,1,gsm,A07
LA_E_7252198,1,ulaw,A11
LA_E_7252602,1,alaw,A09
LA_E_7253174,1,opus,A15
LA_E_7253197,1,gsm,A19
LA_E_7253710,1,pstn,A18
LA_E_7253797,1,none,A13
LA_E_7254195,1,ulaw,A18
LA_E_7254759,1,ulaw,A09
LA_E_7254790,1,alaw,A10
LA_E_7254798,1,gsm,A10
LA_E_7255175,1,none,A11
LA_E_7255212,1,opus,A07
LA_E_7255218,1,alaw,A13
LA_E_7255977,1,none,A16
LA_E_7255992,1,gsm,A12
LA_E_7256011,1,opus,A14
LA_E_7256038,1,alaw,A12
LA_E_7256080,1,ulaw,A11
LA_E_7256640,1,none,A19
LA_E_7256782,1,g722,A10
LA_E_7256922,1,gsm,A17
LA_E_7256956,1,opus,A07
LA_E_7257030,1,opus,A07
LA_E_7257290,1,none,A09
LA_E_7257918,1,ulaw,A19
LA_E_7258489,1,g722,A16
LA_E_7258833,1,pstn,A19
LA_E_7259007,1,ulaw,A11
LA_E_7259013,1,g722,A19
LA_E_7259763,0,gsm,bonafide
LA_E_7260210,1,pstn,A07
LA_E_7260242,1,opus,A15
LA_E_7260588,1,ulaw,A08
LA_E_7260887,1,none,A16
LA_E_7261977,1,opus,A09
LA_E_7262432,1,alaw,A14
LA_E_7262532,1,none,A13
LA_E_7263138,1,pstn,A07
LA_E_7263581,1,gsm,A08
LA_E_7264346,1,opus,A08
LA_E_7264692,0,gsm,bonafide
LA_E_7265239,1,none,A12
LA_E_7265350,1,gsm,A18
LA_E_7265410,1,ulaw,A15
LA_E_7266271,1,g722,A19
LA_E_7266924,1,gsm,A17
LA_E_7267151,0,opus,bonafide
LA_E_7267338,1,pstn,A16
LA_E_7267784,1,none,A14
LA_E_7268807,1,alaw,A14
LA_E_7268848,1,ulaw,A12
LA_E_7269675,1,alaw,A13
LA_E_7269815,1,gsm,A09
LA_E_7270337,1,gsm,A17
LA_E_7270395,0,pstn,bonafide
LA_E_7271345,1,gsm,A15
LA_E_7271710,1,ulaw,A11
LA_E_7271811,1,opus,A17
LA_E_7271981,1,opus,A14
LA_E_7272033,1,g722,A14
LA_E_7272134,1,gsm,A07
LA_E_7272365,1,ulaw,A19
LA_E_7272760,1,ulaw,A10
LA_E_7272867,1,alaw,A15
LA_E_7273506,1,gsm,A08
LA_E_7274228,1,gsm,A19
LA_E_7274361,1,opus,A17
LA_E_7274491,1,none,A18
LA_E_7274722,0,none,bonafide
LA_E_7274908,1,none,A12
LA_E_7275619,1,opus,A12
LA_E_7275758,1,alaw,A12
LA_E_7275832,1,gsm,A07
LA_E_7276023,1,g722,A17
LA_E_7276103,1,ulaw,A11
LA_E_7276454,1,alaw,A15
LA_E_7277032,1,alaw,A09
LA_E_7277114,1,none,A09
LA_E_7277283,1,ulaw,A09
LA_E_7277406,1,pstn,A13
LA_E_7277996,1,gsm,A17
LA_E_7278169,1,gsm,A10
LA_E_7278719,1,pstn,A12
LA_E_7278875,1,g722,A14
LA_E_7279072,1,gsm,A19
LA_E_7279196,1,ulaw,A14
LA_E_7279211,1,alaw,A12
LA_E_7280901,1,pstn,A12
LA_E_7281210,1,g722,A17
LA_E_7281211,1,ulaw,A07
LA_E_7281907,1,gsm,A18
LA_E_7282293,1,ulaw,A11
LA_E_7282342,1,ulaw,A07
LA_E_7282699,1,alaw,A10
LA_E_7282709,1,opus,A15
LA_E_7282986,1,ulaw,A19
LA_E_7283134,1,ulaw,A10
LA_E_7284663,1,alaw,A09
LA_E_7285291,0,none,bonafide
LA_E_7285421,1,ulaw,A19
LA_E_7285752,1,alaw,A18
LA_E_7286314,0,opus,bonafide
LA_E_7286660,1,alaw,A18
LA_E_7287032,1,gsm,A09
LA_E_7287357,0,opus,bonafide
LA_E_7287449,1,pstn,A14
LA_E_7288174,1,ulaw,A10
LA_E_7288577,1,none,A16
LA_E_7288885,0,ulaw,bonafide
LA_E_7289161,0,opus,bonafide
LA_E_7289528,1,alaw,A15
LA_E_7289710,1,gsm,A19
LA_E_7289784,1,gsm,A17
LA_E_7289857,1,g722,A12
LA_E_7290176,1,ulaw,A07
LA_E_7290191,1,ulaw,A10
LA_E_7290214,1,ulaw,A16
LA_E_7290270,1,gsm,A18
LA_E_7290305,1,opus,A12
LA_E_7290326,1,g722,A18
LA_E_7290552,1,ulaw,A16
LA_E_7290901,0,opus,bonafide
LA_E_7290937,1,gsm,A10
LA_E_7291182,1,gsm,A19
LA_E_7291358,1,opus,A07
LA_E_7291650,1,alaw,A12
LA_E_7291793,1,opus,A16
LA_E_7291850,1,alaw,A12
LA_E_7291911,1,ulaw,A10
LA_E_7291965,1,g722,A09
LA_E_7292242,1,ulaw,A15
LA_E_7292257,1,gsm,A10
LA_E_7293046,1,none,A11
LA_E_7293548,1,alaw,A18
LA_E_7293685,1,alaw,A17
LA_E_7293822,1,gsm,A14
LA_E_7293873,0,pstn,bonafide
LA_E_7294166,1,g722,A16
LA_E_7294182,1,ulaw,A10
LA_E_7294226,1,none,A07
LA_E_7294340,1,pstn,A11
LA_E_7294490,0,g722,bonafide
LA_E_7294556,1,alaw,A10
LA_E_7294588,1,opus,A08
LA_E_7294692,1,ulaw,A19
LA_E_7295541,1,alaw,A13
LA_E_7296011,1,opus,A15
LA_E_7296067,0,pstn,bonafide
LA_E_7296137,0,ulaw,bonafide
LA_E_7296394,1,alaw,A07
LA_E_7296404,1,gsm,A08
LA_E_7296744,1,alaw,A17
LA_E_7297590,1,opus,A19
LA_E_7297765,0,ulaw,bonafide
LA_E_7297935,1,ulaw,A19
LA_E_7298115,1,gsm,A10
LA_E_7298612,1,alaw,A14
LA_E_7298867,1,gsm,A13
LA_E_7299347,1,gsm,A14
LA_E_7299732,1,gsm,A08
LA_E_7300054,1,pstn,A09
LA_E_7300440,1,alaw,A14
LA_E_7300458,1,pstn,A14
LA_E_7300661,1,pstn,A15
LA_E_7301032,1,alaw,A14
LA_E_7301235,1,ulaw,A14
LA_E_7301612,1,pstn,A19
LA_E_7302513,1,ulaw,A17
LA_E_7302861,1,none,A15
LA_E_7302991,1,none,A19
LA_E_7303095,1,alaw,A18
LA_E_7303248,1,pstn,A16
LA_E_7303382,1,pstn,A19
LA_E_7303427,1,alaw,A13
LA_E_7303543,1,opus,A07
LA_E_7303855,1,gsm,A12
LA_E_7303863,1,none,A14
LA_E_7304126,1,g722,A08
LA_E_7304138,1,ulaw,A17
LA_E_7304477,1,gsm,A13
LA_E_7304577,0,opus,bonafide
LA_E_7304672,1,alaw,A19
LA_E_7304843,1,pstn,A14
LA_E_7305334,1,none,A07
LA_E_7305393,1,none,A08
LA_E_7305545,0,none,bonafide
LA_E_7305705,1,opus,A12
LA_E_7306037,1,ulaw,A07
LA_E_7306805,1,opus,A17
LA_E_7308265,0,ulaw,bonafide
LA_E_7308566,1,ulaw,A17
LA_E_7308774,1,gsm,A09
LA_E_7309094,1,opus,A13
LA_E_7309327,1,g722,A07
LA_E_7309644,1,g722,A15
LA_E_7309673,1,ulaw,A07
LA_E_7309724,1,alaw,A16
LA_E_7309747,1,g722,A15
LA_E_7310315,1,gsm,A15
LA_E_7310440,1,gsm,A16
LA_E_7310479,1,gsm,A15
LA_E_7310818,1,alaw,A18
LA_E_7311562,1,alaw,A17
LA_E_7311642,1,g722,A09
LA_E_7311726,1,none,A14
LA_E_7311931,1,gsm,A09
LA_E_7312024,1,gsm,A18
LA_E_7312441,1,g722,A17
LA_E_7312748,1,opus,A15
LA_E_7313144,1,alaw,A16
LA_E_7313623,1,pstn,A12
LA_E_7313940,1,gsm,A12
LA_E_7315454,1,gsm,A14
LA_E_7315483,1,gsm,A11
LA_E_7315786,1,pstn,A17
LA_E_7316179,1,gsm,A12
LA_E_7316575,1,opus,A19
LA_E_7316620,1,pstn,A07
LA_E_7316816,1,ulaw,A11
LA_E_7317002,1,gsm,A13
LA_E_7317023,1,g722,A14
LA_E_7317058,1,ulaw,A12
LA_E_7317725,1,ulaw,A10
LA_E_7317737,1,ulaw,A10
LA_E_7318024,1,ulaw,A08
LA_E_7318223,1,opus,A17
LA_E_7318283,1,alaw,A07
LA_E_7318403,1,opus,A14
LA_E_7318638,1,g722,A13
LA_E_7318850,0,opus,bonafide
LA_E_7319528,1,pstn,A13
LA_E_7319664,1,alaw,A17
LA_E_7319674,1,pstn,A07
LA_E_7319677,1,alaw,A07
LA_E_7319683,1,opus,A07
LA_E_7319719,1,gsm,A17
LA_E_7319859,1,opus,A07
LA_E_7320132,1,ulaw,A17
LA_E_7320258,1,opus,A15
LA_E_7320665,1,alaw,A10
LA_E_7320701,1,none,A10
LA_E_7320852,1,g722,A19
LA_E_7321618,1,g722,A10
LA_E_7321728,1,pstn,A09
LA_E_7322024,1,gsm,A19
LA_E_7322208,0,ulaw,bonafide
LA_E_7322259,1,g722,A17
LA_E_7322613,1,alaw,A19
LA_E_7322723,1,none,A10
LA_E_7322932,1,ulaw,A11
LA_E_7323248,1,none,A19
LA_E_7323290,1,opus,A17
LA_E_7323567,1,ulaw,A07
LA_E_7323698,1,ulaw,A16
LA_E_7323741,1,ulaw,A16
LA_E_7324435,1,gsm,A18
LA_E_7324530,1,ulaw,A14
LA_E_7324546,0,ulaw,bonafide
LA_E_7324778,1,opus,A08
LA_E_7325123,1,gsm,A15
LA_E_7325200,1,ulaw,A12
LA_E_7325624,1,ulaw,A17
LA_E_7325640,1,g722,A07
LA_E_7326060,0,pstn,bonafide
LA_E_7326233,1,pstn,A09
LA_E_7326298,1,opus,A09
LA_E_7326782,1,pstn,A16
LA_E_7326855,1,g722,A09
LA_E_7327213,1,opus,A11
LA_E_7327225,1,pstn,A13
LA_E_7327410,1,none,A08
LA_E_7327635,0,none,bonafide
LA_E_7328425,1,alaw,A14
LA_E_7328662,1,ulaw,A10
LA_E_7329103,1,opus,A09
LA_E_7329143,1,g722,A08
LA_E_7329407,1,none,A17
LA_E_7329431,1,gsm,A08
LA_E_7329787,1,opus,A08
LA_E_7329889,1,ulaw,A11
LA_E_7330021,1,g722,A07
LA_E_7330475,0,ulaw,bonafide
LA_E_7330587,1,g722,A08
LA_E_7330875,1,none,A13
LA_E_7330968,1,ulaw,A08
LA_E_7331306,1,ulaw,A15
LA_E_7331395,1,ulaw,A16
LA_E_7331474,1,none,A14
LA_E_7331642,1,pstn,A07
LA_E_7333070,1,alaw,A19
LA_E_7333570,1,opus,A19
LA_E_7334140,1,alaw,A07
LA_E_7334226,1,g722,A07
LA_E_7334278,1,none,A19
LA_E_7334684,1,gsm,A11
LA_E_7334815,0,gsm,bonafide
LA_E_7335740,1,g722,A15
LA_E_7335959,1,opus,A18
LA_E_7336542,1,none,A12
LA_E_7336664,1,opus,A13
LA_E_7336932,1,opus,A14
LA_E_7337021,1,gsm,A13
LA_E_7337035,1,g722,A15
LA_E_7337213,1,none,A19
LA_E_7338074,1,opus,A10
LA_E_7338086,0,gsm,bonafide
LA_E_7338514,1,gsm,A14
LA_E_7339190,1,opus,A18
LA_E_7339585,1,alaw,A15
LA_E_7340158,1,opus,A07
LA_E_7340569,1,opus,A18
LA_E_7340692,1,g722,A14
LA_E_7340854,1,gsm,A15
LA_E_7341004,1,ulaw,A12
LA_E_7341032,1,pstn,A08
LA_E_7341214,1,pstn,A19
LA_E_7341576,1,gsm,A17
LA_E_7341639,1,gsm,A09
LA_E_7342543,1,g722,A13
LA_E_7342567,1,g722,A17
LA_E_7342899,1,gsm,A11
LA_E_7343465,1,g722,A11
LA_E_7343935,1,alaw,A11
LA_E_7344336,1,opus,A08
LA_E_7344505,1,opus,A09
LA_E_7344673,1,g722,A19
LA_E_7344995,1,ulaw,A07
LA_E_7345285,1,gsm,A08
LA_E_7345311,1,pstn,A12
LA_E_7345383,1,ulaw,A08
LA_E_7345463,0,ulaw,bonafide
LA_E_7345532,1,opus,A12
LA_E_7345545,1,opus,A18
LA_E_7345606,1,gsm,A15
LA_E_7345810,1,gsm,A10
LA_E_7346363,1,gsm,A12
LA_E_7347460,1,gsm,A17
LA_E_7347586,1,ulaw,A16
LA_E_7347625,0,alaw,bonafide
LA_E_7348067,1,none,A07
LA_E_7348804,1,none,A07
LA_E_7348849,1,opus,A13
LA_E_7348993,1,opus,A07
LA_E_7349056,1,opus,A16
LA_E_7349570,1,gsm,A10
LA_E_7349571,1,ulaw,A09
LA_E_7349609,1,gsm,A16
LA_E_7349644,1,g722,A15
LA_E_7349993,1,none,A17
LA_E_7350811,1,none,A13
LA_E_7350938,0,opus,bonafide
LA_E_7351223,1,none,A13
LA_E_7351715,1,alaw,A18
LA_E_7351736,0,none,bonafide
LA_E_7351853,1,gsm,A17
LA_E_7352180,1,ulaw,A14
LA_E_7352682,0,alaw,bonafide
LA_E_7352859,1,none,A11
LA_E_7353090,1,ulaw,A14
LA_E_7353496,1,ulaw,A16
LA_E_7354141,1,ulaw,A16
LA_E_7354323,1,opus,A09
LA_E_7354680,1,opus,A13
LA_E_7354936,1,g722,A09
LA_E_7355378,1,gsm,A12
LA_E_7355481,0,none,bonafide
LA_E_7355580,0,none,bonafide
LA_E_7356176,1,opus,A07
LA_E_7356480,0,g722,bonafide
LA_E_7356529,1,g722,A11
LA_E_7356947,0,gsm,bonafide
LA_E_7357427,1,alaw,A17
LA_E_7358066,1,opus,A09
LA_E_7358497,1,none,A15
LA_E_7359383,1,none,A14
LA_E_7359436,1,gsm,A09
LA_E_7359448,1,ulaw,A18
LA_E_7359744,1,opus,A14
LA_E_7359795,1,pstn,A17
LA_E_7360599,0,alaw,bonafide
LA_E_7361301,1,opus,A14
LA_E_7361344,1,gsm,A08
LA_E_7361496,1,none,A19
LA_E_7361829,1,gsm,A09
LA_E_7361842,1,g722,A10
LA_E_7362549,1,alaw,A18
LA_E_7362619,1,ulaw,A07
LA_E_7362763,1,alaw,A09
LA_E_7363128,1,none,A08
LA_E_7363307,1,g722,A16
LA_E_7363479,1,ulaw,A17
LA_E_7363566,1,none,A07
LA_E_7363601,1,none,A16
LA_E_7363632,1,pstn,A08
LA_E_7363953,1,pstn,A11
LA_E_7364432,0,pstn,bonafide
LA_E_7364729,1,ulaw,A08
LA_E_7364796,1,opus,A08
LA_E_7364981,1,opus,A16
LA_E_7365117,1,gsm,A17
LA_E_7365143,1,g722,A19
LA_E_7365339,1,none,A08
LA_E_7366242,1,gsm,A18
LA_E_7366584,1,opus,A13
LA_E_7367012,1,ulaw,A15
LA_E_7367231,1,alaw,A16
LA_E_7367283,1,pstn,A10
LA_E_7367480,1,none,A16
LA_E_7367596,1,g722,A09
LA_E_7367769,1,none,A12
LA_E_7367803,1,g722,A16
LA_E_7368654,1,none,A08
LA_E_7368721,0,opus,bonafide
LA_E_7369074,1,alaw,A07
LA_E_7369142,1,opus,A15
LA_E_7369773,1,gsm,A19
LA_E_7369905,1,alaw,A07
LA_E_7370339,1,opus,A10
LA_E_7370870,1,opus,A09
LA_E_7371333,1,pstn,A14
LA_E_7371580,0,ulaw,bonafide
LA_E_7371730,1,none,A14
LA_E_7372186,1,gsm,A12
LA_E_7372273,1,gsm,A14
LA_E_7372634,1,opus,A07
LA_E_7372777,1,ulaw,A11
LA_E_7372977,1,ulaw,A07
LA_E_7373042,1,alaw,A19
LA_E_7373614,1,ulaw,A19
LA_E_7373657,1,opus,A13
LA_E_7373912,1,pstn,A12
LA_E_7374104,1,ulaw,A07
LA_E_7374207,1,alaw,A16
LA_E_7374664,1,opus,A16
LA_E_7374951,1,ulaw,A10
LA_E_7375510,1,ulaw,A18
LA_E_7376167,1,g722,A12
LA_E_7376730,1,gsm,A09
LA_E_7376838,1,opus,A17
LA_E_7377280,1,none,A16
LA_E_7377576,1,alaw,A10
LA_E_7377703,1,gsm,A10
LA_E_7377855,1,ulaw,A14
LA_E_7378018,1,opus,A09
LA_E_7378267,1,opus,A12
LA_E_7378371,1,opus,A10
LA_E_7378590,1,gsm,A14
LA_E_7379029,1,gsm,A14
LA_E_7379036,1,gsm,A10
LA_E_7379347,0,opus,bonafide
LA_E_7379739,1,g722,A16
LA_E_7380046,1,ulaw,A07
LA_E_7380116,1,alaw,A19
LA_E_7380205,1,pstn,A13
LA_E_7380395,1,none,A17
LA_E_7380403,1,alaw,A08
LA_E_7380769,1,opus,A15
LA_E_7380875,1,alaw,A19
LA_E_7380915,1,opus,A07
LA_E_7380943,1,ulaw,A15
LA_E_7382024,1,alaw,A07
LA_E_7382042,1,ulaw,A12
LA_E_7382167,1,none,A18
LA_E_7382242,1,g722,A15
LA_E_7382267,1,opus,A09
LA_E_7382324,1,g722,A12
LA_E_7382671,1,gsm,A14
LA_E_7383693,1,alaw,A09
LA_E_7383695,1,gsm,A19
LA_E_7384390,1,ulaw,A10
LA_E_7384443,1,none,A19
LA_E_7384471,1,ulaw,A13
LA_E_7384571,1,alaw,A14
LA_E_7384589,1,none,A14
LA_E_7384759,1,pstn,A08
LA_E_7384775,1,pstn,A10
LA_E_7384958,1,ulaw,A17
LA_E_7385501,1,none,A10
LA_E_7385796,1,gsm,A16
LA_E_7385902,1,g722,A10
LA_E_7386077,1,ulaw,A13
LA_E_7386272,1,alaw,A15
LA_E_7387285,1,none,A08
LA_E_7387406,1,opus,A14
LA_E_7388106,0,gsm,bonafide
LA_E_7388395,1,ulaw,A08
LA_E_7388823,1,gsm,A18
LA_E_7388914,1,ulaw,A07
LA_E_7388917,1,pstn,A13
LA_E_7388938,1,ulaw,A11
LA_E_7388953,1,opus,A15
LA_E_7389572,1,none,A10
LA_E_7389734,1,opus,A14
LA_E_7391089,1,gsm,A17
LA_E_7391172,1,g722,A12
LA_E_7392175,1,none,A11
LA_E_7392262,1,gsm,A16
LA_E_7392485,1,g722,A08
LA_E_7392786,1,opus,A09
LA_E_7392933,1,ulaw,A10
LA_E_7393333,1,alaw,A08
LA_E_7393946,1,pstn,A19
LA_E_7394105,1,none,A16
LA_E_7395567,1,opus,A15
LA_E_7395791,1,gsm,A10
LA_E_7395882,1,g722,A17
LA_E_7396001,1,opus,A07
LA_E_7396306,1,ulaw,A10
LA_E_7396395,1,opus,A11
LA_E_7396607,1,g722,A12
LA_E_7396802,1,ulaw,A11
LA_E_7397554,1,pstn,A17
LA_E_7397925,1,gsm,A07
LA_E_7398264,1,gsm,A07
LA_E_7398613,1,gsm,A12
LA_E_7398793,1,opus,A17
LA_E_7398955,1,alaw,A07
LA_E_7399377,1,alaw,A11
LA_E_7400405,1,opus,A17
LA_E_7400579,1,opus,A12
LA_E_7400632,0,gsm,bonafide
LA_E_7400871,1,pstn,A13
LA_E_7401745,0,pstn,bonafide
LA_E_7402073,1,none,A18
LA_E_7402150,1,ulaw,A14
LA_E_7402161,1,ulaw,A08
LA_E_7402273,1,opus,A16
LA_E_7402444,1,none,A13
LA_E_7402608,1,gsm,A10
LA_E_7402619,1,alaw,A12
LA_E_7403257,1,gsm,A19
LA_E_7403700,1,opus,A16
LA_E_7404146,1,g722,A07
LA_E_7404646,1,none,A12
LA_E_7404652,0,none,bonafide
LA_E_7404669,1,ulaw,A14
LA_E_7404912,1,ulaw,A18
LA_E_7404934,1,gsm,A17
LA_E_7405009,1,none,A10
LA_E_7405238,1,ulaw,A16
LA_E_7405651,1,g722,A19
LA_E_7405688,1,ulaw,A11
LA_E_7406266,1,ulaw,A12
LA_E_7406370,1,opus,A07
LA_E_7407246,1,alaw,A19
LA_E_7407658,1,g722,A07
LA_E_7407989,1,pstn,A13
LA_E_7408354,1,alaw,A07
LA_E_7408458,1,pstn,A10
LA_E_7408678,1,gsm,A18
LA_E_7409548,1,gsm,A09
LA_E_7409734,1,gsm,A19
LA_E_7409741,1,pstn,A12
LA_E_7410184,1,ulaw,A13
LA_E_7410301,1,gsm,A08
LA_E_7410971,1,ulaw,A12
LA_E_7411847,1,alaw,A11
LA_E_7411946,1,g722,A16
LA_E_7412000,1,gsm,A12
LA_E_7412475,1,ulaw,A17
LA_E_7412489,1,none,A10
LA_E_7412570,1,opus,A11
LA_E_7413022,1,gsm,A10
LA_E_7413053,1,gsm,A14
LA_E_7413555,0,none,bonafide
LA_E_7414115,1,gsm,A19
LA_E_7414704,1,opus,A15
LA_E_7415610,1,pstn,A12
LA_E_7415750,1,opus,A07
LA_E_7415935,1,gsm,A12
LA_E_7415949,0,g722,bonafide
LA_E_7416512,1,ulaw,A13
LA_E_7416685,1,none,A15
LA_E_7416716,1,gsm,A12
LA_E_7416790,1,gsm,A09
LA_E_7416891,1,pstn,A14
LA_E_7417071,1,gsm,A16
LA_E_7417555,1,alaw,A19
LA_E_7417632,1,opus,A16
LA_E_7417874,1,ulaw,A18
LA_E_7417926,1,opus,A17
LA_E_7418702,1,gsm,A14
LA_E_7419180,1,ulaw,A12
LA_E_7419360,1,ulaw,A17
LA_E_7419616,1,pstn,A10
LA_E_7419951,1,g722,A14
LA_E_7420749,1,ulaw,A19
LA_E_7420800,1,pstn,A17
LA_E_7421106,1,ulaw,A13
LA_E_7421466,1,gsm,A11
LA_E_7421705,1,g722,A08
LA_E_7421732,0,gsm,bonafide
LA_E_7421913,1,gsm,A09
LA_E_7422053,0,opus,bonafide
LA_E_7422140,1,ulaw,A17
LA_E_7422266,1,none,A18
LA_E_7422309,1,opus,A12
LA_E_7422527,1,gsm,A11
LA_E_7422801,1,ulaw,A16
LA_E_7422984,1,alaw,A12
LA_E_7423170,1,none,A13
LA_E_7423296,1,ulaw,A10
LA_E_7423957,1,opus,A10
LA_E_7424311,1,alaw,A13
LA_E_7424532,1,opus,A07
LA_E_7424676,1,alaw,A10
LA_E_7424979,0,g722,bonafide
LA_E_7425134,1,opus,A08
LA_E_7425546,1,g722,A11
LA_E_7426221,1,g722,A12
LA_E_7426251,1,opus,A19
LA_E_7426363,1,none,A16
LA_E_7426605,1,ulaw,A17
LA_E_7427634,1,ulaw,A14
LA_E_7427897,0,g722,bonafide
LA_E_7427925,1,gsm,A15
LA_E_7428031,1,ulaw,A18
LA_E_7428535,1,opus,A07
LA_E_7428677,0,gsm,bonafide
LA_E_7428781,1,ulaw,A09
LA_E_7429814,1,none,A12
LA_E_7430118,1,ulaw,A12
LA_E_7430184,1,pstn,A08
LA_E_7430204,0,opus,bonafide
LA_E_7430309,1,gsm,A16
LA_E_7430626,1,opus,A18
LA_E_7430936,1,pstn,A11
LA_E_7431006,1,alaw,A14
LA_E_7431103,1,gsm,A11
LA_E_7431146,1,ulaw,A11
LA_E_7431223,1,opus,A19
LA_E_7431442,1,ulaw,A17
LA_E_7431462,1,ulaw,A15
LA_E_7431777,1,g722,A12
LA_E_7431834,1,g722,A08
LA_E_7432036,1,ulaw,A14
LA_E_7432265,1,pstn,A17
LA_E_7432276,1,alaw,A17
LA_E_7432532,1,gsm,A17
LA_E_7432551,1,alaw,A17
LA_E_7433336,1,gsm,A12
LA_E_7433475,1,ulaw,A12
LA_E_7434052,1,g722,A09
LA_E_7434991,1,g722,A14
LA_E_7435408,1,alaw,A18
LA_E_7435801,1,gsm,A17
LA_E_7435935,0,alaw,bonafide
LA_E_7435986,0,ulaw,bonafide
LA_E_7436019,1,none,A16
LA_E_7436607,1,pstn,A16
LA_E_7436669,1,g722,A08
LA_E_7437062,1,opus,A08
LA_E_7437129,1,alaw,A15
LA_E_7437988,1,none,A18
LA_E_7438777,1,ulaw,A13
LA_E_7438980,1,opus,A17
LA_E_7439374,1,pstn,A13
LA_E_7439723,1,opus,A13
LA_E_7439970,1,ulaw,A13
LA_E_7440667,1,none,A13
LA_E_7440896,1,none,A19
LA_E_7441080,0,ulaw,bonafide
LA_E_7441084,1,ulaw,A12
LA_E_7441274,1,alaw,A08
LA_E_7441425,1,ulaw,A15
LA_E_7441432,1,gsm,A11
LA_E_7441520,1,ulaw,A09
LA_E_7441811,1,alaw,A09
LA_E_7442076,1,pstn,A19
LA_E_7442177,1,none,A12
LA_E_7442710,1,none,A07
LA_E_7443523,1,gsm,A11
LA_E_7444634,1,gsm,A10
LA_E_7444662,1,none,A16
LA_E_7444663,1,none,A08
LA_E_7444731,1,alaw,A13
LA_E_7445187,1,opus,A17
LA_E_7445364,0,ulaw,bonafide
LA_E_7445768,1,gsm,A16
LA_E_7445998,1,opus,A16
LA_E_7446118,1,gsm,A11
LA_E_7446141,1,alaw,A17
LA_E_7446238,1,ulaw,A13
LA_E_7446577,1,alaw,A08
LA_E_7446772,1,gsm,A11
LA_E_7446937,1,g722,A15
LA_E_7447054,1,none,A19
LA_E_7447318,1,g722,A18
LA_E_7447930,1,opus,A11
LA_E_7448054,1,ulaw,A14
LA_E_7448931,1,pstn,A07
LA_E_7449208,1,ulaw,A10
LA_E_7449815,1,gsm,A13
LA_E_7449831,1,alaw,A17
LA_E_7450141,1,alaw,A19
LA_E_7450428,1,opus,A18
LA_E_7450668,1,ulaw,A13
LA_E_7450765,1,none,A18
LA_E_7450771,1,ulaw,A18
LA_E_7451325,1,ulaw,A15
LA_E_7451583,1,ulaw,A18
LA_E_7451939,1,ulaw,A09
LA_E_7452339,1,none,A17
LA_E_7452367,1,ulaw,A14
LA_E_7452791,1,ulaw,A17
LA_E_7453064,1,opus,A11
LA_E_7453117,0,pstn,bonafide
LA_E_7453431,1,none,A15
LA_E_7453496,1,opus,A14
LA_E_7454230,1,gsm,A11
LA_E_7454709,1,gsm,A12
LA_E_7454740,1,alaw,A17
LA_E_7454995,1,g722,A17
LA_E_7455444,1,opus,A13
LA_E_7455464,1,none,A18
LA_E_7455681,1,ulaw,A14
LA_E_7455762,1,g722,A19
LA_E_7456098,1,alaw,A13
LA_E_7456347,1,ulaw,A18
LA_E_7457137,1,alaw,A13
LA_E_7457525,1,alaw,A12
LA_E_7459388,1,pstn,A18
LA_E_7460084,1,pstn,A08
LA_E_7460906,1,alaw,A17
LA_E_7461412,1,pstn,A11
LA_E_7461469,1,gsm,A17
LA_E_7461562,1,ulaw,A07
LA_E_7461651,1,gsm,A13
LA_E_7462237,1,alaw,A09
LA_E_7462472,1,ulaw,A09
LA_E_7462922,1,opus,A09
LA_E_7462923,1,ulaw,A15
LA_E_7463251,1,ulaw,A10
LA_E_7463432,1,opus,A07
LA_E_7463477,1,g722,A18
LA_E_7463917,1,opus,A19
LA_E_7463976,1,none,A18
LA_E_7464030,1,none,A12
LA_E_7464273,0,opus,bonafide
LA_E_7464495,1,pstn,A18
LA_E_7465329,0,gsm,bonafide
LA_E_7465973,1,opus,A08
LA_E_7466057,1,opus,A16
LA_E_7466207,1,alaw,A08
LA_E_7466253,1,alaw,A09
LA_E_7466447,1,gsm,A11
LA_E_7467928,1,none,A19
LA_E_7468113,1,pstn,A14
LA_E_7468668,1,pstn,A16
LA_E_7469675,1,pstn,A12
LA_E_7469843,1,g722,A14
LA_E_7470241,1,g722,A18
LA_E_7470293,1,ulaw,A19
LA_E_7470751,1,none,A16
LA_E_7471163,1,gsm,A12
LA_E_7471337,1,alaw,A12
LA_E_7471443,1,gsm,A13
LA_E_7471476,1,opus,A11
LA_E_7471614,1,opus,A15
LA_E_7471802,1,g722,A12
LA_E_7471882,1,none,A07
LA_E_7472078,1,pstn,A16
LA_E_7472618,0,ulaw,bonafide
LA_E_7472890,1,gsm,A10
LA_E_7473525,1,opus,A09
LA_E_7473736,0,none,bonafide
LA_E_7474050,1,opus,A07
LA_E_7474055,1,ulaw,A12
LA_E_7475048,1,gsm,A08
LA_E_7475051,1,opus,A13
LA_E_7475213,1,none,A17
LA_E_7475474,1,gsm,A15
LA_E_7476816,1,ulaw,A16
LA_E_7476904,0,gsm,bonafide
LA_E_7477202,1,opus,A11
LA_E_7477215,1,opus,A10
LA_E_7477339,1,gsm,A11
LA_E_7477551,1,gsm,A12
LA_E_7477705,1,gsm,A16
LA_E_7477769,1,alaw,A10
LA_E_7478031,1,ulaw,A19
LA_E_7478122,1,gsm,A16
LA_E_7478235,1,gsm,A09
LA_E_7478475,1,ulaw,A12
LA_E_7478556,1,opus,A07
LA_E_7478654,1,pstn,A07
LA_E_7479078,1,alaw,A16
LA_E_7479307,1,pstn,A14
LA_E_7479382,0,ulaw,bonafide
LA_E_7479413,1,opus,A10
LA_E_7479697,1,alaw,A17
LA_E_7479707,0,pstn,bonafide
LA_E_7480240,1,gsm,A12
LA_E_7481020,1,ulaw,A07
LA_E_7481059,1,ulaw,A12
LA_E_7481126,1,opus,A13
LA_E_7481451,1,ulaw,A10
LA_E_7482242,1,opus,A09
LA_E_7482757,1,none,A17
LA_E_7482904,1,opus,A15
LA_E_7483452,1,ulaw,A19
LA_E_7483764,1,pstn,A08
LA_E_7484120,1,none,A08
LA_E_7484824,1,ulaw,A18
LA_E_7485368,1,ulaw,A11
LA_E_7485855,1,gsm,A13
LA_E_7486001,1,opus,A17
LA_E_7486068,1,opus,A13
LA_E_7486351,1,pstn,A15
LA_E_7486587,1,alaw,A12
LA_E_7486676,1,opus,A09
LA_E_7487001,1,gsm,A08
LA_E_7487019,1,gsm,A14
LA_E_7487044,1,alaw,A12
LA_E_7487283,1,none,A07
LA_E_7487643,1,opus,A08
LA_E_7487777,1,pstn,A15
LA_E_7487955,1,gsm,A18
LA_E_7488347,1,none,A11
LA_E_7488510,1,opus,A12
LA_E_7488866,0,gsm,bonafide
LA_E_7488871,1,none,A10
LA_E_7489023,1,alaw,A12
LA_E_7489200,1,g722,A12
LA_E_7489541,1,opus,A09
LA_E_7489737,1,alaw,A17
LA_E_7489984,1,opus,A07
LA_E_7490523,1,gsm,A12
LA_E_7490683,1,gsm,A07
LA_E_7491513,0,alaw,bonafide
LA_E_7491898,1,ulaw,A14
LA_E_7491984,1,opus,A18
LA_E_7492159,1,pstn,A11
LA_E_7492280,1,none,A14
LA_E_7493513,1,opus,A07
LA_E_7493687,1,opus,A16
LA_E_7493780,1,opus,A15
LA_E_7493985,0,alaw,bonafide
LA_E_7494109,0,alaw,bonafide
LA_E_7494513,1,ulaw,A16
LA_E_7494775,1,alaw,A14
LA_E_7495303,1,none,A15
LA_E_7495365,1,pstn,A07
LA_E_7495617,1,opus,A12
LA_E_7496069,0,ulaw,bonafide
LA_E_7496362,1,none,A09
LA_E_7496956,1,ulaw,A18
LA_E_7497063,1,ulaw,A13
LA_E_7497359,1,opus,A11
LA_E_7497486,1,gsm,A15
LA_E_7497545,1,opus,A18
LA_E_7497927,1,gsm,A13
LA_E_7498144,1,g722,A14
LA_E_7498498,0,pstn,bonafide
LA_E_7499494,1,gsm,A14
LA_E_7499497,1,gsm,A11
LA_E_7499552,1,pstn,A10
LA_E_7499631,1,pstn,A18
LA_E_7500122,1,ulaw,A09
LA_E_7500964,1,gsm,A10
LA_E_7501252,1,gsm,A14
LA_E_7501288,1,gsm,A18
LA_E_7501703,1,g722,A12
LA_E_7501733,1,none,A17
LA_E_7501874,1,gsm,A19
LA_E_7502098,0,g722,bonafide
LA_E_7502574,1,gsm,A19
LA_E_7502815,1,pstn,A16
LA_E_7503091,0,pstn,bonafide
LA_E_7503297,1,opus,A18
LA_E_7503323,1,opus,A09
LA_E_7503439,1,opus,A19
LA_E_7503591,1,opus,A11
LA_E_7503778,1,gsm,A18
LA_E_7504122,1,ulaw,A13
LA_E_7504406,1,gsm,A10
LA_E_7504489,1,ulaw,A14
LA_E_7505111,1,pstn,A12
LA_E_7505943,1,gsm,A12
LA_E_7506034,1,none,A19
LA_E_7506058,1,opus,A13
LA_E_7506404,0,opus,bonafide
LA_E_7506632,1,gsm,A16
LA_E_7506836,1,alaw,A19
LA_E_7506891,1,ulaw,A17
LA_E_7507529,0,ulaw,bonafide
LA_E_7507556,1,ulaw,A09
LA_E_7507938,1,gsm,A13
LA_E_7508040,1,opus,A08
LA_E_7508198,1,pstn,A15
LA_E_7508256,1,g722,A16
LA_E_7508613,1,opus,A19
LA_E_7508661,1,gsm,A15
LA_E_7508794,1,gsm,A18
LA_E_7508932,1,gsm,A15
LA_E_7509030,1,g722,A17
LA_E_7509328,1,alaw,A14
LA_E_7509405,1,pstn,A18
LA_E_7509493,1,none,A08
LA_E_7509854,1,opus,A11
LA_E_7510315,1,alaw,A09
LA_E_7510333,1,opus,A15
LA_E_7510611,1,opus,A12
LA_E_7510686,1,none,A11
LA_E_7511399,1,gsm,A13
LA_E_7511671,1,pstn,A19
LA_E_7511734,1,gsm,A15
LA_E_7512050,1,alaw,A13
LA_E_7512252,1,ulaw,A13
LA_E_7512380,1,opus,A07
LA_E_7512470,1,ulaw,A10
LA_E_7513091,1,g722,A18
LA_E_7513339,1,none,A15
LA_E_7513451,1,alaw,A13
LA_E_7513715,1,gsm,A15
LA_E_7513756,1,ulaw,A16
LA_E_7513777,1,pstn,A07
LA_E_7513798,1,gsm,A17
LA_E_7514184,0,pstn,bonafide
LA_E_7514730,1,gsm,A13
LA_E_7514842,0,gsm,bonafide
LA_E_7515541,1,gsm,A18
LA_E_7516163,0,opus,bonafide
LA_E_7516358,1,ulaw,A08
LA_E_7516446,1,pstn,A15
LA_E_7516606,1,ulaw,A08
LA_E_7516906,1,alaw,A12
LA_E_7516964,1,none,A07
LA_E_7517107,1,ulaw,A13
LA_E_7518123,1,pstn,A16
LA_E_7518179,1,g722,A09
LA_E_7519005,1,ulaw,A08
LA_E_7519308,1,alaw,A12
LA_E_7519692,1,ulaw,A18
LA_E_7519881,1,pstn,A09
LA_E_7519902,1,opus,A11
LA_E_7519977,1,opus,A14
LA_E_7520329,1,alaw,A19
LA_E_7520357,1,opus,A17
LA_E_7520843,0,alaw,bonafide
LA_E_7520872,1,opus,A08
LA_E_7520892,1,opus,A14
LA_E_7520899,1,gsm,A08
LA_E_7520931,1,alaw,A10
LA_E_7520976,1,none,A15
LA_E_7521075,1,ulaw,A08
LA_E_7521265,1,pstn,A15
LA_E_7522193,1,pstn,A19
LA_E_7522217,1,alaw,A19
LA_E_7522628,1,opus,A18
LA_E_7522696,1,gsm,A11
LA_E_7523107,1,gsm,A14
LA_E_7523169,1,opus,A16
LA_E_7523729,1,ulaw,A14
LA_E_7523978,1,g722,A17
LA_E_7524000,1,g722,A07
LA_E_7524489,1,gsm,A14
LA_E_7525149,1,g722,A09
LA_E_7525490,1,pstn,A14
LA_E_7525585,1,gsm,A08
LA_E_7525662,1,ulaw,A16
LA_E_7526391,1,alaw,A11
LA_E_7526745,1,opus,A14
LA_E_7527177,1,gsm,A16
LA_E_7527651,1,opus,A19
LA_E_7528314,1,none,A10
LA_E_7528391,1,alaw,A16
LA_E_7528674,1,g722,A18
LA_E_7528737,1,ulaw,A14
LA_E_7529138,0,ulaw,bonafide
LA_E_7530219,1,gsm,A12
LA_E_7530293,1,ulaw,A16
LA_E_7530570,1,g722,A13
LA_E_7530588,1,ulaw,A09
LA_E_7532809,1,none,A13
LA_E_7532817,0,g722,bonafide
LA_E_7532959,0,g722,bonafide
LA_E_7533271,1,none,A17
LA_E_7533569,1,ulaw,A09
LA_E_7534017,1,ulaw,A18
LA_E_7534489,1,gsm,A17
LA_E_7534513,1,g722,A11
LA_E_7534531,0,alaw,bonafide
LA_E_7534769,1,none,A14
LA_E_7534848,1,alaw,A19
LA_E_7534867,0,g722,bonafide
LA_E_7534949,1,gsm,A13
LA_E_7535513,1,gsm,A13
LA_E_7535953,1,ulaw,A16
LA_E_7536159,1,pstn,A07
LA_E_7536254,1,g722,A19
LA_E_7536764,1,ulaw,A13
LA_E_7536963,1,ulaw,A16
LA_E_7537563,1,pstn,A18
LA_E_7537697,1,gsm,A18
LA_E_7537797,1,gsm,A14
LA_E_7538015,1,opus,A14
LA_E_7538585,0,ulaw,bonafide
LA_E_7538828,1,alaw,A17
LA_E_7539849,1,opus,A12
LA_E_7539994,1,opus,A13
LA_E_7540119,1,opus,A10
LA_E_7540170,1,opus,A15
LA_E_7540423,1,ulaw,A08
LA_E_7540523,1,none,A13
LA_E_7540902,0,alaw,bonafide
LA_E_7540950,1,alaw,A13
LA_E_7541167,1,opus,A16
LA_E_7541612,1,g722,A15
LA_E_7542065,1,none,A11
LA_E_7542067,1,gsm,A08
LA_E_7542731,0,gsm,bonafide
LA_E_7542943,1,pstn,A16
LA_E_7543295,1,pstn,A19
LA_E_7543471,1,opus,A08
LA_E_7543734,1,opus,A14
LA_E_7543741,1,opus,A15
LA_E_7543779,1,opus,A16
LA_E_7544449,1,gsm,A14
LA_E_7544499,1,opus,A11
LA_E_7544529,1,pstn,A09
LA_E_7544826,0,g722,bonafide
LA_E_7544883,1,g722,A18
LA_E_7545098,1,pstn,A18
LA_E_7545202,1,gsm,A07
LA_E_7545266,1,opus,A17
LA_E_7545675,1,g722,A13
LA_E_7545927,1,ulaw,A17
LA_E_7546087,1,gsm,A11
LA_E_7546104,1,opus,A16
LA_E_7546156,0,opus,bonafide
LA_E_7546196,1,gsm,A08
LA_E_7546494,1,gsm,A07
LA_E_7546654,1,ulaw,A07
LA_E_7547052,1,opus,A16
LA_E_7547064,0,none,bonafide
LA_E_7547487,1,gsm,A13
LA_E_7547490,1,gsm,A14
LA_E_7547611,1,opus,A17
LA_E_7548794,1,alaw,A14
LA_E_7549139,0,ulaw,bonafide
LA_E_7549911,0,ulaw,bonafide
LA_E_7550115,1,none,A11
LA_E_7550499,1,g722,A09
LA_E_7550865,1,gsm,A12
LA_E_7550966,1,pstn,A18
LA_E_7550970,1,g722,A11
LA_E_7551167,1,ulaw,A15
LA_E_7551440,1,gsm,A11
LA_E_7551583,1,none,A08
LA_E_7552290,1,gsm,A11
LA_E_7552400,1,ulaw,A18
LA_E_7552497,1,opus,A16
LA_E_7552752,1,ulaw,A10
LA_E_7553439,1,g722,A18
LA_E_7553582,1,pstn,A10
LA_E_7553779,1,none,A07
LA_E_7553885,1,gsm,A18
LA_E_7554113,1,gsm,A11
LA_E_7554149,1,none,A12
LA_E_7554172,1,ulaw,A09
LA_E_7554250,1,pstn,A12
LA_E_7554400,1,opus,A12
LA_E_7554417,1,gsm,A13
LA_E_7554501,0,ulaw,bonafide
LA_E_7554605,1,ulaw,A18
LA_E_7554798,1,ulaw,A11
LA_E_7554952,1,ulaw,A18
LA_E_7555087,1,ulaw,A13
LA_E_7555176,1,opus,A18
LA_E_7555763,1,g722,A10
LA_E_7556250,1,pstn,A17
LA_E_7556326,1,pstn,A11
LA_E_7556832,1,alaw,A10
LA_E_7556838,1,alaw,A16
LA_E_7556951,1,opus,A11
LA_E_7557262,1,opus,A15
LA_E_7557285,1,gsm,A08
LA_E_7557425,1,opus,A11
LA_E_7557649,1,ulaw,A10
LA_E_7557679,1,g722,A16
LA_E_7557913,1,g722,A18
LA_E_7558056,1,g722,A09
LA_E_7558058,1,alaw,A14
LA_E_7558317,1,ulaw,A10
LA_E_7558729,1,ulaw,A16
LA_E_7558845,1,opus,A19
LA_E_7559040,1,ulaw,A09
LA_E_7559119,1,none,A16
LA_E_7559427,0,gsm,bonafide
LA_E_7559538,1,g722,A13
LA_E_7559626,1,gsm,A15
LA_E_7559723,1,ulaw,A13
LA_E_7559836,1,alaw,A12
LA_E_7559904,1,opus,A08
LA_E_7560101,1,pstn,A07
LA_E_7560623,1,g722,A17
LA_E_7561528,1,opus,A12
LA_E_7561978,1,opus,A08
LA_E_7562023,1,opus,A10
LA_E_7562392,1,alaw,A17
LA_E_7562875,0,gsm,bonafide
LA_E_7563767,1,ulaw,A15
LA_E_7564382,0,pstn,bonafide
LA_E_7564590,1,ulaw,A12
LA_E_7564637,1,gsm,A09
LA_E_7564873,1,pstn,A14
LA_E_7565246,1,ulaw,A09
LA_E_7565387,1,alaw,A17
LA_E_7565897,1,g722,A17
LA_E_7565915,0,opus,bonafide
LA_E_7565996,1,g722,A07
LA_E_7566010,1,none,A09
LA_E_7566392,1,ulaw,A16
LA_E_7567407,1,g722,A13
LA_E_7567918,1,none,A11
LA_E_7567947,1,pstn,A19
LA_E_7568166,1,ulaw,A09
LA_E_7568370,0,ulaw,bonafide
LA_E_7568402,1,gsm,A12
LA_E_7568901,0,g722,bonafide
LA_E_7569247,1,ulaw,A14
LA_E_7569330,1,g722,A08
LA_E_7569379,1,gsm,A19
LA_E_7569485,1,opus,A08
LA_E_7570471,0,none,bonafide
LA_E_7571776,0,alaw,bonafide
LA_E_7572275,1,gsm,A10
LA_E_7572487,1,opus,A11
LA_E_7572868,1,g722,A08
LA_E_7573066,1,none,A16
LA_E_7573306,1,opus,A18
LA_E_7573517,1,gsm,A17
LA_E_7573766,1,ulaw,A17
LA_E_7573927,1,opus,A13
LA_E_7574220,1,gsm,A07
LA_E_7574288,1,alaw,A07
LA_E_7574393,1,gsm,A14
LA_E_7574519,1,ulaw,A17
LA_E_7575103,1,none,A14
LA_E_7575546,0,ulaw,bonafide
LA_E_7575795,1,gsm,A19
LA_E_7576583,1,gsm,A11
LA_E_7576625,1,alaw,A09
LA_E_7577628,1,ulaw,A13
LA_E_7577760,1,alaw,A19
LA_E_7578103,1,alaw,A16
LA_E_7578438,1,none,A15
LA_E_7578536,1,g722,A14
LA_E_7579993,1,ulaw,A19
LA_E_7580612,1,pstn,A08
LA_E_7580669,1,opus,A13
LA_E_7581561,1,alaw,A19
LA_E_7581652,1,gsm,A17
LA_E_7582238,1,pstn,A09
LA_E_7582340,1,ulaw,A11
LA_E_7582370,1,ulaw,A10
LA_E_7582707,1,opus,A10
LA_E_7583209,1,none,A17
LA_E_7583835,0,g722,bonafide
LA_E_7584080,1,pstn,A09
LA_E_7584119,1,opus,A09
LA_E_7584413,1,ulaw,A12
LA_E_7584517,1,ulaw,A09
LA_E_7585245,1,gsm,A10
LA_E_7585281,1,pstn,A13
LA_E_7585793,1,gsm,A18
LA_E_7586548,1,gsm,A16
LA_E_7586775,0,ulaw,bonafide
LA_E_7586825,1,opus,A17
LA_E_7587257,0,pstn,bonafide
LA_E_7588304,1,gsm,A19
LA_E_7588498,1,opus,A10
LA_E_7589040,1,ulaw,A19
LA_E_7589097,1,opus,A16
LA_E_7589234,1,ulaw,A14
LA_E_7589257,1,ulaw,A19
LA_E_7589341,1,ulaw,A13
LA_E_7589390,1,alaw,A07
LA_E_7589439,1,alaw,A14
LA_E_7589554,1,ulaw,A14
LA_E_7589850,1,opus,A11
LA_E_7589865,1,pstn,A07
LA_E_7590403,1,pstn,A16
LA_E_7590475,1,pstn,A08
LA_E_7591244,1,ulaw,A07
LA_E_7591625,1,gsm,A07
LA_E_7591913,1,opus,A13
LA_E_7592208,1,opus,A13
LA_E_7592337,1,ulaw,A17
LA_E_7592925,1,gsm,A08
LA_E_7592979,1,pstn,A13
LA_E_7592999,1,gsm,A09
LA_E_7593715,0,opus,bonafide
LA_E_7594021,1,g722,A07
LA_E_7594105,1,ulaw,A10
LA_E_7594385,1,opus,A07
LA_E_7595065,1,ulaw,A14
LA_E_7595229,1,opus,A10
LA_E_7595466,1,alaw,A14
LA_E_7596132,1,ulaw,A15
LA_E_7596385,1,alaw,A19
LA_E_7596570,1,ulaw,A12
LA_E_7596868,1,none,A17
LA_E_7597312,1,none,A16
LA_E_7597318,1,alaw,A16
LA_E_7597502,1,gsm,A10
LA_E_7597620,1,gsm,A16
LA_E_7598020,1,opus,A17
LA_E_7598043,1,none,A09
LA_E_7598146,1,ulaw,A08
LA_E_7598280,1,gsm,A18
LA_E_7598311,1,g722,A16
LA_E_7598383,1,opus,A08
LA_E_7598470,1,opus,A09
LA_E_7598482,1,pstn,A17
LA_E_7598978,1,gsm,A18
LA_E_7599312,1,ulaw,A13
LA_E_7600251,1,pstn,A10
LA_E_7600441,1,gsm,A09
LA_E_7600830,1,ulaw,A19
LA_E_7600844,1,none,A10
LA_E_7601293,1,gsm,A10
LA_E_7601651,1,opus,A14
LA_E_7602102,1,alaw,A09
LA_E_7602491,1,ulaw,A07
LA_E_7602649,1,alaw,A18
LA_E_7602809,1,gsm,A07
LA_E_7603465,0,gsm,bonafide
LA_E_7603743,1,gsm,A14
LA_E_7603886,1,gsm,A15
LA_E_7604954,1,gsm,A09
LA_E_7605764,1,g722,A11
LA_E_7605997,1,pstn,A07
LA_E_7606504,1,gsm,A18
LA_E_7606512,1,ulaw,A15
LA_E_7607068,1,alaw,A08
LA_E_7607483,1,gsm,A16
LA_E_7607741,1,none,A07
LA_E_7608090,0,none,bonafide
LA_E_7608186,1,opus,A16
LA_E_7608551,1,opus,A13
LA_E_7608941,1,ulaw,A08
LA_E_7609130,1,gsm,A07
LA_E_7609201,1,opus,A09
LA_E_7609410,1,alaw,A08
LA_E_7609571,1,ulaw,A10
LA_E_7609576,1,ulaw,A15
LA_E_7609784,1,gsm,A09
LA_E_7609794,1,ulaw,A18
LA_E_7609821,1,ulaw,A17
LA_E_7610500,1,gsm,A11
LA_E_7610501,1,gsm,A11
LA_E_7610957,1,none,A12
LA_E_7611001,1,g722,A08
LA_E_7611009,1,gsm,A08
LA_E_7611055,1,pstn,A11
LA_E_7611153,1,gsm,A14
LA_E_7611521,1,alaw,A08
LA_E_7611871,1,pstn,A10
LA_E_7611884,1,none,A17
LA_E_7611894,1,gsm,A10
LA_E_7612015,1,ulaw,A10
LA_E_7612039,1,none,A14
LA_E_7612162,1,g722,A11
LA_E_7612225,1,g722,A17
LA_E_7612541,1,gsm,A16
LA_E_7612932,1,none,A10
LA_E_7613210,1,alaw,A12
LA_E_7613252,0,opus,bonafide
LA_E_7613452,1,pstn,A13
LA_E_7613513,1,pstn,A09
LA_E_7613715,1,pstn,A17
LA_E_7613918,1,g722,A18
LA_E_7614037,1,alaw,A15
LA_E_7614588,1,g722,A19
LA_E_7614895,1,opus,A16
LA_E_7615118,1,opus,A19
LA_E_7616097,1,ulaw,A19
LA_E_7616201,1,gsm,A15
LA_E_7616897,1,ulaw,A19
LA_E_7616955,1,ulaw,A07
LA_E_7617148,1,gsm,A13
LA_E_7617332,1,g722,A10
LA_E_7617661,1,gsm,A16
LA_E_7617777,1,alaw,A16
LA_E_7618938,1,alaw,A12
LA_E_7619466,1,g722,A16
LA_E_7619702,1,gsm,A09
LA_E_7620318,1,opus,A17
LA_E_7620872,0,ulaw,bonafide
LA_E_7621407,1,gsm,A13
LA_E_7621621,0,gsm,bonafide
LA_E_7621824,0,ulaw,bonafide
LA_E_7621905,1,g722,A19
LA_E_7622189,1,pstn,A08
LA_E_7622365,1,pstn,A14
LA_E_7622424,1,ulaw,A08
LA_E_7622475,1,g722,A15
LA_E_7622553,0,g722,bonafide
LA_E_7623211,1,opus,A18
LA_E_7623416,1,gsm,A12
LA_E_7623419,1,opus,A09
LA_E_7623509,1,alaw,A19
LA_E_7623885,1,ulaw,A18
LA_E_7624730,1,ulaw,A13
LA_E_7624824,1,gsm,A17
LA_E_7624884,1,opus,A09
LA_E_7625382,1,opus,A15
LA_E_7626801,1,pstn,A19
LA_E_7626893,0,opus,bonafide
LA_E_7627147,1,gsm,A15
LA_E_7627160,1,opus,A12
LA_E_7627854,1,opus,A12
LA_E_7627991,1,gsm,A14
LA_E_7628158,1,alaw,A13
LA_E_7628232,1,opus,A07
LA_E_7628659,1,ulaw,A15
LA_E_7628910,1,gsm,A08
LA_E_7628966,1,ulaw,A10
LA_E_7629045,1,ulaw,A07
LA_E_7629229,1,gsm,A18
LA_E_7630947,1,alaw,A14
LA_E_7630950,1,opus,A18
LA_E_7631084,1,none,A15
LA_E_7631457,1,g722,A09
LA_E_7631573,1,opus,A09
LA_E_7632220,1,opus,A15
LA_E_7633172,1,ulaw,A09
LA_E_7633949,1,g722,A19
LA_E_7634175,1,ulaw,A15
LA_E_7634272,1,alaw,A08
LA_E_7634395,1,none,A18
LA_E_7634889,1,pstn,A15
LA_E_7635178,1,g722,A16
LA_E_7635237,0,ulaw,bonafide
LA_E_7635294,1,ulaw,A13
LA_E_7635405,1,pstn,A19
LA_E_7635603,0,ulaw,bonafide
LA_E_7635622,1,gsm,A08
LA_E_7635791,1,ulaw,A16
LA_E_7636263,1,ulaw,A19
LA_E_7636295,1,ulaw,A07
LA_E_7636438,1,gsm,A14
LA_E_7636565,1,gsm,A11
LA_E_7636680,1,g722,A11
LA_E_7636732,1,pstn,A13
LA_E_7636739,1,none,A12
LA_E_7636813,1,opus,A15
LA_E_7636910,1,ulaw,A14
LA_E_7636945,1,opus,A18
LA_E_7637393,1,gsm,A08
LA_E_7637447,1,ulaw,A17
LA_E_7637605,1,gsm,A08
LA_E_7638031,1,gsm,A09
LA_E_7638236,1,gsm,A13
LA_E_7638951,1,gsm,A12
LA_E_7639088,1,gsm,A19
LA_E_7639262,0,opus,bonafide
LA_E_7639283,1,alaw,A11
LA_E_7639538,1,ulaw,A16
LA_E_7639976,1,gsm,A12
LA_E_7640294,1,g722,A16
LA_E_7640445,0,alaw,bonafide
LA_E_7640558,1,none,A11
LA_E_7640826,1,g722,A15
LA_E_7640845,1,none,A18
LA_E_7641092,1,opus,A15
LA_E_7641803,1,none,A12
LA_E_7642099,1,none,A10
LA_E_7642355,1,opus,A13
LA_E_7642385,1,pstn,A08
LA_E_7642404,1,opus,A15
LA_E_7642468,1,opus,A16
LA_E_7642605,1,pstn,A08
LA_E_7642715,1,none,A13
LA_E_7643111,1,ulaw,A16
LA_E_7643198,1,opus,A15
LA_E_7643256,1,opus,A12
LA_E_7643589,1,opus,A16
LA_E_7643666,1,pstn,A07
LA_E_7643777,1,gsm,A10
LA_E_7643823,1,opus,A18
LA_E_7643856,1,g722,A13
LA_E_7644133,1,pstn,A13
LA_E_7644141,1,ulaw,A11
LA_E_7644153,1,ulaw,A07
LA_E_7644229,1,g722,A07
LA_E_7644971,1,gsm,A15
LA_E_7645272,1,gsm,A11
LA_E_7645507,1,pstn,A17
LA_E_7645655,1,ulaw,A16
LA_E_7647957,1,ulaw,A12
LA_E_7647972,1,ulaw,A13
LA_E_7648053,1,gsm,A15
LA_E_7648055,1,gsm,A07
LA_E_7648186,1,opus,A10
LA_E_7648873,1,opus,A14
LA_E_7648879,1,alaw,A11
LA_E_7648960,0,ulaw,bonafide
LA_E_7648978,1,opus,A19
LA_E_7649000,1,none,A19
LA_E_7649493,0,pstn,bonafide
LA_E_7649584,1,pstn,A15
LA_E_7649606,1,ulaw,A13
LA_E_7649772,1,opus,A12
LA_E_7650086,1,none,A11
LA_E_7650302,1,none,A09
LA_E_7651396,1,ulaw,A15
LA_E_7651625,1,gsm,A07
LA_E_7651734,0,none,bonafide
LA_E_7651928,1,gsm,A16
LA_E_7651961,1,alaw,A13
LA_E_7652545,0,gsm,bonafide
LA_E_7652660,1,alaw,A15
LA_E_7652729,1,ulaw,A11
LA_E_7652945,1,gsm,A09
LA_E_7653435,1,gsm,A13
LA_E_7653811,1,alaw,A19
LA_E_7653862,1,ulaw,A08
LA_E_7654234,1,opus,A16
LA_E_7654418,0,opus,bonafide
LA_E_7654429,1,opus,A10
LA_E_7654551,1,pstn,A11
LA_E_7654598,1,gsm,A17
LA_E_7655064,1,pstn,A11
LA_E_7655250,1,gsm,A18
LA_E_7655924,1,opus,A12
LA_E_7656214,1,g722,A18
LA_E_7656499,1,pstn,A18
LA_E_7656751,1,opus,A17
LA_E_7656781,1,ulaw,A18
LA_E_7656829,1,opus,A13
LA_E_7656835,0,alaw,bonafide
LA_E_7657231,1,ulaw,A08
LA_E_7657673,1,gsm,A17
LA_E_7657694,1,gsm,A14
LA_E_7658410,1,none,A14
LA_E_7659717,1,opus,A10
LA_E_7659973,1,gsm,A16
LA_E_7660090,1,pstn,A10
LA_E_7660123,1,none,A18
LA_E_7660440,1,none,A17
LA_E_7660594,1,alaw,A07
LA_E_7660846,1,gsm,A08
LA_E_7661080,1,opus,A07
LA_E_7661224,1,gsm,A10
LA_E_7661287,0,none,bonafide
LA_E_7661443,1,ulaw,A08
LA_E_7662467,1,none,A07
LA_E_7662567,1,alaw,A08
LA_E_7662700,1,ulaw,A19
LA_E_7662956,0,alaw,bonafide
LA_E_7663027,1,none,A09
LA_E_7663292,1,g722,A09
LA_E_7663452,1,g722,A08
LA_E_7663878,1,opus,A17
LA_E_7663910,1,ulaw,A13
LA_E_7664326,1,none,A16
LA_E_7664583,1,gsm,A08
LA_E_7664831,1,gsm,A18
LA_E_7664902,1,alaw,A07
LA_E_7665873,1,opus,A18
LA_E_7666043,1,gsm,A07
LA_E_7666642,1,g722,A15
LA_E_7667041,1,ulaw,A13
LA_E_7667272,1,g722,A16
LA_E_7668043,1,opus,A07
LA_E_7668695,1,alaw,A09
LA_E_7668794,1,opus,A14
LA_E_7669163,1,ulaw,A14
LA_E_7669314,1,none,A13
LA_E_7669762,1,opus,A07
LA_E_7669764,1,ulaw,A07
LA_E_7670128,1,opus,A16
LA_E_7670387,1,none,A13
LA_E_7670413,1,alaw,A08
LA_E_7670434,0,opus,bonafide
LA_E_7670540,1,pstn,A17
LA_E_7670847,1,g722,A14
LA_E_7670940,1,g722,A15
LA_E_7671053,1,alaw,A17
LA_E_7671103,1,gsm,A12
LA_E_7671238,1,opus,A12
LA_E_7671481,1,gsm,A07
LA_E_7671691,0,pstn,bonafide
LA_E_7672037,1,alaw,A09
LA_E_7672236,1,gsm,A15
LA_E_7672404,1,gsm,A08
LA_E_7672411,1,alaw,A17
LA_E_7672695,1,opus,A19
LA_E_7673050,1,none,A16
LA_E_7673308,1,alaw,A18
LA_E_7673907,1,g722,A15
LA_E_7674466,1,opus,A15
LA_E_7674654,0,g722,bonafide
LA_E_7674686,1,opus,A18
LA_E_7674725,1,opus,A16
LA_E_7674788,1,alaw,A07
LA_E_7675213,1,pstn,A07
LA_E_7675237,1,none,A15
LA_E_7675441,1,gsm,A13
LA_E_7676262,1,opus,A15
LA_E_7676304,1,opus,A16
LA_E_7676337,1,g722,A10
LA_E_7676390,1,gsm,A10
LA_E_7676773,1,none,A14
LA_E_7676790,1,gsm,A09
LA_E_7676926,0,pstn,bonafide
LA_E_7676971,1,ulaw,A08
LA_E_7677049,1,g722,A12
LA_E_7677082,1,ulaw,A08
LA_E_7677181,0,ulaw,bonafide
LA_E_7677381,1,g722,A09
LA_E_7677510,1,g722,A13
LA_E_7677610,0,ulaw,bonafide
LA_E_7677637,1,opus,A08
LA_E_7678096,1,ulaw,A15
LA_E_7678107,1,gsm,A11
LA_E_7678127,1,none,A10
LA_E_7678380,1,g722,A10
LA_E_7678700,1,pstn,A07
LA_E_7678762,1,ulaw,A19
LA_E_7679006,1,opus,A12
LA_E_7679058,1,opus,A18
LA_E_7679181,1,gsm,A11
LA_E_7679397,1,gsm,A07
LA_E_7679515,1,none,A08
LA_E_7679634,1,gsm,A15
LA_E_7680034,1,gsm,A14
LA_E_7680037,1,gsm,A07
LA_E_7680279,1,alaw,A12
LA_E_7680809,1,ulaw,A13
LA_E_7681035,1,opus,A09
LA_E_7681175,1,alaw,A12
LA_E_7681509,1,g722,A07
LA_E_7681648,1,ulaw,A14
LA_E_7681744,1,ulaw,A19
LA_E_7682874,1,ulaw,A18
LA_E_7682990,0,gsm,bonafide
LA_E_7683105,1,ulaw,A19
LA_E_7683266,1,gsm,A19
LA_E_7683430,1,alaw,A10
LA_E_7683533,1,alaw,A07
LA_E_7684112,1,alaw,A11
LA_E_7684279,1,gsm,A11
LA_E_7684345,1,ulaw,A15
LA_E_7685020,0,ulaw,bonafide
LA_E_7685392,1,gsm,A14
LA_E_7685588,1,ulaw,A15
LA_E_7686136,1,opus,A12
LA_E_7686159,1,opus,A09
LA_E_7686168,1,opus,A10
LA_E_7686380,1,gsm,A19
LA_E_7686601,1,gsm,A10
LA_E_7686745,1,alaw,A15
LA_E_7686761,1,ulaw,A07
LA_E_7687012,0,pstn,bonafide
LA_E_7687317,1,g722,A10
LA_E_7687967,1,ulaw,A12
LA_E_7688064,1,ulaw,A09
LA_E_7688153,1,gsm,A07
LA_E_7688508,0,none,bonafide
LA_E_7688998,1,alaw,A07
LA_E_7689005,1,opus,A18
LA_E_7689153,1,opus,A11
LA_E_7689162,1,none,A16
LA_E_7689252,0,opus,bonafide
LA_E_7689283,1,gsm,A10
LA_E_7689346,1,gsm,A10
LA_E_7689664,1,gsm,A13
LA_E_7690153,1,g722,A17
LA_E_7690449,1,none,A18
LA_E_7690645,1,gsm,A15
LA_E_7690929,1,pstn,A19
LA_E_7690976,1,alaw,A19
LA_E_7691398,1,opus,A15
LA_E_7692468,1,alaw,A12
LA_E_7692761,0,opus,bonafide
LA_E_7692898,1,alaw,A15
LA_E_7693154,1,pstn,A18
LA_E_7693401,1,alaw,A11
LA_E_7693467,1,opus,A16
LA_E_7693570,1,alaw,A14
LA_E_7693594,0,pstn,bonafide
LA_E_7693848,0,gsm,bonafide
LA_E_7693976,1,opus,A11
LA_E_7694114,1,g722,A17
LA_E_7694395,1,pstn,A17
LA_E_7694749,1,opus,A09
LA_E_7694875,1,opus,A10
LA_E_7694983,1,g722,A16
LA_E_7695731,0,gsm,bonafide
LA_E_7695891,1,g722,A12
LA_E_7696102,1,opus,A09
LA_E_7696203,1,opus,A08
LA_E_7696384,1,none,A15
LA_E_7696387,1,none,A12
LA_E_7696838,1,pstn,A07
LA_E_7696904,1,opus,A13
LA_E_7697165,1,gsm,A09
LA_E_7697202,1,pstn,A11
LA_E_7697359,1,none,A18
LA_E_7697428,1,opus,A11
LA_E_7697782,1,gsm,A11
LA_E_7697846,1,opus,A11
LA_E_7697926,1,alaw,A15
LA_E_7698086,1,gsm,A10
LA_E_7698562,1,opus,A08
LA_E_7699269,1,ulaw,A19
LA_E_7699312,1,opus,A11
LA_E_7699327,1,opus,A10
LA_E_7699445,0,ulaw,bonafide
LA_E_7699743,1,pstn,A09
LA_E_7699824,1,pstn,A15
LA_E_7700706,1,ulaw,A12
LA_E_7700750,1,g722,A19
LA_E_7701352,1,opus,A13
LA_E_7701697,1,ulaw,A15
LA_E_7701755,1,gsm,A14
LA_E_7702080,1,none,A11
LA_E_7702086,1,g722,A08
LA_E_7702237,1,gsm,A13
LA_E_7702579,1,g722,A08
LA_E_7702819,1,g722,A14
LA_E_7702879,1,opus,A12
LA_E_7702991,1,ulaw,A07
LA_E_7703066,1,opus,A08
LA_E_7703308,1,ulaw,A09
LA_E_7703433,1,ulaw,A11
LA_E_7703710,1,ulaw,A10
LA_E_7704037,1,gsm,A10
LA_E_7704343,1,opus,A07
LA_E_7704396,1,gsm,A18
LA_E_7705084,1,ulaw,A17
LA_E_7705451,0,gsm,bonafide
LA_E_7705745,1,g722,A13
LA_E_7705817,0,alaw,bonafide
LA_E_7705887,1,none,A19
LA_E_7705895,1,gsm,A10
LA_E_7705905,1,gsm,A09
LA_E_7705933,1,ulaw,A10
LA_E_7706067,1,pstn,A16
LA_E_7706253,1,opus,A10
LA_E_7706405,0,g722,bonafide
LA_E_7706585,1,g722,A17
LA_E_7706929,1,opus,A19
LA_E_7707337,1,gsm,A12
LA_E_7707687,1,g722,A17
LA_E_7707822,1,gsm,A14
LA_E_7708033,1,ulaw,A17
LA_E_7708228,1,ulaw,A12
LA_E_7708235,1,ulaw,A19
LA_E_7709587,1,ulaw,A19
LA_E_7709627,1,ulaw,A07
LA_E_7710445,1,g722,A15
LA_E_7710482,1,gsm,A07
LA_E_7710649,1,g722,A09
LA_E_7710667,1,ulaw,A08
LA_E_7711018,1,opus,A18
LA_E_7711274,1,ulaw,A17
LA_E_7711318,1,gsm,A12
LA_E_7711416,1,g722,A11
LA_E_7711667,0,opus,bonafide
LA_E_7712244,1,opus,A16
LA_E_7712532,1,opus,A11
LA_E_7712625,0,opus,bonafide
LA_E_7712731,1,alaw,A18
LA_E_7712766,1,opus,A19
LA_E_7713509,1,ulaw,A09
LA_E_7713557,1,alaw,A12
LA_E_7713575,1,alaw,A09
LA_E_7713667,1,opus,A18
LA_E_7714216,0,g722,bonafide
LA_E_7714411,1,g722,A15
LA_E_7714525,1,ulaw,A12
LA_E_7714738,0,g722,bonafide
LA_E_7715468,1,opus,A13
LA_E_7715525,0,gsm,bonafide
LA_E_7715964,1,opus,A09
LA_E_7715989,1,alaw,A19
LA_E_7716072,1,ulaw,A15
LA_E_7716925,1,pstn,A13
LA_E_7717244,1,pstn,A10
LA_E_7717335,1,opus,A12
LA_E_7717696,1,opus,A10
LA_E_7717929,1,ulaw,A16
LA_E_7718835,1,g722,A10
LA_E_7718874,1,pstn,A14
LA_E_7719194,1,opus,A19
LA_E_7719366,0,opus,bonafide
LA_E_7719483,1,ulaw,A15
LA_E_7719576,1,alaw,A07
LA_E_7720239,1,g722,A12
LA_E_7720320,1,none,A18
LA_E_7720378,0,opus,bonafide
LA_E_7720727,1,alaw,A18
LA_E_7720749,0,opus,bonafide
LA_E_7720783,1,gsm,A16
LA_E_7720890,1,alaw,A14
LA_E_7720947,0,gsm,bonafide
LA_E_7721080,1,pstn,A13
LA_E_7721293,1,pstn,A10
LA_E_7721432,1,ulaw,A08
LA_E_7722455,1,gsm,A12
LA_E_7722486,1,alaw,A09
LA_E_7722766,1,pstn,A09
LA_E_7722777,1,g722,A18
LA_E_7723115,1,g722,A12
LA_E_7723203,1,opus,A12
LA_E_7723261,1,alaw,A17
LA_E_7723761,1,pstn,A12
LA_E_7724733,1,g722,A10
LA_E_7725196,1,gsm,A08
LA_E_7725236,1,g722,A19
LA_E_7725254,1,alaw,A19
LA_E_7725394,1,g722,A08
LA_E_7725714,1,g722,A11
LA_E_7726177,1,opus,A19
LA_E_7726323,1,none,A08
LA_E_7726385,1,opus,A18
LA_E_7726400,1,gsm,A08
LA_E_7726521,1,opus,A08
LA_E_7726582,1,opus,A10
LA_E_7726605,1,opus,A15
LA_E_7727169,1,opus,A15
LA_E_7727927,1,gsm,A19
LA_E_7727987,1,opus,A11
LA_E_7728181,1,opus,A15
LA_E_7728434,1,gsm,A11
LA_E_7728747,1,opus,A17
LA_E_7729336,1,opus,A09
LA_E_7729493,1,opus,A14
LA_E_7729729,1,ulaw,A19
LA_E_7729785,1,pstn,A11
LA_E_7729818,1,ulaw,A11
LA_E_7729928,1,g722,A09
LA_E_7730444,1,ulaw,A17
LA_E_7730592,1,ulaw,A09
LA_E_7730666,1,g722,A15
LA_E_7730681,1,opus,A19
LA_E_7731696,1,ulaw,A18
LA_E_7731713,1,gsm,A16
LA_E_7731889,1,opus,A19
LA_E_7731939,1,alaw,A12
LA_E_7732393,1,gsm,A14
LA_E_7732428,0,opus,bonafide
LA_E_7732746,1,ulaw,A12
LA_E_7733349,1,ulaw,A19
LA_E_7733483,0,ulaw,bonafide
LA_E_7733539,1,gsm,A18
LA_E_7733567,1,g722,A13
LA_E_7734156,1,opus,A15
LA_E_7734334,1,none,A16
LA_E_7734407,1,gsm,A19
LA_E_7734522,1,ulaw,A15
LA_E_7734538,1,pstn,A14
LA_E_7734819,1,ulaw,A13
LA_E_7736158,0,ulaw,bonafide
LA_E_7736226,1,gsm,A19
LA_E_7736319,1,opus,A08
LA_E_7736373,1,pstn,A08
LA_E_7736522,1,gsm,A18
LA_E_7737480,1,opus,A08
LA_E_7737666,1,gsm,A15
LA_E_7737763,1,none,A08
LA_E_7737815,1,g722,A19
LA_E_7737828,0,ulaw,bonafide
LA_E_7738026,1,gsm,A16
LA_E_7738080,1,gsm,A16
LA_E_7738081,1,alaw,A11
LA_E_7738100,1,none,A07
LA_E_7738229,1,none,A08
LA_E_7738344,1,ulaw,A12
LA_E_7738894,1,alaw,A10
LA_E_7739044,1,gsm,A19
LA_E_7739260,1,none,A14
LA_E_7739646,1,alaw,A12
LA_E_7740046,1,alaw,A18
LA_E_7740086,1,g722,A12
LA_E_7740570,1,gsm,A12
LA_E_7740760,1,alaw,A16
LA_E_7740922,1,ulaw,A14
LA_E_7741777,1,alaw,A13
LA_E_7742188,1,opus,A14
LA_E_7742264,1,gsm,A12
LA_E_7742411,1,gsm,A12
LA_E_7742442,1,gsm,A14
LA_E_7742884,1,ulaw,A16
LA_E_7743202,1,pstn,A15
LA_E_7743426,1,gsm,A10
LA_E_7743516,1,ulaw,A09
LA_E_7743790,1,g722,A15
LA_E_7744890,1,alaw,A14
LA_E_7745628,1,pstn,A14
LA_E_7745671,1,gsm,A13
LA_E_7746669,1,gsm,A18
LA_E_7746964,1,pstn,A15
LA_E_7748122,1,gsm,A08
LA_E_7748451,1,gsm,A17
LA_E_7748691,1,g722,A11
LA_E_7748797,1,alaw,A08
LA_E_7749179,1,none,A19
LA_E_7749354,1,gsm,A14
LA_E_7749375,1,none,A15
LA_E_7749979,1,pstn,A09
LA_E_7749982,0,ulaw,bonafide
LA_E_7750096,1,g722,A07
LA_E_7750186,1,alaw,A12
LA_E_7750289,1,ulaw,A14
LA_E_7750436,1,none,A14
LA_E_7751167,1,pstn,A14
LA_E_7751681,1,pstn,A10
LA_E_7751926,0,ulaw,bonafide
LA_E_7752306,1,ulaw,A19
LA_E_7752374,0,pstn,bonafide
LA_E_7752689,1,opus,A10
LA_E_7752848,1,g722,A12
LA_E_7753346,1,gsm,A12
LA_E_7753397,1,gsm,A10
LA_E_7753431,1,g722,A16
LA_E_7753901,1,gsm,A08
LA_E_7754295,1,pstn,A15
LA_E_7754841,1,g722,A10
LA_E_7755299,1,opus,A11
LA_E_7755340,0,opus,bonafide
LA_E_7755562,1,alaw,A17
LA_E_7755744,1,pstn,A12
LA_E_7755856,1,gsm,A13
LA_E_7756239,1,none,A08
LA_E_7756266,1,gsm,A15
LA_E_7756783,1,alaw,A07
LA_E_7756855,1,pstn,A17
LA_E_7757515,1,gsm,A17
LA_E_7757747,1,ulaw,A14
LA_E_7758096,1,alaw,A14
LA_E_7758276,1,ulaw,A16
LA_E_7758763,1,gsm,A14
LA_E_7758811,1,gsm,A08
LA_E_7758970,1,opus,A17
LA_E_7759018,1,pstn,A15
LA_E_7759135,1,g722,A12
LA_E_7759387,1,none,A15
LA_E_7759527,1,gsm,A16
LA_E_7759815,1,gsm,A07
LA_E_7759976,1,opus,A08
LA_E_7760468,0,none,bonafide
LA_E_7760589,1,gsm,A18
LA_E_7760650,1,opus,A18
LA_E_7761077,1,alaw,A11
LA_E_7761192,1,opus,A13
LA_E_7761365,1,opus,A07
LA_E_7761404,1,alaw,A13
LA_E_7761702,1,opus,A13
LA_E_7761703,0,opus,bonafide
LA_E_7761960,1,ulaw,A13
LA_E_7762601,1,ulaw,A08
LA_E_7762602,1,ulaw,A14
LA_E_7762900,1,none,A15
LA_E_7762984,1,g722,A12
LA_E_7763229,1,opus,A09
LA_E_7763275,1,none,A07
LA_E_7763995,1,alaw,A18
LA_E_7764063,1,ulaw,A15
LA_E_7764199,1,ulaw,A19
LA_E_7764542,1,ulaw,A19
LA_E_7764549,1,opus,A12
LA_E_7764751,1,opus,A11
LA_E_7764758,1,none,A19
LA_E_7764836,1,pstn,A11
LA_E_7764913,1,pstn,A14
LA_E_7765245,1,gsm,A16
LA_E_7765357,1,pstn,A13
LA_E_7765726,1,opus,A17
LA_E_7765752,1,gsm,A10
LA_E_7766501,1,opus,A16
LA_E_7767472,1,gsm,A12
LA_E_7767836,0,alaw,bonafide
LA_E_7767944,1,gsm,A19
LA_E_7768073,1,opus,A11
LA_E_7768568,1,opus,A15
LA_E_7768652,1,pstn,A11
LA_E_7768867,1,gsm,A13
LA_E_7769022,1,pstn,A12
LA_E_7769614,1,alaw,A18
LA_E_7769988,1,ulaw,A16
LA_E_7770552,1,opus,A14
LA_E_7770572,1,gsm,A09
LA_E_7770575,1,opus,A18
LA_E_7770894,1,opus,A15
LA_E_7771122,1,ulaw,A09
LA_E_7771158,1,gsm,A13
LA_E_7771162,1,opus,A16
LA_E_7771378,0,gsm,bonafide
LA_E_7771679,1,ulaw,A09
LA_E_7771782,1,pstn,A18
LA_E_7772238,1,ulaw,A19
LA_E_7772310,1,opus,A18
LA_E_7772689,1,g722,A09
LA_E_7772774,1,opus,A17
LA_E_7773491,1,ulaw,A08
LA_E_7773575,1,g722,A12
LA_E_7773633,1,alaw,A13
LA_E_7773780,1,opus,A19
LA_E_7774077,1,pstn,A16
LA_E_7774744,1,gsm,A19
LA_E_7774955,1,gsm,A17
LA_E_7775135,1,ulaw,A18
LA_E_7775252,1,alaw,A07
LA_E_7775326,1,alaw,A12
LA_E_7776001,1,opus,A12
LA_E_7776389,1,none,A13
LA_E_7776442,1,none,A18
LA_E_7777086,1,alaw,A13
LA_E_7777117,1,opus,A14
LA_E_7777399,1,gsm,A08
LA_E_7777421,1,opus,A15
LA_E_7777883,1,none,A07
LA_E_7778028,0,opus,bonafide
LA_E_7778618,1,pstn,A07
LA_E_7778837,0,pstn,bonafide
LA_E_7779946,1,none,A09
LA_E_7779978,1,none,A08
LA_E_7780714,1,gsm,A12
LA_E_7780892,0,g722,bonafide
LA_E_7780927,1,none,A10
LA_E_7781202,1,opus,A07
LA_E_7781293,1,pstn,A15
LA_E_7781375,1,alaw,A10
LA_E_7781391,1,none,A12
LA_E_7781935,1,none,A09
LA_E_7781943,1,gsm,A18
LA_E_7781962,1,ulaw,A17
LA_E_7782008,0,none,bonafide
LA_E_7782043,1,opus,A11
LA_E_7782303,1,opus,A18
LA_E_7783650,1,none,A08
LA_E_7783651,1,opus,A17
LA_E_7784525,1,none,A16
LA_E_7784566,1,ulaw,A14
LA_E_7785140,1,alaw,A10
LA_E_7785545,1,none,A12
LA_E_7785885,1,g722,A08
LA_E_7785944,1,gsm,A14
LA_E_7785961,1,ulaw,A09
LA_E_7786606,1,none,A08
LA_E_7786621,1,alaw,A17
LA_E_7786934,1,none,A08
LA_E_7787022,1,pstn,A07
LA_E_7787153,1,gsm,A13
LA_E_7788390,1,alaw,A19
LA_E_7788615,1,opus,A08
LA_E_7788629,1,gsm,A07
LA_E_7789036,1,none,A14
LA_E_7789267,1,gsm,A19
LA_E_7789472,1,gsm,A10
LA_E_7789582,1,g722,A13
LA_E_7789601,1,none,A13
LA_E_7790202,0,gsm,bonafide
LA_E_7790256,1,gsm,A07
LA_E_7790591,1,ulaw,A13
LA_E_7790836,1,ulaw,A19
LA_E_7791528,1,pstn,A17
LA_E_7792091,1,opus,A13
LA_E_7792181,1,opus,A16
LA_E_7792269,1,g722,A18
LA_E_7792398,1,opus,A12
LA_E_7792697,1,opus,A12
LA_E_7792805,1,opus,A18
LA_E_7792835,1,pstn,A14
LA_E_7792866,1,g722,A07
LA_E_7793002,0,pstn,bonafide
LA_E_7793256,1,gsm,A11
LA_E_7793260,0,ulaw,bonafide
LA_E_7793494,1,none,A18
LA_E_7793512,0,none,bonafide
LA_E_7794245,1,pstn,A12
LA_E_7794926,1,g722,A07
LA_E_7795035,1,alaw,A11
LA_E_7795115,1,opus,A16
LA_E_7795239,1,ulaw,A11
LA_E_7795794,0,ulaw,bonafide
LA_E_7796205,1,none,A19
LA_E_7796281,1,ulaw,A18
LA_E_7796907,1,opus,A19
LA_E_7796936,1,ulaw,A19
LA_E_7797090,1,opus,A10
LA_E_7797311,1,gsm,A12
LA_E_7797371,1,alaw,A16
LA_E_7797393,1,none,A13
LA_E_7797908,1,none,A15
LA_E_7798919,1,opus,A11
LA_E_7798945,0,alaw,bonafide
LA_E_7799053,1,gsm,A16
LA_E_7799089,1,alaw,A10
LA_E_7799145,1,ulaw,A14
LA_E_7799291,1,g722,A08
LA_E_7799617,1,g722,A12
LA_E_7799929,1,ulaw,A08
LA_E_7799943,1,g722,A07
LA_E_7800512,1,none,A12
LA_E_7800729,1,pstn,A18
LA_E_7800754,1,ulaw,A15
LA_E_7800815,1,alaw,A09
LA_E_7801046,0,gsm,bonafide
LA_E_7801298,0,pstn,bonafide
LA_E_7801412,1,pstn,A07
LA_E_7801435,1,g722,A13
LA_E_7801547,1,g722,A10
LA_E_7801551,1,ulaw,A16
LA_E_7801564,1,g722,A17
LA_E_7801782,1,g722,A10
LA_E_7803188,1,gsm,A07
LA_E_7803669,1,pstn,A15
LA_E_7804055,1,alaw,A12
LA_E_7804674,1,opus,A13
LA_E_7804697,1,ulaw,A12
LA_E_7805084,1,alaw,A10
LA_E_7805189,1,none,A12
LA_E_7805413,1,pstn,A13
LA_E_7805629,1,alaw,A19
LA_E_7805693,1,alaw,A16
LA_E_7805966,1,pstn,A09
LA_E_7805976,1,ulaw,A11
LA_E_7806122,1,none,A11
LA_E_7806163,1,opus,A13
LA_E_7806719,1,ulaw,A10
LA_E_7806991,1,pstn,A16
LA_E_7807154,1,opus,A09
LA_E_7807232,1,none,A11
LA_E_7807400,1,gsm,A19
LA_E_7807465,1,g722,A17
LA_E_7807560,0,opus,bonafide
LA_E_7808236,1,ulaw,A15
LA_E_7808247,1,pstn,A14
LA_E_7808278,1,opus,A16
LA_E_7808312,0,opus,bonafide
LA_E_7808400,1,opus,A10
LA_E_7809228,1,none,A12
LA_E_7809355,1,ulaw,A11
LA_E_7809456,1,opus,A11
LA_E_7809507,0,ulaw,bonafide
LA_E_7810417,1,ulaw,A12
LA_E_7810637,1,g722,A10
LA_E_7810717,1,alaw,A10
LA_E_7811075,1,gsm,A07
LA_E_7811674,1,ulaw,A19
LA_E_7812317,0,pstn,bonafide
LA_E_7814021,1,opus,A16
LA_E_7814167,1,gsm,A17
LA_E_7814434,1,alaw,A09
LA_E_7814440,1,g722,A18
LA_E_7814505,1,g722,A17
LA_E_7814615,1,none,A11
LA_E_7815715,1,opus,A08
LA_E_7815722,1,gsm,A19
LA_E_7815724,1,opus,A09
LA_E_7816123,1,gsm,A10
LA_E_7816324,1,opus,A10
LA_E_7816371,1,opus,A15
LA_E_7816430,0,gsm,bonafide
LA_E_7816432,1,ulaw,A19
LA_E_7816665,1,g722,A17
LA_E_7817336,1,pstn,A10
LA_E_7817607,1,g722,A16
LA_E_7817877,1,ulaw,A10
LA_E_7818036,1,none,A09
LA_E_7818090,1,none,A13
LA_E_7818814,1,pstn,A07
LA_E_7819722,1,ulaw,A18
LA_E_7819742,1,g722,A07
LA_E_7820054,1,alaw,A19
LA_E_7820407,1,gsm,A08
LA_E_7820575,1,ulaw,A11
LA_E_7821021,1,none,A10
LA_E_7821288,1,none,A14
LA_E_7821873,1,alaw,A08
LA_E_7822192,1,opus,A10
LA_E_7822351,1,opus,A08
LA_E_7822649,1,pstn,A17
LA_E_7822803,0,pstn,bonafide
LA_E_7822829,1,pstn,A08
LA_E_7822877,1,g722,A17
LA_E_7823204,1,opus,A10
LA_E_7823208,1,alaw,A18
LA_E_7823245,1,none,A15
LA_E_7823381,1,ulaw,A17
LA_E_7824355,1,gsm,A17
LA_E_7824524,0,opus,bonafide
LA_E_7824563,1,g722,A15
LA_E_7825043,0,none,bonafide
LA_E_7825412,1,none,A14
LA_E_7825427,1,ulaw,A16
LA_E_7825940,1,alaw,A13
LA_E_7825968,1,gsm,A09
LA_E_7826350,1,gsm,A11
LA_E_7826838,1,ulaw,A09
LA_E_7827036,1,gsm,A12
LA_E_7827378,1,pstn,A16
LA_E_7827383,1,alaw,A12
LA_E_7827396,1,gsm,A12
LA_E_7827735,1,pstn,A18
LA_E_7827859,1,alaw,A09
LA_E_7827988,1,gsm,A07
LA_E_7828031,1,opus,A17
LA_E_7828474,1,g722,A07
LA_E_7828568,0,ulaw,bonafide
LA_E_7828722,1,none,A12
LA_E_7828836,1,g722,A08
LA_E_7828858,1,opus,A14
LA_E_7828983,1,gsm,A10
LA_E_7828985,1,gsm,A13
LA_E_7829262,0,pstn,bonafide
LA_E_7830368,1,pstn,A08
LA_E_7830577,1,opus,A08
LA_E_7831105,1,gsm,A10
LA_E_7831411,0,gsm,bonafide
LA_E_7831737,1,g722,A09
LA_E_7831824,1,pstn,A18
LA_E_7832082,1,ulaw,A07
LA_E_7832139,1,gsm,A12
LA_E_7832442,1,g722,A15
LA_E_7832782,1,ulaw,A15
LA_E_7833167,1,gsm,A14
LA_E_7833207,1,ulaw,A14
LA_E_7833249,1,gsm,A07
LA_E_7833740,1,g722,A08
LA_E_7834900,1,gsm,A08
LA_E_7834939,1,alaw,A17
LA_E_7835248,1,g722,A11
LA_E_7835349,1,none,A18
LA_E_7835476,1,g722,A17
LA_E_7835532,1,alaw,A19
LA_E_7835673,1,gsm,A19
LA_E_7836404,1,ulaw,A14
LA_E_7836488,1,pstn,A15
LA_E_7836823,1,ulaw,A09
LA_E_7837247,1,ulaw,A10
LA_E_7837265,0,g722,bonafide
LA_E_7837335,1,alaw,A12
LA_E_7837491,1,opus,A19
LA_E_7837880,1,opus,A19
LA_E_7838033,1,alaw,A17
LA_E_7838537,1,alaw,A13
LA_E_7838545,1,none,A19
LA_E_7838558,0,ulaw,bonafide
LA_E_7838877,1,opus,A09
LA_E_7839099,1,g722,A12
LA_E_7839108,1,pstn,A07
LA_E_7839318,1,gsm,A15
LA_E_7839365,1,ulaw,A14
LA_E_7839526,1,opus,A19
LA_E_7839597,1,ulaw,A12
LA_E_7839735,1,opus,A11
LA_E_7840352,1,ulaw,A08
LA_E_7840549,1,opus,A15
LA_E_7841414,1,g722,A18
LA_E_7841415,1,opus,A19
LA_E_7841873,1,g722,A12
LA_E_7842119,1,ulaw,A12
LA_E_7842586,1,gsm,A07
LA_E_7842696,1,gsm,A11
LA_E_7842716,1,ulaw,A16
LA_E_7843073,1,none,A08
LA_E_7843127,1,ulaw,A13
LA_E_7843133,1,opus,A13
LA_E_7843185,1,ulaw,A18
LA_E_7843256,1,gsm,A08
LA_E_7844328,1,alaw,A19
LA_E_7844471,1,gsm,A18
LA_E_7845034,1,ulaw,A13
LA_E_7845200,0,gsm,bonafide
LA_E_7845411,1,alaw,A10
LA_E_7845626,1,g722,A13
LA_E_7845941,1,opus,A16
LA_E_7846031,1,none,A14
LA_E_7846187,1,pstn,A19
LA_E_7846386,1,none,A13
LA_E_7846440,1,none,A19
LA_E_7846556,1,ulaw,A10
LA_E_7846820,1,opus,A11
LA_E_7847022,1,g722,A07
LA_E_7847452,1,opus,A12
LA_E_7847841,1,alaw,A14
LA_E_7847850,1,opus,A15
LA_E_7847858,1,gsm,A13
LA_E_7848101,1,none,A11
LA_E_7848183,1,pstn,A12
LA_E_7848311,1,pstn,A08
LA_E_7848354,1,gsm,A18
LA_E_7848616,1,ulaw,A16
LA_E_7848736,0,gsm,bonafide
LA_E_7849199,1,pstn,A13
LA_E_7849842,0,gsm,bonafide
LA_E_7850260,1,none,A11
LA_E_7850447,1,gsm,A14
LA_E_7850604,1,alaw,A12
LA_E_7850751,1,opus,A10
LA_E_7850910,0,g722,bonafide
LA_E_7851005,1,ulaw,A15
LA_E_7851225,0,gsm,bonafide
LA_E_7852061,1,ulaw,A08
LA_E_7852215,1,alaw,A11
LA_E_7852477,1,pstn,A15
LA_E_7852518,1,none,A19
LA_E_7852837,1,ulaw,A07
LA_E_7852911,1,pstn,A16
LA_E_7853008,1,gsm,A08
LA_E_7853160,1,opus,A11
LA_E_7853180,1,none,A18
LA_E_7853457,1,alaw,A08
LA_E_7853588,1,pstn,A09
LA_E_7854110,1,alaw,A19
LA_E_7854201,0,alaw,bonafide
LA_E_7854333,1,ulaw,A17
LA_E_7854785,1,ulaw,A18
LA_E_7854837,1,opus,A13
LA_E_7855461,1,ulaw,A08
LA_E_7855869,1,pstn,A14
LA_E_7856236,1,gsm,A09
LA_E_7856303,1,pstn,A11
LA_E_7856464,1,opus,A19
LA_E_7856677,1,opus,A14
LA_E_7856907,0,g722,bonafide
LA_E_7856973,1,g722,A14
LA_E_7856981,1,none,A18
LA_E_7857050,1,g722,A18
LA_E_7857773,1,ulaw,A16
LA_E_7858256,1,g722,A08
LA_E_7858830,1,opus,A07
LA_E_7859208,1,opus,A19
LA_E_7860130,1,gsm,A08
LA_E_7860770,1,gsm,A16
LA_E_7860791,1,pstn,A19
LA_E_7860982,1,pstn,A14
LA_E_7861247,1,gsm,A18
LA_E_7861726,1,alaw,A12
LA_E_7861976,1,g722,A08
LA_E_7862148,1,ulaw,A15
LA_E_7862149,1,pstn,A17
LA_E_7862258,1,gsm,A19
LA_E_7863312,1,opus,A19
LA_E_7863479,1,alaw,A07
LA_E_7863508,1,none,A14
LA_E_7864417,1,g722,A19
LA_E_7865319,1,pstn,A11
LA_E_7865784,1,pstn,A10
LA_E_7866356,0,opus,bonafide
LA_E_7866530,1,opus,A12
LA_E_7867382,1,none,A08
LA_E_7868324,1,pstn,A15
LA_E_7868352,1,ulaw,A07
LA_E_7868382,1,pstn,A12
LA_E_7868651,1,g722,A14
LA_E_7869507,1,pstn,A09
LA_E_7869612,1,ulaw,A15
LA_E_7869689,0,none,bonafide
LA_E_7870012,1,g722,A17
LA_E_7870223,1,opus,A17
LA_E_7870808,1,gsm,A19
LA_E_7871043,1,ulaw,A19
LA_E_7871121,1,gsm,A09
LA_E_7871155,1,gsm,A08
LA_E_7871344,1,none,A14
LA_E_7871396,0,gsm,bonafide
LA_E_7871542,1,none,A14
LA_E_7871619,1,gsm,A15
LA_E_7871993,1,alaw,A18
LA_E_7872016,1,none,A11
LA_E_7872720,1,ulaw,A15
LA_E_7872958,1,alaw,A11
LA_E_7873304,1,opus,A08
LA_E_7874318,1,gsm,A12
LA_E_7875132,1,pstn,A09
LA_E_7875313,1,opus,A07
LA_E_7875407,1,none,A09
LA_E_7875508,1,none,A07
LA_E_7875682,1,opus,A13
LA_E_7875854,1,g722,A17
LA_E_7876032,1,pstn,A16
LA_E_7876984,1,opus,A17
LA_E_7877367,1,g722,A14
LA_E_7877431,1,none,A17
LA_E_7877628,1,alaw,A14
LA_E_7877956,0,ulaw,bonafide
LA_E_7878258,0,pstn,bonafide
LA_E_7879124,1,opus,A09
LA_E_7879272,1,gsm,A08
LA_E_7879410,1,g722,A17
LA_E_7879623,1,ulaw,A08
LA_E_7879938,1,g722,A10
LA_E_7880081,1,pstn,A14
LA_E_7880242,1,g722,A09
LA_E_7881111,1,g722,A15
LA_E_7881402,1,ulaw,A18
LA_E_7881618,0,alaw,bonafide
LA_E_7881836,0,alaw,bonafide
LA_E_7881948,1,gsm,A15
LA_E_7882268,1,none,A14
LA_E_7882544,1,none,A12
LA_E_7882896,1,alaw,A17
LA_E_7882946,1,pstn,A18
LA_E_7883049,1,pstn,A19
LA_E_7883060,1,alaw,A17
LA_E_7883347,1,ulaw,A10
LA_E_7883502,0,g722,bonafide
LA_E_7884007,1,g722,A14
LA_E_7884158,1,g722,A09
LA_E_7884261,1,opus,A12
LA_E_7884327,0,pstn,bonafide
LA_E_7884426,1,pstn,A15
LA_E_7884886,1,gsm,A10
LA_E_7885188,1,g722,A16
LA_E_7885677,1,opus,A08
LA_E_7885972,0,alaw,bonafide
LA_E_7885993,1,ulaw,A12
LA_E_7886017,1,alaw,A19
LA_E_7886286,1,pstn,A09
LA_E_7886449,1,opus,A19
LA_E_7886569,1,none,A13
LA_E_7886805,1,pstn,A08
LA_E_7887178,1,ulaw,A07
LA_E_7887658,0,gsm,bonafide
LA_E_7887741,1,opus,A13
LA_E_7888023,1,opus,A17
LA_E_7888110,1,none,A10
LA_E_7888180,1,alaw,A19
LA_E_7888262,1,pstn,A07
LA_E_7888298,1,alaw,A17
LA_E_7888443,0,g722,bonafide
LA_E_7888462,1,opus,A16
LA_E_7888621,1,none,A17
LA_E_7888833,1,ulaw,A07
LA_E_7889064,1,ulaw,A17
LA_E_7889088,1,gsm,A19
LA_E_7889418,1,pstn,A13
LA_E_7890214,1,opus,A18
LA_E_7890361,1,gsm,A14
LA_E_7890401,1,alaw,A15
LA_E_7891100,1,pstn,A18
LA_E_7891190,1,alaw,A18
LA_E_7891273,1,alaw,A15
LA_E_7891742,1,pstn,A14
LA_E_7892054,1,ulaw,A15
LA_E_7892149,1,alaw,A19
LA_E_7892169,1,g722,A10
LA_E_7892286,1,alaw,A12
LA_E_7892560,1,none,A19
LA_E_7893022,1,ulaw,A12
LA_E_7893749,0,g722,bonafide
LA_E_7894661,1,none,A14
LA_E_7895337,1,opus,A11
LA_E_7895517,1,g722,A14
LA_E_7895526,1,none,A13
LA_E_7895645,1,alaw,A14
LA_E_7895856,1,gsm,A11
LA_E_7895955,1,g722,A13
LA_E_7896223,1,g722,A15
LA_E_7896311,1,gsm,A09
LA_E_7896629,1,pstn,A07
LA_E_7896658,1,gsm,A16
LA_E_7896939,0,pstn,bonafide
LA_E_7897168,1,pstn,A08
LA_E_7897546,1,none,A15
LA_E_7898061,1,alaw,A14
LA_E_7898099,0,g722,bonafide
LA_E_7898614,1,gsm,A08
LA_E_7898713,1,ulaw,A09
LA_E_7898822,1,ulaw,A09
LA_E_7898881,1,pstn,A18
LA_E_7899418,1,ulaw,A07
LA_E_7900502,1,alaw,A09
LA_E_7900567,1,none,A12
LA_E_7900775,1,gsm,A12
LA_E_7901897,1,gsm,A11
LA_E_7902285,1,g722,A08
LA_E_7902543,1,pstn,A14
LA_E_7902958,1,opus,A16
LA_E_7903061,1,alaw,A18
LA_E_7903551,1,gsm,A08
LA_E_7903898,1,none,A09
LA_E_7904218,1,g722,A15
LA_E_7904886,1,alaw,A14
LA_E_7905007,1,g722,A12
LA_E_7905268,1,opus,A07
LA_E_7905441,0,none,bonafide
LA_E_7905710,1,none,A13
LA_E_7905892,1,none,A07
LA_E_7906137,1,none,A19
LA_E_7906352,1,g722,A15
LA_E_7906754,0,opus,bonafide
LA_E_7907107,1,pstn,A17
LA_E_7907115,0,none,bonafide
LA_E_7907416,1,g722,A15
LA_E_7907526,1,alaw,A07
LA_E_7907762,1,ulaw,A13
LA_E_7908124,0,alaw,bonafide
LA_E_7908652,1,alaw,A13
LA_E_7908676,1,none,A14
LA_E_7908817,1,pstn,A11
LA_E_7908862,1,pstn,A10
LA_E_7909213,1,none,A07
LA_E_7909286,1,alaw,A19
LA_E_7909880,1,opus,A18
LA_E_7910481,1,gsm,A14
LA_E_7910886,1,g722,A14
LA_E_7911062,1,g722,A19
LA_E_7911191,1,none,A10
LA_E_7911483,1,gsm,A16
LA_E_7911644,1,gsm,A19
LA_E_7911770,1,alaw,A14
LA_E_7912031,1,pstn,A13
LA_E_7912138,1,g722,A10
LA_E_7912394,1,gsm,A18
LA_E_7912553,1,g722,A16
LA_E_7912753,1,pstn,A14
LA_E_7913583,1,alaw,A18
LA_E_7913841,0,pstn,bonafide
LA_E_7913859,1,g722,A08
LA_E_7913923,0,ulaw,bonafide
LA_E_7914311,1,pstn,A12
LA_E_7914312,1,pstn,A18
LA_E_7914407,1,pstn,A13
LA_E_7914499,1,alaw,A13
LA_E_7914546,1,ulaw,A11
LA_E_7914611,1,opus,A11
LA_E_7914937,1,none,A09
LA_E_7915133,1,ulaw,A14
LA_E_7915302,1,pstn,A19
LA_E_7915467,1,none,A14
LA_E_7915701,1,g722,A12
LA_E_7915777,1,alaw,A14
LA_E_7916139,1,gsm,A17
LA_E_7916280,0,pstn,bonafide
LA_E_7916592,1,gsm,A16
LA_E_7916766,0,ulaw,bonafide
LA_E_7916863,0,opus,bonafide
LA_E_7916903,1,opus,A09
LA_E_7916951,1,alaw,A10
LA_E_7916978,1,none,A19
LA_E_7917073,1,ulaw,A10
LA_E_7917083,0,ulaw,bonafide
LA_E_7917326,1,opus,A15
LA_E_7917597,0,pstn,bonafide
LA_E_7917631,1,none,A11
LA_E_7917773,1,gsm,A14
LA_E_7918301,1,opus,A12
LA_E_7918443,1,ulaw,A16
LA_E_7918892,1,none,A16
LA_E_7919024,1,alaw,A18
LA_E_7920251,1,pstn,A12
LA_E_7920721,0,gsm,bonafide
LA_E_7920753,0,ulaw,bonafide
LA_E_7920786,1,gsm,A07
LA_E_7920836,1,ulaw,A09
LA_E_7921106,1,pstn,A15
LA_E_7921674,1,pstn,A12
LA_E_7921715,1,ulaw,A18
LA_E_7922037,1,opus,A08
LA_E_7922086,1,none,A08
LA_E_7922556,0,opus,bonafide
LA_E_7922930,1,opus,A10
LA_E_7923053,1,pstn,A12
LA_E_7923054,1,gsm,A16
LA_E_7923271,1,gsm,A10
LA_E_7923513,1,g722,A19
LA_E_7923747,1,ulaw,A17
LA_E_7923926,1,alaw,A11
LA_E_7923937,1,opus,A11
LA_E_7924135,1,none,A11
LA_E_7925950,1,alaw,A13
LA_E_7925994,1,opus,A12
LA_E_7926160,1,g722,A19
LA_E_7926738,1,opus,A13
LA_E_7926893,1,none,A07
LA_E_7927060,1,alaw,A14
LA_E_7927094,1,ulaw,A11
LA_E_7927445,1,none,A13
LA_E_7927691,1,pstn,A15
LA_E_7928028,1,none,A08
LA_E_7928123,1,pstn,A19
LA_E_7928150,1,alaw,A13
LA_E_7928736,1,alaw,A09
LA_E_7929052,1,g722,A12
LA_E_7929178,1,ulaw,A14
LA_E_7929845,1,gsm,A12
LA_E_7930364,1,alaw,A14
LA_E_7930675,1,opus,A17
LA_E_7930709,1,none,A13
LA_E_7930740,1,opus,A12
LA_E_7930755,1,none,A15
LA_E_7930890,1,opus,A10
LA_E_7931345,1,opus,A16
LA_E_7931355,1,g722,A10
LA_E_7931708,1,none,A13
LA_E_7931771,1,opus,A11
LA_E_7931792,1,opus,A17
LA_E_7932414,1,none,A17
LA_E_7932712,1,none,A18
LA_E_7932813,0,none,bonafide
LA_E_7932839,1,g722,A09
LA_E_7932905,1,gsm,A09
LA_E_7933279,1,opus,A15
LA_E_7934239,1,ulaw,A19
LA_E_7934245,1,ulaw,A14
LA_E_7934608,0,none,bonafide
LA_E_7934714,1,none,A12
LA_E_7935117,1,pstn,A07
LA_E_7935188,0,opus,bonafide
LA_E_7935379,1,none,A11
LA_E_7935399,0,alaw,bonafide
LA_E_7936012,1,alaw,A18
LA_E_7936128,1,opus,A12
LA_E_7936469,1,g722,A16
LA_E_7937078,1,opus,A17
LA_E_7937385,1,alaw,A11
LA_E_7937547,1,g722,A15
LA_E_7937557,1,gsm,A16
LA_E_7938018,1,opus,A08
LA_E_7938336,1,g722,A19
LA_E_7938540,1,ulaw,A13
LA_E_7938775,1,ulaw,A10
LA_E_7939050,1,ulaw,A15
LA_E_7939640,1,opus,A11
LA_E_7939682,1,alaw,A11
LA_E_7939867,0,opus,bonafide
LA_E_7940118,1,pstn,A07
LA_E_7940214,1,pstn,A19
LA_E_7940399,1,alaw,A19
LA_E_7940542,0,g722,bonafide
LA_E_7940566,1,alaw,A17
LA_E_7940574,0,pstn,bonafide
LA_E_7940679,1,opus,A15
LA_E_7940687,1,alaw,A19
LA_E_7940829,1,g722,A07
LA_E_7941443,1,g722,A11
LA_E_7941535,1,none,A16
LA_E_7941817,1,ulaw,A12
LA_E_7941982,1,alaw,A16
LA_E_7942908,1,g722,A07
LA_E_7943132,1,g722,A08
LA_E_7943383,1,ulaw,A07
LA_E_7943661,1,pstn,A14
LA_E_7943763,1,opus,A14
LA_E_7943798,1,alaw,A17
LA_E_7943862,1,alaw,A17
LA_E_7944110,1,none,A08
LA_E_7944516,1,g722,A16
LA_E_7944522,1,alaw,A17
LA_E_7944621,1,g722,A13
LA_E_7944667,1,alaw,A14
LA_E_7944979,1,gsm,A12
LA_E_7945169,1,none,A12
LA_E_7945409,1,opus,A19
LA_E_7945426,1,gsm,A12
LA_E_7945623,1,gsm,A13
LA_E_7946200,0,ulaw,bonafide
LA_E_7946349,1,pstn,A14
LA_E_7946500,1,opus,A15
LA_E_7946709,1,alaw,A10
LA_E_7946836,0,ulaw,bonafide
LA_E_7947204,1,opus,A12
LA_E_7947319,1,none,A13
LA_E_7947529,1,g722,A18
LA_E_7947705,1,pstn,A14
LA_E_7947967,1,opus,A15
LA_E_7948151,1,none,A12
LA_E_7948328,1,g722,A12
LA_E_7948447,1,gsm,A14
LA_E_7948491,1,opus,A07
LA_E_7948714,1,pstn,A16
LA_E_7949132,1,g722,A14
LA_E_7949294,1,ulaw,A08
LA_E_7949466,0,none,bonafide
LA_E_7949861,1,alaw,A18
LA_E_7950295,1,alaw,A10
LA_E_7950329,1,gsm,A17
LA_E_7950680,1,ulaw,A09
LA_E_7950859,1,none,A19
LA_E_7950951,1,pstn,A17
LA_E_7950965,0,ulaw,bonafide
LA_E_7951856,0,opus,bonafide
LA_E_7952321,1,none,A15
LA_E_7952929,1,opus,A12
LA_E_7953002,1,gsm,A08
LA_E_7953355,1,opus,A17
LA_E_7953723,1,ulaw,A12
LA_E_7954324,1,none,A12
LA_E_7954405,0,gsm,bonafide
LA_E_7954468,1,ulaw,A14
LA_E_7954476,1,g722,A13
LA_E_7955082,1,gsm,A18
LA_E_7955266,1,g722,A07
LA_E_7955515,1,g722,A07
LA_E_7955707,1,opus,A17
LA_E_7956169,1,pstn,A12
LA_E_7956235,1,g722,A11
LA_E_7956676,1,g722,A18
LA_E_7956692,1,pstn,A16
LA_E_7956776,1,pstn,A15
LA_E_7957107,0,gsm,bonafide
LA_E_7957174,1,pstn,A18
LA_E_7957489,1,none,A09
LA_E_7957890,1,ulaw,A15
LA_E_7958063,1,opus,A19
LA_E_7958474,1,pstn,A12
LA_E_7958569,1,gsm,A11
LA_E_7958861,1,alaw,A08
LA_E_7958945,1,g722,A16
LA_E_7959466,1,alaw,A11
LA_E_7959634,1,pstn,A18
LA_E_7959705,1,pstn,A13
LA_E_7959775,1,none,A07
LA_E_7959883,1,g722,A12
LA_E_7960467,1,gsm,A19
LA_E_7960587,1,alaw,A13
LA_E_7960617,1,g722,A10
LA_E_7960718,1,gsm,A13
LA_E_7960861,1,alaw,A11
LA_E_7961311,0,none,bonafide
LA_E_7961434,1,ulaw,A12
LA_E_7961953,1,ulaw,A18
LA_E_7962176,1,g722,A07
LA_E_7962183,1,alaw,A14
LA_E_7962668,1,ulaw,A14
LA_E_7963076,1,g722,A08
LA_E_7963218,1,pstn,A07
LA_E_7963639,1,g722,A16
LA_E_7964134,1,g722,A08
LA_E_7964328,1,opus,A18
LA_E_7964603,1,ulaw,A14
LA_E_7965291,1,none,A13
LA_E_7966485,1,pstn,A15
LA_E_7966624,1,gsm,A07
LA_E_7967152,1,none,A08
LA_E_7968632,1,pstn,A08
LA_E_7968716,0,gsm,bonafide
LA_E_7968840,1,alaw,A16
LA_E_7969049,1,none,A07
LA_E_7969355,1,opus,A18
LA_E_7969678,1,opus,A15
LA_E_7969872,1,pstn,A13
LA_E_7969939,1,g722,A09
LA_E_7970471,1,alaw,A17
LA_E_7970661,1,alaw,A15
LA_E_7970709,0,gsm,bonafide
LA_E_7970886,1,alaw,A12
LA_E_7970934,1,g722,A19
LA_E_7971022,1,opus,A09
LA_E_7971135,1,none,A10
LA_E_7971436,0,pstn,bonafide
LA_E_7971469,1,alaw,A18
LA_E_7971732,1,alaw,A08
LA_E_7971945,1,g722,A08
LA_E_7972417,1,none,A19
LA_E_7973092,1,none,A12
LA_E_7973874,1,gsm,A19
LA_E_7974132,1,none,A11
LA_E_7974501,0,ulaw,bonafide
LA_E_7974791,1,g722,A10
LA_E_7974821,1,alaw,A14
LA_E_7975219,1,alaw,A08
LA_E_7975287,1,ulaw,A12
LA_E_7975683,1,ulaw,A09
LA_E_7975735,1,opus,A17
LA_E_7976300,1,alaw,A13
LA_E_7976854,1,ulaw,A19
LA_E_7976917,1,gsm,A15
LA_E_7977052,1,opus,A14
LA_E_7977105,1,ulaw,A12
LA_E_7977138,1,alaw,A16
LA_E_7977478,1,opus,A19
LA_E_7977978,1,ulaw,A10
LA_E_7978971,1,ulaw,A08
LA_E_7979201,1,opus,A19
LA_E_7979207,1,g722,A18
LA_E_7979553,1,none,A16
LA_E_7979799,1,alaw,A19
LA_E_7980175,1,pstn,A16
LA_E_7980341,1,pstn,A08
LA_E_7980994,1,g722,A14
LA_E_7981133,1,none,A12
LA_E_7981216,1,alaw,A08
LA_E_7981260,1,ulaw,A11
LA_E_7981347,1,none,A17
LA_E_7981435,1,ulaw,A12
LA_E_7981549,1,none,A08
LA_E_7981720,1,gsm,A16
LA_E_7981921,1,pstn,A18
LA_E_7982311,1,ulaw,A18
LA_E_7982386,1,none,A16
LA_E_7982680,1,gsm,A19
LA_E_7983125,1,none,A08
LA_E_7983232,1,alaw,A08
LA_E_7983874,1,opus,A08
LA_E_7983886,1,opus,A13
LA_E_7984005,1,pstn,A08
LA_E_7984348,1,ulaw,A11
LA_E_7984350,1,alaw,A15
LA_E_7985046,1,ulaw,A07
LA_E_7985430,0,opus,bonafide
LA_E_7985488,1,gsm,A19
LA_E_7986045,1,ulaw,A18
LA_E_7986880,0,none,bonafide
LA_E_7986953,1,alaw,A13
LA_E_7987379,1,opus,A07
LA_E_7987438,1,ulaw,A16
LA_E_7988210,1,none,A17
LA_E_7988215,1,g722,A19
LA_E_7988449,1,none,A07
LA_E_7989160,1,none,A15
LA_E_7989165,1,ulaw,A10
LA_E_7989692,1,opus,A14
LA_E_7989867,1,opus,A18
LA_E_7989957,1,opus,A14
LA_E_7990129,1,opus,A10
LA_E_7990569,1,none,A19
LA_E_7991231,1,none,A16
LA_E_7992095,1,ulaw,A14
LA_E_7992120,1,none,A11
LA_E_7992195,0,g722,bonafide
LA_E_7992287,1,opus,A09
LA_E_7992856,1,none,A15
LA_E_7992935,1,g722,A08
LA_E_7993339,1,alaw,A12
LA_E_7993747,1,pstn,A09
LA_E_7994272,1,alaw,A17
LA_E_7995133,1,opus,A07
LA_E_7995163,1,ulaw,A09
LA_E_7995905,1,gsm,A13
LA_E_7996552,1,alaw,A10
LA_E_7996560,1,gsm,A10
LA_E_7996791,0,ulaw,bonafide
LA_E_7996800,1,gsm,A17
LA_E_7997414,1,opus,A08
LA_E_7997581,1,pstn,A18
LA_E_7997798,1,alaw,A19
LA_E_7997874,1,pstn,A13
LA_E_7998012,1,alaw,A11
LA_E_7998250,1,opus,A19
LA_E_7998416,1,gsm,A08
LA_E_7998892,1,gsm,A09
LA_E_7998915,1,pstn,A07
LA_E_7999023,1,opus,A07
LA_E_7999124,1,none,A11
LA_E_7999143,1,g722,A17
LA_E_7999488,1,gsm,A15
LA_E_7999635,1,alaw,A11
LA_E_7999913,1,pstn,A09
LA_E_8000844,1,pstn,A16
LA_E_8001183,1,g722,A15
LA_E_8001361,1,pstn,A07
LA_E_8001898,1,ulaw,A19
LA_E_8002151,1,gsm,A17
LA_E_8002256,1,none,A17
LA_E_8002332,1,alaw,A17
LA_E_8002376,0,gsm,bonafide
LA_E_8002383,1,opus,A10
LA_E_8002634,0,ulaw,bonafide
LA_E_8002674,1,none,A14
LA_E_8002833,1,alaw,A08
LA_E_8002999,1,gsm,A11
LA_E_8003802,1,pstn,A14
LA_E_8004114,1,ulaw,A13
LA_E_8004184,1,none,A08
LA_E_8004190,1,g722,A08
LA_E_8004347,1,ulaw,A13
LA_E_8004718,1,gsm,A19
LA_E_8005003,1,none,A07
LA_E_8005205,1,opus,A15
LA_E_8005422,1,opus,A12
LA_E_8005498,1,opus,A17
LA_E_8005591,1,none,A12
LA_E_8006021,1,g722,A11
LA_E_8006549,1,alaw,A15
LA_E_8006663,0,alaw,bonafide
LA_E_8007138,1,alaw,A18
LA_E_8007189,1,ulaw,A13
LA_E_8007442,1,gsm,A15
LA_E_8008108,1,alaw,A12
LA_E_8008152,1,ulaw,A07
LA_E_8008193,1,opus,A10
LA_E_8009015,0,none,bonafide
LA_E_8009021,1,opus,A14
LA_E_8009261,1,alaw,A07
LA_E_8009685,1,none,A17
LA_E_8009726,1,none,A11
LA_E_8009884,1,opus,A12
LA_E_8010097,1,none,A16
LA_E_8010258,1,pstn,A14
LA_E_8010322,1,none,A16
LA_E_8010417,1,opus,A10
LA_E_8011364,1,opus,A07
LA_E_8011866,1,ulaw,A17
LA_E_8012220,1,opus,A12
LA_E_8012675,1,gsm,A07
LA_E_8012731,1,ulaw,A11
LA_E_8013260,1,none,A19
LA_E_8013266,1,alaw,A07
LA_E_8013330,1,none,A13
LA_E_8013375,1,gsm,A07
LA_E_8013737,1,pstn,A15
LA_E_8014007,1,opus,A18
LA_E_8014103,1,pstn,A13
LA_E_8014250,1,ulaw,A08
LA_E_8014271,1,opus,A08
LA_E_8014593,0,alaw,bonafide
LA_E_8014874,1,g722,A09
LA_E_8014893,1,alaw,A17
LA_E_8015209,1,ulaw,A19
LA_E_8015354,1,alaw,A15
LA_E_8015585,1,ulaw,A19
LA_E_8015873,1,alaw,A09
LA_E_8016145,1,g722,A13
LA_E_8016158,1,opus,A19
LA_E_8016284,1,ulaw,A09
LA_E_8016823,1,none,A12
LA_E_8016866,1,pstn,A15
LA_E_8017152,1,gsm,A09
LA_E_8017974,1,none,A07
LA_E_8018087,0,pstn,bonafide
LA_E_8018271,1,g722,A11
LA_E_8018482,1,none,A19
LA_E_8018664,1,none,A19
LA_E_8018785,1,none,A14
LA_E_8019047,1,alaw,A16
LA_E_8019247,1,ulaw,A12
LA_E_8019910,0,gsm,bonafide
LA_E_8019958,1,ulaw,A15
LA_E_8020178,1,g722,A18
LA_E_8020491,1,none,A08
LA_E_8020902,1,opus,A15
LA_E_8020914,1,gsm,A18
LA_E_8020943,1,gsm,A08
LA_E_8021496,1,g722,A12
LA_E_8021635,1,ulaw,A09
LA_E_8021859,1,g722,A08
LA_E_8021873,1,gsm,A13
LA_E_8021974,1,gsm,A12
LA_E_8022058,1,gsm,A17
LA_E_8022076,1,ulaw,A15
LA_E_8022139,1,pstn,A16
LA_E_8022327,1,g722,A07
LA_E_8022473,1,alaw,A13
LA_E_8022498,1,alaw,A09
LA_E_8022527,1,pstn,A18
LA_E_8022880,1,none,A16
LA_E_8023731,1,none,A17
LA_E_8023735,1,gsm,A16
LA_E_8023854,1,gsm,A08
LA_E_8024078,1,g722,A11
LA_E_8024105,1,gsm,A10
LA_E_8024475,1,gsm,A15
LA_E_8024672,1,none,A11
LA_E_8025143,1,g722,A10
LA_E_8025373,1,gsm,A11
LA_E_8025944,1,none,A10
LA_E_8025965,1,none,A16
LA_E_8026040,1,pstn,A10
LA_E_8026109,1,opus,A14
LA_E_8026807,0,alaw,bonafide
LA_E_8027390,1,gsm,A10
LA_E_8027435,1,gsm,A11
LA_E_8027693,1,opus,A10
LA_E_8027962,1,alaw,A10
LA_E_8028201,1,none,A10
LA_E_8028415,1,g722,A18
LA_E_8028417,1,alaw,A13
LA_E_8028478,1,alaw,A14
LA_E_8029571,1,gsm,A11
LA_E_8029618,1,ulaw,A08
LA_E_8030206,1,pstn,A10
LA_E_8030524,1,opus,A13
LA_E_8031030,1,gsm,A15
LA_E_8031031,1,g722,A10
LA_E_8031313,1,alaw,A13
LA_E_8031679,1,ulaw,A09
LA_E_8031919,1,none,A15
LA_E_8032012,1,alaw,A07
LA_E_8032124,1,ulaw,A15
LA_E_8032325,0,gsm,bonafide
LA_E_8032398,0,opus,bonafide
LA_E_8033118,1,g722,A10
LA_E_8033951,1,opus,A11
LA_E_8034260,1,g722,A18
LA_E_8034608,1,alaw,A15
LA_E_8034645,1,none,A10
LA_E_8034794,1,opus,A07
LA_E_8035341,1,pstn,A19
LA_E_8035589,1,pstn,A08
LA_E_8035662,1,opus,A08
LA_E_8036012,1,alaw,A09
LA_E_8036098,1,none,A13
LA_E_8036941,1,alaw,A10
LA_E_8037026,1,ulaw,A10
LA_E_8037098,1,ulaw,A07
LA_E_8037638,1,g722,A09
LA_E_8037929,1,none,A09
LA_E_8038033,1,opus,A16
LA_E_8038892,1,gsm,A16
LA_E_8039065,1,gsm,A07
LA_E_8039187,1,gsm,A18
LA_E_8039196,0,gsm,bonafide
LA_E_8039344,0,opus,bonafide
LA_E_8039594,1,none,A19
LA_E_8040482,1,none,A09
LA_E_8040503,1,pstn,A13
LA_E_8040582,1,g722,A14
LA_E_8040833,1,ulaw,A08
LA_E_8041628,1,gsm,A16
LA_E_8041634,1,g722,A14
LA_E_8041923,1,ulaw,A13
LA_E_8042063,1,alaw,A18
LA_E_8042104,1,alaw,A08
LA_E_8042562,1,alaw,A19
LA_E_8042700,0,alaw,bonafide
LA_E_8042864,1,opus,A09
LA_E_8044241,1,alaw,A17
LA_E_8044704,1,g722,A14
LA_E_8044977,1,alaw,A14
LA_E_8045089,0,gsm,bonafide
LA_E_8045309,1,pstn,A18
LA_E_8046414,1,g722,A17
LA_E_8046540,1,none,A19
LA_E_8046572,1,gsm,A08
LA_E_8046815,1,ulaw,A17
LA_E_8047951,1,ulaw,A16
LA_E_8048190,1,ulaw,A19
LA_E_8048554,1,none,A16
LA_E_8048768,1,gsm,A18
LA_E_8048844,1,alaw,A15
LA_E_8049945,1,alaw,A16
LA_E_8050793,1,pstn,A17
LA_E_8050860,1,none,A12
LA_E_8051132,1,none,A07
LA_E_8051575,1,pstn,A11
LA_E_8051800,1,g722,A19
LA_E_8052499,1,opus,A17
LA_E_8052651,1,pstn,A14
LA_E_8052827,1,pstn,A08
LA_E_8053064,1,alaw,A10
LA_E_8054147,1,alaw,A18
LA_E_8054207,1,opus,A14
LA_E_8054390,1,pstn,A12
LA_E_8054755,0,g722,bonafide
LA_E_8055048,1,gsm,A10
LA_E_8056178,1,gsm,A08
LA_E_8056202,1,gsm,A18
LA_E_8056418,0,gsm,bonafide
LA_E_8056715,0,g722,bonafide
LA_E_8056975,1,alaw,A07
LA_E_8057095,1,gsm,A17
LA_E_8057415,1,g722,A08
LA_E_8057686,1,ulaw,A18
LA_E_8058301,1,none,A15
LA_E_8058408,1,g722,A19
LA_E_8058803,1,alaw,A13
LA_E_8059547,0,opus,bonafide
LA_E_8059752,1,ulaw,A11
LA_E_8059982,1,pstn,A13
LA_E_8060039,1,alaw,A09
LA_E_8060043,1,g722,A12
LA_E_8061263,1,opus,A10
LA_E_8061650,1,g722,A10
LA_E_8062754,1,ulaw,A16
LA_E_8062809,1,opus,A15
LA_E_8063393,1,ulaw,A16
LA_E_8063471,1,none,A12
LA_E_8064047,1,opus,A14
LA_E_8064616,1,opus,A16
LA_E_8064641,1,alaw,A16
LA_E_8064718,1,g722,A10
LA_E_8064927,1,opus,A19
LA_E_8065118,1,ulaw,A15
LA_E_8065672,1,opus,A17
LA_E_8065803,1,pstn,A13
LA_E_8066016,0,pstn,bonafide
LA_E_8066617,1,pstn,A08
LA_E_8067262,1,ulaw,A12
LA_E_8067337,1,alaw,A18
LA_E_8067359,1,none,A10
LA_E_8067621,1,opus,A15
LA_E_8067805,1,gsm,A16
LA_E_8067838,0,g722,bonafide
LA_E_8067930,1,gsm,A18
LA_E_8067977,1,none,A15
LA_E_8068141,1,alaw,A19
LA_E_8068448,1,g722,A17
LA_E_8068515,1,alaw,A15
LA_E_8069002,1,gsm,A15
LA_E_8069095,1,none,A07
LA_E_8069170,1,alaw,A10
LA_E_8069260,1,ulaw,A13
LA_E_8069357,1,opus,A18
LA_E_8069534,1,gsm,A18
LA_E_8069828,1,opus,A09
LA_E_8069885,1,none,A13
LA_E_8070246,1,gsm,A17
LA_E_8070787,1,ulaw,A09
LA_E_8071003,1,pstn,A18
LA_E_8071017,1,gsm,A19
LA_E_8071702,0,g722,bonafide
LA_E_8072247,1,opus,A13
LA_E_8072335,0,g722,bonafide
LA_E_8072417,1,pstn,A10
LA_E_8072685,1,pstn,A08
LA_E_8073744,1,gsm,A19
LA_E_8073772,1,ulaw,A11
LA_E_8073886,1,none,A17
LA_E_8073955,1,g722,A11
LA_E_8074008,1,gsm,A17
LA_E_8074752,1,opus,A14
LA_E_8075048,1,gsm,A08
LA_E_8075226,1,ulaw,A14
LA_E_8075274,1,pstn,A13
LA_E_8075388,1,opus,A18
LA_E_8075857,1,gsm,A09
LA_E_8076001,1,gsm,A09
LA_E_8076153,1,gsm,A08
LA_E_8076738,1,pstn,A08
LA_E_8076762,1,none,A16
LA_E_8076766,1,ulaw,A10
LA_E_8077114,1,ulaw,A13
LA_E_8077178,0,none,bonafide
LA_E_8077878,1,g722,A15
LA_E_8078195,1,ulaw,A08
LA_E_8078417,0,g722,bonafide
LA_E_8078738,1,pstn,A09
LA_E_8079261,1,gsm,A14
LA_E_8079871,1,g722,A07
LA_E_8080001,1,gsm,A08
LA_E_8080778,1,gsm,A11
LA_E_8080833,1,none,A07
LA_E_8081006,1,none,A15
LA_E_8081598,1,g722,A07
LA_E_8081831,1,ulaw,A18
LA_E_8081885,1,ulaw,A14
LA_E_8081940,1,none,A07
LA_E_8082023,1,g722,A12
LA_E_8082171,1,ulaw,A18
LA_E_8082547,1,none,A14
LA_E_8083644,1,alaw,A08
LA_E_8084258,1,ulaw,A09
LA_E_8084367,1,g722,A10
LA_E_8084524,1,ulaw,A12
LA_E_8085025,1,ulaw,A14
LA_E_8085203,1,pstn,A07
LA_E_8085285,1,g722,A12
LA_E_8086194,1,pstn,A15
LA_E_8086218,1,opus,A08
LA_E_8086246,1,none,A10
LA_E_8086434,1,g722,A08
LA_E_8086503,0,pstn,bonafide
LA_E_8086602,1,opus,A16
LA_E_8086672,1,alaw,A16
LA_E_8086754,1,ulaw,A07
LA_E_8087154,1,g722,A11
LA_E_8087255,1,alaw,A18
LA_E_8087288,1,ulaw,A13
LA_E_8087371,1,pstn,A08
LA_E_8087481,1,none,A19
LA_E_8087783,1,none,A08
LA_E_8087898,1,pstn,A14
LA_E_8087917,1,pstn,A15
LA_E_8088355,1,alaw,A18
LA_E_8089158,1,none,A10
LA_E_8089287,1,ulaw,A16
LA_E_8089317,1,ulaw,A11
LA_E_8089638,1,pstn,A11
LA_E_8089802,0,ulaw,bonafide
LA_E_8090011,1,alaw,A13
LA_E_8090035,0,pstn,bonafide
LA_E_8090043,1,ulaw,A07
LA_E_8090153,1,g722,A10
LA_E_8090549,1,pstn,A14
LA_E_8090581,1,pstn,A13
LA_E_8091322,1,gsm,A16
LA_E_8091455,1,none,A14
LA_E_8091480,1,alaw,A17
LA_E_8091776,1,g722,A10
LA_E_8092186,1,ulaw,A18
LA_E_8092317,0,pstn,bonafide
LA_E_8092375,1,opus,A10
LA_E_8092682,1,alaw,A07
LA_E_8093152,1,alaw,A11
LA_E_8093178,1,none,A13
LA_E_8093297,1,none,A08
LA_E_8093305,1,alaw,A09
LA_E_8094539,1,pstn,A19
LA_E_8094609,1,gsm,A18
LA_E_8094771,1,gsm,A17
LA_E_8095112,1,pstn,A07
LA_E_8095300,1,none,A13
LA_E_8095339,1,ulaw,A13
LA_E_8095706,1,gsm,A08
LA_E_8096132,1,gsm,A13
LA_E_8096564,1,alaw,A15
LA_E_8096571,1,g722,A11
LA_E_8096657,1,alaw,A12
LA_E_8097342,1,ulaw,A12
LA_E_8097801,1,alaw,A07
LA_E_8097822,1,gsm,A10
LA_E_8098173,1,none,A14
LA_E_8098584,0,g722,bonafide
LA_E_8098761,1,gsm,A10
LA_E_8099472,1,gsm,A12
LA_E_8099732,1,gsm,A15
LA_E_8100213,0,gsm,bonafide
LA_E_8100358,0,gsm,bonafide
LA_E_8100549,1,pstn,A12
LA_E_8100901,1,ulaw,A16
LA_E_8101194,1,ulaw,A12
LA_E_8101536,1,alaw,A16
LA_E_8101805,1,opus,A16
LA_E_8102213,1,g722,A07
LA_E_8102616,1,ulaw,A16
LA_E_8102690,1,alaw,A13
LA_E_8102705,1,gsm,A19
LA_E_8103032,1,none,A16
LA_E_8103098,1,none,A09
LA_E_8103263,0,pstn,bonafide
LA_E_8103847,1,pstn,A11
LA_E_8103942,1,pstn,A18
LA_E_8104269,1,pstn,A07
LA_E_8104459,1,g722,A18
LA_E_8104785,1,none,A11
LA_E_8104816,1,opus,A19
LA_E_8105167,1,alaw,A14
LA_E_8105325,1,pstn,A15
LA_E_8105663,1,opus,A13
LA_E_8105768,1,ulaw,A11
LA_E_8106543,1,gsm,A16
LA_E_8106598,1,ulaw,A18
LA_E_8106698,1,g722,A12
LA_E_8106900,1,pstn,A10
LA_E_8107324,1,gsm,A07
LA_E_8107360,1,none,A19
LA_E_8107858,1,opus,A10
LA_E_8107881,1,ulaw,A09
LA_E_8108827,1,ulaw,A18
LA_E_8108901,1,ulaw,A07
LA_E_8109015,1,g722,A17
LA_E_8109623,1,none,A10
LA_E_8110198,1,opus,A10
LA_E_8110516,1,gsm,A12
LA_E_8110685,1,alaw,A08
LA_E_8111401,1,none,A18
LA_E_8111480,1,ulaw,A07
LA_E_8111536,1,pstn,A08
LA_E_8111844,1,gsm,A14
LA_E_8111996,1,ulaw,A16
LA_E_8112544,1,alaw,A14
LA_E_8112575,1,opus,A08
LA_E_8112668,1,alaw,A08
LA_E_8113133,1,none,A16
LA_E_8113145,1,none,A07
LA_E_8113666,1,g722,A14
LA_E_8113901,1,pstn,A19
LA_E_8113945,1,alaw,A11
LA_E_8114302,1,pstn,A18
LA_E_8114392,1,opus,A07
LA_E_8114648,1,ulaw,A08
LA_E_8114672,1,ulaw,A14
LA_E_8114933,1,alaw,A07
LA_E_8115041,1,pstn,A10
LA_E_8115219,1,none,A17
LA_E_8115343,1,ulaw,A12
LA_E_8115513,1,gsm,A08
LA_E_8115977,0,alaw,bonafide
LA_E_8116203,1,pstn,A17
LA_E_8116569,1,g722,A08
LA_E_8116643,1,none,A10
LA_E_8116951,1,gsm,A18
LA_E_8117234,1,none,A15
LA_E_8117488,1,alaw,A16
LA_E_8117591,1,none,A11
LA_E_8117988,1,gsm,A15
LA_E_8118825,1,gsm,A13
LA_E_8119049,1,gsm,A11
LA_E_8119339,1,opus,A08
LA_E_8119435,1,alaw,A08
LA_E_8119676,1,g722,A18
LA_E_8120023,1,g722,A16
LA_E_8120289,0,pstn,bonafide
LA_E_8120303,1,opus,A09
LA_E_8120426,1,g722,A10
LA_E_8120689,1,pstn,A08
LA_E_8120812,1,pstn,A19
LA_E_8122612,0,ulaw,bonafide
LA_E_8123661,1,g722,A11
LA_E_8124029,1,none,A18
LA_E_8124333,1,pstn,A12
LA_E_8124422,1,ulaw,A08
LA_E_8125597,1,alaw,A15
LA_E_8125940,1,gsm,A10
LA_E_8125945,1,alaw,A10
LA_E_8126006,1,none,A09
LA_E_8126216,1,pstn,A13
LA_E_8126589,1,opus,A14
LA_E_8126674,0,pstn,bonafide
LA_E_8127118,1,pstn,A15
LA_E_8127390,1,gsm,A16
LA_E_8127399,1,opus,A13
LA_E_8127642,0,opus,bonafide
LA_E_8127686,1,alaw,A17
LA_E_8128176,1,alaw,A16
LA_E_8128641,1,g722,A12
LA_E_8129617,1,g722,A08
LA_E_8129775,1,gsm,A16
LA_E_8129944,1,pstn,A16
LA_E_8130082,1,alaw,A18
LA_E_8130448,1,opus,A14
LA_E_8130636,1,ulaw,A11
LA_E_8130733,1,gsm,A14
LA_E_8130811,1,none,A14
LA_E_8131133,1,gsm,A07
LA_E_8131430,1,pstn,A09
LA_E_8131727,1,none,A19
LA_E_8131817,1,gsm,A09
LA_E_8131921,1,ulaw,A16
LA_E_8131943,0,g722,bonafide
LA_E_8132078,1,gsm,A11
LA_E_8132092,1,ulaw,A09
LA_E_8132365,1,alaw,A07
LA_E_8132783,1,alaw,A18
LA_E_8133314,0,g722,bonafide
LA_E_8133412,1,alaw,A10
LA_E_8133910,1,none,A17
LA_E_8134113,1,gsm,A15
LA_E_8134361,1,g722,A12
LA_E_8134399,1,g722,A14
LA_E_8135060,1,opus,A16
LA_E_8135198,1,g722,A19
LA_E_8135473,1,alaw,A13
LA_E_8135649,1,alaw,A18
LA_E_8135987,1,none,A08
LA_E_8136011,1,pstn,A15
LA_E_8136044,1,none,A09
LA_E_8136122,1,gsm,A14
LA_E_8136197,1,alaw,A11
LA_E_8136427,1,none,A17
LA_E_8136676,1,gsm,A17
LA_E_8137021,1,none,A14
LA_E_8137161,1,ulaw,A18
LA_E_8137666,1,gsm,A14
LA_E_8138638,1,ulaw,A13
LA_E_8139396,1,none,A12
LA_E_8139477,1,opus,A07
LA_E_8139701,1,pstn,A07
LA_E_8139944,1,alaw,A11
LA_E_8140187,1,ulaw,A14
LA_E_8140385,1,pstn,A17
LA_E_8140536,1,g722,A13
LA_E_8140631,1,gsm,A12
LA_E_8140665,1,ulaw,A08
LA_E_8140757,1,none,A16
LA_E_8141028,1,gsm,A10
LA_E_8141094,1,gsm,A17
LA_E_8141896,1,none,A07
LA_E_8142503,0,none,bonafide
LA_E_8142698,1,g722,A14
LA_E_8143520,1,gsm,A14
LA_E_8143633,1,ulaw,A17
LA_E_8143877,1,opus,A08
LA_E_8144209,1,alaw,A15
LA_E_8144523,1,pstn,A15
LA_E_8144687,1,alaw,A08
LA_E_8145073,1,ulaw,A13
LA_E_8145404,1,pstn,A19
LA_E_8145430,0,pstn,bonafide
LA_E_8145433,1,g722,A09
LA_E_8145958,1,none,A10
LA_E_8146439,1,alaw,A16
LA_E_8146521,1,gsm,A18
LA_E_8146919,1,g722,A13
LA_E_8147049,0,alaw,bonafide
LA_E_8147479,1,alaw,A13
LA_E_8147514,0,gsm,bonafide
LA_E_8147671,1,opus,A18
LA_E_8148074,1,gsm,A19
LA_E_8148437,1,ulaw,A19
LA_E_8148511,1,ulaw,A12
LA_E_8148815,1,pstn,A13
LA_E_8148979,0,alaw,bonafide
LA_E_8149420,1,g722,A08
LA_E_8149609,1,alaw,A14
LA_E_8149633,1,gsm,A07
LA_E_8150319,1,none,A18
LA_E_8151218,0,gsm,bonafide
LA_E_8151267,1,opus,A19
LA_E_8151456,1,alaw,A08
LA_E_8151533,1,alaw,A15
LA_E_8151804,1,alaw,A09
LA_E_8151980,1,pstn,A10
LA_E_8152033,1,g722,A16
LA_E_8152179,1,pstn,A10
LA_E_8152210,1,none,A07
LA_E_8152277,1,pstn,A09
LA_E_8152328,1,opus,A17
LA_E_8152412,1,g722,A18
LA_E_8152496,1,alaw,A14
LA_E_8152610,1,alaw,A17
LA_E_8153379,1,opus,A19
LA_E_8153774,1,none,A15
LA_E_8153806,0,ulaw,bonafide
LA_E_8154185,1,g722,A14
LA_E_8154249,1,ulaw,A19
LA_E_8154293,1,gsm,A14
LA_E_8154345,1,alaw,A14
LA_E_8154584,1,ulaw,A12
LA_E_8154986,1,none,A08
LA_E_8155887,1,none,A18
LA_E_8156540,0,pstn,bonafide
LA_E_8156608,1,pstn,A19
LA_E_8156649,1,ulaw,A08
LA_E_8156940,1,gsm,A12
LA_E_8157000,1,alaw,A16
LA_E_8157056,0,ulaw,bonafide
LA_E_8157137,1,ulaw,A10
LA_E_8157204,1,alaw,A08
LA_E_8157211,1,opus,A13
LA_E_8157307,1,g722,A19
LA_E_8157561,1,pstn,A16
LA_E_8157586,1,none,A07
LA_E_8157671,0,gsm,bonafide
LA_E_8157831,1,alaw,A13
LA_E_8158314,1,g722,A10
LA_E_8159438,1,pstn,A15
LA_E_8159471,1,none,A18
LA_E_8160012,1,ulaw,A11
LA_E_8160475,1,none,A13
LA_E_8160537,1,pstn,A17
LA_E_8160782,1,alaw,A19
LA_E_8161158,1,gsm,A12
LA_E_8161424,1,opus,A07
LA_E_8161578,1,opus,A10
LA_E_8161968,1,gsm,A12
LA_E_8162331,1,gsm,A15
LA_E_8162413,0,g722,bonafide
LA_E_8162421,1,ulaw,A19
LA_E_8162850,1,ulaw,A10
LA_E_8162931,1,none,A09
LA_E_8163378,1,gsm,A08
LA_E_8163409,1,gsm,A11
LA_E_8163528,1,alaw,A09
LA_E_8163594,1,gsm,A07
LA_E_8163658,1,pstn,A10
LA_E_8163834,0,g722,bonafide
LA_E_8164364,1,pstn,A18
LA_E_8164493,1,opus,A12
LA_E_8164637,1,gsm,A12
LA_E_8164682,1,g722,A14
LA_E_8164827,1,opus,A17
LA_E_8164955,1,none,A15
LA_E_8164960,0,opus,bonafide
LA_E_8165486,1,none,A14
LA_E_8165612,1,pstn,A16
LA_E_8165672,1,ulaw,A17
LA_E_8165724,1,gsm,A11
LA_E_8166149,1,g722,A07
LA_E_8166272,1,pstn,A18
LA_E_8166584,1,alaw,A17
LA_E_8166668,1,pstn,A13
LA_E_8166832,1,pstn,A09
LA_E_8166910,0,ulaw,bonafide
LA_E_8167131,0,none,bonafide
LA_E_8167558,1,pstn,A07
LA_E_8167791,1,alaw,A18
LA_E_8168170,1,opus,A08
LA_E_8168343,1,ulaw,A15
LA_E_8168818,1,none,A17
LA_E_8168839,0,alaw,bonafide
LA_E_8169006,1,gsm,A13
LA_E_8169551,1,none,A17
LA_E_8169771,1,ulaw,A17
LA_E_8169859,1,none,A19
LA_E_8169883,1,gsm,A17
LA_E_8169965,1,opus,A16
LA_E_8170084,1,g722,A17
LA_E_8170308,1,gsm,A12
LA_E_8170347,1,alaw,A14
LA_E_8171039,1,alaw,A17
LA_E_8171505,1,gsm,A10
LA_E_8171620,1,ulaw,A15
LA_E_8171938,1,gsm,A12
LA_E_8172303,1,g722,A15
LA_E_8172376,1,none,A11
LA_E_8172757,1,none,A16
LA_E_8172923,1,alaw,A11
LA_E_8173218,1,opus,A19
LA_E_8173233,1,alaw,A17
LA_E_8173279,1,alaw,A15
LA_E_8173688,1,g722,A19
LA_E_8173824,1,ulaw,A12
LA_E_8173946,1,g722,A14
LA_E_8174048,0,pstn,bonafide
LA_E_8174050,1,ulaw,A18
LA_E_8174401,1,gsm,A12
LA_E_8174465,1,alaw,A09
LA_E_8174767,1,g722,A14
LA_E_8175324,1,g722,A19
LA_E_8176502,1,opus,A12
LA_E_8176730,1,g722,A16
LA_E_8176804,1,gsm,A08
LA_E_8176828,1,pstn,A10
LA_E_8176928,1,opus,A12
LA_E_8177048,1,gsm,A12
LA_E_8177054,1,pstn,A13
LA_E_8177846,1,opus,A13
LA_E_8178197,1,none,A09
LA_E_8178335,1,opus,A13
LA_E_8178593,1,ulaw,A12
LA_E_8178903,1,none,A12
LA_E_8179309,1,alaw,A08
LA_E_8179595,1,gsm,A19
LA_E_8179998,1,none,A11
LA_E_8180083,1,ulaw,A07
LA_E_8180121,1,alaw,A16
LA_E_8180828,1,pstn,A07
LA_E_8181150,1,pstn,A08
LA_E_8181198,1,alaw,A07
LA_E_8181231,1,pstn,A11
LA_E_8181476,0,gsm,bonafide
LA_E_8181549,0,g722,bonafide
LA_E_8181590,1,opus,A11
LA_E_8181819,1,none,A09
LA_E_8181913,1,opus,A08
LA_E_8182477,1,gsm,A19
LA_E_8182886,1,alaw,A14
LA_E_8184443,1,pstn,A15
LA_E_8184570,1,alaw,A15
LA_E_8184652,1,g722,A19
LA_E_8184659,1,alaw,A16
LA_E_8185073,1,alaw,A11
LA_E_8185899,1,opus,A18
LA_E_8186777,0,opus,bonafide
LA_E_8187042,1,opus,A15
LA_E_8187167,1,pstn,A16
LA_E_8187454,1,opus,A12
LA_E_8187792,1,gsm,A09
LA_E_8187835,1,g722,A16
LA_E_8187903,1,g722,A08
LA_E_8188349,0,gsm,bonafide
LA_E_8188559,1,gsm,A14
LA_E_8188799,1,g722,A18
LA_E_8188913,1,alaw,A08
LA_E_8188950,0,gsm,bonafide
LA_E_8189195,1,none,A14
LA_E_8189597,1,pstn,A19
LA_E_8189889,1,ulaw,A16
LA_E_8190124,1,opus,A13
LA_E_8190145,1,ulaw,A19
LA_E_8190153,1,ulaw,A17
LA_E_8190224,1,ulaw,A16
LA_E_8190248,0,alaw,bonafide
LA_E_8190259,1,opus,A08
LA_E_8190858,1,ulaw,A17
LA_E_8191271,1,ulaw,A14
LA_E_8191343,1,opus,A13
LA_E_8191934,0,gsm,bonafide
LA_E_8192094,1,none,A08
LA_E_8193009,0,opus,bonafide
LA_E_8193086,1,opus,A12
LA_E_8193430,1,none,A08
LA_E_8193589,1,alaw,A07
LA_E_8193669,1,opus,A12
LA_E_8193758,1,gsm,A16
LA_E_8193920,1,none,A07
LA_E_8193924,1,pstn,A10
LA_E_8194312,1,pstn,A17
LA_E_8194378,1,gsm,A07
LA_E_8194553,1,gsm,A14
LA_E_8195350,1,ulaw,A15
LA_E_8196098,1,pstn,A17
LA_E_8196382,1,ulaw,A17
LA_E_8196486,1,g722,A19
LA_E_8196510,1,opus,A16
LA_E_8196660,0,gsm,bonafide
LA_E_8196691,1,g722,A17
LA_E_8196877,1,alaw,A17
LA_E_8197491,1,ulaw,A13
LA_E_8197580,1,none,A16
LA_E_8197923,0,ulaw,bonafide
LA_E_8198000,1,alaw,A13
LA_E_8198146,1,opus,A18
LA_E_8198634,1,g722,A10
LA_E_8199557,1,alaw,A07
LA_E_8199922,1,opus,A12
LA_E_8199957,1,alaw,A09
LA_E_8200182,1,opus,A13
LA_E_8200849,1,ulaw,A10
LA_E_8200924,1,gsm,A19
LA_E_8201127,1,pstn,A07
LA_E_8201292,1,alaw,A10
LA_E_8201373,1,none,A18
LA_E_8201419,1,pstn,A08
LA_E_8201477,1,pstn,A18
LA_E_8202030,1,none,A10
LA_E_8202330,1,ulaw,A09
LA_E_8202440,1,none,A18
LA_E_8202569,1,gsm,A15
LA_E_8202683,1,opus,A16
LA_E_8202806,1,ulaw,A10
LA_E_8202886,1,gsm,A19
LA_E_8203391,1,ulaw,A17
LA_E_8203414,1,g722,A09
LA_E_8203683,1,opus,A19
LA_E_8203699,1,none,A17
LA_E_8203908,1,opus,A11
LA_E_8203971,1,ulaw,A11
LA_E_8204216,1,g722,A10
LA_E_8204920,0,pstn,bonafide
LA_E_8205018,1,ulaw,A19
LA_E_8205042,1,opus,A15
LA_E_8205139,1,g722,A10
LA_E_8205443,1,ulaw,A13
LA_E_8205558,1,gsm,A15
LA_E_8206389,1,pstn,A16
LA_E_8206484,1,opus,A11
LA_E_8206504,1,ulaw,A09
LA_E_8206721,1,alaw,A09
LA_E_8207239,0,ulaw,bonafide
LA_E_8207247,1,alaw,A15
LA_E_8207390,1,none,A11
LA_E_8207411,0,alaw,bonafide
LA_E_8207864,1,alaw,A07
LA_E_8208705,1,g722,A08
LA_E_8209198,1,opus,A11
LA_E_8209231,1,none,A11
LA_E_8209687,1,g722,A15
LA_E_8210260,1,none,A11
LA_E_8210663,0,gsm,bonafide
LA_E_8210819,1,alaw,A17
LA_E_8210822,1,g722,A11
LA_E_8210953,1,opus,A08
LA_E_8210996,1,gsm,A18
LA_E_8211435,1,opus,A17
LA_E_8211774,1,none,A15
LA_E_8212136,0,gsm,bonafide
LA_E_8212884,1,g722,A07
LA_E_8212902,1,gsm,A08
LA_E_8212952,1,alaw,A16
LA_E_8212969,1,alaw,A15
LA_E_8213398,1,g722,A12
LA_E_8213808,0,alaw,bonafide
LA_E_8214185,1,opus,A13
LA_E_8214301,1,none,A11
LA_E_8214603,1,ulaw,A12
LA_E_8214832,1,opus,A13
LA_E_8215465,1,none,A19
LA_E_8215746,0,opus,bonafide
LA_E_8215994,1,opus,A15
LA_E_8216116,0,gsm,bonafide
LA_E_8216709,1,none,A18
LA_E_8217201,1,pstn,A19
LA_E_8217271,1,ulaw,A09
LA_E_8217325,1,none,A16
LA_E_8217388,1,g722,A08
LA_E_8217574,1,none,A18
LA_E_8217703,1,opus,A13
LA_E_8217784,0,g722,bonafide
LA_E_8218118,1,opus,A09
LA_E_8218570,1,pstn,A15
LA_E_8218630,1,alaw,A17
LA_E_8218833,1,alaw,A12
LA_E_8219492,1,opus,A15
LA_E_8219631,0,opus,bonafide
LA_E_8219996,1,alaw,A19
LA_E_8220223,1,ulaw,A18
LA_E_8220403,1,opus,A17
LA_E_8220747,1,ulaw,A13
LA_E_8221416,1,pstn,A11
LA_E_8221454,1,none,A18
LA_E_8221479,1,opus,A17
LA_E_8221562,0,gsm,bonafide
LA_E_8221662,1,gsm,A10
LA_E_8221715,1,none,A09
LA_E_8221906,1,ulaw,A09
LA_E_8222340,1,ulaw,A17
LA_E_8222418,1,g722,A07
LA_E_8222443,1,ulaw,A09
LA_E_8222693,1,gsm,A12
LA_E_8222981,1,pstn,A12
LA_E_8223143,1,opus,A18
LA_E_8223431,1,none,A07
LA_E_8223687,1,gsm,A07
LA_E_8223760,1,gsm,A09
LA_E_8224029,0,gsm,bonafide
LA_E_8224616,0,alaw,bonafide
LA_E_8224624,1,pstn,A09
LA_E_8224983,1,pstn,A08
LA_E_8225476,1,pstn,A15
LA_E_8225553,1,pstn,A13
LA_E_8225656,1,ulaw,A16
LA_E_8225680,1,g722,A08
LA_E_8225695,1,gsm,A16
LA_E_8225772,1,gsm,A10
LA_E_8225939,1,pstn,A13
LA_E_8226307,1,ulaw,A16
LA_E_8226402,1,gsm,A07
LA_E_8226559,0,ulaw,bonafide
LA_E_8226927,1,g722,A10
LA_E_8227080,1,ulaw,A07
LA_E_8227217,0,pstn,bonafide
LA_E_8227271,1,gsm,A18
LA_E_8227521,1,alaw,A13
LA_E_8228052,1,pstn,A07
LA_E_8228057,0,opus,bonafide
LA_E_8228296,1,opus,A12
LA_E_8228543,1,none,A15
LA_E_8228598,1,gsm,A14
LA_E_8228879,1,none,A19
LA_E_8228898,1,none,A18
LA_E_8229030,1,alaw,A08
LA_E_8229385,1,none,A11
LA_E_8229472,1,g722,A07
LA_E_8229678,1,pstn,A19
LA_E_8229743,1,opus,A08
LA_E_8229790,1,gsm,A09
LA_E_8229859,1,none,A17
LA_E_8229884,1,gsm,A13
LA_E_8229938,1,gsm,A17
LA_E_8232034,1,pstn,A15
LA_E_8232153,1,pstn,A08
LA_E_8232936,1,ulaw,A15
LA_E_8232941,1,ulaw,A12
LA_E_8233530,1,g722,A08
LA_E_8233594,1,alaw,A10
LA_E_8233996,1,alaw,A10
LA_E_8234230,1,ulaw,A19
LA_E_8234321,1,pstn,A16
LA_E_8235001,1,alaw,A07
LA_E_8235149,1,gsm,A17
LA_E_8235223,1,g722,A08
LA_E_8235292,1,gsm,A11
LA_E_8235596,1,none,A19
LA_E_8236138,1,none,A14
LA_E_8236152,1,opus,A15
LA_E_8236497,1,gsm,A19
LA_E_8236728,1,opus,A08
LA_E_8237061,1,g722,A17
LA_E_8237125,1,none,A12
LA_E_8237412,1,none,A14
LA_E_8237495,1,ulaw,A17
LA_E_8237834,1,opus,A17
LA_E_8238666,1,ulaw,A07
LA_E_8238813,1,alaw,A17
LA_E_8238851,1,alaw,A16
LA_E_8239154,1,gsm,A07
LA_E_8239321,1,opus,A11
LA_E_8239460,1,pstn,A09
LA_E_8239820,1,none,A18
LA_E_8239959,1,gsm,A07
LA_E_8240148,1,gsm,A10
LA_E_8240520,1,opus,A09
LA_E_8240664,1,opus,A13
LA_E_8240760,1,ulaw,A17
LA_E_8240930,1,none,A08
LA_E_8240976,1,ulaw,A11
LA_E_8241165,1,gsm,A08
LA_E_8241350,1,opus,A07
LA_E_8241379,1,gsm,A15
LA_E_8241587,1,opus,A07
LA_E_8242129,1,opus,A18
LA_E_8242159,1,g722,A18
LA_E_8242175,0,none,bonafide
LA_E_8242680,1,gsm,A19
LA_E_8242868,1,g722,A13
LA_E_8243173,1,gsm,A12
LA_E_8243254,1,gsm,A19
LA_E_8243724,1,alaw,A09
LA_E_8244159,1,alaw,A13
LA_E_8244798,1,ulaw,A12
LA_E_8244927,1,pstn,A10
LA_E_8245245,0,none,bonafide
LA_E_8245298,1,none,A19
LA_E_8245513,0,g722,bonafide
LA_E_8245827,1,none,A14
LA_E_8245916,1,none,A09
LA_E_8246260,1,ulaw,A10
LA_E_8246362,1,ulaw,A09
LA_E_8246783,1,alaw,A16
LA_E_8247357,1,g722,A10
LA_E_8247493,0,alaw,bonafide
LA_E_8247955,1,ulaw,A11
LA_E_8247984,1,gsm,A13
LA_E_8248316,1,ulaw,A15
LA_E_8248413,1,gsm,A10
LA_E_8248551,0,g722,bonafide
LA_E_8248830,1,gsm,A14
LA_E_8249110,1,alaw,A08
LA_E_8249111,1,opus,A07
LA_E_8249176,1,pstn,A14
LA_E_8250156,1,gsm,A11
LA_E_8250187,1,g722,A19
LA_E_8251136,1,ulaw,A17
LA_E_8252083,1,opus,A11
LA_E_8252534,1,g722,A13
LA_E_8252539,1,g722,A07
LA_E_8252823,1,g722,A14
LA_E_8252946,1,gsm,A17
LA_E_8252959,1,g722,A17
LA_E_8253151,1,alaw,A10
LA_E_8253201,1,gsm,A07
LA_E_8253959,1,none,A12
LA_E_8254042,1,alaw,A16
LA_E_8254058,1,g722,A07
LA_E_8254235,1,pstn,A08
LA_E_8254580,1,opus,A12
LA_E_8255013,1,gsm,A12
LA_E_8255258,1,g722,A18
LA_E_8256035,0,none,bonafide
LA_E_8256099,1,gsm,A15
LA_E_8256391,1,opus,A10
LA_E_8256514,1,none,A16
LA_E_8257132,1,gsm,A09
LA_E_8257150,1,alaw,A11
LA_E_8257548,1,opus,A10
LA_E_8257697,1,none,A08
LA_E_8257761,1,pstn,A07
LA_E_8257960,1,pstn,A11
LA_E_8257993,1,opus,A12
LA_E_8258431,1,alaw,A19
LA_E_8258727,1,alaw,A15
LA_E_8258772,1,opus,A08
LA_E_8258824,1,pstn,A11
LA_E_8259027,1,opus,A09
LA_E_8259321,1,alaw,A19
LA_E_8259477,1,alaw,A14
LA_E_8259544,0,none,bonafide
LA_E_8260193,1,ulaw,A13
LA_E_8261216,1,opus,A14
LA_E_8261271,1,none,A09
LA_E_8261607,1,none,A16
LA_E_8261856,1,opus,A16
LA_E_8262100,1,ulaw,A08
LA_E_8262252,1,opus,A13
LA_E_8262311,1,pstn,A17
LA_E_8262491,1,gsm,A08
LA_E_8262968,1,none,A08
LA_E_8263449,1,ulaw,A13
LA_E_8263458,1,pstn,A13
LA_E_8263471,1,gsm,A14
LA_E_8263554,1,pstn,A12
LA_E_8264991,1,alaw,A10
LA_E_8265328,1,pstn,A18
LA_E_8265360,1,g722,A12
LA_E_8265598,1,none,A09
LA_E_8266025,1,none,A16
LA_E_8266123,1,gsm,A13
LA_E_8266674,1,g722,A18
LA_E_8266814,1,g722,A16
LA_E_8266870,1,g722,A18
LA_E_8267349,0,gsm,bonafide
LA_E_8267747,1,none,A17
LA_E_8267939,1,pstn,A08
LA_E_8268125,1,opus,A11
LA_E_8268295,1,opus,A09
LA_E_8269051,1,alaw,A07
LA_E_8269351,1,ulaw,A08
LA_E_8269736,1,gsm,A15
LA_E_8269758,1,none,A11
LA_E_8269784,0,none,bonafide
LA_E_8269966,1,none,A13
LA_E_8270272,1,ulaw,A10
LA_E_8271171,1,ulaw,A15
LA_E_8271640,1,gsm,A19
LA_E_8271779,0,g722,bonafide
LA_E_8271924,1,none,A17
LA_E_8272147,1,opus,A19
LA_E_8272376,1,ulaw,A13
LA_E_8272770,1,none,A15
LA_E_8272839,1,gsm,A15
LA_E_8273412,1,pstn,A19
LA_E_8273535,1,alaw,A17
LA_E_8273660,1,opus,A09
LA_E_8273864,1,alaw,A15
LA_E_8273889,1,opus,A10
LA_E_8273984,1,ulaw,A19
LA_E_8274582,1,g722,A08
LA_E_8274709,1,opus,A16
LA_E_8275056,1,pstn,A14
LA_E_8275393,1,gsm,A19
LA_E_8276523,0,opus,bonafide
LA_E_8277039,1,ulaw,A18
LA_E_8277186,1,alaw,A17
LA_E_8277403,1,none,A18
LA_E_8277973,0,gsm,bonafide
LA_E_8278665,1,alaw,A12
LA_E_8279352,1,gsm,A12
LA_E_8279394,1,gsm,A10
LA_E_8279694,1,ulaw,A08
LA_E_8279709,1,g722,A15
LA_E_8279813,1,pstn,A18
LA_E_8280234,1,ulaw,A07
LA_E_8280832,1,g722,A12
LA_E_8281080,1,g722,A13
LA_E_8282165,1,alaw,A16
LA_E_8282262,1,opus,A19
LA_E_8282283,0,opus,bonafide
LA_E_8283201,1,gsm,A13
LA_E_8284739,1,none,A17
LA_E_8284946,1,pstn,A10
LA_E_8285706,1,ulaw,A11
LA_E_8285943,1,gsm,A08
LA_E_8286217,1,none,A14
LA_E_8286244,1,g722,A13
LA_E_8286575,1,g722,A17
LA_E_8287752,1,g722,A18
LA_E_8287853,1,pstn,A09
LA_E_8289001,1,alaw,A19
LA_E_8289179,1,g722,A14
LA_E_8289196,1,alaw,A09
LA_E_8289510,1,g722,A07
LA_E_8289746,1,gsm,A18
LA_E_8289784,1,ulaw,A15
LA_E_8289877,0,opus,bonafide
LA_E_8289946,1,pstn,A10
LA_E_8290256,1,pstn,A08
LA_E_8290330,1,alaw,A17
LA_E_8290383,1,pstn,A11
LA_E_8290449,1,opus,A10
LA_E_8290900,1,gsm,A14
LA_E_8291443,1,none,A12
LA_E_8291614,1,none,A16
LA_E_8291897,1,gsm,A09
LA_E_8292278,1,gsm,A11
LA_E_8292572,1,ulaw,A16
LA_E_8292708,1,opus,A17
LA_E_8292971,0,none,bonafide
LA_E_8293584,1,alaw,A11
LA_E_8293649,1,pstn,A19
LA_E_8293890,1,ulaw,A12
LA_E_8293976,1,opus,A12
LA_E_8294029,0,opus,bonafide
LA_E_8294372,1,g722,A18
LA_E_8294380,1,pstn,A17
LA_E_8294431,1,pstn,A09
LA_E_8294494,1,opus,A10
LA_E_8294533,1,none,A11
LA_E_8295234,1,g722,A17
LA_E_8295590,1,pstn,A12
LA_E_8296620,1,pstn,A18
LA_E_8297073,1,alaw,A08
LA_E_8297289,1,alaw,A15
LA_E_8297408,1,gsm,A11
LA_E_8297837,1,opus,A10
LA_E_8298028,0,g722,bonafide
LA_E_8298205,1,pstn,A16
LA_E_8299191,1,g722,A12
LA_E_8299311,1,none,A14
LA_E_8299988,1,alaw,A16
LA_E_8300005,1,ulaw,A13
LA_E_8300015,1,alaw,A14
LA_E_8300298,1,alaw,A15
LA_E_8300337,1,pstn,A07
LA_E_8300381,1,none,A11
LA_E_8300420,1,g722,A08
LA_E_8300475,1,ulaw,A07
LA_E_8300567,1,none,A18
LA_E_8300665,1,pstn,A09
LA_E_8300703,1,pstn,A13
LA_E_8300770,1,opus,A16
LA_E_8300905,0,alaw,bonafide
LA_E_8300929,1,opus,A15
LA_E_8301136,1,gsm,A10
LA_E_8301382,1,g722,A11
LA_E_8301708,1,gsm,A18
LA_E_8301726,1,gsm,A11
LA_E_8302082,1,opus,A11
LA_E_8302748,1,alaw,A15
LA_E_8302875,1,none,A17
LA_E_8303374,1,pstn,A12
LA_E_8303619,1,gsm,A10
LA_E_8303955,1,none,A16
LA_E_8304427,1,pstn,A09
LA_E_8304575,1,alaw,A09
LA_E_8304828,1,none,A16
LA_E_8304996,1,alaw,A11
LA_E_8305351,1,opus,A14
LA_E_8305885,1,gsm,A19
LA_E_8306038,1,opus,A13
LA_E_8307186,1,none,A11
LA_E_8307394,1,none,A17
LA_E_8307709,1,pstn,A17
LA_E_8307721,1,alaw,A14
LA_E_8307910,1,none,A07
LA_E_8308209,1,ulaw,A08
LA_E_8308372,1,g722,A07
LA_E_8308612,1,gsm,A09
LA_E_8308719,1,g722,A09
LA_E_8308828,0,ulaw,bonafide
LA_E_8309065,1,none,A19
LA_E_8309209,1,opus,A18
LA_E_8309911,1,gsm,A14
LA_E_8309997,1,ulaw,A16
LA_E_8310072,1,g722,A14
LA_E_8310288,1,opus,A12
LA_E_8310697,1,pstn,A15
LA_E_8310853,1,alaw,A12
LA_E_8310897,1,opus,A18
LA_E_8310975,1,pstn,A16
LA_E_8311124,0,pstn,bonafide
LA_E_8311536,1,g722,A17
LA_E_8312184,1,gsm,A14
LA_E_8312705,1,g722,A10
LA_E_8313127,1,alaw,A15
LA_E_8313160,1,g722,A18
LA_E_8313172,1,opus,A14
LA_E_8313367,1,ulaw,A11
LA_E_8313465,1,alaw,A11
LA_E_8313553,1,pstn,A09
LA_E_8313870,1,pstn,A11
LA_E_8313901,1,alaw,A13
LA_E_8314168,1,gsm,A16
LA_E_8314612,1,g722,A09
LA_E_8315729,1,alaw,A07
LA_E_8316333,1,opus,A19
LA_E_8316353,1,g722,A16
LA_E_8316811,1,gsm,A07
LA_E_8317056,1,alaw,A08
LA_E_8317536,1,ulaw,A16
LA_E_8317628,1,alaw,A11
LA_E_8318104,1,gsm,A07
LA_E_8318356,1,pstn,A07
LA_E_8318394,1,ulaw,A08
LA_E_8318827,1,pstn,A15
LA_E_8319248,1,alaw,A15
LA_E_8319473,1,alaw,A08
LA_E_8320001,1,g722,A08
LA_E_8320027,1,pstn,A13
LA_E_8320183,1,opus,A11
LA_E_8320479,1,opus,A14
LA_E_8320807,1,alaw,A18
LA_E_8321416,0,pstn,bonafide
LA_E_8321429,1,pstn,A15
LA_E_8321548,1,alaw,A08
LA_E_8321810,1,pstn,A18
LA_E_8322195,1,g722,A11
LA_E_8322422,1,ulaw,A19
LA_E_8322613,1,none,A08
LA_E_8322776,1,ulaw,A14
LA_E_8323301,1,none,A17
LA_E_8323400,1,gsm,A15
LA_E_8323497,1,alaw,A09
LA_E_8323701,1,pstn,A11
LA_E_8324805,1,opus,A16
LA_E_8324903,0,opus,bonafide
LA_E_8325048,1,opus,A08
LA_E_8325418,1,none,A08
LA_E_8326347,1,alaw,A19
LA_E_8326460,1,opus,A09
LA_E_8326517,1,ulaw,A16
LA_E_8326705,1,alaw,A10
LA_E_8326940,1,ulaw,A08
LA_E_8327214,1,alaw,A15
LA_E_8327347,1,pstn,A18
LA_E_8327490,1,none,A16
LA_E_8327537,1,alaw,A07
LA_E_8327726,1,gsm,A18
LA_E_8328067,0,opus,bonafide
LA_E_8328109,1,ulaw,A09
LA_E_8328419,1,opus,A15
LA_E_8328606,1,g722,A12
LA_E_8328794,1,none,A07
LA_E_8329183,0,pstn,bonafide
LA_E_8329392,1,pstn,A16
LA_E_8330013,1,pstn,A08
LA_E_8330666,0,ulaw,bonafide
LA_E_8330761,1,pstn,A13
LA_E_8331149,1,pstn,A13
LA_E_8331327,1,ulaw,A11
LA_E_8331975,1,ulaw,A12
LA_E_8332699,1,alaw,A17
LA_E_8333202,1,g722,A19
LA_E_8333286,1,gsm,A10
LA_E_8334228,1,ulaw,A16
LA_E_8334266,1,g722,A15
LA_E_8334621,1,gsm,A17
LA_E_8334748,1,none,A12
LA_E_8335041,1,none,A15
LA_E_8335538,1,pstn,A16
LA_E_8335840,1,opus,A19
LA_E_8336013,1,ulaw,A19
LA_E_8336071,1,alaw,A16
LA_E_8336073,1,gsm,A10
LA_E_8336426,1,ulaw,A07
LA_E_8336843,1,g722,A16
LA_E_8337094,1,gsm,A19
LA_E_8337581,1,gsm,A11
LA_E_8337654,1,alaw,A19
LA_E_8337867,1,opus,A11
LA_E_8338134,1,opus,A18
LA_E_8338144,1,opus,A10
LA_E_8338335,1,opus,A12
LA_E_8338419,1,pstn,A13
LA_E_8338630,1,gsm,A13
LA_E_8339108,1,alaw,A12
LA_E_8339394,1,gsm,A11
LA_E_8339447,1,gsm,A09
LA_E_8339865,1,gsm,A18
LA_E_8339942,0,ulaw,bonafide
LA_E_8340350,1,pstn,A19
LA_E_8340827,0,ulaw,bonafide
LA_E_8341069,1,gsm,A07
LA_E_8341593,1,pstn,A13
LA_E_8341621,1,pstn,A17
LA_E_8341668,1,none,A10
LA_E_8342794,1,g722,A11
LA_E_8343031,0,pstn,bonafide
LA_E_8343426,0,g722,bonafide
LA_E_8343773,1,alaw,A09
LA_E_8344047,1,alaw,A08
LA_E_8344368,1,ulaw,A15
LA_E_8344682,1,none,A10
LA_E_8344700,1,opus,A07
LA_E_8344770,1,gsm,A16
LA_E_8345081,1,none,A09
LA_E_8345418,1,gsm,A11
LA_E_8345606,1,gsm,A11
LA_E_8345659,1,ulaw,A17
LA_E_8345863,1,pstn,A14
LA_E_8345994,1,alaw,A14
LA_E_8346454,0,ulaw,bonafide
LA_E_8346779,1,g722,A14
LA_E_8346868,1,alaw,A16
LA_E_8346972,1,opus,A13
LA_E_8347561,1,ulaw,A07
LA_E_8347619,1,none,A13
LA_E_8347707,1,alaw,A13
LA_E_8348709,1,gsm,A16
LA_E_8348856,0,gsm,bonafide
LA_E_8348935,1,opus,A19
LA_E_8349136,1,none,A17
LA_E_8349300,1,gsm,A08
LA_E_8349322,1,gsm,A14
LA_E_8349793,1,gsm,A10
LA_E_8349812,1,none,A15
LA_E_8349904,1,opus,A10
LA_E_8349981,1,gsm,A18
LA_E_8350294,1,none,A09
LA_E_8350550,1,ulaw,A09
LA_E_8350804,1,gsm,A07
LA_E_8350980,1,g722,A19
LA_E_8350985,1,g722,A19
LA_E_8351184,1,g722,A08
LA_E_8351378,0,gsm,bonafide
LA_E_8351407,1,g722,A11
LA_E_8351488,1,alaw,A09
LA_E_8351537,1,alaw,A08
LA_E_8351659,1,pstn,A19
LA_E_8351710,1,opus,A09
LA_E_8352054,1,g722,A13
LA_E_8352409,1,pstn,A07
LA_E_8352448,1,gsm,A07
LA_E_8352466,1,g722,A18
LA_E_8352709,1,pstn,A17
LA_E_8353210,1,alaw,A17
LA_E_8353256,1,gsm,A18
LA_E_8353288,1,alaw,A09
LA_E_8353324,1,pstn,A15
LA_E_8353848,0,gsm,bonafide
LA_E_8354099,1,gsm,A08
LA_E_8354289,1,none,A07
LA_E_8354574,1,pstn,A16
LA_E_8354863,1,g722,A12
LA_E_8355029,1,alaw,A13
LA_E_8355255,1,g722,A12
LA_E_8355374,1,pstn,A11
LA_E_8355620,1,alaw,A07
LA_E_8356521,1,opus,A08
LA_E_8357148,1,ulaw,A12
LA_E_8357353,1,pstn,A19
LA_E_8357362,0,ulaw,bonafide
LA_E_8357517,1,g722,A19
LA_E_8358471,1,gsm,A12
LA_E_8358687,0,none,bonafide
LA_E_8358977,1,alaw,A12
LA_E_8359099,1,alaw,A19
LA_E_8359138,1,ulaw,A15
LA_E_8359262,1,gsm,A12
LA_E_8359480,1,none,A18
LA_E_8359890,1,ulaw,A10
LA_E_8360224,1,none,A16
LA_E_8360473,0,g722,bonafide
LA_E_8360488,1,alaw,A18
LA_E_8360908,1,gsm,A17
LA_E_8361090,0,pstn,bonafide
LA_E_8361146,1,g722,A14
LA_E_8361283,1,pstn,A08
LA_E_8361309,1,alaw,A10
LA_E_8361344,1,none,A16
LA_E_8361725,1,pstn,A13
LA_E_8362448,1,none,A17
LA_E_8362567,1,gsm,A07
LA_E_8362686,1,g722,A07
LA_E_8362697,1,alaw,A12
LA_E_8362916,1,alaw,A16
LA_E_8362943,1,none,A18
LA_E_8363074,1,alaw,A17
LA_E_8363359,1,none,A07
LA_E_8363857,1,none,A10
LA_E_8363862,1,opus,A08
LA_E_8364091,1,g722,A16
LA_E_8364275,1,pstn,A10
LA_E_8364278,1,gsm,A15
LA_E_8364427,1,opus,A07
LA_E_8364593,1,opus,A11
LA_E_8365130,1,ulaw,A08
LA_E_8366086,1,opus,A18
LA_E_8366388,0,g722,bonafide
LA_E_8366603,1,gsm,A13
LA_E_8366715,0,ulaw,bonafide
LA_E_8366941,1,g722,A14
LA_E_8367120,1,alaw,A07
LA_E_8367270,1,alaw,A18
LA_E_8367496,1,g722,A16
LA_E_8367797,1,gsm,A15
LA_E_8367853,1,alaw,A12
LA_E_8368067,1,alaw,A10
LA_E_8368216,0,opus,bonafide
LA_E_8368580,1,opus,A19
LA_E_8368602,1,g722,A10
LA_E_8368821,1,alaw,A17
LA_E_8368841,1,opus,A19
LA_E_8368953,1,gsm,A17
LA_E_8369555,0,opus,bonafide
LA_E_8369611,1,none,A12
LA_E_8369629,1,ulaw,A12
LA_E_8370319,1,g722,A17
LA_E_8370761,1,none,A08
LA_E_8370986,1,pstn,A19
LA_E_8371193,1,opus,A18
LA_E_8371646,1,opus,A13
LA_E_8371762,1,none,A11
LA_E_8371812,1,opus,A09
LA_E_8372213,1,none,A08
LA_E_8372557,1,g722,A11
LA_E_8373420,1,gsm,A14
LA_E_8373603,1,pstn,A09
LA_E_8373717,1,ulaw,A07
LA_E_8374086,1,g722,A18
LA_E_8374641,1,none,A10
LA_E_8374722,1,alaw,A10
LA_E_8375007,1,ulaw,A18
LA_E_8375592,1,gsm,A16
LA_E_8375638,1,gsm,A19
LA_E_8376656,1,opus,A15
LA_E_8376892,1,ulaw,A10
LA_E_8377091,1,gsm,A09
LA_E_8377123,1,none,A15
LA_E_8377733,1,g722,A09
LA_E_8378015,1,opus,A07
LA_E_8378376,0,gsm,bonafide
LA_E_8378619,0,pstn,bonafide
LA_E_8378725,1,g722,A14
LA_E_8379359,1,opus,A13
LA_E_8379403,1,gsm,A09
LA_E_8379889,0,ulaw,bonafide
LA_E_8380944,1,none,A12
LA_E_8380957,1,pstn,A16
LA_E_8381197,0,opus,bonafide
LA_E_8381290,0,g722,bonafide
LA_E_8381428,1,g722,A15
LA_E_8381577,0,alaw,bonafide
LA_E_8381618,1,pstn,A10
LA_E_8381979,1,alaw,A12
LA_E_8382029,1,pstn,A18
LA_E_8382379,1,ulaw,A19
LA_E_8382494,1,opus,A07
LA_E_8382544,1,gsm,A18
LA_E_8382776,1,ulaw,A15
LA_E_8382987,1,g722,A09
LA_E_8383984,1,gsm,A17
LA_E_8384092,1,opus,A17
LA_E_8384122,1,alaw,A16
LA_E_8384189,1,opus,A16
LA_E_8384324,1,alaw,A11
LA_E_8384345,1,alaw,A13
LA_E_8384476,1,pstn,A10
LA_E_8384525,1,g722,A09
LA_E_8384914,1,opus,A07
LA_E_8385551,1,g722,A12
LA_E_8386027,1,gsm,A17
LA_E_8386048,1,none,A10
LA_E_8386070,1,none,A19
LA_E_8386093,1,opus,A19
LA_E_8386794,1,none,A15
LA_E_8386825,1,none,A11
LA_E_8387034,1,ulaw,A08
LA_E_8387056,1,pstn,A13
LA_E_8387438,1,alaw,A15
LA_E_8387456,1,pstn,A11
LA_E_8387471,1,none,A10
LA_E_8387769,1,g722,A16
LA_E_8388298,1,pstn,A09
LA_E_8388660,1,gsm,A18
LA_E_8388812,1,opus,A16
LA_E_8388842,1,ulaw,A18
LA_E_8389072,0,opus,bonafide
LA_E_8389618,1,g722,A10
LA_E_8389712,1,opus,A19
LA_E_8389761,1,alaw,A10
LA_E_8389768,1,ulaw,A09
LA_E_8390014,0,alaw,bonafide
LA_E_8390291,0,alaw,bonafide
LA_E_8390412,1,opus,A10
LA_E_8390579,1,ulaw,A18
LA_E_8390725,1,none,A15
LA_E_8390960,1,none,A13
LA_E_8391032,1,none,A07
LA_E_8391083,1,none,A15
LA_E_8391119,1,g722,A07
LA_E_8391394,1,gsm,A10
LA_E_8391443,1,pstn,A13
LA_E_8391854,1,g722,A17
LA_E_8391912,0,ulaw,bonafide
LA_E_8392085,1,pstn,A12
LA_E_8392344,1,alaw,A13
LA_E_8392417,1,gsm,A16
LA_E_8392846,1,gsm,A13
LA_E_8393034,1,gsm,A10
LA_E_8393142,1,none,A09
LA_E_8393437,1,ulaw,A08
LA_E_8394263,1,ulaw,A19
LA_E_8394318,1,g722,A16
LA_E_8394759,1,ulaw,A12
LA_E_8394785,1,alaw,A11
LA_E_8394892,1,opus,A19
LA_E_8394900,1,none,A17
LA_E_8395290,1,alaw,A10
LA_E_8395451,1,opus,A15
LA_E_8395667,1,ulaw,A18
LA_E_8395819,1,none,A11
LA_E_8395876,1,g722,A07
LA_E_8395951,0,opus,bonafide
LA_E_8396518,1,ulaw,A07
LA_E_8396775,1,alaw,A13
LA_E_8397178,1,none,A16
LA_E_8397499,1,none,A18
LA_E_8397774,1,pstn,A16
LA_E_8397776,1,alaw,A16
LA_E_8398879,1,ulaw,A16
LA_E_8399165,1,pstn,A19
LA_E_8399361,1,pstn,A09
LA_E_8399514,1,none,A14
LA_E_8399602,1,opus,A10
LA_E_8399669,1,gsm,A16
LA_E_8400003,1,opus,A16
LA_E_8400108,1,pstn,A11
LA_E_8400146,0,opus,bonafide
LA_E_8400208,1,g722,A18
LA_E_8400774,1,pstn,A14
LA_E_8401132,0,ulaw,bonafide
LA_E_8401205,1,opus,A19
LA_E_8401551,1,pstn,A18
LA_E_8402210,1,alaw,A15
LA_E_8402740,1,none,A09
LA_E_8403025,1,alaw,A11
LA_E_8403115,1,opus,A09
LA_E_8403425,1,pstn,A17
LA_E_8403965,1,opus,A10
LA_E_8404001,0,alaw,bonafide
LA_E_8404053,1,alaw,A19
LA_E_8404515,1,alaw,A19
LA_E_8405001,0,ulaw,bonafide
LA_E_8405581,1,gsm,A15
LA_E_8406968,1,alaw,A18
LA_E_8407029,1,gsm,A14
LA_E_8408217,1,alaw,A08
LA_E_8408387,1,pstn,A17
LA_E_8408588,1,opus,A14
LA_E_8409123,1,gsm,A16
LA_E_8409226,0,none,bonafide
LA_E_8410897,1,gsm,A17
LA_E_8411411,1,ulaw,A08
LA_E_8411796,1,gsm,A09
LA_E_8412037,1,gsm,A19
LA_E_8413403,1,none,A16
LA_E_8413467,1,pstn,A08
LA_E_8413775,1,g722,A11
LA_E_8414034,1,none,A14
LA_E_8414331,1,pstn,A09
LA_E_8414554,1,pstn,A07
LA_E_8414697,1,g722,A09
LA_E_8414809,1,pstn,A12
LA_E_8414928,1,g722,A17
LA_E_8415527,1,pstn,A19
LA_E_8415811,1,ulaw,A18
LA_E_8415835,1,ulaw,A08
LA_E_8415861,1,gsm,A13
LA_E_8416147,1,alaw,A07
LA_E_8416525,1,g722,A10
LA_E_8416698,1,g722,A11
LA_E_8417156,1,alaw,A18
LA_E_8417229,1,ulaw,A16
LA_E_8417470,1,opus,A10
LA_E_8417849,1,alaw,A14
LA_E_8418093,1,pstn,A16
LA_E_8418212,1,none,A08
LA_E_8418729,1,g722,A11
LA_E_8418803,1,ulaw,A11
LA_E_8419527,1,ulaw,A12
LA_E_8419596,1,opus,A19
LA_E_8419731,1,none,A19
LA_E_8420063,1,ulaw,A10
LA_E_8421229,1,ulaw,A17
LA_E_8421488,1,opus,A15
LA_E_8422478,1,gsm,A13
LA_E_8422632,0,alaw,bonafide
LA_E_8422852,1,ulaw,A07
LA_E_8423119,1,gsm,A07
LA_E_8423739,1,alaw,A14
LA_E_8423756,1,gsm,A09
LA_E_8424172,1,alaw,A14
LA_E_8424533,1,pstn,A16
LA_E_8424713,1,opus,A12
LA_E_8425010,1,gsm,A15
LA_E_8425221,1,none,A11
LA_E_8425314,1,pstn,A08
LA_E_8425382,1,gsm,A11
LA_E_8425419,1,alaw,A10
LA_E_8425696,1,g722,A17
LA_E_8425946,1,gsm,A15
LA_E_8426558,1,pstn,A12
LA_E_8426838,1,opus,A13
LA_E_8427249,1,none,A17
LA_E_8427298,0,gsm,bonafide
LA_E_8427306,1,gsm,A09
LA_E_8427395,1,g722,A16
LA_E_8427704,1,pstn,A09
LA_E_8428268,1,gsm,A14
LA_E_8428808,1,pstn,A18
LA_E_8428963,1,none,A13
LA_E_8429741,1,gsm,A09
LA_E_8430371,1,gsm,A16
LA_E_8430391,1,ulaw,A15
LA_E_8430711,0,pstn,bonafide
LA_E_8431007,1,g722,A15
LA_E_8431357,1,opus,A15
LA_E_8431461,1,ulaw,A10
LA_E_8431475,1,opus,A17
LA_E_8431545,1,pstn,A15
LA_E_8431546,1,ulaw,A12
LA_E_8431829,1,gsm,A18
LA_E_8432169,1,ulaw,A11
LA_E_8432680,1,g722,A19
LA_E_8433415,0,alaw,bonafide
LA_E_8433721,1,ulaw,A13
LA_E_8434693,1,ulaw,A14
LA_E_8434717,1,alaw,A12
LA_E_8434918,1,alaw,A09
LA_E_8435251,1,alaw,A10
LA_E_8435358,1,g722,A17
LA_E_8435852,1,ulaw,A12
LA_E_8436365,1,pstn,A15
LA_E_8436535,1,gsm,A07
LA_E_8436561,1,pstn,A12
LA_E_8436819,0,opus,bonafide
LA_E_8436870,1,g722,A09
LA_E_8436895,1,gsm,A12
LA_E_8437193,1,alaw,A13
LA_E_8437202,1,g722,A15
LA_E_8437545,1,alaw,A08
LA_E_8437820,1,gsm,A11
LA_E_8438480,1,gsm,A14
LA_E_8439053,1,g722,A14
LA_E_8439337,1,none,A12
LA_E_8439467,1,g722,A16
LA_E_8439544,1,none,A16
LA_E_8440460,1,g722,A13
LA_E_8440542,1,alaw,A17
LA_E_8440558,1,opus,A17
LA_E_8441141,1,none,A08
LA_E_8441289,1,ulaw,A09
LA_E_8441472,1,pstn,A10
LA_E_8441597,1,ulaw,A07
LA_E_8441754,1,gsm,A17
LA_E_8441922,0,ulaw,bonafide
LA_E_8442549,1,pstn,A14
LA_E_8443407,1,none,A19
LA_E_8443482,1,pstn,A10
LA_E_8443752,1,none,A17
LA_E_8443799,1,none,A17
LA_E_8444023,1,ulaw,A13
LA_E_8444190,1,gsm,A09
LA_E_8444822,1,ulaw,A08
LA_E_8445109,1,g722,A07
LA_E_8445163,1,pstn,A18
LA_E_8445344,1,alaw,A07
LA_E_8445631,1,g722,A13
LA_E_8446333,1,gsm,A11
LA_E_8446565,1,opus,A15
LA_E_8447070,1,gsm,A10
LA_E_8447266,1,gsm,A16
LA_E_8447301,1,opus,A19
LA_E_8447431,1,ulaw,A11
LA_E_8447674,1,gsm,A09
LA_E_8447769,1,opus,A13
LA_E_8447936,1,ulaw,A15
LA_E_8448165,1,alaw,A12
LA_E_8448863,0,gsm,bonafide
LA_E_8449142,1,opus,A14
LA_E_8449144,1,none,A10
LA_E_8449285,1,alaw,A16
LA_E_8449372,1,pstn,A09
LA_E_8450311,1,opus,A17
LA_E_8450470,1,ulaw,A16
LA_E_8450675,1,alaw,A17
LA_E_8450902,1,ulaw,A11
LA_E_8450963,1,ulaw,A09
LA_E_8450971,1,none,A15
LA_E_8451329,1,ulaw,A11
LA_E_8451404,1,ulaw,A17
LA_E_8451407,1,ulaw,A09
LA_E_8451535,1,pstn,A07
LA_E_8451743,1,alaw,A13
LA_E_8452010,1,gsm,A16
LA_E_8452277,1,none,A14
LA_E_8452615,0,opus,bonafide
LA_E_8452730,1,g722,A13
LA_E_8452816,0,gsm,bonafide
LA_E_8452989,1,gsm,A08
LA_E_8453328,1,none,A15
LA_E_8453340,1,gsm,A08
LA_E_8453829,1,ulaw,A11
LA_E_8453877,1,gsm,A19
LA_E_8453920,1,gsm,A16
LA_E_8454501,1,alaw,A12
LA_E_8454760,1,gsm,A07
LA_E_8454775,1,g722,A08
LA_E_8455659,0,none,bonafide
LA_E_8455727,1,none,A15
LA_E_8456269,1,none,A15
LA_E_8456693,0,gsm,bonafide
LA_E_8457163,1,g722,A18
LA_E_8457233,1,ulaw,A11
LA_E_8457815,0,ulaw,bonafide
LA_E_8457967,0,pstn,bonafide
LA_E_8458226,1,opus,A09
LA_E_8458247,1,opus,A18
LA_E_8458370,1,gsm,A12
LA_E_8458628,1,opus,A10
LA_E_8459053,1,none,A17
LA_E_8459971,1,none,A08
LA_E_8459987,1,none,A12
LA_E_8460070,1,gsm,A08
LA_E_8460381,1,none,A14
LA_E_8461188,1,alaw,A19
LA_E_8461563,0,alaw,bonafide
LA_E_8461933,1,opus,A19
LA_E_8462681,1,pstn,A19
LA_E_8462701,1,gsm,A12
LA_E_8463184,1,gsm,A14
LA_E_8463203,1,pstn,A10
LA_E_8463249,1,gsm,A15
LA_E_8463285,1,alaw,A13
LA_E_8463370,1,g722,A08
LA_E_8463381,1,g722,A12
LA_E_8464394,1,pstn,A14
LA_E_8464947,1,ulaw,A07
LA_E_8465031,1,opus,A11
LA_E_8466291,1,opus,A17
LA_E_8467128,1,ulaw,A19
LA_E_8468499,1,gsm,A15
LA_E_8468566,1,none,A19
LA_E_8468946,1,pstn,A19
LA_E_8469112,0,none,bonafide
LA_E_8469212,1,g722,A17
LA_E_8469392,1,opus,A17
LA_E_8469416,1,alaw,A12
LA_E_8469536,1,g722,A19
LA_E_8469666,1,g722,A13
LA_E_8469866,1,ulaw,A13
LA_E_8470209,0,pstn,bonafide
LA_E_8470634,1,alaw,A15
LA_E_8471001,0,pstn,bonafide
LA_E_8471608,1,none,A09
LA_E_8471932,1,alaw,A18
LA_E_8472017,0,opus,bonafide
LA_E_8472548,0,gsm,bonafide
LA_E_8472873,1,alaw,A13
LA_E_8473104,1,ulaw,A08
LA_E_8473404,1,opus,A11
LA_E_8473497,1,opus,A16
LA_E_8473730,0,alaw,bonafide
LA_E_8473961,1,opus,A07
LA_E_8474170,1,opus,A17
LA_E_8474219,1,ulaw,A11
LA_E_8474520,1,pstn,A16
LA_E_8475121,1,opus,A13
LA_E_8475180,1,pstn,A19
LA_E_8475321,0,ulaw,bonafide
LA_E_8475375,1,ulaw,A12
LA_E_8475742,0,pstn,bonafide
LA_E_8475775,0,opus,bonafide
LA_E_8475879,0,alaw,bonafide
LA_E_8476033,1,gsm,A13
LA_E_8476954,1,opus,A07
LA_E_8477067,0,pstn,bonafide
LA_E_8477319,1,pstn,A08
LA_E_8477359,1,gsm,A14
LA_E_8477968,1,pstn,A19
LA_E_8478286,1,opus,A17
LA_E_8478512,0,gsm,bonafide
LA_E_8478658,1,none,A12
LA_E_8478678,1,gsm,A18
LA_E_8478716,1,opus,A17
LA_E_8478986,0,pstn,bonafide
LA_E_8479055,1,g722,A07
LA_E_8479152,1,gsm,A18
LA_E_8479303,1,opus,A15
LA_E_8479631,1,none,A12
LA_E_8480015,1,ulaw,A19
LA_E_8480094,1,g722,A11
LA_E_8480657,1,opus,A18
LA_E_8481243,1,ulaw,A09
LA_E_8481683,1,opus,A12
LA_E_8481800,1,g722,A15
LA_E_8481902,1,alaw,A12
LA_E_8482217,1,none,A10
LA_E_8482713,1,gsm,A08
LA_E_8483143,1,gsm,A14
LA_E_8483250,1,opus,A18
LA_E_8483789,1,pstn,A07
LA_E_8483859,1,g722,A19
LA_E_8484007,0,g722,bonafide
LA_E_8484625,1,g722,A12
LA_E_8484641,1,ulaw,A07
LA_E_8484893,1,pstn,A08
LA_E_8485381,1,g722,A16
LA_E_8485491,1,pstn,A13
LA_E_8485742,1,alaw,A15
LA_E_8485788,1,ulaw,A09
LA_E_8485847,1,gsm,A10
LA_E_8485926,1,gsm,A17
LA_E_8486064,1,g722,A12
LA_E_8486429,1,gsm,A10
LA_E_8488003,1,alaw,A14
LA_E_8488311,1,none,A08
LA_E_8488397,1,ulaw,A07
LA_E_8489037,1,alaw,A15
LA_E_8489152,1,pstn,A13
LA_E_8489334,1,alaw,A17
LA_E_8489541,1,alaw,A14
LA_E_8490933,1,none,A13
LA_E_8491150,0,none,bonafide
LA_E_8491188,1,alaw,A13
LA_E_8491723,1,gsm,A19
LA_E_8491783,1,opus,A09
LA_E_8491819,1,alaw,A07
LA_E_8491961,1,ulaw,A13
LA_E_8492122,0,opus,bonafide
LA_E_8492141,0,gsm,bonafide
LA_E_8492206,1,pstn,A12
LA_E_8492210,1,g722,A15
LA_E_8492422,1,none,A09
LA_E_8492780,1,pstn,A17
LA_E_8492886,1,gsm,A07
LA_E_8493558,1,ulaw,A12
LA_E_8494452,1,alaw,A17
LA_E_8494823,1,gsm,A15
LA_E_8495055,1,gsm,A14
LA_E_8495105,1,opus,A14
LA_E_8496025,1,opus,A17
LA_E_8496298,1,pstn,A11
LA_E_8496469,1,gsm,A09
LA_E_8497805,1,opus,A18
LA_E_8498170,1,g722,A13
LA_E_8498551,1,pstn,A18
LA_E_8498895,1,alaw,A13
LA_E_8499169,1,gsm,A11
LA_E_8500638,1,ulaw,A11
LA_E_8500740,1,ulaw,A13
LA_E_8501119,1,ulaw,A17
LA_E_8501340,1,g722,A15
LA_E_8502006,1,alaw,A12
LA_E_8502068,1,alaw,A10
LA_E_8502302,1,pstn,A14
LA_E_8502306,1,pstn,A19
LA_E_8502975,1,pstn,A18
LA_E_8502997,1,g722,A12
LA_E_8503238,1,pstn,A10
LA_E_8503521,1,opus,A16
LA_E_8503701,1,none,A10
LA_E_8503871,1,alaw,A11
LA_E_8503898,1,g722,A15
LA_E_8504023,1,g722,A17
LA_E_8504878,1,pstn,A17
LA_E_8504958,1,none,A16
LA_E_8505194,1,none,A11
LA_E_8505395,1,opus,A11
LA_E_8505763,1,gsm,A10
LA_E_8505949,1,pstn,A14
LA_E_8506123,1,pstn,A11
LA_E_8506385,1,g722,A11
LA_E_8506921,1,alaw,A19
LA_E_8507087,1,gsm,A07
LA_E_8507201,1,ulaw,A12
LA_E_8507637,1,opus,A11
LA_E_8507900,1,none,A19
LA_E_8508285,1,gsm,A07
LA_E_8508300,0,g722,bonafide
LA_E_8508778,1,alaw,A10
LA_E_8509089,1,alaw,A16
LA_E_8509590,1,gsm,A14
LA_E_8509785,1,none,A07
LA_E_8510329,0,none,bonafide
LA_E_8511171,1,opus,A10
LA_E_8511266,0,alaw,bonafide
LA_E_8511280,1,gsm,A09
LA_E_8511565,1,pstn,A12
LA_E_8511652,1,alaw,A11
LA_E_8511960,1,ulaw,A10
LA_E_8512065,1,ulaw,A07
LA_E_8512465,1,pstn,A08
LA_E_8512789,1,g722,A07
LA_E_8512990,1,g722,A10
LA_E_8513189,1,gsm,A09
LA_E_8513445,1,gsm,A12
LA_E_8513705,1,opus,A12
LA_E_8513938,1,g722,A08
LA_E_8514012,1,opus,A08
LA_E_8514546,1,gsm,A15
LA_E_8514628,1,ulaw,A09
LA_E_8514866,1,pstn,A09
LA_E_8515018,1,pstn,A19
LA_E_8515074,1,pstn,A10
LA_E_8515521,1,opus,A13
LA_E_8515737,0,gsm,bonafide
LA_E_8516660,1,gsm,A19
LA_E_8516808,1,pstn,A15
LA_E_8516825,1,alaw,A10
LA_E_8517086,1,opus,A15
LA_E_8517757,1,ulaw,A10
LA_E_8518244,1,opus,A16
LA_E_8518622,1,g722,A14
LA_E_8518632,1,g722,A18
LA_E_8519256,1,alaw,A18
LA_E_8519264,1,opus,A11
LA_E_8519545,1,none,A16
LA_E_8519701,1,none,A15
LA_E_8519802,1,alaw,A16
LA_E_8519816,0,opus,bonafide
LA_E_8519951,1,alaw,A10
LA_E_8519992,1,opus,A13
LA_E_8520408,1,pstn,A11
LA_E_8520883,1,gsm,A10
LA_E_8521464,1,gsm,A11
LA_E_8522382,1,alaw,A11
LA_E_8522734,1,none,A09
LA_E_8522798,1,g722,A17
LA_E_8522888,1,pstn,A13
LA_E_8522916,1,g722,A09
LA_E_8523308,1,g722,A08
LA_E_8523441,1,g722,A11
LA_E_8523742,1,g722,A10
LA_E_8523836,1,alaw,A17
LA_E_8523840,0,ulaw,bonafide
LA_E_8523872,1,g722,A12
LA_E_8524007,1,opus,A07
LA_E_8524505,1,opus,A14
LA_E_8524626,1,alaw,A19
LA_E_8524792,1,alaw,A19
LA_E_8525430,1,ulaw,A07
LA_E_8525760,1,opus,A08
LA_E_8525956,1,ulaw,A08
LA_E_8526127,1,ulaw,A09
LA_E_8526327,0,gsm,bonafide
LA_E_8526331,1,g722,A12
LA_E_8526692,1,opus,A07
LA_E_8527078,1,opus,A07
LA_E_8527192,1,g722,A17
LA_E_8527279,1,pstn,A16
LA_E_8527522,1,alaw,A09
LA_E_8527694,1,gsm,A13
LA_E_8527764,1,g722,A16
LA_E_8528267,1,opus,A09
LA_E_8528971,1,ulaw,A14
LA_E_8529068,1,alaw,A13
LA_E_8529332,1,alaw,A08
LA_E_8529398,1,pstn,A19
LA_E_8529615,1,opus,A16
LA_E_8530253,1,none,A19
LA_E_8530976,1,opus,A14
LA_E_8530990,1,opus,A09
LA_E_8531156,1,ulaw,A18
LA_E_8532365,1,gsm,A07
LA_E_8532513,1,pstn,A14
LA_E_8533362,1,gsm,A09
LA_E_8533541,1,g722,A12
LA_E_8534575,1,opus,A12
LA_E_8535231,1,g722,A13
LA_E_8535250,1,opus,A11
LA_E_8535314,1,none,A10
LA_E_8535345,1,gsm,A07
LA_E_8535508,1,g722,A17
LA_E_8536013,1,g722,A14
LA_E_8536073,1,ulaw,A12
LA_E_8536731,1,opus,A12
LA_E_8537373,1,pstn,A15
LA_E_8537500,0,opus,bonafide
LA_E_8539036,1,opus,A07
LA_E_8539296,1,gsm,A12
LA_E_8539805,1,g722,A08
LA_E_8540246,1,none,A15
LA_E_8540726,1,g722,A12
LA_E_8540739,1,alaw,A07
LA_E_8540986,1,none,A12
LA_E_8541065,1,gsm,A13
LA_E_8541169,0,alaw,bonafide
LA_E_8541368,1,gsm,A08
LA_E_8541394,1,opus,A16
LA_E_8541398,1,alaw,A07
LA_E_8541445,1,pstn,A16
LA_E_8541837,1,opus,A16
LA_E_8541988,1,ulaw,A12
LA_E_8542023,1,opus,A14
LA_E_8542601,1,pstn,A19
LA_E_8543026,0,pstn,bonafide
LA_E_8543153,1,g722,A12
LA_E_8543255,1,alaw,A15
LA_E_8543319,1,opus,A12
LA_E_8543358,1,opus,A12
LA_E_8543437,1,alaw,A18
LA_E_8544116,1,pstn,A10
LA_E_8544649,1,none,A09
LA_E_8544856,1,pstn,A16
LA_E_8544890,1,alaw,A07
LA_E_8545556,1,ulaw,A09
LA_E_8546301,1,opus,A16
LA_E_8547038,1,gsm,A10
LA_E_8547076,1,none,A18
LA_E_8547184,1,g722,A19
LA_E_8547359,1,gsm,A14
LA_E_8548060,1,ulaw,A18
LA_E_8548266,0,none,bonafide
LA_E_8548488,0,opus,bonafide
LA_E_8548557,1,none,A14
LA_E_8548839,1,ulaw,A08
LA_E_8548909,1,g722,A11
LA_E_8549426,1,ulaw,A18
LA_E_8549538,1,pstn,A12
LA_E_8549805,1,ulaw,A09
LA_E_8549869,1,opus,A07
LA_E_8550043,1,alaw,A13
LA_E_8550713,1,alaw,A15
LA_E_8551147,1,none,A07
LA_E_8551362,1,ulaw,A14
LA_E_8552614,1,ulaw,A17
LA_E_8552718,1,ulaw,A10
LA_E_8553243,1,ulaw,A19
LA_E_8553973,1,opus,A10
LA_E_8554211,0,ulaw,bonafide
LA_E_8556447,1,alaw,A12
LA_E_8556552,1,alaw,A16
LA_E_8556659,1,gsm,A19
LA_E_8557141,1,alaw,A16
LA_E_8557158,1,alaw,A19
LA_E_8557335,1,pstn,A12
LA_E_8557683,1,pstn,A15
LA_E_8557726,1,pstn,A15
LA_E_8558110,1,ulaw,A10
LA_E_8558182,1,g722,A10
LA_E_8558560,1,g722,A09
LA_E_8558823,1,pstn,A17
LA_E_8559035,1,alaw,A15
LA_E_8559230,1,alaw,A07
LA_E_8559267,1,ulaw,A16
LA_E_8559711,1,opus,A15
LA_E_8560119,1,none,A12
LA_E_8560343,1,ulaw,A17
LA_E_8560603,1,pstn,A18
LA_E_8561141,1,g722,A15
LA_E_8561328,1,gsm,A09
LA_E_8561544,1,none,A09
LA_E_8562364,1,pstn,A13
LA_E_8562416,1,g722,A12
LA_E_8562776,0,pstn,bonafide
LA_E_8562939,1,none,A13
LA_E_8563353,1,pstn,A10
LA_E_8563438,1,ulaw,A15
LA_E_8563664,1,opus,A10
LA_E_8563917,1,none,A13
LA_E_8563985,1,none,A19
LA_E_8564069,1,gsm,A15
LA_E_8564933,1,opus,A17
LA_E_8564952,1,pstn,A10
LA_E_8565311,1,g722,A19
LA_E_8565317,1,gsm,A07
LA_E_8566246,1,opus,A17
LA_E_8566428,1,alaw,A19
LA_E_8566849,1,alaw,A17
LA_E_8567089,1,gsm,A12
LA_E_8567264,1,g722,A12
LA_E_8567368,0,opus,bonafide
LA_E_8567973,1,alaw,A14
LA_E_8568050,1,opus,A12
LA_E_8568059,1,alaw,A07
LA_E_8568080,1,none,A18
LA_E_8568081,1,pstn,A17
LA_E_8569028,1,pstn,A13
LA_E_8569050,0,opus,bonafide
LA_E_8569094,1,pstn,A13
LA_E_8570067,0,g722,bonafide
LA_E_8570457,1,opus,A17
LA_E_8570473,1,gsm,A14
LA_E_8570527,0,none,bonafide
LA_E_8570764,1,opus,A18
LA_E_8571150,1,opus,A12
LA_E_8571222,1,gsm,A09
LA_E_8571574,1,ulaw,A14
LA_E_8571663,1,none,A12
LA_E_8571721,0,g722,bonafide
LA_E_8571827,0,alaw,bonafide
LA_E_8571935,0,pstn,bonafide
LA_E_8572096,1,gsm,A15
LA_E_8572527,1,pstn,A10
LA_E_8572537,1,alaw,A15
LA_E_8572627,1,gsm,A07
LA_E_8572797,1,g722,A12
LA_E_8573054,1,none,A16
LA_E_8573330,1,pstn,A18
LA_E_8573652,1,alaw,A14
LA_E_8574367,1,none,A12
LA_E_8574436,1,gsm,A13
LA_E_8574579,1,pstn,A09
LA_E_8574860,1,none,A11
LA_E_8574958,1,opus,A16
LA_E_8575137,1,pstn,A14
LA_E_8575161,0,pstn,bonafide
LA_E_8575700,1,ulaw,A07
LA_E_8575817,1,pstn,A07
LA_E_8575821,1,none,A16
LA_E_8575892,1,none,A15
LA_E_8576193,0,g722,bonafide
LA_E_8576261,1,opus,A13
LA_E_8576262,1,none,A08
LA_E_8576554,1,g722,A14
LA_E_8576765,1,ulaw,A18
LA_E_8576791,1,gsm,A11
LA_E_8577234,1,alaw,A19
LA_E_8577576,1,none,A10
LA_E_8577605,1,opus,A11
LA_E_8578004,1,pstn,A11
LA_E_8578058,1,pstn,A17
LA_E_8578098,1,ulaw,A18
LA_E_8578519,1,g722,A12
LA_E_8578650,1,alaw,A13
LA_E_8578758,1,g722,A18
LA_E_8578837,1,opus,A16
LA_E_8579042,1,opus,A15
LA_E_8579119,1,ulaw,A11
LA_E_8579483,1,none,A14
LA_E_8579710,1,gsm,A17
LA_E_8579716,1,pstn,A16
LA_E_8579833,0,opus,bonafide
LA_E_8580215,1,g722,A18
LA_E_8580369,1,gsm,A11
LA_E_8580981,1,pstn,A14
LA_E_8581069,1,ulaw,A10
LA_E_8581153,1,alaw,A16
LA_E_8581224,0,gsm,bonafide
LA_E_8581985,1,pstn,A15
LA_E_8582095,1,none,A11
LA_E_8582096,1,alaw,A11
LA_E_8582299,1,opus,A09
LA_E_8582573,1,opus,A14
LA_E_8582689,1,g722,A07
LA_E_8582742,1,none,A12
LA_E_8582747,1,opus,A17
LA_E_8583122,1,opus,A18
LA_E_8583205,1,gsm,A07
LA_E_8583468,1,alaw,A07
LA_E_8583572,1,opus,A07
LA_E_8583746,1,none,A17
LA_E_8584640,0,ulaw,bonafide
LA_E_8584792,1,gsm,A09
LA_E_8584874,1,none,A18
LA_E_8585041,1,gsm,A11
LA_E_8585363,1,g722,A07
LA_E_8585615,1,alaw,A13
LA_E_8585816,1,alaw,A11
LA_E_8585848,1,opus,A07
LA_E_8586239,1,opus,A18
LA_E_8586456,1,opus,A09
LA_E_8586666,1,gsm,A18
LA_E_8587082,1,ulaw,A08
LA_E_8587179,1,none,A12
LA_E_8587340,1,g722,A13
LA_E_8587411,1,opus,A08
LA_E_8588026,1,opus,A18
LA_E_8588111,1,gsm,A19
LA_E_8588222,1,alaw,A10
LA_E_8588629,1,gsm,A07
LA_E_8588646,1,opus,A12
LA_E_8589518,0,g722,bonafide
LA_E_8589551,0,opus,bonafide
LA_E_8589669,1,g722,A19
LA_E_8589671,1,pstn,A19
LA_E_8589673,1,g722,A09
LA_E_8590030,1,none,A14
LA_E_8590112,1,ulaw,A19
LA_E_8590572,1,g722,A14
LA_E_8590646,1,pstn,A07
LA_E_8590653,1,g722,A11
LA_E_8590885,1,pstn,A17
LA_E_8591761,1,ulaw,A18
LA_E_8592065,1,none,A17
LA_E_8592379,1,ulaw,A13
LA_E_8592421,1,pstn,A13
LA_E_8592622,1,gsm,A19
LA_E_8593208,1,none,A14
LA_E_8593215,1,alaw,A14
LA_E_8593494,1,none,A15
LA_E_8593775,1,ulaw,A13
LA_E_8594054,1,ulaw,A08
LA_E_8594161,1,alaw,A16
LA_E_8594252,1,g722,A08
LA_E_8594273,1,ulaw,A13
LA_E_8594345,1,opus,A10
LA_E_8594742,1,pstn,A17
LA_E_8595156,1,pstn,A09
LA_E_8595272,1,none,A09
LA_E_8595370,1,none,A07
LA_E_8595521,1,g722,A15
LA_E_8596452,0,none,bonafide
LA_E_8596824,1,pstn,A19
LA_E_8597286,1,g722,A11
LA_E_8597356,1,pstn,A11
LA_E_8597532,1,opus,A13
LA_E_8597853,1,none,A11
LA_E_8598213,1,opus,A19
LA_E_8598512,1,opus,A18
LA_E_8599473,1,alaw,A19
LA_E_8599574,1,none,A13
LA_E_8599578,1,alaw,A08
LA_E_8599865,1,alaw,A10
LA_E_8600249,1,ulaw,A16
LA_E_8600426,1,alaw,A17
LA_E_8600567,1,g722,A16
LA_E_8600683,1,opus,A11
LA_E_8601101,1,g722,A11
LA_E_8601525,1,gsm,A11
LA_E_8602050,1,alaw,A19
LA_E_8602196,1,ulaw,A13
LA_E_8602343,1,opus,A15
LA_E_8602624,1,ulaw,A13
LA_E_8602718,1,none,A13
LA_E_8602831,0,pstn,bonafide
LA_E_8603030,1,gsm,A12
LA_E_8603148,1,none,A18
LA_E_8603285,0,opus,bonafide
LA_E_8603412,1,opus,A16
LA_E_8604013,1,alaw,A18
LA_E_8604334,1,opus,A19
LA_E_8604519,1,opus,A08
LA_E_8605173,1,alaw,A09
LA_E_8605182,1,alaw,A08
LA_E_8605189,1,none,A16
LA_E_8605507,1,g722,A09
LA_E_8605950,1,g722,A10
LA_E_8606402,1,ulaw,A14
LA_E_8606652,1,gsm,A19
LA_E_8607539,1,alaw,A08
LA_E_8607540,1,opus,A07
LA_E_8608021,1,gsm,A19
LA_E_8608087,1,g722,A19
LA_E_8608221,1,gsm,A18
LA_E_8608523,1,none,A08
LA_E_8608610,0,gsm,bonafide
LA_E_8609066,1,ulaw,A13
LA_E_8609477,1,none,A08
LA_E_8609661,1,opus,A15
LA_E_8609785,1,pstn,A07
LA_E_8609997,1,none,A14
LA_E_8610031,1,alaw,A16
LA_E_8610302,1,alaw,A09
LA_E_8610567,1,pstn,A19
LA_E_8610721,1,opus,A14
LA_E_8611154,0,opus,bonafide
LA_E_8611285,1,g722,A14
LA_E_8611385,1,ulaw,A14
LA_E_8611802,1,opus,A12
LA_E_8611865,1,opus,A09
LA_E_8611931,0,alaw,bonafide
LA_E_8613511,1,pstn,A16
LA_E_8613637,1,pstn,A12
LA_E_8614167,1,opus,A19
LA_E_8614592,1,alaw,A10
LA_E_8614756,1,gsm,A16
LA_E_8614951,0,opus,bonafide
LA_E_8615168,1,ulaw,A07
LA_E_8615457,1,alaw,A17
LA_E_8615790,1,g722,A12
LA_E_8616159,1,none,A11
LA_E_8616195,1,none,A11
LA_E_8616447,1,opus,A15
LA_E_8617177,1,pstn,A11
LA_E_8617293,0,g722,bonafide
LA_E_8617621,1,ulaw,A15
LA_E_8617954,1,opus,A17
LA_E_8617993,1,ulaw,A16
LA_E_8618242,0,alaw,bonafide
LA_E_8618702,1,gsm,A17
LA_E_8620208,1,ulaw,A12
LA_E_8620418,1,pstn,A15
LA_E_8621014,1,pstn,A18
LA_E_8621107,1,g722,A14
LA_E_8621300,1,opus,A15
LA_E_8621456,1,alaw,A10
LA_E_8621599,1,gsm,A10
LA_E_8621932,1,opus,A17
LA_E_8622516,1,g722,A07
LA_E_8622549,1,pstn,A07
LA_E_8622750,1,none,A07
LA_E_8622927,1,none,A16
LA_E_8622943,1,pstn,A14
LA_E_8623600,1,ulaw,A11
LA_E_8623756,1,g722,A14
LA_E_8624119,1,opus,A13
LA_E_8625083,1,alaw,A10
LA_E_8625084,0,gsm,bonafide
LA_E_8625156,1,pstn,A18
LA_E_8625577,1,ulaw,A11
LA_E_8625826,1,opus,A13
LA_E_8625928,1,alaw,A17
LA_E_8626594,1,ulaw,A19
LA_E_8626618,1,none,A11
LA_E_8627285,1,alaw,A16
LA_E_8627326,1,alaw,A07
LA_E_8627440,1,alaw,A07
LA_E_8627587,1,none,A19
LA_E_8628374,1,gsm,A10
LA_E_8628512,1,ulaw,A13
LA_E_8629050,1,alaw,A18
LA_E_8629214,1,opus,A18
LA_E_8629601,1,opus,A13
LA_E_8629990,1,alaw,A12
LA_E_8630350,0,ulaw,bonafide
LA_E_8630368,0,opus,bonafide
LA_E_8630455,1,alaw,A17
LA_E_8630784,0,opus,bonafide
LA_E_8630968,1,pstn,A09
LA_E_8632022,1,gsm,A08
LA_E_8632235,1,gsm,A19
LA_E_8632287,1,opus,A18
LA_E_8632598,1,ulaw,A14
LA_E_8632648,1,ulaw,A11
LA_E_8633365,0,opus,bonafide
LA_E_8633820,1,alaw,A11
LA_E_8634019,1,none,A08
LA_E_8634194,1,gsm,A17
LA_E_8634636,1,opus,A08
LA_E_8634666,1,ulaw,A14
LA_E_8634777,1,opus,A13
LA_E_8635033,1,opus,A09
LA_E_8635817,1,alaw,A11
LA_E_8636002,1,pstn,A11
LA_E_8636055,1,g722,A19
LA_E_8636238,1,opus,A11
LA_E_8637168,1,none,A09
LA_E_8637182,1,none,A14
LA_E_8637545,1,none,A09
LA_E_8637559,0,alaw,bonafide
LA_E_8638155,1,none,A13
LA_E_8638217,1,opus,A17
LA_E_8639080,1,ulaw,A15
LA_E_8639178,1,none,A07
LA_E_8640326,1,pstn,A07
LA_E_8640387,1,none,A13
LA_E_8641391,1,g722,A19
LA_E_8641399,1,opus,A13
LA_E_8641602,1,none,A15
LA_E_8641649,1,opus,A09
LA_E_8641782,1,ulaw,A09
LA_E_8643078,1,alaw,A13
LA_E_8643118,0,g722,bonafide
LA_E_8644143,1,alaw,A16
LA_E_8644335,1,none,A19
LA_E_8644511,1,ulaw,A07
LA_E_8644727,1,ulaw,A19
LA_E_8644801,0,opus,bonafide
LA_E_8644965,1,opus,A09
LA_E_8645008,1,g722,A13
LA_E_8645410,1,gsm,A11
LA_E_8645714,1,alaw,A15
LA_E_8645880,1,alaw,A15
LA_E_8647074,1,gsm,A19
LA_E_8647250,0,ulaw,bonafide
LA_E_8648463,1,opus,A18
LA_E_8648899,1,gsm,A13
LA_E_8649341,1,none,A17
LA_E_8649440,1,none,A19
LA_E_8650123,1,opus,A10
LA_E_8650161,1,g722,A19
LA_E_8650217,1,g722,A19
LA_E_8650477,0,g722,bonafide
LA_E_8651547,1,ulaw,A11
LA_E_8651775,1,none,A18
LA_E_8651877,1,pstn,A11
LA_E_8651998,1,pstn,A16
LA_E_8652146,1,alaw,A12
LA_E_8652170,1,pstn,A16
LA_E_8652174,1,alaw,A11
LA_E_8652367,1,none,A18
LA_E_8652451,0,pstn,bonafide
LA_E_8653361,1,gsm,A12
LA_E_8653533,1,g722,A13
LA_E_8653580,1,pstn,A19
LA_E_8653776,1,opus,A14
LA_E_8653867,0,gsm,bonafide
LA_E_8654161,1,g722,A13
LA_E_8654307,1,alaw,A08
LA_E_8655303,1,g722,A09
LA_E_8656309,1,gsm,A18
LA_E_8656841,0,none,bonafide
LA_E_8656846,1,ulaw,A19
LA_E_8657048,1,opus,A10
LA_E_8657401,1,opus,A14
LA_E_8657698,1,ulaw,A13
LA_E_8657738,1,ulaw,A11
LA_E_8657940,0,ulaw,bonafide
LA_E_8658218,1,gsm,A18
LA_E_8658528,1,g722,A07
LA_E_8658890,1,opus,A14
LA_E_8658925,1,opus,A10
LA_E_8659085,1,alaw,A17
LA_E_8659220,1,alaw,A18
LA_E_8659589,1,opus,A10
LA_E_8659604,1,ulaw,A14
LA_E_8659829,1,g722,A11
LA_E_8659981,1,gsm,A10
LA_E_8660221,1,alaw,A11
LA_E_8661560,1,ulaw,A10
LA_E_8661835,1,none,A11
LA_E_8663457,1,g722,A15
LA_E_8663691,1,none,A10
LA_E_8664101,1,none,A16
LA_E_8664300,1,none,A14
LA_E_8664378,1,pstn,A13
LA_E_8664811,0,none,bonafide
LA_E_8665020,1,pstn,A18
LA_E_8665026,0,opus,bonafide
LA_E_8665578,1,gsm,A17
LA_E_8665603,1,g722,A12
LA_E_8665860,1,pstn,A09
LA_E_8666056,1,gsm,A08
LA_E_8666168,1,gsm,A09
LA_E_8666203,1,alaw,A15
LA_E_8666967,1,gsm,A18
LA_E_8667213,1,g722,A10
LA_E_8667638,1,g722,A17
LA_E_8667796,1,ulaw,A09
LA_E_8668439,1,alaw,A14
LA_E_8668448,1,opus,A18
LA_E_8668513,1,gsm,A11
LA_E_8668828,1,none,A12
LA_E_8668873,1,alaw,A18
LA_E_8669055,1,none,A09
LA_E_8669138,1,gsm,A17
LA_E_8669416,1,gsm,A15
LA_E_8669645,1,pstn,A09
LA_E_8669981,1,opus,A11
LA_E_8670085,1,opus,A12
LA_E_8670132,1,none,A14
LA_E_8670374,1,none,A07
LA_E_8671040,1,none,A15
LA_E_8671326,0,pstn,bonafide
LA_E_8671337,1,opus,A12
LA_E_8671352,1,gsm,A11
LA_E_8672336,1,opus,A08
LA_E_8672449,1,gsm,A12
LA_E_8672967,0,g722,bonafide
LA_E_8672973,1,g722,A09
LA_E_8673114,1,ulaw,A12
LA_E_8673190,1,g722,A12
LA_E_8673239,1,opus,A13
LA_E_8673540,0,ulaw,bonafide
LA_E_8673571,1,gsm,A18
LA_E_8673618,1,ulaw,A09
LA_E_8673800,0,alaw,bonafide
LA_E_8674241,1,opus,A19
LA_E_8674298,1,opus,A08
LA_E_8674604,1,ulaw,A14
LA_E_8674755,1,none,A17
LA_E_8674810,1,gsm,A13
LA_E_8674972,1,pstn,A11
LA_E_8675708,1,opus,A18
LA_E_8675996,1,g722,A08
LA_E_8676345,1,ulaw,A07
LA_E_8676461,1,gsm,A14
LA_E_8676861,1,gsm,A17
LA_E_8677012,1,g722,A11
LA_E_8677702,1,pstn,A08
LA_E_8677787,1,none,A07
LA_E_8677823,1,alaw,A07
LA_E_8677849,1,g722,A14
LA_E_8677965,1,g722,A10
LA_E_8678082,0,ulaw,bonafide
LA_E_8678140,1,none,A19
LA_E_8678394,1,opus,A12
LA_E_8678432,1,gsm,A17
LA_E_8679237,1,opus,A15
LA_E_8679396,1,alaw,A09
LA_E_8679467,1,gsm,A09
LA_E_8679553,1,opus,A13
LA_E_8679897,1,g722,A16
LA_E_8679979,1,g722,A09
LA_E_8681816,1,ulaw,A10
LA_E_8682462,1,alaw,A09
LA_E_8682766,1,opus,A17
LA_E_8683136,1,pstn,A17
LA_E_8683138,1,g722,A13
LA_E_8683210,1,none,A14
LA_E_8683371,1,opus,A14
LA_E_8683453,1,pstn,A07
LA_E_8683774,1,none,A15
LA_E_8684310,1,none,A19
LA_E_8684499,1,gsm,A19
LA_E_8684602,1,opus,A08
LA_E_8684639,1,pstn,A15
LA_E_8684665,1,none,A17
LA_E_8684837,1,alaw,A16
LA_E_8685148,1,g722,A09
LA_E_8685408,1,ulaw,A13
LA_E_8685816,1,g722,A15
LA_E_8685964,1,pstn,A13
LA_E_8686611,1,pstn,A11
LA_E_8686814,1,g722,A10
LA_E_8686934,0,ulaw,bonafide
LA_E_8687015,1,pstn,A11
LA_E_8687039,1,g722,A11
LA_E_8687565,1,ulaw,A18
LA_E_8687626,1,g722,A17
LA_E_8687749,1,none,A14
LA_E_8687794,1,pstn,A16
LA_E_8687896,1,none,A19
LA_E_8688406,1,opus,A14
LA_E_8688485,1,alaw,A09
LA_E_8688946,1,ulaw,A13
LA_E_8688975,1,g722,A11
LA_E_8689040,1,ulaw,A12
LA_E_8689355,1,g722,A12
LA_E_8689501,1,pstn,A13
LA_E_8689808,1,none,A10
LA_E_8689816,1,opus,A16
LA_E_8690240,1,g722,A15
LA_E_8690247,1,opus,A12
LA_E_8690425,1,g722,A16
LA_E_8691493,1,none,A15
LA_E_8691835,0,alaw,bonafide
LA_E_8692099,1,pstn,A07
LA_E_8692454,1,ulaw,A17
LA_E_8692973,1,none,A08
LA_E_8693005,1,g722,A12
LA_E_8693316,1,alaw,A14
LA_E_8693795,0,none,bonafide
LA_E_8693921,1,opus,A16
LA_E_8694347,1,opus,A14
LA_E_8694609,1,alaw,A07
LA_E_8694875,1,ulaw,A17
LA_E_8695759,1,g722,A13
LA_E_8695771,1,gsm,A07
LA_E_8695962,1,opus,A17
LA_E_8696431,1,pstn,A16
LA_E_8696729,1,opus,A09
LA_E_8696846,1,alaw,A16
LA_E_8697668,1,gsm,A16
LA_E_8698090,1,ulaw,A17
LA_E_8698786,0,alaw,bonafide
LA_E_8698800,1,alaw,A07
LA_E_8699730,1,pstn,A11
LA_E_8699941,1,opus,A14
LA_E_8700263,1,gsm,A09
LA_E_8700451,1,opus,A10
LA_E_8700811,1,gsm,A08
LA_E_8701811,1,ulaw,A15
LA_E_8702508,1,none,A13
LA_E_8702671,1,ulaw,A13
LA_E_8702731,1,none,A09
LA_E_8702856,1,alaw,A13
LA_E_8702906,1,none,A12
LA_E_8703069,1,ulaw,A12
LA_E_8703287,1,pstn,A12
LA_E_8703421,1,alaw,A08
LA_E_8703437,1,ulaw,A17
LA_E_8704141,1,alaw,A13
LA_E_8704321,1,g722,A10
LA_E_8704828,0,gsm,bonafide
LA_E_8706457,1,alaw,A12
LA_E_8706633,1,opus,A08
LA_E_8706666,1,alaw,A12
LA_E_8706919,0,opus,bonafide
LA_E_8707156,1,alaw,A09
LA_E_8707442,1,gsm,A13
LA_E_8707649,1,opus,A08
LA_E_8707919,1,gsm,A11
LA_E_8708843,1,alaw,A16
LA_E_8708943,1,gsm,A13
LA_E_8709082,1,g722,A07
LA_E_8709085,1,gsm,A19
LA_E_8709613,1,g722,A07
LA_E_8710555,1,pstn,A09
LA_E_8710773,1,ulaw,A19
LA_E_8710823,1,alaw,A17
LA_E_8710825,1,alaw,A16
LA_E_8712036,1,pstn,A09
LA_E_8712040,1,pstn,A12
LA_E_8712593,1,alaw,A12
LA_E_8712975,1,alaw,A16
LA_E_8713294,1,alaw,A15
LA_E_8713331,1,gsm,A13
LA_E_8713472,1,alaw,A13
LA_E_8714377,1,opus,A18
LA_E_8714619,1,none,A12
LA_E_8714792,1,g722,A15
LA_E_8714830,1,ulaw,A08
LA_E_8715155,1,none,A07
LA_E_8715455,1,g722,A15
LA_E_8715587,1,opus,A10
LA_E_8715683,1,pstn,A16
LA_E_8715692,1,gsm,A16
LA_E_8715833,1,pstn,A15
LA_E_8716131,1,opus,A12
LA_E_8716272,0,ulaw,bonafide
LA_E_8717177,1,pstn,A14
LA_E_8717229,1,opus,A09
LA_E_8717236,1,g722,A08
LA_E_8717809,1,gsm,A18
LA_E_8717845,1,opus,A12
LA_E_8718059,1,alaw,A14
LA_E_8718140,1,gsm,A12
LA_E_8718490,1,alaw,A14
LA_E_8719017,1,pstn,A19
LA_E_8719378,1,none,A07
LA_E_8719669,1,alaw,A15
LA_E_8720197,1,ulaw,A17
LA_E_8720450,1,opus,A10
LA_E_8720581,1,opus,A07
LA_E_8720829,1,opus,A15
LA_E_8721007,1,ulaw,A19
LA_E_8721088,1,none,A15
LA_E_8721496,1,none,A09
LA_E_8721634,1,pstn,A08
LA_E_8721729,1,none,A18
LA_E_8721848,1,pstn,A09
LA_E_8721955,1,alaw,A09
LA_E_8722619,1,gsm,A14
LA_E_8722665,1,alaw,A15
LA_E_8722753,1,g722,A18
LA_E_8724991,1,ulaw,A08
LA_E_8725487,1,gsm,A13
LA_E_8725798,1,opus,A07
LA_E_8725997,1,opus,A11
LA_E_8726138,1,pstn,A19
LA_E_8726266,1,alaw,A10
LA_E_8726293,1,ulaw,A17
LA_E_8726412,1,pstn,A13
LA_E_8726587,1,opus,A19
LA_E_8726760,1,ulaw,A08
LA_E_8726835,1,none,A15
LA_E_8727678,1,gsm,A14
LA_E_8727796,1,opus,A13
LA_E_8727826,1,g722,A10
LA_E_8727844,0,g722,bonafide
LA_E_8727881,1,pstn,A12
LA_E_8727994,0,ulaw,bonafide
LA_E_8728114,1,gsm,A13
LA_E_8728247,0,alaw,bonafide
LA_E_8728369,1,opus,A18
LA_E_8728892,1,pstn,A19
LA_E_8729179,1,pstn,A12
LA_E_8729214,1,ulaw,A18
LA_E_8729396,1,none,A07
LA_E_8729405,1,none,A11
LA_E_8730083,1,opus,A08
LA_E_8730220,1,none,A18
LA_E_8730526,1,none,A10
LA_E_8730535,1,alaw,A14
LA_E_8730547,1,ulaw,A18
LA_E_8730817,1,pstn,A08
LA_E_8730841,1,ulaw,A09
LA_E_8731169,1,ulaw,A16
LA_E_8732033,0,ulaw,bonafide
LA_E_8732209,1,none,A09
LA_E_8732277,1,ulaw,A11
LA_E_8732520,1,g722,A12
LA_E_8732938,1,ulaw,A11
LA_E_8733183,1,ulaw,A09
LA_E_8733478,1,ulaw,A17
LA_E_8733662,1,ulaw,A13
LA_E_8733868,1,none,A08
LA_E_8734193,1,ulaw,A11
LA_E_8734560,1,none,A17
LA_E_8735539,1,ulaw,A10
LA_E_8735772,1,gsm,A16
LA_E_8736306,1,opus,A19
LA_E_8736519,1,alaw,A10
LA_E_8737171,1,ulaw,A12
LA_E_8737285,1,opus,A08
LA_E_8737606,1,g722,A14
LA_E_8737725,1,pstn,A12
LA_E_8737759,1,pstn,A16
LA_E_8737781,1,g722,A08
LA_E_8737818,1,g722,A08
LA_E_8737901,1,pstn,A08
LA_E_8737979,1,gsm,A09
LA_E_8738042,1,opus,A09
LA_E_8738417,1,gsm,A11
LA_E_8738526,1,g722,A15
LA_E_8739182,1,gsm,A11
LA_E_8739398,1,g722,A15
LA_E_8739504,1,ulaw,A11
LA_E_8739544,1,ulaw,A07
LA_E_8739783,1,pstn,A07
LA_E_8739816,1,opus,A08
LA_E_8740151,1,gsm,A07
LA_E_8740590,1,alaw,A18
LA_E_8740645,1,gsm,A19
LA_E_8740656,1,ulaw,A08
LA_E_8741038,1,opus,A19
LA_E_8741057,1,ulaw,A09
LA_E_8741257,1,none,A09
LA_E_8741566,1,pstn,A10
LA_E_8742084,1,gsm,A17
LA_E_8742241,1,opus,A16
LA_E_8742313,1,g722,A13
LA_E_8742501,1,opus,A19
LA_E_8742682,1,ulaw,A12
LA_E_8742942,1,alaw,A18
LA_E_8742989,1,ulaw,A09
LA_E_8743133,1,none,A16
LA_E_8743756,1,g722,A07
LA_E_8743919,1,g722,A08
LA_E_8744040,1,gsm,A13
LA_E_8744389,1,pstn,A10
LA_E_8744469,1,none,A19
LA_E_8744601,1,alaw,A15
LA_E_8744633,1,opus,A12
LA_E_8744651,1,g722,A13
LA_E_8745119,1,g722,A13
LA_E_8745251,1,g722,A17
LA_E_8745258,1,ulaw,A14
LA_E_8745569,1,gsm,A08
LA_E_8745678,1,ulaw,A08
LA_E_8746622,1,g722,A08
LA_E_8746748,1,g722,A10
LA_E_8746878,0,opus,bonafide
LA_E_8747475,1,none,A07
LA_E_8747508,1,alaw,A19
LA_E_8747550,1,alaw,A15
LA_E_8748589,0,g722,bonafide
LA_E_8748703,1,ulaw,A07
LA_E_8749066,1,g722,A07
LA_E_8749153,1,gsm,A09
LA_E_8749413,1,pstn,A12
LA_E_8750313,1,pstn,A16
LA_E_8750430,1,ulaw,A18
LA_E_8750758,1,g722,A18
LA_E_8751019,0,none,bonafide
LA_E_8751043,1,g722,A17
LA_E_8751072,1,ulaw,A12
LA_E_8751393,1,none,A07
LA_E_8751488,1,opus,A18
LA_E_8751629,1,alaw,A10
LA_E_8752057,1,opus,A18
LA_E_8752333,0,g722,bonafide
LA_E_8752657,1,g722,A19
LA_E_8752843,1,none,A10
LA_E_8752847,1,pstn,A14
LA_E_8753038,1,gsm,A15
LA_E_8753079,1,ulaw,A17
LA_E_8753170,1,pstn,A10
LA_E_8753398,1,opus,A19
LA_E_8754333,1,alaw,A18
LA_E_8754462,1,ulaw,A12
LA_E_8755115,1,opus,A14
LA_E_8755217,1,alaw,A13
LA_E_8755544,0,pstn,bonafide
LA_E_8755826,1,none,A13
LA_E_8755949,1,opus,A13
LA_E_8756849,1,g722,A10
LA_E_8756993,1,ulaw,A14
LA_E_8757290,1,none,A10
LA_E_8757441,1,opus,A16
LA_E_8757501,1,gsm,A07
LA_E_8757770,1,gsm,A15
LA_E_8757806,0,opus,bonafide
LA_E_8757870,1,gsm,A11
LA_E_8758673,1,opus,A08
LA_E_8758924,1,none,A19
LA_E_8759500,0,opus,bonafide
LA_E_8759844,1,opus,A16
LA_E_8759891,1,ulaw,A14
LA_E_8760029,1,pstn,A14
LA_E_8760547,1,g722,A15
LA_E_8760771,1,gsm,A14
LA_E_8761167,1,opus,A09
LA_E_8761195,1,gsm,A09
LA_E_8761371,0,alaw,bonafide
LA_E_8761786,1,g722,A12
LA_E_8763576,1,none,A15
LA_E_8763873,1,alaw,A07
LA_E_8763887,1,none,A12
LA_E_8764013,1,opus,A16
LA_E_8764339,1,none,A12
LA_E_8764854,1,pstn,A14
LA_E_8765189,0,pstn,bonafide
LA_E_8765212,1,g722,A16
LA_E_8765539,1,g722,A15
LA_E_8765698,1,opus,A10
LA_E_8765739,1,g722,A16
LA_E_8765853,1,alaw,A18
LA_E_8766154,1,none,A14
LA_E_8766392,1,gsm,A18
LA_E_8766754,1,alaw,A17
LA_E_8766843,1,g722,A18
LA_E_8767111,1,g722,A09
LA_E_8767324,1,g722,A14
LA_E_8767705,1,alaw,A12
LA_E_8768063,1,none,A10
LA_E_8768697,1,pstn,A13
LA_E_8769091,1,opus,A19
LA_E_8769139,1,g722,A08
LA_E_8769623,1,ulaw,A19
LA_E_8770113,1,g722,A18
LA_E_8770868,1,opus,A18
LA_E_8770918,1,alaw,A16
LA_E_8771458,0,gsm,bonafide
LA_E_8771702,1,ulaw,A18
LA_E_8771840,1,opus,A12
LA_E_8771942,1,gsm,A14
LA_E_8772117,1,none,A17
LA_E_8772254,1,ulaw,A07
LA_E_8772315,1,pstn,A18
LA_E_8772489,0,ulaw,bonafide
LA_E_8772622,1,ulaw,A10
LA_E_8772719,1,g722,A15
LA_E_8772934,1,ulaw,A07
LA_E_8773120,1,pstn,A10
LA_E_8773129,1,opus,A12
LA_E_8773443,0,gsm,bonafide
LA_E_8773489,1,gsm,A11
LA_E_8773834,1,g722,A14
LA_E_8773862,0,opus,bonafide
LA_E_8774813,0,opus,bonafide
LA_E_8775531,1,pstn,A13
LA_E_8775617,1,ulaw,A07
LA_E_8775865,1,alaw,A09
LA_E_8776042,1,opus,A10
LA_E_8776462,1,alaw,A08
LA_E_8776961,0,none,bonafide
LA_E_8777039,1,g722,A10
LA_E_8777190,1,gsm,A09
LA_E_8777416,0,pstn,bonafide
LA_E_8777435,1,pstn,A19
LA_E_8778462,1,ulaw,A18
LA_E_8778535,1,opus,A16
LA_E_8778549,1,opus,A08
LA_E_8779632,1,opus,A10
LA_E_8779826,1,pstn,A14
LA_E_8780103,1,pstn,A07
LA_E_8780355,1,ulaw,A08
LA_E_8780833,1,ulaw,A08
LA_E_8781136,1,g722,A14
LA_E_8781201,1,pstn,A08
LA_E_8781230,1,none,A16
LA_E_8781318,1,ulaw,A10
LA_E_8781715,1,opus,A07
LA_E_8781732,1,none,A10
LA_E_8781749,1,opus,A15
LA_E_8782059,1,alaw,A17
LA_E_8782926,1,gsm,A10
LA_E_8782953,1,g722,A14
LA_E_8783189,1,g722,A14
LA_E_8783425,1,ulaw,A12
LA_E_8783500,0,g722,bonafide
LA_E_8783781,1,opus,A12
LA_E_8783880,1,none,A11
LA_E_8784044,1,ulaw,A12
LA_E_8784566,1,none,A18
LA_E_8784669,1,ulaw,A08
LA_E_8784680,1,none,A17
LA_E_8784729,1,none,A19
LA_E_8784741,1,ulaw,A12
LA_E_8785144,1,g722,A18
LA_E_8785155,1,gsm,A18
LA_E_8785258,1,alaw,A14
LA_E_8785357,1,pstn,A18
LA_E_8786082,1,gsm,A16
LA_E_8786241,1,none,A17
LA_E_8786384,1,pstn,A07
LA_E_8786412,1,gsm,A18
LA_E_8787164,1,gsm,A17
LA_E_8787580,1,pstn,A10
LA_E_8787665,1,opus,A12
LA_E_8787947,1,opus,A07
LA_E_8788029,1,ulaw,A14
LA_E_8788317,1,opus,A16
LA_E_8788397,1,pstn,A16
LA_E_8788487,1,none,A07
LA_E_8788576,1,opus,A12
LA_E_8788596,1,none,A13
LA_E_8788728,1,opus,A11
LA_E_8788949,1,ulaw,A18
LA_E_8789133,1,pstn,A10
LA_E_8790007,1,alaw,A11
LA_E_8790668,0,alaw,bonafide
LA_E_8790729,1,opus,A16
LA_E_8791125,1,g722,A12
LA_E_8791288,1,g722,A11
LA_E_8791665,1,pstn,A14
LA_E_8791799,1,g722,A13
LA_E_8791903,1,opus,A08
LA_E_8792513,1,pstn,A16
LA_E_8792698,1,none,A17
LA_E_8792837,1,none,A08
LA_E_8792942,1,opus,A09
LA_E_8793218,1,gsm,A13
LA_E_8793463,1,none,A08
LA_E_8793671,1,pstn,A18
LA_E_8794968,1,gsm,A08
LA_E_8795091,1,none,A18
LA_E_8795208,0,none,bonafide
LA_E_8795259,1,gsm,A19
LA_E_8795401,0,gsm,bonafide
LA_E_8795470,0,g722,bonafide
LA_E_8795902,1,none,A18
LA_E_8796025,1,alaw,A08
LA_E_8796290,1,pstn,A17
LA_E_8796480,1,gsm,A19
LA_E_8796907,1,gsm,A10
LA_E_8796958,1,alaw,A18
LA_E_8797409,1,ulaw,A12
LA_E_8798097,1,alaw,A16
LA_E_8798162,1,gsm,A09
LA_E_8798498,1,ulaw,A14
LA_E_8798625,1,gsm,A13
LA_E_8798994,1,gsm,A14
LA_E_8799067,1,gsm,A08
LA_E_8799585,1,ulaw,A10
LA_E_8799835,1,opus,A14
LA_E_8799854,1,g722,A10
LA_E_8800749,0,ulaw,bonafide
LA_E_8801297,1,g722,A16
LA_E_8801564,1,opus,A07
LA_E_8801677,1,ulaw,A14
LA_E_8802099,1,none,A16
LA_E_8803226,1,pstn,A17
LA_E_8803269,1,none,A18
LA_E_8803588,1,gsm,A10
LA_E_8803652,1,opus,A18
LA_E_8803749,0,pstn,bonafide
LA_E_8804081,1,gsm,A08
LA_E_8804208,1,gsm,A19
LA_E_8804594,1,opus,A11
LA_E_8804602,1,alaw,A11
LA_E_8804699,1,g722,A16
LA_E_8804920,1,ulaw,A16
LA_E_8805897,1,none,A08
LA_E_8805994,1,alaw,A10
LA_E_8806153,1,g722,A12
LA_E_8806173,1,gsm,A10
LA_E_8806283,1,opus,A07
LA_E_8806693,1,g722,A15
LA_E_8807045,1,gsm,A16
LA_E_8807503,1,ulaw,A07
LA_E_8807546,0,ulaw,bonafide
LA_E_8807756,1,gsm,A18
LA_E_8808099,1,none,A14
LA_E_8808770,1,gsm,A07
LA_E_8809120,1,pstn,A14
LA_E_8809590,1,ulaw,A15
LA_E_8810108,1,pstn,A13
LA_E_8810142,1,none,A12
LA_E_8810302,1,gsm,A18
LA_E_8810520,1,none,A13
LA_E_8811160,1,pstn,A19
LA_E_8811517,1,alaw,A08
LA_E_8811545,1,ulaw,A07
LA_E_8811825,0,ulaw,bonafide
LA_E_8811865,1,ulaw,A13
LA_E_8811924,1,g722,A16
LA_E_8812855,1,pstn,A09
LA_E_8813354,1,opus,A09
LA_E_8813505,1,gsm,A14
LA_E_8813607,1,g722,A13
LA_E_8814080,1,alaw,A07
LA_E_8814118,1,gsm,A07
LA_E_8814171,1,ulaw,A18
LA_E_8814808,0,g722,bonafide
LA_E_8815264,1,alaw,A14
LA_E_8815401,1,g722,A07
LA_E_8815431,1,pstn,A10
LA_E_8815439,1,alaw,A10
LA_E_8815772,1,g722,A12
LA_E_8815869,1,g722,A09
LA_E_8815976,1,ulaw,A18
LA_E_8816392,1,gsm,A18
LA_E_8816448,1,opus,A11
LA_E_8817146,1,ulaw,A07
LA_E_8817231,1,gsm,A12
LA_E_8817294,1,gsm,A15
LA_E_8817392,1,ulaw,A19
LA_E_8817434,0,gsm,bonafide
LA_E_8817489,1,g722,A17
LA_E_8817542,1,pstn,A07
LA_E_8818018,1,g722,A08
LA_E_8818100,1,opus,A08
LA_E_8818268,1,gsm,A13
LA_E_8818442,1,g722,A11
LA_E_8818973,1,ulaw,A07
LA_E_8819073,1,alaw,A17
LA_E_8819597,1,pstn,A13
LA_E_8819613,1,opus,A18
LA_E_8819869,1,none,A15
LA_E_8820038,1,alaw,A16
LA_E_8820100,1,none,A10
LA_E_8820108,0,g722,bonafide
LA_E_8820193,1,none,A11
LA_E_8820327,1,ulaw,A10
LA_E_8820551,1,gsm,A15
LA_E_8820703,1,pstn,A07
LA_E_8820858,1,opus,A07
LA_E_8821368,1,opus,A19
LA_E_8821723,1,opus,A19
LA_E_8821737,1,alaw,A07
LA_E_8822051,1,none,A12
LA_E_8822278,1,ulaw,A18
LA_E_8822412,1,ulaw,A12
LA_E_8823149,1,gsm,A09
LA_E_8823155,1,gsm,A14
LA_E_8823157,1,g722,A17
LA_E_8823652,1,alaw,A09
LA_E_8823698,1,opus,A09
LA_E_8823828,1,g722,A19
LA_E_8823891,0,opus,bonafide
LA_E_8823969,1,alaw,A16
LA_E_8824167,1,pstn,A14
LA_E_8824325,1,ulaw,A16
LA_E_8824488,1,pstn,A11
LA_E_8824597,1,opus,A11
LA_E_8824662,1,none,A15
LA_E_8825267,1,alaw,A08
LA_E_8825499,1,pstn,A18
LA_E_8825671,1,pstn,A07
LA_E_8825775,1,gsm,A07
LA_E_8825984,1,gsm,A10
LA_E_8826086,1,g722,A11
LA_E_8826093,1,pstn,A14
LA_E_8826335,1,opus,A19
LA_E_8826366,1,gsm,A08
LA_E_8826674,0,none,bonafide
LA_E_8826718,1,opus,A09
LA_E_8826836,1,alaw,A17
LA_E_8826984,1,g722,A12
LA_E_8827500,1,none,A12
LA_E_8828076,1,gsm,A08
LA_E_8828105,1,pstn,A14
LA_E_8828508,1,ulaw,A14
LA_E_8829465,1,pstn,A14
LA_E_8830602,1,alaw,A08
LA_E_8830816,1,gsm,A15
LA_E_8831155,1,gsm,A13
LA_E_8831259,1,gsm,A14
LA_E_8831868,1,g722,A13
LA_E_8832097,0,ulaw,bonafide
LA_E_8832512,1,ulaw,A10
LA_E_8832819,1,ulaw,A15
LA_E_8833081,1,g722,A17
LA_E_8833125,1,none,A09
LA_E_8833223,1,g722,A15
LA_E_8833724,1,gsm,A07
LA_E_8833863,1,pstn,A16
LA_E_8833948,1,gsm,A17
LA_E_8834025,1,gsm,A08
LA_E_8834422,1,none,A15
LA_E_8834479,1,pstn,A19
LA_E_8834954,1,gsm,A10
LA_E_8835176,1,g722,A19
LA_E_8835403,1,opus,A13
LA_E_8835406,1,gsm,A09
LA_E_8835486,1,none,A12
LA_E_8835510,1,alaw,A07
LA_E_8835804,0,gsm,bonafide
LA_E_8837727,1,pstn,A19
LA_E_8837809,1,gsm,A15
LA_E_8838307,1,ulaw,A11
LA_E_8838389,1,ulaw,A11
LA_E_8838533,1,ulaw,A13
LA_E_8838633,1,gsm,A18
LA_E_8838746,0,none,bonafide
LA_E_8838831,1,gsm,A11
LA_E_8839281,1,ulaw,A19
LA_E_8839294,1,alaw,A09
LA_E_8839662,1,alaw,A12
LA_E_8839730,1,gsm,A10
LA_E_8839968,1,gsm,A14
LA_E_8840325,1,ulaw,A15
LA_E_8841088,1,pstn,A17
LA_E_8841480,1,pstn,A16
LA_E_8841515,0,g722,bonafide
LA_E_8841854,1,pstn,A11
LA_E_8842364,0,opus,bonafide
LA_E_8843249,1,ulaw,A17
LA_E_8844157,0,alaw,bonafide
LA_E_8844179,1,opus,A11
LA_E_8844506,1,pstn,A19
LA_E_8844756,1,alaw,A11
LA_E_8844994,1,opus,A07
LA_E_8845014,1,ulaw,A14
LA_E_8845067,1,g722,A15
LA_E_8845415,1,alaw,A07
LA_E_8845416,1,opus,A15
LA_E_8845519,1,alaw,A17
LA_E_8846255,1,pstn,A15
LA_E_8846331,1,alaw,A16
LA_E_8847380,1,pstn,A18
LA_E_8847442,1,ulaw,A18
LA_E_8847956,1,opus,A12
LA_E_8848568,1,opus,A07
LA_E_8848604,1,ulaw,A19
LA_E_8848981,1,ulaw,A15
LA_E_8849000,1,ulaw,A14
LA_E_8849516,1,none,A14
LA_E_8849560,1,g722,A16
LA_E_8849839,1,ulaw,A07
LA_E_8849858,1,alaw,A16
LA_E_8850212,1,ulaw,A13
LA_E_8850255,1,g722,A10
LA_E_8850384,1,opus,A08
LA_E_8850735,1,pstn,A16
LA_E_8850850,1,none,A11
LA_E_8850955,1,opus,A10
LA_E_8850959,1,gsm,A13
LA_E_8850992,1,gsm,A13
LA_E_8850994,0,alaw,bonafide
LA_E_8851219,1,alaw,A16
LA_E_8851885,1,g722,A17
LA_E_8851928,1,ulaw,A17
LA_E_8852109,1,pstn,A10
LA_E_8852137,1,alaw,A12
LA_E_8852244,1,pstn,A15
LA_E_8852520,1,pstn,A18
LA_E_8852789,1,none,A08
LA_E_8853138,1,g722,A07
LA_E_8853377,1,alaw,A17
LA_E_8853429,1,none,A13
LA_E_8853431,1,gsm,A16
LA_E_8853648,1,alaw,A16
LA_E_8853809,1,g722,A10
LA_E_8854011,1,alaw,A16
LA_E_8854085,1,ulaw,A15
LA_E_8854357,1,none,A18
LA_E_8855099,1,none,A15
LA_E_8855253,1,none,A11
LA_E_8855327,1,gsm,A09
LA_E_8855518,1,gsm,A18
LA_E_8856091,1,gsm,A12
LA_E_8856117,1,pstn,A08
LA_E_8856461,1,ulaw,A13
LA_E_8856804,1,pstn,A09
LA_E_8857296,0,g722,bonafide
LA_E_8857763,1,ulaw,A14
LA_E_8858340,1,g722,A19
LA_E_8858421,1,gsm,A18
LA_E_8858434,1,pstn,A15
LA_E_8858787,1,ulaw,A16
LA_E_8858962,1,gsm,A14
LA_E_8859141,1,gsm,A16
LA_E_8859364,0,none,bonafide
LA_E_8859504,1,none,A14
LA_E_8859590,1,pstn,A12
LA_E_8860010,1,none,A14
LA_E_8860168,0,gsm,bonafide
LA_E_8860305,1,g722,A10
LA_E_8860486,1,none,A16
LA_E_8860578,1,none,A12
LA_E_8861025,1,alaw,A11
LA_E_8861034,1,pstn,A16
LA_E_8861064,1,ulaw,A08
LA_E_8861111,1,g722,A08
LA_E_8861206,1,opus,A14
LA_E_8861439,1,g722,A11
LA_E_8861540,1,alaw,A17
LA_E_8861559,1,alaw,A07
LA_E_8861831,1,gsm,A08
LA_E_8861858,1,gsm,A09
LA_E_8861996,1,gsm,A17
LA_E_8862132,1,opus,A07
LA_E_8862806,1,opus,A11
LA_E_8863455,0,ulaw,bonafide
LA_E_8863551,1,ulaw,A13
LA_E_8863575,1,g722,A07
LA_E_8864037,1,opus,A19
LA_E_8864101,1,gsm,A10
LA_E_8864369,1,opus,A17
LA_E_8864412,1,pstn,A17
LA_E_8864778,0,gsm,bonafide
LA_E_8864868,1,g722,A19
LA_E_8864889,1,alaw,A15
LA_E_8864945,1,gsm,A10
LA_E_8865350,1,ulaw,A08
LA_E_8865424,1,gsm,A15
LA_E_8865786,1,ulaw,A18
LA_E_8866195,1,ulaw,A09
LA_E_8866253,1,ulaw,A10
LA_E_8866260,1,ulaw,A15
LA_E_8866326,1,gsm,A17
LA_E_8866984,1,gsm,A12
LA_E_8867027,0,ulaw,bonafide
LA_E_8867524,1,g722,A10
LA_E_8868230,1,pstn,A09
LA_E_8868237,1,gsm,A09
LA_E_8868571,1,pstn,A18
LA_E_8868578,1,ulaw,A10
LA_E_8868876,1,ulaw,A09
LA_E_8868887,1,gsm,A07
LA_E_8868935,1,gsm,A11
LA_E_8869027,1,alaw,A17
LA_E_8869114,1,opus,A19
LA_E_8869200,1,opus,A07
LA_E_8869529,1,opus,A10
LA_E_8869770,1,gsm,A13
LA_E_8869907,1,gsm,A10
LA_E_8870169,1,gsm,A15
LA_E_8870216,1,gsm,A16
LA_E_8870509,1,ulaw,A14
LA_E_8870647,1,alaw,A11
LA_E_8870917,1,alaw,A19
LA_E_8871018,1,alaw,A12
LA_E_8871190,1,gsm,A17
LA_E_8871204,1,none,A16
LA_E_8871287,1,ulaw,A10
LA_E_8871500,1,g722,A15
LA_E_8871656,1,opus,A07
LA_E_8872022,1,opus,A19
LA_E_8872058,1,opus,A10
LA_E_8872354,1,g722,A19
LA_E_8872444,1,g722,A15
LA_E_8872812,1,gsm,A07
LA_E_8873019,1,gsm,A18
LA_E_8873122,1,gsm,A15
LA_E_8873301,1,pstn,A18
LA_E_8873773,1,g722,A11
LA_E_8873898,1,g722,A19
LA_E_8874598,1,g722,A09
LA_E_8874668,1,ulaw,A19
LA_E_8874862,1,alaw,A08
LA_E_8874874,1,none,A15
LA_E_8875623,1,g722,A13
LA_E_8875876,0,ulaw,bonafide
LA_E_8876146,1,alaw,A14
LA_E_8876425,0,none,bonafide
LA_E_8877162,1,none,A10
LA_E_8877216,1,gsm,A12
LA_E_8877332,1,gsm,A16
LA_E_8877379,1,opus,A17
LA_E_8877443,1,none,A19
LA_E_8877475,1,none,A11
LA_E_8877997,1,opus,A18
LA_E_8878543,1,alaw,A09
LA_E_8878707,1,opus,A15
LA_E_8878962,1,ulaw,A18
LA_E_8879019,1,alaw,A18
LA_E_8879224,1,ulaw,A14
LA_E_8879284,1,alaw,A19
LA_E_8879310,1,gsm,A07
LA_E_8879328,1,pstn,A19
LA_E_8879417,1,gsm,A08
LA_E_8879420,1,alaw,A15
LA_E_8879440,1,ulaw,A08
LA_E_8879836,1,ulaw,A08
LA_E_8880051,1,gsm,A18
LA_E_8880376,1,alaw,A12
LA_E_8880525,1,none,A19
LA_E_8880527,1,none,A13
LA_E_8880588,1,gsm,A14
LA_E_8880669,1,g722,A11
LA_E_8880685,0,alaw,bonafide
LA_E_8881299,0,ulaw,bonafide
LA_E_8881982,1,g722,A09
LA_E_8882037,1,none,A08
LA_E_8882415,0,gsm,bonafide
LA_E_8882461,1,ulaw,A08
LA_E_8882666,1,g722,A15
LA_E_8882788,1,gsm,A15
LA_E_8882839,1,opus,A13
LA_E_8883098,1,gsm,A14
LA_E_8883403,1,gsm,A09
LA_E_8883432,1,none,A17
LA_E_8883864,1,pstn,A11
LA_E_8884072,1,opus,A15
LA_E_8884596,0,opus,bonafide
LA_E_8884645,1,g722,A16
LA_E_8884732,1,opus,A09
LA_E_8884737,1,g722,A10
LA_E_8884792,1,ulaw,A08
LA_E_8884814,1,alaw,A12
LA_E_8885212,1,pstn,A13
LA_E_8885250,1,ulaw,A09
LA_E_8885635,1,g722,A15
LA_E_8885854,1,g722,A12
LA_E_8886035,0,alaw,bonafide
LA_E_8886597,1,ulaw,A17
LA_E_8887482,1,none,A07
LA_E_8887536,1,ulaw,A18
LA_E_8887548,1,pstn,A15
LA_E_8887679,1,opus,A17
LA_E_8887742,1,ulaw,A17
LA_E_8887958,1,g722,A18
LA_E_8888273,1,pstn,A09
LA_E_8888348,1,none,A13
LA_E_8888372,1,gsm,A17
LA_E_8888491,1,ulaw,A15
LA_E_8888584,0,g722,bonafide
LA_E_8888786,1,gsm,A08
LA_E_8888958,1,opus,A15
LA_E_8888980,1,none,A15
LA_E_8889011,1,gsm,A16
LA_E_8889043,1,none,A09
LA_E_8889261,1,none,A08
LA_E_8889299,1,opus,A08
LA_E_8890310,1,gsm,A12
LA_E_8890337,1,gsm,A16
LA_E_8891594,0,ulaw,bonafide
LA_E_8892043,1,ulaw,A13
LA_E_8892118,1,gsm,A09
LA_E_8892490,1,gsm,A10
LA_E_8892728,1,g722,A11
LA_E_8893433,1,gsm,A17
LA_E_8893658,1,g722,A11
LA_E_8893734,1,none,A16
LA_E_8893739,1,g722,A11
LA_E_8893881,1,alaw,A09
LA_E_8893958,1,opus,A09
LA_E_8894227,0,opus,bonafide
LA_E_8894234,1,g722,A17
LA_E_8895044,0,none,bonafide
LA_E_8895084,1,pstn,A13
LA_E_8895098,1,none,A10
LA_E_8895257,1,opus,A18
LA_E_8895689,1,alaw,A09
LA_E_8895896,1,gsm,A11
LA_E_8896513,1,gsm,A09
LA_E_8896967,1,gsm,A12
LA_E_8897355,1,gsm,A13
LA_E_8897458,1,g722,A11
LA_E_8898858,1,opus,A11
LA_E_8899165,1,pstn,A12
LA_E_8899213,0,g722,bonafide
LA_E_8899278,1,pstn,A15
LA_E_8899319,1,opus,A08
LA_E_8899631,1,opus,A08
LA_E_8900012,1,ulaw,A13
LA_E_8900383,1,alaw,A07
LA_E_8901037,1,g722,A14
LA_E_8901048,1,none,A07
LA_E_8901175,1,gsm,A13
LA_E_8901468,1,none,A08
LA_E_8901796,1,opus,A09
LA_E_8901814,1,pstn,A09
LA_E_8901889,1,opus,A16
LA_E_8902496,1,ulaw,A16
LA_E_8902530,1,g722,A14
LA_E_8902988,1,ulaw,A16
LA_E_8903036,1,gsm,A10
LA_E_8903157,1,ulaw,A12
LA_E_8903388,1,none,A10
LA_E_8903604,1,alaw,A13
LA_E_8903710,1,none,A13
LA_E_8903787,1,opus,A17
LA_E_8903870,1,none,A12
LA_E_8904080,1,ulaw,A18
LA_E_8904187,1,pstn,A17
LA_E_8904311,1,alaw,A11
LA_E_8904338,1,none,A19
LA_E_8904691,1,pstn,A11
LA_E_8904729,1,alaw,A10
LA_E_8905002,1,g722,A12
LA_E_8905029,1,ulaw,A11
LA_E_8905399,1,ulaw,A10
LA_E_8905696,1,gsm,A11
LA_E_8905742,1,pstn,A19
LA_E_8906353,1,none,A15
LA_E_8906802,1,opus,A16
LA_E_8907096,1,alaw,A14
LA_E_8907542,1,opus,A15
LA_E_8907631,1,gsm,A18
LA_E_8907768,1,none,A15
LA_E_8908050,1,g722,A08
LA_E_8909222,1,opus,A08
LA_E_8909317,1,opus,A08
LA_E_8909319,1,pstn,A07
LA_E_8909656,1,opus,A17
LA_E_8909841,1,opus,A13
LA_E_8910111,1,pstn,A17
LA_E_8910429,1,g722,A08
LA_E_8910591,1,alaw,A14
LA_E_8910627,1,ulaw,A14
LA_E_8911326,1,ulaw,A19
LA_E_8911574,1,gsm,A16
LA_E_8911609,1,ulaw,A17
LA_E_8911784,1,opus,A14
LA_E_8911881,1,ulaw,A18
LA_E_8912571,1,pstn,A19
LA_E_8912639,1,gsm,A19
LA_E_8912809,1,ulaw,A08
LA_E_8912816,1,pstn,A11
LA_E_8912818,1,none,A14
LA_E_8912894,1,ulaw,A16
LA_E_8913249,1,none,A17
LA_E_8913252,1,pstn,A13
LA_E_8913258,1,gsm,A07
LA_E_8913541,1,alaw,A14
LA_E_8913738,1,gsm,A16
LA_E_8914479,1,opus,A11
LA_E_8914717,1,pstn,A13
LA_E_8914838,1,ulaw,A18
LA_E_8914851,1,gsm,A09
LA_E_8914873,1,none,A18
LA_E_8915203,1,gsm,A19
LA_E_8915258,1,gsm,A09
LA_E_8915274,1,ulaw,A18
LA_E_8915680,1,ulaw,A09
LA_E_8915700,0,gsm,bonafide
LA_E_8915752,1,pstn,A12
LA_E_8916008,1,opus,A16
LA_E_8916077,1,none,A17
LA_E_8916172,1,alaw,A11
LA_E_8916398,1,ulaw,A18
LA_E_8916638,1,pstn,A08
LA_E_8916665,0,opus,bonafide
LA_E_8916719,1,gsm,A12
LA_E_8916864,1,none,A19
LA_E_8917054,1,pstn,A19
LA_E_8917244,1,none,A09
LA_E_8917454,1,pstn,A14
LA_E_8917524,1,g722,A18
LA_E_8918194,1,gsm,A17
LA_E_8918565,1,alaw,A11
LA_E_8918681,1,pstn,A11
LA_E_8918855,1,g722,A14
LA_E_8918885,1,none,A10
LA_E_8918913,1,gsm,A14
LA_E_8919684,1,pstn,A08
LA_E_8920026,1,alaw,A16
LA_E_8920637,1,opus,A19
LA_E_8920741,1,alaw,A10
LA_E_8920747,1,none,A13
LA_E_8921022,1,ulaw,A15
LA_E_8921111,1,g722,A07
LA_E_8921394,1,pstn,A09
LA_E_8921877,1,alaw,A12
LA_E_8922181,1,opus,A08
LA_E_8922207,1,ulaw,A17
LA_E_8922376,1,ulaw,A19
LA_E_8922553,1,pstn,A11
LA_E_8923578,1,none,A11
LA_E_8923586,1,pstn,A19
LA_E_8923621,1,ulaw,A10
LA_E_8924017,1,ulaw,A16
LA_E_8924064,1,opus,A07
LA_E_8924232,1,g722,A10
LA_E_8924331,1,alaw,A16
LA_E_8924413,1,gsm,A11
LA_E_8924784,1,alaw,A10
LA_E_8924975,1,alaw,A11
LA_E_8925058,1,alaw,A18
LA_E_8925345,1,opus,A10
LA_E_8925430,1,gsm,A17
LA_E_8925954,1,pstn,A12
LA_E_8926482,1,none,A14
LA_E_8926656,1,none,A08
LA_E_8927602,1,none,A14
LA_E_8927730,1,pstn,A09
LA_E_8928140,1,gsm,A14
LA_E_8928519,1,opus,A15
LA_E_8928661,1,alaw,A18
LA_E_8928852,1,opus,A10
LA_E_8929572,1,pstn,A14
LA_E_8929738,1,pstn,A12
LA_E_8930884,1,alaw,A11
LA_E_8931256,1,g722,A15
LA_E_8931707,1,none,A15
LA_E_8931975,1,pstn,A17
LA_E_8932110,1,ulaw,A10
LA_E_8932320,1,opus,A07
LA_E_8932439,1,pstn,A13
LA_E_8932451,1,opus,A10
LA_E_8932557,1,g722,A08
LA_E_8932975,1,pstn,A18
LA_E_8933544,0,alaw,bonafide
LA_E_8933612,0,pstn,bonafide
LA_E_8933684,1,g722,A07
LA_E_8933822,1,none,A13
LA_E_8933961,1,ulaw,A13
LA_E_8934023,1,alaw,A12
LA_E_8934395,1,none,A10
LA_E_8934440,1,none,A15
LA_E_8934715,1,none,A07
LA_E_8934880,1,g722,A17
LA_E_8935156,1,g722,A08
LA_E_8935168,1,none,A09
LA_E_8935499,1,alaw,A10
LA_E_8935961,1,alaw,A13
LA_E_8936193,1,g722,A19
LA_E_8936675,1,pstn,A12
LA_E_8936688,1,g722,A13
LA_E_8936948,1,none,A15
LA_E_8937432,1,g722,A17
LA_E_8937681,0,alaw,bonafide
LA_E_8938141,1,opus,A08
LA_E_8938253,0,ulaw,bonafide
LA_E_8938718,1,alaw,A19
LA_E_8938826,1,opus,A19
LA_E_8939500,0,opus,bonafide
LA_E_8939874,1,g722,A14
LA_E_8940377,1,opus,A12
LA_E_8940469,1,alaw,A16
LA_E_8940490,1,opus,A14
LA_E_8940632,1,opus,A10
LA_E_8940884,1,pstn,A15
LA_E_8940939,1,gsm,A13
LA_E_8941024,1,g722,A16
LA_E_8941139,1,alaw,A16
LA_E_8941229,1,gsm,A14
LA_E_8941316,1,none,A10
LA_E_8941961,1,g722,A17
LA_E_8942059,1,opus,A08
LA_E_8942211,1,none,A13
LA_E_8942654,1,ulaw,A19
LA_E_8942844,1,ulaw,A08
LA_E_8942849,1,g722,A08
LA_E_8943181,1,ulaw,A16
LA_E_8944420,1,pstn,A12
LA_E_8944478,1,pstn,A08
LA_E_8944794,1,none,A17
LA_E_8945003,1,ulaw,A17
LA_E_8945124,1,ulaw,A08
LA_E_8945597,1,alaw,A18
LA_E_8946108,1,ulaw,A16
LA_E_8946156,1,g722,A09
LA_E_8946747,1,g722,A16
LA_E_8946894,1,gsm,A11
LA_E_8947031,1,alaw,A16
LA_E_8947054,1,alaw,A19
LA_E_8947193,1,gsm,A16
LA_E_8947304,1,pstn,A13
LA_E_8947404,1,opus,A18
LA_E_8947444,1,ulaw,A15
LA_E_8947567,1,pstn,A07
LA_E_8948383,1,ulaw,A14
LA_E_8948546,1,gsm,A17
LA_E_8948656,1,opus,A11
LA_E_8948774,1,opus,A16
LA_E_8948787,1,pstn,A18
LA_E_8949419,1,gsm,A09
LA_E_8949465,1,gsm,A16
LA_E_8949595,1,none,A12
LA_E_8949753,1,gsm,A13
LA_E_8949974,1,alaw,A09
LA_E_8950035,1,g722,A12
LA_E_8950516,1,none,A15
LA_E_8951420,1,pstn,A10
LA_E_8951996,1,g722,A09
LA_E_8952056,1,opus,A15
LA_E_8952478,1,pstn,A19
LA_E_8953409,1,none,A12
LA_E_8953654,1,gsm,A11
LA_E_8953667,1,opus,A18
LA_E_8953739,1,none,A07
LA_E_8953911,0,alaw,bonafide
LA_E_8954025,0,gsm,bonafide
LA_E_8954128,1,none,A09
LA_E_8954350,1,opus,A12
LA_E_8954547,1,ulaw,A12
LA_E_8954804,1,ulaw,A15
LA_E_8954904,1,none,A14
LA_E_8955153,1,none,A19
LA_E_8955211,1,alaw,A18
LA_E_8955460,1,alaw,A15
LA_E_8955529,1,none,A12
LA_E_8955533,1,g722,A11
LA_E_8955534,1,alaw,A17
LA_E_8955594,1,alaw,A13
LA_E_8955600,1,alaw,A07
LA_E_8955918,1,pstn,A14
LA_E_8956627,1,opus,A13
LA_E_8956918,1,pstn,A07
LA_E_8956954,1,opus,A10
LA_E_8957157,1,none,A15
LA_E_8957761,1,opus,A15
LA_E_8957762,1,gsm,A15
LA_E_8958154,1,ulaw,A18
LA_E_8958249,1,ulaw,A08
LA_E_8958964,1,opus,A08
LA_E_8959055,1,alaw,A19
LA_E_8959336,1,none,A11
LA_E_8959861,1,opus,A13
LA_E_8960005,1,alaw,A08
LA_E_8960632,1,alaw,A11
LA_E_8961036,0,alaw,bonafide
LA_E_8961235,1,alaw,A13
LA_E_8961277,1,g722,A07
LA_E_8961530,1,g722,A14
LA_E_8961541,1,none,A15
LA_E_8962258,1,none,A12
LA_E_8962349,1,opus,A15
LA_E_8962539,1,g722,A12
LA_E_8962893,1,none,A09
LA_E_8963302,1,gsm,A19
LA_E_8963340,1,g722,A11
LA_E_8963458,1,pstn,A14
LA_E_8963603,1,none,A14
LA_E_8963874,1,opus,A18
LA_E_8964190,1,none,A07
LA_E_8964273,1,opus,A13
LA_E_8965074,1,gsm,A15
LA_E_8965345,1,alaw,A12
LA_E_8965747,1,ulaw,A16
LA_E_8965815,0,none,bonafide
LA_E_8966038,1,g722,A11
LA_E_8966088,1,g722,A17
LA_E_8966497,0,opus,bonafide
LA_E_8966804,0,pstn,bonafide
LA_E_8966946,1,gsm,A08
LA_E_8966954,0,ulaw,bonafide
LA_E_8967117,1,opus,A15
LA_E_8967337,1,ulaw,A07
LA_E_8967764,1,pstn,A19
LA_E_8967814,1,opus,A08
LA_E_8967963,0,pstn,bonafide
LA_E_8967977,1,alaw,A15
LA_E_8968170,1,pstn,A07
LA_E_8968173,1,opus,A13
LA_E_8968839,1,none,A08
LA_E_8969440,1,g722,A14
LA_E_8969736,1,gsm,A18
LA_E_8970199,0,gsm,bonafide
LA_E_8970291,1,pstn,A12
LA_E_8970356,1,pstn,A13
LA_E_8970452,1,g722,A07
LA_E_8970469,1,g722,A09
LA_E_8970581,1,none,A07
LA_E_8970610,1,ulaw,A16
LA_E_8970703,1,gsm,A10
LA_E_8971102,1,alaw,A14
LA_E_8971705,1,pstn,A15
LA_E_8972519,1,ulaw,A10
LA_E_8972895,1,g722,A14
LA_E_8973142,1,opus,A13
LA_E_8974288,0,pstn,bonafide
LA_E_8974360,1,gsm,A18
LA_E_8974450,1,none,A17
LA_E_8974756,1,opus,A10
LA_E_8975355,1,ulaw,A14
LA_E_8975700,1,g722,A16
LA_E_8975800,1,alaw,A09
LA_E_8976003,1,opus,A07
LA_E_8976323,1,g722,A10
LA_E_8976465,1,ulaw,A19
LA_E_8976824,1,gsm,A19
LA_E_8976991,1,g722,A14
LA_E_8976992,1,opus,A19
LA_E_8977071,1,none,A07
LA_E_8977338,1,opus,A09
LA_E_8977421,1,opus,A19
LA_E_8977527,1,alaw,A15
LA_E_8977612,1,g722,A14
LA_E_8978267,1,g722,A19
LA_E_8978537,1,pstn,A18
LA_E_8978944,1,g722,A10
LA_E_8979171,1,gsm,A10
LA_E_8979524,1,ulaw,A10
LA_E_8979719,1,none,A11
LA_E_8980017,1,alaw,A12
LA_E_8980183,1,gsm,A19
LA_E_8980606,1,pstn,A08
LA_E_8980745,1,ulaw,A17
LA_E_8980818,1,pstn,A17
LA_E_8980836,1,g722,A15
LA_E_8981547,1,pstn,A12
LA_E_8981752,1,g722,A15
LA_E_8981908,1,none,A09
LA_E_8982042,1,ulaw,A08
LA_E_8982086,1,g722,A17
LA_E_8982255,1,alaw,A10
LA_E_8982276,1,none,A08
LA_E_8982437,0,gsm,bonafide
LA_E_8982575,1,none,A10
LA_E_8982679,1,alaw,A07
LA_E_8982797,1,pstn,A10
LA_E_8983531,1,g722,A19
LA_E_8983552,0,gsm,bonafide
LA_E_8984099,1,g722,A12
LA_E_8984234,1,opus,A19
LA_E_8984497,1,opus,A16
LA_E_8984812,1,g722,A15
LA_E_8984867,1,gsm,A12
LA_E_8984892,0,pstn,bonafide
LA_E_8985063,1,ulaw,A09
LA_E_8985096,1,none,A07
LA_E_8985153,1,ulaw,A19
LA_E_8985663,1,pstn,A18
LA_E_8986303,1,g722,A09
LA_E_8986516,1,alaw,A11
LA_E_8986532,1,pstn,A12
LA_E_8986590,1,ulaw,A11
LA_E_8987426,1,g722,A11
LA_E_8987538,1,pstn,A10
LA_E_8987929,1,ulaw,A18
LA_E_8988612,0,pstn,bonafide
LA_E_8988743,1,g722,A19
LA_E_8988766,1,ulaw,A19
LA_E_8988906,1,g722,A10
LA_E_8988963,1,gsm,A16
LA_E_8989094,1,pstn,A09
LA_E_8989385,1,opus,A14
LA_E_8989399,1,ulaw,A12
LA_E_8989492,0,opus,bonafide
LA_E_8989717,1,gsm,A08
LA_E_8989896,1,gsm,A07
LA_E_8989960,1,opus,A11
LA_E_8990077,1,none,A17
LA_E_8990105,1,none,A10
LA_E_8990136,0,pstn,bonafide
LA_E_8990182,1,gsm,A07
LA_E_8990701,1,pstn,A17
LA_E_8990863,1,g722,A09
LA_E_8990881,1,pstn,A14
LA_E_8991094,1,opus,A15
LA_E_8991111,1,ulaw,A15
LA_E_8991166,1,opus,A14
LA_E_8991439,1,g722,A14
LA_E_8991534,1,none,A07
LA_E_8991717,1,ulaw,A15
LA_E_8991765,1,ulaw,A10
LA_E_8991903,1,none,A08
LA_E_8992326,1,gsm,A17
LA_E_8992356,1,gsm,A18
LA_E_8992746,1,gsm,A19
LA_E_8992964,1,g722,A13
LA_E_8993166,1,pstn,A12
LA_E_8993457,1,ulaw,A10
LA_E_8993719,1,g722,A14
LA_E_8993751,1,opus,A10
LA_E_8993774,1,alaw,A09
LA_E_8994597,1,alaw,A18
LA_E_8994776,1,gsm,A16
LA_E_8995044,1,g722,A11
LA_E_8995079,1,gsm,A11
LA_E_8995486,1,ulaw,A11
LA_E_8995617,1,none,A13
LA_E_8995760,1,pstn,A08
LA_E_8996005,1,none,A07
LA_E_8996311,1,opus,A11
LA_E_8996344,1,opus,A10
LA_E_8996348,1,none,A09
LA_E_8996804,1,gsm,A08
LA_E_8997503,1,pstn,A16
LA_E_8997771,1,pstn,A19
LA_E_8997781,1,g722,A16
LA_E_8998045,1,pstn,A13
LA_E_8998078,1,ulaw,A09
LA_E_8998199,1,none,A19
LA_E_8998215,1,gsm,A13
LA_E_8998350,1,gsm,A17
LA_E_8998413,1,gsm,A12
LA_E_8998640,1,opus,A10
LA_E_8999659,1,g722,A16
LA_E_8999706,1,none,A12
LA_E_9000146,1,none,A16
LA_E_9000326,1,opus,A09
LA_E_9000611,1,opus,A19
LA_E_9000652,0,alaw,bonafide
LA_E_9001152,1,alaw,A13
LA_E_9001734,1,g722,A09
LA_E_9002941,1,ulaw,A10
LA_E_9003232,1,none,A13
LA_E_9003301,1,alaw,A13
LA_E_9003347,1,none,A19
LA_E_9003510,1,g722,A11
LA_E_9003596,1,gsm,A09
LA_E_9003638,1,pstn,A07
LA_E_9004056,1,g722,A16
LA_E_9004141,1,g722,A12
LA_E_9004229,0,alaw,bonafide
LA_E_9004487,1,gsm,A18
LA_E_9005459,1,opus,A09
LA_E_9005496,1,opus,A09
LA_E_9005685,1,alaw,A15
LA_E_9006133,1,ulaw,A17
LA_E_9006294,1,opus,A13
LA_E_9007002,1,g722,A09
LA_E_9007090,1,opus,A19
LA_E_9007167,1,g722,A18
LA_E_9007561,1,gsm,A14
LA_E_9008172,1,pstn,A15
LA_E_9008175,1,gsm,A12
LA_E_9008334,1,pstn,A09
LA_E_9009240,0,ulaw,bonafide
LA_E_9009455,1,gsm,A10
LA_E_9009818,1,g722,A13
LA_E_9009968,0,opus,bonafide
LA_E_9010445,1,gsm,A10
LA_E_9010601,1,alaw,A12
LA_E_9011101,1,ulaw,A17
LA_E_9011440,1,none,A10
LA_E_9011565,1,ulaw,A16
LA_E_9011687,1,alaw,A08
LA_E_9011821,1,ulaw,A13
LA_E_9011954,1,gsm,A10
LA_E_9012419,1,gsm,A14
LA_E_9012444,1,opus,A14
LA_E_9012616,1,gsm,A18
LA_E_9012773,1,alaw,A16
LA_E_9012872,1,gsm,A14
LA_E_9013064,1,pstn,A16
LA_E_9013098,1,g722,A12
LA_E_9013154,1,pstn,A19
LA_E_9013269,1,gsm,A09
LA_E_9013488,1,g722,A15
LA_E_9013520,1,none,A17
LA_E_9013883,1,ulaw,A15
LA_E_9014040,1,alaw,A17
LA_E_9014191,1,gsm,A09
LA_E_9014554,1,gsm,A10
LA_E_9014877,1,ulaw,A18
LA_E_9014880,1,ulaw,A15
LA_E_9014982,1,gsm,A13
LA_E_9015057,1,gsm,A10
LA_E_9015322,1,none,A09
LA_E_9015338,0,pstn,bonafide
LA_E_9015925,1,opus,A14
LA_E_9016152,1,alaw,A19
LA_E_9016365,1,opus,A10
LA_E_9016484,1,opus,A09
LA_E_9017568,1,ulaw,A14
LA_E_9017907,1,alaw,A15
LA_E_9017913,1,none,A18
LA_E_9018092,1,pstn,A15
LA_E_9018228,1,g722,A07
LA_E_9018484,1,none,A13
LA_E_9018574,1,opus,A19
LA_E_9019064,1,pstn,A09
LA_E_9019294,1,alaw,A08
LA_E_9019384,0,alaw,bonafide
LA_E_9019865,1,alaw,A19
LA_E_9019895,1,none,A09
LA_E_9020390,1,alaw,A17
LA_E_9020572,1,gsm,A19
LA_E_9020804,1,none,A15
LA_E_9021653,1,g722,A19
LA_E_9021692,1,gsm,A16
LA_E_9021933,1,none,A19
LA_E_9022642,1,ulaw,A08
LA_E_9022643,1,alaw,A14
LA_E_9023219,1,gsm,A13
LA_E_9023338,1,g722,A08
LA_E_9023579,1,ulaw,A17
LA_E_9024094,1,ulaw,A08
LA_E_9024264,1,pstn,A07
LA_E_9024624,1,alaw,A16
LA_E_9024705,1,pstn,A10
LA_E_9024831,1,ulaw,A17
LA_E_9024856,1,pstn,A11
LA_E_9025182,1,pstn,A12
LA_E_9025508,1,ulaw,A17
LA_E_9025783,1,ulaw,A16
LA_E_9025793,1,none,A11
LA_E_9026269,1,alaw,A12
LA_E_9026376,1,ulaw,A15
LA_E_9026548,1,ulaw,A11
LA_E_9026970,1,gsm,A08
LA_E_9027130,1,alaw,A14
LA_E_9027570,1,alaw,A12
LA_E_9027652,1,none,A07
LA_E_9027783,1,pstn,A17
LA_E_9028195,1,gsm,A12
LA_E_9028648,1,none,A15
LA_E_9028771,1,alaw,A09
LA_E_9028960,1,opus,A14
LA_E_9028978,1,pstn,A14
LA_E_9029495,1,ulaw,A18
LA_E_9029504,1,opus,A12
LA_E_9029664,1,gsm,A16
LA_E_9029711,1,g722,A12
LA_E_9030031,1,g722,A14
LA_E_9030228,1,none,A18
LA_E_9030871,1,pstn,A17
LA_E_9031237,1,ulaw,A11
LA_E_9031491,1,g722,A08
LA_E_9031882,0,ulaw,bonafide
LA_E_9031922,1,gsm,A10
LA_E_9032083,1,pstn,A16
LA_E_9032287,1,none,A14
LA_E_9032522,1,opus,A13
LA_E_9032601,1,opus,A19
LA_E_9033045,1,g722,A12
LA_E_9033119,1,ulaw,A18
LA_E_9033713,1,ulaw,A16
LA_E_9033862,1,g722,A14
LA_E_9033958,1,alaw,A14
LA_E_9034026,1,gsm,A09
LA_E_9034108,1,g722,A16
LA_E_9034138,1,pstn,A19
LA_E_9034167,1,gsm,A14
LA_E_9034261,1,gsm,A11
LA_E_9034758,1,ulaw,A16
LA_E_9035100,1,g722,A14
LA_E_9035287,1,pstn,A12
LA_E_9035337,1,alaw,A14
LA_E_9035360,1,alaw,A15
LA_E_9035583,1,alaw,A18
LA_E_9035738,1,pstn,A10
LA_E_9036026,1,g722,A11
LA_E_9036123,1,gsm,A09
LA_E_9036438,1,opus,A19
LA_E_9037519,1,ulaw,A09
LA_E_9037708,1,pstn,A17
LA_E_9037873,1,ulaw,A08
LA_E_9038496,1,alaw,A17
LA_E_9038641,1,none,A12
LA_E_9039243,1,ulaw,A18
LA_E_9040497,1,opus,A19
LA_E_9040755,1,gsm,A17
LA_E_9040923,1,gsm,A07
LA_E_9040969,1,none,A15
LA_E_9041334,0,opus,bonafide
LA_E_9041352,1,g722,A17
LA_E_9041889,1,g722,A10
LA_E_9042371,1,none,A13
LA_E_9042804,1,none,A15
LA_E_9043355,1,g722,A14
LA_E_9043380,1,gsm,A08
LA_E_9043463,1,pstn,A13
LA_E_9043675,1,g722,A09
LA_E_9043900,1,gsm,A08
LA_E_9043949,1,none,A15
LA_E_9044323,1,ulaw,A12
LA_E_9044755,1,alaw,A11
LA_E_9044933,0,alaw,bonafide
LA_E_9045062,1,opus,A14
LA_E_9045668,1,alaw,A13
LA_E_9045768,1,alaw,A18
LA_E_9046154,1,pstn,A12
LA_E_9046346,1,none,A16
LA_E_9046537,1,pstn,A13
LA_E_9046972,1,g722,A17
LA_E_9047509,1,none,A07
LA_E_9047850,1,alaw,A12
LA_E_9048459,1,g722,A14
LA_E_9049145,1,alaw,A11
LA_E_9049368,1,gsm,A12
LA_E_9049462,1,none,A13
LA_E_9049466,1,g722,A13
LA_E_9049822,1,gsm,A15
LA_E_9049930,1,gsm,A14
LA_E_9050157,1,opus,A17
LA_E_9050345,1,none,A10
LA_E_9050360,1,none,A07
LA_E_9050469,1,ulaw,A11
LA_E_9050509,1,g722,A15
LA_E_9050588,1,gsm,A09
LA_E_9051616,1,alaw,A13
LA_E_9051995,1,opus,A19
LA_E_9052727,1,ulaw,A15
LA_E_9053081,1,opus,A11
LA_E_9053481,0,opus,bonafide
LA_E_9053546,1,pstn,A08
LA_E_9053801,1,pstn,A16
LA_E_9054176,1,ulaw,A16
LA_E_9054265,1,alaw,A10
LA_E_9054290,1,alaw,A10
LA_E_9054921,1,opus,A17
LA_E_9055050,1,none,A08
LA_E_9055138,1,pstn,A14
LA_E_9055936,1,pstn,A13
LA_E_9055944,0,gsm,bonafide
LA_E_9056185,1,pstn,A18
LA_E_9056278,1,ulaw,A15
LA_E_9056978,1,pstn,A16
LA_E_9057015,1,gsm,A09
LA_E_9057030,1,alaw,A07
LA_E_9057622,1,opus,A17
LA_E_9057719,0,gsm,bonafide
LA_E_9057816,1,alaw,A09
LA_E_9058026,1,gsm,A08
LA_E_9058126,0,opus,bonafide
LA_E_9058551,1,alaw,A13
LA_E_9058672,1,g722,A09
LA_E_9058813,1,pstn,A16
LA_E_9058861,1,opus,A12
LA_E_9059132,1,gsm,A14
LA_E_9059727,1,alaw,A12
LA_E_9060444,1,gsm,A16
LA_E_9060464,1,g722,A13
LA_E_9060525,1,alaw,A15
LA_E_9060687,1,pstn,A17
LA_E_9060897,1,opus,A16
LA_E_9061486,1,none,A18
LA_E_9061657,1,pstn,A18
LA_E_9062092,1,alaw,A07
LA_E_9062319,0,opus,bonafide
LA_E_9062437,1,none,A19
LA_E_9062478,1,none,A19
LA_E_9062632,1,alaw,A08
LA_E_9062672,1,pstn,A18
LA_E_9062824,1,pstn,A08
LA_E_9062910,1,opus,A10
LA_E_9063068,1,g722,A17
LA_E_9063355,1,gsm,A12
LA_E_9063902,1,pstn,A11
LA_E_9063967,1,pstn,A16
LA_E_9064165,1,none,A18
LA_E_9064385,1,pstn,A19
LA_E_9064760,1,alaw,A10
LA_E_9064897,1,alaw,A13
LA_E_9065224,1,pstn,A18
LA_E_9065376,1,alaw,A07
LA_E_9065468,1,g722,A10
LA_E_9065482,0,none,bonafide
LA_E_9065745,1,gsm,A16
LA_E_9065800,1,none,A09
LA_E_9065883,1,none,A15
LA_E_9066114,1,ulaw,A10
LA_E_9067244,1,none,A10
LA_E_9067397,1,ulaw,A08
LA_E_9067505,1,pstn,A10
LA_E_9067653,1,g722,A18
LA_E_9067655,1,pstn,A16
LA_E_9068112,1,none,A08
LA_E_9068136,1,gsm,A18
LA_E_9068776,1,pstn,A18
LA_E_9069414,1,pstn,A08
LA_E_9069455,1,gsm,A12
LA_E_9069659,1,none,A17
LA_E_9069695,1,pstn,A14
LA_E_9070012,1,g722,A08
LA_E_9070215,1,g722,A10
LA_E_9070940,1,opus,A17
LA_E_9071203,1,none,A19
LA_E_9071245,1,alaw,A09
LA_E_9071267,1,alaw,A17
LA_E_9071473,1,ulaw,A18
LA_E_9071806,1,none,A18
LA_E_9072016,1,alaw,A19
LA_E_9072169,1,ulaw,A12
LA_E_9072723,1,gsm,A12
LA_E_9072841,0,opus,bonafide
LA_E_9073386,0,gsm,bonafide
LA_E_9074376,1,pstn,A07
LA_E_9074626,1,ulaw,A12
LA_E_9075127,1,g722,A07
LA_E_9076169,1,ulaw,A14
LA_E_9076177,1,pstn,A19
LA_E_9076288,1,opus,A10
LA_E_9076792,1,none,A07
LA_E_9076864,1,ulaw,A08
LA_E_9077170,1,gsm,A15
LA_E_9078297,1,alaw,A19
LA_E_9078729,1,g722,A14
LA_E_9078813,1,opus,A17
LA_E_9078895,1,alaw,A08
LA_E_9078971,1,pstn,A14
LA_E_9078981,1,opus,A14
LA_E_9079234,0,ulaw,bonafide
LA_E_9079295,1,g722,A18
LA_E_9079782,1,alaw,A07
LA_E_9080370,1,g722,A08
LA_E_9080734,1,none,A07
LA_E_9080854,1,opus,A13
LA_E_9080904,1,none,A16
LA_E_9081480,1,gsm,A19
LA_E_9081510,1,gsm,A15
LA_E_9081819,1,alaw,A17
LA_E_9081905,1,opus,A11
LA_E_9081928,1,gsm,A17
LA_E_9082679,1,g722,A16
LA_E_9082898,1,g722,A13
LA_E_9083052,0,none,bonafide
LA_E_9083149,0,g722,bonafide
LA_E_9083352,1,pstn,A12
LA_E_9083474,1,alaw,A07
LA_E_9083591,1,opus,A18
LA_E_9085031,1,pstn,A18
LA_E_9085423,1,gsm,A11
LA_E_9085600,1,gsm,A12
LA_E_9085878,1,ulaw,A13
LA_E_9086265,1,gsm,A19
LA_E_9086453,1,none,A14
LA_E_9086631,1,pstn,A07
LA_E_9086955,1,g722,A12
LA_E_9087762,1,pstn,A16
LA_E_9087990,1,pstn,A10
LA_E_9088018,1,none,A19
LA_E_9088373,1,pstn,A17
LA_E_9088532,1,g722,A18
LA_E_9088641,1,g722,A18
LA_E_9088795,1,g722,A17
LA_E_9088888,1,pstn,A08
LA_E_9088913,1,ulaw,A09
LA_E_9089586,1,opus,A18
LA_E_9090040,1,g722,A19
LA_E_9090191,1,gsm,A07
LA_E_9090209,1,none,A14
LA_E_9090302,1,gsm,A13
LA_E_9090357,1,none,A12
LA_E_9090822,1,pstn,A13
LA_E_9091219,1,opus,A18
LA_E_9091326,1,g722,A10
LA_E_9091531,1,g722,A18
LA_E_9091639,1,ulaw,A18
LA_E_9091717,1,pstn,A12
LA_E_9091754,1,pstn,A13
LA_E_9092155,1,pstn,A11
LA_E_9092500,1,none,A08
LA_E_9093145,1,pstn,A08
LA_E_9093549,1,pstn,A08
LA_E_9093741,1,none,A15
LA_E_9094078,1,gsm,A07
LA_E_9094116,1,gsm,A18
LA_E_9094386,1,opus,A11
LA_E_9094499,1,pstn,A12
LA_E_9095280,0,g722,bonafide
LA_E_9095641,1,gsm,A17
LA_E_9095709,1,pstn,A18
LA_E_9096164,1,alaw,A07
LA_E_9096267,1,g722,A12
LA_E_9096591,1,alaw,A16
LA_E_9096848,1,gsm,A08
LA_E_9097043,1,alaw,A15
LA_E_9097154,1,pstn,A10
LA_E_9097256,1,alaw,A07
LA_E_9097314,1,pstn,A09
LA_E_9097698,1,ulaw,A09
LA_E_9097842,1,gsm,A16
LA_E_9097942,1,pstn,A07
LA_E_9098836,1,pstn,A14
LA_E_9099200,1,none,A19
LA_E_9099297,1,none,A07
LA_E_9099340,1,gsm,A13
LA_E_9099550,1,alaw,A19
LA_E_9099645,1,gsm,A13
LA_E_9099765,1,ulaw,A19
LA_E_9100265,1,opus,A09
LA_E_9100499,1,opus,A11
LA_E_9101371,1,alaw,A08
LA_E_9101886,1,alaw,A18
LA_E_9102648,1,alaw,A08
LA_E_9102735,1,none,A15
LA_E_9102885,1,gsm,A07
LA_E_9103101,1,pstn,A15
LA_E_9103365,1,pstn,A10
LA_E_9103576,1,alaw,A10
LA_E_9104811,1,none,A16
LA_E_9105224,1,alaw,A18
LA_E_9105819,1,none,A13
LA_E_9105948,1,alaw,A11
LA_E_9106363,1,pstn,A17
LA_E_9106400,1,g722,A12
LA_E_9106405,1,opus,A08
LA_E_9106918,1,gsm,A19
LA_E_9107020,1,g722,A19
LA_E_9107084,1,ulaw,A15
LA_E_9107412,1,ulaw,A14
LA_E_9107492,1,g722,A11
LA_E_9107870,0,ulaw,bonafide
LA_E_9108104,1,alaw,A15
LA_E_9108430,1,opus,A13
LA_E_9108963,1,pstn,A12
LA_E_9109288,1,gsm,A15
LA_E_9109504,1,pstn,A09
LA_E_9109625,1,pstn,A19
LA_E_9110203,1,alaw,A09
LA_E_9110803,1,pstn,A10
LA_E_9111228,1,none,A14
LA_E_9111237,1,alaw,A19
LA_E_9111296,1,g722,A12
LA_E_9111554,1,opus,A18
LA_E_9113206,1,pstn,A15
LA_E_9113259,0,ulaw,bonafide
LA_E_9113490,1,gsm,A09
LA_E_9113966,1,ulaw,A15
LA_E_9114155,1,g722,A08
LA_E_9114281,1,none,A11
LA_E_9114720,1,alaw,A07
LA_E_9115164,1,g722,A09
LA_E_9115230,1,ulaw,A11
LA_E_9115456,1,ulaw,A14
LA_E_9115568,1,alaw,A07
LA_E_9115859,1,pstn,A17
LA_E_9116185,1,opus,A16
LA_E_9116524,1,alaw,A10
LA_E_9116853,1,none,A09
LA_E_9117428,1,alaw,A18
LA_E_9117878,1,gsm,A14
LA_E_9118405,0,g722,bonafide
LA_E_9118536,1,none,A17
LA_E_9118732,1,alaw,A14
LA_E_9118940,1,ulaw,A13
LA_E_9119512,1,g722,A07
LA_E_9120107,1,g722,A19
LA_E_9120561,1,opus,A08
LA_E_9120870,1,gsm,A11
LA_E_9121076,1,none,A11
LA_E_9121110,1,none,A12
LA_E_9121377,1,alaw,A16
LA_E_9121640,0,none,bonafide
LA_E_9121783,1,g722,A09
LA_E_9122089,1,g722,A15
LA_E_9122199,1,pstn,A13
LA_E_9122428,1,pstn,A18
LA_E_9122437,1,alaw,A13
LA_E_9122478,1,opus,A11
LA_E_9122602,1,opus,A07
LA_E_9122687,1,alaw,A14
LA_E_9123221,1,alaw,A07
LA_E_9123574,1,pstn,A11
LA_E_9123750,1,alaw,A07
LA_E_9123847,1,g722,A16
LA_E_9123885,1,ulaw,A16
LA_E_9124317,1,g722,A12
LA_E_9124865,1,alaw,A12
LA_E_9125075,1,g722,A17
LA_E_9125151,1,none,A13
LA_E_9125397,1,alaw,A14
LA_E_9125986,1,pstn,A14
LA_E_9126279,1,ulaw,A12
LA_E_9126512,1,none,A09
LA_E_9126540,1,gsm,A14
LA_E_9126794,1,none,A07
LA_E_9126961,1,opus,A14
LA_E_9127658,1,pstn,A08
LA_E_9127926,1,ulaw,A16
LA_E_9128026,1,none,A10
LA_E_9128163,1,none,A12
LA_E_9128217,1,none,A16
LA_E_9128538,1,g722,A19
LA_E_9128842,1,ulaw,A12
LA_E_9129810,0,ulaw,bonafide
LA_E_9129861,1,ulaw,A12
LA_E_9130462,1,pstn,A18
LA_E_9130496,1,ulaw,A17
LA_E_9131043,1,gsm,A16
LA_E_9131268,0,g722,bonafide
LA_E_9131289,1,g722,A11
LA_E_9131440,1,none,A17
LA_E_9131515,1,none,A16
LA_E_9131621,1,g722,A16
LA_E_9131786,1,opus,A14
LA_E_9132216,1,none,A16
LA_E_9132486,1,g722,A12
LA_E_9133018,1,opus,A11
LA_E_9133045,1,gsm,A16
LA_E_9133182,1,ulaw,A09
LA_E_9133266,1,none,A12
LA_E_9133328,0,opus,bonafide
LA_E_9133360,1,opus,A10
LA_E_9133386,1,alaw,A14
LA_E_9133682,1,pstn,A08
LA_E_9133740,1,gsm,A17
LA_E_9134202,1,g722,A12
LA_E_9134222,1,g722,A17
LA_E_9134611,1,g722,A14
LA_E_9134625,1,pstn,A17
LA_E_9134930,0,g722,bonafide
LA_E_9135231,1,g722,A07
LA_E_9136548,0,opus,bonafide
LA_E_9136711,1,none,A14
LA_E_9136948,1,none,A15
LA_E_9137328,1,ulaw,A07
LA_E_9137506,1,pstn,A11
LA_E_9137910,1,alaw,A10
LA_E_9138412,1,opus,A13
LA_E_9139040,1,alaw,A16
LA_E_9139073,1,pstn,A09
LA_E_9139327,1,ulaw,A16
LA_E_9139626,1,none,A13
LA_E_9139905,1,gsm,A16
LA_E_9139971,1,pstn,A18
LA_E_9140384,1,none,A08
LA_E_9140645,1,ulaw,A16
LA_E_9140683,1,none,A07
LA_E_9141619,1,g722,A12
LA_E_9141736,1,ulaw,A07
LA_E_9141827,1,gsm,A13
LA_E_9141914,1,gsm,A16
LA_E_9142312,1,g722,A18
LA_E_9142492,1,pstn,A17
LA_E_9142544,1,g722,A16
LA_E_9142845,1,pstn,A14
LA_E_9142863,1,g722,A09
LA_E_9143871,1,none,A10
LA_E_9144127,1,gsm,A19
LA_E_9144209,1,pstn,A18
LA_E_9144483,1,pstn,A14
LA_E_9144793,1,none,A17
LA_E_9145347,1,g722,A11
LA_E_9145397,1,pstn,A08
LA_E_9145905,0,g722,bonafide
LA_E_9146274,1,g722,A13
LA_E_9146331,1,pstn,A14
LA_E_9146466,1,alaw,A11
LA_E_9146935,1,opus,A13
LA_E_9147286,1,g722,A09
LA_E_9147704,0,alaw,bonafide
LA_E_9147804,1,alaw,A12
LA_E_9148137,1,opus,A11
LA_E_9148828,1,opus,A16
LA_E_9149279,1,pstn,A16
LA_E_9149797,1,pstn,A19
LA_E_9150051,1,g722,A19
LA_E_9151167,1,pstn,A11
LA_E_9151564,1,opus,A15
LA_E_9151641,1,gsm,A08
LA_E_9151729,1,none,A17
LA_E_9151937,1,opus,A11
LA_E_9152271,1,gsm,A19
LA_E_9152540,1,opus,A19
LA_E_9154047,1,pstn,A15
LA_E_9154225,1,alaw,A12
LA_E_9154489,1,pstn,A12
LA_E_9155344,1,g722,A13
LA_E_9155445,1,none,A15
LA_E_9155638,1,pstn,A15
LA_E_9155665,1,alaw,A09
LA_E_9156291,1,gsm,A19
LA_E_9156320,1,none,A19
LA_E_9156475,1,pstn,A09
LA_E_9156595,1,none,A14
LA_E_9156626,1,alaw,A13
LA_E_9156688,1,pstn,A07
LA_E_9156915,1,pstn,A13
LA_E_9157034,1,opus,A19
LA_E_9157472,1,pstn,A16
LA_E_9157633,1,g722,A14
LA_E_9159379,1,ulaw,A12
LA_E_9160397,1,pstn,A10
LA_E_9161215,1,none,A10
LA_E_9161844,1,none,A15
LA_E_9162153,1,alaw,A11
LA_E_9162214,1,g722,A08
LA_E_9163095,1,alaw,A08
LA_E_9163343,1,alaw,A12
LA_E_9163684,1,g722,A16
LA_E_9164829,1,alaw,A09
LA_E_9165108,1,none,A08
LA_E_9165525,1,g722,A09
LA_E_9165593,1,ulaw,A19
LA_E_9165749,1,alaw,A13
LA_E_9165862,1,opus,A07
LA_E_9166381,1,opus,A08
LA_E_9166862,1,g722,A11
LA_E_9166868,1,g722,A16
LA_E_9166990,1,none,A19
LA_E_9167414,1,g722,A15
LA_E_9167898,1,opus,A14
LA_E_9168018,1,gsm,A14
LA_E_9168342,1,none,A09
LA_E_9168568,1,opus,A07
LA_E_9168768,1,none,A19
LA_E_9168848,1,none,A08
LA_E_9169073,1,none,A10
LA_E_9169759,1,alaw,A07
LA_E_9169918,1,none,A17
LA_E_9170194,1,g722,A18
LA_E_9170210,1,gsm,A17
LA_E_9170422,1,opus,A12
LA_E_9170501,1,pstn,A10
LA_E_9170897,0,opus,bonafide
LA_E_9171316,1,none,A16
LA_E_9171527,1,alaw,A17
LA_E_9171677,1,none,A18
LA_E_9171741,1,gsm,A12
LA_E_9171894,1,pstn,A19
LA_E_9171980,1,g722,A18
LA_E_9172955,1,none,A09
LA_E_9172999,1,pstn,A12
LA_E_9173047,1,alaw,A18
LA_E_9173119,1,g722,A09
LA_E_9173123,1,none,A19
LA_E_9173390,1,gsm,A07
LA_E_9173628,1,pstn,A09
LA_E_9173648,1,pstn,A08
LA_E_9173818,1,opus,A12
LA_E_9174001,1,pstn,A09
LA_E_9174021,1,ulaw,A16
LA_E_9174335,1,g722,A11
LA_E_9174337,1,alaw,A14
LA_E_9174505,1,none,A07
LA_E_9174512,1,pstn,A12
LA_E_9174661,1,ulaw,A10
LA_E_9175350,1,pstn,A08
LA_E_9175518,1,none,A13
LA_E_9175651,1,ulaw,A12
LA_E_9175680,1,ulaw,A19
LA_E_9175804,1,gsm,A08
LA_E_9176509,1,g722,A08
LA_E_9176911,1,none,A09
LA_E_9176975,1,none,A17
LA_E_9177020,1,pstn,A16
LA_E_9177253,1,alaw,A13
LA_E_9177449,1,alaw,A15
LA_E_9179381,1,none,A19
LA_E_9180037,1,g722,A09
LA_E_9180279,1,gsm,A15
LA_E_9180313,1,gsm,A07
LA_E_9180315,1,none,A12
LA_E_9180527,1,alaw,A10
LA_E_9182229,0,gsm,bonafide
LA_E_9182333,1,pstn,A12
LA_E_9182800,1,alaw,A14
LA_E_9183181,1,alaw,A13
LA_E_9183958,1,pstn,A12
LA_E_9184084,1,alaw,A16
LA_E_9184506,1,alaw,A07
LA_E_9185815,0,none,bonafide
LA_E_9186046,1,ulaw,A07
LA_E_9186097,1,alaw,A07
LA_E_9186147,1,opus,A11
LA_E_9186338,1,none,A08
LA_E_9186677,1,pstn,A07
LA_E_9186933,1,alaw,A10
LA_E_9187017,1,g722,A14
LA_E_9187096,1,none,A07
LA_E_9187253,1,none,A16
LA_E_9188970,1,pstn,A14
LA_E_9189486,1,none,A08
LA_E_9189519,1,alaw,A11
LA_E_9189757,1,alaw,A12
LA_E_9189804,1,opus,A13
LA_E_9190063,1,alaw,A13
LA_E_9190181,1,pstn,A17
LA_E_9190590,1,opus,A09
LA_E_9190701,1,ulaw,A17
LA_E_9191441,1,pstn,A17
LA_E_9191692,1,opus,A19
LA_E_9191933,1,none,A15
LA_E_9192170,1,gsm,A14
LA_E_9192593,1,pstn,A12
LA_E_9192781,1,none,A10
LA_E_9193011,1,pstn,A16
LA_E_9193775,1,g722,A09
LA_E_9194055,1,pstn,A09
LA_E_9194660,1,alaw,A07
LA_E_9194803,0,ulaw,bonafide
LA_E_9194939,1,none,A07
LA_E_9195555,1,none,A14
LA_E_9195796,1,alaw,A15
LA_E_9195960,1,gsm,A16
LA_E_9196077,1,pstn,A08
LA_E_9196297,0,opus,bonafide
LA_E_9196626,0,ulaw,bonafide
LA_E_9196637,1,ulaw,A14
LA_E_9196948,1,opus,A07
LA_E_9197339,1,alaw,A17
LA_E_9197557,1,g722,A19
LA_E_9197785,1,none,A18
LA_E_9198354,1,none,A08
LA_E_9198469,1,g722,A13
LA_E_9198790,1,g722,A19
LA_E_9198795,1,ulaw,A08
LA_E_9199533,1,alaw,A12
LA_E_9199593,1,gsm,A17
LA_E_9199717,1,ulaw,A11
LA_E_9200013,1,g722,A09
LA_E_9200207,1,g722,A13
LA_E_9200277,1,pstn,A15
LA_E_9200316,1,opus,A13
LA_E_9200468,1,alaw,A14
LA_E_9200561,1,ulaw,A10
LA_E_9200627,1,alaw,A12
LA_E_9200715,1,ulaw,A15
LA_E_9200836,1,pstn,A17
LA_E_9201323,1,none,A18
LA_E_9202467,1,none,A19
LA_E_9202582,1,opus,A13
LA_E_9202702,1,ulaw,A07
LA_E_9202791,1,g722,A17
LA_E_9203238,1,ulaw,A11
LA_E_9203494,1,g722,A17
LA_E_9203743,1,pstn,A10
LA_E_9203813,0,ulaw,bonafide
LA_E_9204143,1,gsm,A15
LA_E_9204454,1,opus,A18
LA_E_9205314,1,g722,A10
LA_E_9205459,1,pstn,A11
LA_E_9206557,1,g722,A08
LA_E_9206883,0,g722,bonafide
LA_E_9207045,1,none,A17
LA_E_9207863,1,alaw,A08
LA_E_9207933,1,none,A14
LA_E_9208598,1,gsm,A18
LA_E_9208672,1,gsm,A12
LA_E_9208722,1,alaw,A17
LA_E_9208743,1,g722,A14
LA_E_9208764,1,opus,A17
LA_E_9209185,1,pstn,A11
LA_E_9209457,1,g722,A10
LA_E_9210172,1,opus,A19
LA_E_9210183,1,gsm,A15
LA_E_9210328,1,gsm,A07
LA_E_9210472,1,ulaw,A17
LA_E_9210584,1,alaw,A11
LA_E_9211366,1,g722,A13
LA_E_9211580,1,alaw,A12
LA_E_9212205,1,pstn,A19
LA_E_9212625,1,gsm,A13
LA_E_9212940,1,pstn,A15
LA_E_9213269,1,none,A13
LA_E_9213300,1,alaw,A14
LA_E_9213830,1,alaw,A16
LA_E_9213846,1,opus,A16
LA_E_9214028,1,alaw,A19
LA_E_9214180,1,none,A07
LA_E_9214290,1,g722,A11
LA_E_9214446,1,alaw,A13
LA_E_9214860,1,gsm,A15
LA_E_9215003,1,alaw,A12
LA_E_9215369,1,gsm,A07
LA_E_9215482,1,opus,A10
LA_E_9215784,1,alaw,A11
LA_E_9216054,1,opus,A19
LA_E_9216108,1,gsm,A08
LA_E_9216425,1,g722,A16
LA_E_9216445,1,g722,A08
LA_E_9216668,1,g722,A07
LA_E_9216834,1,g722,A09
LA_E_9216940,1,none,A08
LA_E_9217872,1,pstn,A09
LA_E_9218160,1,opus,A08
LA_E_9218172,1,ulaw,A10
LA_E_9218482,1,alaw,A11
LA_E_9218519,1,gsm,A15
LA_E_9218540,1,pstn,A07
LA_E_9218707,1,alaw,A14
LA_E_9219214,1,none,A15
LA_E_9219569,1,none,A14
LA_E_9219915,1,opus,A09
LA_E_9219924,1,opus,A16
LA_E_9219974,1,g722,A11
LA_E_9219986,1,none,A13
LA_E_9220130,1,alaw,A08
LA_E_9220201,1,none,A15
LA_E_9220972,1,alaw,A07
LA_E_9221035,1,none,A16
LA_E_9221104,1,pstn,A15
LA_E_9221372,1,opus,A17
LA_E_9221740,1,g722,A17
LA_E_9222349,1,opus,A08
LA_E_9222995,1,none,A07
LA_E_9223050,1,g722,A08
LA_E_9223250,1,alaw,A15
LA_E_9223313,1,alaw,A08
LA_E_9223403,1,alaw,A19
LA_E_9223487,1,pstn,A15
LA_E_9223547,1,g722,A13
LA_E_9223964,1,alaw,A12
LA_E_9224140,1,opus,A09
LA_E_9224192,1,none,A09
LA_E_9224349,1,ulaw,A15
LA_E_9224402,1,alaw,A15
LA_E_9224945,1,g722,A15
LA_E_9224956,1,pstn,A10
LA_E_9225242,1,gsm,A19
LA_E_9225575,0,g722,bonafide
LA_E_9225725,1,alaw,A08
LA_E_9225788,1,ulaw,A09
LA_E_9226013,1,ulaw,A17
LA_E_9227021,1,none,A12
LA_E_9227891,1,g722,A19
LA_E_9228354,1,alaw,A16
LA_E_9229152,1,g722,A08
LA_E_9229232,1,g722,A11
LA_E_9230204,1,g722,A08
LA_E_9230336,1,none,A11
LA_E_9231405,1,alaw,A12
LA_E_9232217,1,opus,A10
LA_E_9232611,1,ulaw,A12
LA_E_9232654,0,ulaw,bonafide
LA_E_9233167,1,gsm,A07
LA_E_9233220,1,none,A10
LA_E_9233240,1,pstn,A09
LA_E_9234374,1,ulaw,A15
LA_E_9234431,1,pstn,A11
LA_E_9234572,1,opus,A13
LA_E_9235727,1,alaw,A13
LA_E_9235845,1,ulaw,A12
LA_E_9236058,1,none,A10
LA_E_9236189,1,alaw,A13
LA_E_9236199,1,gsm,A09
LA_E_9236338,1,alaw,A09
LA_E_9236412,1,gsm,A10
LA_E_9237302,1,ulaw,A19
LA_E_9237472,0,pstn,bonafide
LA_E_9237543,1,gsm,A10
LA_E_9237879,1,g722,A10
LA_E_9237880,1,opus,A17
LA_E_9238177,1,opus,A19
LA_E_9238618,1,alaw,A16
LA_E_9238648,1,opus,A19
LA_E_9238720,1,gsm,A12
LA_E_9239022,1,alaw,A09
LA_E_9239081,1,gsm,A13
LA_E_9239683,1,ulaw,A12
LA_E_9239715,1,alaw,A19
LA_E_9239754,1,opus,A11
LA_E_9239835,1,pstn,A19
LA_E_9240090,1,alaw,A09
LA_E_9240278,1,pstn,A19
LA_E_9240285,1,opus,A10
LA_E_9240290,1,gsm,A08
LA_E_9240574,1,ulaw,A11
LA_E_9240655,1,gsm,A13
LA_E_9240702,1,pstn,A07
LA_E_9241322,0,gsm,bonafide
LA_E_9243000,1,alaw,A19
LA_E_9243169,1,opus,A08
LA_E_9243225,1,ulaw,A14
LA_E_9243542,1,alaw,A16
LA_E_9244047,0,gsm,bonafide
LA_E_9244083,1,gsm,A17
LA_E_9244227,1,none,A11
LA_E_9245080,1,none,A10
LA_E_9245455,1,alaw,A17
LA_E_9245815,1,alaw,A07
LA_E_9245939,1,ulaw,A09
LA_E_9246082,1,opus,A08
LA_E_9246298,1,pstn,A17
LA_E_9246383,1,pstn,A16
LA_E_9247033,1,none,A18
LA_E_9247064,1,ulaw,A16
LA_E_9247540,1,opus,A12
LA_E_9247549,1,g722,A18
LA_E_9247626,1,opus,A14
LA_E_9247789,1,none,A16
LA_E_9247945,1,alaw,A19
LA_E_9248298,1,alaw,A19
LA_E_9248656,1,ulaw,A16
LA_E_9248910,1,none,A16
LA_E_9249220,1,g722,A16
LA_E_9249243,1,alaw,A18
LA_E_9249840,1,opus,A11
LA_E_9250702,1,pstn,A11
LA_E_9250785,1,ulaw,A18
LA_E_9250854,1,opus,A17
LA_E_9251083,1,g722,A18
LA_E_9251224,1,alaw,A13
LA_E_9251418,1,pstn,A11
LA_E_9252357,0,gsm,bonafide
LA_E_9252714,1,none,A19
LA_E_9253023,1,opus,A13
LA_E_9253744,1,opus,A07
LA_E_9254978,1,gsm,A17
LA_E_9255023,1,none,A16
LA_E_9255175,1,ulaw,A16
LA_E_9255526,1,g722,A18
LA_E_9256281,0,gsm,bonafide
LA_E_9256609,1,alaw,A19
LA_E_9256715,1,alaw,A19
LA_E_9256758,1,g722,A14
LA_E_9256874,1,none,A09
LA_E_9257058,1,ulaw,A10
LA_E_9257306,1,ulaw,A17
LA_E_9257505,1,none,A18
LA_E_9257742,1,pstn,A10
LA_E_9257892,1,pstn,A19
LA_E_9258238,1,none,A18
LA_E_9258250,1,g722,A13
LA_E_9258450,0,pstn,bonafide
LA_E_9260297,1,g722,A18
LA_E_9260830,1,pstn,A09
LA_E_9260889,1,alaw,A16
LA_E_9261072,1,ulaw,A12
LA_E_9261441,1,none,A16
LA_E_9262064,1,opus,A17
LA_E_9263094,1,alaw,A17
LA_E_9263107,1,alaw,A09
LA_E_9263128,1,pstn,A17
LA_E_9263880,1,ulaw,A10
LA_E_9263903,1,gsm,A14
LA_E_9264157,1,ulaw,A18
LA_E_9266108,1,pstn,A08
LA_E_9266520,0,opus,bonafide
LA_E_9266544,1,g722,A18
LA_E_9266564,1,pstn,A19
LA_E_9266695,1,pstn,A17
LA_E_9266899,1,alaw,A19
LA_E_9267040,1,gsm,A09
LA_E_9267323,1,pstn,A16
LA_E_9268108,1,gsm,A14
LA_E_9268112,1,gsm,A14
LA_E_9268269,0,opus,bonafide
LA_E_9268585,1,g722,A13
LA_E_9268809,1,g722,A18
LA_E_9269272,1,opus,A16
LA_E_9269506,1,pstn,A08
LA_E_9269839,1,pstn,A09
LA_E_9270196,1,pstn,A07
LA_E_9270237,1,g722,A14
LA_E_9270296,1,ulaw,A18
LA_E_9271254,1,gsm,A14
LA_E_9272200,1,opus,A13
LA_E_9272282,1,opus,A17
LA_E_9272421,1,none,A10
LA_E_9273118,1,ulaw,A16
LA_E_9273203,1,ulaw,A17
LA_E_9273268,1,alaw,A13
LA_E_9273430,1,pstn,A08
LA_E_9273434,1,opus,A17
LA_E_9273868,1,g722,A17
LA_E_9273954,1,alaw,A15
LA_E_9274287,1,opus,A16
LA_E_9274301,1,opus,A17
LA_E_9274334,1,opus,A12
LA_E_9274367,1,g722,A16
LA_E_9275234,1,alaw,A11
LA_E_9275260,1,alaw,A07
LA_E_9275504,1,ulaw,A17
LA_E_9275557,1,g722,A13
LA_E_9275704,1,gsm,A14
LA_E_9276314,1,gsm,A15
LA_E_9276975,1,none,A16
LA_E_9277221,1,pstn,A14
LA_E_9277373,1,pstn,A16
LA_E_9277453,1,alaw,A07
LA_E_9277976,1,alaw,A09
LA_E_9278159,1,opus,A09
LA_E_9278409,1,alaw,A07
LA_E_9278900,1,gsm,A09
LA_E_9279381,1,ulaw,A08
LA_E_9279441,1,pstn,A16
LA_E_9279569,1,gsm,A13
LA_E_9279651,1,g722,A14
LA_E_9279842,1,pstn,A11
LA_E_9280469,1,none,A09
LA_E_9281410,1,g722,A15
LA_E_9281438,1,alaw,A18
LA_E_9281734,1,ulaw,A07
LA_E_9282702,1,alaw,A07
LA_E_9283465,1,g722,A12
LA_E_9283963,1,g722,A18
LA_E_9284443,1,pstn,A11
LA_E_9284730,1,gsm,A18
LA_E_9285113,1,opus,A09
LA_E_9285157,1,opus,A15
LA_E_9285407,1,opus,A15
LA_E_9285591,1,none,A10
LA_E_9286198,1,ulaw,A07
LA_E_9286363,1,ulaw,A11
LA_E_9287322,1,opus,A13
LA_E_9287734,1,gsm,A12
LA_E_9287927,1,alaw,A14
LA_E_9288148,0,gsm,bonafide
LA_E_9288254,1,alaw,A13
LA_E_9288739,1,gsm,A10
LA_E_9288897,1,ulaw,A09
LA_E_9289068,1,alaw,A18
LA_E_9289149,1,none,A09
LA_E_9289329,1,opus,A17
LA_E_9289817,1,g722,A18
LA_E_9289849,1,ulaw,A11
LA_E_9289933,1,gsm,A11
LA_E_9289985,1,alaw,A16
LA_E_9290261,1,gsm,A17
LA_E_9290561,1,none,A15
LA_E_9290735,1,pstn,A19
LA_E_9290790,1,gsm,A12
LA_E_9290802,1,ulaw,A19
LA_E_9290821,1,ulaw,A16
LA_E_9290900,1,gsm,A19
LA_E_9291729,1,none,A18
LA_E_9291940,1,ulaw,A19
LA_E_9291943,1,opus,A11
LA_E_9292634,1,pstn,A11
LA_E_9292750,1,alaw,A15
LA_E_9292910,1,opus,A18
LA_E_9293205,1,pstn,A14
LA_E_9293468,1,g722,A18
LA_E_9293833,1,pstn,A09
LA_E_9293893,1,gsm,A09
LA_E_9293953,1,pstn,A09
LA_E_9294165,1,g722,A16
LA_E_9294296,1,ulaw,A07
LA_E_9294517,1,ulaw,A11
LA_E_9295722,1,alaw,A15
LA_E_9295971,1,none,A07
LA_E_9296313,1,alaw,A08
LA_E_9296548,0,ulaw,bonafide
LA_E_9297689,1,g722,A18
LA_E_9297812,1,none,A18
LA_E_9298526,1,g722,A07
LA_E_9298687,1,opus,A18
LA_E_9298929,1,pstn,A10
LA_E_9299354,1,none,A09
LA_E_9299992,1,g722,A16
LA_E_9300316,1,g722,A09
LA_E_9300442,1,gsm,A12
LA_E_9301113,1,g722,A19
LA_E_9301316,1,pstn,A16
LA_E_9302134,1,pstn,A07
LA_E_9302644,1,none,A13
LA_E_9302895,1,gsm,A15
LA_E_9303048,1,ulaw,A16
LA_E_9303265,1,pstn,A11
LA_E_9303446,1,none,A09
LA_E_9303720,1,alaw,A12
LA_E_9303887,1,g722,A07
LA_E_9303903,1,g722,A07
LA_E_9304624,1,alaw,A15
LA_E_9304685,1,ulaw,A15
LA_E_9305453,1,none,A17
LA_E_9305485,1,ulaw,A08
LA_E_9305796,1,ulaw,A13
LA_E_9306231,1,alaw,A08
LA_E_9306484,1,none,A16
LA_E_9307345,1,ulaw,A11
LA_E_9307639,0,opus,bonafide
LA_E_9308400,1,opus,A13
LA_E_9308452,1,ulaw,A13
LA_E_9308928,1,ulaw,A11
LA_E_9309146,1,ulaw,A09
LA_E_9309740,1,g722,A15
LA_E_9309974,1,ulaw,A14
LA_E_9310519,1,g722,A13
LA_E_9310762,1,gsm,A18
LA_E_9310839,1,g722,A15
LA_E_9311099,1,opus,A11
LA_E_9311460,1,ulaw,A12
LA_E_9312097,1,gsm,A15
LA_E_9312110,1,gsm,A14
LA_E_9312121,0,none,bonafide
LA_E_9312930,1,gsm,A13
LA_E_9312984,1,gsm,A07
LA_E_9313674,1,g722,A12
LA_E_9314043,0,ulaw,bonafide
LA_E_9314430,1,none,A10
LA_E_9315050,1,pstn,A08
LA_E_9315740,1,none,A10
LA_E_9315774,0,gsm,bonafide
LA_E_9316102,1,g722,A14
LA_E_9316143,0,none,bonafide
LA_E_9316216,1,alaw,A13
LA_E_9317280,1,none,A08
LA_E_9317877,1,pstn,A16
LA_E_9318084,1,none,A16
LA_E_9318102,1,gsm,A08
LA_E_9318156,1,pstn,A13
LA_E_9318250,1,ulaw,A14
LA_E_9318518,1,g722,A16
LA_E_9318730,1,gsm,A08
LA_E_9318848,1,ulaw,A18
LA_E_9319129,1,g722,A07
LA_E_9319204,1,pstn,A07
LA_E_9320338,1,opus,A11
LA_E_9321583,1,ulaw,A13
LA_E_9322023,1,alaw,A13
LA_E_9322117,1,opus,A14
LA_E_9322163,1,gsm,A16
LA_E_9322299,1,pstn,A12
LA_E_9322797,1,ulaw,A16
LA_E_9323130,1,opus,A11
LA_E_9323187,1,alaw,A16
LA_E_9323578,1,alaw,A07
LA_E_9324442,1,gsm,A12
LA_E_9325290,1,alaw,A08
LA_E_9325711,1,gsm,A13
LA_E_9325818,1,gsm,A16
LA_E_9326119,1,gsm,A08
LA_E_9326758,1,gsm,A11
LA_E_9327612,0,opus,bonafide
LA_E_9327738,1,none,A18
LA_E_9328252,1,pstn,A10
LA_E_9328661,1,pstn,A10
LA_E_9329123,1,none,A10
LA_E_9329429,1,none,A18
LA_E_9329519,1,none,A16
LA_E_9329948,1,ulaw,A17
LA_E_9330237,1,ulaw,A18
LA_E_9331034,1,pstn,A11
LA_E_9331160,1,gsm,A18
LA_E_9331374,1,pstn,A18
LA_E_9331434,1,alaw,A17
LA_E_9331554,1,ulaw,A14
LA_E_9331624,1,ulaw,A16
LA_E_9331683,1,alaw,A08
LA_E_9331746,1,opus,A14
LA_E_9331825,1,none,A11
LA_E_9332210,1,g722,A10
LA_E_9332881,1,alaw,A07
LA_E_9333638,1,none,A15
LA_E_9334093,1,opus,A11
LA_E_9334208,1,none,A09
LA_E_9334669,1,none,A12
LA_E_9335147,1,ulaw,A19
LA_E_9335257,0,pstn,bonafide
LA_E_9335316,1,pstn,A17
LA_E_9335550,1,none,A11
LA_E_9335847,1,none,A19
LA_E_9336056,1,ulaw,A09
LA_E_9336142,1,ulaw,A14
LA_E_9336182,1,alaw,A09
LA_E_9336876,1,ulaw,A07
LA_E_9337414,0,pstn,bonafide
LA_E_9337441,1,gsm,A14
LA_E_9337456,1,g722,A15
LA_E_9337564,1,g722,A08
LA_E_9338030,1,pstn,A16
LA_E_9338065,1,none,A08
LA_E_9338539,1,ulaw,A15
LA_E_9338586,1,pstn,A16
LA_E_9339219,1,gsm,A07
LA_E_9339412,1,opus,A10
LA_E_9340173,0,gsm,bonafide
LA_E_9340527,1,none,A13
LA_E_9340906,1,pstn,A19
LA_E_9340962,0,none,bonafide
LA_E_9341099,1,ulaw,A15
LA_E_9341151,1,ulaw,A10
LA_E_9341619,0,alaw,bonafide
LA_E_9341808,1,gsm,A07
LA_E_9342077,1,g722,A15
LA_E_9342472,1,g722,A15
LA_E_9343446,1,g722,A17
LA_E_9344122,1,opus,A17
LA_E_9344310,1,gsm,A13
LA_E_9344911,1,ulaw,A12
LA_E_9345093,1,alaw,A12
LA_E_9345289,1,opus,A15
LA_E_9345668,0,g722,bonafide
LA_E_9345862,0,none,bonafide
LA_E_9346643,1,g722,A14
LA_E_9346946,1,pstn,A12
LA_E_9347264,1,alaw,A18
LA_E_9348277,1,pstn,A12
LA_E_9348749,1,pstn,A14
LA_E_9348994,1,none,A09
LA_E_9349259,1,g722,A15
LA_E_9349530,1,none,A15
LA_E_9349760,1,pstn,A16
LA_E_9350002,1,g722,A11
LA_E_9350157,1,gsm,A11
LA_E_9351365,1,none,A07
LA_E_9351448,1,g722,A13
LA_E_9351720,1,alaw,A07
LA_E_9352116,1,ulaw,A10
LA_E_9352570,1,alaw,A09
LA_E_9354768,1,none,A18
LA_E_9354832,1,g722,A14
LA_E_9354899,0,alaw,bonafide
LA_E_9355073,0,none,bonafide
LA_E_9355413,1,alaw,A11
LA_E_9355517,1,opus,A17
LA_E_9355801,1,pstn,A16
LA_E_9355869,1,g722,A19
LA_E_9356018,1,gsm,A07
LA_E_9356036,1,ulaw,A16
LA_E_9356126,1,ulaw,A16
LA_E_9356128,1,none,A18
LA_E_9357850,0,g722,bonafide
LA_E_9358127,1,opus,A14
LA_E_9358244,1,ulaw,A12
LA_E_9358639,1,alaw,A08
LA_E_9358657,1,gsm,A18
LA_E_9358970,1,gsm,A10
LA_E_9359023,1,g722,A15
LA_E_9359502,1,ulaw,A12
LA_E_9360402,1,pstn,A17
LA_E_9360850,1,opus,A16
LA_E_9360902,1,none,A18
LA_E_9360988,1,pstn,A10
LA_E_9360997,1,opus,A18
LA_E_9361055,1,opus,A14
LA_E_9361224,1,pstn,A17
LA_E_9361393,1,g722,A12
LA_E_9361509,1,none,A14
LA_E_9361668,1,opus,A15
LA_E_9362418,0,ulaw,bonafide
LA_E_9362430,1,opus,A13
LA_E_9364121,1,ulaw,A15
LA_E_9364639,1,alaw,A14
LA_E_9365113,1,g722,A13
LA_E_9365151,0,ulaw,bonafide
LA_E_9365338,0,g722,bonafide
LA_E_9365446,1,gsm,A17
LA_E_9365674,1,none,A09
LA_E_9365839,1,gsm,A14
LA_E_9365972,1,gsm,A17
LA_E_9366041,1,opus,A16
LA_E_9367376,1,alaw,A07
LA_E_9367432,1,alaw,A14
LA_E_9367597,1,g722,A15
LA_E_9368145,1,opus,A09
LA_E_9368349,1,g722,A19
LA_E_9368421,1,pstn,A11
LA_E_9368709,1,ulaw,A18
LA_E_9369273,1,none,A16
LA_E_9369417,1,none,A11
LA_E_9370877,1,none,A16
LA_E_9371297,1,none,A19
LA_E_9371679,1,none,A08
LA_E_9372282,1,ulaw,A14
LA_E_9372791,1,opus,A09
LA_E_9373272,1,ulaw,A07
LA_E_9373681,1,g722,A18
LA_E_9373889,1,ulaw,A09
LA_E_9375722,1,alaw,A08
LA_E_9375930,1,gsm,A10
LA_E_9376127,0,ulaw,bonafide
LA_E_9376391,1,ulaw,A14
LA_E_9376518,1,opus,A19
LA_E_9376938,1,gsm,A12
LA_E_9376965,1,g722,A18
LA_E_9377046,1,gsm,A18
LA_E_9377120,1,g722,A07
LA_E_9377366,1,ulaw,A17
LA_E_9377629,1,none,A18
LA_E_9379293,1,pstn,A18
LA_E_9379294,1,gsm,A12
LA_E_9379520,0,opus,bonafide
LA_E_9379990,1,g722,A09
LA_E_9380093,1,none,A11
LA_E_9380123,1,ulaw,A11
LA_E_9380862,1,g722,A15
LA_E_9380947,1,none,A13
LA_E_9381411,1,pstn,A17
LA_E_9381425,1,none,A19
LA_E_9382522,1,pstn,A17
LA_E_9382616,0,pstn,bonafide
LA_E_9383040,1,ulaw,A14
LA_E_9383491,1,alaw,A18
LA_E_9383586,1,g722,A10
LA_E_9383677,1,gsm,A13
LA_E_9383735,1,g722,A13
LA_E_9383913,1,pstn,A11
LA_E_9383949,1,ulaw,A07
LA_E_9383973,1,alaw,A16
LA_E_9384016,1,g722,A15
LA_E_9384213,1,pstn,A13
LA_E_9384348,1,opus,A10
LA_E_9384851,0,pstn,bonafide
LA_E_9384984,1,pstn,A11
LA_E_9385250,1,opus,A13
LA_E_9385339,1,opus,A07
LA_E_9386137,1,opus,A14
LA_E_9388268,1,opus,A18
LA_E_9388356,1,none,A07
LA_E_9388374,1,none,A11
LA_E_9388694,1,gsm,A19
LA_E_9388758,1,g722,A13
LA_E_9389326,1,ulaw,A16
LA_E_9389743,1,none,A12
LA_E_9389890,1,gsm,A07
LA_E_9390821,1,ulaw,A10
LA_E_9390837,1,opus,A19
LA_E_9390908,1,alaw,A16
LA_E_9391082,1,pstn,A18
LA_E_9391587,1,none,A13
LA_E_9392445,1,g722,A07
LA_E_9392505,1,g722,A19
LA_E_9392729,1,ulaw,A18
LA_E_9393368,1,opus,A18
LA_E_9393958,0,ulaw,bonafide
LA_E_9394253,0,gsm,bonafide
LA_E_9394256,1,none,A18
LA_E_9394400,1,ulaw,A08
LA_E_9395388,1,g722,A17
LA_E_9395419,1,gsm,A17
LA_E_9395602,1,gsm,A19
LA_E_9395652,1,opus,A12
LA_E_9396531,1,opus,A16
LA_E_9396952,1,gsm,A07
LA_E_9397329,1,none,A18
LA_E_9397495,1,ulaw,A18
LA_E_9397522,1,g722,A07
LA_E_9398018,1,opus,A16
LA_E_9398058,1,opus,A12
LA_E_9398547,1,gsm,A15
LA_E_9398928,1,g722,A12
LA_E_9399790,1,g722,A16
LA_E_9399919,1,ulaw,A13
LA_E_9400132,1,alaw,A17
LA_E_9400215,1,g722,A19
LA_E_9400291,1,gsm,A16
LA_E_9400385,1,pstn,A11
LA_E_9401223,1,ulaw,A18
LA_E_9401491,1,opus,A15
LA_E_9401721,1,g722,A08
LA_E_9401879,1,gsm,A08
LA_E_9402299,0,none,bonafide
LA_E_9402384,1,ulaw,A10
LA_E_9402789,1,alaw,A18
LA_E_9403483,1,opus,A09
LA_E_9404117,1,ulaw,A13
LA_E_9404152,1,g722,A10
LA_E_9404335,1,gsm,A17
LA_E_9404464,1,opus,A15
LA_E_9404582,1,alaw,A11
LA_E_9404615,1,pstn,A07
LA_E_9404756,1,opus,A14
LA_E_9406384,1,pstn,A10
LA_E_9406403,1,none,A15
LA_E_9407419,1,ulaw,A19
LA_E_9407813,1,opus,A08
LA_E_9408352,1,alaw,A11
LA_E_9408609,1,alaw,A08
LA_E_9408751,1,ulaw,A19
LA_E_9409113,0,gsm,bonafide
LA_E_9409824,0,gsm,bonafide
LA_E_9409894,1,opus,A12
LA_E_9410087,1,ulaw,A08
LA_E_9410428,1,gsm,A11
LA_E_9410924,1,opus,A18
LA_E_9411270,0,gsm,bonafide
LA_E_9411338,1,ulaw,A15
LA_E_9411692,1,g722,A14
LA_E_9411707,0,gsm,bonafide
LA_E_9411961,1,none,A15
LA_E_9413183,1,none,A11
LA_E_9413263,1,gsm,A13
LA_E_9413856,1,ulaw,A07
LA_E_9413898,1,ulaw,A12
LA_E_9414363,1,alaw,A10
LA_E_9414423,1,gsm,A15
LA_E_9414454,1,opus,A18
LA_E_9414516,1,pstn,A13
LA_E_9414570,1,gsm,A15
LA_E_9414961,1,opus,A09
LA_E_9415062,0,opus,bonafide
LA_E_9415527,1,pstn,A08
LA_E_9415696,1,opus,A18
LA_E_9415908,0,pstn,bonafide
LA_E_9416093,1,ulaw,A14
LA_E_9416399,1,pstn,A12
LA_E_9416433,1,ulaw,A12
LA_E_9416489,1,gsm,A11
LA_E_9417062,1,gsm,A12
LA_E_9417237,1,opus,A08
LA_E_9417408,1,opus,A15
LA_E_9417447,1,ulaw,A18
LA_E_9417748,1,none,A14
LA_E_9417919,1,g722,A10
LA_E_9418708,1,gsm,A13
LA_E_9418780,1,gsm,A12
LA_E_9418797,0,gsm,bonafide
LA_E_9418805,0,alaw,bonafide
LA_E_9419162,1,g722,A14
LA_E_9419503,0,ulaw,bonafide
LA_E_9419630,1,pstn,A08
LA_E_9419671,1,gsm,A07
LA_E_9419832,1,g722,A15
LA_E_9419870,0,g722,bonafide
LA_E_9420031,1,gsm,A07
LA_E_9420059,1,pstn,A09
LA_E_9420449,1,alaw,A14
LA_E_9420658,1,ulaw,A15
LA_E_9420718,1,ulaw,A15
LA_E_9420833,1,pstn,A15
LA_E_9420890,1,g722,A19
LA_E_9421388,1,opus,A19
LA_E_9421728,1,pstn,A07
LA_E_9422102,1,pstn,A09
LA_E_9422295,1,ulaw,A18
LA_E_9422569,1,gsm,A10
LA_E_9422594,1,opus,A18
LA_E_9423284,1,pstn,A10
LA_E_9423453,1,opus,A12
LA_E_9423472,1,gsm,A10
LA_E_9423485,1,pstn,A13
LA_E_9423629,1,pstn,A16
LA_E_9424003,1,ulaw,A11
LA_E_9424242,1,ulaw,A17
LA_E_9424416,1,gsm,A14
LA_E_9424951,1,alaw,A18
LA_E_9426061,1,alaw,A16
LA_E_9426364,0,alaw,bonafide
LA_E_9426691,1,g722,A09
LA_E_9426861,1,gsm,A14
LA_E_9426992,1,none,A12
LA_E_9427004,1,opus,A10
LA_E_9427114,1,ulaw,A18
LA_E_9427144,0,pstn,bonafide
LA_E_9427166,1,opus,A16
LA_E_9427324,0,g722,bonafide
LA_E_9427362,1,alaw,A17
LA_E_9427595,1,pstn,A13
LA_E_9427763,1,ulaw,A07
LA_E_9427794,1,opus,A08
LA_E_9428232,1,alaw,A19
LA_E_9428546,1,none,A18
LA_E_9429050,0,pstn,bonafide
LA_E_9429053,0,alaw,bonafide
LA_E_9429353,1,gsm,A19
LA_E_9429420,1,gsm,A12
LA_E_9429927,1,opus,A07
LA_E_9429977,0,none,bonafide
LA_E_9430880,1,gsm,A18
LA_E_9430910,1,ulaw,A19
LA_E_9431042,1,gsm,A10
LA_E_9431599,1,opus,A13
LA_E_9432637,1,g722,A07
LA_E_9432834,1,gsm,A16
LA_E_9432838,1,gsm,A07
LA_E_9433211,1,ulaw,A09
LA_E_9433365,1,gsm,A17
LA_E_9433372,1,opus,A15
LA_E_9433386,1,pstn,A15
LA_E_9433918,1,gsm,A09
LA_E_9433946,1,ulaw,A09
LA_E_9434471,0,none,bonafide
LA_E_9434952,1,opus,A09
LA_E_9435401,1,ulaw,A17
LA_E_9435813,1,opus,A10
LA_E_9436026,1,opus,A12
LA_E_9436044,1,gsm,A07
LA_E_9436199,0,ulaw,bonafide
LA_E_9436581,1,gsm,A10
LA_E_9436943,1,pstn,A10
LA_E_9436949,1,opus,A09
LA_E_9437360,1,none,A17
LA_E_9437400,1,none,A13
LA_E_9437505,1,none,A10
LA_E_9437588,1,g722,A19
LA_E_9438117,0,gsm,bonafide
LA_E_9438130,1,pstn,A11
LA_E_9438255,1,pstn,A13
LA_E_9438495,1,alaw,A11
LA_E_9438623,1,ulaw,A08
LA_E_9438788,1,opus,A19
LA_E_9438854,1,opus,A12
LA_E_9439651,1,none,A18
LA_E_9439950,1,ulaw,A08
LA_E_9440042,0,none,bonafide
LA_E_9440278,1,none,A07
LA_E_9440346,1,pstn,A13
LA_E_9440431,1,g722,A12
LA_E_9440451,1,opus,A08
LA_E_9440612,1,none,A10
LA_E_9440664,1,alaw,A18
LA_E_9440976,1,ulaw,A08
LA_E_9441180,0,ulaw,bonafide
LA_E_9441281,1,none,A16
LA_E_9441306,1,ulaw,A10
LA_E_9441366,1,gsm,A07
LA_E_9441446,1,gsm,A18
LA_E_9441709,1,opus,A15
LA_E_9441893,1,ulaw,A10
LA_E_9442266,1,none,A09
LA_E_9442436,1,opus,A14
LA_E_9442495,1,g722,A11
LA_E_9443300,1,gsm,A13
LA_E_9444010,0,g722,bonafide
LA_E_9444211,1,opus,A12
LA_E_9445115,1,none,A15
LA_E_9445769,1,ulaw,A18
LA_E_9446183,1,pstn,A08
LA_E_9446653,1,pstn,A12
LA_E_9446809,1,opus,A17
LA_E_9447269,1,pstn,A18
LA_E_9447366,1,opus,A18
LA_E_9447436,1,ulaw,A18
LA_E_9448137,1,pstn,A19
LA_E_9448145,1,gsm,A08
LA_E_9448205,1,ulaw,A19
LA_E_9448543,1,alaw,A15
LA_E_9448690,1,ulaw,A11
LA_E_9449084,1,opus,A16
LA_E_9449370,1,gsm,A12
LA_E_9449647,1,gsm,A16
LA_E_9449695,1,ulaw,A14
LA_E_9450085,1,opus,A11
LA_E_9450242,1,ulaw,A16
LA_E_9450257,1,gsm,A17
LA_E_9450468,1,g722,A14
LA_E_9450493,0,alaw,bonafide
LA_E_9450664,0,pstn,bonafide
LA_E_9451391,1,ulaw,A13
LA_E_9451523,1,none,A15
LA_E_9451640,1,g722,A16
LA_E_9451758,1,ulaw,A14
LA_E_9451771,0,none,bonafide
LA_E_9453182,1,g722,A16
LA_E_9453748,1,gsm,A08
LA_E_9454373,1,alaw,A17
LA_E_9454496,1,g722,A11
LA_E_9454670,1,alaw,A15
LA_E_9454850,1,alaw,A17
LA_E_9455094,1,ulaw,A09
LA_E_9455174,1,pstn,A17
LA_E_9455213,1,pstn,A18
LA_E_9455807,1,gsm,A16
LA_E_9456807,0,gsm,bonafide
LA_E_9457320,1,ulaw,A17
LA_E_9458130,1,gsm,A09
LA_E_9458410,1,pstn,A19
LA_E_9458762,1,g722,A17
LA_E_9458815,1,opus,A07
LA_E_9459105,1,ulaw,A13
LA_E_9459127,1,g722,A10
LA_E_9460034,1,alaw,A16
LA_E_9460970,1,pstn,A17
LA_E_9461324,1,opus,A13
LA_E_9461501,0,alaw,bonafide
LA_E_9461705,1,opus,A19
LA_E_9461707,0,g722,bonafide
LA_E_9461868,1,none,A08
LA_E_9462748,1,opus,A11
LA_E_9462933,1,ulaw,A14
LA_E_9462947,1,gsm,A11
LA_E_9462952,0,g722,bonafide
LA_E_9462957,1,g722,A17
LA_E_9463406,1,pstn,A10
LA_E_9463871,1,opus,A12
LA_E_9464139,1,gsm,A15
LA_E_9464161,1,ulaw,A08
LA_E_9464569,1,gsm,A11
LA_E_9464784,1,opus,A09
LA_E_9465051,1,ulaw,A11
LA_E_9465193,1,ulaw,A19
LA_E_9465373,0,opus,bonafide
LA_E_9465646,1,g722,A11
LA_E_9465686,1,gsm,A12
LA_E_9465796,0,ulaw,bonafide
LA_E_9466488,1,gsm,A09
LA_E_9466641,1,opus,A09
LA_E_9466661,1,g722,A17
LA_E_9467180,1,opus,A08
LA_E_9467215,1,pstn,A16
LA_E_9467617,1,g722,A10
LA_E_9467872,1,gsm,A09
LA_E_9467885,1,gsm,A15
LA_E_9468572,1,opus,A10
LA_E_9468602,1,gsm,A07
LA_E_9469093,0,gsm,bonafide
LA_E_9469356,1,g722,A12
LA_E_9469739,1,pstn,A18
LA_E_9469844,1,none,A13
LA_E_9470325,1,ulaw,A07
LA_E_9470475,1,pstn,A13
LA_E_9470926,1,g722,A11
LA_E_9471030,1,alaw,A16
LA_E_9471069,1,alaw,A10
LA_E_9471377,0,ulaw,bonafide
LA_E_9472668,1,alaw,A17
LA_E_9472975,1,gsm,A07
LA_E_9473261,1,pstn,A14
LA_E_9473283,0,gsm,bonafide
LA_E_9473750,1,gsm,A14
LA_E_9473841,1,gsm,A18
LA_E_9474019,0,pstn,bonafide
LA_E_9474169,1,ulaw,A19
LA_E_9474557,0,none,bonafide
LA_E_9474642,1,alaw,A07
LA_E_9474930,0,g722,bonafide
LA_E_9475064,0,pstn,bonafide
LA_E_9475630,0,g722,bonafide
LA_E_9476376,1,g722,A09
LA_E_9476623,1,ulaw,A11
LA_E_9477333,1,gsm,A12
LA_E_9477716,1,pstn,A18
LA_E_9478734,0,alaw,bonafide
LA_E_9478879,1,none,A13
LA_E_9479200,1,g722,A11
LA_E_9479790,1,gsm,A08
LA_E_9479991,1,ulaw,A09
LA_E_9480267,0,pstn,bonafide
LA_E_9480418,1,pstn,A09
LA_E_9480812,0,g722,bonafide
LA_E_9480843,1,gsm,A09
LA_E_9481744,1,gsm,A17
LA_E_9482045,1,none,A07
LA_E_9482322,1,pstn,A10
LA_E_9482721,0,g722,bonafide
LA_E_9483102,0,opus,bonafide
LA_E_9484234,1,gsm,A10
LA_E_9484364,1,gsm,A19
LA_E_9485067,1,gsm,A15
LA_E_9485243,1,pstn,A11
LA_E_9485558,1,opus,A13
LA_E_9485774,1,ulaw,A12
LA_E_9485846,1,ulaw,A10
LA_E_9485853,1,g722,A07
LA_E_9486014,1,none,A08
LA_E_9486262,1,g722,A13
LA_E_9486629,0,g722,bonafide
LA_E_9487810,1,pstn,A12
LA_E_9487866,1,ulaw,A11
LA_E_9487958,1,gsm,A15
LA_E_9487960,1,pstn,A11
LA_E_9488047,1,alaw,A17
LA_E_9488140,1,none,A19
LA_E_9488266,1,g722,A13
LA_E_9488309,1,alaw,A12
LA_E_9488525,1,none,A13
LA_E_9488630,1,ulaw,A15
LA_E_9488687,0,alaw,bonafide
LA_E_9488770,1,ulaw,A14
LA_E_9489380,0,ulaw,bonafide
LA_E_9489398,1,opus,A15
LA_E_9490989,1,g722,A18
LA_E_9491255,1,ulaw,A08
LA_E_9491713,1,g722,A07
LA_E_9492244,1,gsm,A07
LA_E_9492287,1,g722,A09
LA_E_9492363,1,gsm,A07
LA_E_9492577,1,opus,A10
LA_E_9493010,1,alaw,A10
LA_E_9493043,1,ulaw,A17
LA_E_9493050,1,none,A12
LA_E_9493079,1,none,A13
LA_E_9493226,1,gsm,A19
LA_E_9493435,1,g722,A07
LA_E_9493482,1,opus,A19
LA_E_9493520,0,alaw,bonafide
LA_E_9493579,1,g722,A19
LA_E_9493701,1,g722,A11
LA_E_9493913,1,ulaw,A07
LA_E_9493927,1,gsm,A15
LA_E_9494055,0,none,bonafide
LA_E_9494117,1,g722,A10
LA_E_9495587,1,g722,A10
LA_E_9496099,1,none,A15
LA_E_9496144,1,ulaw,A10
LA_E_9496222,1,none,A16
LA_E_9496455,1,ulaw,A08
LA_E_9497287,1,gsm,A14
LA_E_9497859,1,opus,A12
LA_E_9498157,1,alaw,A17
LA_E_9498283,0,ulaw,bonafide
LA_E_9498479,0,ulaw,bonafide
LA_E_9498574,1,none,A13
LA_E_9498732,1,opus,A14
LA_E_9498842,1,ulaw,A09
LA_E_9499523,1,g722,A16
LA_E_9499825,1,gsm,A15
LA_E_9499918,1,gsm,A12
LA_E_9500416,1,alaw,A17
LA_E_9500487,1,alaw,A08
LA_E_9500513,1,ulaw,A13
LA_E_9500635,1,pstn,A16
LA_E_9500828,1,ulaw,A16
LA_E_9501495,1,none,A17
LA_E_9501641,1,pstn,A10
LA_E_9501651,1,opus,A18
LA_E_9501688,1,pstn,A18
LA_E_9502023,1,alaw,A08
LA_E_9502144,1,none,A07
LA_E_9502264,1,alaw,A11
LA_E_9502450,1,g722,A17
LA_E_9502559,1,ulaw,A13
LA_E_9502712,1,ulaw,A17
LA_E_9503059,1,gsm,A11
LA_E_9503430,1,opus,A10
LA_E_9503907,1,gsm,A09
LA_E_9504372,1,opus,A12
LA_E_9504444,1,opus,A16
LA_E_9504639,1,pstn,A10
LA_E_9505002,0,gsm,bonafide
LA_E_9505536,1,gsm,A08
LA_E_9505551,1,opus,A17
LA_E_9505671,0,opus,bonafide
LA_E_9505693,1,pstn,A19
LA_E_9505873,1,opus,A08
LA_E_9506561,1,opus,A16
LA_E_9506713,1,opus,A10
LA_E_9506820,1,opus,A14
LA_E_9506987,1,alaw,A18
LA_E_9507615,1,gsm,A09
LA_E_9507629,1,none,A14
LA_E_9507854,0,none,bonafide
LA_E_9508434,1,alaw,A18
LA_E_9508536,0,opus,bonafide
LA_E_9508701,1,alaw,A16
LA_E_9509144,0,ulaw,bonafide
LA_E_9509406,1,ulaw,A17
LA_E_9509423,1,none,A13
LA_E_9509424,1,ulaw,A11
LA_E_9509774,1,gsm,A15
LA_E_9510011,1,alaw,A12
LA_E_9510070,1,none,A13
LA_E_9510072,1,alaw,A10
LA_E_9510166,1,alaw,A07
LA_E_9510534,1,none,A18
LA_E_9510541,1,pstn,A10
LA_E_9510984,1,ulaw,A11
LA_E_9511203,1,g722,A15
LA_E_9511322,0,gsm,bonafide
LA_E_9511327,1,pstn,A16
LA_E_9511990,0,gsm,bonafide
LA_E_9512275,1,ulaw,A15
LA_E_9512337,1,g722,A09
LA_E_9512480,1,none,A11
LA_E_9513284,1,pstn,A08
LA_E_9513385,1,g722,A13
LA_E_9513555,1,pstn,A11
LA_E_9513946,1,none,A11
LA_E_9513990,1,gsm,A11
LA_E_9514010,1,pstn,A12
LA_E_9514389,1,gsm,A18
LA_E_9514506,1,pstn,A15
LA_E_9514673,1,gsm,A10
LA_E_9515206,1,alaw,A18
LA_E_9515280,1,ulaw,A15
LA_E_9515314,1,gsm,A13
LA_E_9515412,1,g722,A08
LA_E_9515816,1,alaw,A10
LA_E_9515829,1,opus,A16
LA_E_9516247,1,pstn,A15
LA_E_9516422,1,gsm,A19
LA_E_9516730,0,gsm,bonafide
LA_E_9516770,1,alaw,A14
LA_E_9517050,1,opus,A14
LA_E_9517751,1,alaw,A07
LA_E_9517895,1,opus,A08
LA_E_9518078,1,none,A17
LA_E_9518618,1,none,A18
LA_E_9518827,1,g722,A07
LA_E_9519114,1,g722,A07
LA_E_9519674,0,ulaw,bonafide
LA_E_9519726,1,pstn,A13
LA_E_9520314,1,gsm,A07
LA_E_9520359,1,opus,A13
LA_E_9520619,1,opus,A13
LA_E_9520887,1,ulaw,A19
LA_E_9521192,1,ulaw,A11
LA_E_9521518,1,gsm,A19
LA_E_9521560,1,ulaw,A07
LA_E_9521767,1,none,A10
LA_E_9521806,1,alaw,A13
LA_E_9521886,1,opus,A10
LA_E_9522128,1,pstn,A07
LA_E_9522172,1,gsm,A08
LA_E_9522856,1,alaw,A10
LA_E_9522865,1,gsm,A14
LA_E_9522982,1,alaw,A12
LA_E_9523072,1,ulaw,A15
LA_E_9523489,1,ulaw,A09
LA_E_9523528,1,opus,A11
LA_E_9523587,0,ulaw,bonafide
LA_E_9523763,1,gsm,A10
LA_E_9524361,1,opus,A19
LA_E_9524493,1,none,A15
LA_E_9524871,1,pstn,A19
LA_E_9525514,1,ulaw,A19
LA_E_9526683,1,g722,A08
LA_E_9526794,1,alaw,A09
LA_E_9526805,1,opus,A17
LA_E_9526883,1,none,A13
LA_E_9526925,1,g722,A14
LA_E_9527447,1,gsm,A14
LA_E_9527969,1,ulaw,A13
LA_E_9528020,1,pstn,A09
LA_E_9528033,1,ulaw,A09
LA_E_9528173,1,none,A13
LA_E_9528321,1,alaw,A16
LA_E_9528598,1,alaw,A15
LA_E_9529991,1,g722,A10
LA_E_9530170,1,pstn,A07
LA_E_9530390,1,ulaw,A12
LA_E_9530497,1,opus,A07
LA_E_9530588,1,alaw,A17
LA_E_9530845,1,g722,A19
LA_E_9530869,1,none,A10
LA_E_9531055,1,none,A07
LA_E_9531361,1,gsm,A17
LA_E_9531920,1,opus,A07
LA_E_9532756,1,gsm,A12
LA_E_9533801,1,ulaw,A17
LA_E_9534147,1,alaw,A15
LA_E_9534866,1,pstn,A16
LA_E_9534903,1,opus,A08
LA_E_9535436,1,g722,A14
LA_E_9535525,1,ulaw,A14
LA_E_9535569,1,alaw,A14
LA_E_9535862,1,gsm,A16
LA_E_9535863,1,pstn,A11
LA_E_9536105,1,ulaw,A10
LA_E_9536387,1,none,A14
LA_E_9536997,1,gsm,A17
LA_E_9537128,1,alaw,A10
LA_E_9537271,1,g722,A18
LA_E_9537592,1,alaw,A19
LA_E_9538458,1,none,A16
LA_E_9538467,1,ulaw,A16
LA_E_9538476,1,pstn,A14
LA_E_9538532,1,g722,A17
LA_E_9538900,1,opus,A09
LA_E_9539133,1,g722,A12
LA_E_9539289,1,g722,A12
LA_E_9539869,1,opus,A11
LA_E_9540120,1,none,A19
LA_E_9541167,1,g722,A11
LA_E_9541188,1,gsm,A12
LA_E_9541231,0,alaw,bonafide
LA_E_9541572,1,gsm,A08
LA_E_9542158,1,g722,A14
LA_E_9542236,1,gsm,A19
LA_E_9542628,1,none,A13
LA_E_9542934,1,opus,A14
LA_E_9542941,1,ulaw,A09
LA_E_9543373,1,pstn,A18
LA_E_9543407,1,opus,A07
LA_E_9543803,0,ulaw,bonafide
LA_E_9543827,1,g722,A08
LA_E_9544271,0,none,bonafide
LA_E_9544416,1,opus,A14
LA_E_9544723,1,alaw,A14
LA_E_9544799,1,g722,A13
LA_E_9545320,0,alaw,bonafide
LA_E_9545348,1,none,A08
LA_E_9545560,1,alaw,A08
LA_E_9545574,1,gsm,A11
LA_E_9545762,0,none,bonafide
LA_E_9546005,1,none,A19
LA_E_9546259,1,gsm,A17
LA_E_9547574,1,opus,A13
LA_E_9547790,0,gsm,bonafide
LA_E_9548162,0,alaw,bonafide
LA_E_9548197,1,opus,A08
LA_E_9549023,1,pstn,A18
LA_E_9549027,1,gsm,A07
LA_E_9549168,1,g722,A13
LA_E_9549276,1,ulaw,A08
LA_E_9549573,0,g722,bonafide
LA_E_9551178,1,gsm,A08
LA_E_9551560,1,pstn,A13
LA_E_9551570,1,ulaw,A16
LA_E_9551740,1,none,A09
LA_E_9552284,1,pstn,A12
LA_E_9552367,1,ulaw,A15
LA_E_9552620,0,g722,bonafide
LA_E_9553104,1,pstn,A16
LA_E_9553267,1,g722,A16
LA_E_9553360,1,g722,A09
LA_E_9553664,1,alaw,A08
LA_E_9553799,1,none,A12
LA_E_9553890,0,pstn,bonafide
LA_E_9553900,1,ulaw,A15
LA_E_9554293,1,none,A17
LA_E_9554358,1,none,A10
LA_E_9554416,0,gsm,bonafide
LA_E_9554772,1,g722,A15
LA_E_9554969,1,opus,A19
LA_E_9555025,1,pstn,A15
LA_E_9555053,0,gsm,bonafide
LA_E_9555232,1,ulaw,A16
LA_E_9555334,1,pstn,A17
LA_E_9555530,1,none,A10
LA_E_9555650,1,pstn,A15
LA_E_9555837,0,none,bonafide
LA_E_9556001,1,ulaw,A14
LA_E_9556030,1,ulaw,A09
LA_E_9556114,1,pstn,A11
LA_E_9556241,1,pstn,A15
LA_E_9556654,1,ulaw,A10
LA_E_9556946,1,ulaw,A09
LA_E_9557112,1,pstn,A17
LA_E_9557560,1,ulaw,A15
LA_E_9557626,1,none,A12
LA_E_9557667,1,ulaw,A10
LA_E_9558244,1,none,A17
LA_E_9558314,1,gsm,A10
LA_E_9558326,1,gsm,A09
LA_E_9558609,1,opus,A12
LA_E_9558615,1,opus,A07
LA_E_9558775,1,none,A14
LA_E_9559242,0,opus,bonafide
LA_E_9560080,1,gsm,A17
LA_E_9560123,1,alaw,A15
LA_E_9560259,1,gsm,A18
LA_E_9560349,1,opus,A11
LA_E_9560763,1,alaw,A12
LA_E_9560913,0,g722,bonafide
LA_E_9561126,1,none,A07
LA_E_9561495,1,pstn,A10
LA_E_9561602,1,opus,A18
LA_E_9561829,1,none,A15
LA_E_9562520,1,ulaw,A08
LA_E_9562596,1,g722,A13
LA_E_9562953,1,ulaw,A18
LA_E_9563169,1,ulaw,A10
LA_E_9563425,1,none,A16
LA_E_9563450,1,opus,A19
LA_E_9563709,1,gsm,A18
LA_E_9563777,1,opus,A10
LA_E_9564459,1,ulaw,A19
LA_E_9565131,1,ulaw,A16
LA_E_9565322,1,opus,A13
LA_E_9565600,1,opus,A10
LA_E_9565653,1,pstn,A08
LA_E_9566355,0,alaw,bonafide
LA_E_9566412,1,pstn,A19
LA_E_9566558,1,alaw,A11
LA_E_9566864,1,alaw,A15
LA_E_9567394,1,pstn,A07
LA_E_9567410,1,gsm,A10
LA_E_9568350,1,opus,A08
LA_E_9568948,1,g722,A07
LA_E_9570085,1,g722,A16
LA_E_9570323,1,none,A16
LA_E_9570394,1,gsm,A10
LA_E_9570399,1,alaw,A15
LA_E_9570548,1,opus,A07
LA_E_9570737,1,opus,A18
LA_E_9570803,1,gsm,A19
LA_E_9570890,1,g722,A16
LA_E_9571224,1,ulaw,A08
LA_E_9571332,1,pstn,A15
LA_E_9571406,1,none,A13
LA_E_9571543,1,ulaw,A09
LA_E_9571560,1,opus,A16
LA_E_9571565,1,gsm,A07
LA_E_9571587,1,none,A18
LA_E_9572538,1,none,A08
LA_E_9572926,1,ulaw,A07
LA_E_9573767,1,pstn,A14
LA_E_9574339,1,alaw,A07
LA_E_9574727,1,opus,A18
LA_E_9575065,1,g722,A10
LA_E_9575241,1,ulaw,A17
LA_E_9575445,1,none,A15
LA_E_9575572,1,gsm,A10
LA_E_9575673,1,pstn,A17
LA_E_9575855,1,g722,A08
LA_E_9576256,1,ulaw,A07
LA_E_9576424,1,none,A09
LA_E_9576540,1,g722,A10
LA_E_9576687,0,none,bonafide
LA_E_9576888,1,none,A19
LA_E_9576995,1,ulaw,A14
LA_E_9577582,1,pstn,A11
LA_E_9579001,1,g722,A17
LA_E_9579567,1,opus,A10
LA_E_9579621,1,ulaw,A10
LA_E_9580328,1,opus,A18
LA_E_9580451,1,none,A18
LA_E_9580573,1,ulaw,A12
LA_E_9580655,0,pstn,bonafide
LA_E_9580831,1,ulaw,A15
LA_E_9580896,1,none,A16
LA_E_9580991,1,g722,A08
LA_E_9581011,1,gsm,A19
LA_E_9581093,1,opus,A19
LA_E_9581182,1,pstn,A16
LA_E_9581269,1,opus,A11
LA_E_9581364,1,pstn,A07
LA_E_9582366,1,opus,A15
LA_E_9582811,0,opus,bonafide
LA_E_9583092,1,g722,A15
LA_E_9583289,1,alaw,A12
LA_E_9583575,1,opus,A19
LA_E_9583904,0,opus,bonafide
LA_E_9584271,1,none,A13
LA_E_9584568,1,none,A11
LA_E_9585180,1,alaw,A09
LA_E_9585355,1,ulaw,A17
LA_E_9585847,1,g722,A16
LA_E_9586183,1,pstn,A11
LA_E_9586196,0,opus,bonafide
LA_E_9586478,1,none,A09
LA_E_9587418,1,none,A16
LA_E_9587440,1,ulaw,A13
LA_E_9587834,1,alaw,A16
LA_E_9588784,1,gsm,A16
LA_E_9589197,1,pstn,A17
LA_E_9589621,1,g722,A18
LA_E_9589751,1,alaw,A09
LA_E_9589968,1,ulaw,A07
LA_E_9590371,1,g722,A13
LA_E_9590378,1,gsm,A15
LA_E_9590533,1,opus,A14
LA_E_9590709,1,g722,A17
LA_E_9591117,1,opus,A13
LA_E_9591229,1,gsm,A15
LA_E_9591276,0,gsm,bonafide
LA_E_9591286,0,ulaw,bonafide
LA_E_9591338,1,ulaw,A10
LA_E_9591533,1,none,A17
LA_E_9591567,0,ulaw,bonafide
LA_E_9591714,1,none,A16
LA_E_9592101,1,ulaw,A18
LA_E_9592263,1,gsm,A09
LA_E_9592408,0,gsm,bonafide
LA_E_9592518,1,opus,A09
LA_E_9592856,1,opus,A07
LA_E_9593069,1,opus,A17
LA_E_9593271,1,ulaw,A18
LA_E_9593641,1,none,A15
LA_E_9593687,1,opus,A15
LA_E_9593825,0,pstn,bonafide
LA_E_9594012,1,none,A09
LA_E_9594398,0,alaw,bonafide
LA_E_9594677,1,none,A16
LA_E_9595233,1,none,A11
LA_E_9595399,1,g722,A15
LA_E_9595459,1,none,A07
LA_E_9595558,1,gsm,A08
LA_E_9595590,1,gsm,A12
LA_E_9596131,1,g722,A16
LA_E_9596396,1,alaw,A11
LA_E_9596997,1,ulaw,A09
LA_E_9597372,1,ulaw,A18
LA_E_9597979,1,gsm,A19
LA_E_9598216,1,alaw,A18
LA_E_9598404,1,none,A18
LA_E_9598891,1,opus,A15
LA_E_9599263,1,none,A19
LA_E_9599457,0,none,bonafide
LA_E_9599478,1,gsm,A10
LA_E_9599600,1,pstn,A15
LA_E_9599771,1,g722,A14
LA_E_9600167,0,gsm,bonafide
LA_E_9600337,1,alaw,A15
LA_E_9600624,1,ulaw,A11
LA_E_9601008,1,pstn,A11
LA_E_9601537,1,g722,A09
LA_E_9601784,1,pstn,A18
LA_E_9601889,1,none,A18
LA_E_9601906,1,none,A13
LA_E_9601941,1,alaw,A12
LA_E_9602594,0,alaw,bonafide
LA_E_9602600,1,alaw,A17
LA_E_9602628,1,ulaw,A08
LA_E_9602657,1,alaw,A11
LA_E_9602808,1,ulaw,A19
LA_E_9603138,1,ulaw,A16
LA_E_9603287,1,opus,A18
LA_E_9603490,1,g722,A11
LA_E_9603885,1,ulaw,A07
LA_E_9604914,1,gsm,A09
LA_E_9605048,1,none,A12
LA_E_9605286,1,pstn,A12
LA_E_9605351,1,g722,A17
LA_E_9605757,1,opus,A17
LA_E_9606579,1,ulaw,A15
LA_E_9607403,1,g722,A14
LA_E_9607524,1,opus,A08
LA_E_9607657,1,gsm,A13
LA_E_9607682,1,g722,A18
LA_E_9607781,1,opus,A19
LA_E_9607829,0,gsm,bonafide
LA_E_9608108,1,g722,A08
LA_E_9608223,1,ulaw,A07
LA_E_9608407,1,none,A09
LA_E_9608659,1,none,A10
LA_E_9609000,1,opus,A09
LA_E_9609498,1,ulaw,A17
LA_E_9609695,1,gsm,A08
LA_E_9609700,1,gsm,A19
LA_E_9609753,1,g722,A19
LA_E_9610026,0,g722,bonafide
LA_E_9610538,1,opus,A11
LA_E_9611165,0,ulaw,bonafide
LA_E_9611391,1,pstn,A14
LA_E_9611467,1,alaw,A15
LA_E_9611581,1,gsm,A10
LA_E_9611848,1,pstn,A16
LA_E_9612172,0,alaw,bonafide
LA_E_9612256,1,gsm,A13
LA_E_9612795,1,gsm,A15
LA_E_9613016,1,gsm,A07
LA_E_9613289,1,ulaw,A19
LA_E_9613452,1,opus,A07
LA_E_9613489,0,opus,bonafide
LA_E_9613727,1,pstn,A13
LA_E_9613776,1,ulaw,A18
LA_E_9614071,1,gsm,A18
LA_E_9614159,1,alaw,A07
LA_E_9614373,1,alaw,A19
LA_E_9614802,1,g722,A12
LA_E_9615068,1,gsm,A09
LA_E_9615141,1,pstn,A10
LA_E_9615509,1,g722,A19
LA_E_9615555,1,opus,A15
LA_E_9616082,1,pstn,A08
LA_E_9616534,1,opus,A18
LA_E_9616670,1,alaw,A16
LA_E_9617481,1,opus,A09
LA_E_9617779,0,opus,bonafide
LA_E_9617789,1,g722,A14
LA_E_9618168,1,opus,A07
LA_E_9618217,1,gsm,A16
LA_E_9618398,1,none,A19
LA_E_9618604,1,opus,A19
LA_E_9618855,1,gsm,A16
LA_E_9619324,1,pstn,A19
LA_E_9619551,1,ulaw,A11
LA_E_9620041,1,pstn,A09
LA_E_9620399,1,alaw,A07
LA_E_9620471,0,g722,bonafide
LA_E_9620859,1,opus,A15
LA_E_9621228,1,ulaw,A17
LA_E_9621241,1,gsm,A14
LA_E_9621256,1,gsm,A17
LA_E_9621291,1,ulaw,A13
LA_E_9621335,1,pstn,A08
LA_E_9621567,1,opus,A09
LA_E_9621606,1,none,A09
LA_E_9621743,1,gsm,A11
LA_E_9621809,1,pstn,A07
LA_E_9622303,1,ulaw,A13
LA_E_9623085,1,opus,A19
LA_E_9623104,1,opus,A16
LA_E_9623777,1,ulaw,A19
LA_E_9623792,1,ulaw,A08
LA_E_9623934,1,alaw,A14
LA_E_9624497,1,ulaw,A12
LA_E_9624809,1,g722,A14
LA_E_9625155,1,opus,A07
LA_E_9625411,1,pstn,A15
LA_E_9625478,1,alaw,A08
LA_E_9625526,0,pstn,bonafide
LA_E_9625669,1,opus,A14
LA_E_9626034,1,none,A17
LA_E_9626613,0,opus,bonafide
LA_E_9626814,0,ulaw,bonafide
LA_E_9627150,1,none,A16
LA_E_9628269,1,alaw,A09
LA_E_9628360,1,alaw,A11
LA_E_9628430,1,alaw,A15
LA_E_9629703,1,pstn,A19
LA_E_9629919,1,ulaw,A14
LA_E_9629959,1,opus,A13
LA_E_9630189,1,pstn,A17
LA_E_9630289,1,gsm,A09
LA_E_9630386,1,gsm,A13
LA_E_9630509,1,gsm,A16
LA_E_9631535,1,pstn,A14
LA_E_9631625,0,pstn,bonafide
LA_E_9631940,1,opus,A12
LA_E_9632112,1,ulaw,A13
LA_E_9633220,1,alaw,A13
LA_E_9633223,1,ulaw,A08
LA_E_9633264,0,g722,bonafide
LA_E_9633273,0,pstn,bonafide
LA_E_9633281,1,ulaw,A10
LA_E_9633392,1,gsm,A12
LA_E_9633731,1,ulaw,A08
LA_E_9633777,1,ulaw,A09
LA_E_9633855,1,alaw,A19
LA_E_9634495,1,gsm,A14
LA_E_9634651,1,opus,A17
LA_E_9634724,1,pstn,A12
LA_E_9635340,1,gsm,A15
LA_E_9635551,1,g722,A16
LA_E_9635552,1,opus,A10
LA_E_9635822,1,alaw,A08
LA_E_9635853,1,ulaw,A10
LA_E_9636677,1,gsm,A12
LA_E_9636892,1,none,A18
LA_E_9637075,1,opus,A11
LA_E_9637163,1,gsm,A07
LA_E_9637278,1,ulaw,A18
LA_E_9637294,1,gsm,A18
LA_E_9637336,1,gsm,A17
LA_E_9637736,1,opus,A09
LA_E_9637835,0,g722,bonafide
LA_E_9637862,1,pstn,A16
LA_E_9637905,0,ulaw,bonafide
LA_E_9638208,0,gsm,bonafide
LA_E_9638364,1,g722,A13
LA_E_9638942,1,alaw,A15
LA_E_9639065,0,ulaw,bonafide
LA_E_9639152,1,pstn,A08
LA_E_9639244,1,opus,A13
LA_E_9639495,1,ulaw,A09
LA_E_9639532,1,gsm,A13
LA_E_9639696,1,none,A14
LA_E_9639881,0,ulaw,bonafide
LA_E_9641118,1,pstn,A15
LA_E_9641284,1,pstn,A09
LA_E_9641598,1,gsm,A19
LA_E_9641668,1,ulaw,A12
LA_E_9641787,1,gsm,A18
LA_E_9642321,1,none,A09
LA_E_9642689,1,none,A15
LA_E_9642932,1,opus,A14
LA_E_9643084,1,pstn,A11
LA_E_9643405,1,opus,A08
LA_E_9643817,1,alaw,A18
LA_E_9644143,1,ulaw,A14
LA_E_9644253,0,ulaw,bonafide
LA_E_9644307,1,pstn,A12
LA_E_9644372,1,g722,A10
LA_E_9644911,1,opus,A16
LA_E_9645443,0,ulaw,bonafide
LA_E_9645510,1,gsm,A12
LA_E_9645773,1,g722,A18
LA_E_9646458,1,gsm,A17
LA_E_9646626,1,opus,A14
LA_E_9646958,1,g722,A16
LA_E_9647168,1,pstn,A09
LA_E_9648118,1,gsm,A14
LA_E_9648397,0,pstn,bonafide
LA_E_9648471,1,gsm,A18
LA_E_9648482,1,alaw,A13
LA_E_9648506,1,pstn,A07
LA_E_9648545,0,none,bonafide
LA_E_9648661,1,alaw,A16
LA_E_9648723,1,gsm,A08
LA_E_9648795,1,gsm,A13
LA_E_9648858,0,gsm,bonafide
LA_E_9648908,1,none,A08
LA_E_9649290,1,gsm,A14
LA_E_9649541,1,g722,A08
LA_E_9649553,1,opus,A16
LA_E_9649604,0,gsm,bonafide
LA_E_9649650,0,alaw,bonafide
LA_E_9649928,1,pstn,A08
LA_E_9650561,0,opus,bonafide
LA_E_9650927,1,ulaw,A19
LA_E_9650948,1,ulaw,A09
LA_E_9651158,1,g722,A07
LA_E_9651189,1,gsm,A08
LA_E_9651294,1,none,A18
LA_E_9651379,1,gsm,A12
LA_E_9651578,1,opus,A15
LA_E_9651836,1,opus,A11
LA_E_9652035,1,opus,A12
LA_E_9652069,1,g722,A12
LA_E_9652278,1,g722,A16
LA_E_9653104,1,ulaw,A16
LA_E_9653364,1,alaw,A11
LA_E_9653401,1,pstn,A16
LA_E_9653516,1,gsm,A08
LA_E_9653835,1,opus,A11
LA_E_9653970,1,opus,A10
LA_E_9654083,0,alaw,bonafide
LA_E_9654589,1,none,A12
LA_E_9654700,1,pstn,A10
LA_E_9654853,1,ulaw,A15
LA_E_9655220,1,opus,A09
LA_E_9655292,1,opus,A09
LA_E_9655615,1,gsm,A16
LA_E_9656086,1,none,A11
LA_E_9656128,1,alaw,A14
LA_E_9656719,1,gsm,A10
LA_E_9656732,1,alaw,A08
LA_E_9657343,1,ulaw,A09
LA_E_9657627,1,alaw,A17
LA_E_9657680,1,none,A07
LA_E_9657827,1,gsm,A09
LA_E_9658030,1,none,A11
LA_E_9658198,1,alaw,A08
LA_E_9658207,0,g722,bonafide
LA_E_9658556,1,none,A15
LA_E_9658970,1,alaw,A13
LA_E_9659313,1,gsm,A16
LA_E_9659417,1,ulaw,A14
LA_E_9659568,1,ulaw,A12
LA_E_9659589,1,opus,A07
LA_E_9659707,1,ulaw,A13
LA_E_9660146,1,gsm,A11
LA_E_9660303,0,g722,bonafide
LA_E_9660451,1,g722,A16
LA_E_9660613,1,opus,A11
LA_E_9660616,1,gsm,A17
LA_E_9660658,0,ulaw,bonafide
LA_E_9660693,0,opus,bonafide
LA_E_9660767,1,gsm,A16
LA_E_9660915,1,gsm,A11
LA_E_9660916,1,opus,A07
LA_E_9660926,1,gsm,A15
LA_E_9661477,1,gsm,A08
LA_E_9661592,1,opus,A07
LA_E_9661774,1,ulaw,A19
LA_E_9662189,1,gsm,A13
LA_E_9662696,1,g722,A12
LA_E_9663392,1,none,A13
LA_E_9663780,1,ulaw,A13
LA_E_9664104,1,pstn,A15
LA_E_9664220,1,ulaw,A11
LA_E_9664249,0,gsm,bonafide
LA_E_9665369,1,none,A10
LA_E_9666137,1,opus,A14
LA_E_9666155,1,g722,A18
LA_E_9666605,1,gsm,A14
LA_E_9667359,1,opus,A18
LA_E_9667439,1,opus,A16
LA_E_9667519,1,g722,A08
LA_E_9667571,0,opus,bonafide
LA_E_9667691,1,opus,A19
LA_E_9668632,0,opus,bonafide
LA_E_9669073,0,none,bonafide
LA_E_9669319,1,g722,A13
LA_E_9669506,1,opus,A15
LA_E_9669665,1,gsm,A14
LA_E_9670073,1,alaw,A15
LA_E_9670130,1,gsm,A18
LA_E_9670217,1,alaw,A09
LA_E_9670353,1,alaw,A19
LA_E_9670801,1,pstn,A10
LA_E_9670845,1,ulaw,A11
LA_E_9670911,1,opus,A16
LA_E_9671375,1,gsm,A09
LA_E_9671863,0,alaw,bonafide
LA_E_9672178,1,gsm,A11
LA_E_9672304,1,none,A11
LA_E_9672454,1,opus,A11
LA_E_9672461,1,opus,A17
LA_E_9673435,1,g722,A12
LA_E_9673606,1,ulaw,A15
LA_E_9673635,1,opus,A08
LA_E_9674368,1,opus,A08
LA_E_9674475,0,pstn,bonafide
LA_E_9674675,1,gsm,A18
LA_E_9674978,1,g722,A11
LA_E_9675074,1,ulaw,A13
LA_E_9676668,0,alaw,bonafide
LA_E_9677106,1,none,A15
LA_E_9677847,1,ulaw,A17
LA_E_9678007,1,opus,A15
LA_E_9678646,1,gsm,A15
LA_E_9678658,1,alaw,A18
LA_E_9678976,0,g722,bonafide
LA_E_9680190,1,opus,A12
LA_E_9680242,1,opus,A07
LA_E_9680686,1,g722,A09
LA_E_9680942,1,ulaw,A18
LA_E_9681235,1,gsm,A16
LA_E_9681279,1,gsm,A11
LA_E_9682318,1,pstn,A14
LA_E_9682445,1,gsm,A19
LA_E_9682450,1,alaw,A19
LA_E_9682468,1,ulaw,A08
LA_E_9682752,1,ulaw,A08
LA_E_9683898,1,alaw,A08
LA_E_9684491,1,gsm,A11
LA_E_9684969,1,alaw,A13
LA_E_9685279,0,none,bonafide
LA_E_9685306,1,gsm,A12
LA_E_9685683,1,ulaw,A07
LA_E_9685995,1,alaw,A09
LA_E_9686054,1,opus,A18
LA_E_9686128,1,none,A18
LA_E_9686544,0,g722,bonafide
LA_E_9686821,1,gsm,A08
LA_E_9686902,1,none,A12
LA_E_9687612,1,opus,A12
LA_E_9687619,1,none,A17
LA_E_9688022,1,pstn,A09
LA_E_9688099,1,ulaw,A19
LA_E_9688463,1,pstn,A16
LA_E_9689127,0,alaw,bonafide
LA_E_9689299,1,pstn,A07
LA_E_9689913,1,gsm,A17
LA_E_9690284,1,ulaw,A19
LA_E_9690686,1,gsm,A18
LA_E_9690767,1,none,A10
LA_E_9691949,0,gsm,bonafide
LA_E_9692869,1,none,A19
LA_E_9693092,1,alaw,A11
LA_E_9693936,1,g722,A18
LA_E_9694051,1,pstn,A19
LA_E_9694122,1,gsm,A15
LA_E_9694402,1,opus,A09
LA_E_9694529,1,g722,A17
LA_E_9694538,0,pstn,bonafide
LA_E_9694563,1,ulaw,A12
LA_E_9694889,1,alaw,A14
LA_E_9694915,1,none,A11
LA_E_9695264,1,alaw,A15
LA_E_9695326,1,ulaw,A07
LA_E_9695759,1,opus,A10
LA_E_9696393,1,ulaw,A15
LA_E_9696597,1,alaw,A09
LA_E_9696857,1,opus,A11
LA_E_9696974,0,opus,bonafide
LA_E_9697843,1,pstn,A12
LA_E_9698575,1,pstn,A07
LA_E_9698797,0,gsm,bonafide
LA_E_9699006,1,ulaw,A10
LA_E_9699318,0,pstn,bonafide
LA_E_9699522,1,ulaw,A18
LA_E_9699673,0,g722,bonafide
LA_E_9700185,1,alaw,A17
LA_E_9700619,1,ulaw,A15
LA_E_9700764,1,ulaw,A13
LA_E_9701016,1,opus,A14
LA_E_9701069,1,opus,A15
LA_E_9701888,1,g722,A07
LA_E_9702071,1,pstn,A12
LA_E_9702695,0,alaw,bonafide
LA_E_9702924,1,opus,A15
LA_E_9703575,0,pstn,bonafide
LA_E_9704559,1,gsm,A14
LA_E_9704609,1,pstn,A16
LA_E_9704991,0,opus,bonafide
LA_E_9705272,0,ulaw,bonafide
LA_E_9705655,1,alaw,A19
LA_E_9705773,1,ulaw,A09
LA_E_9706051,1,pstn,A17
LA_E_9706398,0,g722,bonafide
LA_E_9707305,1,g722,A15
LA_E_9708025,1,none,A16
LA_E_9708065,0,alaw,bonafide
LA_E_9708766,1,gsm,A09
LA_E_9708858,0,ulaw,bonafide
LA_E_9708946,1,gsm,A14
LA_E_9709713,1,opus,A16
LA_E_9709847,1,ulaw,A16
LA_E_9710133,1,none,A18
LA_E_9710208,0,pstn,bonafide
LA_E_9710613,1,ulaw,A15
LA_E_9710629,1,ulaw,A13
LA_E_9710732,1,ulaw,A15
LA_E_9711740,1,alaw,A15
LA_E_9711800,1,g722,A17
LA_E_9712140,1,opus,A08
LA_E_9712762,1,pstn,A15
LA_E_9712999,1,pstn,A14
LA_E_9713383,1,gsm,A17
LA_E_9713578,1,ulaw,A19
LA_E_9716596,1,opus,A12
LA_E_9716735,1,ulaw,A11
LA_E_9717045,1,opus,A17
LA_E_9717267,1,alaw,A19
LA_E_9717574,1,ulaw,A18
LA_E_9717943,1,opus,A12
LA_E_9718842,1,none,A11
LA_E_9718960,1,none,A11
LA_E_9719183,1,none,A14
LA_E_9719569,1,opus,A13
LA_E_9720407,0,none,bonafide
LA_E_9721735,1,gsm,A16
LA_E_9721971,1,pstn,A11
LA_E_9722251,1,gsm,A19
LA_E_9722559,1,gsm,A19
LA_E_9723075,1,opus,A17
LA_E_9723758,1,opus,A10
LA_E_9724173,1,opus,A07
LA_E_9724967,0,opus,bonafide
LA_E_9725931,1,gsm,A11
LA_E_9726884,1,g722,A15
LA_E_9726989,1,ulaw,A17
LA_E_9727683,1,g722,A13
LA_E_9727689,1,pstn,A09
LA_E_9727816,1,g722,A09
LA_E_9727944,1,none,A10
LA_E_9728382,0,ulaw,bonafide
LA_E_9729219,1,ulaw,A08
LA_E_9729762,1,none,A09
LA_E_9729867,1,none,A18
LA_E_9731038,0,none,bonafide
LA_E_9731093,1,none,A12
LA_E_9731883,1,ulaw,A17
LA_E_9731913,1,ulaw,A08
LA_E_9731953,1,opus,A19
LA_E_9732635,1,g722,A18
LA_E_9732758,1,g722,A19
LA_E_9733005,1,pstn,A11
LA_E_9733533,0,gsm,bonafide
LA_E_9733950,1,opus,A11
LA_E_9734176,1,ulaw,A09
LA_E_9734615,0,g722,bonafide
LA_E_9734811,1,none,A10
LA_E_9735434,1,gsm,A18
LA_E_9735489,1,gsm,A16
LA_E_9735883,1,ulaw,A19
LA_E_9736986,1,gsm,A13
LA_E_9737061,1,alaw,A14
LA_E_9737291,1,ulaw,A15
LA_E_9737358,1,ulaw,A13
LA_E_9737877,1,g722,A11
LA_E_9738016,1,ulaw,A07
LA_E_9738144,0,ulaw,bonafide
LA_E_9738240,0,opus,bonafide
LA_E_9738500,1,none,A11
LA_E_9738827,1,gsm,A13
LA_E_9739938,1,pstn,A12
LA_E_9740091,1,ulaw,A15
LA_E_9740405,1,ulaw,A07
LA_E_9740548,1,g722,A08
LA_E_9741102,1,g722,A09
LA_E_9741690,0,ulaw,bonafide
LA_E_9741700,1,gsm,A08
LA_E_9741790,1,pstn,A15
LA_E_9741805,1,gsm,A14
LA_E_9742315,1,g722,A19
LA_E_9743060,1,pstn,A17
LA_E_9743204,1,opus,A17
LA_E_9743436,1,pstn,A13
LA_E_9743918,1,ulaw,A16
LA_E_9744160,1,alaw,A19
LA_E_9744536,1,pstn,A18
LA_E_9744958,1,opus,A12
LA_E_9745122,1,none,A11
LA_E_9745779,1,none,A13
LA_E_9746005,1,opus,A08
LA_E_9746666,1,ulaw,A11
LA_E_9746902,1,ulaw,A19
LA_E_9746906,1,opus,A17
LA_E_9747060,1,gsm,A14
LA_E_9748917,1,gsm,A09
LA_E_9749045,1,none,A15
LA_E_9749072,1,pstn,A16
LA_E_9749116,1,g722,A14
LA_E_9750582,1,ulaw,A09
LA_E_9750874,1,g722,A15
LA_E_9752684,1,ulaw,A11
LA_E_9752850,1,opus,A09
LA_E_9753304,1,opus,A07
LA_E_9753340,1,alaw,A09
LA_E_9754030,0,opus,bonafide
LA_E_9755554,0,g722,bonafide
LA_E_9756151,0,g722,bonafide
LA_E_9756579,1,opus,A13
LA_E_9756740,1,gsm,A16
LA_E_9756795,0,none,bonafide
LA_E_9757355,1,none,A19
LA_E_9757618,1,alaw,A07
LA_E_9757773,1,g722,A07
LA_E_9759479,1,none,A18
LA_E_9759943,1,gsm,A18
LA_E_9760938,0,pstn,bonafide
LA_E_9761606,1,ulaw,A10
LA_E_9762154,1,pstn,A08
LA_E_9762311,1,gsm,A10
LA_E_9762549,1,ulaw,A16
LA_E_9763352,1,none,A18
LA_E_9763478,1,gsm,A12
LA_E_9763551,1,ulaw,A16
LA_E_9763649,1,g722,A07
LA_E_9763897,1,gsm,A09
LA_E_9763986,0,alaw,bonafide
LA_E_9764005,1,none,A08
LA_E_9764020,1,alaw,A12
LA_E_9764124,1,none,A10
LA_E_9764214,1,opus,A14
LA_E_9764420,1,alaw,A12
LA_E_9765064,1,gsm,A11
LA_E_9765256,1,opus,A11
LA_E_9765294,1,gsm,A15
LA_E_9765422,0,pstn,bonafide
LA_E_9765747,1,none,A08
LA_E_9765993,1,g722,A10
LA_E_9766042,1,ulaw,A16
LA_E_9767342,1,gsm,A16
LA_E_9767666,1,g722,A10
LA_E_9768245,1,alaw,A07
LA_E_9768447,0,ulaw,bonafide
LA_E_9768494,1,opus,A16
LA_E_9768825,1,ulaw,A19
LA_E_9769678,0,gsm,bonafide
LA_E_9770855,0,ulaw,bonafide
LA_E_9772091,1,g722,A12
LA_E_9772139,1,pstn,A16
LA_E_9772238,1,alaw,A13
LA_E_9773488,1,none,A15
LA_E_9774014,1,gsm,A19
LA_E_9774118,1,opus,A13
LA_E_9775907,1,opus,A07
LA_E_9776444,1,gsm,A09
LA_E_9778214,0,g722,bonafide
LA_E_9779389,1,alaw,A19
LA_E_9780128,1,none,A11
LA_E_9780432,1,pstn,A09
LA_E_9781157,1,ulaw,A11
LA_E_9782506,1,pstn,A07
LA_E_9783580,0,opus,bonafide
LA_E_9783676,0,ulaw,bonafide
LA_E_9783768,1,ulaw,A18
LA_E_9784221,1,opus,A15
LA_E_9784528,1,g722,A07
LA_E_9784650,1,ulaw,A18
LA_E_9784835,1,opus,A19
LA_E_9785236,1,ulaw,A07
LA_E_9785253,1,opus,A17
LA_E_9785328,1,ulaw,A11
LA_E_9786248,1,gsm,A08
LA_E_9788409,1,pstn,A12
LA_E_9789053,1,gsm,A11
LA_E_9790097,1,opus,A14
LA_E_9790277,0,opus,bonafide
LA_E_9792010,0,pstn,bonafide
LA_E_9792377,1,g722,A09
LA_E_9792560,1,ulaw,A08
LA_E_9792849,1,ulaw,A19
LA_E_9793923,1,alaw,A18
LA_E_9793962,0,none,bonafide
LA_E_9794288,1,gsm,A14
LA_E_9794488,0,gsm,bonafide
LA_E_9794713,1,ulaw,A14
LA_E_9795391,1,opus,A17
LA_E_9795722,1,pstn,A08
LA_E_9796409,1,pstn,A12
LA_E_9796740,1,none,A07
LA_E_9797179,1,pstn,A11
LA_E_9797294,1,g722,A18
LA_E_9797581,1,alaw,A10
LA_E_9797596,1,ulaw,A12
LA_E_9798052,1,none,A12
LA_E_9798825,1,none,A15
LA_E_9799357,1,opus,A18
LA_E_9799869,1,gsm,A16
LA_E_9800348,0,g722,bonafide
LA_E_9800598,0,alaw,bonafide
LA_E_9800666,1,gsm,A18
LA_E_9800739,1,none,A16
LA_E_9800764,1,gsm,A14
LA_E_9800893,1,opus,A15
LA_E_9800978,1,opus,A08
LA_E_9801091,1,gsm,A19
LA_E_9801254,0,gsm,bonafide
LA_E_9801274,0,opus,bonafide
LA_E_9802405,1,gsm,A10
LA_E_9802460,1,opus,A11
LA_E_9802596,1,ulaw,A18
LA_E_9803344,1,gsm,A17
LA_E_9803529,1,gsm,A07
LA_E_9803749,0,pstn,bonafide
LA_E_9804533,1,gsm,A12
LA_E_9804544,1,none,A12
LA_E_9805302,1,opus,A14
LA_E_9806594,1,gsm,A18
LA_E_9806888,1,ulaw,A19
LA_E_9808048,1,pstn,A19
LA_E_9808173,0,ulaw,bonafide
LA_E_9808213,1,pstn,A16
LA_E_9808718,0,alaw,bonafide
LA_E_9808852,1,gsm,A14
LA_E_9809356,0,opus,bonafide
LA_E_9809401,1,pstn,A13
LA_E_9810579,0,gsm,bonafide
LA_E_9810693,1,gsm,A11
LA_E_9811635,1,opus,A19
LA_E_9812285,1,ulaw,A15
LA_E_9812515,1,pstn,A13
LA_E_9813070,1,pstn,A11
LA_E_9813419,1,ulaw,A19
LA_E_9813521,1,pstn,A17
LA_E_9813533,0,opus,bonafide
LA_E_9813666,0,alaw,bonafide
LA_E_9813902,1,opus,A09
LA_E_9814165,1,alaw,A16
LA_E_9814323,1,gsm,A08
LA_E_9814390,0,alaw,bonafide
LA_E_9814562,1,pstn,A19
LA_E_9815465,1,opus,A16
LA_E_9815547,1,ulaw,A14
LA_E_9816447,1,alaw,A17
LA_E_9816448,1,g722,A08
LA_E_9817016,0,gsm,bonafide
LA_E_9817277,1,ulaw,A12
LA_E_9817325,1,gsm,A10
LA_E_9817716,1,pstn,A10
LA_E_9817922,1,none,A17
LA_E_9818450,1,opus,A11
LA_E_9819773,0,alaw,bonafide
LA_E_9819914,1,opus,A15
LA_E_9820235,1,ulaw,A12
LA_E_9820321,1,none,A16
LA_E_9820577,1,g722,A10
LA_E_9820776,1,ulaw,A15
LA_E_9820951,1,pstn,A10
LA_E_9821029,1,opus,A19
LA_E_9821653,1,gsm,A17
LA_E_9821791,0,ulaw,bonafide
LA_E_9821895,1,gsm,A18
LA_E_9822004,1,opus,A09
LA_E_9823125,1,none,A09
LA_E_9823333,1,opus,A08
LA_E_9823352,1,opus,A15
LA_E_9823458,0,ulaw,bonafide
LA_E_9823466,1,none,A17
LA_E_9824011,1,ulaw,A09
LA_E_9824330,1,g722,A17
LA_E_9824374,1,ulaw,A17
LA_E_9824887,0,alaw,bonafide
LA_E_9825158,1,g722,A17
LA_E_9825618,1,g722,A16
LA_E_9826489,1,ulaw,A12
LA_E_9826628,1,alaw,A10
LA_E_9826689,1,pstn,A18
LA_E_9826908,1,pstn,A18
LA_E_9827013,1,ulaw,A08
LA_E_9827487,1,none,A09
LA_E_9827693,1,g722,A16
LA_E_9827739,1,opus,A17
LA_E_9828534,1,alaw,A09
LA_E_9829773,1,none,A11
LA_E_9829811,1,ulaw,A08
LA_E_9829970,1,opus,A08
LA_E_9830040,0,g722,bonafide
LA_E_9830216,1,alaw,A09
LA_E_9830767,1,alaw,A13
LA_E_9830862,1,ulaw,A12
LA_E_9831017,1,gsm,A17
LA_E_9831935,1,none,A13
LA_E_9832057,1,opus,A08
LA_E_9832402,1,g722,A18
LA_E_9832423,1,opus,A19
LA_E_9832454,1,g722,A08
LA_E_9832488,0,ulaw,bonafide
LA_E_9832730,1,ulaw,A13
LA_E_9832750,0,none,bonafide
LA_E_9832926,1,ulaw,A10
LA_E_9833289,0,gsm,bonafide
LA_E_9833349,1,g722,A14
LA_E_9833571,0,opus,bonafide
LA_E_9834183,1,none,A13
LA_E_9834335,1,gsm,A16
LA_E_9834663,1,g722,A15
LA_E_9835820,1,gsm,A15
LA_E_9836142,1,gsm,A07
LA_E_9836392,1,opus,A12
LA_E_9836625,1,g722,A18
LA_E_9836681,1,gsm,A13
LA_E_9836895,1,none,A07
LA_E_9837217,1,ulaw,A15
LA_E_9837713,0,ulaw,bonafide
LA_E_9838634,1,ulaw,A14
LA_E_9838736,0,opus,bonafide
LA_E_9838970,1,gsm,A16
LA_E_9839744,1,ulaw,A10
LA_E_9839837,1,gsm,A12
LA_E_9840749,1,opus,A15
LA_E_9841020,1,none,A14
LA_E_9841379,1,none,A12
LA_E_9842348,1,ulaw,A12
LA_E_9842489,1,ulaw,A11
LA_E_9844115,0,pstn,bonafide
LA_E_9844410,1,g722,A07
LA_E_9844578,1,opus,A13
LA_E_9844609,0,none,bonafide
LA_E_9844947,1,gsm,A09
LA_E_9845423,1,alaw,A13
LA_E_9845451,1,opus,A16
LA_E_9845484,1,g722,A09
LA_E_9846987,1,alaw,A10
LA_E_9847542,1,opus,A18
LA_E_9847686,1,gsm,A09
LA_E_9848221,1,pstn,A14
LA_E_9848513,1,opus,A07
LA_E_9848570,1,opus,A09
LA_E_9848858,1,alaw,A19
LA_E_9848976,1,ulaw,A10
LA_E_9849132,1,none,A08
LA_E_9849436,1,gsm,A18
LA_E_9849988,1,gsm,A09
LA_E_9850262,0,none,bonafide
LA_E_9850450,0,none,bonafide
LA_E_9850897,1,ulaw,A14
LA_E_9852549,1,opus,A11
LA_E_9852558,1,pstn,A15
LA_E_9853484,1,ulaw,A08
LA_E_9853496,1,alaw,A15
LA_E_9854084,1,alaw,A19
LA_E_9854326,1,none,A07
LA_E_9854800,1,gsm,A13
LA_E_9854934,1,none,A14
LA_E_9856027,1,ulaw,A19
LA_E_9856921,1,opus,A12
LA_E_9856956,0,none,bonafide
LA_E_9857223,1,ulaw,A17
LA_E_9857374,1,g722,A10
LA_E_9857486,1,ulaw,A09
LA_E_9858035,1,gsm,A08
LA_E_9858360,0,g722,bonafide
LA_E_9858892,1,none,A19
LA_E_9859158,1,gsm,A11
LA_E_9859675,1,opus,A18
LA_E_9859763,1,gsm,A12
LA_E_9860490,1,ulaw,A12
LA_E_9860886,1,ulaw,A07
LA_E_9861566,0,none,bonafide
LA_E_9861834,0,g722,bonafide
LA_E_9862842,1,alaw,A11
LA_E_9862983,1,gsm,A08
LA_E_9863726,0,none,bonafide
LA_E_9864257,1,ulaw,A13
LA_E_9864303,1,none,A08
LA_E_9864596,1,ulaw,A16
LA_E_9865096,0,pstn,bonafide
LA_E_9865131,1,alaw,A14
LA_E_9867352,1,pstn,A08
LA_E_9868641,1,g722,A11
LA_E_9869210,1,alaw,A08
LA_E_9869315,1,alaw,A10
LA_E_9869763,1,g722,A11
LA_E_9870296,1,g722,A14
LA_E_9870591,1,alaw,A12
LA_E_9870723,1,opus,A09
LA_E_9870728,0,opus,bonafide
LA_E_9871147,1,none,A15
LA_E_9871351,0,opus,bonafide
LA_E_9871364,1,alaw,A17
LA_E_9871632,1,opus,A16
LA_E_9871905,1,g722,A19
LA_E_9872166,1,alaw,A14
LA_E_9872260,1,g722,A13
LA_E_9872704,1,gsm,A10
LA_E_9873126,1,g722,A12
LA_E_9873336,1,alaw,A10
LA_E_9873653,1,pstn,A11
LA_E_9874016,1,pstn,A15
LA_E_9874466,1,gsm,A11
LA_E_9875543,1,alaw,A08
LA_E_9876021,1,gsm,A13
LA_E_9877130,1,alaw,A13
LA_E_9877252,1,ulaw,A17
LA_E_9877530,1,g722,A18
LA_E_9877671,0,none,bonafide
LA_E_9877752,1,gsm,A17
LA_E_9877767,1,pstn,A16
LA_E_9878185,1,none,A12
LA_E_9878576,1,none,A18
LA_E_9878811,1,opus,A15
LA_E_9878892,0,ulaw,bonafide
LA_E_9879361,1,pstn,A16
LA_E_9880183,1,none,A15
LA_E_9880589,0,none,bonafide
LA_E_9881311,1,g722,A15
LA_E_9885106,1,gsm,A16
LA_E_9885134,0,opus,bonafide
LA_E_9885572,1,opus,A13
LA_E_9885821,1,alaw,A19
LA_E_9886258,1,ulaw,A14
LA_E_9886638,0,alaw,bonafide
LA_E_9887075,1,gsm,A12
LA_E_9888340,1,g722,A09
LA_E_9888587,1,alaw,A16
LA_E_9888760,1,alaw,A07
LA_E_9889222,0,opus,bonafide
LA_E_9890082,1,opus,A14
LA_E_9890177,1,alaw,A09
LA_E_9890478,1,gsm,A12
LA_E_9891079,1,pstn,A07
LA_E_9891399,1,gsm,A08
LA_E_9891483,1,ulaw,A15
LA_E_9891538,1,none,A14
LA_E_9892049,1,pstn,A09
LA_E_9893812,1,alaw,A16
LA_E_9894360,1,pstn,A19
LA_E_9894420,1,gsm,A10
LA_E_9894773,1,none,A10
LA_E_9894822,1,alaw,A15
LA_E_9895199,1,alaw,A13
LA_E_9895374,1,opus,A07
LA_E_9895546,1,opus,A08
LA_E_9895592,0,g722,bonafide
LA_E_9895912,0,ulaw,bonafide
LA_E_9896544,1,ulaw,A08
LA_E_9896953,1,opus,A10
LA_E_9898002,1,gsm,A17
LA_E_9898690,1,g722,A13
LA_E_9898939,1,ulaw,A09
LA_E_9898995,1,pstn,A10
LA_E_9899266,1,ulaw,A18
LA_E_9899329,1,none,A16
LA_E_9900115,1,pstn,A15
LA_E_9900371,1,g722,A09
LA_E_9901864,1,gsm,A07
LA_E_9902187,1,gsm,A18
LA_E_9902238,1,opus,A11
LA_E_9902524,1,none,A07
LA_E_9902600,0,gsm,bonafide
LA_E_9903533,1,ulaw,A16
LA_E_9903534,1,ulaw,A10
LA_E_9903802,1,gsm,A12
LA_E_9904402,1,gsm,A19
LA_E_9904438,0,ulaw,bonafide
LA_E_9904803,0,opus,bonafide
LA_E_9904959,1,none,A11
LA_E_9905182,1,none,A19
LA_E_9905478,0,g722,bonafide
LA_E_9906282,0,none,bonafide
LA_E_9906725,1,opus,A12
LA_E_9906917,1,g722,A11
LA_E_9907208,0,gsm,bonafide
LA_E_9907210,1,ulaw,A08
LA_E_9907315,1,none,A12
LA_E_9907828,1,gsm,A09
LA_E_9908256,1,opus,A10
LA_E_9908513,1,g722,A16
LA_E_9908539,0,g722,bonafide
LA_E_9909079,1,gsm,A10
LA_E_9909112,1,opus,A10
LA_E_9909201,1,opus,A07
LA_E_9910917,1,alaw,A15
LA_E_9912097,1,none,A07
LA_E_9912251,1,alaw,A08
LA_E_9912566,1,g722,A18
LA_E_9912954,1,opus,A18
LA_E_9913069,1,opus,A12
LA_E_9913947,1,gsm,A14
LA_E_9915364,1,gsm,A12
LA_E_9915367,1,none,A09
LA_E_9915439,1,ulaw,A12
LA_E_9916430,1,ulaw,A11
LA_E_9916771,1,none,A17
LA_E_9917042,1,opus,A10
LA_E_9917245,1,g722,A15
LA_E_9917357,0,opus,bonafide
LA_E_9917572,0,ulaw,bonafide
LA_E_9918085,1,opus,A09
LA_E_9918102,1,opus,A10
LA_E_9918262,1,opus,A17
LA_E_9918838,1,opus,A11
LA_E_9919504,1,alaw,A19
LA_E_9919549,0,ulaw,bonafide
LA_E_9919692,1,pstn,A17
LA_E_9920167,1,none,A17
LA_E_9920761,0,none,bonafide
LA_E_9921122,1,pstn,A17
LA_E_9921126,1,gsm,A15
LA_E_9921283,1,gsm,A19
LA_E_9921457,1,alaw,A14
LA_E_9921736,1,opus,A14
LA_E_9922164,1,gsm,A08
LA_E_9922730,1,pstn,A14
LA_E_9922757,1,alaw,A18
LA_E_9922899,1,opus,A19
LA_E_9923105,1,gsm,A16
LA_E_9923493,1,gsm,A07
LA_E_9923525,0,ulaw,bonafide
LA_E_9923789,1,alaw,A11
LA_E_9924055,1,alaw,A19
LA_E_9924307,1,opus,A15
LA_E_9924341,1,gsm,A09
LA_E_9924550,1,ulaw,A19
LA_E_9925080,1,ulaw,A18
LA_E_9925146,1,g722,A08
LA_E_9925378,0,alaw,bonafide
LA_E_9926094,1,g722,A07
LA_E_9926740,1,gsm,A17
LA_E_9926895,1,alaw,A17
LA_E_9927927,1,none,A15
LA_E_9927947,1,pstn,A14
LA_E_9927980,1,opus,A13
LA_E_9928366,1,none,A09
LA_E_9929298,1,g722,A13
LA_E_9929376,1,alaw,A14
LA_E_9930303,1,ulaw,A09
LA_E_9930321,1,g722,A17
LA_E_9930676,1,opus,A07
LA_E_9931249,1,ulaw,A08
LA_E_9932626,1,gsm,A18
LA_E_9934123,0,opus,bonafide
LA_E_9935435,1,opus,A08
LA_E_9935824,0,pstn,bonafide
LA_E_9935942,1,g722,A08
LA_E_9936080,0,none,bonafide
LA_E_9936099,1,none,A09
LA_E_9938165,0,opus,bonafide
LA_E_9938378,1,g722,A09
LA_E_9938862,1,opus,A09
LA_E_9939456,1,ulaw,A17
LA_E_9939523,1,ulaw,A15
LA_E_9939594,1,ulaw,A07
LA_E_9939962,0,g722,bonafide
LA_E_9940011,1,ulaw,A13
LA_E_9940498,1,none,A10
LA_E_9941229,0,pstn,bonafide
LA_E_9941792,1,pstn,A08
LA_E_9942747,1,none,A18
LA_E_9943168,1,opus,A18
LA_E_9943179,1,gsm,A16
LA_E_9943554,1,ulaw,A18
LA_E_9943667,1,none,A10
LA_E_9943864,1,none,A13
LA_E_9943969,1,gsm,A13
LA_E_9943976,1,opus,A11
LA_E_9944400,1,alaw,A18
LA_E_9944584,1,pstn,A09
LA_E_9945167,1,opus,A16
LA_E_9945577,1,alaw,A08
LA_E_9946045,1,g722,A11
LA_E_9946890,1,opus,A19
LA_E_9946965,1,alaw,A08
LA_E_9947251,1,pstn,A08
LA_E_9947260,1,opus,A09
LA_E_9947539,1,gsm,A16
LA_E_9948463,0,pstn,bonafide
LA_E_9949073,1,gsm,A11
LA_E_9949309,1,ulaw,A19
LA_E_9949386,1,none,A19
LA_E_9950756,1,g722,A18
LA_E_9950781,1,ulaw,A12
LA_E_9950816,1,opus,A15
LA_E_9950946,1,alaw,A10
LA_E_9951239,1,gsm,A18
LA_E_9951942,0,g722,bonafide
LA_E_9952505,1,ulaw,A13
LA_E_9952617,1,alaw,A19
LA_E_9952637,1,none,A19
LA_E_9952820,1,pstn,A13
LA_E_9953261,1,opus,A12
LA_E_9953487,1,pstn,A14
LA_E_9954203,1,gsm,A14
LA_E_9955085,1,gsm,A12
LA_E_9956798,1,gsm,A08
LA_E_9957179,1,gsm,A17
LA_E_9957257,1,opus,A15
LA_E_9957431,1,none,A07
LA_E_9957643,1,alaw,A16
LA_E_9958090,1,ulaw,A11
LA_E_9958097,1,none,A12
LA_E_9958809,1,none,A17
LA_E_9959199,1,pstn,A07
LA_E_9960924,0,gsm,bonafide
LA_E_9961304,0,ulaw,bonafide
LA_E_9961361,1,ulaw,A18
LA_E_9962022,1,none,A08
LA_E_9962177,1,none,A09
LA_E_9962753,1,g722,A18
LA_E_9962771,1,ulaw,A10
LA_E_9962990,1,ulaw,A09
LA_E_9963146,1,ulaw,A19
LA_E_9963668,0,none,bonafide
LA_E_9964118,1,opus,A07
LA_E_9965024,1,opus,A17
LA_E_9965590,1,pstn,A10
LA_E_9965732,1,alaw,A11
LA_E_9966649,0,opus,bonafide
LA_E_9966808,1,ulaw,A09
LA_E_9967048,1,opus,A08
LA_E_9967109,1,none,A14
LA_E_9967213,1,none,A19
LA_E_9967706,1,pstn,A13
LA_E_9967719,1,pstn,A11
LA_E_9968380,1,ulaw,A17
LA_E_9968518,1,alaw,A18
LA_E_9969330,1,pstn,A17
LA_E_9970260,1,gsm,A15
LA_E_9970526,1,alaw,A19
LA_E_9970887,1,none,A16
LA_E_9971157,1,opus,A08
LA_E_9971925,1,alaw,A15
LA_E_9972084,1,opus,A10
LA_E_9972158,1,opus,A19
LA_E_9972974,1,gsm,A16
LA_E_9973091,1,alaw,A07
LA_E_9973978,1,alaw,A11
LA_E_9974124,1,gsm,A11
LA_E_9976111,1,pstn,A12
LA_E_9976298,1,opus,A19
LA_E_9976797,0,pstn,bonafide
LA_E_9976929,0,alaw,bonafide
LA_E_9976968,1,pstn,A18
LA_E_9976994,1,ulaw,A11
LA_E_9977247,1,gsm,A13
LA_E_9978733,1,g722,A12
LA_E_9978870,1,ulaw,A07
LA_E_9979251,1,gsm,A12
LA_E_9979262,1,pstn,A14
LA_E_9979352,1,ulaw,A12
LA_E_9979602,0,gsm,bonafide
LA_E_9979733,1,g722,A07
LA_E_9980366,1,pstn,A18
LA_E_9980692,1,ulaw,A16
LA_E_9980906,1,none,A10
LA_E_9981282,1,ulaw,A17
LA_E_9981412,0,g722,bonafide
LA_E_9981669,1,g722,A13
LA_E_9981848,0,pstn,bonafide
LA_E_9981956,0,none,bonafide
LA_E_9982545,1,alaw,A13
LA_E_9982754,1,opus,A10
LA_E_9983009,1,ulaw,A13
LA_E_9983102,1,ulaw,A14
LA_E_9983326,1,none,A12
LA_E_9983352,0,g722,bonafide
LA_E_9983353,1,ulaw,A07
LA_E_9983650,1,gsm,A10
LA_E_9983715,1,opus,A18
LA_E_9983953,1,opus,A16
LA_E_9983994,1,ulaw,A18
LA_E_9984042,0,opus,bonafide
LA_E_9984267,1,opus,A14
LA_E_9985038,1,gsm,A07
LA_E_9985254,1,opus,A16
LA_E_9985483,1,gsm,A18
LA_E_9985533,1,pstn,A16
LA_E_9985998,1,gsm,A09
LA_E_9986223,0,gsm,bonafide
LA_E_9986269,0,gsm,bonafide
LA_E_9986514,1,gsm,A14
LA_E_9986628,1,pstn,A14
LA_E_9986751,1,ulaw,A15
LA_E_9987321,1,none,A18
LA_E_9987915,1,gsm,A12
LA_E_9988089,1,ulaw,A19
LA_E_9988200,1,alaw,A08
LA_E_9988653,1,g722,A18
LA_E_9988713,1,opus,A11
LA_E_9988761,1,pstn,A15
LA_E_9988817,1,gsm,A16
LA_E_9989047,1,ulaw,A10
LA_E_9989497,1,pstn,A07
LA_E_9989781,1,none,A17
LA_E_9990564,1,gsm,A11
LA_E_9991127,1,opus,A12
LA_E_9991357,0,ulaw,bonafide
LA_E_9991989,1,none,A11
LA_E_9992199,1,gsm,A08
LA_E_9992339,1,opus,A10
LA_E_9992599,1,alaw,A12
LA_E_9992640,1,ulaw,A10
LA_E_9992684,0,gsm,bonafide
LA_E_9992733,1,ulaw,A16
LA_E_9993077,1,g722,A14
LA_E_9993626,1,none,A16
LA_E_9993766,1,gsm,A07
LA_E_9994191,1,g722,A08
LA_E_9994444,1,gsm,A13
LA_E_9994762,1,ulaw,A08
LA_E_9995277,1,opus,A10
LA_E_9995404,1,opus,A07
LA_E_9995410,0,ulaw,bonafide
LA_E_9995702,1,ulaw,A14
LA_E_9995915,0,none,bonafide
LA_E_9996081,1,alaw,A14
LA_E_9996260,1,ulaw,A18
LA_E_9996918,1,none,A07
LA_E_9997099,1,opus,A10
LA_E_9997316,1,alaw,A13
LA_E_9997545,1,none,A19
LA_E_9997550,0,opus,bonafide
LA_E_9998417,1,opus,A12
LA_E_9998584,1,ulaw,A13
LA_E_9999124,1,gsm,A18
LA_E_9999362,1,gsm,A15
LA_E_9999455,1,ulaw,A11
LA_E_9999890,1,ulaw,A12
LA_E_9999896,1,gsm,A15
LA_E_9999987,1,gsm,A11
