arquivo,classe_binaria,codec,ataque
LA_E_1000048,1,opus,A08
LA_E_1000345,1,opus,A19
LA_E_1000624,1,ulaw,A13
LA_E_1000931,1,opus,A18
LA_E_1001135,1,ulaw,A13
LA_E_1001407,1,gsm,A12
LA_E_1001842,1,ulaw,A19
LA_E_1001928,1,gsm,A10
LA_E_1002161,1,ulaw,A18
LA_E_1002323,1,ulaw,A18
LA_E_1002743,1,ulaw,A15
LA_E_1002895,1,ulaw,A16
LA_E_1003658,1,g722,A10
LA_E_1003731,1,ulaw,A11
LA_E_1003757,1,pstn,A13
LA_E_1003840,1,alaw,A14
LA_E_1003961,1,opus,A09
LA_E_1004043,1,opus,A13
LA_E_1004588,1,opus,A13
LA_E_1005523,1,ulaw,A16
LA_E_1005777,1,ulaw,A19
LA_E_1005805,1,gsm,A18
LA_E_1005828,1,gsm,A16
LA_E_1005966,1,ulaw,A08
LA_E_1005993,1,g722,A07
LA_E_1006073,1,ulaw,A07
LA_E_1006344,1,ulaw,A17
LA_E_1006494,1,none,A14
LA_E_1006559,1,alaw,A17
LA_E_1006688,1,opus,A16
LA_E_1006777,1,opus,A18
LA_E_1006816,1,alaw,A10
LA_E_1007090,1,ulaw,A09
LA_E_1007588,1,alaw,A11
LA_E_1007650,1,alaw,A18
LA_E_1007726,1,ulaw,A15
LA_E_1007828,1,gsm,A14
LA_E_1008159,1,gsm,A08
LA_E_1008202,1,g722,A08
LA_E_1008285,1,opus,A07
LA_E_1008432,1,opus,A19
LA_E_1009424,1,opus,A14
LA_E_1009431,1,opus,A16
LA_E_1009470,1,opus,A10
LA_E_1009630,1,ulaw,A12
LA_E_1009785,1,opus,A10
LA_E_1009935,1,g722,A16
LA_E_1010513,1,opus,A17
LA_E_1010878,1,gsm,A13
LA_E_1010987,1,gsm,A08
LA_E_1011085,1,pstn,A09
LA_E_1011113,1,ulaw,A14
LA_E_1011126,1,gsm,A07
LA_E_1011196,1,none,A09
LA_E_1011202,1,opus,A09
LA_E_1012463,1,g722,A09
LA_E_1012668,1,pstn,A08
LA_E_1012803,1,g722,A14
LA_E_1012995,1,gsm,A09
LA_E_1013114,1,none,A15
LA_E_1013754,1,gsm,A11
LA_E_1014342,1,gsm,A16
LA_E_1014837,1,gsm,A11
LA_E_1015064,1,opus,A15
LA_E_1016267,1,none,A16
LA_E_1016427,1,gsm,A17
LA_E_1016611,1,alaw,A08
LA_E_1016720,1,gsm,A19
LA_E_1016933,1,opus,A08
LA_E_1017167,1,gsm,A13
LA_E_1017236,1,none,A19
LA_E_1017373,1,g722,A17
LA_E_1017621,1,gsm,A10
LA_E_1018206,1,g722,A15
LA_E_1018401,1,pstn,A19
LA_E_1018837,1,none,A11
LA_E_1019007,1,none,A12
LA_E_1019069,1,ulaw,A17
LA_E_1019687,1,none,A10
LA_E_1019703,1,alaw,A15
LA_E_1020123,1,ulaw,A10
LA_E_1020135,1,g722,A18
LA_E_1020858,1,none,A18
LA_E_1020926,1,alaw,A07
LA_E_1020938,1,none,A17
LA_E_1021152,1,opus,A15
LA_E_1021406,1,gsm,A14
LA_E_1021854,1,pstn,A07
LA_E_1022676,1,pstn,A15
LA_E_1023357,1,gsm,A09
LA_E_1023753,1,alaw,A19
LA_E_1023975,1,gsm,A15
LA_E_1024446,1,gsm,A12
LA_E_1024696,1,pstn,A10
LA_E_1025667,1,g722,A19
LA_E_1025914,1,gsm,A18
LA_E_1025942,1,none,A13
LA_E_1026271,1,ulaw,A10
LA_E_1027307,1,g722,A12
LA_E_1027473,0,opus,bonafide
LA_E_1027545,1,opus,A12
LA_E_1027623,1,pstn,A14
LA_E_1028490,1,pstn,A18
LA_E_1029088,1,alaw,A13
LA_E_1029984,1,pstn,A12
LA_E_1031036,1,pstn,A11
LA_E_1032731,1,alaw,A09
LA_E_1034016,1,g722,A11
LA_E_1035671,1,alaw,A16
LA_E_1036505,1,ulaw,A07
LA_E_1036830,1,none,A08
LA_E_1037056,1,alaw,A12
LA_E_1040028,1,none,A07
LA_E_1041875,1,opus,A11
LA_E_1042805,0,opus,bonafide
LA_E_1044612,1,none,A17
LA_E_1045473,1,gsm,A11
LA_E_1047123,1,opus,A13
LA_E_1047155,1,ulaw,A08
LA_E_1048852,1,opus,A11
LA_E_1050706,0,alaw,bonafide
LA_E_1051090,0,alaw,bonafide
LA_E_1052095,1,gsm,A11
LA_E_1052994,1,opus,A19
LA_E_1053226,1,g722,A13
LA_E_1053854,1,ulaw,A18
LA_E_1054745,0,pstn,bonafide
LA_E_1055153,0,none,bonafide
LA_E_1056461,1,none,A14
LA_E_1057015,0,none,bonafide
LA_E_1057072,1,none,A17
LA_E_1058551,1,g722,A08
LA_E_1059127,0,pstn,bonafide
LA_E_1059283,0,ulaw,bonafide
LA_E_1059501,1,gsm,A11
LA_E_1059691,1,opus,A16
LA_E_1059792,1,alaw,A15
LA_E_1060032,1,alaw,A17
LA_E_1060202,0,ulaw,bonafide
LA_E_1061137,1,opus,A19
LA_E_1062013,1,pstn,A09
LA_E_1062193,1,g722,A07
LA_E_1062374,0,alaw,bonafide
LA_E_1062717,1,ulaw,A13
LA_E_1064823,1,alaw,A17
LA_E_1065215,1,opus,A19
LA_E_1066504,0,gsm,bonafide
LA_E_1067640,0,g722,bonafide
LA_E_1067849,1,none,A08
LA_E_1068052,1,pstn,A17
LA_E_1068108,1,alaw,A14
LA_E_1068136,1,gsm,A10
LA_E_1068483,1,pstn,A07
LA_E_1068624,0,g722,bonafide
LA_E_1069265,1,opus,A14
LA_E_1069897,1,pstn,A16
LA_E_1069980,1,none,A11
LA_E_1070438,1,alaw,A15
LA_E_1070525,1,opus,A10
LA_E_1070678,1,opus,A13
LA_E_1071071,0,pstn,bonafide
LA_E_1071312,1,gsm,A16
LA_E_1072909,1,pstn,A09
LA_E_1073107,1,alaw,A10
LA_E_1074241,1,opus,A16
LA_E_1074261,1,none,A14
LA_E_1074481,1,opus,A15
LA_E_1074655,1,none,A13
LA_E_1075882,1,none,A19
LA_E_1076811,1,none,A09
LA_E_1076904,1,opus,A09
LA_E_1076933,1,alaw,A07
LA_E_1077880,1,opus,A07
LA_E_1077974,1,ulaw,A16
LA_E_1078009,1,g722,A16
LA_E_1078418,0,g722,bonafide
LA_E_1078520,1,pstn,A08
LA_E_1078775,1,none,A09
LA_E_1079444,1,pstn,A07
LA_E_1080373,1,none,A12
LA_E_1082057,1,opus,A19
LA_E_1083603,1,ulaw,A15
LA_E_1083679,1,pstn,A11
LA_E_1083739,1,pstn,A13
LA_E_1084148,0,none,bonafide
LA_E_1084423,1,none,A13
LA_E_1084796,1,ulaw,A09
LA_E_1084857,1,ulaw,A13
LA_E_1085229,1,opus,A10
LA_E_1085956,1,opus,A13
LA_E_1086149,1,pstn,A18
LA_E_1086387,1,none,A07
LA_E_1086655,1,pstn,A15
LA_E_1086697,0,opus,bonafide
LA_E_1086902,1,opus,A17
LA_E_1087506,1,none,A19
LA_E_1087549,1,alaw,A17
LA_E_1088153,1,ulaw,A10
LA_E_1088237,1,none,A10
LA_E_1088590,1,none,A08
LA_E_1088874,1,none,A17
LA_E_1088990,1,gsm,A15
LA_E_1089374,1,none,A11
LA_E_1089410,1,alaw,A07
LA_E_1089452,1,gsm,A11
LA_E_1090033,1,alaw,A10
LA_E_1090086,0,opus,bonafide
LA_E_1091278,1,g722,A18
LA_E_1092827,1,g722,A16
LA_E_1092881,1,pstn,A15
LA_E_1093190,1,alaw,A14
LA_E_1093469,0,pstn,bonafide
LA_E_1093669,1,g722,A19
LA_E_1093857,1,g722,A12
LA_E_1095282,1,ulaw,A15
LA_E_1095486,1,opus,A07
LA_E_1095490,1,none,A17
LA_E_1096194,1,alaw,A13
LA_E_1096328,1,ulaw,A17
LA_E_1096386,1,gsm,A18
LA_E_1096858,1,gsm,A10
LA_E_1096898,1,ulaw,A16
LA_E_1096915,1,opus,A08
LA_E_1097260,1,alaw,A08
LA_E_1097828,1,pstn,A12
LA_E_1098017,1,g722,A14
LA_E_1098521,1,alaw,A11
LA_E_1098864,1,pstn,A19
LA_E_1099288,0,opus,bonafide
LA_E_1099374,0,opus,bonafide
LA_E_1099585,1,ulaw,A18
LA_E_1099716,1,alaw,A12
LA_E_1099871,1,ulaw,A15
LA_E_1100242,1,opus,A13
LA_E_1100254,1,pstn,A09
LA_E_1100487,0,ulaw,bonafide
LA_E_1101083,1,opus,A16
LA_E_1101491,1,gsm,A09
LA_E_1101595,1,ulaw,A16
LA_E_1102106,1,none,A07
LA_E_1102346,1,opus,A08
LA_E_1102467,1,none,A14
LA_E_1103124,1,alaw,A18
LA_E_1103293,1,ulaw,A18
LA_E_1103411,1,gsm,A16
LA_E_1103579,1,g722,A15
LA_E_1103793,1,pstn,A19
LA_E_1103894,1,g722,A18
LA_E_1104073,1,none,A17
LA_E_1105688,1,gsm,A08
LA_E_1105810,1,alaw,A08
LA_E_1106029,1,none,A10
LA_E_1106413,1,none,A18
LA_E_1107356,1,gsm,A07
LA_E_1107948,1,pstn,A13
LA_E_1109603,1,opus,A17
LA_E_1109922,1,gsm,A19
LA_E_1110187,1,opus,A16
LA_E_1110299,1,pstn,A14
LA_E_1110342,1,none,A16
LA_E_1110347,1,alaw,A12
LA_E_1110541,0,alaw,bonafide
LA_E_1110770,1,pstn,A18
LA_E_1110887,1,opus,A12
LA_E_1110896,1,pstn,A11
LA_E_1111149,1,none,A14
LA_E_1111329,1,g722,A07
LA_E_1111352,0,none,bonafide
LA_E_1111629,1,gsm,A18
LA_E_1111631,1,none,A17
LA_E_1112250,1,ulaw,A09
LA_E_1112486,1,opus,A10
LA_E_1112785,0,opus,bonafide
LA_E_1113146,1,opus,A14
LA_E_1113151,1,opus,A17
LA_E_1113839,1,none,A19
LA_E_1113878,0,opus,bonafide
LA_E_1114007,1,pstn,A09
LA_E_1114046,1,opus,A08
LA_E_1114503,1,alaw,A15
LA_E_1114802,1,pstn,A12
LA_E_1114853,1,gsm,A08
LA_E_1115622,1,gsm,A10
LA_E_1115891,0,g722,bonafide
LA_E_1115910,1,alaw,A13
LA_E_1116014,1,g722,A17
LA_E_1116531,1,gsm,A11
LA_E_1116879,1,none,A08
LA_E_1116956,1,opus,A09
LA_E_1117058,1,alaw,A15
LA_E_1117725,1,gsm,A13
LA_E_1118477,1,alaw,A08
LA_E_1118558,1,g722,A11
LA_E_1118575,1,pstn,A14
LA_E_1118739,1,alaw,A11
LA_E_1118926,1,none,A17
LA_E_1119741,1,ulaw,A18
LA_E_1120232,1,gsm,A08
LA_E_1120282,1,pstn,A09
LA_E_1120322,1,g722,A12
LA_E_1120529,1,gsm,A14
LA_E_1120879,1,ulaw,A13
LA_E_1121479,1,gsm,A17
LA_E_1121683,1,opus,A10
LA_E_1122030,1,g722,A08
LA_E_1122175,1,none,A09
LA_E_1122280,1,gsm,A18
LA_E_1122650,1,g722,A09
LA_E_1123044,1,pstn,A07
LA_E_1123252,1,opus,A09
LA_E_1123316,1,ulaw,A16
LA_E_1123478,1,none,A19
LA_E_1123512,1,alaw,A10
LA_E_1123583,1,ulaw,A12
LA_E_1123743,1,opus,A11
LA_E_1123882,1,gsm,A10
LA_E_1124083,1,pstn,A08
LA_E_1124300,1,gsm,A09
LA_E_1124423,1,opus,A15
LA_E_1124435,1,g722,A17
LA_E_1124451,1,alaw,A16
LA_E_1124472,1,pstn,A09
LA_E_1124576,1,gsm,A16
LA_E_1125254,1,ulaw,A11
LA_E_1125465,1,ulaw,A17
LA_E_1125488,1,gsm,A15
LA_E_1125541,1,pstn,A11
LA_E_1127250,1,alaw,A10
LA_E_1127273,1,alaw,A07
LA_E_1128206,1,alaw,A19
LA_E_1128243,1,opus,A09
LA_E_1128509,1,none,A13
LA_E_1128581,1,alaw,A12
LA_E_1129002,1,g722,A15
LA_E_1129061,0,alaw,bonafide
LA_E_1129413,1,none,A07
LA_E_1129714,1,opus,A17
LA_E_1130010,1,none,A12
LA_E_1130479,1,gsm,A09
LA_E_1130510,1,alaw,A08
LA_E_1130917,1,opus,A14
LA_E_1131130,1,alaw,A09
LA_E_1131523,1,none,A15
LA_E_1131615,1,alaw,A18
LA_E_1131796,1,g722,A13
LA_E_1132169,1,gsm,A19
LA_E_1132381,1,pstn,A15
LA_E_1132705,1,pstn,A18
LA_E_1132863,1,gsm,A18
LA_E_1133070,0,gsm,bonafide
LA_E_1133071,1,ulaw,A10
LA_E_1133268,1,alaw,A07
LA_E_1133508,1,pstn,A07
LA_E_1134583,1,none,A13
LA_E_1134623,1,g722,A16
LA_E_1135173,1,g722,A13
LA_E_1135379,1,alaw,A10
LA_E_1135611,1,opus,A15
LA_E_1135749,1,none,A13
LA_E_1136738,1,alaw,A12
LA_E_1136865,1,opus,A11
LA_E_1136918,1,pstn,A12
LA_E_1137391,1,ulaw,A19
LA_E_1137780,1,pstn,A15
LA_E_1138124,1,none,A13
LA_E_1138182,1,g722,A19
LA_E_1138219,1,g722,A11
LA_E_1138278,1,alaw,A19
LA_E_1138657,1,none,A15
LA_E_1138777,1,none,A18
LA_E_1138894,1,gsm,A17
LA_E_1138931,1,ulaw,A09
LA_E_1139249,1,pstn,A08
LA_E_1139579,1,none,A09
LA_E_1139811,0,alaw,bonafide
LA_E_1140626,1,gsm,A08
LA_E_1140734,1,opus,A11
LA_E_1140836,1,gsm,A09
LA_E_1140920,0,alaw,bonafide
LA_E_1141169,0,opus,bonafide
LA_E_1141173,1,ulaw,A07
LA_E_1141391,1,none,A08
LA_E_1141456,0,ulaw,bonafide
LA_E_1141553,1,opus,A08
LA_E_1141589,1,alaw,A15
LA_E_1141636,1,gsm,A14
LA_E_1142025,1,ulaw,A13
LA_E_1142085,0,ulaw,bonafide
LA_E_1142272,1,opus,A07
LA_E_1142283,1,gsm,A11
LA_E_1142753,1,opus,A14
LA_E_1142796,1,alaw,A11
LA_E_1142988,1,ulaw,A17
LA_E_1143205,1,none,A14
LA_E_1143242,1,alaw,A12
LA_E_1143505,1,alaw,A18
LA_E_1143731,1,gsm,A15
LA_E_1143808,1,g722,A09
LA_E_1144166,1,alaw,A16
LA_E_1144460,1,none,A10
LA_E_1144869,0,alaw,bonafide
LA_E_1145882,1,pstn,A14
LA_E_1146504,1,opus,A18
LA_E_1146528,1,none,A14
LA_E_1146850,1,pstn,A07
LA_E_1147324,1,none,A19
LA_E_1147667,0,pstn,bonafide
LA_E_1147847,1,none,A07
LA_E_1148077,1,alaw,A15
LA_E_1148188,1,pstn,A15
LA_E_1148264,1,none,A12
LA_E_1148696,1,none,A16
LA_E_1149474,1,ulaw,A10
LA_E_1149968,1,gsm,A16
LA_E_1150219,1,opus,A15
LA_E_1150331,1,pstn,A13
LA_E_1150350,1,opus,A12
LA_E_1150669,1,pstn,A11
LA_E_1150964,1,gsm,A17
LA_E_1151176,1,alaw,A13
LA_E_1151688,1,pstn,A12
LA_E_1152118,1,none,A19
LA_E_1152333,1,g722,A12
LA_E_1152738,1,pstn,A11
LA_E_1152807,1,alaw,A17
LA_E_1152965,0,opus,bonafide
LA_E_1153317,1,ulaw,A17
LA_E_1153465,1,pstn,A09
LA_E_1153492,1,alaw,A18
LA_E_1154055,0,ulaw,bonafide
LA_E_1154205,0,pstn,bonafide
LA_E_1154622,1,gsm,A13
LA_E_1154814,1,alaw,A13
LA_E_1154905,1,none,A11
LA_E_1155057,1,pstn,A07
LA_E_1155112,1,pstn,A12
LA_E_1155449,1,gsm,A14
LA_E_1155963,1,gsm,A19
LA_E_1156611,1,opus,A12
LA_E_1156704,1,gsm,A07
LA_E_1157174,1,alaw,A09
LA_E_1157460,1,pstn,A10
LA_E_1157625,1,none,A15
LA_E_1157681,1,pstn,A17
LA_E_1158050,0,ulaw,bonafide
LA_E_1158367,1,alaw,A13
LA_E_1159308,1,gsm,A13
LA_E_1159669,1,alaw,A11
LA_E_1159999,1,alaw,A13
LA_E_1160070,1,none,A15
LA_E_1160122,1,g722,A14
LA_E_1160362,1,alaw,A14
LA_E_1160448,1,g722,A08
LA_E_1161054,1,pstn,A13
LA_E_1161609,1,g722,A17
LA_E_1161612,1,ulaw,A09
LA_E_1161717,1,opus,A16
LA_E_1162234,1,ulaw,A13
LA_E_1162569,1,pstn,A17
LA_E_1162852,0,pstn,bonafide
LA_E_1163041,1,none,A12
LA_E_1163468,1,ulaw,A12
LA_E_1163809,1,g722,A11
LA_E_1164316,1,g722,A19
LA_E_1164446,1,opus,A07
LA_E_1164498,0,ulaw,bonafide
LA_E_1164659,0,gsm,bonafide
LA_E_1164693,1,pstn,A10
LA_E_1164985,1,g722,A15
LA_E_1165089,1,ulaw,A18
LA_E_1165154,1,gsm,A12
LA_E_1165214,1,gsm,A18
LA_E_1165461,1,pstn,A08
LA_E_1165634,1,g722,A07
LA_E_1165969,0,gsm,bonafide
LA_E_1165973,1,ulaw,A19
LA_E_1166203,1,alaw,A14
LA_E_1167011,0,ulaw,bonafide
LA_E_1167133,1,g722,A10
LA_E_1167398,1,pstn,A14
LA_E_1167438,0,gsm,bonafide
LA_E_1167630,1,alaw,A11
LA_E_1167684,1,ulaw,A15
LA_E_1167782,1,none,A12
LA_E_1167849,1,ulaw,A12
LA_E_1168403,1,alaw,A07
LA_E_1168817,1,gsm,A09
LA_E_1168973,1,alaw,A16
LA_E_1169388,0,pstn,bonafide
LA_E_1169537,1,gsm,A15
LA_E_1169685,1,none,A15
LA_E_1169709,1,pstn,A19
LA_E_1169785,0,gsm,bonafide
LA_E_1170707,1,none,A08
LA_E_1170852,1,alaw,A18
LA_E_1170906,1,alaw,A17
LA_E_1171139,1,g722,A12
LA_E_1171700,1,none,A15
LA_E_1171703,0,gsm,bonafide
LA_E_1171740,1,alaw,A08
LA_E_1171861,1,pstn,A12
LA_E_1172254,1,g722,A07
LA_E_1172437,0,gsm,bonafide
LA_E_1172821,1,ulaw,A18
LA_E_1173080,1,alaw,A10
LA_E_1173250,1,pstn,A19
LA_E_1173868,1,opus,A13
LA_E_1173947,1,none,A07
LA_E_1174259,1,alaw,A08
LA_E_1174490,1,gsm,A10
LA_E_1174496,1,none,A10
LA_E_1174752,1,opus,A17
LA_E_1174888,1,none,A13
LA_E_1175136,1,opus,A07
LA_E_1175585,1,opus,A11
LA_E_1175909,1,g722,A10
LA_E_1175931,1,none,A08
LA_E_1175962,1,alaw,A14
LA_E_1176470,1,ulaw,A11
LA_E_1176527,1,ulaw,A13
LA_E_1176706,1,pstn,A11
LA_E_1176849,1,ulaw,A16
LA_E_1176996,1,ulaw,A10
LA_E_1177266,1,none,A09
LA_E_1177410,1,ulaw,A12
LA_E_1178094,1,gsm,A14
LA_E_1178311,0,ulaw,bonafide
LA_E_1178331,1,ulaw,A19
LA_E_1178445,1,none,A19
LA_E_1178606,1,g722,A11
LA_E_1178954,1,alaw,A17
LA_E_1179042,1,none,A12
LA_E_1179755,1,none,A09
LA_E_1180049,1,pstn,A13
LA_E_1180089,1,alaw,A12
LA_E_1180410,1,ulaw,A14
LA_E_1180498,1,g722,A18
LA_E_1180535,1,pstn,A12
LA_E_1180537,1,opus,A19
LA_E_1180724,1,opus,A14
LA_E_1180968,1,g722,A15
LA_E_1181315,1,pstn,A14
LA_E_1181488,1,opus,A18
LA_E_1181895,1,g722,A12
LA_E_1182343,0,ulaw,bonafide
LA_E_1182437,1,none,A12
LA_E_1182963,1,gsm,A17
LA_E_1182997,1,pstn,A07
LA_E_1183036,1,gsm,A11
LA_E_1183199,1,g722,A16
LA_E_1183287,1,g722,A13
LA_E_1183469,1,ulaw,A19
LA_E_1183679,1,pstn,A14
LA_E_1183781,1,gsm,A13
LA_E_1183993,1,opus,A09
LA_E_1184194,1,g722,A11
LA_E_1184310,1,pstn,A15
LA_E_1184826,1,opus,A15
LA_E_1185322,1,ulaw,A08
LA_E_1185701,1,alaw,A16
LA_E_1185760,1,opus,A12
LA_E_1185913,1,alaw,A13
LA_E_1186166,1,g722,A17
LA_E_1186712,1,pstn,A10
LA_E_1187254,1,gsm,A16
LA_E_1187323,1,alaw,A08
LA_E_1188608,1,opus,A17
LA_E_1188711,1,alaw,A09
LA_E_1188779,1,g722,A12
LA_E_1188973,1,g722,A11
LA_E_1189134,1,g722,A09
LA_E_1189272,1,none,A11
LA_E_1189563,1,gsm,A11
LA_E_1190039,1,none,A17
LA_E_1190162,1,none,A07
LA_E_1190955,1,alaw,A09
LA_E_1191002,1,none,A17
LA_E_1191911,0,alaw,bonafide
LA_E_1192007,1,none,A08
LA_E_1192111,1,alaw,A11
LA_E_1192209,1,none,A14
LA_E_1192242,1,gsm,A15
LA_E_1192654,1,ulaw,A07
LA_E_1192944,1,g722,A13
LA_E_1193390,0,none,bonafide
LA_E_1193510,1,ulaw,A07
LA_E_1194241,0,alaw,bonafide
LA_E_1194453,1,none,A15
LA_E_1194952,1,g722,A07
LA_E_1195082,1,none,A17
LA_E_1195259,1,pstn,A08
LA_E_1195902,1,alaw,A16
LA_E_1196046,1,ulaw,A15
LA_E_1196149,1,ulaw,A12
LA_E_1196394,1,alaw,A08
LA_E_1196542,1,opus,A10
LA_E_1197293,1,g722,A13
LA_E_1197529,1,none,A11
LA_E_1197615,1,alaw,A15
LA_E_1198009,0,pstn,bonafide
LA_E_1198207,1,g722,A08
LA_E_1198466,1,opus,A19
LA_E_1199094,1,g722,A16
LA_E_1199264,1,gsm,A19
LA_E_1200073,1,none,A16
LA_E_1200316,1,pstn,A10
LA_E_1200384,1,ulaw,A13
LA_E_1200472,1,pstn,A19
LA_E_1201782,1,g722,A15
LA_E_1201881,1,gsm,A11
LA_E_1201925,1,ulaw,A09
LA_E_1202421,1,alaw,A13
LA_E_1203073,1,none,A19
LA_E_1203075,1,pstn,A17
LA_E_1203092,1,g722,A15
LA_E_1203273,1,opus,A19
LA_E_1203406,1,alaw,A09
LA_E_1203958,1,g722,A19
LA_E_1204061,1,ulaw,A13
LA_E_1204078,1,gsm,A07
LA_E_1204273,1,pstn,A15
LA_E_1204444,1,g722,A09
LA_E_1204584,1,ulaw,A12
LA_E_1206178,1,pstn,A18
LA_E_1206418,1,opus,A08
LA_E_1206742,1,g722,A18
LA_E_1206849,1,opus,A19
LA_E_1207153,1,none,A18
LA_E_1207167,1,opus,A14
LA_E_1207312,1,none,A16
LA_E_1207844,1,pstn,A14
LA_E_1208099,1,ulaw,A14
LA_E_1208414,1,gsm,A08
LA_E_1208481,1,g722,A09
LA_E_1208807,1,opus,A07
LA_E_1208858,0,pstn,bonafide
LA_E_1209119,1,alaw,A18
LA_E_1209279,1,opus,A11
LA_E_1209678,1,ulaw,A15
LA_E_1210153,1,pstn,A08
LA_E_1210386,1,g722,A14
LA_E_1210531,1,ulaw,A13
LA_E_1211104,1,ulaw,A17
LA_E_1211327,1,alaw,A16
LA_E_1211405,1,gsm,A18
LA_E_1211414,1,gsm,A17
LA_E_1211556,0,pstn,bonafide
LA_E_1211578,1,none,A09
LA_E_1211709,1,opus,A16
LA_E_1212043,1,gsm,A12
LA_E_1212405,1,alaw,A15
LA_E_1212477,1,alaw,A11
LA_E_1212517,1,g722,A14
LA_E_1212555,1,alaw,A19
LA_E_1212691,1,ulaw,A08
LA_E_1213211,1,none,A11
LA_E_1213295,1,none,A17
LA_E_1213554,1,g722,A11
LA_E_1213972,0,none,bonafide
LA_E_1213989,1,pstn,A11
LA_E_1215484,1,gsm,A12
LA_E_1216074,1,ulaw,A11
LA_E_1216516,0,alaw,bonafide
LA_E_1216583,1,opus,A18
LA_E_1216705,0,gsm,bonafide
LA_E_1217142,1,gsm,A19
LA_E_1217531,1,alaw,A13
LA_E_1217970,1,pstn,A10
LA_E_1218477,0,none,bonafide
LA_E_1218521,1,none,A10
LA_E_1218585,1,alaw,A12
LA_E_1218877,1,alaw,A07
LA_E_1219213,1,alaw,A17
LA_E_1220004,1,gsm,A18
LA_E_1220312,1,g722,A10
LA_E_1220325,1,gsm,A18
LA_E_1220430,1,gsm,A13
LA_E_1220719,1,none,A15
LA_E_1220790,1,gsm,A12
LA_E_1220951,1,alaw,A19
LA_E_1221261,0,g722,bonafide
LA_E_1221412,1,g722,A17
LA_E_1221431,1,pstn,A18
LA_E_1221796,1,none,A13
LA_E_1221883,1,g722,A19
LA_E_1222604,1,g722,A08
LA_E_1223191,1,none,A18
LA_E_1223421,1,none,A12
LA_E_1223425,1,none,A08
LA_E_1223751,1,g722,A13
LA_E_1224419,1,gsm,A09
LA_E_1224573,1,opus,A16
LA_E_1224941,1,g722,A07
LA_E_1225101,0,none,bonafide
LA_E_1225109,1,pstn,A15
LA_E_1225571,1,opus,A12
LA_E_1226163,1,alaw,A10
LA_E_1226193,1,g722,A14
LA_E_1226227,1,gsm,A11
LA_E_1226340,1,pstn,A10
LA_E_1226672,0,gsm,bonafide
LA_E_1227117,1,alaw,A15
LA_E_1227339,1,ulaw,A10
LA_E_1227534,1,none,A08
LA_E_1227659,1,g722,A14
LA_E_1227944,1,g722,A09
LA_E_1227968,0,opus,bonafide
LA_E_1228155,1,alaw,A08
LA_E_1228187,1,g722,A19
LA_E_1228455,1,none,A16
LA_E_1228912,1,opus,A10
LA_E_1228915,1,none,A13
LA_E_1228995,1,pstn,A16
LA_E_1230073,1,alaw,A07
LA_E_1230112,1,none,A16
LA_E_1230155,1,g722,A18
LA_E_1230634,1,opus,A16
LA_E_1230829,1,ulaw,A09
LA_E_1231061,1,alaw,A14
LA_E_1231238,1,none,A18
LA_E_1231591,0,g722,bonafide
LA_E_1231805,1,alaw,A09
LA_E_1231813,1,ulaw,A07
LA_E_1231901,1,pstn,A14
LA_E_1232484,1,gsm,A09
LA_E_1232515,1,pstn,A15
LA_E_1232644,1,gsm,A19
LA_E_1233153,1,alaw,A11
LA_E_1233235,1,pstn,A07
LA_E_1233583,1,none,A08
LA_E_1233691,1,none,A10
LA_E_1234102,1,gsm,A07
LA_E_1234550,1,pstn,A07
LA_E_1234810,1,gsm,A09
LA_E_1235177,0,g722,bonafide
LA_E_1236491,1,pstn,A17
LA_E_1237059,1,opus,A10
LA_E_1237068,1,pstn,A12
LA_E_1237131,1,pstn,A16
LA_E_1237733,1,pstn,A18
LA_E_1238079,1,g722,A08
LA_E_1239598,1,alaw,A08
LA_E_1239670,1,opus,A08
LA_E_1240230,1,ulaw,A17
LA_E_1240463,1,pstn,A13
LA_E_1240722,1,opus,A13
LA_E_1241437,1,ulaw,A18
LA_E_1242045,1,gsm,A15
LA_E_1242355,1,pstn,A07
LA_E_1242516,1,opus,A14
LA_E_1243299,1,gsm,A13
LA_E_1243350,1,opus,A10
LA_E_1243628,0,g722,bonafide
LA_E_1243886,1,ulaw,A17
LA_E_1244728,1,ulaw,A18
LA_E_1244829,1,none,A12
LA_E_1245484,1,g722,A17
LA_E_1245692,1,ulaw,A08
LA_E_1245705,1,ulaw,A17
LA_E_1245952,1,gsm,A10
LA_E_1246148,1,opus,A08
LA_E_1246183,1,opus,A08
LA_E_1246319,1,ulaw,A18
LA_E_1246513,1,gsm,A11
LA_E_1246778,1,g722,A19
LA_E_1247182,1,opus,A19
LA_E_1247301,1,none,A19
LA_E_1247868,1,opus,A17
LA_E_1247951,1,g722,A09
LA_E_1248053,1,pstn,A10
LA_E_1248146,1,g722,A15
LA_E_1248662,1,gsm,A11
LA_E_1249092,1,opus,A17
LA_E_1249289,1,gsm,A16
LA_E_1249720,1,alaw,A17
LA_E_1249808,1,opus,A18
LA_E_1251420,1,g722,A07
LA_E_1252384,1,alaw,A15
LA_E_1252641,1,g722,A18
LA_E_1253468,1,g722,A15
LA_E_1253558,1,ulaw,A19
LA_E_1254140,1,g722,A10
LA_E_1254277,1,gsm,A16
LA_E_1254394,1,opus,A11
LA_E_1254829,1,opus,A14
LA_E_1255022,1,gsm,A16
LA_E_1255036,1,none,A18
LA_E_1255107,1,g722,A17
LA_E_1255682,1,alaw,A15
LA_E_1255785,1,opus,A11
LA_E_1256061,1,pstn,A15
LA_E_1256115,1,opus,A16
LA_E_1256211,1,g722,A12
LA_E_1256594,1,pstn,A18
LA_E_1257061,1,opus,A12
LA_E_1257216,1,opus,A09
LA_E_1258603,1,pstn,A08
LA_E_1259332,1,pstn,A17
LA_E_1259364,1,alaw,A15
LA_E_1259647,1,opus,A09
LA_E_1259989,1,ulaw,A15
LA_E_1260128,1,opus,A17
LA_E_1260583,1,ulaw,A15
LA_E_1260965,1,alaw,A10
LA_E_1261482,1,ulaw,A15
LA_E_1261496,1,none,A13
LA_E_1262052,1,opus,A09
LA_E_1262069,1,gsm,A17
LA_E_1262307,1,none,A15
LA_E_1262324,1,alaw,A19
LA_E_1262450,1,alaw,A15
LA_E_1263383,1,alaw,A13
LA_E_1263462,1,ulaw,A18
LA_E_1263556,0,ulaw,bonafide
LA_E_1264541,1,none,A13
LA_E_1264688,1,ulaw,A14
LA_E_1265063,1,pstn,A09
LA_E_1265397,0,opus,bonafide
LA_E_1266246,0,g722,bonafide
LA_E_1266260,0,opus,bonafide
LA_E_1266635,1,g722,A14
LA_E_1266644,1,alaw,A14
LA_E_1266993,1,pstn,A13
LA_E_1267046,1,g722,A10
LA_E_1267059,1,gsm,A14
LA_E_1267129,1,opus,A14
LA_E_1267442,1,pstn,A12
LA_E_1267492,1,pstn,A14
LA_E_1268322,1,opus,A13
LA_E_1268756,1,g722,A18
LA_E_1269465,1,pstn,A16
LA_E_1269481,1,g722,A16
LA_E_1269498,1,pstn,A15
LA_E_1269911,1,opus,A13
LA_E_1269999,1,alaw,A11
LA_E_1270192,1,pstn,A07
LA_E_1270387,1,ulaw,A10
LA_E_1270801,1,g722,A08
LA_E_1270835,1,opus,A07
LA_E_1271128,1,pstn,A15
LA_E_1271334,1,gsm,A08
LA_E_1271403,1,alaw,A10
LA_E_1271549,1,ulaw,A08
LA_E_1271662,1,alaw,A13
LA_E_1271950,1,none,A16
LA_E_1272049,1,none,A07
LA_E_1272373,1,ulaw,A12
LA_E_1272753,1,gsm,A13
LA_E_1273390,1,opus,A17
LA_E_1273627,1,pstn,A09
LA_E_1274017,0,g722,bonafide
LA_E_1274126,1,gsm,A15
LA_E_1274624,1,opus,A10
LA_E_1274668,1,pstn,A14
LA_E_1275116,1,opus,A11
LA_E_1275604,1,none,A19
LA_E_1276091,1,ulaw,A16
LA_E_1276133,1,opus,A07
LA_E_1277186,1,none,A19
LA_E_1277911,1,gsm,A15
LA_E_1278061,1,alaw,A13
LA_E_1278681,1,opus,A18
LA_E_1279077,0,g722,bonafide
LA_E_1279191,1,gsm,A10
LA_E_1279353,1,gsm,A10
LA_E_1279898,1,ulaw,A10
LA_E_1280688,1,ulaw,A12
LA_E_1281048,1,pstn,A14
LA_E_1281206,1,ulaw,A12
LA_E_1281343,1,gsm,A08
LA_E_1281532,1,pstn,A17
LA_E_1282135,0,opus,bonafide
LA_E_1282367,1,none,A14
LA_E_1282392,1,ulaw,A11
LA_E_1283306,1,pstn,A14
LA_E_1283317,1,none,A19
LA_E_1283440,1,ulaw,A16
LA_E_1283462,1,ulaw,A07
LA_E_1283976,1,ulaw,A10
LA_E_1284071,1,ulaw,A12
LA_E_1285244,1,alaw,A11
LA_E_1285259,1,alaw,A11
LA_E_1285452,1,alaw,A16
LA_E_1285558,1,none,A10
LA_E_1285597,1,ulaw,A13
LA_E_1286976,1,gsm,A15
LA_E_1287060,1,pstn,A12
LA_E_1287421,1,g722,A08
LA_E_1287643,1,opus,A14
LA_E_1287887,1,pstn,A19
LA_E_1288271,1,alaw,A17
LA_E_1288872,0,ulaw,bonafide
LA_E_1288901,1,none,A12
LA_E_1289179,1,ulaw,A09
LA_E_1289528,1,g722,A15
LA_E_1290030,1,opus,A10
LA_E_1290262,1,gsm,A13
LA_E_1290945,1,pstn,A12
LA_E_1291469,1,ulaw,A16
LA_E_1291591,1,g722,A13
LA_E_1291609,1,none,A12
LA_E_1292189,1,opus,A10
LA_E_1292283,1,alaw,A11
LA_E_1292287,0,gsm,bonafide
LA_E_1292312,1,g722,A13
LA_E_1292441,1,none,A15
LA_E_1292606,1,pstn,A11
LA_E_1292657,1,g722,A13
LA_E_1292955,1,opus,A16
LA_E_1293189,1,none,A13
LA_E_1293444,1,gsm,A08
LA_E_1293501,1,none,A15
LA_E_1293507,1,pstn,A09
LA_E_1293695,1,alaw,A19
LA_E_1293865,1,gsm,A13
LA_E_1294135,1,gsm,A19
LA_E_1294425,1,gsm,A19
LA_E_1294501,1,opus,A17
LA_E_1294634,1,gsm,A17
LA_E_1294929,1,opus,A18
LA_E_1295133,1,pstn,A17
LA_E_1295521,1,pstn,A11
LA_E_1296579,1,g722,A13
LA_E_1296685,1,opus,A15
LA_E_1297116,1,gsm,A07
LA_E_1298012,1,gsm,A19
LA_E_1298217,1,pstn,A11
LA_E_1298368,1,none,A11
LA_E_1298523,1,gsm,A17
LA_E_1298570,1,none,A12
LA_E_1298798,1,opus,A14
LA_E_1299520,1,none,A07
LA_E_1299714,1,opus,A16
LA_E_1300722,1,none,A14
LA_E_1300786,1,none,A07
LA_E_1300787,1,alaw,A07
LA_E_1300905,1,gsm,A12
LA_E_1301299,1,alaw,A10
LA_E_1301308,1,ulaw,A12
LA_E_1301969,1,none,A14
LA_E_1302024,1,opus,A15
LA_E_1302025,1,none,A17
LA_E_1302351,0,ulaw,bonafide
LA_E_1302923,1,none,A16
LA_E_1303313,1,ulaw,A13
LA_E_1303403,1,none,A15
LA_E_1303629,1,none,A15
LA_E_1303964,1,ulaw,A13
LA_E_1305417,1,alaw,A18
LA_E_1305757,1,g722,A11
LA_E_1305971,1,opus,A19
LA_E_1306141,1,none,A11
LA_E_1307124,1,ulaw,A14
LA_E_1307148,1,alaw,A14
LA_E_1307434,1,pstn,A12
LA_E_1307630,1,none,A10
LA_E_1308118,1,none,A12
LA_E_1308265,1,none,A14
LA_E_1308524,1,g722,A14
LA_E_1308644,1,opus,A15
LA_E_1308735,1,opus,A17
LA_E_1308956,1,opus,A17
LA_E_1310459,1,none,A18
LA_E_1310784,0,pstn,bonafide
LA_E_1311481,1,none,A10
LA_E_1311701,1,gsm,A17
LA_E_1311740,1,ulaw,A08
LA_E_1311771,1,g722,A10
LA_E_1312589,0,none,bonafide
LA_E_1312659,1,g722,A11
LA_E_1312978,1,g722,A11
LA_E_1314101,1,none,A13
LA_E_1314948,1,ulaw,A11
LA_E_1315136,1,alaw,A13
LA_E_1315152,1,pstn,A15
LA_E_1316448,1,gsm,A07
LA_E_1316491,1,opus,A08
LA_E_1316593,1,alaw,A16
LA_E_1316704,1,ulaw,A09
LA_E_1316874,1,alaw,A09
LA_E_1317019,1,none,A07
LA_E_1317072,1,alaw,A08
LA_E_1317450,1,alaw,A09
LA_E_1317753,1,ulaw,A09
LA_E_1318614,1,opus,A07
LA_E_1319051,1,opus,A09
LA_E_1319103,1,none,A07
LA_E_1319239,1,opus,A12
LA_E_1319497,0,pstn,bonafide
LA_E_1319750,1,opus,A12
LA_E_1320143,1,ulaw,A15
LA_E_1320160,1,alaw,A19
LA_E_1321026,0,ulaw,bonafide
LA_E_1321033,1,ulaw,A18
LA_E_1321060,0,opus,bonafide
LA_E_1321077,1,g722,A11
LA_E_1321231,1,ulaw,A07
LA_E_1321974,1,none,A08
LA_E_1322185,1,none,A08
LA_E_1322344,1,none,A16
LA_E_1324515,1,alaw,A08
LA_E_1324807,1,none,A08
LA_E_1325145,1,alaw,A07
LA_E_1325338,1,alaw,A17
LA_E_1325808,1,opus,A11
LA_E_1325925,1,pstn,A10
LA_E_1326126,1,ulaw,A18
LA_E_1326360,1,none,A19
LA_E_1326375,1,opus,A12
LA_E_1326494,1,ulaw,A07
LA_E_1326577,1,alaw,A09
LA_E_1326652,1,none,A09
LA_E_1327179,1,gsm,A15
LA_E_1327501,1,none,A07
LA_E_1327756,1,gsm,A17
LA_E_1327837,1,alaw,A10
LA_E_1328094,1,gsm,A13
LA_E_1328152,1,alaw,A17
LA_E_1328171,1,alaw,A18
LA_E_1329117,1,alaw,A12
LA_E_1329973,1,pstn,A10
LA_E_1330433,1,gsm,A19
LA_E_1330438,1,pstn,A11
LA_E_1330528,0,opus,bonafide
LA_E_1330651,0,alaw,bonafide
LA_E_1330701,1,ulaw,A19
LA_E_1331499,1,ulaw,A14
LA_E_1332051,1,pstn,A16
LA_E_1332610,1,alaw,A12
LA_E_1333054,1,opus,A14
LA_E_1334462,1,opus,A14
LA_E_1334476,1,g722,A08
LA_E_1334570,1,opus,A11
LA_E_1334706,1,alaw,A12
LA_E_1334771,1,none,A07
LA_E_1334825,1,ulaw,A10
LA_E_1334921,1,ulaw,A17
LA_E_1335284,1,ulaw,A19
LA_E_1337697,1,alaw,A14
LA_E_1337988,1,pstn,A10
LA_E_1338181,1,alaw,A18
LA_E_1338449,1,alaw,A10
LA_E_1338593,1,opus,A19
LA_E_1338957,1,alaw,A12
LA_E_1339001,0,opus,bonafide
LA_E_1339114,1,none,A11
LA_E_1339229,1,alaw,A09
LA_E_1341511,1,gsm,A18
LA_E_1341550,1,gsm,A14
LA_E_1341827,1,gsm,A14
LA_E_1341952,1,ulaw,A17
LA_E_1342439,1,none,A10
LA_E_1342595,1,g722,A19
LA_E_1342662,1,gsm,A10
LA_E_1342693,1,none,A08
LA_E_1342990,1,ulaw,A07
LA_E_1343469,1,none,A09
LA_E_1343575,1,g722,A07
LA_E_1344088,1,none,A09
LA_E_1344544,1,alaw,A15
LA_E_1344642,1,gsm,A10
LA_E_1344708,1,ulaw,A19
LA_E_1344732,0,gsm,bonafide
LA_E_1344768,1,opus,A13
LA_E_1345101,1,pstn,A09
LA_E_1345778,1,pstn,A10
LA_E_1345916,1,gsm,A11
LA_E_1346771,1,none,A09
LA_E_1347869,1,gsm,A18
LA_E_1347978,1,g722,A09
LA_E_1348155,1,g722,A19
LA_E_1349325,1,pstn,A14
LA_E_1349521,1,alaw,A08
LA_E_1349892,0,opus,bonafide
LA_E_1352178,1,gsm,A14
LA_E_1352440,1,g722,A12
LA_E_1352783,1,gsm,A17
LA_E_1353172,1,g722,A12
LA_E_1354070,1,g722,A12
LA_E_1354904,1,alaw,A07
LA_E_1355090,1,gsm,A08
LA_E_1355282,1,alaw,A10
LA_E_1355718,1,opus,A15
LA_E_1355759,0,gsm,bonafide
LA_E_1356067,1,ulaw,A14
LA_E_1356147,1,g722,A16
LA_E_1356788,1,gsm,A15
LA_E_1357193,1,g722,A15
LA_E_1357565,1,g722,A09
LA_E_1358147,1,gsm,A09
LA_E_1358171,1,ulaw,A09
LA_E_1358276,1,g722,A15
LA_E_1358577,1,pstn,A16
LA_E_1358857,1,ulaw,A15
LA_E_1358984,1,opus,A12
LA_E_1359415,1,gsm,A08
LA_E_1360538,1,pstn,A18
LA_E_1360564,1,ulaw,A15
LA_E_1360654,1,alaw,A18
LA_E_1361160,1,g722,A15
LA_E_1361516,1,none,A14
LA_E_1362328,0,none,bonafide
LA_E_1362338,1,gsm,A09
LA_E_1362450,1,alaw,A19
LA_E_1362524,1,gsm,A12
LA_E_1362758,1,g722,A14
LA_E_1363283,1,gsm,A12
LA_E_1364191,1,opus,A18
LA_E_1364351,1,none,A10
LA_E_1364614,1,none,A10
LA_E_1364680,1,alaw,A16
LA_E_1365270,1,alaw,A17
LA_E_1365410,1,alaw,A07
LA_E_1365963,1,g722,A14
LA_E_1366064,1,g722,A16
LA_E_1366117,1,gsm,A12
LA_E_1366241,1,g722,A07
LA_E_1367784,1,none,A10
LA_E_1367945,1,pstn,A18
LA_E_1368022,1,opus,A09
LA_E_1368349,1,none,A07
LA_E_1368415,1,g722,A18
LA_E_1368566,1,opus,A17
LA_E_1368957,1,ulaw,A11
LA_E_1369405,1,g722,A15
LA_E_1369473,0,opus,bonafide
LA_E_1370336,1,gsm,A17
LA_E_1370547,1,g722,A17
LA_E_1370602,0,alaw,bonafide
LA_E_1371205,1,g722,A17
LA_E_1371484,1,opus,A08
LA_E_1371743,1,g722,A19
LA_E_1372215,1,opus,A08
LA_E_1372592,1,g722,A07
LA_E_1372607,1,g722,A17
LA_E_1372717,1,alaw,A16
LA_E_1372752,0,none,bonafide
LA_E_1373997,1,alaw,A17
LA_E_1374011,0,g722,bonafide
LA_E_1374711,1,g722,A16
LA_E_1374851,1,alaw,A08
LA_E_1375362,1,ulaw,A07
LA_E_1375421,1,alaw,A11
LA_E_1375566,1,none,A13
LA_E_1375808,1,g722,A19
LA_E_1376707,1,pstn,A18
LA_E_1377466,1,opus,A16
LA_E_1377531,1,g722,A18
LA_E_1378068,1,gsm,A07
LA_E_1378128,1,opus,A09
LA_E_1378210,1,gsm,A17
LA_E_1378259,1,ulaw,A19
LA_E_1378606,1,g722,A14
LA_E_1378779,1,alaw,A19
LA_E_1379653,1,alaw,A14
LA_E_1379724,1,pstn,A13
LA_E_1379736,1,none,A16
LA_E_1380238,1,pstn,A12
LA_E_1380618,0,g722,bonafide
LA_E_1380987,1,pstn,A13
LA_E_1381352,1,g722,A08
LA_E_1383031,1,gsm,A15
LA_E_1383697,1,none,A16
LA_E_1384314,1,g722,A09
LA_E_1385152,1,g722,A14
LA_E_1385220,1,ulaw,A13
LA_E_1386025,1,g722,A18
LA_E_1386173,1,ulaw,A08
LA_E_1386655,1,opus,A15
LA_E_1386869,1,g722,A08
LA_E_1388099,1,opus,A12
LA_E_1388194,1,none,A16
LA_E_1388471,1,ulaw,A08
LA_E_1389535,1,gsm,A13
LA_E_1389876,1,gsm,A07
LA_E_1390056,1,none,A18
LA_E_1390634,1,pstn,A18
LA_E_1390958,0,pstn,bonafide
LA_E_1390973,1,ulaw,A07
LA_E_1391576,1,gsm,A13
LA_E_1391976,1,gsm,A16
LA_E_1391980,1,opus,A18
LA_E_1392347,1,alaw,A09
LA_E_1392691,1,ulaw,A07
LA_E_1393148,1,ulaw,A10
LA_E_1393293,1,pstn,A19
LA_E_1393498,1,gsm,A07
LA_E_1393537,1,g722,A08
LA_E_1394303,1,pstn,A19
LA_E_1394546,1,g722,A18
LA_E_1394679,1,pstn,A16
LA_E_1395100,1,opus,A13
LA_E_1395193,1,ulaw,A09
LA_E_1395429,1,gsm,A16
LA_E_1396189,0,opus,bonafide
LA_E_1396534,1,ulaw,A09
LA_E_1396938,1,opus,A07
LA_E_1397614,1,none,A16
LA_E_1398030,0,ulaw,bonafide
LA_E_1398175,1,alaw,A14
LA_E_1398387,1,ulaw,A08
LA_E_1398966,1,none,A11
LA_E_1399179,1,opus,A14
LA_E_1400982,1,pstn,A13
LA_E_1401099,1,alaw,A16
LA_E_1402182,0,pstn,bonafide
LA_E_1402183,0,ulaw,bonafide
LA_E_1403155,1,pstn,A19
LA_E_1403792,1,alaw,A13
LA_E_1403831,1,alaw,A10
LA_E_1403872,1,alaw,A12
LA_E_1403954,0,gsm,bonafide
LA_E_1404962,1,g722,A17
LA_E_1405210,1,none,A11
LA_E_1405266,1,gsm,A11
LA_E_1405375,1,ulaw,A14
LA_E_1405977,1,ulaw,A19
LA_E_1405981,1,ulaw,A16
LA_E_1406029,1,opus,A12
LA_E_1406608,1,g722,A16
LA_E_1406710,1,g722,A09
LA_E_1406832,1,gsm,A19
LA_E_1407735,1,opus,A15
LA_E_1407990,1,none,A11
LA_E_1408200,1,g722,A13
LA_E_1408536,1,pstn,A07
LA_E_1409042,1,opus,A16
LA_E_1409633,1,alaw,A15
LA_E_1410754,1,ulaw,A11
LA_E_1411272,1,alaw,A16
LA_E_1411276,1,ulaw,A16
LA_E_1411354,1,ulaw,A11
LA_E_1411738,1,gsm,A19
LA_E_1411784,1,ulaw,A12
LA_E_1412086,1,ulaw,A11
LA_E_1412647,1,g722,A12
LA_E_1413486,1,none,A12
LA_E_1413505,1,ulaw,A12
LA_E_1413937,1,gsm,A07
LA_E_1414076,1,opus,A13
LA_E_1414109,1,g722,A07
LA_E_1414575,1,gsm,A11
LA_E_1415408,1,pstn,A16
LA_E_1415638,1,none,A19
LA_E_1418450,1,gsm,A11
LA_E_1418890,1,alaw,A07
LA_E_1419607,1,ulaw,A18
LA_E_1419812,1,none,A15
LA_E_1421072,1,g722,A08
LA_E_1421106,1,ulaw,A14
LA_E_1421588,1,none,A17
LA_E_1421686,1,pstn,A08
LA_E_1421821,1,none,A18
LA_E_1423457,1,alaw,A14
LA_E_1423704,1,opus,A16
LA_E_1424046,1,g722,A11
LA_E_1424657,1,pstn,A19
LA_E_1424786,0,opus,bonafide
LA_E_1425920,1,none,A09
LA_E_1427577,1,alaw,A19
LA_E_1427730,1,pstn,A08
LA_E_1428189,1,pstn,A17
LA_E_1428853,1,pstn,A13
LA_E_1430261,1,none,A18
LA_E_1430398,0,alaw,bonafide
LA_E_1430661,1,alaw,A19
LA_E_1430701,1,alaw,A14
LA_E_1430829,1,opus,A18
LA_E_1431660,0,ulaw,bonafide
LA_E_1432442,0,none,bonafide
LA_E_1432895,1,alaw,A19
LA_E_1433422,1,ulaw,A08
LA_E_1435933,1,pstn,A15
LA_E_1436266,0,none,bonafide
LA_E_1436482,1,ulaw,A19
LA_E_1436980,0,g722,bonafide
LA_E_1438777,1,g722,A09
LA_E_1439093,1,ulaw,A14
LA_E_1439627,1,opus,A07
LA_E_1440762,1,alaw,A09
LA_E_1440821,1,pstn,A18
LA_E_1441024,1,gsm,A12
LA_E_1441972,1,none,A17
LA_E_1442397,1,ulaw,A10
LA_E_1443370,1,none,A13
LA_E_1444747,1,alaw,A08
LA_E_1444888,1,gsm,A07
LA_E_1445116,1,opus,A17
LA_E_1445438,1,opus,A07
LA_E_1446780,1,pstn,A17
LA_E_1449082,1,none,A11
LA_E_1449253,1,pstn,A17
LA_E_1449307,1,alaw,A19
LA_E_1449608,1,opus,A10
LA_E_1450492,0,none,bonafide
LA_E_1450520,1,alaw,A18
LA_E_1450806,1,ulaw,A11
LA_E_1450959,1,g722,A19
LA_E_1451284,1,gsm,A07
LA_E_1451387,1,none,A14
LA_E_1451539,1,opus,A15
LA_E_1451909,1,gsm,A17
LA_E_1451983,1,ulaw,A09
LA_E_1453905,1,pstn,A09
LA_E_1454918,1,alaw,A15
LA_E_1455504,0,gsm,bonafide
LA_E_1455900,1,pstn,A11
LA_E_1458678,1,none,A16
LA_E_1458730,1,opus,A14
LA_E_1459969,1,opus,A16
LA_E_1460271,0,g722,bonafide
LA_E_1460907,1,pstn,A16
LA_E_1461068,1,ulaw,A15
LA_E_1462474,1,gsm,A12
LA_E_1463373,1,none,A15
LA_E_1463428,1,gsm,A11
LA_E_1463489,0,pstn,bonafide
LA_E_1463732,1,ulaw,A13
LA_E_1464429,0,gsm,bonafide
LA_E_1464554,1,none,A10
LA_E_1465360,1,g722,A08
LA_E_1465496,0,opus,bonafide
LA_E_1466007,1,g722,A13
LA_E_1466651,1,g722,A11
LA_E_1467346,1,opus,A17
LA_E_1467395,1,ulaw,A07
LA_E_1467607,1,pstn,A07
LA_E_1469384,0,none,bonafide
LA_E_1469527,1,opus,A19
LA_E_1469940,1,gsm,A15
LA_E_1470663,1,opus,A14
LA_E_1471455,1,alaw,A16
LA_E_1471535,1,g722,A15
LA_E_1471887,1,pstn,A08
LA_E_1472918,1,gsm,A19
LA_E_1473240,1,gsm,A11
LA_E_1473440,1,opus,A18
LA_E_1473667,1,gsm,A14
LA_E_1473696,1,ulaw,A17
LA_E_1473820,1,none,A13
LA_E_1475433,1,none,A14
LA_E_1475611,1,g722,A14
LA_E_1475918,1,pstn,A14
LA_E_1476051,1,opus,A14
LA_E_1476514,1,alaw,A17
LA_E_1476841,1,alaw,A09
LA_E_1478295,1,opus,A17
LA_E_1478578,1,g722,A18
LA_E_1478606,1,g722,A12
LA_E_1478776,1,ulaw,A08
LA_E_1480056,0,ulaw,bonafide
LA_E_1480811,1,pstn,A17
LA_E_1482224,1,none,A08
LA_E_1482512,1,ulaw,A14
LA_E_1483834,0,pstn,bonafide
LA_E_1483867,1,pstn,A16
LA_E_1484318,1,gsm,A13
LA_E_1484514,1,alaw,A13
LA_E_1484745,1,g722,A11
LA_E_1484864,1,none,A07
LA_E_1485191,1,alaw,A12
LA_E_1485635,1,alaw,A14
LA_E_1486479,1,alaw,A10
LA_E_1486859,1,none,A19
LA_E_1486998,1,gsm,A11
LA_E_1487097,1,opus,A10
LA_E_1487402,0,gsm,bonafide
LA_E_1489051,0,gsm,bonafide
LA_E_1489341,1,ulaw,A11
LA_E_1489722,1,opus,A19
LA_E_1489818,1,gsm,A18
LA_E_1489965,1,gsm,A07
LA_E_1490249,1,pstn,A07
LA_E_1490355,1,ulaw,A13
LA_E_1490723,1,pstn,A08
LA_E_1492155,0,none,bonafide
LA_E_1493188,1,none,A12
LA_E_1495373,1,gsm,A14
LA_E_1495751,0,none,bonafide
LA_E_1496097,1,ulaw,A13
LA_E_1496670,1,g722,A16
LA_E_1496908,1,alaw,A11
LA_E_1496973,1,ulaw,A08
LA_E_1498017,1,none,A15
LA_E_1498542,1,gsm,A08
LA_E_1500248,1,opus,A12
LA_E_1500326,1,g722,A10
LA_E_1502533,1,ulaw,A19
LA_E_1502620,1,alaw,A19
LA_E_1502735,1,pstn,A13
LA_E_1506375,1,pstn,A14
LA_E_1506521,1,pstn,A16
LA_E_1506607,1,ulaw,A11
LA_E_1506797,1,none,A18
LA_E_1507655,1,opus,A13
LA_E_1509148,1,pstn,A16
LA_E_1509300,1,alaw,A09
LA_E_1510729,0,ulaw,bonafide
LA_E_1510862,1,g722,A10
LA_E_1511239,1,alaw,A07
LA_E_1511272,1,ulaw,A12
LA_E_1512785,1,ulaw,A14
LA_E_1514094,1,g722,A17
LA_E_1514200,1,alaw,A12
LA_E_1514503,1,pstn,A19
LA_E_1515204,1,gsm,A17
LA_E_1516084,1,g722,A13
LA_E_1516335,1,gsm,A11
LA_E_1516645,1,none,A14
LA_E_1516940,0,opus,bonafide
LA_E_1517486,1,opus,A18
LA_E_1518524,1,opus,A18
LA_E_1519297,1,g722,A10
LA_E_1519850,1,none,A11
LA_E_1520095,1,opus,A15
LA_E_1521081,1,gsm,A15
LA_E_1521676,0,gsm,bonafide
LA_E_1522215,1,g722,A07
LA_E_1523186,1,opus,A07
LA_E_1523508,1,ulaw,A09
LA_E_1523684,1,ulaw,A16
LA_E_1524374,1,gsm,A15
LA_E_1526151,0,alaw,bonafide
LA_E_1526199,1,alaw,A10
LA_E_1526994,1,gsm,A15
LA_E_1527603,0,ulaw,bonafide
LA_E_1527901,1,ulaw,A16
LA_E_1528877,1,none,A07
LA_E_1529010,1,none,A09
LA_E_1529671,1,pstn,A10
LA_E_1530023,1,alaw,A15
LA_E_1530152,1,g722,A09
LA_E_1530190,1,ulaw,A19
LA_E_1530323,1,pstn,A09
LA_E_1530480,1,gsm,A17
LA_E_1530769,1,none,A14
LA_E_1531189,1,pstn,A15
LA_E_1531582,1,opus,A16
LA_E_1531736,1,alaw,A11
LA_E_1532971,0,gsm,bonafide
LA_E_1533375,1,none,A13
LA_E_1534427,1,alaw,A15
LA_E_1534935,1,alaw,A16
LA_E_1535560,1,opus,A13
LA_E_1535692,1,g722,A08
LA_E_1537175,1,alaw,A15
LA_E_1537978,0,pstn,bonafide
LA_E_1538020,1,none,A13
LA_E_1538106,0,g722,bonafide
LA_E_1539702,1,pstn,A12
LA_E_1539908,1,ulaw,A09
LA_E_1540018,1,alaw,A18
LA_E_1541054,1,g722,A10
LA_E_1541081,1,gsm,A19
LA_E_1541688,0,none,bonafide
LA_E_1542237,0,opus,bonafide
LA_E_1542341,1,opus,A08
LA_E_1542811,1,ulaw,A19
LA_E_1543014,1,gsm,A11
LA_E_1543168,1,ulaw,A17
LA_E_1543489,1,none,A19
LA_E_1543923,0,opus,bonafide
LA_E_1544441,1,none,A08
LA_E_1544675,1,pstn,A11
LA_E_1544957,0,none,bonafide
LA_E_1545355,1,alaw,A13
LA_E_1545529,1,none,A14
LA_E_1545633,1,ulaw,A17
LA_E_1545837,1,none,A10
LA_E_1545872,1,none,A13
LA_E_1545886,1,none,A12
LA_E_1545975,1,ulaw,A14
LA_E_1546435,1,gsm,A07
LA_E_1547728,1,pstn,A17
LA_E_1548080,1,none,A13
LA_E_1548202,1,gsm,A07
LA_E_1549239,1,none,A16
LA_E_1549297,1,alaw,A09
LA_E_1550079,1,g722,A19
LA_E_1550092,0,opus,bonafide
LA_E_1550208,1,opus,A17
LA_E_1550231,1,g722,A14
LA_E_1550236,1,ulaw,A10
LA_E_1550459,1,alaw,A09
LA_E_1550830,1,gsm,A19
LA_E_1551242,1,g722,A11
LA_E_1552355,1,g722,A11
LA_E_1552378,1,ulaw,A13
LA_E_1553231,1,gsm,A13
LA_E_1553567,1,gsm,A18
LA_E_1553662,1,none,A07
LA_E_1553908,1,opus,A10
LA_E_1554189,1,ulaw,A07
LA_E_1554585,1,alaw,A07
LA_E_1554875,1,gsm,A10
LA_E_1555179,0,none,bonafide
LA_E_1555522,1,gsm,A07
LA_E_1555734,1,alaw,A12
LA_E_1556244,1,opus,A15
LA_E_1556441,1,alaw,A15
LA_E_1556575,1,ulaw,A15
LA_E_1556668,1,gsm,A09
LA_E_1556734,1,opus,A14
LA_E_1556750,0,alaw,bonafide
LA_E_1557408,1,pstn,A15
LA_E_1557865,1,g722,A11
LA_E_1558180,1,gsm,A19
LA_E_1558624,1,ulaw,A08
LA_E_1558928,1,opus,A09
LA_E_1558953,1,gsm,A08
LA_E_1559371,1,ulaw,A09
LA_E_1560094,1,pstn,A09
LA_E_1560473,1,pstn,A16
LA_E_1560613,1,ulaw,A16
LA_E_1561317,1,ulaw,A18
LA_E_1561425,0,pstn,bonafide
LA_E_1561526,1,opus,A08
LA_E_1561930,1,g722,A13
LA_E_1562191,0,alaw,bonafide
LA_E_1562529,1,alaw,A08
LA_E_1564050,1,gsm,A15
LA_E_1564517,1,ulaw,A17
LA_E_1564567,1,ulaw,A18
LA_E_1564859,1,none,A17
LA_E_1565032,1,g722,A13
LA_E_1565443,1,none,A08
LA_E_1566101,1,none,A07
LA_E_1566546,1,alaw,A14
LA_E_1566914,1,ulaw,A15
LA_E_1568099,1,alaw,A16
LA_E_1568809,1,g722,A08
LA_E_1569219,1,gsm,A17
LA_E_1569413,1,ulaw,A10
LA_E_1570269,1,alaw,A18
LA_E_1570525,1,opus,A16
LA_E_1571285,1,none,A09
LA_E_1572089,0,ulaw,bonafide
LA_E_1572112,1,ulaw,A18
LA_E_1572452,1,gsm,A08
LA_E_1572672,1,alaw,A09
LA_E_1573148,1,gsm,A18
LA_E_1574043,1,g722,A18
LA_E_1574868,1,g722,A13
LA_E_1575282,1,none,A07
LA_E_1575353,1,alaw,A11
LA_E_1575582,1,opus,A09
LA_E_1575638,0,g722,bonafide
LA_E_1576306,1,none,A19
LA_E_1577090,1,pstn,A14
LA_E_1577283,0,gsm,bonafide
LA_E_1577570,1,alaw,A10
LA_E_1577725,1,opus,A17
LA_E_1577839,1,alaw,A10
LA_E_1577868,1,ulaw,A15
LA_E_1578334,1,none,A17
LA_E_1578582,1,opus,A14
LA_E_1578664,1,none,A17
LA_E_1578746,1,opus,A10
LA_E_1579022,1,alaw,A10
LA_E_1579753,1,g722,A07
LA_E_1580366,1,g722,A19
LA_E_1581084,0,g722,bonafide
LA_E_1581288,1,ulaw,A16
LA_E_1582660,1,pstn,A14
LA_E_1584564,1,none,A14
LA_E_1584774,1,opus,A14
LA_E_1584971,1,alaw,A07
LA_E_1585102,1,none,A19
LA_E_1585271,1,opus,A11
LA_E_1585495,1,gsm,A13
LA_E_1586080,1,ulaw,A07
LA_E_1586250,1,pstn,A14
LA_E_1586271,1,pstn,A18
LA_E_1586330,1,pstn,A09
LA_E_1586405,1,alaw,A12
LA_E_1586495,1,none,A10
LA_E_1586590,1,none,A19
LA_E_1586846,1,opus,A07
LA_E_1586921,1,pstn,A08
LA_E_1586938,1,opus,A19
LA_E_1587477,1,ulaw,A12
LA_E_1587663,1,alaw,A12
LA_E_1587968,1,pstn,A13
LA_E_1589080,1,none,A18
LA_E_1589186,1,pstn,A09
LA_E_1589536,1,g722,A15
LA_E_1589613,1,opus,A14
LA_E_1589761,1,gsm,A12
LA_E_1590278,1,ulaw,A11
LA_E_1590532,0,pstn,bonafide
LA_E_1590864,1,none,A15
LA_E_1590881,1,opus,A17
LA_E_1591576,1,gsm,A18
LA_E_1591666,1,none,A15
LA_E_1591966,1,none,A15
LA_E_1591980,1,g722,A18
LA_E_1592245,1,alaw,A10
LA_E_1592649,1,opus,A12
LA_E_1593469,1,g722,A09
LA_E_1593523,1,none,A17
LA_E_1594051,1,alaw,A17
LA_E_1594108,0,opus,bonafide
LA_E_1594306,1,alaw,A11
LA_E_1594685,1,ulaw,A19
LA_E_1594980,1,ulaw,A16
LA_E_1595449,1,pstn,A10
LA_E_1595929,1,opus,A07
LA_E_1596888,1,gsm,A11
LA_E_1597045,1,alaw,A14
LA_E_1598070,0,none,bonafide
LA_E_1598966,1,alaw,A08
LA_E_1599100,1,g722,A07
LA_E_1599519,1,pstn,A09
LA_E_1600136,1,pstn,A12
LA_E_1600372,1,none,A16
LA_E_1600908,0,gsm,bonafide
LA_E_1601934,1,opus,A07
LA_E_1601952,1,none,A19
LA_E_1602014,1,pstn,A16
LA_E_1602472,1,ulaw,A12
LA_E_1602782,1,ulaw,A17
LA_E_1603386,0,alaw,bonafide
LA_E_1603629,1,opus,A17
LA_E_1603659,1,pstn,A14
LA_E_1604000,1,pstn,A11
LA_E_1604522,1,opus,A18
LA_E_1604991,1,alaw,A12
LA_E_1605356,1,pstn,A15
LA_E_1607628,1,pstn,A13
LA_E_1607715,1,none,A15
LA_E_1608087,1,none,A07
LA_E_1608290,0,ulaw,bonafide
LA_E_1608326,1,alaw,A07
LA_E_1608543,1,alaw,A11
LA_E_1608577,1,g722,A19
LA_E_1608855,1,alaw,A19
LA_E_1609088,1,gsm,A19
LA_E_1609726,1,pstn,A07
LA_E_1609984,1,gsm,A08
LA_E_1610304,1,opus,A10
LA_E_1610443,1,alaw,A07
LA_E_1611211,1,ulaw,A13
LA_E_1611332,1,ulaw,A19
LA_E_1613665,1,opus,A10
LA_E_1613755,1,opus,A12
LA_E_1614161,1,g722,A16
LA_E_1614282,1,pstn,A10
LA_E_1614791,1,pstn,A19
LA_E_1614996,1,alaw,A11
LA_E_1615523,1,opus,A17
LA_E_1615776,1,none,A12
LA_E_1616679,1,gsm,A19
LA_E_1616914,1,gsm,A17
LA_E_1617196,1,ulaw,A19
LA_E_1617470,1,g722,A10
LA_E_1617610,1,gsm,A15
LA_E_1617837,0,gsm,bonafide
LA_E_1618412,1,opus,A16
LA_E_1619049,1,opus,A19
LA_E_1619247,1,none,A08
LA_E_1619807,1,pstn,A18
LA_E_1620280,1,opus,A12
LA_E_1621632,1,pstn,A15
LA_E_1622220,1,none,A12
LA_E_1622326,1,g722,A14
LA_E_1622333,1,pstn,A15
LA_E_1622590,1,ulaw,A12
LA_E_1622694,1,pstn,A09
LA_E_1624225,1,ulaw,A13
LA_E_1625043,1,opus,A14
LA_E_1625614,1,alaw,A07
LA_E_1626895,1,pstn,A17
LA_E_1627107,1,none,A12
LA_E_1627558,1,pstn,A07
LA_E_1627627,1,none,A09
LA_E_1627761,1,ulaw,A14
LA_E_1628163,1,g722,A15
LA_E_1628475,1,g722,A11
LA_E_1628686,1,alaw,A19
LA_E_1628715,1,gsm,A10
LA_E_1628724,1,g722,A19
LA_E_1629989,1,alaw,A09
LA_E_1630163,0,opus,bonafide
LA_E_1631052,1,alaw,A08
LA_E_1631055,1,alaw,A14
LA_E_1631677,1,ulaw,A10
LA_E_1631875,1,gsm,A16
LA_E_1632407,0,opus,bonafide
LA_E_1632933,0,g722,bonafide
LA_E_1632997,1,ulaw,A13
LA_E_1633047,1,g722,A19
LA_E_1633258,0,alaw,bonafide
LA_E_1633503,1,none,A11
LA_E_1633567,1,pstn,A15
LA_E_1634363,1,none,A14
LA_E_1635076,1,alaw,A13
LA_E_1635156,1,g722,A08
LA_E_1635245,1,alaw,A17
LA_E_1635399,1,opus,A14
LA_E_1635684,1,alaw,A08
LA_E_1636413,1,g722,A13
LA_E_1636598,1,ulaw,A19
LA_E_1636948,0,none,bonafide
LA_E_1637297,1,none,A08
LA_E_1637432,1,none,A08
LA_E_1638151,1,alaw,A13
LA_E_1638770,1,pstn,A11
LA_E_1638882,1,none,A17
LA_E_1640062,1,alaw,A15
LA_E_1640560,1,gsm,A17
LA_E_1640601,1,ulaw,A18
LA_E_1640736,1,none,A09
LA_E_1640806,1,g722,A08
LA_E_1640891,0,gsm,bonafide
LA_E_1640990,1,ulaw,A09
LA_E_1641303,0,gsm,bonafide
LA_E_1641376,1,opus,A19
LA_E_1641509,1,alaw,A13
LA_E_1641947,1,alaw,A08
LA_E_1641976,1,opus,A10
LA_E_1642297,1,gsm,A13
LA_E_1642355,1,none,A12
LA_E_1642639,1,alaw,A14
LA_E_1643709,1,opus,A17
LA_E_1643729,1,gsm,A19
LA_E_1644729,1,g722,A08
LA_E_1644968,1,gsm,A12
LA_E_1646171,1,gsm,A11
LA_E_1646981,1,gsm,A07
LA_E_1647314,1,opus,A13
LA_E_1647422,1,opus,A10
LA_E_1647483,1,opus,A18
LA_E_1647936,1,pstn,A11
LA_E_1648283,1,g722,A09
LA_E_1648303,1,ulaw,A10
LA_E_1648404,1,pstn,A07
LA_E_1648859,0,ulaw,bonafide
LA_E_1648911,1,gsm,A10
LA_E_1649416,1,g722,A09
LA_E_1649530,1,none,A08
LA_E_1649754,1,g722,A09
LA_E_1650027,0,pstn,bonafide
LA_E_1650100,1,g722,A15
LA_E_1650419,1,gsm,A18
LA_E_1650563,1,ulaw,A19
LA_E_1650690,1,gsm,A09
LA_E_1650762,0,gsm,bonafide
LA_E_1651414,1,ulaw,A15
LA_E_1651427,1,none,A11
LA_E_1651509,1,ulaw,A17
LA_E_1651574,1,pstn,A11
LA_E_1652291,1,none,A09
LA_E_1652320,1,opus,A18
LA_E_1652647,1,gsm,A19
LA_E_1653014,1,g722,A17
LA_E_1653025,1,ulaw,A08
LA_E_1653417,1,ulaw,A09
LA_E_1654536,0,ulaw,bonafide
LA_E_1654784,1,opus,A08
LA_E_1655676,1,opus,A16
LA_E_1655794,1,g722,A15
LA_E_1656136,1,opus,A13
LA_E_1656356,1,alaw,A08
LA_E_1656544,1,gsm,A15
LA_E_1658138,1,opus,A12
LA_E_1659019,1,pstn,A11
LA_E_1659166,0,opus,bonafide
LA_E_1659375,1,opus,A15
LA_E_1659499,1,none,A14
LA_E_1659594,1,gsm,A08
LA_E_1659659,1,g722,A09
LA_E_1659844,1,alaw,A18
LA_E_1659886,1,pstn,A19
LA_E_1659908,1,opus,A10
LA_E_1659925,1,g722,A12
LA_E_1660412,1,g722,A18
LA_E_1660617,1,none,A16
LA_E_1661002,1,g722,A19
LA_E_1661391,0,pstn,bonafide
LA_E_1661555,1,ulaw,A19
LA_E_1661556,1,opus,A09
LA_E_1662151,1,pstn,A12
LA_E_1662440,1,g722,A17
LA_E_1662587,1,opus,A07
LA_E_1662770,1,alaw,A18
LA_E_1662861,1,gsm,A17
LA_E_1663441,1,g722,A18
LA_E_1663723,1,pstn,A18
LA_E_1663740,1,none,A10
LA_E_1663832,1,gsm,A10
LA_E_1663867,1,g722,A08
LA_E_1664220,1,pstn,A18
LA_E_1664307,1,pstn,A17
LA_E_1664918,1,none,A17
LA_E_1665084,1,alaw,A14
LA_E_1665148,1,alaw,A18
LA_E_1665150,1,ulaw,A09
LA_E_1665475,1,gsm,A15
LA_E_1665812,1,g722,A15
LA_E_1667136,1,pstn,A07
LA_E_1667185,0,g722,bonafide
LA_E_1667340,1,g722,A07
LA_E_1667342,1,g722,A07
LA_E_1667356,1,none,A16
LA_E_1667509,1,ulaw,A16
LA_E_1667900,1,gsm,A12
LA_E_1668024,1,opus,A15
LA_E_1668170,1,alaw,A09
LA_E_1668488,1,ulaw,A15
LA_E_1668569,1,opus,A18
LA_E_1669165,1,g722,A07
LA_E_1669234,1,pstn,A12
LA_E_1669915,1,opus,A13
LA_E_1670309,1,g722,A11
LA_E_1670602,1,gsm,A07
LA_E_1671885,1,gsm,A09
LA_E_1672166,1,ulaw,A10
LA_E_1672299,0,ulaw,bonafide
LA_E_1672835,1,ulaw,A13
LA_E_1673110,0,none,bonafide
LA_E_1673428,1,alaw,A13
LA_E_1673657,1,none,A09
LA_E_1673799,0,alaw,bonafide
LA_E_1674307,1,opus,A08
LA_E_1674404,1,none,A13
LA_E_1674518,1,alaw,A11
LA_E_1674840,1,alaw,A18
LA_E_1675874,0,alaw,bonafide
LA_E_1676247,1,alaw,A15
LA_E_1677261,0,none,bonafide
LA_E_1677526,0,opus,bonafide
LA_E_1677929,1,gsm,A07
LA_E_1678015,1,g722,A18
LA_E_1678125,1,ulaw,A11
LA_E_1678176,1,none,A16
LA_E_1678373,1,alaw,A16
LA_E_1678883,1,pstn,A13
LA_E_1679337,1,ulaw,A11
LA_E_1679951,1,g722,A16
LA_E_1680203,1,alaw,A16
LA_E_1680407,1,alaw,A12
LA_E_1681183,1,ulaw,A08
LA_E_1681641,1,ulaw,A19
LA_E_1681688,1,gsm,A19
LA_E_1682298,1,ulaw,A11
LA_E_1682408,1,opus,A17
LA_E_1682566,0,alaw,bonafide
LA_E_1682668,1,gsm,A18
LA_E_1682829,1,none,A14
LA_E_1683183,1,opus,A13
LA_E_1683608,1,opus,A12
LA_E_1684001,0,gsm,bonafide
LA_E_1684095,1,ulaw,A09
LA_E_1684445,1,gsm,A14
LA_E_1685427,0,pstn,bonafide
LA_E_1685723,0,alaw,bonafide
LA_E_1686048,1,g722,A14
LA_E_1686270,1,pstn,A16
LA_E_1686844,1,none,A16
LA_E_1686930,1,gsm,A07
LA_E_1687095,1,ulaw,A12
LA_E_1687212,1,g722,A14
LA_E_1688696,1,g722,A12
LA_E_1690312,1,ulaw,A08
LA_E_1690419,1,ulaw,A13
LA_E_1691656,1,ulaw,A17
LA_E_1691754,1,pstn,A18
LA_E_1691838,1,ulaw,A07
LA_E_1692227,1,gsm,A12
LA_E_1692304,1,ulaw,A10
LA_E_1692489,0,none,bonafide
LA_E_1692993,1,none,A10
LA_E_1693103,1,pstn,A12
LA_E_1693370,1,none,A10
LA_E_1693475,1,g722,A11
LA_E_1693607,1,opus,A14
LA_E_1693697,1,none,A07
LA_E_1693953,1,alaw,A19
LA_E_1694115,0,gsm,bonafide
LA_E_1694151,1,opus,A08
LA_E_1694475,0,g722,bonafide
LA_E_1694567,1,none,A10
LA_E_1695856,1,opus,A15
LA_E_1696739,1,pstn,A10
LA_E_1696825,1,gsm,A09
LA_E_1696843,1,gsm,A07
LA_E_1697610,1,alaw,A11
LA_E_1697733,0,ulaw,bonafide
LA_E_1698223,1,none,A19
LA_E_1698332,1,none,A14
LA_E_1698424,1,pstn,A09
LA_E_1698783,1,alaw,A19
LA_E_1698907,1,alaw,A07
LA_E_1699455,1,ulaw,A16
LA_E_1699536,1,alaw,A16
LA_E_1699553,1,pstn,A12
LA_E_1699809,1,alaw,A17
LA_E_1699889,0,gsm,bonafide
LA_E_1699903,1,pstn,A14
LA_E_1700147,1,gsm,A14
LA_E_1700233,1,alaw,A10
LA_E_1700559,1,ulaw,A17
LA_E_1700578,1,alaw,A17
LA_E_1701308,1,pstn,A13
LA_E_1701756,1,opus,A16
LA_E_1702415,1,none,A14
LA_E_1702877,1,gsm,A15
LA_E_1703013,1,pstn,A13
LA_E_1703510,1,gsm,A08
LA_E_1703706,1,g722,A15
LA_E_1703787,0,g722,bonafide
LA_E_1703839,1,none,A11
LA_E_1703868,1,gsm,A19
LA_E_1703923,1,pstn,A10
LA_E_1704556,0,ulaw,bonafide
LA_E_1704579,1,gsm,A11
LA_E_1705185,1,ulaw,A15
LA_E_1705187,1,pstn,A10
LA_E_1705442,1,none,A11
LA_E_1705954,1,none,A07
LA_E_1707620,1,opus,A09
LA_E_1707628,1,gsm,A16
LA_E_1708546,1,alaw,A15
LA_E_1708988,1,alaw,A17
LA_E_1709060,1,gsm,A11
LA_E_1709077,1,none,A13
LA_E_1709669,1,gsm,A18
LA_E_1709707,1,none,A18
LA_E_1709779,1,g722,A14
LA_E_1710064,1,opus,A18
LA_E_1710091,0,pstn,bonafide
LA_E_1711367,1,ulaw,A18
LA_E_1711452,0,ulaw,bonafide
LA_E_1711844,1,alaw,A14
LA_E_1712588,1,ulaw,A17
LA_E_1712656,1,none,A08
LA_E_1712680,1,g722,A10
LA_E_1712943,1,none,A17
LA_E_1713480,1,g722,A07
LA_E_1713541,1,ulaw,A19
LA_E_1713863,1,ulaw,A17
LA_E_1714002,1,pstn,A13
LA_E_1714572,1,g722,A14
LA_E_1714739,1,none,A15
LA_E_1714778,1,gsm,A07
LA_E_1714875,1,gsm,A15
LA_E_1715077,1,opus,A18
LA_E_1716660,0,gsm,bonafide
LA_E_1716844,1,gsm,A17
LA_E_1717152,1,alaw,A10
LA_E_1717693,1,pstn,A15
LA_E_1717705,1,g722,A19
LA_E_1717966,1,opus,A15
LA_E_1718464,1,pstn,A08
LA_E_1718905,1,opus,A16
LA_E_1719001,1,none,A11
LA_E_1719055,1,opus,A17
LA_E_1719578,1,ulaw,A07
LA_E_1719807,1,opus,A10
LA_E_1720005,1,opus,A09
LA_E_1720215,0,ulaw,bonafide
LA_E_1720414,1,alaw,A17
LA_E_1720859,1,alaw,A19
LA_E_1721091,0,opus,bonafide
LA_E_1721596,1,ulaw,A14
LA_E_1721600,1,pstn,A18
LA_E_1721839,1,pstn,A10
LA_E_1722286,1,g722,A13
LA_E_1722293,1,none,A17
LA_E_1722455,1,pstn,A09
LA_E_1723222,1,opus,A11
LA_E_1723476,0,opus,bonafide
LA_E_1723618,0,g722,bonafide
LA_E_1723690,1,ulaw,A19
LA_E_1723878,1,gsm,A08
LA_E_1724024,1,ulaw,A19
LA_E_1724266,1,ulaw,A10
LA_E_1724390,1,opus,A13
LA_E_1724430,1,none,A14
LA_E_1725038,1,pstn,A17
LA_E_1725092,1,alaw,A19
LA_E_1725145,0,pstn,bonafide
LA_E_1725215,1,gsm,A11
LA_E_1725260,1,pstn,A17
LA_E_1725848,1,none,A11
LA_E_1727060,1,gsm,A11
LA_E_1727155,1,opus,A07
LA_E_1727396,1,ulaw,A08
LA_E_1727612,1,alaw,A15
LA_E_1727969,1,ulaw,A09
LA_E_1728101,0,gsm,bonafide
LA_E_1728502,1,g722,A08
LA_E_1728738,1,alaw,A07
LA_E_1728774,1,gsm,A16
LA_E_1728866,0,pstn,bonafide
LA_E_1728906,1,opus,A12
LA_E_1728928,1,pstn,A17
LA_E_1729197,1,gsm,A08
LA_E_1729673,1,ulaw,A18
LA_E_1730816,1,g722,A19
LA_E_1730832,1,none,A15
LA_E_1730961,1,none,A08
LA_E_1731182,1,none,A17
LA_E_1731235,1,ulaw,A12
LA_E_1731385,1,ulaw,A19
LA_E_1731785,1,pstn,A19
LA_E_1731904,1,pstn,A19
LA_E_1732443,1,alaw,A11
LA_E_1732452,0,ulaw,bonafide
LA_E_1732481,1,alaw,A08
LA_E_1732734,1,ulaw,A15
LA_E_1732981,1,none,A19
LA_E_1733390,1,g722,A11
LA_E_1733509,0,none,bonafide
LA_E_1733622,1,pstn,A17
LA_E_1733695,1,gsm,A18
LA_E_1733823,1,alaw,A13
LA_E_1733945,1,alaw,A18
LA_E_1734492,1,none,A12
LA_E_1734549,0,none,bonafide
LA_E_1734839,1,opus,A14
LA_E_1735118,1,ulaw,A14
LA_E_1735238,1,ulaw,A07
LA_E_1735271,1,gsm,A13
LA_E_1735560,1,pstn,A19
LA_E_1735923,1,pstn,A14
LA_E_1736254,0,alaw,bonafide
LA_E_1736271,1,opus,A12
LA_E_1736309,1,gsm,A08
LA_E_1736352,0,alaw,bonafide
LA_E_1736559,1,none,A09
LA_E_1736994,1,gsm,A08
LA_E_1737106,1,ulaw,A18
LA_E_1737235,1,alaw,A16
LA_E_1737250,1,opus,A10
LA_E_1737738,1,opus,A18
LA_E_1737821,1,none,A07
LA_E_1738243,1,opus,A16
LA_E_1738825,1,ulaw,A17
LA_E_1739083,1,opus,A19
LA_E_1739112,1,pstn,A07
LA_E_1739458,1,g722,A18
LA_E_1739608,1,ulaw,A16
LA_E_1739841,1,g722,A10
LA_E_1739935,1,pstn,A19
LA_E_1740757,1,gsm,A07
LA_E_1741630,1,none,A17
LA_E_1742037,1,gsm,A11
LA_E_1742421,1,opus,A14
LA_E_1742693,1,opus,A10
LA_E_1743890,1,alaw,A15
LA_E_1744377,1,ulaw,A16
LA_E_1744891,1,ulaw,A11
LA_E_1745337,1,none,A18
LA_E_1745487,1,opus,A11
LA_E_1745571,1,opus,A13
LA_E_1745867,1,ulaw,A09
LA_E_1746083,1,opus,A10
LA_E_1746222,1,none,A12
LA_E_1746748,1,pstn,A16
LA_E_1746781,1,ulaw,A19
LA_E_1747118,1,opus,A14
LA_E_1747209,1,gsm,A08
LA_E_1747773,1,gsm,A19
LA_E_1748015,1,opus,A18
LA_E_1748379,1,opus,A14
LA_E_1748463,0,opus,bonafide
LA_E_1749003,1,pstn,A15
LA_E_1749216,1,ulaw,A08
LA_E_1749268,1,pstn,A08
LA_E_1749498,1,ulaw,A14
LA_E_1749848,1,gsm,A15
LA_E_1749994,1,g722,A17
LA_E_1751166,1,ulaw,A13
LA_E_1751235,1,opus,A14
LA_E_1751503,1,none,A13
LA_E_1751715,1,ulaw,A10
LA_E_1751807,1,g722,A11
LA_E_1751814,1,alaw,A13
LA_E_1752733,0,none,bonafide
LA_E_1752920,1,gsm,A13
LA_E_1753096,0,ulaw,bonafide
LA_E_1753414,1,gsm,A12
LA_E_1753704,1,gsm,A14
LA_E_1754111,1,gsm,A17
LA_E_1754483,1,alaw,A12
LA_E_1755794,1,opus,A10
LA_E_1756025,0,alaw,bonafide
LA_E_1756157,0,gsm,bonafide
LA_E_1756878,1,opus,A07
LA_E_1757066,1,pstn,A09
LA_E_1757076,0,pstn,bonafide
LA_E_1757173,1,gsm,A16
LA_E_1757225,0,opus,bonafide
LA_E_1757565,1,g722,A13
LA_E_1757832,1,g722,A17
LA_E_1758350,0,g722,bonafide
LA_E_1758598,1,pstn,A11
LA_E_1758827,1,g722,A11
LA_E_1758992,1,pstn,A12
LA_E_1760062,1,none,A16
LA_E_1760542,1,opus,A09
LA_E_1760718,1,g722,A16
LA_E_1760857,1,gsm,A10
LA_E_1761205,1,ulaw,A18
LA_E_1761436,0,gsm,bonafide
LA_E_1761531,0,none,bonafide
LA_E_1762073,0,g722,bonafide
LA_E_1762392,1,alaw,A11
LA_E_1762796,1,alaw,A11
LA_E_1762907,1,g722,A16
LA_E_1763657,1,none,A07
LA_E_1763790,0,opus,bonafide
LA_E_1764176,1,ulaw,A16
LA_E_1764271,1,alaw,A08
LA_E_1764426,1,gsm,A13
LA_E_1764862,1,none,A09
LA_E_1765066,1,none,A10
LA_E_1765258,0,opus,bonafide
LA_E_1765774,1,g722,A17
LA_E_1766827,1,alaw,A10
LA_E_1767199,1,ulaw,A16
LA_E_1767492,1,alaw,A09
LA_E_1767762,1,ulaw,A09
LA_E_1767773,1,ulaw,A07
LA_E_1767838,1,pstn,A07
LA_E_1767857,1,alaw,A09
LA_E_1768006,1,opus,A11
LA_E_1768863,1,g722,A15
LA_E_1768913,1,pstn,A14
LA_E_1769707,1,gsm,A13
LA_E_1769772,1,opus,A17
LA_E_1769960,1,none,A07
LA_E_1769996,1,opus,A15
LA_E_1770124,1,alaw,A18
LA_E_1770197,1,pstn,A13
LA_E_1770234,1,opus,A17
LA_E_1770674,1,pstn,A12
LA_E_1770697,1,opus,A07
LA_E_1770772,1,gsm,A07
LA_E_1770786,1,alaw,A07
LA_E_1771223,0,gsm,bonafide
LA_E_1771441,1,none,A13
LA_E_1771845,0,pstn,bonafide
LA_E_1772408,1,gsm,A14
LA_E_1773018,1,gsm,A18
LA_E_1773240,1,g722,A16
LA_E_1773755,1,pstn,A09
LA_E_1774889,0,none,bonafide
LA_E_1775452,1,alaw,A10
LA_E_1775689,1,g722,A15
LA_E_1775897,1,alaw,A09
LA_E_1776054,1,g722,A09
LA_E_1776751,1,g722,A07
LA_E_1776895,1,alaw,A13
LA_E_1777000,1,pstn,A13
LA_E_1777329,1,none,A14
LA_E_1777349,0,g722,bonafide
LA_E_1777495,1,pstn,A11
LA_E_1778254,1,gsm,A18
LA_E_1778758,1,pstn,A14
LA_E_1778860,1,pstn,A18
LA_E_1779388,1,none,A14
LA_E_1779667,0,alaw,bonafide
LA_E_1779936,1,gsm,A17
LA_E_1779961,1,g722,A11
LA_E_1780033,1,ulaw,A16
LA_E_1780371,1,pstn,A14
LA_E_1780449,1,ulaw,A12
LA_E_1781067,1,opus,A09
LA_E_1781193,1,opus,A17
LA_E_1781532,1,gsm,A07
LA_E_1782200,1,opus,A12
LA_E_1782307,1,ulaw,A08
LA_E_1782550,1,pstn,A09
LA_E_1782562,1,ulaw,A11
LA_E_1782621,0,pstn,bonafide
LA_E_1782684,1,g722,A18
LA_E_1782949,1,g722,A12
LA_E_1783080,1,none,A08
LA_E_1785804,0,ulaw,bonafide
LA_E_1785874,0,gsm,bonafide
LA_E_1786358,0,opus,bonafide
LA_E_1786375,1,alaw,A11
LA_E_1786489,1,gsm,A09
LA_E_1786631,1,gsm,A10
LA_E_1786749,1,ulaw,A15
LA_E_1786926,1,pstn,A08
LA_E_1787679,1,none,A18
LA_E_1787768,1,g722,A12
LA_E_1788731,1,opus,A18
LA_E_1789334,1,ulaw,A07
LA_E_1789541,1,g722,A14
LA_E_1789669,1,gsm,A19
LA_E_1789684,1,ulaw,A18
LA_E_1789795,1,pstn,A08
LA_E_1789827,1,alaw,A18
LA_E_1790141,1,ulaw,A08
LA_E_1790459,1,opus,A15
LA_E_1790890,1,opus,A19
LA_E_1790959,1,opus,A12
LA_E_1791013,1,none,A18
LA_E_1791019,1,pstn,A18
LA_E_1791240,1,pstn,A08
LA_E_1791922,0,alaw,bonafide
LA_E_1792114,1,opus,A13
LA_E_1792298,1,gsm,A19
LA_E_1792348,1,opus,A10
LA_E_1792609,1,opus,A14
LA_E_1792787,1,g722,A09
LA_E_1792804,1,gsm,A18
LA_E_1793088,0,gsm,bonafide
LA_E_1793114,1,opus,A17
LA_E_1793148,1,g722,A12
LA_E_1794034,1,gsm,A14
LA_E_1794845,1,none,A16
LA_E_1795290,1,alaw,A09
LA_E_1795708,0,ulaw,bonafide
LA_E_1796441,1,opus,A10
LA_E_1799052,1,alaw,A13
LA_E_1799580,1,gsm,A12
LA_E_1800191,1,opus,A07
LA_E_1800195,1,pstn,A15
LA_E_1800281,0,alaw,bonafide
LA_E_1800381,1,g722,A14
LA_E_1800397,1,g722,A12
LA_E_1800447,1,ulaw,A19
LA_E_1801447,1,ulaw,A07
LA_E_1801571,1,gsm,A08
LA_E_1803420,1,ulaw,A12
LA_E_1804025,1,alaw,A17
LA_E_1804238,1,opus,A09
LA_E_1804580,1,pstn,A14
LA_E_1805046,0,ulaw,bonafide
LA_E_1805204,1,none,A18
LA_E_1805252,0,g722,bonafide
LA_E_1805290,1,g722,A13
LA_E_1805358,1,gsm,A19
LA_E_1805646,1,ulaw,A10
LA_E_1806134,1,opus,A08
LA_E_1806162,1,opus,A07
LA_E_1806208,1,opus,A14
LA_E_1806298,1,none,A13
LA_E_1806550,0,pstn,bonafide
LA_E_1806675,1,pstn,A19
LA_E_1807592,1,none,A10
LA_E_1807969,0,opus,bonafide
LA_E_1808390,0,gsm,bonafide
LA_E_1808828,0,none,bonafide
LA_E_1809127,1,gsm,A19
LA_E_1809823,0,pstn,bonafide
LA_E_1810453,1,alaw,A16
LA_E_1810527,1,g722,A13
LA_E_1810845,0,g722,bonafide
LA_E_1810910,1,g722,A10
LA_E_1811012,1,ulaw,A13
LA_E_1811029,0,gsm,bonafide
LA_E_1811267,1,g722,A07
LA_E_1811686,1,pstn,A12
LA_E_1811917,1,g722,A13
LA_E_1812192,0,ulaw,bonafide
LA_E_1813273,1,ulaw,A15
LA_E_1814051,1,g722,A10
LA_E_1814211,1,opus,A07
LA_E_1814299,1,alaw,A13
LA_E_1814380,1,none,A18
LA_E_1814395,1,alaw,A14
LA_E_1814448,1,ulaw,A19
LA_E_1814890,1,gsm,A07
LA_E_1815008,1,alaw,A10
LA_E_1815378,1,pstn,A10
LA_E_1815441,1,opus,A16
LA_E_1815502,1,gsm,A18
LA_E_1815987,1,none,A19
LA_E_1816134,1,alaw,A12
LA_E_1816560,1,none,A08
LA_E_1816721,1,alaw,A18
LA_E_1816902,1,gsm,A18
LA_E_1817033,1,g722,A19
LA_E_1818105,1,alaw,A07
LA_E_1818284,1,ulaw,A17
LA_E_1818408,1,gsm,A19
LA_E_1818612,0,alaw,bonafide
LA_E_1818981,1,alaw,A07
LA_E_1819048,0,opus,bonafide
LA_E_1819133,0,opus,bonafide
LA_E_1819664,1,g722,A08
LA_E_1819977,1,ulaw,A13
LA_E_1820036,1,alaw,A14
LA_E_1820293,1,gsm,A15
LA_E_1820360,1,gsm,A18
LA_E_1820494,1,alaw,A19
LA_E_1820527,1,g722,A10
LA_E_1820528,1,gsm,A11
LA_E_1820576,1,gsm,A13
LA_E_1820618,1,gsm,A17
LA_E_1821046,1,opus,A18
LA_E_1821441,1,pstn,A09
LA_E_1822441,0,ulaw,bonafide
LA_E_1822559,1,ulaw,A09
LA_E_1823009,1,pstn,A12
LA_E_1823469,1,pstn,A12
LA_E_1823976,1,opus,A17
LA_E_1824232,1,ulaw,A17
LA_E_1824542,0,gsm,bonafide
LA_E_1825231,1,gsm,A18
LA_E_1825251,1,ulaw,A08
LA_E_1825529,1,alaw,A17
LA_E_1825808,1,opus,A16
LA_E_1826011,1,gsm,A15
LA_E_1826046,1,opus,A08
LA_E_1826263,1,none,A07
LA_E_1826345,1,pstn,A08
LA_E_1827268,1,gsm,A07
LA_E_1827269,1,gsm,A16
LA_E_1827327,1,ulaw,A09
LA_E_1828228,1,gsm,A08
LA_E_1828315,1,none,A09
LA_E_1829109,1,opus,A16
LA_E_1829327,1,ulaw,A12
LA_E_1829371,0,ulaw,bonafide
LA_E_1829571,1,opus,A16
LA_E_1830353,0,ulaw,bonafide
LA_E_1831260,0,alaw,bonafide
LA_E_1831626,1,g722,A18
LA_E_1832083,1,ulaw,A11
LA_E_1832748,1,ulaw,A18
LA_E_1832835,1,ulaw,A17
LA_E_1832913,1,pstn,A16
LA_E_1833275,0,ulaw,bonafide
LA_E_1833620,1,none,A11
LA_E_1834501,1,ulaw,A09
LA_E_1835214,1,alaw,A18
LA_E_1835240,1,opus,A14
LA_E_1835522,0,g722,bonafide
LA_E_1835576,1,gsm,A18
LA_E_1835869,1,none,A07
LA_E_1835961,1,pstn,A19
LA_E_1836546,1,gsm,A15
LA_E_1836735,1,opus,A10
LA_E_1836868,1,none,A15
LA_E_1836922,0,none,bonafide
LA_E_1836937,0,gsm,bonafide
LA_E_1837074,1,alaw,A12
LA_E_1837155,0,opus,bonafide
LA_E_1837208,1,alaw,A16
LA_E_1837510,1,gsm,A11
LA_E_1837583,1,g722,A14
LA_E_1837797,0,gsm,bonafide
LA_E_1838221,1,pstn,A10
LA_E_1838230,1,none,A14
LA_E_1838485,1,gsm,A09
LA_E_1838677,1,g722,A19
LA_E_1839019,1,pstn,A07
LA_E_1839523,1,opus,A12
LA_E_1839861,1,ulaw,A11
LA_E_1840075,1,opus,A14
LA_E_1840143,1,opus,A11
LA_E_1840529,1,ulaw,A08
LA_E_1840794,1,alaw,A19
LA_E_1841462,1,none,A09
LA_E_1842154,1,pstn,A15
LA_E_1842297,1,g722,A13
LA_E_1842475,1,gsm,A11
LA_E_1842651,1,gsm,A08
LA_E_1842903,1,g722,A10
LA_E_1843301,1,g722,A17
LA_E_1844019,1,ulaw,A07
LA_E_1844642,0,pstn,bonafide
LA_E_1845439,1,ulaw,A11
LA_E_1845517,1,none,A14
LA_E_1845643,0,g722,bonafide
LA_E_1847193,0,gsm,bonafide
LA_E_1847785,1,ulaw,A14
LA_E_1847877,1,gsm,A07
LA_E_1847997,1,pstn,A17
LA_E_1848032,1,alaw,A08
LA_E_1848602,1,g722,A15
LA_E_1849221,1,pstn,A07
LA_E_1849740,1,none,A08
LA_E_1849850,1,alaw,A18
LA_E_1850197,1,g722,A16
LA_E_1850243,1,g722,A07
LA_E_1850362,1,g722,A12
LA_E_1850533,1,pstn,A07
LA_E_1850793,1,ulaw,A15
LA_E_1850895,1,none,A15
LA_E_1851372,1,g722,A14
LA_E_1852036,1,ulaw,A09
LA_E_1852257,1,alaw,A12
LA_E_1852828,1,none,A16
LA_E_1853078,1,gsm,A13
LA_E_1853170,1,ulaw,A12
LA_E_1853339,1,g722,A19
LA_E_1855379,1,alaw,A07
LA_E_1855396,1,ulaw,A17
LA_E_1855573,1,pstn,A17
LA_E_1855861,1,ulaw,A13
LA_E_1856688,0,ulaw,bonafide
LA_E_1856879,1,pstn,A11
LA_E_1856942,1,gsm,A12
LA_E_1857189,1,opus,A15
LA_E_1857318,1,g722,A11
LA_E_1857486,1,g722,A14
LA_E_1857535,1,pstn,A16
LA_E_1857929,1,none,A15
LA_E_1858495,1,gsm,A18
LA_E_1858697,1,gsm,A12
LA_E_1859098,1,opus,A07
LA_E_1859325,1,gsm,A15
LA_E_1859405,1,g722,A15
LA_E_1859641,1,ulaw,A16
LA_E_1859802,1,pstn,A16
LA_E_1859852,1,opus,A18
LA_E_1859941,1,g722,A09
LA_E_1860081,0,pstn,bonafide
LA_E_1860386,1,gsm,A14
LA_E_1860942,1,alaw,A15
LA_E_1861825,1,gsm,A19
LA_E_1861974,1,gsm,A17
LA_E_1862146,1,pstn,A15
LA_E_1862279,1,ulaw,A18
LA_E_1862326,1,alaw,A09
LA_E_1862809,1,ulaw,A19
LA_E_1862845,1,ulaw,A08
LA_E_1863060,1,alaw,A10
LA_E_1863202,1,ulaw,A18
LA_E_1863332,1,pstn,A13
LA_E_1863342,1,opus,A09
LA_E_1863896,1,opus,A08
LA_E_1864004,1,opus,A13
LA_E_1864357,1,opus,A10
LA_E_1864449,1,gsm,A16
LA_E_1864585,1,ulaw,A18
LA_E_1864697,1,ulaw,A18
LA_E_1864944,1,g722,A15
LA_E_1865567,0,pstn,bonafide
LA_E_1865644,1,opus,A16
LA_E_1865830,0,ulaw,bonafide
LA_E_1865904,1,gsm,A11
LA_E_1866818,1,opus,A13
LA_E_1867298,1,gsm,A10
LA_E_1867466,1,gsm,A09
LA_E_1867983,1,none,A12
LA_E_1868118,1,ulaw,A14
LA_E_1868173,1,none,A09
LA_E_1868567,1,gsm,A12
LA_E_1868711,1,alaw,A19
LA_E_1868759,1,opus,A08
LA_E_1869068,0,opus,bonafide
LA_E_1869203,1,ulaw,A13
LA_E_1869245,1,none,A11
LA_E_1869313,1,ulaw,A09
LA_E_1869531,1,gsm,A15
LA_E_1869543,1,alaw,A15
LA_E_1870780,1,gsm,A19
LA_E_1870917,0,pstn,bonafide
LA_E_1871061,0,pstn,bonafide
LA_E_1871352,0,alaw,bonafide
LA_E_1871407,1,pstn,A18
LA_E_1871461,1,opus,A18
LA_E_1871848,1,gsm,A09
LA_E_1872740,1,gsm,A12
LA_E_1873247,1,g722,A09
LA_E_1873942,1,opus,A18
LA_E_1874041,1,pstn,A18
LA_E_1874609,1,ulaw,A16
LA_E_1874809,1,none,A12
LA_E_1875804,1,alaw,A09
LA_E_1876455,1,gsm,A10
LA_E_1876587,1,alaw,A10
LA_E_1876590,1,ulaw,A11
LA_E_1876803,1,g722,A09
LA_E_1877452,1,opus,A07
LA_E_1877534,1,gsm,A19
LA_E_1877929,1,g722,A11
LA_E_1878042,1,gsm,A18
LA_E_1878376,1,gsm,A09
LA_E_1878665,1,alaw,A19
LA_E_1878690,1,g722,A12
LA_E_1878694,1,ulaw,A17
LA_E_1878994,1,g722,A07
LA_E_1879225,1,pstn,A16
LA_E_1879269,1,gsm,A09
LA_E_1879906,0,alaw,bonafide
LA_E_1880124,1,g722,A07
LA_E_1880444,1,opus,A10
LA_E_1880933,1,pstn,A11
LA_E_1881107,1,ulaw,A18
LA_E_1881434,0,none,bonafide
LA_E_1881905,1,none,A17
LA_E_1882346,1,g722,A14
LA_E_1883007,1,ulaw,A07
LA_E_1883651,1,gsm,A14
LA_E_1883738,1,pstn,A11
LA_E_1884309,1,pstn,A18
LA_E_1884536,1,gsm,A17
LA_E_1884605,1,ulaw,A16
LA_E_1885164,1,ulaw,A14
LA_E_1886189,1,g722,A08
LA_E_1887008,1,none,A18
LA_E_1887346,1,g722,A09
LA_E_1888076,1,alaw,A12
LA_E_1888158,1,opus,A13
LA_E_1888424,1,ulaw,A08
LA_E_1888550,1,none,A07
LA_E_1888694,1,none,A19
LA_E_1889578,1,opus,A15
LA_E_1889681,1,opus,A13
LA_E_1890061,1,gsm,A08
LA_E_1890241,1,alaw,A14
LA_E_1890395,1,none,A13
LA_E_1890412,1,ulaw,A07
LA_E_1890943,0,alaw,bonafide
LA_E_1891083,1,gsm,A10
LA_E_1891113,0,gsm,bonafide
LA_E_1891115,1,none,A09
LA_E_1891675,1,ulaw,A12
LA_E_1891875,1,pstn,A12
LA_E_1891990,1,pstn,A13
LA_E_1892001,1,alaw,A13
LA_E_1892233,1,opus,A18
LA_E_1892748,1,g722,A17
LA_E_1892942,1,alaw,A08
LA_E_1892966,1,none,A17
LA_E_1892988,1,g722,A10
LA_E_1893142,1,gsm,A10
LA_E_1893624,1,gsm,A12
LA_E_1893668,1,pstn,A14
LA_E_1894154,1,gsm,A10
LA_E_1894261,1,opus,A15
LA_E_1894695,1,alaw,A15
LA_E_1894940,1,ulaw,A08
LA_E_1894980,1,alaw,A11
LA_E_1895148,1,opus,A19
LA_E_1895479,1,pstn,A13
LA_E_1895850,0,alaw,bonafide
LA_E_1896533,1,pstn,A09
LA_E_1897875,1,alaw,A09
LA_E_1897933,1,opus,A18
LA_E_1898460,1,gsm,A17
LA_E_1898850,0,g722,bonafide
LA_E_1899514,0,none,bonafide
LA_E_1899871,1,opus,A17
LA_E_1899878,1,opus,A07
LA_E_1900406,1,ulaw,A19
LA_E_1900653,1,opus,A08
LA_E_1901021,1,none,A16
LA_E_1901913,1,pstn,A17
LA_E_1901935,1,opus,A07
LA_E_1902129,1,g722,A19
LA_E_1902381,1,gsm,A11
LA_E_1902731,1,opus,A15
LA_E_1902805,1,opus,A11
LA_E_1904096,1,ulaw,A16
LA_E_1904143,1,alaw,A17
LA_E_1904498,1,opus,A07
LA_E_1905071,1,alaw,A14
LA_E_1905111,1,opus,A13
LA_E_1905325,1,gsm,A11
LA_E_1905588,1,gsm,A16
LA_E_1905768,1,opus,A18
LA_E_1905838,1,ulaw,A10
LA_E_1905936,1,alaw,A11
LA_E_1906213,1,ulaw,A14
LA_E_1906394,1,gsm,A18
LA_E_1906659,1,alaw,A16
LA_E_1906697,1,opus,A19
LA_E_1907296,1,opus,A14
LA_E_1907518,1,ulaw,A08
LA_E_1908489,1,g722,A07
LA_E_1908567,1,gsm,A19
LA_E_1908628,1,ulaw,A07
LA_E_1908709,1,opus,A09
LA_E_1908909,1,none,A18
LA_E_1909262,1,g722,A16
LA_E_1909379,1,g722,A17
LA_E_1909505,1,opus,A08
LA_E_1909692,1,alaw,A19
LA_E_1909945,0,g722,bonafide
LA_E_1910205,1,gsm,A17
LA_E_1910253,1,pstn,A18
LA_E_1910507,1,pstn,A10
LA_E_1910550,1,pstn,A19
LA_E_1911430,1,alaw,A08
LA_E_1912216,1,opus,A19
LA_E_1912539,1,gsm,A11
LA_E_1912576,1,pstn,A14
LA_E_1912591,1,none,A17
LA_E_1912683,1,g722,A11
LA_E_1912823,1,gsm,A16
LA_E_1913246,1,ulaw,A10
LA_E_1913699,1,pstn,A10
LA_E_1913740,0,g722,bonafide
LA_E_1914430,1,opus,A08
LA_E_1915179,1,none,A13
LA_E_1915216,1,ulaw,A16
LA_E_1915321,1,ulaw,A11
LA_E_1915807,1,pstn,A09
LA_E_1916146,1,gsm,A09
LA_E_1916995,1,gsm,A18
LA_E_1917689,0,g722,bonafide
LA_E_1917726,1,none,A08
LA_E_1917805,1,pstn,A10
LA_E_1917913,1,g722,A11
LA_E_1917924,1,g722,A08
LA_E_1917983,1,ulaw,A14
LA_E_1918071,1,none,A19
LA_E_1918091,1,ulaw,A13
LA_E_1918523,1,opus,A09
LA_E_1918850,1,gsm,A15
LA_E_1918892,0,pstn,bonafide
LA_E_1918994,1,ulaw,A08
LA_E_1919359,1,alaw,A09
LA_E_1919448,1,gsm,A08
LA_E_1919693,1,ulaw,A18
LA_E_1919725,1,ulaw,A07
LA_E_1919781,1,opus,A15
LA_E_1920140,1,pstn,A17
LA_E_1920259,1,opus,A19
LA_E_1921067,0,pstn,bonafide
LA_E_1921172,1,alaw,A18
LA_E_1921463,1,none,A10
LA_E_1921997,0,pstn,bonafide
LA_E_1922502,1,pstn,A07
LA_E_1922532,1,alaw,A17
LA_E_1922662,1,ulaw,A10
LA_E_1923098,1,pstn,A10
LA_E_1923474,1,alaw,A16
LA_E_1923882,1,gsm,A18
LA_E_1925149,1,ulaw,A10
LA_E_1925807,1,ulaw,A12
LA_E_1926298,0,none,bonafide
LA_E_1926901,0,pstn,bonafide
LA_E_1927644,1,gsm,A11
LA_E_1927668,1,gsm,A18
LA_E_1928639,1,gsm,A11
LA_E_1928675,1,gsm,A11
LA_E_1929087,1,pstn,A13
LA_E_1929596,1,ulaw,A15
LA_E_1929725,0,alaw,bonafide
LA_E_1930010,1,alaw,A13
LA_E_1930107,1,gsm,A18
LA_E_1930144,1,g722,A10
LA_E_1930482,1,g722,A16
LA_E_1930518,1,none,A15
LA_E_1930707,1,opus,A15
LA_E_1931035,1,none,A08
LA_E_1931073,1,opus,A12
LA_E_1931874,1,gsm,A18
LA_E_1932091,1,opus,A14
LA_E_1932099,1,g722,A13
LA_E_1933645,0,alaw,bonafide
LA_E_1933780,1,opus,A17
LA_E_1933832,1,ulaw,A15
LA_E_1934101,1,pstn,A19
LA_E_1934550,0,none,bonafide
LA_E_1934578,1,opus,A11
LA_E_1935290,1,opus,A12
LA_E_1935416,1,ulaw,A07
LA_E_1935752,1,opus,A16
LA_E_1935845,1,gsm,A19
LA_E_1936534,1,g722,A09
LA_E_1937053,1,ulaw,A12
LA_E_1937410,1,ulaw,A09
LA_E_1937930,1,none,A13
LA_E_1938117,1,opus,A11
LA_E_1938505,1,none,A16
LA_E_1938929,0,g722,bonafide
LA_E_1939112,1,opus,A12
LA_E_1939287,1,g722,A17
LA_E_1939361,1,none,A18
LA_E_1939379,1,alaw,A18
LA_E_1939398,0,alaw,bonafide
LA_E_1939491,1,opus,A09
LA_E_1939528,0,alaw,bonafide
LA_E_1939674,1,ulaw,A08
LA_E_1940440,1,none,A07
LA_E_1940503,1,gsm,A11
LA_E_1940579,1,ulaw,A12
LA_E_1941475,1,pstn,A14
LA_E_1941717,1,gsm,A16
LA_E_1942256,1,ulaw,A12
LA_E_1942572,1,pstn,A17
LA_E_1942773,1,pstn,A11
LA_E_1942890,1,opus,A19
LA_E_1942938,1,none,A13
LA_E_1943329,1,gsm,A16
LA_E_1943989,0,pstn,bonafide
LA_E_1944587,1,none,A11
LA_E_1945106,1,opus,A13
LA_E_1945675,1,gsm,A14
LA_E_1945686,1,opus,A14
LA_E_1945786,1,none,A15
LA_E_1945889,1,opus,A14
LA_E_1946175,1,ulaw,A17
LA_E_1946300,1,gsm,A14
LA_E_1946442,1,none,A10
LA_E_1946968,1,ulaw,A09
LA_E_1947010,1,none,A12
LA_E_1947376,0,ulaw,bonafide
LA_E_1947414,1,gsm,A11
LA_E_1947711,1,ulaw,A11
LA_E_1947770,1,g722,A18
LA_E_1947978,1,g722,A13
LA_E_1948066,1,gsm,A11
LA_E_1948119,1,ulaw,A15
LA_E_1948149,1,gsm,A17
LA_E_1948517,1,opus,A14
LA_E_1948729,1,g722,A12
LA_E_1948787,1,pstn,A19
LA_E_1949647,1,alaw,A19
LA_E_1949975,1,ulaw,A11
LA_E_1950030,1,ulaw,A16
LA_E_1950136,1,gsm,A18
LA_E_1950584,1,opus,A12
LA_E_1950611,1,opus,A13
LA_E_1950796,1,opus,A09
LA_E_1951042,1,gsm,A07
LA_E_1951110,1,ulaw,A10
LA_E_1951366,1,none,A09
LA_E_1951372,1,gsm,A18
LA_E_1952257,1,ulaw,A12
LA_E_1952550,1,ulaw,A17
LA_E_1952571,1,ulaw,A13
LA_E_1952594,1,opus,A14
LA_E_1952609,1,gsm,A07
LA_E_1952894,1,pstn,A15
LA_E_1952904,1,g722,A09
LA_E_1953480,1,gsm,A13
LA_E_1954230,1,alaw,A12
LA_E_1954289,1,opus,A17
LA_E_1954551,1,opus,A07
LA_E_1956119,1,ulaw,A15
LA_E_1956373,1,alaw,A11
LA_E_1956675,1,g722,A12
LA_E_1956961,1,g722,A18
LA_E_1957021,1,opus,A11
LA_E_1957448,1,g722,A12
LA_E_1957820,1,ulaw,A09
LA_E_1958529,1,pstn,A14
LA_E_1958646,1,ulaw,A15
LA_E_1958910,1,opus,A10
LA_E_1959303,0,alaw,bonafide
LA_E_1959370,1,alaw,A15
LA_E_1959415,1,g722,A18
LA_E_1959920,0,none,bonafide
LA_E_1960154,1,alaw,A10
LA_E_1960367,1,ulaw,A11
LA_E_1960373,1,opus,A11
LA_E_1960514,1,alaw,A07
LA_E_1961162,0,opus,bonafide
LA_E_1961221,1,opus,A09
LA_E_1961558,1,gsm,A15
LA_E_1961938,1,opus,A18
LA_E_1962421,1,opus,A16
LA_E_1962475,1,ulaw,A14
LA_E_1962488,1,none,A10
LA_E_1962602,1,gsm,A16
LA_E_1962835,1,opus,A13
LA_E_1963154,1,alaw,A11
LA_E_1963326,1,ulaw,A17
LA_E_1963475,1,alaw,A19
LA_E_1964309,1,none,A08
LA_E_1965078,1,alaw,A18
LA_E_1965780,1,alaw,A07
LA_E_1965994,1,pstn,A08
LA_E_1966547,1,alaw,A16
LA_E_1966735,1,none,A18
LA_E_1966786,1,pstn,A10
LA_E_1966841,1,none,A08
LA_E_1967014,1,gsm,A10
LA_E_1967105,1,pstn,A17
LA_E_1967655,1,ulaw,A11
LA_E_1967996,1,g722,A14
LA_E_1968486,1,g722,A13
LA_E_1969599,1,none,A19
LA_E_1970451,1,g722,A10
LA_E_1970474,1,opus,A12
LA_E_1970520,1,opus,A10
LA_E_1970912,1,ulaw,A09
LA_E_1971079,1,g722,A08
LA_E_1971361,1,opus,A17
LA_E_1971365,1,g722,A10
LA_E_1971400,1,pstn,A07
LA_E_1971505,1,none,A18
LA_E_1971841,1,gsm,A14
LA_E_1971995,1,ulaw,A17
LA_E_1972018,1,gsm,A10
LA_E_1972104,0,ulaw,bonafide
LA_E_1972537,1,gsm,A11
LA_E_1972546,1,opus,A18
LA_E_1972781,1,ulaw,A13
LA_E_1973265,1,gsm,A14
LA_E_1973508,1,ulaw,A17
LA_E_1973981,0,opus,bonafide
LA_E_1974088,1,g722,A18
LA_E_1974094,1,opus,A16
LA_E_1974608,1,none,A09
LA_E_1974785,1,pstn,A10
LA_E_1975192,1,gsm,A07
LA_E_1975288,0,opus,bonafide
LA_E_1975723,1,gsm,A08
LA_E_1977020,1,gsm,A12
LA_E_1977271,1,pstn,A12
LA_E_1977333,0,opus,bonafide
LA_E_1977455,1,g722,A09
LA_E_1977517,1,none,A11
LA_E_1977599,1,ulaw,A17
LA_E_1977742,1,opus,A15
LA_E_1978339,1,gsm,A14
LA_E_1978411,1,opus,A10
LA_E_1979107,1,pstn,A15
LA_E_1979358,1,opus,A10
LA_E_1979783,1,ulaw,A08
LA_E_1980070,1,gsm,A19
LA_E_1980350,1,ulaw,A11
LA_E_1981158,1,alaw,A08
LA_E_1981413,1,g722,A16
LA_E_1982215,1,gsm,A12
LA_E_1982535,1,alaw,A14
LA_E_1983721,1,opus,A13
LA_E_1984222,1,ulaw,A17
LA_E_1985036,1,pstn,A11
LA_E_1985082,1,g722,A10
LA_E_1985232,1,opus,A19
LA_E_1985235,1,g722,A12
LA_E_1985962,1,ulaw,A19
LA_E_1986124,0,g722,bonafide
LA_E_1986308,1,alaw,A17
LA_E_1986905,1,none,A17
LA_E_1987153,1,gsm,A08
LA_E_1987549,1,ulaw,A17
LA_E_1987828,1,ulaw,A18
LA_E_1987887,1,opus,A11
LA_E_1988164,1,alaw,A13
LA_E_1988311,0,g722,bonafide
LA_E_1988700,1,opus,A18
LA_E_1988815,1,opus,A10
LA_E_1989559,1,gsm,A12
LA_E_1989748,1,gsm,A10
LA_E_1989891,1,opus,A07
LA_E_1990013,1,ulaw,A16
LA_E_1990111,1,g722,A15
LA_E_1990150,1,pstn,A16
LA_E_1990263,1,alaw,A12
LA_E_1990632,0,g722,bonafide
LA_E_1990744,1,ulaw,A14
LA_E_1991898,0,none,bonafide
LA_E_1992087,1,gsm,A19
LA_E_1992502,1,ulaw,A07
LA_E_1992626,1,g722,A07
LA_E_1993041,1,pstn,A07
LA_E_1993361,1,g722,A16
LA_E_1993808,1,gsm,A15
LA_E_1993901,1,ulaw,A18
LA_E_1993997,1,ulaw,A13
LA_E_1994304,1,pstn,A19
LA_E_1994468,1,alaw,A10
LA_E_1994783,1,none,A15
LA_E_1995641,1,opus,A10
LA_E_1995912,1,gsm,A10
LA_E_1996360,1,g722,A16
LA_E_1996719,1,gsm,A08
LA_E_1996774,1,g722,A17
LA_E_1997111,1,pstn,A09
LA_E_1997138,1,pstn,A13
LA_E_1997251,1,gsm,A16
LA_E_1997639,1,alaw,A19
LA_E_1997933,1,pstn,A18
LA_E_1998114,1,opus,A08
LA_E_1998251,1,ulaw,A17
LA_E_1998281,0,g722,bonafide
LA_E_1998283,1,none,A15
LA_E_1998450,1,ulaw,A19
LA_E_1998810,1,g722,A17
LA_E_1998859,1,none,A14
LA_E_1999129,1,ulaw,A16
LA_E_1999852,1,alaw,A13
LA_E_1999923,1,g722,A15
LA_E_2000314,1,g722,A14
LA_E_2000965,1,opus,A14
LA_E_2001047,1,gsm,A16
LA_E_2001673,1,pstn,A16
LA_E_2002443,1,pstn,A11
LA_E_2002502,1,opus,A07
LA_E_2002901,1,g722,A19
LA_E_2003124,1,pstn,A15
LA_E_2003133,1,none,A14
LA_E_2003505,0,g722,bonafide
LA_E_2003742,1,pstn,A12
LA_E_2004301,1,opus,A13
LA_E_2006070,1,ulaw,A08
LA_E_2006085,1,alaw,A19
LA_E_2006118,0,none,bonafide
LA_E_2006198,1,gsm,A13
LA_E_2006386,1,ulaw,A16
LA_E_2006401,1,none,A19
LA_E_2006536,1,g722,A07
LA_E_2006773,1,g722,A09
LA_E_2007004,1,ulaw,A18
LA_E_2007380,1,none,A09
LA_E_2007551,0,ulaw,bonafide
LA_E_2007686,1,gsm,A19
LA_E_2007873,1,gsm,A15
LA_E_2008055,1,alaw,A11
LA_E_2008217,1,none,A16
LA_E_2008381,1,ulaw,A19
LA_E_2008543,1,none,A11
LA_E_2008582,1,g722,A19
LA_E_2008672,1,ulaw,A17
LA_E_2009128,1,alaw,A09
LA_E_2009395,0,ulaw,bonafide
LA_E_2009561,1,alaw,A09
LA_E_2009796,0,ulaw,bonafide
LA_E_2010592,1,alaw,A11
LA_E_2010620,1,pstn,A08
LA_E_2010884,0,ulaw,bonafide
LA_E_2011127,1,g722,A13
LA_E_2011241,1,alaw,A08
LA_E_2012051,1,none,A13
LA_E_2012385,1,pstn,A13
LA_E_2012473,1,alaw,A16
LA_E_2012754,1,opus,A10
LA_E_2012947,1,ulaw,A16
LA_E_2012987,1,gsm,A19
LA_E_2013006,1,g722,A10
LA_E_2013404,1,gsm,A19
LA_E_2013666,1,ulaw,A19
LA_E_2014322,1,g722,A17
LA_E_2014498,1,gsm,A08
LA_E_2014821,0,none,bonafide
LA_E_2014927,0,gsm,bonafide
LA_E_2015196,1,ulaw,A07
LA_E_2015257,1,gsm,A07
LA_E_2015374,1,gsm,A10
LA_E_2015561,1,g722,A16
LA_E_2016041,1,opus,A11
LA_E_2016078,1,none,A16
LA_E_2016476,1,alaw,A09
LA_E_2016490,1,opus,A14
LA_E_2016663,1,gsm,A13
LA_E_2016881,1,ulaw,A14
LA_E_2017213,1,ulaw,A19
LA_E_2017332,1,opus,A10
LA_E_2017477,1,opus,A16
LA_E_2017603,1,alaw,A07
LA_E_2017647,1,opus,A17
LA_E_2018338,1,ulaw,A19
LA_E_2018496,1,opus,A07
LA_E_2019232,1,pstn,A10
LA_E_2020103,1,opus,A15
LA_E_2020134,1,opus,A10
LA_E_2020342,1,alaw,A15
LA_E_2021062,1,opus,A14
LA_E_2021193,1,gsm,A09
LA_E_2021332,1,opus,A09
LA_E_2021421,1,ulaw,A16
LA_E_2021598,1,gsm,A19
LA_E_2022029,1,gsm,A09
LA_E_2022055,1,none,A09
LA_E_2022453,1,none,A18
LA_E_2022515,1,g722,A19
LA_E_2022598,1,opus,A14
LA_E_2023257,1,ulaw,A09
LA_E_2023273,1,g722,A15
LA_E_2023405,1,opus,A19
LA_E_2023721,1,gsm,A08
LA_E_2023777,1,gsm,A08
LA_E_2024554,1,gsm,A16
LA_E_2024722,1,ulaw,A14
LA_E_2024876,1,ulaw,A09
LA_E_2025154,1,alaw,A11
LA_E_2025286,1,gsm,A17
LA_E_2025419,1,alaw,A12
LA_E_2025826,1,ulaw,A07
LA_E_2026711,0,opus,bonafide
LA_E_2026971,1,ulaw,A08
LA_E_2028000,1,gsm,A09
LA_E_2028069,1,pstn,A18
LA_E_2028174,1,ulaw,A09
LA_E_2028262,1,opus,A08
LA_E_2028705,1,alaw,A18
LA_E_2028825,1,opus,A11
LA_E_2029055,1,none,A07
LA_E_2029218,1,pstn,A09
LA_E_2029892,1,ulaw,A19
LA_E_2032724,1,opus,A18
LA_E_2032917,1,g722,A08
LA_E_2033020,1,g722,A18
LA_E_2033059,1,none,A13
LA_E_2033149,1,opus,A10
LA_E_2033451,1,ulaw,A13
LA_E_2033524,1,gsm,A18
LA_E_2033769,1,opus,A19
LA_E_2034989,1,none,A08
LA_E_2035014,1,opus,A11
LA_E_2035098,1,ulaw,A19
LA_E_2035182,1,none,A10
LA_E_2035256,1,gsm,A16
LA_E_2035260,1,ulaw,A16
LA_E_2035403,1,opus,A13
LA_E_2035579,0,opus,bonafide
LA_E_2035693,0,gsm,bonafide
LA_E_2036010,1,ulaw,A15
LA_E_2036101,1,ulaw,A09
LA_E_2036607,1,g722,A19
LA_E_2036675,1,opus,A09
LA_E_2037298,1,pstn,A17
LA_E_2037425,0,none,bonafide
LA_E_2037734,1,gsm,A14
LA_E_2037842,1,ulaw,A14
LA_E_2037878,1,ulaw,A14
LA_E_2038335,0,gsm,bonafide
LA_E_2038364,1,gsm,A19
LA_E_2038444,1,alaw,A07
LA_E_2038942,1,gsm,A08
LA_E_2039420,0,opus,bonafide
LA_E_2039672,1,gsm,A19
LA_E_2039990,1,gsm,A10
LA_E_2040113,1,gsm,A19
LA_E_2040302,1,ulaw,A10
LA_E_2040348,1,alaw,A09
LA_E_2040765,1,none,A19
LA_E_2040864,1,none,A10
LA_E_2041550,0,opus,bonafide
LA_E_2042140,1,opus,A08
LA_E_2042700,1,pstn,A07
LA_E_2042735,1,gsm,A19
LA_E_2043059,0,gsm,bonafide
LA_E_2043394,1,g722,A08
LA_E_2043491,1,g722,A07
LA_E_2043618,1,alaw,A08
LA_E_2044038,1,gsm,A08
LA_E_2044207,1,none,A16
LA_E_2044209,1,g722,A12
LA_E_2044463,1,ulaw,A11
LA_E_2044893,1,ulaw,A07
LA_E_2045535,1,alaw,A15
LA_E_2045607,1,g722,A09
LA_E_2045617,1,ulaw,A14
LA_E_2046177,1,g722,A09
LA_E_2046219,1,gsm,A12
LA_E_2046231,1,g722,A07
LA_E_2046995,1,pstn,A17
LA_E_2047860,1,pstn,A15
LA_E_2048563,1,g722,A09
LA_E_2048810,1,none,A16
LA_E_2048911,1,gsm,A14
LA_E_2049818,0,ulaw,bonafide
LA_E_2050016,1,gsm,A08
LA_E_2050026,1,pstn,A14
LA_E_2050596,1,none,A12
LA_E_2050781,1,pstn,A13
LA_E_2050922,1,gsm,A15
LA_E_2051513,1,opus,A12
LA_E_2051575,1,ulaw,A11
LA_E_2051953,1,gsm,A08
LA_E_2052143,1,alaw,A17
LA_E_2052199,1,opus,A17
LA_E_2052300,1,pstn,A14
LA_E_2052434,1,opus,A15
LA_E_2053525,1,alaw,A11
LA_E_2054522,1,g722,A14
LA_E_2055297,1,pstn,A10
LA_E_2055314,1,ulaw,A09
LA_E_2055397,1,opus,A19
LA_E_2055613,1,opus,A13
LA_E_2055717,1,pstn,A12
LA_E_2055766,1,gsm,A13
LA_E_2056340,1,none,A19
LA_E_2056713,1,opus,A09
LA_E_2057022,1,g722,A13
LA_E_2058218,0,none,bonafide
LA_E_2058315,1,pstn,A11
LA_E_2058518,1,gsm,A15
LA_E_2058521,1,ulaw,A11
LA_E_2058752,1,g722,A12
LA_E_2058938,1,g722,A14
LA_E_2059091,1,pstn,A16
LA_E_2059277,1,ulaw,A19
LA_E_2059637,1,pstn,A12
LA_E_2059732,1,g722,A15
LA_E_2059869,1,ulaw,A10
LA_E_2059977,1,pstn,A07
LA_E_2060380,1,ulaw,A19
LA_E_2060548,1,g722,A18
LA_E_2060594,1,alaw,A12
LA_E_2060682,1,alaw,A09
LA_E_2060699,1,pstn,A13
LA_E_2061119,1,alaw,A08
LA_E_2061596,0,ulaw,bonafide
LA_E_2061851,1,alaw,A15
LA_E_2062067,1,alaw,A13
LA_E_2062074,1,alaw,A10
LA_E_2062434,1,pstn,A11
LA_E_2062532,1,none,A07
LA_E_2063407,1,ulaw,A15
LA_E_2064291,1,ulaw,A12
LA_E_2064509,1,ulaw,A17
LA_E_2064664,1,g722,A13
LA_E_2065101,1,g722,A11
LA_E_2065919,1,alaw,A09
LA_E_2065963,1,none,A12
LA_E_2066747,1,opus,A10
LA_E_2067450,1,alaw,A17
LA_E_2068005,1,ulaw,A08
LA_E_2068010,1,g722,A08
LA_E_2068307,1,opus,A15
LA_E_2068442,1,gsm,A18
LA_E_2068570,1,ulaw,A16
LA_E_2068862,1,gsm,A12
LA_E_2068926,1,gsm,A10
LA_E_2068947,1,gsm,A16
LA_E_2069423,1,pstn,A08
LA_E_2070035,0,ulaw,bonafide
LA_E_2070128,1,none,A07
LA_E_2070150,1,opus,A11
LA_E_2070566,1,opus,A13
LA_E_2070923,1,ulaw,A18
LA_E_2071197,1,opus,A17
LA_E_2071554,1,none,A11
LA_E_2071789,1,ulaw,A10
LA_E_2071828,1,pstn,A16
LA_E_2072062,1,none,A13
LA_E_2072493,1,ulaw,A16
LA_E_2072504,1,gsm,A10
LA_E_2072611,1,ulaw,A13
LA_E_2072644,1,gsm,A10
LA_E_2072650,1,ulaw,A16
LA_E_2072726,1,pstn,A18
LA_E_2073258,1,opus,A17
LA_E_2073287,1,opus,A08
LA_E_2073514,1,alaw,A11
LA_E_2074064,1,alaw,A11
LA_E_2074076,1,ulaw,A09
LA_E_2074131,1,gsm,A09
LA_E_2074259,1,none,A07
LA_E_2074314,1,gsm,A10
LA_E_2074668,1,gsm,A18
LA_E_2074744,1,none,A18
LA_E_2074752,1,none,A17
LA_E_2074786,1,pstn,A16
LA_E_2075411,1,none,A08
LA_E_2075743,1,none,A14
LA_E_2075749,1,none,A11
LA_E_2075883,1,pstn,A14
LA_E_2076214,1,opus,A18
LA_E_2076881,1,g722,A12
LA_E_2077047,1,opus,A13
LA_E_2077083,1,opus,A13
LA_E_2077701,1,g722,A11
LA_E_2078594,1,pstn,A17
LA_E_2079035,1,gsm,A19
LA_E_2079106,1,opus,A13
LA_E_2079292,1,alaw,A10
LA_E_2079441,1,ulaw,A11
LA_E_2079722,1,opus,A18
LA_E_2079852,1,g722,A12
LA_E_2080489,1,none,A10
LA_E_2080676,1,ulaw,A09
LA_E_2081964,1,gsm,A14
LA_E_2082558,0,opus,bonafide
LA_E_2082630,1,opus,A17
LA_E_2084510,1,pstn,A14
LA_E_2084688,1,gsm,A10
LA_E_2084803,0,gsm,bonafide
LA_E_2084920,1,opus,A17
LA_E_2085236,1,alaw,A19
LA_E_2085369,1,alaw,A15
LA_E_2085442,1,pstn,A16
LA_E_2085672,1,none,A13
LA_E_2085735,1,none,A14
LA_E_2085736,1,alaw,A14
LA_E_2085807,1,g722,A08
LA_E_2085887,1,ulaw,A18
LA_E_2086087,1,none,A18
LA_E_2086308,1,opus,A11
LA_E_2086639,1,none,A09
LA_E_2086914,1,gsm,A17
LA_E_2087327,1,ulaw,A09
LA_E_2087353,1,none,A09
LA_E_2087654,1,g722,A09
LA_E_2088164,1,g722,A19
LA_E_2088202,1,g722,A19
LA_E_2088355,1,g722,A11
LA_E_2088407,1,none,A13
LA_E_2088470,1,pstn,A14
LA_E_2088493,1,opus,A19
LA_E_2088971,1,pstn,A14
LA_E_2089747,1,alaw,A13
LA_E_2090307,1,opus,A12
LA_E_2090526,1,none,A08
LA_E_2090910,1,gsm,A13
LA_E_2091908,1,none,A19
LA_E_2092081,1,ulaw,A14
LA_E_2092290,1,ulaw,A12
LA_E_2092855,1,none,A07
LA_E_2093674,1,opus,A07
LA_E_2093820,1,alaw,A15
LA_E_2094411,1,opus,A18
LA_E_2094936,1,pstn,A19
LA_E_2095182,1,ulaw,A10
LA_E_2095914,1,pstn,A08
LA_E_2095988,1,gsm,A15
LA_E_2096021,1,opus,A08
LA_E_2096547,1,ulaw,A09
LA_E_2096631,1,alaw,A09
LA_E_2096805,1,alaw,A14
LA_E_2096823,1,pstn,A08
LA_E_2097169,1,gsm,A08
LA_E_2097526,1,g722,A13
LA_E_2097568,1,ulaw,A13
LA_E_2097862,1,ulaw,A17
LA_E_2098213,1,g722,A19
LA_E_2098342,1,ulaw,A18
LA_E_2099328,1,none,A19
LA_E_2099771,0,gsm,bonafide
LA_E_2099911,1,ulaw,A15
LA_E_2099990,0,opus,bonafide
LA_E_2100376,1,g722,A09
LA_E_2100646,1,ulaw,A12
LA_E_2100657,1,alaw,A13
LA_E_2100741,1,gsm,A09
LA_E_2101099,1,pstn,A10
LA_E_2101111,0,opus,bonafide
LA_E_2101182,1,none,A10
LA_E_2101398,1,opus,A09
LA_E_2101610,1,pstn,A17
LA_E_2101797,1,g722,A10
LA_E_2101915,1,opus,A18
LA_E_2102118,1,none,A14
LA_E_2102263,1,none,A09
LA_E_2102489,1,none,A08
LA_E_2102959,1,ulaw,A09
LA_E_2104315,0,gsm,bonafide
LA_E_2104721,1,g722,A10
LA_E_2104821,1,gsm,A14
LA_E_2105030,1,alaw,A10
LA_E_2105165,1,opus,A15
LA_E_2105404,1,none,A14
LA_E_2105496,1,none,A11
LA_E_2105995,0,ulaw,bonafide
LA_E_2106499,0,gsm,bonafide
LA_E_2106803,1,opus,A17
LA_E_2107347,1,gsm,A10
LA_E_2107613,1,opus,A18
LA_E_2107912,1,g722,A09
LA_E_2108257,1,alaw,A11
LA_E_2108291,1,ulaw,A13
LA_E_2108579,1,none,A12
LA_E_2109504,1,ulaw,A07
LA_E_2109571,1,gsm,A13
LA_E_2110138,1,pstn,A10
LA_E_2110246,1,gsm,A07
LA_E_2110542,0,opus,bonafide
LA_E_2110559,1,g722,A18
LA_E_2110680,1,opus,A18
LA_E_2110973,1,ulaw,A11
LA_E_2111530,1,gsm,A15
LA_E_2111983,1,pstn,A07
LA_E_2111996,1,ulaw,A17
LA_E_2112467,1,pstn,A10
LA_E_2112674,1,alaw,A19
LA_E_2112887,1,pstn,A07
LA_E_2113061,1,opus,A16
LA_E_2113106,1,none,A17
LA_E_2113278,1,gsm,A10
LA_E_2114121,1,gsm,A11
LA_E_2114986,1,opus,A12
LA_E_2115605,1,opus,A13
LA_E_2115878,1,none,A12
LA_E_2116079,1,alaw,A16
LA_E_2116330,1,g722,A11
LA_E_2116534,1,opus,A13
LA_E_2116660,1,gsm,A15
LA_E_2116723,1,g722,A19
LA_E_2116828,1,ulaw,A10
LA_E_2117035,1,alaw,A17
LA_E_2117424,1,none,A11
LA_E_2117552,1,alaw,A18
LA_E_2118055,1,alaw,A13
LA_E_2118314,1,opus,A10
LA_E_2118433,1,none,A18
LA_E_2118725,1,alaw,A17
LA_E_2118986,1,ulaw,A13
LA_E_2119016,1,ulaw,A12
LA_E_2119196,1,pstn,A19
LA_E_2119342,1,opus,A12
LA_E_2119805,1,alaw,A18
LA_E_2119810,1,pstn,A13
LA_E_2120046,1,opus,A13
LA_E_2120265,1,pstn,A15
LA_E_2120319,1,ulaw,A08
LA_E_2120471,1,pstn,A18
LA_E_2120970,1,opus,A15
LA_E_2121004,1,g722,A18
LA_E_2121166,1,opus,A13
LA_E_2121211,1,gsm,A10
LA_E_2121558,1,none,A17
LA_E_2121770,1,opus,A08
LA_E_2121797,1,g722,A15
LA_E_2121810,1,pstn,A09
LA_E_2122546,1,pstn,A08
LA_E_2123335,1,opus,A07
LA_E_2123540,1,none,A07
LA_E_2123724,1,alaw,A13
LA_E_2123890,1,ulaw,A13
LA_E_2123951,1,g722,A09
LA_E_2123968,1,gsm,A15
LA_E_2124006,1,alaw,A14
LA_E_2124014,1,ulaw,A15
LA_E_2124368,1,ulaw,A18
LA_E_2124636,1,none,A08
LA_E_2124907,1,g722,A17
LA_E_2125008,1,opus,A16
LA_E_2125251,1,ulaw,A07
LA_E_2125438,1,pstn,A09
LA_E_2125952,1,pstn,A13
LA_E_2126384,1,opus,A11
LA_E_2127073,1,opus,A15
LA_E_2127149,1,ulaw,A16
LA_E_2127411,1,opus,A08
LA_E_2127864,1,ulaw,A14
LA_E_2129214,1,ulaw,A18
LA_E_2129385,1,gsm,A14
LA_E_2129561,1,gsm,A16
LA_E_2129578,1,opus,A18
LA_E_2131036,1,none,A19
LA_E_2131312,1,none,A15
LA_E_2131327,1,ulaw,A13
LA_E_2131350,1,ulaw,A07
LA_E_2131497,1,g722,A07
LA_E_2131629,1,g722,A17
LA_E_2132052,1,opus,A10
LA_E_2132611,1,pstn,A14
LA_E_2132753,1,ulaw,A18
LA_E_2132938,1,alaw,A10
LA_E_2133069,1,opus,A09
LA_E_2133341,1,opus,A18
LA_E_2134452,1,g722,A10
LA_E_2134517,1,ulaw,A07
LA_E_2135419,1,opus,A15
LA_E_2135502,1,ulaw,A07
LA_E_2135544,1,ulaw,A18
LA_E_2136696,1,pstn,A13
LA_E_2137209,1,gsm,A16
LA_E_2137321,1,g722,A07
LA_E_2137347,1,gsm,A08
LA_E_2138006,1,opus,A18
LA_E_2138321,1,opus,A14
LA_E_2138419,1,pstn,A12
LA_E_2138493,1,opus,A18
LA_E_2138813,1,pstn,A15
LA_E_2140040,0,ulaw,bonafide
LA_E_2140270,1,ulaw,A07
LA_E_2140388,1,gsm,A12
LA_E_2140623,1,opus,A07
LA_E_2140936,0,ulaw,bonafide
LA_E_2141921,1,opus,A16
LA_E_2142825,1,opus,A15
LA_E_2142934,1,pstn,A12
LA_E_2143129,1,g722,A19
LA_E_2143512,1,opus,A08
LA_E_2143517,1,ulaw,A11
LA_E_2143836,1,alaw,A14
LA_E_2143899,1,g722,A11
LA_E_2144715,1,pstn,A11
LA_E_2144936,1,alaw,A12
LA_E_2144988,1,g722,A17
LA_E_2145247,1,opus,A16
LA_E_2145306,1,opus,A08
LA_E_2145327,1,pstn,A11
LA_E_2145416,1,opus,A11
LA_E_2145918,1,opus,A08
LA_E_2146080,1,pstn,A19
LA_E_2146174,1,pstn,A09
LA_E_2146188,1,gsm,A10
LA_E_2146694,1,gsm,A17
LA_E_2147357,1,g722,A15
LA_E_2147381,1,gsm,A15
LA_E_2147990,1,g722,A13
LA_E_2148076,1,gsm,A15
LA_E_2148194,1,gsm,A15
LA_E_2148406,1,alaw,A10
LA_E_2148585,1,gsm,A07
LA_E_2148588,1,none,A18
LA_E_2148738,1,pstn,A13
LA_E_2149548,1,g722,A19
LA_E_2149940,1,g722,A16
LA_E_2150117,1,g722,A10
LA_E_2150379,1,opus,A16
LA_E_2150646,1,opus,A11
LA_E_2150933,1,alaw,A16
LA_E_2150959,1,opus,A19
LA_E_2151111,1,opus,A07
LA_E_2151237,1,opus,A08
LA_E_2151238,0,opus,bonafide
LA_E_2151295,1,alaw,A15
LA_E_2151339,1,opus,A11
LA_E_2151360,1,none,A14
LA_E_2151439,1,opus,A16
LA_E_2151673,1,ulaw,A15
LA_E_2151737,1,alaw,A18
LA_E_2152870,1,none,A19
LA_E_2153338,1,pstn,A16
LA_E_2153707,1,gsm,A14
LA_E_2153795,1,gsm,A13
LA_E_2154214,1,opus,A15
LA_E_2154447,1,alaw,A12
LA_E_2154631,1,pstn,A10
LA_E_2154744,1,none,A15
LA_E_2154954,1,ulaw,A14
LA_E_2154995,1,pstn,A13
LA_E_2155278,1,alaw,A09
LA_E_2155282,0,gsm,bonafide
LA_E_2155426,1,pstn,A19
LA_E_2155613,1,gsm,A12
LA_E_2155636,1,pstn,A09
LA_E_2156160,1,ulaw,A08
LA_E_2156639,1,gsm,A12
LA_E_2157028,1,ulaw,A07
LA_E_2157283,1,gsm,A12
LA_E_2157906,1,gsm,A14
LA_E_2158027,1,ulaw,A18
LA_E_2158531,1,g722,A07
LA_E_2159089,1,ulaw,A07
LA_E_2159159,1,none,A19
LA_E_2159227,1,none,A16
LA_E_2159485,1,ulaw,A11
LA_E_2159636,1,ulaw,A07
LA_E_2159824,1,ulaw,A11
LA_E_2159839,1,gsm,A16
LA_E_2160278,1,gsm,A16
LA_E_2160353,1,opus,A15
LA_E_2160862,1,opus,A09
LA_E_2161100,1,g722,A17
LA_E_2161104,1,alaw,A19
LA_E_2161135,1,pstn,A13
LA_E_2161717,1,g722,A14
LA_E_2162151,1,ulaw,A08
LA_E_2162653,1,none,A17
LA_E_2162673,1,ulaw,A13
LA_E_2162884,1,none,A09
LA_E_2162905,1,gsm,A16
LA_E_2162983,1,ulaw,A11
LA_E_2163160,1,alaw,A12
LA_E_2163287,1,gsm,A15
LA_E_2164154,1,g722,A11
LA_E_2164416,1,pstn,A15
LA_E_2165583,1,alaw,A07
LA_E_2165863,1,opus,A07
LA_E_2166011,0,pstn,bonafide
LA_E_2166062,0,pstn,bonafide
LA_E_2166118,1,gsm,A14
LA_E_2166289,1,gsm,A17
LA_E_2166349,1,opus,A17
LA_E_2166357,1,opus,A11
LA_E_2166393,1,gsm,A12
LA_E_2166460,1,gsm,A07
LA_E_2166897,1,pstn,A11
LA_E_2166981,1,ulaw,A14
LA_E_2167093,1,g722,A08
LA_E_2167231,1,none,A17
LA_E_2167427,0,pstn,bonafide
LA_E_2167433,0,opus,bonafide
LA_E_2168116,1,gsm,A18
LA_E_2168266,1,gsm,A12
LA_E_2168681,1,ulaw,A18
LA_E_2169135,1,none,A09
LA_E_2169168,1,gsm,A07
LA_E_2169216,1,ulaw,A12
LA_E_2169266,1,g722,A13
LA_E_2169440,1,gsm,A08
LA_E_2169571,1,ulaw,A07
LA_E_2170334,1,g722,A13
LA_E_2170477,1,ulaw,A12
LA_E_2171057,1,g722,A14
LA_E_2171111,1,none,A17
LA_E_2171201,1,pstn,A17
LA_E_2171230,1,g722,A16
LA_E_2171325,1,alaw,A17
LA_E_2171513,1,pstn,A10
LA_E_2172136,1,none,A10
LA_E_2172216,1,gsm,A09
LA_E_2172403,1,pstn,A14
LA_E_2172406,1,gsm,A16
LA_E_2172967,1,opus,A11
LA_E_2173086,1,none,A08
LA_E_2173540,1,pstn,A12
LA_E_2173673,1,alaw,A19
LA_E_2173915,1,none,A13
LA_E_2173936,1,pstn,A07
LA_E_2173939,1,opus,A07
LA_E_2174599,0,opus,bonafide
LA_E_2174804,1,alaw,A17
LA_E_2174985,0,ulaw,bonafide
LA_E_2175064,1,none,A11
LA_E_2175094,1,alaw,A07
LA_E_2175930,1,gsm,A07
LA_E_2176225,1,gsm,A09
LA_E_2176598,1,ulaw,A11
LA_E_2176896,1,pstn,A08
LA_E_2176979,1,pstn,A10
LA_E_2177784,1,alaw,A08
LA_E_2177813,1,gsm,A14
LA_E_2177967,1,pstn,A18
LA_E_2178394,1,opus,A09
LA_E_2178605,1,gsm,A16
LA_E_2178924,1,opus,A17
LA_E_2179585,1,pstn,A07
LA_E_2180435,1,ulaw,A08
LA_E_2180713,1,gsm,A18
LA_E_2180997,1,pstn,A15
LA_E_2181093,1,gsm,A07
LA_E_2181220,1,opus,A08
LA_E_2181695,1,pstn,A09
LA_E_2182020,1,g722,A09
LA_E_2182282,1,ulaw,A15
LA_E_2182565,1,alaw,A13
LA_E_2183197,1,pstn,A18
LA_E_2183269,1,alaw,A09
LA_E_2183307,1,ulaw,A10
LA_E_2183737,1,ulaw,A18
LA_E_2184263,1,alaw,A16
LA_E_2185274,1,pstn,A08
LA_E_2185595,1,ulaw,A16
LA_E_2186214,1,g722,A16
LA_E_2186504,1,opus,A16
LA_E_2186715,1,opus,A15
LA_E_2186788,1,none,A19
LA_E_2186844,1,alaw,A11
LA_E_2187382,1,gsm,A16
LA_E_2187485,1,gsm,A18
LA_E_2187568,1,pstn,A09
LA_E_2187625,1,alaw,A18
LA_E_2187759,1,none,A12
LA_E_2187770,1,pstn,A17
LA_E_2187808,1,opus,A17
LA_E_2187809,1,ulaw,A08
LA_E_2187813,1,ulaw,A13
LA_E_2188079,0,opus,bonafide
LA_E_2188241,1,pstn,A07
LA_E_2188372,1,ulaw,A12
LA_E_2188423,1,ulaw,A12
LA_E_2188439,1,pstn,A16
LA_E_2188558,1,gsm,A12
LA_E_2189182,1,opus,A19
LA_E_2189333,1,opus,A16
LA_E_2189712,1,alaw,A10
LA_E_2190269,1,pstn,A18
LA_E_2190289,1,gsm,A14
LA_E_2190926,1,none,A15
LA_E_2191029,1,opus,A15
LA_E_2191054,1,ulaw,A15
LA_E_2191170,1,opus,A08
LA_E_2191353,1,opus,A17
LA_E_2191457,1,pstn,A14
LA_E_2191769,1,ulaw,A12
LA_E_2191798,1,gsm,A12
LA_E_2191982,1,gsm,A09
LA_E_2192086,1,opus,A19
LA_E_2192621,1,gsm,A13
LA_E_2192802,1,gsm,A16
LA_E_2193128,1,ulaw,A10
LA_E_2193233,1,none,A09
LA_E_2193257,1,pstn,A07
LA_E_2193349,1,opus,A08
LA_E_2193404,1,g722,A17
LA_E_2193601,1,opus,A08
LA_E_2193661,1,gsm,A12
LA_E_2193965,1,ulaw,A15
LA_E_2194224,1,ulaw,A13
LA_E_2194577,1,ulaw,A13
LA_E_2195019,1,alaw,A07
LA_E_2196673,1,gsm,A14
LA_E_2197056,1,opus,A15
LA_E_2197525,0,g722,bonafide
LA_E_2197719,1,none,A15
LA_E_2197803,0,opus,bonafide
LA_E_2197937,1,opus,A07
LA_E_2197954,1,none,A16
LA_E_2197987,1,gsm,A16
LA_E_2198260,1,ulaw,A15
LA_E_2198339,1,ulaw,A12
LA_E_2198655,1,pstn,A17
LA_E_2199408,1,ulaw,A11
LA_E_2199709,1,alaw,A09
LA_E_2200089,1,g722,A14
LA_E_2200497,1,gsm,A14
LA_E_2201156,1,gsm,A19
LA_E_2201235,1,g722,A07
LA_E_2201471,1,none,A12
LA_E_2201677,1,ulaw,A15
LA_E_2202047,1,opus,A14
LA_E_2202053,1,opus,A12
LA_E_2202412,1,g722,A15
LA_E_2202604,1,opus,A09
LA_E_2202801,1,gsm,A13
LA_E_2203003,1,none,A11
LA_E_2203311,1,alaw,A08
LA_E_2203544,1,g722,A07
LA_E_2203790,1,gsm,A18
LA_E_2204105,1,none,A10
LA_E_2204307,0,g722,bonafide
LA_E_2204661,1,g722,A07
LA_E_2204964,1,g722,A13
LA_E_2205366,1,pstn,A15
LA_E_2205389,0,pstn,bonafide
LA_E_2205637,1,alaw,A16
LA_E_2205990,1,opus,A16
LA_E_2206239,1,opus,A11
LA_E_2206782,1,g722,A18
LA_E_2207409,1,alaw,A14
LA_E_2207506,0,pstn,bonafide
LA_E_2207516,1,gsm,A14
LA_E_2207713,1,g722,A15
LA_E_2208403,0,g722,bonafide
LA_E_2208916,0,ulaw,bonafide
LA_E_2209355,1,ulaw,A11
LA_E_2209579,1,alaw,A08
LA_E_2210060,1,alaw,A11
LA_E_2210446,1,opus,A11
LA_E_2210847,1,ulaw,A16
LA_E_2210953,1,alaw,A14
LA_E_2211250,1,gsm,A14
LA_E_2211469,0,gsm,bonafide
LA_E_2211472,1,g722,A15
LA_E_2211843,1,pstn,A12
LA_E_2212059,1,none,A14
LA_E_2212140,1,g722,A09
LA_E_2212297,1,ulaw,A11
LA_E_2212431,1,opus,A16
LA_E_2212790,0,opus,bonafide
LA_E_2213123,1,ulaw,A11
LA_E_2213151,1,g722,A14
LA_E_2213223,0,gsm,bonafide
LA_E_2213379,1,gsm,A09
LA_E_2213753,1,none,A14
LA_E_2213924,1,none,A17
LA_E_2214133,1,gsm,A13
LA_E_2214156,1,none,A07
LA_E_2214170,1,alaw,A19
LA_E_2214556,1,pstn,A14
LA_E_2214658,1,opus,A11
LA_E_2214659,1,opus,A10
LA_E_2214771,1,g722,A08
LA_E_2215649,1,ulaw,A15
LA_E_2215808,1,alaw,A18
LA_E_2215940,1,gsm,A09
LA_E_2216027,1,pstn,A14
LA_E_2216243,1,alaw,A08
LA_E_2216518,1,none,A11
LA_E_2216672,1,gsm,A12
LA_E_2217194,1,ulaw,A10
LA_E_2217369,1,opus,A12
LA_E_2217722,1,alaw,A12
LA_E_2217747,1,alaw,A15
LA_E_2217918,1,alaw,A09
LA_E_2218161,1,ulaw,A09
LA_E_2218618,1,alaw,A18
LA_E_2218725,1,none,A16
LA_E_2218793,1,ulaw,A12
LA_E_2218865,1,none,A12
LA_E_2219032,1,pstn,A13
LA_E_2219059,1,ulaw,A08
LA_E_2219196,1,gsm,A09
LA_E_2219319,1,ulaw,A19
LA_E_2219435,1,gsm,A10
LA_E_2219813,1,none,A15
LA_E_2219914,1,ulaw,A10
LA_E_2220514,1,alaw,A08
LA_E_2220677,1,gsm,A17
LA_E_2220705,1,pstn,A16
LA_E_2221119,1,pstn,A19
LA_E_2221258,1,pstn,A19
LA_E_2221259,1,ulaw,A14
LA_E_2221272,1,none,A07
LA_E_2221759,1,opus,A13
LA_E_2221950,1,g722,A08
LA_E_2222019,1,opus,A11
LA_E_2222507,1,opus,A09
LA_E_2222721,1,pstn,A12
LA_E_2222932,0,pstn,bonafide
LA_E_2223082,1,opus,A19
LA_E_2223116,1,alaw,A15
LA_E_2223343,1,gsm,A18
LA_E_2223573,1,opus,A12
LA_E_2223646,1,ulaw,A12
LA_E_2224038,1,ulaw,A17
LA_E_2224372,1,ulaw,A10
LA_E_2224465,0,gsm,bonafide
LA_E_2224529,1,none,A10
LA_E_2224534,0,pstn,bonafide
LA_E_2224662,0,ulaw,bonafide
LA_E_2224773,1,gsm,A14
LA_E_2225388,1,none,A14
LA_E_2225798,1,pstn,A10
LA_E_2226055,0,pstn,bonafide
LA_E_2226065,1,g722,A08
LA_E_2226165,1,pstn,A07
LA_E_2226292,1,pstn,A11
LA_E_2226946,1,g722,A18
LA_E_2227220,1,gsm,A07
LA_E_2227235,1,ulaw,A15
LA_E_2227398,1,g722,A16
LA_E_2227624,1,pstn,A18
LA_E_2227676,1,none,A07
LA_E_2227880,1,ulaw,A08
LA_E_2228095,1,alaw,A17
LA_E_2228951,1,gsm,A11
LA_E_2229141,1,opus,A14
LA_E_2229579,1,ulaw,A15
LA_E_2229740,1,opus,A19
LA_E_2230168,1,ulaw,A14
LA_E_2230470,1,gsm,A17
LA_E_2230601,1,opus,A13
LA_E_2231474,1,alaw,A10
LA_E_2231608,1,ulaw,A15
LA_E_2231649,1,ulaw,A19
LA_E_2231690,1,g722,A17
LA_E_2232089,1,opus,A07
LA_E_2232250,1,pstn,A08
LA_E_2232675,1,ulaw,A10
LA_E_2232880,1,opus,A09
LA_E_2233126,1,opus,A12
LA_E_2233317,1,none,A07
LA_E_2233320,1,ulaw,A08
LA_E_2233648,1,g722,A07
LA_E_2233722,0,ulaw,bonafide
LA_E_2233844,1,gsm,A09
LA_E_2234133,0,g722,bonafide
LA_E_2234151,1,ulaw,A12
LA_E_2234477,1,ulaw,A08
LA_E_2234853,1,alaw,A15
LA_E_2234909,1,opus,A07
LA_E_2234946,1,g722,A10
LA_E_2234960,1,gsm,A07
LA_E_2235294,1,alaw,A07
LA_E_2235310,1,g722,A11
LA_E_2235507,1,alaw,A15
LA_E_2235555,1,pstn,A17
LA_E_2235597,1,none,A14
LA_E_2235995,1,g722,A17
LA_E_2236065,1,g722,A08
LA_E_2236356,1,opus,A14
LA_E_2236840,1,opus,A07
LA_E_2236842,1,pstn,A13
LA_E_2236906,1,opus,A19
LA_E_2237422,1,gsm,A16
LA_E_2237769,1,g722,A13
LA_E_2237919,1,pstn,A18
LA_E_2238166,1,gsm,A17
LA_E_2238668,1,pstn,A19
LA_E_2238729,0,ulaw,bonafide
LA_E_2239007,1,ulaw,A12
LA_E_2239087,1,opus,A12
LA_E_2239167,1,pstn,A13
LA_E_2239501,1,none,A12
LA_E_2239528,1,g722,A09
LA_E_2239576,1,gsm,A07
LA_E_2239686,1,opus,A12
LA_E_2239692,0,none,bonafide
LA_E_2239729,1,ulaw,A12
LA_E_2240150,1,g722,A13
LA_E_2240843,1,alaw,A15
LA_E_2242451,1,none,A10
LA_E_2242458,1,none,A11
LA_E_2242537,1,pstn,A16
LA_E_2243049,1,g722,A18
LA_E_2243063,1,pstn,A11
LA_E_2243914,1,g722,A10
LA_E_2243932,1,gsm,A17
LA_E_2244094,1,g722,A11
LA_E_2244174,1,opus,A08
LA_E_2244386,1,pstn,A15
LA_E_2244399,1,alaw,A09
LA_E_2244408,1,alaw,A17
LA_E_2244605,1,none,A11
LA_E_2244723,1,alaw,A10
LA_E_2244731,0,opus,bonafide
LA_E_2244995,1,g722,A13
LA_E_2245261,1,gsm,A09
LA_E_2245340,1,opus,A18
LA_E_2245369,1,none,A12
LA_E_2245428,1,pstn,A08
LA_E_2245524,1,gsm,A18
LA_E_2245654,1,alaw,A19
LA_E_2245885,1,g722,A13
LA_E_2246117,1,gsm,A07
LA_E_2246444,1,opus,A09
LA_E_2246563,1,alaw,A07
LA_E_2246869,1,pstn,A11
LA_E_2247348,1,pstn,A13
LA_E_2247761,1,gsm,A17
LA_E_2247905,1,alaw,A14
LA_E_2248080,1,ulaw,A14
LA_E_2248998,1,opus,A19
LA_E_2249034,1,opus,A19
LA_E_2249403,1,ulaw,A14
LA_E_2249453,1,none,A08
LA_E_2249949,1,ulaw,A10
LA_E_2250409,1,none,A17
LA_E_2250465,0,none,bonafide
LA_E_2250560,1,ulaw,A10
LA_E_2250723,0,g722,bonafide
LA_E_2250725,1,ulaw,A08
LA_E_2250740,1,opus,A09
LA_E_2250800,1,alaw,A07
LA_E_2251197,1,g722,A09
LA_E_2251306,0,pstn,bonafide
LA_E_2251864,1,none,A08
LA_E_2251986,1,pstn,A09
LA_E_2252555,1,gsm,A13
LA_E_2252603,1,none,A15
LA_E_2252607,1,ulaw,A10
LA_E_2252901,0,ulaw,bonafide
LA_E_2252951,1,opus,A11
LA_E_2253335,1,ulaw,A10
LA_E_2253339,1,none,A16
LA_E_2254292,1,opus,A19
LA_E_2254479,1,alaw,A10
LA_E_2255174,1,g722,A11
LA_E_2255275,1,alaw,A13
LA_E_2255366,0,g722,bonafide
LA_E_2255377,1,alaw,A14
LA_E_2255994,1,g722,A18
LA_E_2256170,0,none,bonafide
LA_E_2256613,1,opus,A12
LA_E_2256632,1,pstn,A13
LA_E_2257020,1,g722,A14
LA_E_2257369,1,alaw,A10
LA_E_2257397,1,alaw,A11
LA_E_2257546,1,opus,A12
LA_E_2257725,1,g722,A14
LA_E_2257781,1,g722,A11
LA_E_2257826,1,alaw,A17
LA_E_2257927,1,pstn,A19
LA_E_2258184,1,gsm,A18
LA_E_2258235,1,g722,A19
LA_E_2258255,1,none,A19
LA_E_2258536,1,alaw,A11
LA_E_2258823,1,gsm,A13
LA_E_2259002,1,opus,A09
LA_E_2259275,1,opus,A09
LA_E_2259488,0,alaw,bonafide
LA_E_2259703,1,g722,A17
LA_E_2259826,0,none,bonafide
LA_E_2259977,1,gsm,A18
LA_E_2260357,1,none,A19
LA_E_2260625,0,g722,bonafide
LA_E_2261008,1,alaw,A12
LA_E_2261032,1,gsm,A18
LA_E_2261687,1,ulaw,A14
LA_E_2262469,1,alaw,A15
LA_E_2262591,1,g722,A12
LA_E_2262624,1,none,A10
LA_E_2263286,1,opus,A12
LA_E_2263401,1,pstn,A14
LA_E_2263750,1,gsm,A09
LA_E_2263807,1,none,A17
LA_E_2263883,1,gsm,A09
LA_E_2263982,1,gsm,A18
LA_E_2264648,1,none,A16
LA_E_2265130,0,alaw,bonafide
LA_E_2265143,1,none,A19
LA_E_2265322,1,pstn,A17
LA_E_2265664,1,g722,A09
LA_E_2265673,1,gsm,A16
LA_E_2265810,1,pstn,A12
LA_E_2266448,1,opus,A12
LA_E_2266649,1,gsm,A13
LA_E_2266660,1,none,A14
LA_E_2267256,1,pstn,A15
LA_E_2267462,1,opus,A10
LA_E_2267728,1,opus,A10
LA_E_2267729,1,alaw,A14
LA_E_2268467,1,gsm,A13
LA_E_2268709,1,none,A19
LA_E_2268827,1,alaw,A08
LA_E_2269043,1,g722,A13
LA_E_2269440,0,alaw,bonafide
LA_E_2269703,1,pstn,A15
LA_E_2270331,1,opus,A14
LA_E_2270345,1,g722,A11
LA_E_2270659,1,none,A07
LA_E_2270975,1,g722,A18
LA_E_2271808,0,ulaw,bonafide
LA_E_2271834,0,pstn,bonafide
LA_E_2272111,1,alaw,A13
LA_E_2272239,1,none,A09
LA_E_2272653,0,opus,bonafide
LA_E_2273427,1,gsm,A17
LA_E_2273430,1,opus,A11
LA_E_2273702,1,none,A17
LA_E_2273905,1,ulaw,A07
LA_E_2273949,1,pstn,A07
LA_E_2274633,1,gsm,A15
LA_E_2274914,1,pstn,A18
LA_E_2275043,1,alaw,A18
LA_E_2275356,1,gsm,A17
LA_E_2277046,1,opus,A09
LA_E_2278661,0,opus,bonafide
LA_E_2279116,1,pstn,A07
LA_E_2279297,1,g722,A10
LA_E_2279416,1,gsm,A14
LA_E_2279845,1,opus,A14
LA_E_2280351,1,gsm,A08
LA_E_2280499,1,none,A18
LA_E_2280562,1,alaw,A12
LA_E_2280767,1,none,A08
LA_E_2281871,1,ulaw,A07
LA_E_2282048,1,alaw,A14
LA_E_2282095,1,none,A08
LA_E_2282131,0,g722,bonafide
LA_E_2282146,1,gsm,A13
LA_E_2282216,1,gsm,A11
LA_E_2282594,1,gsm,A11
LA_E_2283283,0,pstn,bonafide
LA_E_2283667,1,g722,A07
LA_E_2283806,1,gsm,A17
LA_E_2283818,1,g722,A18
LA_E_2284342,1,g722,A12
LA_E_2284810,1,pstn,A17
LA_E_2285171,1,g722,A08
LA_E_2286128,1,alaw,A10
LA_E_2286521,1,alaw,A10
LA_E_2286656,1,g722,A11
LA_E_2287122,1,alaw,A11
LA_E_2287368,1,g722,A07
LA_E_2287373,1,ulaw,A13
LA_E_2287526,1,pstn,A15
LA_E_2288508,1,ulaw,A17
LA_E_2288995,1,g722,A17
LA_E_2290073,1,opus,A14
LA_E_2290311,1,pstn,A19
LA_E_2290864,1,gsm,A11
LA_E_2290950,1,none,A13
LA_E_2290964,1,pstn,A13
LA_E_2291569,1,g722,A19
LA_E_2291738,1,opus,A14
LA_E_2292203,1,g722,A14
LA_E_2292806,1,none,A11
LA_E_2292974,1,none,A13
LA_E_2293643,1,pstn,A10
LA_E_2293794,1,opus,A14
LA_E_2294326,1,g722,A19
LA_E_2294731,1,alaw,A19
LA_E_2295452,0,gsm,bonafide
LA_E_2295639,1,ulaw,A17
LA_E_2295688,1,alaw,A13
LA_E_2296125,1,alaw,A13
LA_E_2296429,1,pstn,A15
LA_E_2296555,1,ulaw,A14
LA_E_2297528,1,alaw,A07
LA_E_2297710,1,opus,A19
LA_E_2297894,1,ulaw,A18
LA_E_2298532,1,none,A13
LA_E_2298813,1,g722,A07
LA_E_2298888,0,opus,bonafide
LA_E_2299343,1,none,A16
LA_E_2299435,1,pstn,A11
LA_E_2299577,1,none,A19
LA_E_2300282,0,ulaw,bonafide
LA_E_2300417,1,g722,A07
LA_E_2300688,1,pstn,A08
LA_E_2300710,1,ulaw,A17
LA_E_2301060,1,pstn,A10
LA_E_2301298,1,none,A12
LA_E_2302076,1,g722,A12
LA_E_2302199,1,opus,A10
LA_E_2302728,1,alaw,A16
LA_E_2303080,0,none,bonafide
LA_E_2303468,1,alaw,A08
LA_E_2304291,1,pstn,A19
LA_E_2304421,1,alaw,A08
LA_E_2304501,1,pstn,A09
LA_E_2304699,1,pstn,A08
LA_E_2305020,1,none,A10
LA_E_2305445,1,gsm,A17
LA_E_2306203,1,none,A17
LA_E_2306325,1,opus,A14
LA_E_2306442,1,opus,A15
LA_E_2306677,0,none,bonafide
LA_E_2306859,1,none,A13
LA_E_2307339,1,ulaw,A16
LA_E_2308280,1,opus,A08
LA_E_2308920,1,gsm,A16
LA_E_2308942,1,gsm,A12
LA_E_2308948,1,g722,A17
LA_E_2309021,1,gsm,A17
LA_E_2310105,1,alaw,A08
LA_E_2310275,0,none,bonafide
LA_E_2310496,0,none,bonafide
LA_E_2310874,1,pstn,A18
LA_E_2311017,1,g722,A15
LA_E_2311511,1,opus,A10
LA_E_2311527,1,g722,A10
LA_E_2312393,0,none,bonafide
LA_E_2312771,0,pstn,bonafide
LA_E_2313341,1,none,A18
LA_E_2313554,1,alaw,A12
LA_E_2314183,1,pstn,A08
LA_E_2314954,1,pstn,A12
LA_E_2315217,0,gsm,bonafide
LA_E_2316789,1,pstn,A15
LA_E_2318200,1,gsm,A08
LA_E_2318250,1,alaw,A16
LA_E_2318253,1,opus,A11
LA_E_2319097,1,opus,A12
LA_E_2319159,1,gsm,A13
LA_E_2319184,1,gsm,A08
LA_E_2319217,1,pstn,A10
LA_E_2320515,0,alaw,bonafide
LA_E_2321084,1,gsm,A19
LA_E_2321153,1,alaw,A19
LA_E_2321698,1,alaw,A17
LA_E_2321870,1,pstn,A10
LA_E_2322099,1,opus,A10
LA_E_2322136,1,pstn,A15
LA_E_2322878,1,g722,A10
LA_E_2323564,1,gsm,A18
LA_E_2324603,0,g722,bonafide
LA_E_2324793,1,ulaw,A17
LA_E_2325940,1,none,A13
LA_E_2325976,1,opus,A10
LA_E_2326025,1,opus,A15
LA_E_2326258,1,gsm,A13
LA_E_2326365,1,pstn,A09
LA_E_2326662,0,alaw,bonafide
LA_E_2326718,1,none,A18
LA_E_2326722,1,g722,A10
LA_E_2326726,1,gsm,A11
LA_E_2326729,1,none,A13
LA_E_2327127,1,gsm,A13
LA_E_2328075,1,alaw,A08
LA_E_2328928,1,ulaw,A14
LA_E_2329621,1,gsm,A09
LA_E_2330082,1,pstn,A09
LA_E_2330128,0,gsm,bonafide
LA_E_2330658,1,alaw,A19
LA_E_2330875,1,opus,A08
LA_E_2331195,1,gsm,A13
LA_E_2331222,0,alaw,bonafide
LA_E_2331487,1,g722,A19
LA_E_2331632,1,g722,A13
LA_E_2331831,1,none,A17
LA_E_2331845,1,alaw,A18
LA_E_2331996,1,pstn,A08
LA_E_2332142,1,alaw,A19
LA_E_2332309,1,none,A15
LA_E_2332458,1,ulaw,A15
LA_E_2332861,1,g722,A08
LA_E_2332863,1,g722,A19
LA_E_2332957,1,opus,A10
LA_E_2333034,1,ulaw,A16
LA_E_2333619,1,ulaw,A14
LA_E_2333870,1,gsm,A13
LA_E_2334330,1,pstn,A09
LA_E_2334367,0,none,bonafide
LA_E_2334635,1,opus,A10
LA_E_2334719,1,none,A15
LA_E_2335258,0,gsm,bonafide
LA_E_2335302,1,gsm,A10
LA_E_2335577,1,alaw,A09
LA_E_2336175,1,alaw,A18
LA_E_2336400,1,gsm,A08
LA_E_2337038,1,ulaw,A16
LA_E_2337328,1,opus,A16
LA_E_2338466,1,ulaw,A16
LA_E_2339315,1,alaw,A14
LA_E_2339452,1,gsm,A10
LA_E_2339664,1,alaw,A12
LA_E_2340090,0,g722,bonafide
LA_E_2340116,1,gsm,A07
LA_E_2340179,1,g722,A12
LA_E_2340517,1,ulaw,A14
LA_E_2340594,0,ulaw,bonafide
LA_E_2340839,1,pstn,A17
LA_E_2341355,1,gsm,A19
LA_E_2341366,1,ulaw,A09
LA_E_2341725,1,alaw,A13
LA_E_2342613,1,g722,A08
LA_E_2343575,1,opus,A10
LA_E_2344004,1,alaw,A12
LA_E_2344663,1,alaw,A13
LA_E_2345111,0,ulaw,bonafide
LA_E_2345370,1,none,A09
LA_E_2346218,1,opus,A18
LA_E_2346959,1,ulaw,A17
LA_E_2347575,1,ulaw,A18
LA_E_2347870,1,g722,A19
LA_E_2348593,1,gsm,A12
LA_E_2349293,1,g722,A16
LA_E_2349787,1,pstn,A08
LA_E_2349846,1,opus,A13
LA_E_2351111,1,pstn,A18
LA_E_2351242,1,g722,A12
LA_E_2351409,0,g722,bonafide
LA_E_2351700,1,pstn,A08
LA_E_2351986,1,opus,A19
LA_E_2353284,1,ulaw,A14
LA_E_2353572,1,alaw,A19
LA_E_2353747,1,g722,A12
LA_E_2353952,1,pstn,A07
LA_E_2354444,1,alaw,A16
LA_E_2354500,1,pstn,A07
LA_E_2354727,1,none,A15
LA_E_2354862,1,gsm,A12
LA_E_2354963,1,ulaw,A13
LA_E_2355073,1,pstn,A10
LA_E_2355119,1,none,A09
LA_E_2355413,1,alaw,A12
LA_E_2355494,1,alaw,A08
LA_E_2356084,1,g722,A08
LA_E_2356150,1,alaw,A12
LA_E_2356255,1,pstn,A09
LA_E_2356285,1,pstn,A14
LA_E_2356590,1,g722,A08
LA_E_2356771,1,alaw,A08
LA_E_2356861,1,ulaw,A17
LA_E_2357352,1,ulaw,A09
LA_E_2357905,1,gsm,A11
LA_E_2358276,1,pstn,A16
LA_E_2358467,1,none,A14
LA_E_2358979,1,none,A11
LA_E_2359208,1,none,A15
LA_E_2359255,1,pstn,A18
LA_E_2359474,1,gsm,A11
LA_E_2359748,1,g722,A15
LA_E_2359847,1,opus,A10
LA_E_2360004,1,gsm,A11
LA_E_2360349,1,g722,A07
LA_E_2361033,1,g722,A16
LA_E_2361513,1,none,A09
LA_E_2361896,1,gsm,A14
LA_E_2362056,0,alaw,bonafide
LA_E_2362242,1,pstn,A16
LA_E_2362378,1,none,A09
LA_E_2362711,1,g722,A15
LA_E_2362818,1,ulaw,A12
LA_E_2362998,1,gsm,A11
LA_E_2363196,1,gsm,A08
LA_E_2363483,1,gsm,A15
LA_E_2364362,1,alaw,A11
LA_E_2364445,1,pstn,A07
LA_E_2364549,1,opus,A16
LA_E_2364629,1,g722,A16
LA_E_2365418,1,ulaw,A08
LA_E_2365996,1,pstn,A18
LA_E_2366046,1,gsm,A19
LA_E_2366109,1,g722,A18
LA_E_2366231,1,gsm,A19
LA_E_2366563,1,gsm,A14
LA_E_2366806,0,none,bonafide
LA_E_2367184,1,ulaw,A17
LA_E_2367227,1,pstn,A18
LA_E_2367442,1,ulaw,A16
LA_E_2367668,1,none,A16
LA_E_2369133,1,none,A07
LA_E_2369178,1,alaw,A18
LA_E_2369180,1,g722,A14
LA_E_2370119,0,g722,bonafide
LA_E_2370309,1,alaw,A17
LA_E_2371257,1,ulaw,A19
LA_E_2372576,1,alaw,A07
LA_E_2373046,0,opus,bonafide
LA_E_2373202,1,g722,A14
LA_E_2373420,1,opus,A14
LA_E_2373607,1,alaw,A07
LA_E_2373703,1,none,A12
LA_E_2373759,1,opus,A07
LA_E_2373993,0,gsm,bonafide
LA_E_2374617,1,alaw,A16
LA_E_2375402,1,pstn,A18
LA_E_2376628,1,ulaw,A17
LA_E_2377487,1,none,A12
LA_E_2377635,1,ulaw,A15
LA_E_2377725,0,none,bonafide
LA_E_2378788,0,alaw,bonafide
LA_E_2378984,1,none,A16
LA_E_2379348,1,pstn,A11
LA_E_2379879,1,ulaw,A07
LA_E_2380134,1,alaw,A17
LA_E_2380548,0,ulaw,bonafide
LA_E_2380921,1,gsm,A18
LA_E_2381032,1,g722,A17
LA_E_2381035,1,none,A12
LA_E_2381376,0,alaw,bonafide
LA_E_2381739,1,none,A15
LA_E_2381850,1,none,A11
LA_E_2382760,1,alaw,A07
LA_E_2383691,1,ulaw,A09
LA_E_2384067,1,ulaw,A18
LA_E_2384280,1,opus,A18
LA_E_2384593,1,ulaw,A18
LA_E_2385046,0,pstn,bonafide
LA_E_2385366,1,ulaw,A17
LA_E_2385371,0,opus,bonafide
LA_E_2385754,1,g722,A15
LA_E_2386154,1,g722,A15
LA_E_2386320,1,gsm,A15
LA_E_2386968,1,g722,A08
LA_E_2387277,1,none,A14
LA_E_2388171,1,none,A09
LA_E_2388201,1,gsm,A15
LA_E_2388708,1,opus,A18
LA_E_2389079,1,none,A12
LA_E_2389271,1,opus,A09
LA_E_2390067,1,gsm,A07
LA_E_2390102,1,pstn,A11
LA_E_2390134,0,gsm,bonafide
LA_E_2390915,1,none,A15
LA_E_2390959,1,none,A18
LA_E_2391023,1,alaw,A16
LA_E_2391105,1,ulaw,A11
LA_E_2391213,1,pstn,A16
LA_E_2391534,1,alaw,A12
LA_E_2391545,1,gsm,A08
LA_E_2391607,1,g722,A18
LA_E_2391951,1,pstn,A14
LA_E_2392132,1,opus,A12
LA_E_2392300,1,alaw,A09
LA_E_2392600,1,gsm,A15
LA_E_2392724,1,alaw,A11
LA_E_2393237,1,opus,A10
LA_E_2395045,1,g722,A08
LA_E_2395565,1,pstn,A12
LA_E_2395820,1,pstn,A12
LA_E_2395851,1,ulaw,A13
LA_E_2396574,1,pstn,A13
LA_E_2396765,1,gsm,A16
LA_E_2397102,1,none,A10
LA_E_2397151,1,none,A08
LA_E_2397156,1,none,A10
LA_E_2397185,1,opus,A14
LA_E_2398161,1,none,A08
LA_E_2398455,1,gsm,A14
LA_E_2398691,1,none,A12
LA_E_2398703,1,alaw,A07
LA_E_2398851,1,gsm,A19
LA_E_2399111,1,ulaw,A10
LA_E_2399339,1,none,A18
LA_E_2399430,1,g722,A09
LA_E_2399547,1,g722,A13
LA_E_2399671,1,ulaw,A15
LA_E_2400109,1,opus,A17
LA_E_2400870,1,none,A16
LA_E_2400988,1,none,A18
LA_E_2401193,1,ulaw,A13
LA_E_2401428,1,alaw,A18
LA_E_2401801,0,none,bonafide
LA_E_2402279,1,g722,A18
LA_E_2403341,1,ulaw,A07
LA_E_2404566,1,ulaw,A16
LA_E_2404880,1,none,A16
LA_E_2404971,1,gsm,A08
LA_E_2405146,1,pstn,A19
LA_E_2405394,1,pstn,A12
LA_E_2406029,1,gsm,A08
LA_E_2406741,1,ulaw,A09
LA_E_2406945,1,g722,A14
LA_E_2407351,1,none,A11
LA_E_2407564,1,none,A11
LA_E_2407574,1,ulaw,A07
LA_E_2408699,1,ulaw,A10
LA_E_2409382,1,alaw,A14
LA_E_2409753,1,alaw,A07
LA_E_2410020,1,alaw,A10
LA_E_2410090,1,ulaw,A15
LA_E_2411003,1,gsm,A08
LA_E_2411120,0,pstn,bonafide
LA_E_2411434,1,pstn,A12
LA_E_2411642,1,alaw,A15
LA_E_2412877,1,g722,A15
LA_E_2413092,1,g722,A14
LA_E_2413490,1,gsm,A19
LA_E_2413515,1,alaw,A16
LA_E_2413587,1,opus,A09
LA_E_2413865,1,pstn,A16
LA_E_2414476,1,none,A11
LA_E_2414505,1,opus,A18
LA_E_2415029,1,alaw,A14
LA_E_2415212,1,ulaw,A18
LA_E_2415460,1,opus,A19
LA_E_2416353,1,gsm,A14
LA_E_2417865,1,pstn,A17
LA_E_2418106,0,alaw,bonafide
LA_E_2418312,1,ulaw,A16
LA_E_2418471,1,g722,A15
LA_E_2419332,1,none,A16
LA_E_2420131,0,gsm,bonafide
LA_E_2420574,1,opus,A18
LA_E_2421070,1,none,A07
LA_E_2421088,1,none,A11
LA_E_2421249,1,ulaw,A07
LA_E_2421749,1,ulaw,A15
LA_E_2421874,1,gsm,A15
LA_E_2422259,1,alaw,A18
LA_E_2423586,1,opus,A19
LA_E_2423743,0,opus,bonafide
LA_E_2423818,1,opus,A08
LA_E_2423930,1,ulaw,A16
LA_E_2424275,1,opus,A13
LA_E_2425460,1,g722,A17
LA_E_2425713,1,gsm,A08
LA_E_2426409,1,pstn,A08
LA_E_2426824,1,g722,A17
LA_E_2426844,1,none,A17
LA_E_2427297,1,none,A10
LA_E_2427472,1,none,A16
LA_E_2428643,1,ulaw,A16
LA_E_2429155,1,opus,A18
LA_E_2429553,1,opus,A13
LA_E_2429571,1,g722,A07
LA_E_2429835,1,opus,A18
LA_E_2430371,1,g722,A16
LA_E_2430448,1,g722,A12
LA_E_2430711,1,ulaw,A19
LA_E_2430799,1,pstn,A11
LA_E_2430974,1,none,A10
LA_E_2431001,1,pstn,A11
LA_E_2431308,1,ulaw,A19
LA_E_2431332,1,pstn,A17
LA_E_2431376,1,pstn,A16
LA_E_2431469,1,ulaw,A19
LA_E_2431968,1,g722,A11
LA_E_2431994,1,none,A18
LA_E_2432025,0,pstn,bonafide
LA_E_2432276,1,ulaw,A13
LA_E_2433003,1,ulaw,A09
LA_E_2433192,1,gsm,A19
LA_E_2434073,1,ulaw,A16
LA_E_2434152,1,opus,A18
LA_E_2434511,1,g722,A17
LA_E_2434983,1,opus,A18
LA_E_2435052,1,gsm,A12
LA_E_2435185,1,alaw,A14
LA_E_2435361,1,gsm,A16
LA_E_2435478,1,gsm,A16
LA_E_2436154,1,gsm,A14
LA_E_2436216,1,opus,A10
LA_E_2436223,1,ulaw,A12
LA_E_2436279,0,pstn,bonafide
LA_E_2436414,1,opus,A13
LA_E_2437701,1,pstn,A17
LA_E_2437729,1,gsm,A09
LA_E_2437747,1,pstn,A10
LA_E_2438308,0,opus,bonafide
LA_E_2439037,1,opus,A07
LA_E_2439157,1,alaw,A10
LA_E_2439527,1,g722,A16
LA_E_2440140,1,opus,A16
LA_E_2440255,1,gsm,A17
LA_E_2440598,1,g722,A17
LA_E_2440646,1,none,A13
LA_E_2440903,1,opus,A12
LA_E_2441833,1,ulaw,A18
LA_E_2442013,1,gsm,A16
LA_E_2442276,1,gsm,A09
LA_E_2442313,1,g722,A16
LA_E_2442405,1,ulaw,A18
LA_E_2443538,1,g722,A07
LA_E_2443629,1,opus,A15
LA_E_2443665,1,pstn,A16
LA_E_2443800,0,opus,bonafide
LA_E_2444063,1,pstn,A17
LA_E_2444229,1,opus,A11
LA_E_2444301,1,pstn,A13
LA_E_2444383,1,gsm,A19
LA_E_2444579,1,gsm,A14
LA_E_2445523,1,alaw,A14
LA_E_2446005,0,g722,bonafide
LA_E_2446275,1,opus,A12
LA_E_2447406,1,ulaw,A12
LA_E_2447430,0,opus,bonafide
LA_E_2448600,1,gsm,A15
LA_E_2448728,1,alaw,A16
LA_E_2448730,0,gsm,bonafide
LA_E_2449381,1,alaw,A19
LA_E_2449705,1,gsm,A15
LA_E_2449757,1,pstn,A12
LA_E_2450493,1,alaw,A17
LA_E_2452413,1,ulaw,A11
LA_E_2452426,1,opus,A08
LA_E_2452724,1,ulaw,A16
LA_E_2453524,1,none,A10
LA_E_2454008,1,gsm,A19
LA_E_2454057,0,ulaw,bonafide
LA_E_2454161,1,none,A19
LA_E_2454812,1,g722,A18
LA_E_2454826,0,gsm,bonafide
LA_E_2455083,1,gsm,A19
LA_E_2455338,1,ulaw,A08
LA_E_2455846,1,ulaw,A13
LA_E_2457114,1,pstn,A11
LA_E_2457652,1,pstn,A07
LA_E_2457870,1,pstn,A18
LA_E_2458076,1,opus,A12
LA_E_2458208,1,alaw,A17
LA_E_2458437,1,ulaw,A07
LA_E_2458551,1,pstn,A17
LA_E_2458607,1,gsm,A08
LA_E_2458890,1,g722,A09
LA_E_2459005,1,ulaw,A18
LA_E_2460461,1,none,A17
LA_E_2461139,1,gsm,A10
LA_E_2461579,1,g722,A11
LA_E_2461610,1,ulaw,A12
LA_E_2462150,1,ulaw,A15
LA_E_2462619,1,pstn,A09
LA_E_2463302,1,g722,A18
LA_E_2464426,1,ulaw,A09
LA_E_2465077,1,g722,A10
LA_E_2466010,1,opus,A13
LA_E_2466065,1,none,A13
LA_E_2466245,1,g722,A14
LA_E_2466734,1,alaw,A15
LA_E_2466767,0,pstn,bonafide
LA_E_2466783,1,pstn,A08
LA_E_2467048,0,ulaw,bonafide
LA_E_2467101,0,g722,bonafide
LA_E_2467309,1,ulaw,A07
LA_E_2468055,1,ulaw,A16
LA_E_2469313,1,opus,A17
LA_E_2469581,1,gsm,A15
LA_E_2469935,1,gsm,A10
LA_E_2470497,1,g722,A12
LA_E_2470684,1,g722,A12
LA_E_2470792,1,g722,A16
LA_E_2471945,1,alaw,A09
LA_E_2471980,1,opus,A08
LA_E_2472067,1,gsm,A12
LA_E_2473345,1,ulaw,A12
LA_E_2473656,1,ulaw,A13
LA_E_2473671,1,opus,A17
LA_E_2473912,1,ulaw,A15
LA_E_2473990,1,opus,A08
LA_E_2474671,1,pstn,A08
LA_E_2476502,1,ulaw,A15
LA_E_2476667,1,ulaw,A13
LA_E_2476764,1,opus,A11
LA_E_2476912,1,ulaw,A17
LA_E_2476918,1,pstn,A19
LA_E_2477519,0,none,bonafide
LA_E_2477958,1,ulaw,A18
LA_E_2477972,1,gsm,A07
LA_E_2479232,1,opus,A15
LA_E_2479487,1,pstn,A15
LA_E_2479623,1,gsm,A18
LA_E_2479854,1,g722,A18
LA_E_2479947,1,g722,A17
LA_E_2480106,1,opus,A10
LA_E_2480297,1,gsm,A12
LA_E_2480827,0,alaw,bonafide
LA_E_2481254,1,alaw,A13
LA_E_2481284,1,alaw,A16
LA_E_2481611,1,gsm,A16
LA_E_2481747,1,opus,A15
LA_E_2482423,1,ulaw,A09
LA_E_2482593,1,ulaw,A13
LA_E_2482672,1,ulaw,A15
LA_E_2482778,1,opus,A10
LA_E_2482903,1,opus,A16
LA_E_2482968,1,opus,A12
LA_E_2483260,1,gsm,A10
LA_E_2483740,1,alaw,A16
LA_E_2484408,1,gsm,A10
LA_E_2484512,0,gsm,bonafide
LA_E_2486189,1,ulaw,A07
LA_E_2486312,0,alaw,bonafide
LA_E_2486372,1,gsm,A16
LA_E_2486814,1,gsm,A07
LA_E_2487109,0,g722,bonafide
LA_E_2487182,1,alaw,A19
LA_E_2487204,1,ulaw,A19
LA_E_2487263,1,gsm,A15
LA_E_2487355,1,alaw,A09
LA_E_2488579,1,ulaw,A07
LA_E_2488654,0,ulaw,bonafide
LA_E_2488726,1,none,A08
LA_E_2488868,1,gsm,A14
LA_E_2489204,1,pstn,A19
LA_E_2489344,1,ulaw,A14
LA_E_2489719,1,opus,A11
LA_E_2490156,1,alaw,A14
LA_E_2490357,0,pstn,bonafide
LA_E_2490420,1,gsm,A11
LA_E_2490724,1,g722,A08
LA_E_2490843,1,pstn,A18
LA_E_2491038,1,pstn,A10
LA_E_2491446,1,ulaw,A09
LA_E_2491755,1,ulaw,A18
LA_E_2492484,1,pstn,A08
LA_E_2492635,1,alaw,A17
LA_E_2492738,1,opus,A15
LA_E_2493132,1,none,A12
LA_E_2493679,1,opus,A13
LA_E_2493930,0,pstn,bonafide
LA_E_2494423,1,opus,A08
LA_E_2494665,1,ulaw,A07
LA_E_2496980,1,opus,A11
LA_E_2497909,1,gsm,A12
LA_E_2498359,1,ulaw,A15
LA_E_2498663,1,ulaw,A13
LA_E_2499388,1,gsm,A16
LA_E_2499588,1,gsm,A16
LA_E_2499694,1,opus,A13
LA_E_2500041,1,g722,A12
LA_E_2500192,1,pstn,A16
LA_E_2500255,1,none,A08
LA_E_2500295,1,ulaw,A09
LA_E_2500374,0,alaw,bonafide
LA_E_2500544,1,opus,A12
LA_E_2501459,1,opus,A19
LA_E_2501631,1,pstn,A08
LA_E_2503004,1,none,A18
LA_E_2503194,1,alaw,A17
LA_E_2503397,1,ulaw,A12
LA_E_2503435,1,none,A18
LA_E_2504385,0,g722,bonafide
LA_E_2504739,1,ulaw,A19
LA_E_2504802,1,ulaw,A07
LA_E_2504939,1,opus,A14
LA_E_2505144,1,opus,A08
LA_E_2505310,1,none,A09
LA_E_2505525,0,pstn,bonafide
LA_E_2506092,1,gsm,A13
LA_E_2506934,1,pstn,A19
LA_E_2508104,1,pstn,A19
LA_E_2508679,1,g722,A10
LA_E_2508985,1,opus,A18
LA_E_2509110,0,ulaw,bonafide
LA_E_2509559,1,opus,A12
LA_E_2510562,1,gsm,A16
LA_E_2510784,1,g722,A08
LA_E_2510921,1,opus,A13
LA_E_2512051,1,alaw,A16
LA_E_2512100,1,ulaw,A19
LA_E_2512158,1,g722,A19
LA_E_2512194,1,opus,A13
LA_E_2512625,1,ulaw,A19
LA_E_2513322,1,gsm,A11
LA_E_2513383,1,opus,A13
LA_E_2513452,1,g722,A10
LA_E_2513458,1,opus,A19
LA_E_2513606,1,g722,A12
LA_E_2513722,1,ulaw,A10
LA_E_2514747,1,ulaw,A19
LA_E_2514807,1,gsm,A16
LA_E_2514941,1,gsm,A10
LA_E_2515308,0,none,bonafide
LA_E_2515716,1,ulaw,A12
LA_E_2516087,1,opus,A15
LA_E_2516543,1,opus,A16
LA_E_2516918,0,g722,bonafide
LA_E_2517523,1,gsm,A07
LA_E_2517650,1,opus,A07
LA_E_2518128,0,ulaw,bonafide
LA_E_2519453,1,gsm,A14
LA_E_2519602,1,opus,A19
LA_E_2520114,1,none,A11
LA_E_2520303,1,opus,A09
LA_E_2520503,1,opus,A18
LA_E_2520803,1,none,A10
LA_E_2520805,1,gsm,A11
LA_E_2520885,1,opus,A17
LA_E_2521689,1,ulaw,A18
LA_E_2522019,1,opus,A16
LA_E_2522028,1,pstn,A08
LA_E_2522136,1,ulaw,A19
LA_E_2522758,0,g722,bonafide
LA_E_2524555,1,alaw,A08
LA_E_2524865,1,alaw,A18
LA_E_2525080,1,opus,A19
LA_E_2525113,1,gsm,A07
LA_E_2525174,1,g722,A16
LA_E_2525315,0,ulaw,bonafide
LA_E_2525832,1,alaw,A16
LA_E_2526371,1,pstn,A15
LA_E_2526379,1,none,A15
LA_E_2526672,0,opus,bonafide
LA_E_2526807,0,opus,bonafide
LA_E_2527480,0,opus,bonafide
LA_E_2527908,1,g722,A16
LA_E_2528219,1,opus,A11
LA_E_2528264,0,alaw,bonafide
LA_E_2528581,1,opus,A08
LA_E_2528957,1,opus,A17
LA_E_2529268,0,none,bonafide
LA_E_2529659,1,pstn,A19
LA_E_2529830,1,g722,A12
LA_E_2530001,1,ulaw,A08
LA_E_2530432,1,opus,A12
LA_E_2530836,1,opus,A10
LA_E_2531655,1,pstn,A14
LA_E_2531916,1,gsm,A07
LA_E_2532898,1,pstn,A16
LA_E_2532918,1,gsm,A08
LA_E_2533949,1,opus,A08
LA_E_2534923,1,ulaw,A17
LA_E_2534961,0,g722,bonafide
LA_E_2535173,1,ulaw,A11
LA_E_2535375,1,opus,A09
LA_E_2535513,1,opus,A08
LA_E_2535813,1,g722,A10
LA_E_2536034,1,opus,A08
LA_E_2536107,1,gsm,A14
LA_E_2536172,1,none,A19
LA_E_2536252,0,opus,bonafide
LA_E_2536480,0,none,bonafide
LA_E_2536663,1,ulaw,A11
LA_E_2536703,1,none,A18
LA_E_2537516,1,g722,A13
LA_E_2537657,1,pstn,A16
LA_E_2537877,1,gsm,A14
LA_E_2538339,0,pstn,bonafide
LA_E_2538594,1,alaw,A13
LA_E_2538848,0,opus,bonafide
LA_E_2539267,1,ulaw,A14
LA_E_2539470,1,ulaw,A12
LA_E_2539909,1,opus,A09
LA_E_2540134,1,gsm,A12
LA_E_2540332,1,gsm,A18
LA_E_2540362,1,gsm,A18
LA_E_2541178,1,g722,A16
LA_E_2541263,1,g722,A16
LA_E_2541582,0,pstn,bonafide
LA_E_2542099,1,pstn,A14
LA_E_2542152,1,opus,A11
LA_E_2542269,1,pstn,A16
LA_E_2542287,1,opus,A10
LA_E_2542397,1,ulaw,A08
LA_E_2542407,1,opus,A19
LA_E_2542670,1,opus,A15
LA_E_2543021,0,g722,bonafide
LA_E_2544256,1,none,A10
LA_E_2544363,1,gsm,A07
LA_E_2544538,1,pstn,A14
LA_E_2544719,1,opus,A13
LA_E_2544905,1,gsm,A07
LA_E_2544937,1,gsm,A14
LA_E_2545715,1,alaw,A11
LA_E_2545774,1,alaw,A09
LA_E_2545847,1,alaw,A10
LA_E_2546024,0,none,bonafide
LA_E_2546043,1,alaw,A08
LA_E_2546224,0,alaw,bonafide
LA_E_2546333,1,opus,A18
LA_E_2546420,1,none,A18
LA_E_2546518,1,gsm,A12
LA_E_2546744,1,none,A15
LA_E_2547136,1,gsm,A07
LA_E_2547488,1,pstn,A16
LA_E_2547504,1,g722,A19
LA_E_2547567,1,ulaw,A12
LA_E_2547916,1,opus,A07
LA_E_2549725,1,alaw,A07
LA_E_2549749,1,alaw,A12
LA_E_2549959,1,gsm,A09
LA_E_2550218,1,ulaw,A12
LA_E_2550441,1,alaw,A16
LA_E_2550890,1,opus,A17
LA_E_2550996,1,g722,A15
LA_E_2551073,1,ulaw,A14
LA_E_2551146,1,opus,A09
LA_E_2551544,1,ulaw,A14
LA_E_2551930,1,opus,A15
LA_E_2553429,0,none,bonafide
LA_E_2553746,1,pstn,A09
LA_E_2553838,1,gsm,A16
LA_E_2553890,1,ulaw,A15
LA_E_2554936,1,opus,A11
LA_E_2555137,1,ulaw,A07
LA_E_2555718,1,ulaw,A16
LA_E_2556226,1,ulaw,A18
LA_E_2556348,1,alaw,A12
LA_E_2556769,0,alaw,bonafide
LA_E_2556783,1,gsm,A18
LA_E_2557613,1,ulaw,A15
LA_E_2558062,1,g722,A16
LA_E_2558144,1,gsm,A14
LA_E_2558622,1,none,A14
LA_E_2558866,1,pstn,A07
LA_E_2559305,1,opus,A12
LA_E_2559426,1,ulaw,A18
LA_E_2560045,1,none,A11
LA_E_2560073,1,ulaw,A11
LA_E_2560189,1,ulaw,A08
LA_E_2560955,1,gsm,A10
LA_E_2561088,1,opus,A11
LA_E_2561521,0,alaw,bonafide
LA_E_2562450,1,g722,A09
LA_E_2562901,1,gsm,A11
LA_E_2562993,1,ulaw,A12
LA_E_2563416,0,g722,bonafide
LA_E_2563694,1,alaw,A07
LA_E_2563968,1,g722,A10
LA_E_2564211,0,g722,bonafide
LA_E_2564489,1,none,A13
LA_E_2565273,1,gsm,A15
LA_E_2566649,1,pstn,A17
LA_E_2567187,1,opus,A07
LA_E_2567442,1,gsm,A19
LA_E_2567545,1,gsm,A17
LA_E_2567791,1,ulaw,A10
LA_E_2568273,1,opus,A08
LA_E_2568766,1,opus,A11
LA_E_2568894,1,opus,A14
LA_E_2569205,1,ulaw,A08
LA_E_2569303,1,pstn,A14
LA_E_2569329,1,ulaw,A15
LA_E_2569383,1,ulaw,A07
LA_E_2569505,1,gsm,A10
LA_E_2569768,1,opus,A15
LA_E_2569911,1,alaw,A18
LA_E_2570912,1,opus,A11
LA_E_2571212,1,g722,A10
LA_E_2571578,1,none,A09
LA_E_2571639,1,ulaw,A09
LA_E_2571663,1,opus,A19
LA_E_2572358,1,g722,A07
LA_E_2572481,1,ulaw,A10
LA_E_2572597,1,g722,A15
LA_E_2572940,1,g722,A17
LA_E_2573051,0,gsm,bonafide
LA_E_2573059,1,gsm,A13
LA_E_2573222,1,gsm,A12
LA_E_2573886,1,g722,A13
LA_E_2574084,1,gsm,A09
LA_E_2574159,1,gsm,A12
LA_E_2574461,1,opus,A15
LA_E_2574938,0,none,bonafide
LA_E_2575097,1,gsm,A09
LA_E_2575303,0,g722,bonafide
LA_E_2576001,1,opus,A17
LA_E_2577287,1,none,A14
LA_E_2577677,1,opus,A07
LA_E_2578051,1,gsm,A09
LA_E_2578065,1,alaw,A10
LA_E_2578089,1,ulaw,A10
LA_E_2579012,1,gsm,A18
LA_E_2579025,1,ulaw,A14
LA_E_2579673,1,gsm,A12
LA_E_2580143,1,opus,A17
LA_E_2580306,1,pstn,A12
LA_E_2580620,1,none,A14
LA_E_2580891,1,pstn,A16
LA_E_2580983,1,opus,A17
LA_E_2581356,1,alaw,A09
LA_E_2581394,1,opus,A14
LA_E_2581564,1,alaw,A15
LA_E_2581765,1,g722,A13
LA_E_2581819,1,gsm,A12
LA_E_2582634,1,none,A18
LA_E_2583026,1,ulaw,A08
LA_E_2583938,1,opus,A14
LA_E_2584648,1,g722,A09
LA_E_2585625,1,opus,A15
LA_E_2585748,1,none,A12
LA_E_2585835,1,alaw,A10
LA_E_2586721,1,alaw,A19
LA_E_2587182,1,g722,A07
LA_E_2588216,1,alaw,A11
LA_E_2588550,0,alaw,bonafide
LA_E_2589062,1,gsm,A16
LA_E_2589154,1,none,A07
LA_E_2589310,1,opus,A16
LA_E_2589978,1,g722,A13
LA_E_2590377,1,alaw,A09
LA_E_2590881,1,opus,A07
LA_E_2591079,1,opus,A19
LA_E_2591221,1,ulaw,A10
LA_E_2591326,1,ulaw,A08
LA_E_2592670,1,g722,A07
LA_E_2593189,1,opus,A10
LA_E_2594220,1,opus,A09
LA_E_2594905,1,opus,A19
LA_E_2595468,1,opus,A17
LA_E_2595827,1,gsm,A10
LA_E_2595948,1,opus,A19
LA_E_2596134,0,gsm,bonafide
LA_E_2596325,1,gsm,A10
LA_E_2596808,1,g722,A18
LA_E_2596997,1,opus,A07
LA_E_2597374,1,ulaw,A11
LA_E_2597437,0,opus,bonafide
LA_E_2598323,1,ulaw,A14
LA_E_2598952,1,none,A16
LA_E_2598992,1,opus,A16
LA_E_2599116,1,ulaw,A09
LA_E_2599238,1,gsm,A14
LA_E_2599317,1,alaw,A11
LA_E_2599746,1,ulaw,A16
LA_E_2599776,0,opus,bonafide
LA_E_2599845,1,ulaw,A16
LA_E_2600222,1,opus,A07
LA_E_2601227,1,gsm,A12
LA_E_2601854,1,opus,A17
LA_E_2602019,1,pstn,A17
LA_E_2602193,1,gsm,A07
LA_E_2602201,1,g722,A09
LA_E_2602779,1,none,A13
LA_E_2603033,1,none,A13
LA_E_2603668,0,none,bonafide
LA_E_2603877,1,ulaw,A09
LA_E_2604466,1,opus,A13
LA_E_2604499,1,none,A08
LA_E_2604921,1,opus,A07
LA_E_2605211,1,gsm,A13
LA_E_2605300,1,gsm,A13
LA_E_2605678,1,gsm,A18
LA_E_2606166,1,gsm,A10
LA_E_2606196,1,pstn,A18
LA_E_2606876,1,g722,A13
LA_E_2607170,1,gsm,A17
LA_E_2607816,1,pstn,A14
LA_E_2608191,0,ulaw,bonafide
LA_E_2608215,1,gsm,A17
LA_E_2608858,0,gsm,bonafide
LA_E_2609030,0,ulaw,bonafide
LA_E_2609035,1,gsm,A08
LA_E_2610192,1,none,A07
LA_E_2611532,1,g722,A07
LA_E_2611659,1,gsm,A09
LA_E_2611756,1,opus,A19
LA_E_2611800,1,pstn,A08
LA_E_2612406,0,alaw,bonafide
LA_E_2612762,1,alaw,A19
LA_E_2613146,1,gsm,A13
LA_E_2613188,1,ulaw,A11
LA_E_2614253,1,ulaw,A13
LA_E_2614404,1,ulaw,A10
LA_E_2614656,0,alaw,bonafide
LA_E_2614901,1,g722,A14
LA_E_2615327,1,opus,A08
LA_E_2615427,1,none,A07
LA_E_2615543,1,ulaw,A11
LA_E_2616094,1,opus,A12
LA_E_2616518,1,gsm,A09
LA_E_2616603,0,gsm,bonafide
LA_E_2616913,1,gsm,A11
LA_E_2617296,1,opus,A16
LA_E_2617383,1,ulaw,A11
LA_E_2617563,1,none,A15
LA_E_2617956,0,gsm,bonafide
LA_E_2618340,1,pstn,A12
LA_E_2618836,1,opus,A14
LA_E_2619112,1,alaw,A19
LA_E_2619224,1,pstn,A08
LA_E_2619738,1,gsm,A07
LA_E_2620178,1,none,A17
LA_E_2620253,1,ulaw,A11
LA_E_2620333,1,gsm,A15
LA_E_2620337,1,alaw,A11
LA_E_2620460,1,alaw,A09
LA_E_2621026,1,alaw,A15
LA_E_2621167,1,opus,A16
LA_E_2621199,1,alaw,A09
LA_E_2621298,1,gsm,A07
LA_E_2622066,0,pstn,bonafide
LA_E_2622151,0,opus,bonafide
LA_E_2623127,1,ulaw,A10
LA_E_2623788,1,ulaw,A08
LA_E_2624752,1,ulaw,A18
LA_E_2624811,1,alaw,A09
LA_E_2624847,1,g722,A09
LA_E_2625104,1,alaw,A14
LA_E_2625112,1,ulaw,A10
LA_E_2625320,1,g722,A11
LA_E_2625446,1,pstn,A14
LA_E_2625932,0,pstn,bonafide
LA_E_2626159,1,g722,A18
LA_E_2626174,1,none,A14
LA_E_2626268,1,opus,A11
LA_E_2626453,1,none,A16
LA_E_2627269,0,none,bonafide
LA_E_2627354,1,g722,A17
LA_E_2628746,1,pstn,A18
LA_E_2628883,1,gsm,A09
LA_E_2628914,1,ulaw,A16
LA_E_2628987,1,gsm,A15
LA_E_2629213,1,g722,A12
LA_E_2629824,0,pstn,bonafide
LA_E_2630338,0,none,bonafide
LA_E_2630793,1,pstn,A14
LA_E_2631005,1,pstn,A13
LA_E_2631019,1,alaw,A17
LA_E_2631191,1,opus,A14
LA_E_2631413,1,ulaw,A17
LA_E_2632017,1,g722,A13
LA_E_2632040,1,none,A17
LA_E_2632513,1,g722,A07
LA_E_2633419,1,none,A15
LA_E_2633495,1,none,A08
LA_E_2633959,1,gsm,A14
LA_E_2634321,1,g722,A13
LA_E_2634373,1,gsm,A09
LA_E_2634568,1,ulaw,A14
LA_E_2634981,1,alaw,A15
LA_E_2635015,1,g722,A11
LA_E_2635489,1,opus,A16
LA_E_2635765,1,opus,A09
LA_E_2636172,1,g722,A09
LA_E_2636222,1,ulaw,A08
LA_E_2636253,1,g722,A13
LA_E_2636849,1,opus,A12
LA_E_2637620,1,g722,A11
LA_E_2637695,1,pstn,A14
LA_E_2638220,1,gsm,A09
LA_E_2638481,1,ulaw,A14
LA_E_2638529,1,none,A15
LA_E_2639150,1,gsm,A09
LA_E_2639382,1,ulaw,A08
LA_E_2639483,1,none,A08
LA_E_2640585,0,opus,bonafide
LA_E_2640623,1,opus,A10
LA_E_2640708,1,gsm,A12
LA_E_2642632,1,ulaw,A10
LA_E_2642832,1,gsm,A11
LA_E_2643074,1,alaw,A12
LA_E_2643127,1,gsm,A18
LA_E_2643976,1,gsm,A17
LA_E_2644530,1,g722,A07
LA_E_2645446,1,opus,A18
LA_E_2645583,1,ulaw,A14
LA_E_2645672,1,alaw,A14
LA_E_2646189,1,g722,A08
LA_E_2646229,0,none,bonafide
LA_E_2646454,1,alaw,A15
LA_E_2647138,1,alaw,A08
LA_E_2647140,1,none,A13
LA_E_2647612,1,opus,A12
LA_E_2647761,1,alaw,A19
LA_E_2648464,1,none,A17
LA_E_2648636,1,ulaw,A09
LA_E_2648937,1,pstn,A15
LA_E_2649299,1,opus,A19
LA_E_2649679,1,alaw,A13
LA_E_2649688,1,pstn,A19
LA_E_2649836,1,gsm,A18
LA_E_2650417,1,alaw,A18
LA_E_2650900,1,g722,A09
LA_E_2651135,1,gsm,A10
LA_E_2651430,1,none,A08
LA_E_2651588,1,ulaw,A15
LA_E_2651801,1,ulaw,A16
LA_E_2652104,1,ulaw,A10
LA_E_2652465,1,opus,A10
LA_E_2653210,0,alaw,bonafide
LA_E_2653616,1,none,A07
LA_E_2654506,0,pstn,bonafide
LA_E_2655158,1,gsm,A13
LA_E_2655234,1,alaw,A18
LA_E_2655686,1,ulaw,A13
LA_E_2656732,1,pstn,A13
LA_E_2656776,1,opus,A16
LA_E_2657239,1,alaw,A15
LA_E_2657437,1,alaw,A12
LA_E_2658082,1,alaw,A12
LA_E_2658262,1,alaw,A07
LA_E_2658458,1,gsm,A11
LA_E_2659217,1,g722,A11
LA_E_2660112,1,none,A18
LA_E_2660762,1,opus,A18
LA_E_2661158,1,alaw,A16
LA_E_2661457,1,pstn,A10
LA_E_2661716,1,g722,A16
LA_E_2661970,1,alaw,A17
LA_E_2662020,1,opus,A09
LA_E_2662205,1,none,A07
LA_E_2662537,1,opus,A18
LA_E_2662845,1,alaw,A10
LA_E_2662850,1,pstn,A07
LA_E_2663298,1,pstn,A13
LA_E_2663376,1,pstn,A18
LA_E_2663397,1,pstn,A11
LA_E_2663635,1,gsm,A17
LA_E_2663767,1,ulaw,A12
LA_E_2664057,1,g722,A09
LA_E_2664548,1,none,A11
LA_E_2665022,1,alaw,A11
LA_E_2665421,1,gsm,A08
LA_E_2666051,1,ulaw,A11
LA_E_2667305,1,none,A15
LA_E_2667607,1,opus,A14
LA_E_2667703,1,alaw,A19
LA_E_2667771,1,gsm,A08
LA_E_2668034,1,gsm,A11
LA_E_2668210,1,ulaw,A14
LA_E_2669538,1,ulaw,A07
LA_E_2669773,1,g722,A11
LA_E_2669838,1,pstn,A19
LA_E_2670031,1,pstn,A07
LA_E_2670362,1,ulaw,A13
LA_E_2670424,1,alaw,A08
LA_E_2670711,0,pstn,bonafide
LA_E_2671104,1,none,A13
LA_E_2671400,1,opus,A14
LA_E_2671733,1,g722,A19
LA_E_2671854,1,alaw,A12
LA_E_2671932,1,g722,A15
LA_E_2672830,1,opus,A09
LA_E_2672887,1,ulaw,A11
LA_E_2672929,1,opus,A18
LA_E_2673274,1,alaw,A11
LA_E_2673718,1,opus,A09
LA_E_2674000,1,alaw,A08
LA_E_2674472,0,ulaw,bonafide
LA_E_2674796,0,g722,bonafide
LA_E_2674966,1,ulaw,A19
LA_E_2675351,1,alaw,A11
LA_E_2675365,1,g722,A11
LA_E_2675456,1,gsm,A13
LA_E_2675695,0,ulaw,bonafide
LA_E_2675935,1,alaw,A18
LA_E_2676130,1,gsm,A13
LA_E_2676258,1,g722,A07
LA_E_2676388,1,alaw,A15
LA_E_2676469,1,alaw,A15
LA_E_2676721,1,pstn,A07
LA_E_2677330,1,g722,A08
LA_E_2677485,1,gsm,A17
LA_E_2678031,1,none,A11
LA_E_2678295,0,g722,bonafide
LA_E_2678359,1,alaw,A18
LA_E_2678424,1,alaw,A16
LA_E_2679417,1,opus,A17
LA_E_2679471,1,pstn,A16
LA_E_2679580,1,ulaw,A18
LA_E_2679766,1,ulaw,A19
LA_E_2680355,1,opus,A15
LA_E_2680683,1,alaw,A15
LA_E_2680822,1,ulaw,A12
LA_E_2680844,1,opus,A09
LA_E_2680885,1,alaw,A13
LA_E_2680938,1,ulaw,A16
LA_E_2681668,0,pstn,bonafide
LA_E_2681679,1,none,A14
LA_E_2682226,1,g722,A08
LA_E_2682355,1,pstn,A11
LA_E_2682547,1,opus,A07
LA_E_2683086,1,none,A19
LA_E_2683202,1,g722,A15
LA_E_2683310,1,ulaw,A16
LA_E_2683611,1,none,A13
LA_E_2684131,1,gsm,A16
LA_E_2684152,0,pstn,bonafide
LA_E_2684470,1,none,A13
LA_E_2684588,1,ulaw,A11
LA_E_2684814,0,opus,bonafide
LA_E_2685935,1,gsm,A13
LA_E_2686068,1,g722,A07
LA_E_2686204,1,gsm,A11
LA_E_2686314,1,g722,A09
LA_E_2686374,1,gsm,A17
LA_E_2686393,1,alaw,A11
LA_E_2686481,0,g722,bonafide
LA_E_2686786,1,alaw,A12
LA_E_2687069,1,none,A14
LA_E_2687349,0,pstn,bonafide
LA_E_2687493,1,ulaw,A18
LA_E_2688590,1,pstn,A18
LA_E_2689054,1,gsm,A17
LA_E_2689353,1,opus,A13
LA_E_2689644,1,pstn,A15
LA_E_2690655,1,none,A07
LA_E_2691300,1,ulaw,A16
LA_E_2691527,1,none,A07
LA_E_2691719,0,opus,bonafide
LA_E_2691947,1,gsm,A15
LA_E_2692209,1,g722,A11
LA_E_2692717,1,alaw,A13
LA_E_2692778,1,opus,A07
LA_E_2692804,1,alaw,A08
LA_E_2693043,1,none,A13
LA_E_2693045,1,gsm,A08
LA_E_2693122,0,gsm,bonafide
LA_E_2693293,1,alaw,A10
LA_E_2693661,0,opus,bonafide
LA_E_2694646,1,ulaw,A08
LA_E_2694961,1,none,A08
LA_E_2695553,1,alaw,A12
LA_E_2695556,1,opus,A15
LA_E_2695680,1,pstn,A10
LA_E_2695785,1,ulaw,A15
LA_E_2695861,1,ulaw,A09
LA_E_2696185,1,g722,A16
LA_E_2696237,1,pstn,A18
LA_E_2696239,1,opus,A19
LA_E_2696324,0,alaw,bonafide
LA_E_2696425,1,g722,A19
LA_E_2696783,1,g722,A14
LA_E_2696839,1,opus,A18
LA_E_2697299,0,alaw,bonafide
LA_E_2697353,1,opus,A11
LA_E_2697571,1,gsm,A17
LA_E_2697783,1,gsm,A19
LA_E_2698275,1,g722,A12
LA_E_2698367,1,g722,A19
LA_E_2698406,1,opus,A10
LA_E_2698763,1,ulaw,A18
LA_E_2699860,1,pstn,A13
LA_E_2699875,1,none,A14
LA_E_2700182,1,gsm,A13
LA_E_2700787,1,alaw,A19
LA_E_2701187,1,opus,A14
LA_E_2701229,1,pstn,A14
LA_E_2702102,1,none,A17
LA_E_2702192,1,pstn,A15
LA_E_2702918,1,opus,A07
LA_E_2703089,1,none,A07
LA_E_2703640,1,alaw,A09
LA_E_2703976,1,g722,A08
LA_E_2704025,1,pstn,A10
LA_E_2704146,1,alaw,A12
LA_E_2704321,1,opus,A18
LA_E_2704407,1,pstn,A07
LA_E_2704484,1,ulaw,A09
LA_E_2705505,1,alaw,A07
LA_E_2706822,1,gsm,A10
LA_E_2707227,1,pstn,A18
LA_E_2708006,0,alaw,bonafide
LA_E_2708013,1,none,A14
LA_E_2708658,1,ulaw,A17
LA_E_2708796,1,gsm,A16
LA_E_2709265,0,gsm,bonafide
LA_E_2710007,1,alaw,A18
LA_E_2710025,1,ulaw,A08
LA_E_2710845,1,gsm,A08
LA_E_2711068,1,none,A09
LA_E_2711107,1,gsm,A09
LA_E_2711152,1,g722,A15
LA_E_2711348,1,alaw,A12
LA_E_2711831,1,none,A10
LA_E_2712590,1,ulaw,A18
LA_E_2713062,1,pstn,A09
LA_E_2713143,1,ulaw,A09
LA_E_2714858,1,pstn,A18
LA_E_2714982,1,ulaw,A17
LA_E_2715618,1,gsm,A07
LA_E_2716159,0,gsm,bonafide
LA_E_2716450,1,gsm,A16
LA_E_2716553,1,alaw,A10
LA_E_2716827,1,alaw,A08
LA_E_2717301,1,alaw,A10
LA_E_2717902,1,ulaw,A14
LA_E_2717932,1,alaw,A19
LA_E_2718032,1,none,A15
LA_E_2718405,1,pstn,A16
LA_E_2718475,1,alaw,A19
LA_E_2718542,1,alaw,A07
LA_E_2718556,1,opus,A13
LA_E_2718758,1,none,A11
LA_E_2718803,1,gsm,A14
LA_E_2718924,1,ulaw,A15
LA_E_2719287,1,none,A18
LA_E_2719598,1,pstn,A12
LA_E_2719628,1,alaw,A15
LA_E_2719915,1,g722,A19
LA_E_2720032,1,none,A17
LA_E_2720382,1,alaw,A10
LA_E_2721178,1,ulaw,A13
LA_E_2721214,1,none,A08
LA_E_2721488,1,g722,A11
LA_E_2721683,1,pstn,A13
LA_E_2722613,1,none,A08
LA_E_2722743,1,g722,A15
LA_E_2722767,1,opus,A08
LA_E_2723259,1,opus,A13
LA_E_2723382,1,pstn,A07
LA_E_2723666,1,ulaw,A18
LA_E_2724044,0,ulaw,bonafide
LA_E_2724083,1,ulaw,A08
LA_E_2724760,1,opus,A16
LA_E_2724769,1,none,A17
LA_E_2724867,1,none,A15
LA_E_2724921,1,none,A15
LA_E_2725266,1,ulaw,A15
LA_E_2726345,1,opus,A16
LA_E_2726529,1,ulaw,A07
LA_E_2726755,1,alaw,A08
LA_E_2727170,0,g722,bonafide
LA_E_2727493,1,opus,A17
LA_E_2727701,1,pstn,A08
LA_E_2727726,1,none,A15
LA_E_2728803,1,none,A17
LA_E_2729255,1,pstn,A15
LA_E_2729891,1,none,A11
LA_E_2730014,1,none,A08
LA_E_2730234,1,none,A10
LA_E_2730295,1,ulaw,A07
LA_E_2730345,1,alaw,A18
LA_E_2730539,1,pstn,A09
LA_E_2731571,1,alaw,A18
LA_E_2731645,1,ulaw,A15
LA_E_2731687,0,g722,bonafide
LA_E_2732362,1,g722,A07
LA_E_2732616,1,ulaw,A14
LA_E_2732695,0,g722,bonafide
LA_E_2732846,1,pstn,A13
LA_E_2733185,1,ulaw,A16
LA_E_2734091,1,none,A09
LA_E_2734268,1,ulaw,A10
LA_E_2734311,1,ulaw,A12
LA_E_2734380,1,none,A12
LA_E_2734453,1,opus,A12
LA_E_2734562,1,pstn,A13
LA_E_2734811,1,g722,A13
LA_E_2735621,1,alaw,A13
LA_E_2735686,1,pstn,A09
LA_E_2735693,1,pstn,A13
LA_E_2736631,1,pstn,A18
LA_E_2737139,1,none,A16
LA_E_2737482,1,none,A10
LA_E_2737682,1,none,A09
LA_E_2737943,1,pstn,A17
LA_E_2738986,0,none,bonafide
LA_E_2739057,1,opus,A13
LA_E_2739196,1,pstn,A07
LA_E_2739539,0,opus,bonafide
LA_E_2740560,0,g722,bonafide
LA_E_2740642,1,ulaw,A07
LA_E_2740700,1,ulaw,A11
LA_E_2740708,1,ulaw,A16
LA_E_2740939,1,none,A11
LA_E_2740974,1,pstn,A10
LA_E_2741211,0,pstn,bonafide
LA_E_2741320,0,gsm,bonafide
LA_E_2741529,1,g722,A19
LA_E_2742207,1,alaw,A08
LA_E_2742286,0,alaw,bonafide
LA_E_2742605,1,ulaw,A09
LA_E_2743015,1,alaw,A12
LA_E_2743366,1,pstn,A15
LA_E_2743622,1,gsm,A18
LA_E_2744101,1,alaw,A18
LA_E_2745463,0,gsm,bonafide
LA_E_2745756,0,alaw,bonafide
LA_E_2745787,1,gsm,A15
LA_E_2745967,1,none,A19
LA_E_2746716,0,ulaw,bonafide
LA_E_2746890,1,alaw,A14
LA_E_2747099,1,g722,A08
LA_E_2747303,0,pstn,bonafide
LA_E_2747490,1,ulaw,A13
LA_E_2747950,1,none,A07
LA_E_2748218,1,g722,A10
LA_E_2748741,1,gsm,A15
LA_E_2749040,1,ulaw,A14
LA_E_2749419,1,ulaw,A19
LA_E_2750403,1,gsm,A08
LA_E_2750405,1,g722,A09
LA_E_2750469,1,none,A17
LA_E_2750608,1,pstn,A09
LA_E_2750611,1,ulaw,A13
LA_E_2750751,1,none,A19
LA_E_2751384,1,opus,A18
LA_E_2751408,1,ulaw,A07
LA_E_2751839,1,none,A10
LA_E_2752179,1,opus,A13
LA_E_2752691,1,pstn,A17
LA_E_2752821,0,alaw,bonafide
LA_E_2752856,1,gsm,A09
LA_E_2752882,1,pstn,A10
LA_E_2753367,1,ulaw,A07
LA_E_2753815,1,gsm,A07
LA_E_2754504,1,g722,A15
LA_E_2755165,0,none,bonafide
LA_E_2755442,1,pstn,A12
LA_E_2755528,1,gsm,A07
LA_E_2756463,1,ulaw,A15
LA_E_2756659,1,pstn,A12
LA_E_2756729,1,alaw,A14
LA_E_2757869,0,ulaw,bonafide
LA_E_2758147,1,ulaw,A18
LA_E_2758581,1,pstn,A15
LA_E_2758725,1,gsm,A12
LA_E_2758829,1,ulaw,A17
LA_E_2758970,1,none,A12
LA_E_2759289,1,g722,A08
LA_E_2759407,1,g722,A08
LA_E_2759426,1,g722,A18
LA_E_2759999,1,none,A11
LA_E_2760180,0,none,bonafide
LA_E_2760258,1,pstn,A07
LA_E_2761154,1,alaw,A13
LA_E_2761221,1,gsm,A08
LA_E_2761291,1,pstn,A08
LA_E_2761527,1,pstn,A15
LA_E_2761967,1,alaw,A14
LA_E_2762296,0,g722,bonafide
LA_E_2762309,1,alaw,A08
LA_E_2762612,1,alaw,A19
LA_E_2763292,1,pstn,A08
LA_E_2763505,1,gsm,A15
LA_E_2763665,1,alaw,A11
LA_E_2763819,1,none,A12
LA_E_2764118,1,pstn,A17
LA_E_2764133,1,gsm,A17
LA_E_2764174,1,ulaw,A13
LA_E_2764376,1,ulaw,A09
LA_E_2764592,1,pstn,A10
LA_E_2764816,1,pstn,A09
LA_E_2765193,1,gsm,A19
LA_E_2765238,1,gsm,A13
LA_E_2765507,1,gsm,A08
LA_E_2765936,1,opus,A09
LA_E_2765994,1,opus,A08
LA_E_2766184,1,gsm,A14
LA_E_2766500,1,pstn,A12
LA_E_2766641,1,gsm,A07
LA_E_2767196,1,opus,A18
LA_E_2768583,0,ulaw,bonafide
LA_E_2768786,1,ulaw,A17
LA_E_2769059,1,pstn,A07
LA_E_2770082,0,alaw,bonafide
LA_E_2770813,1,gsm,A14
LA_E_2771468,1,none,A10
LA_E_2771530,1,opus,A17
LA_E_2772301,1,pstn,A10
LA_E_2772375,1,none,A11
LA_E_2773136,1,opus,A08
LA_E_2773463,1,none,A10
LA_E_2773524,1,none,A12
LA_E_2773732,1,gsm,A17
LA_E_2773785,1,opus,A14
LA_E_2774859,1,pstn,A18
LA_E_2775078,1,pstn,A08
LA_E_2775503,1,gsm,A11
LA_E_2775996,1,pstn,A09
LA_E_2776153,1,gsm,A19
LA_E_2776218,0,ulaw,bonafide
LA_E_2776279,1,g722,A18
LA_E_2776523,1,alaw,A15
LA_E_2776574,0,alaw,bonafide
LA_E_2776913,1,g722,A15
LA_E_2777229,1,opus,A17
LA_E_2777722,1,none,A10
LA_E_2777755,1,opus,A18
LA_E_2777861,1,gsm,A13
LA_E_2777939,0,gsm,bonafide
LA_E_2778489,1,g722,A18
LA_E_2778499,1,ulaw,A13
LA_E_2778509,1,none,A13
LA_E_2778869,1,g722,A19
LA_E_2779219,1,ulaw,A08
LA_E_2779535,1,none,A13
LA_E_2779751,1,pstn,A17
LA_E_2780656,1,g722,A19
LA_E_2780868,1,none,A11
LA_E_2781412,1,g722,A19
LA_E_2781536,1,gsm,A16
LA_E_2782010,1,none,A16
LA_E_2782646,1,none,A10
LA_E_2782770,0,opus,bonafide
LA_E_2782909,1,opus,A17
LA_E_2782973,0,gsm,bonafide
LA_E_2782985,1,alaw,A15
LA_E_2783097,1,none,A16
LA_E_2783558,1,ulaw,A12
LA_E_2783856,1,opus,A16
LA_E_2783940,1,alaw,A18
LA_E_2784116,0,opus,bonafide
LA_E_2784298,0,pstn,bonafide
LA_E_2785021,1,g722,A12
LA_E_2785364,0,ulaw,bonafide
LA_E_2785487,1,none,A17
LA_E_2786089,1,ulaw,A12
LA_E_2786539,1,gsm,A11
LA_E_2787175,1,g722,A07
LA_E_2787736,1,pstn,A12
LA_E_2787749,0,pstn,bonafide
LA_E_2788191,1,opus,A11
LA_E_2788427,1,gsm,A10
LA_E_2788842,1,alaw,A09
LA_E_2788912,1,g722,A08
LA_E_2789166,1,ulaw,A13
LA_E_2789265,1,opus,A14
LA_E_2789293,0,opus,bonafide
LA_E_2789386,1,g722,A07
LA_E_2789574,1,alaw,A12
LA_E_2789752,1,g722,A15
LA_E_2789939,1,none,A09
LA_E_2790319,1,gsm,A12
LA_E_2790993,1,alaw,A09
LA_E_2791184,1,gsm,A14
LA_E_2791185,1,pstn,A10
LA_E_2791223,1,gsm,A13
LA_E_2791509,1,ulaw,A19
LA_E_2792019,0,gsm,bonafide
LA_E_2792079,1,pstn,A12
LA_E_2792125,1,none,A13
LA_E_2792233,1,gsm,A12
LA_E_2792287,1,alaw,A19
LA_E_2792644,1,ulaw,A19
LA_E_2792657,1,ulaw,A17
LA_E_2792877,1,g722,A13
LA_E_2793085,1,g722,A17
LA_E_2793805,1,alaw,A07
LA_E_2794266,1,gsm,A15
LA_E_2794540,1,alaw,A19
LA_E_2794896,1,g722,A13
LA_E_2795716,1,gsm,A08
LA_E_2795818,0,g722,bonafide
LA_E_2796359,1,alaw,A13
LA_E_2796504,1,g722,A15
LA_E_2796574,1,opus,A08
LA_E_2797006,1,pstn,A12
LA_E_2797712,1,pstn,A14
LA_E_2797970,1,ulaw,A11
LA_E_2798028,1,opus,A13
LA_E_2798703,1,pstn,A14
LA_E_2798851,1,ulaw,A11
LA_E_2798948,1,alaw,A13
LA_E_2799023,1,alaw,A14
LA_E_2799140,1,gsm,A16
LA_E_2799207,1,g722,A11
LA_E_2799553,1,none,A12
LA_E_2799879,0,opus,bonafide
LA_E_2800716,0,pstn,bonafide
LA_E_2800867,1,ulaw,A07
LA_E_2801124,1,gsm,A19
LA_E_2801241,1,opus,A08
LA_E_2801364,1,alaw,A13
LA_E_2801656,0,gsm,bonafide
LA_E_2802319,1,pstn,A13
LA_E_2803844,1,none,A14
LA_E_2803981,1,pstn,A19
LA_E_2804120,0,g722,bonafide
LA_E_2804314,1,ulaw,A09
LA_E_2804672,1,gsm,A14
LA_E_2804694,1,ulaw,A11
LA_E_2804698,1,ulaw,A12
LA_E_2805235,1,opus,A14
LA_E_2805470,1,ulaw,A17
LA_E_2805781,1,none,A16
LA_E_2805786,0,none,bonafide
LA_E_2805890,1,g722,A10
LA_E_2806361,1,ulaw,A10
LA_E_2806967,1,gsm,A08
LA_E_2807057,1,alaw,A17
LA_E_2807378,1,alaw,A15
LA_E_2807971,1,alaw,A14
LA_E_2808287,1,pstn,A09
LA_E_2809391,1,pstn,A15
LA_E_2809902,1,pstn,A12
LA_E_2810619,1,gsm,A15
LA_E_2810709,0,alaw,bonafide
LA_E_2811250,1,gsm,A11
LA_E_2811444,1,g722,A19
LA_E_2812071,1,opus,A18
LA_E_2813114,1,gsm,A07
LA_E_2813477,1,opus,A10
LA_E_2813838,1,g722,A12
LA_E_2814225,1,alaw,A07
LA_E_2814453,1,pstn,A09
LA_E_2814809,1,alaw,A09
LA_E_2815005,1,g722,A12
LA_E_2815542,1,none,A19
LA_E_2815770,1,opus,A12
LA_E_2816536,0,alaw,bonafide
LA_E_2817010,1,g722,A14
LA_E_2817510,1,alaw,A19
LA_E_2817891,1,g722,A18
LA_E_2817908,1,g722,A16
LA_E_2818070,1,pstn,A08
LA_E_2818600,1,alaw,A17
LA_E_2818854,1,pstn,A14
LA_E_2819091,1,opus,A08
LA_E_2819124,1,g722,A12
LA_E_2819688,1,gsm,A07
LA_E_2820020,1,alaw,A17
LA_E_2820299,1,alaw,A12
LA_E_2820330,0,none,bonafide
LA_E_2821056,1,alaw,A14
LA_E_2821547,1,none,A12
LA_E_2821625,0,ulaw,bonafide
LA_E_2822058,1,opus,A09
LA_E_2822196,1,alaw,A16
LA_E_2822225,1,gsm,A14
LA_E_2822644,0,none,bonafide
LA_E_2822777,1,ulaw,A15
LA_E_2822875,1,opus,A07
LA_E_2822917,0,alaw,bonafide
LA_E_2823181,1,ulaw,A17
LA_E_2823579,1,pstn,A19
LA_E_2823819,1,g722,A17
LA_E_2823850,1,ulaw,A19
LA_E_2824976,0,none,bonafide
LA_E_2825203,1,ulaw,A13
LA_E_2825518,1,ulaw,A09
LA_E_2825666,1,opus,A15
LA_E_2825772,1,ulaw,A08
LA_E_2825925,1,none,A13
LA_E_2826366,1,g722,A09
LA_E_2826481,1,gsm,A19
LA_E_2827657,1,gsm,A07
LA_E_2827746,1,opus,A19
LA_E_2827985,1,alaw,A14
LA_E_2828078,1,g722,A09
LA_E_2828118,1,none,A12
LA_E_2828169,0,opus,bonafide
LA_E_2828535,0,gsm,bonafide
LA_E_2828651,1,ulaw,A12
LA_E_2828881,1,alaw,A14
LA_E_2828911,1,opus,A13
LA_E_2829081,1,gsm,A10
LA_E_2829222,1,opus,A12
LA_E_2829447,1,g722,A17
LA_E_2830130,1,gsm,A10
LA_E_2830182,0,alaw,bonafide
LA_E_2830241,1,ulaw,A07
LA_E_2830280,0,none,bonafide
LA_E_2830312,0,gsm,bonafide
LA_E_2830692,1,ulaw,A13
LA_E_2830821,0,gsm,bonafide
LA_E_2830946,1,gsm,A15
LA_E_2832949,1,gsm,A19
LA_E_2833344,1,ulaw,A19
LA_E_2833917,1,gsm,A16
LA_E_2834429,1,pstn,A10
LA_E_2834670,1,ulaw,A08
LA_E_2834753,1,ulaw,A18
LA_E_2834810,0,g722,bonafide
LA_E_2835063,0,ulaw,bonafide
LA_E_2835160,1,ulaw,A15
LA_E_2835457,1,g722,A07
LA_E_2835914,1,none,A09
LA_E_2836073,1,opus,A18
LA_E_2836208,0,g722,bonafide
LA_E_2836299,1,pstn,A08
LA_E_2836440,1,opus,A08
LA_E_2837380,1,ulaw,A11
LA_E_2837496,1,ulaw,A07
LA_E_2838140,1,gsm,A12
LA_E_2838292,1,none,A12
LA_E_2838526,1,pstn,A09
LA_E_2838861,0,alaw,bonafide
LA_E_2839750,1,ulaw,A10
LA_E_2839948,1,none,A15
LA_E_2840520,1,opus,A17
LA_E_2840754,1,ulaw,A09
LA_E_2841022,1,alaw,A10
LA_E_2841027,1,gsm,A16
LA_E_2841350,0,pstn,bonafide
LA_E_2841452,1,opus,A13
LA_E_2841463,1,pstn,A15
LA_E_2841777,1,none,A11
LA_E_2841865,1,alaw,A10
LA_E_2842486,1,gsm,A17
LA_E_2843172,1,pstn,A11
LA_E_2843498,1,pstn,A18
LA_E_2845064,1,pstn,A08
LA_E_2845222,1,gsm,A15
LA_E_2845372,1,g722,A09
LA_E_2846165,1,ulaw,A12
LA_E_2846856,1,ulaw,A10
LA_E_2846891,1,g722,A16
LA_E_2847441,1,alaw,A07
LA_E_2847546,1,ulaw,A19
LA_E_2848377,1,g722,A18
LA_E_2848879,1,opus,A12
LA_E_2849274,1,g722,A13
LA_E_2849719,0,gsm,bonafide
LA_E_2849739,1,none,A07
LA_E_2849960,1,ulaw,A14
LA_E_2850671,0,opus,bonafide
LA_E_2850878,1,g722,A12
LA_E_2851363,1,alaw,A10
LA_E_2851494,1,g722,A14
LA_E_2851633,1,pstn,A17
LA_E_2851656,1,none,A15
LA_E_2852056,1,opus,A18
LA_E_2852378,1,none,A07
LA_E_2852830,1,g722,A17
LA_E_2852934,1,alaw,A17
LA_E_2853516,1,opus,A17
LA_E_2853659,1,none,A16
LA_E_2853936,1,ulaw,A11
LA_E_2853978,1,pstn,A18
LA_E_2854247,1,none,A19
LA_E_2854486,1,alaw,A18
LA_E_2854859,1,gsm,A14
LA_E_2855268,1,gsm,A07
LA_E_2855464,1,none,A09
LA_E_2855640,1,gsm,A18
LA_E_2855788,1,alaw,A18
LA_E_2855951,1,alaw,A11
LA_E_2856032,1,alaw,A12
LA_E_2856182,1,opus,A16
LA_E_2856908,1,g722,A18
LA_E_2857108,0,ulaw,bonafide
LA_E_2857487,0,ulaw,bonafide
LA_E_2857491,1,alaw,A11
LA_E_2857682,1,opus,A09
LA_E_2857723,1,g722,A12
LA_E_2858205,1,pstn,A19
LA_E_2858437,1,alaw,A16
LA_E_2858528,0,ulaw,bonafide
LA_E_2858679,0,ulaw,bonafide
LA_E_2858846,1,ulaw,A15
LA_E_2859137,1,opus,A11
LA_E_2859558,1,gsm,A13
LA_E_2859773,1,opus,A11
LA_E_2860372,1,opus,A09
LA_E_2860949,1,opus,A12
LA_E_2861452,1,alaw,A16
LA_E_2861738,1,ulaw,A18
LA_E_2861791,1,alaw,A07
LA_E_2861818,1,g722,A18
LA_E_2861947,1,ulaw,A13
LA_E_2862781,1,none,A16
LA_E_2863086,1,pstn,A08
LA_E_2863752,1,none,A17
LA_E_2863787,1,opus,A14
LA_E_2864181,1,none,A17
LA_E_2864737,1,none,A08
LA_E_2865140,1,gsm,A09
LA_E_2865850,1,alaw,A07
LA_E_2866191,1,opus,A13
LA_E_2866364,1,gsm,A14
LA_E_2866609,1,none,A08
LA_E_2866950,1,ulaw,A08
LA_E_2867584,1,alaw,A17
LA_E_2867741,1,g722,A14
LA_E_2867774,1,gsm,A15
LA_E_2867823,1,none,A09
LA_E_2868379,1,g722,A17
LA_E_2868815,1,none,A09
LA_E_2868951,1,opus,A16
LA_E_2869169,0,none,bonafide
LA_E_2869271,0,g722,bonafide
LA_E_2869382,1,g722,A12
LA_E_2869647,1,g722,A16
LA_E_2870616,1,alaw,A14
LA_E_2870762,1,g722,A18
LA_E_2871388,1,none,A15
LA_E_2871519,1,ulaw,A16
LA_E_2871771,1,gsm,A10
LA_E_2871924,1,opus,A12
LA_E_2872079,1,g722,A08
LA_E_2872163,1,pstn,A19
LA_E_2872388,1,g722,A09
LA_E_2872444,1,gsm,A17
LA_E_2873128,1,g722,A07
LA_E_2873454,1,opus,A11
LA_E_2874806,1,none,A12
LA_E_2874888,1,g722,A08
LA_E_2875532,1,gsm,A17
LA_E_2875697,1,pstn,A12
LA_E_2875890,1,pstn,A07
LA_E_2876572,1,none,A18
LA_E_2876734,0,g722,bonafide
LA_E_2877928,1,ulaw,A17
LA_E_2878160,0,alaw,bonafide
LA_E_2878224,1,gsm,A10
LA_E_2878411,1,none,A16
LA_E_2878441,1,g722,A17
LA_E_2879159,1,alaw,A17
LA_E_2879200,1,gsm,A17
LA_E_2879337,1,opus,A11
LA_E_2879470,1,pstn,A13
LA_E_2879551,1,ulaw,A11
LA_E_2879836,1,opus,A16
LA_E_2879890,1,g722,A11
LA_E_2880360,1,pstn,A09
LA_E_2880508,1,opus,A07
LA_E_2881475,1,opus,A17
LA_E_2881572,1,g722,A16
LA_E_2881947,1,gsm,A19
LA_E_2882052,1,none,A16
LA_E_2882296,1,g722,A12
LA_E_2883111,1,none,A13
LA_E_2883180,0,ulaw,bonafide
LA_E_2883626,1,ulaw,A19
LA_E_2883857,1,gsm,A12
LA_E_2883891,1,pstn,A18
LA_E_2884350,1,pstn,A17
LA_E_2884693,1,pstn,A13
LA_E_2885001,1,pstn,A11
LA_E_2885297,1,opus,A07
LA_E_2885677,1,gsm,A16
LA_E_2886096,1,pstn,A17
LA_E_2886928,1,alaw,A11
LA_E_2887030,1,none,A07
LA_E_2887100,0,pstn,bonafide
LA_E_2887348,1,ulaw,A09
LA_E_2887637,1,opus,A15
LA_E_2887769,1,none,A19
LA_E_2887857,0,none,bonafide
LA_E_2888040,0,gsm,bonafide
LA_E_2888556,1,alaw,A18
LA_E_2889048,1,ulaw,A18
LA_E_2889828,1,opus,A09
LA_E_2889970,1,alaw,A09
LA_E_2890263,1,none,A17
LA_E_2890883,1,alaw,A19
LA_E_2891054,0,ulaw,bonafide
LA_E_2892114,1,opus,A12
LA_E_2892155,1,none,A14
LA_E_2892240,1,alaw,A17
LA_E_2892585,1,g722,A11
LA_E_2893142,1,gsm,A17
LA_E_2893684,0,gsm,bonafide
LA_E_2894012,1,gsm,A09
LA_E_2894125,1,opus,A19
LA_E_2894138,1,pstn,A16
LA_E_2894278,1,ulaw,A12
LA_E_2894547,1,ulaw,A11
LA_E_2894589,1,opus,A09
LA_E_2894740,1,gsm,A17
LA_E_2894969,1,none,A13
LA_E_2895666,1,none,A14
LA_E_2896609,1,pstn,A11
LA_E_2896817,1,opus,A19
LA_E_2896823,1,g722,A14
LA_E_2896838,0,gsm,bonafide
LA_E_2897354,1,gsm,A19
LA_E_2897360,1,ulaw,A08
LA_E_2897854,0,gsm,bonafide
LA_E_2898528,1,gsm,A09
LA_E_2899601,1,opus,A08
LA_E_2899638,1,gsm,A11
LA_E_2900057,1,ulaw,A14
LA_E_2900398,1,opus,A15
LA_E_2900538,0,g722,bonafide
LA_E_2900917,1,ulaw,A19
LA_E_2900973,1,gsm,A15
LA_E_2901063,1,opus,A10
LA_E_2901210,1,ulaw,A15
LA_E_2901838,1,ulaw,A14
LA_E_2902189,1,ulaw,A07
LA_E_2902409,1,g722,A19
LA_E_2902436,1,none,A08
LA_E_2902953,1,pstn,A15
LA_E_2902965,1,none,A19
LA_E_2903231,1,none,A19
LA_E_2903394,1,pstn,A17
LA_E_2903840,1,pstn,A14
LA_E_2903960,1,opus,A10
LA_E_2904134,1,g722,A17
LA_E_2904142,1,ulaw,A12
LA_E_2904165,1,opus,A12
LA_E_2904354,1,alaw,A16
LA_E_2904383,1,g722,A19
LA_E_2904515,1,alaw,A17
LA_E_2905621,1,g722,A11
LA_E_2905683,1,pstn,A10
LA_E_2906208,1,gsm,A19
LA_E_2906394,1,alaw,A15
LA_E_2906676,1,none,A11
LA_E_2907741,1,pstn,A13
LA_E_2908147,1,pstn,A19
LA_E_2908692,1,gsm,A13
LA_E_2908758,1,g722,A08
LA_E_2909107,1,pstn,A10
LA_E_2909306,1,gsm,A13
LA_E_2909363,1,gsm,A18
LA_E_2909453,1,pstn,A08
LA_E_2909869,1,none,A18
LA_E_2909990,0,pstn,bonafide
LA_E_2910310,1,opus,A11
LA_E_2910523,1,opus,A07
LA_E_2910617,1,none,A11
LA_E_2911025,1,opus,A16
LA_E_2911061,0,opus,bonafide
LA_E_2911175,1,g722,A07
LA_E_2911292,1,none,A18
LA_E_2911424,1,ulaw,A10
LA_E_2911559,1,opus,A17
LA_E_2911587,1,alaw,A10
LA_E_2912198,1,alaw,A08
LA_E_2912363,0,opus,bonafide
LA_E_2913026,1,g722,A07
LA_E_2913064,1,alaw,A13
LA_E_2913343,1,g722,A15
LA_E_2913784,1,opus,A16
LA_E_2913807,0,opus,bonafide
LA_E_2914303,1,ulaw,A09
LA_E_2914626,0,ulaw,bonafide
LA_E_2914708,1,g722,A17
LA_E_2915642,1,alaw,A12
LA_E_2916452,1,opus,A11
LA_E_2917065,1,ulaw,A16
LA_E_2917559,1,g722,A18
LA_E_2917622,1,g722,A09
LA_E_2917681,1,opus,A14
LA_E_2918222,1,none,A07
LA_E_2918289,1,pstn,A09
LA_E_2918322,1,ulaw,A08
LA_E_2918932,1,ulaw,A09
LA_E_2920279,1,ulaw,A07
LA_E_2920370,1,opus,A15
LA_E_2920704,0,ulaw,bonafide
LA_E_2920901,1,pstn,A10
LA_E_2920905,1,alaw,A18
LA_E_2921108,1,none,A09
LA_E_2921519,1,alaw,A08
LA_E_2921767,1,pstn,A19
LA_E_2921873,1,gsm,A16
LA_E_2921900,1,none,A10
LA_E_2922087,1,ulaw,A14
LA_E_2922123,1,gsm,A13
LA_E_2922686,0,alaw,bonafide
LA_E_2922692,1,g722,A15
LA_E_2922823,1,pstn,A15
LA_E_2923048,1,opus,A18
LA_E_2923087,1,alaw,A13
LA_E_2923334,1,ulaw,A19
LA_E_2923676,1,pstn,A18
LA_E_2923709,0,alaw,bonafide
LA_E_2924105,1,opus,A09
LA_E_2924296,1,gsm,A09
LA_E_2924382,1,none,A11
LA_E_2924861,1,g722,A09
LA_E_2925423,1,gsm,A18
LA_E_2925563,1,ulaw,A16
LA_E_2925740,1,pstn,A12
LA_E_2925748,1,ulaw,A12
LA_E_2926200,1,g722,A19
LA_E_2926654,1,opus,A08
LA_E_2926732,1,ulaw,A18
LA_E_2926808,1,ulaw,A10
LA_E_2926931,1,ulaw,A15
LA_E_2926982,1,g722,A15
LA_E_2926988,1,opus,A14
LA_E_2927038,1,pstn,A12
LA_E_2927685,1,ulaw,A13
LA_E_2928326,1,none,A12
LA_E_2928450,0,gsm,bonafide
LA_E_2928729,1,alaw,A08
LA_E_2929181,1,ulaw,A11
LA_E_2929426,1,alaw,A07
LA_E_2930102,1,ulaw,A15
LA_E_2930188,1,pstn,A19
LA_E_2930350,1,gsm,A18
LA_E_2930807,1,opus,A12
LA_E_2931007,1,gsm,A13
LA_E_2931134,1,none,A15
LA_E_2932438,0,ulaw,bonafide
LA_E_2932645,1,opus,A17
LA_E_2932765,1,g722,A13
LA_E_2932919,1,ulaw,A16
LA_E_2933572,1,pstn,A19
LA_E_2933703,1,gsm,A07
LA_E_2933760,1,alaw,A16
LA_E_2933766,1,none,A14
LA_E_2934324,1,g722,A14
LA_E_2934919,0,none,bonafide
LA_E_2934925,1,ulaw,A18
LA_E_2935120,1,none,A17
LA_E_2935651,0,ulaw,bonafide
LA_E_2936009,1,ulaw,A16
LA_E_2937193,1,opus,A15
LA_E_2937628,1,gsm,A09
LA_E_2937907,1,ulaw,A16
LA_E_2938438,0,none,bonafide
LA_E_2938442,1,gsm,A10
LA_E_2939478,1,opus,A07
LA_E_2939697,1,alaw,A16
LA_E_2940213,1,gsm,A12
LA_E_2940663,1,none,A18
LA_E_2940683,1,gsm,A13
LA_E_2940940,1,pstn,A12
LA_E_2941722,1,pstn,A14
LA_E_2941776,1,opus,A09
LA_E_2942980,1,opus,A11
LA_E_2943040,1,gsm,A07
LA_E_2943658,1,gsm,A17
LA_E_2943855,0,none,bonafide
LA_E_2943880,0,none,bonafide
LA_E_2943904,1,opus,A16
LA_E_2943919,1,opus,A10
LA_E_2944197,1,gsm,A14
LA_E_2944312,1,pstn,A14
LA_E_2944448,1,alaw,A16
LA_E_2944858,1,gsm,A14
LA_E_2945154,1,gsm,A11
LA_E_2945302,1,pstn,A11
LA_E_2946012,1,alaw,A15
LA_E_2946170,1,gsm,A15
LA_E_2946307,1,none,A15
LA_E_2946340,1,g722,A14
LA_E_2947332,1,gsm,A17
LA_E_2947497,1,gsm,A12
LA_E_2947645,1,opus,A07
LA_E_2947686,1,opus,A19
LA_E_2948778,1,ulaw,A14
LA_E_2949061,1,gsm,A15
LA_E_2949192,1,gsm,A08
LA_E_2949730,1,opus,A10
LA_E_2950183,1,opus,A09
LA_E_2950760,1,g722,A10
LA_E_2951244,0,alaw,bonafide
LA_E_2951613,1,g722,A14
LA_E_2951832,1,none,A15
LA_E_2951887,1,alaw,A18
LA_E_2952497,1,g722,A16
LA_E_2952852,1,gsm,A11
LA_E_2953252,1,g722,A16
LA_E_2953637,1,none,A13
LA_E_2953884,0,gsm,bonafide
LA_E_2954085,1,opus,A16
LA_E_2954248,1,none,A10
LA_E_2954318,1,alaw,A12
LA_E_2954652,1,g722,A11
LA_E_2954850,1,none,A13
LA_E_2954955,1,alaw,A11
LA_E_2955986,1,g722,A08
LA_E_2957242,0,ulaw,bonafide
LA_E_2957406,1,opus,A14
LA_E_2957583,1,ulaw,A14
LA_E_2957806,1,ulaw,A09
LA_E_2958086,1,ulaw,A10
LA_E_2958926,1,none,A10
LA_E_2959372,1,opus,A14
LA_E_2959722,1,g722,A10
LA_E_2959796,1,alaw,A12
LA_E_2959801,1,alaw,A10
LA_E_2960444,1,alaw,A14
LA_E_2960457,1,alaw,A15
LA_E_2960547,1,none,A12
LA_E_2960824,1,none,A18
LA_E_2961049,1,gsm,A12
LA_E_2961070,1,opus,A12
LA_E_2961501,1,ulaw,A08
LA_E_2961601,1,g722,A16
LA_E_2961787,1,alaw,A16
LA_E_2961911,1,alaw,A13
LA_E_2961927,1,gsm,A19
LA_E_2962392,1,alaw,A19
LA_E_2963101,1,pstn,A16
LA_E_2963423,0,alaw,bonafide
LA_E_2963711,1,none,A07
LA_E_2964159,1,g722,A14
LA_E_2964171,0,opus,bonafide
LA_E_2964268,1,gsm,A10
LA_E_2964460,1,opus,A15
LA_E_2964593,1,alaw,A19
LA_E_2964723,1,ulaw,A08
LA_E_2964813,1,pstn,A09
LA_E_2965165,1,gsm,A18
LA_E_2965187,1,none,A07
LA_E_2965797,1,alaw,A09
LA_E_2966197,1,ulaw,A12
LA_E_2966998,1,alaw,A18
LA_E_2968286,0,pstn,bonafide
LA_E_2968545,1,pstn,A12
LA_E_2968635,1,none,A19
LA_E_2969085,1,g722,A10
LA_E_2969382,1,alaw,A14
LA_E_2969419,1,g722,A16
LA_E_2969512,1,none,A18
LA_E_2969583,0,gsm,bonafide
LA_E_2970134,0,opus,bonafide
LA_E_2970200,1,pstn,A17
LA_E_2970704,1,pstn,A10
LA_E_2970814,1,pstn,A08
LA_E_2971102,0,gsm,bonafide
LA_E_2971257,1,opus,A19
LA_E_2971851,1,none,A11
LA_E_2971909,1,none,A12
LA_E_2972093,1,alaw,A10
LA_E_2972803,1,g722,A17
LA_E_2973237,1,pstn,A16
LA_E_2973993,1,pstn,A11
LA_E_2974104,0,ulaw,bonafide
LA_E_2975676,1,alaw,A09
LA_E_2976037,0,g722,bonafide
LA_E_2976414,1,gsm,A09
LA_E_2976463,1,pstn,A18
LA_E_2976840,0,none,bonafide
LA_E_2976853,1,g722,A12
LA_E_2978125,1,none,A10
LA_E_2979163,1,gsm,A17
LA_E_2979208,1,none,A15
LA_E_2979756,1,ulaw,A07
LA_E_2981017,1,g722,A13
LA_E_2981579,1,pstn,A15
LA_E_2981625,0,gsm,bonafide
LA_E_2982002,1,g722,A10
LA_E_2982153,0,ulaw,bonafide
LA_E_2982605,1,alaw,A16
LA_E_2982959,1,g722,A13
LA_E_2983248,0,g722,bonafide
LA_E_2983910,1,ulaw,A13
LA_E_2984108,1,g722,A19
LA_E_2984307,1,none,A09
LA_E_2985418,1,pstn,A13
LA_E_2985817,1,pstn,A18
LA_E_2985918,0,alaw,bonafide
LA_E_2985946,1,none,A15
LA_E_2986388,1,gsm,A09
LA_E_2986615,1,alaw,A15
LA_E_2987214,1,ulaw,A10
LA_E_2987729,1,pstn,A19
LA_E_2988079,1,ulaw,A08
LA_E_2988139,1,gsm,A07
LA_E_2988956,1,pstn,A08
LA_E_2989001,1,gsm,A15
LA_E_2990271,1,opus,A14
LA_E_2990643,1,opus,A16
LA_E_2990716,1,gsm,A08
LA_E_2990867,1,ulaw,A13
LA_E_2992014,1,gsm,A08
LA_E_2992897,1,none,A09
LA_E_2993526,1,ulaw,A15
LA_E_2993602,1,none,A08
LA_E_2993887,1,alaw,A14
LA_E_2994758,1,g722,A07
LA_E_2995757,1,alaw,A19
LA_E_2995986,1,gsm,A08
LA_E_2996196,1,opus,A14
LA_E_2996321,1,alaw,A07
LA_E_2996380,1,gsm,A10
LA_E_2996487,1,gsm,A07
LA_E_2997731,1,pstn,A09
LA_E_2998283,0,g722,bonafide
LA_E_2998299,1,alaw,A08
LA_E_2998413,1,pstn,A08
LA_E_2999016,1,ulaw,A16
LA_E_2999789,1,ulaw,A10
LA_E_3000229,1,g722,A15
LA_E_3000724,1,opus,A18
LA_E_3001997,1,g722,A14
LA_E_3002110,1,opus,A11
LA_E_3002296,1,opus,A15
LA_E_3002888,1,gsm,A12
LA_E_3003764,0,pstn,bonafide
LA_E_3004203,1,gsm,A13
LA_E_3004245,1,alaw,A07
LA_E_3004326,0,alaw,bonafide
LA_E_3004338,1,gsm,A09
LA_E_3005285,1,alaw,A18
LA_E_3005403,0,ulaw,bonafide
LA_E_3006337,1,opus,A09
LA_E_3006974,1,alaw,A15
LA_E_3007149,1,pstn,A12
LA_E_3007925,1,none,A16
LA_E_3008124,1,ulaw,A16
LA_E_3008682,1,opus,A19
LA_E_3009062,1,opus,A17
LA_E_3009312,1,ulaw,A12
LA_E_3009561,1,none,A10
LA_E_3009750,1,pstn,A12
LA_E_3010282,1,ulaw,A17
LA_E_3010482,1,gsm,A12
LA_E_3010857,1,g722,A18
LA_E_3010957,1,opus,A15
LA_E_3012151,1,alaw,A12
LA_E_3012280,1,ulaw,A12
LA_E_3012524,1,none,A11
LA_E_3012787,1,ulaw,A11
LA_E_3012826,1,pstn,A15
LA_E_3013029,1,opus,A12
LA_E_3013579,1,opus,A07
LA_E_3013653,1,none,A18
LA_E_3013879,1,alaw,A10
LA_E_3013977,1,ulaw,A12
LA_E_3014532,1,g722,A18
LA_E_3014662,1,none,A17
LA_E_3014800,1,ulaw,A16
LA_E_3015042,1,opus,A14
LA_E_3015610,1,ulaw,A14
LA_E_3016191,0,pstn,bonafide
LA_E_3016370,1,alaw,A07
LA_E_3016791,1,alaw,A13
LA_E_3017479,1,alaw,A11
LA_E_3017644,1,g722,A19
LA_E_3017693,1,opus,A12
LA_E_3017917,1,none,A18
LA_E_3018417,1,g722,A09
LA_E_3018521,1,ulaw,A09
LA_E_3018551,1,ulaw,A14
LA_E_3018724,1,none,A07
LA_E_3019857,1,none,A16
LA_E_3020470,0,gsm,bonafide
LA_E_3022101,1,none,A11
LA_E_3022912,1,gsm,A13
LA_E_3023007,0,gsm,bonafide
LA_E_3023609,1,opus,A10
LA_E_3023815,1,pstn,A14
LA_E_3024684,1,opus,A18
LA_E_3024754,1,gsm,A14
LA_E_3024981,1,alaw,A11
LA_E_3025094,1,pstn,A11
LA_E_3025788,1,opus,A07
LA_E_3025873,0,ulaw,bonafide
LA_E_3026065,1,g722,A19
LA_E_3026879,1,gsm,A18
LA_E_3026925,1,pstn,A08
LA_E_3027841,1,g722,A08
LA_E_3028051,0,alaw,bonafide
LA_E_3028299,1,g722,A16
LA_E_3029370,1,pstn,A13
LA_E_3029534,1,ulaw,A18
LA_E_3029659,0,g722,bonafide
LA_E_3030387,1,pstn,A07
LA_E_3030420,1,none,A17
LA_E_3030479,1,opus,A10
LA_E_3030655,1,g722,A18
LA_E_3030746,1,gsm,A19
LA_E_3031027,1,ulaw,A09
LA_E_3031136,1,none,A09
LA_E_3031207,1,ulaw,A08
LA_E_3031561,1,none,A14
LA_E_3031741,1,opus,A10
LA_E_3032494,1,alaw,A17
LA_E_3032558,1,opus,A17
LA_E_3032581,1,pstn,A07
LA_E_3033283,1,gsm,A13
LA_E_3033403,1,g722,A17
LA_E_3034684,1,opus,A15
LA_E_3034784,1,gsm,A19
LA_E_3034957,1,ulaw,A14
LA_E_3035698,0,ulaw,bonafide
LA_E_3035712,1,gsm,A17
LA_E_3035756,0,pstn,bonafide
LA_E_3035889,1,pstn,A17
LA_E_3036832,1,ulaw,A07
LA_E_3036987,1,ulaw,A07
LA_E_3037901,0,g722,bonafide
LA_E_3040136,1,alaw,A10
LA_E_3040170,1,pstn,A11
LA_E_3040358,1,ulaw,A11
LA_E_3040840,1,gsm,A18
LA_E_3041225,1,ulaw,A07
LA_E_3041408,1,g722,A13
LA_E_3042001,1,pstn,A17
LA_E_3042841,1,g722,A11
LA_E_3043347,1,opus,A14
LA_E_3044752,1,none,A19
LA_E_3044804,1,gsm,A15
LA_E_3044818,1,opus,A19
LA_E_3045115,1,ulaw,A11
LA_E_3045671,1,none,A12
LA_E_3046137,1,gsm,A19
LA_E_3046222,1,gsm,A09
LA_E_3046309,1,none,A16
LA_E_3046336,1,ulaw,A19
LA_E_3047138,1,pstn,A19
LA_E_3048046,1,opus,A16
LA_E_3048220,1,ulaw,A09
LA_E_3048511,1,alaw,A17
LA_E_3049002,0,alaw,bonafide
LA_E_3049218,1,opus,A07
LA_E_3049222,1,ulaw,A10
LA_E_3049497,1,gsm,A18
LA_E_3049563,0,none,bonafide
LA_E_3049680,1,gsm,A15
LA_E_3050076,1,g722,A08
LA_E_3050219,1,none,A19
LA_E_3050685,0,gsm,bonafide
LA_E_3050775,1,alaw,A16
LA_E_3051110,1,gsm,A11
LA_E_3051836,1,opus,A13
LA_E_3052353,1,pstn,A18
LA_E_3052477,0,pstn,bonafide
LA_E_3052893,1,pstn,A11
LA_E_3053614,0,gsm,bonafide
LA_E_3053707,1,pstn,A13
LA_E_3054465,1,none,A10
LA_E_3054641,1,alaw,A14
LA_E_3054660,0,g722,bonafide
LA_E_3054755,1,opus,A17
LA_E_3055039,1,gsm,A16
LA_E_3055291,0,opus,bonafide
LA_E_3055464,1,alaw,A09
LA_E_3055551,1,opus,A18
LA_E_3056355,1,opus,A17
LA_E_3057030,1,pstn,A17
LA_E_3057210,0,alaw,bonafide
LA_E_3057267,1,alaw,A08
LA_E_3057268,1,pstn,A10
LA_E_3057359,1,alaw,A16
LA_E_3057857,1,none,A19
LA_E_3058123,1,opus,A19
LA_E_3058233,1,ulaw,A14
LA_E_3058285,1,gsm,A15
LA_E_3058938,1,ulaw,A08
LA_E_3058973,1,pstn,A07
LA_E_3059592,1,g722,A17
LA_E_3059723,1,g722,A11
LA_E_3060814,1,alaw,A13
LA_E_3060890,1,alaw,A08
LA_E_3061561,0,pstn,bonafide
LA_E_3061623,1,ulaw,A17
LA_E_3062816,1,opus,A14
LA_E_3063441,1,gsm,A08
LA_E_3063454,1,pstn,A10
LA_E_3063828,1,ulaw,A13
LA_E_3064177,1,ulaw,A15
LA_E_3064550,1,opus,A15
LA_E_3064734,1,gsm,A07
LA_E_3065202,1,pstn,A19
LA_E_3066464,1,none,A18
LA_E_3066504,1,g722,A12
LA_E_3066540,1,pstn,A16
LA_E_3066582,1,ulaw,A17
LA_E_3066649,1,pstn,A08
LA_E_3066914,0,opus,bonafide
LA_E_3067009,1,ulaw,A07
LA_E_3067646,1,gsm,A10
LA_E_3067743,0,none,bonafide
LA_E_3067815,0,alaw,bonafide
LA_E_3067924,1,none,A08
LA_E_3068201,1,opus,A18
LA_E_3069520,1,pstn,A08
LA_E_3069872,1,g722,A15
LA_E_3070035,1,none,A08
LA_E_3070120,1,g722,A10
LA_E_3070230,1,none,A09
LA_E_3070254,1,ulaw,A09
LA_E_3070275,1,none,A17
LA_E_3070723,1,opus,A08
LA_E_3071635,0,g722,bonafide
LA_E_3071824,1,ulaw,A16
LA_E_3071973,1,gsm,A18
LA_E_3073348,1,opus,A10
LA_E_3073380,1,alaw,A13
LA_E_3073406,1,g722,A12
LA_E_3074448,0,g722,bonafide
LA_E_3074727,1,none,A10
LA_E_3075854,1,opus,A14
LA_E_3075890,1,none,A11
LA_E_3077544,1,alaw,A11
LA_E_3077553,1,ulaw,A15
LA_E_3078202,1,g722,A19
LA_E_3078529,1,gsm,A14
LA_E_3078614,1,gsm,A13
LA_E_3079386,0,gsm,bonafide
LA_E_3080143,1,alaw,A07
LA_E_3080519,1,g722,A15
LA_E_3080643,0,ulaw,bonafide
LA_E_3080653,1,ulaw,A17
LA_E_3081302,1,g722,A18
LA_E_3082208,1,gsm,A18
LA_E_3082498,1,g722,A10
LA_E_3083055,0,ulaw,bonafide
LA_E_3083112,1,g722,A14
LA_E_3083669,1,pstn,A19
LA_E_3083709,1,ulaw,A19
LA_E_3084733,0,gsm,bonafide
LA_E_3084781,1,alaw,A17
LA_E_3085412,1,ulaw,A15
LA_E_3086282,1,g722,A14
LA_E_3087153,1,alaw,A16
LA_E_3087630,1,g722,A17
LA_E_3088259,1,gsm,A12
LA_E_3088568,1,opus,A09
LA_E_3089022,1,alaw,A08
LA_E_3089147,1,opus,A16
LA_E_3090003,1,none,A13
LA_E_3090130,1,opus,A14
LA_E_3090869,1,pstn,A15
LA_E_3091163,0,opus,bonafide
LA_E_3091252,1,gsm,A15
LA_E_3091519,1,alaw,A14
LA_E_3091767,1,ulaw,A16
LA_E_3092244,1,g722,A10
LA_E_3092308,1,gsm,A14
LA_E_3093850,1,pstn,A10
LA_E_3094320,1,none,A11
LA_E_3094891,1,opus,A15
LA_E_3095096,1,alaw,A14
LA_E_3095309,1,g722,A11
LA_E_3095566,1,opus,A11
LA_E_3095576,1,none,A14
LA_E_3095656,1,none,A19
LA_E_3095848,1,ulaw,A18
LA_E_3096806,1,gsm,A14
LA_E_3098066,1,gsm,A08
LA_E_3098708,0,pstn,bonafide
LA_E_3098996,1,ulaw,A12
LA_E_3099877,1,pstn,A16
LA_E_3100209,1,pstn,A08
LA_E_3100396,1,opus,A08
LA_E_3100605,1,pstn,A16
LA_E_3100845,1,ulaw,A15
LA_E_3101222,1,ulaw,A18
LA_E_3101796,1,gsm,A08
LA_E_3101903,1,g722,A16
LA_E_3102328,1,ulaw,A17
LA_E_3102368,1,g722,A10
LA_E_3102423,1,none,A09
LA_E_3102549,1,ulaw,A07
LA_E_3102853,1,opus,A10
LA_E_3102872,1,pstn,A09
LA_E_3102930,1,none,A14
LA_E_3102975,1,gsm,A17
LA_E_3102984,1,g722,A16
LA_E_3103770,1,pstn,A15
LA_E_3104126,1,pstn,A09
LA_E_3104521,1,alaw,A18
LA_E_3104788,1,pstn,A16
LA_E_3104820,1,none,A08
LA_E_3105844,0,none,bonafide
LA_E_3105972,0,g722,bonafide
LA_E_3106230,1,alaw,A08
LA_E_3106292,1,ulaw,A07
LA_E_3106946,1,opus,A19
LA_E_3107431,1,gsm,A17
LA_E_3107514,1,gsm,A08
LA_E_3108244,1,opus,A08
LA_E_3108477,0,alaw,bonafide
LA_E_3109219,1,gsm,A11
LA_E_3110627,0,pstn,bonafide
LA_E_3110817,1,gsm,A11
LA_E_3111531,1,g722,A09
LA_E_3111827,1,opus,A12
LA_E_3112358,1,g722,A16
LA_E_3114002,1,none,A19
LA_E_3114230,1,pstn,A12
LA_E_3114445,0,g722,bonafide
LA_E_3114657,1,none,A19
LA_E_3115843,0,gsm,bonafide
LA_E_3115968,0,opus,bonafide
LA_E_3116527,0,none,bonafide
LA_E_3117336,1,pstn,A17
LA_E_3117947,1,ulaw,A11
LA_E_3117976,1,gsm,A14
LA_E_3118103,1,opus,A07
LA_E_3118528,1,opus,A13
LA_E_3119093,0,g722,bonafide
LA_E_3119125,1,gsm,A11
LA_E_3119951,1,ulaw,A14
LA_E_3120640,1,alaw,A09
LA_E_3121735,1,opus,A18
LA_E_3121795,1,none,A16
LA_E_3122438,1,opus,A18
LA_E_3122717,1,gsm,A14
LA_E_3122995,0,gsm,bonafide
LA_E_3123366,1,none,A08
LA_E_3123972,1,none,A12
LA_E_3124334,1,none,A07
LA_E_3124453,1,none,A12
LA_E_3124513,1,ulaw,A07
LA_E_3124804,1,pstn,A11
LA_E_3124971,1,pstn,A07
LA_E_3125222,1,ulaw,A18
LA_E_3125293,1,opus,A18
LA_E_3125764,1,gsm,A13
LA_E_3125861,0,ulaw,bonafide
LA_E_3126117,1,none,A13
LA_E_3126164,1,g722,A07
LA_E_3126363,1,opus,A13
LA_E_3126627,1,none,A09
LA_E_3126665,1,pstn,A13
LA_E_3128270,1,gsm,A16
LA_E_3128313,0,pstn,bonafide
LA_E_3128655,1,ulaw,A07
LA_E_3128853,1,gsm,A16
LA_E_3129954,1,g722,A12
LA_E_3129978,1,gsm,A07
LA_E_3130127,1,ulaw,A13
LA_E_3130409,1,ulaw,A14
LA_E_3130730,1,alaw,A12
LA_E_3131332,1,ulaw,A07
LA_E_3131595,1,g722,A17
LA_E_3131983,1,pstn,A16
LA_E_3132383,1,g722,A16
LA_E_3133119,1,gsm,A13
LA_E_3134329,1,g722,A18
LA_E_3134774,1,pstn,A09
LA_E_3136153,0,ulaw,bonafide
LA_E_3136267,0,ulaw,bonafide
LA_E_3136545,1,gsm,A19
LA_E_3136697,1,ulaw,A18
LA_E_3137431,0,gsm,bonafide
LA_E_3137492,1,ulaw,A13
LA_E_3137556,1,g722,A18
LA_E_3138116,1,gsm,A15
LA_E_3138488,1,gsm,A15
LA_E_3138885,1,alaw,A16
LA_E_3139052,1,opus,A13
LA_E_3139167,1,gsm,A18
LA_E_3139307,1,gsm,A11
LA_E_3140463,1,opus,A16
LA_E_3140466,0,none,bonafide
LA_E_3140755,1,alaw,A18
LA_E_3141216,1,opus,A17
LA_E_3141248,1,opus,A08
LA_E_3141920,1,gsm,A15
LA_E_3142025,1,alaw,A07
LA_E_3143421,1,gsm,A15
LA_E_3143466,1,g722,A10
LA_E_3144074,1,alaw,A19
LA_E_3144895,0,pstn,bonafide
LA_E_3145434,1,alaw,A13
LA_E_3145889,1,opus,A07
LA_E_3146524,1,g722,A15
LA_E_3146660,1,opus,A18
LA_E_3146891,1,ulaw,A19
LA_E_3147006,1,alaw,A17
LA_E_3147279,1,gsm,A07
LA_E_3147394,1,alaw,A07
LA_E_3148087,1,opus,A07
LA_E_3148416,1,alaw,A09
LA_E_3148907,1,ulaw,A07
LA_E_3148976,1,g722,A12
LA_E_3149567,1,g722,A07
LA_E_3151744,1,alaw,A15
LA_E_3152324,1,ulaw,A16
LA_E_3152577,0,opus,bonafide
LA_E_3152661,1,gsm,A15
LA_E_3152875,1,pstn,A19
LA_E_3152976,1,g722,A14
LA_E_3153548,1,gsm,A08
LA_E_3153555,1,gsm,A11
LA_E_3154109,1,alaw,A14
LA_E_3154868,0,opus,bonafide
LA_E_3154956,1,gsm,A17
LA_E_3155279,1,pstn,A15
LA_E_3156128,1,g722,A09
LA_E_3156594,0,none,bonafide
LA_E_3156835,1,none,A10
LA_E_3156865,1,alaw,A11
LA_E_3157330,0,gsm,bonafide
LA_E_3157995,1,none,A07
LA_E_3158278,1,ulaw,A09
LA_E_3158442,1,ulaw,A17
LA_E_3158862,1,ulaw,A11
LA_E_3159364,1,alaw,A12
LA_E_3161677,1,ulaw,A09
LA_E_3161759,0,gsm,bonafide
LA_E_3162851,1,g722,A19
LA_E_3163156,1,pstn,A07
LA_E_3163170,1,gsm,A16
LA_E_3163547,1,gsm,A18
LA_E_3163725,1,ulaw,A09
LA_E_3164263,1,g722,A08
LA_E_3164313,1,gsm,A11
LA_E_3164510,1,none,A11
LA_E_3164652,1,gsm,A07
LA_E_3164770,1,alaw,A13
LA_E_3164789,1,opus,A15
LA_E_3165108,1,opus,A18
LA_E_3165252,1,pstn,A07
LA_E_3165770,0,ulaw,bonafide
LA_E_3165777,1,ulaw,A17
LA_E_3165997,1,none,A12
LA_E_3167126,1,none,A15
LA_E_3167183,0,ulaw,bonafide
LA_E_3167259,1,gsm,A14
LA_E_3167568,1,alaw,A19
LA_E_3167998,1,ulaw,A12
LA_E_3168370,1,ulaw,A16
LA_E_3168547,1,opus,A08
LA_E_3168609,0,opus,bonafide
LA_E_3169147,1,gsm,A15
LA_E_3169214,1,opus,A11
LA_E_3169497,1,pstn,A14
LA_E_3169543,1,gsm,A09
LA_E_3169564,1,gsm,A08
LA_E_3169668,1,alaw,A11
LA_E_3169969,1,pstn,A15
LA_E_3170484,1,opus,A13
LA_E_3171060,1,none,A18
LA_E_3171217,1,opus,A11
LA_E_3171337,1,none,A14
LA_E_3171570,0,opus,bonafide
LA_E_3171809,1,none,A09
LA_E_3171810,1,ulaw,A12
LA_E_3171994,1,opus,A09
LA_E_3172012,1,ulaw,A17
LA_E_3172477,1,g722,A16
LA_E_3172679,1,none,A18
LA_E_3172757,1,opus,A09
LA_E_3172906,0,none,bonafide
LA_E_3173141,0,alaw,bonafide
LA_E_3175151,0,ulaw,bonafide
LA_E_3176173,1,ulaw,A16
LA_E_3176340,1,opus,A14
LA_E_3176592,0,none,bonafide
LA_E_3176612,1,none,A19
LA_E_3176765,0,ulaw,bonafide
LA_E_3177107,1,g722,A19
LA_E_3177400,1,g722,A16
LA_E_3178007,1,ulaw,A15
LA_E_3178143,1,ulaw,A13
LA_E_3178255,1,g722,A17
LA_E_3178302,1,none,A13
LA_E_3179275,1,alaw,A16
LA_E_3180293,1,gsm,A10
LA_E_3180912,1,ulaw,A15
LA_E_3181185,1,none,A13
LA_E_3181924,1,ulaw,A11
LA_E_3182923,1,gsm,A14
LA_E_3183393,1,g722,A15
LA_E_3183780,1,gsm,A14
LA_E_3184254,0,pstn,bonafide
LA_E_3184736,1,alaw,A10
LA_E_3185388,0,ulaw,bonafide
LA_E_3185518,1,pstn,A19
LA_E_3185611,1,opus,A11
LA_E_3186929,1,opus,A18
LA_E_3187206,1,pstn,A17
LA_E_3187737,0,opus,bonafide
LA_E_3187741,1,ulaw,A09
LA_E_3188413,1,gsm,A16
LA_E_3189183,1,none,A07
LA_E_3189256,1,none,A07
LA_E_3189682,1,g722,A17
LA_E_3189967,1,g722,A08
LA_E_3190684,1,gsm,A07
LA_E_3191319,1,gsm,A12
LA_E_3191358,1,g722,A13
LA_E_3191524,0,gsm,bonafide
LA_E_3192110,0,gsm,bonafide
LA_E_3192335,1,ulaw,A08
LA_E_3192443,0,none,bonafide
LA_E_3192725,1,ulaw,A10
LA_E_3192894,1,alaw,A15
LA_E_3193285,1,ulaw,A17
LA_E_3193399,0,gsm,bonafide
LA_E_3193534,1,gsm,A14
LA_E_3193853,1,opus,A09
LA_E_3193945,1,pstn,A17
LA_E_3194482,0,ulaw,bonafide
LA_E_3194559,0,none,bonafide
LA_E_3194807,1,gsm,A11
LA_E_3194963,1,alaw,A10
LA_E_3195127,1,gsm,A17
LA_E_3195356,1,pstn,A16
LA_E_3195659,0,gsm,bonafide
LA_E_3196687,0,g722,bonafide
LA_E_3196727,1,gsm,A12
LA_E_3196958,1,alaw,A11
LA_E_3197487,1,none,A18
LA_E_3197532,0,alaw,bonafide
LA_E_3197570,1,pstn,A19
LA_E_3197862,1,gsm,A18
LA_E_3198317,0,none,bonafide
LA_E_3198957,1,none,A11
LA_E_3199094,0,opus,bonafide
LA_E_3199278,0,opus,bonafide
LA_E_3199342,1,pstn,A08
LA_E_3200127,1,opus,A16
LA_E_3201409,1,alaw,A11
LA_E_3201439,1,alaw,A19
LA_E_3202024,1,none,A16
LA_E_3202241,1,ulaw,A09
LA_E_3202422,1,alaw,A19
LA_E_3202881,0,gsm,bonafide
LA_E_3203067,1,ulaw,A13
LA_E_3203133,1,gsm,A08
LA_E_3204207,1,none,A17
LA_E_3204267,1,alaw,A16
LA_E_3204645,0,pstn,bonafide
LA_E_3204779,1,gsm,A11
LA_E_3206352,0,alaw,bonafide
LA_E_3206395,1,g722,A10
LA_E_3206440,1,pstn,A11
LA_E_3206460,1,gsm,A14
LA_E_3206739,0,alaw,bonafide
LA_E_3207062,1,alaw,A18
LA_E_3207296,0,opus,bonafide
LA_E_3207414,0,pstn,bonafide
LA_E_3207583,0,alaw,bonafide
LA_E_3207661,1,opus,A08
LA_E_3207806,1,none,A16
LA_E_3208633,1,gsm,A11
LA_E_3208879,0,g722,bonafide
LA_E_3209593,0,ulaw,bonafide
LA_E_3209714,1,gsm,A17
LA_E_3209799,1,alaw,A18
LA_E_3210377,1,ulaw,A12
LA_E_3210590,1,gsm,A19
LA_E_3211103,1,gsm,A19
LA_E_3211490,1,g722,A18
LA_E_3211951,1,pstn,A11
LA_E_3212257,1,alaw,A07
LA_E_3212309,1,pstn,A14
LA_E_3212558,1,g722,A14
LA_E_3212598,1,opus,A16
LA_E_3213069,1,none,A08
LA_E_3213208,1,opus,A09
LA_E_3213410,1,g722,A13
LA_E_3213581,1,g722,A12
LA_E_3214164,0,opus,bonafide
LA_E_3214206,1,ulaw,A11
LA_E_3215107,0,pstn,bonafide
LA_E_3215448,0,g722,bonafide
LA_E_3215490,1,g722,A09
LA_E_3215546,1,none,A15
LA_E_3215834,1,g722,A12
LA_E_3215907,1,ulaw,A09
LA_E_3215936,1,g722,A10
LA_E_3216204,1,g722,A19
LA_E_3217073,1,g722,A09
LA_E_3217092,1,ulaw,A18
LA_E_3217498,1,ulaw,A19
LA_E_3217593,1,g722,A19
LA_E_3217991,1,ulaw,A17
LA_E_3219494,1,opus,A13
LA_E_3219917,1,ulaw,A12
LA_E_3220695,1,alaw,A09
LA_E_3220746,0,g722,bonafide
LA_E_3220820,1,ulaw,A19
LA_E_3221725,0,gsm,bonafide
LA_E_3222098,1,none,A17
LA_E_3222331,1,opus,A13
LA_E_3222373,1,none,A08
LA_E_3222675,1,pstn,A11
LA_E_3222891,0,pstn,bonafide
LA_E_3223066,0,g722,bonafide
LA_E_3223171,1,ulaw,A15
LA_E_3223931,1,g722,A16
LA_E_3224361,1,ulaw,A18
LA_E_3224521,1,opus,A17
LA_E_3224630,1,opus,A17
LA_E_3224867,1,opus,A14
LA_E_3225062,1,gsm,A19
LA_E_3225116,1,ulaw,A18
LA_E_3225153,0,alaw,bonafide
LA_E_3225595,1,ulaw,A07
LA_E_3227123,1,opus,A08
LA_E_3227723,1,gsm,A11
LA_E_3228246,1,ulaw,A16
LA_E_3228497,1,opus,A13
LA_E_3228878,1,opus,A19
LA_E_3229704,1,opus,A08
LA_E_3229898,1,g722,A13
LA_E_3229961,1,ulaw,A19
LA_E_3230613,1,gsm,A18
LA_E_3231280,1,ulaw,A18
LA_E_3231408,1,g722,A13
LA_E_3231782,1,pstn,A07
LA_E_3232062,1,opus,A12
LA_E_3232236,1,opus,A17
LA_E_3232381,1,ulaw,A14
LA_E_3232428,1,gsm,A08
LA_E_3232905,0,gsm,bonafide
LA_E_3232982,1,none,A16
LA_E_3233094,1,opus,A10
LA_E_3234219,0,alaw,bonafide
LA_E_3235277,1,opus,A16
LA_E_3235719,0,opus,bonafide
LA_E_3235894,1,g722,A10
LA_E_3236081,1,gsm,A10
LA_E_3236318,1,ulaw,A18
LA_E_3236753,1,gsm,A16
LA_E_3236754,1,gsm,A09
LA_E_3236980,1,pstn,A13
LA_E_3236990,1,ulaw,A16
LA_E_3237092,1,opus,A07
LA_E_3237188,1,gsm,A17
LA_E_3237326,1,alaw,A09
LA_E_3238356,1,gsm,A16
LA_E_3238725,1,none,A11
LA_E_3239337,1,gsm,A10
LA_E_3239877,1,alaw,A15
LA_E_3240383,1,opus,A14
LA_E_3240972,1,ulaw,A08
LA_E_3241031,1,gsm,A16
LA_E_3241073,1,opus,A11
LA_E_3241259,1,none,A11
LA_E_3241373,1,alaw,A10
LA_E_3242354,1,gsm,A09
LA_E_3242355,1,g722,A07
LA_E_3242510,0,pstn,bonafide
LA_E_3242829,1,gsm,A13
LA_E_3243302,1,pstn,A10
LA_E_3243893,1,opus,A16
LA_E_3244898,1,none,A18
LA_E_3245024,1,none,A17
LA_E_3245422,1,g722,A11
LA_E_3245645,1,none,A16
LA_E_3245982,1,ulaw,A15
LA_E_3246436,1,opus,A13
LA_E_3247242,1,alaw,A15
LA_E_3248188,1,pstn,A14
LA_E_3248872,1,pstn,A13
LA_E_3249089,1,gsm,A12
LA_E_3249164,1,opus,A13
LA_E_3249421,1,opus,A12
LA_E_3249508,1,gsm,A19
LA_E_3250406,1,ulaw,A08
LA_E_3251119,1,ulaw,A15
LA_E_3251739,1,none,A17
LA_E_3252367,1,pstn,A12
LA_E_3253408,1,alaw,A17
LA_E_3253758,1,none,A15
LA_E_3253847,1,opus,A15
LA_E_3254144,1,gsm,A16
LA_E_3254526,1,opus,A19
LA_E_3255015,1,alaw,A08
LA_E_3255958,0,g722,bonafide
LA_E_3257922,1,gsm,A17
LA_E_3258435,1,pstn,A08
LA_E_3258989,1,g722,A17
LA_E_3259496,0,alaw,bonafide
LA_E_3259753,1,ulaw,A17
LA_E_3260815,1,opus,A19
LA_E_3261698,1,opus,A13
LA_E_3261814,1,g722,A07
LA_E_3262640,0,pstn,bonafide
LA_E_3263300,1,g722,A10
LA_E_3263318,1,none,A12
LA_E_3263465,1,ulaw,A16
LA_E_3263511,1,ulaw,A07
LA_E_3263528,1,opus,A15
LA_E_3263772,1,ulaw,A11
LA_E_3263815,1,alaw,A10
LA_E_3264207,1,opus,A18
LA_E_3264359,0,ulaw,bonafide
LA_E_3264962,1,alaw,A12
LA_E_3265405,1,g722,A12
LA_E_3265892,1,gsm,A14
LA_E_3265916,1,pstn,A11
LA_E_3266069,1,pstn,A14
LA_E_3267047,0,alaw,bonafide
LA_E_3267202,1,ulaw,A12
LA_E_3267369,1,gsm,A07
LA_E_3267464,1,pstn,A17
LA_E_3267718,1,none,A15
LA_E_3269489,1,gsm,A07
LA_E_3269745,1,ulaw,A12
LA_E_3270713,1,opus,A08
LA_E_3271140,1,gsm,A07
LA_E_3271178,1,opus,A17
LA_E_3271824,1,opus,A12
LA_E_3272212,1,opus,A09
LA_E_3272252,1,gsm,A09
LA_E_3272292,1,opus,A14
LA_E_3272598,1,opus,A09
LA_E_3272973,0,none,bonafide
LA_E_3273140,1,ulaw,A08
LA_E_3273197,1,g722,A08
LA_E_3273434,1,gsm,A18
LA_E_3273761,0,opus,bonafide
LA_E_3274229,1,pstn,A19
LA_E_3274730,1,pstn,A10
LA_E_3275740,1,pstn,A15
LA_E_3276068,1,alaw,A11
LA_E_3276394,1,gsm,A16
LA_E_3277209,1,alaw,A17
LA_E_3277430,1,ulaw,A12
LA_E_3277508,1,gsm,A12
LA_E_3277723,0,none,bonafide
LA_E_3279034,1,ulaw,A16
LA_E_3279041,1,none,A12
LA_E_3279983,1,pstn,A12
LA_E_3280042,1,g722,A14
LA_E_3280554,1,gsm,A14
LA_E_3280633,1,g722,A14
LA_E_3280721,1,alaw,A08
LA_E_3280780,1,opus,A14
LA_E_3281153,0,pstn,bonafide
LA_E_3281998,1,pstn,A13
LA_E_3282067,0,opus,bonafide
LA_E_3282480,1,alaw,A12
LA_E_3282695,1,ulaw,A10
LA_E_3282867,0,none,bonafide
LA_E_3283398,0,ulaw,bonafide
LA_E_3283744,0,g722,bonafide
LA_E_3284220,1,ulaw,A10
LA_E_3285130,1,opus,A19
LA_E_3285327,1,pstn,A16
LA_E_3285850,1,gsm,A07
LA_E_3286084,1,pstn,A13
LA_E_3286802,0,ulaw,bonafide
LA_E_3287343,1,ulaw,A15
LA_E_3287586,1,none,A19
LA_E_3287590,1,none,A08
LA_E_3287720,0,none,bonafide
LA_E_3287731,1,opus,A09
LA_E_3287743,1,ulaw,A07
LA_E_3288223,1,gsm,A10
LA_E_3288340,1,none,A08
LA_E_3288412,1,alaw,A13
LA_E_3289201,1,gsm,A14
LA_E_3289436,0,none,bonafide
LA_E_3290022,1,ulaw,A12
LA_E_3290212,1,gsm,A09
LA_E_3290921,1,alaw,A14
LA_E_3291230,0,gsm,bonafide
LA_E_3291369,1,pstn,A11
LA_E_3291437,0,pstn,bonafide
LA_E_3291486,1,opus,A08
LA_E_3291794,1,alaw,A13
LA_E_3292460,1,ulaw,A18
LA_E_3292602,1,pstn,A15
LA_E_3294382,1,gsm,A18
LA_E_3294501,1,pstn,A09
LA_E_3295178,1,opus,A15
LA_E_3295285,1,g722,A15
LA_E_3295451,1,opus,A09
LA_E_3295566,1,opus,A16
LA_E_3295954,0,alaw,bonafide
LA_E_3296862,1,ulaw,A17
LA_E_3297293,1,ulaw,A13
LA_E_3297727,1,g722,A10
LA_E_3297993,0,alaw,bonafide
LA_E_3298282,1,none,A19
LA_E_3298463,0,pstn,bonafide
LA_E_3298838,1,g722,A11
LA_E_3299406,1,ulaw,A19
LA_E_3300290,1,pstn,A08
LA_E_3300528,1,pstn,A08
LA_E_3300902,1,opus,A16
LA_E_3301571,1,none,A14
LA_E_3302207,1,ulaw,A14
LA_E_3302902,1,none,A09
LA_E_3303235,1,opus,A14
LA_E_3303385,1,ulaw,A10
LA_E_3304206,1,gsm,A18
LA_E_3304385,1,opus,A12
LA_E_3304426,1,opus,A16
LA_E_3304466,1,alaw,A17
LA_E_3304882,1,gsm,A07
LA_E_3304912,1,pstn,A16
LA_E_3304942,1,alaw,A14
LA_E_3305131,1,pstn,A11
LA_E_3305348,1,g722,A10
LA_E_3305434,1,opus,A18
LA_E_3305480,1,ulaw,A08
LA_E_3306098,0,pstn,bonafide
LA_E_3306128,1,ulaw,A14
LA_E_3306317,1,gsm,A19
LA_E_3307480,1,gsm,A13
LA_E_3307561,1,ulaw,A12
LA_E_3307816,1,gsm,A14
LA_E_3308196,1,opus,A19
LA_E_3308974,1,gsm,A17
LA_E_3309300,1,gsm,A11
LA_E_3309538,1,gsm,A10
LA_E_3309570,1,pstn,A09
LA_E_3309958,1,opus,A15
LA_E_3309963,1,none,A07
LA_E_3310419,1,opus,A16
LA_E_3310523,1,gsm,A13
LA_E_3310638,1,pstn,A18
LA_E_3311031,0,gsm,bonafide
LA_E_3311179,1,ulaw,A09
LA_E_3311590,1,none,A13
LA_E_3311907,1,gsm,A19
LA_E_3311927,1,ulaw,A07
LA_E_3312682,1,opus,A16
LA_E_3312754,1,ulaw,A12
LA_E_3313235,1,ulaw,A16
LA_E_3313822,1,opus,A10
LA_E_3314036,1,alaw,A17
LA_E_3314328,0,alaw,bonafide
LA_E_3314948,1,opus,A09
LA_E_3316616,1,g722,A08
LA_E_3316909,1,none,A12
LA_E_3316983,1,ulaw,A13
LA_E_3317724,1,ulaw,A11
LA_E_3317990,1,none,A12
LA_E_3318430,1,gsm,A17
LA_E_3318944,1,ulaw,A13
LA_E_3319037,1,gsm,A17
LA_E_3319583,1,gsm,A17
LA_E_3319867,1,pstn,A10
LA_E_3320062,1,alaw,A18
LA_E_3320933,1,ulaw,A11
LA_E_3320940,1,pstn,A16
LA_E_3322024,0,ulaw,bonafide
LA_E_3322437,1,opus,A14
LA_E_3322563,0,pstn,bonafide
LA_E_3322904,1,none,A09
LA_E_3322953,1,ulaw,A11
LA_E_3323248,1,g722,A15
LA_E_3323303,1,pstn,A09
LA_E_3323741,1,alaw,A11
LA_E_3323916,0,g722,bonafide
LA_E_3325676,1,pstn,A15
LA_E_3325854,1,opus,A07
LA_E_3326099,1,pstn,A10
LA_E_3326187,1,opus,A07
LA_E_3326384,1,gsm,A07
LA_E_3326642,1,pstn,A18
LA_E_3326662,1,alaw,A11
LA_E_3326864,1,alaw,A08
LA_E_3326907,1,pstn,A14
LA_E_3327308,1,alaw,A08
LA_E_3327419,1,opus,A14
LA_E_3327633,1,ulaw,A14
LA_E_3328819,1,opus,A14
LA_E_3329216,1,gsm,A19
LA_E_3330101,1,ulaw,A13
LA_E_3330279,1,gsm,A19
LA_E_3330384,1,opus,A07
LA_E_3330407,1,gsm,A17
LA_E_3330679,1,none,A11
LA_E_3331043,1,none,A18
LA_E_3331126,1,none,A17
LA_E_3331206,0,ulaw,bonafide
LA_E_3331226,1,pstn,A09
LA_E_3331714,0,g722,bonafide
LA_E_3331772,1,alaw,A13
LA_E_3332041,1,opus,A09
LA_E_3332244,1,alaw,A09
LA_E_3333309,1,alaw,A07
LA_E_3333994,1,g722,A19
LA_E_3334420,1,ulaw,A13
LA_E_3334906,0,ulaw,bonafide
LA_E_3334975,1,ulaw,A10
LA_E_3335409,0,none,bonafide
LA_E_3336353,1,gsm,A16
LA_E_3336439,1,ulaw,A16
LA_E_3336683,1,alaw,A13
LA_E_3337966,1,pstn,A16
LA_E_3338826,1,alaw,A11
LA_E_3338978,1,gsm,A12
LA_E_3339336,1,opus,A18
LA_E_3339839,1,gsm,A12
LA_E_3339977,0,ulaw,bonafide
LA_E_3341000,1,opus,A17
LA_E_3341368,1,none,A18
LA_E_3341593,1,gsm,A12
LA_E_3342239,1,gsm,A14
LA_E_3342320,1,pstn,A15
LA_E_3342337,1,pstn,A12
LA_E_3342500,1,opus,A10
LA_E_3342719,1,opus,A14
LA_E_3342976,1,pstn,A12
LA_E_3343703,1,ulaw,A12
LA_E_3343950,1,none,A15
LA_E_3344478,1,gsm,A17
LA_E_3344852,1,ulaw,A14
LA_E_3345630,1,opus,A17
LA_E_3345723,1,none,A19
LA_E_3345932,1,gsm,A15
LA_E_3346056,0,gsm,bonafide
LA_E_3346687,1,ulaw,A13
LA_E_3347377,1,ulaw,A17
LA_E_3347846,0,gsm,bonafide
LA_E_3347895,1,gsm,A19
LA_E_3348042,1,none,A19
LA_E_3348345,1,none,A16
LA_E_3348582,1,gsm,A13
LA_E_3349378,1,alaw,A15
LA_E_3349733,1,g722,A14
LA_E_3350558,1,gsm,A19
LA_E_3350702,1,opus,A17
LA_E_3350839,1,ulaw,A16
LA_E_3351023,1,ulaw,A16
LA_E_3351214,1,ulaw,A08
LA_E_3351724,1,gsm,A08
LA_E_3351850,1,g722,A11
LA_E_3351873,0,opus,bonafide
LA_E_3352012,1,opus,A15
LA_E_3352315,1,none,A07
LA_E_3352528,1,opus,A16
LA_E_3353124,1,gsm,A09
LA_E_3353367,1,g722,A11
LA_E_3353430,0,opus,bonafide
LA_E_3354259,1,alaw,A19
LA_E_3354393,0,gsm,bonafide
LA_E_3354611,1,ulaw,A15
LA_E_3354770,1,none,A14
LA_E_3354927,1,g722,A16
LA_E_3354928,1,g722,A13
LA_E_3355187,1,g722,A08
LA_E_3355493,1,gsm,A11
LA_E_3355521,1,none,A10
LA_E_3355973,1,gsm,A13
LA_E_3356458,0,alaw,bonafide
LA_E_3356548,1,gsm,A19
LA_E_3356587,1,opus,A07
LA_E_3357000,1,gsm,A16
LA_E_3357247,1,gsm,A18
LA_E_3357451,1,opus,A11
LA_E_3357457,1,opus,A17
LA_E_3357510,1,opus,A11
LA_E_3357569,1,g722,A08
LA_E_3358749,0,none,bonafide
LA_E_3358861,0,g722,bonafide
LA_E_3359203,1,none,A09
LA_E_3359451,1,ulaw,A09
LA_E_3360007,1,ulaw,A08
LA_E_3360238,1,gsm,A10
LA_E_3360419,1,pstn,A18
LA_E_3360640,1,gsm,A10
LA_E_3360660,1,opus,A11
LA_E_3360671,1,pstn,A18
LA_E_3360827,1,ulaw,A07
LA_E_3361169,1,g722,A16
LA_E_3361362,1,ulaw,A19
LA_E_3361486,1,gsm,A08
LA_E_3361547,1,opus,A10
LA_E_3361740,1,opus,A15
LA_E_3362116,1,gsm,A10
LA_E_3362807,1,gsm,A17
LA_E_3362930,1,alaw,A07
LA_E_3363395,1,g722,A17
LA_E_3364265,1,ulaw,A08
LA_E_3364459,1,gsm,A09
LA_E_3365246,1,opus,A19
LA_E_3365290,1,gsm,A09
LA_E_3365818,1,opus,A19
LA_E_3365911,1,alaw,A16
LA_E_3366568,1,none,A07
LA_E_3367589,1,none,A08
LA_E_3367807,1,ulaw,A17
LA_E_3368089,1,opus,A17
LA_E_3368161,1,gsm,A09
LA_E_3368242,1,opus,A12
LA_E_3368474,0,gsm,bonafide
LA_E_3368549,0,alaw,bonafide
LA_E_3369613,1,gsm,A11
LA_E_3369828,1,g722,A17
LA_E_3370921,1,opus,A14
LA_E_3371112,1,gsm,A12
LA_E_3371230,1,opus,A08
LA_E_3371326,0,none,bonafide
LA_E_3371683,1,alaw,A14
LA_E_3371911,1,none,A07
LA_E_3372813,1,pstn,A16
LA_E_3373424,0,opus,bonafide
LA_E_3373444,1,opus,A18
LA_E_3373506,1,pstn,A11
LA_E_3373778,1,opus,A17
LA_E_3374062,1,none,A17
LA_E_3374452,1,g722,A07
LA_E_3374661,1,none,A09
LA_E_3375134,1,opus,A11
LA_E_3376164,1,opus,A14
LA_E_3376429,0,g722,bonafide
LA_E_3376547,1,opus,A10
LA_E_3377416,1,ulaw,A11
LA_E_3378120,0,pstn,bonafide
LA_E_3378353,1,opus,A19
LA_E_3379668,1,opus,A11
LA_E_3380843,1,pstn,A07
LA_E_3381587,1,opus,A17
LA_E_3382341,1,ulaw,A09
LA_E_3382628,1,alaw,A11
LA_E_3383296,1,gsm,A19
LA_E_3384429,0,none,bonafide
LA_E_3384466,1,alaw,A18
LA_E_3384525,1,alaw,A18
LA_E_3385301,1,alaw,A14
LA_E_3385429,1,g722,A09
LA_E_3385565,0,ulaw,bonafide
LA_E_3386681,1,alaw,A09
LA_E_3386839,1,opus,A12
LA_E_3386974,1,pstn,A08
LA_E_3387206,0,g722,bonafide
LA_E_3387455,1,none,A17
LA_E_3387792,1,gsm,A14
LA_E_3388384,1,opus,A12
LA_E_3388536,1,ulaw,A17
LA_E_3388595,1,none,A14
LA_E_3388724,1,alaw,A11
LA_E_3389466,1,ulaw,A18
LA_E_3389497,1,opus,A14
LA_E_3389545,1,pstn,A13
LA_E_3389653,1,gsm,A15
LA_E_3389962,1,opus,A15
LA_E_3390374,1,none,A11
LA_E_3390861,1,none,A14
LA_E_3391419,1,none,A17
LA_E_3391480,1,g722,A18
LA_E_3391487,1,none,A11
LA_E_3391616,1,none,A11
LA_E_3392792,1,opus,A18
LA_E_3393346,1,alaw,A09
LA_E_3394355,1,none,A13
LA_E_3394574,0,opus,bonafide
LA_E_3394598,1,ulaw,A07
LA_E_3395466,1,gsm,A14
LA_E_3395639,1,gsm,A10
LA_E_3395701,1,alaw,A18
LA_E_3395818,1,g722,A10
LA_E_3396129,1,none,A12
LA_E_3396260,0,none,bonafide
LA_E_3396662,1,opus,A12
LA_E_3396915,1,alaw,A07
LA_E_3397193,1,pstn,A14
LA_E_3397466,1,ulaw,A08
LA_E_3397653,0,none,bonafide
LA_E_3398288,1,opus,A13
LA_E_3400005,1,gsm,A09
LA_E_3400094,0,opus,bonafide
LA_E_3400357,1,alaw,A12
LA_E_3400415,0,g722,bonafide
LA_E_3400552,0,alaw,bonafide
LA_E_3400987,1,alaw,A10
LA_E_3401363,1,alaw,A09
LA_E_3401569,1,pstn,A16
LA_E_3402032,1,alaw,A07
LA_E_3402147,0,alaw,bonafide
LA_E_3402227,1,gsm,A12
LA_E_3402688,1,none,A10
LA_E_3403128,0,gsm,bonafide
LA_E_3403261,1,pstn,A07
LA_E_3403343,1,none,A16
LA_E_3403697,0,opus,bonafide
LA_E_3404324,1,g722,A15
LA_E_3404332,1,ulaw,A14
LA_E_3404618,1,gsm,A18
LA_E_3405192,1,none,A18
LA_E_3405217,0,gsm,bonafide
LA_E_3405477,1,ulaw,A19
LA_E_3406900,0,pstn,bonafide
LA_E_3408346,1,ulaw,A14
LA_E_3409154,1,opus,A12
LA_E_3409374,1,none,A19
LA_E_3410128,0,none,bonafide
LA_E_3410155,1,pstn,A10
LA_E_3410280,1,opus,A18
LA_E_3411002,1,none,A07
LA_E_3411057,1,opus,A16
LA_E_3411193,0,gsm,bonafide
LA_E_3411961,1,none,A11
LA_E_3412030,1,none,A07
LA_E_3412153,1,ulaw,A16
LA_E_3413596,1,alaw,A19
LA_E_3413888,1,gsm,A15
LA_E_3414480,1,opus,A09
LA_E_3414785,1,gsm,A13
LA_E_3415035,1,g722,A15
LA_E_3415305,1,pstn,A14
LA_E_3416449,1,pstn,A19
LA_E_3417345,1,none,A11
LA_E_3417786,1,opus,A07
LA_E_3418049,1,ulaw,A08
LA_E_3418422,1,opus,A19
LA_E_3418677,1,opus,A15
LA_E_3418787,1,opus,A13
LA_E_3418899,1,pstn,A14
LA_E_3418954,1,gsm,A10
LA_E_3418982,0,g722,bonafide
LA_E_3419004,1,g722,A19
LA_E_3419388,1,gsm,A17
LA_E_3421824,1,opus,A19
LA_E_3421861,1,pstn,A17
LA_E_3422292,1,g722,A17
LA_E_3422518,1,opus,A07
LA_E_3422984,1,none,A17
LA_E_3423230,1,none,A13
LA_E_3423444,1,opus,A07
LA_E_3423575,1,ulaw,A14
LA_E_3423791,1,ulaw,A16
LA_E_3424110,1,gsm,A13
LA_E_3424385,1,ulaw,A19
LA_E_3424954,1,opus,A15
LA_E_3425632,1,gsm,A16
LA_E_3425701,1,g722,A08
LA_E_3425808,1,g722,A16
LA_E_3426279,1,gsm,A14
LA_E_3426336,1,alaw,A19
LA_E_3426512,1,alaw,A13
LA_E_3426658,1,alaw,A19
LA_E_3427015,1,gsm,A18
LA_E_3427067,1,opus,A13
LA_E_3427101,1,opus,A10
LA_E_3427449,1,ulaw,A14
LA_E_3427533,1,gsm,A08
LA_E_3427903,1,ulaw,A07
LA_E_3427971,1,none,A13
LA_E_3428722,1,g722,A19
LA_E_3428984,1,ulaw,A11
LA_E_3429586,1,none,A17
LA_E_3429698,1,opus,A15
LA_E_3429840,1,g722,A09
LA_E_3430329,1,ulaw,A19
LA_E_3431038,1,g722,A16
LA_E_3431289,1,alaw,A18
LA_E_3431338,1,alaw,A18
LA_E_3431529,1,opus,A14
LA_E_3431635,1,g722,A17
LA_E_3432367,1,opus,A07
LA_E_3432526,0,ulaw,bonafide
LA_E_3432824,1,alaw,A15
LA_E_3432930,1,ulaw,A16
LA_E_3432965,1,ulaw,A12
LA_E_3433270,1,ulaw,A16
LA_E_3434161,1,g722,A18
LA_E_3435125,1,ulaw,A17
LA_E_3435170,0,opus,bonafide
LA_E_3435882,0,none,bonafide
LA_E_3435929,0,alaw,bonafide
LA_E_3436061,1,ulaw,A10
LA_E_3436197,1,ulaw,A18
LA_E_3436236,0,alaw,bonafide
LA_E_3436910,1,alaw,A10
LA_E_3437250,1,gsm,A13
LA_E_3437283,1,ulaw,A11
LA_E_3437310,1,ulaw,A10
LA_E_3437624,0,pstn,bonafide
LA_E_3437707,0,opus,bonafide
LA_E_3437813,1,gsm,A16
LA_E_3438090,1,gsm,A15
LA_E_3438809,1,none,A15
LA_E_3438903,0,none,bonafide
LA_E_3439293,0,gsm,bonafide
LA_E_3439638,1,opus,A08
LA_E_3439743,1,gsm,A10
LA_E_3439794,1,ulaw,A17
LA_E_3441909,1,ulaw,A16
LA_E_3441998,1,ulaw,A19
LA_E_3442085,1,g722,A07
LA_E_3442224,1,gsm,A08
LA_E_3442564,1,ulaw,A15
LA_E_3442731,1,alaw,A10
LA_E_3442761,1,pstn,A15
LA_E_3443048,1,pstn,A18
LA_E_3443251,1,ulaw,A09
LA_E_3443879,1,ulaw,A10
LA_E_3443898,1,alaw,A10
LA_E_3444676,1,ulaw,A13
LA_E_3445014,1,gsm,A11
LA_E_3445035,1,opus,A11
LA_E_3445096,0,gsm,bonafide
LA_E_3445613,1,g722,A07
LA_E_3446259,1,g722,A07
LA_E_3446767,1,alaw,A15
LA_E_3446796,1,none,A16
LA_E_3446850,1,none,A12
LA_E_3447077,1,none,A09
LA_E_3447848,1,opus,A09
LA_E_3447928,1,g722,A12
LA_E_3448220,1,ulaw,A08
LA_E_3448221,1,alaw,A15
LA_E_3448679,1,pstn,A14
LA_E_3448743,1,pstn,A17
LA_E_3449269,1,pstn,A14
LA_E_3449567,1,none,A12
LA_E_3450042,1,alaw,A08
LA_E_3450067,1,alaw,A19
LA_E_3450501,1,none,A16
LA_E_3450983,1,gsm,A14
LA_E_3451254,1,opus,A12
LA_E_3451409,1,opus,A09
LA_E_3452044,1,none,A15
LA_E_3452469,1,none,A08
LA_E_3453190,1,pstn,A07
LA_E_3453542,1,gsm,A13
LA_E_3453799,1,g722,A13
LA_E_3453926,1,opus,A18
LA_E_3454090,1,g722,A09
LA_E_3454716,1,none,A08
LA_E_3454864,1,opus,A19
LA_E_3455248,0,alaw,bonafide
LA_E_3455560,1,pstn,A07
LA_E_3455872,1,g722,A09
LA_E_3456500,1,ulaw,A14
LA_E_3456961,0,gsm,bonafide
LA_E_3457132,0,alaw,bonafide
LA_E_3458994,1,opus,A16
LA_E_3459043,0,ulaw,bonafide
LA_E_3459092,1,g722,A18
LA_E_3459345,1,ulaw,A07
LA_E_3460061,0,opus,bonafide
LA_E_3460298,1,none,A13
LA_E_3460336,1,ulaw,A10
LA_E_3460798,1,g722,A19
LA_E_3461039,1,none,A12
LA_E_3461106,0,alaw,bonafide
LA_E_3461210,1,ulaw,A13
LA_E_3461939,0,alaw,bonafide
LA_E_3462113,1,g722,A18
LA_E_3462364,1,none,A10
LA_E_3462893,1,none,A15
LA_E_3462961,1,gsm,A18
LA_E_3463143,1,pstn,A19
LA_E_3463223,1,none,A13
LA_E_3463584,1,pstn,A16
LA_E_3463998,1,g722,A14
LA_E_3464444,1,g722,A13
LA_E_3465098,1,none,A10
LA_E_3465402,1,gsm,A12
LA_E_3465839,1,opus,A08
LA_E_3466114,1,ulaw,A19
LA_E_3466251,1,pstn,A12
LA_E_3466685,1,opus,A10
LA_E_3466692,1,pstn,A10
LA_E_3467048,1,g722,A11
LA_E_3467095,1,g722,A13
LA_E_3467348,1,pstn,A10
LA_E_3467908,1,opus,A16
LA_E_3468192,1,alaw,A13
LA_E_3468240,1,opus,A08
LA_E_3468272,0,opus,bonafide
LA_E_3468276,1,pstn,A10
LA_E_3468797,1,gsm,A13
LA_E_3469228,1,ulaw,A16
LA_E_3470115,1,opus,A13
LA_E_3470452,1,ulaw,A13
LA_E_3471363,0,ulaw,bonafide
LA_E_3471719,0,ulaw,bonafide
LA_E_3472386,1,opus,A18
LA_E_3472465,0,opus,bonafide
LA_E_3473254,1,none,A08
LA_E_3473450,1,none,A19
LA_E_3473702,1,opus,A18
LA_E_3473737,1,gsm,A17
LA_E_3475625,1,g722,A07
LA_E_3475986,1,gsm,A10
LA_E_3476044,1,alaw,A11
LA_E_3476075,1,ulaw,A07
LA_E_3476364,1,alaw,A11
LA_E_3477030,0,pstn,bonafide
LA_E_3477418,1,alaw,A16
LA_E_3479006,1,ulaw,A18
LA_E_3480036,1,gsm,A15
LA_E_3480732,1,g722,A12
LA_E_3480985,1,pstn,A08
LA_E_3480989,1,g722,A09
LA_E_3481278,1,gsm,A17
LA_E_3481320,1,gsm,A08
LA_E_3481556,1,ulaw,A15
LA_E_3481818,1,alaw,A13
LA_E_3481878,1,opus,A17
LA_E_3482061,1,opus,A18
LA_E_3482107,1,gsm,A18
LA_E_3482352,1,ulaw,A10
LA_E_3482415,1,opus,A07
LA_E_3482496,1,alaw,A19
LA_E_3482664,1,alaw,A13
LA_E_3482787,1,pstn,A08
LA_E_3482871,1,alaw,A09
LA_E_3483365,0,pstn,bonafide
LA_E_3483368,1,pstn,A09
LA_E_3483649,1,gsm,A18
LA_E_3483882,1,gsm,A09
LA_E_3483943,1,gsm,A07
LA_E_3483986,1,pstn,A08
LA_E_3484411,1,gsm,A19
LA_E_3484641,0,gsm,bonafide
LA_E_3484875,1,alaw,A17
LA_E_3486935,1,opus,A07
LA_E_3486938,1,none,A19
LA_E_3487440,1,opus,A19
LA_E_3487500,1,gsm,A14
LA_E_3487632,1,opus,A11
LA_E_3487656,0,alaw,bonafide
LA_E_3490047,1,ulaw,A10
LA_E_3490163,1,g722,A08
LA_E_3490926,1,gsm,A16
LA_E_3490947,0,alaw,bonafide
LA_E_3492555,1,gsm,A14
LA_E_3492574,1,pstn,A13
LA_E_3492876,1,opus,A09
LA_E_3493456,1,g722,A17
LA_E_3493854,0,none,bonafide
LA_E_3493895,1,ulaw,A16
LA_E_3493943,1,opus,A14
LA_E_3495225,1,g722,A13
LA_E_3495380,1,ulaw,A17
LA_E_3496115,1,gsm,A18
LA_E_3496147,1,pstn,A10
LA_E_3496497,1,pstn,A18
LA_E_3496759,1,pstn,A13
LA_E_3497125,1,gsm,A10
LA_E_3497211,1,gsm,A15
LA_E_3497319,1,gsm,A12
LA_E_3498441,1,pstn,A19
LA_E_3498980,1,none,A15
LA_E_3499224,1,alaw,A14
LA_E_3499346,0,g722,bonafide
LA_E_3499904,1,opus,A10
LA_E_3500088,1,alaw,A15
LA_E_3500806,1,gsm,A13
LA_E_3500820,1,pstn,A19
LA_E_3501104,0,opus,bonafide
LA_E_3501106,1,ulaw,A18
LA_E_3501823,0,gsm,bonafide
LA_E_3502071,1,gsm,A11
LA_E_3502287,1,ulaw,A14
LA_E_3502309,1,opus,A10
LA_E_3502420,1,pstn,A13
LA_E_3502577,1,none,A17
LA_E_3503187,1,g722,A12
LA_E_3503571,1,g722,A08
LA_E_3503984,1,none,A15
LA_E_3504770,1,ulaw,A07
LA_E_3505496,1,none,A19
LA_E_3505658,1,alaw,A10
LA_E_3506276,1,pstn,A17
LA_E_3506694,1,g722,A12
LA_E_3506797,1,g722,A10
LA_E_3507071,1,pstn,A17
LA_E_3507080,1,g722,A15
LA_E_3507209,1,opus,A08
LA_E_3507260,1,ulaw,A16
LA_E_3507496,0,ulaw,bonafide
LA_E_3508039,1,g722,A07
LA_E_3509062,1,none,A11
LA_E_3509127,1,none,A11
LA_E_3509539,1,none,A13
LA_E_3509878,1,opus,A15
LA_E_3510178,1,pstn,A14
LA_E_3510241,1,none,A14
LA_E_3511253,1,opus,A09
LA_E_3512069,0,alaw,bonafide
LA_E_3512240,1,g722,A08
LA_E_3512538,1,alaw,A11
LA_E_3512547,1,gsm,A11
LA_E_3512664,1,gsm,A07
LA_E_3512666,1,alaw,A16
LA_E_3512909,0,ulaw,bonafide
LA_E_3513709,1,alaw,A15
LA_E_3513863,0,ulaw,bonafide
LA_E_3514492,1,ulaw,A09
LA_E_3514638,1,opus,A10
LA_E_3515466,1,g722,A13
LA_E_3515545,0,alaw,bonafide
LA_E_3515599,0,opus,bonafide
LA_E_3515965,1,g722,A10
LA_E_3516410,1,ulaw,A12
LA_E_3516420,1,alaw,A13
LA_E_3517266,1,gsm,A15
LA_E_3517276,1,none,A11
LA_E_3517419,1,alaw,A10
LA_E_3517731,1,none,A09
LA_E_3518302,1,gsm,A17
LA_E_3518594,1,alaw,A17
LA_E_3518930,1,pstn,A14
LA_E_3519328,0,opus,bonafide
LA_E_3520846,1,alaw,A09
LA_E_3520872,1,none,A18
LA_E_3521031,1,ulaw,A07
LA_E_3521234,1,ulaw,A17
LA_E_3521698,0,opus,bonafide
LA_E_3521780,0,ulaw,bonafide
LA_E_3522625,1,none,A17
LA_E_3522901,1,gsm,A18
LA_E_3523299,1,gsm,A10
LA_E_3523472,1,gsm,A12
LA_E_3523818,1,ulaw,A07
LA_E_3524099,0,gsm,bonafide
LA_E_3524639,1,pstn,A11
LA_E_3525281,1,opus,A08
LA_E_3525382,1,none,A13
LA_E_3525497,1,pstn,A13
LA_E_3525713,1,opus,A13
LA_E_3525872,1,pstn,A18
LA_E_3526006,0,none,bonafide
LA_E_3526057,1,none,A12
LA_E_3526227,1,opus,A16
LA_E_3526518,1,alaw,A13
LA_E_3526919,1,gsm,A09
LA_E_3526959,0,opus,bonafide
LA_E_3527185,1,gsm,A16
LA_E_3527321,1,g722,A14
LA_E_3527606,1,opus,A11
LA_E_3527713,1,ulaw,A17
LA_E_3528090,1,g722,A16
LA_E_3528706,0,ulaw,bonafide
LA_E_3529617,1,opus,A10
LA_E_3530459,1,ulaw,A16
LA_E_3530822,1,g722,A18
LA_E_3531274,1,g722,A11
LA_E_3531571,1,ulaw,A12
LA_E_3531864,1,none,A13
LA_E_3532671,1,ulaw,A16
LA_E_3532871,1,opus,A15
LA_E_3533266,1,alaw,A12
LA_E_3533415,1,gsm,A07
LA_E_3533431,0,none,bonafide
LA_E_3533435,0,opus,bonafide
LA_E_3533566,1,none,A07
LA_E_3533730,1,ulaw,A13
LA_E_3534018,0,gsm,bonafide
LA_E_3534316,1,none,A11
LA_E_3534334,1,opus,A12
LA_E_3534438,0,ulaw,bonafide
LA_E_3534704,1,opus,A10
LA_E_3535084,1,opus,A10
LA_E_3535260,0,pstn,bonafide
LA_E_3535472,0,pstn,bonafide
LA_E_3536322,1,opus,A09
LA_E_3537854,1,opus,A14
LA_E_3537914,1,pstn,A11
LA_E_3538121,1,none,A13
LA_E_3538259,1,pstn,A15
LA_E_3538332,1,none,A09
LA_E_3538951,1,alaw,A14
LA_E_3539166,0,pstn,bonafide
LA_E_3539292,1,g722,A19
LA_E_3539676,1,none,A17
LA_E_3539693,1,opus,A08
LA_E_3539935,0,gsm,bonafide
LA_E_3540444,1,pstn,A14
LA_E_3540573,1,alaw,A14
LA_E_3541011,1,opus,A15
LA_E_3541050,1,ulaw,A08
LA_E_3541226,1,pstn,A12
LA_E_3541788,1,gsm,A14
LA_E_3542371,1,opus,A11
LA_E_3542390,1,gsm,A10
LA_E_3543569,1,ulaw,A16
LA_E_3543895,1,pstn,A15
LA_E_3544137,1,gsm,A08
LA_E_3544139,1,pstn,A18
LA_E_3544235,1,ulaw,A09
LA_E_3544517,0,pstn,bonafide
LA_E_3544555,1,pstn,A15
LA_E_3544671,1,g722,A17
LA_E_3545035,0,g722,bonafide
LA_E_3545196,1,opus,A13
LA_E_3545791,1,ulaw,A07
LA_E_3546080,1,alaw,A14
LA_E_3547969,1,ulaw,A10
LA_E_3548032,1,none,A19
LA_E_3548212,1,alaw,A12
LA_E_3548399,1,opus,A18
LA_E_3548589,1,none,A07
LA_E_3548960,1,none,A16
LA_E_3549024,1,alaw,A11
LA_E_3549185,1,opus,A07
LA_E_3549269,1,opus,A18
LA_E_3549429,1,ulaw,A17
LA_E_3549624,1,opus,A19
LA_E_3550267,1,none,A19
LA_E_3550421,1,ulaw,A12
LA_E_3550666,1,alaw,A16
LA_E_3550763,1,gsm,A11
LA_E_3550915,1,none,A09
LA_E_3551176,1,pstn,A08
LA_E_3551411,0,opus,bonafide
LA_E_3553224,1,g722,A17
LA_E_3553443,0,pstn,bonafide
LA_E_3553736,1,alaw,A17
LA_E_3554681,1,gsm,A16
LA_E_3554710,1,g722,A11
LA_E_3555416,1,g722,A15
LA_E_3555511,1,pstn,A18
LA_E_3555890,1,pstn,A09
LA_E_3556347,1,pstn,A09
LA_E_3556722,1,opus,A16
LA_E_3557419,1,pstn,A09
LA_E_3557751,1,g722,A15
LA_E_3557835,0,pstn,bonafide
LA_E_3557864,1,pstn,A12
LA_E_3557902,1,pstn,A16
LA_E_3557982,1,pstn,A10
LA_E_3558500,1,g722,A10
LA_E_3558772,1,none,A07
LA_E_3559123,1,gsm,A19
LA_E_3559907,1,ulaw,A16
LA_E_3560289,1,opus,A18
LA_E_3560331,1,gsm,A15
LA_E_3560405,1,opus,A19
LA_E_3560568,1,ulaw,A07
LA_E_3560569,1,g722,A15
LA_E_3560718,1,g722,A11
LA_E_3560817,1,gsm,A14
LA_E_3560937,0,ulaw,bonafide
LA_E_3561505,1,gsm,A17
LA_E_3561990,1,gsm,A18
LA_E_3562182,1,pstn,A07
LA_E_3562594,1,g722,A10
LA_E_3562920,1,alaw,A08
LA_E_3562939,0,alaw,bonafide
LA_E_3563091,1,g722,A19
LA_E_3563202,1,gsm,A15
LA_E_3563305,0,ulaw,bonafide
LA_E_3563353,1,alaw,A19
LA_E_3563463,1,none,A08
LA_E_3563612,1,none,A18
LA_E_3564036,0,opus,bonafide
LA_E_3564088,1,alaw,A19
LA_E_3565013,1,opus,A17
LA_E_3565661,1,none,A12
LA_E_3565794,1,alaw,A12
LA_E_3566290,1,alaw,A17
LA_E_3566582,1,pstn,A10
LA_E_3566723,1,pstn,A14
LA_E_3566919,1,ulaw,A12
LA_E_3567150,1,opus,A13
LA_E_3567662,1,none,A08
LA_E_3568044,1,pstn,A11
LA_E_3568163,1,ulaw,A19
LA_E_3568638,1,ulaw,A13
LA_E_3568997,1,pstn,A11
LA_E_3569039,1,opus,A15
LA_E_3569223,1,opus,A09
LA_E_3569341,0,gsm,bonafide
LA_E_3569736,1,gsm,A15
LA_E_3570297,1,ulaw,A09
LA_E_3571117,0,none,bonafide
LA_E_3571161,0,g722,bonafide
LA_E_3571254,0,opus,bonafide
LA_E_3571410,1,gsm,A11
LA_E_3571561,1,alaw,A08
LA_E_3571741,1,alaw,A08
LA_E_3571993,1,opus,A10
LA_E_3572102,1,opus,A16
LA_E_3572538,1,pstn,A08
LA_E_3572627,0,gsm,bonafide
LA_E_3572735,1,ulaw,A14
LA_E_3572920,1,g722,A17
LA_E_3573196,1,gsm,A11
LA_E_3573388,1,gsm,A08
LA_E_3574222,1,ulaw,A18
LA_E_3574484,1,alaw,A15
LA_E_3574879,1,alaw,A10
LA_E_3574946,1,gsm,A17
LA_E_3575122,0,none,bonafide
LA_E_3575232,1,gsm,A18
LA_E_3575277,1,gsm,A14
LA_E_3575389,1,gsm,A08
LA_E_3576048,1,gsm,A12
LA_E_3576295,1,opus,A14
LA_E_3576613,1,ulaw,A10
LA_E_3576787,1,g722,A19
LA_E_3577012,0,alaw,bonafide
LA_E_3577197,1,ulaw,A07
LA_E_3577791,1,alaw,A16
LA_E_3578079,1,ulaw,A13
LA_E_3578389,1,none,A15
LA_E_3578406,1,none,A10
LA_E_3578616,1,g722,A19
LA_E_3579027,1,g722,A08
LA_E_3579091,1,gsm,A10
LA_E_3579338,0,pstn,bonafide
LA_E_3579798,1,alaw,A07
LA_E_3579812,1,gsm,A19
LA_E_3579960,1,pstn,A12
LA_E_3580407,1,pstn,A15
LA_E_3580726,1,alaw,A15
LA_E_3581609,1,g722,A09
LA_E_3581854,1,none,A11
LA_E_3582164,1,g722,A09
LA_E_3582185,1,opus,A17
LA_E_3582931,1,alaw,A10
LA_E_3583986,1,g722,A08
LA_E_3584514,1,ulaw,A16
LA_E_3584557,1,pstn,A16
LA_E_3584665,1,pstn,A10
LA_E_3584864,0,opus,bonafide
LA_E_3585048,1,pstn,A15
LA_E_3585225,0,none,bonafide
LA_E_3586376,1,ulaw,A15
LA_E_3586488,1,none,A17
LA_E_3586994,1,ulaw,A17
LA_E_3587010,1,opus,A08
LA_E_3587106,1,gsm,A09
LA_E_3587217,0,g722,bonafide
LA_E_3588114,1,gsm,A08
LA_E_3588304,0,gsm,bonafide
LA_E_3588943,1,none,A09
LA_E_3589092,1,gsm,A07
LA_E_3589471,1,ulaw,A17
LA_E_3589521,1,ulaw,A09
LA_E_3589737,1,ulaw,A12
LA_E_3590022,1,g722,A16
LA_E_3590040,1,alaw,A15
LA_E_3590195,1,g722,A13
LA_E_3590433,1,none,A09
LA_E_3590479,0,none,bonafide
LA_E_3591378,1,ulaw,A17
LA_E_3591590,1,g722,A16
LA_E_3591638,1,alaw,A12
LA_E_3591683,1,pstn,A14
LA_E_3591774,0,ulaw,bonafide
LA_E_3591926,1,opus,A19
LA_E_3592465,0,gsm,bonafide
LA_E_3592941,0,opus,bonafide
LA_E_3593095,1,ulaw,A11
LA_E_3593172,1,opus,A14
LA_E_3593251,1,gsm,A14
LA_E_3593623,1,gsm,A16
LA_E_3593862,1,alaw,A10
LA_E_3594428,1,none,A13
LA_E_3595859,1,g722,A13
LA_E_3595920,1,g722,A19
LA_E_3596622,1,ulaw,A09
LA_E_3596688,1,g722,A16
LA_E_3596853,1,alaw,A19
LA_E_3597006,1,gsm,A13
LA_E_3597103,0,pstn,bonafide
LA_E_3597473,1,g722,A12
LA_E_3597662,1,gsm,A11
LA_E_3597951,1,g722,A17
LA_E_3598028,1,g722,A07
LA_E_3598340,1,opus,A15
LA_E_3598347,1,none,A19
LA_E_3598595,1,gsm,A12
LA_E_3598992,0,opus,bonafide
LA_E_3599027,1,ulaw,A10
LA_E_3599393,1,alaw,A10
LA_E_3599697,1,g722,A18
LA_E_3600453,1,gsm,A09
LA_E_3600740,1,none,A15
LA_E_3600742,1,alaw,A14
LA_E_3600755,1,none,A15
LA_E_3601230,0,gsm,bonafide
LA_E_3601237,1,gsm,A14
LA_E_3601382,1,opus,A08
LA_E_3601457,1,opus,A07
LA_E_3601728,1,opus,A16
LA_E_3602009,1,pstn,A13
LA_E_3602103,1,alaw,A14
LA_E_3602239,1,pstn,A13
LA_E_3602259,1,ulaw,A13
LA_E_3602355,1,gsm,A15
LA_E_3602896,1,g722,A18
LA_E_3603936,1,opus,A12
LA_E_3604320,1,ulaw,A08
LA_E_3604781,0,ulaw,bonafide
LA_E_3604953,1,none,A14
LA_E_3605893,0,g722,bonafide
LA_E_3606771,1,opus,A11
LA_E_3606929,1,ulaw,A07
LA_E_3606989,1,none,A14
LA_E_3607120,1,none,A13
LA_E_3607330,1,none,A11
LA_E_3607854,1,ulaw,A07
LA_E_3607982,1,gsm,A08
LA_E_3608008,1,pstn,A09
LA_E_3608062,1,opus,A09
LA_E_3608840,0,none,bonafide
LA_E_3609005,1,ulaw,A09
LA_E_3609025,1,opus,A14
LA_E_3609030,1,pstn,A14
LA_E_3609643,1,g722,A11
LA_E_3610129,0,gsm,bonafide
LA_E_3610233,1,gsm,A08
LA_E_3610458,1,none,A19
LA_E_3610497,1,opus,A13
LA_E_3610769,1,pstn,A09
LA_E_3611512,1,gsm,A08
LA_E_3611548,0,g722,bonafide
LA_E_3611790,1,gsm,A10
LA_E_3612020,1,opus,A09
LA_E_3612041,1,ulaw,A18
LA_E_3612373,1,g722,A11
LA_E_3612649,0,g722,bonafide
LA_E_3612767,1,opus,A13
LA_E_3613530,1,g722,A18
LA_E_3613911,1,opus,A08
LA_E_3614191,1,gsm,A12
LA_E_3614298,1,none,A07
LA_E_3614597,1,gsm,A16
LA_E_3614812,1,alaw,A18
LA_E_3614880,0,ulaw,bonafide
LA_E_3615070,1,g722,A13
LA_E_3615110,1,opus,A08
LA_E_3615612,1,alaw,A18
LA_E_3615766,1,none,A09
LA_E_3615854,1,g722,A07
LA_E_3615894,0,pstn,bonafide
LA_E_3616182,1,none,A13
LA_E_3616614,1,ulaw,A14
LA_E_3616814,1,opus,A17
LA_E_3617512,1,none,A16
LA_E_3617541,1,g722,A19
LA_E_3617591,1,opus,A07
LA_E_3617977,1,ulaw,A08
LA_E_3618506,1,none,A07
LA_E_3618512,1,none,A17
LA_E_3619392,0,none,bonafide
LA_E_3620261,1,opus,A10
LA_E_3620410,1,gsm,A07
LA_E_3620565,1,g722,A15
LA_E_3620573,1,opus,A15
LA_E_3620827,1,alaw,A11
LA_E_3620837,1,g722,A15
LA_E_3621152,1,none,A19
LA_E_3621219,1,none,A14
LA_E_3621283,1,alaw,A08
LA_E_3621379,1,alaw,A10
LA_E_3621605,1,pstn,A07
LA_E_3621839,1,pstn,A19
LA_E_3622032,1,gsm,A15
LA_E_3622294,1,pstn,A13
LA_E_3623080,1,opus,A18
LA_E_3623272,1,gsm,A15
LA_E_3623315,1,none,A09
LA_E_3623967,1,none,A16
LA_E_3625137,0,none,bonafide
LA_E_3625430,1,alaw,A13
LA_E_3626601,1,gsm,A12
LA_E_3627016,1,none,A10
LA_E_3627239,1,gsm,A10
LA_E_3627973,1,ulaw,A19
LA_E_3628289,1,opus,A12
LA_E_3628511,1,g722,A14
LA_E_3628921,1,ulaw,A14
LA_E_3629471,1,opus,A19
LA_E_3629907,1,gsm,A17
LA_E_3630276,1,opus,A13
LA_E_3630452,1,none,A07
LA_E_3630504,1,alaw,A19
LA_E_3630624,1,g722,A14
LA_E_3630737,1,none,A16
LA_E_3630950,1,opus,A16
LA_E_3631167,0,opus,bonafide
LA_E_3631253,1,none,A18
LA_E_3631726,1,alaw,A13
LA_E_3631868,1,alaw,A13
LA_E_3632201,1,none,A15
LA_E_3633471,1,ulaw,A08
LA_E_3633521,1,opus,A11
LA_E_3633761,1,opus,A16
LA_E_3634338,1,gsm,A18
LA_E_3635214,1,g722,A07
LA_E_3635241,0,alaw,bonafide
LA_E_3635387,1,g722,A19
LA_E_3635944,1,g722,A10
LA_E_3635975,1,pstn,A07
LA_E_3635982,1,gsm,A11
LA_E_3635998,1,gsm,A16
LA_E_3636155,1,g722,A09
LA_E_3636223,1,none,A12
LA_E_3636562,1,g722,A13
LA_E_3637153,1,pstn,A16
LA_E_3637294,1,pstn,A07
LA_E_3637478,0,alaw,bonafide
LA_E_3637918,1,alaw,A15
LA_E_3638123,1,ulaw,A16
LA_E_3638987,1,ulaw,A10
LA_E_3639818,1,gsm,A13
LA_E_3639847,1,gsm,A18
LA_E_3640081,1,pstn,A12
LA_E_3640119,1,pstn,A12
LA_E_3640316,1,alaw,A10
LA_E_3640743,1,ulaw,A15
LA_E_3641070,1,gsm,A09
LA_E_3641181,1,none,A18
LA_E_3641430,1,none,A13
LA_E_3642533,0,g722,bonafide
LA_E_3643017,1,ulaw,A12
LA_E_3643816,1,opus,A19
LA_E_3643846,1,opus,A09
LA_E_3643942,1,pstn,A16
LA_E_3644239,1,ulaw,A18
LA_E_3644866,1,opus,A13
LA_E_3645460,1,alaw,A19
LA_E_3645993,1,ulaw,A17
LA_E_3646097,0,gsm,bonafide
LA_E_3646284,1,opus,A13
LA_E_3646298,1,none,A10
LA_E_3646315,1,none,A07
LA_E_3646340,1,alaw,A13
LA_E_3646383,1,g722,A13
LA_E_3646552,1,g722,A07
LA_E_3646626,1,ulaw,A16
LA_E_3647046,0,none,bonafide
LA_E_3647640,1,alaw,A08
LA_E_3647754,1,none,A12
LA_E_3647922,1,opus,A17
LA_E_3648211,1,gsm,A08
LA_E_3648414,0,g722,bonafide
LA_E_3648477,1,gsm,A12
LA_E_3649474,1,none,A10
LA_E_3650792,1,gsm,A18
LA_E_3651141,1,gsm,A11
LA_E_3651326,1,opus,A11
LA_E_3651451,1,opus,A09
LA_E_3651455,1,pstn,A14
LA_E_3651522,1,ulaw,A13
LA_E_3651600,1,gsm,A14
LA_E_3652118,1,gsm,A13
LA_E_3652189,1,ulaw,A13
LA_E_3652272,1,opus,A18
LA_E_3652618,1,pstn,A10
LA_E_3653013,1,ulaw,A19
LA_E_3654278,1,none,A08
LA_E_3654303,1,g722,A09
LA_E_3654379,1,gsm,A19
LA_E_3655264,1,alaw,A14
LA_E_3655751,1,ulaw,A10
LA_E_3656915,1,g722,A16
LA_E_3656951,1,gsm,A07
LA_E_3657418,1,opus,A09
LA_E_3657555,1,none,A09
LA_E_3657998,1,g722,A07
LA_E_3658170,1,opus,A09
LA_E_3658444,1,gsm,A15
LA_E_3658625,1,alaw,A12
LA_E_3658705,1,none,A19
LA_E_3658845,1,g722,A16
LA_E_3659144,1,none,A14
LA_E_3659243,1,none,A08
LA_E_3659650,1,ulaw,A11
LA_E_3660357,1,ulaw,A09
LA_E_3660456,1,opus,A07
LA_E_3660457,1,ulaw,A10
LA_E_3660523,1,gsm,A11
LA_E_3660601,1,opus,A13
LA_E_3660953,1,g722,A18
LA_E_3661414,1,alaw,A10
LA_E_3662465,0,alaw,bonafide
LA_E_3662493,1,opus,A08
LA_E_3663310,1,gsm,A16
LA_E_3663421,1,pstn,A10
LA_E_3663511,1,alaw,A14
LA_E_3663530,1,alaw,A17
LA_E_3663709,1,none,A07
LA_E_3664452,1,opus,A14
LA_E_3664767,1,pstn,A18
LA_E_3664962,1,opus,A18
LA_E_3665060,1,none,A12
LA_E_3665211,1,pstn,A18
LA_E_3665534,1,ulaw,A07
LA_E_3665700,1,opus,A14
LA_E_3665958,0,gsm,bonafide
LA_E_3666083,1,gsm,A14
LA_E_3666192,1,ulaw,A12
LA_E_3667134,1,ulaw,A08
LA_E_3667533,1,opus,A15
LA_E_3667592,1,pstn,A19
LA_E_3667652,1,opus,A18
LA_E_3667754,1,pstn,A19
LA_E_3668092,0,none,bonafide
LA_E_3668410,1,ulaw,A07
LA_E_3669058,1,none,A15
LA_E_3670234,1,g722,A19
LA_E_3670569,1,opus,A16
LA_E_3670808,1,alaw,A18
LA_E_3670994,1,opus,A08
LA_E_3671041,1,g722,A08
LA_E_3671044,1,gsm,A09
LA_E_3671483,1,alaw,A09
LA_E_3671578,1,gsm,A17
LA_E_3671733,1,pstn,A19
LA_E_3671777,1,pstn,A08
LA_E_3672175,1,g722,A12
LA_E_3672442,1,alaw,A13
LA_E_3672578,1,gsm,A17
LA_E_3672600,1,ulaw,A16
LA_E_3672715,1,gsm,A12
LA_E_3672958,1,opus,A08
LA_E_3673060,1,none,A16
LA_E_3673139,1,pstn,A18
LA_E_3673469,0,opus,bonafide
LA_E_3673600,1,alaw,A12
LA_E_3673889,1,g722,A12
LA_E_3674318,1,gsm,A13
LA_E_3674535,1,opus,A18
LA_E_3674773,1,opus,A11
LA_E_3675961,1,gsm,A10
LA_E_3676078,1,none,A08
LA_E_3676861,0,g722,bonafide
LA_E_3677047,1,none,A14
LA_E_3677367,1,alaw,A09
LA_E_3677504,1,opus,A07
LA_E_3677665,1,opus,A12
LA_E_3677738,1,gsm,A14
LA_E_3677993,1,ulaw,A18
LA_E_3678745,1,pstn,A11
LA_E_3678945,0,alaw,bonafide
LA_E_3679115,1,g722,A09
LA_E_3679144,1,none,A16
LA_E_3679210,1,none,A11
LA_E_3679882,1,ulaw,A13
LA_E_3680489,1,alaw,A07
LA_E_3680763,1,pstn,A17
LA_E_3680769,1,g722,A08
LA_E_3680832,1,alaw,A14
LA_E_3681267,1,alaw,A11
LA_E_3681299,1,g722,A07
LA_E_3681985,1,ulaw,A09
LA_E_3682871,1,gsm,A17
LA_E_3683022,1,pstn,A12
LA_E_3683595,1,ulaw,A10
LA_E_3683991,1,ulaw,A09
LA_E_3684221,1,pstn,A14
LA_E_3684859,1,ulaw,A19
LA_E_3685763,1,pstn,A08
LA_E_3685837,1,alaw,A12
LA_E_3686231,1,ulaw,A12
LA_E_3686784,1,alaw,A07
LA_E_3687424,1,g722,A12
LA_E_3687561,1,none,A07
LA_E_3687821,1,ulaw,A15
LA_E_3687829,1,g722,A08
LA_E_3688108,1,g722,A08
LA_E_3688663,0,g722,bonafide
LA_E_3690015,1,alaw,A07
LA_E_3690621,1,ulaw,A16
LA_E_3691709,1,gsm,A19
LA_E_3691921,1,none,A13
LA_E_3691966,1,alaw,A18
LA_E_3692006,1,ulaw,A16
LA_E_3692963,1,ulaw,A16
LA_E_3693517,1,opus,A12
LA_E_3694531,1,gsm,A09
LA_E_3694934,1,none,A09
LA_E_3695218,1,gsm,A12
LA_E_3695632,1,gsm,A15
LA_E_3695810,1,g722,A15
LA_E_3695902,1,none,A11
LA_E_3696044,1,gsm,A17
LA_E_3696233,1,gsm,A12
LA_E_3696334,1,gsm,A17
LA_E_3696389,1,none,A15
LA_E_3696395,1,none,A19
LA_E_3696955,1,ulaw,A12
LA_E_3697540,1,alaw,A13
LA_E_3698886,1,pstn,A12
LA_E_3699487,1,pstn,A08
LA_E_3699619,1,ulaw,A14
LA_E_3699751,1,pstn,A14
LA_E_3700345,1,none,A10
LA_E_3700403,1,alaw,A15
LA_E_3701022,1,none,A19
LA_E_3701212,1,gsm,A07
LA_E_3701335,1,gsm,A10
LA_E_3701433,1,none,A07
LA_E_3701443,1,opus,A15
LA_E_3701554,1,alaw,A10
LA_E_3701855,1,gsm,A13
LA_E_3702202,1,gsm,A17
LA_E_3702266,1,none,A13
LA_E_3702454,1,g722,A13
LA_E_3702503,1,g722,A18
LA_E_3702532,1,opus,A07
LA_E_3702555,1,none,A15
LA_E_3702934,1,pstn,A13
LA_E_3703454,1,alaw,A19
LA_E_3703585,1,ulaw,A09
LA_E_3704430,1,pstn,A18
LA_E_3704496,1,ulaw,A10
LA_E_3704601,0,alaw,bonafide
LA_E_3704675,0,ulaw,bonafide
LA_E_3704870,1,opus,A09
LA_E_3705027,0,g722,bonafide
LA_E_3705294,1,pstn,A10
LA_E_3705311,1,g722,A18
LA_E_3705586,1,ulaw,A10
LA_E_3705929,1,alaw,A09
LA_E_3706100,1,opus,A19
LA_E_3706192,1,alaw,A16
LA_E_3706340,1,none,A18
LA_E_3706615,1,pstn,A15
LA_E_3706725,0,pstn,bonafide
LA_E_3706752,1,g722,A15
LA_E_3706828,1,alaw,A14
LA_E_3707004,0,pstn,bonafide
LA_E_3707006,1,g722,A11
LA_E_3707098,1,pstn,A13
LA_E_3707191,1,alaw,A11
LA_E_3707197,1,none,A11
LA_E_3707550,1,gsm,A16
LA_E_3708025,1,ulaw,A17
LA_E_3708059,1,g722,A15
LA_E_3708137,1,gsm,A08
LA_E_3708309,1,gsm,A10
LA_E_3708399,1,gsm,A19
LA_E_3708748,1,g722,A18
LA_E_3709112,1,ulaw,A11
LA_E_3709580,1,g722,A15
LA_E_3710150,1,none,A09
LA_E_3710368,1,pstn,A07
LA_E_3710700,1,alaw,A10
LA_E_3710799,0,gsm,bonafide
LA_E_3711230,1,ulaw,A12
LA_E_3711485,1,opus,A11
LA_E_3711570,1,gsm,A08
LA_E_3711712,1,none,A13
LA_E_3711808,1,alaw,A13
LA_E_3711839,1,ulaw,A08
LA_E_3712087,1,ulaw,A19
LA_E_3712922,1,g722,A17
LA_E_3713459,0,alaw,bonafide
LA_E_3713835,0,gsm,bonafide
LA_E_3714433,1,none,A16
LA_E_3714440,1,ulaw,A12
LA_E_3714571,1,gsm,A07
LA_E_3714593,0,opus,bonafide
LA_E_3714831,1,pstn,A15
LA_E_3715112,1,gsm,A11
LA_E_3715373,1,opus,A13
LA_E_3715755,1,opus,A16
LA_E_3716306,1,ulaw,A15
LA_E_3716344,1,opus,A16
LA_E_3716555,1,opus,A16
LA_E_3717338,1,ulaw,A18
LA_E_3717417,1,alaw,A15
LA_E_3717890,1,opus,A15
LA_E_3718133,1,pstn,A19
LA_E_3718208,1,opus,A17
LA_E_3718544,1,g722,A11
LA_E_3718950,1,none,A07
LA_E_3719021,1,none,A13
LA_E_3719132,1,gsm,A16
LA_E_3719141,1,ulaw,A10
LA_E_3719308,1,none,A11
LA_E_3719460,1,gsm,A09
LA_E_3720014,1,none,A12
LA_E_3720192,1,gsm,A12
LA_E_3720400,1,opus,A10
LA_E_3720947,1,none,A13
LA_E_3721149,0,alaw,bonafide
LA_E_3721194,1,ulaw,A15
LA_E_3721522,1,gsm,A13
LA_E_3721532,1,pstn,A09
LA_E_3721635,1,none,A09
LA_E_3721953,1,opus,A16
LA_E_3722126,1,ulaw,A15
LA_E_3722208,0,opus,bonafide
LA_E_3722300,1,gsm,A14
LA_E_3722720,1,opus,A12
LA_E_3722846,1,gsm,A19
LA_E_3723091,1,pstn,A12
LA_E_3723325,1,opus,A10
LA_E_3723693,1,none,A11
LA_E_3723737,1,gsm,A17
LA_E_3724724,1,opus,A11
LA_E_3725101,1,pstn,A19
LA_E_3725290,1,alaw,A08
LA_E_3725372,1,opus,A15
LA_E_3725560,1,ulaw,A16
LA_E_3725744,1,alaw,A08
LA_E_3725970,1,g722,A16
LA_E_3726143,0,gsm,bonafide
LA_E_3726228,1,gsm,A10
LA_E_3726347,1,g722,A17
LA_E_3726779,1,pstn,A13
LA_E_3726972,1,none,A13
LA_E_3727248,1,none,A10
LA_E_3727429,1,ulaw,A19
LA_E_3727882,1,gsm,A10
LA_E_3728082,1,gsm,A10
LA_E_3729064,1,g722,A11
LA_E_3729499,1,gsm,A14
LA_E_3729580,1,gsm,A07
LA_E_3729615,1,none,A08
LA_E_3729739,1,ulaw,A16
LA_E_3729809,1,ulaw,A10
LA_E_3731683,1,none,A17
LA_E_3731693,1,ulaw,A10
LA_E_3731724,1,none,A14
LA_E_3731935,1,ulaw,A13
LA_E_3732200,1,ulaw,A17
LA_E_3732294,1,opus,A16
LA_E_3732413,1,alaw,A13
LA_E_3732582,1,none,A14
LA_E_3732828,1,none,A16
LA_E_3732939,1,ulaw,A18
LA_E_3733313,1,pstn,A09
LA_E_3733477,0,gsm,bonafide
LA_E_3733855,1,ulaw,A12
LA_E_3733917,1,gsm,A15
LA_E_3734095,1,ulaw,A10
LA_E_3734168,1,none,A19
LA_E_3734348,1,pstn,A14
LA_E_3734511,1,ulaw,A14
LA_E_3735183,1,opus,A10
LA_E_3735741,1,opus,A18
LA_E_3735742,1,ulaw,A09
LA_E_3735874,1,opus,A18
LA_E_3736196,1,gsm,A14
LA_E_3736579,1,pstn,A18
LA_E_3737525,1,ulaw,A15
LA_E_3737629,1,opus,A11
LA_E_3737965,1,gsm,A17
LA_E_3738851,1,alaw,A14
LA_E_3739487,1,g722,A18
LA_E_3739632,1,ulaw,A13
LA_E_3739938,1,opus,A17
LA_E_3739942,1,gsm,A16
LA_E_3740443,1,none,A08
LA_E_3740498,1,alaw,A16
LA_E_3741061,1,g722,A17
LA_E_3741534,1,g722,A08
LA_E_3741708,1,pstn,A12
LA_E_3741751,1,alaw,A18
LA_E_3742206,1,g722,A09
LA_E_3742213,1,ulaw,A13
LA_E_3742456,1,opus,A17
LA_E_3742617,0,gsm,bonafide
LA_E_3742744,1,g722,A11
LA_E_3742752,1,pstn,A17
LA_E_3742987,1,g722,A15
LA_E_3743000,1,none,A13
LA_E_3743149,1,alaw,A17
LA_E_3743259,1,ulaw,A07
LA_E_3743264,1,g722,A13
LA_E_3743877,1,pstn,A17
LA_E_3744099,1,g722,A18
LA_E_3744135,0,alaw,bonafide
LA_E_3745011,1,pstn,A08
LA_E_3745892,1,none,A08
LA_E_3746048,1,pstn,A10
LA_E_3746051,1,g722,A14
LA_E_3746236,0,opus,bonafide
LA_E_3746255,1,none,A11
LA_E_3747511,1,g722,A16
LA_E_3747597,1,pstn,A07
LA_E_3747638,1,none,A07
LA_E_3747739,1,opus,A08
LA_E_3748300,1,ulaw,A19
LA_E_3748735,1,opus,A14
LA_E_3749834,1,alaw,A09
LA_E_3750213,1,none,A15
LA_E_3750302,0,alaw,bonafide
LA_E_3750369,1,g722,A11
LA_E_3750395,1,opus,A13
LA_E_3750618,1,ulaw,A11
LA_E_3751405,1,none,A11
LA_E_3751485,1,ulaw,A12
LA_E_3752024,1,gsm,A13
LA_E_3752125,1,pstn,A09
LA_E_3752525,1,alaw,A10
LA_E_3753700,1,none,A07
LA_E_3753735,1,gsm,A08
LA_E_3753760,1,opus,A09
LA_E_3754022,1,gsm,A09
LA_E_3754082,1,none,A16
LA_E_3754393,1,alaw,A08
LA_E_3754399,1,alaw,A11
LA_E_3754626,1,gsm,A12
LA_E_3754739,1,none,A13
LA_E_3754830,1,ulaw,A15
LA_E_3755327,1,pstn,A14
LA_E_3755402,0,pstn,bonafide
LA_E_3755691,0,alaw,bonafide
LA_E_3755854,1,g722,A13
LA_E_3756220,1,ulaw,A15
LA_E_3756418,1,gsm,A12
LA_E_3756486,1,gsm,A07
LA_E_3756655,1,gsm,A11
LA_E_3756717,1,pstn,A15
LA_E_3757013,1,opus,A19
LA_E_3757137,1,gsm,A09
LA_E_3758314,1,alaw,A07
LA_E_3758473,1,ulaw,A08
LA_E_3758509,1,gsm,A18
LA_E_3758531,1,pstn,A12
LA_E_3759114,1,ulaw,A14
LA_E_3759214,0,g722,bonafide
LA_E_3759281,1,gsm,A15
LA_E_3759323,1,ulaw,A18
LA_E_3759462,0,opus,bonafide
LA_E_3759586,1,ulaw,A15
LA_E_3759646,1,alaw,A17
LA_E_3759786,1,none,A16
LA_E_3760374,1,none,A09
LA_E_3760381,0,g722,bonafide
LA_E_3760504,1,none,A14
LA_E_3760577,1,ulaw,A17
LA_E_3761139,0,gsm,bonafide
LA_E_3761295,1,opus,A19
LA_E_3761408,1,gsm,A10
LA_E_3761629,1,alaw,A17
LA_E_3762226,1,gsm,A18
LA_E_3762233,1,alaw,A11
LA_E_3762245,1,gsm,A11
LA_E_3762404,0,ulaw,bonafide
LA_E_3762652,1,gsm,A08
LA_E_3762727,1,alaw,A16
LA_E_3762729,1,ulaw,A17
LA_E_3763267,1,g722,A12
LA_E_3763424,1,pstn,A14
LA_E_3763538,1,pstn,A17
LA_E_3763750,1,pstn,A16
LA_E_3765384,1,g722,A15
LA_E_3765688,1,alaw,A10
LA_E_3765701,1,pstn,A13
LA_E_3766120,1,g722,A13
LA_E_3766124,1,opus,A19
LA_E_3766754,1,none,A10
LA_E_3767586,1,alaw,A10
LA_E_3767587,1,alaw,A10
LA_E_3767597,1,gsm,A12
LA_E_3768179,0,alaw,bonafide
LA_E_3768658,1,g722,A15
LA_E_3768705,1,ulaw,A17
LA_E_3768812,1,alaw,A11
LA_E_3769170,1,none,A08
LA_E_3769278,1,ulaw,A07
LA_E_3769292,1,gsm,A09
LA_E_3769305,1,gsm,A15
LA_E_3769878,0,gsm,bonafide
LA_E_3769954,1,none,A12
LA_E_3769956,1,g722,A12
LA_E_3770403,0,none,bonafide
LA_E_3770826,1,opus,A14
LA_E_3771590,1,pstn,A11
LA_E_3771627,1,pstn,A11
LA_E_3772101,1,alaw,A10
LA_E_3772809,1,alaw,A19
LA_E_3773052,1,ulaw,A11
LA_E_3773298,1,opus,A16
LA_E_3773339,1,alaw,A11
LA_E_3773639,0,pstn,bonafide
LA_E_3773653,1,gsm,A15
LA_E_3773937,1,opus,A14
LA_E_3774127,0,pstn,bonafide
LA_E_3774364,1,ulaw,A18
LA_E_3774615,1,g722,A15
LA_E_3774690,0,gsm,bonafide
LA_E_3774724,1,alaw,A09
LA_E_3774875,1,opus,A12
LA_E_3775287,1,alaw,A13
LA_E_3775326,1,pstn,A11
LA_E_3775457,1,g722,A11
LA_E_3775820,1,gsm,A07
LA_E_3775952,1,alaw,A12
LA_E_3776382,1,alaw,A16
LA_E_3776456,1,ulaw,A12
LA_E_3776815,0,gsm,bonafide
LA_E_3776965,1,ulaw,A18
LA_E_3778533,1,opus,A15
LA_E_3778855,1,ulaw,A09
LA_E_3778929,1,alaw,A17
LA_E_3779061,1,gsm,A11
LA_E_3779260,1,alaw,A08
LA_E_3779385,1,g722,A17
LA_E_3779795,1,g722,A16
LA_E_3780067,1,none,A12
LA_E_3780098,1,g722,A07
LA_E_3780795,1,alaw,A14
LA_E_3780831,1,gsm,A17
LA_E_3781181,1,alaw,A17
LA_E_3781321,1,none,A10
LA_E_3781502,1,ulaw,A13
LA_E_3781669,1,gsm,A11
LA_E_3782271,1,g722,A10
LA_E_3782525,1,g722,A19
LA_E_3782725,1,none,A11
LA_E_3782816,1,alaw,A08
LA_E_3782843,1,g722,A13
LA_E_3783030,0,ulaw,bonafide
LA_E_3783194,1,opus,A16
LA_E_3783877,1,gsm,A14
LA_E_3783957,1,g722,A10
LA_E_3784275,1,none,A15
LA_E_3784507,1,opus,A17
LA_E_3785048,1,g722,A17
LA_E_3785267,1,opus,A07
LA_E_3785756,1,pstn,A14
LA_E_3785807,1,gsm,A13
LA_E_3786187,1,ulaw,A08
LA_E_3786623,1,opus,A11
LA_E_3786899,1,ulaw,A08
LA_E_3787473,1,alaw,A15
LA_E_3787775,1,none,A19
LA_E_3787926,1,opus,A10
LA_E_3788013,1,gsm,A09
LA_E_3788303,1,gsm,A17
LA_E_3788590,0,pstn,bonafide
LA_E_3788884,1,gsm,A09
LA_E_3789088,1,opus,A11
LA_E_3789129,1,pstn,A17
LA_E_3789156,1,opus,A10
LA_E_3789176,1,gsm,A18
LA_E_3789735,1,g722,A10
LA_E_3789917,1,opus,A15
LA_E_3790799,1,opus,A13
LA_E_3790836,0,ulaw,bonafide
LA_E_3791079,1,pstn,A10
LA_E_3791222,0,pstn,bonafide
LA_E_3791973,1,g722,A19
LA_E_3791977,1,gsm,A08
LA_E_3792201,1,gsm,A10
LA_E_3792291,1,none,A09
LA_E_3792499,1,none,A17
LA_E_3793519,1,opus,A14
LA_E_3793535,1,opus,A08
LA_E_3794168,1,alaw,A14
LA_E_3794414,1,opus,A09
LA_E_3794701,1,ulaw,A11
LA_E_3794891,1,g722,A07
LA_E_3794952,1,ulaw,A09
LA_E_3795485,0,g722,bonafide
LA_E_3796355,1,gsm,A10
LA_E_3796480,1,gsm,A16
LA_E_3796930,0,gsm,bonafide
LA_E_3797270,1,ulaw,A08
LA_E_3797369,1,none,A07
LA_E_3797531,1,pstn,A09
LA_E_3797759,1,ulaw,A09
LA_E_3797805,1,none,A15
LA_E_3797824,0,g722,bonafide
LA_E_3798899,1,alaw,A19
LA_E_3799204,1,g722,A08
LA_E_3799473,1,pstn,A17
LA_E_3799951,1,opus,A16
LA_E_3800355,1,ulaw,A19
LA_E_3800422,1,ulaw,A19
LA_E_3800567,1,g722,A13
LA_E_3800640,0,pstn,bonafide
LA_E_3800910,1,opus,A09
LA_E_3801180,1,alaw,A11
LA_E_3801378,1,opus,A16
LA_E_3801530,1,opus,A14
LA_E_3801584,1,ulaw,A16
LA_E_3801620,1,ulaw,A10
LA_E_3802107,0,ulaw,bonafide
LA_E_3802252,1,ulaw,A14
LA_E_3802398,1,opus,A11
LA_E_3802455,1,opus,A16
LA_E_3802662,1,none,A19
LA_E_3802866,1,opus,A12
LA_E_3803157,0,opus,bonafide
LA_E_3803362,0,none,bonafide
LA_E_3803662,1,opus,A12
LA_E_3803984,1,alaw,A10
LA_E_3804295,0,gsm,bonafide
LA_E_3804375,1,g722,A11
LA_E_3804420,1,opus,A19
LA_E_3804488,1,none,A18
LA_E_3804535,1,gsm,A14
LA_E_3804816,1,opus,A13
LA_E_3804947,0,alaw,bonafide
LA_E_3805069,1,none,A10
LA_E_3805176,1,gsm,A09
LA_E_3805461,1,none,A14
LA_E_3805614,0,pstn,bonafide
LA_E_3805829,1,ulaw,A12
LA_E_3806030,1,gsm,A07
LA_E_3806198,1,alaw,A12
LA_E_3806554,1,g722,A17
LA_E_3806734,1,none,A17
LA_E_3806773,1,gsm,A17
LA_E_3806827,1,gsm,A07
LA_E_3807257,1,alaw,A15
LA_E_3807528,1,pstn,A08
LA_E_3807668,1,ulaw,A15
LA_E_3807891,1,gsm,A19
LA_E_3807907,1,pstn,A18
LA_E_3808106,1,ulaw,A18
LA_E_3808128,1,none,A09
LA_E_3808785,1,g722,A18
LA_E_3808890,1,opus,A19
LA_E_3809226,1,gsm,A19
LA_E_3809625,1,g722,A08
LA_E_3809664,0,ulaw,bonafide
LA_E_3810103,1,gsm,A13
LA_E_3810132,0,none,bonafide
LA_E_3810178,1,alaw,A18
LA_E_3810332,1,opus,A19
LA_E_3810522,1,gsm,A18
LA_E_3810599,0,opus,bonafide
LA_E_3810972,1,ulaw,A08
LA_E_3811204,1,gsm,A11
LA_E_3811337,1,opus,A12
LA_E_3811613,1,ulaw,A14
LA_E_3812352,1,none,A12
LA_E_3812513,1,none,A07
LA_E_3812811,1,none,A18
LA_E_3813097,1,g722,A07
LA_E_3813246,0,g722,bonafide
LA_E_3813424,1,opus,A14
LA_E_3813591,1,opus,A09
LA_E_3814095,1,ulaw,A19
LA_E_3814149,1,none,A16
LA_E_3814275,1,opus,A17
LA_E_3814511,1,alaw,A09
LA_E_3814563,0,gsm,bonafide
LA_E_3814887,1,alaw,A12
LA_E_3814978,1,gsm,A09
LA_E_3815007,1,opus,A14
LA_E_3815023,1,alaw,A14
LA_E_3815191,1,alaw,A13
LA_E_3815213,1,alaw,A11
LA_E_3815250,1,pstn,A07
LA_E_3815350,1,none,A18
LA_E_3815436,1,g722,A13
LA_E_3816423,1,alaw,A07
LA_E_3817220,1,none,A10
LA_E_3817408,1,pstn,A11
LA_E_3818069,0,g722,bonafide
LA_E_3818168,1,opus,A17
LA_E_3818204,0,opus,bonafide
LA_E_3818968,1,opus,A18
LA_E_3819318,0,ulaw,bonafide
LA_E_3820170,1,alaw,A08
LA_E_3820650,1,ulaw,A11
LA_E_3821150,1,ulaw,A09
LA_E_3821516,1,alaw,A07
LA_E_3822106,1,opus,A07
LA_E_3822268,0,gsm,bonafide
LA_E_3822321,0,none,bonafide
LA_E_3822736,1,ulaw,A14
LA_E_3822784,1,opus,A13
LA_E_3823382,1,ulaw,A16
LA_E_3823383,1,opus,A10
LA_E_3823438,0,none,bonafide
LA_E_3824157,1,opus,A17
LA_E_3824476,1,pstn,A19
LA_E_3824535,1,gsm,A10
LA_E_3824972,1,pstn,A07
LA_E_3825080,1,ulaw,A17
LA_E_3825266,1,gsm,A10
LA_E_3825312,1,g722,A09
LA_E_3825324,1,gsm,A13
LA_E_3825888,1,opus,A15
LA_E_3825956,1,alaw,A07
LA_E_3826275,1,ulaw,A12
LA_E_3826424,1,ulaw,A08
LA_E_3826684,1,gsm,A17
LA_E_3826943,1,opus,A17
LA_E_3826981,1,g722,A16
LA_E_3827400,1,pstn,A16
LA_E_3827419,1,gsm,A12
LA_E_3827469,1,pstn,A15
LA_E_3827702,1,ulaw,A18
LA_E_3828088,1,gsm,A07
LA_E_3828531,0,pstn,bonafide
LA_E_3828556,0,ulaw,bonafide
LA_E_3828800,1,pstn,A16
LA_E_3828835,1,none,A14
LA_E_3828966,0,pstn,bonafide
LA_E_3829149,1,ulaw,A08
LA_E_3829328,1,g722,A18
LA_E_3829826,1,alaw,A13
LA_E_3830085,1,pstn,A13
LA_E_3830219,1,none,A15
LA_E_3830678,1,g722,A07
LA_E_3830984,0,gsm,bonafide
LA_E_3831175,1,ulaw,A07
LA_E_3831181,1,gsm,A16
LA_E_3831231,1,ulaw,A16
LA_E_3831257,1,opus,A19
LA_E_3831453,1,g722,A15
LA_E_3831572,1,pstn,A16
LA_E_3831665,1,pstn,A07
LA_E_3831876,1,alaw,A14
LA_E_3831930,1,g722,A19
LA_E_3832332,1,gsm,A11
LA_E_3833313,1,none,A10
LA_E_3833366,1,pstn,A13
LA_E_3833502,1,opus,A10
LA_E_3833696,1,gsm,A16
LA_E_3833846,0,gsm,bonafide
LA_E_3834079,1,g722,A07
LA_E_3834299,0,ulaw,bonafide
LA_E_3834756,1,g722,A13
LA_E_3835113,1,none,A16
LA_E_3835193,1,opus,A13
LA_E_3835205,0,opus,bonafide
LA_E_3835828,1,opus,A07
LA_E_3835993,1,g722,A08
LA_E_3836014,1,none,A08
LA_E_3836534,1,alaw,A18
LA_E_3836660,1,alaw,A09
LA_E_3837086,1,none,A13
LA_E_3837113,1,ulaw,A13
LA_E_3838401,1,gsm,A13
LA_E_3838803,1,none,A15
LA_E_3838874,1,gsm,A11
LA_E_3839257,1,gsm,A18
LA_E_3839793,0,none,bonafide
LA_E_3839856,1,opus,A18
LA_E_3840325,1,gsm,A15
LA_E_3840544,1,ulaw,A08
LA_E_3840778,1,g722,A07
LA_E_3841212,1,alaw,A10
LA_E_3841917,0,gsm,bonafide
LA_E_3841961,1,ulaw,A14
LA_E_3842069,1,opus,A16
LA_E_3842622,1,g722,A10
LA_E_3842659,1,opus,A09
LA_E_3842902,1,g722,A17
LA_E_3842918,1,pstn,A19
LA_E_3843282,1,gsm,A13
LA_E_3843306,1,ulaw,A17
LA_E_3843553,1,none,A19
LA_E_3843555,1,opus,A12
LA_E_3844679,1,g722,A11
LA_E_3845409,1,opus,A16
LA_E_3845972,0,opus,bonafide
LA_E_3846111,1,gsm,A07
LA_E_3846132,1,gsm,A15
LA_E_3846659,1,ulaw,A12
LA_E_3846789,1,ulaw,A07
LA_E_3846963,0,gsm,bonafide
LA_E_3847466,1,opus,A08
LA_E_3848188,1,alaw,A19
LA_E_3848216,0,pstn,bonafide
LA_E_3848720,1,g722,A19
LA_E_3849462,1,opus,A11
LA_E_3849549,1,ulaw,A12
LA_E_3849582,1,g722,A09
LA_E_3849603,1,none,A10
LA_E_3849871,0,pstn,bonafide
LA_E_3850068,1,g722,A10
LA_E_3850346,1,g722,A14
LA_E_3850656,1,alaw,A13
LA_E_3850967,1,g722,A18
LA_E_3851203,1,none,A19
LA_E_3851378,1,opus,A08
LA_E_3851432,1,pstn,A14
LA_E_3851631,1,opus,A07
LA_E_3851783,1,gsm,A14
LA_E_3851859,1,g722,A12
LA_E_3851881,1,none,A16
LA_E_3851999,1,g722,A07
LA_E_3852225,1,none,A17
LA_E_3852267,1,gsm,A13
LA_E_3852809,1,g722,A12
LA_E_3852833,1,opus,A14
LA_E_3852928,1,ulaw,A13
LA_E_3853433,1,none,A14
LA_E_3853865,1,alaw,A15
LA_E_3854262,1,ulaw,A11
LA_E_3854351,0,g722,bonafide
LA_E_3854576,1,ulaw,A11
LA_E_3855092,1,g722,A15
LA_E_3855875,1,opus,A12
LA_E_3856569,0,ulaw,bonafide
LA_E_3856741,1,pstn,A07
LA_E_3857082,1,opus,A17
LA_E_3857084,0,pstn,bonafide
LA_E_3857092,1,alaw,A14
LA_E_3857128,1,ulaw,A19
LA_E_3857239,1,alaw,A17
LA_E_3857740,1,ulaw,A19
LA_E_3857938,1,alaw,A18
LA_E_3858377,1,none,A09
LA_E_3858748,0,opus,bonafide
LA_E_3858830,1,pstn,A11
LA_E_3858974,1,alaw,A13
LA_E_3859684,1,g722,A14
LA_E_3859863,1,g722,A07
LA_E_3860101,1,gsm,A08
LA_E_3860140,1,gsm,A19
LA_E_3860615,1,alaw,A14
LA_E_3861262,1,alaw,A08
LA_E_3861606,1,ulaw,A08
LA_E_3861666,1,alaw,A18
LA_E_3861864,1,gsm,A19
LA_E_3862416,1,ulaw,A07
LA_E_3862611,1,none,A19
LA_E_3862688,0,g722,bonafide
LA_E_3862732,1,pstn,A13
LA_E_3862742,0,opus,bonafide
LA_E_3862861,1,g722,A16
LA_E_3863186,1,ulaw,A15
LA_E_3863197,1,g722,A12
LA_E_3863328,1,pstn,A19
LA_E_3863621,0,none,bonafide
LA_E_3863632,1,alaw,A09
LA_E_3864095,1,gsm,A07
LA_E_3864229,1,none,A15
LA_E_3864318,1,gsm,A16
LA_E_3864661,0,alaw,bonafide
LA_E_3865167,1,alaw,A15
LA_E_3865450,0,alaw,bonafide
LA_E_3865677,1,opus,A11
LA_E_3866030,1,opus,A07
LA_E_3866267,1,opus,A12
LA_E_3866411,1,none,A07
LA_E_3866600,1,none,A17
LA_E_3866647,1,alaw,A16
LA_E_3866682,1,ulaw,A07
LA_E_3867648,1,g722,A11
LA_E_3867746,1,alaw,A19
LA_E_3868097,1,g722,A19
LA_E_3868117,1,opus,A12
LA_E_3868216,1,pstn,A11
LA_E_3868551,1,none,A18
LA_E_3868835,1,ulaw,A11
LA_E_3869547,0,opus,bonafide
LA_E_3869611,1,gsm,A07
LA_E_3870000,1,pstn,A15
LA_E_3870055,1,gsm,A07
LA_E_3870245,1,ulaw,A19
LA_E_3870473,1,none,A15
LA_E_3871189,1,g722,A11
LA_E_3871309,1,gsm,A09
LA_E_3871500,1,gsm,A14
LA_E_3871753,1,gsm,A19
LA_E_3871956,1,none,A18
LA_E_3872166,1,ulaw,A10
LA_E_3872285,1,none,A15
LA_E_3872548,1,opus,A10
LA_E_3872887,0,none,bonafide
LA_E_3872980,0,opus,bonafide
LA_E_3873116,1,gsm,A12
LA_E_3873574,1,gsm,A12
LA_E_3874078,1,opus,A07
LA_E_3874453,1,alaw,A17
LA_E_3874568,1,g722,A18
LA_E_3874658,1,opus,A11
LA_E_3875196,1,g722,A08
LA_E_3875396,1,opus,A19
LA_E_3875501,1,g722,A09
LA_E_3875555,1,ulaw,A13
LA_E_3875803,1,gsm,A09
LA_E_3876323,1,pstn,A13
LA_E_3876354,1,opus,A08
LA_E_3876612,1,none,A14
LA_E_3877436,1,ulaw,A13
LA_E_3877497,1,alaw,A14
LA_E_3877567,1,gsm,A16
LA_E_3877644,0,alaw,bonafide
LA_E_3877896,1,none,A19
LA_E_3878124,1,opus,A14
LA_E_3878473,1,ulaw,A14
LA_E_3878535,1,pstn,A19
LA_E_3879418,1,pstn,A12
LA_E_3879723,1,opus,A07
LA_E_3879901,1,none,A09
LA_E_3880759,1,g722,A14
LA_E_3880844,1,alaw,A15
LA_E_3880896,1,gsm,A08
LA_E_3880953,1,alaw,A16
LA_E_3881618,1,ulaw,A14
LA_E_3881729,1,none,A08
LA_E_3882383,1,g722,A18
LA_E_3882407,1,alaw,A10
LA_E_3882414,1,alaw,A17
LA_E_3883003,1,ulaw,A18
LA_E_3883059,1,g722,A09
LA_E_3883154,1,alaw,A07
LA_E_3883189,1,gsm,A19
LA_E_3883383,1,opus,A13
LA_E_3883595,1,none,A10
LA_E_3883636,1,gsm,A16
LA_E_3883648,0,ulaw,bonafide
LA_E_3883830,1,ulaw,A07
LA_E_3884183,1,opus,A13
LA_E_3884499,1,g722,A13
LA_E_3885093,1,alaw,A08
LA_E_3885111,0,g722,bonafide
LA_E_3885436,1,g722,A09
LA_E_3885502,1,opus,A10
LA_E_3885993,1,ulaw,A14
LA_E_3886016,1,g722,A15
LA_E_3886209,1,pstn,A10
LA_E_3886468,1,alaw,A17
LA_E_3886536,1,g722,A09
LA_E_3886662,1,alaw,A19
LA_E_3886756,1,g722,A07
LA_E_3887149,1,ulaw,A19
LA_E_3887590,1,alaw,A15
LA_E_3888906,1,none,A11
LA_E_3889105,1,g722,A19
LA_E_3889177,1,alaw,A13
LA_E_3889614,1,none,A13
LA_E_3889752,1,ulaw,A14
LA_E_3890806,1,alaw,A15
LA_E_3890900,1,gsm,A07
LA_E_3891245,1,g722,A09
LA_E_3891434,0,alaw,bonafide
LA_E_3891682,1,gsm,A17
LA_E_3891853,1,gsm,A17
LA_E_3891966,1,opus,A10
LA_E_3892649,1,opus,A15
LA_E_3893173,1,gsm,A10
LA_E_3893201,1,g722,A15
LA_E_3893449,1,ulaw,A17
LA_E_3893665,1,gsm,A14
LA_E_3893941,1,alaw,A12
LA_E_3893956,1,ulaw,A08
LA_E_3894188,0,opus,bonafide
LA_E_3894243,1,pstn,A16
LA_E_3895241,1,alaw,A11
LA_E_3895331,1,none,A19
LA_E_3895635,1,gsm,A18
LA_E_3896027,1,pstn,A10
LA_E_3896586,0,alaw,bonafide
LA_E_3898199,1,pstn,A17
LA_E_3898462,1,pstn,A09
LA_E_3899208,1,pstn,A16
LA_E_3899300,1,pstn,A15
LA_E_3899525,1,ulaw,A07
LA_E_3900077,1,alaw,A08
LA_E_3900618,1,none,A07
LA_E_3901076,1,alaw,A09
LA_E_3901606,1,pstn,A07
LA_E_3901924,1,opus,A17
LA_E_3902134,1,ulaw,A18
LA_E_3902154,1,ulaw,A18
LA_E_3902294,1,alaw,A10
LA_E_3902303,1,ulaw,A11
LA_E_3903450,1,ulaw,A15
LA_E_3903456,0,ulaw,bonafide
LA_E_3904006,0,opus,bonafide
LA_E_3904451,1,g722,A19
LA_E_3904531,1,ulaw,A11
LA_E_3904640,1,alaw,A14
LA_E_3906011,1,pstn,A13
LA_E_3906319,1,pstn,A13
LA_E_3906365,1,pstn,A18
LA_E_3906623,1,alaw,A19
LA_E_3906854,1,ulaw,A11
LA_E_3906920,1,ulaw,A09
LA_E_3906943,1,none,A15
LA_E_3907301,1,ulaw,A17
LA_E_3907336,1,pstn,A08
LA_E_3907337,1,ulaw,A11
LA_E_3907394,1,gsm,A09
LA_E_3907404,1,ulaw,A12
LA_E_3907943,1,gsm,A19
LA_E_3908371,1,g722,A11
LA_E_3908402,1,ulaw,A09
LA_E_3908711,1,alaw,A13
LA_E_3908958,0,ulaw,bonafide
LA_E_3909197,1,gsm,A09
LA_E_3909356,1,pstn,A19
LA_E_3909385,1,gsm,A08
LA_E_3909401,1,ulaw,A13
LA_E_3910056,0,opus,bonafide
LA_E_3911072,1,alaw,A19
LA_E_3911383,1,pstn,A11
LA_E_3912399,0,pstn,bonafide
LA_E_3912478,0,gsm,bonafide
LA_E_3913198,1,alaw,A07
LA_E_3913237,1,pstn,A08
LA_E_3915455,1,ulaw,A15
LA_E_3915484,1,g722,A15
LA_E_3916107,0,none,bonafide
LA_E_3916230,1,alaw,A18
LA_E_3916295,0,ulaw,bonafide
LA_E_3916327,1,g722,A16
LA_E_3916393,1,opus,A10
LA_E_3917173,0,none,bonafide
LA_E_3917430,1,pstn,A14
LA_E_3917527,1,none,A08
LA_E_3918043,1,g722,A09
LA_E_3918412,1,g722,A10
LA_E_3918779,0,pstn,bonafide
LA_E_3919011,1,opus,A18
LA_E_3919483,1,gsm,A18
LA_E_3920785,1,none,A19
LA_E_3920813,1,none,A15
LA_E_3921045,0,opus,bonafide
LA_E_3921238,1,none,A12
LA_E_3921425,1,g722,A15
LA_E_3921702,1,none,A14
LA_E_3921753,1,none,A10
LA_E_3921934,1,g722,A17
LA_E_3922014,1,g722,A09
LA_E_3922414,1,opus,A09
LA_E_3922742,1,g722,A08
LA_E_3923934,0,pstn,bonafide
LA_E_3924052,1,ulaw,A17
LA_E_3925638,0,ulaw,bonafide
LA_E_3925753,1,ulaw,A10
LA_E_3925848,1,gsm,A18
LA_E_3925881,1,g722,A19
LA_E_3925896,1,opus,A18
LA_E_3926192,1,g722,A12
LA_E_3926943,1,alaw,A09
LA_E_3927079,0,ulaw,bonafide
LA_E_3927650,1,gsm,A12
LA_E_3927718,1,opus,A18
LA_E_3928405,0,gsm,bonafide
LA_E_3928423,1,none,A17
LA_E_3928449,1,pstn,A17
LA_E_3929110,1,pstn,A10
LA_E_3929210,1,g722,A10
LA_E_3929231,1,ulaw,A08
LA_E_3930350,0,alaw,bonafide
LA_E_3930442,0,g722,bonafide
LA_E_3931260,1,g722,A10
LA_E_3931306,1,gsm,A14
LA_E_3931505,1,ulaw,A18
LA_E_3932299,1,opus,A11
LA_E_3932353,1,pstn,A12
LA_E_3932832,1,pstn,A07
LA_E_3932839,1,gsm,A18
LA_E_3932981,1,none,A12
LA_E_3933004,1,alaw,A14
LA_E_3933428,1,opus,A11
LA_E_3933453,0,ulaw,bonafide
LA_E_3933637,1,none,A10
LA_E_3933774,1,opus,A16
LA_E_3933953,1,gsm,A12
LA_E_3933989,1,gsm,A15
LA_E_3934773,1,gsm,A08
LA_E_3934926,1,none,A09
LA_E_3935104,1,ulaw,A15
LA_E_3935399,1,gsm,A07
LA_E_3935421,1,g722,A11
LA_E_3936133,1,g722,A08
LA_E_3936435,1,opus,A15
LA_E_3936875,1,pstn,A16
LA_E_3936879,1,alaw,A08
LA_E_3937018,1,gsm,A16
LA_E_3938042,0,gsm,bonafide
LA_E_3938225,1,pstn,A17
LA_E_3938288,1,pstn,A10
LA_E_3938524,1,g722,A08
LA_E_3938714,1,none,A16
LA_E_3938727,1,none,A13
LA_E_3939395,1,gsm,A13
LA_E_3939990,1,opus,A07
LA_E_3940262,1,g722,A14
LA_E_3940482,1,opus,A19
LA_E_3941029,1,g722,A08
LA_E_3941102,1,g722,A16
LA_E_3942058,1,g722,A14
LA_E_3942337,1,gsm,A16
LA_E_3942471,1,opus,A15
LA_E_3942603,1,alaw,A17
LA_E_3942656,1,alaw,A07
LA_E_3942676,1,pstn,A09
LA_E_3942890,1,opus,A08
LA_E_3943328,1,alaw,A09
LA_E_3943525,1,g722,A13
LA_E_3943745,1,g722,A19
LA_E_3944343,1,gsm,A07
LA_E_3944580,1,g722,A17
LA_E_3944657,1,gsm,A14
LA_E_3944673,1,pstn,A16
LA_E_3944927,1,pstn,A19
LA_E_3944975,1,gsm,A14
LA_E_3944999,0,none,bonafide
LA_E_3945291,1,gsm,A14
LA_E_3945345,1,opus,A15
LA_E_3945778,1,opus,A07
LA_E_3946036,1,opus,A08
LA_E_3946267,1,pstn,A18
LA_E_3946299,1,gsm,A17
LA_E_3946345,1,none,A11
LA_E_3946350,1,pstn,A10
LA_E_3946559,1,opus,A19
LA_E_3946846,1,alaw,A12
LA_E_3947665,1,g722,A08
LA_E_3948043,1,alaw,A17
LA_E_3948080,1,alaw,A10
LA_E_3948094,0,gsm,bonafide
LA_E_3948115,1,alaw,A19
LA_E_3948463,1,ulaw,A19
LA_E_3948805,1,g722,A08
LA_E_3949396,1,pstn,A15
LA_E_3949985,1,ulaw,A13
LA_E_3950242,1,gsm,A18
LA_E_3950317,1,opus,A14
LA_E_3951039,1,opus,A13
LA_E_3951082,1,alaw,A08
LA_E_3951445,1,ulaw,A16
LA_E_3951517,1,gsm,A13
LA_E_3952067,0,gsm,bonafide
LA_E_3952218,1,g722,A09
LA_E_3952814,1,ulaw,A16
LA_E_3952971,1,g722,A18
LA_E_3953084,1,ulaw,A12
LA_E_3953199,1,ulaw,A13
LA_E_3953564,1,gsm,A17
LA_E_3953601,1,ulaw,A17
LA_E_3953694,1,ulaw,A17
LA_E_3953904,1,ulaw,A08
LA_E_3954477,0,opus,bonafide
LA_E_3954789,1,gsm,A12
LA_E_3955122,1,ulaw,A10
LA_E_3955707,1,opus,A11
LA_E_3955829,1,alaw,A07
LA_E_3955921,1,g722,A08
LA_E_3955936,1,g722,A18
LA_E_3956289,1,ulaw,A07
LA_E_3956309,1,opus,A07
LA_E_3956770,0,gsm,bonafide
LA_E_3956854,1,alaw,A12
LA_E_3958268,1,g722,A16
LA_E_3958441,1,alaw,A13
LA_E_3958525,1,pstn,A11
LA_E_3958902,1,pstn,A19
LA_E_3959445,1,gsm,A17
LA_E_3959485,1,g722,A17
LA_E_3959653,1,g722,A18
LA_E_3960147,1,opus,A14
LA_E_3960183,1,ulaw,A10
LA_E_3960226,1,none,A17
LA_E_3960404,1,gsm,A08
LA_E_3960421,1,none,A16
LA_E_3960514,1,alaw,A15
LA_E_3960890,0,none,bonafide
LA_E_3961090,1,gsm,A11
LA_E_3961745,1,none,A08
LA_E_3962036,1,gsm,A09
LA_E_3962114,1,gsm,A13
LA_E_3962291,1,g722,A08
LA_E_3964232,1,none,A15
LA_E_3964388,1,g722,A10
LA_E_3964433,1,opus,A17
LA_E_3964696,1,ulaw,A17
LA_E_3964842,1,gsm,A13
LA_E_3965142,1,ulaw,A16
LA_E_3965357,0,g722,bonafide
LA_E_3965613,1,ulaw,A15
LA_E_3965674,1,alaw,A09
LA_E_3966445,1,ulaw,A14
LA_E_3966676,1,pstn,A16
LA_E_3966711,1,g722,A12
LA_E_3966722,1,ulaw,A17
LA_E_3966790,1,opus,A07
LA_E_3966878,1,pstn,A19
LA_E_3966968,1,pstn,A17
LA_E_3967232,1,ulaw,A10
LA_E_3967714,1,none,A13
LA_E_3967743,1,opus,A12
LA_E_3968069,1,g722,A13
LA_E_3968250,1,pstn,A18
LA_E_3968495,1,g722,A15
LA_E_3968559,1,alaw,A12
LA_E_3969040,1,ulaw,A18
LA_E_3969088,1,none,A10
LA_E_3970022,1,alaw,A10
LA_E_3970037,1,alaw,A12
LA_E_3970327,1,none,A12
LA_E_3970644,1,ulaw,A15
LA_E_3970754,1,none,A08
LA_E_3971316,1,opus,A09
LA_E_3971377,1,opus,A10
LA_E_3971439,1,alaw,A08
LA_E_3971523,1,gsm,A18
LA_E_3971535,1,g722,A17
LA_E_3971544,1,none,A09
LA_E_3972177,1,pstn,A10
LA_E_3972791,1,g722,A16
LA_E_3973205,1,none,A08
LA_E_3973660,1,ulaw,A18
LA_E_3974453,0,opus,bonafide
LA_E_3974542,0,g722,bonafide
LA_E_3974861,1,gsm,A19
LA_E_3975008,1,opus,A10
LA_E_3976284,1,none,A18
LA_E_3976291,1,gsm,A13
LA_E_3976414,1,ulaw,A19
LA_E_3976429,1,none,A12
LA_E_3976778,1,ulaw,A14
LA_E_3976894,1,ulaw,A07
LA_E_3978059,1,opus,A17
LA_E_3978188,1,opus,A18
LA_E_3978352,0,opus,bonafide
LA_E_3978437,1,opus,A19
LA_E_3978553,1,alaw,A09
LA_E_3978914,1,alaw,A18
LA_E_3978989,1,ulaw,A07
LA_E_3979335,1,opus,A07
LA_E_3979357,1,opus,A12
LA_E_3979380,1,gsm,A11
LA_E_3979921,0,opus,bonafide
LA_E_3979995,1,pstn,A18
LA_E_3980425,1,ulaw,A17
LA_E_3980430,1,g722,A10
LA_E_3981760,1,pstn,A16
LA_E_3981909,1,none,A10
LA_E_3981991,1,none,A09
LA_E_3982058,1,none,A14
LA_E_3982615,1,pstn,A08
LA_E_3982618,0,alaw,bonafide
LA_E_3982934,1,pstn,A11
LA_E_3983020,1,g722,A19
LA_E_3983253,0,opus,bonafide
LA_E_3983728,1,pstn,A18
LA_E_3984215,1,opus,A17
LA_E_3984217,1,pstn,A18
LA_E_3984472,1,alaw,A12
LA_E_3984609,1,ulaw,A09
LA_E_3984729,1,ulaw,A14
LA_E_3985184,1,g722,A17
LA_E_3985306,0,none,bonafide
LA_E_3985649,1,gsm,A17
LA_E_3985945,1,gsm,A11
LA_E_3986333,1,alaw,A12
LA_E_3987346,1,pstn,A12
LA_E_3987431,1,g722,A11
LA_E_3988061,1,pstn,A12
LA_E_3988131,0,alaw,bonafide
LA_E_3988344,1,pstn,A18
LA_E_3988418,1,opus,A12
LA_E_3988760,1,g722,A15
LA_E_3988854,1,g722,A12
LA_E_3988905,1,pstn,A13
LA_E_3991310,1,opus,A13
LA_E_3991686,1,g722,A14
LA_E_3991819,1,opus,A16
LA_E_3992048,1,gsm,A10
LA_E_3992206,1,opus,A08
LA_E_3992425,1,g722,A07
LA_E_3992469,1,gsm,A17
LA_E_3992527,1,ulaw,A08
LA_E_3992705,1,ulaw,A07
LA_E_3992755,1,g722,A18
LA_E_3992941,1,gsm,A18
LA_E_3992974,0,alaw,bonafide
LA_E_3993231,1,gsm,A12
LA_E_3993637,1,pstn,A09
LA_E_3993687,1,pstn,A16
LA_E_3993748,1,opus,A07
LA_E_3994484,1,none,A08
LA_E_3995570,1,g722,A14
LA_E_3995610,1,ulaw,A17
LA_E_3996035,1,none,A12
LA_E_3996297,1,opus,A18
LA_E_3996308,1,alaw,A16
LA_E_3996680,1,gsm,A19
LA_E_3996872,1,pstn,A13
LA_E_3997362,1,none,A14
LA_E_3997765,1,g722,A08
LA_E_3997820,1,g722,A18
LA_E_3998243,1,opus,A11
LA_E_3998365,1,pstn,A07
LA_E_3998541,0,gsm,bonafide
LA_E_3998800,1,opus,A17
LA_E_3998813,1,none,A08
LA_E_3999326,1,g722,A19
LA_E_3999485,1,opus,A14
LA_E_3999560,1,gsm,A12
LA_E_3999733,1,gsm,A17
LA_E_4000480,1,gsm,A17
LA_E_4000621,1,g722,A17
LA_E_4001051,1,none,A10
LA_E_4001258,0,alaw,bonafide
LA_E_4001827,1,ulaw,A19
LA_E_4001926,1,pstn,A14
LA_E_4002001,1,alaw,A19
LA_E_4002052,1,gsm,A15
LA_E_4002090,1,opus,A11
LA_E_4002560,1,opus,A07
LA_E_4002611,0,none,bonafide
LA_E_4002701,1,pstn,A19
LA_E_4002988,1,none,A12
LA_E_4003078,1,pstn,A08
LA_E_4003467,0,none,bonafide
LA_E_4003591,1,opus,A12
LA_E_4003636,1,alaw,A13
LA_E_4003763,0,ulaw,bonafide
LA_E_4003786,1,gsm,A18
LA_E_4003996,1,g722,A11
LA_E_4004030,0,alaw,bonafide
LA_E_4004049,1,ulaw,A09
LA_E_4004230,1,alaw,A16
LA_E_4004784,1,gsm,A08
LA_E_4004821,1,opus,A13
LA_E_4005106,1,opus,A08
LA_E_4005229,0,opus,bonafide
LA_E_4005818,1,pstn,A08
LA_E_4006375,1,pstn,A18
LA_E_4006609,1,alaw,A14
LA_E_4007005,1,pstn,A09
LA_E_4007130,1,gsm,A11
LA_E_4008119,1,gsm,A08
LA_E_4008154,1,alaw,A07
LA_E_4008292,1,none,A07
LA_E_4008546,1,opus,A09
LA_E_4008673,1,opus,A18
LA_E_4008860,1,g722,A10
LA_E_4009137,1,none,A19
LA_E_4009140,1,g722,A15
LA_E_4009757,1,ulaw,A19
LA_E_4010250,0,g722,bonafide
LA_E_4010355,1,pstn,A10
LA_E_4011038,1,none,A18
LA_E_4011140,1,alaw,A12
LA_E_4011387,0,none,bonafide
LA_E_4011762,1,gsm,A14
LA_E_4012146,1,pstn,A07
LA_E_4012612,1,none,A13
LA_E_4012632,1,pstn,A15
LA_E_4012983,1,gsm,A08
LA_E_4013044,1,g722,A14
LA_E_4013687,1,ulaw,A14
LA_E_4013705,0,pstn,bonafide
LA_E_4013865,1,ulaw,A07
LA_E_4014464,1,ulaw,A09
LA_E_4015367,1,opus,A18
LA_E_4016185,1,alaw,A13
LA_E_4016462,1,opus,A10
LA_E_4016507,1,ulaw,A13
LA_E_4017798,1,alaw,A17
LA_E_4017929,1,alaw,A08
LA_E_4018868,1,pstn,A08
LA_E_4018935,1,gsm,A14
LA_E_4019128,1,g722,A09
LA_E_4019167,1,gsm,A15
LA_E_4019332,1,opus,A10
LA_E_4019421,0,alaw,bonafide
LA_E_4019831,1,gsm,A17
LA_E_4020063,1,gsm,A08
LA_E_4021572,1,gsm,A15
LA_E_4021954,1,none,A17
LA_E_4022091,1,gsm,A15
LA_E_4022776,1,alaw,A15
LA_E_4023275,1,pstn,A11
LA_E_4023459,1,g722,A11
LA_E_4023853,1,alaw,A11
LA_E_4024193,1,gsm,A10
LA_E_4024967,1,none,A15
LA_E_4025224,1,none,A18
LA_E_4025338,1,alaw,A14
LA_E_4026347,1,g722,A12
LA_E_4027198,1,none,A19
LA_E_4027519,1,ulaw,A16
LA_E_4027810,1,opus,A18
LA_E_4027923,1,none,A17
LA_E_4027992,1,opus,A11
LA_E_4028348,1,gsm,A09
LA_E_4028390,1,ulaw,A11
LA_E_4028395,1,gsm,A16
LA_E_4028558,1,ulaw,A12
LA_E_4028845,1,pstn,A15
LA_E_4028884,1,ulaw,A17
LA_E_4028922,1,alaw,A19
LA_E_4029056,1,gsm,A11
LA_E_4029133,1,alaw,A09
LA_E_4029222,1,pstn,A17
LA_E_4029978,0,none,bonafide
LA_E_4030019,1,opus,A08
LA_E_4030023,1,none,A08
LA_E_4030257,1,gsm,A09
LA_E_4030911,0,alaw,bonafide
LA_E_4030928,1,pstn,A16
LA_E_4031257,1,gsm,A08
LA_E_4031281,1,g722,A17
LA_E_4031346,1,none,A14
LA_E_4031892,0,g722,bonafide
LA_E_4032666,1,alaw,A16
LA_E_4033140,1,pstn,A18
LA_E_4033236,1,none,A12
LA_E_4033636,1,gsm,A17
LA_E_4033690,0,g722,bonafide
LA_E_4033693,1,pstn,A14
LA_E_4033746,1,pstn,A13
LA_E_4033993,0,pstn,bonafide
LA_E_4034231,1,ulaw,A13
LA_E_4034658,1,gsm,A18
LA_E_4034659,0,gsm,bonafide
LA_E_4035346,1,alaw,A10
LA_E_4035604,0,ulaw,bonafide
LA_E_4035631,1,ulaw,A13
LA_E_4035717,1,gsm,A12
LA_E_4035835,1,none,A11
LA_E_4036093,1,alaw,A08
LA_E_4036360,0,pstn,bonafide
LA_E_4037529,1,gsm,A17
LA_E_4037930,1,gsm,A18
LA_E_4038367,1,ulaw,A10
LA_E_4039463,1,g722,A18
LA_E_4039485,1,pstn,A07
LA_E_4039517,0,g722,bonafide
LA_E_4040513,1,pstn,A09
LA_E_4040676,0,ulaw,bonafide
LA_E_4040696,0,pstn,bonafide
LA_E_4041598,1,pstn,A14
LA_E_4042783,1,none,A13
LA_E_4043086,1,g722,A11
LA_E_4043241,1,pstn,A08
LA_E_4043267,1,ulaw,A12
LA_E_4045089,1,ulaw,A16
LA_E_4045419,1,ulaw,A15
LA_E_4046359,1,g722,A12
LA_E_4047576,1,alaw,A18
LA_E_4048100,1,ulaw,A17
LA_E_4048124,1,opus,A13
LA_E_4048289,1,gsm,A17
LA_E_4048623,1,ulaw,A09
LA_E_4048960,1,gsm,A14
LA_E_4049330,1,alaw,A07
LA_E_4049653,1,g722,A15
LA_E_4050051,1,opus,A18
LA_E_4050158,1,ulaw,A08
LA_E_4050714,1,opus,A08
LA_E_4050737,0,opus,bonafide
LA_E_4050954,1,pstn,A19
LA_E_4051098,1,alaw,A16
LA_E_4051351,1,opus,A11
LA_E_4051713,1,ulaw,A08
LA_E_4051814,1,g722,A07
LA_E_4053145,1,g722,A14
LA_E_4053182,1,alaw,A12
LA_E_4053308,1,none,A12
LA_E_4053688,1,alaw,A17
LA_E_4053956,1,none,A10
LA_E_4054078,1,none,A16
LA_E_4054233,1,ulaw,A09
LA_E_4054575,0,none,bonafide
LA_E_4055296,1,opus,A08
LA_E_4055303,1,gsm,A07
LA_E_4055337,1,alaw,A08
LA_E_4055373,1,ulaw,A11
LA_E_4055935,1,gsm,A10
LA_E_4056436,0,gsm,bonafide
LA_E_4056485,1,alaw,A13
LA_E_4056854,1,opus,A19
LA_E_4057020,1,alaw,A19
LA_E_4057022,0,ulaw,bonafide
LA_E_4057039,1,none,A17
LA_E_4057402,1,opus,A13
LA_E_4057466,1,ulaw,A15
LA_E_4057690,1,ulaw,A16
LA_E_4057977,1,pstn,A09
LA_E_4058506,1,g722,A19
LA_E_4059153,0,ulaw,bonafide
LA_E_4059894,1,opus,A09
LA_E_4060666,1,ulaw,A11
LA_E_4060703,1,g722,A10
LA_E_4061134,1,g722,A09
LA_E_4061289,1,none,A10
LA_E_4061475,1,opus,A16
LA_E_4061814,1,gsm,A17
LA_E_4061841,1,opus,A08
LA_E_4061885,1,gsm,A19
LA_E_4061911,1,none,A13
LA_E_4062210,1,none,A07
LA_E_4063017,1,opus,A13
LA_E_4063356,1,none,A16
LA_E_4063650,1,opus,A07
LA_E_4063801,1,ulaw,A18
LA_E_4064488,1,gsm,A18
LA_E_4064516,0,pstn,bonafide
LA_E_4064926,1,opus,A13
LA_E_4066163,1,ulaw,A13
LA_E_4066408,1,opus,A19
LA_E_4066623,1,none,A16
LA_E_4066753,1,opus,A16
LA_E_4066960,1,g722,A17
LA_E_4068077,0,none,bonafide
LA_E_4068214,1,ulaw,A14
LA_E_4069248,1,opus,A08
LA_E_4069250,1,ulaw,A17
LA_E_4069440,1,pstn,A12
LA_E_4069499,1,pstn,A19
LA_E_4069618,1,ulaw,A18
LA_E_4069649,1,alaw,A09
LA_E_4069759,0,none,bonafide
LA_E_4069812,1,g722,A16
LA_E_4071345,1,opus,A09
LA_E_4071991,1,ulaw,A14
LA_E_4072036,1,ulaw,A16
LA_E_4072339,0,ulaw,bonafide
LA_E_4072689,1,pstn,A10
LA_E_4072842,1,ulaw,A18
LA_E_4072957,1,opus,A15
LA_E_4073139,1,gsm,A12
LA_E_4073482,1,g722,A12
LA_E_4073506,0,none,bonafide
LA_E_4073523,1,ulaw,A09
LA_E_4073527,1,opus,A09
LA_E_4073936,1,alaw,A11
LA_E_4074151,1,opus,A17
LA_E_4074363,1,pstn,A12
LA_E_4074479,1,none,A14
LA_E_4074738,1,alaw,A09
LA_E_4074823,1,ulaw,A13
LA_E_4074828,1,none,A09
LA_E_4075099,0,g722,bonafide
LA_E_4075417,1,opus,A15
LA_E_4075533,1,g722,A11
LA_E_4076688,1,opus,A11
LA_E_4076808,1,gsm,A07
LA_E_4077049,1,g722,A13
LA_E_4077293,1,none,A12
LA_E_4077451,1,pstn,A09
LA_E_4077974,1,alaw,A14
LA_E_4078632,1,pstn,A12
LA_E_4078834,1,pstn,A15
LA_E_4078968,1,alaw,A15
LA_E_4079420,1,gsm,A07
LA_E_4079530,1,gsm,A13
LA_E_4079910,1,opus,A08
LA_E_4080203,1,g722,A08
LA_E_4080803,1,gsm,A09
LA_E_4080907,1,alaw,A16
LA_E_4081099,1,g722,A15
LA_E_4081280,1,ulaw,A11
LA_E_4081619,1,gsm,A08
LA_E_4081670,1,g722,A19
LA_E_4081746,1,opus,A12
LA_E_4082181,1,none,A13
LA_E_4082222,1,none,A15
LA_E_4082422,1,pstn,A12
LA_E_4082507,1,ulaw,A07
LA_E_4082868,1,opus,A09
LA_E_4082901,1,gsm,A13
LA_E_4083092,1,gsm,A16
LA_E_4083713,1,g722,A14
LA_E_4084337,1,none,A18
LA_E_4084445,1,alaw,A13
LA_E_4084816,1,gsm,A19
LA_E_4084864,1,opus,A07
LA_E_4085389,1,pstn,A07
LA_E_4085410,1,opus,A10
LA_E_4085704,1,pstn,A17
LA_E_4085895,1,none,A11
LA_E_4085909,1,opus,A07
LA_E_4086082,1,pstn,A11
LA_E_4086142,1,ulaw,A15
LA_E_4086151,1,opus,A12
LA_E_4087449,0,gsm,bonafide
LA_E_4087602,1,none,A15
LA_E_4088326,1,none,A13
LA_E_4088328,1,none,A12
LA_E_4088498,1,opus,A16
LA_E_4088925,1,opus,A08
LA_E_4088991,1,opus,A16
LA_E_4089246,1,ulaw,A07
LA_E_4089744,1,gsm,A07
LA_E_4090336,1,g722,A16
LA_E_4090418,1,gsm,A09
LA_E_4090914,1,g722,A12
LA_E_4091056,1,pstn,A10
LA_E_4091569,1,alaw,A11
LA_E_4091931,1,g722,A12
LA_E_4092021,1,gsm,A15
LA_E_4092317,1,g722,A15
LA_E_4092492,1,ulaw,A10
LA_E_4093668,1,gsm,A15
LA_E_4093676,1,ulaw,A09
LA_E_4094181,1,alaw,A18
LA_E_4094452,1,gsm,A11
LA_E_4094639,1,alaw,A11
LA_E_4094999,0,none,bonafide
LA_E_4095172,1,alaw,A07
LA_E_4096249,1,ulaw,A09
LA_E_4096369,0,alaw,bonafide
LA_E_4098006,1,g722,A19
LA_E_4098576,1,ulaw,A19
LA_E_4098710,1,pstn,A11
LA_E_4098936,1,ulaw,A15
LA_E_4098975,1,opus,A09
LA_E_4099102,1,alaw,A11
LA_E_4099137,0,gsm,bonafide
LA_E_4099240,1,ulaw,A19
LA_E_4099416,1,opus,A19
LA_E_4099443,1,none,A16
LA_E_4100191,1,opus,A16
LA_E_4100408,1,alaw,A13
LA_E_4100819,1,gsm,A15
LA_E_4101073,1,alaw,A17
LA_E_4101131,1,g722,A16
LA_E_4101374,1,ulaw,A12
LA_E_4101575,1,none,A18
LA_E_4101628,1,pstn,A08
LA_E_4102401,1,ulaw,A07
LA_E_4102714,1,ulaw,A07
LA_E_4102940,1,opus,A08
LA_E_4102995,1,ulaw,A09
LA_E_4103092,1,none,A08
LA_E_4104480,1,pstn,A14
LA_E_4104550,1,gsm,A14
LA_E_4105545,1,alaw,A09
LA_E_4105955,1,opus,A19
LA_E_4106544,1,ulaw,A10
LA_E_4107356,1,alaw,A14
LA_E_4107464,1,gsm,A07
LA_E_4107594,1,none,A17
LA_E_4108411,1,ulaw,A15
LA_E_4108666,1,none,A11
LA_E_4108943,1,ulaw,A09
LA_E_4109249,1,pstn,A10
LA_E_4109273,1,alaw,A08
LA_E_4109357,1,gsm,A09
LA_E_4109534,1,alaw,A19
LA_E_4109810,1,opus,A13
LA_E_4110090,1,alaw,A11
LA_E_4110406,1,gsm,A10
LA_E_4110988,1,gsm,A11
LA_E_4111004,0,g722,bonafide
LA_E_4111039,1,none,A16
LA_E_4111117,1,g722,A17
LA_E_4111204,1,gsm,A18
LA_E_4112004,0,opus,bonafide
LA_E_4112555,1,gsm,A14
LA_E_4113077,1,opus,A07
LA_E_4113610,1,opus,A19
LA_E_4114104,1,pstn,A14
LA_E_4114120,1,none,A09
LA_E_4114482,1,alaw,A09
LA_E_4114612,1,g722,A13
LA_E_4115458,1,alaw,A10
LA_E_4115749,1,pstn,A12
LA_E_4116282,0,ulaw,bonafide
LA_E_4116601,1,g722,A10
LA_E_4116681,1,pstn,A07
LA_E_4116774,1,gsm,A10
LA_E_4117655,1,gsm,A14
LA_E_4117911,1,gsm,A16
LA_E_4118241,1,ulaw,A13
LA_E_4118355,1,none,A09
LA_E_4119175,1,ulaw,A13
LA_E_4120128,1,ulaw,A18
LA_E_4120251,1,gsm,A15
LA_E_4120495,1,opus,A11
LA_E_4120773,1,ulaw,A13
LA_E_4120910,1,none,A10
LA_E_4121249,1,gsm,A08
LA_E_4122689,1,gsm,A11
LA_E_4122990,1,gsm,A10
LA_E_4123276,1,opus,A16
LA_E_4123648,1,pstn,A19
LA_E_4123676,1,opus,A08
LA_E_4123816,1,ulaw,A12
LA_E_4123983,1,alaw,A10
LA_E_4124026,1,pstn,A16
LA_E_4124042,1,opus,A10
LA_E_4124285,1,ulaw,A18
LA_E_4124586,1,gsm,A07
LA_E_4124951,1,g722,A14
LA_E_4125103,1,gsm,A15
LA_E_4125148,1,pstn,A15
LA_E_4125391,1,none,A11
LA_E_4125718,0,g722,bonafide
LA_E_4126064,1,gsm,A07
LA_E_4126497,1,pstn,A15
LA_E_4126508,1,pstn,A14
LA_E_4126788,1,opus,A18
LA_E_4126792,1,gsm,A12
LA_E_4127559,1,none,A13
LA_E_4127993,1,opus,A11
LA_E_4128011,1,ulaw,A13
LA_E_4128520,1,opus,A11
LA_E_4128542,1,pstn,A09
LA_E_4128622,1,pstn,A08
LA_E_4128648,0,alaw,bonafide
LA_E_4128784,1,gsm,A08
LA_E_4128831,1,gsm,A08
LA_E_4129131,1,gsm,A14
LA_E_4129491,1,g722,A11
LA_E_4129505,1,opus,A11
LA_E_4129567,1,alaw,A07
LA_E_4130513,1,alaw,A15
LA_E_4130605,1,pstn,A18
LA_E_4132232,1,opus,A07
LA_E_4132481,1,alaw,A08
LA_E_4132794,1,none,A07
LA_E_4133146,1,pstn,A11
LA_E_4133396,1,alaw,A07
LA_E_4133859,1,opus,A07
LA_E_4133939,1,none,A14
LA_E_4134099,1,gsm,A07
LA_E_4134119,0,g722,bonafide
LA_E_4134300,1,opus,A11
LA_E_4134467,1,alaw,A17
LA_E_4134613,1,none,A11
LA_E_4135277,1,gsm,A10
LA_E_4135627,1,pstn,A17
LA_E_4135949,1,ulaw,A07
LA_E_4136004,1,gsm,A10
LA_E_4136376,1,ulaw,A14
LA_E_4136391,1,gsm,A07
LA_E_4136455,1,g722,A16
LA_E_4136918,1,gsm,A08
LA_E_4137147,1,opus,A09
LA_E_4137859,1,none,A07
LA_E_4137984,1,opus,A18
LA_E_4138666,0,g722,bonafide
LA_E_4138811,1,alaw,A12
LA_E_4138900,1,ulaw,A13
LA_E_4139150,1,ulaw,A17
LA_E_4139921,0,pstn,bonafide
LA_E_4140461,1,pstn,A14
LA_E_4140520,1,gsm,A07
LA_E_4140629,1,alaw,A19
LA_E_4141119,1,gsm,A08
LA_E_4142529,1,none,A16
LA_E_4142631,1,none,A14
LA_E_4142918,1,alaw,A09
LA_E_4143178,1,alaw,A07
LA_E_4143180,1,opus,A16
LA_E_4143597,0,gsm,bonafide
LA_E_4143646,1,ulaw,A11
LA_E_4143680,1,ulaw,A08
LA_E_4144603,1,alaw,A19
LA_E_4144605,1,g722,A14
LA_E_4144699,1,none,A19
LA_E_4144716,1,opus,A07
LA_E_4144727,1,opus,A13
LA_E_4144970,0,ulaw,bonafide
LA_E_4145140,0,gsm,bonafide
LA_E_4145206,1,g722,A09
LA_E_4145305,0,alaw,bonafide
LA_E_4145358,1,g722,A07
LA_E_4145942,1,alaw,A08
LA_E_4146034,1,ulaw,A14
LA_E_4146638,1,ulaw,A16
LA_E_4146747,1,g722,A13
LA_E_4147038,1,g722,A10
LA_E_4147813,1,pstn,A17
LA_E_4147818,1,alaw,A17
LA_E_4148002,1,ulaw,A17
LA_E_4148106,1,none,A13
LA_E_4148131,1,g722,A11
LA_E_4148497,1,alaw,A14
LA_E_4148684,1,g722,A11
LA_E_4148846,1,pstn,A13
LA_E_4149420,1,ulaw,A10
LA_E_4149635,1,pstn,A11
LA_E_4149839,1,none,A07
LA_E_4149972,0,opus,bonafide
LA_E_4150424,1,alaw,A10
LA_E_4150527,1,g722,A08
LA_E_4150642,1,opus,A11
LA_E_4150883,1,alaw,A13
LA_E_4151243,1,ulaw,A11
LA_E_4151268,1,alaw,A11
LA_E_4151656,1,pstn,A10
LA_E_4151869,1,ulaw,A10
LA_E_4152108,1,opus,A10
LA_E_4152622,1,g722,A12
LA_E_4153055,1,opus,A17
LA_E_4153584,1,ulaw,A12
LA_E_4154369,1,ulaw,A10
LA_E_4154449,1,none,A09
LA_E_4154740,1,gsm,A18
LA_E_4155369,1,ulaw,A17
LA_E_4155860,0,none,bonafide
LA_E_4156012,1,gsm,A09
LA_E_4156296,1,alaw,A11
LA_E_4156368,1,gsm,A11
LA_E_4156843,1,pstn,A15
LA_E_4156882,1,opus,A16
LA_E_4156910,1,opus,A10
LA_E_4157004,1,gsm,A10
LA_E_4157497,1,g722,A13
LA_E_4157906,1,pstn,A08
LA_E_4158238,1,none,A08
LA_E_4158261,1,opus,A17
LA_E_4158535,1,alaw,A14
LA_E_4158782,1,opus,A07
LA_E_4158848,1,pstn,A19
LA_E_4159150,1,gsm,A19
LA_E_4159227,1,opus,A09
LA_E_4159380,1,ulaw,A10
LA_E_4159467,0,opus,bonafide
LA_E_4159910,1,ulaw,A07
LA_E_4160534,1,none,A17
LA_E_4160883,1,pstn,A14
LA_E_4161048,1,g722,A11
LA_E_4161531,1,ulaw,A16
LA_E_4161864,1,gsm,A12
LA_E_4161909,1,alaw,A10
LA_E_4162035,0,none,bonafide
LA_E_4162127,1,alaw,A19
LA_E_4162181,1,opus,A15
LA_E_4162324,1,alaw,A18
LA_E_4162378,1,ulaw,A07
LA_E_4162964,0,ulaw,bonafide
LA_E_4163014,1,ulaw,A16
LA_E_4163549,1,gsm,A17
LA_E_4163781,1,g722,A18
LA_E_4163815,1,alaw,A17
LA_E_4164654,1,none,A13
LA_E_4164703,1,none,A09
LA_E_4164735,1,pstn,A07
LA_E_4164749,1,ulaw,A13
LA_E_4164841,1,alaw,A13
LA_E_4165003,1,ulaw,A18
LA_E_4165485,1,none,A08
LA_E_4165762,1,g722,A10
LA_E_4167119,0,g722,bonafide
LA_E_4167741,1,g722,A11
LA_E_4168078,1,opus,A19
LA_E_4168145,1,none,A16
LA_E_4168331,1,gsm,A09
LA_E_4168841,1,none,A07
LA_E_4169060,1,alaw,A17
LA_E_4169780,1,ulaw,A14
LA_E_4170161,1,pstn,A11
LA_E_4170220,1,pstn,A11
LA_E_4170401,1,none,A09
LA_E_4170948,1,gsm,A07
LA_E_4171641,1,none,A17
LA_E_4172320,1,gsm,A09
LA_E_4172621,1,ulaw,A17
LA_E_4172709,1,gsm,A11
LA_E_4172881,1,gsm,A09
LA_E_4172905,1,ulaw,A18
LA_E_4173008,1,g722,A12
LA_E_4173236,1,ulaw,A09
LA_E_4173329,1,alaw,A16
LA_E_4173719,1,ulaw,A10
LA_E_4174713,1,ulaw,A13
LA_E_4175382,1,none,A17
LA_E_4175597,0,opus,bonafide
LA_E_4176273,1,g722,A19
LA_E_4176538,1,gsm,A18
LA_E_4176689,1,ulaw,A18
LA_E_4177251,1,ulaw,A16
LA_E_4177966,1,alaw,A17
LA_E_4178283,1,none,A10
LA_E_4178380,1,alaw,A11
LA_E_4178426,1,g722,A16
LA_E_4179265,1,alaw,A09
LA_E_4179347,1,none,A07
LA_E_4179428,1,pstn,A18
LA_E_4179536,1,ulaw,A19
LA_E_4179642,1,pstn,A11
LA_E_4179780,1,alaw,A19
LA_E_4180747,1,gsm,A14
LA_E_4181139,1,none,A17
LA_E_4181283,1,ulaw,A18
LA_E_4181783,1,g722,A10
LA_E_4181963,1,g722,A15
LA_E_4181975,1,opus,A18
LA_E_4182167,1,opus,A13
LA_E_4182190,1,ulaw,A18
LA_E_4182242,1,gsm,A11
LA_E_4182446,1,none,A13
LA_E_4182482,1,opus,A15
LA_E_4182486,1,alaw,A19
LA_E_4182712,1,opus,A13
LA_E_4182771,1,ulaw,A15
LA_E_4183369,1,g722,A10
LA_E_4183405,1,ulaw,A16
LA_E_4183578,1,g722,A11
LA_E_4183894,0,opus,bonafide
LA_E_4183923,1,pstn,A16
LA_E_4184212,1,g722,A13
LA_E_4184329,1,g722,A14
LA_E_4184398,1,alaw,A13
LA_E_4184987,1,opus,A09
LA_E_4185282,1,g722,A09
LA_E_4185727,1,pstn,A10
LA_E_4185889,1,none,A10
LA_E_4186538,1,ulaw,A16
LA_E_4186786,0,alaw,bonafide
LA_E_4186964,1,gsm,A13
LA_E_4187955,1,opus,A07
LA_E_4188198,1,gsm,A12
LA_E_4188418,1,opus,A10
LA_E_4188584,1,gsm,A15
LA_E_4189495,1,none,A15
LA_E_4190308,1,opus,A07
LA_E_4190529,1,ulaw,A15
LA_E_4191087,1,g722,A09
LA_E_4191176,1,alaw,A18
LA_E_4191269,1,gsm,A17
LA_E_4191918,1,opus,A19
LA_E_4192179,1,g722,A13
LA_E_4192247,0,g722,bonafide
LA_E_4192451,1,ulaw,A12
LA_E_4192856,1,pstn,A08
LA_E_4192880,1,gsm,A17
LA_E_4193136,1,ulaw,A17
LA_E_4193292,1,ulaw,A14
LA_E_4194294,1,opus,A18
LA_E_4195292,1,g722,A17
LA_E_4195394,1,opus,A14
LA_E_4195911,0,g722,bonafide
LA_E_4196920,1,gsm,A11
LA_E_4197876,1,opus,A09
LA_E_4198024,1,pstn,A15
LA_E_4198052,1,ulaw,A16
LA_E_4198138,1,gsm,A08
LA_E_4198280,1,alaw,A17
LA_E_4199027,1,alaw,A15
LA_E_4199057,0,gsm,bonafide
LA_E_4199132,1,alaw,A09
LA_E_4199416,1,opus,A19
LA_E_4199774,1,gsm,A12
LA_E_4200257,1,none,A14
LA_E_4200261,1,ulaw,A10
LA_E_4200798,1,opus,A11
LA_E_4200825,1,g722,A14
LA_E_4201140,1,ulaw,A19
LA_E_4201329,1,opus,A14
LA_E_4201416,1,ulaw,A15
LA_E_4201742,1,ulaw,A12
LA_E_4202264,1,ulaw,A11
LA_E_4202841,0,opus,bonafide
LA_E_4202915,1,gsm,A10
LA_E_4203108,1,ulaw,A11
LA_E_4203172,1,gsm,A12
LA_E_4203276,1,ulaw,A07
LA_E_4203373,1,gsm,A10
LA_E_4203409,1,g722,A18
LA_E_4203439,1,none,A15
LA_E_4203581,1,g722,A10
LA_E_4203638,1,pstn,A11
LA_E_4203701,1,ulaw,A15
LA_E_4203862,1,gsm,A16
LA_E_4204009,1,gsm,A09
LA_E_4204029,1,alaw,A14
LA_E_4204904,1,pstn,A10
LA_E_4205144,1,alaw,A07
LA_E_4205185,1,pstn,A17
LA_E_4205331,1,alaw,A14
LA_E_4205335,1,opus,A17
LA_E_4205538,0,ulaw,bonafide
LA_E_4205542,1,gsm,A17
LA_E_4206529,1,ulaw,A13
LA_E_4206829,1,none,A07
LA_E_4207326,1,none,A12
LA_E_4207469,1,gsm,A12
LA_E_4207511,1,none,A18
LA_E_4207825,1,g722,A09
LA_E_4207967,1,ulaw,A14
LA_E_4208364,1,alaw,A19
LA_E_4208385,1,g722,A14
LA_E_4208812,1,gsm,A08
LA_E_4208937,1,gsm,A17
LA_E_4209047,1,ulaw,A18
LA_E_4209048,0,gsm,bonafide
LA_E_4209101,1,g722,A09
LA_E_4209155,1,alaw,A12
LA_E_4209236,1,alaw,A16
LA_E_4209240,1,ulaw,A11
LA_E_4209296,1,gsm,A13
LA_E_4209471,1,alaw,A18
LA_E_4209714,1,g722,A14
LA_E_4211206,1,g722,A08
LA_E_4211460,0,gsm,bonafide
LA_E_4211469,1,alaw,A12
LA_E_4211486,1,pstn,A16
LA_E_4212778,1,gsm,A07
LA_E_4212916,0,ulaw,bonafide
LA_E_4213606,1,g722,A19
LA_E_4213650,1,g722,A12
LA_E_4213937,1,ulaw,A13
LA_E_4213995,1,pstn,A09
LA_E_4214069,1,g722,A15
LA_E_4214090,1,gsm,A08
LA_E_4214643,1,opus,A11
LA_E_4214809,1,pstn,A17
LA_E_4214859,1,opus,A07
LA_E_4215750,1,g722,A09
LA_E_4215785,1,gsm,A17
LA_E_4216275,1,opus,A08
LA_E_4216315,1,pstn,A13
LA_E_4216351,1,gsm,A08
LA_E_4216528,1,alaw,A08
LA_E_4217054,1,none,A09
LA_E_4217239,1,gsm,A16
LA_E_4217265,1,opus,A11
LA_E_4217319,1,alaw,A14
LA_E_4217620,1,opus,A13
LA_E_4217640,1,pstn,A15
LA_E_4217735,1,alaw,A10
LA_E_4217807,1,g722,A18
LA_E_4217959,1,none,A19
LA_E_4218196,1,opus,A18
LA_E_4219302,1,pstn,A19
LA_E_4219777,1,alaw,A09
LA_E_4219920,1,alaw,A13
LA_E_4220245,1,g722,A13
LA_E_4220753,1,pstn,A07
LA_E_4220766,1,g722,A12
LA_E_4220891,1,ulaw,A08
LA_E_4221599,1,pstn,A09
LA_E_4223394,1,gsm,A12
LA_E_4224033,1,opus,A10
LA_E_4224748,1,alaw,A19
LA_E_4224770,1,ulaw,A10
LA_E_4224803,1,opus,A13
LA_E_4224924,1,opus,A14
LA_E_4226021,1,ulaw,A09
LA_E_4226218,1,opus,A17
LA_E_4226265,1,pstn,A13
LA_E_4226335,1,ulaw,A13
LA_E_4226654,1,pstn,A13
LA_E_4226674,1,opus,A10
LA_E_4226773,1,pstn,A16
LA_E_4227129,1,opus,A16
LA_E_4227161,1,gsm,A16
LA_E_4227800,1,none,A17
LA_E_4228006,1,g722,A15
LA_E_4228018,1,g722,A18
LA_E_4228148,1,pstn,A16
LA_E_4228443,1,none,A15
LA_E_4228453,1,g722,A07
LA_E_4228495,1,opus,A10
LA_E_4228972,1,ulaw,A08
LA_E_4229001,1,gsm,A17
LA_E_4229170,1,alaw,A12
LA_E_4229249,1,gsm,A07
LA_E_4230071,1,alaw,A10
LA_E_4230103,1,alaw,A08
LA_E_4230309,1,none,A11
LA_E_4230689,1,alaw,A07
LA_E_4230725,1,alaw,A15
LA_E_4230839,1,ulaw,A14
LA_E_4230850,1,g722,A09
LA_E_4230878,1,none,A18
LA_E_4231619,1,gsm,A16
LA_E_4232072,1,none,A17
LA_E_4232291,1,pstn,A10
LA_E_4232451,1,none,A11
LA_E_4232520,0,ulaw,bonafide
LA_E_4232995,1,opus,A19
LA_E_4233403,1,ulaw,A17
LA_E_4233625,1,gsm,A18
LA_E_4233863,1,gsm,A16
LA_E_4233876,1,ulaw,A10
LA_E_4233895,1,alaw,A18
LA_E_4234026,1,ulaw,A16
LA_E_4234060,1,opus,A10
LA_E_4235161,1,g722,A16
LA_E_4235888,1,ulaw,A08
LA_E_4235954,1,g722,A14
LA_E_4236291,1,pstn,A13
LA_E_4236392,1,none,A09
LA_E_4236570,1,opus,A08
LA_E_4236742,1,alaw,A17
LA_E_4236771,1,pstn,A17
LA_E_4236876,1,gsm,A18
LA_E_4236899,1,gsm,A09
LA_E_4236922,0,pstn,bonafide
LA_E_4237124,1,opus,A14
LA_E_4237129,1,pstn,A08
LA_E_4237159,1,gsm,A14
LA_E_4237255,1,gsm,A14
LA_E_4237791,1,g722,A19
LA_E_4237890,1,gsm,A14
LA_E_4237905,1,gsm,A10
LA_E_4237948,1,ulaw,A17
LA_E_4238286,1,opus,A07
LA_E_4238408,1,ulaw,A14
LA_E_4238697,1,g722,A16
LA_E_4238699,1,gsm,A13
LA_E_4238758,1,pstn,A18
LA_E_4239086,0,none,bonafide
LA_E_4239223,1,ulaw,A18
LA_E_4239331,1,ulaw,A17
LA_E_4239510,1,opus,A08
LA_E_4239965,1,gsm,A18
LA_E_4240699,0,pstn,bonafide
LA_E_4241169,1,alaw,A11
LA_E_4241217,1,gsm,A14
LA_E_4241341,1,ulaw,A11
LA_E_4241356,1,g722,A13
LA_E_4241522,1,ulaw,A17
LA_E_4241558,1,ulaw,A19
LA_E_4242078,1,ulaw,A16
LA_E_4242782,1,gsm,A16
LA_E_4242791,1,g722,A17
LA_E_4242848,1,opus,A15
LA_E_4243837,1,none,A08
LA_E_4244150,1,opus,A11
LA_E_4244424,1,ulaw,A08
LA_E_4244456,1,ulaw,A09
LA_E_4244569,1,ulaw,A11
LA_E_4244708,1,opus,A12
LA_E_4244874,1,pstn,A18
LA_E_4245443,1,pstn,A07
LA_E_4246084,1,pstn,A13
LA_E_4246251,0,opus,bonafide
LA_E_4246645,1,opus,A11
LA_E_4247456,1,ulaw,A16
LA_E_4247677,1,pstn,A12
LA_E_4247793,1,none,A19
LA_E_4247879,1,pstn,A17
LA_E_4248209,1,none,A11
LA_E_4248597,1,ulaw,A19
LA_E_4248624,1,ulaw,A11
LA_E_4248988,1,gsm,A14
LA_E_4249409,1,opus,A14
LA_E_4249448,1,opus,A15
LA_E_4249590,1,alaw,A11
LA_E_4250145,1,g722,A08
LA_E_4250263,1,none,A17
LA_E_4250582,1,ulaw,A13
LA_E_4250810,1,none,A07
LA_E_4250881,1,opus,A15
LA_E_4250994,1,ulaw,A17
LA_E_4251213,1,ulaw,A11
LA_E_4251285,0,opus,bonafide
LA_E_4251303,1,gsm,A09
LA_E_4251361,1,alaw,A12
LA_E_4252224,1,gsm,A12
LA_E_4252648,1,ulaw,A10
LA_E_4253176,1,gsm,A13
LA_E_4253315,1,gsm,A13
LA_E_4253542,1,opus,A14
LA_E_4253609,1,opus,A09
LA_E_4254358,1,opus,A15
LA_E_4254443,1,g722,A19
LA_E_4254539,1,alaw,A14
LA_E_4254561,1,none,A08
LA_E_4254598,1,none,A13
LA_E_4254802,1,none,A08
LA_E_4255201,1,opus,A19
LA_E_4255446,1,opus,A17
LA_E_4255537,1,gsm,A18
LA_E_4255546,1,ulaw,A09
LA_E_4256323,1,none,A13
LA_E_4256382,1,opus,A17
LA_E_4256751,1,pstn,A11
LA_E_4256891,1,pstn,A13
LA_E_4256897,1,gsm,A15
LA_E_4257052,1,ulaw,A15
LA_E_4257100,1,ulaw,A17
LA_E_4257773,1,pstn,A10
LA_E_4257831,1,g722,A10
LA_E_4257892,1,gsm,A19
LA_E_4258442,0,opus,bonafide
LA_E_4258460,1,pstn,A14
LA_E_4258473,1,alaw,A08
LA_E_4259080,1,ulaw,A11
LA_E_4259543,1,pstn,A14
LA_E_4259620,1,opus,A10
LA_E_4259902,1,gsm,A11
LA_E_4260214,1,none,A09
LA_E_4260543,1,g722,A07
LA_E_4261234,1,pstn,A18
LA_E_4261804,1,g722,A13
LA_E_4262109,1,gsm,A12
LA_E_4262159,1,pstn,A15
LA_E_4262588,1,opus,A08
LA_E_4263047,1,ulaw,A15
LA_E_4263084,1,pstn,A19
LA_E_4263877,1,gsm,A15
LA_E_4264326,1,gsm,A07
LA_E_4264718,0,opus,bonafide
LA_E_4264983,0,alaw,bonafide
LA_E_4265105,1,alaw,A16
LA_E_4265658,1,none,A12
LA_E_4266227,1,pstn,A13
LA_E_4266816,1,none,A08
LA_E_4267110,1,ulaw,A07
LA_E_4267248,1,ulaw,A19
LA_E_4267423,1,ulaw,A14
LA_E_4267797,1,opus,A08
LA_E_4267940,1,ulaw,A13
LA_E_4268105,1,alaw,A11
LA_E_4268310,1,gsm,A14
LA_E_4268334,1,ulaw,A13
LA_E_4268486,1,alaw,A13
LA_E_4269072,1,ulaw,A11
LA_E_4269100,1,ulaw,A14
LA_E_4269189,1,ulaw,A19
LA_E_4269496,1,alaw,A15
LA_E_4269616,1,gsm,A08
LA_E_4269991,1,none,A18
LA_E_4270293,1,ulaw,A17
LA_E_4270498,1,gsm,A12
LA_E_4270589,1,opus,A15
LA_E_4270612,1,alaw,A17
LA_E_4270680,1,opus,A14
LA_E_4271447,1,ulaw,A13
LA_E_4271742,1,g722,A11
LA_E_4271778,1,g722,A07
LA_E_4272178,1,none,A19
LA_E_4272576,1,ulaw,A19
LA_E_4272849,1,g722,A15
LA_E_4273091,1,ulaw,A16
LA_E_4273215,1,pstn,A16
LA_E_4273596,1,none,A16
LA_E_4273956,1,opus,A10
LA_E_4274045,1,opus,A16
LA_E_4274189,1,g722,A14
LA_E_4274546,1,g722,A15
LA_E_4274583,1,gsm,A17
LA_E_4274611,1,ulaw,A13
LA_E_4275900,1,alaw,A12
LA_E_4276018,1,none,A12
LA_E_4276801,1,pstn,A17
LA_E_4277305,1,gsm,A08
LA_E_4277621,1,g722,A08
LA_E_4277834,1,alaw,A08
LA_E_4278298,1,opus,A12
LA_E_4278451,1,pstn,A10
LA_E_4279274,1,opus,A19
LA_E_4279337,1,opus,A08
LA_E_4279408,0,ulaw,bonafide
LA_E_4279927,1,opus,A17
LA_E_4279991,1,pstn,A19
LA_E_4280016,0,gsm,bonafide
LA_E_4280345,1,opus,A16
LA_E_4280492,1,gsm,A09
LA_E_4280872,1,ulaw,A11
LA_E_4280964,1,g722,A19
LA_E_4281570,1,opus,A09
LA_E_4281620,1,opus,A08
LA_E_4281979,1,none,A07
LA_E_4282249,1,alaw,A16
LA_E_4282292,1,pstn,A08
LA_E_4282864,0,g722,bonafide
LA_E_4283470,1,opus,A18
LA_E_4283740,1,gsm,A08
LA_E_4283990,1,gsm,A10
LA_E_4284555,0,alaw,bonafide
LA_E_4284687,1,g722,A18
LA_E_4284857,1,gsm,A12
LA_E_4284902,1,g722,A18
LA_E_4285299,1,pstn,A08
LA_E_4285460,1,none,A09
LA_E_4285575,1,none,A12
LA_E_4286173,1,none,A14
LA_E_4286939,1,pstn,A16
LA_E_4287446,1,alaw,A13
LA_E_4288060,1,opus,A16
LA_E_4288656,0,ulaw,bonafide
LA_E_4288874,1,opus,A15
LA_E_4289120,1,opus,A12
LA_E_4289536,0,none,bonafide
LA_E_4289650,1,gsm,A15
LA_E_4289828,1,alaw,A09
LA_E_4290284,1,opus,A16
LA_E_4290320,0,g722,bonafide
LA_E_4290547,1,ulaw,A07
LA_E_4290909,1,ulaw,A11
LA_E_4291002,1,gsm,A18
LA_E_4291512,1,g722,A10
LA_E_4291598,1,g722,A08
LA_E_4292031,1,opus,A19
LA_E_4292097,1,ulaw,A14
LA_E_4292691,1,g722,A15
LA_E_4292862,1,gsm,A09
LA_E_4293049,1,pstn,A07
LA_E_4293299,1,gsm,A11
LA_E_4293422,1,none,A10
LA_E_4293483,1,g722,A13
LA_E_4294022,1,alaw,A11
LA_E_4294064,1,opus,A09
LA_E_4294244,1,alaw,A15
LA_E_4294477,1,ulaw,A14
LA_E_4294508,0,ulaw,bonafide
LA_E_4295110,0,none,bonafide
LA_E_4295158,1,alaw,A16
LA_E_4295260,0,gsm,bonafide
LA_E_4295500,1,ulaw,A19
LA_E_4295547,0,gsm,bonafide
LA_E_4295680,1,pstn,A19
LA_E_4296382,1,gsm,A19
LA_E_4296671,1,ulaw,A13
LA_E_4296980,1,ulaw,A10
LA_E_4297490,1,alaw,A16
LA_E_4297891,1,gsm,A08
LA_E_4298169,0,gsm,bonafide
LA_E_4298582,1,opus,A11
LA_E_4299087,1,ulaw,A15
LA_E_4299481,1,ulaw,A08
LA_E_4299574,0,pstn,bonafide
LA_E_4299611,1,alaw,A14
LA_E_4299726,1,g722,A07
LA_E_4300075,1,gsm,A19
LA_E_4300226,1,opus,A16
LA_E_4300416,1,pstn,A18
LA_E_4300527,0,alaw,bonafide
LA_E_4301097,1,gsm,A16
LA_E_4301108,1,pstn,A15
LA_E_4301239,1,none,A12
LA_E_4301407,1,none,A15
LA_E_4301448,1,opus,A17
LA_E_4301482,1,alaw,A19
LA_E_4301564,1,pstn,A18
LA_E_4301758,1,gsm,A11
LA_E_4301792,1,opus,A08
LA_E_4302296,1,pstn,A12
LA_E_4302313,1,none,A14
LA_E_4302314,1,g722,A11
LA_E_4302381,1,ulaw,A10
LA_E_4303027,0,gsm,bonafide
LA_E_4303311,1,opus,A13
LA_E_4303517,1,none,A18
LA_E_4303710,1,alaw,A18
LA_E_4303718,1,alaw,A16
LA_E_4304152,1,opus,A15
LA_E_4304181,1,none,A08
LA_E_4304878,1,none,A18
LA_E_4305106,1,pstn,A19
LA_E_4305305,1,g722,A07
LA_E_4306242,1,g722,A16
LA_E_4306528,1,g722,A19
LA_E_4306812,1,pstn,A18
LA_E_4307092,1,gsm,A18
LA_E_4307544,1,alaw,A08
LA_E_4308345,1,none,A11
LA_E_4308647,1,gsm,A08
LA_E_4308686,0,ulaw,bonafide
LA_E_4309060,1,pstn,A09
LA_E_4309075,1,pstn,A10
LA_E_4309251,1,opus,A08
LA_E_4309781,1,ulaw,A10
LA_E_4309986,1,none,A07
LA_E_4310221,1,pstn,A10
LA_E_4310385,1,ulaw,A10
LA_E_4310401,1,ulaw,A16
LA_E_4310769,1,opus,A09
LA_E_4311485,1,g722,A18
LA_E_4311553,1,gsm,A17
LA_E_4311560,1,opus,A07
LA_E_4311672,1,alaw,A08
LA_E_4311692,1,alaw,A18
LA_E_4311776,1,gsm,A13
LA_E_4311940,1,opus,A14
LA_E_4312103,1,none,A13
LA_E_4312359,1,ulaw,A19
LA_E_4312676,1,none,A15
LA_E_4313067,1,g722,A08
LA_E_4313144,1,pstn,A14
LA_E_4313353,1,ulaw,A07
LA_E_4313642,1,alaw,A07
LA_E_4313723,1,pstn,A17
LA_E_4313825,1,g722,A17
LA_E_4313925,1,g722,A17
LA_E_4314254,1,g722,A12
LA_E_4314749,1,g722,A17
LA_E_4314941,1,alaw,A12
LA_E_4315615,1,ulaw,A17
LA_E_4315723,1,opus,A17
LA_E_4315776,0,g722,bonafide
LA_E_4315967,1,gsm,A14
LA_E_4316286,1,ulaw,A18
LA_E_4316429,1,none,A11
LA_E_4316489,1,g722,A18
LA_E_4316879,1,opus,A15
LA_E_4317512,1,alaw,A11
LA_E_4317816,1,pstn,A12
LA_E_4317975,1,none,A18
LA_E_4317993,1,ulaw,A13
LA_E_4318040,1,pstn,A12
LA_E_4318601,1,pstn,A11
LA_E_4319103,1,opus,A12
LA_E_4319409,1,ulaw,A08
LA_E_4319445,1,gsm,A17
LA_E_4319573,0,pstn,bonafide
LA_E_4319885,1,opus,A15
LA_E_4319902,1,gsm,A07
LA_E_4320321,1,ulaw,A15
LA_E_4320499,1,g722,A07
LA_E_4320923,1,ulaw,A16
LA_E_4321350,1,g722,A08
LA_E_4322159,1,g722,A09
LA_E_4322175,1,alaw,A08
LA_E_4322883,1,ulaw,A18
LA_E_4322924,1,none,A15
LA_E_4323186,1,opus,A17
LA_E_4323432,0,gsm,bonafide
LA_E_4323553,1,alaw,A17
LA_E_4323809,1,gsm,A17
LA_E_4324000,1,ulaw,A12
LA_E_4324056,0,opus,bonafide
LA_E_4324186,1,gsm,A11
LA_E_4324626,1,ulaw,A18
LA_E_4325712,1,ulaw,A08
LA_E_4326731,1,gsm,A07
LA_E_4327060,1,opus,A13
LA_E_4327095,1,gsm,A17
LA_E_4328103,1,opus,A19
LA_E_4328878,1,g722,A09
LA_E_4329010,1,g722,A19
LA_E_4329482,1,gsm,A19
LA_E_4329745,0,g722,bonafide
LA_E_4329768,1,gsm,A16
LA_E_4329829,0,none,bonafide
LA_E_4330030,1,g722,A15
LA_E_4330047,1,g722,A13
LA_E_4330612,1,gsm,A07
LA_E_4330805,1,alaw,A09
LA_E_4331442,1,opus,A15
LA_E_4331465,1,alaw,A12
LA_E_4331567,1,alaw,A14
LA_E_4331622,1,opus,A13
LA_E_4331642,1,gsm,A14
LA_E_4332751,1,alaw,A10
LA_E_4333614,1,none,A09
LA_E_4333676,0,alaw,bonafide
LA_E_4334006,1,none,A12
LA_E_4334521,1,opus,A11
LA_E_4334670,1,opus,A07
LA_E_4334883,1,opus,A11
LA_E_4334905,1,gsm,A19
LA_E_4335399,1,g722,A10
LA_E_4335503,1,pstn,A07
LA_E_4336249,1,opus,A16
LA_E_4337282,1,gsm,A13
LA_E_4337287,1,pstn,A12
LA_E_4337403,1,alaw,A12
LA_E_4337431,1,opus,A12
LA_E_4337495,1,none,A12
LA_E_4338098,1,ulaw,A10
LA_E_4338181,1,g722,A17
LA_E_4338302,1,g722,A08
LA_E_4338353,1,gsm,A18
LA_E_4338417,1,opus,A16
LA_E_4338498,1,gsm,A19
LA_E_4339527,1,opus,A08
LA_E_4339661,1,alaw,A10
LA_E_4339784,1,opus,A14
LA_E_4340296,1,gsm,A17
LA_E_4340404,1,pstn,A12
LA_E_4340493,1,g722,A07
LA_E_4340617,1,pstn,A18
LA_E_4340825,1,none,A09
LA_E_4341095,1,none,A19
LA_E_4341438,1,g722,A15
LA_E_4341768,1,gsm,A10
LA_E_4341892,1,alaw,A08
LA_E_4342521,1,gsm,A12
LA_E_4343057,1,opus,A16
LA_E_4343286,1,alaw,A18
LA_E_4343553,1,alaw,A14
LA_E_4343739,1,g722,A17
LA_E_4344318,1,ulaw,A14
LA_E_4344795,1,g722,A11
LA_E_4345135,1,opus,A12
LA_E_4345142,1,ulaw,A13
LA_E_4345426,1,gsm,A16
LA_E_4345430,1,none,A10
LA_E_4345498,1,alaw,A11
LA_E_4346750,1,pstn,A08
LA_E_4347386,0,ulaw,bonafide
LA_E_4347620,1,ulaw,A09
LA_E_4347833,1,pstn,A16
LA_E_4347857,1,alaw,A12
LA_E_4347993,1,ulaw,A16
LA_E_4348523,1,none,A08
LA_E_4348762,1,g722,A10
LA_E_4349385,1,ulaw,A11
LA_E_4349869,1,pstn,A14
LA_E_4351300,1,none,A15
LA_E_4351967,0,gsm,bonafide
LA_E_4351986,1,ulaw,A17
LA_E_4352077,1,alaw,A18
LA_E_4352119,1,ulaw,A08
LA_E_4352165,1,ulaw,A13
LA_E_4352175,1,g722,A15
LA_E_4352556,1,none,A14
LA_E_4352695,1,g722,A08
LA_E_4353637,1,ulaw,A09
LA_E_4353645,0,ulaw,bonafide
LA_E_4353702,1,none,A11
LA_E_4354042,1,pstn,A13
LA_E_4354146,1,gsm,A12
LA_E_4354742,1,gsm,A12
LA_E_4355550,1,opus,A07
LA_E_4355716,1,ulaw,A07
LA_E_4355766,1,gsm,A13
LA_E_4355851,1,alaw,A10
LA_E_4356133,1,opus,A18
LA_E_4356457,1,none,A18
LA_E_4356852,1,gsm,A07
LA_E_4357230,1,opus,A12
LA_E_4357276,1,gsm,A09
LA_E_4357398,1,ulaw,A16
LA_E_4357539,1,g722,A14
LA_E_4357828,1,none,A10
LA_E_4357847,1,gsm,A11
LA_E_4357865,1,pstn,A11
LA_E_4357888,1,ulaw,A13
LA_E_4358673,1,ulaw,A19
LA_E_4359132,1,g722,A19
LA_E_4359497,1,opus,A14
LA_E_4359503,1,gsm,A18
LA_E_4359688,0,opus,bonafide
LA_E_4359956,1,gsm,A09
LA_E_4361804,1,gsm,A13
LA_E_4361983,1,g722,A13
LA_E_4362129,1,opus,A18
LA_E_4362785,1,ulaw,A12
LA_E_4362885,1,ulaw,A19
LA_E_4363365,1,g722,A17
LA_E_4363597,1,opus,A14
LA_E_4363642,1,alaw,A11
LA_E_4363689,1,ulaw,A18
LA_E_4363763,1,gsm,A10
LA_E_4363842,1,none,A13
LA_E_4364471,1,pstn,A09
LA_E_4364703,1,opus,A14
LA_E_4364718,1,ulaw,A12
LA_E_4364817,1,opus,A15
LA_E_4364823,0,g722,bonafide
LA_E_4364834,1,g722,A16
LA_E_4364904,1,ulaw,A17
LA_E_4365017,1,pstn,A19
LA_E_4365535,1,opus,A14
LA_E_4365792,1,alaw,A15
LA_E_4365955,1,ulaw,A09
LA_E_4366171,1,opus,A09
LA_E_4366391,1,ulaw,A13
LA_E_4367082,1,pstn,A14
LA_E_4367308,1,none,A08
LA_E_4367405,1,ulaw,A19
LA_E_4367858,1,gsm,A08
LA_E_4368040,1,alaw,A16
LA_E_4368295,1,gsm,A19
LA_E_4368337,1,alaw,A19
LA_E_4368373,1,gsm,A14
LA_E_4368458,1,pstn,A08
LA_E_4368463,1,none,A10
LA_E_4368875,1,ulaw,A13
LA_E_4369007,1,g722,A18
LA_E_4369566,1,pstn,A15
LA_E_4369637,1,ulaw,A09
LA_E_4369672,1,ulaw,A19
LA_E_4369863,1,gsm,A11
LA_E_4370208,1,pstn,A09
LA_E_4370537,1,alaw,A11
LA_E_4370657,1,opus,A09
LA_E_4371206,1,ulaw,A17
LA_E_4371658,1,none,A12
LA_E_4371664,1,alaw,A08
LA_E_4371911,1,ulaw,A13
LA_E_4372056,1,alaw,A11
LA_E_4372383,1,gsm,A14
LA_E_4372576,1,gsm,A18
LA_E_4372788,1,alaw,A18
LA_E_4373929,1,g722,A07
LA_E_4374796,1,ulaw,A13
LA_E_4375265,1,opus,A18
LA_E_4375355,0,ulaw,bonafide
LA_E_4375668,1,ulaw,A17
LA_E_4375708,1,gsm,A09
LA_E_4375934,1,ulaw,A10
LA_E_4378372,1,gsm,A14
LA_E_4378695,1,gsm,A12
LA_E_4378799,1,pstn,A10
LA_E_4378807,1,none,A16
LA_E_4378962,1,opus,A12
LA_E_4379253,1,gsm,A09
LA_E_4379372,1,alaw,A15
LA_E_4379447,1,alaw,A11
LA_E_4379481,1,alaw,A11
LA_E_4380181,1,pstn,A07
LA_E_4380460,1,g722,A16
LA_E_4380585,1,opus,A10
LA_E_4380799,1,gsm,A15
LA_E_4381617,1,ulaw,A10
LA_E_4382066,1,pstn,A13
LA_E_4382264,1,none,A15
LA_E_4382969,1,alaw,A08
LA_E_4382991,1,ulaw,A16
LA_E_4383133,1,gsm,A08
LA_E_4383469,1,pstn,A12
LA_E_4383667,1,gsm,A07
LA_E_4383762,1,gsm,A14
LA_E_4384997,1,gsm,A18
LA_E_4385045,0,pstn,bonafide
LA_E_4385801,1,opus,A17
LA_E_4386259,1,ulaw,A12
LA_E_4386404,1,alaw,A15
LA_E_4386550,1,g722,A16
LA_E_4386755,1,ulaw,A10
LA_E_4387864,0,opus,bonafide
LA_E_4388015,1,g722,A17
LA_E_4388116,1,none,A09
LA_E_4388149,1,none,A08
LA_E_4388286,1,pstn,A09
LA_E_4388575,1,alaw,A19
LA_E_4388725,1,opus,A18
LA_E_4389380,1,opus,A09
LA_E_4389699,1,gsm,A08
LA_E_4390055,1,none,A14
LA_E_4390137,1,gsm,A11
LA_E_4390282,1,g722,A12
LA_E_4390542,1,none,A19
LA_E_4390976,0,alaw,bonafide
LA_E_4391074,1,pstn,A08
LA_E_4391386,1,gsm,A10
LA_E_4391691,1,alaw,A12
LA_E_4391896,1,none,A09
LA_E_4392133,1,alaw,A11
LA_E_4392379,1,pstn,A12
LA_E_4392569,1,pstn,A15
LA_E_4392640,1,none,A10
LA_E_4392921,1,gsm,A14
LA_E_4392923,1,opus,A09
LA_E_4393094,0,gsm,bonafide
LA_E_4393335,1,gsm,A11
LA_E_4393625,1,ulaw,A13
LA_E_4393875,0,alaw,bonafide
LA_E_4393980,1,g722,A07
LA_E_4393994,1,pstn,A11
LA_E_4394298,1,g722,A18
LA_E_4394388,1,pstn,A12
LA_E_4394409,0,alaw,bonafide
LA_E_4394430,1,gsm,A15
LA_E_4394748,1,alaw,A10
LA_E_4394811,1,pstn,A07
LA_E_4395024,1,none,A13
LA_E_4395129,1,none,A17
LA_E_4395601,1,none,A14
LA_E_4396110,0,g722,bonafide
LA_E_4397092,1,none,A07
LA_E_4397099,1,alaw,A18
LA_E_4397274,1,gsm,A12
LA_E_4397386,1,opus,A12
LA_E_4397465,1,pstn,A09
LA_E_4397697,1,gsm,A10
LA_E_4398168,1,none,A13
LA_E_4398234,1,ulaw,A17
LA_E_4398438,1,gsm,A12
LA_E_4398733,1,ulaw,A15
LA_E_4399138,1,g722,A09
LA_E_4399513,0,g722,bonafide
LA_E_4399702,1,pstn,A14
LA_E_4399890,1,alaw,A17
LA_E_4399911,1,pstn,A09
LA_E_4400666,1,ulaw,A07
LA_E_4400721,1,opus,A13
LA_E_4400735,1,gsm,A18
LA_E_4400903,1,g722,A07
LA_E_4401257,1,gsm,A17
LA_E_4401286,1,none,A16
LA_E_4401499,1,opus,A18
LA_E_4401808,1,opus,A09
LA_E_4402011,1,opus,A12
LA_E_4402161,1,gsm,A13
LA_E_4402616,1,alaw,A13
LA_E_4402617,1,opus,A10
LA_E_4403008,1,alaw,A10
LA_E_4403069,1,gsm,A19
LA_E_4403844,1,gsm,A08
LA_E_4404408,0,none,bonafide
LA_E_4404713,1,none,A19
LA_E_4404757,1,g722,A08
LA_E_4405044,1,pstn,A15
LA_E_4405406,1,pstn,A19
LA_E_4405535,1,g722,A15
LA_E_4405577,1,none,A12
LA_E_4406033,1,opus,A08
LA_E_4406128,1,none,A08
LA_E_4406240,1,pstn,A14
LA_E_4406698,1,alaw,A16
LA_E_4406822,1,none,A18
LA_E_4406977,1,alaw,A09
LA_E_4407276,1,gsm,A19
LA_E_4407393,1,none,A10
LA_E_4407402,1,gsm,A10
LA_E_4407559,1,ulaw,A10
LA_E_4407835,0,pstn,bonafide
LA_E_4407883,1,ulaw,A10
LA_E_4407900,0,none,bonafide
LA_E_4408009,1,alaw,A13
LA_E_4408084,1,gsm,A18
LA_E_4408145,1,pstn,A17
LA_E_4408219,0,g722,bonafide
LA_E_4408438,1,pstn,A15
LA_E_4408466,1,g722,A12
LA_E_4408891,1,opus,A07
LA_E_4409037,1,alaw,A07
LA_E_4409309,1,opus,A10
LA_E_4409370,1,none,A11
LA_E_4409489,1,gsm,A19
LA_E_4409671,1,gsm,A17
LA_E_4409790,1,gsm,A10
LA_E_4409866,1,ulaw,A18
LA_E_4409879,1,gsm,A15
LA_E_4410780,1,opus,A18
LA_E_4410833,1,g722,A15
LA_E_4411069,1,alaw,A09
LA_E_4411350,0,gsm,bonafide
LA_E_4411437,1,pstn,A07
LA_E_4411511,1,none,A07
LA_E_4411595,1,ulaw,A07
LA_E_4411820,1,alaw,A10
LA_E_4412559,1,none,A07
LA_E_4412733,1,alaw,A07
LA_E_4412857,1,gsm,A16
LA_E_4413789,1,none,A10
LA_E_4413839,1,ulaw,A18
LA_E_4414715,1,g722,A19
LA_E_4415008,0,none,bonafide
LA_E_4415088,0,gsm,bonafide
LA_E_4415151,1,opus,A13
LA_E_4415280,1,g722,A09
LA_E_4415353,0,gsm,bonafide
LA_E_4415769,1,ulaw,A12
LA_E_4415976,1,opus,A14
LA_E_4416031,1,opus,A18
LA_E_4416395,1,opus,A19
LA_E_4416816,0,opus,bonafide
LA_E_4417144,0,pstn,bonafide
LA_E_4417321,1,opus,A13
LA_E_4417383,1,ulaw,A18
LA_E_4417444,1,alaw,A17
LA_E_4417974,0,ulaw,bonafide
LA_E_4418213,1,gsm,A11
LA_E_4418258,1,g722,A19
LA_E_4418292,1,opus,A07
LA_E_4419412,0,gsm,bonafide
LA_E_4419444,1,ulaw,A16
LA_E_4419606,1,opus,A08
LA_E_4419801,1,opus,A16
LA_E_4420238,1,alaw,A08
LA_E_4420586,1,gsm,A13
LA_E_4421077,1,alaw,A18
LA_E_4421653,1,pstn,A17
LA_E_4421795,1,ulaw,A09
LA_E_4422679,1,opus,A09
LA_E_4423114,1,ulaw,A15
LA_E_4423586,1,gsm,A16
LA_E_4423776,1,ulaw,A18
LA_E_4424088,1,gsm,A11
LA_E_4424140,1,ulaw,A17
LA_E_4424258,0,ulaw,bonafide
LA_E_4424502,1,opus,A11
LA_E_4424622,1,gsm,A16
LA_E_4424731,1,none,A10
LA_E_4425406,1,opus,A12
LA_E_4425411,1,alaw,A15
LA_E_4425792,0,pstn,bonafide
LA_E_4426308,1,gsm,A08
LA_E_4426494,1,none,A09
LA_E_4426723,1,pstn,A18
LA_E_4426747,1,opus,A10
LA_E_4427436,1,opus,A17
LA_E_4427439,1,none,A14
LA_E_4427943,0,pstn,bonafide
LA_E_4428385,0,g722,bonafide
LA_E_4428663,1,gsm,A07
LA_E_4429115,0,alaw,bonafide
LA_E_4429209,1,opus,A13
LA_E_4429321,1,opus,A08
LA_E_4429499,1,ulaw,A18
LA_E_4429801,1,none,A17
LA_E_4430300,1,ulaw,A19
LA_E_4430787,1,none,A14
LA_E_4430982,1,opus,A08
LA_E_4431905,1,g722,A17
LA_E_4432086,1,alaw,A15
LA_E_4432195,0,gsm,bonafide
LA_E_4432225,1,alaw,A14
LA_E_4432262,1,opus,A16
LA_E_4432428,1,pstn,A08
LA_E_4432776,1,ulaw,A14
LA_E_4432859,1,g722,A15
LA_E_4433172,1,none,A10
LA_E_4433240,1,opus,A18
LA_E_4433310,1,none,A19
LA_E_4433746,1,none,A13
LA_E_4434000,0,alaw,bonafide
LA_E_4434840,1,gsm,A10
LA_E_4435484,1,alaw,A18
LA_E_4435987,0,none,bonafide
LA_E_4437401,1,pstn,A11
LA_E_4437644,1,g722,A09
LA_E_4438187,0,gsm,bonafide
LA_E_4438740,1,gsm,A16
LA_E_4439273,1,opus,A18
LA_E_4439739,0,pstn,bonafide
LA_E_4440219,1,opus,A14
LA_E_4440690,1,opus,A11
LA_E_4441675,1,none,A14
LA_E_4442153,1,g722,A13
LA_E_4442421,1,g722,A19
LA_E_4442449,1,pstn,A18
LA_E_4442483,1,opus,A15
LA_E_4443816,1,opus,A13
LA_E_4444075,1,alaw,A10
LA_E_4444726,1,ulaw,A15
LA_E_4444995,1,g722,A07
LA_E_4445146,1,gsm,A15
LA_E_4445254,1,g722,A14
LA_E_4445386,1,opus,A08
LA_E_4446227,1,none,A07
LA_E_4446344,1,opus,A19
LA_E_4446420,1,pstn,A17
LA_E_4446545,1,opus,A16
LA_E_4446624,1,opus,A08
LA_E_4446775,1,pstn,A10
LA_E_4447043,1,gsm,A09
LA_E_4447130,1,gsm,A14
LA_E_4447696,1,gsm,A17
LA_E_4448084,1,none,A16
LA_E_4448384,1,none,A07
LA_E_4448506,1,opus,A07
LA_E_4448533,0,alaw,bonafide
LA_E_4449110,1,alaw,A17
LA_E_4449333,1,opus,A11
LA_E_4449599,0,ulaw,bonafide
LA_E_4449966,1,pstn,A09
LA_E_4450425,1,g722,A13
LA_E_4450514,1,opus,A13
LA_E_4451333,1,none,A07
LA_E_4452194,1,opus,A10
LA_E_4452678,1,opus,A07
LA_E_4452703,1,opus,A15
LA_E_4453480,1,alaw,A07
LA_E_4453620,1,gsm,A10
LA_E_4454150,1,gsm,A18
LA_E_4454242,1,gsm,A17
LA_E_4455239,1,ulaw,A14
LA_E_4455473,1,pstn,A17
LA_E_4455545,1,ulaw,A11
LA_E_4455706,1,alaw,A15
LA_E_4456067,1,alaw,A10
LA_E_4456207,0,pstn,bonafide
LA_E_4456400,1,none,A19
LA_E_4456685,1,opus,A07
LA_E_4457044,1,gsm,A09
LA_E_4457296,1,opus,A10
LA_E_4457336,1,gsm,A18
LA_E_4457592,1,none,A13
LA_E_4457930,1,g722,A12
LA_E_4459698,1,gsm,A07
LA_E_4459833,1,pstn,A16
LA_E_4459865,1,g722,A12
LA_E_4459915,1,alaw,A13
LA_E_4460046,1,ulaw,A17
LA_E_4460881,1,g722,A11
LA_E_4461084,1,pstn,A07
LA_E_4461232,1,gsm,A08
LA_E_4461261,0,opus,bonafide
LA_E_4461540,1,ulaw,A19
LA_E_4461572,1,alaw,A07
LA_E_4462318,0,gsm,bonafide
LA_E_4462689,1,gsm,A07
LA_E_4463644,1,gsm,A19
LA_E_4463655,1,pstn,A08
LA_E_4463982,1,none,A17
LA_E_4464263,1,g722,A08
LA_E_4464748,0,ulaw,bonafide
LA_E_4464896,1,opus,A15
LA_E_4464969,0,alaw,bonafide
LA_E_4465063,1,pstn,A19
LA_E_4465333,1,ulaw,A08
LA_E_4465615,1,opus,A12
LA_E_4465779,1,opus,A16
LA_E_4466005,1,opus,A15
LA_E_4466061,1,g722,A10
LA_E_4466925,0,pstn,bonafide
LA_E_4467086,0,ulaw,bonafide
LA_E_4467614,1,pstn,A15
LA_E_4467979,1,none,A13
LA_E_4468030,1,g722,A09
LA_E_4468214,1,g722,A17
LA_E_4468752,1,gsm,A07
LA_E_4468849,0,g722,bonafide
LA_E_4469216,1,none,A18
LA_E_4469326,1,pstn,A08
LA_E_4469372,1,gsm,A07
LA_E_4469591,1,ulaw,A14
LA_E_4469695,1,alaw,A09
LA_E_4470008,1,none,A07
LA_E_4470205,1,alaw,A11
LA_E_4470446,1,gsm,A14
LA_E_4470831,1,opus,A19
LA_E_4471057,1,gsm,A08
LA_E_4471219,1,gsm,A16
LA_E_4471445,1,ulaw,A13
LA_E_4472366,1,none,A13
LA_E_4472739,1,opus,A18
LA_E_4473499,1,alaw,A12
LA_E_4473529,1,opus,A16
LA_E_4473636,1,g722,A16
LA_E_4473736,1,ulaw,A09
LA_E_4473824,1,alaw,A07
LA_E_4473917,1,gsm,A13
LA_E_4473958,1,none,A11
LA_E_4474372,1,g722,A11
LA_E_4474751,1,alaw,A10
LA_E_4474802,1,gsm,A07
LA_E_4475212,1,pstn,A10
LA_E_4475579,1,alaw,A17
LA_E_4475676,1,gsm,A08
LA_E_4475792,1,ulaw,A15
LA_E_4475901,1,gsm,A15
LA_E_4476009,1,gsm,A16
LA_E_4476127,1,gsm,A10
LA_E_4476628,1,none,A11
LA_E_4477785,1,opus,A17
LA_E_4477813,1,gsm,A11
LA_E_4477827,1,none,A15
LA_E_4478240,0,pstn,bonafide
LA_E_4478520,1,gsm,A07
LA_E_4479466,1,opus,A17
LA_E_4479540,1,pstn,A14
LA_E_4479586,1,none,A13
LA_E_4479775,0,gsm,bonafide
LA_E_4480368,1,ulaw,A19
LA_E_4480486,1,alaw,A14
LA_E_4480956,1,gsm,A16
LA_E_4481275,1,ulaw,A17
LA_E_4481370,1,g722,A09
LA_E_4481498,1,pstn,A12
LA_E_4481903,0,none,bonafide
LA_E_4482130,1,gsm,A10
LA_E_4482139,0,alaw,bonafide
LA_E_4482146,1,pstn,A07
LA_E_4482509,1,pstn,A11
LA_E_4482580,1,alaw,A17
LA_E_4483683,1,gsm,A19
LA_E_4483898,1,gsm,A10
LA_E_4484093,1,none,A15
LA_E_4484354,1,gsm,A12
LA_E_4484445,0,gsm,bonafide
LA_E_4485259,1,ulaw,A11
LA_E_4485279,1,pstn,A14
LA_E_4485508,1,pstn,A11
LA_E_4485831,1,opus,A07
LA_E_4485850,1,g722,A08
LA_E_4485945,1,opus,A09
LA_E_4486594,1,ulaw,A14
LA_E_4486722,1,ulaw,A08
LA_E_4487487,0,g722,bonafide
LA_E_4487691,1,opus,A07
LA_E_4487726,1,pstn,A12
LA_E_4488378,1,gsm,A09
LA_E_4488398,1,alaw,A08
LA_E_4488553,0,g722,bonafide
LA_E_4489317,1,none,A07
LA_E_4489556,1,opus,A15
LA_E_4489945,1,pstn,A14
LA_E_4489955,1,opus,A16
LA_E_4490569,1,g722,A09
LA_E_4491143,0,pstn,bonafide
LA_E_4491160,1,ulaw,A10
LA_E_4491329,1,gsm,A12
LA_E_4491706,1,gsm,A17
LA_E_4491722,1,g722,A13
LA_E_4491857,1,pstn,A15
LA_E_4492127,1,alaw,A07
LA_E_4492417,1,opus,A09
LA_E_4492628,1,none,A09
LA_E_4493529,1,ulaw,A11
LA_E_4493972,1,none,A11
LA_E_4494091,1,none,A11
LA_E_4494137,1,pstn,A07
LA_E_4494409,1,none,A07
LA_E_4494573,0,none,bonafide
LA_E_4494894,1,none,A07
LA_E_4495523,1,alaw,A11
LA_E_4495613,1,gsm,A12
LA_E_4495675,0,g722,bonafide
LA_E_4495706,0,gsm,bonafide
LA_E_4495801,1,alaw,A08
LA_E_4495903,1,opus,A09
LA_E_4495907,1,gsm,A16
LA_E_4496553,1,ulaw,A09
LA_E_4496989,1,gsm,A08
LA_E_4497188,1,ulaw,A16
LA_E_4497430,1,gsm,A13
LA_E_4497453,1,gsm,A11
LA_E_4497755,1,none,A15
LA_E_4498706,1,g722,A14
LA_E_4499139,0,g722,bonafide
LA_E_4499179,1,gsm,A11
LA_E_4499235,1,gsm,A09
LA_E_4499433,1,none,A14
LA_E_4499849,1,opus,A10
LA_E_4499943,1,ulaw,A18
LA_E_4500408,1,opus,A08
LA_E_4500447,1,alaw,A15
LA_E_4500740,1,gsm,A17
LA_E_4501383,1,pstn,A07
LA_E_4501628,1,opus,A14
LA_E_4502656,0,alaw,bonafide
LA_E_4502812,1,opus,A10
LA_E_4502911,1,alaw,A12
LA_E_4503238,1,pstn,A19
LA_E_4503478,1,ulaw,A10
LA_E_4503536,1,alaw,A07
LA_E_4503586,1,opus,A08
LA_E_4503812,1,opus,A13
LA_E_4503971,1,ulaw,A13
LA_E_4504025,1,alaw,A09
LA_E_4504555,1,ulaw,A10
LA_E_4505353,1,pstn,A08
LA_E_4505580,1,g722,A16
LA_E_4505614,1,ulaw,A08
LA_E_4505830,1,alaw,A13
LA_E_4506146,0,none,bonafide
LA_E_4506432,1,opus,A10
LA_E_4506826,1,pstn,A12
LA_E_4506944,1,pstn,A08
LA_E_4507025,1,g722,A08
LA_E_4507126,1,g722,A13
LA_E_4507271,1,none,A18
LA_E_4507335,1,pstn,A09
LA_E_4507504,1,none,A11
LA_E_4507846,1,pstn,A15
LA_E_4507862,1,pstn,A11
LA_E_4508002,1,ulaw,A09
LA_E_4508402,1,pstn,A16
LA_E_4508808,1,opus,A14
LA_E_4508882,0,pstn,bonafide
LA_E_4509045,1,opus,A19
LA_E_4509062,1,ulaw,A08
LA_E_4509178,1,opus,A17
LA_E_4509374,1,ulaw,A16
LA_E_4509515,1,none,A08
LA_E_4509740,1,none,A08
LA_E_4509841,0,g722,bonafide
LA_E_4510031,1,opus,A11
LA_E_4510451,1,alaw,A10
LA_E_4510488,1,ulaw,A12
LA_E_4510620,1,opus,A17
LA_E_4511654,1,gsm,A09
LA_E_4511746,1,alaw,A19
LA_E_4511764,1,ulaw,A12
LA_E_4511998,1,g722,A19
LA_E_4512063,1,opus,A19
LA_E_4512126,1,none,A10
LA_E_4512658,1,pstn,A09
LA_E_4513019,1,alaw,A10
LA_E_4513210,1,none,A19
LA_E_4514322,1,none,A13
LA_E_4514376,1,none,A13
LA_E_4514527,1,pstn,A14
LA_E_4514727,1,opus,A14
LA_E_4514783,1,gsm,A15
LA_E_4515080,1,gsm,A18
LA_E_4515082,1,gsm,A11
LA_E_4515126,1,opus,A13
LA_E_4515167,1,g722,A14
LA_E_4515679,1,alaw,A07
LA_E_4516053,1,gsm,A18
LA_E_4516158,1,g722,A11
LA_E_4516263,1,alaw,A19
LA_E_4516671,1,g722,A09
LA_E_4516879,1,opus,A15
LA_E_4517498,1,ulaw,A15
LA_E_4517715,1,gsm,A18
LA_E_4517739,1,opus,A15
LA_E_4518648,0,ulaw,bonafide
LA_E_4518747,1,opus,A08
LA_E_4518798,1,gsm,A13
LA_E_4519068,1,ulaw,A15
LA_E_4519169,1,g722,A13
LA_E_4519611,1,ulaw,A07
LA_E_4519700,1,none,A18
LA_E_4519756,1,g722,A14
LA_E_4519920,0,ulaw,bonafide
LA_E_4519986,1,ulaw,A12
LA_E_4520002,1,ulaw,A19
LA_E_4520004,1,opus,A14
LA_E_4520667,1,g722,A14
LA_E_4521742,1,gsm,A10
LA_E_4521775,1,ulaw,A09
LA_E_4521980,1,g722,A10
LA_E_4521992,1,ulaw,A09
LA_E_4522025,1,none,A17
LA_E_4522590,1,none,A17
LA_E_4522613,1,g722,A16
LA_E_4522856,1,pstn,A11
LA_E_4523295,1,ulaw,A09
LA_E_4523574,0,opus,bonafide
LA_E_4523670,1,opus,A14
LA_E_4523797,1,none,A16
LA_E_4523966,1,g722,A09
LA_E_4523994,0,none,bonafide
LA_E_4524023,1,ulaw,A14
LA_E_4524177,1,opus,A19
LA_E_4524259,1,opus,A18
LA_E_4524468,1,ulaw,A14
LA_E_4524787,1,alaw,A17
LA_E_4524996,1,gsm,A12
LA_E_4525651,1,none,A12
LA_E_4526146,1,opus,A18
LA_E_4526940,1,ulaw,A13
LA_E_4528592,1,opus,A09
LA_E_4529564,1,pstn,A17
LA_E_4529718,1,g722,A12
LA_E_4530325,1,g722,A13
LA_E_4531331,1,none,A13
LA_E_4531663,1,pstn,A11
LA_E_4531890,1,opus,A12
LA_E_4531920,1,alaw,A13
LA_E_4531978,1,alaw,A13
LA_E_4532513,1,opus,A09
LA_E_4532533,1,ulaw,A08
LA_E_4532620,1,pstn,A17
LA_E_4533150,1,gsm,A09
LA_E_4533218,1,ulaw,A17
LA_E_4533287,0,gsm,bonafide
LA_E_4533726,1,opus,A16
LA_E_4534434,1,opus,A19
LA_E_4534455,1,pstn,A14
LA_E_4534498,1,g722,A14
LA_E_4534827,1,pstn,A18
LA_E_4535407,1,ulaw,A19
LA_E_4535528,1,pstn,A08
LA_E_4535704,1,pstn,A09
LA_E_4535881,1,pstn,A13
LA_E_4536350,1,g722,A19
LA_E_4536586,1,ulaw,A11
LA_E_4536610,1,ulaw,A14
LA_E_4536681,1,gsm,A12
LA_E_4536685,1,alaw,A14
LA_E_4537466,1,ulaw,A17
LA_E_4537518,1,ulaw,A09
LA_E_4537878,1,opus,A19
LA_E_4537910,1,g722,A18
LA_E_4538014,1,alaw,A10
LA_E_4538111,1,g722,A15
LA_E_4538132,0,opus,bonafide
LA_E_4538413,1,g722,A18
LA_E_4538813,1,gsm,A17
LA_E_4538860,1,ulaw,A19
LA_E_4539181,1,none,A18
LA_E_4539209,1,opus,A17
LA_E_4539798,0,none,bonafide
LA_E_4539849,1,none,A18
LA_E_4539873,1,none,A09
LA_E_4540012,1,g722,A12
LA_E_4540499,1,pstn,A17
LA_E_4540674,0,pstn,bonafide
LA_E_4541655,1,pstn,A16
LA_E_4541923,1,gsm,A15
LA_E_4542085,1,ulaw,A18
LA_E_4542349,1,g722,A19
LA_E_4542525,1,ulaw,A17
LA_E_4542639,1,ulaw,A08
LA_E_4542858,1,alaw,A08
LA_E_4542885,1,opus,A13
LA_E_4543385,0,alaw,bonafide
LA_E_4543464,0,gsm,bonafide
LA_E_4543654,1,pstn,A13
LA_E_4543662,0,pstn,bonafide
LA_E_4544152,1,alaw,A12
LA_E_4544290,1,alaw,A13
LA_E_4544948,1,none,A10
LA_E_4545009,1,gsm,A13
LA_E_4545109,1,opus,A10
LA_E_4545260,1,ulaw,A07
LA_E_4545338,0,g722,bonafide
LA_E_4545853,1,ulaw,A16
LA_E_4545891,1,alaw,A16
LA_E_4545955,1,gsm,A07
LA_E_4546364,1,ulaw,A12
LA_E_4546542,1,gsm,A11
LA_E_4546589,1,ulaw,A14
LA_E_4546674,1,none,A15
LA_E_4546733,1,g722,A12
LA_E_4546763,1,gsm,A17
LA_E_4546857,1,opus,A08
LA_E_4547228,1,gsm,A15
LA_E_4547327,1,opus,A14
LA_E_4547587,1,none,A07
LA_E_4548218,1,none,A09
LA_E_4548402,1,pstn,A07
LA_E_4549588,0,ulaw,bonafide
LA_E_4550038,1,ulaw,A19
LA_E_4550115,0,opus,bonafide
LA_E_4550667,1,alaw,A19
LA_E_4550780,1,g722,A11
LA_E_4551176,1,g722,A07
LA_E_4552023,1,gsm,A18
LA_E_4552052,1,gsm,A17
LA_E_4552212,1,none,A12
LA_E_4552531,1,gsm,A16
LA_E_4552716,1,gsm,A13
LA_E_4553417,1,none,A16
LA_E_4553635,1,pstn,A10
LA_E_4553682,1,gsm,A07
LA_E_4553908,1,g722,A10
LA_E_4553957,1,none,A16
LA_E_4554162,1,alaw,A15
LA_E_4554173,1,gsm,A10
LA_E_4554196,1,g722,A16
LA_E_4554312,1,g722,A07
LA_E_4554752,1,opus,A18
LA_E_4555196,1,gsm,A10
LA_E_4555231,1,g722,A15
LA_E_4555831,1,none,A11
LA_E_4556051,0,g722,bonafide
LA_E_4556067,1,gsm,A11
LA_E_4556258,1,gsm,A14
LA_E_4556489,1,alaw,A08
LA_E_4556740,1,g722,A11
LA_E_4557306,1,g722,A09
LA_E_4557442,1,alaw,A19
LA_E_4557446,1,opus,A14
LA_E_4557793,1,opus,A12
LA_E_4558571,1,none,A19
LA_E_4559224,1,none,A14
LA_E_4559334,1,g722,A13
LA_E_4559397,1,gsm,A10
LA_E_4559491,1,opus,A11
LA_E_4559512,1,ulaw,A09
LA_E_4559978,1,pstn,A18
LA_E_4560015,1,ulaw,A10
LA_E_4560266,1,g722,A15
LA_E_4560271,1,none,A17
LA_E_4560754,1,opus,A10
LA_E_4560976,1,ulaw,A10
LA_E_4561710,0,ulaw,bonafide
LA_E_4562187,1,ulaw,A13
LA_E_4562431,1,g722,A11
LA_E_4562541,1,pstn,A17
LA_E_4562840,1,alaw,A15
LA_E_4562932,1,opus,A19
LA_E_4563357,1,gsm,A09
LA_E_4563517,1,ulaw,A14
LA_E_4563522,1,gsm,A15
LA_E_4563697,1,none,A09
LA_E_4563820,1,gsm,A11
LA_E_4564003,1,alaw,A19
LA_E_4564043,1,gsm,A14
LA_E_4564251,1,g722,A14
LA_E_4564271,1,ulaw,A15
LA_E_4564358,1,opus,A16
LA_E_4564452,1,none,A13
LA_E_4564514,1,opus,A12
LA_E_4564685,1,g722,A07
LA_E_4564785,1,ulaw,A15
LA_E_4564827,1,g722,A18
LA_E_4565412,1,opus,A12
LA_E_4565420,1,gsm,A14
LA_E_4565603,0,none,bonafide
LA_E_4565755,0,none,bonafide
LA_E_4565771,1,ulaw,A08
LA_E_4565819,1,opus,A13
LA_E_4566187,0,ulaw,bonafide
LA_E_4566631,1,g722,A12
LA_E_4566768,1,pstn,A18
LA_E_4567323,1,opus,A07
LA_E_4567544,1,g722,A13
LA_E_4567762,1,gsm,A07
LA_E_4567827,1,opus,A11
LA_E_4568206,1,pstn,A13
LA_E_4568656,1,g722,A17
LA_E_4569168,1,alaw,A19
LA_E_4569391,1,ulaw,A19
LA_E_4569826,1,alaw,A19
LA_E_4569934,1,none,A07
LA_E_4569971,0,opus,bonafide
LA_E_4570120,1,g722,A07
LA_E_4570275,1,pstn,A16
LA_E_4570315,1,opus,A15
LA_E_4570346,1,gsm,A15
LA_E_4571218,1,alaw,A15
LA_E_4571850,1,none,A07
LA_E_4571857,1,g722,A11
LA_E_4572202,1,g722,A12
LA_E_4572302,1,alaw,A17
LA_E_4572427,1,opus,A11
LA_E_4573283,1,none,A18
LA_E_4573559,1,alaw,A13
LA_E_4573690,1,opus,A11
LA_E_4574204,1,alaw,A15
LA_E_4574458,1,ulaw,A15
LA_E_4574678,1,none,A08
LA_E_4574695,1,ulaw,A11
LA_E_4574904,1,pstn,A17
LA_E_4575026,1,ulaw,A17
LA_E_4575443,1,alaw,A08
LA_E_4575954,1,gsm,A11
LA_E_4576644,1,ulaw,A07
LA_E_4576749,1,alaw,A17
LA_E_4576849,1,none,A11
LA_E_4576912,0,pstn,bonafide
LA_E_4577122,1,pstn,A12
LA_E_4577256,1,alaw,A15
LA_E_4577779,1,g722,A08
LA_E_4577863,1,gsm,A16
LA_E_4578038,1,alaw,A19
LA_E_4578872,1,none,A16
LA_E_4579049,1,opus,A09
LA_E_4579120,1,g722,A16
LA_E_4579256,1,alaw,A08
LA_E_4579482,1,none,A11
LA_E_4579749,1,ulaw,A11
LA_E_4579785,1,opus,A13
LA_E_4580246,1,alaw,A18
LA_E_4580874,1,gsm,A12
LA_E_4581395,0,none,bonafide
LA_E_4581757,1,pstn,A07
LA_E_4581845,1,g722,A14
LA_E_4582288,1,g722,A15
LA_E_4582425,1,alaw,A14
LA_E_4582942,1,pstn,A16
LA_E_4583172,1,ulaw,A09
LA_E_4583218,1,pstn,A11
LA_E_4583920,1,none,A15
LA_E_4584193,1,ulaw,A12
LA_E_4584219,1,alaw,A13
LA_E_4584528,1,gsm,A10
LA_E_4584750,1,alaw,A07
LA_E_4585398,1,gsm,A16
LA_E_4586057,1,none,A14
LA_E_4586171,1,gsm,A09
LA_E_4586201,1,alaw,A13
LA_E_4586469,1,opus,A07
LA_E_4586667,1,opus,A08
LA_E_4586668,1,alaw,A15
LA_E_4586879,1,gsm,A13
LA_E_4587099,1,gsm,A10
LA_E_4587671,1,gsm,A16
LA_E_4587754,0,opus,bonafide
LA_E_4588036,1,opus,A10
LA_E_4588054,1,opus,A13
LA_E_4588203,1,alaw,A09
LA_E_4588378,1,pstn,A12
LA_E_4589311,1,none,A07
LA_E_4589429,0,g722,bonafide
LA_E_4589989,1,none,A15
LA_E_4590106,1,opus,A19
LA_E_4590484,1,g722,A13
LA_E_4590536,0,alaw,bonafide
LA_E_4591848,1,g722,A19
LA_E_4592213,1,ulaw,A15
LA_E_4592552,1,none,A12
LA_E_4592616,1,pstn,A08
LA_E_4592813,1,none,A11
LA_E_4593394,0,opus,bonafide
LA_E_4593694,1,g722,A14
LA_E_4593774,1,gsm,A08
LA_E_4593884,0,gsm,bonafide
LA_E_4594294,1,g722,A08
LA_E_4594496,1,opus,A07
LA_E_4595266,0,alaw,bonafide
LA_E_4595313,0,none,bonafide
LA_E_4595318,1,pstn,A07
LA_E_4595347,1,alaw,A07
LA_E_4595597,1,alaw,A19
LA_E_4595882,1,ulaw,A12
LA_E_4595899,1,opus,A10
LA_E_4596027,0,gsm,bonafide
LA_E_4596382,1,ulaw,A18
LA_E_4596766,1,alaw,A19
LA_E_4597465,1,opus,A19
LA_E_4597553,1,g722,A17
LA_E_4598250,1,pstn,A10
LA_E_4598543,0,alaw,bonafide
LA_E_4599056,1,gsm,A15
LA_E_4599098,1,opus,A07
LA_E_4599457,1,opus,A19
LA_E_4599641,1,gsm,A11
LA_E_4599850,1,gsm,A16
LA_E_4600390,1,g722,A13
LA_E_4600621,1,ulaw,A11
LA_E_4600917,1,none,A10
LA_E_4600969,1,pstn,A17
LA_E_4601404,1,g722,A07
LA_E_4602079,1,g722,A08
LA_E_4602699,1,opus,A10
LA_E_4602812,1,none,A11
LA_E_4602975,1,ulaw,A16
LA_E_4604026,1,g722,A15
LA_E_4604110,1,pstn,A16
LA_E_4604201,1,ulaw,A07
LA_E_4604285,1,none,A12
LA_E_4604309,1,none,A10
LA_E_4604404,1,gsm,A09
LA_E_4604469,1,opus,A09
LA_E_4604893,1,opus,A08
LA_E_4604903,1,alaw,A08
LA_E_4604928,1,ulaw,A17
LA_E_4604955,1,pstn,A08
LA_E_4605127,1,gsm,A18
LA_E_4605277,1,alaw,A08
LA_E_4605510,0,gsm,bonafide
LA_E_4605624,1,opus,A11
LA_E_4605939,1,opus,A09
LA_E_4606200,0,pstn,bonafide
LA_E_4606299,1,ulaw,A09
LA_E_4607214,1,opus,A16
LA_E_4608049,0,alaw,bonafide
LA_E_4608205,0,none,bonafide
LA_E_4608218,1,pstn,A13
LA_E_4608226,1,pstn,A19
LA_E_4608753,1,opus,A08
LA_E_4608986,0,opus,bonafide
LA_E_4609015,1,alaw,A18
LA_E_4609976,0,ulaw,bonafide
LA_E_4610029,1,alaw,A10
LA_E_4610078,1,opus,A16
LA_E_4610239,1,pstn,A15
LA_E_4610627,1,none,A11
LA_E_4610714,1,alaw,A10
LA_E_4610817,1,pstn,A15
LA_E_4611182,1,g722,A19
LA_E_4611476,0,none,bonafide
LA_E_4611721,1,g722,A09
LA_E_4611848,1,ulaw,A12
LA_E_4612099,1,none,A09
LA_E_4612118,1,opus,A08
LA_E_4613323,1,gsm,A10
LA_E_4613481,1,ulaw,A16
LA_E_4613638,1,opus,A19
LA_E_4613726,1,alaw,A16
LA_E_4613766,1,gsm,A10
LA_E_4614200,1,none,A15
LA_E_4614260,1,opus,A11
LA_E_4614432,1,gsm,A10
LA_E_4614722,1,g722,A07
LA_E_4614947,1,alaw,A14
LA_E_4614983,0,pstn,bonafide
LA_E_4615388,1,pstn,A12
LA_E_4615532,1,g722,A19
LA_E_4615606,1,pstn,A12
LA_E_4616262,1,alaw,A17
LA_E_4616341,1,g722,A19
LA_E_4616506,1,gsm,A17
LA_E_4616610,1,alaw,A09
LA_E_4616703,1,opus,A07
LA_E_4617251,1,alaw,A10
LA_E_4617285,1,pstn,A10
LA_E_4617482,1,ulaw,A15
LA_E_4617507,1,ulaw,A16
LA_E_4617790,1,opus,A10
LA_E_4618057,1,gsm,A14
LA_E_4619191,1,opus,A12
LA_E_4619501,1,g722,A18
LA_E_4619545,1,ulaw,A17
LA_E_4619579,1,ulaw,A19
LA_E_4619859,1,alaw,A08
LA_E_4620235,1,alaw,A08
LA_E_4620484,1,g722,A19
LA_E_4620609,1,none,A09
LA_E_4620699,1,g722,A19
LA_E_4620752,1,g722,A07
LA_E_4621162,1,ulaw,A15
LA_E_4621640,1,alaw,A13
LA_E_4621843,1,opus,A12
LA_E_4622025,0,alaw,bonafide
LA_E_4622719,1,ulaw,A18
LA_E_4623383,1,gsm,A09
LA_E_4623572,1,pstn,A09
LA_E_4623904,1,g722,A13
LA_E_4623961,0,ulaw,bonafide
LA_E_4624009,1,pstn,A10
LA_E_4624031,1,pstn,A11
LA_E_4624423,1,opus,A07
LA_E_4624927,1,opus,A14
LA_E_4624950,1,opus,A19
LA_E_4625236,1,g722,A10
LA_E_4625313,1,g722,A15
LA_E_4625375,1,opus,A10
LA_E_4625747,1,pstn,A14
LA_E_4625782,1,alaw,A17
LA_E_4625940,1,g722,A17
LA_E_4625985,1,g722,A10
LA_E_4626305,1,opus,A17
LA_E_4626639,1,none,A14
LA_E_4626944,1,ulaw,A15
LA_E_4626992,1,none,A10
LA_E_4627331,1,alaw,A19
LA_E_4628586,1,none,A15
LA_E_4629220,1,gsm,A18
LA_E_4629222,1,ulaw,A13
LA_E_4629394,1,pstn,A18
LA_E_4629595,1,ulaw,A14
LA_E_4629765,0,opus,bonafide
LA_E_4629957,1,pstn,A13
LA_E_4630001,1,g722,A09
LA_E_4630080,1,alaw,A14
LA_E_4630490,1,ulaw,A11
LA_E_4630667,1,gsm,A15
LA_E_4630777,1,alaw,A18
LA_E_4631031,1,g722,A08
LA_E_4631283,1,gsm,A08
LA_E_4631292,1,ulaw,A10
LA_E_4631530,0,pstn,bonafide
LA_E_4631542,1,ulaw,A16
LA_E_4631860,1,g722,A07
LA_E_4631890,1,gsm,A18
LA_E_4632362,1,g722,A12
LA_E_4632855,1,pstn,A09
LA_E_4632943,1,opus,A18
LA_E_4633147,1,ulaw,A16
LA_E_4633334,1,gsm,A09
LA_E_4633860,1,pstn,A19
LA_E_4633998,1,gsm,A09
LA_E_4634333,1,alaw,A19
LA_E_4634567,1,pstn,A08
LA_E_4634818,1,g722,A19
LA_E_4635181,1,none,A12
LA_E_4636081,1,opus,A19
LA_E_4636094,1,ulaw,A14
LA_E_4636221,1,gsm,A12
LA_E_4636437,1,gsm,A11
LA_E_4636554,1,g722,A08
LA_E_4637055,0,none,bonafide
LA_E_4637302,1,none,A14
LA_E_4637376,1,opus,A12
LA_E_4637644,1,ulaw,A16
LA_E_4637861,1,pstn,A13
LA_E_4638009,1,none,A17
LA_E_4638110,1,pstn,A12
LA_E_4638205,1,alaw,A08
LA_E_4638842,1,none,A19
LA_E_4638934,1,opus,A13
LA_E_4639356,1,none,A15
LA_E_4639689,1,ulaw,A19
LA_E_4640664,1,opus,A19
LA_E_4640884,1,none,A09
LA_E_4641146,1,alaw,A19
LA_E_4641329,1,ulaw,A14
LA_E_4641455,1,gsm,A08
LA_E_4641672,1,pstn,A10
LA_E_4641912,1,gsm,A19
LA_E_4642958,1,ulaw,A10
LA_E_4643057,1,opus,A13
LA_E_4643146,1,gsm,A15
LA_E_4643186,1,pstn,A14
LA_E_4643711,0,pstn,bonafide
LA_E_4643741,1,pstn,A12
LA_E_4643852,1,gsm,A07
LA_E_4644349,1,ulaw,A16
LA_E_4644580,1,ulaw,A18
LA_E_4644583,0,gsm,bonafide
LA_E_4644676,1,pstn,A17
LA_E_4644711,1,pstn,A12
LA_E_4644812,1,alaw,A15
LA_E_4645130,1,g722,A18
LA_E_4645272,1,none,A18
LA_E_4645348,1,opus,A18
LA_E_4645885,1,none,A14
LA_E_4646936,1,gsm,A14
LA_E_4647820,1,pstn,A16
LA_E_4648169,0,g722,bonafide
LA_E_4649103,1,gsm,A15
LA_E_4649257,0,ulaw,bonafide
LA_E_4649344,1,alaw,A12
LA_E_4649484,1,alaw,A16
LA_E_4650136,1,g722,A08
LA_E_4650519,1,gsm,A08
LA_E_4650843,0,g722,bonafide
LA_E_4651070,0,gsm,bonafide
LA_E_4651505,1,pstn,A11
LA_E_4651588,1,alaw,A07
LA_E_4651602,1,opus,A19
LA_E_4651715,1,g722,A18
LA_E_4651767,1,alaw,A12
LA_E_4651780,1,gsm,A11
LA_E_4652665,1,ulaw,A19
LA_E_4652768,1,none,A16
LA_E_4652801,1,gsm,A08
LA_E_4652986,1,none,A19
LA_E_4653222,1,gsm,A10
LA_E_4654568,1,g722,A10
LA_E_4654775,0,pstn,bonafide
LA_E_4654823,1,gsm,A07
LA_E_4654908,1,g722,A11
LA_E_4654961,1,pstn,A12
LA_E_4655221,1,ulaw,A18
LA_E_4655343,1,alaw,A16
LA_E_4655522,1,none,A08
LA_E_4655563,1,ulaw,A18
LA_E_4656614,1,opus,A19
LA_E_4656715,1,ulaw,A09
LA_E_4657108,1,alaw,A12
LA_E_4657655,1,opus,A12
LA_E_4657695,1,none,A17
LA_E_4658011,1,gsm,A13
LA_E_4658190,1,gsm,A09
LA_E_4658193,1,alaw,A15
LA_E_4658300,1,ulaw,A08
LA_E_4658506,1,gsm,A16
LA_E_4659222,1,ulaw,A14
LA_E_4659273,1,none,A17
LA_E_4659454,1,alaw,A15
LA_E_4659530,1,opus,A17
LA_E_4659556,1,g722,A09
LA_E_4659966,1,alaw,A11
LA_E_4660414,1,pstn,A18
LA_E_4660915,1,opus,A16
LA_E_4661051,1,gsm,A19
LA_E_4661176,1,g722,A11
LA_E_4661355,1,opus,A19
LA_E_4661475,1,pstn,A13
LA_E_4661923,1,gsm,A12
LA_E_4661976,1,gsm,A19
LA_E_4662150,1,pstn,A13
LA_E_4662732,1,pstn,A17
LA_E_4662775,1,gsm,A13
LA_E_4662932,1,ulaw,A15
LA_E_4662934,1,pstn,A12
LA_E_4663747,1,opus,A07
LA_E_4663851,1,alaw,A13
LA_E_4664445,1,pstn,A15
LA_E_4664665,1,opus,A09
LA_E_4665082,1,alaw,A17
LA_E_4665280,0,gsm,bonafide
LA_E_4665332,1,none,A10
LA_E_4665498,1,pstn,A18
LA_E_4665898,1,none,A15
LA_E_4665921,1,pstn,A10
LA_E_4666014,1,ulaw,A18
LA_E_4666074,1,ulaw,A10
LA_E_4666130,1,none,A08
LA_E_4666449,1,alaw,A13
LA_E_4666973,1,opus,A18
LA_E_4666981,1,g722,A17
LA_E_4667217,1,ulaw,A09
LA_E_4668029,1,pstn,A16
LA_E_4668423,1,g722,A08
LA_E_4668698,1,opus,A18
LA_E_4669120,1,g722,A19
LA_E_4669330,0,opus,bonafide
LA_E_4669455,1,alaw,A15
LA_E_4669637,1,gsm,A09
LA_E_4669766,1,none,A16
LA_E_4669969,1,gsm,A15
LA_E_4670563,1,pstn,A19
LA_E_4671167,1,g722,A18
LA_E_4671223,1,none,A19
LA_E_4671531,1,opus,A09
LA_E_4671566,0,opus,bonafide
LA_E_4671621,1,opus,A17
LA_E_4671764,1,opus,A18
LA_E_4671913,1,gsm,A08
LA_E_4672272,1,pstn,A07
LA_E_4673259,1,alaw,A13
LA_E_4673464,1,g722,A18
LA_E_4674492,0,opus,bonafide
LA_E_4675511,1,alaw,A14
LA_E_4676209,1,g722,A14
LA_E_4676354,1,alaw,A12
LA_E_4676781,1,opus,A14
LA_E_4676934,1,gsm,A12
LA_E_4677144,1,g722,A09
LA_E_4678207,1,g722,A15
LA_E_4678717,1,opus,A15
LA_E_4679588,1,opus,A11
LA_E_4679808,1,none,A10
LA_E_4679850,0,g722,bonafide
LA_E_4679911,1,gsm,A19
LA_E_4679963,1,none,A12
LA_E_4680083,1,g722,A16
LA_E_4681014,1,g722,A12
LA_E_4681185,1,g722,A15
LA_E_4681685,1,opus,A10
LA_E_4681710,1,pstn,A18
LA_E_4681828,1,gsm,A16
LA_E_4681847,1,gsm,A12
LA_E_4682012,1,ulaw,A18
LA_E_4682088,1,none,A10
LA_E_4682355,1,opus,A12
LA_E_4682582,1,ulaw,A11
LA_E_4682665,1,none,A12
LA_E_4682730,1,g722,A11
LA_E_4682787,1,ulaw,A13
LA_E_4683440,1,none,A10
LA_E_4683501,1,none,A18
LA_E_4683661,1,pstn,A16
LA_E_4683665,1,g722,A07
LA_E_4683821,1,opus,A10
LA_E_4683825,1,alaw,A15
LA_E_4684493,1,gsm,A13
LA_E_4684845,1,g722,A19
LA_E_4685011,1,none,A12
LA_E_4685121,1,g722,A10
LA_E_4685126,1,none,A15
LA_E_4685164,1,none,A12
LA_E_4685582,1,none,A15
LA_E_4685984,1,g722,A16
LA_E_4686190,1,gsm,A13
LA_E_4687011,1,pstn,A10
LA_E_4687121,1,alaw,A14
LA_E_4687214,1,opus,A11
LA_E_4687327,1,opus,A19
LA_E_4688232,1,gsm,A13
LA_E_4688346,1,opus,A13
LA_E_4688585,1,opus,A08
LA_E_4689298,1,ulaw,A14
LA_E_4689333,1,pstn,A09
LA_E_4689354,1,pstn,A10
LA_E_4689909,1,pstn,A09
LA_E_4691042,1,pstn,A07
LA_E_4691669,1,gsm,A17
LA_E_4691779,1,alaw,A09
LA_E_4692239,1,ulaw,A19
LA_E_4693249,0,pstn,bonafide
LA_E_4693256,0,g722,bonafide
LA_E_4693313,1,ulaw,A12
LA_E_4693317,1,opus,A19
LA_E_4693487,1,opus,A18
LA_E_4694330,1,none,A12
LA_E_4694555,1,pstn,A13
LA_E_4694759,1,ulaw,A15
LA_E_4695284,1,none,A18
LA_E_4695882,1,gsm,A19
LA_E_4695894,1,ulaw,A19
LA_E_4695977,1,g722,A07
LA_E_4696698,1,pstn,A18
LA_E_4696924,1,ulaw,A12
LA_E_4696976,1,gsm,A17
LA_E_4697031,1,g722,A07
LA_E_4697145,1,g722,A19
LA_E_4698425,1,opus,A14
LA_E_4698853,1,none,A10
LA_E_4699122,1,alaw,A12
LA_E_4699140,1,pstn,A07
LA_E_4699317,1,none,A17
LA_E_4699328,1,ulaw,A08
LA_E_4699522,1,pstn,A12
LA_E_4699779,1,g722,A17
LA_E_4699935,0,ulaw,bonafide
LA_E_4700819,1,gsm,A17
LA_E_4701322,1,alaw,A16
LA_E_4701661,1,g722,A07
LA_E_4702931,0,none,bonafide
LA_E_4703224,1,ulaw,A14
LA_E_4703308,1,pstn,A10
LA_E_4703367,1,ulaw,A18
LA_E_4703600,1,none,A13
LA_E_4704036,0,ulaw,bonafide
LA_E_4704784,1,opus,A13
LA_E_4704915,1,none,A19
LA_E_4704931,1,ulaw,A17
LA_E_4705282,1,none,A15
LA_E_4705591,0,opus,bonafide
LA_E_4705703,1,gsm,A09
LA_E_4705887,1,alaw,A14
LA_E_4705897,1,pstn,A08
LA_E_4706204,0,pstn,bonafide
LA_E_4706499,1,g722,A14
LA_E_4707214,1,alaw,A13
LA_E_4707383,1,ulaw,A19
LA_E_4707397,1,none,A13
LA_E_4707828,1,g722,A17
LA_E_4707863,1,none,A12
LA_E_4708860,1,gsm,A18
LA_E_4708883,1,g722,A08
LA_E_4708961,1,pstn,A19
LA_E_4709199,1,g722,A08
LA_E_4709910,1,opus,A13
LA_E_4709928,1,ulaw,A16
LA_E_4710364,1,opus,A19
LA_E_4711248,1,opus,A10
LA_E_4711474,1,gsm,A13
LA_E_4711487,1,g722,A10
LA_E_4711793,1,opus,A19
LA_E_4711905,1,none,A10
LA_E_4712254,1,pstn,A08
LA_E_4712516,1,g722,A08
LA_E_4712612,1,pstn,A09
LA_E_4712757,1,opus,A09
LA_E_4712768,1,ulaw,A16
LA_E_4713235,1,opus,A11
LA_E_4713554,1,opus,A19
LA_E_4713584,1,pstn,A10
LA_E_4713907,1,gsm,A16
LA_E_4713958,1,opus,A17
LA_E_4714089,1,opus,A17
LA_E_4714185,1,ulaw,A08
LA_E_4714271,1,g722,A17
LA_E_4714442,1,gsm,A11
LA_E_4714451,1,alaw,A07
LA_E_4714610,1,gsm,A09
LA_E_4714638,1,opus,A17
LA_E_4715019,1,pstn,A15
LA_E_4715395,1,ulaw,A16
LA_E_4715465,1,ulaw,A08
LA_E_4715629,1,alaw,A11
LA_E_4716716,1,gsm,A08
LA_E_4717133,1,ulaw,A08
LA_E_4718015,1,opus,A13
LA_E_4718068,1,ulaw,A10
LA_E_4718420,1,gsm,A17
LA_E_4718462,1,opus,A15
LA_E_4718681,1,pstn,A10
LA_E_4719145,1,none,A09
LA_E_4719461,1,gsm,A10
LA_E_4719808,1,ulaw,A13
LA_E_4719915,1,pstn,A17
LA_E_4720034,1,gsm,A12
LA_E_4720039,1,opus,A18
LA_E_4720156,1,ulaw,A08
LA_E_4720560,1,alaw,A09
LA_E_4720679,1,ulaw,A11
LA_E_4720768,0,ulaw,bonafide
LA_E_4721368,1,g722,A18
LA_E_4722051,1,alaw,A18
LA_E_4722475,1,none,A13
LA_E_4722713,1,gsm,A17
LA_E_4722718,1,gsm,A07
LA_E_4722776,0,ulaw,bonafide
LA_E_4722907,1,none,A13
LA_E_4723157,1,gsm,A15
LA_E_4723371,1,gsm,A16
LA_E_4723620,1,none,A19
LA_E_4723973,1,pstn,A11
LA_E_4725450,0,alaw,bonafide
LA_E_4725679,1,pstn,A18
LA_E_4725933,1,opus,A15
LA_E_4726185,1,gsm,A10
LA_E_4726407,1,gsm,A19
LA_E_4726918,1,opus,A11
LA_E_4727241,1,gsm,A15
LA_E_4727363,1,opus,A14
LA_E_4727404,1,alaw,A12
LA_E_4727535,1,alaw,A16
LA_E_4727546,0,pstn,bonafide
LA_E_4728050,1,ulaw,A14
LA_E_4728254,1,g722,A17
LA_E_4728448,1,none,A17
LA_E_4728481,1,pstn,A17
LA_E_4728685,1,ulaw,A10
LA_E_4728725,1,ulaw,A17
LA_E_4728755,0,none,bonafide
LA_E_4729289,1,opus,A13
LA_E_4729450,1,g722,A10
LA_E_4730101,1,none,A10
LA_E_4730291,1,pstn,A12
LA_E_4730896,1,ulaw,A09
LA_E_4731870,1,none,A17
LA_E_4732033,1,ulaw,A07
LA_E_4732368,1,g722,A16
LA_E_4732394,1,alaw,A18
LA_E_4732744,1,opus,A15
LA_E_4733003,1,alaw,A14
LA_E_4733007,1,g722,A08
LA_E_4733210,1,none,A14
LA_E_4733987,1,gsm,A08
LA_E_4734117,1,ulaw,A15
LA_E_4734349,1,alaw,A14
LA_E_4734726,1,ulaw,A13
LA_E_4736264,1,gsm,A13
LA_E_4736424,1,opus,A16
LA_E_4736684,1,opus,A18
LA_E_4736741,1,alaw,A12
LA_E_4736757,1,pstn,A15
LA_E_4737171,1,alaw,A09
LA_E_4737312,1,none,A13
LA_E_4737381,0,alaw,bonafide
LA_E_4737930,1,gsm,A09
LA_E_4738097,1,g722,A14
LA_E_4738161,1,alaw,A16
LA_E_4738662,0,opus,bonafide
LA_E_4738767,1,gsm,A12
LA_E_4739010,1,pstn,A08
LA_E_4739288,1,gsm,A19
LA_E_4739704,0,alaw,bonafide
LA_E_4739782,1,g722,A12
LA_E_4739826,1,alaw,A10
LA_E_4740025,1,opus,A14
LA_E_4740494,0,alaw,bonafide
LA_E_4740495,1,ulaw,A08
LA_E_4740981,1,ulaw,A11
LA_E_4741360,1,opus,A07
LA_E_4741383,1,pstn,A07
LA_E_4741999,1,opus,A08
LA_E_4742349,0,none,bonafide
LA_E_4742681,1,pstn,A09
LA_E_4742933,1,ulaw,A14
LA_E_4743055,1,none,A18
LA_E_4743117,1,none,A14
LA_E_4743260,1,opus,A18
LA_E_4743607,1,pstn,A15
LA_E_4743914,1,g722,A17
LA_E_4744162,1,ulaw,A19
LA_E_4744206,1,ulaw,A12
LA_E_4744518,0,none,bonafide
LA_E_4744616,1,g722,A11
LA_E_4745073,1,none,A12
LA_E_4745269,1,opus,A18
LA_E_4745698,1,ulaw,A08
LA_E_4746682,1,opus,A14
LA_E_4746709,1,none,A19
LA_E_4746938,0,ulaw,bonafide
LA_E_4747439,1,pstn,A15
LA_E_4747606,0,ulaw,bonafide
LA_E_4747768,1,opus,A19
LA_E_4747890,0,none,bonafide
LA_E_4747973,0,ulaw,bonafide
LA_E_4748130,1,gsm,A07
LA_E_4748408,1,alaw,A17
LA_E_4748453,1,gsm,A14
LA_E_4748528,1,alaw,A12
LA_E_4750209,1,opus,A17
LA_E_4750696,1,none,A12
LA_E_4750904,1,ulaw,A16
LA_E_4751016,1,alaw,A14
LA_E_4751330,1,opus,A08
LA_E_4751464,1,gsm,A16
LA_E_4751608,1,ulaw,A19
LA_E_4752814,1,none,A13
LA_E_4752833,1,ulaw,A09
LA_E_4753150,1,ulaw,A15
LA_E_4753331,1,gsm,A14
LA_E_4753816,1,opus,A16
LA_E_4754337,1,gsm,A10
LA_E_4754598,1,none,A17
LA_E_4754811,1,gsm,A14
LA_E_4754914,1,alaw,A10
LA_E_4755375,1,none,A19
LA_E_4755508,1,ulaw,A16
LA_E_4755516,1,ulaw,A07
LA_E_4755934,1,ulaw,A13
LA_E_4756048,1,alaw,A14
LA_E_4756313,1,none,A19
LA_E_4756895,0,opus,bonafide
LA_E_4757023,1,none,A12
LA_E_4757939,1,g722,A19
LA_E_4758951,1,ulaw,A11
LA_E_4759207,1,gsm,A12
LA_E_4759517,1,ulaw,A17
LA_E_4759575,1,gsm,A19
LA_E_4760217,1,ulaw,A16
LA_E_4760993,1,none,A15
LA_E_4761262,0,ulaw,bonafide
LA_E_4762131,1,ulaw,A12
LA_E_4762255,1,none,A12
LA_E_4762480,1,none,A12
LA_E_4762836,1,ulaw,A17
LA_E_4763441,1,alaw,A10
LA_E_4763552,1,opus,A17
LA_E_4764174,1,alaw,A07
LA_E_4764423,1,gsm,A16
LA_E_4764549,1,none,A14
LA_E_4764677,1,none,A10
LA_E_4764685,0,alaw,bonafide
LA_E_4764688,1,ulaw,A18
LA_E_4765006,1,pstn,A18
LA_E_4765435,1,pstn,A17
LA_E_4766641,1,gsm,A18
LA_E_4766643,1,ulaw,A12
LA_E_4766727,1,none,A19
LA_E_4766795,1,ulaw,A10
LA_E_4767011,1,pstn,A13
LA_E_4767107,1,gsm,A09
LA_E_4767589,0,g722,bonafide
LA_E_4767894,1,gsm,A09
LA_E_4768142,1,pstn,A09
LA_E_4768686,1,g722,A15
LA_E_4768969,1,alaw,A17
LA_E_4769513,1,gsm,A16
LA_E_4769539,1,alaw,A16
LA_E_4770320,1,pstn,A07
LA_E_4770617,0,g722,bonafide
LA_E_4771426,1,gsm,A18
LA_E_4772794,1,pstn,A09
LA_E_4772865,1,ulaw,A18
LA_E_4773022,1,ulaw,A17
LA_E_4773119,1,pstn,A14
LA_E_4773437,1,pstn,A15
LA_E_4774149,0,gsm,bonafide
LA_E_4774217,1,ulaw,A16
LA_E_4774859,1,pstn,A07
LA_E_4775039,1,opus,A15
LA_E_4775918,1,none,A10
LA_E_4776384,0,g722,bonafide
LA_E_4776605,1,ulaw,A13
LA_E_4776927,1,opus,A15
LA_E_4777089,1,gsm,A07
LA_E_4777597,0,pstn,bonafide
LA_E_4778032,1,none,A11
LA_E_4778072,1,g722,A15
LA_E_4778366,1,g722,A10
LA_E_4778458,1,ulaw,A08
LA_E_4778516,1,alaw,A12
LA_E_4779156,1,opus,A09
LA_E_4779640,1,none,A19
LA_E_4780015,1,pstn,A15
LA_E_4780091,1,pstn,A11
LA_E_4780179,1,gsm,A17
LA_E_4780771,1,alaw,A18
LA_E_4780981,1,opus,A12
LA_E_4781504,1,gsm,A15
LA_E_4781549,1,opus,A10
LA_E_4781633,1,none,A08
LA_E_4781666,1,opus,A19
LA_E_4781788,1,alaw,A16
LA_E_4781865,1,gsm,A18
LA_E_4781901,1,gsm,A13
LA_E_4782097,1,opus,A14
LA_E_4782149,1,alaw,A10
LA_E_4782257,1,gsm,A10
LA_E_4782813,1,opus,A14
LA_E_4783505,1,alaw,A11
LA_E_4783601,1,none,A14
LA_E_4783709,1,alaw,A11
LA_E_4783777,1,gsm,A11
LA_E_4784702,0,opus,bonafide
LA_E_4784912,1,opus,A17
LA_E_4784933,1,alaw,A17
LA_E_4785146,1,none,A10
LA_E_4785219,1,pstn,A08
LA_E_4785680,1,none,A18
LA_E_4785964,1,ulaw,A12
LA_E_4786141,1,gsm,A12
LA_E_4786468,1,ulaw,A13
LA_E_4786796,1,none,A13
LA_E_4786932,1,opus,A10
LA_E_4787067,1,opus,A10
LA_E_4787352,1,opus,A19
LA_E_4787781,1,none,A16
LA_E_4788077,0,ulaw,bonafide
LA_E_4788272,1,gsm,A10
LA_E_4788291,0,opus,bonafide
LA_E_4788769,1,pstn,A19
LA_E_4789109,1,opus,A07
LA_E_4789440,0,gsm,bonafide
LA_E_4789601,1,opus,A13
LA_E_4789963,1,g722,A10
LA_E_4789991,1,opus,A08
LA_E_4790153,1,alaw,A12
LA_E_4790286,1,ulaw,A13
LA_E_4790330,1,none,A16
LA_E_4790730,1,g722,A14
LA_E_4790775,1,gsm,A15
LA_E_4790990,1,alaw,A11
LA_E_4791964,1,gsm,A10
LA_E_4792169,1,none,A08
LA_E_4792857,0,none,bonafide
LA_E_4793398,1,opus,A12
LA_E_4793753,1,gsm,A19
LA_E_4793837,1,none,A18
LA_E_4793873,1,pstn,A15
LA_E_4794395,1,g722,A12
LA_E_4794399,1,g722,A15
LA_E_4794528,1,opus,A12
LA_E_4794712,1,alaw,A10
LA_E_4794920,1,alaw,A12
LA_E_4795067,1,none,A11
LA_E_4795110,1,gsm,A13
LA_E_4795436,1,none,A19
LA_E_4795480,1,ulaw,A09
LA_E_4795670,1,pstn,A14
LA_E_4796702,1,g722,A15
LA_E_4796715,0,none,bonafide
LA_E_4797075,1,ulaw,A11
LA_E_4797572,1,gsm,A08
LA_E_4797877,1,ulaw,A08
LA_E_4798458,1,ulaw,A13
LA_E_4798472,1,pstn,A16
LA_E_4798587,1,alaw,A13
LA_E_4798601,1,ulaw,A14
LA_E_4798690,0,none,bonafide
LA_E_4799294,1,gsm,A18
LA_E_4799538,1,ulaw,A07
LA_E_4799705,0,opus,bonafide
LA_E_4799778,1,alaw,A10
LA_E_4800569,1,opus,A18
LA_E_4800652,0,alaw,bonafide
LA_E_4801282,1,opus,A08
LA_E_4802728,1,opus,A19
LA_E_4802843,1,gsm,A14
LA_E_4802874,1,opus,A17
LA_E_4803061,1,none,A08
LA_E_4803079,1,none,A11
LA_E_4803688,0,gsm,bonafide
LA_E_4804453,1,alaw,A09
LA_E_4804554,1,gsm,A18
LA_E_4804627,1,alaw,A17
LA_E_4805052,1,none,A10
LA_E_4805383,1,pstn,A19
LA_E_4805440,0,opus,bonafide
LA_E_4806067,1,g722,A09
LA_E_4806368,1,pstn,A09
LA_E_4806519,1,none,A19
LA_E_4807045,1,gsm,A16
LA_E_4807279,1,opus,A19
LA_E_4807543,1,g722,A18
LA_E_4807610,1,ulaw,A17
LA_E_4808685,1,none,A08
LA_E_4808740,1,opus,A09
LA_E_4808845,1,opus,A11
LA_E_4809360,1,opus,A11
LA_E_4809811,1,g722,A13
LA_E_4809859,1,none,A13
LA_E_4811374,1,gsm,A17
LA_E_4811639,1,ulaw,A19
LA_E_4811933,1,opus,A11
LA_E_4812018,1,ulaw,A13
LA_E_4812795,1,g722,A17
LA_E_4812882,1,pstn,A07
LA_E_4813014,1,ulaw,A08
LA_E_4813063,1,pstn,A18
LA_E_4813090,1,gsm,A07
LA_E_4813132,0,alaw,bonafide
LA_E_4813505,1,none,A08
LA_E_4813938,1,none,A14
LA_E_4814067,1,none,A14
LA_E_4814519,1,alaw,A18
LA_E_4814890,1,gsm,A19
LA_E_4815175,1,none,A07
LA_E_4815364,1,g722,A10
LA_E_4816252,1,ulaw,A18
LA_E_4816706,1,alaw,A10
LA_E_4816724,1,ulaw,A08
LA_E_4817184,1,opus,A10
LA_E_4817785,0,pstn,bonafide
LA_E_4817892,1,g722,A14
LA_E_4818072,1,pstn,A18
LA_E_4818709,0,gsm,bonafide
LA_E_4818786,1,g722,A16
LA_E_4818844,1,alaw,A17
LA_E_4819040,1,gsm,A07
LA_E_4819104,1,alaw,A13
LA_E_4819376,1,opus,A14
LA_E_4819747,1,ulaw,A11
LA_E_4820077,1,g722,A16
LA_E_4820098,1,ulaw,A17
LA_E_4820373,1,none,A19
LA_E_4820603,1,alaw,A17
LA_E_4821459,0,pstn,bonafide
LA_E_4821813,1,opus,A15
LA_E_4821996,1,gsm,A19
LA_E_4822201,1,gsm,A11
LA_E_4822389,1,gsm,A08
LA_E_4822968,1,none,A19
LA_E_4823758,1,opus,A10
LA_E_4823952,1,alaw,A18
LA_E_4824441,0,alaw,bonafide
LA_E_4824875,1,pstn,A14
LA_E_4824947,1,gsm,A17
LA_E_4825672,1,ulaw,A17
LA_E_4826001,1,opus,A07
LA_E_4826061,1,alaw,A09
LA_E_4826526,1,alaw,A17
LA_E_4826963,1,pstn,A18
LA_E_4827250,1,pstn,A16
LA_E_4827360,1,gsm,A12
LA_E_4827874,1,g722,A12
LA_E_4828310,1,alaw,A18
LA_E_4828366,1,opus,A07
LA_E_4828465,1,opus,A18
LA_E_4829080,1,gsm,A12
LA_E_4829116,1,ulaw,A19
LA_E_4829271,1,g722,A17
LA_E_4829506,1,gsm,A10
LA_E_4829672,1,gsm,A10
LA_E_4829725,1,ulaw,A10
LA_E_4830410,1,pstn,A13
LA_E_4831425,1,pstn,A07
LA_E_4831597,1,gsm,A10
LA_E_4831630,1,ulaw,A09
LA_E_4831729,1,opus,A17
LA_E_4831891,1,opus,A08
LA_E_4832762,0,g722,bonafide
LA_E_4833638,1,gsm,A10
LA_E_4834203,1,alaw,A07
LA_E_4834222,1,ulaw,A16
LA_E_4834546,1,opus,A08
LA_E_4834811,0,alaw,bonafide
LA_E_4834861,1,none,A08
LA_E_4835224,1,pstn,A15
LA_E_4835263,1,alaw,A16
LA_E_4835502,1,ulaw,A11
LA_E_4835565,0,pstn,bonafide
LA_E_4835712,1,alaw,A17
LA_E_4835802,1,pstn,A15
LA_E_4835918,1,pstn,A15
LA_E_4836108,1,pstn,A13
LA_E_4837149,1,pstn,A15
LA_E_4837313,1,alaw,A07
LA_E_4837953,1,opus,A13
LA_E_4838088,1,pstn,A12
LA_E_4838168,1,opus,A16
LA_E_4839452,1,pstn,A14
LA_E_4839479,1,gsm,A10
LA_E_4839533,1,g722,A08
LA_E_4840149,1,none,A07
LA_E_4840163,1,gsm,A07
LA_E_4840413,1,gsm,A14
LA_E_4840814,1,opus,A07
LA_E_4841035,1,gsm,A17
LA_E_4841855,1,none,A17
LA_E_4841937,1,opus,A14
LA_E_4842694,1,g722,A14
LA_E_4842943,0,none,bonafide
LA_E_4843298,1,g722,A18
LA_E_4843596,1,gsm,A17
LA_E_4843806,1,g722,A14
LA_E_4844222,1,pstn,A19
LA_E_4844843,1,none,A07
LA_E_4845514,0,ulaw,bonafide
LA_E_4845846,1,ulaw,A09
LA_E_4846176,0,gsm,bonafide
LA_E_4846365,1,pstn,A14
LA_E_4847045,1,none,A16
LA_E_4847096,1,gsm,A08
LA_E_4847239,1,opus,A09
LA_E_4847295,1,opus,A18
LA_E_4847302,1,ulaw,A11
LA_E_4847707,1,alaw,A07
LA_E_4848963,1,g722,A18
LA_E_4849277,1,ulaw,A11
LA_E_4849473,1,pstn,A07
LA_E_4850149,1,opus,A17
LA_E_4850611,1,alaw,A13
LA_E_4850949,1,g722,A09
LA_E_4851571,0,alaw,bonafide
LA_E_4851761,1,g722,A14
LA_E_4851904,1,gsm,A19
LA_E_4852837,0,g722,bonafide
LA_E_4852973,0,none,bonafide
LA_E_4853299,1,opus,A08
LA_E_4853445,1,alaw,A15
LA_E_4853755,1,alaw,A16
LA_E_4853832,1,pstn,A13
LA_E_4854007,1,ulaw,A12
LA_E_4854663,1,alaw,A11
LA_E_4854831,0,g722,bonafide
LA_E_4855178,1,gsm,A10
LA_E_4855240,1,alaw,A13
LA_E_4855838,1,opus,A14
LA_E_4856210,1,gsm,A07
LA_E_4856507,1,g722,A18
LA_E_4857243,1,opus,A17
LA_E_4857256,0,g722,bonafide
LA_E_4857454,1,none,A08
LA_E_4857473,0,opus,bonafide
LA_E_4857791,1,alaw,A07
LA_E_4857898,1,g722,A17
LA_E_4858073,1,opus,A09
LA_E_4858205,1,opus,A13
LA_E_4858321,1,pstn,A15
LA_E_4858364,1,ulaw,A08
LA_E_4858446,1,gsm,A15
LA_E_4858655,0,opus,bonafide
LA_E_4858946,1,alaw,A17
LA_E_4859280,1,pstn,A16
LA_E_4859558,1,opus,A07
LA_E_4860525,1,g722,A12
LA_E_4860537,1,alaw,A08
LA_E_4860911,1,gsm,A11
LA_E_4860942,1,alaw,A09
LA_E_4861522,1,gsm,A13
LA_E_4862125,1,g722,A16
LA_E_4862481,1,g722,A08
LA_E_4862516,1,ulaw,A10
LA_E_4863702,1,opus,A18
LA_E_4863879,1,pstn,A10
LA_E_4864008,1,ulaw,A13
LA_E_4864014,1,gsm,A09
LA_E_4864160,0,g722,bonafide
LA_E_4864294,1,none,A08
LA_E_4865191,1,alaw,A10
LA_E_4865836,1,gsm,A08
LA_E_4866039,1,ulaw,A16
LA_E_4866123,0,opus,bonafide
LA_E_4866480,1,opus,A10
LA_E_4866592,1,opus,A16
LA_E_4866947,1,alaw,A15
LA_E_4867206,1,none,A08
LA_E_4867247,0,gsm,bonafide
LA_E_4867365,1,g722,A13
LA_E_4867615,0,g722,bonafide
LA_E_4867629,1,opus,A11
LA_E_4867763,1,g722,A12
LA_E_4867861,1,gsm,A19
LA_E_4867887,1,opus,A10
LA_E_4868104,1,g722,A14
LA_E_4868292,1,ulaw,A17
LA_E_4868466,1,gsm,A16
LA_E_4869128,1,pstn,A11
LA_E_4869213,1,opus,A10
LA_E_4869642,1,alaw,A07
LA_E_4869701,1,g722,A16
LA_E_4870246,1,gsm,A14
LA_E_4870449,1,alaw,A15
LA_E_4870699,1,pstn,A08
LA_E_4870964,1,opus,A09
LA_E_4871019,1,gsm,A12
LA_E_4872500,1,pstn,A11
LA_E_4872572,1,g722,A14
LA_E_4872632,1,opus,A14
LA_E_4872661,1,opus,A12
LA_E_4873750,1,opus,A08
LA_E_4874516,1,ulaw,A10
LA_E_4875682,1,pstn,A12
LA_E_4875715,0,gsm,bonafide
LA_E_4875721,1,ulaw,A10
LA_E_4875947,1,alaw,A13
LA_E_4875978,1,g722,A07
LA_E_4876252,1,ulaw,A07
LA_E_4876814,1,g722,A08
LA_E_4877082,1,gsm,A19
LA_E_4877142,1,ulaw,A12
LA_E_4877144,1,gsm,A18
LA_E_4877192,1,g722,A11
LA_E_4877211,1,ulaw,A09
LA_E_4877356,1,opus,A13
LA_E_4877453,1,alaw,A18
LA_E_4877671,1,ulaw,A11
LA_E_4878659,1,gsm,A08
LA_E_4878728,0,none,bonafide
LA_E_4879135,1,opus,A10
LA_E_4879339,1,alaw,A16
LA_E_4879456,1,pstn,A10
LA_E_4879908,1,none,A14
LA_E_4880280,1,pstn,A09
LA_E_4880308,1,pstn,A07
LA_E_4880936,0,ulaw,bonafide
LA_E_4880982,1,gsm,A14
LA_E_4881684,0,g722,bonafide
LA_E_4882155,1,none,A07
LA_E_4882892,1,opus,A18
LA_E_4882982,1,g722,A08
LA_E_4883613,1,ulaw,A15
LA_E_4884018,1,g722,A16
LA_E_4884295,1,g722,A19
LA_E_4884336,1,gsm,A17
LA_E_4884361,1,gsm,A18
LA_E_4884892,1,opus,A07
LA_E_4885447,1,g722,A09
LA_E_4885467,1,opus,A17
LA_E_4885592,1,g722,A17
LA_E_4885668,1,opus,A18
LA_E_4886284,1,opus,A18
LA_E_4886621,0,none,bonafide
LA_E_4887246,1,g722,A14
LA_E_4887560,0,gsm,bonafide
LA_E_4887787,1,ulaw,A10
LA_E_4887859,1,gsm,A15
LA_E_4887920,1,ulaw,A08
LA_E_4888223,1,g722,A14
LA_E_4888226,1,ulaw,A12
LA_E_4889139,1,opus,A09
LA_E_4889352,1,none,A16
LA_E_4889699,1,g722,A09
LA_E_4890135,1,ulaw,A18
LA_E_4891217,1,opus,A09
LA_E_4891554,1,alaw,A19
LA_E_4891586,1,gsm,A11
LA_E_4891675,1,ulaw,A19
LA_E_4892386,1,pstn,A11
LA_E_4892588,1,pstn,A19
LA_E_4893050,1,opus,A15
LA_E_4893448,1,opus,A07
LA_E_4893561,1,g722,A08
LA_E_4893578,1,alaw,A10
LA_E_4894790,1,ulaw,A10
LA_E_4895306,1,ulaw,A10
LA_E_4895455,0,gsm,bonafide
LA_E_4896006,1,g722,A09
LA_E_4896133,1,ulaw,A17
LA_E_4896473,0,alaw,bonafide
LA_E_4896545,1,gsm,A11
LA_E_4896765,0,pstn,bonafide
LA_E_4896976,1,alaw,A08
LA_E_4896978,1,opus,A13
LA_E_4896989,1,alaw,A07
LA_E_4897187,1,pstn,A09
LA_E_4897533,1,pstn,A11
LA_E_4897754,1,gsm,A10
LA_E_4897920,1,gsm,A09
LA_E_4898002,1,g722,A12
LA_E_4898516,1,opus,A19
LA_E_4899155,0,ulaw,bonafide
LA_E_4899661,1,gsm,A15
LA_E_4899806,1,ulaw,A19
LA_E_4900322,1,alaw,A18
LA_E_4901244,1,alaw,A19
LA_E_4901364,1,ulaw,A16
LA_E_4901828,1,none,A18
LA_E_4902279,1,opus,A11
LA_E_4902340,1,gsm,A07
LA_E_4902558,1,opus,A09
LA_E_4902664,1,alaw,A10
LA_E_4902708,1,ulaw,A13
LA_E_4902744,1,none,A16
LA_E_4902792,1,gsm,A09
LA_E_4903285,1,pstn,A07
LA_E_4903383,1,none,A18
LA_E_4903385,1,ulaw,A19
LA_E_4903498,0,ulaw,bonafide
LA_E_4903751,1,opus,A12
LA_E_4904591,1,none,A16
LA_E_4904661,1,opus,A16
LA_E_4905521,1,alaw,A13
LA_E_4905914,1,alaw,A08
LA_E_4906517,1,ulaw,A10
LA_E_4907233,1,pstn,A14
LA_E_4907411,1,opus,A18
LA_E_4907518,0,alaw,bonafide
LA_E_4908754,1,none,A15
LA_E_4908884,1,opus,A16
LA_E_4908901,1,alaw,A18
LA_E_4909234,1,opus,A11
LA_E_4909367,1,opus,A10
LA_E_4910101,0,gsm,bonafide
LA_E_4910179,1,gsm,A12
LA_E_4910225,1,ulaw,A15
LA_E_4910330,1,ulaw,A17
LA_E_4910366,1,gsm,A07
LA_E_4910564,1,gsm,A07
LA_E_4910639,1,opus,A12
LA_E_4910861,1,gsm,A10
LA_E_4911282,1,g722,A08
LA_E_4911424,1,opus,A16
LA_E_4912004,1,none,A11
LA_E_4912078,1,opus,A19
LA_E_4912174,1,g722,A13
LA_E_4912663,1,opus,A17
LA_E_4913279,1,ulaw,A19
LA_E_4913335,1,g722,A12
LA_E_4913526,1,gsm,A19
LA_E_4913624,1,gsm,A07
LA_E_4913671,1,ulaw,A14
LA_E_4914123,1,opus,A12
LA_E_4914171,1,alaw,A07
LA_E_4914639,1,alaw,A10
LA_E_4914810,1,g722,A09
LA_E_4914873,1,none,A13
LA_E_4914878,1,alaw,A17
LA_E_4914908,1,pstn,A16
LA_E_4914979,1,opus,A15
LA_E_4915542,1,ulaw,A14
LA_E_4915622,1,pstn,A11
LA_E_4915892,1,alaw,A08
LA_E_4916294,1,alaw,A07
LA_E_4917386,1,none,A08
LA_E_4917869,1,gsm,A10
LA_E_4917973,1,g722,A08
LA_E_4918453,1,opus,A09
LA_E_4918505,1,alaw,A13
LA_E_4919056,1,ulaw,A09
LA_E_4919246,1,alaw,A17
LA_E_4919956,1,opus,A11
LA_E_4920006,1,ulaw,A10
LA_E_4920246,1,alaw,A17
LA_E_4920257,0,alaw,bonafide
LA_E_4921233,1,g722,A13
LA_E_4921416,0,alaw,bonafide
LA_E_4922163,1,none,A11
LA_E_4922947,1,gsm,A08
LA_E_4923679,1,opus,A12
LA_E_4923729,1,pstn,A11
LA_E_4923911,1,gsm,A08
LA_E_4924434,1,opus,A07
LA_E_4924727,1,opus,A16
LA_E_4924887,1,gsm,A12
LA_E_4925131,1,ulaw,A13
LA_E_4925486,1,alaw,A11
LA_E_4925508,1,ulaw,A17
LA_E_4925559,1,alaw,A11
LA_E_4925943,1,opus,A18
LA_E_4927651,1,pstn,A09
LA_E_4927924,1,gsm,A19
LA_E_4928078,1,ulaw,A18
LA_E_4928741,1,alaw,A17
LA_E_4929006,1,g722,A14
LA_E_4929216,0,ulaw,bonafide
LA_E_4929596,1,gsm,A08
LA_E_4930744,1,g722,A19
LA_E_4931878,1,ulaw,A17
LA_E_4932105,1,g722,A13
LA_E_4932205,1,opus,A16
LA_E_4933617,1,gsm,A13
LA_E_4934090,1,gsm,A07
LA_E_4934115,1,gsm,A16
LA_E_4934507,1,none,A09
LA_E_4935174,1,ulaw,A10
LA_E_4935264,1,none,A18
LA_E_4935321,1,opus,A18
LA_E_4935334,1,pstn,A10
LA_E_4935390,1,gsm,A11
LA_E_4935649,0,alaw,bonafide
LA_E_4936068,1,opus,A19
LA_E_4937121,1,gsm,A08
LA_E_4937228,1,opus,A08
LA_E_4937369,1,alaw,A16
LA_E_4937524,1,g722,A19
LA_E_4937526,1,alaw,A17
LA_E_4938114,1,g722,A12
LA_E_4938222,1,opus,A17
LA_E_4938686,0,none,bonafide
LA_E_4938817,1,opus,A13
LA_E_4938854,1,pstn,A17
LA_E_4939005,1,gsm,A18
LA_E_4939133,1,pstn,A07
LA_E_4939617,1,gsm,A09
LA_E_4939916,1,none,A11
LA_E_4940371,1,ulaw,A07
LA_E_4940671,1,opus,A09
LA_E_4940678,0,g722,bonafide
LA_E_4941292,1,pstn,A19
LA_E_4941317,1,gsm,A13
LA_E_4941656,1,none,A16
LA_E_4942242,1,opus,A15
LA_E_4942775,1,alaw,A15
LA_E_4943089,1,opus,A17
LA_E_4943521,1,gsm,A11
LA_E_4944577,1,gsm,A13
LA_E_4944620,1,pstn,A12
LA_E_4945132,1,ulaw,A17
LA_E_4945279,1,alaw,A11
LA_E_4945409,1,gsm,A15
LA_E_4945568,1,ulaw,A17
LA_E_4945577,1,gsm,A14
LA_E_4946213,0,gsm,bonafide
LA_E_4946421,1,pstn,A16
LA_E_4946450,1,g722,A15
LA_E_4946524,1,gsm,A12
LA_E_4946607,1,none,A14
LA_E_4946611,1,g722,A10
LA_E_4947157,1,gsm,A14
LA_E_4947647,1,gsm,A08
LA_E_4948031,1,none,A13
LA_E_4948912,1,gsm,A09
LA_E_4948980,1,ulaw,A18
LA_E_4949138,1,alaw,A16
LA_E_4949262,0,none,bonafide
LA_E_4949324,1,g722,A08
LA_E_4949844,1,gsm,A17
LA_E_4949872,1,ulaw,A17
LA_E_4950500,1,ulaw,A17
LA_E_4950858,1,pstn,A14
LA_E_4950867,1,gsm,A12
LA_E_4951271,1,opus,A18
LA_E_4951726,1,opus,A10
LA_E_4951816,1,pstn,A11
LA_E_4951844,1,pstn,A11
LA_E_4952462,1,opus,A14
LA_E_4952482,1,alaw,A16
LA_E_4952670,1,gsm,A14
LA_E_4953134,1,gsm,A17
LA_E_4953856,1,g722,A14
LA_E_4954240,1,opus,A18
LA_E_4954758,1,gsm,A09
LA_E_4955048,0,g722,bonafide
LA_E_4955353,0,gsm,bonafide
LA_E_4955463,1,g722,A12
LA_E_4956046,1,opus,A16
LA_E_4956253,0,opus,bonafide
LA_E_4956327,1,ulaw,A15
LA_E_4956961,1,alaw,A12
LA_E_4957163,0,g722,bonafide
LA_E_4957517,1,gsm,A18
LA_E_4957607,1,ulaw,A10
LA_E_4958213,1,g722,A16
LA_E_4958591,1,pstn,A19
LA_E_4958683,1,none,A16
LA_E_4958946,0,ulaw,bonafide
LA_E_4959727,1,gsm,A19
LA_E_4959768,1,none,A13
LA_E_4959937,1,pstn,A17
LA_E_4960391,0,ulaw,bonafide
LA_E_4960597,1,opus,A16
LA_E_4960990,1,gsm,A11
LA_E_4961159,1,gsm,A12
LA_E_4961582,1,pstn,A10
LA_E_4961875,1,gsm,A09
LA_E_4961878,1,gsm,A15
LA_E_4962245,0,ulaw,bonafide
LA_E_4962359,1,g722,A11
LA_E_4962794,1,g722,A09
LA_E_4963149,1,gsm,A18
LA_E_4963437,1,none,A11
LA_E_4963571,0,none,bonafide
LA_E_4964191,1,alaw,A07
LA_E_4964212,1,none,A16
LA_E_4964742,1,alaw,A12
LA_E_4964787,1,alaw,A11
LA_E_4965017,1,gsm,A10
LA_E_4965281,1,ulaw,A19
LA_E_4965435,1,ulaw,A08
LA_E_4965558,1,opus,A16
LA_E_4965775,1,gsm,A12
LA_E_4965791,1,none,A11
LA_E_4965951,1,alaw,A18
LA_E_4966727,1,opus,A08
LA_E_4967212,1,opus,A09
LA_E_4967348,1,g722,A09
LA_E_4967752,1,gsm,A08
LA_E_4967763,1,g722,A15
LA_E_4967789,1,opus,A13
LA_E_4968068,0,alaw,bonafide
LA_E_4968151,1,opus,A11
LA_E_4968256,1,pstn,A12
LA_E_4968271,1,opus,A19
LA_E_4968298,1,pstn,A17
LA_E_4968586,0,g722,bonafide
LA_E_4968761,1,alaw,A09
LA_E_4969185,1,opus,A07
LA_E_4969228,1,none,A18
LA_E_4969379,1,alaw,A11
LA_E_4969390,1,ulaw,A11
LA_E_4969949,1,ulaw,A14
LA_E_4970167,1,pstn,A12
LA_E_4970183,1,alaw,A11
LA_E_4970356,1,gsm,A17
LA_E_4970675,1,alaw,A11
LA_E_4970920,1,none,A15
LA_E_4971150,1,alaw,A08
LA_E_4971368,1,gsm,A19
LA_E_4971561,1,ulaw,A09
LA_E_4971703,1,alaw,A15
LA_E_4971781,1,none,A15
LA_E_4971894,1,ulaw,A13
LA_E_4972408,0,pstn,bonafide
LA_E_4972532,1,pstn,A10
LA_E_4972638,1,alaw,A19
LA_E_4972968,0,none,bonafide
LA_E_4973157,1,alaw,A11
LA_E_4973180,1,ulaw,A07
LA_E_4973607,1,pstn,A14
LA_E_4973931,1,ulaw,A10
LA_E_4974737,1,ulaw,A15
LA_E_4975035,1,g722,A12
LA_E_4975074,1,gsm,A11
LA_E_4975613,0,g722,bonafide
LA_E_4975664,0,ulaw,bonafide
LA_E_4976036,1,opus,A17
LA_E_4976214,1,g722,A10
LA_E_4976237,1,none,A18
LA_E_4976358,0,none,bonafide
LA_E_4976632,1,pstn,A17
LA_E_4976731,1,ulaw,A10
LA_E_4976788,1,alaw,A16
LA_E_4977457,1,opus,A09
LA_E_4977477,1,ulaw,A17
LA_E_4977931,1,ulaw,A07
LA_E_4978013,1,ulaw,A11
LA_E_4978227,1,g722,A11
LA_E_4978249,1,opus,A09
LA_E_4978695,1,opus,A07
LA_E_4978829,1,opus,A08
LA_E_4978874,1,gsm,A08
LA_E_4978883,1,alaw,A19
LA_E_4978916,1,gsm,A08
LA_E_4979028,1,ulaw,A18
LA_E_4979307,1,alaw,A09
LA_E_4979869,1,pstn,A10
LA_E_4980019,1,none,A18
LA_E_4980412,1,g722,A12
LA_E_4980533,1,pstn,A16
LA_E_4980641,0,gsm,bonafide
LA_E_4980737,1,g722,A09
LA_E_4981132,1,g722,A15
LA_E_4981237,0,opus,bonafide
LA_E_4981417,1,opus,A07
LA_E_4982005,1,ulaw,A08
LA_E_4982177,1,pstn,A17
LA_E_4982379,1,ulaw,A09
LA_E_4982521,1,pstn,A19
LA_E_4982705,1,pstn,A16
LA_E_4982897,1,ulaw,A09
LA_E_4983006,1,opus,A14
LA_E_4983053,1,pstn,A16
LA_E_4983362,1,opus,A10
LA_E_4983390,0,g722,bonafide
LA_E_4983489,1,alaw,A19
LA_E_4984259,1,pstn,A11
LA_E_4984586,1,ulaw,A12
LA_E_4984627,1,alaw,A07
LA_E_4984667,1,gsm,A09
LA_E_4984739,1,ulaw,A07
LA_E_4984946,1,alaw,A07
LA_E_4985642,0,g722,bonafide
LA_E_4985932,1,none,A12
LA_E_4986736,1,alaw,A10
LA_E_4986956,1,pstn,A16
LA_E_4987248,1,pstn,A11
LA_E_4987346,1,opus,A13
LA_E_4987455,1,ulaw,A18
LA_E_4987493,1,none,A15
LA_E_4987603,1,ulaw,A09
LA_E_4987767,1,opus,A19
LA_E_4988318,1,g722,A09
LA_E_4988600,1,opus,A10
LA_E_4988868,0,ulaw,bonafide
LA_E_4988951,0,ulaw,bonafide
LA_E_4989081,0,opus,bonafide
LA_E_4989282,1,gsm,A12
LA_E_4989321,1,g722,A10
LA_E_4989502,1,opus,A13
LA_E_4989597,1,none,A07
LA_E_4989965,1,ulaw,A13
LA_E_4989972,1,ulaw,A09
LA_E_4990014,1,opus,A07
LA_E_4990057,0,pstn,bonafide
LA_E_4990237,1,g722,A09
LA_E_4990414,1,pstn,A17
LA_E_4991053,1,alaw,A09
LA_E_4991373,1,none,A12
LA_E_4991381,1,g722,A15
LA_E_4991408,1,ulaw,A12
LA_E_4991795,1,ulaw,A10
LA_E_4991836,1,none,A09
LA_E_4991896,1,gsm,A14
LA_E_4991942,1,ulaw,A14
LA_E_4992298,1,alaw,A11
LA_E_4992704,1,opus,A17
LA_E_4992766,1,gsm,A09
LA_E_4992871,1,gsm,A15
LA_E_4993084,1,alaw,A11
LA_E_4993776,1,none,A19
LA_E_4994055,1,gsm,A07
LA_E_4994402,0,pstn,bonafide
LA_E_4994780,1,ulaw,A08
LA_E_4995398,1,alaw,A19
LA_E_4995583,1,none,A11
LA_E_4995894,1,gsm,A15
LA_E_4996231,1,none,A12
LA_E_4996308,1,g722,A07
LA_E_4996829,1,opus,A16
LA_E_4996900,1,pstn,A11
LA_E_4997115,1,ulaw,A07
LA_E_4997779,1,opus,A17
LA_E_4998123,1,pstn,A14
LA_E_4998387,1,gsm,A15
LA_E_4998519,1,gsm,A14
LA_E_4998558,1,pstn,A14
LA_E_4998768,1,opus,A13
LA_E_4998932,1,opus,A13
LA_E_4999227,1,opus,A12
LA_E_4999324,1,gsm,A17
LA_E_4999643,1,gsm,A12
LA_E_4999895,0,alaw,bonafide
LA_E_5000090,1,g722,A16
LA_E_5000128,1,gsm,A10
LA_E_5000295,1,pstn,A14
LA_E_5000757,1,gsm,A18
LA_E_5000879,1,alaw,A16
LA_E_5000888,0,gsm,bonafide
LA_E_5001272,1,gsm,A07
LA_E_5001573,1,g722,A10
LA_E_5001603,1,g722,A08
LA_E_5002213,1,pstn,A08
LA_E_5002510,1,g722,A13
LA_E_5002571,1,pstn,A16
LA_E_5002628,1,gsm,A08
LA_E_5002822,1,pstn,A16
LA_E_5003100,1,gsm,A15
LA_E_5003290,1,none,A15
LA_E_5003635,1,ulaw,A15
LA_E_5004115,1,none,A09
LA_E_5004586,1,opus,A15
LA_E_5005086,1,g722,A11
LA_E_5005443,1,ulaw,A18
LA_E_5005487,1,gsm,A09
LA_E_5005711,1,g722,A11
LA_E_5006254,1,gsm,A10
LA_E_5006420,1,gsm,A15
LA_E_5006941,1,pstn,A15
LA_E_5007229,1,opus,A08
LA_E_5007372,1,pstn,A18
LA_E_5007412,1,pstn,A17
LA_E_5007762,0,g722,bonafide
LA_E_5007969,1,pstn,A16
LA_E_5008001,1,pstn,A14
LA_E_5008565,1,ulaw,A18
LA_E_5008677,1,ulaw,A10
LA_E_5009436,1,pstn,A12
LA_E_5009659,1,pstn,A17
LA_E_5009833,1,g722,A15
LA_E_5009990,1,ulaw,A19
LA_E_5010112,1,opus,A09
LA_E_5010408,1,pstn,A08
LA_E_5010438,1,g722,A16
LA_E_5010547,1,gsm,A16
LA_E_5011066,1,g722,A09
LA_E_5011140,1,gsm,A12
LA_E_5011188,1,g722,A19
LA_E_5011461,1,g722,A10
LA_E_5011482,1,ulaw,A14
LA_E_5011802,0,gsm,bonafide
LA_E_5012077,1,ulaw,A13
LA_E_5012370,1,none,A19
LA_E_5012545,1,opus,A17
LA_E_5012691,1,opus,A13
LA_E_5012850,1,alaw,A10
LA_E_5012858,1,none,A19
LA_E_5013140,1,ulaw,A12
LA_E_5013259,0,alaw,bonafide
LA_E_5013316,1,gsm,A11
LA_E_5013556,1,gsm,A17
LA_E_5013823,1,opus,A16
LA_E_5014599,1,alaw,A16
LA_E_5014961,1,opus,A17
LA_E_5015023,1,gsm,A08
LA_E_5015314,1,none,A16
LA_E_5015401,0,pstn,bonafide
LA_E_5016012,1,opus,A15
LA_E_5016078,1,gsm,A17
LA_E_5016530,1,alaw,A08
LA_E_5017402,0,alaw,bonafide
LA_E_5017634,1,opus,A16
LA_E_5017686,1,none,A13
LA_E_5018232,1,none,A17
LA_E_5018361,1,opus,A07
LA_E_5019532,1,gsm,A14
LA_E_5019789,1,opus,A09
LA_E_5019849,1,ulaw,A19
LA_E_5020149,1,alaw,A15
LA_E_5020227,1,g722,A07
LA_E_5020237,1,gsm,A10
LA_E_5020396,1,gsm,A12
LA_E_5020655,1,opus,A16
LA_E_5020813,1,opus,A09
LA_E_5021448,1,none,A16
LA_E_5021576,1,alaw,A16
LA_E_5021943,1,alaw,A10
LA_E_5022320,1,gsm,A11
LA_E_5022448,1,opus,A08
LA_E_5022608,1,opus,A16
LA_E_5022719,1,gsm,A13
LA_E_5022897,1,alaw,A19
LA_E_5023129,1,pstn,A10
LA_E_5023291,1,ulaw,A18
LA_E_5023695,1,ulaw,A10
LA_E_5023772,1,gsm,A19
LA_E_5023971,0,none,bonafide
LA_E_5024013,0,ulaw,bonafide
LA_E_5024056,1,ulaw,A10
LA_E_5024475,0,alaw,bonafide
LA_E_5024929,1,ulaw,A15
LA_E_5025372,1,alaw,A16
LA_E_5026124,1,alaw,A08
LA_E_5026211,1,ulaw,A18
LA_E_5026381,1,ulaw,A07
LA_E_5026628,1,gsm,A08
LA_E_5028180,1,ulaw,A17
LA_E_5028227,1,alaw,A13
LA_E_5028839,0,none,bonafide
LA_E_5028885,1,pstn,A09
LA_E_5029128,1,alaw,A14
LA_E_5029171,1,gsm,A16
LA_E_5029250,1,opus,A13
LA_E_5029511,1,gsm,A07
LA_E_5029795,1,ulaw,A18
LA_E_5030020,1,pstn,A15
LA_E_5030115,1,opus,A07
LA_E_5030940,1,ulaw,A10
LA_E_5031597,1,gsm,A11
LA_E_5031784,1,alaw,A17
LA_E_5031947,0,opus,bonafide
LA_E_5032322,1,g722,A09
LA_E_5032560,1,alaw,A11
LA_E_5032759,1,opus,A07
LA_E_5032960,1,none,A17
LA_E_5033252,1,gsm,A19
LA_E_5033308,1,gsm,A11
LA_E_5033370,1,pstn,A18
LA_E_5033461,1,gsm,A16
LA_E_5034075,1,alaw,A13
LA_E_5034114,1,alaw,A09
LA_E_5034118,1,ulaw,A13
LA_E_5034670,1,none,A13
LA_E_5035142,1,pstn,A13
LA_E_5035585,1,gsm,A12
LA_E_5035964,1,opus,A16
LA_E_5036050,1,ulaw,A12
LA_E_5036251,1,none,A07
LA_E_5036298,1,ulaw,A07
LA_E_5036533,1,opus,A13
LA_E_5036652,0,alaw,bonafide
LA_E_5037203,1,alaw,A09
LA_E_5037349,1,none,A10
LA_E_5037678,1,opus,A11
LA_E_5038045,1,opus,A07
LA_E_5038645,1,ulaw,A19
LA_E_5038713,1,opus,A18
LA_E_5038886,0,pstn,bonafide
LA_E_5039057,1,pstn,A19
LA_E_5039113,1,alaw,A17
LA_E_5039212,1,ulaw,A19
LA_E_5039285,1,alaw,A17
LA_E_5039315,1,g722,A16
LA_E_5039342,1,none,A16
LA_E_5039611,1,none,A15
LA_E_5039760,1,alaw,A16
LA_E_5039866,1,ulaw,A18
LA_E_5039910,1,pstn,A15
LA_E_5040042,1,alaw,A10
LA_E_5040394,1,alaw,A12
LA_E_5040461,1,opus,A11
LA_E_5040904,1,none,A15
LA_E_5040952,1,ulaw,A17
LA_E_5041650,0,gsm,bonafide
LA_E_5041877,1,opus,A19
LA_E_5042263,1,gsm,A07
LA_E_5042515,0,g722,bonafide
LA_E_5042758,1,pstn,A17
LA_E_5043258,1,ulaw,A14
LA_E_5043526,1,gsm,A12
LA_E_5043527,0,pstn,bonafide
LA_E_5043799,1,g722,A19
LA_E_5043985,1,alaw,A12
LA_E_5044042,1,none,A17
LA_E_5044216,1,g722,A18
LA_E_5044497,1,alaw,A09
LA_E_5045127,1,ulaw,A11
LA_E_5045214,1,none,A10
LA_E_5045242,1,gsm,A18
LA_E_5045470,1,opus,A16
LA_E_5045488,1,g722,A10
LA_E_5046318,1,ulaw,A09
LA_E_5046413,1,opus,A19
LA_E_5046509,1,opus,A09
LA_E_5046564,1,none,A18
LA_E_5046810,1,opus,A16
LA_E_5046878,1,gsm,A19
LA_E_5046899,1,ulaw,A09
LA_E_5047163,1,gsm,A17
LA_E_5047478,1,pstn,A19
LA_E_5047494,1,alaw,A17
LA_E_5047553,1,none,A09
LA_E_5047662,1,none,A15
LA_E_5047734,1,alaw,A11
LA_E_5048297,1,none,A12
LA_E_5048385,1,opus,A07
LA_E_5048683,1,ulaw,A16
LA_E_5048869,1,opus,A19
LA_E_5049117,1,gsm,A14
LA_E_5049525,0,opus,bonafide
LA_E_5049560,1,gsm,A08
LA_E_5049874,1,ulaw,A14
LA_E_5050324,1,ulaw,A09
LA_E_5050585,0,opus,bonafide
LA_E_5050879,1,pstn,A14
LA_E_5050885,1,gsm,A12
LA_E_5051015,0,none,bonafide
LA_E_5052081,0,g722,bonafide
LA_E_5052228,1,ulaw,A15
LA_E_5052469,1,pstn,A07
LA_E_5052786,0,ulaw,bonafide
LA_E_5052939,1,none,A17
LA_E_5053319,1,none,A17
LA_E_5053404,1,pstn,A10
LA_E_5053436,1,none,A11
LA_E_5053453,1,none,A07
LA_E_5053969,1,alaw,A19
LA_E_5054236,0,alaw,bonafide
LA_E_5054351,1,opus,A09
LA_E_5054546,0,pstn,bonafide
LA_E_5054728,1,pstn,A12
LA_E_5054975,1,alaw,A12
LA_E_5055358,1,opus,A08
LA_E_5055538,1,alaw,A10
LA_E_5055665,1,g722,A18
LA_E_5055973,1,none,A11
LA_E_5056012,1,pstn,A13
LA_E_5056194,1,none,A18
LA_E_5056659,1,ulaw,A18
LA_E_5057077,1,g722,A15
LA_E_5057093,1,alaw,A10
LA_E_5057403,1,ulaw,A15
LA_E_5057442,1,opus,A14
LA_E_5057782,1,ulaw,A09
LA_E_5057965,1,ulaw,A11
LA_E_5058156,1,ulaw,A08
LA_E_5058382,1,none,A08
LA_E_5059994,1,pstn,A18
LA_E_5060355,1,opus,A07
LA_E_5060383,1,opus,A11
LA_E_5060789,1,pstn,A16
LA_E_5060800,1,none,A07
LA_E_5060830,1,opus,A15
LA_E_5060867,1,none,A09
LA_E_5060871,1,opus,A18
LA_E_5061187,1,alaw,A09
LA_E_5061365,1,gsm,A18
LA_E_5061666,1,ulaw,A15
LA_E_5063011,1,ulaw,A11
LA_E_5063172,1,pstn,A14
LA_E_5063365,1,alaw,A14
LA_E_5063434,1,pstn,A12
LA_E_5063455,1,g722,A09
LA_E_5063726,1,ulaw,A18
LA_E_5064526,1,alaw,A14
LA_E_5064737,1,ulaw,A13
LA_E_5064887,1,alaw,A19
LA_E_5065126,1,pstn,A16
LA_E_5065426,1,ulaw,A13
LA_E_5065518,1,ulaw,A13
LA_E_5065525,1,opus,A16
LA_E_5065572,1,pstn,A10
LA_E_5066112,1,g722,A19
LA_E_5066114,1,ulaw,A11
LA_E_5067335,1,ulaw,A15
LA_E_5067405,1,g722,A10
LA_E_5067546,1,g722,A11
LA_E_5067569,1,alaw,A12
LA_E_5068244,1,ulaw,A11
LA_E_5068481,1,opus,A11
LA_E_5069166,1,gsm,A14
LA_E_5069850,1,opus,A16
LA_E_5069963,1,ulaw,A08
LA_E_5070117,1,opus,A08
LA_E_5070163,1,none,A18
LA_E_5070409,1,none,A08
LA_E_5070470,1,none,A10
LA_E_5070567,1,pstn,A08
LA_E_5070576,1,none,A19
LA_E_5070647,1,g722,A07
LA_E_5071284,1,gsm,A08
LA_E_5071585,1,g722,A08
LA_E_5072141,1,gsm,A18
LA_E_5072331,0,opus,bonafide
LA_E_5072482,1,pstn,A18
LA_E_5072550,1,alaw,A15
LA_E_5072555,1,opus,A11
LA_E_5072933,1,gsm,A15
LA_E_5073228,1,g722,A19
LA_E_5073335,1,alaw,A15
LA_E_5073612,1,opus,A17
LA_E_5073697,1,none,A11
LA_E_5073924,1,opus,A16
LA_E_5074145,1,g722,A16
LA_E_5074421,1,none,A16
LA_E_5074567,1,ulaw,A16
LA_E_5074601,1,pstn,A10
LA_E_5074651,1,opus,A13
LA_E_5074716,1,ulaw,A12
LA_E_5074986,1,ulaw,A09
LA_E_5075147,1,opus,A10
LA_E_5075408,1,alaw,A16
LA_E_5075690,1,opus,A19
LA_E_5076027,1,ulaw,A07
LA_E_5076304,1,alaw,A18
LA_E_5077660,1,none,A15
LA_E_5077701,1,ulaw,A07
LA_E_5078040,1,ulaw,A09
LA_E_5078094,1,alaw,A18
LA_E_5078607,1,none,A14
LA_E_5078711,0,g722,bonafide
LA_E_5078755,1,gsm,A17
LA_E_5079010,1,alaw,A11
LA_E_5079278,1,opus,A10
LA_E_5079379,1,none,A16
LA_E_5079734,1,gsm,A10
LA_E_5080183,1,none,A11
LA_E_5080285,1,none,A11
LA_E_5080520,1,opus,A17
LA_E_5080622,1,ulaw,A12
LA_E_5080639,1,opus,A14
LA_E_5080700,1,ulaw,A16
LA_E_5080723,1,g722,A09
LA_E_5081362,0,none,bonafide
LA_E_5081748,1,gsm,A08
LA_E_5082045,0,alaw,bonafide
LA_E_5082049,1,ulaw,A19
LA_E_5082275,1,opus,A10
LA_E_5082784,1,gsm,A10
LA_E_5082977,1,g722,A09
LA_E_5083232,1,g722,A10
LA_E_5083241,1,g722,A17
LA_E_5083407,1,pstn,A14
LA_E_5084901,1,gsm,A12
LA_E_5084937,1,gsm,A08
LA_E_5085585,1,gsm,A15
LA_E_5085685,1,pstn,A14
LA_E_5085988,1,opus,A13
LA_E_5086023,1,ulaw,A17
LA_E_5086091,1,pstn,A14
LA_E_5087031,0,g722,bonafide
LA_E_5087366,1,opus,A07
LA_E_5088243,1,gsm,A16
LA_E_5088272,1,pstn,A18
LA_E_5088462,1,ulaw,A13
LA_E_5088824,1,opus,A14
LA_E_5089186,1,none,A07
LA_E_5089292,1,opus,A18
LA_E_5089944,1,alaw,A16
LA_E_5090532,1,g722,A08
LA_E_5090638,1,alaw,A07
LA_E_5091218,0,opus,bonafide
LA_E_5091483,1,pstn,A13
LA_E_5091529,1,gsm,A11
LA_E_5092407,1,opus,A07
LA_E_5092480,1,gsm,A07
LA_E_5093052,1,gsm,A08
LA_E_5093560,1,pstn,A13
LA_E_5094050,1,opus,A14
LA_E_5094122,1,opus,A08
LA_E_5094713,1,pstn,A18
LA_E_5094826,1,ulaw,A14
LA_E_5095140,1,gsm,A17
LA_E_5095408,0,opus,bonafide
LA_E_5095786,1,gsm,A13
LA_E_5096087,1,g722,A15
LA_E_5096167,1,gsm,A14
LA_E_5096249,1,gsm,A09
LA_E_5096418,0,gsm,bonafide
LA_E_5096517,1,g722,A12
LA_E_5096533,1,gsm,A09
LA_E_5096606,1,opus,A16
LA_E_5097008,1,none,A08
LA_E_5097191,1,ulaw,A12
LA_E_5097624,1,ulaw,A18
LA_E_5097798,1,ulaw,A11
LA_E_5097974,1,ulaw,A09
LA_E_5098373,1,g722,A16
LA_E_5099043,1,ulaw,A13
LA_E_5099385,1,alaw,A08
LA_E_5099710,1,opus,A07
LA_E_5099765,1,gsm,A10
LA_E_5099804,0,gsm,bonafide
LA_E_5100302,1,ulaw,A08
LA_E_5100313,1,gsm,A15
LA_E_5100385,1,opus,A19
LA_E_5100618,1,gsm,A11
LA_E_5100764,1,alaw,A18
LA_E_5100845,1,alaw,A19
LA_E_5101034,1,g722,A17
LA_E_5101738,1,alaw,A08
LA_E_5101844,1,g722,A09
LA_E_5102250,1,ulaw,A09
LA_E_5102492,1,gsm,A10
LA_E_5103087,1,gsm,A19
LA_E_5103378,1,none,A14
LA_E_5103569,1,alaw,A08
LA_E_5103584,1,opus,A15
LA_E_5103692,1,g722,A13
LA_E_5104090,1,gsm,A16
LA_E_5104442,1,none,A16
LA_E_5104556,1,pstn,A13
LA_E_5104787,1,opus,A13
LA_E_5105178,1,g722,A15
LA_E_5105404,1,g722,A13
LA_E_5105644,1,ulaw,A08
LA_E_5106370,1,gsm,A15
LA_E_5106492,1,opus,A08
LA_E_5106493,1,ulaw,A10
LA_E_5106797,1,none,A09
LA_E_5106893,1,ulaw,A09
LA_E_5107306,1,opus,A13
LA_E_5107384,1,opus,A14
LA_E_5107531,1,ulaw,A15
LA_E_5107630,1,ulaw,A16
LA_E_5107747,1,pstn,A19
LA_E_5107821,0,pstn,bonafide
LA_E_5108540,1,g722,A10
LA_E_5108600,1,ulaw,A07
LA_E_5108907,1,gsm,A09
LA_E_5109138,1,pstn,A12
LA_E_5109386,1,ulaw,A10
LA_E_5110198,1,none,A11
LA_E_5110474,1,alaw,A15
LA_E_5110534,1,alaw,A07
LA_E_5110627,1,ulaw,A08
LA_E_5110808,1,alaw,A11
LA_E_5111208,1,ulaw,A10
LA_E_5111397,1,gsm,A19
LA_E_5111902,1,alaw,A09
LA_E_5112176,1,alaw,A12
LA_E_5112545,1,g722,A19
LA_E_5112556,1,pstn,A07
LA_E_5113658,1,alaw,A10
LA_E_5113894,1,gsm,A07
LA_E_5114660,0,none,bonafide
LA_E_5114891,0,gsm,bonafide
LA_E_5115227,1,pstn,A15
LA_E_5115432,1,opus,A16
LA_E_5115553,1,none,A12
LA_E_5115577,0,ulaw,bonafide
LA_E_5115776,1,opus,A07
LA_E_5116615,1,gsm,A08
LA_E_5116741,1,opus,A11
LA_E_5117004,1,ulaw,A18
LA_E_5117304,1,ulaw,A12
LA_E_5117719,1,ulaw,A15
LA_E_5117796,1,opus,A13
LA_E_5117844,1,gsm,A15
LA_E_5118031,1,opus,A07
LA_E_5118124,1,opus,A19
LA_E_5118430,1,ulaw,A08
LA_E_5118497,1,opus,A11
LA_E_5119305,1,alaw,A14
LA_E_5119865,1,g722,A18
LA_E_5120112,1,pstn,A07
LA_E_5121943,1,opus,A09
LA_E_5122415,1,opus,A19
LA_E_5123166,1,pstn,A08
LA_E_5123408,1,ulaw,A14
LA_E_5123533,1,opus,A13
LA_E_5123986,1,g722,A07
LA_E_5124010,1,none,A07
LA_E_5125164,1,pstn,A07
LA_E_5125255,1,opus,A13
LA_E_5125578,1,opus,A07
LA_E_5125908,1,none,A10
LA_E_5126721,1,gsm,A16
LA_E_5126919,1,ulaw,A13
LA_E_5127029,1,pstn,A17
LA_E_5127626,1,pstn,A07
LA_E_5127755,1,gsm,A16
LA_E_5128249,0,g722,bonafide
LA_E_5128425,1,opus,A17
LA_E_5128520,1,pstn,A12
LA_E_5128576,1,opus,A12
LA_E_5129472,1,g722,A07
LA_E_5129830,1,opus,A12
LA_E_5129957,1,pstn,A10
LA_E_5130052,1,pstn,A08
LA_E_5130242,1,gsm,A15
LA_E_5130570,1,pstn,A18
LA_E_5130869,1,opus,A19
LA_E_5130950,1,alaw,A14
LA_E_5131053,1,ulaw,A07
LA_E_5131202,1,g722,A19
LA_E_5131273,1,gsm,A11
LA_E_5131623,1,alaw,A19
LA_E_5131630,1,gsm,A18
LA_E_5132304,1,none,A16
LA_E_5133686,1,opus,A07
LA_E_5133720,1,alaw,A14
LA_E_5134242,1,ulaw,A13
LA_E_5134696,1,pstn,A15
LA_E_5135264,1,gsm,A12
LA_E_5135336,1,gsm,A14
LA_E_5135338,1,gsm,A09
LA_E_5135348,1,opus,A07
LA_E_5135416,1,ulaw,A07
LA_E_5135424,1,pstn,A10
LA_E_5135783,1,opus,A15
LA_E_5135830,1,opus,A09
LA_E_5135890,1,g722,A07
LA_E_5135963,1,pstn,A09
LA_E_5136297,1,g722,A12
LA_E_5136381,1,pstn,A18
LA_E_5136553,0,alaw,bonafide
LA_E_5136586,1,g722,A09
LA_E_5136791,1,ulaw,A17
LA_E_5137120,1,gsm,A17
LA_E_5137154,1,opus,A13
LA_E_5137338,1,alaw,A19
LA_E_5137400,1,ulaw,A11
LA_E_5137407,1,gsm,A13
LA_E_5138170,1,none,A14
LA_E_5138557,1,ulaw,A07
LA_E_5138737,1,none,A07
LA_E_5138803,1,gsm,A13
LA_E_5139085,1,opus,A09
LA_E_5139279,1,opus,A14
LA_E_5139493,1,gsm,A07
LA_E_5139500,1,gsm,A18
LA_E_5139683,1,gsm,A07
LA_E_5139764,1,pstn,A12
LA_E_5139794,1,opus,A16
LA_E_5140050,1,opus,A17
LA_E_5140073,1,gsm,A16
LA_E_5140289,1,g722,A08
LA_E_5140455,1,pstn,A11
LA_E_5140484,0,opus,bonafide
LA_E_5140763,1,g722,A13
LA_E_5140790,1,pstn,A08
LA_E_5141097,1,ulaw,A15
LA_E_5141389,1,ulaw,A09
LA_E_5141516,1,ulaw,A16
LA_E_5141702,1,gsm,A13
LA_E_5141711,1,ulaw,A18
LA_E_5141786,1,alaw,A10
LA_E_5141890,1,g722,A19
LA_E_5142392,1,alaw,A18
LA_E_5142646,1,ulaw,A12
LA_E_5142944,1,opus,A08
LA_E_5143053,1,ulaw,A15
LA_E_5143111,1,alaw,A18
LA_E_5143381,0,opus,bonafide
LA_E_5143558,1,none,A11
LA_E_5143655,1,gsm,A19
LA_E_5143744,1,ulaw,A11
LA_E_5143835,1,g722,A11
LA_E_5144092,1,ulaw,A19
LA_E_5144588,0,opus,bonafide
LA_E_5144780,1,ulaw,A14
LA_E_5145064,1,gsm,A15
LA_E_5145229,1,gsm,A11
LA_E_5145303,1,ulaw,A18
LA_E_5145435,1,opus,A08
LA_E_5145647,0,ulaw,bonafide
LA_E_5145968,1,none,A13
LA_E_5146002,1,none,A17
LA_E_5146018,0,ulaw,bonafide
LA_E_5146969,1,ulaw,A08
LA_E_5147047,1,ulaw,A12
LA_E_5147065,1,opus,A13
LA_E_5147089,1,gsm,A12
LA_E_5147455,1,alaw,A15
LA_E_5147717,1,opus,A08
LA_E_5148058,0,none,bonafide
LA_E_5148241,1,ulaw,A14
LA_E_5148485,1,gsm,A15
LA_E_5148630,1,pstn,A13
LA_E_5148721,1,gsm,A15
LA_E_5148907,1,alaw,A15
LA_E_5149006,1,opus,A08
LA_E_5149137,1,ulaw,A11
LA_E_5150402,1,alaw,A12
LA_E_5150434,0,g722,bonafide
LA_E_5150465,1,alaw,A09
LA_E_5150500,1,pstn,A07
LA_E_5150520,1,alaw,A18
LA_E_5150678,1,g722,A11
LA_E_5151112,0,none,bonafide
LA_E_5151198,1,g722,A18
LA_E_5151371,0,gsm,bonafide
LA_E_5151739,1,g722,A18
LA_E_5151772,1,ulaw,A13
LA_E_5152466,1,pstn,A12
LA_E_5152702,1,none,A11
LA_E_5153775,1,gsm,A17
LA_E_5153776,1,ulaw,A07
LA_E_5154040,1,none,A12
LA_E_5154290,1,ulaw,A07
LA_E_5154347,0,opus,bonafide
LA_E_5154544,1,none,A14
LA_E_5154606,1,ulaw,A11
LA_E_5154807,1,gsm,A07
LA_E_5155173,1,gsm,A13
LA_E_5155853,1,ulaw,A11
LA_E_5155862,1,gsm,A14
LA_E_5155957,1,alaw,A08
LA_E_5156122,1,none,A12
LA_E_5156604,1,none,A13
LA_E_5156691,1,alaw,A12
LA_E_5156789,1,alaw,A18
LA_E_5157164,1,opus,A13
LA_E_5157189,1,g722,A11
LA_E_5157311,1,pstn,A11
LA_E_5158004,1,ulaw,A08
LA_E_5158058,1,gsm,A16
LA_E_5158532,1,pstn,A12
LA_E_5158608,1,alaw,A19
LA_E_5159802,1,pstn,A17
LA_E_5160074,1,pstn,A10
LA_E_5160279,1,g722,A11
LA_E_5160984,1,none,A12
LA_E_5161388,1,g722,A14
LA_E_5161599,1,ulaw,A14
LA_E_5161829,1,gsm,A09
LA_E_5162279,1,gsm,A13
LA_E_5162760,1,ulaw,A19
LA_E_5162991,1,opus,A15
LA_E_5163197,1,pstn,A14
LA_E_5163303,1,g722,A18
LA_E_5163450,1,alaw,A11
LA_E_5163481,1,alaw,A17
LA_E_5163485,1,g722,A13
LA_E_5163617,0,gsm,bonafide
LA_E_5163639,1,none,A16
LA_E_5163754,1,pstn,A18
LA_E_5163992,1,none,A15
LA_E_5164316,1,ulaw,A09
LA_E_5164443,1,ulaw,A16
LA_E_5164545,1,gsm,A13
LA_E_5165194,1,ulaw,A16
LA_E_5165273,1,none,A09
LA_E_5166588,1,none,A19
LA_E_5166607,1,opus,A07
LA_E_5166708,1,none,A07
LA_E_5166951,0,gsm,bonafide
LA_E_5167537,1,opus,A13
LA_E_5167793,1,gsm,A09
LA_E_5167937,1,none,A14
LA_E_5168164,1,pstn,A09
LA_E_5168375,1,gsm,A14
LA_E_5168419,1,ulaw,A18
LA_E_5168572,1,gsm,A19
LA_E_5168612,1,pstn,A17
LA_E_5168669,1,ulaw,A16
LA_E_5168762,1,alaw,A09
LA_E_5168873,1,alaw,A12
LA_E_5168966,1,gsm,A16
LA_E_5169217,1,g722,A10
LA_E_5169343,1,none,A11
LA_E_5169433,1,opus,A11
LA_E_5169692,1,g722,A13
LA_E_5170092,1,none,A12
LA_E_5170743,1,opus,A10
LA_E_5170799,1,pstn,A12
LA_E_5170951,0,opus,bonafide
LA_E_5171296,0,g722,bonafide
LA_E_5172268,1,g722,A09
LA_E_5172648,1,opus,A15
LA_E_5173216,1,g722,A11
LA_E_5173230,1,ulaw,A16
LA_E_5173301,1,none,A08
LA_E_5173511,1,ulaw,A14
LA_E_5173754,1,none,A09
LA_E_5174087,1,opus,A07
LA_E_5174316,1,none,A09
LA_E_5174442,1,pstn,A12
LA_E_5174662,1,ulaw,A15
LA_E_5174666,0,none,bonafide
LA_E_5175001,1,opus,A09
LA_E_5176009,1,alaw,A15
LA_E_5176183,1,opus,A11
LA_E_5176315,1,opus,A16
LA_E_5176477,1,ulaw,A10
LA_E_5176586,1,alaw,A08
LA_E_5176777,1,opus,A15
LA_E_5176842,1,opus,A12
LA_E_5176882,1,ulaw,A09
LA_E_5177178,1,gsm,A12
LA_E_5177199,1,g722,A17
LA_E_5177351,1,gsm,A08
LA_E_5177562,1,g722,A19
LA_E_5177603,1,ulaw,A18
LA_E_5177832,1,ulaw,A14
LA_E_5177949,1,ulaw,A11
LA_E_5178199,1,g722,A19
LA_E_5178564,1,ulaw,A07
LA_E_5178803,1,ulaw,A17
LA_E_5178934,1,pstn,A15
LA_E_5179525,1,alaw,A15
LA_E_5179560,1,alaw,A19
LA_E_5179878,1,ulaw,A18
LA_E_5179894,1,gsm,A15
LA_E_5179962,1,opus,A19
LA_E_5180094,1,pstn,A18
LA_E_5180163,1,opus,A14
LA_E_5180223,1,none,A11
LA_E_5181518,1,opus,A17
LA_E_5181820,1,ulaw,A15
LA_E_5181965,1,gsm,A07
LA_E_5182375,1,gsm,A09
LA_E_5182457,1,gsm,A11
LA_E_5182510,1,opus,A19
LA_E_5183341,1,alaw,A11
LA_E_5183820,1,none,A17
LA_E_5184270,1,gsm,A10
LA_E_5184478,1,g722,A08
LA_E_5184528,0,gsm,bonafide
LA_E_5184725,1,gsm,A19
LA_E_5184916,1,alaw,A15
LA_E_5185362,1,g722,A13
LA_E_5185486,1,opus,A11
LA_E_5185596,0,ulaw,bonafide
LA_E_5185986,0,pstn,bonafide
LA_E_5186033,0,alaw,bonafide
LA_E_5186261,1,none,A09
LA_E_5186282,1,ulaw,A13
LA_E_5186283,1,gsm,A11
LA_E_5186357,1,gsm,A11
LA_E_5186653,0,pstn,bonafide
LA_E_5186729,1,opus,A17
LA_E_5187228,1,pstn,A07
LA_E_5187391,1,opus,A12
LA_E_5187405,1,g722,A17
LA_E_5187533,1,none,A09
LA_E_5187956,1,none,A15
LA_E_5187972,1,gsm,A09
LA_E_5188101,1,ulaw,A14
LA_E_5188181,1,opus,A10
LA_E_5188480,1,gsm,A10
LA_E_5188552,1,opus,A16
LA_E_5188724,1,gsm,A18
LA_E_5188774,1,alaw,A19
LA_E_5188840,1,opus,A19
LA_E_5188994,1,g722,A15
LA_E_5189020,1,opus,A19
LA_E_5189200,1,ulaw,A07
LA_E_5189241,1,opus,A18
LA_E_5189473,1,g722,A12
LA_E_5189700,0,alaw,bonafide
LA_E_5190968,1,ulaw,A07
LA_E_5191118,1,pstn,A19
LA_E_5191264,1,g722,A15
LA_E_5192143,1,g722,A11
LA_E_5192393,1,pstn,A09
LA_E_5193228,1,pstn,A18
LA_E_5193504,1,none,A07
LA_E_5194307,1,gsm,A13
LA_E_5194919,1,g722,A13
LA_E_5195236,1,alaw,A12
LA_E_5195399,1,none,A19
LA_E_5195441,1,ulaw,A08
LA_E_5195501,1,g722,A07
LA_E_5195937,1,alaw,A09
LA_E_5195990,1,pstn,A12
LA_E_5196402,1,g722,A13
LA_E_5196692,1,ulaw,A12
LA_E_5196723,1,gsm,A07
LA_E_5196809,1,none,A17
LA_E_5196909,1,none,A11
LA_E_5196951,1,g722,A17
LA_E_5197053,1,ulaw,A08
LA_E_5197054,1,opus,A11
LA_E_5197296,1,ulaw,A15
LA_E_5197563,0,opus,bonafide
LA_E_5197917,1,none,A15
LA_E_5198300,1,gsm,A08
LA_E_5198380,1,opus,A07
LA_E_5198937,1,gsm,A15
LA_E_5199088,0,ulaw,bonafide
LA_E_5199597,1,opus,A15
LA_E_5199600,1,g722,A12
LA_E_5200052,1,alaw,A07
LA_E_5200952,1,pstn,A10
LA_E_5201197,1,g722,A12
LA_E_5201535,1,opus,A09
LA_E_5201633,1,opus,A14
LA_E_5201664,1,gsm,A16
LA_E_5201704,1,pstn,A14
LA_E_5202374,1,none,A15
LA_E_5202406,1,gsm,A17
LA_E_5202419,1,ulaw,A15
LA_E_5202593,1,g722,A07
LA_E_5202791,1,alaw,A09
LA_E_5203193,1,g722,A15
LA_E_5203390,1,alaw,A07
LA_E_5204083,1,ulaw,A12
LA_E_5204085,1,opus,A17
LA_E_5204323,0,g722,bonafide
LA_E_5204475,1,ulaw,A12
LA_E_5204676,1,opus,A13
LA_E_5205099,1,pstn,A10
LA_E_5205588,1,opus,A11
LA_E_5206085,1,gsm,A15
LA_E_5206358,1,ulaw,A12
LA_E_5206398,1,opus,A08
LA_E_5206505,1,ulaw,A10
LA_E_5206775,0,none,bonafide
LA_E_5207074,1,pstn,A18
LA_E_5207466,1,none,A17
LA_E_5207739,0,g722,bonafide
LA_E_5207798,1,none,A17
LA_E_5208848,1,ulaw,A19
LA_E_5208909,1,alaw,A12
LA_E_5209180,0,alaw,bonafide
LA_E_5209199,1,gsm,A12
LA_E_5209374,1,g722,A17
LA_E_5209649,1,opus,A11
LA_E_5209723,1,alaw,A09
LA_E_5210109,1,alaw,A18
LA_E_5210157,1,gsm,A07
LA_E_5210288,1,alaw,A11
LA_E_5210362,1,none,A17
LA_E_5210527,1,ulaw,A11
LA_E_5210694,1,ulaw,A18
LA_E_5211572,1,g722,A09
LA_E_5212007,1,none,A19
LA_E_5212460,1,g722,A14
LA_E_5212581,1,alaw,A13
LA_E_5213220,0,ulaw,bonafide
LA_E_5213672,1,opus,A17
LA_E_5213849,1,pstn,A13
LA_E_5214130,1,none,A19
LA_E_5214450,1,none,A09
LA_E_5214510,1,none,A08
LA_E_5214563,1,pstn,A10
LA_E_5215011,1,gsm,A18
LA_E_5215195,1,opus,A09
LA_E_5215293,1,ulaw,A13
LA_E_5215482,0,none,bonafide
LA_E_5215903,1,ulaw,A18
LA_E_5216084,0,alaw,bonafide
LA_E_5216568,1,none,A18
LA_E_5216742,1,none,A19
LA_E_5217115,1,ulaw,A08
LA_E_5217573,1,alaw,A12
LA_E_5217785,1,pstn,A16
LA_E_5217977,1,opus,A13
LA_E_5218249,1,gsm,A13
LA_E_5219113,1,alaw,A09
LA_E_5219226,1,ulaw,A15
LA_E_5219508,1,alaw,A07
LA_E_5219867,1,opus,A08
LA_E_5220038,1,gsm,A19
LA_E_5220073,1,alaw,A15
LA_E_5220106,1,pstn,A14
LA_E_5221317,1,pstn,A17
LA_E_5221338,1,pstn,A13
LA_E_5221560,1,none,A17
LA_E_5221653,1,none,A07
LA_E_5222130,1,opus,A09
LA_E_5222217,1,pstn,A12
LA_E_5223128,1,g722,A18
LA_E_5223158,1,opus,A12
LA_E_5223379,1,alaw,A12
LA_E_5223455,1,ulaw,A10
LA_E_5224251,1,pstn,A18
LA_E_5224587,1,ulaw,A19
LA_E_5224622,0,ulaw,bonafide
LA_E_5224719,1,opus,A13
LA_E_5224834,1,g722,A14
LA_E_5224870,1,alaw,A19
LA_E_5224889,1,alaw,A15
LA_E_5224898,1,none,A12
LA_E_5225122,1,none,A08
LA_E_5225637,1,alaw,A15
LA_E_5226097,1,g722,A14
LA_E_5226188,1,opus,A19
LA_E_5227018,1,pstn,A15
LA_E_5227116,1,ulaw,A08
LA_E_5227230,1,g722,A19
LA_E_5227241,0,ulaw,bonafide
LA_E_5227718,1,gsm,A16
LA_E_5227726,1,alaw,A18
LA_E_5227740,1,gsm,A16
LA_E_5228184,1,gsm,A19
LA_E_5228605,1,pstn,A18
LA_E_5228636,1,none,A08
LA_E_5228644,1,none,A17
LA_E_5228649,1,ulaw,A08
LA_E_5229350,1,opus,A18
LA_E_5229446,1,pstn,A15
LA_E_5229584,1,alaw,A13
LA_E_5230029,1,pstn,A09
LA_E_5230448,1,ulaw,A17
LA_E_5230585,1,g722,A13
LA_E_5230756,1,ulaw,A16
LA_E_5231131,1,gsm,A09
LA_E_5231144,1,ulaw,A08
LA_E_5231157,1,opus,A14
LA_E_5231225,1,alaw,A07
LA_E_5231314,1,g722,A18
LA_E_5231347,1,alaw,A14
LA_E_5231508,1,pstn,A07
LA_E_5231576,1,gsm,A08
LA_E_5231624,1,g722,A19
LA_E_5232184,1,none,A15
LA_E_5232212,1,pstn,A07
LA_E_5232259,1,gsm,A09
LA_E_5232288,0,pstn,bonafide
LA_E_5232594,1,none,A07
LA_E_5232696,1,g722,A13
LA_E_5233508,1,opus,A19
LA_E_5233834,1,gsm,A19
LA_E_5234105,1,g722,A13
LA_E_5234709,1,opus,A08
LA_E_5234735,1,g722,A14
LA_E_5234869,1,gsm,A12
LA_E_5235195,1,ulaw,A16
LA_E_5235513,1,alaw,A10
LA_E_5235718,1,pstn,A09
LA_E_5235740,1,g722,A19
LA_E_5236344,1,alaw,A13
LA_E_5236949,1,none,A07
LA_E_5236960,1,ulaw,A08
LA_E_5237373,1,gsm,A16
LA_E_5237507,1,g722,A15
LA_E_5238400,1,opus,A17
LA_E_5238549,1,none,A13
LA_E_5238836,1,alaw,A19
LA_E_5238940,1,none,A13
LA_E_5239225,1,opus,A12
LA_E_5239346,1,g722,A12
LA_E_5239624,1,g722,A13
LA_E_5240328,1,opus,A14
LA_E_5240406,1,pstn,A12
LA_E_5240751,1,ulaw,A07
LA_E_5240847,1,pstn,A07
LA_E_5240875,1,none,A09
LA_E_5241185,1,ulaw,A13
LA_E_5241199,1,pstn,A10
LA_E_5241432,1,opus,A19
LA_E_5241568,1,ulaw,A09
LA_E_5241788,1,g722,A07
LA_E_5242400,1,none,A17
LA_E_5242669,0,pstn,bonafide
LA_E_5242787,1,pstn,A15
LA_E_5242790,1,alaw,A09
LA_E_5243060,1,alaw,A18
LA_E_5243366,1,g722,A07
LA_E_5243380,1,g722,A18
LA_E_5243428,1,pstn,A12
LA_E_5243476,0,g722,bonafide
LA_E_5243771,1,alaw,A19
LA_E_5243866,1,alaw,A15
LA_E_5244287,1,opus,A12
LA_E_5244469,1,none,A19
LA_E_5244660,1,none,A09
LA_E_5244676,1,none,A10
LA_E_5245321,1,ulaw,A14
LA_E_5245470,1,pstn,A18
LA_E_5245535,1,opus,A08
LA_E_5245813,1,gsm,A13
LA_E_5245854,1,gsm,A16
LA_E_5245879,1,g722,A11
LA_E_5246281,1,none,A11
LA_E_5246621,1,alaw,A16
LA_E_5247014,1,alaw,A08
LA_E_5247379,1,ulaw,A18
LA_E_5248006,1,gsm,A12
LA_E_5248721,1,g722,A08
LA_E_5249156,1,alaw,A12
LA_E_5249212,1,alaw,A14
LA_E_5249347,1,none,A17
LA_E_5249581,1,pstn,A07
LA_E_5249697,1,ulaw,A18
LA_E_5249759,1,alaw,A13
LA_E_5249942,1,g722,A16
LA_E_5249972,1,gsm,A11
LA_E_5250439,1,pstn,A19
LA_E_5250572,1,g722,A10
LA_E_5250602,1,opus,A17
LA_E_5251325,1,pstn,A08
LA_E_5251663,1,gsm,A14
LA_E_5251681,1,alaw,A19
LA_E_5252635,1,opus,A13
LA_E_5252844,1,none,A15
LA_E_5253019,1,ulaw,A15
LA_E_5253032,1,none,A19
LA_E_5253088,1,pstn,A13
LA_E_5253539,1,opus,A15
LA_E_5254047,1,none,A15
LA_E_5254048,1,gsm,A19
LA_E_5254050,1,ulaw,A08
LA_E_5255533,1,g722,A08
LA_E_5255537,1,alaw,A18
LA_E_5255782,1,ulaw,A14
LA_E_5256586,1,opus,A18
LA_E_5256886,0,gsm,bonafide
LA_E_5256995,1,alaw,A15
LA_E_5257022,0,ulaw,bonafide
LA_E_5257408,1,gsm,A14
LA_E_5257425,1,gsm,A16
LA_E_5257527,1,opus,A15
LA_E_5258249,0,ulaw,bonafide
LA_E_5258271,1,none,A09
LA_E_5258362,0,pstn,bonafide
LA_E_5258685,1,gsm,A11
LA_E_5258776,1,gsm,A08
LA_E_5258831,1,ulaw,A19
LA_E_5258977,1,g722,A07
LA_E_5258993,1,gsm,A12
LA_E_5259093,1,ulaw,A18
LA_E_5259811,1,g722,A08
LA_E_5260558,1,ulaw,A10
LA_E_5260880,1,g722,A18
LA_E_5261033,1,gsm,A10
LA_E_5261102,1,opus,A10
LA_E_5261259,1,gsm,A18
LA_E_5261276,1,g722,A11
LA_E_5261372,1,none,A19
LA_E_5262041,1,alaw,A12
LA_E_5262849,1,none,A19
LA_E_5264396,1,opus,A15
LA_E_5264414,1,ulaw,A11
LA_E_5264423,1,none,A10
LA_E_5265027,1,pstn,A17
LA_E_5265254,1,ulaw,A11
LA_E_5265702,1,pstn,A17
LA_E_5266409,1,ulaw,A14
LA_E_5267023,1,g722,A17
LA_E_5267055,1,pstn,A18
LA_E_5268054,1,alaw,A15
LA_E_5268330,1,none,A11
LA_E_5268784,1,ulaw,A11
LA_E_5269011,1,pstn,A11
LA_E_5269016,0,none,bonafide
LA_E_5269153,1,pstn,A12
LA_E_5269353,1,g722,A13
LA_E_5269376,1,g722,A11
LA_E_5269408,1,g722,A17
LA_E_5269930,1,pstn,A16
LA_E_5270118,1,ulaw,A15
LA_E_5270216,1,ulaw,A07
LA_E_5270254,1,g722,A07
LA_E_5270264,1,none,A12
LA_E_5270690,1,g722,A19
LA_E_5270836,1,none,A16
LA_E_5271228,1,gsm,A19
LA_E_5271318,1,alaw,A11
LA_E_5271540,1,none,A12
LA_E_5271689,1,opus,A15
LA_E_5272151,1,none,A15
LA_E_5272253,1,ulaw,A11
LA_E_5272454,1,none,A07
LA_E_5272799,1,g722,A15
LA_E_5272943,1,none,A14
LA_E_5272979,1,gsm,A16
LA_E_5273685,1,g722,A12
LA_E_5273799,1,opus,A17
LA_E_5273847,1,pstn,A17
LA_E_5273917,1,g722,A17
LA_E_5274078,1,alaw,A08
LA_E_5274827,1,ulaw,A14
LA_E_5274874,1,alaw,A11
LA_E_5275086,0,ulaw,bonafide
LA_E_5275090,1,pstn,A11
LA_E_5275373,1,alaw,A11
LA_E_5275506,1,pstn,A07
LA_E_5275515,1,alaw,A19
LA_E_5275655,1,opus,A16
LA_E_5275676,1,opus,A07
LA_E_5276161,1,g722,A09
LA_E_5276885,1,none,A16
LA_E_5277089,1,g722,A14
LA_E_5277365,1,pstn,A19
LA_E_5277663,1,ulaw,A17
LA_E_5278309,1,g722,A07
LA_E_5278721,1,gsm,A14
LA_E_5278788,1,ulaw,A19
LA_E_5278842,1,ulaw,A11
LA_E_5279416,1,none,A09
LA_E_5279498,0,ulaw,bonafide
LA_E_5279865,1,opus,A19
LA_E_5280205,1,ulaw,A16
LA_E_5281103,1,alaw,A11
LA_E_5282289,1,alaw,A08
LA_E_5282380,1,ulaw,A14
LA_E_5282433,0,none,bonafide
LA_E_5282526,1,none,A08
LA_E_5282735,1,opus,A16
LA_E_5282745,1,opus,A16
LA_E_5282861,1,none,A10
LA_E_5282872,1,none,A12
LA_E_5282918,1,opus,A07
LA_E_5283135,0,opus,bonafide
LA_E_5283148,1,ulaw,A15
LA_E_5283211,1,ulaw,A12
LA_E_5283719,1,gsm,A13
LA_E_5283750,1,opus,A15
LA_E_5283751,0,opus,bonafide
LA_E_5283859,1,pstn,A15
LA_E_5284576,0,none,bonafide
LA_E_5284583,1,g722,A17
LA_E_5284750,1,pstn,A10
LA_E_5285296,1,pstn,A07
LA_E_5285534,1,ulaw,A11
LA_E_5286401,0,ulaw,bonafide
LA_E_5286621,1,none,A19
LA_E_5286790,1,opus,A17
LA_E_5286795,1,alaw,A18
LA_E_5286866,1,pstn,A18
LA_E_5286963,0,gsm,bonafide
LA_E_5287478,1,g722,A07
LA_E_5287678,1,none,A10
LA_E_5287833,1,gsm,A13
LA_E_5288260,1,g722,A10
LA_E_5288526,1,ulaw,A11
LA_E_5288741,1,none,A16
LA_E_5288776,1,gsm,A13
LA_E_5288799,1,alaw,A16
LA_E_5289183,1,g722,A12
LA_E_5289503,0,opus,bonafide
LA_E_5289851,1,none,A17
LA_E_5289962,1,none,A08
LA_E_5290165,1,none,A08
LA_E_5290196,1,opus,A18
LA_E_5290336,1,none,A08
LA_E_5290419,1,ulaw,A08
LA_E_5291158,1,pstn,A08
LA_E_5291166,1,g722,A07
LA_E_5291485,1,alaw,A19
LA_E_5291708,1,g722,A18
LA_E_5291826,1,alaw,A11
LA_E_5291852,1,opus,A10
LA_E_5292162,1,gsm,A07
LA_E_5292542,1,ulaw,A14
LA_E_5293300,1,ulaw,A19
LA_E_5293644,1,none,A14
LA_E_5294336,1,ulaw,A16
LA_E_5295152,1,ulaw,A16
LA_E_5295210,1,pstn,A17
LA_E_5295255,1,alaw,A12
LA_E_5295441,1,g722,A19
LA_E_5295938,1,opus,A11
LA_E_5296273,0,g722,bonafide
LA_E_5296369,1,pstn,A11
LA_E_5296402,1,g722,A18
LA_E_5296553,1,pstn,A15
LA_E_5296717,1,none,A11
LA_E_5297060,1,opus,A17
LA_E_5297292,1,g722,A16
LA_E_5297548,1,ulaw,A18
LA_E_5297605,1,opus,A18
LA_E_5297791,1,none,A14
LA_E_5298152,1,opus,A11
LA_E_5298737,0,opus,bonafide
LA_E_5298954,1,opus,A16
LA_E_5298992,1,gsm,A10
LA_E_5299081,1,opus,A18
LA_E_5299497,1,alaw,A09
LA_E_5299687,1,g722,A18
LA_E_5299718,1,alaw,A14
LA_E_5299758,1,pstn,A07
LA_E_5299846,1,alaw,A09
LA_E_5299933,1,pstn,A09
LA_E_5300444,1,pstn,A11
LA_E_5300825,1,opus,A15
LA_E_5301185,1,none,A11
LA_E_5301460,1,g722,A10
LA_E_5301943,0,opus,bonafide
LA_E_5301970,1,pstn,A17
LA_E_5302302,0,none,bonafide
LA_E_5302922,1,none,A10
LA_E_5303004,1,g722,A17
LA_E_5303074,1,alaw,A08
LA_E_5303864,1,g722,A17
LA_E_5304126,1,opus,A09
LA_E_5304152,1,opus,A11
LA_E_5304160,1,ulaw,A08
LA_E_5304592,1,g722,A17
LA_E_5304749,1,ulaw,A07
LA_E_5304781,1,ulaw,A19
LA_E_5305056,1,gsm,A13
LA_E_5305216,1,ulaw,A19
LA_E_5305503,1,pstn,A12
LA_E_5306635,1,ulaw,A08
LA_E_5306948,1,gsm,A13
LA_E_5307060,1,g722,A15
LA_E_5307091,1,none,A16
LA_E_5307279,1,ulaw,A14
LA_E_5307633,1,g722,A08
LA_E_5308078,1,pstn,A13
LA_E_5308669,1,ulaw,A18
LA_E_5308722,1,none,A14
LA_E_5308896,1,opus,A11
LA_E_5308939,1,g722,A12
LA_E_5309694,1,pstn,A13
LA_E_5309765,1,pstn,A07
LA_E_5309959,1,ulaw,A17
LA_E_5310199,1,g722,A18
LA_E_5310289,1,pstn,A15
LA_E_5310496,1,ulaw,A14
LA_E_5310862,1,alaw,A09
LA_E_5311154,1,g722,A19
LA_E_5311424,1,pstn,A09
LA_E_5311512,1,pstn,A15
LA_E_5311938,1,pstn,A13
LA_E_5312996,1,gsm,A13
LA_E_5313290,1,pstn,A10
LA_E_5313340,1,gsm,A16
LA_E_5313784,1,gsm,A19
LA_E_5313910,1,pstn,A13
LA_E_5314169,1,opus,A12
LA_E_5314475,1,opus,A10
LA_E_5315217,1,gsm,A11
LA_E_5315307,1,gsm,A10
LA_E_5315403,1,alaw,A07
LA_E_5315466,1,gsm,A19
LA_E_5315872,1,ulaw,A16
LA_E_5316323,1,alaw,A10
LA_E_5316587,1,none,A14
LA_E_5316921,1,pstn,A14
LA_E_5317205,1,g722,A15
LA_E_5317374,1,opus,A10
LA_E_5317799,1,alaw,A17
LA_E_5317962,0,ulaw,bonafide
LA_E_5318489,1,pstn,A14
LA_E_5318535,1,pstn,A14
LA_E_5320188,1,alaw,A07
LA_E_5320661,1,ulaw,A17
LA_E_5321011,1,pstn,A15
LA_E_5321039,1,none,A15
LA_E_5321297,1,none,A18
LA_E_5321412,1,alaw,A17
LA_E_5321751,0,g722,bonafide
LA_E_5321809,1,gsm,A13
LA_E_5322009,1,none,A19
LA_E_5322841,1,alaw,A13
LA_E_5323047,1,ulaw,A11
LA_E_5323197,1,alaw,A16
LA_E_5323455,1,opus,A15
LA_E_5323520,1,opus,A09
LA_E_5323535,1,gsm,A12
LA_E_5323543,1,opus,A15
LA_E_5323687,1,ulaw,A14
LA_E_5323917,0,none,bonafide
LA_E_5324190,1,none,A15
LA_E_5324406,1,alaw,A18
LA_E_5324449,0,alaw,bonafide
LA_E_5324532,1,opus,A11
LA_E_5324859,1,pstn,A16
LA_E_5325783,1,none,A10
LA_E_5326210,1,alaw,A17
LA_E_5326213,1,g722,A08
LA_E_5326486,1,alaw,A16
LA_E_5326685,1,pstn,A16
LA_E_5326695,1,none,A10
LA_E_5326877,1,pstn,A14
LA_E_5328005,1,g722,A18
LA_E_5328388,1,g722,A17
LA_E_5328586,0,g722,bonafide
LA_E_5328641,1,ulaw,A11
LA_E_5328777,1,alaw,A16
LA_E_5329105,1,gsm,A11
LA_E_5329216,0,pstn,bonafide
LA_E_5329499,1,g722,A09
LA_E_5329998,1,gsm,A10
LA_E_5330432,0,opus,bonafide
LA_E_5330503,1,g722,A11
LA_E_5330917,1,gsm,A13
LA_E_5331007,0,g722,bonafide
LA_E_5331015,1,gsm,A19
LA_E_5331465,1,pstn,A10
LA_E_5331530,1,pstn,A16
LA_E_5331613,1,alaw,A14
LA_E_5331698,1,ulaw,A10
LA_E_5331758,1,gsm,A16
LA_E_5331921,0,ulaw,bonafide
LA_E_5331956,1,none,A14
LA_E_5332034,1,ulaw,A12
LA_E_5332063,1,ulaw,A16
LA_E_5332188,1,gsm,A16
LA_E_5332568,1,ulaw,A12
LA_E_5332623,1,g722,A13
LA_E_5332655,1,g722,A09
LA_E_5332725,1,opus,A12
LA_E_5333201,1,g722,A08
LA_E_5333424,1,ulaw,A13
LA_E_5333457,1,pstn,A13
LA_E_5333764,1,none,A18
LA_E_5334026,1,gsm,A15
LA_E_5335085,1,gsm,A18
LA_E_5335208,1,ulaw,A19
LA_E_5335346,0,g722,bonafide
LA_E_5336373,1,gsm,A12
LA_E_5336395,1,none,A10
LA_E_5336970,1,opus,A18
LA_E_5337150,1,opus,A12
LA_E_5337191,1,g722,A18
LA_E_5337341,1,alaw,A07
LA_E_5338098,1,gsm,A11
LA_E_5338510,1,gsm,A09
LA_E_5338718,1,opus,A12
LA_E_5338795,0,g722,bonafide
LA_E_5338821,1,gsm,A12
LA_E_5339349,1,alaw,A10
LA_E_5339661,1,gsm,A13
LA_E_5340184,1,g722,A09
LA_E_5340619,0,gsm,bonafide
LA_E_5340786,1,alaw,A10
LA_E_5341167,1,gsm,A18
LA_E_5341237,1,ulaw,A10
LA_E_5341357,1,pstn,A19
LA_E_5341760,1,none,A17
LA_E_5341867,1,none,A19
LA_E_5341920,1,gsm,A19
LA_E_5342504,1,none,A10
LA_E_5342556,0,ulaw,bonafide
LA_E_5342879,1,g722,A12
LA_E_5343487,0,pstn,bonafide
LA_E_5343818,1,pstn,A08
LA_E_5344006,1,g722,A16
LA_E_5344338,1,ulaw,A12
LA_E_5344440,1,g722,A18
LA_E_5344580,1,ulaw,A14
LA_E_5344695,1,gsm,A19
LA_E_5344755,1,g722,A17
LA_E_5344887,1,g722,A10
LA_E_5345565,1,none,A17
LA_E_5345674,1,ulaw,A12
LA_E_5346110,1,none,A18
LA_E_5346269,1,opus,A11
LA_E_5346338,1,g722,A11
LA_E_5347114,1,pstn,A15
LA_E_5347273,1,opus,A15
LA_E_5347419,1,none,A09
LA_E_5347836,1,ulaw,A08
LA_E_5348282,1,none,A17
LA_E_5348356,1,none,A09
LA_E_5348424,1,pstn,A08
LA_E_5348727,1,ulaw,A14
LA_E_5348892,1,ulaw,A17
LA_E_5348947,1,alaw,A18
LA_E_5349153,1,pstn,A19
LA_E_5349629,1,pstn,A10
LA_E_5349674,1,ulaw,A11
LA_E_5349869,1,g722,A13
LA_E_5350122,1,opus,A11
LA_E_5350665,1,pstn,A08
LA_E_5350848,1,alaw,A07
LA_E_5351736,1,ulaw,A14
LA_E_5352142,1,pstn,A18
LA_E_5352160,1,pstn,A08
LA_E_5352162,1,alaw,A10
LA_E_5352180,0,opus,bonafide
LA_E_5353320,1,alaw,A12
LA_E_5353621,1,opus,A10
LA_E_5353780,1,opus,A12
LA_E_5353861,1,gsm,A09
LA_E_5354638,1,opus,A12
LA_E_5354850,1,g722,A11
LA_E_5355175,1,ulaw,A11
LA_E_5355345,1,none,A14
LA_E_5355418,1,none,A16
LA_E_5355616,0,alaw,bonafide
LA_E_5356194,1,gsm,A19
LA_E_5356816,1,ulaw,A15
LA_E_5357229,1,opus,A11
LA_E_5357849,1,g722,A16
LA_E_5358152,1,opus,A18
LA_E_5359226,1,pstn,A15
LA_E_5359266,1,none,A09
LA_E_5359933,0,alaw,bonafide
LA_E_5360201,1,pstn,A10
LA_E_5360748,1,gsm,A18
LA_E_5360765,1,none,A11
LA_E_5360777,1,g722,A11
LA_E_5361005,1,pstn,A15
LA_E_5361156,1,none,A11
LA_E_5361590,1,ulaw,A18
LA_E_5362179,1,pstn,A09
LA_E_5362244,1,g722,A09
LA_E_5362309,1,alaw,A17
LA_E_5362381,1,ulaw,A08
LA_E_5362387,1,g722,A14
LA_E_5362481,1,alaw,A15
LA_E_5363024,1,g722,A13
LA_E_5363582,1,opus,A07
LA_E_5363768,1,g722,A10
LA_E_5364558,1,ulaw,A14
LA_E_5364908,1,ulaw,A12
LA_E_5365190,1,ulaw,A14
LA_E_5365232,1,pstn,A07
LA_E_5365922,1,g722,A19
LA_E_5366104,1,alaw,A10
LA_E_5366135,1,pstn,A09
LA_E_5366292,1,alaw,A08
LA_E_5366599,1,none,A13
LA_E_5366634,1,pstn,A09
LA_E_5366875,1,alaw,A08
LA_E_5367073,1,gsm,A14
LA_E_5367268,1,gsm,A12
LA_E_5367757,1,ulaw,A16
LA_E_5367857,1,pstn,A07
LA_E_5368795,1,g722,A10
LA_E_5369033,1,opus,A13
LA_E_5369602,0,ulaw,bonafide
LA_E_5369607,1,g722,A10
LA_E_5369894,1,alaw,A09
LA_E_5370103,1,alaw,A19
LA_E_5370110,1,opus,A18
LA_E_5370371,1,ulaw,A19
LA_E_5370623,1,ulaw,A14
LA_E_5370706,1,opus,A07
LA_E_5371132,1,opus,A12
LA_E_5371543,1,alaw,A12
LA_E_5371641,1,pstn,A19
LA_E_5371818,1,gsm,A14
LA_E_5372285,1,g722,A13
LA_E_5372336,1,alaw,A13
LA_E_5372744,1,g722,A19
LA_E_5372940,1,g722,A12
LA_E_5373341,1,alaw,A07
LA_E_5373639,1,g722,A12
LA_E_5373765,1,ulaw,A15
LA_E_5373977,1,pstn,A08
LA_E_5374069,1,none,A15
LA_E_5374310,1,opus,A18
LA_E_5374591,1,gsm,A19
LA_E_5374595,1,gsm,A09
LA_E_5374934,1,g722,A12
LA_E_5375214,0,gsm,bonafide
LA_E_5375766,1,gsm,A14
LA_E_5376087,1,opus,A17
LA_E_5376582,1,none,A17
LA_E_5377313,1,opus,A18
LA_E_5377618,1,ulaw,A11
LA_E_5377640,0,ulaw,bonafide
LA_E_5377824,0,none,bonafide
LA_E_5378066,1,g722,A14
LA_E_5378093,0,none,bonafide
LA_E_5378439,1,g722,A07
LA_E_5378587,0,gsm,bonafide
LA_E_5378588,1,pstn,A19
LA_E_5378800,1,pstn,A10
LA_E_5378938,1,opus,A12
LA_E_5378968,1,pstn,A15
LA_E_5379327,1,pstn,A09
LA_E_5379717,1,g722,A16
LA_E_5379830,1,ulaw,A19
LA_E_5379956,1,alaw,A16
LA_E_5380864,1,gsm,A08
LA_E_5380953,1,opus,A15
LA_E_5381037,1,gsm,A13
LA_E_5381272,1,pstn,A14
LA_E_5381540,1,g722,A17
LA_E_5381546,0,gsm,bonafide
LA_E_5381705,1,g722,A07
LA_E_5381834,0,g722,bonafide
LA_E_5382539,1,gsm,A13
LA_E_5382599,1,alaw,A07
LA_E_5382772,1,none,A08
LA_E_5383151,1,alaw,A14
LA_E_5383574,1,pstn,A16
LA_E_5384348,1,pstn,A11
LA_E_5384777,1,g722,A16
LA_E_5384996,1,gsm,A08
LA_E_5385337,1,ulaw,A13
LA_E_5385381,1,pstn,A10
LA_E_5385604,1,opus,A08
LA_E_5385960,1,ulaw,A16
LA_E_5385992,1,alaw,A17
LA_E_5386100,1,gsm,A10
LA_E_5386670,1,gsm,A12
LA_E_5387486,1,g722,A08
LA_E_5387679,1,none,A19
LA_E_5387702,1,none,A08
LA_E_5388784,1,opus,A08
LA_E_5388844,1,pstn,A13
LA_E_5389593,1,alaw,A11
LA_E_5389713,1,g722,A14
LA_E_5389741,1,alaw,A08
LA_E_5389762,1,alaw,A09
LA_E_5389802,1,none,A09
LA_E_5389910,1,ulaw,A14
LA_E_5389916,1,pstn,A08
LA_E_5390487,1,pstn,A14
LA_E_5390936,1,pstn,A11
LA_E_5390997,1,g722,A09
LA_E_5391154,1,none,A17
LA_E_5391820,0,ulaw,bonafide
LA_E_5392629,1,opus,A19
LA_E_5392691,1,ulaw,A16
LA_E_5393177,1,g722,A12
LA_E_5393355,1,pstn,A12
LA_E_5393374,0,none,bonafide
LA_E_5393419,1,none,A17
LA_E_5394241,0,pstn,bonafide
LA_E_5394965,1,gsm,A18
LA_E_5395027,1,pstn,A13
LA_E_5395428,1,opus,A14
LA_E_5396259,1,opus,A13
LA_E_5396318,1,alaw,A07
LA_E_5396407,1,pstn,A15
LA_E_5396929,1,ulaw,A10
LA_E_5397332,1,pstn,A17
LA_E_5397375,1,alaw,A18
LA_E_5397615,1,alaw,A10
LA_E_5398148,1,ulaw,A11
LA_E_5398664,1,alaw,A07
LA_E_5399152,1,alaw,A10
LA_E_5399156,1,gsm,A08
LA_E_5399714,1,g722,A12
LA_E_5399934,1,none,A14
LA_E_5399963,1,ulaw,A13
LA_E_5400108,1,none,A14
LA_E_5400151,1,alaw,A12
LA_E_5400312,1,ulaw,A11
LA_E_5400627,1,alaw,A17
LA_E_5401519,1,alaw,A19
LA_E_5401635,1,ulaw,A08
LA_E_5401850,1,none,A15
LA_E_5401862,1,pstn,A17
LA_E_5401886,1,none,A18
LA_E_5401918,1,gsm,A17
LA_E_5402091,1,gsm,A17
LA_E_5402957,1,opus,A19
LA_E_5403020,1,none,A14
LA_E_5403198,1,gsm,A08
LA_E_5403266,1,alaw,A07
LA_E_5403294,0,ulaw,bonafide
LA_E_5403628,0,opus,bonafide
LA_E_5403752,1,alaw,A10
LA_E_5403790,1,opus,A10
LA_E_5404591,1,ulaw,A19
LA_E_5404674,1,none,A17
LA_E_5405010,1,pstn,A19
LA_E_5405296,1,opus,A08
LA_E_5405388,1,none,A09
LA_E_5405526,1,pstn,A08
LA_E_5405718,0,none,bonafide
LA_E_5405783,1,none,A09
LA_E_5405908,1,ulaw,A15
LA_E_5406391,1,opus,A13
LA_E_5406510,1,opus,A18
LA_E_5406621,1,alaw,A14
LA_E_5406677,1,alaw,A18
LA_E_5406754,1,alaw,A16
LA_E_5407099,1,alaw,A18
LA_E_5407243,1,opus,A14
LA_E_5407549,1,none,A07
LA_E_5407600,1,alaw,A07
LA_E_5408086,1,opus,A17
LA_E_5408401,1,ulaw,A19
LA_E_5408497,0,gsm,bonafide
LA_E_5408777,1,pstn,A11
LA_E_5409827,1,opus,A07
LA_E_5410129,1,none,A19
LA_E_5410825,1,gsm,A14
LA_E_5411064,1,g722,A17
LA_E_5411422,1,none,A18
LA_E_5411707,1,none,A19
LA_E_5411846,1,none,A07
LA_E_5412345,0,none,bonafide
LA_E_5412470,1,none,A18
LA_E_5412752,1,ulaw,A11
LA_E_5412914,1,alaw,A19
LA_E_5412941,1,opus,A13
LA_E_5413711,1,none,A12
LA_E_5413719,1,alaw,A16
LA_E_5413754,1,opus,A15
LA_E_5414505,1,alaw,A17
LA_E_5414549,1,g722,A12
LA_E_5414646,1,g722,A09
LA_E_5415676,1,ulaw,A13
LA_E_5415842,1,none,A17
LA_E_5415924,1,g722,A18
LA_E_5416212,1,gsm,A16
LA_E_5416350,1,opus,A15
LA_E_5416871,1,gsm,A14
LA_E_5417161,1,gsm,A19
LA_E_5417171,1,ulaw,A09
LA_E_5417326,1,opus,A14
LA_E_5417616,1,gsm,A11
LA_E_5417740,1,alaw,A14
LA_E_5417779,1,pstn,A18
LA_E_5417793,0,none,bonafide
LA_E_5417834,1,g722,A13
LA_E_5417839,1,opus,A18
LA_E_5417901,1,ulaw,A12
LA_E_5418013,1,opus,A18
LA_E_5418132,1,g722,A07
LA_E_5418249,1,alaw,A10
LA_E_5418310,1,ulaw,A09
LA_E_5419041,1,alaw,A19
LA_E_5419089,1,pstn,A10
LA_E_5419396,1,alaw,A18
LA_E_5419438,1,none,A12
LA_E_5419662,1,none,A11
LA_E_5419666,1,opus,A18
LA_E_5419680,1,pstn,A12
LA_E_5419873,1,opus,A19
LA_E_5420357,1,ulaw,A09
LA_E_5421021,1,g722,A14
LA_E_5421472,0,gsm,bonafide
LA_E_5421500,1,pstn,A18
LA_E_5421675,1,none,A13
LA_E_5421969,1,alaw,A11
LA_E_5422150,1,g722,A10
LA_E_5422297,1,alaw,A18
LA_E_5422375,1,alaw,A09
LA_E_5423282,1,ulaw,A13
LA_E_5423534,1,opus,A14
LA_E_5423708,1,ulaw,A17
LA_E_5425446,1,ulaw,A17
LA_E_5425689,1,pstn,A15
LA_E_5425753,0,pstn,bonafide
LA_E_5425771,1,g722,A14
LA_E_5425836,0,opus,bonafide
LA_E_5425914,1,opus,A14
LA_E_5425977,1,gsm,A10
LA_E_5426297,1,pstn,A10
LA_E_5426509,1,alaw,A16
LA_E_5427208,1,gsm,A11
LA_E_5427703,1,g722,A11
LA_E_5427891,1,gsm,A18
LA_E_5427994,1,alaw,A17
LA_E_5428260,1,opus,A13
LA_E_5428437,1,pstn,A16
LA_E_5428771,1,opus,A12
LA_E_5429493,1,ulaw,A18
LA_E_5429979,1,pstn,A10
LA_E_5430021,1,gsm,A14
LA_E_5430352,1,none,A12
LA_E_5430432,0,ulaw,bonafide
LA_E_5430497,1,gsm,A17
LA_E_5430942,1,alaw,A12
LA_E_5431007,1,pstn,A13
LA_E_5431414,1,g722,A13
LA_E_5431623,1,gsm,A10
LA_E_5431684,1,opus,A12
LA_E_5431753,1,none,A09
LA_E_5431822,1,gsm,A19
LA_E_5431963,1,gsm,A17
LA_E_5432001,1,pstn,A09
LA_E_5432076,1,none,A13
LA_E_5432099,0,g722,bonafide
LA_E_5432155,1,gsm,A18
LA_E_5432330,1,none,A17
LA_E_5432383,1,opus,A12
LA_E_5432392,1,g722,A11
LA_E_5432444,1,pstn,A11
LA_E_5433199,1,alaw,A10
LA_E_5433222,1,none,A14
LA_E_5433325,1,ulaw,A09
LA_E_5433729,1,opus,A10
LA_E_5434274,1,pstn,A16
LA_E_5434792,1,ulaw,A11
LA_E_5435274,1,pstn,A14
LA_E_5435753,0,pstn,bonafide
LA_E_5436010,1,none,A16
LA_E_5436064,1,opus,A12
LA_E_5436707,1,ulaw,A10
LA_E_5437475,1,g722,A15
LA_E_5437592,1,gsm,A10
LA_E_5437681,1,none,A16
LA_E_5439239,1,ulaw,A16
LA_E_5439372,1,none,A10
LA_E_5439917,1,alaw,A15
LA_E_5439968,1,ulaw,A12
LA_E_5440086,1,opus,A15
LA_E_5440094,1,ulaw,A09
LA_E_5440874,0,gsm,bonafide
LA_E_5441472,1,gsm,A17
LA_E_5441526,1,alaw,A12
LA_E_5441609,1,g722,A11
LA_E_5441694,1,opus,A09
LA_E_5442463,1,none,A16
LA_E_5443720,1,pstn,A09
LA_E_5443941,1,gsm,A14
LA_E_5444529,1,g722,A19
LA_E_5444850,1,g722,A14
LA_E_5445338,1,none,A13
LA_E_5445433,1,none,A11
LA_E_5445447,1,g722,A08
LA_E_5445505,1,ulaw,A07
LA_E_5445717,1,pstn,A17
LA_E_5446243,1,alaw,A08
LA_E_5446759,1,alaw,A07
LA_E_5446961,1,none,A13
LA_E_5447203,1,ulaw,A09
LA_E_5447292,1,alaw,A12
LA_E_5447344,1,g722,A15
LA_E_5447672,1,g722,A11
LA_E_5447984,0,ulaw,bonafide
LA_E_5448152,1,none,A19
LA_E_5448255,1,gsm,A18
LA_E_5448561,1,none,A19
LA_E_5449023,1,pstn,A14
LA_E_5449092,1,ulaw,A12
LA_E_5449242,1,g722,A07
LA_E_5449394,1,gsm,A13
LA_E_5449479,1,opus,A07
LA_E_5450130,1,alaw,A14
LA_E_5450464,1,g722,A10
LA_E_5452576,1,none,A10
LA_E_5452904,1,gsm,A18
LA_E_5453028,1,none,A09
LA_E_5453089,1,gsm,A08
LA_E_5453093,1,opus,A09
LA_E_5453175,1,ulaw,A07
LA_E_5453217,1,g722,A16
LA_E_5453695,1,g722,A16
LA_E_5453722,0,none,bonafide
LA_E_5453808,1,alaw,A08
LA_E_5453868,1,alaw,A11
LA_E_5454118,1,none,A16
LA_E_5454139,1,gsm,A13
LA_E_5454202,0,gsm,bonafide
LA_E_5455796,1,alaw,A13
LA_E_5455799,1,pstn,A17
LA_E_5455902,1,ulaw,A07
LA_E_5456230,1,none,A14
LA_E_5456360,1,none,A08
LA_E_5456715,1,opus,A12
LA_E_5456717,1,opus,A14
LA_E_5456819,1,gsm,A14
LA_E_5457209,1,pstn,A09
LA_E_5457368,1,gsm,A14
LA_E_5457594,1,ulaw,A19
LA_E_5458174,1,opus,A10
LA_E_5458368,0,g722,bonafide
LA_E_5458507,0,ulaw,bonafide
LA_E_5459056,1,none,A19
LA_E_5459270,1,pstn,A19
LA_E_5459506,1,alaw,A15
LA_E_5459589,1,pstn,A14
LA_E_5460260,1,none,A17
LA_E_5460280,1,none,A13
LA_E_5460425,0,none,bonafide
LA_E_5460854,1,ulaw,A10
LA_E_5461754,1,pstn,A18
LA_E_5461806,1,alaw,A19
LA_E_5461816,1,g722,A18
LA_E_5461889,1,opus,A09
LA_E_5461952,1,pstn,A14
LA_E_5462386,1,pstn,A08
LA_E_5462412,1,pstn,A13
LA_E_5462755,1,alaw,A18
LA_E_5463278,1,none,A07
LA_E_5463302,1,ulaw,A09
LA_E_5463383,1,ulaw,A17
LA_E_5463481,1,pstn,A11
LA_E_5463582,1,none,A08
LA_E_5463779,1,opus,A12
LA_E_5463871,1,g722,A14
LA_E_5464055,1,none,A07
LA_E_5464066,1,pstn,A09
LA_E_5464087,1,pstn,A10
LA_E_5464897,1,none,A10
LA_E_5464916,0,opus,bonafide
LA_E_5464946,1,ulaw,A18
LA_E_5465076,1,alaw,A16
LA_E_5465084,1,gsm,A13
LA_E_5466499,1,ulaw,A18
LA_E_5466759,1,alaw,A15
LA_E_5466822,1,pstn,A10
LA_E_5466918,1,none,A14
LA_E_5467026,1,none,A14
LA_E_5467792,1,pstn,A14
LA_E_5467944,1,g722,A14
LA_E_5468442,1,none,A15
LA_E_5468825,1,ulaw,A09
LA_E_5469107,1,none,A15
LA_E_5469180,1,opus,A08
LA_E_5469724,1,alaw,A16
LA_E_5469857,1,none,A08
LA_E_5470051,1,pstn,A11
LA_E_5470567,1,gsm,A16
LA_E_5470575,1,alaw,A09
LA_E_5471306,1,gsm,A11
LA_E_5471721,1,g722,A13
LA_E_5472006,1,gsm,A14
LA_E_5472021,1,g722,A07
LA_E_5472273,1,g722,A12
LA_E_5472900,1,opus,A19
LA_E_5473034,1,g722,A16
LA_E_5473079,1,opus,A09
LA_E_5473142,1,opus,A08
LA_E_5473905,0,opus,bonafide
LA_E_5474015,1,pstn,A15
LA_E_5474386,1,pstn,A11
LA_E_5474442,1,pstn,A11
LA_E_5474489,1,alaw,A13
LA_E_5474935,1,pstn,A12
LA_E_5475501,1,ulaw,A16
LA_E_5475644,1,opus,A14
LA_E_5475774,1,alaw,A18
LA_E_5475869,1,pstn,A12
LA_E_5476130,1,alaw,A18
LA_E_5476290,1,pstn,A16
LA_E_5476471,1,opus,A08
LA_E_5476606,1,opus,A14
LA_E_5476821,1,gsm,A19
LA_E_5476978,1,alaw,A08
LA_E_5477268,1,none,A18
LA_E_5477556,1,g722,A14
LA_E_5478187,1,ulaw,A11
LA_E_5478282,1,pstn,A13
LA_E_5478383,0,gsm,bonafide
LA_E_5478578,1,gsm,A08
LA_E_5478920,1,opus,A11
LA_E_5479193,1,opus,A07
LA_E_5479707,1,ulaw,A16
LA_E_5479952,1,pstn,A07
LA_E_5479992,1,ulaw,A14
LA_E_5480255,0,gsm,bonafide
LA_E_5480486,1,g722,A19
LA_E_5480533,1,g722,A09
LA_E_5480751,1,g722,A14
LA_E_5481050,1,g722,A11
LA_E_5481229,1,g722,A18
LA_E_5481663,1,pstn,A19
LA_E_5481759,1,pstn,A16
LA_E_5481763,0,ulaw,bonafide
LA_E_5481862,1,g722,A12
LA_E_5482115,1,opus,A18
LA_E_5482193,1,pstn,A16
LA_E_5482450,1,none,A13
LA_E_5482490,1,ulaw,A08
LA_E_5483068,1,alaw,A10
LA_E_5483256,1,ulaw,A19
LA_E_5483376,1,opus,A14
LA_E_5484076,1,pstn,A13
LA_E_5484400,1,opus,A16
LA_E_5484721,1,none,A12
LA_E_5485497,1,gsm,A17
LA_E_5485519,1,gsm,A07
LA_E_5485528,1,none,A09
LA_E_5485552,1,g722,A09
LA_E_5485902,1,pstn,A10
LA_E_5486084,1,opus,A13
LA_E_5486178,1,opus,A17
LA_E_5486208,1,opus,A09
LA_E_5486359,1,gsm,A08
LA_E_5486718,1,alaw,A10
LA_E_5487263,1,opus,A16
LA_E_5487492,1,g722,A16
LA_E_5487958,1,none,A15
LA_E_5488240,1,gsm,A12
LA_E_5488305,1,ulaw,A16
LA_E_5488327,1,gsm,A14
LA_E_5489031,0,pstn,bonafide
LA_E_5489214,0,gsm,bonafide
LA_E_5489650,0,alaw,bonafide
LA_E_5490079,1,opus,A08
LA_E_5490824,1,opus,A13
LA_E_5491055,1,gsm,A12
LA_E_5491069,1,opus,A13
LA_E_5491346,1,pstn,A12
LA_E_5491532,1,none,A09
LA_E_5491718,1,g722,A17
LA_E_5491958,1,opus,A14
LA_E_5492176,1,none,A11
LA_E_5493401,1,gsm,A18
LA_E_5493598,1,g722,A10
LA_E_5493934,1,alaw,A11
LA_E_5494178,0,gsm,bonafide
LA_E_5494400,1,ulaw,A08
LA_E_5494471,1,alaw,A16
LA_E_5494972,1,pstn,A08
LA_E_5495082,1,alaw,A16
LA_E_5495414,1,gsm,A07
LA_E_5495673,1,g722,A19
LA_E_5496115,1,alaw,A15
LA_E_5496163,1,alaw,A09
LA_E_5496189,1,none,A17
LA_E_5496279,1,opus,A12
LA_E_5496318,1,alaw,A16
LA_E_5496802,1,opus,A17
LA_E_5497466,1,none,A07
LA_E_5498281,1,pstn,A17
LA_E_5498315,1,g722,A11
LA_E_5498532,1,none,A11
LA_E_5498674,1,alaw,A14
LA_E_5498762,1,alaw,A07
LA_E_5498841,1,pstn,A09
LA_E_5498867,1,g722,A07
LA_E_5499162,1,opus,A17
LA_E_5499667,1,gsm,A18
LA_E_5499744,1,g722,A12
LA_E_5499977,1,g722,A14
LA_E_5500031,1,pstn,A11
LA_E_5500272,0,g722,bonafide
LA_E_5500378,1,ulaw,A16
LA_E_5500389,0,pstn,bonafide
LA_E_5500416,1,pstn,A07
LA_E_5500443,1,alaw,A18
LA_E_5500636,1,none,A13
LA_E_5500942,1,gsm,A10
LA_E_5501241,1,gsm,A07
LA_E_5501604,1,pstn,A12
LA_E_5501736,1,opus,A13
LA_E_5501961,1,ulaw,A17
LA_E_5501978,1,none,A08
LA_E_5502082,1,g722,A18
LA_E_5502305,1,pstn,A16
LA_E_5502311,1,opus,A14
LA_E_5502934,1,pstn,A14
LA_E_5503122,1,alaw,A10
LA_E_5503176,1,pstn,A15
LA_E_5503332,1,alaw,A19
LA_E_5503339,1,ulaw,A10
LA_E_5504440,1,pstn,A16
LA_E_5504951,1,none,A10
LA_E_5505154,1,none,A13
LA_E_5505687,1,g722,A11
LA_E_5505728,0,g722,bonafide
LA_E_5505782,0,ulaw,bonafide
LA_E_5505823,1,gsm,A07
LA_E_5506020,1,none,A13
LA_E_5506111,0,opus,bonafide
LA_E_5507088,1,none,A19
LA_E_5507787,1,ulaw,A18
LA_E_5507807,1,ulaw,A12
LA_E_5507857,1,none,A13
LA_E_5507984,1,alaw,A08
LA_E_5508373,1,pstn,A15
LA_E_5508469,1,gsm,A12
LA_E_5508524,0,alaw,bonafide
LA_E_5508873,1,g722,A14
LA_E_5508897,1,alaw,A07
LA_E_5509049,1,none,A17
LA_E_5509264,1,pstn,A16
LA_E_5509347,1,alaw,A08
LA_E_5509735,0,g722,bonafide
LA_E_5510419,1,g722,A07
LA_E_5511207,0,gsm,bonafide
LA_E_5511225,1,g722,A08
LA_E_5511410,1,alaw,A17
LA_E_5511492,1,pstn,A09
LA_E_5511750,1,ulaw,A09
LA_E_5512178,1,pstn,A14
LA_E_5512419,1,opus,A13
LA_E_5512470,0,alaw,bonafide
LA_E_5512576,1,g722,A08
LA_E_5512647,1,opus,A19
LA_E_5512670,1,alaw,A16
LA_E_5512930,0,pstn,bonafide
LA_E_5513183,1,opus,A12
LA_E_5513373,1,alaw,A16
LA_E_5513537,1,pstn,A09
LA_E_5513833,1,alaw,A17
LA_E_5513934,1,ulaw,A08
LA_E_5514253,1,opus,A12
LA_E_5514323,1,alaw,A07
LA_E_5514553,1,pstn,A09
LA_E_5515139,1,alaw,A10
LA_E_5515391,1,pstn,A14
LA_E_5515809,1,gsm,A19
LA_E_5515821,1,gsm,A09
LA_E_5515838,0,none,bonafide
LA_E_5516017,1,alaw,A15
LA_E_5516074,1,opus,A10
LA_E_5516144,1,opus,A07
LA_E_5516591,1,alaw,A08
LA_E_5517122,1,pstn,A16
LA_E_5517177,1,pstn,A18
LA_E_5517242,1,g722,A12
LA_E_5517581,1,opus,A16
LA_E_5517690,1,pstn,A15
LA_E_5517692,1,none,A07
LA_E_5518876,1,ulaw,A07
LA_E_5518985,1,opus,A09
LA_E_5519007,1,ulaw,A16
LA_E_5519168,1,gsm,A12
LA_E_5519184,1,g722,A17
LA_E_5519210,1,g722,A16
LA_E_5519326,1,gsm,A09
LA_E_5519793,1,opus,A10
LA_E_5519855,1,g722,A10
LA_E_5519865,0,pstn,bonafide
LA_E_5519894,1,ulaw,A07
LA_E_5520099,1,pstn,A16
LA_E_5520666,1,pstn,A14
LA_E_5520991,1,g722,A16
LA_E_5521179,1,none,A11
LA_E_5521286,1,alaw,A17
LA_E_5521676,1,g722,A17
LA_E_5521828,1,none,A16
LA_E_5521830,1,alaw,A18
LA_E_5522010,1,alaw,A14
LA_E_5522448,1,opus,A11
LA_E_5522787,1,opus,A19
LA_E_5522800,1,none,A09
LA_E_5523111,0,none,bonafide
LA_E_5523128,1,alaw,A12
LA_E_5523421,1,ulaw,A13
LA_E_5523831,1,ulaw,A11
LA_E_5523996,1,none,A08
LA_E_5524135,1,g722,A07
LA_E_5524488,1,g722,A14
LA_E_5524838,1,ulaw,A18
LA_E_5524894,1,opus,A07
LA_E_5524957,1,ulaw,A10
LA_E_5525065,1,pstn,A07
LA_E_5525219,1,gsm,A17
LA_E_5525746,1,none,A18
LA_E_5525948,1,pstn,A19
LA_E_5526020,1,pstn,A18
LA_E_5526158,1,none,A11
LA_E_5526221,1,opus,A16
LA_E_5526370,1,opus,A07
LA_E_5526573,0,ulaw,bonafide
LA_E_5526631,1,opus,A10
LA_E_5526884,0,pstn,bonafide
LA_E_5526994,1,pstn,A15
LA_E_5527193,0,ulaw,bonafide
LA_E_5527206,1,none,A14
LA_E_5527395,1,ulaw,A16
LA_E_5527943,0,none,bonafide
LA_E_5528185,0,alaw,bonafide
LA_E_5528460,1,none,A09
LA_E_5528835,1,alaw,A12
LA_E_5529601,1,gsm,A12
LA_E_5530141,1,gsm,A16
LA_E_5530381,0,opus,bonafide
LA_E_5530474,0,none,bonafide
LA_E_5530618,1,alaw,A08
LA_E_5530658,0,ulaw,bonafide
LA_E_5530734,1,alaw,A09
LA_E_5530866,1,ulaw,A17
LA_E_5531000,1,pstn,A08
LA_E_5531211,1,opus,A07
LA_E_5531254,1,none,A16
LA_E_5531552,1,g722,A08
LA_E_5532204,1,pstn,A15
LA_E_5532210,1,opus,A10
LA_E_5532348,1,pstn,A07
LA_E_5532599,1,pstn,A09
LA_E_5533065,1,g722,A07
LA_E_5533107,1,gsm,A14
LA_E_5533829,1,none,A16
LA_E_5533837,1,g722,A12
LA_E_5533915,1,alaw,A07
LA_E_5534011,0,opus,bonafide
LA_E_5534334,1,gsm,A17
LA_E_5534585,1,pstn,A13
LA_E_5534659,1,opus,A12
LA_E_5535123,0,gsm,bonafide
LA_E_5535429,1,none,A08
LA_E_5536283,1,opus,A08
LA_E_5536503,1,none,A18
LA_E_5536512,1,ulaw,A10
LA_E_5536764,1,gsm,A15
LA_E_5536944,1,gsm,A11
LA_E_5537068,1,pstn,A18
LA_E_5537114,1,ulaw,A16
LA_E_5537327,1,none,A14
LA_E_5537638,1,opus,A15
LA_E_5538286,1,gsm,A15
LA_E_5538721,1,ulaw,A19
LA_E_5538827,1,alaw,A12
LA_E_5538859,1,none,A09
LA_E_5539045,1,none,A17
LA_E_5539149,1,opus,A09
LA_E_5539226,1,alaw,A10
LA_E_5539273,1,none,A08
LA_E_5539757,1,opus,A19
LA_E_5540340,1,opus,A16
LA_E_5540432,0,opus,bonafide
LA_E_5540797,1,gsm,A07
LA_E_5541002,1,g722,A09
LA_E_5541074,1,ulaw,A14
LA_E_5541339,1,alaw,A10
LA_E_5541445,1,ulaw,A10
LA_E_5542025,1,pstn,A11
LA_E_5542299,1,ulaw,A19
LA_E_5542911,1,gsm,A12
LA_E_5542935,1,opus,A14
LA_E_5543066,1,ulaw,A11
LA_E_5543475,1,alaw,A19
LA_E_5543725,0,ulaw,bonafide
LA_E_5543976,1,gsm,A10
LA_E_5544172,1,none,A15
LA_E_5545282,1,g722,A15
LA_E_5545324,1,ulaw,A19
LA_E_5545377,1,alaw,A12
LA_E_5546423,1,gsm,A18
LA_E_5546633,1,pstn,A17
LA_E_5547096,1,gsm,A14
LA_E_5547233,1,pstn,A08
LA_E_5547264,1,alaw,A19
LA_E_5547698,1,alaw,A16
LA_E_5548013,1,none,A18
LA_E_5548049,1,ulaw,A11
LA_E_5548569,1,alaw,A08
LA_E_5548912,1,alaw,A13
LA_E_5549089,0,opus,bonafide
LA_E_5549467,1,alaw,A19
LA_E_5549676,1,opus,A07
LA_E_5549699,1,opus,A12
LA_E_5549757,1,gsm,A12
LA_E_5549780,1,pstn,A11
LA_E_5549800,1,none,A11
LA_E_5549912,1,gsm,A09
LA_E_5550134,1,ulaw,A12
LA_E_5550177,1,g722,A16
LA_E_5550411,1,g722,A13
LA_E_5551005,1,opus,A09
LA_E_5551098,0,g722,bonafide
LA_E_5551103,1,alaw,A10
LA_E_5551701,1,none,A19
LA_E_5551756,1,g722,A16
LA_E_5552590,1,gsm,A18
LA_E_5552671,1,ulaw,A10
LA_E_5552781,1,opus,A13
LA_E_5552916,1,pstn,A19
LA_E_5552954,1,gsm,A14
LA_E_5553010,1,g722,A17
LA_E_5553347,1,g722,A13
LA_E_5553465,1,none,A18
LA_E_5553694,1,none,A09
LA_E_5553748,1,pstn,A14
LA_E_5554033,1,opus,A13
LA_E_5554365,1,gsm,A16
LA_E_5554519,1,none,A11
LA_E_5554597,1,opus,A16
LA_E_5554869,1,opus,A10
LA_E_5554979,1,g722,A14
LA_E_5555057,1,ulaw,A13
LA_E_5555305,1,alaw,A12
LA_E_5555362,1,none,A18
LA_E_5556034,1,gsm,A18
LA_E_5556098,1,none,A15
LA_E_5556323,1,none,A16
LA_E_5556554,1,none,A07
LA_E_5556667,1,opus,A12
LA_E_5557802,1,gsm,A11
LA_E_5558120,1,alaw,A15
LA_E_5558657,1,alaw,A15
LA_E_5558790,1,none,A14
LA_E_5559494,1,g722,A11
LA_E_5559501,1,opus,A08
LA_E_5559562,1,none,A17
LA_E_5559606,1,opus,A16
LA_E_5560023,1,pstn,A08
LA_E_5560149,1,gsm,A08
LA_E_5560168,1,opus,A15
LA_E_5560505,1,opus,A13
LA_E_5560541,1,pstn,A17
LA_E_5560607,1,pstn,A12
LA_E_5560710,1,gsm,A09
LA_E_5560898,1,pstn,A19
LA_E_5560966,0,opus,bonafide
LA_E_5560967,1,ulaw,A13
LA_E_5561300,1,alaw,A19
LA_E_5561530,1,gsm,A14
LA_E_5561644,1,ulaw,A13
LA_E_5561716,1,g722,A09
LA_E_5561737,1,gsm,A18
LA_E_5561766,1,ulaw,A15
LA_E_5563526,1,gsm,A19
LA_E_5563760,1,g722,A09
LA_E_5564256,1,opus,A16
LA_E_5564310,1,opus,A16
LA_E_5564396,1,none,A13
LA_E_5564407,1,pstn,A09
LA_E_5564418,1,alaw,A17
LA_E_5565126,1,g722,A16
LA_E_5565396,0,opus,bonafide
LA_E_5565508,1,none,A12
LA_E_5565675,1,pstn,A19
LA_E_5565871,1,pstn,A14
LA_E_5565881,1,ulaw,A13
LA_E_5565968,1,opus,A07
LA_E_5566102,1,ulaw,A17
LA_E_5566378,1,none,A10
LA_E_5566535,1,gsm,A11
LA_E_5566760,1,none,A14
LA_E_5566798,1,gsm,A17
LA_E_5566969,1,gsm,A07
LA_E_5566973,1,gsm,A15
LA_E_5567884,1,g722,A11
LA_E_5567942,1,alaw,A15
LA_E_5568516,1,opus,A10
LA_E_5568575,1,g722,A19
LA_E_5568849,1,ulaw,A19
LA_E_5569389,1,g722,A16
LA_E_5569543,1,pstn,A19
LA_E_5570055,1,alaw,A10
LA_E_5570466,1,none,A12
LA_E_5570667,1,g722,A10
LA_E_5570757,1,gsm,A13
LA_E_5570963,0,opus,bonafide
LA_E_5571115,1,g722,A16
LA_E_5571178,1,alaw,A11
LA_E_5571268,0,gsm,bonafide
LA_E_5571348,1,g722,A11
LA_E_5571443,1,pstn,A09
LA_E_5571618,1,opus,A12
LA_E_5572124,1,pstn,A09
LA_E_5572222,1,gsm,A08
LA_E_5572339,1,none,A16
LA_E_5572468,1,none,A13
LA_E_5572642,1,ulaw,A11
LA_E_5572651,1,pstn,A16
LA_E_5572740,1,none,A18
LA_E_5572821,0,ulaw,bonafide
LA_E_5573745,1,gsm,A10
LA_E_5573928,1,none,A17
LA_E_5574021,1,gsm,A16
LA_E_5574056,1,alaw,A15
LA_E_5574065,1,pstn,A11
LA_E_5574481,1,none,A09
LA_E_5574745,1,gsm,A12
LA_E_5574812,1,gsm,A17
LA_E_5575177,1,alaw,A10
LA_E_5575238,1,gsm,A11
LA_E_5575520,1,none,A11
LA_E_5575546,1,opus,A15
LA_E_5575579,1,ulaw,A10
LA_E_5576241,1,alaw,A11
LA_E_5576259,1,opus,A17
LA_E_5576296,1,none,A16
LA_E_5576399,1,none,A13
LA_E_5576568,1,g722,A11
LA_E_5576678,1,opus,A07
LA_E_5577364,1,ulaw,A09
LA_E_5577584,1,none,A16
LA_E_5578189,1,g722,A16
LA_E_5578388,1,g722,A18
LA_E_5578573,1,alaw,A07
LA_E_5578760,1,pstn,A09
LA_E_5579061,0,ulaw,bonafide
LA_E_5579227,1,none,A13
LA_E_5579919,1,pstn,A16
LA_E_5580159,1,alaw,A07
LA_E_5580453,1,pstn,A14
LA_E_5580467,1,pstn,A08
LA_E_5580555,1,opus,A12
LA_E_5580938,1,g722,A07
LA_E_5581110,1,ulaw,A07
LA_E_5581145,1,g722,A19
LA_E_5581758,1,alaw,A16
LA_E_5581810,1,gsm,A11
LA_E_5582122,1,alaw,A13
LA_E_5582194,1,none,A14
LA_E_5582690,1,pstn,A18
LA_E_5582786,1,ulaw,A07
LA_E_5582835,1,none,A13
LA_E_5583104,1,gsm,A16
LA_E_5583179,0,g722,bonafide
LA_E_5583394,1,alaw,A19
LA_E_5583720,1,gsm,A19
LA_E_5584297,1,g722,A10
LA_E_5584575,1,ulaw,A14
LA_E_5585142,1,alaw,A09
LA_E_5585941,1,alaw,A08
LA_E_5585977,1,gsm,A17
LA_E_5586905,1,alaw,A16
LA_E_5586993,1,none,A10
LA_E_5587341,0,gsm,bonafide
LA_E_5587346,1,gsm,A10
LA_E_5588077,1,g722,A18
LA_E_5588397,1,pstn,A19
LA_E_5588480,1,alaw,A10
LA_E_5589336,1,g722,A14
LA_E_5589863,1,ulaw,A11
LA_E_5590310,1,none,A11
LA_E_5590608,1,pstn,A17
LA_E_5590876,1,gsm,A18
LA_E_5591501,0,opus,bonafide
LA_E_5591909,1,none,A14
LA_E_5591998,0,alaw,bonafide
LA_E_5592017,1,pstn,A16
LA_E_5592161,1,pstn,A13
LA_E_5592365,1,none,A13
LA_E_5592374,1,ulaw,A17
LA_E_5592536,1,g722,A18
LA_E_5592729,1,g722,A07
LA_E_5593157,1,alaw,A11
LA_E_5593199,1,g722,A09
LA_E_5593309,1,pstn,A19
LA_E_5593325,1,opus,A07
LA_E_5594052,1,pstn,A13
LA_E_5594228,1,alaw,A15
LA_E_5594422,1,opus,A12
LA_E_5595263,1,ulaw,A07
LA_E_5596363,0,opus,bonafide
LA_E_5596392,1,ulaw,A09
LA_E_5596431,1,gsm,A14
LA_E_5596583,1,alaw,A10
LA_E_5597702,1,ulaw,A10
LA_E_5598056,1,alaw,A14
LA_E_5598524,1,gsm,A17
LA_E_5599056,1,opus,A16
LA_E_5599157,1,opus,A19
LA_E_5599289,1,opus,A18
LA_E_5599571,1,pstn,A13
LA_E_5599635,0,none,bonafide
LA_E_5599675,1,gsm,A18
LA_E_5600099,0,none,bonafide
LA_E_5601425,1,g722,A09
LA_E_5601462,1,pstn,A19
LA_E_5602514,1,none,A10
LA_E_5602527,1,g722,A13
LA_E_5602535,0,gsm,bonafide
LA_E_5602575,1,alaw,A10
LA_E_5602723,1,ulaw,A08
LA_E_5602922,1,ulaw,A16
LA_E_5603049,1,none,A07
LA_E_5603058,1,none,A16
LA_E_5603160,1,alaw,A13
LA_E_5603179,0,ulaw,bonafide
LA_E_5603237,1,gsm,A10
LA_E_5603580,1,gsm,A10
LA_E_5604115,1,gsm,A09
LA_E_5604459,1,ulaw,A14
LA_E_5604508,1,ulaw,A13
LA_E_5604793,1,alaw,A19
LA_E_5605945,1,pstn,A18
LA_E_5606029,1,g722,A11
LA_E_5606175,0,gsm,bonafide
LA_E_5606327,0,ulaw,bonafide
LA_E_5606917,1,ulaw,A13
LA_E_5607443,1,none,A10
LA_E_5607592,1,g722,A14
LA_E_5608267,1,gsm,A07
LA_E_5608341,1,ulaw,A09
LA_E_5608453,1,opus,A13
LA_E_5608473,1,gsm,A08
LA_E_5608534,1,alaw,A18
LA_E_5608782,1,opus,A07
LA_E_5608916,1,pstn,A09
LA_E_5609490,0,gsm,bonafide
LA_E_5609898,1,pstn,A13
LA_E_5610212,1,gsm,A12
LA_E_5610469,1,alaw,A08
LA_E_5610471,1,alaw,A15
LA_E_5610653,1,pstn,A12
LA_E_5610840,1,g722,A09
LA_E_5610967,1,gsm,A16
LA_E_5611032,1,gsm,A13
LA_E_5611035,1,alaw,A11
LA_E_5611532,1,pstn,A15
LA_E_5611753,1,pstn,A14
LA_E_5611773,1,g722,A10
LA_E_5611839,1,g722,A13
LA_E_5612105,1,ulaw,A10
LA_E_5612420,1,opus,A16
LA_E_5612662,1,pstn,A17
LA_E_5612694,1,none,A11
LA_E_5613368,1,pstn,A10
LA_E_5613476,1,gsm,A12
LA_E_5613655,1,pstn,A14
LA_E_5613657,1,none,A18
LA_E_5613717,1,alaw,A14
LA_E_5613721,1,ulaw,A16
LA_E_5613878,1,gsm,A15
LA_E_5614350,1,none,A13
LA_E_5614383,1,opus,A08
LA_E_5614567,1,g722,A14
LA_E_5614639,1,pstn,A17
LA_E_5614847,1,none,A08
LA_E_5615091,1,none,A12
LA_E_5615110,1,alaw,A16
LA_E_5615235,1,opus,A19
LA_E_5615704,1,g722,A10
LA_E_5616120,1,pstn,A09
LA_E_5617082,1,none,A13
LA_E_5617511,0,alaw,bonafide
LA_E_5618030,1,none,A08
LA_E_5618413,1,none,A12
LA_E_5618538,1,gsm,A07
LA_E_5618659,1,alaw,A14
LA_E_5618958,1,alaw,A09
LA_E_5618992,1,g722,A07
LA_E_5619042,1,g722,A09
LA_E_5619672,1,g722,A09
LA_E_5619783,1,none,A11
LA_E_5619909,1,pstn,A15
LA_E_5620988,1,alaw,A07
LA_E_5621084,1,pstn,A07
LA_E_5621400,1,none,A10
LA_E_5621807,1,alaw,A17
LA_E_5621981,1,alaw,A07
LA_E_5622271,1,opus,A11
LA_E_5622452,1,pstn,A11
LA_E_5622786,1,opus,A09
LA_E_5622973,1,alaw,A10
LA_E_5623062,1,ulaw,A18
LA_E_5623235,1,pstn,A18
LA_E_5624039,1,alaw,A19
LA_E_5624081,1,opus,A18
LA_E_5624124,0,g722,bonafide
LA_E_5624171,1,ulaw,A19
LA_E_5624201,1,ulaw,A17
LA_E_5624312,1,ulaw,A18
LA_E_5624553,1,pstn,A07
LA_E_5624635,1,ulaw,A18
LA_E_5624641,0,none,bonafide
LA_E_5625281,1,g722,A16
LA_E_5625633,1,pstn,A10
LA_E_5625820,1,pstn,A08
LA_E_5626283,0,ulaw,bonafide
LA_E_5626355,1,none,A12
LA_E_5627171,1,ulaw,A19
LA_E_5627189,1,ulaw,A11
LA_E_5627352,1,g722,A19
LA_E_5628118,0,opus,bonafide
LA_E_5628344,1,gsm,A13
LA_E_5628417,1,g722,A18
LA_E_5628772,1,opus,A07
LA_E_5629064,1,alaw,A19
LA_E_5629132,0,gsm,bonafide
LA_E_5629466,1,g722,A12
LA_E_5629986,1,none,A13
LA_E_5630128,1,g722,A17
LA_E_5630199,1,none,A17
LA_E_5630552,1,gsm,A15
LA_E_5630776,1,gsm,A15
LA_E_5630825,1,alaw,A09
LA_E_5631100,1,gsm,A18
LA_E_5631521,1,alaw,A07
LA_E_5631709,1,opus,A07
LA_E_5632444,1,ulaw,A11
LA_E_5632523,1,none,A11
LA_E_5632704,1,none,A14
LA_E_5633446,1,opus,A07
LA_E_5633527,1,pstn,A07
LA_E_5633782,0,gsm,bonafide
LA_E_5634547,1,gsm,A14
LA_E_5634556,1,ulaw,A15
LA_E_5634646,1,none,A18
LA_E_5634739,1,gsm,A09
LA_E_5635541,1,ulaw,A11
LA_E_5635886,1,pstn,A14
LA_E_5636141,1,ulaw,A11
LA_E_5636338,1,gsm,A09
LA_E_5636499,1,gsm,A11
LA_E_5636500,1,ulaw,A10
LA_E_5637282,1,ulaw,A18
LA_E_5637471,1,gsm,A08
LA_E_5637833,1,g722,A10
LA_E_5638855,1,g722,A12
LA_E_5639207,1,alaw,A12
LA_E_5639576,0,gsm,bonafide
LA_E_5639698,1,opus,A08
LA_E_5640023,1,alaw,A19
LA_E_5640193,1,pstn,A12
LA_E_5640307,1,pstn,A18
LA_E_5640627,1,none,A11
LA_E_5640650,1,none,A11
LA_E_5641065,1,opus,A12
LA_E_5641190,1,g722,A17
LA_E_5641418,1,pstn,A11
LA_E_5642408,1,ulaw,A17
LA_E_5643361,1,pstn,A07
LA_E_5643842,1,ulaw,A14
LA_E_5644017,1,g722,A19
LA_E_5644209,1,ulaw,A11
LA_E_5644541,1,ulaw,A16
LA_E_5644700,1,gsm,A12
LA_E_5644898,1,alaw,A08
LA_E_5645063,1,pstn,A11
LA_E_5645260,1,opus,A14
LA_E_5645323,1,gsm,A08
LA_E_5645384,1,alaw,A14
LA_E_5645666,1,pstn,A18
LA_E_5645937,1,alaw,A08
LA_E_5646215,1,g722,A17
LA_E_5646316,1,alaw,A11
LA_E_5646471,0,pstn,bonafide
LA_E_5646675,1,g722,A19
LA_E_5646835,1,opus,A13
LA_E_5646847,1,none,A07
LA_E_5647011,1,none,A15
LA_E_5647207,1,pstn,A13
LA_E_5647217,1,g722,A15
LA_E_5647332,1,none,A15
LA_E_5647356,1,pstn,A09
LA_E_5647446,1,pstn,A17
LA_E_5647489,1,g722,A10
LA_E_5647765,1,none,A07
LA_E_5648706,1,pstn,A19
LA_E_5648822,1,opus,A16
LA_E_5649160,1,gsm,A17
LA_E_5649412,1,none,A09
LA_E_5650447,1,ulaw,A13
LA_E_5650503,0,gsm,bonafide
LA_E_5650527,1,ulaw,A19
LA_E_5651982,1,none,A19
LA_E_5652199,1,ulaw,A14
LA_E_5652275,0,opus,bonafide
LA_E_5653112,1,ulaw,A18
LA_E_5653467,1,g722,A15
LA_E_5653682,1,none,A10
LA_E_5653817,1,pstn,A09
LA_E_5654882,1,alaw,A15
LA_E_5654965,1,g722,A18
LA_E_5655030,1,alaw,A07
LA_E_5655121,1,pstn,A14
LA_E_5655826,1,gsm,A16
LA_E_5656063,1,pstn,A09
LA_E_5656270,1,alaw,A15
LA_E_5656331,1,pstn,A13
LA_E_5656373,0,alaw,bonafide
LA_E_5656511,1,ulaw,A15
LA_E_5656904,1,g722,A16
LA_E_5657005,1,ulaw,A13
LA_E_5657378,1,ulaw,A08
LA_E_5657387,1,opus,A10
LA_E_5657388,1,g722,A10
LA_E_5657936,1,alaw,A16
LA_E_5658287,1,none,A11
LA_E_5658659,1,opus,A14
LA_E_5659495,1,none,A19
LA_E_5659759,1,none,A07
LA_E_5659915,1,pstn,A17
LA_E_5660040,1,alaw,A07
LA_E_5660440,1,gsm,A12
LA_E_5660452,1,none,A13
LA_E_5660769,1,none,A19
LA_E_5661354,1,g722,A09
LA_E_5661548,1,opus,A07
LA_E_5661749,1,none,A11
LA_E_5661916,1,g722,A14
LA_E_5662604,1,none,A17
LA_E_5662664,1,ulaw,A16
LA_E_5662860,1,gsm,A11
LA_E_5663139,0,gsm,bonafide
LA_E_5663565,1,opus,A09
LA_E_5663792,1,none,A08
LA_E_5663873,1,gsm,A11
LA_E_5663941,1,ulaw,A08
LA_E_5664126,0,pstn,bonafide
LA_E_5664326,0,gsm,bonafide
LA_E_5664357,1,none,A19
LA_E_5665058,1,gsm,A17
LA_E_5665072,1,none,A13
LA_E_5665207,1,pstn,A14
LA_E_5665471,1,alaw,A13
LA_E_5665589,1,ulaw,A08
LA_E_5665897,1,gsm,A16
LA_E_5666565,1,opus,A11
LA_E_5666619,1,ulaw,A17
LA_E_5666632,1,g722,A11
LA_E_5666706,1,alaw,A11
LA_E_5667016,1,none,A15
LA_E_5667139,1,pstn,A19
LA_E_5668684,1,opus,A07
LA_E_5668752,1,pstn,A16
LA_E_5669217,1,opus,A14
LA_E_5669649,1,pstn,A09
LA_E_5669814,1,gsm,A10
LA_E_5669840,0,gsm,bonafide
LA_E_5670196,1,pstn,A11
LA_E_5670548,1,pstn,A12
LA_E_5671435,1,alaw,A19
LA_E_5671625,1,opus,A08
LA_E_5671933,0,opus,bonafide
LA_E_5672153,1,g722,A16
LA_E_5672212,1,gsm,A19
LA_E_5672542,1,pstn,A15
LA_E_5672617,1,g722,A10
LA_E_5673078,1,gsm,A17
LA_E_5673108,1,alaw,A10
LA_E_5673155,1,none,A14
LA_E_5673519,1,pstn,A07
LA_E_5673612,1,none,A17
LA_E_5673764,1,alaw,A17
LA_E_5673862,1,gsm,A19
LA_E_5674174,1,opus,A09
LA_E_5674504,1,ulaw,A16
LA_E_5674623,1,pstn,A17
LA_E_5674900,1,none,A15
LA_E_5675021,1,g722,A14
LA_E_5675568,1,pstn,A08
LA_E_5675873,1,ulaw,A09
LA_E_5676014,1,alaw,A10
LA_E_5676297,1,ulaw,A16
LA_E_5676578,1,g722,A17
LA_E_5676809,1,gsm,A16
LA_E_5677565,1,gsm,A09
LA_E_5677977,1,ulaw,A13
LA_E_5678642,1,ulaw,A16
LA_E_5678958,1,g722,A14
LA_E_5679333,1,alaw,A13
LA_E_5679826,1,alaw,A08
LA_E_5679995,1,alaw,A07
LA_E_5680084,1,pstn,A15
LA_E_5680478,1,none,A07
LA_E_5680511,1,none,A12
LA_E_5680727,1,g722,A15
LA_E_5680765,1,gsm,A11
LA_E_5680781,1,ulaw,A11
LA_E_5680884,0,ulaw,bonafide
LA_E_5681118,1,g722,A07
LA_E_5681321,1,opus,A15
LA_E_5681434,1,opus,A19
LA_E_5681732,1,none,A16
LA_E_5682506,1,none,A14
LA_E_5682952,1,none,A18
LA_E_5682986,1,gsm,A11
LA_E_5683904,1,gsm,A14
LA_E_5684074,1,pstn,A17
LA_E_5684095,1,g722,A18
LA_E_5684249,1,pstn,A14
LA_E_5684841,1,ulaw,A10
LA_E_5685432,1,g722,A09
LA_E_5685460,0,opus,bonafide
LA_E_5685549,1,g722,A15
LA_E_5685728,1,opus,A15
LA_E_5685774,1,gsm,A18
LA_E_5685882,1,alaw,A13
LA_E_5685949,1,opus,A09
LA_E_5686213,1,g722,A09
LA_E_5686531,1,gsm,A18
LA_E_5686650,1,pstn,A10
LA_E_5686954,1,pstn,A15
LA_E_5687429,1,ulaw,A17
LA_E_5687848,1,pstn,A11
LA_E_5688315,1,ulaw,A18
LA_E_5688384,1,opus,A17
LA_E_5689813,1,gsm,A16
LA_E_5689922,1,alaw,A11
LA_E_5689946,1,gsm,A15
LA_E_5690348,1,none,A10
LA_E_5690575,1,pstn,A10
LA_E_5690606,1,pstn,A14
LA_E_5690730,1,gsm,A07
LA_E_5690974,0,pstn,bonafide
LA_E_5690999,0,opus,bonafide
LA_E_5691686,1,pstn,A19
LA_E_5691781,0,opus,bonafide
LA_E_5691986,1,ulaw,A12
LA_E_5692508,1,alaw,A08
LA_E_5693039,1,gsm,A09
LA_E_5693334,1,none,A15
LA_E_5693657,1,gsm,A16
LA_E_5694211,1,gsm,A09
LA_E_5694831,1,gsm,A12
LA_E_5695307,1,opus,A13
LA_E_5695552,1,opus,A10
LA_E_5695658,1,ulaw,A12
LA_E_5695888,0,ulaw,bonafide
LA_E_5696090,1,opus,A18
LA_E_5696643,1,none,A07
LA_E_5697111,1,gsm,A13
LA_E_5697232,1,pstn,A11
LA_E_5697514,1,gsm,A15
LA_E_5697757,1,ulaw,A12
LA_E_5698037,1,none,A18
LA_E_5698104,1,pstn,A12
LA_E_5698195,1,g722,A08
LA_E_5698295,1,alaw,A18
LA_E_5698373,1,opus,A19
LA_E_5698482,1,opus,A14
LA_E_5698497,0,opus,bonafide
LA_E_5699008,1,opus,A10
LA_E_5699363,1,opus,A12
LA_E_5699430,1,pstn,A15
LA_E_5699988,1,ulaw,A14
LA_E_5700808,1,pstn,A14
LA_E_5701430,1,none,A08
LA_E_5701452,1,pstn,A16
LA_E_5701529,1,opus,A19
LA_E_5701550,0,pstn,bonafide
LA_E_5701665,1,ulaw,A10
LA_E_5701857,1,opus,A15
LA_E_5701896,1,ulaw,A13
LA_E_5702213,1,g722,A19
LA_E_5702445,1,none,A18
LA_E_5702777,1,ulaw,A18
LA_E_5703428,1,g722,A15
LA_E_5703441,1,g722,A17
LA_E_5703668,1,alaw,A19
LA_E_5703828,1,ulaw,A10
LA_E_5703862,1,ulaw,A18
LA_E_5703962,1,opus,A18
LA_E_5704625,1,g722,A16
LA_E_5704779,1,g722,A11
LA_E_5704907,1,g722,A09
LA_E_5705206,1,alaw,A12
LA_E_5705253,1,none,A11
LA_E_5705649,1,ulaw,A08
LA_E_5706035,0,opus,bonafide
LA_E_5706176,0,alaw,bonafide
LA_E_5706253,0,alaw,bonafide
LA_E_5706390,1,alaw,A08
LA_E_5706437,1,pstn,A15
LA_E_5706588,1,alaw,A19
LA_E_5706652,1,alaw,A12
LA_E_5707473,1,ulaw,A12
LA_E_5707574,1,none,A12
LA_E_5708134,1,pstn,A10
LA_E_5708146,1,g722,A17
LA_E_5708844,1,alaw,A16
LA_E_5708867,1,opus,A16
LA_E_5708938,1,none,A09
LA_E_5709288,0,ulaw,bonafide
LA_E_5709523,1,none,A17
LA_E_5709530,1,ulaw,A19
LA_E_5709658,1,ulaw,A07
LA_E_5709885,1,ulaw,A15
LA_E_5710297,1,none,A16
LA_E_5710513,0,pstn,bonafide
LA_E_5711085,1,none,A14
LA_E_5711147,1,ulaw,A07
LA_E_5711666,1,g722,A07
LA_E_5711876,1,pstn,A14
LA_E_5712012,1,ulaw,A19
LA_E_5712095,1,alaw,A10
LA_E_5712119,1,alaw,A10
LA_E_5712204,1,pstn,A09
LA_E_5712572,0,g722,bonafide
LA_E_5712651,1,g722,A15
LA_E_5713146,1,g722,A18
LA_E_5713247,1,g722,A11
LA_E_5713667,1,alaw,A18
LA_E_5714403,1,none,A11
LA_E_5714908,1,pstn,A15
LA_E_5714928,1,opus,A09
LA_E_5714971,1,ulaw,A09
LA_E_5715083,1,g722,A12
LA_E_5715227,0,alaw,bonafide
LA_E_5715359,1,alaw,A14
LA_E_5715885,1,g722,A11
LA_E_5716093,1,g722,A19
LA_E_5716314,1,ulaw,A10
LA_E_5716320,1,ulaw,A10
LA_E_5716489,1,gsm,A08
LA_E_5716810,1,none,A19
LA_E_5716871,1,pstn,A13
LA_E_5717117,1,ulaw,A15
LA_E_5717141,0,ulaw,bonafide
LA_E_5717171,1,alaw,A08
LA_E_5717397,1,g722,A14
LA_E_5718049,1,alaw,A15
LA_E_5718799,1,ulaw,A11
LA_E_5718897,1,opus,A14
LA_E_5719021,1,ulaw,A15
LA_E_5719381,1,gsm,A10
LA_E_5719404,1,none,A13
LA_E_5719627,1,opus,A08
LA_E_5720027,1,alaw,A08
LA_E_5720089,1,none,A11
LA_E_5720195,1,ulaw,A14
LA_E_5721148,1,pstn,A13
LA_E_5721638,1,none,A07
LA_E_5721833,1,ulaw,A12
LA_E_5722467,1,none,A11
LA_E_5722494,1,gsm,A11
LA_E_5722583,1,gsm,A18
LA_E_5722820,1,ulaw,A19
LA_E_5723361,1,pstn,A18
LA_E_5723750,1,pstn,A08
LA_E_5724457,1,g722,A09
LA_E_5724729,1,gsm,A13
LA_E_5724827,1,ulaw,A18
LA_E_5725122,1,ulaw,A14
LA_E_5725314,1,none,A08
LA_E_5725600,1,pstn,A12
LA_E_5725681,1,ulaw,A12
LA_E_5725935,1,alaw,A08
LA_E_5725951,1,pstn,A19
LA_E_5725977,1,opus,A17
LA_E_5726675,1,opus,A17
LA_E_5726687,1,gsm,A16
LA_E_5726896,0,opus,bonafide
LA_E_5727005,1,ulaw,A14
LA_E_5727224,1,gsm,A12
LA_E_5727433,0,gsm,bonafide
LA_E_5727818,1,ulaw,A07
LA_E_5728103,0,none,bonafide
LA_E_5728154,1,gsm,A12
LA_E_5728414,1,gsm,A08
LA_E_5728490,1,alaw,A14
LA_E_5728661,1,gsm,A12
LA_E_5729514,1,none,A19
LA_E_5729568,1,none,A11
LA_E_5729787,1,g722,A09
LA_E_5729843,1,gsm,A13
LA_E_5730129,1,alaw,A08
LA_E_5730222,1,none,A18
LA_E_5730684,1,pstn,A19
LA_E_5731577,1,g722,A10
LA_E_5732204,1,alaw,A17
LA_E_5732395,1,gsm,A15
LA_E_5732409,1,opus,A11
LA_E_5732538,1,alaw,A10
LA_E_5732590,0,opus,bonafide
LA_E_5733048,1,opus,A11
LA_E_5733364,1,gsm,A10
LA_E_5733597,1,g722,A15
LA_E_5734021,1,g722,A11
LA_E_5734025,1,alaw,A08
LA_E_5734165,1,opus,A16
LA_E_5735023,1,none,A08
LA_E_5735047,1,none,A17
LA_E_5735094,1,ulaw,A18
LA_E_5735270,1,none,A13
LA_E_5735639,1,ulaw,A18
LA_E_5735668,1,alaw,A12
LA_E_5736267,1,alaw,A12
LA_E_5736349,1,none,A08
LA_E_5736587,1,ulaw,A08
LA_E_5736739,1,none,A18
LA_E_5737324,1,gsm,A11
LA_E_5737412,1,opus,A11
LA_E_5737971,1,alaw,A14
LA_E_5738077,1,g722,A16
LA_E_5738418,1,none,A19
LA_E_5738562,1,g722,A18
LA_E_5738634,1,gsm,A17
LA_E_5738669,1,pstn,A18
LA_E_5738739,1,g722,A11
LA_E_5739000,1,none,A14
LA_E_5739048,1,none,A16
LA_E_5739325,1,ulaw,A10
LA_E_5739838,1,none,A07
LA_E_5740250,1,gsm,A13
LA_E_5740458,1,opus,A14
LA_E_5740494,1,gsm,A16
LA_E_5740532,1,none,A17
LA_E_5740675,1,alaw,A11
LA_E_5740731,1,alaw,A11
LA_E_5741190,1,none,A16
LA_E_5741826,1,none,A08
LA_E_5742716,1,alaw,A17
LA_E_5742751,1,none,A15
LA_E_5742826,1,alaw,A09
LA_E_5743209,1,opus,A09
LA_E_5743325,1,gsm,A18
LA_E_5743485,1,ulaw,A16
LA_E_5743695,1,opus,A09
LA_E_5743827,1,g722,A09
LA_E_5744227,1,g722,A10
LA_E_5744272,1,alaw,A15
LA_E_5744273,1,pstn,A18
LA_E_5744529,1,ulaw,A14
LA_E_5745095,1,ulaw,A07
LA_E_5745589,1,ulaw,A19
LA_E_5745597,1,ulaw,A16
LA_E_5746072,1,g722,A13
LA_E_5746127,1,g722,A10
LA_E_5746674,1,g722,A07
LA_E_5746758,0,alaw,bonafide
LA_E_5747026,1,g722,A13
LA_E_5747834,1,ulaw,A08
LA_E_5748123,0,gsm,bonafide
LA_E_5748581,0,g722,bonafide
LA_E_5748843,1,opus,A11
LA_E_5748896,1,g722,A14
LA_E_5749058,1,none,A15
LA_E_5749109,1,ulaw,A13
LA_E_5749256,1,opus,A12
LA_E_5749603,0,none,bonafide
LA_E_5749861,1,g722,A17
LA_E_5750123,0,alaw,bonafide
LA_E_5750279,1,opus,A19
LA_E_5751078,0,alaw,bonafide
LA_E_5751527,1,alaw,A15
LA_E_5751746,1,gsm,A11
LA_E_5752079,1,opus,A13
LA_E_5752090,1,g722,A17
LA_E_5752100,1,g722,A15
LA_E_5752314,1,alaw,A16
LA_E_5752472,1,none,A15
LA_E_5752534,1,none,A07
LA_E_5752543,1,ulaw,A17
LA_E_5752601,1,pstn,A13
LA_E_5752689,1,alaw,A18
LA_E_5752908,1,pstn,A12
LA_E_5753032,1,ulaw,A15
LA_E_5753607,1,opus,A08
LA_E_5754922,1,alaw,A12
LA_E_5755205,1,g722,A11
LA_E_5755360,0,g722,bonafide
LA_E_5755840,1,ulaw,A08
LA_E_5755881,1,alaw,A13
LA_E_5756320,1,ulaw,A13
LA_E_5756380,1,none,A12
LA_E_5756586,1,pstn,A08
LA_E_5756995,1,none,A10
LA_E_5757213,1,alaw,A18
LA_E_5757794,1,opus,A15
LA_E_5757835,1,none,A08
LA_E_5758534,1,g722,A09
LA_E_5759290,1,none,A09
LA_E_5759489,1,ulaw,A17
LA_E_5759538,1,none,A19
LA_E_5759788,1,alaw,A13
LA_E_5759970,1,g722,A09
LA_E_5760041,1,opus,A10
LA_E_5760141,0,ulaw,bonafide
LA_E_5760308,1,alaw,A09
LA_E_5760374,1,pstn,A12
LA_E_5760685,1,gsm,A07
LA_E_5760992,1,none,A14
LA_E_5761076,1,alaw,A07
LA_E_5761178,1,opus,A15
LA_E_5761221,1,pstn,A12
LA_E_5761751,1,gsm,A09
LA_E_5761796,1,gsm,A13
LA_E_5762356,0,gsm,bonafide
LA_E_5762377,1,opus,A08
LA_E_5762754,1,alaw,A17
LA_E_5763087,1,ulaw,A14
LA_E_5763404,1,alaw,A11
LA_E_5763657,1,alaw,A08
LA_E_5763724,1,none,A07
LA_E_5763932,1,ulaw,A15
LA_E_5763939,1,gsm,A09
LA_E_5764046,1,g722,A08
LA_E_5764277,0,alaw,bonafide
LA_E_5764482,1,gsm,A09
LA_E_5765213,1,pstn,A07
LA_E_5765315,1,g722,A19
LA_E_5765415,1,gsm,A11
LA_E_5765418,1,gsm,A16
LA_E_5765489,0,pstn,bonafide
LA_E_5765637,1,none,A16
LA_E_5765639,1,gsm,A09
LA_E_5766159,0,ulaw,bonafide
LA_E_5766161,1,alaw,A07
LA_E_5766257,1,opus,A17
LA_E_5766417,0,pstn,bonafide
LA_E_5766480,1,none,A18
LA_E_5766528,1,opus,A08
LA_E_5766961,1,g722,A10
LA_E_5767206,1,g722,A11
LA_E_5767418,1,none,A16
LA_E_5767525,1,alaw,A17
LA_E_5768093,1,gsm,A13
LA_E_5768122,1,pstn,A10
LA_E_5768636,0,gsm,bonafide
LA_E_5768757,1,g722,A19
LA_E_5768841,1,none,A15
LA_E_5769126,1,gsm,A09
LA_E_5769438,1,opus,A09
LA_E_5769528,1,alaw,A14
LA_E_5769569,1,g722,A13
LA_E_5769760,0,pstn,bonafide
LA_E_5769784,1,opus,A14
LA_E_5769895,1,pstn,A16
LA_E_5770050,1,gsm,A19
LA_E_5770087,1,opus,A09
LA_E_5770617,1,alaw,A11
LA_E_5771728,1,pstn,A13
LA_E_5772020,1,none,A17
LA_E_5772309,1,opus,A17
LA_E_5772638,1,g722,A10
LA_E_5772724,1,gsm,A12
LA_E_5772756,0,gsm,bonafide
LA_E_5773278,1,alaw,A13
LA_E_5773481,1,pstn,A10
LA_E_5773511,1,g722,A09
LA_E_5773681,1,alaw,A08
LA_E_5773887,1,opus,A14
LA_E_5773914,1,ulaw,A14
LA_E_5774068,1,none,A10
LA_E_5774070,1,gsm,A09
LA_E_5774197,1,gsm,A16
LA_E_5774416,1,none,A10
LA_E_5775235,1,alaw,A19
LA_E_5775291,1,ulaw,A15
LA_E_5775399,1,pstn,A10
LA_E_5775469,1,ulaw,A15
LA_E_5775529,1,pstn,A18
LA_E_5775993,1,opus,A10
LA_E_5776295,1,none,A09
LA_E_5776631,1,pstn,A18
LA_E_5776824,0,none,bonafide
LA_E_5777121,1,none,A11
LA_E_5777650,1,none,A12
LA_E_5778076,1,opus,A11
LA_E_5778520,1,pstn,A11
LA_E_5778874,1,pstn,A13
LA_E_5778882,1,g722,A15
LA_E_5778905,1,pstn,A11
LA_E_5779084,1,none,A11
LA_E_5779123,1,opus,A10
LA_E_5779338,1,g722,A11
LA_E_5779379,1,none,A15
LA_E_5779399,1,opus,A09
LA_E_5779868,1,pstn,A15
LA_E_5779896,1,pstn,A17
LA_E_5780416,1,gsm,A13
LA_E_5780588,1,pstn,A16
LA_E_5781108,1,opus,A12
LA_E_5781198,1,gsm,A07
LA_E_5781386,1,g722,A19
LA_E_5781488,0,gsm,bonafide
LA_E_5781789,1,gsm,A13
LA_E_5782196,1,pstn,A17
LA_E_5782267,1,g722,A18
LA_E_5783233,1,opus,A11
LA_E_5783247,1,alaw,A19
LA_E_5783732,1,gsm,A14
LA_E_5783821,1,alaw,A14
LA_E_5783853,1,ulaw,A07
LA_E_5784009,1,gsm,A10
LA_E_5784156,1,none,A09
LA_E_5784249,1,ulaw,A15
LA_E_5784577,1,pstn,A15
LA_E_5786069,1,opus,A08
LA_E_5786102,0,opus,bonafide
LA_E_5786177,1,alaw,A18
LA_E_5786730,1,gsm,A16
LA_E_5786859,1,opus,A19
LA_E_5787620,1,none,A17
LA_E_5788375,1,alaw,A11
LA_E_5788688,1,gsm,A08
LA_E_5789142,1,none,A07
LA_E_5789227,1,none,A17
LA_E_5789236,1,g722,A14
LA_E_5789752,1,none,A10
LA_E_5789919,1,pstn,A10
LA_E_5790229,1,g722,A07
LA_E_5790668,1,g722,A15
LA_E_5791860,1,gsm,A16
LA_E_5791931,1,gsm,A18
LA_E_5791974,1,alaw,A15
LA_E_5792380,1,none,A08
LA_E_5792416,1,pstn,A15
LA_E_5792513,1,ulaw,A10
LA_E_5792553,1,g722,A07
LA_E_5793120,1,alaw,A18
LA_E_5793329,1,none,A19
LA_E_5793710,1,ulaw,A12
LA_E_5794187,1,pstn,A19
LA_E_5794455,0,ulaw,bonafide
LA_E_5794461,1,gsm,A08
LA_E_5794564,1,g722,A07
LA_E_5794712,1,pstn,A12
LA_E_5795115,1,alaw,A11
LA_E_5795397,1,none,A18
LA_E_5795464,1,alaw,A11
LA_E_5795525,1,none,A15
LA_E_5795739,1,pstn,A10
LA_E_5795792,0,opus,bonafide
LA_E_5795813,1,opus,A13
LA_E_5795932,1,pstn,A18
LA_E_5796148,1,g722,A19
LA_E_5796665,1,gsm,A10
LA_E_5797061,1,ulaw,A11
LA_E_5797081,0,gsm,bonafide
LA_E_5797435,1,gsm,A11
LA_E_5797452,1,gsm,A17
LA_E_5797464,0,none,bonafide
LA_E_5797562,1,g722,A13
LA_E_5797790,0,gsm,bonafide
LA_E_5797851,1,none,A10
LA_E_5798419,1,none,A15
LA_E_5798967,1,none,A15
LA_E_5799119,0,pstn,bonafide
LA_E_5799225,1,opus,A13
LA_E_5799234,1,opus,A18
LA_E_5799491,1,ulaw,A10
LA_E_5799590,1,alaw,A08
LA_E_5799643,1,alaw,A12
LA_E_5800152,1,none,A19
LA_E_5800163,1,none,A15
LA_E_5800632,1,gsm,A15
LA_E_5801195,1,alaw,A18
LA_E_5801314,1,gsm,A07
LA_E_5801488,0,alaw,bonafide
LA_E_5801665,1,alaw,A17
LA_E_5801710,0,ulaw,bonafide
LA_E_5801971,1,g722,A11
LA_E_5802815,1,opus,A13
LA_E_5802849,0,none,bonafide
LA_E_5803071,1,none,A15
LA_E_5803253,1,ulaw,A16
LA_E_5803416,1,g722,A18
LA_E_5803559,1,g722,A13
LA_E_5803724,0,opus,bonafide
LA_E_5803832,1,pstn,A17
LA_E_5804303,1,gsm,A11
LA_E_5804685,1,g722,A17
LA_E_5804757,1,ulaw,A11
LA_E_5804886,1,ulaw,A19
LA_E_5805204,1,none,A12
LA_E_5805358,1,gsm,A14
LA_E_5805510,1,g722,A13
LA_E_5805740,1,alaw,A09
LA_E_5805785,1,alaw,A11
LA_E_5805876,1,g722,A09
LA_E_5806192,1,pstn,A08
LA_E_5806368,1,pstn,A18
LA_E_5806754,1,gsm,A10
LA_E_5807138,1,opus,A07
LA_E_5807595,1,alaw,A19
LA_E_5807760,1,ulaw,A12
LA_E_5808514,1,opus,A12
LA_E_5808562,1,pstn,A18
LA_E_5809101,1,opus,A14
LA_E_5809400,1,pstn,A17
LA_E_5809844,1,g722,A08
LA_E_5809846,1,opus,A17
LA_E_5809951,1,opus,A15
LA_E_5809965,1,opus,A15
LA_E_5810923,1,g722,A14
LA_E_5811111,0,pstn,bonafide
LA_E_5811464,1,g722,A12
LA_E_5811570,1,none,A11
LA_E_5811684,1,alaw,A08
LA_E_5812125,1,g722,A09
LA_E_5812227,1,g722,A17
LA_E_5812633,1,alaw,A11
LA_E_5813004,1,opus,A10
LA_E_5813176,1,none,A14
LA_E_5813218,1,ulaw,A08
LA_E_5813353,1,opus,A13
LA_E_5813564,1,alaw,A16
LA_E_5813864,1,alaw,A07
LA_E_5814225,1,ulaw,A12
LA_E_5814250,1,opus,A19
LA_E_5814372,0,pstn,bonafide
LA_E_5815099,1,none,A11
LA_E_5815522,1,none,A09
LA_E_5815570,1,alaw,A07
LA_E_5815652,1,opus,A11
LA_E_5816000,1,alaw,A17
LA_E_5816140,1,alaw,A14
LA_E_5816319,1,ulaw,A10
LA_E_5816486,1,none,A09
LA_E_5816895,1,none,A09
LA_E_5817310,1,alaw,A15
LA_E_5817748,1,g722,A08
LA_E_5818200,1,pstn,A19
LA_E_5818433,1,pstn,A14
LA_E_5818566,1,ulaw,A12
LA_E_5818591,1,none,A13
LA_E_5818832,1,alaw,A12
LA_E_5818859,1,none,A13
LA_E_5818860,1,opus,A16
LA_E_5818931,1,g722,A15
LA_E_5819043,1,g722,A17
LA_E_5819212,1,alaw,A17
LA_E_5819420,1,ulaw,A17
LA_E_5819458,1,none,A12
LA_E_5819561,1,ulaw,A19
LA_E_5820290,1,pstn,A12
LA_E_5820392,1,none,A19
LA_E_5820470,1,opus,A10
LA_E_5820735,0,pstn,bonafide
LA_E_5821229,1,none,A16
LA_E_5821231,1,g722,A18
LA_E_5821538,1,ulaw,A08
LA_E_5821875,1,pstn,A09
LA_E_5821946,1,alaw,A16
LA_E_5822059,1,pstn,A12
LA_E_5822162,1,g722,A13
LA_E_5822178,1,opus,A15
LA_E_5822253,1,gsm,A18
LA_E_5822268,1,gsm,A08
LA_E_5822731,1,gsm,A19
LA_E_5823073,1,none,A09
LA_E_5823090,0,gsm,bonafide
LA_E_5823347,1,pstn,A07
LA_E_5823490,1,opus,A07
LA_E_5823629,1,g722,A15
LA_E_5823645,1,alaw,A14
LA_E_5823756,1,alaw,A07
LA_E_5824042,0,pstn,bonafide
LA_E_5824087,1,g722,A16
LA_E_5824135,1,opus,A08
LA_E_5824394,1,alaw,A10
LA_E_5824460,1,none,A09
LA_E_5824764,1,none,A08
LA_E_5824807,1,pstn,A14
LA_E_5825037,1,opus,A17
LA_E_5825054,1,g722,A14
LA_E_5825867,1,ulaw,A12
LA_E_5826339,1,pstn,A14
LA_E_5826453,0,opus,bonafide
LA_E_5827156,1,opus,A19
LA_E_5827210,1,gsm,A16
LA_E_5827436,1,g722,A07
LA_E_5827564,1,alaw,A15
LA_E_5827756,1,none,A13
LA_E_5828021,1,none,A07
LA_E_5828133,1,none,A10
LA_E_5828196,1,alaw,A12
LA_E_5828501,1,gsm,A16
LA_E_5828551,1,ulaw,A17
LA_E_5829001,1,opus,A08
LA_E_5829242,1,g722,A10
LA_E_5829476,1,none,A07
LA_E_5829840,0,alaw,bonafide
LA_E_5830000,1,alaw,A08
LA_E_5830090,1,pstn,A10
LA_E_5830350,1,ulaw,A09
LA_E_5830372,1,pstn,A13
LA_E_5830414,1,gsm,A15
LA_E_5830572,0,ulaw,bonafide
LA_E_5830938,0,gsm,bonafide
LA_E_5830939,1,g722,A11
LA_E_5831055,1,g722,A19
LA_E_5831477,1,gsm,A08
LA_E_5831481,1,none,A16
LA_E_5831697,1,g722,A13
LA_E_5831828,1,opus,A16
LA_E_5831993,1,alaw,A08
LA_E_5832775,1,g722,A08
LA_E_5832836,1,alaw,A19
LA_E_5832971,1,gsm,A10
LA_E_5833000,1,g722,A16
LA_E_5833098,1,ulaw,A19
LA_E_5833220,1,alaw,A11
LA_E_5833606,1,none,A17
LA_E_5833912,1,ulaw,A08
LA_E_5834076,1,gsm,A14
LA_E_5834292,1,pstn,A19
LA_E_5834576,1,alaw,A15
LA_E_5834776,0,none,bonafide
LA_E_5835022,1,g722,A09
LA_E_5835366,1,gsm,A18
LA_E_5835954,1,none,A16
LA_E_5836152,1,alaw,A13
LA_E_5836514,1,none,A11
LA_E_5836732,1,none,A10
LA_E_5836763,1,none,A09
LA_E_5837001,1,g722,A08
LA_E_5837178,1,opus,A12
LA_E_5837256,1,opus,A14
LA_E_5837302,1,g722,A08
LA_E_5837474,1,g722,A11
LA_E_5837623,1,g722,A07
LA_E_5837885,1,gsm,A09
LA_E_5838255,1,pstn,A07
LA_E_5838348,1,pstn,A14
LA_E_5838647,1,ulaw,A08
LA_E_5838660,1,alaw,A19
LA_E_5838709,1,none,A09
LA_E_5839405,1,ulaw,A18
LA_E_5839590,1,opus,A16
LA_E_5839807,1,alaw,A09
LA_E_5839847,1,pstn,A15
LA_E_5840067,1,g722,A07
LA_E_5840228,1,g722,A15
LA_E_5840235,1,none,A10
LA_E_5840733,1,pstn,A07
LA_E_5841057,1,none,A17
LA_E_5841324,1,none,A08
LA_E_5841334,1,g722,A14
LA_E_5841335,1,none,A07
LA_E_5841706,1,alaw,A11
LA_E_5841743,1,none,A15
LA_E_5841929,1,opus,A14
LA_E_5841955,1,alaw,A18
LA_E_5841981,1,opus,A08
LA_E_5842529,1,opus,A19
LA_E_5842667,1,alaw,A16
LA_E_5842832,1,opus,A18
LA_E_5843524,1,pstn,A13
LA_E_5843532,1,none,A15
LA_E_5843585,0,alaw,bonafide
LA_E_5843983,1,pstn,A19
LA_E_5844046,1,pstn,A16
LA_E_5844100,1,none,A07
LA_E_5844316,0,g722,bonafide
LA_E_5844386,1,g722,A07
LA_E_5844567,1,ulaw,A16
LA_E_5844592,1,none,A10
LA_E_5844881,1,opus,A11
LA_E_5844963,1,alaw,A10
LA_E_5845169,1,pstn,A11
LA_E_5845234,1,alaw,A08
LA_E_5845435,1,ulaw,A09
LA_E_5845462,1,alaw,A12
LA_E_5845472,1,pstn,A13
LA_E_5846091,1,none,A19
LA_E_5846796,1,alaw,A19
LA_E_5846883,1,gsm,A10
LA_E_5847661,1,gsm,A18
LA_E_5847731,1,none,A10
LA_E_5847846,1,opus,A12
LA_E_5848081,1,gsm,A15
LA_E_5848732,1,alaw,A18
LA_E_5849195,1,pstn,A15
LA_E_5849246,1,alaw,A13
LA_E_5849313,1,pstn,A16
LA_E_5849525,1,none,A15
LA_E_5849769,1,none,A12
LA_E_5850342,0,g722,bonafide
LA_E_5850415,1,gsm,A14
LA_E_5850439,1,ulaw,A13
LA_E_5850523,1,pstn,A15
LA_E_5850721,1,gsm,A10
LA_E_5850770,0,none,bonafide
LA_E_5851139,1,opus,A17
LA_E_5851453,1,opus,A16
LA_E_5851881,1,gsm,A08
LA_E_5852121,1,opus,A07
LA_E_5852582,1,pstn,A09
LA_E_5852615,1,alaw,A13
LA_E_5852741,0,pstn,bonafide
LA_E_5853007,1,pstn,A07
LA_E_5853230,1,none,A18
LA_E_5853236,1,pstn,A15
LA_E_5853315,1,gsm,A07
LA_E_5853407,1,alaw,A11
LA_E_5853459,1,pstn,A13
LA_E_5853585,1,opus,A11
LA_E_5853587,1,alaw,A13
LA_E_5853826,1,opus,A09
LA_E_5855157,1,alaw,A16
LA_E_5855785,1,alaw,A14
LA_E_5856322,1,none,A12
LA_E_5856635,1,opus,A11
LA_E_5857268,1,none,A19
LA_E_5857572,1,pstn,A10
LA_E_5857601,0,gsm,bonafide
LA_E_5857766,1,g722,A19
LA_E_5857881,1,alaw,A09
LA_E_5858137,1,pstn,A08
LA_E_5858296,1,none,A08
LA_E_5858314,1,gsm,A13
LA_E_5858469,1,ulaw,A19
LA_E_5858694,1,pstn,A11
LA_E_5858819,1,pstn,A09
LA_E_5858821,1,opus,A10
LA_E_5858829,1,gsm,A13
LA_E_5859198,1,pstn,A08
LA_E_5859277,1,pstn,A18
LA_E_5859844,1,gsm,A13
LA_E_5859927,1,ulaw,A15
LA_E_5860143,1,gsm,A18
LA_E_5860182,1,none,A18
LA_E_5860267,1,pstn,A16
LA_E_5860629,0,ulaw,bonafide
LA_E_5860863,1,none,A16
LA_E_5861053,1,opus,A17
LA_E_5861090,1,none,A07
LA_E_5861458,0,gsm,bonafide
LA_E_5861504,1,alaw,A18
LA_E_5861533,1,ulaw,A18
LA_E_5861769,1,alaw,A18
LA_E_5861940,1,none,A19
LA_E_5862371,1,opus,A09
LA_E_5862417,1,pstn,A17
LA_E_5862735,1,ulaw,A10
LA_E_5862884,1,alaw,A11
LA_E_5863291,1,alaw,A07
LA_E_5863343,0,g722,bonafide
LA_E_5863512,1,pstn,A09
LA_E_5864063,1,ulaw,A10
LA_E_5864315,1,alaw,A19
LA_E_5864546,1,ulaw,A13
LA_E_5864648,1,alaw,A07
LA_E_5864708,1,alaw,A17
LA_E_5864709,1,gsm,A13
LA_E_5864868,1,alaw,A19
LA_E_5864994,1,opus,A13
LA_E_5865086,1,ulaw,A15
LA_E_5865185,0,gsm,bonafide
LA_E_5865849,1,pstn,A07
LA_E_5865964,1,g722,A11
LA_E_5866052,1,alaw,A11
LA_E_5866133,1,opus,A16
LA_E_5866182,1,g722,A19
LA_E_5866601,1,alaw,A16
LA_E_5866713,1,g722,A11
LA_E_5867999,1,none,A09
LA_E_5868244,1,pstn,A16
LA_E_5868633,1,gsm,A07
LA_E_5868933,1,pstn,A08
LA_E_5869003,1,ulaw,A15
LA_E_5869138,1,alaw,A15
LA_E_5869278,1,ulaw,A11
LA_E_5869348,1,pstn,A11
LA_E_5869623,1,pstn,A10
LA_E_5869663,1,none,A07
LA_E_5869677,1,ulaw,A07
LA_E_5869795,1,g722,A17
LA_E_5869908,1,none,A15
LA_E_5870152,1,g722,A15
LA_E_5870193,1,pstn,A13
LA_E_5870203,1,gsm,A11
LA_E_5870685,1,g722,A18
LA_E_5870761,1,none,A14
LA_E_5870763,1,alaw,A15
LA_E_5870865,1,none,A08
LA_E_5871359,1,g722,A15
LA_E_5871381,1,g722,A19
LA_E_5871397,1,opus,A15
LA_E_5871458,1,none,A19
LA_E_5871581,1,gsm,A14
LA_E_5871752,1,none,A09
LA_E_5872380,1,ulaw,A15
LA_E_5872382,0,opus,bonafide
LA_E_5872570,1,ulaw,A12
LA_E_5872762,1,pstn,A15
LA_E_5872850,1,g722,A17
LA_E_5873021,1,gsm,A18
LA_E_5873231,1,gsm,A19
LA_E_5873269,1,opus,A13
LA_E_5873316,1,gsm,A15
LA_E_5873445,1,opus,A19
LA_E_5873595,1,g722,A07
LA_E_5873606,1,none,A17
LA_E_5873627,1,none,A18
LA_E_5873712,1,g722,A16
LA_E_5873872,1,none,A12
LA_E_5874419,1,opus,A12
LA_E_5875164,1,pstn,A15
LA_E_5875953,1,alaw,A19
LA_E_5875970,1,none,A12
LA_E_5876964,1,none,A19
LA_E_5877098,1,ulaw,A17
LA_E_5877543,1,opus,A18
LA_E_5877726,0,opus,bonafide
LA_E_5878032,1,g722,A17
LA_E_5878597,1,pstn,A12
LA_E_5879226,1,opus,A12
LA_E_5879363,1,alaw,A17
LA_E_5879373,1,none,A08
LA_E_5879400,1,alaw,A09
LA_E_5879581,1,g722,A15
LA_E_5879680,1,ulaw,A09
LA_E_5879720,1,gsm,A14
LA_E_5879899,1,g722,A12
LA_E_5880038,1,opus,A12
LA_E_5880145,1,g722,A13
LA_E_5880259,1,pstn,A18
LA_E_5880333,1,gsm,A18
LA_E_5880682,1,ulaw,A13
LA_E_5880764,0,ulaw,bonafide
LA_E_5880938,0,alaw,bonafide
LA_E_5881174,1,none,A19
LA_E_5881310,1,gsm,A17
LA_E_5881575,1,alaw,A13
LA_E_5881945,1,none,A08
LA_E_5882422,1,none,A12
LA_E_5882742,1,ulaw,A09
LA_E_5882853,1,opus,A12
LA_E_5882885,1,none,A07
LA_E_5883118,1,alaw,A17
LA_E_5883128,1,ulaw,A10
LA_E_5883302,1,gsm,A09
LA_E_5883355,1,opus,A08
LA_E_5884247,1,opus,A18
LA_E_5884393,1,none,A11
LA_E_5884515,1,opus,A19
LA_E_5884523,1,alaw,A14
LA_E_5884767,1,g722,A18
LA_E_5884871,1,pstn,A08
LA_E_5885450,1,pstn,A18
LA_E_5885758,0,gsm,bonafide
LA_E_5885902,1,ulaw,A18
LA_E_5886205,1,gsm,A11
LA_E_5886988,0,ulaw,bonafide
LA_E_5887382,1,g722,A18
LA_E_5887392,1,pstn,A09
LA_E_5887469,1,pstn,A17
LA_E_5887827,1,g722,A17
LA_E_5888151,1,ulaw,A19
LA_E_5888239,1,pstn,A18
LA_E_5888310,1,opus,A19
LA_E_5888484,1,ulaw,A11
LA_E_5888519,1,g722,A07
LA_E_5888849,1,alaw,A13
LA_E_5888962,1,opus,A09
LA_E_5889204,1,opus,A08
LA_E_5889348,1,none,A10
LA_E_5889798,0,g722,bonafide
LA_E_5890096,1,none,A12
LA_E_5890390,0,pstn,bonafide
LA_E_5890562,1,opus,A17
LA_E_5891419,1,g722,A14
LA_E_5892597,1,none,A08
LA_E_5892817,1,opus,A07
LA_E_5892848,1,none,A15
LA_E_5893919,1,ulaw,A14
LA_E_5894036,1,gsm,A17
LA_E_5894205,1,gsm,A17
LA_E_5894549,1,ulaw,A11
LA_E_5894679,1,alaw,A15
LA_E_5894856,1,gsm,A16
LA_E_5895000,1,alaw,A17
LA_E_5895026,1,gsm,A15
LA_E_5895194,1,ulaw,A16
LA_E_5895441,1,ulaw,A08
LA_E_5895755,1,alaw,A12
LA_E_5896021,1,none,A16
LA_E_5896207,1,g722,A13
LA_E_5896460,0,opus,bonafide
LA_E_5896531,1,ulaw,A17
LA_E_5897114,1,gsm,A12
LA_E_5897304,1,g722,A08
LA_E_5897341,1,pstn,A11
LA_E_5897395,1,alaw,A15
LA_E_5897399,1,gsm,A14
LA_E_5897436,1,ulaw,A09
LA_E_5897456,1,alaw,A18
LA_E_5898374,1,alaw,A14
LA_E_5898608,1,pstn,A12
LA_E_5898695,1,alaw,A07
LA_E_5898785,1,g722,A10
LA_E_5899033,1,opus,A15
LA_E_5899038,1,none,A16
LA_E_5900011,1,alaw,A19
LA_E_5900032,1,alaw,A15
LA_E_5900191,1,pstn,A16
LA_E_5900418,1,opus,A14
LA_E_5900780,1,opus,A13
LA_E_5901597,1,alaw,A12
LA_E_5901673,1,opus,A15
LA_E_5902124,1,g722,A14
LA_E_5902125,1,g722,A14
LA_E_5902138,1,pstn,A09
LA_E_5902387,1,alaw,A07
LA_E_5902485,1,pstn,A18
LA_E_5902514,0,alaw,bonafide
LA_E_5902732,1,opus,A09
LA_E_5903246,1,alaw,A15
LA_E_5903301,1,g722,A08
LA_E_5903499,1,g722,A17
LA_E_5903547,0,g722,bonafide
LA_E_5903626,1,alaw,A17
LA_E_5903928,1,ulaw,A14
LA_E_5904447,1,opus,A19
LA_E_5904485,0,ulaw,bonafide
LA_E_5905647,1,pstn,A18
LA_E_5905883,1,ulaw,A07
LA_E_5906411,1,pstn,A10
LA_E_5906495,1,g722,A12
LA_E_5906499,1,pstn,A15
LA_E_5906682,1,pstn,A18
LA_E_5907145,1,pstn,A17
LA_E_5907176,1,gsm,A19
LA_E_5907217,1,g722,A19
LA_E_5907249,1,pstn,A15
LA_E_5907846,1,g722,A08
LA_E_5908409,0,none,bonafide
LA_E_5908770,1,alaw,A14
LA_E_5908942,1,alaw,A18
LA_E_5908949,1,pstn,A14
LA_E_5909297,1,ulaw,A13
LA_E_5909610,1,gsm,A19
LA_E_5909813,1,gsm,A08
LA_E_5910186,1,pstn,A15
LA_E_5910493,1,g722,A11
LA_E_5910681,1,opus,A11
LA_E_5911721,1,alaw,A09
LA_E_5911794,1,ulaw,A09
LA_E_5911839,1,opus,A14
LA_E_5912008,1,none,A18
LA_E_5912138,1,pstn,A18
LA_E_5912457,1,opus,A18
LA_E_5912476,1,ulaw,A07
LA_E_5912480,1,g722,A19
LA_E_5912684,1,alaw,A11
LA_E_5912847,1,none,A09
LA_E_5913007,1,none,A07
LA_E_5913045,1,opus,A09
LA_E_5913140,1,g722,A19
LA_E_5913769,1,pstn,A15
LA_E_5913790,1,gsm,A18
LA_E_5914077,1,opus,A19
LA_E_5914502,1,alaw,A07
LA_E_5915453,1,gsm,A10
LA_E_5915459,1,opus,A12
LA_E_5915636,1,ulaw,A08
LA_E_5916124,1,opus,A17
LA_E_5916135,1,ulaw,A07
LA_E_5916420,1,alaw,A13
LA_E_5916435,1,ulaw,A08
LA_E_5916440,1,none,A16
LA_E_5916911,1,g722,A15
LA_E_5917400,1,pstn,A13
LA_E_5917802,1,none,A17
LA_E_5917879,0,ulaw,bonafide
LA_E_5917988,1,gsm,A14
LA_E_5918024,1,none,A11
LA_E_5918257,1,alaw,A10
LA_E_5918647,0,ulaw,bonafide
LA_E_5919168,1,g722,A07
LA_E_5919202,1,alaw,A13
LA_E_5919277,1,ulaw,A18
LA_E_5919314,1,none,A15
LA_E_5919889,1,alaw,A16
LA_E_5920123,1,alaw,A19
LA_E_5920531,1,none,A17
LA_E_5920676,1,ulaw,A10
LA_E_5921056,1,alaw,A07
LA_E_5921171,1,pstn,A08
LA_E_5921372,1,g722,A10
LA_E_5921694,1,none,A19
LA_E_5921909,1,ulaw,A09
LA_E_5921950,1,none,A19
LA_E_5922065,1,none,A07
LA_E_5922102,1,pstn,A08
LA_E_5922112,1,none,A14
LA_E_5922261,1,gsm,A19
LA_E_5922533,1,alaw,A13
LA_E_5922730,1,none,A09
LA_E_5922864,1,g722,A13
LA_E_5923460,1,none,A07
LA_E_5923662,1,g722,A19
LA_E_5924443,1,pstn,A18
LA_E_5924502,1,g722,A16
LA_E_5924539,1,pstn,A09
LA_E_5924799,1,none,A15
LA_E_5925396,1,pstn,A07
LA_E_5925858,1,none,A11
LA_E_5925870,1,alaw,A09
LA_E_5925907,1,g722,A18
LA_E_5926151,1,opus,A11
LA_E_5926232,1,g722,A11
LA_E_5926239,1,pstn,A12
LA_E_5926309,1,none,A08
LA_E_5926439,1,g722,A14
LA_E_5926498,1,opus,A12
LA_E_5926543,1,ulaw,A11
LA_E_5926641,1,ulaw,A09
LA_E_5926719,0,gsm,bonafide
LA_E_5926878,1,pstn,A10
LA_E_5926981,1,none,A16
LA_E_5927362,1,opus,A10
LA_E_5927380,1,g722,A16
LA_E_5927382,1,none,A10
LA_E_5927393,1,pstn,A11
LA_E_5927437,1,none,A10
LA_E_5927829,1,ulaw,A17
LA_E_5928666,1,ulaw,A19
LA_E_5928823,1,none,A12
LA_E_5928879,1,pstn,A07
LA_E_5929108,1,none,A14
LA_E_5929163,1,opus,A17
LA_E_5929340,0,opus,bonafide
LA_E_5929374,1,g722,A18
LA_E_5929467,1,alaw,A08
LA_E_5929728,1,g722,A15
LA_E_5929864,0,g722,bonafide
LA_E_5930017,1,none,A15
LA_E_5930121,1,none,A10
LA_E_5930149,1,ulaw,A16
LA_E_5930572,1,none,A17
LA_E_5930596,1,opus,A14
LA_E_5930663,1,gsm,A13
LA_E_5930688,1,pstn,A15
LA_E_5930806,0,opus,bonafide
LA_E_5931099,1,alaw,A15
LA_E_5932113,1,none,A07
LA_E_5932283,1,opus,A13
LA_E_5933507,1,pstn,A12
LA_E_5933693,1,gsm,A09
LA_E_5933815,1,gsm,A16
LA_E_5933957,1,opus,A15
LA_E_5933993,0,gsm,bonafide
LA_E_5934100,1,g722,A07
LA_E_5934446,1,gsm,A16
LA_E_5934759,0,pstn,bonafide
LA_E_5935020,1,pstn,A18
LA_E_5935097,1,alaw,A09
LA_E_5935553,1,g722,A07
LA_E_5935596,1,alaw,A14
LA_E_5935731,1,ulaw,A18
LA_E_5935943,1,g722,A15
LA_E_5936134,0,g722,bonafide
LA_E_5936437,0,gsm,bonafide
LA_E_5936487,1,g722,A11
LA_E_5936858,1,none,A14
LA_E_5937242,1,none,A10
LA_E_5938151,1,none,A17
LA_E_5938169,1,opus,A08
LA_E_5938367,1,alaw,A11
LA_E_5938405,1,ulaw,A13
LA_E_5938634,1,none,A08
LA_E_5938826,1,opus,A08
LA_E_5938955,1,opus,A16
LA_E_5939020,1,opus,A09
LA_E_5939473,1,pstn,A08
LA_E_5939766,1,ulaw,A07
LA_E_5940237,1,gsm,A19
LA_E_5940274,1,pstn,A07
LA_E_5940356,1,ulaw,A15
LA_E_5940631,1,opus,A12
LA_E_5940935,1,gsm,A12
LA_E_5940965,1,g722,A07
LA_E_5941029,1,ulaw,A13
LA_E_5941051,1,g722,A12
LA_E_5941168,1,none,A17
LA_E_5941183,1,alaw,A17
LA_E_5941711,1,opus,A19
LA_E_5941940,1,ulaw,A10
LA_E_5941951,1,none,A19
LA_E_5941988,1,none,A12
LA_E_5942620,1,none,A14
LA_E_5942709,1,none,A15
LA_E_5942762,1,alaw,A19
LA_E_5942889,1,opus,A17
LA_E_5943062,1,ulaw,A19
LA_E_5943073,1,ulaw,A14
LA_E_5943224,1,opus,A19
LA_E_5943241,1,pstn,A12
LA_E_5943678,1,pstn,A11
LA_E_5943687,1,none,A15
LA_E_5943692,1,opus,A08
LA_E_5944154,1,ulaw,A09
LA_E_5945014,1,none,A19
LA_E_5945067,1,alaw,A14
LA_E_5945322,0,none,bonafide
LA_E_5946303,1,opus,A16
LA_E_5946356,1,pstn,A15
LA_E_5946529,1,pstn,A08
LA_E_5946535,1,gsm,A17
LA_E_5946676,1,pstn,A10
LA_E_5946935,1,alaw,A18
LA_E_5947524,1,alaw,A09
LA_E_5947757,1,opus,A17
LA_E_5948039,1,alaw,A12
LA_E_5948225,1,none,A09
LA_E_5948363,0,none,bonafide
LA_E_5949119,1,gsm,A08
LA_E_5949171,1,alaw,A13
LA_E_5949284,1,alaw,A19
LA_E_5949601,1,none,A10
LA_E_5949623,1,g722,A14
LA_E_5949877,1,ulaw,A10
LA_E_5949988,1,ulaw,A17
LA_E_5950094,0,alaw,bonafide
LA_E_5950918,1,alaw,A08
LA_E_5951177,1,gsm,A07
LA_E_5951665,0,opus,bonafide
LA_E_5951673,1,opus,A07
LA_E_5951891,1,none,A07
LA_E_5951914,1,ulaw,A11
LA_E_5951935,0,none,bonafide
LA_E_5952124,1,g722,A17
LA_E_5952431,1,alaw,A11
LA_E_5952568,1,g722,A15
LA_E_5952625,1,g722,A14
LA_E_5952848,1,alaw,A09
LA_E_5953218,1,opus,A19
LA_E_5953295,1,ulaw,A19
LA_E_5953341,1,gsm,A07
LA_E_5953402,1,ulaw,A17
LA_E_5953407,1,ulaw,A07
LA_E_5953457,1,none,A12
LA_E_5954698,1,pstn,A13
LA_E_5955255,1,none,A10
LA_E_5955610,1,ulaw,A11
LA_E_5955750,1,pstn,A15
LA_E_5955821,1,gsm,A11
LA_E_5955870,1,pstn,A13
LA_E_5956069,1,alaw,A13
LA_E_5956398,1,g722,A08
LA_E_5956442,1,g722,A19
LA_E_5956499,1,gsm,A14
LA_E_5957091,1,pstn,A09
LA_E_5957211,1,g722,A13
LA_E_5957268,1,none,A11
LA_E_5957269,1,alaw,A15
LA_E_5957347,0,gsm,bonafide
LA_E_5957376,1,alaw,A14
LA_E_5958218,0,ulaw,bonafide
LA_E_5958764,0,opus,bonafide
LA_E_5960147,1,g722,A14
LA_E_5960272,1,ulaw,A16
LA_E_5960356,1,none,A08
LA_E_5960661,1,opus,A17
LA_E_5960883,1,g722,A17
LA_E_5960904,1,g722,A07
LA_E_5961151,1,pstn,A17
LA_E_5961254,1,g722,A17
LA_E_5961386,1,gsm,A19
LA_E_5961534,1,pstn,A17
LA_E_5962233,1,g722,A11
LA_E_5962486,1,alaw,A09
LA_E_5962741,1,opus,A11
LA_E_5963153,1,alaw,A16
LA_E_5963598,1,g722,A10
LA_E_5963741,1,gsm,A11
LA_E_5963756,1,g722,A08
LA_E_5964385,1,ulaw,A12
LA_E_5964640,1,ulaw,A18
LA_E_5964668,1,opus,A14
LA_E_5964720,1,none,A18
LA_E_5965028,1,pstn,A17
LA_E_5965178,1,alaw,A13
LA_E_5965426,1,ulaw,A14
LA_E_5965680,1,gsm,A17
LA_E_5965878,0,alaw,bonafide
LA_E_5965906,1,gsm,A14
LA_E_5966098,0,gsm,bonafide
LA_E_5966797,1,g722,A15
LA_E_5967710,1,pstn,A18
LA_E_5968240,1,pstn,A17
LA_E_5968488,1,opus,A18
LA_E_5968678,1,none,A09
LA_E_5968802,1,ulaw,A15
LA_E_5968823,1,opus,A07
LA_E_5969172,1,g722,A16
LA_E_5969219,1,alaw,A12
LA_E_5969641,1,gsm,A19
LA_E_5969667,1,none,A18
LA_E_5969960,1,opus,A09
LA_E_5970422,1,alaw,A18
LA_E_5970441,1,alaw,A16
LA_E_5970813,1,none,A16
LA_E_5971201,1,pstn,A18
LA_E_5971241,1,alaw,A08
LA_E_5971268,0,ulaw,bonafide
LA_E_5971468,1,none,A17
LA_E_5971657,1,gsm,A07
LA_E_5971901,1,gsm,A12
LA_E_5972254,1,pstn,A10
LA_E_5972275,1,opus,A14
LA_E_5972713,1,g722,A13
LA_E_5972910,1,none,A14
LA_E_5973179,1,gsm,A17
LA_E_5973189,1,pstn,A15
LA_E_5973634,1,alaw,A09
LA_E_5973742,1,g722,A16
LA_E_5973950,1,g722,A09
LA_E_5974043,1,pstn,A11
LA_E_5974654,0,ulaw,bonafide
LA_E_5974691,1,opus,A08
LA_E_5974992,1,pstn,A11
LA_E_5975048,1,gsm,A11
LA_E_5975233,1,ulaw,A17
LA_E_5975435,1,none,A08
LA_E_5975511,1,opus,A15
LA_E_5975526,1,alaw,A08
LA_E_5975604,1,gsm,A13
LA_E_5975661,1,gsm,A08
LA_E_5975765,1,gsm,A15
LA_E_5976048,1,pstn,A08
LA_E_5976093,0,opus,bonafide
LA_E_5976336,1,alaw,A07
LA_E_5976626,1,none,A09
LA_E_5976746,1,ulaw,A14
LA_E_5976798,1,opus,A17
LA_E_5976928,1,ulaw,A11
LA_E_5977259,1,none,A10
LA_E_5977361,1,alaw,A12
LA_E_5977514,0,opus,bonafide
LA_E_5977612,1,alaw,A16
LA_E_5977866,1,gsm,A12
LA_E_5978502,1,pstn,A15
LA_E_5979045,1,pstn,A07
LA_E_5979227,1,opus,A13
LA_E_5979441,1,none,A17
LA_E_5979843,1,g722,A17
LA_E_5979935,1,none,A14
LA_E_5980112,1,g722,A15
LA_E_5980451,1,g722,A08
LA_E_5980593,1,none,A11
LA_E_5980824,1,alaw,A12
LA_E_5981295,1,pstn,A12
LA_E_5982295,0,ulaw,bonafide
LA_E_5982479,1,opus,A18
LA_E_5982612,1,none,A12
LA_E_5983050,1,pstn,A10
LA_E_5983472,1,gsm,A18
LA_E_5983602,1,gsm,A15
LA_E_5984045,1,alaw,A18
LA_E_5984101,1,g722,A18
LA_E_5984541,1,pstn,A16
LA_E_5984945,1,opus,A18
LA_E_5984966,1,none,A14
LA_E_5985032,1,none,A18
LA_E_5985496,1,gsm,A07
LA_E_5985746,1,alaw,A07
LA_E_5985881,1,ulaw,A17
LA_E_5986030,1,ulaw,A07
LA_E_5986117,1,g722,A07
LA_E_5986197,0,pstn,bonafide
LA_E_5986593,1,ulaw,A10
LA_E_5986714,1,alaw,A07
LA_E_5986928,1,opus,A14
LA_E_5987310,1,alaw,A13
LA_E_5987993,0,g722,bonafide
LA_E_5988257,1,gsm,A14
LA_E_5988335,1,pstn,A15
LA_E_5988660,1,none,A17
LA_E_5988904,1,gsm,A11
LA_E_5989045,1,none,A10
LA_E_5989505,0,g722,bonafide
LA_E_5989609,1,pstn,A07
LA_E_5989758,1,alaw,A19
LA_E_5989868,1,opus,A09
LA_E_5990245,1,g722,A08
LA_E_5990999,1,g722,A13
LA_E_5991176,1,alaw,A17
LA_E_5991386,1,gsm,A09
LA_E_5991406,1,none,A10
LA_E_5991464,1,pstn,A10
LA_E_5991471,1,g722,A09
LA_E_5991487,1,ulaw,A13
LA_E_5991512,1,none,A09
LA_E_5991531,1,gsm,A10
LA_E_5992019,1,none,A19
LA_E_5992228,1,pstn,A11
LA_E_5992342,1,none,A08
LA_E_5993046,1,g722,A07
LA_E_5993584,1,g722,A19
LA_E_5994187,1,ulaw,A13
LA_E_5994778,1,g722,A15
LA_E_5995049,1,pstn,A08
LA_E_5995097,1,g722,A10
LA_E_5995117,1,gsm,A09
LA_E_5995406,1,gsm,A09
LA_E_5995449,1,pstn,A12
LA_E_5995485,1,g722,A08
LA_E_5995599,1,pstn,A12
LA_E_5996768,1,alaw,A15
LA_E_5997468,1,ulaw,A11
LA_E_5997682,1,pstn,A09
LA_E_5997842,1,pstn,A18
LA_E_5997940,1,pstn,A12
LA_E_5998194,1,alaw,A07
LA_E_5998227,1,opus,A07
LA_E_5998561,1,alaw,A15
LA_E_5998721,1,ulaw,A14
LA_E_5998946,1,ulaw,A07
LA_E_5999472,1,ulaw,A08
LA_E_5999475,1,pstn,A13
LA_E_5999915,1,g722,A12
LA_E_6000395,1,alaw,A16
LA_E_6000746,1,ulaw,A11
LA_E_6000775,1,alaw,A12
LA_E_6001538,1,opus,A11
LA_E_6002311,1,none,A10
LA_E_6002326,1,alaw,A12
LA_E_6002609,1,gsm,A16
LA_E_6003374,1,none,A16
LA_E_6003412,1,none,A16
LA_E_6003450,1,pstn,A19
LA_E_6003573,1,gsm,A18
LA_E_6004131,1,g722,A11
LA_E_6004574,1,alaw,A14
LA_E_6004841,0,opus,bonafide
LA_E_6005248,1,ulaw,A08
LA_E_6005274,1,opus,A18
LA_E_6005409,0,opus,bonafide
LA_E_6005886,1,alaw,A18
LA_E_6005918,1,none,A12
LA_E_6006009,1,gsm,A17
LA_E_6006251,1,gsm,A13
LA_E_6006268,1,ulaw,A09
LA_E_6006488,1,none,A16
LA_E_6006845,1,g722,A18
LA_E_6007107,1,alaw,A16
LA_E_6007293,1,ulaw,A18
LA_E_6007675,1,pstn,A12
LA_E_6007681,0,pstn,bonafide
LA_E_6007688,1,g722,A12
LA_E_6009559,1,pstn,A19
LA_E_6009596,1,ulaw,A10
LA_E_6009640,0,gsm,bonafide
LA_E_6009893,1,ulaw,A12
LA_E_6010377,1,alaw,A13
LA_E_6010386,1,ulaw,A14
LA_E_6010704,1,gsm,A10
LA_E_6011132,1,gsm,A12
LA_E_6011241,1,g722,A17
LA_E_6011399,1,ulaw,A11
LA_E_6012267,1,none,A13
LA_E_6012947,1,g722,A18
LA_E_6014238,1,gsm,A15
LA_E_6014505,0,gsm,bonafide
LA_E_6015262,1,opus,A17
LA_E_6015322,1,none,A19
LA_E_6015378,1,none,A13
LA_E_6015436,1,ulaw,A14
LA_E_6015746,1,gsm,A16
LA_E_6015989,1,alaw,A15
LA_E_6016219,1,ulaw,A08
LA_E_6016573,1,ulaw,A09
LA_E_6016587,1,pstn,A17
LA_E_6016710,1,none,A13
LA_E_6016817,1,alaw,A12
LA_E_6017068,1,none,A07
LA_E_6017163,1,ulaw,A07
LA_E_6017365,1,g722,A14
LA_E_6017575,1,gsm,A10
LA_E_6017581,1,ulaw,A09
LA_E_6017618,1,opus,A19
LA_E_6017744,1,g722,A14
LA_E_6017825,0,pstn,bonafide
LA_E_6018083,1,opus,A14
LA_E_6018341,1,alaw,A16
LA_E_6019163,1,pstn,A14
LA_E_6019372,1,ulaw,A07
LA_E_6019559,0,alaw,bonafide
LA_E_6019928,1,ulaw,A16
LA_E_6020132,1,alaw,A17
LA_E_6020141,1,ulaw,A09
LA_E_6020912,1,none,A18
LA_E_6021219,1,alaw,A13
LA_E_6021257,1,g722,A08
LA_E_6021843,1,g722,A10
LA_E_6021986,1,alaw,A17
LA_E_6022012,0,opus,bonafide
LA_E_6022016,1,pstn,A08
LA_E_6022033,1,g722,A14
LA_E_6022346,1,g722,A18
LA_E_6022508,1,none,A08
LA_E_6022878,1,g722,A10
LA_E_6022923,1,ulaw,A17
LA_E_6023085,0,gsm,bonafide
LA_E_6023358,1,none,A12
LA_E_6023431,1,ulaw,A10
LA_E_6023879,1,none,A18
LA_E_6024256,1,none,A12
LA_E_6024272,1,ulaw,A18
LA_E_6024350,1,alaw,A15
LA_E_6024374,1,ulaw,A10
LA_E_6024834,1,opus,A17
LA_E_6025132,1,pstn,A08
LA_E_6025195,1,pstn,A09
LA_E_6025343,1,pstn,A08
LA_E_6026120,1,pstn,A11
LA_E_6026442,1,ulaw,A15
LA_E_6026594,1,alaw,A19
LA_E_6026805,1,g722,A19
LA_E_6026883,1,pstn,A10
LA_E_6027196,1,alaw,A14
LA_E_6027210,1,g722,A08
LA_E_6027401,0,pstn,bonafide
LA_E_6027940,1,alaw,A16
LA_E_6028601,1,gsm,A15
LA_E_6029833,1,pstn,A12
LA_E_6030022,1,none,A10
LA_E_6030359,1,none,A07
LA_E_6030807,1,gsm,A18
LA_E_6031798,1,opus,A12
LA_E_6032204,0,opus,bonafide
LA_E_6032300,1,none,A16
LA_E_6032602,1,g722,A12
LA_E_6032733,1,gsm,A16
LA_E_6032816,1,ulaw,A14
LA_E_6032959,1,g722,A17
LA_E_6033134,1,ulaw,A19
LA_E_6033352,1,pstn,A10
LA_E_6033427,1,ulaw,A18
LA_E_6033513,1,ulaw,A08
LA_E_6033730,1,ulaw,A09
LA_E_6034044,1,g722,A17
LA_E_6034144,1,none,A18
LA_E_6034174,1,ulaw,A12
LA_E_6034695,1,opus,A14
LA_E_6035456,1,opus,A09
LA_E_6035590,1,g722,A13
LA_E_6035596,1,gsm,A10
LA_E_6035702,1,none,A16
LA_E_6035806,1,gsm,A17
LA_E_6036026,0,g722,bonafide
LA_E_6036137,1,alaw,A14
LA_E_6036149,1,pstn,A09
LA_E_6036167,1,g722,A14
LA_E_6036213,1,g722,A17
LA_E_6036266,1,pstn,A10
LA_E_6036693,0,gsm,bonafide
LA_E_6036876,1,opus,A15
LA_E_6037050,0,none,bonafide
LA_E_6037295,1,gsm,A18
LA_E_6037433,0,gsm,bonafide
LA_E_6037519,1,opus,A18
LA_E_6037778,1,pstn,A13
LA_E_6037783,1,alaw,A09
LA_E_6038128,1,ulaw,A07
LA_E_6038611,1,pstn,A17
LA_E_6038731,1,opus,A17
LA_E_6038979,1,none,A15
LA_E_6039242,1,g722,A08
LA_E_6039337,0,g722,bonafide
LA_E_6039503,1,opus,A13
LA_E_6039716,1,alaw,A18
LA_E_6039834,1,g722,A17
LA_E_6040052,1,alaw,A10
LA_E_6040498,1,gsm,A10
LA_E_6040761,1,none,A16
LA_E_6041306,1,g722,A14
LA_E_6041385,1,none,A08
LA_E_6041450,0,ulaw,bonafide
LA_E_6041497,1,ulaw,A19
LA_E_6041527,1,g722,A18
LA_E_6042057,1,alaw,A12
LA_E_6042488,1,pstn,A09
LA_E_6042683,1,alaw,A17
LA_E_6042814,1,opus,A10
LA_E_6042980,1,none,A13
LA_E_6043383,1,opus,A12
LA_E_6043480,1,pstn,A17
LA_E_6043603,1,alaw,A13
LA_E_6043865,1,none,A12
LA_E_6043896,1,alaw,A10
LA_E_6044798,0,alaw,bonafide
LA_E_6045101,1,alaw,A09
LA_E_6045594,1,alaw,A18
LA_E_6045700,1,none,A11
LA_E_6045964,0,pstn,bonafide
LA_E_6046580,1,opus,A11
LA_E_6046653,1,pstn,A08
LA_E_6046726,1,opus,A16
LA_E_6046853,1,g722,A16
LA_E_6047678,0,none,bonafide
LA_E_6048176,1,g722,A08
LA_E_6048360,1,opus,A07
LA_E_6048668,1,none,A12
LA_E_6048681,1,none,A16
LA_E_6048977,1,none,A16
LA_E_6049114,1,none,A10
LA_E_6049811,1,ulaw,A19
LA_E_6050025,1,g722,A08
LA_E_6050327,1,alaw,A17
LA_E_6050374,1,g722,A17
LA_E_6050598,1,pstn,A11
LA_E_6050710,1,pstn,A14
LA_E_6050768,1,g722,A16
LA_E_6051349,1,ulaw,A17
LA_E_6051509,1,ulaw,A07
LA_E_6051562,1,g722,A15
LA_E_6051627,1,g722,A19
LA_E_6051997,1,pstn,A08
LA_E_6052066,1,opus,A10
LA_E_6052128,0,ulaw,bonafide
LA_E_6052245,1,none,A14
LA_E_6052519,1,gsm,A11
LA_E_6052722,1,ulaw,A07
LA_E_6053647,1,g722,A11
LA_E_6054187,1,ulaw,A14
LA_E_6054392,1,ulaw,A08
LA_E_6054669,1,ulaw,A07
LA_E_6054878,1,alaw,A14
LA_E_6055390,0,none,bonafide
LA_E_6056251,0,ulaw,bonafide
LA_E_6056486,1,pstn,A19
LA_E_6056891,1,opus,A16
LA_E_6057150,0,opus,bonafide
LA_E_6057178,1,alaw,A11
LA_E_6057875,1,g722,A12
LA_E_6058023,1,ulaw,A18
LA_E_6058186,1,none,A18
LA_E_6058486,1,ulaw,A07
LA_E_6058756,1,pstn,A14
LA_E_6058868,1,gsm,A08
LA_E_6058943,1,none,A13
LA_E_6059291,1,g722,A07
LA_E_6059341,1,ulaw,A11
LA_E_6059368,1,alaw,A15
LA_E_6059540,1,g722,A17
LA_E_6059967,1,gsm,A09
LA_E_6059988,1,pstn,A13
LA_E_6060199,1,gsm,A14
LA_E_6060844,1,g722,A15
LA_E_6061608,1,opus,A11
LA_E_6061646,1,gsm,A14
LA_E_6061853,1,ulaw,A07
LA_E_6061991,1,g722,A18
LA_E_6062478,1,gsm,A11
LA_E_6062526,0,none,bonafide
LA_E_6062554,1,pstn,A11
LA_E_6062565,1,g722,A14
LA_E_6062711,1,opus,A07
LA_E_6062755,1,opus,A17
LA_E_6062902,1,pstn,A11
LA_E_6063114,1,pstn,A13
LA_E_6063130,1,ulaw,A08
LA_E_6063220,1,g722,A14
LA_E_6063393,1,pstn,A17
LA_E_6063661,1,pstn,A07
LA_E_6063938,1,alaw,A09
LA_E_6064001,1,opus,A09
LA_E_6064236,1,alaw,A09
LA_E_6064274,1,none,A18
LA_E_6064496,1,gsm,A12
LA_E_6064609,1,alaw,A13
LA_E_6064840,1,g722,A12
LA_E_6065376,1,g722,A17
LA_E_6065671,1,none,A12
LA_E_6066059,1,opus,A13
LA_E_6066162,1,opus,A16
LA_E_6066745,1,pstn,A11
LA_E_6066815,1,ulaw,A13
LA_E_6067180,1,g722,A16
LA_E_6067711,1,none,A12
LA_E_6067724,1,ulaw,A19
LA_E_6067877,1,g722,A08
LA_E_6067896,1,pstn,A13
LA_E_6068507,1,none,A15
LA_E_6068654,1,gsm,A18
LA_E_6068761,1,none,A16
LA_E_6069153,1,pstn,A11
LA_E_6070787,1,none,A16
LA_E_6070797,1,gsm,A18
LA_E_6070870,0,gsm,bonafide
LA_E_6070900,1,ulaw,A17
LA_E_6071083,1,pstn,A13
LA_E_6071136,1,alaw,A14
LA_E_6071529,1,alaw,A07
LA_E_6071555,1,opus,A11
LA_E_6071674,1,g722,A14
LA_E_6072239,1,none,A12
LA_E_6072483,1,none,A13
LA_E_6072503,0,gsm,bonafide
LA_E_6072563,1,g722,A15
LA_E_6072935,1,pstn,A19
LA_E_6073048,1,pstn,A15
LA_E_6073450,1,pstn,A12
LA_E_6073505,1,opus,A18
LA_E_6074077,1,pstn,A14
LA_E_6074681,1,gsm,A17
LA_E_6075014,1,pstn,A16
LA_E_6075023,0,ulaw,bonafide
LA_E_6075061,1,alaw,A09
LA_E_6075310,1,opus,A12
LA_E_6075360,1,opus,A16
LA_E_6075866,1,ulaw,A08
LA_E_6075984,1,opus,A18
LA_E_6076409,1,pstn,A19
LA_E_6077144,1,alaw,A07
LA_E_6077194,1,ulaw,A07
LA_E_6077423,1,gsm,A13
LA_E_6077576,0,none,bonafide
LA_E_6077782,1,ulaw,A10
LA_E_6077857,1,none,A18
LA_E_6078130,1,none,A14
LA_E_6078132,1,ulaw,A13
LA_E_6078380,1,pstn,A10
LA_E_6078497,1,none,A10
LA_E_6078519,1,opus,A12
LA_E_6079956,1,pstn,A12
LA_E_6080100,1,pstn,A12
LA_E_6080124,1,none,A08
LA_E_6080286,1,pstn,A14
LA_E_6080875,1,alaw,A15
LA_E_6081353,1,g722,A07
LA_E_6081425,1,none,A08
LA_E_6081845,1,pstn,A17
LA_E_6081953,1,gsm,A15
LA_E_6082531,1,alaw,A17
LA_E_6082763,1,gsm,A14
LA_E_6082880,1,none,A14
LA_E_6082917,0,g722,bonafide
LA_E_6083039,1,none,A19
LA_E_6083380,1,alaw,A11
LA_E_6083429,1,g722,A18
LA_E_6083781,1,opus,A12
LA_E_6083986,1,none,A11
LA_E_6084070,1,ulaw,A11
LA_E_6084131,1,g722,A12
LA_E_6084227,1,none,A11
LA_E_6084233,1,ulaw,A14
LA_E_6084414,1,gsm,A19
LA_E_6084746,1,none,A08
LA_E_6085076,0,gsm,bonafide
LA_E_6085454,1,pstn,A16
LA_E_6085482,1,none,A18
LA_E_6085758,0,ulaw,bonafide
LA_E_6086148,1,g722,A17
LA_E_6086194,1,none,A13
LA_E_6086377,1,gsm,A08
LA_E_6086399,1,pstn,A09
LA_E_6086834,1,alaw,A14
LA_E_6086924,1,opus,A16
LA_E_6087243,1,alaw,A15
LA_E_6087264,1,alaw,A18
LA_E_6087435,1,opus,A09
LA_E_6088005,1,g722,A14
LA_E_6088250,0,pstn,bonafide
LA_E_6088317,1,pstn,A07
LA_E_6088354,1,pstn,A12
LA_E_6088437,1,opus,A18
LA_E_6088672,1,alaw,A14
LA_E_6088800,1,alaw,A10
LA_E_6088888,0,ulaw,bonafide
LA_E_6089195,0,ulaw,bonafide
LA_E_6089390,1,g722,A18
LA_E_6089514,1,ulaw,A07
LA_E_6089614,1,pstn,A08
LA_E_6090106,1,ulaw,A19
LA_E_6090170,1,pstn,A16
LA_E_6090282,1,ulaw,A13
LA_E_6090288,1,alaw,A13
LA_E_6091523,1,opus,A07
LA_E_6092023,1,gsm,A15
LA_E_6092469,1,alaw,A17
LA_E_6092494,1,g722,A12
LA_E_6092728,1,g722,A10
LA_E_6092982,1,gsm,A13
LA_E_6093027,0,opus,bonafide
LA_E_6093304,1,ulaw,A10
LA_E_6093639,1,pstn,A19
LA_E_6094058,1,gsm,A10
LA_E_6094292,1,opus,A15
LA_E_6094312,1,none,A11
LA_E_6094504,1,none,A17
LA_E_6094591,1,none,A16
LA_E_6094670,1,gsm,A12
LA_E_6094849,1,alaw,A17
LA_E_6095127,1,ulaw,A14
LA_E_6095748,1,ulaw,A17
LA_E_6096484,1,none,A19
LA_E_6096591,1,g722,A08
LA_E_6097219,1,pstn,A14
LA_E_6097428,1,ulaw,A18
LA_E_6097635,1,g722,A14
LA_E_6097771,1,g722,A18
LA_E_6097790,1,none,A11
LA_E_6097930,1,alaw,A14
LA_E_6097951,1,none,A11
LA_E_6098085,0,ulaw,bonafide
LA_E_6098398,1,none,A16
LA_E_6098564,1,opus,A14
LA_E_6098680,1,alaw,A10
LA_E_6098923,1,alaw,A12
LA_E_6099053,1,none,A10
LA_E_6099072,1,g722,A12
LA_E_6099525,1,none,A08
LA_E_6099653,1,alaw,A15
LA_E_6099932,1,none,A12
LA_E_6100310,1,alaw,A16
LA_E_6100330,1,ulaw,A18
LA_E_6100379,1,opus,A11
LA_E_6100651,1,gsm,A12
LA_E_6100740,1,alaw,A07
LA_E_6100924,1,opus,A15
LA_E_6101189,1,pstn,A11
LA_E_6101212,1,g722,A12
LA_E_6101295,1,g722,A18
LA_E_6101419,1,pstn,A07
LA_E_6101468,1,gsm,A11
LA_E_6101485,1,opus,A09
LA_E_6101751,1,ulaw,A16
LA_E_6101875,1,gsm,A11
LA_E_6102054,1,alaw,A13
LA_E_6102122,0,pstn,bonafide
LA_E_6102877,1,none,A17
LA_E_6103790,1,opus,A10
LA_E_6103891,1,opus,A11
LA_E_6104364,1,opus,A08
LA_E_6104772,1,pstn,A13
LA_E_6105084,1,pstn,A15
LA_E_6105100,1,opus,A08
LA_E_6105142,1,alaw,A12
LA_E_6105177,1,gsm,A14
LA_E_6105337,0,opus,bonafide
LA_E_6105410,1,pstn,A19
LA_E_6105971,1,ulaw,A13
LA_E_6106052,1,ulaw,A08
LA_E_6106740,0,alaw,bonafide
LA_E_6106999,1,g722,A08
LA_E_6107045,1,g722,A07
LA_E_6107048,1,alaw,A09
LA_E_6107092,1,none,A18
LA_E_6108023,1,g722,A19
LA_E_6108267,1,alaw,A08
LA_E_6108276,1,alaw,A14
LA_E_6108299,1,pstn,A18
LA_E_6108370,1,pstn,A18
LA_E_6108494,1,gsm,A15
LA_E_6108515,1,gsm,A15
LA_E_6108670,1,none,A11
LA_E_6108820,1,ulaw,A18
LA_E_6109163,1,ulaw,A14
LA_E_6109714,1,gsm,A13
LA_E_6109754,1,pstn,A12
LA_E_6109877,1,pstn,A16
LA_E_6110068,1,ulaw,A11
LA_E_6110124,1,gsm,A13
LA_E_6110497,1,pstn,A08
LA_E_6110561,1,opus,A08
LA_E_6110611,1,g722,A16
LA_E_6110676,1,gsm,A07
LA_E_6110964,1,opus,A17
LA_E_6111029,1,alaw,A17
LA_E_6111138,1,alaw,A15
LA_E_6111202,1,alaw,A12
LA_E_6111321,1,alaw,A14
LA_E_6111396,0,none,bonafide
LA_E_6111591,1,opus,A08
LA_E_6111909,1,pstn,A19
LA_E_6111932,0,ulaw,bonafide
LA_E_6111937,1,ulaw,A14
LA_E_6111940,1,gsm,A19
LA_E_6112090,1,opus,A14
LA_E_6112183,1,opus,A16
LA_E_6112223,1,opus,A15
LA_E_6112341,1,gsm,A10
LA_E_6112706,0,pstn,bonafide
LA_E_6112717,1,pstn,A09
LA_E_6112826,1,g722,A12
LA_E_6113281,0,opus,bonafide
LA_E_6113463,1,g722,A16
LA_E_6113594,1,g722,A07
LA_E_6113602,1,alaw,A07
LA_E_6114699,1,ulaw,A16
LA_E_6115118,1,ulaw,A13
LA_E_6115293,1,none,A18
LA_E_6116509,1,g722,A16
LA_E_6116684,1,none,A16
LA_E_6116951,1,pstn,A15
LA_E_6117144,1,none,A17
LA_E_6117311,0,ulaw,bonafide
LA_E_6117806,1,alaw,A17
LA_E_6118193,1,pstn,A16
LA_E_6118375,1,opus,A11
LA_E_6118509,1,opus,A14
LA_E_6119510,1,none,A09
LA_E_6119758,1,opus,A11
LA_E_6120011,1,pstn,A13
LA_E_6120115,1,none,A18
LA_E_6120380,0,ulaw,bonafide
LA_E_6120452,1,alaw,A13
LA_E_6120457,0,alaw,bonafide
LA_E_6120576,1,opus,A09
LA_E_6120702,1,none,A10
LA_E_6121684,1,opus,A10
LA_E_6121802,1,pstn,A12
LA_E_6121812,1,g722,A18
LA_E_6121895,0,alaw,bonafide
LA_E_6122208,1,ulaw,A15
LA_E_6122373,1,pstn,A11
LA_E_6122849,1,pstn,A16
LA_E_6122865,1,ulaw,A14
LA_E_6123456,1,opus,A10
LA_E_6124470,0,pstn,bonafide
LA_E_6124490,1,pstn,A17
LA_E_6125253,1,pstn,A16
LA_E_6125294,1,gsm,A17
LA_E_6125343,1,ulaw,A08
LA_E_6125413,1,pstn,A15
LA_E_6125495,1,pstn,A11
LA_E_6125519,1,opus,A13
LA_E_6125570,1,pstn,A07
LA_E_6125868,1,alaw,A08
LA_E_6126537,1,ulaw,A12
LA_E_6126597,0,g722,bonafide
LA_E_6127318,1,ulaw,A13
LA_E_6127365,1,g722,A08
LA_E_6127691,1,gsm,A07
LA_E_6127728,1,gsm,A13
LA_E_6127796,1,g722,A16
LA_E_6127808,1,ulaw,A15
LA_E_6127853,1,g722,A16
LA_E_6127911,1,alaw,A14
LA_E_6128751,0,gsm,bonafide
LA_E_6129093,1,gsm,A08
LA_E_6129350,1,gsm,A07
LA_E_6129376,0,ulaw,bonafide
LA_E_6129605,1,g722,A18
LA_E_6129690,1,alaw,A17
LA_E_6129797,1,ulaw,A19
LA_E_6129905,1,ulaw,A12
LA_E_6129963,1,g722,A14
LA_E_6130939,0,g722,bonafide
LA_E_6131000,1,none,A17
LA_E_6131219,1,gsm,A08
LA_E_6131383,1,opus,A12
LA_E_6131449,1,ulaw,A08
LA_E_6131590,1,none,A14
LA_E_6131770,1,pstn,A19
LA_E_6131919,1,opus,A07
LA_E_6132364,1,none,A09
LA_E_6132673,1,alaw,A08
LA_E_6132674,1,gsm,A12
LA_E_6133617,1,pstn,A13
LA_E_6133682,1,gsm,A09
LA_E_6133803,0,ulaw,bonafide
LA_E_6135124,1,g722,A12
LA_E_6135165,1,gsm,A17
LA_E_6135212,1,opus,A19
LA_E_6135217,1,pstn,A09
LA_E_6135484,1,gsm,A07
LA_E_6135781,1,opus,A19
LA_E_6135954,1,g722,A10
LA_E_6135964,1,pstn,A11
LA_E_6136044,1,ulaw,A17
LA_E_6136493,1,pstn,A14
LA_E_6136728,1,gsm,A07
LA_E_6137079,1,ulaw,A18
LA_E_6137143,1,alaw,A16
LA_E_6137440,1,gsm,A11
LA_E_6138748,1,gsm,A17
LA_E_6139978,0,g722,bonafide
LA_E_6140171,1,gsm,A15
LA_E_6140834,1,g722,A12
LA_E_6141144,1,none,A17
LA_E_6141328,1,g722,A11
LA_E_6141348,1,pstn,A08
LA_E_6141390,1,opus,A13
LA_E_6141743,0,gsm,bonafide
LA_E_6142199,0,pstn,bonafide
LA_E_6142740,1,opus,A07
LA_E_6142743,1,opus,A13
LA_E_6142772,1,none,A09
LA_E_6142784,1,g722,A08
LA_E_6142922,0,opus,bonafide
LA_E_6143273,1,pstn,A09
LA_E_6143518,1,alaw,A11
LA_E_6143815,1,gsm,A18
LA_E_6143955,1,alaw,A16
LA_E_6145465,1,gsm,A19
LA_E_6145514,1,gsm,A11
LA_E_6146260,1,alaw,A13
LA_E_6147298,1,g722,A16
LA_E_6147426,1,opus,A10
LA_E_6147521,1,pstn,A16
LA_E_6147620,0,gsm,bonafide
LA_E_6147691,1,alaw,A14
LA_E_6147743,1,g722,A14
LA_E_6148042,1,ulaw,A12
LA_E_6148093,1,pstn,A08
LA_E_6149313,1,pstn,A19
LA_E_6149537,1,pstn,A15
LA_E_6149721,1,gsm,A13
LA_E_6150026,1,gsm,A11
LA_E_6150235,1,pstn,A08
LA_E_6150612,1,gsm,A19
LA_E_6151311,1,opus,A12
LA_E_6151385,1,ulaw,A07
LA_E_6151655,1,none,A14
LA_E_6151660,1,ulaw,A15
LA_E_6151730,0,none,bonafide
LA_E_6151839,1,ulaw,A15
LA_E_6151935,1,ulaw,A12
LA_E_6152518,0,pstn,bonafide
LA_E_6153174,1,pstn,A19
LA_E_6153544,1,opus,A08
LA_E_6153567,0,g722,bonafide
LA_E_6153793,1,pstn,A07
LA_E_6154089,1,none,A13
LA_E_6154991,0,g722,bonafide
LA_E_6155312,1,gsm,A18
LA_E_6155764,1,opus,A16
LA_E_6155767,0,ulaw,bonafide
LA_E_6155817,1,gsm,A09
LA_E_6156050,1,ulaw,A12
LA_E_6156482,1,ulaw,A17
LA_E_6157014,0,opus,bonafide
LA_E_6157204,0,ulaw,bonafide
LA_E_6157247,1,opus,A13
LA_E_6157829,1,none,A14
LA_E_6158330,0,gsm,bonafide
LA_E_6158427,1,none,A14
LA_E_6158449,1,none,A16
LA_E_6159408,1,opus,A07
LA_E_6159417,1,none,A08
LA_E_6159760,1,g722,A18
LA_E_6159978,1,g722,A10
LA_E_6160082,1,none,A13
LA_E_6160421,1,ulaw,A17
LA_E_6160932,1,opus,A09
LA_E_6161105,1,opus,A13
LA_E_6161218,1,g722,A16
LA_E_6161358,1,gsm,A11
LA_E_6161463,1,g722,A14
LA_E_6161552,1,pstn,A19
LA_E_6161910,1,pstn,A08
LA_E_6162519,1,ulaw,A15
LA_E_6162636,1,opus,A09
LA_E_6162729,1,alaw,A07
LA_E_6162735,1,gsm,A10
LA_E_6163731,1,ulaw,A16
LA_E_6163742,0,alaw,bonafide
LA_E_6163890,1,opus,A11
LA_E_6164304,1,ulaw,A11
LA_E_6164385,1,g722,A08
LA_E_6164492,1,alaw,A16
LA_E_6164501,1,none,A12
LA_E_6165018,0,none,bonafide
LA_E_6165148,1,opus,A12
LA_E_6165506,1,opus,A17
LA_E_6165712,1,ulaw,A11
LA_E_6167059,1,g722,A16
LA_E_6167135,1,gsm,A17
LA_E_6167247,1,alaw,A19
LA_E_6167431,1,g722,A12
LA_E_6167455,1,alaw,A11
LA_E_6167763,1,gsm,A19
LA_E_6167827,1,gsm,A11
LA_E_6168299,1,pstn,A16
LA_E_6168567,1,ulaw,A10
LA_E_6168832,1,ulaw,A10
LA_E_6168835,1,alaw,A11
LA_E_6169319,1,g722,A08
LA_E_6169899,1,opus,A11
LA_E_6170137,1,ulaw,A10
LA_E_6170612,1,alaw,A16
LA_E_6170803,1,gsm,A13
LA_E_6170805,1,ulaw,A11
LA_E_6170811,1,opus,A15
LA_E_6170840,1,gsm,A16
LA_E_6170905,1,g722,A14
LA_E_6171128,1,ulaw,A08
LA_E_6171990,1,alaw,A10
LA_E_6173257,1,pstn,A16
LA_E_6173271,1,alaw,A19
LA_E_6173613,1,ulaw,A17
LA_E_6173684,1,gsm,A08
LA_E_6174488,1,gsm,A14
LA_E_6175626,0,opus,bonafide
LA_E_6175714,1,gsm,A12
LA_E_6175734,1,ulaw,A07
LA_E_6175770,1,gsm,A10
LA_E_6176654,1,g722,A14
LA_E_6176896,1,alaw,A16
LA_E_6177680,1,none,A09
LA_E_6177776,1,ulaw,A07
LA_E_6177854,0,ulaw,bonafide
LA_E_6177953,1,pstn,A19
LA_E_6178633,1,pstn,A13
LA_E_6178784,1,gsm,A17
LA_E_6178857,1,none,A13
LA_E_6179429,1,ulaw,A13
LA_E_6179636,1,gsm,A09
LA_E_6180261,1,none,A12
LA_E_6180394,0,ulaw,bonafide
LA_E_6180501,1,none,A18
LA_E_6180966,1,g722,A12
LA_E_6181296,0,g722,bonafide
LA_E_6181652,1,ulaw,A17
LA_E_6182085,1,alaw,A09
LA_E_6182800,1,none,A18
LA_E_6182893,1,opus,A07
LA_E_6183279,1,opus,A09
LA_E_6183312,1,ulaw,A12
LA_E_6183674,1,opus,A09
LA_E_6183859,1,opus,A12
LA_E_6183971,1,ulaw,A09
LA_E_6184347,1,pstn,A14
LA_E_6184420,1,alaw,A17
LA_E_6184518,1,alaw,A07
LA_E_6184521,1,alaw,A12
LA_E_6184827,1,ulaw,A13
LA_E_6185902,0,opus,bonafide
LA_E_6186417,0,opus,bonafide
LA_E_6186460,1,opus,A15
LA_E_6186572,0,pstn,bonafide
LA_E_6186954,1,opus,A17
LA_E_6187014,1,pstn,A17
LA_E_6187389,1,ulaw,A10
LA_E_6187557,1,g722,A12
LA_E_6187682,1,gsm,A12
LA_E_6187707,1,ulaw,A08
LA_E_6187871,1,gsm,A07
LA_E_6187925,1,g722,A11
LA_E_6188040,1,gsm,A14
LA_E_6188334,1,ulaw,A11
LA_E_6188969,1,none,A17
LA_E_6189172,1,opus,A14
LA_E_6189410,1,g722,A10
LA_E_6190470,1,gsm,A16
LA_E_6190479,1,gsm,A15
LA_E_6190543,1,g722,A14
LA_E_6190837,1,alaw,A07
LA_E_6190896,1,ulaw,A17
LA_E_6191212,1,ulaw,A07
LA_E_6191343,1,opus,A10
LA_E_6191483,1,alaw,A16
LA_E_6191601,1,opus,A13
LA_E_6193285,1,alaw,A17
LA_E_6193482,1,alaw,A10
LA_E_6193503,1,none,A15
LA_E_6193814,1,pstn,A11
LA_E_6194165,1,opus,A19
LA_E_6194298,1,opus,A18
LA_E_6194380,1,alaw,A19
LA_E_6194402,1,none,A09
LA_E_6194490,1,alaw,A09
LA_E_6194518,1,g722,A11
LA_E_6194676,1,opus,A09
LA_E_6194743,1,pstn,A08
LA_E_6194857,1,gsm,A07
LA_E_6194970,1,opus,A19
LA_E_6195064,1,none,A18
LA_E_6195238,1,gsm,A18
LA_E_6195472,1,alaw,A17
LA_E_6195789,1,gsm,A18
LA_E_6195792,1,ulaw,A15
LA_E_6195953,1,gsm,A15
LA_E_6196230,1,gsm,A08
LA_E_6196319,1,pstn,A11
LA_E_6196762,1,gsm,A16
LA_E_6197555,1,none,A08
LA_E_6197709,1,opus,A07
LA_E_6197787,1,g722,A10
LA_E_6198435,1,none,A08
LA_E_6198517,1,ulaw,A13
LA_E_6198894,0,alaw,bonafide
LA_E_6198972,1,opus,A12
LA_E_6199701,1,gsm,A12
LA_E_6199710,1,opus,A15
LA_E_6199716,1,ulaw,A12
LA_E_6200440,1,g722,A16
LA_E_6200686,1,pstn,A14
LA_E_6201036,1,opus,A13
LA_E_6201506,1,alaw,A16
LA_E_6201645,1,alaw,A11
LA_E_6202036,1,alaw,A08
LA_E_6202137,1,alaw,A15
LA_E_6202356,1,none,A08
LA_E_6202711,1,none,A07
LA_E_6202855,1,gsm,A11
LA_E_6202889,1,g722,A10
LA_E_6202898,1,g722,A19
LA_E_6203364,1,pstn,A09
LA_E_6203753,1,gsm,A07
LA_E_6203872,1,opus,A17
LA_E_6204046,1,gsm,A12
LA_E_6204259,1,gsm,A07
LA_E_6204276,1,alaw,A11
LA_E_6204389,1,none,A08
LA_E_6204801,1,opus,A15
LA_E_6205592,1,g722,A13
LA_E_6205648,1,none,A07
LA_E_6205773,1,none,A08
LA_E_6205917,1,pstn,A11
LA_E_6206269,1,gsm,A15
LA_E_6207032,1,none,A15
LA_E_6207193,1,ulaw,A13
LA_E_6207266,1,pstn,A15
LA_E_6207868,1,ulaw,A11
LA_E_6208708,1,g722,A12
LA_E_6209830,0,g722,bonafide
LA_E_6209945,1,g722,A11
LA_E_6210006,1,alaw,A09
LA_E_6210160,1,opus,A15
LA_E_6210333,1,g722,A09
LA_E_6210545,0,gsm,bonafide
LA_E_6210547,1,alaw,A09
LA_E_6210855,1,gsm,A15
LA_E_6210897,1,gsm,A09
LA_E_6211074,1,ulaw,A14
LA_E_6211080,1,opus,A16
LA_E_6211509,1,gsm,A16
LA_E_6211514,1,ulaw,A16
LA_E_6211761,1,gsm,A13
LA_E_6212242,1,opus,A08
LA_E_6212526,1,g722,A13
LA_E_6213005,1,pstn,A07
LA_E_6213149,1,ulaw,A07
LA_E_6213205,1,ulaw,A07
LA_E_6213772,1,gsm,A17
LA_E_6213841,1,alaw,A10
LA_E_6213906,0,pstn,bonafide
LA_E_6213969,1,pstn,A09
LA_E_6213994,1,g722,A15
LA_E_6214073,1,g722,A14
LA_E_6214151,1,none,A11
LA_E_6214241,1,ulaw,A12
LA_E_6214259,1,pstn,A07
LA_E_6214404,1,ulaw,A08
LA_E_6214477,1,g722,A16
LA_E_6214560,1,g722,A13
LA_E_6214636,1,pstn,A17
LA_E_6215138,1,ulaw,A14
LA_E_6215322,1,opus,A17
LA_E_6215368,1,g722,A10
LA_E_6215668,1,alaw,A16
LA_E_6215766,1,none,A07
LA_E_6215805,1,opus,A15
LA_E_6216394,1,g722,A12
LA_E_6217136,1,gsm,A09
LA_E_6217259,1,opus,A12
LA_E_6217272,1,g722,A09
LA_E_6217341,1,opus,A18
LA_E_6217547,1,none,A14
LA_E_6218027,1,g722,A13
LA_E_6218293,1,gsm,A16
LA_E_6218576,1,ulaw,A07
LA_E_6218585,1,g722,A11
LA_E_6218669,1,opus,A12
LA_E_6218769,1,opus,A17
LA_E_6219264,0,ulaw,bonafide
LA_E_6219549,1,alaw,A08
LA_E_6219666,1,none,A16
LA_E_6219703,1,none,A18
LA_E_6219748,1,g722,A16
LA_E_6219984,1,pstn,A11
LA_E_6220876,1,alaw,A10
LA_E_6220926,1,gsm,A07
LA_E_6221042,1,opus,A13
LA_E_6221532,1,gsm,A10
LA_E_6221560,1,ulaw,A09
LA_E_6221692,1,ulaw,A15
LA_E_6222303,1,pstn,A09
LA_E_6222316,1,gsm,A09
LA_E_6222555,1,g722,A13
LA_E_6222796,1,none,A16
LA_E_6223302,1,pstn,A12
LA_E_6223414,1,ulaw,A14
LA_E_6224570,1,gsm,A17
LA_E_6224811,1,alaw,A16
LA_E_6224828,0,alaw,bonafide
LA_E_6225268,1,gsm,A10
LA_E_6225269,1,pstn,A10
LA_E_6225545,1,opus,A10
LA_E_6225844,1,pstn,A16
LA_E_6225952,1,gsm,A12
LA_E_6226188,1,ulaw,A17
LA_E_6226534,1,pstn,A17
LA_E_6226548,1,g722,A13
LA_E_6227187,1,gsm,A18
LA_E_6227268,1,g722,A09
LA_E_6227349,1,gsm,A11
LA_E_6227715,1,g722,A12
LA_E_6227932,1,gsm,A08
LA_E_6228078,1,pstn,A16
LA_E_6228425,0,gsm,bonafide
LA_E_6228479,1,gsm,A08
LA_E_6229115,1,alaw,A13
LA_E_6229732,1,opus,A08
LA_E_6230416,1,g722,A09
LA_E_6231277,1,pstn,A12
LA_E_6231513,1,opus,A17
LA_E_6232338,1,ulaw,A13
LA_E_6232413,1,opus,A13
LA_E_6232494,1,opus,A17
LA_E_6232675,0,gsm,bonafide
LA_E_6232857,1,g722,A12
LA_E_6233332,1,g722,A15
LA_E_6233462,1,gsm,A15
LA_E_6234249,1,g722,A09
LA_E_6234327,1,gsm,A13
LA_E_6234600,1,opus,A18
LA_E_6234630,1,ulaw,A07
LA_E_6234756,1,ulaw,A11
LA_E_6234855,1,none,A07
LA_E_6235257,1,ulaw,A08
LA_E_6235333,1,pstn,A17
LA_E_6236275,1,ulaw,A14
LA_E_6236349,0,pstn,bonafide
LA_E_6237015,1,alaw,A09
LA_E_6237056,1,alaw,A17
LA_E_6237724,1,opus,A10
LA_E_6237819,0,pstn,bonafide
LA_E_6237960,1,opus,A13
LA_E_6238374,0,alaw,bonafide
LA_E_6238452,1,ulaw,A13
LA_E_6238964,1,opus,A07
LA_E_6239141,1,g722,A10
LA_E_6239444,1,gsm,A11
LA_E_6239747,1,none,A16
LA_E_6239928,1,alaw,A14
LA_E_6239984,1,pstn,A16
LA_E_6240004,0,g722,bonafide
LA_E_6240063,1,ulaw,A14
LA_E_6240286,1,opus,A11
LA_E_6240585,1,opus,A09
LA_E_6240620,1,none,A18
LA_E_6240663,1,ulaw,A19
LA_E_6241241,1,ulaw,A12
LA_E_6241543,1,gsm,A13
LA_E_6241650,1,opus,A15
LA_E_6241784,1,pstn,A16
LA_E_6242264,1,gsm,A19
LA_E_6242271,1,opus,A18
LA_E_6242287,1,gsm,A11
LA_E_6242408,1,none,A18
LA_E_6242602,1,pstn,A08
LA_E_6242647,1,none,A19
LA_E_6243132,1,g722,A15
LA_E_6243216,1,pstn,A19
LA_E_6243699,1,g722,A17
LA_E_6243849,1,ulaw,A07
LA_E_6243905,1,opus,A13
LA_E_6243980,0,gsm,bonafide
LA_E_6244234,1,pstn,A10
LA_E_6244706,1,gsm,A17
LA_E_6245032,1,alaw,A11
LA_E_6245270,1,gsm,A11
LA_E_6245636,1,alaw,A17
LA_E_6246082,1,gsm,A16
LA_E_6246091,0,alaw,bonafide
LA_E_6246294,1,none,A07
LA_E_6246469,1,ulaw,A19
LA_E_6246590,1,ulaw,A08
LA_E_6246893,1,alaw,A13
LA_E_6247014,1,gsm,A13
LA_E_6247124,1,gsm,A14
LA_E_6247161,1,opus,A08
LA_E_6247373,1,none,A16
LA_E_6247380,1,opus,A08
LA_E_6247723,1,none,A17
LA_E_6247733,1,pstn,A08
LA_E_6247735,1,none,A14
LA_E_6247935,1,ulaw,A16
LA_E_6248341,1,ulaw,A15
LA_E_6248756,1,alaw,A16
LA_E_6248862,1,gsm,A08
LA_E_6249064,1,none,A18
LA_E_6249204,1,pstn,A15
LA_E_6249235,1,gsm,A07
LA_E_6249257,1,ulaw,A13
LA_E_6249355,1,pstn,A15
LA_E_6249616,1,opus,A07
LA_E_6251299,1,g722,A08
LA_E_6251965,0,none,bonafide
LA_E_6252036,1,alaw,A16
LA_E_6252074,0,pstn,bonafide
LA_E_6252338,1,gsm,A16
LA_E_6252509,0,gsm,bonafide
LA_E_6253121,1,pstn,A11
LA_E_6253169,1,none,A17
LA_E_6253306,1,opus,A12
LA_E_6253472,1,ulaw,A15
LA_E_6253635,1,pstn,A07
LA_E_6253790,1,pstn,A08
LA_E_6255075,1,none,A16
LA_E_6255707,1,alaw,A11
LA_E_6255820,1,none,A14
LA_E_6255966,1,alaw,A14
LA_E_6256314,1,gsm,A19
LA_E_6256590,1,pstn,A14
LA_E_6256711,1,opus,A15
LA_E_6257691,1,opus,A12
LA_E_6258175,1,none,A19
LA_E_6258258,1,ulaw,A15
LA_E_6258367,1,gsm,A07
LA_E_6258427,1,alaw,A15
LA_E_6258624,0,g722,bonafide
LA_E_6258634,1,pstn,A15
LA_E_6258807,0,ulaw,bonafide
LA_E_6258811,1,g722,A07
LA_E_6259016,1,g722,A12
LA_E_6259149,1,opus,A15
LA_E_6259527,1,opus,A15
LA_E_6259589,1,pstn,A15
LA_E_6259664,1,ulaw,A17
LA_E_6260192,1,none,A12
LA_E_6260556,1,g722,A16
LA_E_6260861,1,alaw,A08
LA_E_6260972,0,none,bonafide
LA_E_6261245,1,gsm,A08
LA_E_6261610,1,pstn,A18
LA_E_6261908,1,ulaw,A14
LA_E_6262074,1,none,A12
LA_E_6262110,1,ulaw,A09
LA_E_6262221,1,gsm,A16
LA_E_6262554,1,gsm,A11
LA_E_6262900,0,ulaw,bonafide
LA_E_6263621,1,ulaw,A08
LA_E_6263665,1,ulaw,A10
LA_E_6263961,1,alaw,A18
LA_E_6264872,1,pstn,A19
LA_E_6265131,1,pstn,A16
LA_E_6265661,1,pstn,A18
LA_E_6265689,1,ulaw,A09
LA_E_6265702,1,opus,A14
LA_E_6265998,0,opus,bonafide
LA_E_6266306,1,opus,A17
LA_E_6266799,0,pstn,bonafide
LA_E_6267184,1,opus,A15
LA_E_6267747,1,ulaw,A15
LA_E_6268414,1,ulaw,A17
LA_E_6269352,1,g722,A09
LA_E_6269455,1,g722,A10
LA_E_6269541,1,none,A19
LA_E_6269705,1,opus,A19
LA_E_6269706,1,ulaw,A10
LA_E_6269835,1,pstn,A15
LA_E_6270003,1,none,A10
LA_E_6270204,1,pstn,A11
LA_E_6270479,1,ulaw,A08
LA_E_6270622,1,gsm,A11
LA_E_6270781,1,gsm,A13
LA_E_6270935,1,ulaw,A18
LA_E_6270999,1,g722,A10
LA_E_6271053,0,opus,bonafide
LA_E_6271114,1,ulaw,A14
LA_E_6271261,1,opus,A15
LA_E_6271649,1,gsm,A15
LA_E_6272094,1,gsm,A19
LA_E_6272401,1,g722,A15
LA_E_6272915,1,none,A18
LA_E_6272960,1,alaw,A15
LA_E_6273126,1,pstn,A15
LA_E_6273432,1,opus,A13
LA_E_6274124,1,none,A11
LA_E_6274355,1,pstn,A09
LA_E_6274590,1,alaw,A07
LA_E_6274635,0,none,bonafide
LA_E_6274823,1,alaw,A16
LA_E_6275059,1,g722,A15
LA_E_6275831,1,opus,A11
LA_E_6276214,1,none,A17
LA_E_6276387,1,gsm,A14
LA_E_6276605,1,alaw,A10
LA_E_6276631,1,none,A13
LA_E_6276773,1,pstn,A14
LA_E_6276912,1,gsm,A09
LA_E_6276940,1,pstn,A12
LA_E_6277078,1,ulaw,A11
LA_E_6278084,1,none,A15
LA_E_6278577,1,opus,A16
LA_E_6279396,1,ulaw,A08
LA_E_6279397,0,gsm,bonafide
LA_E_6279431,1,opus,A10
LA_E_6279749,1,pstn,A09
LA_E_6280237,0,alaw,bonafide
LA_E_6280264,1,ulaw,A15
LA_E_6280287,1,ulaw,A08
LA_E_6280499,1,none,A15
LA_E_6280983,1,opus,A08
LA_E_6281050,1,pstn,A07
LA_E_6281142,1,g722,A10
LA_E_6282123,1,ulaw,A07
LA_E_6282211,0,opus,bonafide
LA_E_6282534,1,pstn,A08
LA_E_6282706,1,none,A17
LA_E_6283479,0,ulaw,bonafide
LA_E_6283565,1,alaw,A19
LA_E_6283805,1,pstn,A18
LA_E_6284053,1,opus,A10
LA_E_6284216,0,pstn,bonafide
LA_E_6284234,1,g722,A17
LA_E_6284596,1,none,A10
LA_E_6284713,1,opus,A16
LA_E_6284883,1,alaw,A16
LA_E_6285014,1,none,A18
LA_E_6285245,1,alaw,A16
LA_E_6285404,0,opus,bonafide
LA_E_6285514,1,alaw,A14
LA_E_6285851,1,gsm,A18
LA_E_6286013,0,pstn,bonafide
LA_E_6286054,1,opus,A07
LA_E_6286128,1,opus,A16
LA_E_6286461,1,g722,A12
LA_E_6286849,1,ulaw,A07
LA_E_6286991,1,alaw,A15
LA_E_6287156,1,g722,A15
LA_E_6287724,1,gsm,A09
LA_E_6287988,1,opus,A09
LA_E_6288059,0,pstn,bonafide
LA_E_6288175,1,alaw,A16
LA_E_6288494,1,gsm,A11
LA_E_6288803,1,pstn,A11
LA_E_6289440,1,alaw,A19
LA_E_6290407,1,ulaw,A09
LA_E_6291005,1,gsm,A18
LA_E_6291134,1,pstn,A16
LA_E_6291365,1,alaw,A14
LA_E_6291428,1,ulaw,A08
LA_E_6291442,1,none,A09
LA_E_6291653,1,pstn,A16
LA_E_6291962,1,ulaw,A15
LA_E_6292213,1,opus,A10
LA_E_6292639,1,none,A12
LA_E_6292649,0,none,bonafide
LA_E_6292685,1,gsm,A15
LA_E_6292695,1,ulaw,A10
LA_E_6293270,1,opus,A17
LA_E_6293299,1,opus,A12
LA_E_6293428,1,gsm,A07
LA_E_6293571,1,gsm,A13
LA_E_6293644,1,alaw,A16
LA_E_6293738,1,g722,A11
LA_E_6293767,1,opus,A10
LA_E_6293811,1,gsm,A13
LA_E_6293961,1,gsm,A07
LA_E_6294020,1,g722,A09
LA_E_6294588,1,ulaw,A15
LA_E_6294919,1,opus,A19
LA_E_6295676,1,opus,A08
LA_E_6295845,1,ulaw,A17
LA_E_6296418,1,none,A15
LA_E_6296562,1,ulaw,A09
LA_E_6297222,0,opus,bonafide
LA_E_6298059,1,g722,A10
LA_E_6298275,1,alaw,A15
LA_E_6298696,1,opus,A16
LA_E_6298712,1,ulaw,A18
LA_E_6299053,1,g722,A13
LA_E_6299510,1,alaw,A15
LA_E_6299765,1,g722,A13
LA_E_6300323,1,gsm,A12
LA_E_6300342,1,alaw,A15
LA_E_6301691,1,opus,A09
LA_E_6302763,1,opus,A19
LA_E_6303004,0,gsm,bonafide
LA_E_6303516,1,opus,A15
LA_E_6303895,1,alaw,A13
LA_E_6303937,1,none,A19
LA_E_6304355,1,gsm,A08
LA_E_6304989,1,alaw,A18
LA_E_6305011,1,opus,A18
LA_E_6305351,1,alaw,A16
LA_E_6305771,1,ulaw,A16
LA_E_6305860,1,none,A19
LA_E_6306009,1,none,A13
LA_E_6306237,1,gsm,A10
LA_E_6306401,0,opus,bonafide
LA_E_6307126,1,opus,A15
LA_E_6307491,1,gsm,A19
LA_E_6307731,1,ulaw,A15
LA_E_6307920,1,ulaw,A11
LA_E_6307930,1,pstn,A09
LA_E_6307967,1,g722,A19
LA_E_6308375,1,g722,A19
LA_E_6308566,1,gsm,A09
LA_E_6308576,1,gsm,A13
LA_E_6308620,1,gsm,A14
LA_E_6308772,1,g722,A12
LA_E_6308934,1,opus,A10
LA_E_6309830,1,none,A07
LA_E_6310505,1,g722,A19
LA_E_6311304,1,ulaw,A10
LA_E_6311903,1,gsm,A17
LA_E_6311904,1,g722,A09
LA_E_6312008,1,g722,A08
LA_E_6312208,1,pstn,A16
LA_E_6312231,1,opus,A10
LA_E_6312526,1,alaw,A19
LA_E_6312532,0,ulaw,bonafide
LA_E_6312623,1,gsm,A10
LA_E_6313507,1,g722,A15
LA_E_6313592,1,pstn,A16
LA_E_6314377,1,none,A07
LA_E_6314490,1,none,A12
LA_E_6314736,1,alaw,A11
LA_E_6315031,1,opus,A08
LA_E_6315436,1,alaw,A09
LA_E_6315514,0,gsm,bonafide
LA_E_6316002,1,none,A14
LA_E_6316051,1,g722,A19
LA_E_6316076,1,opus,A19
LA_E_6316606,1,none,A09
LA_E_6317618,1,ulaw,A07
LA_E_6317663,1,gsm,A08
LA_E_6318868,1,ulaw,A09
LA_E_6318986,1,pstn,A12
LA_E_6319766,0,opus,bonafide
LA_E_6320233,1,g722,A19
LA_E_6320446,1,none,A11
LA_E_6320598,1,opus,A19
LA_E_6320617,1,ulaw,A14
LA_E_6320755,1,none,A09
LA_E_6320791,1,ulaw,A08
LA_E_6321207,1,pstn,A12
LA_E_6321496,1,ulaw,A16
LA_E_6321635,1,none,A17
LA_E_6321681,1,opus,A14
LA_E_6321824,1,gsm,A15
LA_E_6322042,1,alaw,A14
LA_E_6322162,1,opus,A11
LA_E_6322551,1,opus,A15
LA_E_6323076,1,gsm,A12
LA_E_6323287,1,gsm,A12
LA_E_6323605,1,none,A14
LA_E_6324284,1,pstn,A19
LA_E_6324767,1,alaw,A13
LA_E_6324863,1,pstn,A08
LA_E_6325115,1,gsm,A19
LA_E_6325597,1,ulaw,A14
LA_E_6325626,1,opus,A09
LA_E_6325891,1,ulaw,A18
LA_E_6326784,1,gsm,A15
LA_E_6326813,1,pstn,A14
LA_E_6326965,1,alaw,A13
LA_E_6327102,1,gsm,A09
LA_E_6327748,1,alaw,A13
LA_E_6327868,1,opus,A19
LA_E_6327882,1,gsm,A14
LA_E_6328515,1,g722,A09
LA_E_6328653,1,ulaw,A16
LA_E_6329322,1,none,A12
LA_E_6329790,1,none,A13
LA_E_6330020,1,pstn,A16
LA_E_6330649,0,alaw,bonafide
LA_E_6330824,1,alaw,A16
LA_E_6330877,1,alaw,A17
LA_E_6330907,1,pstn,A07
LA_E_6331367,1,alaw,A16
LA_E_6331592,1,opus,A14
LA_E_6331742,1,alaw,A11
LA_E_6331876,1,none,A10
LA_E_6332010,1,ulaw,A07
LA_E_6332855,1,opus,A13
LA_E_6333352,1,gsm,A10
LA_E_6333744,0,none,bonafide
LA_E_6334135,0,pstn,bonafide
LA_E_6334572,1,gsm,A10
LA_E_6334745,0,alaw,bonafide
LA_E_6335103,1,alaw,A09
LA_E_6335214,1,opus,A10
LA_E_6336023,1,none,A15
LA_E_6336439,1,ulaw,A11
LA_E_6336478,0,ulaw,bonafide
LA_E_6337350,0,g722,bonafide
LA_E_6337638,1,none,A14
LA_E_6337954,1,g722,A18
LA_E_6338327,1,gsm,A12
LA_E_6338433,1,none,A10
LA_E_6338695,1,alaw,A11
LA_E_6338979,1,opus,A11
LA_E_6339955,1,opus,A19
LA_E_6340161,1,ulaw,A09
LA_E_6340755,1,pstn,A18
LA_E_6341060,1,alaw,A09
LA_E_6341258,1,alaw,A12
LA_E_6341532,0,pstn,bonafide
LA_E_6341748,1,ulaw,A11
LA_E_6341796,1,ulaw,A16
LA_E_6342756,0,ulaw,bonafide
LA_E_6343004,0,opus,bonafide
LA_E_6343108,1,ulaw,A14
LA_E_6343189,1,pstn,A09
LA_E_6343318,1,ulaw,A07
LA_E_6343358,1,gsm,A14
LA_E_6343628,1,gsm,A19
LA_E_6344287,0,ulaw,bonafide
LA_E_6344460,1,ulaw,A18
LA_E_6344815,1,opus,A11
LA_E_6344885,1,pstn,A11
LA_E_6344902,1,none,A17
LA_E_6344975,1,opus,A18
LA_E_6344992,1,pstn,A13
LA_E_6345025,1,ulaw,A17
LA_E_6345206,1,ulaw,A07
LA_E_6345356,1,pstn,A12
LA_E_6345683,1,pstn,A16
LA_E_6345704,1,pstn,A19
LA_E_6345780,1,alaw,A19
LA_E_6345841,1,ulaw,A17
LA_E_6346001,1,opus,A18
LA_E_6348386,1,opus,A13
LA_E_6349291,1,gsm,A14
LA_E_6349348,1,gsm,A07
LA_E_6350197,1,ulaw,A17
LA_E_6350662,0,g722,bonafide
LA_E_6351376,1,opus,A11
LA_E_6351473,1,alaw,A18
LA_E_6351539,1,ulaw,A07
LA_E_6351819,1,opus,A09
LA_E_6351903,1,pstn,A15
LA_E_6351968,1,gsm,A08
LA_E_6352066,1,none,A14
LA_E_6352397,1,g722,A11
LA_E_6352538,1,ulaw,A14
LA_E_6352901,1,g722,A11
LA_E_6353228,1,g722,A12
LA_E_6353295,1,opus,A10
LA_E_6353351,1,opus,A11
LA_E_6353630,1,none,A17
LA_E_6353749,1,none,A19
LA_E_6354253,1,gsm,A17
LA_E_6354533,1,ulaw,A11
LA_E_6355110,1,gsm,A09
LA_E_6356177,1,alaw,A13
LA_E_6356413,1,ulaw,A14
LA_E_6356895,1,pstn,A18
LA_E_6356967,1,pstn,A12
LA_E_6357209,1,gsm,A08
LA_E_6357358,1,ulaw,A18
LA_E_6357611,1,gsm,A19
LA_E_6357652,1,gsm,A16
LA_E_6358159,1,none,A09
LA_E_6358773,1,gsm,A15
LA_E_6359093,0,gsm,bonafide
LA_E_6359324,1,g722,A15
LA_E_6360049,1,pstn,A09
LA_E_6360780,1,gsm,A18
LA_E_6361336,1,pstn,A16
LA_E_6361599,1,opus,A15
LA_E_6361741,1,ulaw,A17
LA_E_6361862,1,alaw,A19
LA_E_6362663,1,alaw,A15
LA_E_6362839,1,alaw,A18
LA_E_6362871,1,alaw,A18
LA_E_6363020,1,opus,A10
LA_E_6363168,1,gsm,A07
LA_E_6363238,1,gsm,A15
LA_E_6363789,1,alaw,A08
LA_E_6363853,0,none,bonafide
LA_E_6363879,1,pstn,A13
LA_E_6364148,1,g722,A12
LA_E_6364352,0,gsm,bonafide
LA_E_6364432,1,none,A18
LA_E_6364911,1,g722,A14
LA_E_6365281,0,none,bonafide
LA_E_6365513,1,pstn,A17
LA_E_6366298,1,none,A18
LA_E_6366536,0,pstn,bonafide
LA_E_6367371,1,alaw,A17
LA_E_6367804,1,gsm,A11
LA_E_6368071,1,ulaw,A08
LA_E_6368221,1,alaw,A18
LA_E_6368690,1,opus,A15
LA_E_6368955,1,gsm,A08
LA_E_6369101,1,ulaw,A18
LA_E_6369304,1,g722,A18
LA_E_6369369,1,g722,A16
LA_E_6369477,0,gsm,bonafide
LA_E_6369677,1,gsm,A11
LA_E_6369876,1,gsm,A09
LA_E_6370034,1,pstn,A14
LA_E_6370149,1,alaw,A17
LA_E_6370300,1,opus,A13
LA_E_6370543,1,g722,A15
LA_E_6370710,1,gsm,A09
LA_E_6371252,1,gsm,A16
LA_E_6371538,1,g722,A16
LA_E_6371738,1,gsm,A18
LA_E_6371750,1,gsm,A16
LA_E_6372002,1,ulaw,A11
LA_E_6372149,1,g722,A16
LA_E_6372501,1,opus,A07
LA_E_6372511,1,g722,A19
LA_E_6372909,1,pstn,A19
LA_E_6372938,1,ulaw,A19
LA_E_6374045,1,ulaw,A10
LA_E_6374799,1,g722,A16
LA_E_6375011,1,ulaw,A07
LA_E_6375361,1,pstn,A18
LA_E_6376126,0,gsm,bonafide
LA_E_6376339,1,gsm,A10
LA_E_6376442,1,pstn,A17
LA_E_6376730,1,g722,A14
LA_E_6377109,1,none,A14
LA_E_6377168,0,gsm,bonafide
LA_E_6377399,1,ulaw,A08
LA_E_6377602,1,pstn,A17
LA_E_6377835,0,gsm,bonafide
LA_E_6379195,1,opus,A16
LA_E_6379530,1,g722,A11
LA_E_6379532,0,alaw,bonafide
LA_E_6379779,1,gsm,A10
LA_E_6379886,1,none,A11
LA_E_6380008,1,opus,A14
LA_E_6380040,1,ulaw,A18
LA_E_6380116,1,opus,A17
LA_E_6380128,1,gsm,A15
LA_E_6381144,1,gsm,A09
LA_E_6381356,1,opus,A12
LA_E_6381384,1,gsm,A12
LA_E_6381409,1,opus,A12
LA_E_6381517,1,alaw,A07
LA_E_6382153,0,alaw,bonafide
LA_E_6382602,1,opus,A16
LA_E_6382917,1,opus,A07
LA_E_6383065,1,opus,A08
LA_E_6383613,1,g722,A12
LA_E_6383719,1,g722,A11
LA_E_6384045,1,opus,A16
LA_E_6384254,1,none,A19
LA_E_6384282,1,g722,A13
LA_E_6384532,1,ulaw,A16
LA_E_6384810,0,pstn,bonafide
LA_E_6385047,1,none,A13
LA_E_6385142,1,g722,A12
LA_E_6385688,1,ulaw,A16
LA_E_6386051,0,gsm,bonafide
LA_E_6386171,1,gsm,A12
LA_E_6386396,0,ulaw,bonafide
LA_E_6386465,0,pstn,bonafide
LA_E_6386593,1,g722,A15
LA_E_6387188,1,none,A13
LA_E_6387478,1,g722,A13
LA_E_6387902,1,ulaw,A19
LA_E_6388334,1,alaw,A11
LA_E_6388771,1,gsm,A13
LA_E_6389014,1,none,A17
LA_E_6389314,1,none,A08
LA_E_6389462,1,opus,A08
LA_E_6389558,1,ulaw,A10
LA_E_6389961,0,opus,bonafide
LA_E_6390072,0,gsm,bonafide
LA_E_6390388,1,opus,A16
LA_E_6391774,1,g722,A19
LA_E_6391864,1,gsm,A13
LA_E_6391976,1,opus,A17
LA_E_6392089,1,gsm,A15
LA_E_6392156,1,gsm,A07
LA_E_6392438,1,pstn,A15
LA_E_6392882,1,ulaw,A10
LA_E_6392987,1,alaw,A12
LA_E_6393096,1,gsm,A10
LA_E_6393322,1,pstn,A18
LA_E_6393872,1,gsm,A11
LA_E_6393886,1,pstn,A10
LA_E_6393950,0,ulaw,bonafide
LA_E_6394266,1,opus,A09
LA_E_6394432,0,ulaw,bonafide
LA_E_6394813,1,ulaw,A17
LA_E_6396381,1,alaw,A09
LA_E_6396741,1,g722,A16
LA_E_6396921,1,gsm,A07
LA_E_6396970,1,alaw,A09
LA_E_6397227,0,gsm,bonafide
LA_E_6397353,1,alaw,A14
LA_E_6397574,1,pstn,A12
LA_E_6397575,0,opus,bonafide
LA_E_6397614,1,none,A17
LA_E_6397628,1,opus,A12
LA_E_6398162,1,pstn,A15
LA_E_6399385,1,pstn,A07
LA_E_6399410,1,none,A18
LA_E_6399709,1,pstn,A17
LA_E_6400256,1,ulaw,A15
LA_E_6400406,1,ulaw,A16
LA_E_6400762,1,pstn,A15
LA_E_6400774,1,alaw,A07
LA_E_6401246,1,g722,A07
LA_E_6401359,1,ulaw,A12
LA_E_6401513,1,opus,A08
LA_E_6401673,1,pstn,A16
LA_E_6401926,1,g722,A09
LA_E_6402223,1,gsm,A14
LA_E_6402592,1,ulaw,A14
LA_E_6402657,1,ulaw,A19
LA_E_6402735,0,none,bonafide
LA_E_6402958,1,pstn,A16
LA_E_6403413,0,alaw,bonafide
LA_E_6403645,1,ulaw,A11
LA_E_6403785,1,ulaw,A13
LA_E_6404023,1,g722,A14
LA_E_6404210,1,ulaw,A12
LA_E_6404428,1,pstn,A07
LA_E_6404503,0,opus,bonafide
LA_E_6404636,1,pstn,A17
LA_E_6404748,1,ulaw,A19
LA_E_6404965,1,opus,A07
LA_E_6405365,1,pstn,A08
LA_E_6406082,1,g722,A10
LA_E_6406698,1,gsm,A18
LA_E_6407040,1,gsm,A17
LA_E_6407969,1,none,A17
LA_E_6407972,1,ulaw,A08
LA_E_6408329,0,gsm,bonafide
LA_E_6408707,1,alaw,A11
LA_E_6408733,1,g722,A07
LA_E_6408787,1,alaw,A08
LA_E_6408860,1,gsm,A19
LA_E_6408927,1,opus,A17
LA_E_6408943,1,gsm,A11
LA_E_6409395,1,pstn,A16
LA_E_6409557,0,ulaw,bonafide
LA_E_6409779,1,g722,A07
LA_E_6410009,1,g722,A08
LA_E_6410420,1,ulaw,A17
LA_E_6410439,1,ulaw,A11
LA_E_6411138,1,g722,A13
LA_E_6411310,1,ulaw,A17
LA_E_6411572,1,alaw,A15
LA_E_6412470,1,opus,A14
LA_E_6412489,0,ulaw,bonafide
LA_E_6412528,1,opus,A12
LA_E_6413058,1,ulaw,A17
LA_E_6413465,1,none,A08
LA_E_6413512,1,g722,A16
LA_E_6413617,1,opus,A10
LA_E_6414684,1,opus,A12
LA_E_6414689,1,opus,A18
LA_E_6415317,1,opus,A08
LA_E_6415390,1,gsm,A16
LA_E_6415413,0,none,bonafide
LA_E_6415480,1,ulaw,A13
LA_E_6415609,0,gsm,bonafide
LA_E_6416450,1,pstn,A16
LA_E_6416879,1,alaw,A08
LA_E_6417047,1,none,A16
LA_E_6417413,1,alaw,A14
LA_E_6417458,1,ulaw,A07
LA_E_6417523,1,gsm,A18
LA_E_6417676,1,none,A12
LA_E_6417680,1,gsm,A14
LA_E_6418375,1,gsm,A17
LA_E_6418629,1,opus,A19
LA_E_6418773,1,ulaw,A10
LA_E_6418831,1,ulaw,A07
LA_E_6418839,0,ulaw,bonafide
LA_E_6419004,1,none,A09
LA_E_6419692,1,pstn,A12
LA_E_6419979,1,alaw,A14
LA_E_6420518,1,pstn,A07
LA_E_6421205,1,alaw,A08
LA_E_6421359,1,gsm,A13
LA_E_6421598,1,none,A08
LA_E_6421988,1,none,A17
LA_E_6422185,1,alaw,A10
LA_E_6422269,1,none,A13
LA_E_6422564,1,g722,A11
LA_E_6422887,1,pstn,A19
LA_E_6423173,1,g722,A12
LA_E_6423231,1,none,A16
LA_E_6423235,1,ulaw,A16
LA_E_6423482,1,gsm,A18
LA_E_6423683,1,ulaw,A13
LA_E_6423696,0,ulaw,bonafide
LA_E_6423790,1,pstn,A08
LA_E_6423872,1,opus,A17
LA_E_6424044,1,gsm,A09
LA_E_6424151,1,none,A07
LA_E_6424415,1,ulaw,A14
LA_E_6424570,1,g722,A17
LA_E_6424996,1,opus,A15
LA_E_6425448,1,ulaw,A08
LA_E_6426456,0,ulaw,bonafide
LA_E_6426895,1,none,A07
LA_E_6426948,1,pstn,A16
LA_E_6427106,1,none,A12
LA_E_6427418,1,opus,A14
LA_E_6427467,1,pstn,A07
LA_E_6427644,1,pstn,A10
LA_E_6427704,0,gsm,bonafide
LA_E_6428519,1,g722,A08
LA_E_6428918,1,gsm,A09
LA_E_6429195,1,alaw,A14
LA_E_6429484,1,opus,A10
LA_E_6429500,1,pstn,A18
LA_E_6429694,1,gsm,A13
LA_E_6429971,1,none,A15
LA_E_6431345,1,gsm,A09
LA_E_6431762,0,opus,bonafide
LA_E_6431985,1,gsm,A10
LA_E_6432040,1,pstn,A14
LA_E_6432205,1,g722,A08
LA_E_6432883,1,g722,A10
LA_E_6434238,1,opus,A08
LA_E_6434524,1,ulaw,A17
LA_E_6435315,1,opus,A18
LA_E_6435433,1,g722,A11
LA_E_6435615,1,g722,A09
LA_E_6435740,1,ulaw,A19
LA_E_6435741,1,g722,A19
LA_E_6435843,0,ulaw,bonafide
LA_E_6436048,1,gsm,A19
LA_E_6436467,1,opus,A13
LA_E_6436480,1,none,A16
LA_E_6436634,0,g722,bonafide
LA_E_6436677,1,g722,A08
LA_E_6436834,1,gsm,A09
LA_E_6436849,1,alaw,A19
LA_E_6436911,1,g722,A14
LA_E_6436980,1,none,A16
LA_E_6437122,0,alaw,bonafide
LA_E_6437155,1,gsm,A08
LA_E_6437517,1,opus,A11
LA_E_6437616,1,pstn,A15
LA_E_6437814,1,gsm,A12
LA_E_6437972,1,opus,A17
LA_E_6438015,1,none,A08
LA_E_6438193,1,none,A08
LA_E_6438199,0,opus,bonafide
LA_E_6438495,1,opus,A08
LA_E_6438612,1,ulaw,A15
LA_E_6439361,1,gsm,A10
LA_E_6439586,1,ulaw,A16
LA_E_6439836,1,g722,A07
LA_E_6440376,1,opus,A12
LA_E_6440606,1,opus,A17
LA_E_6440737,1,pstn,A18
LA_E_6440853,1,g722,A15
LA_E_6441843,1,none,A09
LA_E_6442303,1,opus,A16
LA_E_6442437,0,ulaw,bonafide
LA_E_6443676,1,g722,A17
LA_E_6443770,0,gsm,bonafide
LA_E_6443813,1,opus,A13
LA_E_6443875,0,pstn,bonafide
LA_E_6444017,1,g722,A08
LA_E_6444650,1,g722,A14
LA_E_6444741,1,none,A18
LA_E_6444925,1,ulaw,A10
LA_E_6445030,0,gsm,bonafide
LA_E_6445071,0,pstn,bonafide
LA_E_6445114,1,opus,A09
LA_E_6445414,0,alaw,bonafide
LA_E_6445899,0,pstn,bonafide
LA_E_6446377,1,opus,A10
LA_E_6446535,1,ulaw,A13
LA_E_6446898,1,alaw,A09
LA_E_6447833,1,opus,A11
LA_E_6448220,1,gsm,A19
LA_E_6448318,1,g722,A13
LA_E_6448324,1,ulaw,A09
LA_E_6449188,1,g722,A16
LA_E_6449356,1,g722,A11
LA_E_6450417,1,gsm,A19
LA_E_6450582,1,pstn,A10
LA_E_6450780,1,g722,A16
LA_E_6450825,0,pstn,bonafide
LA_E_6451745,1,ulaw,A18
LA_E_6452206,1,none,A19
LA_E_6452313,1,opus,A11
LA_E_6452527,1,ulaw,A13
LA_E_6452595,1,opus,A14
LA_E_6452663,1,alaw,A18
LA_E_6452947,1,opus,A09
LA_E_6453475,1,alaw,A18
LA_E_6453640,1,opus,A12
LA_E_6453838,1,g722,A09
LA_E_6454338,1,opus,A15
LA_E_6454394,1,opus,A11
LA_E_6454707,1,g722,A07
LA_E_6455225,1,gsm,A09
LA_E_6455397,1,opus,A14
LA_E_6455550,1,none,A13
LA_E_6455897,1,opus,A16
LA_E_6456010,1,none,A19
LA_E_6456317,1,ulaw,A18
LA_E_6456377,1,ulaw,A17
LA_E_6456458,1,gsm,A18
LA_E_6456821,1,pstn,A11
LA_E_6456846,1,ulaw,A14
LA_E_6457111,1,pstn,A09
LA_E_6457318,1,ulaw,A11
LA_E_6457951,0,g722,bonafide
LA_E_6458315,1,pstn,A12
LA_E_6458358,0,gsm,bonafide
LA_E_6458392,1,alaw,A11
LA_E_6458460,1,none,A09
LA_E_6458522,1,gsm,A14
LA_E_6458712,1,ulaw,A14
LA_E_6458742,1,opus,A17
LA_E_6458903,1,ulaw,A17
LA_E_6458923,1,opus,A07
LA_E_6458948,1,opus,A07
LA_E_6459266,0,pstn,bonafide
LA_E_6459906,1,gsm,A10
LA_E_6460111,1,g722,A09
LA_E_6460259,1,alaw,A13
LA_E_6460824,1,none,A18
LA_E_6461207,1,none,A16
LA_E_6462014,1,g722,A10
LA_E_6462282,0,pstn,bonafide
LA_E_6462493,1,ulaw,A11
LA_E_6462634,1,opus,A10
LA_E_6462696,1,g722,A08
LA_E_6462995,1,opus,A15
LA_E_6463003,1,ulaw,A17
LA_E_6463442,1,pstn,A09
LA_E_6463520,0,alaw,bonafide
LA_E_6463843,1,opus,A17
LA_E_6463968,1,g722,A14
LA_E_6464062,1,opus,A13
LA_E_6464109,1,none,A09
LA_E_6464330,1,gsm,A11
LA_E_6464466,1,alaw,A09
LA_E_6464712,1,g722,A17
LA_E_6465158,0,g722,bonafide
LA_E_6465290,1,opus,A11
LA_E_6465320,1,ulaw,A16
LA_E_6465518,1,alaw,A12
LA_E_6466161,1,pstn,A09
LA_E_6466920,1,pstn,A08
LA_E_6466984,1,alaw,A15
LA_E_6467462,0,gsm,bonafide
LA_E_6467567,0,g722,bonafide
LA_E_6467587,0,ulaw,bonafide
LA_E_6467839,1,opus,A14
LA_E_6467981,1,alaw,A12
LA_E_6468001,1,gsm,A08
LA_E_6468382,1,gsm,A17
LA_E_6469126,1,alaw,A19
LA_E_6469263,1,none,A17
LA_E_6469385,0,opus,bonafide
LA_E_6469541,1,g722,A13
LA_E_6469581,1,opus,A08
LA_E_6469715,0,ulaw,bonafide
LA_E_6469830,1,none,A14
LA_E_6470571,1,none,A15
LA_E_6470894,1,gsm,A09
LA_E_6471107,0,ulaw,bonafide
LA_E_6471478,1,opus,A09
LA_E_6471483,1,none,A07
LA_E_6472130,1,pstn,A17
LA_E_6472464,1,opus,A15
LA_E_6472951,0,gsm,bonafide
LA_E_6473675,1,opus,A19
LA_E_6473724,1,ulaw,A17
LA_E_6474143,1,alaw,A13
LA_E_6474495,1,none,A19
LA_E_6474773,1,ulaw,A08
LA_E_6474916,1,alaw,A12
LA_E_6475064,0,ulaw,bonafide
LA_E_6475695,1,alaw,A15
LA_E_6476585,1,ulaw,A09
LA_E_6476660,1,gsm,A10
LA_E_6476830,1,g722,A11
LA_E_6476997,1,opus,A09
LA_E_6477334,1,opus,A07
LA_E_6478164,1,gsm,A17
LA_E_6478208,0,gsm,bonafide
LA_E_6479004,1,gsm,A09
LA_E_6479719,1,none,A17
LA_E_6479958,1,opus,A11
LA_E_6480202,1,pstn,A17
LA_E_6480595,1,ulaw,A12
LA_E_6480603,0,g722,bonafide
LA_E_6480612,1,alaw,A08
LA_E_6480718,1,g722,A18
LA_E_6481277,1,pstn,A08
LA_E_6482253,1,gsm,A12
LA_E_6482942,1,g722,A17
LA_E_6483020,1,g722,A11
LA_E_6483849,0,pstn,bonafide
LA_E_6483962,1,g722,A11
LA_E_6484337,1,alaw,A08
LA_E_6484523,1,ulaw,A17
LA_E_6485791,1,gsm,A14
LA_E_6486585,1,g722,A17
LA_E_6486765,1,ulaw,A18
LA_E_6486808,1,g722,A15
LA_E_6486872,1,gsm,A17
LA_E_6487143,1,pstn,A11
LA_E_6488214,1,gsm,A13
LA_E_6488378,0,opus,bonafide
LA_E_6488452,1,alaw,A08
LA_E_6488907,1,ulaw,A09
LA_E_6488914,1,gsm,A12
LA_E_6489307,1,none,A12
LA_E_6489311,1,g722,A18
LA_E_6489829,1,none,A08
LA_E_6491114,1,ulaw,A08
LA_E_6491660,1,none,A15
LA_E_6491895,1,none,A07
LA_E_6492177,1,gsm,A08
LA_E_6492351,1,none,A15
LA_E_6492439,0,none,bonafide
LA_E_6492774,1,gsm,A15
LA_E_6492803,1,gsm,A08
LA_E_6493162,1,pstn,A12
LA_E_6493241,1,gsm,A17
LA_E_6493530,1,gsm,A17
LA_E_6494023,1,none,A12
LA_E_6494896,1,alaw,A16
LA_E_6494975,0,opus,bonafide
LA_E_6495272,1,opus,A19
LA_E_6495387,1,pstn,A07
LA_E_6495630,0,opus,bonafide
LA_E_6495742,1,pstn,A08
LA_E_6496624,1,none,A19
LA_E_6496669,1,pstn,A12
LA_E_6496790,1,gsm,A14
LA_E_6497779,1,alaw,A12
LA_E_6497962,1,alaw,A10
LA_E_6498261,1,gsm,A19
LA_E_6499885,1,opus,A19
LA_E_6499949,0,alaw,bonafide
LA_E_6499994,1,none,A08
LA_E_6501067,1,alaw,A10
LA_E_6501182,1,pstn,A13
LA_E_6501624,1,gsm,A11
LA_E_6501958,1,pstn,A14
LA_E_6502171,1,gsm,A16
LA_E_6503058,0,none,bonafide
LA_E_6503382,1,none,A16
LA_E_6503543,1,none,A08
LA_E_6503727,1,pstn,A13
LA_E_6503731,1,alaw,A09
LA_E_6503843,1,opus,A13
LA_E_6504079,1,ulaw,A13
LA_E_6504400,1,g722,A14
LA_E_6505156,1,alaw,A16
LA_E_6505160,1,none,A12
LA_E_6506177,0,alaw,bonafide
LA_E_6506657,1,ulaw,A15
LA_E_6506708,1,gsm,A18
LA_E_6506711,1,opus,A15
LA_E_6507072,1,ulaw,A15
LA_E_6507464,1,gsm,A14
LA_E_6507549,1,alaw,A14
LA_E_6507550,0,none,bonafide
LA_E_6507633,1,opus,A18
LA_E_6508169,1,g722,A18
LA_E_6508548,1,opus,A18
LA_E_6509496,1,g722,A11
LA_E_6510276,1,ulaw,A16
LA_E_6511163,1,none,A18
LA_E_6511963,1,g722,A10
LA_E_6512012,1,ulaw,A07
LA_E_6512162,1,g722,A18
LA_E_6512280,1,none,A14
LA_E_6512285,1,gsm,A16
LA_E_6512322,1,opus,A19
LA_E_6512715,1,none,A14
LA_E_6513724,0,none,bonafide
LA_E_6514066,1,g722,A19
LA_E_6514818,1,alaw,A07
LA_E_6514841,1,g722,A15
LA_E_6514942,1,g722,A17
LA_E_6515044,0,opus,bonafide
LA_E_6515324,1,alaw,A19
LA_E_6515760,0,opus,bonafide
LA_E_6515788,1,pstn,A09
LA_E_6516113,1,ulaw,A17
LA_E_6516292,1,opus,A08
LA_E_6516374,0,opus,bonafide
LA_E_6516741,0,pstn,bonafide
LA_E_6517105,1,pstn,A09
LA_E_6517215,0,gsm,bonafide
LA_E_6517668,1,opus,A16
LA_E_6517856,1,g722,A18
LA_E_6517910,1,none,A12
LA_E_6517927,1,ulaw,A12
LA_E_6518916,1,opus,A13
LA_E_6519140,1,opus,A13
LA_E_6519534,1,opus,A19
LA_E_6519604,1,pstn,A07
LA_E_6519727,1,ulaw,A10
LA_E_6520068,1,gsm,A17
LA_E_6520328,1,ulaw,A19
LA_E_6520634,1,pstn,A15
LA_E_6520986,1,ulaw,A07
LA_E_6520989,1,gsm,A14
LA_E_6521100,1,opus,A19
LA_E_6523454,1,g722,A14
LA_E_6523558,1,gsm,A18
LA_E_6524248,1,pstn,A18
LA_E_6524404,1,g722,A07
LA_E_6524841,1,opus,A08
LA_E_6524925,1,ulaw,A11
LA_E_6525072,1,ulaw,A11
LA_E_6525212,1,ulaw,A10
LA_E_6525401,1,opus,A15
LA_E_6525583,1,ulaw,A12
LA_E_6525602,1,pstn,A13
LA_E_6526077,1,none,A17
LA_E_6526229,1,gsm,A12
LA_E_6526375,1,ulaw,A17
LA_E_6526665,0,gsm,bonafide
LA_E_6526751,1,g722,A12
LA_E_6526807,1,gsm,A07
LA_E_6527009,1,opus,A10
LA_E_6527055,1,pstn,A17
LA_E_6528812,1,none,A10
LA_E_6528924,1,ulaw,A09
LA_E_6528983,1,opus,A10
LA_E_6529146,1,none,A15
LA_E_6529265,1,g722,A13
LA_E_6529399,1,none,A10
LA_E_6529610,1,ulaw,A09
LA_E_6529957,1,gsm,A16
LA_E_6530103,1,alaw,A07
LA_E_6530312,1,none,A09
LA_E_6530349,1,ulaw,A18
LA_E_6530718,1,gsm,A09
LA_E_6530974,0,alaw,bonafide
LA_E_6531009,1,ulaw,A11
LA_E_6531017,1,opus,A19
LA_E_6532290,1,opus,A13
LA_E_6532630,1,gsm,A12
LA_E_6533192,1,gsm,A19
LA_E_6533234,1,gsm,A18
LA_E_6533290,0,gsm,bonafide
LA_E_6533423,0,none,bonafide
LA_E_6534168,1,gsm,A18
LA_E_6534592,1,alaw,A15
LA_E_6534673,0,none,bonafide
LA_E_6534737,1,pstn,A07
LA_E_6535314,1,ulaw,A10
LA_E_6535434,1,opus,A10
LA_E_6535577,1,ulaw,A19
LA_E_6536345,1,gsm,A12
LA_E_6536559,1,ulaw,A12
LA_E_6536708,1,g722,A14
LA_E_6536788,1,gsm,A19
LA_E_6536982,1,opus,A10
LA_E_6537080,1,none,A07
LA_E_6537142,0,opus,bonafide
LA_E_6537260,1,none,A18
LA_E_6537266,1,ulaw,A11
LA_E_6537645,1,g722,A07
LA_E_6537711,1,g722,A18
LA_E_6537762,1,pstn,A09
LA_E_6538016,1,ulaw,A16
LA_E_6538995,1,g722,A07
LA_E_6539390,1,alaw,A17
LA_E_6540153,1,none,A17
LA_E_6540665,1,pstn,A19
LA_E_6540713,1,pstn,A19
LA_E_6540959,1,opus,A19
LA_E_6541243,0,none,bonafide
LA_E_6541304,1,opus,A18
LA_E_6541543,1,alaw,A14
LA_E_6541546,1,gsm,A11
LA_E_6541628,1,pstn,A19
LA_E_6541720,1,ulaw,A09
LA_E_6542009,1,gsm,A10
LA_E_6542059,1,opus,A19
LA_E_6542618,1,pstn,A08
LA_E_6542635,1,alaw,A17
LA_E_6542758,1,pstn,A07
LA_E_6542897,1,ulaw,A07
LA_E_6543208,1,gsm,A13
LA_E_6543222,0,pstn,bonafide
LA_E_6543612,1,gsm,A16
LA_E_6543867,1,none,A15
LA_E_6544431,1,ulaw,A07
LA_E_6544595,1,pstn,A15
LA_E_6544772,1,ulaw,A10
LA_E_6545110,1,ulaw,A19
LA_E_6545135,1,pstn,A13
LA_E_6545358,1,g722,A19
LA_E_6546359,0,opus,bonafide
LA_E_6546393,1,pstn,A13
LA_E_6546620,1,alaw,A18
LA_E_6547201,0,ulaw,bonafide
LA_E_6547809,1,ulaw,A12
LA_E_6548237,1,alaw,A17
LA_E_6548249,1,alaw,A14
LA_E_6548651,1,ulaw,A19
LA_E_6548889,0,gsm,bonafide
LA_E_6548891,1,pstn,A18
LA_E_6548897,1,pstn,A09
LA_E_6549162,1,g722,A10
LA_E_6549565,1,ulaw,A09
LA_E_6549906,1,ulaw,A09
LA_E_6549922,1,opus,A09
LA_E_6549943,1,ulaw,A12
LA_E_6550166,1,alaw,A17
LA_E_6550210,1,ulaw,A12
LA_E_6550244,1,pstn,A13
LA_E_6550598,1,ulaw,A12
LA_E_6550885,1,gsm,A08
LA_E_6551186,1,gsm,A15
LA_E_6551211,1,ulaw,A13
LA_E_6551741,1,pstn,A09
LA_E_6551752,1,alaw,A12
LA_E_6551860,1,none,A10
LA_E_6551957,0,gsm,bonafide
LA_E_6551981,1,pstn,A19
LA_E_6552019,1,gsm,A14
LA_E_6552067,1,g722,A09
LA_E_6552186,1,opus,A18
LA_E_6552209,1,none,A16
LA_E_6552340,1,gsm,A09
LA_E_6552879,1,g722,A17
LA_E_6553600,1,pstn,A15
LA_E_6553774,1,none,A18
LA_E_6553911,1,ulaw,A15
LA_E_6553967,1,alaw,A17
LA_E_6554014,0,gsm,bonafide
LA_E_6554125,1,g722,A12
LA_E_6554463,1,opus,A18
LA_E_6554683,1,g722,A10
LA_E_6554840,1,gsm,A18
LA_E_6555611,1,g722,A18
LA_E_6555702,1,gsm,A18
LA_E_6556047,1,opus,A10
LA_E_6556101,1,ulaw,A16
LA_E_6556167,1,alaw,A09
LA_E_6556638,1,gsm,A14
LA_E_6556766,1,none,A14
LA_E_6557577,1,none,A15
LA_E_6557821,1,none,A16
LA_E_6557998,1,none,A14
LA_E_6558397,1,ulaw,A13
LA_E_6558415,1,opus,A10
LA_E_6558528,0,opus,bonafide
LA_E_6558965,1,opus,A16
LA_E_6559021,1,pstn,A07
LA_E_6559114,1,ulaw,A14
LA_E_6559145,1,opus,A15
LA_E_6559274,1,gsm,A11
LA_E_6559807,0,ulaw,bonafide
LA_E_6560222,1,none,A08
LA_E_6560849,1,opus,A15
LA_E_6562330,1,ulaw,A11
LA_E_6562749,1,ulaw,A14
LA_E_6562972,1,opus,A09
LA_E_6563030,1,alaw,A14
LA_E_6563304,1,alaw,A16
LA_E_6563384,1,g722,A09
LA_E_6563443,1,alaw,A07
LA_E_6563854,1,ulaw,A08
LA_E_6563989,1,ulaw,A09
LA_E_6564177,1,opus,A15
LA_E_6564646,1,opus,A09
LA_E_6565005,1,opus,A12
LA_E_6565401,1,gsm,A13
LA_E_6565738,1,none,A09
LA_E_6565913,1,alaw,A16
LA_E_6566208,1,none,A19
LA_E_6566663,0,alaw,bonafide
LA_E_6566703,1,g722,A12
LA_E_6566778,1,alaw,A14
LA_E_6567030,1,g722,A16
LA_E_6567535,1,pstn,A13
LA_E_6567642,1,none,A13
LA_E_6567938,1,g722,A08
LA_E_6569467,0,none,bonafide
LA_E_6569561,1,ulaw,A07
LA_E_6569865,1,opus,A12
LA_E_6570157,1,gsm,A16
LA_E_6570196,1,ulaw,A19
LA_E_6570230,1,opus,A11
LA_E_6570657,1,ulaw,A18
LA_E_6570700,1,opus,A19
LA_E_6570860,1,ulaw,A11
LA_E_6571087,1,opus,A07
LA_E_6571127,1,alaw,A16
LA_E_6571138,1,g722,A16
LA_E_6571486,0,ulaw,bonafide
LA_E_6571946,1,gsm,A15
LA_E_6572555,1,g722,A11
LA_E_6572928,1,g722,A12
LA_E_6573440,1,gsm,A09
LA_E_6573532,0,opus,bonafide
LA_E_6573745,1,g722,A07
LA_E_6574974,1,alaw,A08
LA_E_6575420,1,alaw,A19
LA_E_6575426,1,alaw,A10
LA_E_6575540,1,opus,A09
LA_E_6575594,1,none,A09
LA_E_6575646,1,opus,A11
LA_E_6575763,1,g722,A13
LA_E_6576035,1,g722,A18
LA_E_6576319,1,ulaw,A14
LA_E_6576443,1,gsm,A08
LA_E_6577588,1,opus,A18
LA_E_6578100,1,alaw,A19
LA_E_6578644,0,gsm,bonafide
LA_E_6578818,1,pstn,A07
LA_E_6579437,1,opus,A19
LA_E_6579525,1,alaw,A16
LA_E_6579865,1,gsm,A07
LA_E_6580052,0,pstn,bonafide
LA_E_6580303,0,g722,bonafide
LA_E_6580374,0,g722,bonafide
LA_E_6580807,1,gsm,A09
LA_E_6580832,1,none,A11
LA_E_6580846,1,none,A13
LA_E_6581107,1,opus,A11
LA_E_6581199,1,pstn,A16
LA_E_6581267,1,gsm,A16
LA_E_6581417,1,pstn,A18
LA_E_6581969,1,pstn,A11
LA_E_6581978,1,ulaw,A10
LA_E_6582005,1,pstn,A19
LA_E_6582361,1,pstn,A15
LA_E_6582387,1,g722,A11
LA_E_6582425,1,gsm,A09
LA_E_6582796,1,gsm,A08
LA_E_6583450,1,ulaw,A12
LA_E_6584140,1,pstn,A08
LA_E_6584350,1,pstn,A09
LA_E_6586100,1,opus,A08
LA_E_6586129,0,opus,bonafide
LA_E_6586382,1,opus,A17
LA_E_6586383,1,opus,A13
LA_E_6587015,1,pstn,A08
LA_E_6587213,1,opus,A13
LA_E_6587387,1,ulaw,A18
LA_E_6587524,1,none,A17
LA_E_6587613,1,opus,A10
LA_E_6588039,1,ulaw,A18
LA_E_6588138,1,gsm,A16
LA_E_6588502,1,opus,A07
LA_E_6588548,1,ulaw,A14
LA_E_6589320,1,ulaw,A10
LA_E_6589338,1,ulaw,A07
LA_E_6589501,1,g722,A17
LA_E_6589728,1,none,A13
LA_E_6590123,0,opus,bonafide
LA_E_6590278,1,opus,A07
LA_E_6590338,1,gsm,A10
LA_E_6591167,1,none,A18
LA_E_6591473,1,alaw,A12
LA_E_6591973,1,gsm,A08
LA_E_6592077,1,gsm,A10
LA_E_6592315,0,g722,bonafide
LA_E_6592322,1,g722,A18
LA_E_6592643,1,gsm,A13
LA_E_6592878,1,ulaw,A17
LA_E_6593585,0,none,bonafide
LA_E_6593876,1,g722,A08
LA_E_6594086,1,gsm,A15
LA_E_6594129,0,none,bonafide
LA_E_6594611,1,none,A13
LA_E_6594716,1,g722,A15
LA_E_6594745,1,gsm,A15
LA_E_6594773,1,alaw,A12
LA_E_6594827,1,opus,A18
LA_E_6595397,1,pstn,A11
LA_E_6595641,0,ulaw,bonafide
LA_E_6595978,1,gsm,A15
LA_E_6596760,1,g722,A14
LA_E_6596860,1,g722,A16
LA_E_6597030,1,none,A08
LA_E_6597134,1,opus,A11
LA_E_6597196,0,pstn,bonafide
LA_E_6597360,1,alaw,A08
LA_E_6597379,1,g722,A15
LA_E_6598794,0,none,bonafide
LA_E_6599469,1,g722,A09
LA_E_6599888,1,none,A10
LA_E_6600869,1,opus,A11
LA_E_6601012,1,pstn,A16
LA_E_6601050,0,opus,bonafide
LA_E_6601105,0,none,bonafide
LA_E_6601140,1,ulaw,A15
LA_E_6601389,1,ulaw,A16
LA_E_6602487,0,opus,bonafide
LA_E_6602558,1,pstn,A09
LA_E_6602850,1,pstn,A18
LA_E_6602866,1,gsm,A18
LA_E_6603156,1,pstn,A09
LA_E_6603246,0,ulaw,bonafide
LA_E_6603943,1,gsm,A19
LA_E_6604165,1,gsm,A07
LA_E_6604176,1,pstn,A14
LA_E_6604195,1,alaw,A07
LA_E_6604289,1,opus,A19
LA_E_6604442,0,g722,bonafide
LA_E_6604629,1,ulaw,A10
LA_E_6604739,1,pstn,A17
LA_E_6605026,1,none,A17
LA_E_6605027,1,g722,A12
LA_E_6605551,1,none,A15
LA_E_6605659,1,gsm,A15
LA_E_6605954,1,ulaw,A09
LA_E_6605966,1,opus,A17
LA_E_6606310,1,gsm,A11
LA_E_6606488,1,ulaw,A19
LA_E_6607139,1,opus,A11
LA_E_6607412,1,pstn,A10
LA_E_6607512,1,opus,A19
LA_E_6607810,0,alaw,bonafide
LA_E_6607850,1,alaw,A11
LA_E_6608279,1,opus,A12
LA_E_6608684,1,ulaw,A07
LA_E_6608914,0,none,bonafide
LA_E_6608957,1,ulaw,A17
LA_E_6608981,1,g722,A17
LA_E_6609723,1,none,A13
LA_E_6610103,1,opus,A16
LA_E_6610591,1,none,A11
LA_E_6611483,1,g722,A08
LA_E_6611582,1,none,A16
LA_E_6611889,1,opus,A16
LA_E_6612148,1,ulaw,A12
LA_E_6612179,1,g722,A13
LA_E_6612325,1,ulaw,A07
LA_E_6612741,1,gsm,A15
LA_E_6613155,1,gsm,A14
LA_E_6613418,1,pstn,A17
LA_E_6613508,1,opus,A09
LA_E_6613823,1,gsm,A19
LA_E_6613840,1,pstn,A09
LA_E_6614118,1,none,A09
LA_E_6614358,1,none,A12
LA_E_6614494,1,opus,A11
LA_E_6614495,1,opus,A09
LA_E_6614716,1,pstn,A08
LA_E_6615272,1,none,A08
LA_E_6615286,1,ulaw,A10
LA_E_6615287,1,opus,A16
LA_E_6615844,1,g722,A07
LA_E_6616190,1,g722,A08
LA_E_6616494,1,gsm,A10
LA_E_6616695,1,opus,A15
LA_E_6616786,1,opus,A19
LA_E_6617117,0,alaw,bonafide
LA_E_6617266,1,gsm,A15
LA_E_6617516,1,pstn,A11
LA_E_6617662,1,opus,A08
LA_E_6617756,0,alaw,bonafide
LA_E_6617804,1,gsm,A19
LA_E_6618414,1,opus,A15
LA_E_6618454,1,ulaw,A17
LA_E_6618647,1,g722,A13
LA_E_6619008,1,pstn,A17
LA_E_6619380,1,none,A11
LA_E_6619742,1,g722,A09
LA_E_6620065,1,pstn,A12
LA_E_6620285,1,none,A09
LA_E_6620884,1,pstn,A10
LA_E_6621868,1,alaw,A15
LA_E_6622001,0,alaw,bonafide
LA_E_6622365,1,opus,A19
LA_E_6622454,1,pstn,A09
LA_E_6623011,1,g722,A09
LA_E_6623495,1,ulaw,A14
LA_E_6624893,0,opus,bonafide
LA_E_6624896,1,ulaw,A15
LA_E_6625446,1,pstn,A09
LA_E_6625591,1,ulaw,A12
LA_E_6625695,0,alaw,bonafide
LA_E_6627113,1,g722,A10
LA_E_6627696,1,none,A14
LA_E_6628002,1,ulaw,A14
LA_E_6628115,1,ulaw,A10
LA_E_6628432,1,none,A17
LA_E_6628474,1,gsm,A11
LA_E_6628479,1,pstn,A10
LA_E_6628982,1,ulaw,A10
LA_E_6629364,1,g722,A12
LA_E_6629625,0,pstn,bonafide
LA_E_6629630,1,opus,A07
LA_E_6629734,1,alaw,A16
LA_E_6629791,1,gsm,A13
LA_E_6630325,1,gsm,A09
LA_E_6630599,1,gsm,A12
LA_E_6630951,1,g722,A16
LA_E_6631298,1,opus,A10
LA_E_6631407,1,opus,A12
LA_E_6631520,1,g722,A15
LA_E_6631894,1,g722,A10
LA_E_6631983,1,g722,A12
LA_E_6632113,1,gsm,A16
LA_E_6633165,1,opus,A11
LA_E_6633644,1,pstn,A17
LA_E_6633982,0,g722,bonafide
LA_E_6633986,0,gsm,bonafide
LA_E_6634263,1,alaw,A17
LA_E_6634332,1,ulaw,A08
LA_E_6634644,1,opus,A19
LA_E_6635129,1,none,A09
LA_E_6635135,1,opus,A09
LA_E_6635475,1,ulaw,A18
LA_E_6635744,1,g722,A19
LA_E_6636032,1,alaw,A18
LA_E_6636059,1,pstn,A12
LA_E_6636417,1,gsm,A12
LA_E_6636500,1,opus,A17
LA_E_6636951,1,ulaw,A19
LA_E_6637880,1,opus,A15
LA_E_6638166,1,opus,A12
LA_E_6638616,1,gsm,A12
LA_E_6638675,1,none,A13
LA_E_6640079,1,pstn,A18
LA_E_6640162,1,opus,A11
LA_E_6640289,1,opus,A08
LA_E_6640806,1,alaw,A07
LA_E_6641271,1,gsm,A13
LA_E_6641660,1,gsm,A18
LA_E_6642263,1,opus,A17
LA_E_6642307,1,pstn,A19
LA_E_6642952,1,opus,A15
LA_E_6642977,1,opus,A08
LA_E_6643034,1,opus,A17
LA_E_6643649,0,gsm,bonafide
LA_E_6643683,1,opus,A16
LA_E_6643972,1,ulaw,A18
LA_E_6643976,1,gsm,A18
LA_E_6644211,1,gsm,A12
LA_E_6644355,1,opus,A14
LA_E_6644465,1,alaw,A13
LA_E_6644567,1,alaw,A15
LA_E_6644606,1,opus,A13
LA_E_6644690,1,g722,A10
LA_E_6644817,1,pstn,A07
LA_E_6644948,1,none,A18
LA_E_6645069,1,gsm,A16
LA_E_6645147,1,pstn,A16
LA_E_6645205,1,gsm,A18
LA_E_6646217,1,pstn,A08
LA_E_6647054,1,alaw,A16
LA_E_6647231,1,g722,A09
LA_E_6647938,1,ulaw,A13
LA_E_6647939,1,gsm,A07
LA_E_6648480,1,none,A11
LA_E_6648508,1,gsm,A11
LA_E_6648711,1,alaw,A07
LA_E_6648812,1,none,A16
LA_E_6648889,1,pstn,A08
LA_E_6649162,1,ulaw,A10
LA_E_6649168,0,g722,bonafide
LA_E_6649518,0,ulaw,bonafide
LA_E_6649676,1,pstn,A14
LA_E_6649891,1,g722,A19
LA_E_6649981,1,opus,A09
LA_E_6650741,1,gsm,A14
LA_E_6650859,1,g722,A17
LA_E_6651342,1,opus,A14
LA_E_6651692,1,g722,A13
LA_E_6651773,1,gsm,A12
LA_E_6652021,1,alaw,A15
LA_E_6652063,1,gsm,A15
LA_E_6652237,1,none,A17
LA_E_6652262,1,pstn,A18
LA_E_6652399,1,alaw,A11
LA_E_6652505,1,g722,A07
LA_E_6653311,1,ulaw,A07
LA_E_6653537,1,pstn,A14
LA_E_6653552,1,ulaw,A19
LA_E_6653694,1,g722,A19
LA_E_6654172,1,pstn,A17
LA_E_6654607,1,g722,A19
LA_E_6654818,1,g722,A15
LA_E_6654837,1,g722,A14
LA_E_6654963,1,opus,A08
LA_E_6655802,0,alaw,bonafide
LA_E_6655947,0,alaw,bonafide
LA_E_6656170,1,ulaw,A09
LA_E_6656565,1,pstn,A08
LA_E_6656694,1,gsm,A13
LA_E_6657842,1,gsm,A09
LA_E_6657978,1,g722,A14
LA_E_6658450,1,none,A10
LA_E_6658742,1,pstn,A13
LA_E_6659178,1,ulaw,A07
LA_E_6659323,0,none,bonafide
LA_E_6659378,1,none,A14
LA_E_6659740,1,alaw,A14
LA_E_6660664,1,alaw,A07
LA_E_6660693,1,g722,A07
LA_E_6660788,1,ulaw,A16
LA_E_6662162,1,alaw,A09
LA_E_6662445,0,none,bonafide
LA_E_6662810,1,ulaw,A19
LA_E_6662975,1,gsm,A08
LA_E_6663079,0,gsm,bonafide
LA_E_6663681,1,opus,A08
LA_E_6663696,1,ulaw,A16
LA_E_6664002,1,gsm,A18
LA_E_6664648,0,g722,bonafide
LA_E_6664973,1,alaw,A17
LA_E_6665220,1,ulaw,A16
LA_E_6666323,0,g722,bonafide
LA_E_6666650,1,opus,A16
LA_E_6666935,1,pstn,A13
LA_E_6666951,1,alaw,A13
LA_E_6667084,1,g722,A07
LA_E_6667099,1,ulaw,A12
LA_E_6667171,1,ulaw,A08
LA_E_6667218,0,ulaw,bonafide
LA_E_6667252,1,gsm,A07
LA_E_6667445,1,gsm,A10
LA_E_6668055,1,opus,A17
LA_E_6668281,1,alaw,A13
LA_E_6668409,1,pstn,A10
LA_E_6668455,1,opus,A14
LA_E_6668640,1,g722,A10
LA_E_6668987,1,ulaw,A14
LA_E_6669348,1,gsm,A12
LA_E_6669468,1,gsm,A18
LA_E_6669664,1,g722,A16
LA_E_6669959,1,opus,A14
LA_E_6670119,1,none,A14
LA_E_6670369,1,g722,A19
LA_E_6670574,1,none,A13
LA_E_6671154,1,none,A17
LA_E_6671908,0,gsm,bonafide
LA_E_6672063,1,alaw,A09
LA_E_6673041,0,gsm,bonafide
LA_E_6673775,1,ulaw,A12
LA_E_6674512,1,alaw,A19
LA_E_6675023,1,pstn,A17
LA_E_6675919,0,g722,bonafide
LA_E_6676007,1,gsm,A14
LA_E_6676077,1,alaw,A10
LA_E_6676443,1,opus,A10
LA_E_6676768,1,opus,A19
LA_E_6676796,1,none,A13
LA_E_6677614,0,none,bonafide
LA_E_6677931,1,none,A16
LA_E_6678104,1,alaw,A17
LA_E_6678158,1,ulaw,A17
LA_E_6678332,1,opus,A11
LA_E_6679012,1,opus,A09
LA_E_6679378,1,opus,A09
LA_E_6680132,1,ulaw,A12
LA_E_6680284,1,opus,A16
LA_E_6680346,1,alaw,A13
LA_E_6680593,0,gsm,bonafide
LA_E_6680598,1,alaw,A16
LA_E_6680890,1,ulaw,A19
LA_E_6680938,1,opus,A18
LA_E_6681134,1,pstn,A19
LA_E_6681384,1,ulaw,A17
LA_E_6681652,1,opus,A10
LA_E_6682811,1,ulaw,A15
LA_E_6683758,1,ulaw,A13
LA_E_6683820,1,gsm,A07
LA_E_6683882,1,alaw,A08
LA_E_6683952,0,pstn,bonafide
LA_E_6684754,1,pstn,A18
LA_E_6685251,1,ulaw,A11
LA_E_6686020,1,pstn,A15
LA_E_6686621,1,gsm,A08
LA_E_6686717,1,alaw,A18
LA_E_6687237,1,opus,A07
LA_E_6687577,1,none,A13
LA_E_6687623,1,pstn,A12
LA_E_6688133,1,opus,A09
LA_E_6688310,1,gsm,A10
LA_E_6688632,1,none,A17
LA_E_6688668,1,alaw,A15
LA_E_6688873,1,gsm,A19
LA_E_6688878,1,g722,A10
LA_E_6689052,1,ulaw,A14
LA_E_6689960,1,alaw,A10
LA_E_6689996,1,none,A16
LA_E_6691419,1,opus,A15
LA_E_6691634,1,pstn,A16
LA_E_6691974,1,opus,A08
LA_E_6692506,1,g722,A14
LA_E_6692724,0,ulaw,bonafide
LA_E_6692770,1,g722,A10
LA_E_6692800,1,gsm,A17
LA_E_6692903,1,g722,A08
LA_E_6693056,1,opus,A12
LA_E_6693700,1,gsm,A14
LA_E_6693955,1,ulaw,A12
LA_E_6694313,1,gsm,A10
LA_E_6694366,1,gsm,A18
LA_E_6694751,1,ulaw,A17
LA_E_6695125,1,pstn,A19
LA_E_6695272,0,opus,bonafide
LA_E_6695276,1,gsm,A19
LA_E_6696660,0,pstn,bonafide
LA_E_6697030,1,pstn,A15
LA_E_6697204,1,gsm,A17
LA_E_6697647,1,g722,A10
LA_E_6697841,1,none,A07
LA_E_6697868,1,opus,A19
LA_E_6698017,1,opus,A13
LA_E_6698060,1,alaw,A07
LA_E_6698097,1,none,A17
LA_E_6698453,1,g722,A10
LA_E_6698590,1,alaw,A19
LA_E_6698786,1,pstn,A16
LA_E_6698998,1,gsm,A11
LA_E_6699679,1,opus,A13
LA_E_6699954,1,ulaw,A19
LA_E_6700184,1,opus,A07
LA_E_6700214,1,alaw,A16
LA_E_6700344,1,gsm,A09
LA_E_6700353,1,gsm,A07
LA_E_6700596,0,none,bonafide
LA_E_6700760,1,gsm,A07
LA_E_6700876,1,none,A14
LA_E_6701197,1,gsm,A13
LA_E_6701663,1,gsm,A19
LA_E_6701932,1,pstn,A13
LA_E_6702057,1,opus,A12
LA_E_6702346,1,opus,A07
LA_E_6702668,1,none,A12
LA_E_6702700,0,none,bonafide
LA_E_6703312,1,gsm,A09
LA_E_6703381,1,g722,A18
LA_E_6703954,0,alaw,bonafide
LA_E_6703962,0,g722,bonafide
LA_E_6703963,1,none,A18
LA_E_6704499,1,alaw,A14
LA_E_6704627,1,gsm,A10
LA_E_6704768,1,alaw,A14
LA_E_6705145,1,ulaw,A17
LA_E_6705577,0,gsm,bonafide
LA_E_6706867,1,ulaw,A11
LA_E_6707040,1,ulaw,A17
LA_E_6707327,1,gsm,A16
LA_E_6707900,1,alaw,A09
LA_E_6707975,1,gsm,A12
LA_E_6708407,1,alaw,A09
LA_E_6708422,0,ulaw,bonafide
LA_E_6708533,1,ulaw,A12
LA_E_6708789,1,pstn,A17
LA_E_6708851,1,alaw,A07
LA_E_6709291,1,ulaw,A10
LA_E_6709546,1,gsm,A09
LA_E_6709730,1,ulaw,A13
LA_E_6710504,1,gsm,A18
LA_E_6710524,1,gsm,A13
LA_E_6710880,1,alaw,A13
LA_E_6711127,1,g722,A11
LA_E_6711580,1,ulaw,A14
LA_E_6711797,1,gsm,A16
LA_E_6711868,1,pstn,A18
LA_E_6712196,1,ulaw,A17
LA_E_6712662,1,pstn,A15
LA_E_6712668,1,pstn,A09
LA_E_6713128,0,g722,bonafide
LA_E_6713170,1,ulaw,A16
LA_E_6713955,1,ulaw,A15
LA_E_6714002,1,gsm,A15
LA_E_6714253,1,gsm,A11
LA_E_6714641,1,alaw,A09
LA_E_6714807,1,opus,A19
LA_E_6715292,1,ulaw,A10
LA_E_6715748,1,ulaw,A12
LA_E_6715906,1,alaw,A18
LA_E_6716110,1,g722,A19
LA_E_6716148,1,alaw,A09
LA_E_6716929,1,g722,A07
LA_E_6716998,1,gsm,A08
LA_E_6717132,1,none,A13
LA_E_6717210,1,ulaw,A08
LA_E_6717628,1,opus,A16
LA_E_6717668,1,ulaw,A11
LA_E_6717952,0,pstn,bonafide
LA_E_6718111,0,pstn,bonafide
LA_E_6718207,1,alaw,A07
LA_E_6718355,1,g722,A14
LA_E_6718360,1,none,A07
LA_E_6718703,1,opus,A07
LA_E_6718800,0,opus,bonafide
LA_E_6718868,1,pstn,A08
LA_E_6719916,0,gsm,bonafide
LA_E_6719971,1,alaw,A10
LA_E_6720028,1,none,A14
LA_E_6720999,1,gsm,A14
LA_E_6721063,1,gsm,A08
LA_E_6721938,1,ulaw,A08
LA_E_6722125,1,none,A18
LA_E_6722215,1,pstn,A10
LA_E_6722543,1,opus,A08
LA_E_6722834,1,ulaw,A11
LA_E_6722901,1,gsm,A09
LA_E_6723090,1,g722,A08
LA_E_6723379,1,alaw,A13
LA_E_6723743,1,none,A19
LA_E_6724582,1,gsm,A18
LA_E_6725068,1,gsm,A07
LA_E_6725441,1,pstn,A14
LA_E_6725715,1,none,A14
LA_E_6726019,1,g722,A11
LA_E_6726113,1,opus,A11
LA_E_6726224,1,none,A18
LA_E_6727102,1,gsm,A10
LA_E_6727123,0,ulaw,bonafide
LA_E_6727583,0,opus,bonafide
LA_E_6727900,1,pstn,A16
LA_E_6728007,1,alaw,A09
LA_E_6728018,1,gsm,A17
LA_E_6728593,1,gsm,A08
LA_E_6728958,1,alaw,A08
LA_E_6729404,0,pstn,bonafide
LA_E_6729640,1,alaw,A08
LA_E_6729795,1,g722,A08
LA_E_6730479,1,gsm,A10
LA_E_6730637,1,ulaw,A09
LA_E_6731414,1,opus,A15
LA_E_6731606,1,alaw,A16
LA_E_6731671,1,opus,A15
LA_E_6731674,0,ulaw,bonafide
LA_E_6731697,1,alaw,A12
LA_E_6731842,1,none,A12
LA_E_6732216,1,opus,A17
LA_E_6732349,1,alaw,A18
LA_E_6732478,1,none,A08
LA_E_6732489,1,pstn,A15
LA_E_6732650,1,pstn,A11
LA_E_6732995,1,pstn,A18
LA_E_6733243,1,alaw,A18
LA_E_6733324,1,none,A13
LA_E_6733333,1,opus,A08
LA_E_6733440,1,g722,A07
LA_E_6733521,1,ulaw,A16
LA_E_6733991,1,gsm,A13
LA_E_6733994,1,gsm,A12
LA_E_6734732,1,ulaw,A12
LA_E_6734800,1,opus,A17
LA_E_6734837,1,ulaw,A14
LA_E_6735310,1,alaw,A17
LA_E_6735349,1,g722,A17
LA_E_6735782,1,alaw,A16
LA_E_6735917,1,none,A07
LA_E_6736052,1,pstn,A18
LA_E_6736108,1,g722,A14
LA_E_6736132,1,alaw,A10
LA_E_6736175,1,gsm,A10
LA_E_6736550,1,gsm,A08
LA_E_6737018,0,g722,bonafide
LA_E_6737112,1,ulaw,A12
LA_E_6737414,1,pstn,A09
LA_E_6737919,1,pstn,A14
LA_E_6738241,1,gsm,A13
LA_E_6738444,1,alaw,A12
LA_E_6738763,1,pstn,A17
LA_E_6739190,1,g722,A08
LA_E_6739407,1,none,A11
LA_E_6739473,1,opus,A14
LA_E_6739711,1,alaw,A14
LA_E_6740331,1,alaw,A07
LA_E_6741960,0,opus,bonafide
LA_E_6742308,1,pstn,A13
LA_E_6742464,1,ulaw,A09
LA_E_6742853,0,none,bonafide
LA_E_6743092,1,opus,A19
LA_E_6743866,1,gsm,A12
LA_E_6744076,1,ulaw,A12
LA_E_6744271,1,g722,A16
LA_E_6744498,1,none,A11
LA_E_6744683,1,none,A17
LA_E_6745021,1,gsm,A16
LA_E_6745613,0,ulaw,bonafide
LA_E_6745778,0,gsm,bonafide
LA_E_6745794,1,gsm,A17
LA_E_6745991,0,alaw,bonafide
LA_E_6746032,1,none,A11
LA_E_6746186,1,ulaw,A15
LA_E_6746214,1,opus,A09
LA_E_6747452,1,alaw,A09
LA_E_6747463,1,g722,A12
LA_E_6748421,1,opus,A07
LA_E_6748547,1,ulaw,A19
LA_E_6748725,1,none,A10
LA_E_6748763,1,opus,A10
LA_E_6748843,1,none,A15
LA_E_6750026,1,ulaw,A07
LA_E_6750229,1,alaw,A12
LA_E_6750854,1,none,A08
LA_E_6750867,1,g722,A15
LA_E_6751204,1,alaw,A10
LA_E_6751546,1,g722,A19
LA_E_6751548,1,ulaw,A18
LA_E_6751670,1,ulaw,A15
LA_E_6751794,1,ulaw,A12
LA_E_6751823,1,g722,A12
LA_E_6752471,1,g722,A18
LA_E_6752729,0,pstn,bonafide
LA_E_6753303,1,ulaw,A14
LA_E_6753650,1,ulaw,A19
LA_E_6754021,1,opus,A14
LA_E_6754502,1,ulaw,A09
LA_E_6754853,1,ulaw,A10
LA_E_6754887,1,opus,A17
LA_E_6755007,1,ulaw,A10
LA_E_6755163,1,ulaw,A12
LA_E_6755440,1,none,A13
LA_E_6755726,1,ulaw,A13
LA_E_6755876,1,opus,A14
LA_E_6755883,1,g722,A09
LA_E_6755905,1,opus,A14
LA_E_6756280,1,ulaw,A17
LA_E_6756693,1,opus,A11
LA_E_6756742,1,ulaw,A11
LA_E_6757322,1,opus,A14
LA_E_6757473,1,none,A18
LA_E_6757900,0,none,bonafide
LA_E_6758245,1,ulaw,A18
LA_E_6758457,1,g722,A16
LA_E_6758882,1,opus,A08
LA_E_6759117,1,alaw,A18
LA_E_6759320,1,pstn,A13
LA_E_6759389,1,ulaw,A12
LA_E_6759444,1,opus,A07
LA_E_6760056,1,gsm,A14
LA_E_6760421,1,none,A10
LA_E_6760766,1,gsm,A16
LA_E_6760847,1,pstn,A11
LA_E_6760993,1,ulaw,A16
LA_E_6761816,1,none,A10
LA_E_6761880,1,ulaw,A11
LA_E_6762125,1,none,A08
LA_E_6762160,0,alaw,bonafide
LA_E_6762315,1,gsm,A07
LA_E_6762523,1,none,A14
LA_E_6762562,1,alaw,A17
LA_E_6762687,0,alaw,bonafide
LA_E_6762920,1,pstn,A13
LA_E_6763564,1,opus,A17
LA_E_6763948,1,gsm,A12
LA_E_6764097,1,alaw,A07
LA_E_6764301,1,alaw,A11
LA_E_6764764,1,g722,A07
LA_E_6765349,1,opus,A15
LA_E_6765449,1,gsm,A18
LA_E_6765720,1,opus,A07
LA_E_6765931,1,pstn,A11
LA_E_6765942,1,opus,A15
LA_E_6765973,1,gsm,A15
LA_E_6767854,1,opus,A13
LA_E_6767964,1,g722,A17
LA_E_6768075,1,gsm,A13
LA_E_6768187,1,g722,A17
LA_E_6768262,1,none,A13
LA_E_6768360,1,opus,A09
LA_E_6769058,1,g722,A09
LA_E_6769438,1,gsm,A12
LA_E_6769531,1,gsm,A18
LA_E_6769788,1,gsm,A14
LA_E_6770463,1,ulaw,A18
LA_E_6770629,1,none,A07
LA_E_6770809,1,none,A08
LA_E_6770925,0,none,bonafide
LA_E_6771258,1,alaw,A08
LA_E_6771687,1,opus,A18
LA_E_6771775,1,g722,A19
LA_E_6772009,1,none,A11
LA_E_6772206,1,gsm,A15
LA_E_6772445,0,none,bonafide
LA_E_6772730,1,ulaw,A18
LA_E_6772766,1,opus,A19
LA_E_6774166,1,none,A12
LA_E_6774332,1,pstn,A17
LA_E_6774371,1,ulaw,A13
LA_E_6774734,1,ulaw,A14
LA_E_6774887,1,none,A09
LA_E_6775081,1,pstn,A11
LA_E_6775363,1,alaw,A17
LA_E_6776242,1,pstn,A16
LA_E_6776305,1,opus,A11
LA_E_6776308,1,opus,A12
LA_E_6776469,1,ulaw,A17
LA_E_6776955,1,gsm,A16
LA_E_6777263,1,g722,A11
LA_E_6777331,1,gsm,A16
LA_E_6777518,1,opus,A12
LA_E_6777867,1,none,A19
LA_E_6778087,0,opus,bonafide
LA_E_6779221,1,opus,A19
LA_E_6780220,0,none,bonafide
LA_E_6780259,1,opus,A08
LA_E_6780829,1,pstn,A19
LA_E_6781075,1,gsm,A12
LA_E_6781125,1,ulaw,A07
LA_E_6781151,1,g722,A13
LA_E_6781254,1,ulaw,A16
LA_E_6782282,1,opus,A14
LA_E_6782632,1,alaw,A13
LA_E_6782658,1,alaw,A19
LA_E_6782731,1,gsm,A19
LA_E_6782959,0,opus,bonafide
LA_E_6783265,0,gsm,bonafide
LA_E_6783284,1,pstn,A19
LA_E_6783484,1,g722,A18
LA_E_6784543,1,opus,A18
LA_E_6785838,0,gsm,bonafide
LA_E_6786334,1,none,A15
LA_E_6786471,1,none,A14
LA_E_6787306,1,none,A16
LA_E_6787410,1,pstn,A09
LA_E_6787574,1,ulaw,A07
LA_E_6787591,0,none,bonafide
LA_E_6787805,1,alaw,A13
LA_E_6787953,1,ulaw,A09
LA_E_6788026,1,alaw,A13
LA_E_6788409,1,opus,A16
LA_E_6788901,1,pstn,A10
LA_E_6789111,1,g722,A08
LA_E_6789338,0,alaw,bonafide
LA_E_6789339,1,g722,A09
LA_E_6789415,1,pstn,A14
LA_E_6789903,1,gsm,A10
LA_E_6790053,0,opus,bonafide
LA_E_6790314,1,ulaw,A19
LA_E_6790471,1,gsm,A15
LA_E_6791032,1,g722,A18
LA_E_6791264,1,g722,A15
LA_E_6791274,1,alaw,A12
LA_E_6791457,1,gsm,A16
LA_E_6791459,1,gsm,A19
LA_E_6791776,1,alaw,A18
LA_E_6791809,1,pstn,A08
LA_E_6791901,1,ulaw,A08
LA_E_6792554,1,pstn,A15
LA_E_6792662,1,none,A09
LA_E_6792823,1,g722,A15
LA_E_6793298,1,none,A11
LA_E_6793517,1,alaw,A11
LA_E_6793717,1,opus,A10
LA_E_6793841,1,ulaw,A11
LA_E_6794306,1,ulaw,A17
LA_E_6794905,0,pstn,bonafide
LA_E_6796002,1,pstn,A11
LA_E_6796097,1,opus,A13
LA_E_6796357,1,opus,A15
LA_E_6796530,1,opus,A15
LA_E_6797052,1,g722,A12
LA_E_6797816,1,alaw,A15
LA_E_6798713,1,pstn,A19
LA_E_6799298,1,alaw,A17
LA_E_6799303,1,pstn,A12
LA_E_6799371,1,none,A14
LA_E_6799395,1,none,A13
LA_E_6799725,1,alaw,A10
LA_E_6799823,1,gsm,A15
LA_E_6800440,1,gsm,A17
LA_E_6800496,1,alaw,A14
LA_E_6800651,0,pstn,bonafide
LA_E_6800854,1,pstn,A19
LA_E_6801065,1,pstn,A07
LA_E_6801095,1,pstn,A07
LA_E_6801301,1,pstn,A16
LA_E_6801398,1,opus,A09
LA_E_6801814,1,pstn,A09
LA_E_6801886,1,alaw,A08
LA_E_6802095,1,pstn,A09
LA_E_6802381,1,pstn,A09
LA_E_6802408,1,gsm,A09
LA_E_6802558,1,ulaw,A15
LA_E_6802559,1,gsm,A08
LA_E_6803003,1,gsm,A14
LA_E_6803091,1,opus,A18
LA_E_6803234,1,gsm,A08
LA_E_6803538,1,alaw,A12
LA_E_6803758,1,alaw,A09
LA_E_6803784,1,g722,A11
LA_E_6803830,1,none,A19
LA_E_6804183,1,g722,A15
LA_E_6805003,1,ulaw,A08
LA_E_6805240,0,pstn,bonafide
LA_E_6805440,1,gsm,A16
LA_E_6805558,1,alaw,A10
LA_E_6806394,0,none,bonafide
LA_E_6806463,1,opus,A12
LA_E_6806947,1,opus,A09
LA_E_6807029,1,g722,A15
LA_E_6807109,1,pstn,A08
LA_E_6807420,1,pstn,A18
LA_E_6807860,1,pstn,A09
LA_E_6810088,1,none,A09
LA_E_6810927,1,none,A18
LA_E_6811136,1,g722,A08
LA_E_6811319,1,alaw,A15
LA_E_6811415,0,opus,bonafide
LA_E_6811741,0,gsm,bonafide
LA_E_6812288,1,ulaw,A15
LA_E_6812388,1,gsm,A18
LA_E_6812627,1,none,A13
LA_E_6813196,1,alaw,A15
LA_E_6813649,1,g722,A11
LA_E_6813998,1,pstn,A18
LA_E_6814086,0,ulaw,bonafide
LA_E_6814219,1,gsm,A16
LA_E_6814325,1,pstn,A16
LA_E_6814566,1,gsm,A09
LA_E_6815253,1,pstn,A09
LA_E_6815481,1,pstn,A10
LA_E_6815865,1,alaw,A14
LA_E_6816113,1,ulaw,A16
LA_E_6816394,1,g722,A10
LA_E_6817196,1,gsm,A09
LA_E_6817400,1,none,A18
LA_E_6817511,1,opus,A12
LA_E_6818277,1,ulaw,A15
LA_E_6818655,0,pstn,bonafide
LA_E_6818747,1,g722,A16
LA_E_6818880,1,pstn,A08
LA_E_6819012,0,alaw,bonafide
LA_E_6819437,1,none,A15
LA_E_6819523,1,pstn,A08
LA_E_6819736,1,gsm,A13
LA_E_6820097,1,opus,A10
LA_E_6820333,1,opus,A18
LA_E_6820345,1,pstn,A18
LA_E_6820685,1,gsm,A19
LA_E_6820799,1,opus,A12
LA_E_6821205,1,none,A16
LA_E_6821279,1,ulaw,A08
LA_E_6821665,1,alaw,A08
LA_E_6821668,1,alaw,A18
LA_E_6821817,0,g722,bonafide
LA_E_6821849,1,ulaw,A18
LA_E_6822008,1,ulaw,A09
LA_E_6822035,1,ulaw,A15
LA_E_6822227,1,g722,A16
LA_E_6822376,1,alaw,A07
LA_E_6822452,0,pstn,bonafide
LA_E_6822713,1,alaw,A15
LA_E_6822788,1,ulaw,A12
LA_E_6823391,1,ulaw,A17
LA_E_6823581,1,g722,A08
LA_E_6824287,1,none,A12
LA_E_6824958,1,gsm,A19
LA_E_6825003,1,gsm,A14
LA_E_6825474,1,ulaw,A14
LA_E_6825541,1,opus,A07
LA_E_6825771,1,opus,A08
LA_E_6825921,1,alaw,A12
LA_E_6825943,1,ulaw,A11
LA_E_6826189,1,pstn,A19
LA_E_6826247,1,gsm,A18
LA_E_6826662,1,opus,A15
LA_E_6826751,1,ulaw,A08
LA_E_6826914,1,opus,A16
LA_E_6826971,1,gsm,A07
LA_E_6827547,1,ulaw,A13
LA_E_6827652,1,none,A15
LA_E_6828160,1,opus,A17
LA_E_6828311,1,gsm,A17
LA_E_6828508,1,g722,A09
LA_E_6828661,1,ulaw,A12
LA_E_6828726,1,none,A10
LA_E_6828795,1,opus,A08
LA_E_6829051,1,opus,A17
LA_E_6829244,1,gsm,A08
LA_E_6829568,1,pstn,A08
LA_E_6829644,0,none,bonafide
LA_E_6830232,1,alaw,A10
LA_E_6830412,1,opus,A12
LA_E_6830436,1,g722,A11
LA_E_6830767,1,pstn,A14
LA_E_6831715,1,gsm,A17
LA_E_6831719,1,gsm,A11
LA_E_6832018,1,ulaw,A17
LA_E_6832087,1,ulaw,A17
LA_E_6832378,1,alaw,A12
LA_E_6832717,0,gsm,bonafide
LA_E_6832828,1,gsm,A11
LA_E_6833418,1,alaw,A19
LA_E_6833625,1,gsm,A10
LA_E_6833717,1,alaw,A16
LA_E_6834787,1,g722,A07
LA_E_6834890,1,none,A11
LA_E_6835028,1,gsm,A09
LA_E_6835222,1,ulaw,A16
LA_E_6835257,1,ulaw,A10
LA_E_6835477,0,ulaw,bonafide
LA_E_6835807,1,g722,A11
LA_E_6836013,1,gsm,A19
LA_E_6836102,1,opus,A11
LA_E_6836467,1,pstn,A07
LA_E_6836879,1,alaw,A10
LA_E_6836965,1,g722,A08
LA_E_6837280,1,none,A18
LA_E_6837395,1,gsm,A11
LA_E_6837413,0,opus,bonafide
LA_E_6838270,0,opus,bonafide
LA_E_6838341,1,alaw,A16
LA_E_6838467,1,opus,A09
LA_E_6838507,1,ulaw,A17
LA_E_6838700,1,gsm,A09
LA_E_6838943,1,gsm,A19
LA_E_6839127,0,g722,bonafide
LA_E_6839290,1,opus,A19
LA_E_6839688,1,opus,A16
LA_E_6839874,1,pstn,A14
LA_E_6839920,1,gsm,A17
LA_E_6840380,1,none,A07
LA_E_6840467,1,ulaw,A15
LA_E_6840696,0,gsm,bonafide
LA_E_6841054,1,alaw,A09
LA_E_6841479,1,gsm,A15
LA_E_6842478,1,pstn,A18
LA_E_6842499,1,none,A09
LA_E_6842549,1,gsm,A08
LA_E_6842782,0,none,bonafide
LA_E_6843113,1,ulaw,A10
LA_E_6843828,0,alaw,bonafide
LA_E_6844714,1,g722,A17
LA_E_6845902,1,opus,A09
LA_E_6846322,1,gsm,A12
LA_E_6846401,0,ulaw,bonafide
LA_E_6846574,1,gsm,A19
LA_E_6848332,1,g722,A16
LA_E_6848375,1,opus,A16
LA_E_6848564,1,opus,A16
LA_E_6848600,1,gsm,A18
LA_E_6848616,0,opus,bonafide
LA_E_6848765,1,opus,A10
LA_E_6849352,1,gsm,A18
LA_E_6849879,1,pstn,A07
LA_E_6849915,1,opus,A12
LA_E_6850281,1,alaw,A15
LA_E_6850483,1,alaw,A11
LA_E_6850754,1,ulaw,A10
LA_E_6851423,1,ulaw,A13
LA_E_6851453,1,pstn,A08
LA_E_6851671,1,pstn,A18
LA_E_6852045,1,gsm,A14
LA_E_6852576,1,pstn,A11
LA_E_6853498,0,g722,bonafide
LA_E_6855127,1,pstn,A07
LA_E_6855161,1,alaw,A10
LA_E_6855994,1,ulaw,A15
LA_E_6856452,1,opus,A07
LA_E_6856584,1,alaw,A07
LA_E_6856659,0,alaw,bonafide
LA_E_6856680,1,g722,A09
LA_E_6857020,1,pstn,A14
LA_E_6857719,1,g722,A10
LA_E_6857958,1,ulaw,A10
LA_E_6858017,1,opus,A19
LA_E_6858040,1,opus,A08
LA_E_6858230,1,gsm,A13
LA_E_6858541,1,ulaw,A13
LA_E_6858633,1,ulaw,A19
LA_E_6858731,1,opus,A16
LA_E_6859176,1,opus,A11
LA_E_6859689,1,none,A07
LA_E_6860063,1,g722,A13
LA_E_6860564,1,none,A16
LA_E_6860929,1,g722,A18
LA_E_6861108,1,none,A07
LA_E_6861498,1,g722,A13
LA_E_6861721,1,opus,A09
LA_E_6861870,1,g722,A17
LA_E_6862325,1,gsm,A13
LA_E_6862422,1,alaw,A08
LA_E_6862497,1,pstn,A16
LA_E_6862746,1,pstn,A18
LA_E_6863046,1,opus,A08
LA_E_6863063,1,g722,A12
LA_E_6863447,1,opus,A15
LA_E_6863465,1,ulaw,A11
LA_E_6863635,1,opus,A15
LA_E_6863710,1,opus,A11
LA_E_6863958,0,none,bonafide
LA_E_6864240,0,opus,bonafide
LA_E_6864318,1,none,A17
LA_E_6864407,1,ulaw,A14
LA_E_6864733,1,none,A16
LA_E_6864892,1,gsm,A13
LA_E_6865374,1,opus,A12
LA_E_6865482,1,none,A08
LA_E_6865895,1,g722,A11
LA_E_6866785,1,g722,A17
LA_E_6866797,1,pstn,A15
LA_E_6866971,1,opus,A08
LA_E_6867190,1,gsm,A17
LA_E_6868720,1,opus,A11
LA_E_6869361,1,pstn,A17
LA_E_6869652,1,ulaw,A16
LA_E_6870273,1,none,A15
LA_E_6870391,1,opus,A17
LA_E_6870481,1,pstn,A11
LA_E_6870813,1,g722,A15
LA_E_6870908,1,ulaw,A16
LA_E_6871098,1,ulaw,A11
LA_E_6871395,1,alaw,A14
LA_E_6871989,1,gsm,A17
LA_E_6872032,1,ulaw,A09
LA_E_6872460,1,alaw,A13
LA_E_6872466,1,g722,A11
LA_E_6872563,1,opus,A17
LA_E_6872932,1,gsm,A13
LA_E_6872954,1,gsm,A16
LA_E_6873296,1,ulaw,A19
LA_E_6873384,0,opus,bonafide
LA_E_6873818,1,g722,A07
LA_E_6874302,1,alaw,A11
LA_E_6874678,1,gsm,A10
LA_E_6874840,1,opus,A14
LA_E_6876025,1,none,A07
LA_E_6876073,1,opus,A08
LA_E_6876493,1,ulaw,A18
LA_E_6876534,1,opus,A08
LA_E_6876785,1,gsm,A09
LA_E_6876819,1,ulaw,A18
LA_E_6876961,1,alaw,A16
LA_E_6877653,1,none,A11
LA_E_6878006,1,none,A12
LA_E_6878483,1,g722,A10
LA_E_6878872,1,opus,A16
LA_E_6878912,1,alaw,A17
LA_E_6879205,1,pstn,A15
LA_E_6879477,1,alaw,A10
LA_E_6880198,1,none,A08
LA_E_6880543,1,g722,A09
LA_E_6880708,1,pstn,A16
LA_E_6881119,1,pstn,A16
LA_E_6881613,1,opus,A13
LA_E_6881892,1,alaw,A08
LA_E_6883488,1,pstn,A08
LA_E_6883831,0,ulaw,bonafide
LA_E_6883925,1,opus,A19
LA_E_6884077,1,ulaw,A10
LA_E_6884392,1,pstn,A15
LA_E_6884785,1,opus,A08
LA_E_6884838,1,alaw,A12
LA_E_6884857,1,gsm,A18
LA_E_6884888,1,none,A09
LA_E_6886016,1,pstn,A15
LA_E_6886084,1,gsm,A16
LA_E_6886245,1,g722,A13
LA_E_6886264,1,opus,A18
LA_E_6887090,1,alaw,A13
LA_E_6887180,1,opus,A15
LA_E_6887275,1,g722,A13
LA_E_6887577,1,opus,A14
LA_E_6887649,1,g722,A14
LA_E_6887903,1,pstn,A13
LA_E_6888220,1,alaw,A08
LA_E_6888522,1,opus,A09
LA_E_6888955,1,gsm,A16
LA_E_6889085,1,pstn,A14
LA_E_6889314,1,gsm,A12
LA_E_6889465,1,ulaw,A12
LA_E_6889471,0,opus,bonafide
LA_E_6890194,0,none,bonafide
LA_E_6890459,1,g722,A18
LA_E_6890838,1,g722,A15
LA_E_6890988,1,pstn,A07
LA_E_6891133,1,pstn,A09
LA_E_6891314,1,g722,A19
LA_E_6891320,1,opus,A18
LA_E_6891623,1,g722,A18
LA_E_6891791,1,ulaw,A13
LA_E_6891854,1,ulaw,A19
LA_E_6891885,1,alaw,A17
LA_E_6892233,1,alaw,A12
LA_E_6893339,1,gsm,A08
LA_E_6893426,1,opus,A16
LA_E_6894216,1,alaw,A15
LA_E_6894257,1,opus,A16
LA_E_6894308,1,opus,A13
LA_E_6894730,1,gsm,A10
LA_E_6894854,1,ulaw,A07
LA_E_6894949,1,none,A07
LA_E_6895011,1,pstn,A17
LA_E_6895271,0,gsm,bonafide
LA_E_6895423,1,gsm,A14
LA_E_6896215,1,gsm,A15
LA_E_6896361,1,ulaw,A18
LA_E_6896403,0,ulaw,bonafide
LA_E_6896558,1,opus,A19
LA_E_6896972,1,none,A11
LA_E_6897351,1,opus,A13
LA_E_6897354,0,opus,bonafide
LA_E_6897390,1,ulaw,A11
LA_E_6897409,0,g722,bonafide
LA_E_6897473,1,g722,A15
LA_E_6897798,1,opus,A07
LA_E_6897889,1,none,A19
LA_E_6897944,1,gsm,A16
LA_E_6898320,1,alaw,A07
LA_E_6898323,1,opus,A17
LA_E_6899292,1,none,A17
LA_E_6899550,0,none,bonafide
LA_E_6899785,1,opus,A12
LA_E_6899829,1,g722,A07
LA_E_6899935,1,g722,A17
LA_E_6900072,1,g722,A17
LA_E_6900362,1,g722,A18
LA_E_6900946,1,gsm,A12
LA_E_6901007,1,none,A11
LA_E_6901230,1,opus,A07
LA_E_6901255,1,alaw,A09
LA_E_6902340,0,alaw,bonafide
LA_E_6902383,0,opus,bonafide
LA_E_6902711,1,ulaw,A09
LA_E_6903055,1,gsm,A10
LA_E_6903256,1,gsm,A13
LA_E_6903423,1,pstn,A07
LA_E_6903679,1,gsm,A16
LA_E_6903944,0,alaw,bonafide
LA_E_6904676,1,ulaw,A19
LA_E_6904683,1,gsm,A19
LA_E_6904757,1,opus,A11
LA_E_6904852,1,gsm,A09
LA_E_6904954,1,pstn,A12
LA_E_6905104,1,opus,A19
LA_E_6905362,1,pstn,A09
LA_E_6905950,1,g722,A11
LA_E_6906177,1,g722,A09
LA_E_6906762,1,ulaw,A10
LA_E_6906974,1,ulaw,A18
LA_E_6907177,1,alaw,A07
LA_E_6907859,1,none,A08
LA_E_6908594,1,alaw,A09
LA_E_6908709,1,g722,A19
LA_E_6909218,1,alaw,A09
LA_E_6909940,1,pstn,A13
LA_E_6910134,1,gsm,A12
LA_E_6910295,1,opus,A13
LA_E_6910325,1,ulaw,A14
LA_E_6910680,1,ulaw,A10
LA_E_6910704,1,alaw,A12
LA_E_6910880,1,alaw,A08
LA_E_6911221,1,pstn,A07
LA_E_6911325,1,pstn,A15
LA_E_6911437,1,gsm,A10
LA_E_6911954,1,alaw,A19
LA_E_6912487,1,ulaw,A07
LA_E_6912618,1,ulaw,A19
LA_E_6912634,1,alaw,A12
LA_E_6912839,1,pstn,A08
LA_E_6912882,1,gsm,A09
LA_E_6912891,1,gsm,A13
LA_E_6913458,0,opus,bonafide
LA_E_6913558,1,g722,A17
LA_E_6913564,1,ulaw,A08
LA_E_6913814,1,opus,A19
LA_E_6913847,1,alaw,A15
LA_E_6914874,1,alaw,A07
LA_E_6915499,1,pstn,A18
LA_E_6915907,1,g722,A18
LA_E_6916281,1,none,A18
LA_E_6916410,1,alaw,A09
LA_E_6916835,1,ulaw,A16
LA_E_6916964,1,gsm,A08
LA_E_6916987,1,g722,A15
LA_E_6917187,1,gsm,A14
LA_E_6917343,1,none,A12
LA_E_6917421,1,pstn,A08
LA_E_6917597,1,opus,A14
LA_E_6917952,1,opus,A13
LA_E_6918034,1,ulaw,A17
LA_E_6918417,0,alaw,bonafide
LA_E_6918806,1,gsm,A11
LA_E_6919393,1,gsm,A15
LA_E_6919472,0,g722,bonafide
LA_E_6919527,1,ulaw,A19
LA_E_6919790,1,alaw,A17
LA_E_6919820,0,ulaw,bonafide
LA_E_6919870,1,none,A12
LA_E_6920256,1,opus,A13
LA_E_6920388,1,g722,A08
LA_E_6920923,1,pstn,A08
LA_E_6921559,1,ulaw,A14
LA_E_6921571,1,pstn,A13
LA_E_6921810,1,ulaw,A08
LA_E_6922249,1,pstn,A19
LA_E_6922331,1,alaw,A14
LA_E_6922704,1,pstn,A12
LA_E_6922806,1,ulaw,A13
LA_E_6923118,1,alaw,A11
LA_E_6923294,1,ulaw,A13
LA_E_6923703,1,alaw,A07
LA_E_6923999,1,g722,A15
LA_E_6924016,1,none,A14
LA_E_6924620,1,pstn,A08
LA_E_6924757,1,none,A14
LA_E_6924786,1,alaw,A17
LA_E_6925019,1,alaw,A11
LA_E_6925282,1,opus,A17
LA_E_6925405,1,g722,A10
LA_E_6925820,1,g722,A15
LA_E_6925920,1,g722,A15
LA_E_6926018,0,g722,bonafide
LA_E_6926087,1,none,A12
LA_E_6926340,0,alaw,bonafide
LA_E_6926576,1,none,A09
LA_E_6926695,1,ulaw,A09
LA_E_6926983,1,gsm,A08
LA_E_6927667,1,none,A08
LA_E_6927757,1,ulaw,A15
LA_E_6927905,1,g722,A16
LA_E_6928397,0,ulaw,bonafide
LA_E_6929252,1,alaw,A10
LA_E_6929744,1,pstn,A07
LA_E_6929831,1,g722,A09
LA_E_6930004,1,ulaw,A17
LA_E_6930343,1,g722,A18
LA_E_6930422,1,alaw,A18
LA_E_6930612,0,ulaw,bonafide
LA_E_6930760,1,alaw,A14
LA_E_6931379,0,opus,bonafide
LA_E_6931381,1,opus,A09
LA_E_6931418,1,ulaw,A09
LA_E_6931463,1,alaw,A08
LA_E_6931500,0,opus,bonafide
LA_E_6931563,1,ulaw,A13
LA_E_6931607,1,none,A10
LA_E_6931791,1,ulaw,A19
LA_E_6931814,1,opus,A16
LA_E_6931853,1,pstn,A17
LA_E_6932876,1,pstn,A10
LA_E_6933098,1,alaw,A19
LA_E_6933175,1,pstn,A12
LA_E_6933514,0,pstn,bonafide
LA_E_6933929,1,ulaw,A13
LA_E_6934057,0,alaw,bonafide
LA_E_6934095,1,g722,A15
LA_E_6934156,1,alaw,A18
LA_E_6934677,1,opus,A12
LA_E_6934922,1,ulaw,A07
LA_E_6935231,1,alaw,A08
LA_E_6935371,1,ulaw,A07
LA_E_6935773,1,alaw,A10
LA_E_6937183,1,ulaw,A09
LA_E_6937394,1,none,A12
LA_E_6937644,1,g722,A13
LA_E_6938155,1,gsm,A07
LA_E_6938308,1,ulaw,A11
LA_E_6939109,1,none,A07
LA_E_6940136,1,gsm,A16
LA_E_6940273,1,none,A10
LA_E_6941002,1,opus,A11
LA_E_6941014,1,gsm,A16
LA_E_6941136,1,gsm,A16
LA_E_6941372,1,gsm,A16
LA_E_6941591,0,opus,bonafide
LA_E_6942227,1,g722,A12
LA_E_6942592,1,ulaw,A15
LA_E_6942649,1,none,A19
LA_E_6943028,1,gsm,A15
LA_E_6943582,1,opus,A10
LA_E_6944235,1,ulaw,A10
LA_E_6944614,1,pstn,A14
LA_E_6945185,1,opus,A12
LA_E_6945709,1,none,A17
LA_E_6946307,1,g722,A14
LA_E_6946672,0,none,bonafide
LA_E_6946827,1,alaw,A09
LA_E_6947098,1,gsm,A08
LA_E_6947470,1,ulaw,A15
LA_E_6947990,0,opus,bonafide
LA_E_6948088,1,ulaw,A14
LA_E_6949192,0,g722,bonafide
LA_E_6949305,1,none,A19
LA_E_6950511,1,none,A14
LA_E_6950701,1,ulaw,A15
LA_E_6951289,1,opus,A13
LA_E_6951423,1,gsm,A19
LA_E_6951670,1,pstn,A13
LA_E_6951921,0,gsm,bonafide
LA_E_6951935,1,opus,A13
LA_E_6951994,1,pstn,A13
LA_E_6952135,0,none,bonafide
LA_E_6952899,1,gsm,A07
LA_E_6953732,1,alaw,A14
LA_E_6955028,1,pstn,A14
LA_E_6955263,1,opus,A14
LA_E_6955374,1,gsm,A15
LA_E_6955402,1,pstn,A14
LA_E_6955617,1,pstn,A11
LA_E_6957068,1,none,A14
LA_E_6957333,1,ulaw,A10
LA_E_6957497,1,g722,A09
LA_E_6957712,1,g722,A13
LA_E_6957859,1,ulaw,A07
LA_E_6957959,1,pstn,A16
LA_E_6958580,1,gsm,A14
LA_E_6958830,1,gsm,A10
LA_E_6958945,1,gsm,A16
LA_E_6959032,1,none,A11
LA_E_6960215,1,none,A19
LA_E_6960485,1,opus,A14
LA_E_6960645,1,ulaw,A12
LA_E_6960682,0,pstn,bonafide
LA_E_6961203,1,alaw,A16
LA_E_6961289,1,gsm,A07
LA_E_6961607,1,opus,A09
LA_E_6961789,1,ulaw,A19
LA_E_6962119,1,ulaw,A16
LA_E_6962278,1,none,A14
LA_E_6962754,1,gsm,A10
LA_E_6962766,1,opus,A08
LA_E_6962834,1,gsm,A08
LA_E_6962843,1,opus,A16
LA_E_6962869,1,opus,A09
LA_E_6963108,1,ulaw,A14
LA_E_6963124,1,alaw,A08
LA_E_6963595,1,gsm,A19
LA_E_6963756,1,g722,A10
LA_E_6964028,1,opus,A12
LA_E_6964337,1,opus,A08
LA_E_6964370,1,ulaw,A17
LA_E_6965491,1,g722,A16
LA_E_6965859,1,opus,A15
LA_E_6965882,1,g722,A16
LA_E_6965913,0,opus,bonafide
LA_E_6965931,1,gsm,A08
LA_E_6966009,0,pstn,bonafide
LA_E_6966282,1,g722,A12
LA_E_6966903,1,opus,A10
LA_E_6967088,0,opus,bonafide
LA_E_6967559,1,ulaw,A08
LA_E_6968017,1,gsm,A12
LA_E_6968043,1,none,A09
LA_E_6968185,1,g722,A16
LA_E_6969575,1,alaw,A08
LA_E_6969755,1,pstn,A17
LA_E_6970053,1,none,A16
LA_E_6970235,1,opus,A16
LA_E_6971890,1,pstn,A16
LA_E_6972285,1,ulaw,A08
LA_E_6972373,1,none,A14
LA_E_6972649,1,gsm,A16
LA_E_6972982,1,none,A08
LA_E_6973399,1,g722,A16
LA_E_6973439,1,none,A10
LA_E_6973912,1,ulaw,A11
LA_E_6974293,1,ulaw,A18
LA_E_6974978,1,gsm,A18
LA_E_6975523,1,g722,A19
LA_E_6975542,1,opus,A17
LA_E_6976165,1,none,A07
LA_E_6976259,1,ulaw,A18
LA_E_6976775,1,g722,A16
LA_E_6976935,1,ulaw,A11
LA_E_6977320,0,none,bonafide
LA_E_6978432,1,g722,A13
LA_E_6978592,1,pstn,A11
LA_E_6978990,1,alaw,A18
LA_E_6979096,0,opus,bonafide
LA_E_6979585,1,gsm,A07
LA_E_6979623,1,gsm,A18
LA_E_6979675,1,gsm,A15
LA_E_6979849,1,g722,A14
LA_E_6980100,1,none,A19
LA_E_6980259,1,gsm,A14
LA_E_6980477,1,none,A16
LA_E_6980674,1,pstn,A12
LA_E_6980715,1,none,A09
LA_E_6980827,1,ulaw,A19
LA_E_6980959,1,gsm,A08
LA_E_6981406,1,alaw,A19
LA_E_6981762,1,opus,A13
LA_E_6981840,1,alaw,A15
LA_E_6982129,1,none,A14
LA_E_6982200,1,ulaw,A14
LA_E_6982239,1,g722,A10
LA_E_6983677,1,gsm,A11
LA_E_6983709,1,none,A12
LA_E_6984044,1,opus,A07
LA_E_6985412,1,alaw,A11
LA_E_6985613,0,gsm,bonafide
LA_E_6985728,1,none,A13
LA_E_6986092,0,gsm,bonafide
LA_E_6986498,0,alaw,bonafide
LA_E_6986542,1,pstn,A18
LA_E_6986711,1,ulaw,A14
LA_E_6987037,1,alaw,A10
LA_E_6987091,1,ulaw,A16
LA_E_6987318,1,ulaw,A13
LA_E_6987605,1,g722,A14
LA_E_6987930,1,opus,A12
LA_E_6987990,1,pstn,A12
LA_E_6988135,1,g722,A15
LA_E_6988317,1,opus,A15
LA_E_6988605,1,gsm,A14
LA_E_6988929,1,ulaw,A08
LA_E_6989300,1,pstn,A13
LA_E_6989465,1,ulaw,A15
LA_E_6990258,1,ulaw,A15
LA_E_6990385,1,ulaw,A16
LA_E_6990466,0,pstn,bonafide
LA_E_6991215,1,alaw,A08
LA_E_6991429,1,pstn,A10
LA_E_6991527,1,alaw,A15
LA_E_6992249,1,ulaw,A13
LA_E_6992718,1,opus,A09
LA_E_6992722,1,none,A08
LA_E_6992876,1,g722,A13
LA_E_6992971,1,opus,A14
LA_E_6993414,1,alaw,A14
LA_E_6993808,1,gsm,A08
LA_E_6994024,1,none,A19
LA_E_6994352,1,alaw,A18
LA_E_6994396,1,g722,A09
LA_E_6994399,1,gsm,A19
LA_E_6994519,1,opus,A11
LA_E_6994724,1,ulaw,A19
LA_E_6994901,1,pstn,A10
LA_E_6995376,1,none,A07
LA_E_6995536,1,ulaw,A19
LA_E_6996069,1,ulaw,A10
LA_E_6996642,1,pstn,A17
LA_E_6996971,1,g722,A19
LA_E_6996990,1,opus,A12
LA_E_6997215,1,gsm,A11
LA_E_6997708,1,none,A18
LA_E_6997779,1,opus,A18
LA_E_6998539,1,pstn,A18
LA_E_6999356,1,ulaw,A07
LA_E_6999612,0,alaw,bonafide
LA_E_7000101,1,alaw,A11
LA_E_7000327,1,gsm,A18
LA_E_7000617,1,alaw,A19
LA_E_7000787,1,gsm,A13
LA_E_7001821,1,gsm,A17
LA_E_7002408,1,ulaw,A07
LA_E_7002503,1,ulaw,A19
LA_E_7003239,1,ulaw,A11
LA_E_7003657,1,alaw,A15
LA_E_7003662,1,pstn,A09
LA_E_7004372,1,none,A13
LA_E_7005280,1,g722,A15
LA_E_7005377,1,ulaw,A17
LA_E_7005418,1,alaw,A17
LA_E_7005749,1,pstn,A14
LA_E_7006318,0,pstn,bonafide
LA_E_7006682,1,pstn,A08
LA_E_7007563,1,pstn,A18
LA_E_7007704,1,gsm,A11
LA_E_7007793,1,opus,A10
LA_E_7007887,1,opus,A11
LA_E_7008741,1,opus,A11
LA_E_7008820,0,ulaw,bonafide
LA_E_7008923,1,g722,A17
LA_E_7009309,1,opus,A18
LA_E_7009732,1,g722,A17
LA_E_7009751,1,none,A07
LA_E_7010089,1,g722,A19
LA_E_7010272,1,gsm,A14
LA_E_7010321,1,opus,A11
LA_E_7010549,1,pstn,A16
LA_E_7010775,0,g722,bonafide
LA_E_7010970,1,gsm,A15
LA_E_7011087,1,gsm,A09
LA_E_7011443,1,g722,A11
LA_E_7011556,1,g722,A09
LA_E_7011803,1,ulaw,A09
LA_E_7011925,0,ulaw,bonafide
LA_E_7012413,1,opus,A18
LA_E_7012555,1,ulaw,A07
LA_E_7012678,1,gsm,A15
LA_E_7012740,1,none,A18
LA_E_7013075,1,opus,A07
LA_E_7013735,1,ulaw,A16
LA_E_7013809,1,opus,A14
LA_E_7013822,0,g722,bonafide
LA_E_7013900,1,none,A09
LA_E_7014015,1,gsm,A13
LA_E_7014351,1,alaw,A18
LA_E_7014356,1,none,A14
LA_E_7015045,1,gsm,A07
LA_E_7015091,1,ulaw,A07
LA_E_7015714,1,pstn,A18
LA_E_7015992,1,none,A12
LA_E_7016186,1,gsm,A17
LA_E_7017014,1,ulaw,A10
LA_E_7017771,1,opus,A09
LA_E_7017934,1,pstn,A11
LA_E_7017966,1,g722,A13
LA_E_7018029,1,pstn,A12
LA_E_7018422,1,pstn,A15
LA_E_7018542,1,opus,A18
LA_E_7018572,1,none,A19
LA_E_7019268,1,opus,A10
LA_E_7019726,1,g722,A13
LA_E_7020109,1,ulaw,A10
LA_E_7020288,1,pstn,A08
LA_E_7020539,1,gsm,A10
LA_E_7020843,1,alaw,A10
LA_E_7021286,1,ulaw,A14
LA_E_7022030,1,gsm,A13
LA_E_7022255,1,ulaw,A16
LA_E_7022941,1,ulaw,A09
LA_E_7023126,1,opus,A13
LA_E_7023556,1,opus,A17
LA_E_7023595,1,g722,A18
LA_E_7024393,0,alaw,bonafide
LA_E_7024870,1,none,A10
LA_E_7025169,0,gsm,bonafide
LA_E_7025277,1,opus,A07
LA_E_7025368,1,pstn,A12
LA_E_7025642,1,opus,A14
LA_E_7025768,1,opus,A14
LA_E_7025820,1,gsm,A18
LA_E_7027189,1,gsm,A14
LA_E_7027520,1,g722,A18
LA_E_7027639,1,pstn,A15
LA_E_7027661,1,gsm,A13
LA_E_7027738,1,g722,A14
LA_E_7028218,1,opus,A15
LA_E_7028436,1,gsm,A11
LA_E_7028443,1,gsm,A08
LA_E_7028515,0,gsm,bonafide
LA_E_7028531,1,none,A19
LA_E_7028712,1,g722,A17
LA_E_7029575,1,gsm,A09
LA_E_7030009,1,ulaw,A11
LA_E_7030429,1,opus,A16
LA_E_7030495,1,alaw,A17
LA_E_7030661,1,none,A13
LA_E_7031277,1,g722,A09
LA_E_7031470,1,g722,A14
LA_E_7031518,1,gsm,A15
LA_E_7031762,1,none,A08
LA_E_7032447,1,alaw,A08
LA_E_7032492,1,pstn,A10
LA_E_7032501,1,opus,A11
LA_E_7033098,1,alaw,A16
LA_E_7033212,1,none,A16
LA_E_7033621,1,gsm,A15
LA_E_7034185,1,opus,A10
LA_E_7034639,1,opus,A11
LA_E_7035013,1,alaw,A13
LA_E_7035260,1,alaw,A12
LA_E_7035780,1,opus,A13
LA_E_7036852,1,g722,A12
LA_E_7036925,1,opus,A19
LA_E_7037032,1,none,A12
LA_E_7037158,1,none,A19
LA_E_7037302,1,ulaw,A08
LA_E_7037685,1,opus,A08
LA_E_7037942,1,gsm,A16
LA_E_7037963,0,gsm,bonafide
LA_E_7038413,1,none,A18
LA_E_7038613,1,alaw,A15
LA_E_7039192,1,g722,A17
LA_E_7039404,0,opus,bonafide
LA_E_7040171,1,gsm,A18
LA_E_7040834,1,ulaw,A11
LA_E_7041086,1,gsm,A15
LA_E_7041149,1,g722,A10
LA_E_7041225,1,pstn,A17
LA_E_7041423,1,none,A18
LA_E_7041816,1,g722,A10
LA_E_7042229,1,g722,A07
LA_E_7042476,1,none,A18
LA_E_7042880,0,none,bonafide
LA_E_7042933,1,pstn,A07
LA_E_7043030,1,alaw,A13
LA_E_7043046,1,pstn,A11
LA_E_7044012,1,gsm,A11
LA_E_7044539,1,gsm,A14
LA_E_7045201,1,gsm,A16
LA_E_7045282,0,pstn,bonafide
LA_E_7045694,1,opus,A18
LA_E_7045736,0,none,bonafide
LA_E_7046057,1,none,A07
LA_E_7046180,1,opus,A09
LA_E_7046473,1,opus,A16
LA_E_7046934,1,alaw,A08
LA_E_7046988,1,none,A14
LA_E_7047439,1,g722,A17
LA_E_7047495,1,g722,A17
LA_E_7047701,1,opus,A15
LA_E_7048357,1,opus,A15
LA_E_7048466,0,pstn,bonafide
LA_E_7048836,1,g722,A13
LA_E_7049512,1,g722,A09
LA_E_7049844,1,pstn,A17
LA_E_7050023,1,pstn,A07
LA_E_7050291,1,pstn,A19
LA_E_7050554,1,pstn,A18
LA_E_7050911,1,gsm,A19
LA_E_7051369,1,alaw,A18
LA_E_7052036,1,alaw,A14
LA_E_7053099,1,alaw,A18
LA_E_7053154,1,ulaw,A08
LA_E_7053668,1,alaw,A12
LA_E_7053921,1,opus,A10
LA_E_7053946,0,gsm,bonafide
LA_E_7054019,1,gsm,A11
LA_E_7054536,1,ulaw,A11
LA_E_7054606,0,opus,bonafide
LA_E_7054652,1,ulaw,A11
LA_E_7054996,1,g722,A18
LA_E_7055933,1,g722,A07
LA_E_7056245,1,none,A19
LA_E_7056293,1,gsm,A14
LA_E_7056345,1,none,A14
LA_E_7056725,1,opus,A10
LA_E_7056857,1,opus,A18
LA_E_7056953,0,ulaw,bonafide
LA_E_7057251,1,none,A09
LA_E_7057364,0,pstn,bonafide
LA_E_7058206,0,opus,bonafide
LA_E_7058360,1,ulaw,A11
LA_E_7058755,1,opus,A19
LA_E_7058774,1,alaw,A18
LA_E_7058843,1,alaw,A14
LA_E_7058867,1,ulaw,A09
LA_E_7058936,0,alaw,bonafide
LA_E_7059235,1,alaw,A13
LA_E_7059534,1,none,A12
LA_E_7059995,1,g722,A12
LA_E_7060576,1,alaw,A09
LA_E_7060712,1,gsm,A12
LA_E_7060723,1,alaw,A16
LA_E_7060879,1,opus,A09
LA_E_7061233,1,gsm,A16
LA_E_7061235,1,pstn,A13
LA_E_7061846,1,g722,A15
LA_E_7061853,1,alaw,A10
LA_E_7061875,1,g722,A15
LA_E_7061932,1,opus,A10
LA_E_7062543,1,g722,A10
LA_E_7063675,1,alaw,A11
LA_E_7063758,0,none,bonafide
LA_E_7063868,0,gsm,bonafide
LA_E_7064217,1,g722,A14
LA_E_7064515,1,opus,A12
LA_E_7064599,1,opus,A09
LA_E_7064812,1,g722,A08
LA_E_7064878,1,g722,A14
LA_E_7065092,1,ulaw,A08
LA_E_7065168,1,none,A11
LA_E_7065233,1,alaw,A07
LA_E_7065364,1,none,A17
LA_E_7065375,1,gsm,A14
LA_E_7065503,1,ulaw,A09
LA_E_7065535,1,pstn,A19
LA_E_7066312,1,g722,A10
LA_E_7066811,1,alaw,A10
LA_E_7066873,1,gsm,A15
LA_E_7067671,1,opus,A13
LA_E_7067774,1,none,A18
LA_E_7067993,1,g722,A18
LA_E_7068278,1,g722,A09
LA_E_7069305,1,gsm,A07
LA_E_7069400,1,none,A16
LA_E_7069445,1,ulaw,A10
LA_E_7069447,1,pstn,A15
LA_E_7069750,1,alaw,A12
LA_E_7069763,1,g722,A18
LA_E_7069859,1,alaw,A14
LA_E_7070045,1,gsm,A17
LA_E_7070322,1,ulaw,A12
LA_E_7070984,1,ulaw,A13
LA_E_7071100,1,none,A15
LA_E_7071278,1,gsm,A19
LA_E_7071584,1,ulaw,A10
LA_E_7072666,1,gsm,A13
LA_E_7072956,1,ulaw,A14
LA_E_7073123,1,gsm,A12
LA_E_7073456,1,g722,A16
LA_E_7073520,1,none,A13
LA_E_7073951,1,pstn,A13
LA_E_7074354,1,gsm,A16
LA_E_7074659,1,none,A19
LA_E_7074907,1,gsm,A08
LA_E_7074958,1,none,A12
LA_E_7075072,1,pstn,A10
LA_E_7075160,0,opus,bonafide
LA_E_7075168,1,ulaw,A09
LA_E_7075417,0,g722,bonafide
LA_E_7075679,1,g722,A19
LA_E_7076457,0,g722,bonafide
LA_E_7076585,1,opus,A11
LA_E_7076850,1,gsm,A08
LA_E_7078238,1,gsm,A07
LA_E_7078325,1,opus,A18
LA_E_7078432,1,g722,A09
LA_E_7078673,1,opus,A09
LA_E_7078849,0,pstn,bonafide
LA_E_7079692,1,pstn,A09
LA_E_7080067,1,opus,A07
LA_E_7080081,1,g722,A18
LA_E_7080878,0,alaw,bonafide
LA_E_7081234,1,ulaw,A16
LA_E_7081554,1,g722,A15
LA_E_7081669,0,alaw,bonafide
LA_E_7082215,1,opus,A07
LA_E_7082413,1,gsm,A09
LA_E_7082479,1,gsm,A07
LA_E_7082942,1,g722,A08
LA_E_7083462,1,g722,A17
LA_E_7084450,1,g722,A11
LA_E_7084799,0,none,bonafide
LA_E_7084878,1,ulaw,A19
LA_E_7084924,1,alaw,A16
LA_E_7084926,1,opus,A09
LA_E_7085678,1,ulaw,A13
LA_E_7085789,1,alaw,A12
LA_E_7085930,1,pstn,A11
LA_E_7086165,1,g722,A12
LA_E_7086914,1,opus,A12
LA_E_7086929,1,ulaw,A18
LA_E_7087130,1,pstn,A17
LA_E_7087690,1,opus,A16
LA_E_7088028,1,ulaw,A12
LA_E_7088900,1,none,A07
LA_E_7089800,1,gsm,A13
LA_E_7090538,1,pstn,A12
LA_E_7090756,1,ulaw,A12
LA_E_7091390,1,alaw,A14
LA_E_7091639,0,gsm,bonafide
LA_E_7092619,1,gsm,A16
LA_E_7092647,0,ulaw,bonafide
LA_E_7092673,1,opus,A17
LA_E_7093154,1,alaw,A15
LA_E_7093884,1,gsm,A09
LA_E_7094447,1,gsm,A17
LA_E_7094466,0,gsm,bonafide
LA_E_7094489,1,none,A11
LA_E_7094491,1,alaw,A13
LA_E_7094633,1,gsm,A15
LA_E_7094993,1,ulaw,A15
LA_E_7095777,1,gsm,A17
LA_E_7096270,1,none,A15
LA_E_7096367,1,opus,A19
LA_E_7096692,1,ulaw,A11
LA_E_7096951,1,pstn,A09
LA_E_7097844,1,ulaw,A15
LA_E_7099007,0,g722,bonafide
LA_E_7099879,1,g722,A10
LA_E_7100071,1,pstn,A16
LA_E_7100262,1,gsm,A18
LA_E_7100338,1,g722,A12
LA_E_7100363,1,none,A16
LA_E_7100494,1,alaw,A18
LA_E_7102255,1,none,A14
LA_E_7102687,1,opus,A08
LA_E_7102954,1,ulaw,A15
LA_E_7103130,1,g722,A19
LA_E_7103222,1,gsm,A16
LA_E_7103267,1,ulaw,A07
LA_E_7104058,1,opus,A07
LA_E_7104206,1,ulaw,A16
LA_E_7104502,1,gsm,A18
LA_E_7104940,1,g722,A15
LA_E_7105380,1,none,A19
LA_E_7105535,1,none,A16
LA_E_7105641,1,ulaw,A07
LA_E_7105923,1,g722,A18
LA_E_7106040,1,pstn,A13
LA_E_7106275,1,alaw,A19
LA_E_7106370,1,gsm,A09
LA_E_7106378,1,ulaw,A12
LA_E_7106408,0,none,bonafide
LA_E_7108291,1,gsm,A09
LA_E_7108925,1,gsm,A07
LA_E_7109127,1,opus,A08
LA_E_7109358,1,none,A10
LA_E_7109413,1,alaw,A07
LA_E_7109437,1,gsm,A13
LA_E_7109471,0,g722,bonafide
LA_E_7109804,0,gsm,bonafide
LA_E_7110141,1,pstn,A19
LA_E_7110178,1,opus,A11
LA_E_7110388,1,ulaw,A17
LA_E_7110681,1,alaw,A14
LA_E_7110852,1,none,A12
LA_E_7110931,1,ulaw,A19
LA_E_7111290,0,gsm,bonafide
LA_E_7111317,1,gsm,A17
LA_E_7112143,1,g722,A07
LA_E_7112809,1,pstn,A13
LA_E_7113106,1,alaw,A13
LA_E_7113114,1,pstn,A13
LA_E_7113346,1,opus,A19
LA_E_7113563,1,gsm,A11
LA_E_7113648,0,gsm,bonafide
LA_E_7113721,0,pstn,bonafide
LA_E_7114104,0,ulaw,bonafide
LA_E_7114773,1,opus,A17
LA_E_7115312,1,g722,A13
LA_E_7115408,1,pstn,A18
LA_E_7115583,1,ulaw,A19
LA_E_7115741,1,gsm,A11
LA_E_7116378,1,alaw,A16
LA_E_7116895,1,none,A16
LA_E_7117139,1,pstn,A11
LA_E_7117426,1,alaw,A18
LA_E_7118223,1,g722,A08
LA_E_7119493,1,g722,A11
LA_E_7119784,0,g722,bonafide
LA_E_7120265,1,opus,A11
LA_E_7120607,1,pstn,A17
LA_E_7120980,1,opus,A10
LA_E_7121077,1,g722,A13
LA_E_7121123,1,g722,A16
LA_E_7121356,1,alaw,A17
LA_E_7122260,1,ulaw,A15
LA_E_7122347,1,g722,A19
LA_E_7122479,1,opus,A14
LA_E_7122611,1,ulaw,A13
LA_E_7122690,1,none,A10
LA_E_7124099,1,ulaw,A10
LA_E_7124377,1,gsm,A15
LA_E_7124821,1,none,A18
LA_E_7125097,1,alaw,A16
LA_E_7125366,0,g722,bonafide
LA_E_7126171,1,pstn,A13
LA_E_7126450,1,pstn,A19
LA_E_7126781,1,gsm,A07
LA_E_7127047,1,opus,A14
LA_E_7127546,1,gsm,A16
LA_E_7128382,1,alaw,A11
LA_E_7128700,1,ulaw,A07
LA_E_7129146,1,opus,A18
LA_E_7129183,1,opus,A09
LA_E_7129401,1,ulaw,A18
LA_E_7129499,1,gsm,A17
LA_E_7129604,1,opus,A08
LA_E_7129738,1,pstn,A19
LA_E_7129753,1,pstn,A15
LA_E_7130578,1,ulaw,A08
LA_E_7130847,1,alaw,A13
LA_E_7131032,1,opus,A18
LA_E_7131326,1,none,A07
LA_E_7133035,0,alaw,bonafide
LA_E_7133042,1,opus,A19
LA_E_7134114,1,alaw,A13
LA_E_7134218,1,g722,A10
LA_E_7135071,1,none,A19
LA_E_7135079,1,gsm,A16
LA_E_7135234,1,gsm,A19
LA_E_7135797,1,ulaw,A07
LA_E_7136166,1,none,A17
LA_E_7136813,1,none,A07
LA_E_7136866,1,ulaw,A15
LA_E_7137021,1,alaw,A19
LA_E_7137612,0,g722,bonafide
LA_E_7138016,1,ulaw,A17
LA_E_7138045,1,alaw,A14
LA_E_7138314,1,g722,A08
LA_E_7138843,0,g722,bonafide
LA_E_7139220,1,gsm,A10
LA_E_7139448,0,gsm,bonafide
LA_E_7139587,0,ulaw,bonafide
LA_E_7139646,1,ulaw,A19
LA_E_7139968,1,ulaw,A07
LA_E_7140098,1,gsm,A15
LA_E_7140489,1,gsm,A08
LA_E_7140683,1,pstn,A07
LA_E_7140778,1,opus,A13
LA_E_7140823,1,g722,A18
LA_E_7141073,1,opus,A18
LA_E_7141074,1,none,A09
LA_E_7142091,1,alaw,A18
LA_E_7142285,1,alaw,A08
LA_E_7142552,1,gsm,A14
LA_E_7142738,1,gsm,A15
LA_E_7142755,1,gsm,A16
LA_E_7143163,1,ulaw,A12
LA_E_7143411,1,ulaw,A19
LA_E_7143600,1,g722,A16
LA_E_7143715,0,alaw,bonafide
LA_E_7143967,1,ulaw,A09
LA_E_7144267,1,none,A15
LA_E_7144359,1,opus,A19
LA_E_7144478,1,alaw,A17
LA_E_7144903,1,none,A18
LA_E_7145281,0,none,bonafide
LA_E_7145307,1,gsm,A10
LA_E_7145466,1,pstn,A19
LA_E_7145629,1,opus,A17
LA_E_7146262,1,opus,A08
LA_E_7146662,1,ulaw,A14
LA_E_7146670,1,gsm,A08
LA_E_7146730,1,opus,A12
LA_E_7146828,1,pstn,A10
LA_E_7147015,0,ulaw,bonafide
LA_E_7147035,1,opus,A08
LA_E_7147350,0,ulaw,bonafide
LA_E_7147392,1,g722,A18
LA_E_7147459,1,alaw,A14
LA_E_7147467,1,opus,A12
LA_E_7147801,1,none,A19
LA_E_7148564,0,opus,bonafide
LA_E_7148623,0,pstn,bonafide
LA_E_7149104,1,pstn,A13
LA_E_7149285,1,opus,A10
LA_E_7149445,1,gsm,A10
LA_E_7149659,1,alaw,A13
LA_E_7149802,1,g722,A07
LA_E_7151261,1,pstn,A07
LA_E_7152033,0,gsm,bonafide
LA_E_7153239,1,g722,A13
LA_E_7153281,1,none,A12
LA_E_7153462,1,g722,A10
LA_E_7153695,1,gsm,A17
LA_E_7153847,0,gsm,bonafide
LA_E_7153996,1,gsm,A10
LA_E_7154169,1,pstn,A08
LA_E_7154763,1,g722,A16
LA_E_7154970,1,pstn,A16
LA_E_7155156,1,none,A12
LA_E_7155936,1,alaw,A12
LA_E_7156097,1,gsm,A17
LA_E_7156472,1,g722,A15
LA_E_7156623,0,ulaw,bonafide
LA_E_7157148,1,g722,A08
LA_E_7157309,1,opus,A07
LA_E_7157763,1,g722,A19
LA_E_7158148,1,gsm,A11
LA_E_7158191,1,ulaw,A08
LA_E_7158607,1,alaw,A07
LA_E_7158650,0,ulaw,bonafide
LA_E_7158750,1,pstn,A19
LA_E_7159307,1,gsm,A13
LA_E_7159821,1,gsm,A09
LA_E_7160077,0,opus,bonafide
LA_E_7160339,1,alaw,A10
LA_E_7160673,1,gsm,A19
LA_E_7161968,1,pstn,A18
LA_E_7162097,1,g722,A12
LA_E_7162831,1,none,A16
LA_E_7163127,1,gsm,A08
LA_E_7163498,1,ulaw,A19
LA_E_7163895,1,g722,A18
LA_E_7164192,1,pstn,A11
LA_E_7164859,1,pstn,A15
LA_E_7165274,1,pstn,A07
LA_E_7165540,1,none,A13
LA_E_7166084,1,opus,A13
LA_E_7166330,1,none,A16
LA_E_7167231,0,pstn,bonafide
LA_E_7168121,1,alaw,A16
LA_E_7168834,1,opus,A17
LA_E_7168849,1,gsm,A07
LA_E_7169156,1,g722,A15
LA_E_7169380,1,none,A09
LA_E_7169500,1,alaw,A16
LA_E_7169666,1,ulaw,A11
LA_E_7169796,1,pstn,A15
LA_E_7170024,1,gsm,A18
LA_E_7170286,1,g722,A16
LA_E_7170474,1,alaw,A11
LA_E_7171376,1,pstn,A11
LA_E_7171566,1,gsm,A07
LA_E_7172086,0,gsm,bonafide
LA_E_7172451,1,none,A13
LA_E_7173004,1,opus,A12
LA_E_7173062,1,gsm,A08
LA_E_7173555,1,ulaw,A11
LA_E_7174243,1,opus,A11
LA_E_7174331,1,g722,A09
LA_E_7174895,1,gsm,A13
LA_E_7175295,1,g722,A18
LA_E_7175966,1,ulaw,A18
LA_E_7175973,1,ulaw,A13
LA_E_7176268,1,g722,A09
LA_E_7176607,1,gsm,A09
LA_E_7176712,1,opus,A16
LA_E_7177074,1,pstn,A12
LA_E_7177153,1,ulaw,A09
LA_E_7177318,1,g722,A14
LA_E_7177469,1,none,A08
LA_E_7177919,1,gsm,A18
LA_E_7177929,1,alaw,A07
LA_E_7179060,1,g722,A16
LA_E_7179125,1,gsm,A14
LA_E_7180263,1,gsm,A14
LA_E_7180452,1,gsm,A15
LA_E_7180551,1,none,A17
LA_E_7180555,1,alaw,A12
LA_E_7180836,1,alaw,A11
LA_E_7181231,1,opus,A14
LA_E_7181375,1,alaw,A10
LA_E_7181596,1,pstn,A09
LA_E_7181629,1,pstn,A19
LA_E_7181786,1,none,A18
LA_E_7182018,1,opus,A08
LA_E_7182946,0,alaw,bonafide
LA_E_7183372,1,gsm,A10
LA_E_7183388,1,g722,A07
LA_E_7184126,1,gsm,A19
LA_E_7184619,1,ulaw,A18
LA_E_7185094,1,gsm,A16
LA_E_7185445,0,opus,bonafide
LA_E_7185452,1,ulaw,A12
LA_E_7186177,1,pstn,A10
LA_E_7186348,1,opus,A15
LA_E_7186542,1,pstn,A10
LA_E_7186774,1,none,A09
LA_E_7186799,1,ulaw,A13
LA_E_7186846,1,gsm,A13
LA_E_7186894,1,pstn,A18
LA_E_7187119,1,gsm,A07
LA_E_7187298,1,alaw,A13
LA_E_7187530,1,alaw,A09
LA_E_7187587,0,alaw,bonafide
LA_E_7187682,1,g722,A18
LA_E_7187831,1,opus,A15
LA_E_7188256,1,ulaw,A14
LA_E_7188261,1,g722,A17
LA_E_7188359,1,ulaw,A10
LA_E_7188660,1,alaw,A13
LA_E_7189073,1,ulaw,A15
LA_E_7189143,1,ulaw,A16
LA_E_7189313,1,g722,A17
LA_E_7189572,1,g722,A11
LA_E_7189979,1,opus,A19
LA_E_7189994,1,alaw,A19
LA_E_7190014,1,pstn,A12
LA_E_7190045,1,gsm,A09
LA_E_7190118,1,none,A15
LA_E_7191587,1,gsm,A07
LA_E_7192151,1,pstn,A08
LA_E_7192574,1,ulaw,A12
LA_E_7192612,1,alaw,A14
LA_E_7192847,1,g722,A07
LA_E_7193260,1,opus,A16
LA_E_7194996,1,gsm,A17
LA_E_7195345,1,alaw,A11
LA_E_7195986,0,ulaw,bonafide
LA_E_7196421,1,alaw,A17
LA_E_7196441,1,gsm,A16
LA_E_7196846,1,none,A11
LA_E_7196951,1,opus,A07
LA_E_7198443,1,ulaw,A14
LA_E_7198451,1,ulaw,A19
LA_E_7199207,1,pstn,A16
LA_E_7199351,1,none,A16
LA_E_7200437,0,pstn,bonafide
LA_E_7200585,1,none,A10
LA_E_7200609,1,pstn,A19
LA_E_7201034,1,gsm,A10
LA_E_7201291,1,ulaw,A16
LA_E_7201777,1,pstn,A16
LA_E_7202132,1,opus,A10
LA_E_7202746,1,gsm,A07
LA_E_7203004,1,ulaw,A14
LA_E_7203493,1,ulaw,A13
LA_E_7203503,1,gsm,A15
LA_E_7203877,0,alaw,bonafide
LA_E_7204020,0,pstn,bonafide
LA_E_7205171,1,opus,A19
LA_E_7205379,0,gsm,bonafide
LA_E_7205959,1,g722,A15
LA_E_7206043,1,alaw,A14
LA_E_7206404,1,alaw,A17
LA_E_7206450,1,none,A14
LA_E_7206559,1,alaw,A13
LA_E_7206629,1,none,A08
LA_E_7206736,1,ulaw,A07
LA_E_7206957,1,g722,A08
LA_E_7207272,1,g722,A18
LA_E_7207283,1,none,A13
LA_E_7207633,1,ulaw,A08
LA_E_7207663,1,g722,A15
LA_E_7208122,1,opus,A11
LA_E_7208397,0,g722,bonafide
LA_E_7209440,1,opus,A08
LA_E_7209708,1,opus,A18
LA_E_7209746,1,alaw,A08
LA_E_7210177,0,pstn,bonafide
LA_E_7210760,1,opus,A08
LA_E_7210874,1,ulaw,A17
LA_E_7210967,1,g722,A17
LA_E_7211088,1,gsm,A08
LA_E_7211172,1,gsm,A12
LA_E_7211385,1,opus,A08
LA_E_7212094,1,none,A14
LA_E_7212224,1,gsm,A17
LA_E_7212528,1,opus,A08
LA_E_7213097,1,g722,A16
LA_E_7213960,1,none,A13
LA_E_7214649,0,gsm,bonafide
LA_E_7214654,1,ulaw,A09
LA_E_7214765,1,g722,A12
LA_E_7214876,1,none,A17
LA_E_7214921,1,g722,A19
LA_E_7214964,1,alaw,A14
LA_E_7215938,1,opus,A10
LA_E_7216071,1,opus,A12
LA_E_7216121,1,none,A18
LA_E_7216129,1,gsm,A12
LA_E_7216199,1,pstn,A17
LA_E_7216218,1,gsm,A08
LA_E_7216321,0,gsm,bonafide
LA_E_7216858,1,opus,A16
LA_E_7217096,1,pstn,A08
LA_E_7217170,1,pstn,A13
LA_E_7217243,0,ulaw,bonafide
LA_E_7217509,1,none,A18
LA_E_7217589,1,ulaw,A14
LA_E_7218561,1,alaw,A10
LA_E_7219153,1,pstn,A13
LA_E_7219701,0,ulaw,bonafide
LA_E_7220165,1,g722,A11
LA_E_7220671,1,pstn,A14
LA_E_7221065,1,g722,A13
LA_E_7221838,1,gsm,A13
LA_E_7221977,1,pstn,A09
LA_E_7222328,1,g722,A09
LA_E_7222644,1,gsm,A12
LA_E_7222762,1,ulaw,A15
LA_E_7223671,1,ulaw,A10
LA_E_7224055,1,pstn,A16
LA_E_7224293,1,ulaw,A09
LA_E_7224663,1,gsm,A18
LA_E_7224849,1,g722,A09
LA_E_7225483,1,opus,A14
LA_E_7226043,1,ulaw,A07
LA_E_7226378,1,opus,A16
LA_E_7226743,0,none,bonafide
LA_E_7227359,1,g722,A11
LA_E_7227512,1,ulaw,A11
LA_E_7227560,1,ulaw,A19
LA_E_7227791,1,opus,A15
LA_E_7228259,1,opus,A15
LA_E_7229070,1,gsm,A09
LA_E_7229233,1,alaw,A17
LA_E_7229601,1,none,A16
LA_E_7230109,1,g722,A12
LA_E_7230143,1,g722,A16
LA_E_7230418,1,opus,A11
LA_E_7230923,1,alaw,A15
LA_E_7231000,1,g722,A08
LA_E_7231136,1,g722,A18
LA_E_7231288,1,none,A15
LA_E_7232212,0,ulaw,bonafide
LA_E_7233808,1,g722,A15
LA_E_7234033,0,opus,bonafide
LA_E_7235527,1,pstn,A12
LA_E_7236498,1,opus,A07
LA_E_7236640,1,g722,A17
LA_E_7237163,1,g722,A10
LA_E_7238597,1,gsm,A11
LA_E_7238642,1,none,A12
LA_E_7238658,0,alaw,bonafide
LA_E_7238704,1,opus,A14
LA_E_7239935,1,gsm,A19
LA_E_7239980,1,none,A13
LA_E_7240227,1,g722,A11
LA_E_7240437,1,alaw,A14
LA_E_7240610,1,gsm,A13
LA_E_7240692,1,pstn,A10
LA_E_7241001,1,g722,A18
LA_E_7241652,1,ulaw,A16
LA_E_7242019,1,opus,A11
LA_E_7242150,1,alaw,A11
LA_E_7243165,1,none,A08
LA_E_7243405,0,alaw,bonafide
LA_E_7243688,1,pstn,A15
LA_E_7244771,1,pstn,A16
LA_E_7244777,1,pstn,A12
LA_E_7245338,1,alaw,A11
LA_E_7245451,1,ulaw,A11
LA_E_7245555,1,pstn,A18
LA_E_7245700,1,alaw,A16
LA_E_7245901,1,g722,A12
LA_E_7245927,1,none,A17
LA_E_7246033,1,ulaw,A09
LA_E_7246325,1,ulaw,A17
LA_E_7246650,0,opus,bonafide
LA_E_7246851,1,none,A10
LA_E_7246953,0,g722,bonafide
LA_E_7247202,1,opus,A12
LA_E_7247323,0,opus,bonafide
LA_E_7247614,1,g722,A09
LA_E_7247900,1,gsm,A11
LA_E_7248134,1,gsm,A07
LA_E_7248415,0,none,bonafide
LA_E_7248453,0,ulaw,bonafide
LA_E_7248697,1,opus,A11
LA_E_7248746,1,g722,A17
LA_E_7249553,1,opus,A17
LA_E_7250299,1,none,A08
LA_E_7250567,1,ulaw,A12
LA_E_7250892,1,opus,A12
LA_E_7251201,0,opus,bonafide
LA_E_7251730,1,gsm,A16
LA_E_7252516,1,ulaw,A09
LA_E_7252610,1,ulaw,A19
LA_E_7252630,1,ulaw,A10
LA_E_7253197,1,gsm,A19
LA_E_7253556,1,g722,A08
LA_E_7253710,1,pstn,A18
LA_E_7253797,1,none,A13
LA_E_7254195,1,ulaw,A18
LA_E_7254759,1,ulaw,A09
LA_E_7254790,1,alaw,A10
LA_E_7254798,1,gsm,A10
LA_E_7255022,1,g722,A08
LA_E_7255497,1,none,A10
LA_E_7255722,1,pstn,A12
LA_E_7255992,1,gsm,A12
LA_E_7256540,0,alaw,bonafide
LA_E_7256914,1,g722,A09
LA_E_7257142,0,ulaw,bonafide
LA_E_7257291,1,gsm,A12
LA_E_7257360,1,gsm,A15
LA_E_7257380,1,pstn,A12
LA_E_7257564,1,alaw,A09
LA_E_7257634,1,alaw,A12
LA_E_7257918,1,ulaw,A19
LA_E_7258737,0,g722,bonafide
LA_E_7258833,1,pstn,A19
LA_E_7259013,1,g722,A19
LA_E_7259207,1,gsm,A14
LA_E_7259412,0,none,bonafide
LA_E_7259759,1,ulaw,A15
LA_E_7260242,1,opus,A15
LA_E_7260309,1,alaw,A17
LA_E_7261455,1,none,A08
LA_E_7261798,0,none,bonafide
LA_E_7262546,1,opus,A07
LA_E_7262979,1,alaw,A11
LA_E_7263525,1,gsm,A07
LA_E_7263822,1,ulaw,A16
LA_E_7263928,0,opus,bonafide
LA_E_7263935,1,opus,A09
LA_E_7264198,1,ulaw,A07
LA_E_7266138,1,ulaw,A15
LA_E_7266211,1,opus,A18
LA_E_7266271,1,g722,A19
LA_E_7266330,0,ulaw,bonafide
LA_E_7266445,1,g722,A19
LA_E_7267151,0,opus,bonafide
LA_E_7267501,1,gsm,A14
LA_E_7268102,1,g722,A19
LA_E_7268213,1,pstn,A10
LA_E_7268474,1,pstn,A14
LA_E_7268496,1,opus,A19
LA_E_7269208,0,gsm,bonafide
LA_E_7269352,1,pstn,A13
LA_E_7269374,1,pstn,A13
LA_E_7269454,1,alaw,A19
LA_E_7269546,1,pstn,A09
LA_E_7269616,1,gsm,A15
LA_E_7269685,1,alaw,A17
LA_E_7270395,0,pstn,bonafide
LA_E_7270823,1,pstn,A17
LA_E_7271130,1,g722,A07
LA_E_7271186,1,alaw,A11
LA_E_7271223,1,opus,A17
LA_E_7271332,1,g722,A09
LA_E_7271428,1,gsm,A13
LA_E_7271710,1,ulaw,A11
LA_E_7271950,0,ulaw,bonafide
LA_E_7271981,1,opus,A14
LA_E_7272033,1,g722,A14
LA_E_7272043,1,g722,A13
LA_E_7272365,1,ulaw,A19
LA_E_7272399,1,none,A11
LA_E_7272813,0,ulaw,bonafide
LA_E_7273575,0,alaw,bonafide
LA_E_7273809,1,g722,A19
LA_E_7274313,1,pstn,A14
LA_E_7274361,1,opus,A17
LA_E_7274380,1,alaw,A08
LA_E_7274618,1,ulaw,A19
LA_E_7274984,1,g722,A17
LA_E_7275319,1,none,A09
LA_E_7275467,0,none,bonafide
LA_E_7275758,1,alaw,A12
LA_E_7276620,1,gsm,A10
LA_E_7277638,1,alaw,A14
LA_E_7277825,0,ulaw,bonafide
LA_E_7277858,1,alaw,A08
LA_E_7278719,1,pstn,A12
LA_E_7279072,1,gsm,A19
LA_E_7279514,1,opus,A07
LA_E_7279751,1,pstn,A16
LA_E_7280192,1,alaw,A11
LA_E_7280901,1,pstn,A12
LA_E_7281089,1,alaw,A19
LA_E_7282293,1,ulaw,A11
LA_E_7282699,1,alaw,A10
LA_E_7282986,1,ulaw,A19
LA_E_7283334,1,gsm,A17
LA_E_7283814,0,alaw,bonafide
LA_E_7284252,0,ulaw,bonafide
LA_E_7284663,1,alaw,A09
LA_E_7284908,1,alaw,A09
LA_E_7284960,1,gsm,A07
LA_E_7285285,1,opus,A14
LA_E_7285291,0,none,bonafide
LA_E_7285530,1,ulaw,A17
LA_E_7285869,1,pstn,A14
LA_E_7286345,1,pstn,A16
LA_E_7286660,1,alaw,A18
LA_E_7286888,1,g722,A11
LA_E_7287032,1,gsm,A09
LA_E_7287449,1,pstn,A14
LA_E_7287536,0,alaw,bonafide
LA_E_7288686,1,alaw,A11
LA_E_7288885,0,ulaw,bonafide
LA_E_7289161,0,opus,bonafide
LA_E_7289784,1,gsm,A17
LA_E_7290081,0,opus,bonafide
LA_E_7290305,1,opus,A12
LA_E_7290326,1,g722,A18
LA_E_7290876,0,pstn,bonafide
LA_E_7291012,1,gsm,A16
LA_E_7291328,1,none,A17
LA_E_7291331,1,ulaw,A12
LA_E_7292242,1,ulaw,A15
LA_E_7292270,1,g722,A14
LA_E_7292723,0,gsm,bonafide
LA_E_7292936,1,pstn,A18
LA_E_7292977,1,opus,A07
LA_E_7293529,1,g722,A18
LA_E_7293685,1,alaw,A17
LA_E_7293822,1,gsm,A14
LA_E_7293873,0,pstn,bonafide
LA_E_7294729,1,none,A16
LA_E_7295014,1,g722,A19
LA_E_7296067,0,pstn,bonafide
LA_E_7296394,1,alaw,A07
LA_E_7297254,1,g722,A09
LA_E_7297935,1,ulaw,A19
LA_E_7299126,1,ulaw,A17
LA_E_7299164,1,opus,A15
LA_E_7299396,1,gsm,A09
LA_E_7300200,1,opus,A15
LA_E_7300440,1,alaw,A14
LA_E_7300458,1,pstn,A14
LA_E_7300949,1,ulaw,A16
LA_E_7301107,1,pstn,A11
LA_E_7301158,1,none,A15
LA_E_7301612,1,pstn,A19
LA_E_7301749,1,alaw,A15
LA_E_7301781,1,g722,A17
LA_E_7301959,1,opus,A09
LA_E_7302161,1,none,A12
LA_E_7303211,1,ulaw,A11
LA_E_7303382,1,pstn,A19
LA_E_7303543,1,opus,A07
LA_E_7303863,1,none,A14
LA_E_7304267,1,none,A11
LA_E_7304565,1,alaw,A17
LA_E_7304600,1,g722,A16
LA_E_7304610,1,gsm,A10
LA_E_7305026,1,pstn,A19
LA_E_7305256,1,gsm,A19
LA_E_7305389,1,pstn,A14
LA_E_7305393,1,none,A08
LA_E_7305760,1,g722,A10
LA_E_7306251,1,ulaw,A13
LA_E_7307101,1,alaw,A12
LA_E_7308376,1,opus,A09
LA_E_7309315,1,alaw,A14
LA_E_7309317,1,ulaw,A08
LA_E_7309503,0,alaw,bonafide
LA_E_7309644,1,g722,A15
LA_E_7309745,1,g722,A07
LA_E_7310516,1,none,A15
LA_E_7311931,1,gsm,A09
LA_E_7312024,1,gsm,A18
LA_E_7312431,1,pstn,A11
LA_E_7312748,1,opus,A15
LA_E_7312812,1,pstn,A15
LA_E_7312813,1,g722,A11
LA_E_7313063,1,pstn,A14
LA_E_7313197,1,none,A11
LA_E_7313314,1,pstn,A15
LA_E_7313448,1,opus,A08
LA_E_7313940,1,gsm,A12
LA_E_7314502,1,pstn,A08
LA_E_7314689,1,pstn,A17
LA_E_7314803,1,gsm,A17
LA_E_7315002,1,g722,A19
LA_E_7315483,1,gsm,A11
LA_E_7315671,1,g722,A19
LA_E_7316478,1,pstn,A12
LA_E_7316620,1,pstn,A07
LA_E_7316816,1,ulaw,A11
LA_E_7317072,1,gsm,A07
LA_E_7317261,1,ulaw,A14
LA_E_7317660,1,pstn,A18
LA_E_7318223,1,opus,A17
LA_E_7318283,1,alaw,A07
LA_E_7318403,1,opus,A14
LA_E_7318823,1,ulaw,A12
LA_E_7318850,0,opus,bonafide
LA_E_7319002,1,opus,A11
LA_E_7319107,1,g722,A14
LA_E_7319175,1,pstn,A12
LA_E_7319603,0,gsm,bonafide
LA_E_7319968,0,g722,bonafide
LA_E_7320132,1,ulaw,A17
LA_E_7320387,1,none,A19
LA_E_7320853,1,gsm,A18
LA_E_7321728,1,pstn,A09
LA_E_7321926,1,opus,A15
LA_E_7322024,1,gsm,A19
LA_E_7322161,1,gsm,A07
LA_E_7322259,1,g722,A17
LA_E_7322648,1,none,A14
LA_E_7322903,1,gsm,A19
LA_E_7322932,1,ulaw,A11
LA_E_7322965,0,g722,bonafide
LA_E_7323150,0,gsm,bonafide
LA_E_7323741,1,ulaw,A16
LA_E_7324435,1,gsm,A18
LA_E_7324480,0,gsm,bonafide
LA_E_7324778,1,opus,A08
LA_E_7325126,1,opus,A19
LA_E_7325371,1,ulaw,A16
LA_E_7325616,1,g722,A08
LA_E_7325692,0,g722,bonafide
LA_E_7326091,1,alaw,A09
LA_E_7327118,1,gsm,A12
LA_E_7327635,0,none,bonafide
LA_E_7327681,0,ulaw,bonafide
LA_E_7328475,1,ulaw,A14
LA_E_7328894,1,g722,A07
LA_E_7329143,1,g722,A08
LA_E_7329431,1,gsm,A08
LA_E_7330066,1,g722,A18
LA_E_7330339,1,alaw,A10
LA_E_7330483,1,ulaw,A19
LA_E_7330875,1,none,A13
LA_E_7330878,1,opus,A10
LA_E_7331642,1,pstn,A07
LA_E_7332236,1,pstn,A13
LA_E_7332353,1,ulaw,A15
LA_E_7332981,1,none,A09
LA_E_7333107,0,opus,bonafide
LA_E_7333570,1,opus,A19
LA_E_7333972,1,g722,A16
LA_E_7333991,1,opus,A07
LA_E_7334519,1,g722,A13
LA_E_7334696,1,opus,A18
LA_E_7335305,1,pstn,A19
LA_E_7335920,1,g722,A14
LA_E_7336033,1,none,A15
LA_E_7336300,0,pstn,bonafide
LA_E_7336664,1,opus,A13
LA_E_7336932,1,opus,A14
LA_E_7337021,1,gsm,A13
LA_E_7337035,1,g722,A15
LA_E_7337378,0,g722,bonafide
LA_E_7337613,1,pstn,A13
LA_E_7337782,1,none,A07
LA_E_7338514,1,gsm,A14
LA_E_7338712,1,g722,A18
LA_E_7339214,1,none,A14
LA_E_7339272,1,g722,A07
LA_E_7339535,1,pstn,A15
LA_E_7339959,1,g722,A17
LA_E_7340077,1,none,A15
LA_E_7340782,1,g722,A17
LA_E_7340854,1,gsm,A15
LA_E_7340954,1,pstn,A08
LA_E_7341004,1,ulaw,A12
LA_E_7341583,1,ulaw,A10
LA_E_7341639,1,gsm,A09
LA_E_7341673,0,pstn,bonafide
LA_E_7342237,1,none,A09
LA_E_7342371,1,opus,A11
LA_E_7342543,1,g722,A13
LA_E_7342662,1,opus,A08
LA_E_7344673,1,g722,A19
LA_E_7344725,1,opus,A17
LA_E_7344837,0,opus,bonafide
LA_E_7344995,1,ulaw,A07
LA_E_7345285,1,gsm,A08
LA_E_7345463,0,ulaw,bonafide
LA_E_7345532,1,opus,A12
LA_E_7345545,1,opus,A18
LA_E_7345908,1,pstn,A15
LA_E_7346363,1,gsm,A12
LA_E_7346381,1,none,A10
LA_E_7346704,1,none,A17
LA_E_7347460,1,gsm,A17
LA_E_7347586,1,ulaw,A16
LA_E_7347631,1,alaw,A12
LA_E_7348550,1,gsm,A13
LA_E_7348671,1,g722,A12
LA_E_7348922,0,g722,bonafide
LA_E_7348939,1,gsm,A16
LA_E_7348985,0,gsm,bonafide
LA_E_7349169,1,none,A19
LA_E_7349242,1,pstn,A18
LA_E_7349335,0,opus,bonafide
LA_E_7349609,1,gsm,A16
LA_E_7349644,1,g722,A15
LA_E_7349984,1,none,A12
LA_E_7349993,1,none,A17
LA_E_7350811,1,none,A13
LA_E_7350938,0,opus,bonafide
LA_E_7351223,1,none,A13
LA_E_7351715,1,alaw,A18
LA_E_7351853,1,gsm,A17
LA_E_7351964,1,opus,A10
LA_E_7352306,1,pstn,A10
LA_E_7352711,1,g722,A15
LA_E_7352720,0,none,bonafide
LA_E_7352859,1,none,A11
LA_E_7354141,1,ulaw,A16
LA_E_7354486,1,ulaw,A16
LA_E_7355017,0,gsm,bonafide
LA_E_7355218,1,alaw,A09
LA_E_7355479,1,g722,A11
LA_E_7355504,1,opus,A18
LA_E_7355580,0,none,bonafide
LA_E_7356239,1,ulaw,A18
LA_E_7356299,1,alaw,A13
LA_E_7356529,1,g722,A11
LA_E_7357931,1,pstn,A11
LA_E_7357971,1,alaw,A15
LA_E_7358429,0,opus,bonafide
LA_E_7359409,1,g722,A14
LA_E_7359643,1,none,A16
LA_E_7359744,1,opus,A14
LA_E_7359799,1,none,A18
LA_E_7359926,1,gsm,A15
LA_E_7360559,1,none,A18
LA_E_7360599,0,alaw,bonafide
LA_E_7361180,1,opus,A18
LA_E_7361318,1,g722,A08
LA_E_7361325,1,gsm,A13
LA_E_7361577,1,g722,A19
LA_E_7362405,0,none,bonafide
LA_E_7362668,1,g722,A15
LA_E_7362763,1,alaw,A09
LA_E_7363065,1,alaw,A15
LA_E_7363298,1,none,A19
LA_E_7363342,0,none,bonafide
LA_E_7363479,1,ulaw,A17
LA_E_7363883,1,gsm,A08
LA_E_7364332,1,gsm,A12
LA_E_7364729,1,ulaw,A08
LA_E_7365143,1,g722,A19
LA_E_7365331,1,gsm,A09
LA_E_7365339,1,none,A08
LA_E_7365977,1,g722,A16
LA_E_7366029,1,alaw,A17
LA_E_7366047,0,pstn,bonafide
LA_E_7366141,1,none,A08
LA_E_7366163,1,opus,A19
LA_E_7367204,1,opus,A19
LA_E_7367231,1,alaw,A16
LA_E_7367284,1,gsm,A19
LA_E_7367769,1,none,A12
LA_E_7367901,0,none,bonafide
LA_E_7368430,0,g722,bonafide
LA_E_7368654,1,none,A08
LA_E_7369086,1,opus,A12
LA_E_7369142,1,opus,A15
LA_E_7369156,1,alaw,A07
LA_E_7369803,0,pstn,bonafide
LA_E_7369905,1,alaw,A07
LA_E_7369950,1,gsm,A09
LA_E_7370566,1,gsm,A17
LA_E_7370572,1,opus,A15
LA_E_7370591,1,none,A17
LA_E_7371134,1,opus,A10
LA_E_7371730,1,none,A14
LA_E_7371851,1,pstn,A17
LA_E_7371958,1,ulaw,A12
LA_E_7372186,1,gsm,A12
LA_E_7372747,1,gsm,A14
LA_E_7373042,1,alaw,A19
LA_E_7373657,1,opus,A13
LA_E_7373768,0,pstn,bonafide
LA_E_7374156,0,ulaw,bonafide
LA_E_7374267,0,pstn,bonafide
LA_E_7374389,1,gsm,A10
LA_E_7374395,1,alaw,A09
LA_E_7376538,1,pstn,A19
LA_E_7376554,1,none,A16
LA_E_7376569,0,gsm,bonafide
LA_E_7377204,0,pstn,bonafide
LA_E_7377247,1,g722,A17
LA_E_7377416,1,pstn,A10
LA_E_7377536,1,alaw,A12
LA_E_7378066,1,gsm,A15
LA_E_7379734,0,gsm,bonafide
LA_E_7379739,1,g722,A16
LA_E_7380046,1,ulaw,A07
LA_E_7380634,1,none,A08
LA_E_7380769,1,opus,A15
LA_E_7380915,1,opus,A07
LA_E_7381163,1,none,A13
LA_E_7381493,1,g722,A17
LA_E_7381536,1,ulaw,A12
LA_E_7381787,1,ulaw,A08
LA_E_7382042,1,ulaw,A12
LA_E_7382324,1,g722,A12
LA_E_7382536,1,ulaw,A15
LA_E_7382671,1,gsm,A14
LA_E_7383091,1,opus,A15
LA_E_7383170,1,pstn,A08
LA_E_7383567,1,gsm,A08
LA_E_7383937,1,pstn,A15
LA_E_7384185,1,none,A09
LA_E_7384227,1,ulaw,A14
LA_E_7384390,1,ulaw,A10
LA_E_7384443,1,none,A19
LA_E_7384571,1,alaw,A14
LA_E_7384712,1,pstn,A11
LA_E_7384759,1,pstn,A08
LA_E_7384958,1,ulaw,A17
LA_E_7384973,1,pstn,A18
LA_E_7385902,1,g722,A10
LA_E_7386228,1,pstn,A10
LA_E_7386272,1,alaw,A15
LA_E_7387285,1,none,A08
LA_E_7387327,1,pstn,A13
LA_E_7388106,0,gsm,bonafide
LA_E_7388395,1,ulaw,A08
LA_E_7388517,1,g722,A14
LA_E_7388953,1,opus,A15
LA_E_7389106,1,g722,A07
LA_E_7389238,1,alaw,A17
LA_E_7389448,1,g722,A11
LA_E_7389498,1,alaw,A12
LA_E_7389572,1,none,A10
LA_E_7390703,1,opus,A14
LA_E_7391661,1,gsm,A11
LA_E_7392415,0,opus,bonafide
LA_E_7393137,1,none,A08
LA_E_7393174,1,pstn,A10
LA_E_7394961,1,none,A12
LA_E_7395023,1,g722,A09
LA_E_7395198,1,alaw,A12
LA_E_7395362,1,gsm,A18
LA_E_7395864,0,pstn,bonafide
LA_E_7396001,1,opus,A07
LA_E_7396306,1,ulaw,A10
LA_E_7396801,1,opus,A07
LA_E_7396831,1,pstn,A12
LA_E_7397170,1,alaw,A19
LA_E_7397554,1,pstn,A17
LA_E_7397654,1,gsm,A07
LA_E_7397925,1,gsm,A07
LA_E_7398613,1,gsm,A12
LA_E_7398793,1,opus,A17
LA_E_7399080,1,pstn,A07
LA_E_7399377,1,alaw,A11
LA_E_7399649,1,pstn,A08
LA_E_7399744,0,pstn,bonafide
LA_E_7400180,1,alaw,A12
LA_E_7400324,1,opus,A08
LA_E_7400579,1,opus,A12
LA_E_7401690,1,pstn,A13
LA_E_7402150,1,ulaw,A14
LA_E_7402644,1,opus,A12
LA_E_7403700,1,opus,A16
LA_E_7404146,1,g722,A07
LA_E_7404548,1,g722,A12
LA_E_7404607,1,opus,A08
LA_E_7404782,1,gsm,A09
LA_E_7404912,1,ulaw,A18
LA_E_7404934,1,gsm,A17
LA_E_7405501,1,none,A07
LA_E_7405653,1,gsm,A18
LA_E_7405899,1,none,A10
LA_E_7406089,1,alaw,A10
LA_E_7406297,1,g722,A13
LA_E_7406370,1,opus,A07
LA_E_7406912,1,g722,A13
LA_E_7407190,1,opus,A17
LA_E_7407355,0,alaw,bonafide
LA_E_7407658,1,g722,A07
LA_E_7408670,0,opus,bonafide
LA_E_7408702,1,alaw,A12
LA_E_7409497,0,pstn,bonafide
LA_E_7410316,1,pstn,A09
LA_E_7410403,1,alaw,A07
LA_E_7411112,1,alaw,A18
LA_E_7411217,1,none,A11
LA_E_7411386,0,none,bonafide
LA_E_7411468,1,none,A11
LA_E_7411946,1,g722,A16
LA_E_7412436,1,gsm,A14
LA_E_7412619,1,opus,A14
LA_E_7412719,1,alaw,A19
LA_E_7412765,1,g722,A14
LA_E_7414115,1,gsm,A19
LA_E_7414410,1,g722,A18
LA_E_7415735,1,alaw,A16
LA_E_7415744,1,pstn,A07
LA_E_7416293,1,opus,A11
LA_E_7416685,1,none,A15
LA_E_7416716,1,gsm,A12
LA_E_7417926,1,opus,A17
LA_E_7418286,1,opus,A09
LA_E_7418344,1,g722,A13
LA_E_7418430,1,none,A16
LA_E_7418702,1,gsm,A14
LA_E_7418828,1,opus,A15
LA_E_7419330,1,opus,A10
LA_E_7419403,1,ulaw,A09
LA_E_7419573,1,none,A19
LA_E_7419616,1,pstn,A10
LA_E_7419951,1,g722,A14
LA_E_7420241,1,none,A14
LA_E_7420461,1,alaw,A19
LA_E_7420749,1,ulaw,A19
LA_E_7420761,1,pstn,A09
LA_E_7421136,0,g722,bonafide
LA_E_7421485,0,gsm,bonafide
LA_E_7421901,1,opus,A07
LA_E_7422140,1,ulaw,A17
LA_E_7422309,1,opus,A12
LA_E_7422994,1,g722,A13
LA_E_7423486,1,ulaw,A12
LA_E_7423957,1,opus,A10
LA_E_7424339,0,pstn,bonafide
LA_E_7424810,1,g722,A17
LA_E_7425301,1,pstn,A07
LA_E_7425426,1,none,A15
LA_E_7425474,1,ulaw,A09
LA_E_7425869,1,ulaw,A16
LA_E_7426130,1,alaw,A19
LA_E_7426180,1,opus,A15
LA_E_7426221,1,g722,A12
LA_E_7426363,1,none,A16
LA_E_7427342,1,g722,A16
LA_E_7427897,0,g722,bonafide
LA_E_7427925,1,gsm,A15
LA_E_7428453,1,g722,A17
LA_E_7428698,1,none,A14
LA_E_7428744,1,g722,A18
LA_E_7429338,1,g722,A12
LA_E_7429797,1,none,A10
LA_E_7430204,0,opus,bonafide
LA_E_7430297,1,pstn,A16
LA_E_7430309,1,gsm,A16
LA_E_7430612,0,alaw,bonafide
LA_E_7430857,1,gsm,A14
LA_E_7431130,1,ulaw,A15
LA_E_7431146,1,ulaw,A11
LA_E_7431186,1,none,A11
LA_E_7431442,1,ulaw,A17
LA_E_7431600,1,none,A11
LA_E_7431834,1,g722,A08
LA_E_7432265,1,pstn,A17
LA_E_7433146,1,none,A13
LA_E_7433475,1,ulaw,A12
LA_E_7434426,1,g722,A08
LA_E_7434597,1,none,A12
LA_E_7434798,0,alaw,bonafide
LA_E_7434991,1,g722,A14
LA_E_7435483,1,gsm,A14
LA_E_7435801,1,gsm,A17
LA_E_7436908,0,opus,bonafide
LA_E_7436928,1,alaw,A09
LA_E_7437490,1,pstn,A13
LA_E_7437732,1,gsm,A08
LA_E_7437804,1,g722,A14
LA_E_7437870,1,gsm,A09
LA_E_7437919,0,gsm,bonafide
LA_E_7438284,1,g722,A07
LA_E_7438777,1,ulaw,A13
LA_E_7439374,1,pstn,A13
LA_E_7440232,1,alaw,A18
LA_E_7440550,1,opus,A12
LA_E_7440667,1,none,A13
LA_E_7441000,0,g722,bonafide
LA_E_7441080,0,ulaw,bonafide
LA_E_7441911,1,g722,A16
LA_E_7441948,1,ulaw,A16
LA_E_7442729,1,none,A18
LA_E_7442812,0,g722,bonafide
LA_E_7443056,1,ulaw,A07
LA_E_7443464,1,g722,A15
LA_E_7443505,1,alaw,A18
LA_E_7444094,1,opus,A08
LA_E_7444427,0,alaw,bonafide
LA_E_7444662,1,none,A16
LA_E_7444851,1,alaw,A17
LA_E_7444954,1,g722,A08
LA_E_7444964,0,ulaw,bonafide
LA_E_7445364,0,ulaw,bonafide
LA_E_7445825,1,none,A11
LA_E_7445998,1,opus,A16
LA_E_7446118,1,gsm,A11
LA_E_7446577,1,alaw,A08
LA_E_7446796,1,none,A12
LA_E_7447216,1,none,A12
LA_E_7447469,1,g722,A16
LA_E_7447591,1,alaw,A11
LA_E_7447696,1,g722,A18
LA_E_7448059,1,alaw,A15
LA_E_7448931,1,pstn,A07
LA_E_7448954,1,pstn,A10
LA_E_7449208,1,ulaw,A10
LA_E_7449744,1,ulaw,A11
LA_E_7449830,1,none,A14
LA_E_7450141,1,alaw,A19
LA_E_7450288,1,pstn,A11
LA_E_7450428,1,opus,A18
LA_E_7450723,1,g722,A15
LA_E_7450860,1,none,A13
LA_E_7450997,1,gsm,A18
LA_E_7451271,1,g722,A17
LA_E_7451583,1,ulaw,A18
LA_E_7451622,0,ulaw,bonafide
LA_E_7451709,1,pstn,A18
LA_E_7451982,1,gsm,A08
LA_E_7452070,1,g722,A09
LA_E_7452367,1,ulaw,A14
LA_E_7453192,1,ulaw,A17
LA_E_7453496,1,opus,A14
LA_E_7453621,1,alaw,A17
LA_E_7453832,1,gsm,A12
LA_E_7454072,1,alaw,A12
LA_E_7454081,1,g722,A19
LA_E_7454427,1,pstn,A13
LA_E_7454740,1,alaw,A17
LA_E_7455187,1,alaw,A14
LA_E_7455292,0,g722,bonafide
LA_E_7455464,1,none,A18
LA_E_7456096,1,pstn,A11
LA_E_7456834,1,pstn,A10
LA_E_7457525,1,alaw,A12
LA_E_7458967,1,pstn,A17
LA_E_7459000,1,alaw,A08
LA_E_7459388,1,pstn,A18
LA_E_7459714,1,alaw,A15
LA_E_7460148,1,none,A13
LA_E_7460621,1,g722,A17
LA_E_7460683,1,alaw,A07
LA_E_7460686,1,g722,A16
LA_E_7460856,1,alaw,A10
LA_E_7461107,1,none,A07
LA_E_7461377,1,none,A09
LA_E_7461500,1,alaw,A10
LA_E_7461651,1,gsm,A13
LA_E_7462271,0,pstn,bonafide
LA_E_7462833,1,g722,A13
LA_E_7462923,1,ulaw,A15
LA_E_7463477,1,g722,A18
LA_E_7464524,0,pstn,bonafide
LA_E_7464548,1,none,A19
LA_E_7464707,1,none,A14
LA_E_7464785,1,ulaw,A11
LA_E_7465228,1,alaw,A13
LA_E_7465973,1,opus,A08
LA_E_7466111,1,opus,A14
LA_E_7466143,1,g722,A16
LA_E_7466698,1,ulaw,A13
LA_E_7466865,1,alaw,A18
LA_E_7466877,1,ulaw,A19
LA_E_7467531,1,pstn,A09
LA_E_7467985,0,opus,bonafide
LA_E_7468113,1,pstn,A14
LA_E_7468726,1,pstn,A09
LA_E_7469675,1,pstn,A12
LA_E_7469861,1,none,A19
LA_E_7470312,1,gsm,A13
LA_E_7470385,1,alaw,A14
LA_E_7471534,1,opus,A10
LA_E_7471882,1,none,A07
LA_E_7472000,1,gsm,A11
LA_E_7472481,1,g722,A12
LA_E_7472504,1,g722,A07
LA_E_7472706,1,g722,A07
LA_E_7472890,1,gsm,A10
LA_E_7473525,1,opus,A09
LA_E_7473845,1,none,A18
LA_E_7473967,1,g722,A16
LA_E_7474293,1,opus,A19
LA_E_7475051,1,opus,A13
LA_E_7475213,1,none,A17
LA_E_7475447,1,gsm,A18
LA_E_7475474,1,gsm,A15
LA_E_7475698,1,none,A19
LA_E_7476258,0,opus,bonafide
LA_E_7476816,1,ulaw,A16
LA_E_7476904,0,gsm,bonafide
LA_E_7477123,0,ulaw,bonafide
LA_E_7477134,1,ulaw,A14
LA_E_7477215,1,opus,A10
LA_E_7477271,1,alaw,A19
LA_E_7477705,1,gsm,A16
LA_E_7478235,1,gsm,A09
LA_E_7478530,1,none,A09
LA_E_7478994,1,pstn,A13
LA_E_7479142,1,opus,A11
LA_E_7479158,1,alaw,A19
LA_E_7479563,1,opus,A15
LA_E_7479697,1,alaw,A17
LA_E_7480240,1,gsm,A12
LA_E_7480268,1,g722,A19
LA_E_7480422,1,none,A17
LA_E_7480457,0,pstn,bonafide
LA_E_7480471,1,opus,A10
LA_E_7480834,1,gsm,A18
LA_E_7480923,1,g722,A07
LA_E_7480944,1,g722,A15
LA_E_7481020,1,ulaw,A07
LA_E_7481451,1,ulaw,A10
LA_E_7481707,1,g722,A07
LA_E_7482028,1,gsm,A14
LA_E_7482163,1,ulaw,A15
LA_E_7482203,1,gsm,A12
LA_E_7482510,1,ulaw,A15
LA_E_7482757,1,none,A17
LA_E_7482781,1,ulaw,A19
LA_E_7483117,0,alaw,bonafide
LA_E_7483764,1,pstn,A08
LA_E_7484824,1,ulaw,A18
LA_E_7484884,1,opus,A08
LA_E_7484899,1,g722,A10
LA_E_7485012,1,gsm,A08
LA_E_7485443,1,gsm,A18
LA_E_7485482,1,none,A07
LA_E_7485640,1,none,A15
LA_E_7485660,1,alaw,A14
LA_E_7485710,1,alaw,A16
LA_E_7485870,1,g722,A09
LA_E_7486186,0,opus,bonafide
LA_E_7486351,1,pstn,A15
LA_E_7486676,1,opus,A09
LA_E_7486989,1,alaw,A09
LA_E_7487019,1,gsm,A14
LA_E_7487179,1,ulaw,A08
LA_E_7488318,1,alaw,A18
LA_E_7488330,1,alaw,A13
LA_E_7488347,1,none,A11
LA_E_7490523,1,gsm,A12
LA_E_7491320,1,opus,A18
LA_E_7491513,0,alaw,bonafide
LA_E_7492159,1,pstn,A11
LA_E_7493130,1,g722,A19
LA_E_7493513,1,opus,A07
LA_E_7494124,1,g722,A07
LA_E_7494972,1,alaw,A13
LA_E_7495239,1,pstn,A09
LA_E_7495287,0,gsm,bonafide
LA_E_7495304,1,ulaw,A16
LA_E_7495365,1,pstn,A07
LA_E_7495529,1,none,A10
LA_E_7495751,1,alaw,A17
LA_E_7496069,0,ulaw,bonafide
LA_E_7497606,1,pstn,A19
LA_E_7498144,1,g722,A14
LA_E_7499099,0,ulaw,bonafide
LA_E_7499669,1,pstn,A10
LA_E_7499886,1,gsm,A12
LA_E_7500122,1,ulaw,A09
LA_E_7500150,1,pstn,A08
LA_E_7500255,1,gsm,A18
LA_E_7500507,1,alaw,A14
LA_E_7500964,1,gsm,A10
LA_E_7501252,1,gsm,A14
LA_E_7501356,0,ulaw,bonafide
LA_E_7501957,0,ulaw,bonafide
LA_E_7502098,0,g722,bonafide
LA_E_7502102,1,none,A10
LA_E_7502407,1,alaw,A15
LA_E_7502574,1,gsm,A19
LA_E_7502693,1,opus,A12
LA_E_7503091,0,pstn,bonafide
LA_E_7503323,1,opus,A09
LA_E_7503353,1,none,A10
LA_E_7503439,1,opus,A19
LA_E_7503540,1,alaw,A11
LA_E_7503671,1,gsm,A19
LA_E_7504039,1,opus,A11
LA_E_7504392,1,alaw,A16
LA_E_7504406,1,gsm,A10
LA_E_7504489,1,ulaw,A14
LA_E_7504564,1,g722,A08
LA_E_7504727,1,none,A17
LA_E_7505948,1,pstn,A11
LA_E_7506092,1,gsm,A09
LA_E_7506352,1,pstn,A17
LA_E_7506360,1,alaw,A17
LA_E_7506410,1,alaw,A15
LA_E_7506654,1,alaw,A10
LA_E_7506899,1,pstn,A11
LA_E_7507452,1,ulaw,A17
LA_E_7507529,0,ulaw,bonafide
LA_E_7507710,1,alaw,A07
LA_E_7508188,1,alaw,A19
LA_E_7508198,1,pstn,A15
LA_E_7508245,1,opus,A11
LA_E_7508256,1,g722,A16
LA_E_7508315,1,g722,A12
LA_E_7508389,1,alaw,A08
LA_E_7508533,0,alaw,bonafide
LA_E_7508932,1,gsm,A15
LA_E_7509325,1,opus,A14
LA_E_7509328,1,alaw,A14
LA_E_7509493,1,none,A08
LA_E_7509639,1,ulaw,A09
LA_E_7510360,1,pstn,A13
LA_E_7510849,1,opus,A11
LA_E_7511469,1,opus,A16
LA_E_7512050,1,alaw,A13
LA_E_7512150,1,pstn,A13
LA_E_7512188,1,gsm,A16
LA_E_7512470,1,ulaw,A10
LA_E_7513047,1,gsm,A19
LA_E_7513126,1,g722,A10
LA_E_7513501,1,alaw,A09
LA_E_7513619,1,g722,A12
LA_E_7513715,1,gsm,A15
LA_E_7513777,1,pstn,A07
LA_E_7513798,1,gsm,A17
LA_E_7513817,1,none,A14
LA_E_7513849,1,opus,A07
LA_E_7514184,0,pstn,bonafide
LA_E_7515518,1,alaw,A18
LA_E_7515541,1,gsm,A18
LA_E_7516031,1,ulaw,A14
LA_E_7516704,0,opus,bonafide
LA_E_7517107,1,ulaw,A13
LA_E_7517477,1,none,A16
LA_E_7517805,1,alaw,A09
LA_E_7518754,0,pstn,bonafide
LA_E_7518992,1,ulaw,A19
LA_E_7519108,1,alaw,A19
LA_E_7519692,1,ulaw,A18
LA_E_7519788,1,none,A12
LA_E_7519881,1,pstn,A09
LA_E_7519896,1,pstn,A17
LA_E_7520329,1,alaw,A19
LA_E_7520899,1,gsm,A08
LA_E_7520931,1,alaw,A10
LA_E_7520976,1,none,A15
LA_E_7520983,1,none,A16
LA_E_7521075,1,ulaw,A08
LA_E_7521918,1,alaw,A11
LA_E_7521935,1,g722,A08
LA_E_7522163,1,none,A15
LA_E_7522303,1,opus,A12
LA_E_7522745,1,pstn,A08
LA_E_7522884,0,none,bonafide
LA_E_7523169,1,opus,A16
LA_E_7523634,1,g722,A19
LA_E_7523776,1,g722,A13
LA_E_7523863,1,ulaw,A09
LA_E_7524734,0,g722,bonafide
LA_E_7524929,1,alaw,A07
LA_E_7525149,1,g722,A09
LA_E_7525381,1,pstn,A12
LA_E_7525585,1,gsm,A08
LA_E_7525830,0,alaw,bonafide
LA_E_7526765,1,gsm,A13
LA_E_7526780,1,opus,A19
LA_E_7527257,1,gsm,A07
LA_E_7527330,1,gsm,A09
LA_E_7528008,0,none,bonafide
LA_E_7528121,1,pstn,A17
LA_E_7528737,1,ulaw,A14
LA_E_7529055,1,g722,A10
LA_E_7529438,0,ulaw,bonafide
LA_E_7530000,1,g722,A16
LA_E_7530141,1,g722,A10
LA_E_7530293,1,ulaw,A16
LA_E_7530432,1,gsm,A09
LA_E_7530588,1,ulaw,A09
LA_E_7531170,0,gsm,bonafide
LA_E_7532223,1,pstn,A13
LA_E_7532365,1,opus,A07
LA_E_7532817,0,g722,bonafide
LA_E_7532866,1,gsm,A19
LA_E_7532959,0,g722,bonafide
LA_E_7533569,1,ulaw,A09
LA_E_7533748,1,alaw,A16
LA_E_7534559,1,alaw,A12
LA_E_7534848,1,alaw,A19
LA_E_7535063,1,ulaw,A12
LA_E_7535513,1,gsm,A13
LA_E_7535822,1,none,A14
LA_E_7535953,1,ulaw,A16
LA_E_7536776,1,g722,A19
LA_E_7537563,1,pstn,A18
LA_E_7538381,1,gsm,A10
LA_E_7538979,1,ulaw,A12
LA_E_7539291,1,opus,A17
LA_E_7539665,1,gsm,A09
LA_E_7540013,1,ulaw,A10
LA_E_7540068,1,g722,A15
LA_E_7540436,1,alaw,A18
LA_E_7540523,1,none,A13
LA_E_7540663,1,opus,A13
LA_E_7540902,0,alaw,bonafide
LA_E_7541167,1,opus,A16
LA_E_7542065,1,none,A11
LA_E_7542099,1,alaw,A07
LA_E_7542229,1,gsm,A10
LA_E_7542943,1,pstn,A16
LA_E_7543233,0,ulaw,bonafide
LA_E_7543237,1,none,A08
LA_E_7543298,1,alaw,A09
LA_E_7543366,1,alaw,A16
LA_E_7543471,1,opus,A08
LA_E_7543686,1,alaw,A07
LA_E_7543801,1,gsm,A07
LA_E_7544032,1,none,A13
LA_E_7544449,1,gsm,A14
LA_E_7544883,1,g722,A18
LA_E_7545991,1,pstn,A10
LA_E_7546087,1,gsm,A11
LA_E_7546156,0,opus,bonafide
LA_E_7546317,1,gsm,A08
LA_E_7546520,1,opus,A10
LA_E_7546654,1,ulaw,A07
LA_E_7546773,1,gsm,A08
LA_E_7547064,0,none,bonafide
LA_E_7547090,1,g722,A09
LA_E_7547843,1,ulaw,A07
LA_E_7547853,0,opus,bonafide
LA_E_7547987,1,none,A18
LA_E_7548687,0,gsm,bonafide
LA_E_7548693,1,none,A07
LA_E_7549352,0,g722,bonafide
LA_E_7549911,0,ulaw,bonafide
LA_E_7549923,0,pstn,bonafide
LA_E_7549985,1,alaw,A08
LA_E_7550167,1,pstn,A17
LA_E_7550438,1,opus,A07
LA_E_7550970,1,g722,A11
LA_E_7551838,1,alaw,A15
LA_E_7551883,1,gsm,A11
LA_E_7552290,1,gsm,A11
LA_E_7552333,1,alaw,A16
LA_E_7552445,1,ulaw,A16
LA_E_7552497,1,opus,A16
LA_E_7552755,1,alaw,A18
LA_E_7553365,1,ulaw,A13
LA_E_7553582,1,pstn,A10
LA_E_7553710,1,pstn,A12
LA_E_7553885,1,gsm,A18
LA_E_7554149,1,none,A12
LA_E_7554501,0,ulaw,bonafide
LA_E_7554605,1,ulaw,A18
LA_E_7554952,1,ulaw,A18
LA_E_7555087,1,ulaw,A13
LA_E_7556044,1,g722,A13
LA_E_7556073,1,gsm,A16
LA_E_7556234,1,pstn,A12
LA_E_7556683,1,ulaw,A17
LA_E_7556684,1,pstn,A15
LA_E_7556838,1,alaw,A16
LA_E_7557289,1,g722,A10
LA_E_7557517,1,pstn,A19
LA_E_7557679,1,g722,A16
LA_E_7558037,1,alaw,A11
LA_E_7558097,1,opus,A07
LA_E_7558110,1,alaw,A17
LA_E_7558317,1,ulaw,A10
LA_E_7558346,1,opus,A14
LA_E_7558611,1,alaw,A08
LA_E_7558791,1,pstn,A11
LA_E_7559047,1,pstn,A18
LA_E_7559324,1,gsm,A16
LA_E_7559427,0,gsm,bonafide
LA_E_7559675,1,gsm,A10
LA_E_7560149,1,pstn,A07
LA_E_7560607,1,gsm,A15
LA_E_7560766,1,none,A09
LA_E_7561519,1,pstn,A07
LA_E_7561580,0,gsm,bonafide
LA_E_7561766,1,pstn,A14
LA_E_7562392,1,alaw,A17
LA_E_7562776,0,g722,bonafide
LA_E_7562786,1,opus,A11
LA_E_7563767,1,ulaw,A15
LA_E_7564359,1,alaw,A12
LA_E_7565160,1,none,A18
LA_E_7565246,1,ulaw,A09
LA_E_7565387,1,alaw,A17
LA_E_7565814,1,ulaw,A16
LA_E_7565915,0,opus,bonafide
LA_E_7565996,1,g722,A07
LA_E_7566010,1,none,A09
LA_E_7566089,1,alaw,A11
LA_E_7566298,1,g722,A15
LA_E_7566604,1,opus,A16
LA_E_7566643,1,alaw,A09
LA_E_7567244,1,none,A16
LA_E_7567286,1,alaw,A12
LA_E_7567407,1,g722,A13
LA_E_7567482,1,gsm,A11
LA_E_7567516,1,gsm,A18
LA_E_7567727,1,pstn,A17
LA_E_7569373,1,gsm,A16
LA_E_7569505,1,g722,A18
LA_E_7570221,1,none,A07
LA_E_7570503,1,opus,A14
LA_E_7571639,1,opus,A12
LA_E_7572117,1,none,A11
LA_E_7572270,1,alaw,A11
LA_E_7572487,1,opus,A11
LA_E_7572577,1,ulaw,A07
LA_E_7573066,1,none,A16
LA_E_7573517,1,gsm,A17
LA_E_7573766,1,ulaw,A17
LA_E_7573899,1,ulaw,A13
LA_E_7574928,1,g722,A17
LA_E_7575546,0,ulaw,bonafide
LA_E_7575840,1,g722,A12
LA_E_7575927,1,alaw,A17
LA_E_7576583,1,gsm,A11
LA_E_7576625,1,alaw,A09
LA_E_7576871,1,none,A07
LA_E_7577628,1,ulaw,A13
LA_E_7578103,1,alaw,A16
LA_E_7578242,1,ulaw,A10
LA_E_7578438,1,none,A15
LA_E_7578536,1,g722,A14
LA_E_7580612,1,pstn,A08
LA_E_7580669,1,opus,A13
LA_E_7581455,0,pstn,bonafide
LA_E_7581582,1,alaw,A19
LA_E_7582165,1,alaw,A16
LA_E_7582238,1,pstn,A09
LA_E_7582296,1,gsm,A16
LA_E_7582340,1,ulaw,A11
LA_E_7582370,1,ulaw,A10
LA_E_7582861,1,g722,A07
LA_E_7582988,1,none,A09
LA_E_7583104,1,gsm,A14
LA_E_7583209,1,none,A17
LA_E_7583326,1,g722,A13
LA_E_7583585,1,g722,A08
LA_E_7583656,1,alaw,A07
LA_E_7583804,1,ulaw,A15
LA_E_7584080,1,pstn,A09
LA_E_7584413,1,ulaw,A12
LA_E_7584517,1,ulaw,A09
LA_E_7584719,1,gsm,A08
LA_E_7585111,0,none,bonafide
LA_E_7585281,1,pstn,A13
LA_E_7585357,1,opus,A17
LA_E_7585379,1,alaw,A18
LA_E_7585461,1,pstn,A12
LA_E_7585793,1,gsm,A18
LA_E_7585895,1,pstn,A10
LA_E_7586091,1,alaw,A18
LA_E_7586344,1,g722,A12
LA_E_7586381,1,none,A10
LA_E_7587248,1,opus,A19
LA_E_7587257,0,pstn,bonafide
LA_E_7587822,1,ulaw,A18
LA_E_7587992,1,pstn,A12
LA_E_7588132,1,pstn,A10
LA_E_7588559,1,g722,A09
LA_E_7589040,1,ulaw,A19
LA_E_7589341,1,ulaw,A13
LA_E_7589707,1,pstn,A10
LA_E_7589733,0,g722,bonafide
LA_E_7589864,1,none,A08
LA_E_7589865,1,pstn,A07
LA_E_7590147,1,g722,A11
LA_E_7590161,1,pstn,A14
LA_E_7590167,1,none,A10
LA_E_7590475,1,pstn,A08
LA_E_7590919,1,ulaw,A08
LA_E_7592337,1,ulaw,A17
LA_E_7592415,0,none,bonafide
LA_E_7592697,1,g722,A09
LA_E_7592826,1,opus,A08
LA_E_7592999,1,gsm,A09
LA_E_7593252,1,gsm,A14
LA_E_7593296,1,pstn,A09
LA_E_7593569,1,g722,A07
LA_E_7593657,1,opus,A19
LA_E_7593715,0,opus,bonafide
LA_E_7594021,1,g722,A07
LA_E_7594104,1,none,A15
LA_E_7594717,1,g722,A10
LA_E_7595229,1,opus,A10
LA_E_7595482,1,gsm,A12
LA_E_7595750,0,opus,bonafide
LA_E_7596385,1,alaw,A19
LA_E_7596850,1,opus,A16
LA_E_7597255,1,opus,A10
LA_E_7597312,1,none,A16
LA_E_7597415,1,g722,A10
LA_E_7597528,1,none,A12
LA_E_7597826,1,g722,A12
LA_E_7597971,1,alaw,A12
LA_E_7598057,1,g722,A09
LA_E_7598470,1,opus,A09
LA_E_7599312,1,ulaw,A13
LA_E_7599375,1,g722,A08
LA_E_7599487,1,g722,A08
LA_E_7600844,1,none,A10
LA_E_7601016,1,ulaw,A17
LA_E_7601063,0,opus,bonafide
LA_E_7601276,1,none,A08
LA_E_7601893,0,ulaw,bonafide
LA_E_7602102,1,alaw,A09
LA_E_7602115,1,none,A12
LA_E_7602188,1,pstn,A14
LA_E_7602378,1,alaw,A09
LA_E_7602491,1,ulaw,A07
LA_E_7602649,1,alaw,A18
LA_E_7602669,1,g722,A12
LA_E_7602770,0,none,bonafide
LA_E_7602809,1,gsm,A07
LA_E_7603412,1,gsm,A14
LA_E_7603465,0,gsm,bonafide
LA_E_7603763,1,none,A14
LA_E_7603840,0,alaw,bonafide
LA_E_7604326,1,g722,A15
LA_E_7604697,1,gsm,A17
LA_E_7605258,1,none,A16
LA_E_7605764,1,g722,A11
LA_E_7605997,1,pstn,A07
LA_E_7606057,1,pstn,A11
LA_E_7606684,1,none,A14
LA_E_7607233,1,pstn,A16
LA_E_7608090,0,none,bonafide
LA_E_7608941,1,ulaw,A08
LA_E_7609183,1,none,A16
LA_E_7609201,1,opus,A09
LA_E_7609224,1,pstn,A07
LA_E_7609387,1,alaw,A17
LA_E_7609784,1,gsm,A09
LA_E_7610500,1,gsm,A11
LA_E_7610501,1,gsm,A11
LA_E_7610521,1,opus,A14
LA_E_7610613,1,gsm,A07
LA_E_7610761,1,ulaw,A12
LA_E_7610957,1,none,A12
LA_E_7611055,1,pstn,A11
LA_E_7611894,1,gsm,A10
LA_E_7612015,1,ulaw,A10
LA_E_7612352,1,none,A16
LA_E_7613056,1,alaw,A13
LA_E_7613155,1,g722,A11
LA_E_7613664,1,none,A14
LA_E_7614037,1,alaw,A15
LA_E_7614895,1,opus,A16
LA_E_7615070,1,ulaw,A17
LA_E_7615319,1,g722,A13
LA_E_7615624,1,none,A13
LA_E_7616066,1,opus,A10
LA_E_7616097,1,ulaw,A19
LA_E_7616627,1,none,A15
LA_E_7616955,1,ulaw,A07
LA_E_7617267,1,opus,A16
LA_E_7617332,1,g722,A10
LA_E_7617698,1,g722,A08
LA_E_7617777,1,alaw,A16
LA_E_7618065,1,g722,A08
LA_E_7618194,1,gsm,A10
LA_E_7619032,1,none,A19
LA_E_7619143,1,opus,A17
LA_E_7619766,1,none,A12
LA_E_7620872,0,ulaw,bonafide
LA_E_7621045,1,alaw,A14
LA_E_7621621,0,gsm,bonafide
LA_E_7621824,0,ulaw,bonafide
LA_E_7622040,0,ulaw,bonafide
LA_E_7622286,1,alaw,A07
LA_E_7622356,1,opus,A09
LA_E_7622388,1,opus,A18
LA_E_7622553,0,g722,bonafide
LA_E_7623885,1,ulaw,A18
LA_E_7623949,0,g722,bonafide
LA_E_7624075,1,opus,A11
LA_E_7624577,1,g722,A17
LA_E_7625205,0,none,bonafide
LA_E_7625277,1,none,A13
LA_E_7625382,1,opus,A15
LA_E_7625406,1,none,A13
LA_E_7625525,1,ulaw,A14
LA_E_7625596,1,gsm,A08
LA_E_7625748,0,none,bonafide
LA_E_7626460,0,alaw,bonafide
LA_E_7626844,1,gsm,A16
LA_E_7626893,0,opus,bonafide
LA_E_7627160,1,opus,A12
LA_E_7627308,1,gsm,A07
LA_E_7627318,1,ulaw,A08
LA_E_7627380,1,none,A17
LA_E_7628536,0,ulaw,bonafide
LA_E_7628910,1,gsm,A08
LA_E_7628921,1,opus,A16
LA_E_7629034,1,ulaw,A14
LA_E_7629592,1,g722,A09
LA_E_7629672,1,ulaw,A18
LA_E_7630233,1,pstn,A11
LA_E_7630275,0,opus,bonafide
LA_E_7630947,1,alaw,A14
LA_E_7630950,1,opus,A18
LA_E_7631573,1,opus,A09
LA_E_7631701,1,pstn,A19
LA_E_7631819,1,pstn,A09
LA_E_7632244,1,gsm,A14
LA_E_7632842,1,ulaw,A14
LA_E_7633422,1,alaw,A13
LA_E_7633584,1,pstn,A08
LA_E_7634889,1,pstn,A15
LA_E_7635178,1,g722,A16
LA_E_7635237,0,ulaw,bonafide
LA_E_7635316,1,opus,A14
LA_E_7635902,1,opus,A16
LA_E_7636295,1,ulaw,A07
LA_E_7636594,1,alaw,A17
LA_E_7636852,1,none,A13
LA_E_7637760,0,ulaw,bonafide
LA_E_7638031,1,gsm,A09
LA_E_7638081,0,ulaw,bonafide
LA_E_7638277,0,ulaw,bonafide
LA_E_7638922,1,g722,A15
LA_E_7638951,1,gsm,A12
LA_E_7639139,1,gsm,A18
LA_E_7639262,0,opus,bonafide
LA_E_7639485,1,pstn,A14
LA_E_7639640,0,g722,bonafide
LA_E_7639816,1,none,A12
LA_E_7640202,1,pstn,A14
LA_E_7640445,0,alaw,bonafide
LA_E_7640558,1,none,A11
LA_E_7640651,0,opus,bonafide
LA_E_7640837,1,none,A10
LA_E_7641675,1,pstn,A14
LA_E_7642052,1,ulaw,A16
LA_E_7642150,0,g722,bonafide
LA_E_7642158,1,g722,A15
LA_E_7642288,1,pstn,A11
LA_E_7642385,1,pstn,A08
LA_E_7642404,1,opus,A15
LA_E_7642660,1,gsm,A09
LA_E_7642715,1,none,A13
LA_E_7643666,1,pstn,A07
LA_E_7643777,1,gsm,A10
LA_E_7644133,1,pstn,A13
LA_E_7644610,1,ulaw,A17
LA_E_7644774,1,ulaw,A09
LA_E_7644818,1,alaw,A11
LA_E_7645591,1,gsm,A10
LA_E_7645722,1,opus,A10
LA_E_7646076,1,none,A14
LA_E_7646198,1,none,A07
LA_E_7647559,1,opus,A13
LA_E_7647822,1,pstn,A11
LA_E_7647957,1,ulaw,A12
LA_E_7648055,1,gsm,A07
LA_E_7648802,1,gsm,A14
LA_E_7649000,1,none,A19
LA_E_7649137,1,opus,A11
LA_E_7649323,1,gsm,A12
LA_E_7649584,1,pstn,A15
LA_E_7650086,1,none,A11
LA_E_7650570,1,pstn,A18
LA_E_7650591,1,gsm,A17
LA_E_7650631,1,pstn,A07
LA_E_7650667,1,alaw,A14
LA_E_7650918,1,alaw,A13
LA_E_7651025,1,none,A17
LA_E_7651233,0,none,bonafide
LA_E_7651282,1,none,A10
LA_E_7651386,1,g722,A16
LA_E_7651432,1,none,A18
LA_E_7651625,1,gsm,A07
LA_E_7651681,1,gsm,A17
LA_E_7651714,1,alaw,A12
LA_E_7651961,1,alaw,A13
LA_E_7652121,1,gsm,A16
LA_E_7652521,1,opus,A10
LA_E_7652545,0,gsm,bonafide
LA_E_7652729,1,ulaw,A11
LA_E_7653321,1,ulaw,A17
LA_E_7653435,1,gsm,A13
LA_E_7653450,1,opus,A19
LA_E_7654141,1,opus,A09
LA_E_7654418,0,opus,bonafide
LA_E_7654598,1,gsm,A17
LA_E_7654967,1,gsm,A13
LA_E_7656088,1,g722,A15
LA_E_7656228,1,alaw,A08
LA_E_7656269,1,gsm,A18
LA_E_7656751,1,opus,A17
LA_E_7657231,1,ulaw,A08
LA_E_7657294,1,alaw,A08
LA_E_7657355,1,g722,A19
LA_E_7659717,1,opus,A10
LA_E_7660091,1,opus,A07
LA_E_7660104,1,opus,A15
LA_E_7660123,1,none,A18
LA_E_7660440,1,none,A17
LA_E_7660594,1,alaw,A07
LA_E_7660820,1,gsm,A19
LA_E_7660846,1,gsm,A08
LA_E_7661185,1,g722,A07
LA_E_7661287,0,none,bonafide
LA_E_7662064,1,ulaw,A16
LA_E_7662208,1,pstn,A12
LA_E_7662467,1,none,A07
LA_E_7662567,1,alaw,A08
LA_E_7662766,1,gsm,A12
LA_E_7663027,1,none,A09
LA_E_7663878,1,opus,A17
LA_E_7663910,1,ulaw,A13
LA_E_7664654,1,ulaw,A18
LA_E_7664867,0,ulaw,bonafide
LA_E_7664958,1,alaw,A19
LA_E_7665087,1,ulaw,A13
LA_E_7665431,1,gsm,A10
LA_E_7665885,1,opus,A17
LA_E_7666330,1,opus,A13
LA_E_7666642,1,g722,A15
LA_E_7667272,1,g722,A16
LA_E_7667558,1,opus,A08
LA_E_7667609,1,g722,A12
LA_E_7668015,1,g722,A13
LA_E_7668145,0,g722,bonafide
LA_E_7668352,1,gsm,A16
LA_E_7668441,1,opus,A11
LA_E_7669085,1,g722,A15
LA_E_7669227,1,alaw,A12
LA_E_7669764,1,ulaw,A07
LA_E_7669922,0,alaw,bonafide
LA_E_7670031,1,pstn,A18
LA_E_7670114,1,g722,A12
LA_E_7670128,1,opus,A16
LA_E_7670338,1,none,A18
LA_E_7670434,0,opus,bonafide
LA_E_7670540,1,pstn,A17
LA_E_7670633,0,opus,bonafide
LA_E_7671154,1,g722,A18
LA_E_7671238,1,opus,A12
LA_E_7671994,1,g722,A17
LA_E_7672037,1,alaw,A09
LA_E_7672158,1,g722,A13
LA_E_7672404,1,gsm,A08
LA_E_7672695,1,opus,A19
LA_E_7672963,1,ulaw,A15
LA_E_7673383,1,pstn,A16
LA_E_7673418,1,none,A08
LA_E_7673492,0,pstn,bonafide
LA_E_7674350,1,gsm,A13
LA_E_7675237,1,none,A15
LA_E_7675941,1,g722,A18
LA_E_7676172,1,ulaw,A13
LA_E_7676262,1,opus,A15
LA_E_7676790,1,gsm,A09
LA_E_7676859,1,opus,A19
LA_E_7676950,0,pstn,bonafide
LA_E_7676971,1,ulaw,A08
LA_E_7677049,1,g722,A12
LA_E_7677181,0,ulaw,bonafide
LA_E_7677381,1,g722,A09
LA_E_7677510,1,g722,A13
LA_E_7677547,1,g722,A13
LA_E_7678745,1,pstn,A17
LA_E_7678762,1,ulaw,A19
LA_E_7679294,1,pstn,A17
LA_E_7679397,1,gsm,A07
LA_E_7679444,1,opus,A14
LA_E_7679515,1,none,A08
LA_E_7679877,1,pstn,A17
LA_E_7679928,1,g722,A14
LA_E_7680034,1,gsm,A14
LA_E_7680375,1,none,A16
LA_E_7680777,1,none,A10
LA_E_7681035,1,opus,A09
LA_E_7681416,1,opus,A11
LA_E_7681661,0,g722,bonafide
LA_E_7682600,1,pstn,A10
LA_E_7682874,1,ulaw,A18
LA_E_7682975,1,g722,A19
LA_E_7682990,0,gsm,bonafide
LA_E_7683105,1,ulaw,A19
LA_E_7683412,1,alaw,A13
LA_E_7683430,1,alaw,A10
LA_E_7684033,1,opus,A12
LA_E_7684279,1,gsm,A11
LA_E_7684345,1,ulaw,A15
LA_E_7685020,0,ulaw,bonafide
LA_E_7685198,1,pstn,A07
LA_E_7685733,1,gsm,A17
LA_E_7685738,1,g722,A14
LA_E_7685761,0,pstn,bonafide
LA_E_7685918,1,opus,A07
LA_E_7686135,1,gsm,A08
LA_E_7686745,1,alaw,A15
LA_E_7686870,1,alaw,A08
LA_E_7687106,1,ulaw,A13
LA_E_7687553,1,ulaw,A17
LA_E_7688120,1,alaw,A19
LA_E_7688153,1,gsm,A07
LA_E_7689005,1,opus,A18
LA_E_7689173,1,g722,A15
LA_E_7689280,1,none,A19
LA_E_7689346,1,gsm,A10
LA_E_7689664,1,gsm,A13
LA_E_7690044,1,opus,A18
LA_E_7690557,1,pstn,A18
LA_E_7690645,1,gsm,A15
LA_E_7690929,1,pstn,A19
LA_E_7690976,1,alaw,A19
LA_E_7690981,1,alaw,A12
LA_E_7691050,1,none,A19
LA_E_7691398,1,opus,A15
LA_E_7692230,0,g722,bonafide
LA_E_7693023,1,opus,A11
LA_E_7694114,1,g722,A17
LA_E_7694902,1,alaw,A17
LA_E_7695631,1,gsm,A13
LA_E_7696102,1,opus,A09
LA_E_7696384,1,none,A15
LA_E_7696387,1,none,A12
LA_E_7696838,1,pstn,A07
LA_E_7696859,1,gsm,A11
LA_E_7697165,1,gsm,A09
LA_E_7697428,1,opus,A11
LA_E_7697701,1,pstn,A14
LA_E_7697785,1,gsm,A14
LA_E_7697972,1,alaw,A10
LA_E_7698086,1,gsm,A10
LA_E_7698380,1,opus,A15
LA_E_7699010,1,g722,A15
LA_E_7699269,1,ulaw,A19
LA_E_7699445,0,ulaw,bonafide
LA_E_7699482,0,ulaw,bonafide
LA_E_7699635,1,g722,A16
LA_E_7699824,1,pstn,A15
LA_E_7699990,1,gsm,A15
LA_E_7700007,0,none,bonafide
LA_E_7700503,1,ulaw,A14
LA_E_7700846,1,gsm,A12
LA_E_7701068,1,pstn,A19
LA_E_7701763,1,opus,A16
LA_E_7702080,1,none,A11
LA_E_7702086,1,g722,A08
LA_E_7702521,1,alaw,A10
LA_E_7702819,1,g722,A14
LA_E_7702879,1,opus,A12
LA_E_7702978,1,pstn,A07
LA_E_7703912,1,ulaw,A19
LA_E_7704550,1,pstn,A16
LA_E_7704553,1,ulaw,A10
LA_E_7705443,0,g722,bonafide
LA_E_7705451,0,gsm,bonafide
LA_E_7705464,1,gsm,A18
LA_E_7705669,1,g722,A15
LA_E_7705887,1,none,A19
LA_E_7706236,1,g722,A17
LA_E_7706866,1,alaw,A09
LA_E_7706934,1,none,A13
LA_E_7707075,1,g722,A07
LA_E_7707758,1,pstn,A15
LA_E_7707822,1,gsm,A14
LA_E_7707855,1,none,A09
LA_E_7707909,0,ulaw,bonafide
LA_E_7708119,1,g722,A16
LA_E_7708969,1,alaw,A10
LA_E_7709052,1,opus,A13
LA_E_7709155,1,opus,A18
LA_E_7709414,1,pstn,A12
LA_E_7710012,1,none,A10
LA_E_7710090,1,gsm,A19
LA_E_7710144,1,gsm,A19
LA_E_7710445,1,g722,A15
LA_E_7710667,1,ulaw,A08
LA_E_7711318,1,gsm,A12
LA_E_7711416,1,g722,A11
LA_E_7711609,1,opus,A14
LA_E_7711854,1,ulaw,A11
LA_E_7712049,1,g722,A15
LA_E_7712431,1,ulaw,A12
LA_E_7712532,1,opus,A11
LA_E_7712604,1,alaw,A11
LA_E_7712731,1,alaw,A18
LA_E_7713237,1,alaw,A15
LA_E_7713303,1,none,A08
LA_E_7713521,1,ulaw,A08
LA_E_7713667,1,opus,A18
LA_E_7713699,1,alaw,A09
LA_E_7714216,0,g722,bonafide
LA_E_7714717,1,gsm,A19
LA_E_7714802,0,gsm,bonafide
LA_E_7714963,1,opus,A18
LA_E_7715468,1,opus,A13
LA_E_7716169,0,opus,bonafide
LA_E_7716466,1,opus,A12
LA_E_7716709,1,g722,A12
LA_E_7716790,1,gsm,A10
LA_E_7717240,1,g722,A16
LA_E_7717411,1,g722,A07
LA_E_7717518,1,none,A15
LA_E_7718254,1,gsm,A07
LA_E_7719473,1,alaw,A14
LA_E_7720048,1,g722,A14
LA_E_7720239,1,g722,A12
LA_E_7720320,1,none,A18
LA_E_7720727,1,alaw,A18
LA_E_7720947,0,gsm,bonafide
LA_E_7721432,1,ulaw,A08
LA_E_7721452,1,none,A07
LA_E_7721958,1,gsm,A11
LA_E_7722229,1,alaw,A11
LA_E_7722443,0,ulaw,bonafide
LA_E_7722525,1,pstn,A11
LA_E_7722766,1,pstn,A09
LA_E_7723203,1,opus,A12
LA_E_7723690,1,none,A15
LA_E_7724260,1,none,A15
LA_E_7724733,1,g722,A10
LA_E_7725009,1,opus,A15
LA_E_7725063,1,none,A18
LA_E_7725236,1,g722,A19
LA_E_7725254,1,alaw,A19
LA_E_7725704,1,alaw,A19
LA_E_7726042,0,g722,bonafide
LA_E_7726177,1,opus,A19
LA_E_7726323,1,none,A08
LA_E_7726521,1,opus,A08
LA_E_7727039,0,ulaw,bonafide
LA_E_7727127,1,g722,A19
LA_E_7727169,1,opus,A15
LA_E_7727252,1,none,A12
LA_E_7727637,1,pstn,A09
LA_E_7728181,1,opus,A15
LA_E_7728774,1,alaw,A08
LA_E_7729095,1,pstn,A12
LA_E_7729215,1,alaw,A12
LA_E_7729402,1,ulaw,A19
LA_E_7729493,1,opus,A14
LA_E_7729928,1,g722,A09
LA_E_7730330,1,none,A07
LA_E_7730576,1,pstn,A08
LA_E_7730916,1,pstn,A16
LA_E_7731174,1,none,A18
LA_E_7731326,1,alaw,A13
LA_E_7732187,1,pstn,A13
LA_E_7732428,0,opus,bonafide
LA_E_7732495,0,ulaw,bonafide
LA_E_7732746,1,ulaw,A12
LA_E_7733826,1,opus,A09
LA_E_7734940,0,ulaw,bonafide
LA_E_7736158,0,ulaw,bonafide
LA_E_7736491,1,none,A13
LA_E_7736789,1,none,A19
LA_E_7736887,1,g722,A17
LA_E_7737536,1,g722,A17
LA_E_7737659,1,none,A15
LA_E_7737763,1,none,A08
LA_E_7738010,0,alaw,bonafide
LA_E_7738100,1,none,A07
LA_E_7739260,1,none,A14
LA_E_7739482,1,none,A13
LA_E_7739932,1,alaw,A11
LA_E_7740046,1,alaw,A18
LA_E_7740093,1,none,A16
LA_E_7740308,1,pstn,A16
LA_E_7740760,1,alaw,A16
LA_E_7740793,1,alaw,A11
LA_E_7740807,1,pstn,A07
LA_E_7741080,1,g722,A18
LA_E_7742264,1,gsm,A12
LA_E_7742626,0,gsm,bonafide
LA_E_7742650,1,g722,A18
LA_E_7742998,0,g722,bonafide
LA_E_7743029,1,none,A07
LA_E_7743159,1,g722,A14
LA_E_7743632,1,g722,A08
LA_E_7743790,1,g722,A15
LA_E_7744036,1,ulaw,A18
LA_E_7744365,0,none,bonafide
LA_E_7744890,1,alaw,A14
LA_E_7745479,1,opus,A11
LA_E_7745594,1,none,A16
LA_E_7745628,1,pstn,A14
LA_E_7746117,1,g722,A16
LA_E_7746433,1,ulaw,A12
LA_E_7746813,1,ulaw,A13
LA_E_7746964,1,pstn,A15
LA_E_7747033,1,opus,A16
LA_E_7747053,0,ulaw,bonafide
LA_E_7747207,1,g722,A19
LA_E_7747583,1,g722,A07
LA_E_7747655,1,opus,A08
LA_E_7748122,1,gsm,A08
LA_E_7749081,1,ulaw,A13
LA_E_7749644,1,ulaw,A19
LA_E_7749729,1,g722,A07
LA_E_7749982,0,ulaw,bonafide
LA_E_7750327,1,opus,A14
LA_E_7750436,1,none,A14
LA_E_7751149,1,opus,A16
LA_E_7751926,0,ulaw,bonafide
LA_E_7752147,1,opus,A17
LA_E_7752605,1,opus,A13
LA_E_7753124,1,alaw,A09
LA_E_7753319,1,ulaw,A16
LA_E_7753346,1,gsm,A12
LA_E_7753348,1,none,A16
LA_E_7753405,1,pstn,A18
LA_E_7754295,1,pstn,A15
LA_E_7754512,1,alaw,A18
LA_E_7754757,1,none,A17
LA_E_7755177,1,pstn,A15
LA_E_7755299,1,opus,A11
LA_E_7755315,1,ulaw,A08
LA_E_7755385,0,opus,bonafide
LA_E_7756097,0,gsm,bonafide
LA_E_7756266,1,gsm,A15
LA_E_7756479,1,g722,A18
LA_E_7757577,1,opus,A11
LA_E_7758501,1,gsm,A11
LA_E_7758566,1,pstn,A18
LA_E_7759192,1,alaw,A14
LA_E_7759371,0,opus,bonafide
LA_E_7759446,0,gsm,bonafide
LA_E_7759527,1,gsm,A16
LA_E_7759819,1,gsm,A10
LA_E_7759894,1,pstn,A07
LA_E_7759976,1,opus,A08
LA_E_7760071,1,g722,A14
LA_E_7760378,1,opus,A10
LA_E_7761339,1,gsm,A09
LA_E_7761428,1,ulaw,A08
LA_E_7761795,1,pstn,A08
LA_E_7762593,1,none,A19
LA_E_7762602,1,ulaw,A14
LA_E_7762726,0,gsm,bonafide
LA_E_7763075,1,g722,A09
LA_E_7763689,1,pstn,A13
LA_E_7763786,1,g722,A15
LA_E_7763995,1,alaw,A18
LA_E_7764063,1,ulaw,A15
LA_E_7764156,1,alaw,A17
LA_E_7764199,1,ulaw,A19
LA_E_7764542,1,ulaw,A19
LA_E_7764913,1,pstn,A14
LA_E_7765755,1,alaw,A14
LA_E_7765982,1,g722,A17
LA_E_7766698,0,alaw,bonafide
LA_E_7766766,1,alaw,A17
LA_E_7766992,1,g722,A07
LA_E_7767058,1,alaw,A07
LA_E_7767248,1,ulaw,A15
LA_E_7767384,1,ulaw,A10
LA_E_7767746,1,g722,A10
LA_E_7767944,1,gsm,A19
LA_E_7768073,1,opus,A11
LA_E_7768387,1,gsm,A15
LA_E_7768568,1,opus,A15
LA_E_7768680,1,opus,A16
LA_E_7769022,1,pstn,A12
LA_E_7770014,1,opus,A09
LA_E_7770572,1,gsm,A09
LA_E_7770631,1,none,A11
LA_E_7771782,1,pstn,A18
LA_E_7771820,1,g722,A15
LA_E_7771903,1,none,A13
LA_E_7772238,1,ulaw,A19
LA_E_7772392,1,alaw,A14
LA_E_7773040,1,pstn,A10
LA_E_7773575,1,g722,A12
LA_E_7773633,1,alaw,A13
LA_E_7773856,0,opus,bonafide
LA_E_7774077,1,pstn,A16
LA_E_7774269,1,pstn,A13
LA_E_7774743,1,g722,A11
LA_E_7774955,1,gsm,A17
LA_E_7774967,1,gsm,A14
LA_E_7776052,1,ulaw,A08
LA_E_7776148,0,g722,bonafide
LA_E_7776389,1,none,A13
LA_E_7776442,1,none,A18
LA_E_7776458,1,none,A07
LA_E_7776584,1,g722,A10
LA_E_7776992,1,ulaw,A19
LA_E_7777421,1,opus,A15
LA_E_7778028,0,opus,bonafide
LA_E_7778950,1,ulaw,A16
LA_E_7779946,1,none,A09
LA_E_7779978,1,none,A08
LA_E_7780656,1,opus,A19
LA_E_7780714,1,gsm,A12
LA_E_7780892,0,g722,bonafide
LA_E_7780908,1,alaw,A18
LA_E_7781091,1,opus,A16
LA_E_7781202,1,opus,A07
LA_E_7781375,1,alaw,A10
LA_E_7781490,1,g722,A19
LA_E_7781689,1,pstn,A10
LA_E_7781962,1,ulaw,A17
LA_E_7782309,1,opus,A07
LA_E_7782823,1,opus,A14
LA_E_7782844,1,gsm,A16
LA_E_7782978,1,opus,A16
LA_E_7783441,0,pstn,bonafide
LA_E_7784070,1,alaw,A17
LA_E_7784087,1,opus,A13
LA_E_7784192,1,ulaw,A11
LA_E_7785140,1,alaw,A10
LA_E_7785855,1,opus,A14
LA_E_7785891,1,alaw,A07
LA_E_7785944,1,gsm,A14
LA_E_7785961,1,ulaw,A09
LA_E_7787153,1,gsm,A13
LA_E_7787158,1,alaw,A07
LA_E_7787402,1,alaw,A19
LA_E_7788309,1,alaw,A11
LA_E_7788390,1,alaw,A19
LA_E_7788599,1,gsm,A12
LA_E_7788922,1,gsm,A17
LA_E_7788941,1,ulaw,A09
LA_E_7789472,1,gsm,A10
LA_E_7789582,1,g722,A13
LA_E_7790119,1,pstn,A07
LA_E_7790202,0,gsm,bonafide
LA_E_7790329,1,g722,A17
LA_E_7791215,1,g722,A09
LA_E_7791315,1,pstn,A10
LA_E_7791885,1,pstn,A15
LA_E_7792106,1,none,A08
LA_E_7792126,1,gsm,A13
LA_E_7792290,1,alaw,A12
LA_E_7792805,1,opus,A18
LA_E_7792835,1,pstn,A14
LA_E_7793494,1,none,A18
LA_E_7793532,1,pstn,A19
LA_E_7793729,1,ulaw,A14
LA_E_7794245,1,pstn,A12
LA_E_7794282,0,g722,bonafide
LA_E_7794744,1,pstn,A08
LA_E_7794961,1,ulaw,A15
LA_E_7794986,1,opus,A17
LA_E_7795035,1,alaw,A11
LA_E_7795039,1,none,A09
LA_E_7795088,1,gsm,A09
LA_E_7795670,1,opus,A12
LA_E_7795765,1,pstn,A08
LA_E_7796205,1,none,A19
LA_E_7797090,1,opus,A10
LA_E_7797755,1,gsm,A08
LA_E_7797908,1,none,A15
LA_E_7797921,1,g722,A09
LA_E_7798859,0,g722,bonafide
LA_E_7799207,0,alaw,bonafide
LA_E_7799669,1,pstn,A13
LA_E_7799681,1,opus,A17
LA_E_7799812,1,opus,A13
LA_E_7799905,1,pstn,A10
LA_E_7799929,1,ulaw,A08
LA_E_7799930,1,pstn,A18
LA_E_7799937,1,alaw,A16
LA_E_7799943,1,g722,A07
LA_E_7800467,1,alaw,A16
LA_E_7800512,1,none,A12
LA_E_7800625,1,opus,A10
LA_E_7800662,1,ulaw,A11
LA_E_7800815,1,alaw,A09
LA_E_7801185,1,gsm,A19
LA_E_7801202,1,none,A12
LA_E_7801258,1,opus,A11
LA_E_7801390,1,none,A12
LA_E_7801782,1,g722,A10
LA_E_7802626,1,opus,A17
LA_E_7802985,1,opus,A14
LA_E_7804022,1,ulaw,A18
LA_E_7804380,0,alaw,bonafide
LA_E_7804569,1,g722,A18
LA_E_7804697,1,ulaw,A12
LA_E_7805084,1,alaw,A10
LA_E_7805498,1,opus,A14
LA_E_7805629,1,alaw,A19
LA_E_7805693,1,alaw,A16
LA_E_7806991,1,pstn,A16
LA_E_7807232,1,none,A11
LA_E_7808162,1,g722,A07
LA_E_7808206,1,gsm,A10
LA_E_7808236,1,ulaw,A15
LA_E_7809001,1,g722,A12
LA_E_7809228,1,none,A12
LA_E_7809392,1,pstn,A14
LA_E_7809485,1,ulaw,A08
LA_E_7809544,1,g722,A12
LA_E_7810591,1,none,A08
LA_E_7810637,1,g722,A10
LA_E_7810717,1,alaw,A10
LA_E_7812317,0,pstn,bonafide
LA_E_7812539,1,alaw,A17
LA_E_7813174,1,alaw,A13
LA_E_7813256,1,opus,A08
LA_E_7813759,1,none,A13
LA_E_7814298,1,g722,A07
LA_E_7814379,1,gsm,A11
LA_E_7814505,1,g722,A17
LA_E_7814615,1,none,A11
LA_E_7815473,1,ulaw,A14
LA_E_7815724,1,opus,A09
LA_E_7816004,1,ulaw,A17
LA_E_7816116,1,g722,A12
LA_E_7816160,1,ulaw,A07
LA_E_7816324,1,opus,A10
LA_E_7816537,1,pstn,A07
LA_E_7817102,1,g722,A10
LA_E_7817319,1,g722,A11
LA_E_7817877,1,ulaw,A10
LA_E_7818090,1,none,A13
LA_E_7819463,1,none,A10
LA_E_7819722,1,ulaw,A18
LA_E_7820133,1,pstn,A17
LA_E_7820531,1,pstn,A14
LA_E_7820575,1,ulaw,A11
LA_E_7820600,1,alaw,A09
LA_E_7821831,1,pstn,A17
LA_E_7821873,1,alaw,A08
LA_E_7822135,1,opus,A14
LA_E_7822351,1,opus,A08
LA_E_7822649,1,pstn,A17
LA_E_7822698,1,alaw,A17
LA_E_7822877,1,g722,A17
LA_E_7822921,1,gsm,A11
LA_E_7822937,1,opus,A16
LA_E_7823204,1,opus,A10
LA_E_7823208,1,alaw,A18
LA_E_7823245,1,none,A15
LA_E_7823911,1,ulaw,A15
LA_E_7824778,1,none,A19
LA_E_7824998,1,none,A10
LA_E_7825043,0,none,bonafide
LA_E_7825296,1,pstn,A11
LA_E_7825427,1,ulaw,A16
LA_E_7825606,1,pstn,A08
LA_E_7826278,1,g722,A18
LA_E_7826422,1,gsm,A10
LA_E_7826594,1,pstn,A11
LA_E_7826663,1,pstn,A13
LA_E_7827110,1,none,A11
LA_E_7827383,1,alaw,A12
LA_E_7827384,1,g722,A10
LA_E_7827414,1,opus,A08
LA_E_7827515,1,alaw,A14
LA_E_7828385,1,opus,A19
LA_E_7828568,0,ulaw,bonafide
LA_E_7828569,0,gsm,bonafide
LA_E_7828593,1,opus,A12
LA_E_7828816,1,alaw,A07
LA_E_7828836,1,g722,A08
LA_E_7828858,1,opus,A14
LA_E_7829094,1,pstn,A19
LA_E_7829198,1,g722,A12
LA_E_7829205,1,none,A13
LA_E_7829262,0,pstn,bonafide
LA_E_7829374,1,pstn,A16
LA_E_7829466,0,pstn,bonafide
LA_E_7830275,1,g722,A14
LA_E_7830276,1,ulaw,A07
LA_E_7830348,1,alaw,A18
LA_E_7832138,1,g722,A17
LA_E_7832354,1,ulaw,A16
LA_E_7832377,0,opus,bonafide
LA_E_7833361,1,none,A17
LA_E_7833571,1,ulaw,A11
LA_E_7833740,1,g722,A08
LA_E_7834387,1,none,A17
LA_E_7834707,1,ulaw,A19
LA_E_7835248,1,g722,A11
LA_E_7836015,0,pstn,bonafide
LA_E_7836823,1,ulaw,A09
LA_E_7836977,1,none,A10
LA_E_7837307,1,opus,A10
LA_E_7837629,1,gsm,A14
LA_E_7837753,0,opus,bonafide
LA_E_7837805,1,g722,A10
LA_E_7837818,1,ulaw,A17
LA_E_7837838,1,pstn,A14
LA_E_7838033,1,alaw,A17
LA_E_7838124,1,pstn,A11
LA_E_7838144,1,alaw,A16
LA_E_7838395,1,ulaw,A16
LA_E_7838855,1,g722,A14
LA_E_7838875,1,alaw,A16
LA_E_7839108,1,pstn,A07
LA_E_7839365,1,ulaw,A14
LA_E_7839574,0,ulaw,bonafide
LA_E_7839735,1,opus,A11
LA_E_7839774,1,ulaw,A09
LA_E_7839813,1,none,A18
LA_E_7839938,1,g722,A13
LA_E_7840781,1,ulaw,A18
LA_E_7840904,1,opus,A10
LA_E_7841018,1,alaw,A13
LA_E_7841490,1,opus,A10
LA_E_7841629,1,pstn,A13
LA_E_7841720,1,pstn,A17
LA_E_7842586,1,gsm,A07
LA_E_7842716,1,ulaw,A16
LA_E_7843038,1,alaw,A11
LA_E_7843127,1,ulaw,A13
LA_E_7844021,1,ulaw,A19
LA_E_7844064,1,opus,A17
LA_E_7844221,1,gsm,A10
LA_E_7844226,1,pstn,A16
LA_E_7844328,1,alaw,A19
LA_E_7844840,1,ulaw,A10
LA_E_7845346,1,gsm,A08
LA_E_7845386,1,pstn,A15
LA_E_7845610,1,gsm,A13
LA_E_7846031,1,none,A14
LA_E_7846187,1,pstn,A19
LA_E_7846291,1,opus,A12
LA_E_7846351,1,none,A10
LA_E_7846820,1,opus,A11
LA_E_7847302,1,pstn,A11
LA_E_7847841,1,alaw,A14
LA_E_7847858,1,gsm,A13
LA_E_7847863,0,pstn,bonafide
LA_E_7848311,1,pstn,A08
LA_E_7848354,1,gsm,A18
LA_E_7849065,1,opus,A13
LA_E_7849199,1,pstn,A13
LA_E_7849838,0,gsm,bonafide
LA_E_7849842,0,gsm,bonafide
LA_E_7849970,1,g722,A18
LA_E_7850458,1,opus,A18
LA_E_7850549,1,opus,A07
LA_E_7850712,1,gsm,A18
LA_E_7850910,0,g722,bonafide
LA_E_7851401,1,ulaw,A14
LA_E_7851436,1,g722,A09
LA_E_7851447,1,pstn,A19
LA_E_7851772,1,gsm,A17
LA_E_7852131,1,ulaw,A18
LA_E_7852477,1,pstn,A15
LA_E_7852518,1,none,A19
LA_E_7852974,1,pstn,A10
LA_E_7853180,1,none,A18
LA_E_7853308,1,pstn,A15
LA_E_7853457,1,alaw,A08
LA_E_7853478,1,ulaw,A12
LA_E_7854110,1,alaw,A19
LA_E_7854271,1,pstn,A07
LA_E_7854333,1,ulaw,A17
LA_E_7854345,1,opus,A08
LA_E_7854455,0,alaw,bonafide
LA_E_7854957,1,g722,A17
LA_E_7855387,1,ulaw,A16
LA_E_7855476,1,none,A11
LA_E_7855869,1,pstn,A14
LA_E_7856354,1,g722,A17
LA_E_7856359,1,gsm,A17
LA_E_7856464,1,opus,A19
LA_E_7856733,1,alaw,A10
LA_E_7856931,0,gsm,bonafide
LA_E_7857050,1,g722,A18
LA_E_7857172,1,pstn,A15
LA_E_7857182,1,opus,A13
LA_E_7857222,1,gsm,A14
LA_E_7857912,1,pstn,A11
LA_E_7858071,1,none,A19
LA_E_7858256,1,g722,A08
LA_E_7859114,1,opus,A14
LA_E_7859964,1,pstn,A18
LA_E_7860448,1,pstn,A10
LA_E_7860742,1,pstn,A11
LA_E_7860770,1,gsm,A16
LA_E_7860891,1,pstn,A09
LA_E_7861186,0,opus,bonafide
LA_E_7861247,1,gsm,A18
LA_E_7863942,1,ulaw,A19
LA_E_7864346,1,pstn,A17
LA_E_7864417,1,g722,A19
LA_E_7865290,1,gsm,A08
LA_E_7867330,0,none,bonafide
LA_E_7867400,0,alaw,bonafide
LA_E_7868310,0,g722,bonafide
LA_E_7868651,1,g722,A14
LA_E_7869362,1,none,A08
LA_E_7871013,1,pstn,A19
LA_E_7871155,1,gsm,A08
LA_E_7871541,1,ulaw,A11
LA_E_7871824,0,ulaw,bonafide
LA_E_7872215,1,gsm,A14
LA_E_7873247,1,g722,A17
LA_E_7873252,1,pstn,A13
LA_E_7873304,1,opus,A08
LA_E_7873454,0,none,bonafide
LA_E_7873643,1,gsm,A15
LA_E_7873994,1,opus,A19
LA_E_7875313,1,opus,A07
LA_E_7875407,1,none,A09
LA_E_7875508,1,none,A07
LA_E_7876037,1,alaw,A11
LA_E_7876426,1,pstn,A12
LA_E_7876577,1,pstn,A09
LA_E_7876873,1,opus,A13
LA_E_7877039,1,g722,A07
LA_E_7877531,1,gsm,A18
LA_E_7877758,1,g722,A14
LA_E_7878093,1,opus,A09
LA_E_7878560,1,alaw,A13
LA_E_7878936,1,ulaw,A14
LA_E_7879247,1,none,A08
LA_E_7879471,1,none,A14
LA_E_7879538,1,alaw,A09
LA_E_7880709,1,alaw,A09
LA_E_7882125,1,g722,A12
LA_E_7882429,1,ulaw,A08
LA_E_7882484,1,alaw,A16
LA_E_7882686,0,alaw,bonafide
LA_E_7882896,1,alaw,A17
LA_E_7883090,1,pstn,A12
LA_E_7883347,1,ulaw,A10
LA_E_7883944,1,gsm,A09
LA_E_7884371,1,none,A19
LA_E_7884886,1,gsm,A10
LA_E_7884913,1,none,A10
LA_E_7885261,1,opus,A12
LA_E_7885303,1,gsm,A19
LA_E_7885677,1,opus,A08
LA_E_7885678,1,pstn,A10
LA_E_7885947,1,alaw,A11
LA_E_7886449,1,opus,A19
LA_E_7886533,1,alaw,A19
LA_E_7886801,0,ulaw,bonafide
LA_E_7886967,1,none,A07
LA_E_7887345,1,pstn,A10
LA_E_7887622,1,none,A16
LA_E_7888023,1,opus,A17
LA_E_7888298,1,alaw,A17
LA_E_7888621,1,none,A17
LA_E_7888847,0,alaw,bonafide
LA_E_7889088,1,gsm,A19
LA_E_7889633,1,gsm,A10
LA_E_7889711,1,opus,A07
LA_E_7889719,1,gsm,A18
LA_E_7889916,1,none,A16
LA_E_7890083,1,pstn,A08
LA_E_7890300,1,alaw,A11
LA_E_7890384,1,pstn,A11
LA_E_7890401,1,alaw,A15
LA_E_7890605,1,pstn,A18
LA_E_7891190,1,alaw,A18
LA_E_7891273,1,alaw,A15
LA_E_7891742,1,pstn,A14
LA_E_7891876,1,gsm,A07
LA_E_7891942,1,pstn,A11
LA_E_7891973,1,opus,A11
LA_E_7892054,1,ulaw,A15
LA_E_7892169,1,g722,A10
LA_E_7892535,1,g722,A08
LA_E_7892550,1,g722,A16
LA_E_7892818,1,alaw,A13
LA_E_7893022,1,ulaw,A12
LA_E_7893249,1,opus,A13
LA_E_7893429,1,none,A08
LA_E_7893435,1,ulaw,A07
LA_E_7893749,0,g722,bonafide
LA_E_7894005,1,g722,A17
LA_E_7894191,1,none,A15
LA_E_7894316,1,ulaw,A14
LA_E_7894476,1,pstn,A12
LA_E_7894503,1,pstn,A14
LA_E_7895631,1,pstn,A11
LA_E_7895645,1,alaw,A14
LA_E_7895856,1,gsm,A11
LA_E_7896629,1,pstn,A07
LA_E_7896982,1,gsm,A19
LA_E_7897176,1,opus,A13
LA_E_7897543,0,g722,bonafide
LA_E_7898207,1,pstn,A12
LA_E_7898614,1,gsm,A08
LA_E_7898742,1,alaw,A10
LA_E_7898881,1,pstn,A18
LA_E_7899133,1,ulaw,A11
LA_E_7899184,1,pstn,A10
LA_E_7899543,1,ulaw,A09
LA_E_7900099,1,g722,A09
LA_E_7900472,1,opus,A08
LA_E_7900502,1,alaw,A09
LA_E_7900567,1,none,A12
LA_E_7902285,1,g722,A08
LA_E_7902958,1,opus,A16
LA_E_7903087,0,alaw,bonafide
LA_E_7903198,1,gsm,A15
LA_E_7903619,1,ulaw,A12
LA_E_7903700,1,opus,A17
LA_E_7904000,1,gsm,A17
LA_E_7904155,1,none,A18
LA_E_7904180,1,opus,A15
LA_E_7904248,1,gsm,A19
LA_E_7904734,1,opus,A15
LA_E_7904846,1,opus,A10
LA_E_7905007,1,g722,A12
LA_E_7905067,0,gsm,bonafide
LA_E_7905268,1,opus,A07
LA_E_7906137,1,none,A19
LA_E_7906352,1,g722,A15
LA_E_7906649,1,g722,A11
LA_E_7906754,0,opus,bonafide
LA_E_7907559,1,pstn,A16
LA_E_7907778,1,gsm,A14
LA_E_7908817,1,pstn,A11
LA_E_7908862,1,pstn,A10
LA_E_7909275,1,opus,A18
LA_E_7909286,1,alaw,A19
LA_E_7909568,1,alaw,A10
LA_E_7909880,1,opus,A18
LA_E_7910070,1,alaw,A19
LA_E_7910607,1,alaw,A13
LA_E_7910613,1,alaw,A08
LA_E_7910886,1,g722,A14
LA_E_7911124,1,alaw,A17
LA_E_7911191,1,none,A10
LA_E_7911692,1,none,A10
LA_E_7912138,1,g722,A10
LA_E_7912553,1,g722,A16
LA_E_7912927,1,alaw,A14
LA_E_7913156,1,opus,A07
LA_E_7913817,1,opus,A07
LA_E_7913841,0,pstn,bonafide
LA_E_7914415,1,alaw,A08
LA_E_7915044,1,ulaw,A11
LA_E_7915133,1,ulaw,A14
LA_E_7915157,1,ulaw,A10
LA_E_7915583,1,g722,A15
LA_E_7915711,1,opus,A11
LA_E_7915873,1,pstn,A13
LA_E_7915936,1,pstn,A15
LA_E_7915947,1,opus,A08
LA_E_7916592,1,gsm,A16
LA_E_7916903,1,opus,A09
LA_E_7916951,1,alaw,A10
LA_E_7917083,0,ulaw,bonafide
LA_E_7917541,1,pstn,A17
LA_E_7917773,1,gsm,A14
LA_E_7918443,1,ulaw,A16
LA_E_7918504,1,gsm,A17
LA_E_7918566,1,pstn,A18
LA_E_7918832,1,none,A12
LA_E_7918849,1,opus,A08
LA_E_7920186,1,opus,A17
LA_E_7920311,1,alaw,A13
LA_E_7920535,1,alaw,A12
LA_E_7920753,0,ulaw,bonafide
LA_E_7920819,1,none,A11
LA_E_7920973,1,none,A14
LA_E_7921480,0,g722,bonafide
LA_E_7921944,0,gsm,bonafide
LA_E_7922776,1,alaw,A09
LA_E_7922930,1,opus,A10
LA_E_7923053,1,pstn,A12
LA_E_7923206,1,alaw,A09
LA_E_7923271,1,gsm,A10
LA_E_7923747,1,ulaw,A17
LA_E_7923956,1,g722,A11
LA_E_7924135,1,none,A11
LA_E_7925100,1,none,A15
LA_E_7925264,1,g722,A11
LA_E_7925825,1,ulaw,A09
LA_E_7925836,1,pstn,A18
LA_E_7926160,1,g722,A19
LA_E_7926298,1,alaw,A19
LA_E_7926634,1,alaw,A16
LA_E_7926818,1,opus,A17
LA_E_7926833,1,ulaw,A16
LA_E_7926893,1,none,A07
LA_E_7927445,1,none,A13
LA_E_7928362,1,opus,A11
LA_E_7928448,1,alaw,A14
LA_E_7928576,1,ulaw,A12
LA_E_7929052,1,g722,A12
LA_E_7929178,1,ulaw,A14
LA_E_7929976,1,none,A11
LA_E_7930170,1,pstn,A07
LA_E_7930364,1,alaw,A14
LA_E_7930365,1,none,A07
LA_E_7930490,1,g722,A18
LA_E_7930755,1,none,A15
LA_E_7930886,1,ulaw,A08
LA_E_7931580,1,ulaw,A16
LA_E_7931618,1,ulaw,A15
LA_E_7931708,1,none,A13
LA_E_7931722,1,gsm,A19
LA_E_7931792,1,opus,A17
LA_E_7932905,1,gsm,A09
LA_E_7933267,1,g722,A19
LA_E_7933564,1,alaw,A16
LA_E_7933667,1,gsm,A19
LA_E_7934041,1,gsm,A16
LA_E_7934085,1,gsm,A16
LA_E_7934239,1,ulaw,A19
LA_E_7934399,0,gsm,bonafide
LA_E_7934588,1,pstn,A08
LA_E_7934714,1,none,A12
LA_E_7934814,1,ulaw,A10
LA_E_7934865,1,none,A11
LA_E_7935399,0,alaw,bonafide
LA_E_7935529,1,alaw,A13
LA_E_7936128,1,opus,A12
LA_E_7936469,1,g722,A16
LA_E_7936569,0,gsm,bonafide
LA_E_7936676,1,gsm,A12
LA_E_7937292,1,ulaw,A11
LA_E_7937658,0,none,bonafide
LA_E_7937868,1,pstn,A17
LA_E_7938018,1,opus,A08
LA_E_7938106,1,g722,A07
LA_E_7938373,1,opus,A16
LA_E_7938380,1,ulaw,A10
LA_E_7938431,1,none,A09
LA_E_7938890,1,pstn,A19
LA_E_7939017,1,gsm,A15
LA_E_7939512,1,g722,A18
LA_E_7939535,1,opus,A17
LA_E_7939682,1,alaw,A11
LA_E_7939703,1,gsm,A09
LA_E_7940537,1,opus,A17
LA_E_7940574,0,pstn,bonafide
LA_E_7940635,1,gsm,A17
LA_E_7940683,1,alaw,A12
LA_E_7940687,1,alaw,A19
LA_E_7941535,1,none,A16
LA_E_7941907,1,g722,A08
LA_E_7942817,1,none,A07
LA_E_7943085,1,ulaw,A16
LA_E_7943132,1,g722,A08
LA_E_7943383,1,ulaw,A07
LA_E_7943674,1,ulaw,A14
LA_E_7943763,1,opus,A14
LA_E_7943862,1,alaw,A17
LA_E_7944364,0,none,bonafide
LA_E_7944516,1,g722,A16
LA_E_7944621,1,g722,A13
LA_E_7945543,1,gsm,A09
LA_E_7945857,1,alaw,A13
LA_E_7946200,0,ulaw,bonafide
LA_E_7946881,1,ulaw,A09
LA_E_7947289,1,alaw,A10
LA_E_7947319,1,none,A13
LA_E_7947420,1,ulaw,A19
LA_E_7947539,1,opus,A12
LA_E_7947854,1,pstn,A14
LA_E_7947897,1,alaw,A19
LA_E_7949132,1,g722,A14
LA_E_7949552,1,pstn,A07
LA_E_7949861,1,alaw,A18
LA_E_7950054,1,ulaw,A15
LA_E_7950401,1,pstn,A12
LA_E_7950556,1,pstn,A14
LA_E_7950680,1,ulaw,A09
LA_E_7950900,1,gsm,A16
LA_E_7950990,0,pstn,bonafide
LA_E_7953000,1,ulaw,A13
LA_E_7953002,1,gsm,A08
LA_E_7953229,1,opus,A19
LA_E_7953355,1,opus,A17
LA_E_7953490,1,none,A09
LA_E_7953639,1,pstn,A11
LA_E_7953992,1,pstn,A10
LA_E_7954324,1,none,A12
LA_E_7955331,1,ulaw,A10
LA_E_7955707,1,opus,A17
LA_E_7955740,0,opus,bonafide
LA_E_7955964,1,ulaw,A14
LA_E_7956221,1,alaw,A18
LA_E_7956235,1,g722,A11
LA_E_7956676,1,g722,A18
LA_E_7956849,1,g722,A12
LA_E_7957254,1,ulaw,A08
LA_E_7957405,1,gsm,A08
LA_E_7957489,1,none,A09
LA_E_7957890,1,ulaw,A15
LA_E_7958253,1,opus,A15
LA_E_7958864,1,opus,A07
LA_E_7958933,1,opus,A17
LA_E_7958960,1,gsm,A16
LA_E_7959230,1,gsm,A09
LA_E_7959574,1,alaw,A17
LA_E_7959634,1,pstn,A18
LA_E_7959693,1,g722,A07
LA_E_7959698,1,g722,A16
LA_E_7959778,1,gsm,A09
LA_E_7959856,1,g722,A12
LA_E_7959925,1,gsm,A12
LA_E_7960190,1,g722,A15
LA_E_7960587,1,alaw,A13
LA_E_7960617,1,g722,A10
LA_E_7961149,0,none,bonafide
LA_E_7961188,1,g722,A10
LA_E_7961311,0,none,bonafide
LA_E_7961731,1,gsm,A17
LA_E_7961845,1,none,A14
LA_E_7962560,1,gsm,A16
LA_E_7962733,1,opus,A10
LA_E_7963083,1,alaw,A07
LA_E_7963782,1,ulaw,A08
LA_E_7963937,1,gsm,A17
LA_E_7964134,1,g722,A08
LA_E_7964313,1,g722,A09
LA_E_7964760,1,alaw,A07
LA_E_7965088,1,pstn,A13
LA_E_7965851,1,alaw,A14
LA_E_7966162,1,g722,A08
LA_E_7966485,1,pstn,A15
LA_E_7966554,1,opus,A08
LA_E_7966624,1,gsm,A07
LA_E_7966740,1,pstn,A19
LA_E_7967016,0,opus,bonafide
LA_E_7967036,1,ulaw,A18
LA_E_7967329,1,opus,A09
LA_E_7967425,1,none,A10
LA_E_7967484,1,opus,A16
LA_E_7967690,1,ulaw,A10
LA_E_7968505,1,ulaw,A11
LA_E_7968564,0,none,bonafide
LA_E_7968608,1,ulaw,A16
LA_E_7968840,1,alaw,A16
LA_E_7969049,1,none,A07
LA_E_7969061,1,alaw,A13
LA_E_7970661,1,alaw,A15
LA_E_7970886,1,alaw,A12
LA_E_7971001,1,pstn,A17
LA_E_7971135,1,none,A10
LA_E_7971154,0,g722,bonafide
LA_E_7971290,1,pstn,A09
LA_E_7972417,1,none,A19
LA_E_7973662,0,ulaw,bonafide
LA_E_7973874,1,gsm,A19
LA_E_7974066,1,g722,A14
LA_E_7974543,1,opus,A14
LA_E_7974566,1,gsm,A07
LA_E_7974659,1,opus,A11
LA_E_7974791,1,g722,A10
LA_E_7974946,1,pstn,A19
LA_E_7975219,1,alaw,A08
LA_E_7975287,1,ulaw,A12
LA_E_7975896,1,pstn,A17
LA_E_7976300,1,alaw,A13
LA_E_7976319,1,ulaw,A10
LA_E_7976629,1,gsm,A08
LA_E_7976719,1,ulaw,A07
LA_E_7976917,1,gsm,A15
LA_E_7977317,1,opus,A11
LA_E_7977478,1,opus,A19
LA_E_7977681,1,g722,A09
LA_E_7978189,1,opus,A19
LA_E_7978359,1,none,A19
LA_E_7978971,1,ulaw,A08
LA_E_7979489,1,alaw,A15
LA_E_7979553,1,none,A16
LA_E_7980175,1,pstn,A16
LA_E_7980209,1,g722,A10
LA_E_7980502,0,gsm,bonafide
LA_E_7980736,0,opus,bonafide
LA_E_7980741,1,opus,A12
LA_E_7980994,1,g722,A14
LA_E_7981362,1,g722,A19
LA_E_7982623,1,alaw,A08
LA_E_7982937,1,opus,A13
LA_E_7983039,0,pstn,bonafide
LA_E_7984005,1,pstn,A08
LA_E_7984504,1,alaw,A18
LA_E_7984775,1,opus,A19
LA_E_7985046,1,ulaw,A07
LA_E_7985287,1,ulaw,A16
LA_E_7985488,1,gsm,A19
LA_E_7985493,1,ulaw,A11
LA_E_7985935,1,alaw,A17
LA_E_7986124,1,opus,A17
LA_E_7986953,1,alaw,A13
LA_E_7987295,1,none,A11
LA_E_7987885,1,opus,A14
LA_E_7987960,1,pstn,A09
LA_E_7988097,0,gsm,bonafide
LA_E_7988599,0,none,bonafide
LA_E_7988664,1,pstn,A10
LA_E_7988691,1,none,A14
LA_E_7989144,1,g722,A09
LA_E_7989152,1,opus,A09
LA_E_7989165,1,ulaw,A10
LA_E_7989181,0,opus,bonafide
LA_E_7989397,1,ulaw,A13
LA_E_7989528,1,ulaw,A14
LA_E_7989995,1,opus,A09
LA_E_7990266,1,gsm,A19
LA_E_7990569,1,none,A19
LA_E_7990723,1,gsm,A08
LA_E_7991231,1,none,A16
LA_E_7992097,1,alaw,A14
LA_E_7992195,0,g722,bonafide
LA_E_7992320,1,pstn,A15
LA_E_7992935,1,g722,A08
LA_E_7992950,1,ulaw,A14
LA_E_7993561,0,g722,bonafide
LA_E_7993685,1,gsm,A18
LA_E_7993747,1,pstn,A09
LA_E_7994103,1,gsm,A08
LA_E_7994316,0,none,bonafide
LA_E_7994400,1,ulaw,A17
LA_E_7994457,1,g722,A18
LA_E_7994500,1,opus,A11
LA_E_7995075,1,g722,A10
LA_E_7995198,1,opus,A11
LA_E_7996199,1,opus,A18
LA_E_7996451,1,opus,A09
LA_E_7996512,1,gsm,A13
LA_E_7996552,1,alaw,A10
LA_E_7996560,1,gsm,A10
LA_E_7996800,1,gsm,A17
LA_E_7997254,1,ulaw,A09
LA_E_7997291,1,none,A09
LA_E_7997414,1,opus,A08
LA_E_7997621,1,ulaw,A11
LA_E_7997874,1,pstn,A13
LA_E_7998003,1,gsm,A19
LA_E_7998012,1,alaw,A11
LA_E_7998250,1,opus,A19
LA_E_7998638,1,gsm,A17
LA_E_7999635,1,alaw,A11
LA_E_8000539,0,gsm,bonafide
LA_E_8000715,1,pstn,A08
LA_E_8000732,1,ulaw,A09
LA_E_8001186,1,gsm,A10
LA_E_8001361,1,pstn,A07
LA_E_8001690,1,pstn,A08
LA_E_8002082,1,opus,A07
LA_E_8002383,1,opus,A10
LA_E_8002901,1,g722,A13
LA_E_8003435,1,none,A14
LA_E_8003568,1,g722,A10
LA_E_8004099,1,none,A16
LA_E_8004114,1,ulaw,A13
LA_E_8004347,1,ulaw,A13
LA_E_8004956,1,gsm,A11
LA_E_8005006,1,opus,A11
LA_E_8005205,1,opus,A15
LA_E_8005865,1,pstn,A19
LA_E_8006169,1,opus,A10
LA_E_8006549,1,alaw,A15
LA_E_8007672,1,ulaw,A18
LA_E_8007685,1,pstn,A16
LA_E_8008081,1,pstn,A14
LA_E_8008108,1,alaw,A12
LA_E_8008152,1,ulaw,A07
LA_E_8008444,1,opus,A16
LA_E_8008474,0,opus,bonafide
LA_E_8008749,1,ulaw,A18
LA_E_8008814,1,alaw,A08
LA_E_8009451,1,opus,A15
LA_E_8009685,1,none,A17
LA_E_8009898,1,g722,A13
LA_E_8010159,1,g722,A16
LA_E_8010417,1,opus,A10
LA_E_8010671,1,g722,A13
LA_E_8010923,1,pstn,A11
LA_E_8011028,1,gsm,A15
LA_E_8011045,1,none,A10
LA_E_8011091,1,pstn,A09
LA_E_8011924,0,gsm,bonafide
LA_E_8012114,1,alaw,A16
LA_E_8012174,1,pstn,A16
LA_E_8012220,1,opus,A12
LA_E_8012327,1,gsm,A17
LA_E_8012418,1,none,A18
LA_E_8013737,1,pstn,A15
LA_E_8013814,1,ulaw,A18
LA_E_8014076,1,gsm,A15
LA_E_8014266,1,gsm,A07
LA_E_8014335,1,pstn,A13
LA_E_8014736,0,g722,bonafide
LA_E_8014903,1,g722,A16
LA_E_8015289,0,gsm,bonafide
LA_E_8015354,1,alaw,A15
LA_E_8015523,1,pstn,A17
LA_E_8015585,1,ulaw,A19
LA_E_8015759,1,pstn,A07
LA_E_8015920,1,alaw,A11
LA_E_8016006,1,none,A15
LA_E_8016133,0,alaw,bonafide
LA_E_8016145,1,g722,A13
LA_E_8016158,1,opus,A19
LA_E_8016269,1,ulaw,A17
LA_E_8016813,1,alaw,A15
LA_E_8017235,1,alaw,A13
LA_E_8017902,1,none,A09
LA_E_8017974,1,none,A07
LA_E_8018080,1,pstn,A13
LA_E_8018087,0,pstn,bonafide
LA_E_8018282,1,alaw,A17
LA_E_8018664,1,none,A19
LA_E_8019024,0,ulaw,bonafide
LA_E_8019247,1,ulaw,A12
LA_E_8019561,1,alaw,A11
LA_E_8019910,0,gsm,bonafide
LA_E_8020462,1,pstn,A19
LA_E_8020614,1,pstn,A10
LA_E_8020902,1,opus,A15
LA_E_8020943,1,gsm,A08
LA_E_8021635,1,ulaw,A09
LA_E_8021800,1,opus,A19
LA_E_8021974,1,gsm,A12
LA_E_8022058,1,gsm,A17
LA_E_8022473,1,alaw,A13
LA_E_8022489,1,gsm,A12
LA_E_8022498,1,alaw,A09
LA_E_8022880,1,none,A16
LA_E_8023265,1,opus,A13
LA_E_8023348,1,alaw,A07
LA_E_8023598,1,none,A10
LA_E_8023637,1,pstn,A16
LA_E_8023731,1,none,A17
LA_E_8024105,1,gsm,A10
LA_E_8024303,1,gsm,A11
LA_E_8024586,1,opus,A18
LA_E_8024672,1,none,A11
LA_E_8025020,1,alaw,A18
LA_E_8025373,1,gsm,A11
LA_E_8025501,1,none,A08
LA_E_8025637,1,alaw,A17
LA_E_8025944,1,none,A10
LA_E_8026074,1,g722,A16
LA_E_8026519,1,none,A07
LA_E_8026791,1,pstn,A15
LA_E_8027435,1,gsm,A11
LA_E_8027785,1,alaw,A19
LA_E_8028154,0,gsm,bonafide
LA_E_8028417,1,alaw,A13
LA_E_8028963,1,ulaw,A13
LA_E_8029012,1,ulaw,A19
LA_E_8029291,1,gsm,A10
LA_E_8029328,1,none,A15
LA_E_8029592,1,g722,A17
LA_E_8029902,1,gsm,A08
LA_E_8029916,0,g722,bonafide
LA_E_8030071,1,ulaw,A09
LA_E_8030500,1,gsm,A12
LA_E_8030524,1,opus,A13
LA_E_8031030,1,gsm,A15
LA_E_8031313,1,alaw,A13
LA_E_8031429,1,g722,A09
LA_E_8032095,1,opus,A14
LA_E_8032315,1,pstn,A16
LA_E_8032628,1,gsm,A10
LA_E_8032798,1,opus,A14
LA_E_8033053,1,none,A10
LA_E_8033118,1,g722,A10
LA_E_8034189,1,pstn,A18
LA_E_8034260,1,g722,A18
LA_E_8034569,1,none,A09
LA_E_8034717,1,opus,A13
LA_E_8034794,1,opus,A07
LA_E_8035341,1,pstn,A19
LA_E_8035531,1,opus,A09
LA_E_8035565,1,g722,A10
LA_E_8036022,1,gsm,A19
LA_E_8036425,1,none,A11
LA_E_8037026,1,ulaw,A10
LA_E_8037098,1,ulaw,A07
LA_E_8037227,1,gsm,A13
LA_E_8037704,1,alaw,A13
LA_E_8038092,1,opus,A09
LA_E_8038146,1,pstn,A16
LA_E_8038310,1,g722,A10
LA_E_8039094,1,ulaw,A07
LA_E_8039187,1,gsm,A18
LA_E_8039213,1,opus,A14
LA_E_8039959,1,none,A16
LA_E_8040136,0,ulaw,bonafide
LA_E_8040290,1,ulaw,A15
LA_E_8040482,1,none,A09
LA_E_8040948,1,none,A13
LA_E_8041628,1,gsm,A16
LA_E_8041642,1,none,A18
LA_E_8041683,1,opus,A14
LA_E_8041993,1,opus,A16
LA_E_8042063,1,alaw,A18
LA_E_8042277,1,ulaw,A09
LA_E_8042444,1,alaw,A14
LA_E_8042685,1,alaw,A10
LA_E_8042700,0,alaw,bonafide
LA_E_8043792,1,none,A18
LA_E_8043944,1,opus,A16
LA_E_8043979,1,opus,A18
LA_E_8044704,1,g722,A14
LA_E_8045040,1,none,A15
LA_E_8046073,1,ulaw,A13
LA_E_8047382,0,alaw,bonafide
LA_E_8047462,1,gsm,A19
LA_E_8047951,1,ulaw,A16
LA_E_8048689,1,pstn,A12
LA_E_8048822,1,opus,A19
LA_E_8049382,1,ulaw,A19
LA_E_8049439,1,g722,A17
LA_E_8050039,1,pstn,A16
LA_E_8050052,1,pstn,A11
LA_E_8050425,1,pstn,A17
LA_E_8051091,1,ulaw,A18
LA_E_8051132,1,none,A07
LA_E_8051504,1,gsm,A15
LA_E_8051524,1,none,A15
LA_E_8051831,1,gsm,A14
LA_E_8052027,0,none,bonafide
LA_E_8052499,1,opus,A17
LA_E_8052827,1,pstn,A08
LA_E_8053064,1,alaw,A10
LA_E_8053470,1,none,A12
LA_E_8054207,1,opus,A14
LA_E_8054644,1,ulaw,A07
LA_E_8054669,0,pstn,bonafide
LA_E_8055048,1,gsm,A10
LA_E_8055389,1,gsm,A18
LA_E_8055750,1,g722,A08
LA_E_8056418,0,gsm,bonafide
LA_E_8056519,1,gsm,A09
LA_E_8056927,1,opus,A14
LA_E_8057095,1,gsm,A17
LA_E_8057128,1,gsm,A13
LA_E_8057415,1,g722,A08
LA_E_8057798,0,pstn,bonafide
LA_E_8058085,1,ulaw,A07
LA_E_8059345,1,opus,A19
LA_E_8059432,1,gsm,A14
LA_E_8059484,1,ulaw,A18
LA_E_8059854,1,pstn,A17
LA_E_8059982,1,pstn,A13
LA_E_8060039,1,alaw,A09
LA_E_8060420,1,gsm,A07
LA_E_8061201,1,none,A12
LA_E_8061203,1,opus,A13
LA_E_8061490,1,g722,A17
LA_E_8061682,1,ulaw,A07
LA_E_8062809,1,opus,A15
LA_E_8062876,1,gsm,A19
LA_E_8063466,1,ulaw,A19
LA_E_8064220,1,gsm,A14
LA_E_8064641,1,alaw,A16
LA_E_8065258,1,alaw,A15
LA_E_8065672,1,opus,A17
LA_E_8065776,1,ulaw,A10
LA_E_8065786,1,none,A10
LA_E_8066909,1,pstn,A17
LA_E_8067166,0,none,bonafide
LA_E_8067359,1,none,A10
LA_E_8067548,1,ulaw,A07
LA_E_8067621,1,opus,A15
LA_E_8068508,1,none,A16
LA_E_8068525,1,ulaw,A07
LA_E_8069828,1,opus,A09
LA_E_8069847,1,g722,A19
LA_E_8070005,1,opus,A17
LA_E_8070246,1,gsm,A17
LA_E_8070680,1,ulaw,A12
LA_E_8070923,1,opus,A08
LA_E_8071003,1,pstn,A18
LA_E_8071320,1,gsm,A11
LA_E_8071702,0,g722,bonafide
LA_E_8071970,1,gsm,A19
LA_E_8071973,1,opus,A13
LA_E_8072335,0,g722,bonafide
LA_E_8072631,1,g722,A16
LA_E_8072930,1,pstn,A07
LA_E_8073744,1,gsm,A19
LA_E_8074286,1,pstn,A07
LA_E_8074347,1,ulaw,A11
LA_E_8074382,1,opus,A13
LA_E_8074949,1,opus,A16
LA_E_8075240,1,ulaw,A11
LA_E_8075730,1,ulaw,A09
LA_E_8076001,1,gsm,A09
LA_E_8076469,1,ulaw,A10
LA_E_8076600,1,ulaw,A13
LA_E_8076636,1,opus,A15
LA_E_8077114,1,ulaw,A13
LA_E_8077178,0,none,bonafide
LA_E_8077490,0,ulaw,bonafide
LA_E_8077672,1,gsm,A14
LA_E_8078594,1,g722,A12
LA_E_8078740,1,opus,A12
LA_E_8078964,1,ulaw,A19
LA_E_8079205,1,opus,A10
LA_E_8079261,1,gsm,A14
LA_E_8080073,1,gsm,A07
LA_E_8080610,1,none,A15
LA_E_8080707,1,gsm,A15
LA_E_8080894,1,pstn,A18
LA_E_8081006,1,none,A15
LA_E_8081241,1,opus,A18
LA_E_8081354,1,g722,A08
LA_E_8081672,1,alaw,A19
LA_E_8081743,1,alaw,A14
LA_E_8081810,1,opus,A08
LA_E_8081885,1,ulaw,A14
LA_E_8081924,1,pstn,A10
LA_E_8081940,1,none,A07
LA_E_8082172,1,gsm,A08
LA_E_8083081,1,g722,A14
LA_E_8083631,1,g722,A15
LA_E_8084231,1,alaw,A08
LA_E_8084258,1,ulaw,A09
LA_E_8084314,1,ulaw,A08
LA_E_8085025,1,ulaw,A14
LA_E_8085285,1,g722,A12
LA_E_8085427,1,none,A17
LA_E_8085525,1,alaw,A17
LA_E_8085586,1,ulaw,A13
LA_E_8085607,1,none,A10
LA_E_8086276,1,none,A12
LA_E_8086503,0,pstn,bonafide
LA_E_8086672,1,alaw,A16
LA_E_8087059,0,gsm,bonafide
LA_E_8087154,1,g722,A11
LA_E_8087255,1,alaw,A18
LA_E_8087371,1,pstn,A08
LA_E_8087898,1,pstn,A14
LA_E_8088700,1,alaw,A08
LA_E_8088807,1,none,A15
LA_E_8089133,1,gsm,A14
LA_E_8089221,1,alaw,A09
LA_E_8089287,1,ulaw,A16
LA_E_8089317,1,ulaw,A11
LA_E_8089382,1,alaw,A18
LA_E_8089744,1,gsm,A14
LA_E_8089752,1,gsm,A12
LA_E_8089781,1,opus,A12
LA_E_8089802,0,ulaw,bonafide
LA_E_8089807,1,gsm,A16
LA_E_8089962,1,gsm,A14
LA_E_8090035,0,pstn,bonafide
LA_E_8090199,1,g722,A12
LA_E_8090362,1,ulaw,A11
LA_E_8091322,1,gsm,A16
LA_E_8091556,1,alaw,A07
LA_E_8092317,0,pstn,bonafide
LA_E_8093152,1,alaw,A11
LA_E_8093297,1,none,A08
LA_E_8093305,1,alaw,A09
LA_E_8093384,0,ulaw,bonafide
LA_E_8094173,1,g722,A08
LA_E_8094327,1,pstn,A13
LA_E_8094539,1,pstn,A19
LA_E_8094658,1,gsm,A12
LA_E_8095112,1,pstn,A07
LA_E_8095340,1,pstn,A19
LA_E_8095580,1,gsm,A10
LA_E_8096420,1,alaw,A16
LA_E_8096471,1,pstn,A18
LA_E_8096571,1,g722,A11
LA_E_8096660,0,opus,bonafide
LA_E_8096735,1,g722,A16
LA_E_8097342,1,ulaw,A12
LA_E_8097552,0,g722,bonafide
LA_E_8098413,1,ulaw,A15
LA_E_8098441,1,g722,A10
LA_E_8098607,1,pstn,A17
LA_E_8099552,1,ulaw,A14
LA_E_8099951,1,gsm,A16
LA_E_8100213,0,gsm,bonafide
LA_E_8101194,1,ulaw,A12
LA_E_8101450,0,alaw,bonafide
LA_E_8101536,1,alaw,A16
LA_E_8101805,1,opus,A16
LA_E_8101832,1,gsm,A10
LA_E_8101887,1,ulaw,A07
LA_E_8102524,1,g722,A08
LA_E_8102616,1,ulaw,A16
LA_E_8102863,1,ulaw,A19
LA_E_8102885,1,alaw,A08
LA_E_8103425,1,alaw,A15
LA_E_8103442,1,pstn,A08
LA_E_8103860,1,gsm,A15
LA_E_8104423,1,opus,A12
LA_E_8104459,1,g722,A18
LA_E_8104592,0,gsm,bonafide
LA_E_8104785,1,none,A11
LA_E_8104816,1,opus,A19
LA_E_8104820,1,ulaw,A18
LA_E_8105013,1,opus,A17
LA_E_8105343,1,alaw,A08
LA_E_8105466,0,ulaw,bonafide
LA_E_8105735,1,opus,A07
LA_E_8106655,1,ulaw,A15
LA_E_8106659,1,none,A18
LA_E_8106698,1,g722,A12
LA_E_8106874,1,gsm,A12
LA_E_8107324,1,gsm,A07
LA_E_8107632,1,g722,A17
LA_E_8108425,1,opus,A15
LA_E_8108659,1,g722,A07
LA_E_8108738,1,gsm,A11
LA_E_8108827,1,ulaw,A18
LA_E_8109208,1,ulaw,A11
LA_E_8109623,1,none,A10
LA_E_8110198,1,opus,A10
LA_E_8110619,1,alaw,A13
LA_E_8110712,1,opus,A07
LA_E_8110745,1,pstn,A08
LA_E_8111480,1,ulaw,A07
LA_E_8111646,0,alaw,bonafide
LA_E_8111855,1,g722,A10
LA_E_8111903,1,ulaw,A18
LA_E_8111952,1,alaw,A13
LA_E_8112056,1,pstn,A10
LA_E_8113304,1,none,A18
LA_E_8113470,0,opus,bonafide
LA_E_8113680,1,pstn,A17
LA_E_8114302,1,pstn,A18
LA_E_8114672,1,ulaw,A14
LA_E_8114876,1,gsm,A14
LA_E_8115513,1,gsm,A08
LA_E_8117234,1,none,A15
LA_E_8117982,0,g722,bonafide
LA_E_8117988,1,gsm,A15
LA_E_8118119,1,g722,A13
LA_E_8119011,1,opus,A16
LA_E_8119339,1,opus,A08
LA_E_8119673,1,ulaw,A13
LA_E_8119676,1,g722,A18
LA_E_8119818,0,alaw,bonafide
LA_E_8120303,1,opus,A09
LA_E_8120313,1,alaw,A11
LA_E_8120548,1,alaw,A09
LA_E_8120689,1,pstn,A08
LA_E_8120812,1,pstn,A19
LA_E_8121085,1,none,A16
LA_E_8121712,1,gsm,A13
LA_E_8122884,0,alaw,bonafide
LA_E_8123718,1,none,A16
LA_E_8124029,1,none,A18
LA_E_8124333,1,pstn,A12
LA_E_8124411,1,none,A08
LA_E_8124997,1,ulaw,A07
LA_E_8125488,1,none,A11
LA_E_8125597,1,alaw,A15
LA_E_8125945,1,alaw,A10
LA_E_8126392,1,opus,A18
LA_E_8126420,1,opus,A19
LA_E_8126589,1,opus,A14
LA_E_8126783,1,alaw,A18
LA_E_8127036,1,ulaw,A09
LA_E_8127118,1,pstn,A15
LA_E_8127390,1,gsm,A16
LA_E_8127399,1,opus,A13
LA_E_8127808,1,pstn,A16
LA_E_8128362,1,gsm,A19
LA_E_8129280,1,gsm,A12
LA_E_8129694,1,gsm,A10
LA_E_8129783,1,g722,A18
LA_E_8129807,0,g722,bonafide
LA_E_8129904,1,gsm,A17
LA_E_8130141,1,g722,A10
LA_E_8130497,1,gsm,A17
LA_E_8131943,0,g722,bonafide
LA_E_8132007,1,gsm,A11
LA_E_8132070,1,g722,A08
LA_E_8132078,1,gsm,A11
LA_E_8132138,1,gsm,A08
LA_E_8132192,1,gsm,A19
LA_E_8132700,1,opus,A13
LA_E_8133188,1,alaw,A15
LA_E_8133872,1,pstn,A19
LA_E_8134193,0,ulaw,bonafide
LA_E_8134617,1,none,A19
LA_E_8135198,1,g722,A19
LA_E_8135518,1,g722,A12
LA_E_8136011,1,pstn,A15
LA_E_8136122,1,gsm,A14
LA_E_8136661,1,ulaw,A12
LA_E_8136874,1,opus,A16
LA_E_8136988,1,none,A19
LA_E_8137021,1,none,A14
LA_E_8137087,1,g722,A13
LA_E_8137322,1,gsm,A14
LA_E_8137814,1,ulaw,A16
LA_E_8138378,1,opus,A11
LA_E_8138464,1,alaw,A08
LA_E_8138569,1,opus,A15
LA_E_8138685,1,none,A17
LA_E_8139127,1,alaw,A15
LA_E_8139396,1,none,A12
LA_E_8139424,1,alaw,A19
LA_E_8139477,1,opus,A07
LA_E_8139578,0,none,bonafide
LA_E_8139886,1,g722,A07
LA_E_8140202,1,opus,A10
LA_E_8141074,1,gsm,A14
LA_E_8142698,1,g722,A14
LA_E_8142829,1,ulaw,A19
LA_E_8142943,1,alaw,A19
LA_E_8145672,1,pstn,A16
LA_E_8146242,1,ulaw,A07
LA_E_8146346,0,ulaw,bonafide
LA_E_8146378,1,g722,A09
LA_E_8146439,1,alaw,A16
LA_E_8147154,1,alaw,A13
LA_E_8147369,0,none,bonafide
LA_E_8147479,1,alaw,A13
LA_E_8147671,1,opus,A18
LA_E_8147768,1,gsm,A17
LA_E_8148144,1,none,A14
LA_E_8148611,1,pstn,A19
LA_E_8148692,1,opus,A09
LA_E_8148815,1,pstn,A13
LA_E_8149630,1,alaw,A09
LA_E_8149877,1,gsm,A07
LA_E_8150319,1,none,A18
LA_E_8151456,1,alaw,A08
LA_E_8151980,1,pstn,A10
LA_E_8152179,1,pstn,A10
LA_E_8152182,1,gsm,A19
LA_E_8152392,1,opus,A17
LA_E_8152495,1,pstn,A09
LA_E_8152657,1,ulaw,A10
LA_E_8153099,1,gsm,A15
LA_E_8153379,1,opus,A19
LA_E_8153740,1,pstn,A12
LA_E_8153954,1,alaw,A16
LA_E_8154213,0,pstn,bonafide
LA_E_8154244,0,pstn,bonafide
LA_E_8154584,1,ulaw,A12
LA_E_8154871,1,pstn,A13
LA_E_8155644,1,gsm,A11
LA_E_8155758,1,gsm,A07
LA_E_8155765,1,pstn,A14
LA_E_8157084,1,gsm,A14
LA_E_8157170,1,none,A08
LA_E_8157211,1,opus,A13
LA_E_8157397,1,opus,A15
LA_E_8157643,1,ulaw,A19
LA_E_8158177,0,alaw,bonafide
LA_E_8158182,1,opus,A13
LA_E_8158314,1,g722,A10
LA_E_8158548,1,pstn,A13
LA_E_8158589,1,alaw,A07
LA_E_8159075,1,gsm,A09
LA_E_8159704,1,alaw,A10
LA_E_8159740,1,none,A08
LA_E_8160050,1,opus,A15
LA_E_8160537,1,pstn,A17
LA_E_8160686,0,ulaw,bonafide
LA_E_8160782,1,alaw,A19
LA_E_8160937,1,g722,A10
LA_E_8160967,0,opus,bonafide
LA_E_8161046,1,gsm,A16
LA_E_8161062,1,ulaw,A08
LA_E_8161968,1,gsm,A12
LA_E_8162344,1,gsm,A19
LA_E_8162850,1,ulaw,A10
LA_E_8163463,1,ulaw,A12
LA_E_8163834,0,g722,bonafide
LA_E_8163970,1,gsm,A08
LA_E_8164020,1,gsm,A17
LA_E_8164161,1,none,A16
LA_E_8164316,1,opus,A14
LA_E_8164493,1,opus,A12
LA_E_8164935,1,gsm,A13
LA_E_8165442,1,ulaw,A18
LA_E_8165612,1,pstn,A16
LA_E_8165672,1,ulaw,A17
LA_E_8165682,1,alaw,A15
LA_E_8166194,1,pstn,A12
LA_E_8166395,1,ulaw,A17
LA_E_8166581,1,opus,A15
LA_E_8166991,1,pstn,A15
LA_E_8167131,0,none,bonafide
LA_E_8167791,1,alaw,A18
LA_E_8168032,1,gsm,A09
LA_E_8168818,1,none,A17
LA_E_8168966,0,gsm,bonafide
LA_E_8169006,1,gsm,A13
LA_E_8169287,0,opus,bonafide
LA_E_8169965,1,opus,A16
LA_E_8170347,1,alaw,A14
LA_E_8170591,1,none,A18
LA_E_8170938,1,pstn,A11
LA_E_8171039,1,alaw,A17
LA_E_8171269,1,ulaw,A07
LA_E_8171507,0,ulaw,bonafide
LA_E_8171549,1,ulaw,A14
LA_E_8171670,1,ulaw,A13
LA_E_8171980,0,gsm,bonafide
LA_E_8172197,1,ulaw,A18
LA_E_8172225,1,ulaw,A07
LA_E_8172520,1,opus,A18
LA_E_8172923,1,alaw,A11
LA_E_8173127,0,opus,bonafide
LA_E_8173181,1,pstn,A19
LA_E_8173182,1,ulaw,A15
LA_E_8173233,1,alaw,A17
LA_E_8173276,0,g722,bonafide
LA_E_8173307,1,g722,A19
LA_E_8173794,0,ulaw,bonafide
LA_E_8173868,1,gsm,A08
LA_E_8173946,1,g722,A14
LA_E_8174048,0,pstn,bonafide
LA_E_8174143,1,g722,A16
LA_E_8174509,1,g722,A11
LA_E_8174588,1,ulaw,A12
LA_E_8174767,1,g722,A14
LA_E_8175204,1,g722,A17
LA_E_8175474,1,pstn,A18
LA_E_8176133,1,g722,A19
LA_E_8176244,1,ulaw,A19
LA_E_8176502,1,opus,A12
LA_E_8176622,1,none,A18
LA_E_8177054,1,pstn,A13
LA_E_8177613,1,opus,A16
LA_E_8177649,0,gsm,bonafide
LA_E_8178105,1,ulaw,A18
LA_E_8178197,1,none,A09
LA_E_8178335,1,opus,A13
LA_E_8178766,1,ulaw,A18
LA_E_8179157,1,none,A19
LA_E_8179184,0,alaw,bonafide
LA_E_8179595,1,gsm,A19
LA_E_8180392,1,ulaw,A19
LA_E_8180831,1,ulaw,A17
LA_E_8181339,1,opus,A12
LA_E_8181590,1,opus,A11
LA_E_8181611,1,ulaw,A07
LA_E_8181819,1,none,A09
LA_E_8182744,1,gsm,A09
LA_E_8182886,1,alaw,A14
LA_E_8183127,1,alaw,A08
LA_E_8184228,1,ulaw,A19
LA_E_8184652,1,g722,A19
LA_E_8184659,1,alaw,A16
LA_E_8185092,1,ulaw,A17
LA_E_8185265,1,ulaw,A15
LA_E_8186777,0,opus,bonafide
LA_E_8187167,1,pstn,A16
LA_E_8187689,1,none,A10
LA_E_8187700,1,g722,A09
LA_E_8188262,1,opus,A12
LA_E_8188799,1,g722,A18
LA_E_8188870,1,opus,A14
LA_E_8189195,1,none,A14
LA_E_8189597,1,pstn,A19
LA_E_8189708,1,gsm,A11
LA_E_8190224,1,ulaw,A16
LA_E_8190259,1,opus,A08
LA_E_8190337,0,ulaw,bonafide
LA_E_8190503,1,none,A15
LA_E_8190538,1,alaw,A18
LA_E_8190627,0,gsm,bonafide
LA_E_8191134,1,opus,A18
LA_E_8191343,1,opus,A13
LA_E_8191829,1,ulaw,A08
LA_E_8192107,1,gsm,A10
LA_E_8192484,1,ulaw,A07
LA_E_8192618,1,none,A18
LA_E_8192686,1,opus,A16
LA_E_8193009,0,opus,bonafide
LA_E_8193176,1,opus,A14
LA_E_8193267,1,pstn,A18
LA_E_8193589,1,alaw,A07
LA_E_8194378,1,gsm,A07
LA_E_8194747,1,ulaw,A07
LA_E_8194973,1,g722,A17
LA_E_8195350,1,ulaw,A15
LA_E_8195400,1,opus,A17
LA_E_8196120,1,ulaw,A17
LA_E_8196382,1,ulaw,A17
LA_E_8196877,1,alaw,A17
LA_E_8197826,1,pstn,A11
LA_E_8197923,0,ulaw,bonafide
LA_E_8198101,1,opus,A12
LA_E_8198146,1,opus,A18
LA_E_8199153,1,opus,A17
LA_E_8199362,1,none,A15
LA_E_8199928,1,none,A07
LA_E_8201205,0,opus,bonafide
LA_E_8201292,1,alaw,A10
LA_E_8203573,1,g722,A15
LA_E_8203908,1,opus,A11
LA_E_8203927,0,alaw,bonafide
LA_E_8204016,1,alaw,A19
LA_E_8204085,1,gsm,A13
LA_E_8205303,1,gsm,A14
LA_E_8205443,1,ulaw,A13
LA_E_8205448,1,opus,A11
LA_E_8205508,1,none,A08
LA_E_8205624,1,alaw,A08
LA_E_8205911,1,alaw,A10
LA_E_8206530,1,gsm,A07
LA_E_8206721,1,alaw,A09
LA_E_8206834,1,pstn,A12
LA_E_8207283,1,pstn,A08
LA_E_8207805,1,none,A10
LA_E_8208034,1,pstn,A07
LA_E_8208104,1,opus,A10
LA_E_8208120,1,opus,A12
LA_E_8208705,1,g722,A08
LA_E_8209139,1,none,A15
LA_E_8209231,1,none,A11
LA_E_8209892,1,ulaw,A17
LA_E_8209949,1,ulaw,A19
LA_E_8210066,1,opus,A15
LA_E_8210260,1,none,A11
LA_E_8210663,0,gsm,bonafide
LA_E_8210953,1,opus,A08
LA_E_8210996,1,gsm,A18
LA_E_8211435,1,opus,A17
LA_E_8212538,1,alaw,A09
LA_E_8212594,1,opus,A14
LA_E_8212969,1,alaw,A15
LA_E_8213808,0,alaw,bonafide
LA_E_8214301,1,none,A11
LA_E_8214603,1,ulaw,A12
LA_E_8214709,1,ulaw,A09
LA_E_8214832,1,opus,A13
LA_E_8214837,1,opus,A18
LA_E_8214970,1,ulaw,A07
LA_E_8215418,1,none,A18
LA_E_8215465,1,none,A19
LA_E_8215588,1,ulaw,A09
LA_E_8215900,0,gsm,bonafide
LA_E_8215904,1,gsm,A12
LA_E_8216116,0,gsm,bonafide
LA_E_8216866,1,ulaw,A15
LA_E_8217271,1,ulaw,A09
LA_E_8217419,1,opus,A09
LA_E_8217435,1,ulaw,A13
LA_E_8217703,1,opus,A13
LA_E_8218182,1,none,A07
LA_E_8218634,1,ulaw,A09
LA_E_8218823,1,opus,A13
LA_E_8219003,1,pstn,A09
LA_E_8219151,1,ulaw,A09
LA_E_8219241,1,opus,A17
LA_E_8219394,1,ulaw,A11
LA_E_8219492,1,opus,A15
LA_E_8219631,0,opus,bonafide
LA_E_8220027,1,gsm,A14
LA_E_8220038,1,gsm,A08
LA_E_8220223,1,ulaw,A18
LA_E_8220634,1,alaw,A15
LA_E_8220747,1,ulaw,A13
LA_E_8221270,1,ulaw,A17
LA_E_8221644,1,alaw,A08
LA_E_8222060,1,ulaw,A08
LA_E_8222693,1,gsm,A12
LA_E_8223143,1,opus,A18
LA_E_8223204,1,alaw,A12
LA_E_8223208,1,ulaw,A19
LA_E_8223217,1,pstn,A17
LA_E_8223437,1,opus,A15
LA_E_8224230,1,gsm,A15
LA_E_8224311,1,opus,A15
LA_E_8224503,1,ulaw,A16
LA_E_8225321,1,gsm,A07
LA_E_8225680,1,g722,A08
LA_E_8225693,0,ulaw,bonafide
LA_E_8225772,1,gsm,A10
LA_E_8226097,0,ulaw,bonafide
LA_E_8226333,1,pstn,A07
LA_E_8226766,1,pstn,A19
LA_E_8226927,1,g722,A10
LA_E_8227080,1,ulaw,A07
LA_E_8227246,1,none,A12
LA_E_8227741,1,gsm,A09
LA_E_8227923,1,ulaw,A11
LA_E_8227928,1,pstn,A17
LA_E_8228057,0,opus,bonafide
LA_E_8228356,1,opus,A15
LA_E_8228732,1,ulaw,A17
LA_E_8228852,1,gsm,A18
LA_E_8228929,1,g722,A14
LA_E_8228943,1,none,A15
LA_E_8229104,1,ulaw,A17
LA_E_8229385,1,none,A11
LA_E_8229859,1,none,A17
LA_E_8230375,0,g722,bonafide
LA_E_8230397,1,none,A19
LA_E_8230984,1,opus,A15
LA_E_8231017,1,ulaw,A11
LA_E_8231290,1,opus,A07
LA_E_8231301,1,ulaw,A09
LA_E_8231604,1,none,A09
LA_E_8231857,1,gsm,A07
LA_E_8231923,1,g722,A07
LA_E_8232622,1,none,A18
LA_E_8232792,1,gsm,A16
LA_E_8232875,0,opus,bonafide
LA_E_8232945,1,gsm,A19
LA_E_8233491,1,opus,A17
LA_E_8233594,1,alaw,A10
LA_E_8233988,1,g722,A16
LA_E_8234026,1,opus,A18
LA_E_8234767,1,gsm,A19
LA_E_8235234,1,opus,A10
LA_E_8235530,1,none,A07
LA_E_8235596,1,none,A19
LA_E_8236237,1,pstn,A13
LA_E_8236375,1,opus,A19
LA_E_8236497,1,gsm,A19
LA_E_8236672,1,none,A18
LA_E_8236728,1,opus,A08
LA_E_8236797,1,ulaw,A15
LA_E_8237061,1,g722,A17
LA_E_8237113,1,opus,A15
LA_E_8237125,1,none,A12
LA_E_8237587,1,pstn,A16
LA_E_8237657,1,ulaw,A12
LA_E_8238196,0,ulaw,bonafide
LA_E_8238416,1,g722,A08
LA_E_8239154,1,gsm,A07
LA_E_8239321,1,opus,A11
LA_E_8239560,1,gsm,A15
LA_E_8239692,1,opus,A09
LA_E_8239747,1,ulaw,A07
LA_E_8239820,1,none,A18
LA_E_8240195,1,ulaw,A10
LA_E_8240304,1,gsm,A13
LA_E_8240306,0,opus,bonafide
LA_E_8240509,1,ulaw,A19
LA_E_8240732,1,ulaw,A14
LA_E_8240760,1,ulaw,A17
LA_E_8241379,1,gsm,A15
LA_E_8241928,1,gsm,A14
LA_E_8242129,1,opus,A18
LA_E_8242175,0,none,bonafide
LA_E_8242348,1,gsm,A07
LA_E_8242417,1,pstn,A19
LA_E_8242577,1,gsm,A08
LA_E_8242680,1,gsm,A19
LA_E_8243400,1,ulaw,A08
LA_E_8244150,1,ulaw,A08
LA_E_8244159,1,alaw,A13
LA_E_8244376,1,ulaw,A14
LA_E_8244566,1,alaw,A12
LA_E_8244927,1,pstn,A10
LA_E_8245513,0,g722,bonafide
LA_E_8245520,1,gsm,A15
LA_E_8245585,1,ulaw,A10
LA_E_8245676,1,g722,A07
LA_E_8245827,1,none,A14
LA_E_8246141,1,gsm,A16
LA_E_8246260,1,ulaw,A10
LA_E_8246272,1,none,A15
LA_E_8246490,1,alaw,A19
LA_E_8246657,1,none,A13
LA_E_8246783,1,alaw,A16
LA_E_8247493,0,alaw,bonafide
LA_E_8247699,1,pstn,A19
LA_E_8247942,1,ulaw,A12
LA_E_8247984,1,gsm,A13
LA_E_8248132,1,opus,A17
LA_E_8248316,1,ulaw,A15
LA_E_8248391,1,none,A08
LA_E_8248411,1,g722,A12
LA_E_8249064,1,pstn,A13
LA_E_8249110,1,alaw,A08
LA_E_8249111,1,opus,A07
LA_E_8249176,1,pstn,A14
LA_E_8249337,0,g722,bonafide
LA_E_8249534,1,gsm,A18
LA_E_8250072,1,opus,A07
LA_E_8250942,1,gsm,A12
LA_E_8252170,1,gsm,A15
LA_E_8252823,1,g722,A14
LA_E_8252892,0,ulaw,bonafide
LA_E_8252946,1,gsm,A17
LA_E_8253255,1,alaw,A13
LA_E_8254042,1,alaw,A16
LA_E_8254239,1,pstn,A10
LA_E_8254293,1,gsm,A10
LA_E_8254375,1,ulaw,A14
LA_E_8254580,1,opus,A12
LA_E_8256035,0,none,bonafide
LA_E_8256198,1,opus,A16
LA_E_8256288,1,g722,A18
LA_E_8256391,1,opus,A10
LA_E_8256575,1,pstn,A17
LA_E_8256984,1,opus,A19
LA_E_8257132,1,gsm,A09
LA_E_8257206,1,ulaw,A10
LA_E_8257548,1,opus,A10
LA_E_8257960,1,pstn,A11
LA_E_8257993,1,opus,A12
LA_E_8258104,1,ulaw,A08
LA_E_8258175,1,opus,A11
LA_E_8258716,0,gsm,bonafide
LA_E_8258727,1,alaw,A15
LA_E_8258772,1,opus,A08
LA_E_8258824,1,pstn,A11
LA_E_8258894,1,opus,A13
LA_E_8259027,1,opus,A09
LA_E_8259321,1,alaw,A19
LA_E_8259544,0,none,bonafide
LA_E_8259556,0,none,bonafide
LA_E_8260408,1,pstn,A17
LA_E_8260656,1,pstn,A16
LA_E_8261355,1,pstn,A09
LA_E_8261607,1,none,A16
LA_E_8262455,1,opus,A08
LA_E_8262491,1,gsm,A08
LA_E_8262968,1,none,A08
LA_E_8263029,1,gsm,A13
LA_E_8263349,1,opus,A07
LA_E_8263854,1,pstn,A07
LA_E_8265210,1,gsm,A19
LA_E_8265360,1,g722,A12
LA_E_8265961,1,none,A14
LA_E_8266025,1,none,A16
LA_E_8266123,1,gsm,A13
LA_E_8266555,0,ulaw,bonafide
LA_E_8267737,1,alaw,A16
LA_E_8267871,0,gsm,bonafide
LA_E_8267939,1,pstn,A08
LA_E_8268029,1,opus,A15
LA_E_8268716,1,ulaw,A15
LA_E_8270147,1,gsm,A08
LA_E_8270327,0,pstn,bonafide
LA_E_8270354,1,gsm,A19
LA_E_8270536,1,ulaw,A17
LA_E_8270839,1,gsm,A08
LA_E_8271085,1,gsm,A08
LA_E_8271171,1,ulaw,A15
LA_E_8271452,1,opus,A14
LA_E_8271521,1,alaw,A07
LA_E_8271640,1,gsm,A19
LA_E_8272087,1,none,A09
LA_E_8272687,1,gsm,A15
LA_E_8273082,1,g722,A12
LA_E_8273412,1,pstn,A19
LA_E_8273512,1,opus,A13
LA_E_8273563,1,gsm,A08
LA_E_8273889,1,opus,A10
LA_E_8275441,1,pstn,A12
LA_E_8276428,1,alaw,A07
LA_E_8276820,1,ulaw,A15
LA_E_8276973,1,pstn,A18
LA_E_8277123,1,g722,A16
LA_E_8277287,1,opus,A08
LA_E_8277742,1,none,A08
LA_E_8277973,0,gsm,bonafide
LA_E_8278050,1,alaw,A15
LA_E_8278192,1,gsm,A13
LA_E_8278545,1,none,A17
LA_E_8278665,1,alaw,A12
LA_E_8278742,1,opus,A07
LA_E_8278747,1,gsm,A12
LA_E_8279073,1,opus,A15
LA_E_8279352,1,gsm,A12
LA_E_8280234,1,ulaw,A07
LA_E_8280494,1,pstn,A16
LA_E_8280655,0,none,bonafide
LA_E_8280753,1,gsm,A11
LA_E_8282165,1,alaw,A16
LA_E_8283201,1,gsm,A13
LA_E_8283985,1,gsm,A08
LA_E_8285436,1,ulaw,A17
LA_E_8285867,1,pstn,A19
LA_E_8286030,1,pstn,A16
LA_E_8286217,1,none,A14
LA_E_8286491,1,alaw,A08
LA_E_8287342,1,gsm,A10
LA_E_8287658,1,alaw,A14
LA_E_8287875,1,opus,A16
LA_E_8287972,1,none,A17
LA_E_8288294,0,g722,bonafide
LA_E_8289510,1,g722,A07
LA_E_8289551,1,ulaw,A12
LA_E_8289665,1,gsm,A18
LA_E_8289744,1,opus,A14
LA_E_8289784,1,ulaw,A15
LA_E_8289946,1,pstn,A10
LA_E_8290008,1,opus,A12
LA_E_8290330,1,alaw,A17
LA_E_8290366,1,alaw,A18
LA_E_8290449,1,opus,A10
LA_E_8291081,1,ulaw,A09
LA_E_8291387,1,alaw,A12
LA_E_8291614,1,none,A16
LA_E_8292126,1,ulaw,A11
LA_E_8292304,1,opus,A13
LA_E_8292708,1,opus,A17
LA_E_8293160,1,gsm,A15
LA_E_8293467,0,g722,bonafide
LA_E_8293508,1,pstn,A19
LA_E_8293976,1,opus,A12
LA_E_8294132,1,ulaw,A07
LA_E_8294252,1,none,A12
LA_E_8295113,1,opus,A18
LA_E_8295247,1,gsm,A17
LA_E_8295590,1,pstn,A12
LA_E_8295797,1,gsm,A16
LA_E_8296104,1,gsm,A15
LA_E_8296779,1,g722,A18
LA_E_8297087,1,opus,A17
LA_E_8297408,1,gsm,A11
LA_E_8297642,1,opus,A15
LA_E_8297837,1,opus,A10
LA_E_8298309,1,gsm,A17
LA_E_8298459,1,gsm,A15
LA_E_8299127,1,opus,A07
LA_E_8299191,1,g722,A12
LA_E_8300015,1,alaw,A14
LA_E_8300241,1,alaw,A10
LA_E_8300475,1,ulaw,A07
LA_E_8300542,1,ulaw,A10
LA_E_8300567,1,none,A18
LA_E_8300665,1,pstn,A09
LA_E_8300929,1,opus,A15
LA_E_8301136,1,gsm,A10
LA_E_8301488,1,pstn,A09
LA_E_8301497,1,gsm,A11
LA_E_8301726,1,gsm,A11
LA_E_8301939,1,pstn,A14
LA_E_8302875,1,none,A17
LA_E_8303733,0,gsm,bonafide
LA_E_8304255,0,g722,bonafide
LA_E_8304589,1,opus,A11
LA_E_8304996,1,alaw,A11
LA_E_8305885,1,gsm,A19
LA_E_8306252,1,opus,A16
LA_E_8306530,1,ulaw,A16
LA_E_8307548,1,none,A15
LA_E_8307910,1,none,A07
LA_E_8308430,1,ulaw,A07
LA_E_8308719,1,g722,A09
LA_E_8309522,1,ulaw,A09
LA_E_8309922,1,opus,A09
LA_E_8310037,1,alaw,A14
LA_E_8310697,1,pstn,A15
LA_E_8310897,1,opus,A18
LA_E_8311075,1,none,A19
LA_E_8311536,1,g722,A17
LA_E_8311540,1,ulaw,A16
LA_E_8312184,1,gsm,A14
LA_E_8313127,1,alaw,A15
LA_E_8313154,1,gsm,A18
LA_E_8313367,1,ulaw,A11
LA_E_8313553,1,pstn,A09
LA_E_8314294,1,gsm,A17
LA_E_8314474,1,gsm,A10
LA_E_8314876,1,pstn,A13
LA_E_8315086,1,g722,A12
LA_E_8315729,1,alaw,A07
LA_E_8315916,1,pstn,A12
LA_E_8316333,1,opus,A19
LA_E_8316719,1,opus,A10
LA_E_8316794,1,gsm,A17
LA_E_8316958,1,g722,A07
LA_E_8317418,1,none,A11
LA_E_8317628,1,alaw,A11
LA_E_8318009,1,gsm,A10
LA_E_8318394,1,ulaw,A08
LA_E_8318716,1,ulaw,A11
LA_E_8319248,1,alaw,A15
LA_E_8319655,1,gsm,A13
LA_E_8319775,1,opus,A12
LA_E_8320228,0,alaw,bonafide
LA_E_8321138,1,alaw,A17
LA_E_8321356,1,ulaw,A17
LA_E_8321416,0,pstn,bonafide
LA_E_8321855,1,opus,A09
LA_E_8322422,1,ulaw,A19
LA_E_8322547,1,opus,A18
LA_E_8322772,1,opus,A10
LA_E_8323436,1,opus,A11
LA_E_8323941,1,ulaw,A09
LA_E_8325418,1,none,A08
LA_E_8325748,1,g722,A16
LA_E_8326460,1,opus,A09
LA_E_8326517,1,ulaw,A16
LA_E_8326853,1,ulaw,A18
LA_E_8326940,1,ulaw,A08
LA_E_8327448,1,g722,A08
LA_E_8327620,1,ulaw,A13
LA_E_8327834,1,gsm,A16
LA_E_8328211,1,ulaw,A17
LA_E_8328253,1,none,A10
LA_E_8329010,0,none,bonafide
LA_E_8329735,1,g722,A08
LA_E_8329997,1,ulaw,A19
LA_E_8330666,0,ulaw,bonafide
LA_E_8331059,1,g722,A11
LA_E_8331391,1,none,A07
LA_E_8331417,1,opus,A14
LA_E_8331774,1,opus,A09
LA_E_8331843,1,g722,A13
LA_E_8332029,1,ulaw,A08
LA_E_8333286,1,gsm,A10
LA_E_8334228,1,ulaw,A16
LA_E_8334544,1,opus,A15
LA_E_8334748,1,none,A12
LA_E_8335263,1,gsm,A07
LA_E_8335380,1,ulaw,A15
LA_E_8335538,1,pstn,A16
LA_E_8336132,0,pstn,bonafide
LA_E_8336136,1,ulaw,A18
LA_E_8336371,1,gsm,A07
LA_E_8338134,1,opus,A18
LA_E_8338144,1,opus,A10
LA_E_8338525,1,gsm,A18
LA_E_8339132,1,gsm,A15
LA_E_8339477,1,g722,A12
LA_E_8339604,0,gsm,bonafide
LA_E_8339878,1,gsm,A16
LA_E_8340837,1,alaw,A17
LA_E_8341069,1,gsm,A07
LA_E_8341453,1,pstn,A16
LA_E_8341621,1,pstn,A17
LA_E_8341660,1,opus,A17
LA_E_8341673,1,pstn,A07
LA_E_8342794,1,g722,A11
LA_E_8343426,0,g722,bonafide
LA_E_8343766,1,gsm,A10
LA_E_8343941,1,ulaw,A11
LA_E_8344603,1,gsm,A07
LA_E_8344700,1,opus,A07
LA_E_8345081,1,none,A09
LA_E_8345676,1,pstn,A08
LA_E_8345896,1,ulaw,A08
LA_E_8345994,1,alaw,A14
LA_E_8346804,1,none,A17
LA_E_8347102,1,opus,A18
LA_E_8347438,1,gsm,A18
LA_E_8347483,1,opus,A08
LA_E_8348406,1,g722,A12
LA_E_8348522,1,gsm,A07
LA_E_8348709,1,gsm,A16
LA_E_8348794,1,alaw,A13
LA_E_8349080,1,opus,A13
LA_E_8349137,1,none,A10
LA_E_8349218,1,g722,A14
LA_E_8349236,1,pstn,A10
LA_E_8349300,1,gsm,A08
LA_E_8349537,1,pstn,A07
LA_E_8349812,1,none,A15
LA_E_8349842,1,g722,A10
LA_E_8349904,1,opus,A10
LA_E_8349981,1,gsm,A18
LA_E_8350349,1,ulaw,A09
LA_E_8350579,1,gsm,A09
LA_E_8350980,1,g722,A19
LA_E_8351034,1,ulaw,A11
LA_E_8351040,1,opus,A08
LA_E_8351537,1,alaw,A08
LA_E_8351659,1,pstn,A19
LA_E_8352709,1,pstn,A17
LA_E_8352786,1,gsm,A07
LA_E_8353210,1,alaw,A17
LA_E_8353256,1,gsm,A18
LA_E_8353848,0,gsm,bonafide
LA_E_8354289,1,none,A07
LA_E_8354863,1,g722,A12
LA_E_8354899,1,gsm,A09
LA_E_8355029,1,alaw,A13
LA_E_8355034,1,alaw,A16
LA_E_8355325,1,alaw,A17
LA_E_8355374,1,pstn,A11
LA_E_8355422,1,ulaw,A14
LA_E_8355620,1,alaw,A07
LA_E_8355798,1,ulaw,A17
LA_E_8356137,1,ulaw,A16
LA_E_8356415,0,alaw,bonafide
LA_E_8356440,1,alaw,A08
LA_E_8356521,1,opus,A08
LA_E_8356911,1,ulaw,A11
LA_E_8357238,1,alaw,A19
LA_E_8357362,0,ulaw,bonafide
LA_E_8357891,1,opus,A09
LA_E_8358471,1,gsm,A12
LA_E_8358810,1,opus,A11
LA_E_8359138,1,ulaw,A15
LA_E_8359480,1,none,A18
LA_E_8359624,1,pstn,A15
LA_E_8359829,0,gsm,bonafide
LA_E_8360042,1,gsm,A19
LA_E_8360473,0,g722,bonafide
LA_E_8361455,0,gsm,bonafide
LA_E_8361725,1,pstn,A13
LA_E_8363520,0,opus,bonafide
LA_E_8363857,1,none,A10
LA_E_8364470,1,gsm,A11
LA_E_8364833,1,ulaw,A15
LA_E_8364839,1,pstn,A11
LA_E_8366011,1,gsm,A12
LA_E_8366137,1,none,A17
LA_E_8366603,1,gsm,A13
LA_E_8366941,1,g722,A14
LA_E_8367030,0,g722,bonafide
LA_E_8367270,1,alaw,A18
LA_E_8367691,1,ulaw,A08
LA_E_8367797,1,gsm,A15
LA_E_8367800,1,alaw,A13
LA_E_8367853,1,alaw,A12
LA_E_8368035,1,opus,A07
LA_E_8368216,0,opus,bonafide
LA_E_8368602,1,g722,A10
LA_E_8368655,1,ulaw,A19
LA_E_8368841,1,opus,A19
LA_E_8368953,1,gsm,A17
LA_E_8369555,0,opus,bonafide
LA_E_8369830,1,g722,A16
LA_E_8370121,1,alaw,A13
LA_E_8370545,1,gsm,A13
LA_E_8370615,1,none,A15
LA_E_8370986,1,pstn,A19
LA_E_8371938,1,ulaw,A12
LA_E_8373717,1,ulaw,A07
LA_E_8374069,1,ulaw,A10
LA_E_8374136,1,opus,A12
LA_E_8374722,1,alaw,A10
LA_E_8375331,1,opus,A14
LA_E_8375592,1,gsm,A16
LA_E_8375638,1,gsm,A19
LA_E_8376146,0,none,bonafide
LA_E_8376406,1,gsm,A10
LA_E_8376656,1,opus,A15
LA_E_8376677,1,opus,A08
LA_E_8378348,1,ulaw,A07
LA_E_8378376,0,gsm,bonafide
LA_E_8378744,1,opus,A12
LA_E_8379534,1,opus,A12
LA_E_8379650,1,gsm,A17
LA_E_8380941,1,ulaw,A13
LA_E_8381182,1,gsm,A15
LA_E_8381577,0,alaw,bonafide
LA_E_8381618,1,pstn,A10
LA_E_8381788,1,ulaw,A10
LA_E_8382501,1,opus,A15
LA_E_8382776,1,ulaw,A15
LA_E_8383128,1,gsm,A15
LA_E_8383453,1,alaw,A09
LA_E_8383492,1,gsm,A10
LA_E_8384122,1,alaw,A16
LA_E_8384158,1,ulaw,A08
LA_E_8384189,1,opus,A16
LA_E_8384387,1,ulaw,A17
LA_E_8384434,1,gsm,A11
LA_E_8384525,1,g722,A09
LA_E_8386027,1,gsm,A17
LA_E_8386070,1,none,A19
LA_E_8386093,1,opus,A19
LA_E_8386325,1,pstn,A16
LA_E_8386418,1,ulaw,A07
LA_E_8386607,1,gsm,A07
LA_E_8386794,1,none,A15
LA_E_8387811,1,g722,A14
LA_E_8388162,1,ulaw,A08
LA_E_8388660,1,gsm,A18
LA_E_8389184,1,gsm,A15
LA_E_8389490,1,ulaw,A07
LA_E_8389691,1,ulaw,A11
LA_E_8389768,1,ulaw,A09
LA_E_8390839,1,alaw,A08
LA_E_8391119,1,g722,A07
LA_E_8391127,1,ulaw,A18
LA_E_8391394,1,gsm,A10
LA_E_8391890,1,opus,A07
LA_E_8392417,1,gsm,A16
LA_E_8392846,1,gsm,A13
LA_E_8393343,1,opus,A18
LA_E_8393572,1,gsm,A10
LA_E_8393675,1,gsm,A12
LA_E_8393740,1,pstn,A19
LA_E_8393854,1,opus,A17
LA_E_8393912,1,gsm,A08
LA_E_8394046,1,opus,A10
LA_E_8394370,1,ulaw,A13
LA_E_8394409,1,ulaw,A18
LA_E_8394892,1,opus,A19
LA_E_8395163,0,gsm,bonafide
LA_E_8395199,1,none,A07
LA_E_8395451,1,opus,A15
LA_E_8395564,1,g722,A15
LA_E_8395667,1,ulaw,A18
LA_E_8395705,1,pstn,A17
LA_E_8395832,1,opus,A15
LA_E_8396518,1,ulaw,A07
LA_E_8397066,1,g722,A15
LA_E_8397178,1,none,A16
LA_E_8397330,1,gsm,A12
LA_E_8397499,1,none,A18
LA_E_8398386,1,gsm,A17
LA_E_8399165,1,pstn,A19
LA_E_8399669,1,gsm,A16
LA_E_8400045,1,pstn,A19
LA_E_8400108,1,pstn,A11
LA_E_8400208,1,g722,A18
LA_E_8400731,1,ulaw,A16
LA_E_8400798,1,alaw,A09
LA_E_8400899,1,gsm,A14
LA_E_8401205,1,opus,A19
LA_E_8401551,1,pstn,A18
LA_E_8402009,1,alaw,A15
LA_E_8402043,1,opus,A09
LA_E_8402480,1,none,A17
LA_E_8402583,1,opus,A19
LA_E_8402740,1,none,A09
LA_E_8402882,0,alaw,bonafide
LA_E_8403030,1,gsm,A13
LA_E_8403545,1,ulaw,A10
LA_E_8404001,0,alaw,bonafide
LA_E_8404086,1,gsm,A07
LA_E_8405001,0,ulaw,bonafide
LA_E_8405207,1,pstn,A07
LA_E_8405950,1,none,A16
LA_E_8406466,1,gsm,A07
LA_E_8406826,1,ulaw,A16
LA_E_8407064,1,ulaw,A17
LA_E_8407084,1,pstn,A19
LA_E_8407715,1,ulaw,A19
LA_E_8408037,1,alaw,A10
LA_E_8408246,1,alaw,A12
LA_E_8408984,1,opus,A09
LA_E_8410031,1,g722,A10
LA_E_8410055,1,ulaw,A14
LA_E_8410324,1,gsm,A11
LA_E_8410711,1,ulaw,A12
LA_E_8411168,1,ulaw,A14
LA_E_8411259,1,ulaw,A08
LA_E_8411796,1,gsm,A09
LA_E_8412037,1,gsm,A19
LA_E_8412524,1,gsm,A17
LA_E_8412547,1,ulaw,A19
LA_E_8413166,1,opus,A19
LA_E_8413522,1,opus,A14
LA_E_8413775,1,g722,A11
LA_E_8413854,1,opus,A16
LA_E_8414101,0,pstn,bonafide
LA_E_8414522,1,alaw,A16
LA_E_8414731,0,ulaw,bonafide
LA_E_8414928,1,g722,A17
LA_E_8415684,1,ulaw,A18
LA_E_8415780,1,ulaw,A07
LA_E_8415811,1,ulaw,A18
LA_E_8416009,1,ulaw,A13
LA_E_8416361,1,g722,A15
LA_E_8416679,1,none,A16
LA_E_8416887,1,gsm,A11
LA_E_8418407,1,none,A13
LA_E_8418803,1,ulaw,A11
LA_E_8418960,1,gsm,A17
LA_E_8419527,1,ulaw,A12
LA_E_8419566,1,g722,A13
LA_E_8419704,0,g722,bonafide
LA_E_8419815,1,ulaw,A15
LA_E_8419999,0,gsm,bonafide
LA_E_8420313,1,g722,A17
LA_E_8421209,1,ulaw,A16
LA_E_8421465,1,pstn,A09
LA_E_8421668,1,gsm,A15
LA_E_8421683,1,opus,A13
LA_E_8421755,1,opus,A16
LA_E_8421856,1,gsm,A08
LA_E_8422486,1,opus,A14
LA_E_8422765,1,none,A17
LA_E_8422852,1,ulaw,A07
LA_E_8423042,1,gsm,A14
LA_E_8423739,1,alaw,A14
LA_E_8423804,1,opus,A07
LA_E_8423869,1,opus,A19
LA_E_8424130,1,opus,A10
LA_E_8424199,1,gsm,A19
LA_E_8424372,1,gsm,A10
LA_E_8424473,1,ulaw,A07
LA_E_8424533,1,pstn,A16
LA_E_8425010,1,gsm,A15
LA_E_8425221,1,none,A11
LA_E_8425280,1,alaw,A07
LA_E_8425419,1,alaw,A10
LA_E_8425592,0,g722,bonafide
LA_E_8425696,1,g722,A17
LA_E_8426067,1,none,A13
LA_E_8426104,1,gsm,A12
LA_E_8426175,1,gsm,A09
LA_E_8426240,1,pstn,A14
LA_E_8426367,1,ulaw,A12
LA_E_8426838,1,opus,A13
LA_E_8426855,1,gsm,A18
LA_E_8427249,1,none,A17
LA_E_8427306,1,gsm,A09
LA_E_8427494,1,gsm,A16
LA_E_8428268,1,gsm,A14
LA_E_8429239,1,ulaw,A09
LA_E_8429525,1,opus,A19
LA_E_8429718,1,ulaw,A09
LA_E_8429863,1,gsm,A19
LA_E_8430274,1,gsm,A07
LA_E_8430558,1,g722,A17
LA_E_8431007,1,g722,A15
LA_E_8431503,1,ulaw,A09
LA_E_8431546,1,ulaw,A12
LA_E_8431675,1,opus,A16
LA_E_8431910,1,alaw,A07
LA_E_8432169,1,ulaw,A11
LA_E_8432467,1,pstn,A17
LA_E_8432474,1,gsm,A16
LA_E_8432577,1,ulaw,A16
LA_E_8432680,1,g722,A19
LA_E_8432832,1,opus,A13
LA_E_8433363,1,gsm,A08
LA_E_8433870,1,opus,A07
LA_E_8434234,1,pstn,A13
LA_E_8434370,1,pstn,A08
LA_E_8434390,0,ulaw,bonafide
LA_E_8434703,1,pstn,A16
LA_E_8434918,1,alaw,A09
LA_E_8434989,1,opus,A09
LA_E_8436041,1,gsm,A16
LA_E_8436521,1,opus,A08
LA_E_8436849,0,opus,bonafide
LA_E_8436895,1,gsm,A12
LA_E_8436995,1,gsm,A12
LA_E_8437010,1,opus,A08
LA_E_8437054,1,ulaw,A17
LA_E_8437214,0,alaw,bonafide
LA_E_8437270,1,gsm,A19
LA_E_8438265,1,alaw,A17
LA_E_8438590,1,gsm,A18
LA_E_8439544,1,none,A16
LA_E_8439610,1,alaw,A12
LA_E_8439830,1,pstn,A13
LA_E_8439864,1,none,A17
LA_E_8439949,1,none,A12
LA_E_8440841,1,gsm,A15
LA_E_8440992,1,pstn,A13
LA_E_8441361,1,pstn,A09
LA_E_8441854,1,g722,A15
LA_E_8442065,1,opus,A17
LA_E_8442487,1,gsm,A18
LA_E_8442670,1,none,A16
LA_E_8443185,0,alaw,bonafide
LA_E_8443211,1,none,A13
LA_E_8445185,1,pstn,A08
LA_E_8445344,1,alaw,A07
LA_E_8445636,1,opus,A10
LA_E_8445655,1,gsm,A09
LA_E_8445875,1,gsm,A11
LA_E_8446333,1,gsm,A11
LA_E_8446565,1,opus,A15
LA_E_8446776,1,opus,A15
LA_E_8447196,1,ulaw,A12
LA_E_8447301,1,opus,A19
LA_E_8447431,1,ulaw,A11
LA_E_8447894,1,opus,A11
LA_E_8448656,0,gsm,bonafide
LA_E_8449518,1,ulaw,A09
LA_E_8449526,1,ulaw,A08
LA_E_8450059,1,gsm,A09
LA_E_8450156,1,gsm,A18
LA_E_8450208,1,g722,A15
LA_E_8450399,1,opus,A15
LA_E_8450441,1,opus,A14
LA_E_8450902,1,ulaw,A11
LA_E_8450963,1,ulaw,A09
LA_E_8451548,1,g722,A10
LA_E_8451562,1,pstn,A15
LA_E_8451836,1,ulaw,A12
LA_E_8452010,1,gsm,A16
LA_E_8452277,1,none,A14
LA_E_8452285,1,opus,A07
LA_E_8452603,1,gsm,A15
LA_E_8452615,0,opus,bonafide
LA_E_8452834,1,gsm,A09
LA_E_8453248,1,opus,A13
LA_E_8453254,1,pstn,A13
LA_E_8454675,1,gsm,A13
LA_E_8454760,1,gsm,A07
LA_E_8456697,1,gsm,A14
LA_E_8457732,1,ulaw,A10
LA_E_8457734,1,opus,A08
LA_E_8457854,1,none,A15
LA_E_8458358,1,ulaw,A08
LA_E_8458485,1,gsm,A17
LA_E_8458628,1,opus,A10
LA_E_8459310,1,opus,A16
LA_E_8459663,1,pstn,A16
LA_E_8460070,1,gsm,A08
LA_E_8460485,1,ulaw,A07
LA_E_8460510,1,alaw,A11
LA_E_8460657,1,opus,A10
LA_E_8460671,1,gsm,A19
LA_E_8461005,1,opus,A08
LA_E_8461615,0,ulaw,bonafide
LA_E_8461731,1,ulaw,A10
LA_E_8462194,1,ulaw,A09
LA_E_8462715,1,ulaw,A14
LA_E_8462745,1,ulaw,A16
LA_E_8463184,1,gsm,A14
LA_E_8463332,1,opus,A18
LA_E_8463334,1,pstn,A18
LA_E_8463370,1,g722,A08
LA_E_8463428,1,pstn,A18
LA_E_8463741,1,gsm,A09
LA_E_8463966,1,ulaw,A13
LA_E_8464192,1,opus,A08
LA_E_8464394,1,pstn,A14
LA_E_8464845,1,opus,A15
LA_E_8464939,1,opus,A12
LA_E_8464995,0,ulaw,bonafide
LA_E_8465031,1,opus,A11
LA_E_8465368,0,g722,bonafide
LA_E_8465504,1,none,A11
LA_E_8466291,1,opus,A17
LA_E_8466755,1,g722,A10
LA_E_8467309,1,opus,A12
LA_E_8467934,1,none,A08
LA_E_8467938,1,alaw,A13
LA_E_8468168,1,none,A12
LA_E_8468170,1,gsm,A12
LA_E_8469237,1,opus,A12
LA_E_8469866,1,ulaw,A13
LA_E_8470651,1,pstn,A16
LA_E_8470908,1,gsm,A08
LA_E_8471011,1,gsm,A18
LA_E_8472017,0,opus,bonafide
LA_E_8472344,1,none,A19
LA_E_8472404,1,opus,A10
LA_E_8472431,1,pstn,A18
LA_E_8472548,0,gsm,bonafide
LA_E_8472927,0,pstn,bonafide
LA_E_8473016,1,gsm,A14
LA_E_8473497,1,opus,A16
LA_E_8473642,1,ulaw,A09
LA_E_8473961,1,opus,A07
LA_E_8473998,1,opus,A19
LA_E_8474219,1,ulaw,A11
LA_E_8475742,0,pstn,bonafide
LA_E_8476851,1,gsm,A14
LA_E_8476954,1,opus,A07
LA_E_8476956,1,gsm,A08
LA_E_8477074,1,opus,A18
LA_E_8477359,1,gsm,A14
LA_E_8477840,1,ulaw,A12
LA_E_8477940,1,g722,A11
LA_E_8477968,1,pstn,A19
LA_E_8477988,1,alaw,A07
LA_E_8478033,1,gsm,A07
LA_E_8478134,1,gsm,A15
LA_E_8478207,1,opus,A14
LA_E_8478286,1,opus,A17
LA_E_8478544,1,opus,A18
LA_E_8478716,1,opus,A17
LA_E_8478801,1,gsm,A13
LA_E_8479152,1,gsm,A18
LA_E_8479303,1,opus,A15
LA_E_8479384,0,none,bonafide
LA_E_8480045,1,pstn,A18
LA_E_8480101,1,gsm,A09
LA_E_8480483,1,opus,A13
LA_E_8480614,1,none,A12
LA_E_8481280,1,none,A18
LA_E_8481803,1,alaw,A14
LA_E_8481902,1,alaw,A12
LA_E_8481942,1,ulaw,A18
LA_E_8482613,1,g722,A17
LA_E_8482824,1,opus,A18
LA_E_8482988,1,pstn,A07
LA_E_8483250,1,opus,A18
LA_E_8484007,0,g722,bonafide
LA_E_8484054,1,ulaw,A14
LA_E_8484144,1,gsm,A07
LA_E_8484479,1,opus,A12
LA_E_8484677,1,ulaw,A12
LA_E_8485669,1,gsm,A17
LA_E_8485766,1,gsm,A08
LA_E_8485847,1,gsm,A10
LA_E_8487342,1,gsm,A07
LA_E_8487736,0,ulaw,bonafide
LA_E_8487819,1,alaw,A11
LA_E_8487908,1,ulaw,A13
LA_E_8488003,1,alaw,A14
LA_E_8488091,1,opus,A07
LA_E_8488296,1,gsm,A08
LA_E_8488311,1,none,A08
LA_E_8488361,1,opus,A10
LA_E_8488391,1,ulaw,A08
LA_E_8488943,1,ulaw,A18
LA_E_8489151,1,gsm,A11
LA_E_8489334,1,alaw,A17
LA_E_8489511,1,opus,A08
LA_E_8489597,1,ulaw,A14
LA_E_8489984,1,pstn,A11
LA_E_8490898,1,gsm,A12
LA_E_8491302,1,ulaw,A11
LA_E_8491339,1,none,A12
LA_E_8491478,1,alaw,A19
LA_E_8492075,1,g722,A19
LA_E_8492213,1,g722,A11
LA_E_8492493,1,ulaw,A09
LA_E_8492593,1,ulaw,A08
LA_E_8492785,1,none,A13
LA_E_8494128,1,pstn,A19
LA_E_8494261,0,ulaw,bonafide
LA_E_8494883,1,pstn,A17
LA_E_8495055,1,gsm,A14
LA_E_8495600,1,pstn,A15
LA_E_8495790,1,opus,A12
LA_E_8495850,1,ulaw,A16
LA_E_8496021,1,g722,A18
LA_E_8496094,1,opus,A18
LA_E_8496434,1,gsm,A18
LA_E_8497567,1,gsm,A16
LA_E_8497772,1,gsm,A09
LA_E_8497805,1,opus,A18
LA_E_8498070,1,gsm,A08
LA_E_8498170,1,g722,A13
LA_E_8498381,1,ulaw,A13
LA_E_8499019,1,g722,A15
LA_E_8499176,1,gsm,A18
LA_E_8499605,1,none,A08
LA_E_8499917,1,g722,A16
LA_E_8500436,1,opus,A14
LA_E_8500620,1,opus,A09
LA_E_8500740,1,ulaw,A13
LA_E_8500821,0,opus,bonafide
LA_E_8501872,1,opus,A12
LA_E_8502068,1,alaw,A10
LA_E_8502750,1,opus,A16
LA_E_8503238,1,pstn,A10
LA_E_8503521,1,opus,A16
LA_E_8503871,1,alaw,A11
LA_E_8503958,1,opus,A13
LA_E_8504023,1,g722,A17
LA_E_8504797,1,gsm,A13
LA_E_8504862,1,g722,A17
LA_E_8504894,1,pstn,A13
LA_E_8505052,1,opus,A11
LA_E_8505194,1,none,A11
LA_E_8505896,1,opus,A09
LA_E_8506123,1,pstn,A11
LA_E_8506273,1,gsm,A07
LA_E_8506295,1,ulaw,A08
LA_E_8506307,1,none,A12
LA_E_8506385,1,g722,A11
LA_E_8506945,0,none,bonafide
LA_E_8506981,1,gsm,A18
LA_E_8507087,1,gsm,A07
LA_E_8507156,1,gsm,A10
LA_E_8507201,1,ulaw,A12
LA_E_8507473,0,none,bonafide
LA_E_8507699,1,opus,A13
LA_E_8508188,1,ulaw,A16
LA_E_8509089,1,alaw,A16
LA_E_8509673,1,ulaw,A15
LA_E_8509785,1,none,A07
LA_E_8510041,1,gsm,A19
LA_E_8510073,1,gsm,A07
LA_E_8510273,1,opus,A17
LA_E_8510924,1,gsm,A11
LA_E_8511162,1,opus,A15
LA_E_8511266,0,alaw,bonafide
LA_E_8511280,1,gsm,A09
LA_E_8511311,1,gsm,A18
LA_E_8511324,1,alaw,A10
LA_E_8511676,1,none,A10
LA_E_8511960,1,ulaw,A10
LA_E_8512789,1,g722,A07
LA_E_8513243,1,ulaw,A12
LA_E_8513351,1,none,A09
LA_E_8513733,1,none,A19
LA_E_8513791,1,opus,A16
LA_E_8514053,1,none,A17
LA_E_8514354,1,opus,A08
LA_E_8514430,1,pstn,A14
LA_E_8514727,1,g722,A07
LA_E_8514842,1,gsm,A17
LA_E_8515317,1,gsm,A12
LA_E_8515555,0,alaw,bonafide
LA_E_8515782,1,opus,A10
LA_E_8516046,1,gsm,A15
LA_E_8516660,1,gsm,A19
LA_E_8516690,0,pstn,bonafide
LA_E_8516808,1,pstn,A15
LA_E_8516853,1,opus,A10
LA_E_8517086,1,opus,A15
LA_E_8517607,1,none,A15
LA_E_8518033,1,gsm,A13
LA_E_8518386,1,g722,A18
LA_E_8518622,1,g722,A14
LA_E_8518632,1,g722,A18
LA_E_8518707,1,pstn,A07
LA_E_8519210,1,opus,A19
LA_E_8519256,1,alaw,A18
LA_E_8519264,1,opus,A11
LA_E_8519816,0,opus,bonafide
LA_E_8520016,1,pstn,A18
LA_E_8520300,0,pstn,bonafide
LA_E_8521091,0,gsm,bonafide
LA_E_8521464,1,gsm,A11
LA_E_8522039,1,gsm,A07
LA_E_8522382,1,alaw,A11
LA_E_8522390,1,g722,A16
LA_E_8522408,1,ulaw,A16
LA_E_8522459,1,gsm,A16
LA_E_8522488,1,gsm,A09
LA_E_8522916,1,g722,A09
LA_E_8523308,1,g722,A08
LA_E_8523840,0,ulaw,bonafide
LA_E_8524505,1,opus,A14
LA_E_8524538,1,opus,A19
LA_E_8525081,1,ulaw,A19
LA_E_8525183,1,pstn,A13
LA_E_8525430,1,ulaw,A07
LA_E_8525732,1,opus,A12
LA_E_8526331,1,g722,A12
LA_E_8526532,1,gsm,A14
LA_E_8526692,1,opus,A07
LA_E_8527012,1,opus,A18
LA_E_8527016,0,none,bonafide
LA_E_8528186,1,alaw,A10
LA_E_8528267,1,opus,A09
LA_E_8528548,1,gsm,A13
LA_E_8528829,1,alaw,A14
LA_E_8528842,1,alaw,A18
LA_E_8529715,0,ulaw,bonafide
LA_E_8529723,1,alaw,A14
LA_E_8529950,0,opus,bonafide
LA_E_8530046,1,ulaw,A09
LA_E_8530327,1,pstn,A16
LA_E_8530502,1,opus,A19
LA_E_8530598,1,gsm,A12
LA_E_8531483,1,g722,A13
LA_E_8532125,1,gsm,A15
LA_E_8532219,1,g722,A09
LA_E_8532513,1,pstn,A14
LA_E_8532939,1,opus,A11
LA_E_8533145,1,alaw,A17
LA_E_8533814,0,gsm,bonafide
LA_E_8534206,1,none,A09
LA_E_8534698,1,ulaw,A13
LA_E_8534980,1,pstn,A08
LA_E_8535046,0,none,bonafide
LA_E_8535724,1,g722,A13
LA_E_8536004,1,ulaw,A07
LA_E_8536194,0,opus,bonafide
LA_E_8536731,1,opus,A12
LA_E_8536819,1,alaw,A09
LA_E_8537373,1,pstn,A15
LA_E_8537657,1,opus,A19
LA_E_8539239,1,alaw,A11
LA_E_8539296,1,gsm,A12
LA_E_8540949,0,alaw,bonafide
LA_E_8540986,1,none,A12
LA_E_8541065,1,gsm,A13
LA_E_8541130,1,opus,A12
LA_E_8541298,1,gsm,A10
LA_E_8541341,1,alaw,A18
LA_E_8541445,1,pstn,A16
LA_E_8541854,1,alaw,A14
LA_E_8542310,1,ulaw,A10
LA_E_8542410,1,gsm,A09
LA_E_8542662,1,ulaw,A19
LA_E_8542809,1,alaw,A17
LA_E_8543061,1,gsm,A07
LA_E_8543063,1,ulaw,A09
LA_E_8543206,1,pstn,A08
LA_E_8543255,1,alaw,A15
LA_E_8543358,1,opus,A12
LA_E_8543425,1,pstn,A17
LA_E_8543656,1,ulaw,A16
LA_E_8544422,1,opus,A18
LA_E_8544549,1,alaw,A12
LA_E_8544649,1,none,A09
LA_E_8544971,1,none,A13
LA_E_8545402,1,opus,A19
LA_E_8545556,1,ulaw,A09
LA_E_8545825,1,ulaw,A10
LA_E_8547038,1,gsm,A10
LA_E_8547727,1,opus,A10
LA_E_8547849,1,gsm,A08
LA_E_8548060,1,ulaw,A18
LA_E_8548147,1,opus,A11
LA_E_8548255,1,pstn,A16
LA_E_8548266,0,none,bonafide
LA_E_8548393,1,ulaw,A19
LA_E_8548468,1,g722,A17
LA_E_8549004,0,pstn,bonafide
LA_E_8549351,1,pstn,A13
LA_E_8549778,1,gsm,A11
LA_E_8549839,1,ulaw,A14
LA_E_8549869,1,opus,A07
LA_E_8550007,1,alaw,A10
LA_E_8550207,1,gsm,A10
LA_E_8550249,1,g722,A15
LA_E_8550739,0,opus,bonafide
LA_E_8550777,1,ulaw,A08
LA_E_8551166,1,opus,A07
LA_E_8551527,1,ulaw,A19
LA_E_8551614,1,opus,A17
LA_E_8552595,1,alaw,A19
LA_E_8552631,1,opus,A15
LA_E_8552987,0,ulaw,bonafide
LA_E_8554084,1,opus,A12
LA_E_8554607,1,gsm,A14
LA_E_8554669,1,alaw,A12
LA_E_8554847,1,ulaw,A09
LA_E_8554992,1,opus,A16
LA_E_8555603,1,opus,A09
LA_E_8555807,1,opus,A19
LA_E_8556447,1,alaw,A12
LA_E_8557154,1,g722,A16
LA_E_8557726,1,pstn,A15
LA_E_8558110,1,ulaw,A10
LA_E_8558448,1,ulaw,A08
LA_E_8558560,1,g722,A09
LA_E_8558900,1,ulaw,A16
LA_E_8559230,1,alaw,A07
LA_E_8559480,1,ulaw,A07
LA_E_8559636,0,opus,bonafide
LA_E_8559703,1,ulaw,A18
LA_E_8560119,1,none,A12
LA_E_8560343,1,ulaw,A17
LA_E_8560475,1,alaw,A17
LA_E_8560817,0,pstn,bonafide
LA_E_8561125,1,alaw,A17
LA_E_8561141,1,g722,A15
LA_E_8561970,1,alaw,A18
LA_E_8562958,1,pstn,A07
LA_E_8563454,1,none,A18
LA_E_8563688,1,none,A16
LA_E_8563741,1,opus,A18
LA_E_8563751,1,g722,A09
LA_E_8563812,1,gsm,A17
LA_E_8564043,1,g722,A13
LA_E_8564066,0,alaw,bonafide
LA_E_8564069,1,gsm,A15
LA_E_8564369,1,gsm,A09
LA_E_8565141,1,opus,A15
LA_E_8565530,1,gsm,A11
LA_E_8566906,1,ulaw,A15
LA_E_8567089,1,gsm,A12
LA_E_8567264,1,g722,A12
LA_E_8567698,1,ulaw,A19
LA_E_8567711,0,alaw,bonafide
LA_E_8567804,1,alaw,A19
LA_E_8567898,1,gsm,A09
LA_E_8567904,0,opus,bonafide
LA_E_8568066,1,opus,A18
LA_E_8568605,1,ulaw,A17
LA_E_8568861,1,pstn,A18
LA_E_8569230,1,opus,A09
LA_E_8570313,1,none,A11
LA_E_8570415,1,ulaw,A13
LA_E_8570457,1,opus,A17
LA_E_8570473,1,gsm,A14
LA_E_8570527,0,none,bonafide
LA_E_8570563,1,gsm,A09
LA_E_8571158,1,pstn,A18
LA_E_8571248,1,opus,A08
LA_E_8571305,1,ulaw,A12
LA_E_8571533,1,gsm,A19
LA_E_8571537,1,gsm,A12
LA_E_8571574,1,ulaw,A14
LA_E_8571663,1,none,A12
LA_E_8571664,1,pstn,A09
LA_E_8571827,0,alaw,bonafide
LA_E_8571935,0,pstn,bonafide
LA_E_8572151,1,alaw,A13
LA_E_8572190,1,ulaw,A16
LA_E_8572592,1,opus,A10
LA_E_8572628,1,gsm,A09
LA_E_8573477,1,gsm,A13
LA_E_8573644,1,opus,A07
LA_E_8574436,1,gsm,A13
LA_E_8574591,1,opus,A13
LA_E_8574705,1,ulaw,A13
LA_E_8575137,1,pstn,A14
LA_E_8575161,0,pstn,bonafide
LA_E_8575432,1,ulaw,A10
LA_E_8575556,1,opus,A10
LA_E_8575700,1,ulaw,A07
LA_E_8576193,0,g722,bonafide
LA_E_8576262,1,none,A08
LA_E_8576620,1,ulaw,A19
LA_E_8576640,0,g722,bonafide
LA_E_8576693,1,gsm,A11
LA_E_8576698,1,gsm,A07
LA_E_8576765,1,ulaw,A18
LA_E_8577803,1,none,A19
LA_E_8577875,1,alaw,A17
LA_E_8578437,1,gsm,A09
LA_E_8578519,1,g722,A12
LA_E_8578650,1,alaw,A13
LA_E_8578870,1,gsm,A09
LA_E_8579010,1,opus,A10
LA_E_8579226,1,gsm,A07
LA_E_8579380,1,gsm,A09
LA_E_8579483,1,none,A14
LA_E_8579710,1,gsm,A17
LA_E_8579833,0,opus,bonafide
LA_E_8580122,1,opus,A13
LA_E_8580369,1,gsm,A11
LA_E_8580539,1,none,A19
LA_E_8580693,1,ulaw,A08
LA_E_8580878,0,gsm,bonafide
LA_E_8580904,0,none,bonafide
LA_E_8580981,1,pstn,A14
LA_E_8581109,1,opus,A11
LA_E_8581119,1,none,A18
LA_E_8581138,1,opus,A18
LA_E_8581463,1,gsm,A12
LA_E_8581481,1,alaw,A07
LA_E_8581868,1,gsm,A18
LA_E_8582023,1,ulaw,A15
LA_E_8582337,1,opus,A10
LA_E_8582468,1,pstn,A08
LA_E_8582573,1,opus,A14
LA_E_8582689,1,g722,A07
LA_E_8582777,1,opus,A18
LA_E_8583205,1,gsm,A07
LA_E_8583939,1,opus,A11
LA_E_8584309,1,g722,A11
LA_E_8584792,1,gsm,A09
LA_E_8585363,1,g722,A07
LA_E_8585672,1,g722,A07
LA_E_8586001,1,ulaw,A15
LA_E_8586239,1,opus,A18
LA_E_8586456,1,opus,A09
LA_E_8586955,1,none,A08
LA_E_8587179,1,none,A12
LA_E_8587862,1,ulaw,A07
LA_E_8588111,1,gsm,A19
LA_E_8588150,1,ulaw,A18
LA_E_8588222,1,alaw,A10
LA_E_8588247,1,opus,A08
LA_E_8588277,1,opus,A10
LA_E_8588705,1,alaw,A10
LA_E_8589033,1,gsm,A10
LA_E_8589133,1,pstn,A12
LA_E_8589296,1,none,A17
LA_E_8589661,1,alaw,A09
LA_E_8590580,0,opus,bonafide
LA_E_8590801,1,alaw,A13
LA_E_8591250,1,alaw,A11
LA_E_8591370,1,opus,A11
LA_E_8592065,1,none,A17
LA_E_8592802,0,g722,bonafide
LA_E_8592880,1,pstn,A07
LA_E_8593166,1,ulaw,A14
LA_E_8593494,1,none,A15
LA_E_8593507,1,ulaw,A08
LA_E_8593775,1,ulaw,A13
LA_E_8594161,1,alaw,A16
LA_E_8594252,1,g722,A08
LA_E_8594742,1,pstn,A17
LA_E_8594915,1,alaw,A17
LA_E_8595206,1,gsm,A15
LA_E_8595226,1,gsm,A07
LA_E_8595456,1,opus,A09
LA_E_8596116,1,ulaw,A07
LA_E_8596259,1,opus,A16
LA_E_8597045,0,none,bonafide
LA_E_8597265,1,gsm,A13
LA_E_8597532,1,opus,A13
LA_E_8597853,1,none,A11
LA_E_8597864,1,opus,A17
LA_E_8598171,1,opus,A18
LA_E_8598512,1,opus,A18
LA_E_8599272,1,alaw,A13
LA_E_8599473,1,alaw,A19
LA_E_8599574,1,none,A13
LA_E_8599682,1,none,A08
LA_E_8599867,1,gsm,A09
LA_E_8599869,1,g722,A13
LA_E_8600135,1,ulaw,A09
LA_E_8600190,1,pstn,A13
LA_E_8600191,1,g722,A11
LA_E_8600249,1,ulaw,A16
LA_E_8600426,1,alaw,A17
LA_E_8600980,1,opus,A07
LA_E_8601093,1,gsm,A14
LA_E_8602509,1,opus,A12
LA_E_8602767,1,pstn,A08
LA_E_8602772,1,ulaw,A13
LA_E_8603181,1,none,A13
LA_E_8603435,1,ulaw,A19
LA_E_8604013,1,alaw,A18
LA_E_8604093,1,opus,A19
LA_E_8604296,1,ulaw,A18
LA_E_8604378,1,g722,A10
LA_E_8605173,1,alaw,A09
LA_E_8605189,1,none,A16
LA_E_8605195,1,opus,A18
LA_E_8605255,1,gsm,A16
LA_E_8605864,1,none,A09
LA_E_8606413,1,gsm,A13
LA_E_8606431,1,g722,A12
LA_E_8606677,1,opus,A11
LA_E_8606827,1,pstn,A17
LA_E_8606947,1,opus,A07
LA_E_8607075,1,alaw,A13
LA_E_8607461,0,ulaw,bonafide
LA_E_8608021,1,gsm,A19
LA_E_8608197,1,gsm,A12
LA_E_8608523,1,none,A08
LA_E_8608610,0,gsm,bonafide
LA_E_8609054,1,none,A19
LA_E_8609477,1,none,A08
LA_E_8609785,1,pstn,A07
LA_E_8609967,1,opus,A19
LA_E_8609997,1,none,A14
LA_E_8610031,1,alaw,A16
LA_E_8610130,1,alaw,A18
LA_E_8610955,1,alaw,A17
LA_E_8611206,0,ulaw,bonafide
LA_E_8611280,1,alaw,A18
LA_E_8611385,1,ulaw,A14
LA_E_8611426,1,gsm,A13
LA_E_8611550,1,g722,A11
LA_E_8611791,1,pstn,A19
LA_E_8611802,1,opus,A12
LA_E_8611927,1,gsm,A18
LA_E_8611931,0,alaw,bonafide
LA_E_8612564,1,ulaw,A16
LA_E_8612663,1,alaw,A15
LA_E_8614441,1,ulaw,A10
LA_E_8615137,1,opus,A09
LA_E_8615594,1,none,A17
LA_E_8615951,1,alaw,A13
LA_E_8616094,1,g722,A10
LA_E_8616195,1,none,A11
LA_E_8616226,0,alaw,bonafide
LA_E_8616980,1,alaw,A07
LA_E_8617038,1,opus,A09
LA_E_8617073,1,ulaw,A11
LA_E_8617762,1,opus,A08
LA_E_8617993,1,ulaw,A16
LA_E_8618136,1,g722,A12
LA_E_8618730,1,pstn,A09
LA_E_8618775,1,ulaw,A18
LA_E_8618954,1,opus,A16
LA_E_8618983,1,ulaw,A14
LA_E_8619087,1,gsm,A12
LA_E_8619850,1,pstn,A17
LA_E_8620002,1,pstn,A19
LA_E_8620208,1,ulaw,A12
LA_E_8620331,1,pstn,A12
LA_E_8620900,1,opus,A18
LA_E_8621107,1,g722,A14
LA_E_8621300,1,opus,A15
LA_E_8621456,1,alaw,A10
LA_E_8621788,1,gsm,A10
LA_E_8623090,1,alaw,A17
LA_E_8623756,1,g722,A14
LA_E_8624525,1,ulaw,A15
LA_E_8625253,0,opus,bonafide
LA_E_8625508,1,ulaw,A17
LA_E_8625597,0,g722,bonafide
LA_E_8625928,1,alaw,A17
LA_E_8626395,1,opus,A08
LA_E_8626564,1,opus,A19
LA_E_8626594,1,ulaw,A19
LA_E_8626806,1,gsm,A19
LA_E_8626862,1,none,A07
LA_E_8626988,1,ulaw,A09
LA_E_8627285,1,alaw,A16
LA_E_8627587,1,none,A19
LA_E_8628487,1,ulaw,A12
LA_E_8628606,1,pstn,A14
LA_E_8629050,1,alaw,A18
LA_E_8629162,1,gsm,A17
LA_E_8629562,1,ulaw,A08
LA_E_8629720,1,none,A14
LA_E_8629867,0,pstn,bonafide
LA_E_8629959,0,gsm,bonafide
LA_E_8630279,1,ulaw,A16
LA_E_8630365,1,ulaw,A07
LA_E_8630552,1,ulaw,A07
LA_E_8631086,1,alaw,A19
LA_E_8631188,1,ulaw,A10
LA_E_8631275,1,alaw,A16
LA_E_8631491,1,ulaw,A11
LA_E_8632648,1,ulaw,A11
LA_E_8633151,1,g722,A10
LA_E_8633233,1,g722,A17
LA_E_8633661,1,opus,A15
LA_E_8633679,1,ulaw,A08
LA_E_8634019,1,none,A08
LA_E_8634070,1,g722,A09
LA_E_8634129,1,none,A12
LA_E_8635212,1,pstn,A15
LA_E_8636002,1,pstn,A11
LA_E_8636055,1,g722,A19
LA_E_8636276,1,pstn,A09
LA_E_8636485,0,none,bonafide
LA_E_8636542,1,gsm,A12
LA_E_8636678,1,none,A17
LA_E_8637043,1,none,A14
LA_E_8637308,1,ulaw,A13
LA_E_8638164,1,gsm,A13
LA_E_8638641,1,ulaw,A11
LA_E_8639080,1,ulaw,A15
LA_E_8639180,1,opus,A15
LA_E_8639276,1,gsm,A15
LA_E_8639773,1,g722,A08
LA_E_8640173,1,opus,A07
LA_E_8640205,0,ulaw,bonafide
LA_E_8640326,1,pstn,A07
LA_E_8640387,1,none,A13
LA_E_8640423,1,opus,A18
LA_E_8641391,1,g722,A19
LA_E_8641590,1,opus,A10
LA_E_8641750,1,opus,A14
LA_E_8641830,1,g722,A13
LA_E_8641962,1,pstn,A10
LA_E_8643476,1,pstn,A13
LA_E_8643700,1,gsm,A14
LA_E_8643802,1,ulaw,A17
LA_E_8644335,1,none,A19
LA_E_8644731,1,gsm,A16
LA_E_8644781,1,none,A14
LA_E_8644965,1,opus,A09
LA_E_8645076,1,g722,A11
LA_E_8645491,1,alaw,A17
LA_E_8645932,1,gsm,A12
LA_E_8646318,1,alaw,A12
LA_E_8646422,1,pstn,A10
LA_E_8647250,0,ulaw,bonafide
LA_E_8647892,1,alaw,A15
LA_E_8648341,1,ulaw,A11
LA_E_8648842,1,gsm,A14
LA_E_8649229,1,gsm,A16
LA_E_8649440,1,none,A19
LA_E_8649804,1,pstn,A13
LA_E_8650123,1,opus,A10
LA_E_8650161,1,g722,A19
LA_E_8650217,1,g722,A19
LA_E_8651420,1,none,A14
LA_E_8652162,1,alaw,A17
LA_E_8652174,1,alaw,A11
LA_E_8652512,1,gsm,A08
LA_E_8652798,1,ulaw,A09
LA_E_8652816,1,none,A10
LA_E_8652842,1,gsm,A14
LA_E_8653427,1,gsm,A14
LA_E_8653580,1,pstn,A19
LA_E_8654410,1,opus,A17
LA_E_8655069,1,gsm,A10
LA_E_8655303,1,g722,A09
LA_E_8656574,1,opus,A18
LA_E_8656742,1,none,A07
LA_E_8656824,1,pstn,A07
LA_E_8657048,1,opus,A10
LA_E_8657207,1,pstn,A09
LA_E_8657401,1,opus,A14
LA_E_8657434,1,gsm,A14
LA_E_8657587,1,alaw,A09
LA_E_8658218,1,gsm,A18
LA_E_8658314,1,alaw,A15
LA_E_8658356,1,ulaw,A08
LA_E_8658680,1,ulaw,A11
LA_E_8658890,1,opus,A14
LA_E_8659085,1,alaw,A17
LA_E_8659220,1,alaw,A18
LA_E_8659447,1,none,A09
LA_E_8659500,1,alaw,A14
LA_E_8659829,1,g722,A11
LA_E_8659872,1,gsm,A13
LA_E_8660284,1,g722,A13
LA_E_8660708,1,g722,A12
LA_E_8661197,1,ulaw,A07
LA_E_8661495,1,opus,A13
LA_E_8661793,0,pstn,bonafide
LA_E_8661870,0,pstn,bonafide
LA_E_8661947,1,g722,A09
LA_E_8661963,1,opus,A11
LA_E_8662199,1,alaw,A09
LA_E_8662356,1,gsm,A13
LA_E_8662464,1,g722,A19
LA_E_8662859,1,opus,A08
LA_E_8662956,1,gsm,A10
LA_E_8663117,1,g722,A08
LA_E_8663457,1,g722,A15
LA_E_8663922,1,ulaw,A18
LA_E_8663923,1,ulaw,A13
LA_E_8663948,1,gsm,A15
LA_E_8664300,1,none,A14
LA_E_8664378,1,pstn,A13
LA_E_8664811,0,none,bonafide
LA_E_8665860,1,pstn,A09
LA_E_8665886,1,ulaw,A09
LA_E_8666056,1,gsm,A08
LA_E_8666203,1,alaw,A15
LA_E_8666615,1,g722,A15
LA_E_8667201,1,opus,A10
LA_E_8667279,0,opus,bonafide
LA_E_8667353,0,opus,bonafide
LA_E_8667562,1,g722,A11
LA_E_8667638,1,g722,A17
LA_E_8667740,1,g722,A13
LA_E_8667900,1,g722,A13
LA_E_8668036,1,gsm,A11
LA_E_8668225,1,opus,A16
LA_E_8668248,1,pstn,A09
LA_E_8668870,1,none,A18
LA_E_8669138,1,gsm,A17
LA_E_8669507,1,gsm,A07
LA_E_8669645,1,pstn,A09
LA_E_8669958,1,none,A13
LA_E_8669982,0,g722,bonafide
LA_E_8670194,0,alaw,bonafide
LA_E_8670310,1,opus,A14
LA_E_8670824,1,none,A12
LA_E_8671040,1,none,A15
LA_E_8671543,0,opus,bonafide
LA_E_8671569,1,ulaw,A14
LA_E_8671754,1,none,A11
LA_E_8671937,0,opus,bonafide
LA_E_8672008,0,gsm,bonafide
LA_E_8673540,0,ulaw,bonafide
LA_E_8673571,1,gsm,A18
LA_E_8674234,1,opus,A16
LA_E_8674298,1,opus,A08
LA_E_8674313,1,ulaw,A09
LA_E_8674604,1,ulaw,A14
LA_E_8674755,1,none,A17
LA_E_8675187,1,alaw,A11
LA_E_8675777,1,g722,A16
LA_E_8675981,0,g722,bonafide
LA_E_8676224,1,g722,A10
LA_E_8676461,1,gsm,A14
LA_E_8676861,1,gsm,A17
LA_E_8676889,0,none,bonafide
LA_E_8676940,0,g722,bonafide
LA_E_8677144,1,pstn,A14
LA_E_8677373,1,g722,A08
LA_E_8677702,1,pstn,A08
LA_E_8677849,1,g722,A14
LA_E_8678057,1,opus,A07
LA_E_8678340,1,none,A08
LA_E_8678394,1,opus,A12
LA_E_8679237,1,opus,A15
LA_E_8679467,1,gsm,A09
LA_E_8679809,1,gsm,A11
LA_E_8680622,1,none,A07
LA_E_8681789,1,gsm,A18
LA_E_8682034,1,none,A09
LA_E_8682299,1,gsm,A08
LA_E_8682458,1,ulaw,A17
LA_E_8682462,1,alaw,A09
LA_E_8682576,1,pstn,A18
LA_E_8683162,1,alaw,A16
LA_E_8684602,1,opus,A08
LA_E_8684837,1,alaw,A16
LA_E_8685245,1,pstn,A14
LA_E_8685408,1,ulaw,A13
LA_E_8685638,1,g722,A09
LA_E_8685816,1,g722,A15
LA_E_8685913,1,opus,A09
LA_E_8685946,1,none,A07
LA_E_8685964,1,pstn,A13
LA_E_8686403,1,none,A16
LA_E_8686714,1,g722,A17
LA_E_8687255,1,gsm,A12
LA_E_8687702,1,gsm,A07
LA_E_8687896,1,none,A19
LA_E_8688485,1,alaw,A09
LA_E_8688585,1,opus,A15
LA_E_8689355,1,g722,A12
LA_E_8689446,1,none,A15
LA_E_8689501,1,pstn,A13
LA_E_8689830,1,g722,A14
LA_E_8690240,1,g722,A15
LA_E_8691204,1,alaw,A10
LA_E_8691493,1,none,A15
LA_E_8691895,1,gsm,A19
LA_E_8692454,1,ulaw,A17
LA_E_8693108,1,opus,A17
LA_E_8693223,1,none,A10
LA_E_8693500,1,none,A09
LA_E_8693606,1,none,A19
LA_E_8693821,1,alaw,A17
LA_E_8694609,1,alaw,A07
LA_E_8695338,1,ulaw,A09
LA_E_8695493,1,none,A14
LA_E_8696846,1,alaw,A16
LA_E_8697668,1,gsm,A16
LA_E_8697802,1,none,A10
LA_E_8698090,1,ulaw,A17
LA_E_8698583,1,ulaw,A15
LA_E_8698786,0,alaw,bonafide
LA_E_8698969,1,none,A18
LA_E_8699121,0,gsm,bonafide
LA_E_8699191,1,opus,A08
LA_E_8700099,0,gsm,bonafide
LA_E_8700515,1,ulaw,A19
LA_E_8700536,1,g722,A07
LA_E_8701177,1,g722,A17
LA_E_8701374,1,alaw,A14
LA_E_8701811,1,ulaw,A15
LA_E_8702422,1,alaw,A07
LA_E_8702598,1,alaw,A08
LA_E_8702731,1,none,A09
LA_E_8702856,1,alaw,A13
LA_E_8703121,1,g722,A11
LA_E_8703275,1,ulaw,A17
LA_E_8703502,1,gsm,A07
LA_E_8703838,1,opus,A09
LA_E_8703964,1,none,A07
LA_E_8704321,1,g722,A10
LA_E_8704789,1,ulaw,A09
LA_E_8704821,0,ulaw,bonafide
LA_E_8704955,1,g722,A10
LA_E_8704980,1,ulaw,A15
LA_E_8705611,1,ulaw,A08
LA_E_8705612,1,ulaw,A16
LA_E_8705736,1,none,A09
LA_E_8706112,1,opus,A12
LA_E_8706206,1,opus,A15
LA_E_8706268,0,opus,bonafide
LA_E_8706298,1,pstn,A07
LA_E_8707442,1,gsm,A13
LA_E_8707609,1,none,A10
LA_E_8707649,1,opus,A08
LA_E_8708250,1,g722,A17
LA_E_8708377,1,ulaw,A08
LA_E_8708631,0,none,bonafide
LA_E_8709052,1,gsm,A13
LA_E_8709082,1,g722,A07
LA_E_8709085,1,gsm,A19
LA_E_8709185,1,ulaw,A12
LA_E_8709345,1,gsm,A19
LA_E_8709570,1,none,A12
LA_E_8710344,1,opus,A08
LA_E_8710773,1,ulaw,A19
LA_E_8710825,1,alaw,A16
LA_E_8711250,1,gsm,A10
LA_E_8711621,1,none,A12
LA_E_8711813,1,ulaw,A07
LA_E_8712593,1,alaw,A12
LA_E_8713123,0,none,bonafide
LA_E_8713294,1,alaw,A15
LA_E_8713331,1,gsm,A13
LA_E_8713472,1,alaw,A13
LA_E_8713723,1,ulaw,A09
LA_E_8713821,1,gsm,A09
LA_E_8714124,1,g722,A10
LA_E_8714377,1,opus,A18
LA_E_8714619,1,none,A12
LA_E_8714792,1,g722,A15
LA_E_8714842,1,gsm,A13
LA_E_8714865,1,none,A16
LA_E_8714996,1,pstn,A12
LA_E_8715155,1,none,A07
LA_E_8715256,1,gsm,A15
LA_E_8715494,1,pstn,A13
LA_E_8716131,1,opus,A12
LA_E_8716916,0,pstn,bonafide
LA_E_8717177,1,pstn,A14
LA_E_8717236,1,g722,A08
LA_E_8717625,0,none,bonafide
LA_E_8717627,1,g722,A16
LA_E_8717807,1,opus,A19
LA_E_8718059,1,alaw,A14
LA_E_8718172,0,gsm,bonafide
LA_E_8718329,1,gsm,A07
LA_E_8718490,1,alaw,A14
LA_E_8718810,0,gsm,bonafide
LA_E_8719245,1,ulaw,A13
LA_E_8719378,1,none,A07
LA_E_8719530,1,ulaw,A19
LA_E_8719712,1,opus,A19
LA_E_8720062,1,g722,A18
LA_E_8720533,1,pstn,A19
LA_E_8720581,1,opus,A07
LA_E_8720838,1,alaw,A16
LA_E_8721007,1,ulaw,A19
LA_E_8721426,1,pstn,A14
LA_E_8721583,1,gsm,A13
LA_E_8721634,1,pstn,A08
LA_E_8721769,1,alaw,A13
LA_E_8721955,1,alaw,A09
LA_E_8722548,1,pstn,A10
LA_E_8722665,1,alaw,A15
LA_E_8722712,1,g722,A17
LA_E_8722721,1,pstn,A19
LA_E_8722965,1,gsm,A15
LA_E_8722975,1,gsm,A11
LA_E_8723365,1,ulaw,A07
LA_E_8723666,1,opus,A17
LA_E_8724067,1,opus,A11
LA_E_8724314,1,opus,A17
LA_E_8725287,1,alaw,A19
LA_E_8725414,1,gsm,A12
LA_E_8725626,1,opus,A13
LA_E_8725700,1,pstn,A11
LA_E_8725714,1,none,A15
LA_E_8725798,1,opus,A07
LA_E_8726138,1,pstn,A19
LA_E_8726266,1,alaw,A10
LA_E_8726293,1,ulaw,A17
LA_E_8726346,1,opus,A08
LA_E_8726412,1,pstn,A13
LA_E_8726760,1,ulaw,A08
LA_E_8727558,0,pstn,bonafide
LA_E_8727593,1,pstn,A12
LA_E_8727826,1,g722,A10
LA_E_8727836,1,pstn,A13
LA_E_8727844,0,g722,bonafide
LA_E_8727881,1,pstn,A12
LA_E_8728174,1,ulaw,A15
LA_E_8728175,1,pstn,A11
LA_E_8728225,1,opus,A14
LA_E_8728369,1,opus,A18
LA_E_8728595,1,ulaw,A18
LA_E_8729012,1,none,A17
LA_E_8729214,1,ulaw,A18
LA_E_8729396,1,none,A07
LA_E_8729735,1,ulaw,A09
LA_E_8730162,0,pstn,bonafide
LA_E_8730220,1,none,A18
LA_E_8730934,1,ulaw,A17
LA_E_8731081,1,pstn,A07
LA_E_8731162,1,g722,A10
LA_E_8731510,1,opus,A09
LA_E_8731634,1,pstn,A14
LA_E_8731635,1,ulaw,A15
LA_E_8732827,1,ulaw,A17
LA_E_8733107,1,opus,A19
LA_E_8733478,1,ulaw,A17
LA_E_8733651,1,none,A16
LA_E_8735539,1,ulaw,A10
LA_E_8735772,1,gsm,A16
LA_E_8736376,1,none,A16
LA_E_8736519,1,alaw,A10
LA_E_8737005,1,opus,A16
LA_E_8737285,1,opus,A08
LA_E_8737818,1,g722,A08
LA_E_8737898,1,gsm,A09
LA_E_8738042,1,opus,A09
LA_E_8738074,1,pstn,A16
LA_E_8738281,1,opus,A11
LA_E_8738303,1,gsm,A19
LA_E_8738417,1,gsm,A11
LA_E_8738725,0,ulaw,bonafide
LA_E_8738934,1,alaw,A11
LA_E_8739260,1,opus,A16
LA_E_8739463,1,g722,A13
LA_E_8739523,1,opus,A14
LA_E_8739544,1,ulaw,A07
LA_E_8739816,1,opus,A08
LA_E_8740645,1,gsm,A19
LA_E_8740756,1,pstn,A18
LA_E_8741034,1,ulaw,A18
LA_E_8741038,1,opus,A19
LA_E_8741399,1,pstn,A19
LA_E_8741634,1,gsm,A17
LA_E_8742035,1,pstn,A19
LA_E_8742444,1,gsm,A13
LA_E_8742501,1,opus,A19
LA_E_8742630,1,opus,A17
LA_E_8742682,1,ulaw,A12
LA_E_8742926,1,g722,A14
LA_E_8742989,1,ulaw,A09
LA_E_8743213,1,opus,A19
LA_E_8743718,1,gsm,A10
LA_E_8743919,1,g722,A08
LA_E_8744001,1,gsm,A14
LA_E_8744633,1,opus,A12
LA_E_8744636,1,alaw,A07
LA_E_8745241,1,opus,A12
LA_E_8745251,1,g722,A17
LA_E_8745616,1,pstn,A18
LA_E_8745688,1,g722,A19
LA_E_8745762,1,none,A13
LA_E_8746123,1,none,A08
LA_E_8746261,1,alaw,A18
LA_E_8746622,1,g722,A08
LA_E_8746918,1,none,A10
LA_E_8746950,1,alaw,A14
LA_E_8747089,1,opus,A08
LA_E_8747398,1,pstn,A15
LA_E_8747508,1,alaw,A19
LA_E_8747625,1,opus,A07
LA_E_8748040,1,ulaw,A18
LA_E_8748072,1,gsm,A10
LA_E_8748426,1,pstn,A08
LA_E_8748589,0,g722,bonafide
LA_E_8748603,1,opus,A15
LA_E_8748625,1,none,A19
LA_E_8748703,1,ulaw,A07
LA_E_8749145,1,pstn,A14
LA_E_8749464,1,gsm,A14
LA_E_8749467,1,pstn,A07
LA_E_8749718,1,gsm,A12
LA_E_8749747,1,pstn,A14
LA_E_8750588,1,g722,A19
LA_E_8750775,1,ulaw,A10
LA_E_8750991,1,alaw,A10
LA_E_8751043,1,g722,A17
LA_E_8751488,1,opus,A18
LA_E_8751976,1,ulaw,A19
LA_E_8752333,0,g722,bonafide
LA_E_8752657,1,g722,A19
LA_E_8752847,1,pstn,A14
LA_E_8752930,0,gsm,bonafide
LA_E_8753339,1,opus,A16
LA_E_8753697,1,alaw,A16
LA_E_8753880,0,none,bonafide
LA_E_8753896,1,alaw,A09
LA_E_8754307,1,opus,A18
LA_E_8755161,1,alaw,A10
LA_E_8755196,1,gsm,A14
LA_E_8755507,1,gsm,A18
LA_E_8755544,0,pstn,bonafide
LA_E_8755826,1,none,A13
LA_E_8756711,1,pstn,A07
LA_E_8756861,0,none,bonafide
LA_E_8756938,1,gsm,A08
LA_E_8757441,1,opus,A16
LA_E_8758075,1,opus,A15
LA_E_8758988,1,g722,A19
LA_E_8759134,0,g722,bonafide
LA_E_8759466,0,alaw,bonafide
LA_E_8759479,1,gsm,A07
LA_E_8759499,1,none,A12
LA_E_8759891,1,ulaw,A14
LA_E_8760016,1,g722,A19
LA_E_8760192,1,gsm,A07
LA_E_8760522,1,alaw,A08
LA_E_8760901,1,opus,A10
LA_E_8761371,0,alaw,bonafide
LA_E_8762325,1,pstn,A07
LA_E_8762570,1,gsm,A13
LA_E_8762876,1,pstn,A07
LA_E_8762970,1,none,A19
LA_E_8763316,1,gsm,A08
LA_E_8763611,1,alaw,A16
LA_E_8763873,1,alaw,A07
LA_E_8764339,1,none,A12
LA_E_8764714,1,ulaw,A12
LA_E_8765698,1,opus,A10
LA_E_8765853,1,alaw,A18
LA_E_8766100,1,gsm,A11
LA_E_8766154,1,none,A14
LA_E_8766234,1,none,A19
LA_E_8766301,1,g722,A15
LA_E_8766558,0,gsm,bonafide
LA_E_8766575,1,pstn,A12
LA_E_8766666,1,pstn,A15
LA_E_8766950,1,ulaw,A11
LA_E_8767072,1,g722,A09
LA_E_8767111,1,g722,A09
LA_E_8767324,1,g722,A14
LA_E_8767463,1,gsm,A10
LA_E_8767918,0,pstn,bonafide
LA_E_8768063,1,none,A10
LA_E_8768634,1,none,A18
LA_E_8768876,1,opus,A14
LA_E_8769091,1,opus,A19
LA_E_8769164,1,opus,A09
LA_E_8769200,1,alaw,A17
LA_E_8769528,1,ulaw,A13
LA_E_8769623,1,ulaw,A19
LA_E_8769884,1,opus,A12
LA_E_8770147,1,alaw,A16
LA_E_8770741,1,gsm,A10
LA_E_8770868,1,opus,A18
LA_E_8770895,1,gsm,A15
LA_E_8770918,1,alaw,A16
LA_E_8770999,1,pstn,A16
LA_E_8771458,0,gsm,bonafide
LA_E_8771766,1,opus,A17
LA_E_8772254,1,ulaw,A07
LA_E_8772315,1,pstn,A18
LA_E_8772698,1,pstn,A07
LA_E_8772740,1,opus,A16
LA_E_8772934,1,ulaw,A07
LA_E_8773120,1,pstn,A10
LA_E_8773127,1,ulaw,A10
LA_E_8773751,1,none,A13
LA_E_8773834,1,g722,A14
LA_E_8773862,0,opus,bonafide
LA_E_8774222,1,ulaw,A12
LA_E_8774498,1,none,A15
LA_E_8774926,1,gsm,A09
LA_E_8775249,1,g722,A12
LA_E_8775547,1,alaw,A15
LA_E_8775836,1,opus,A13
LA_E_8776042,1,opus,A10
LA_E_8776462,1,alaw,A08
LA_E_8776758,1,alaw,A11
LA_E_8776865,1,ulaw,A08
LA_E_8777416,0,pstn,bonafide
LA_E_8778278,1,none,A16
LA_E_8778462,1,ulaw,A18
LA_E_8778691,1,none,A09
LA_E_8778921,1,none,A08
LA_E_8778950,1,none,A16
LA_E_8779074,1,gsm,A09
LA_E_8779283,1,alaw,A17
LA_E_8779826,1,pstn,A14
LA_E_8780258,1,ulaw,A16
LA_E_8780677,1,opus,A17
LA_E_8780853,1,alaw,A10
LA_E_8781230,1,none,A16
LA_E_8781715,1,opus,A07
LA_E_8782059,1,alaw,A17
LA_E_8782631,0,g722,bonafide
LA_E_8782953,1,g722,A14
LA_E_8783009,1,ulaw,A12
LA_E_8784044,1,ulaw,A12
LA_E_8784729,1,none,A19
LA_E_8784741,1,ulaw,A12
LA_E_8784951,1,g722,A10
LA_E_8785155,1,gsm,A18
LA_E_8785172,1,none,A18
LA_E_8785229,0,ulaw,bonafide
LA_E_8785258,1,alaw,A14
LA_E_8785357,1,pstn,A18
LA_E_8786082,1,gsm,A16
LA_E_8786209,1,opus,A16
LA_E_8786410,1,gsm,A15
LA_E_8786449,1,none,A08
LA_E_8786737,1,gsm,A08
LA_E_8786751,1,ulaw,A07
LA_E_8788317,1,opus,A16
LA_E_8788425,1,opus,A19
LA_E_8788487,1,none,A07
LA_E_8788596,1,none,A13
LA_E_8788783,1,gsm,A19
LA_E_8788821,0,opus,bonafide
LA_E_8788949,1,ulaw,A18
LA_E_8789987,1,ulaw,A09
LA_E_8790007,1,alaw,A11
LA_E_8790578,1,opus,A10
LA_E_8790668,0,alaw,bonafide
LA_E_8790874,1,gsm,A18
LA_E_8791125,1,g722,A12
LA_E_8791450,1,alaw,A08
LA_E_8791466,1,ulaw,A16
LA_E_8791592,1,g722,A10
LA_E_8791710,1,g722,A10
LA_E_8791730,1,ulaw,A14
LA_E_8791771,1,none,A11
LA_E_8791799,1,g722,A13
LA_E_8791940,1,opus,A08
LA_E_8792837,1,none,A08
LA_E_8792845,1,gsm,A12
LA_E_8793463,1,none,A08
LA_E_8793493,1,ulaw,A10
LA_E_8793671,1,pstn,A18
LA_E_8794302,1,g722,A13
LA_E_8794404,1,none,A14
LA_E_8794712,1,gsm,A08
LA_E_8794720,1,alaw,A17
LA_E_8794961,1,none,A16
LA_E_8795240,1,none,A15
LA_E_8795259,1,gsm,A19
LA_E_8795308,0,ulaw,bonafide
LA_E_8795548,1,gsm,A15
LA_E_8795902,1,none,A18
LA_E_8795985,1,gsm,A15
LA_E_8795986,1,pstn,A15
LA_E_8796025,1,alaw,A08
LA_E_8796068,0,ulaw,bonafide
LA_E_8796290,1,pstn,A17
LA_E_8796712,1,gsm,A09
LA_E_8796841,1,alaw,A19
LA_E_8796907,1,gsm,A10
LA_E_8797655,1,gsm,A07
LA_E_8797985,1,g722,A14
LA_E_8798097,1,alaw,A16
LA_E_8798127,1,ulaw,A12
LA_E_8798162,1,gsm,A09
LA_E_8798208,1,opus,A17
LA_E_8798460,1,g722,A08
LA_E_8798498,1,ulaw,A14
LA_E_8798539,1,g722,A11
LA_E_8798611,1,opus,A16
LA_E_8798690,1,ulaw,A11
LA_E_8799585,1,ulaw,A10
LA_E_8799600,1,gsm,A07
LA_E_8799633,1,ulaw,A18
LA_E_8799834,1,g722,A09
LA_E_8799854,1,g722,A10
LA_E_8800184,1,opus,A08
LA_E_8800460,0,opus,bonafide
LA_E_8800994,1,opus,A08
LA_E_8801264,1,pstn,A18
LA_E_8801397,1,ulaw,A19
LA_E_8801537,1,g722,A12
LA_E_8801551,1,none,A14
LA_E_8802134,1,alaw,A11
LA_E_8802337,1,ulaw,A12
LA_E_8802352,1,alaw,A10
LA_E_8802390,1,alaw,A19
LA_E_8803226,1,pstn,A17
LA_E_8803588,1,gsm,A10
LA_E_8803652,1,opus,A18
LA_E_8803749,0,pstn,bonafide
LA_E_8804213,1,alaw,A18
LA_E_8804261,1,gsm,A18
LA_E_8804282,1,gsm,A10
LA_E_8804602,1,alaw,A11
LA_E_8805489,1,none,A10
LA_E_8805827,1,alaw,A17
LA_E_8806050,1,alaw,A12
LA_E_8806153,1,g722,A12
LA_E_8806283,1,opus,A07
LA_E_8806961,1,gsm,A07
LA_E_8807020,1,ulaw,A15
LA_E_8807045,1,gsm,A16
LA_E_8807234,1,ulaw,A11
LA_E_8807279,1,gsm,A14
LA_E_8807703,1,pstn,A07
LA_E_8808096,1,g722,A18
LA_E_8808099,1,none,A14
LA_E_8809562,1,pstn,A11
LA_E_8809863,1,opus,A17
LA_E_8810039,1,gsm,A08
LA_E_8810301,1,pstn,A16
LA_E_8810520,1,none,A13
LA_E_8810682,1,ulaw,A08
LA_E_8811062,0,none,bonafide
LA_E_8811160,1,pstn,A19
LA_E_8811517,1,alaw,A08
LA_E_8811545,1,ulaw,A07
LA_E_8811586,1,g722,A07
LA_E_8811729,1,none,A07
LA_E_8811825,0,ulaw,bonafide
LA_E_8811865,1,ulaw,A13
LA_E_8811968,1,gsm,A17
LA_E_8812616,1,opus,A19
LA_E_8812721,1,alaw,A19
LA_E_8812817,1,g722,A15
LA_E_8813075,1,opus,A16
LA_E_8813505,1,gsm,A14
LA_E_8813734,1,gsm,A15
LA_E_8813776,1,ulaw,A15
LA_E_8815184,1,alaw,A18
LA_E_8815228,1,ulaw,A11
LA_E_8815264,1,alaw,A14
LA_E_8815384,1,ulaw,A13
LA_E_8815401,1,g722,A07
LA_E_8815772,1,g722,A12
LA_E_8816448,1,opus,A11
LA_E_8816765,1,opus,A15
LA_E_8816999,1,ulaw,A13
LA_E_8817125,1,pstn,A10
LA_E_8817146,1,ulaw,A07
LA_E_8817645,1,opus,A14
LA_E_8817837,1,gsm,A11
LA_E_8818268,1,gsm,A13
LA_E_8818442,1,g722,A11
LA_E_8819073,1,alaw,A17
LA_E_8819370,1,ulaw,A08
LA_E_8819680,1,g722,A11
LA_E_8820112,1,alaw,A12
LA_E_8820193,1,none,A11
LA_E_8820205,1,alaw,A07
LA_E_8820499,1,ulaw,A15
LA_E_8821155,1,g722,A07
LA_E_8821611,1,gsm,A10
LA_E_8821723,1,opus,A19
LA_E_8821975,1,alaw,A18
LA_E_8822135,1,none,A11
LA_E_8822278,1,ulaw,A18
LA_E_8822650,1,pstn,A17
LA_E_8822752,1,g722,A11
LA_E_8823133,1,pstn,A12
LA_E_8823365,1,opus,A14
LA_E_8823492,1,alaw,A12
LA_E_8823828,1,g722,A19
LA_E_8823988,1,ulaw,A18
LA_E_8824096,1,gsm,A18
LA_E_8824662,1,none,A15
LA_E_8824834,1,none,A08
LA_E_8825190,1,opus,A11
LA_E_8825210,1,opus,A14
LA_E_8825267,1,alaw,A08
LA_E_8825499,1,pstn,A18
LA_E_8825684,1,alaw,A11
LA_E_8825984,1,gsm,A10
LA_E_8826026,1,gsm,A17
LA_E_8826335,1,opus,A19
LA_E_8826366,1,gsm,A08
LA_E_8826718,1,opus,A09
LA_E_8826770,1,alaw,A18
LA_E_8826838,1,alaw,A08
LA_E_8827166,1,pstn,A18
LA_E_8827749,1,ulaw,A17
LA_E_8827817,1,ulaw,A10
LA_E_8827852,1,pstn,A09
LA_E_8828076,1,gsm,A08
LA_E_8828101,1,opus,A12
LA_E_8828508,1,ulaw,A14
LA_E_8828623,1,ulaw,A08
LA_E_8828976,1,alaw,A10
LA_E_8829016,1,opus,A18
LA_E_8829446,1,opus,A08
LA_E_8829917,1,none,A11
LA_E_8830069,0,ulaw,bonafide
LA_E_8830238,1,gsm,A12
LA_E_8830441,1,pstn,A08
LA_E_8830540,1,opus,A11
LA_E_8830591,1,none,A12
LA_E_8830844,1,ulaw,A08
LA_E_8831155,1,gsm,A13
LA_E_8831259,1,gsm,A14
LA_E_8831749,1,ulaw,A14
LA_E_8831840,1,gsm,A09
LA_E_8832559,1,pstn,A16
LA_E_8832603,1,none,A11
LA_E_8833532,0,opus,bonafide
LA_E_8833724,1,gsm,A07
LA_E_8833806,1,g722,A09
LA_E_8833863,1,pstn,A16
LA_E_8833948,1,gsm,A17
LA_E_8834479,1,pstn,A19
LA_E_8834487,1,opus,A19
LA_E_8835176,1,g722,A19
LA_E_8837062,0,none,bonafide
LA_E_8837495,1,ulaw,A16
LA_E_8837809,1,gsm,A15
LA_E_8837854,1,g722,A12
LA_E_8838381,1,none,A18
LA_E_8838533,1,ulaw,A13
LA_E_8838633,1,gsm,A18
LA_E_8838831,1,gsm,A11
LA_E_8838900,1,g722,A08
LA_E_8838942,1,gsm,A16
LA_E_8839662,1,alaw,A12
LA_E_8839929,1,none,A16
LA_E_8840325,1,ulaw,A15
LA_E_8841515,0,g722,bonafide
LA_E_8841657,1,opus,A07
LA_E_8841756,0,none,bonafide
LA_E_8842634,1,ulaw,A13
LA_E_8843346,0,g722,bonafide
LA_E_8843415,1,gsm,A16
LA_E_8843448,1,g722,A09
LA_E_8844145,1,gsm,A12
LA_E_8844156,1,ulaw,A14
LA_E_8844157,0,alaw,bonafide
LA_E_8844506,1,pstn,A19
LA_E_8844756,1,alaw,A11
LA_E_8844904,1,gsm,A16
LA_E_8845595,0,ulaw,bonafide
LA_E_8845955,1,none,A08
LA_E_8846331,1,alaw,A16
LA_E_8846417,1,g722,A08
LA_E_8846495,1,pstn,A07
LA_E_8846517,1,opus,A12
LA_E_8846725,1,opus,A11
LA_E_8847168,1,opus,A11
LA_E_8847956,1,opus,A12
LA_E_8848306,1,gsm,A16
LA_E_8848313,1,g722,A07
LA_E_8848538,1,pstn,A14
LA_E_8848604,1,ulaw,A19
LA_E_8849516,1,none,A14
LA_E_8849560,1,g722,A16
LA_E_8849627,1,alaw,A14
LA_E_8849659,1,g722,A09
LA_E_8849767,1,pstn,A19
LA_E_8849812,1,gsm,A12
LA_E_8849860,1,none,A15
LA_E_8849976,0,ulaw,bonafide
LA_E_8850068,1,alaw,A12
LA_E_8850295,1,pstn,A07
LA_E_8850421,1,gsm,A07
LA_E_8850955,1,opus,A10
LA_E_8850959,1,gsm,A13
LA_E_8851134,1,alaw,A08
LA_E_8851928,1,ulaw,A17
LA_E_8852211,0,gsm,bonafide
LA_E_8852244,1,pstn,A15
LA_E_8852400,1,gsm,A11
LA_E_8852742,1,ulaw,A16
LA_E_8853020,1,pstn,A12
LA_E_8853105,1,alaw,A14
LA_E_8853431,1,gsm,A16
LA_E_8853813,1,ulaw,A15
LA_E_8853901,1,ulaw,A07
LA_E_8854000,1,none,A09
LA_E_8854085,1,ulaw,A15
LA_E_8854185,0,pstn,bonafide
LA_E_8854653,1,gsm,A18
LA_E_8854669,1,ulaw,A15
LA_E_8855327,1,gsm,A09
LA_E_8855346,1,gsm,A08
LA_E_8855731,1,gsm,A15
LA_E_8855957,1,g722,A17
LA_E_8856117,1,pstn,A08
LA_E_8856461,1,ulaw,A13
LA_E_8856804,1,pstn,A09
LA_E_8857318,1,opus,A18
LA_E_8858421,1,gsm,A18
LA_E_8858787,1,ulaw,A16
LA_E_8858902,1,alaw,A14
LA_E_8859141,1,gsm,A16
LA_E_8859355,1,ulaw,A08
LA_E_8859461,1,gsm,A13
LA_E_8859590,1,pstn,A12
LA_E_8859983,1,ulaw,A07
LA_E_8860376,1,opus,A14
LA_E_8860384,1,opus,A15
LA_E_8860486,1,none,A16
LA_E_8860673,1,gsm,A18
LA_E_8860889,1,opus,A18
LA_E_8860961,1,opus,A08
LA_E_8861439,1,g722,A11
LA_E_8861559,1,alaw,A07
LA_E_8861831,1,gsm,A08
LA_E_8861858,1,gsm,A09
LA_E_8861996,1,gsm,A17
LA_E_8862089,1,opus,A15
LA_E_8862096,0,ulaw,bonafide
LA_E_8862421,1,gsm,A14
LA_E_8862806,1,opus,A11
LA_E_8863206,1,opus,A10
LA_E_8863273,1,pstn,A14
LA_E_8863861,1,none,A10
LA_E_8863904,1,ulaw,A12
LA_E_8864101,1,gsm,A10
LA_E_8864273,1,alaw,A12
LA_E_8864350,1,ulaw,A08
LA_E_8864369,1,opus,A17
LA_E_8864390,0,opus,bonafide
LA_E_8864514,1,gsm,A11
LA_E_8864723,1,pstn,A12
LA_E_8864778,0,gsm,bonafide
LA_E_8864851,1,ulaw,A15
LA_E_8865046,1,g722,A08
LA_E_8865424,1,gsm,A15
LA_E_8865756,1,pstn,A09
LA_E_8865842,1,alaw,A12
LA_E_8866195,1,ulaw,A09
LA_E_8866326,1,gsm,A17
LA_E_8866426,1,none,A19
LA_E_8866981,1,g722,A16
LA_E_8867494,1,ulaw,A13
LA_E_8867795,1,ulaw,A08
LA_E_8867978,1,pstn,A16
LA_E_8868230,1,pstn,A09
LA_E_8868308,1,opus,A12
LA_E_8868689,1,gsm,A10
LA_E_8868861,1,gsm,A18
LA_E_8868876,1,ulaw,A09
LA_E_8868887,1,gsm,A07
LA_E_8868935,1,gsm,A11
LA_E_8869529,1,opus,A10
LA_E_8869634,1,ulaw,A12
LA_E_8869721,1,g722,A15
LA_E_8869770,1,gsm,A13
LA_E_8869987,0,opus,bonafide
LA_E_8870169,1,gsm,A15
LA_E_8870647,1,alaw,A11
LA_E_8870654,1,pstn,A08
LA_E_8871287,1,ulaw,A10
LA_E_8871297,1,none,A16
LA_E_8871395,1,gsm,A12
LA_E_8871500,1,g722,A15
LA_E_8871701,1,ulaw,A11
LA_E_8871785,1,none,A14
LA_E_8872119,1,none,A13
LA_E_8872166,1,ulaw,A16
LA_E_8872354,1,g722,A19
LA_E_8872359,1,opus,A14
LA_E_8872369,1,g722,A19
LA_E_8872812,1,gsm,A07
LA_E_8872841,0,alaw,bonafide
LA_E_8873122,1,gsm,A15
LA_E_8873229,1,opus,A19
LA_E_8873723,1,pstn,A08
LA_E_8874139,1,pstn,A08
LA_E_8874598,1,g722,A09
LA_E_8874668,1,ulaw,A19
LA_E_8874874,1,none,A15
LA_E_8875045,1,pstn,A15
LA_E_8875876,0,ulaw,bonafide
LA_E_8876361,1,g722,A14
LA_E_8876418,1,g722,A19
LA_E_8876944,1,pstn,A12
LA_E_8877162,1,none,A10
LA_E_8877216,1,gsm,A12
LA_E_8877403,1,gsm,A11
LA_E_8877599,1,opus,A18
LA_E_8878161,1,gsm,A10
LA_E_8878186,1,alaw,A18
LA_E_8878192,1,g722,A11
LA_E_8878543,1,alaw,A09
LA_E_8878707,1,opus,A15
LA_E_8878962,1,ulaw,A18
LA_E_8879011,0,ulaw,bonafide
LA_E_8879019,1,alaw,A18
LA_E_8879047,1,none,A17
LA_E_8879310,1,gsm,A07
LA_E_8879440,1,ulaw,A08
LA_E_8879513,1,opus,A07
LA_E_8880051,1,gsm,A18
LA_E_8880525,1,none,A19
LA_E_8880534,1,ulaw,A11
LA_E_8880552,1,g722,A19
LA_E_8880847,1,ulaw,A11
LA_E_8881299,0,ulaw,bonafide
LA_E_8881545,1,opus,A17
LA_E_8881661,1,gsm,A18
LA_E_8881982,1,g722,A09
LA_E_8882666,1,g722,A15
LA_E_8882839,1,opus,A13
LA_E_8882962,1,alaw,A15
LA_E_8883098,1,gsm,A14
LA_E_8883253,1,gsm,A09
LA_E_8883326,1,none,A16
LA_E_8883432,1,none,A17
LA_E_8883511,0,alaw,bonafide
LA_E_8883528,1,ulaw,A13
LA_E_8884035,1,gsm,A16
LA_E_8884072,1,opus,A15
LA_E_8884432,1,opus,A11
LA_E_8884493,1,g722,A18
LA_E_8884732,1,opus,A09
LA_E_8884792,1,ulaw,A08
LA_E_8885212,1,pstn,A13
LA_E_8885250,1,ulaw,A09
LA_E_8886212,1,none,A12
LA_E_8886400,1,opus,A13
LA_E_8886597,1,ulaw,A17
LA_E_8887048,1,opus,A09
LA_E_8887548,1,pstn,A15
LA_E_8887658,1,gsm,A18
LA_E_8887855,1,opus,A11
LA_E_8887954,1,none,A07
LA_E_8888082,1,none,A17
LA_E_8888273,1,pstn,A09
LA_E_8888530,1,pstn,A12
LA_E_8888589,1,ulaw,A11
LA_E_8888958,1,opus,A15
LA_E_8889011,1,gsm,A16
LA_E_8889043,1,none,A09
LA_E_8889366,0,gsm,bonafide
LA_E_8889558,1,g722,A14
LA_E_8889615,1,g722,A13
LA_E_8890337,1,gsm,A16
LA_E_8890446,1,g722,A08
LA_E_8891010,1,pstn,A09
LA_E_8891867,1,none,A15
LA_E_8891916,1,g722,A08
LA_E_8892118,1,gsm,A09
LA_E_8892664,1,opus,A19
LA_E_8892829,1,gsm,A10
LA_E_8893433,1,gsm,A17
LA_E_8893734,1,none,A16
LA_E_8893881,1,alaw,A09
LA_E_8894122,0,alaw,bonafide
LA_E_8894127,1,alaw,A13
LA_E_8894227,0,opus,bonafide
LA_E_8894234,1,g722,A17
LA_E_8894995,1,ulaw,A16
LA_E_8895084,1,pstn,A13
LA_E_8895098,1,none,A10
LA_E_8895134,1,gsm,A15
LA_E_8895620,1,alaw,A15
LA_E_8895689,1,alaw,A09
LA_E_8896406,1,gsm,A15
LA_E_8896604,1,gsm,A14
LA_E_8896969,1,opus,A16
LA_E_8897355,1,gsm,A13
LA_E_8897545,1,opus,A09
LA_E_8897802,1,ulaw,A17
LA_E_8898858,1,opus,A11
LA_E_8899165,1,pstn,A12
LA_E_8900595,1,g722,A14
LA_E_8900731,1,ulaw,A17
LA_E_8900749,1,opus,A18
LA_E_8900779,1,none,A09
LA_E_8901037,1,g722,A14
LA_E_8901188,1,none,A18
LA_E_8901889,1,opus,A16
LA_E_8901948,1,gsm,A18
LA_E_8901979,1,gsm,A18
LA_E_8902496,1,ulaw,A16
LA_E_8902530,1,g722,A14
LA_E_8902736,1,none,A12
LA_E_8903163,1,ulaw,A16
LA_E_8903365,1,pstn,A13
LA_E_8903388,1,none,A10
LA_E_8903518,1,gsm,A15
LA_E_8903604,1,alaw,A13
LA_E_8903756,1,opus,A18
LA_E_8903827,1,ulaw,A15
LA_E_8904316,1,gsm,A18
LA_E_8904555,1,ulaw,A14
LA_E_8904691,1,pstn,A11
LA_E_8904764,1,gsm,A13
LA_E_8904896,1,opus,A08
LA_E_8905002,1,g722,A12
LA_E_8905399,1,ulaw,A10
LA_E_8905539,1,g722,A18
LA_E_8905696,1,gsm,A11
LA_E_8905735,1,none,A11
LA_E_8905977,1,ulaw,A19
LA_E_8906190,1,none,A09
LA_E_8906353,1,none,A15
LA_E_8906444,1,gsm,A10
LA_E_8906889,1,ulaw,A18
LA_E_8906918,1,gsm,A12
LA_E_8907361,1,g722,A15
LA_E_8907542,1,opus,A15
LA_E_8907768,1,none,A15
LA_E_8907821,1,ulaw,A11
LA_E_8908135,1,alaw,A18
LA_E_8908196,1,opus,A11
LA_E_8908553,1,opus,A09
LA_E_8909841,1,opus,A13
LA_E_8909966,1,pstn,A07
LA_E_8910184,1,gsm,A12
LA_E_8910381,1,ulaw,A14
LA_E_8910627,1,ulaw,A14
LA_E_8910642,1,gsm,A13
LA_E_8911326,1,ulaw,A19
LA_E_8911508,1,g722,A19
LA_E_8911574,1,gsm,A16
LA_E_8912363,0,pstn,bonafide
LA_E_8912767,1,alaw,A13
LA_E_8913099,1,ulaw,A10
LA_E_8913249,1,none,A17
LA_E_8913299,1,gsm,A15
LA_E_8913738,1,gsm,A16
LA_E_8913889,1,alaw,A12
LA_E_8913977,1,none,A07
LA_E_8914204,1,opus,A18
LA_E_8914296,1,ulaw,A17
LA_E_8914578,1,alaw,A15
LA_E_8914794,1,g722,A13
LA_E_8914838,1,ulaw,A18
LA_E_8914851,1,gsm,A09
LA_E_8914879,1,gsm,A07
LA_E_8915143,1,gsm,A07
LA_E_8915148,1,pstn,A17
LA_E_8915466,1,opus,A19
LA_E_8915814,1,opus,A09
LA_E_8915851,1,ulaw,A07
LA_E_8916081,1,pstn,A10
LA_E_8916503,1,none,A18
LA_E_8916719,1,gsm,A12
LA_E_8916758,1,gsm,A09
LA_E_8917054,1,pstn,A19
LA_E_8917524,1,g722,A18
LA_E_8917825,1,none,A18
LA_E_8918571,1,pstn,A12
LA_E_8918748,1,ulaw,A14
LA_E_8918910,0,ulaw,bonafide
LA_E_8919684,1,pstn,A08
LA_E_8919786,1,opus,A16
LA_E_8920255,1,gsm,A16
LA_E_8920578,1,gsm,A07
LA_E_8920761,0,ulaw,bonafide
LA_E_8921538,1,pstn,A08
LA_E_8922181,1,opus,A08
LA_E_8922691,1,ulaw,A09
LA_E_8922756,1,none,A07
LA_E_8923562,1,pstn,A13
LA_E_8923586,1,pstn,A19
LA_E_8923838,1,gsm,A10
LA_E_8923872,1,g722,A17
LA_E_8924551,1,ulaw,A08
LA_E_8924975,1,alaw,A11
LA_E_8925373,1,gsm,A07
LA_E_8925894,1,gsm,A13
LA_E_8925954,1,pstn,A12
LA_E_8926438,1,none,A15
LA_E_8926656,1,none,A08
LA_E_8926693,1,gsm,A11
LA_E_8926730,1,g722,A13
LA_E_8928140,1,gsm,A14
LA_E_8928882,1,opus,A11
LA_E_8929052,1,ulaw,A10
LA_E_8929529,1,alaw,A07
LA_E_8929817,1,opus,A19
LA_E_8929874,1,ulaw,A08
LA_E_8929972,1,none,A13
LA_E_8930905,0,opus,bonafide
LA_E_8931066,1,ulaw,A15
LA_E_8931273,1,pstn,A10
LA_E_8931323,0,ulaw,bonafide
LA_E_8931501,1,gsm,A09
LA_E_8931975,1,pstn,A17
LA_E_8932439,1,pstn,A13
LA_E_8932451,1,opus,A10
LA_E_8932924,1,gsm,A18
LA_E_8932975,1,pstn,A18
LA_E_8933195,1,g722,A10
LA_E_8933245,1,none,A12
LA_E_8933504,1,gsm,A09
LA_E_8933544,0,alaw,bonafide
LA_E_8933612,0,pstn,bonafide
LA_E_8933783,1,g722,A11
LA_E_8933811,1,gsm,A11
LA_E_8933844,1,opus,A10
LA_E_8934395,1,none,A10
LA_E_8934561,1,gsm,A13
LA_E_8934715,1,none,A07
LA_E_8934987,1,opus,A11
LA_E_8935128,1,opus,A11
LA_E_8935168,1,none,A09
LA_E_8935192,1,gsm,A14
LA_E_8935753,1,ulaw,A10
LA_E_8935930,1,none,A14
LA_E_8935961,1,alaw,A13
LA_E_8936193,1,g722,A19
LA_E_8936401,1,pstn,A09
LA_E_8936688,1,g722,A13
LA_E_8936978,1,gsm,A09
LA_E_8937472,1,none,A15
LA_E_8938094,1,g722,A16
LA_E_8938141,1,opus,A08
LA_E_8938280,1,none,A10
LA_E_8939241,1,ulaw,A10
LA_E_8939524,0,alaw,bonafide
LA_E_8939965,1,ulaw,A16
LA_E_8940469,1,alaw,A16
LA_E_8941117,1,opus,A14
LA_E_8941139,1,alaw,A16
LA_E_8941229,1,gsm,A14
LA_E_8941975,1,none,A18
LA_E_8942005,1,g722,A16
LA_E_8942393,1,opus,A10
LA_E_8942422,0,ulaw,bonafide
LA_E_8942528,1,ulaw,A09
LA_E_8942654,1,ulaw,A19
LA_E_8942731,1,opus,A13
LA_E_8942968,1,none,A14
LA_E_8943181,1,ulaw,A16
LA_E_8944414,1,gsm,A17
LA_E_8944551,1,opus,A15
LA_E_8944789,1,gsm,A08
LA_E_8944794,1,none,A17
LA_E_8945347,0,pstn,bonafide
LA_E_8945890,1,alaw,A10
LA_E_8946747,1,g722,A16
LA_E_8947065,1,pstn,A16
LA_E_8947193,1,gsm,A16
LA_E_8947404,1,opus,A18
LA_E_8947567,1,pstn,A07
LA_E_8948339,0,gsm,bonafide
LA_E_8948486,1,none,A14
LA_E_8948669,0,ulaw,bonafide
LA_E_8948787,1,pstn,A18
LA_E_8949051,0,none,bonafide
LA_E_8949120,1,gsm,A09
LA_E_8949465,1,gsm,A16
LA_E_8949605,1,ulaw,A10
LA_E_8950028,1,opus,A19
LA_E_8951420,1,pstn,A10
LA_E_8951565,1,none,A17
LA_E_8952478,1,pstn,A19
LA_E_8952549,1,none,A16
LA_E_8953137,1,alaw,A13
LA_E_8953191,1,none,A07
LA_E_8953224,1,pstn,A17
LA_E_8953630,0,none,bonafide
LA_E_8953656,1,pstn,A14
LA_E_8953667,1,opus,A18
LA_E_8954333,1,opus,A13
LA_E_8954350,1,opus,A12
LA_E_8954379,1,alaw,A07
LA_E_8954735,1,alaw,A07
LA_E_8954904,1,none,A14
LA_E_8954971,1,pstn,A12
LA_E_8955529,1,none,A12
LA_E_8955533,1,g722,A11
LA_E_8955534,1,alaw,A17
LA_E_8955594,1,alaw,A13
LA_E_8955600,1,alaw,A07
LA_E_8955918,1,pstn,A14
LA_E_8955984,0,opus,bonafide
LA_E_8956265,1,alaw,A12
LA_E_8956295,1,none,A09
LA_E_8956798,1,ulaw,A16
LA_E_8956918,1,pstn,A07
LA_E_8957377,1,gsm,A17
LA_E_8957508,1,ulaw,A09
LA_E_8957528,1,ulaw,A07
LA_E_8957641,1,ulaw,A18
LA_E_8957761,1,opus,A15
LA_E_8958154,1,ulaw,A18
LA_E_8958249,1,ulaw,A08
LA_E_8958390,1,g722,A17
LA_E_8959055,1,alaw,A19
LA_E_8959115,1,opus,A11
LA_E_8959226,1,ulaw,A13
LA_E_8959621,1,g722,A11
LA_E_8960180,1,ulaw,A09
LA_E_8960444,1,gsm,A19
LA_E_8960755,1,g722,A18
LA_E_8960996,1,gsm,A13
LA_E_8961162,1,gsm,A10
LA_E_8961235,1,alaw,A13
LA_E_8961310,1,gsm,A13
LA_E_8961319,1,gsm,A12
LA_E_8961347,1,opus,A07
LA_E_8961508,1,opus,A16
LA_E_8961530,1,g722,A14
LA_E_8961575,1,ulaw,A19
LA_E_8962315,1,alaw,A10
LA_E_8962349,1,opus,A15
LA_E_8963302,1,gsm,A19
LA_E_8963340,1,g722,A11
LA_E_8963488,1,pstn,A11
LA_E_8963584,1,gsm,A13
LA_E_8963637,1,none,A18
LA_E_8963822,1,g722,A12
LA_E_8963874,1,opus,A18
LA_E_8964190,1,none,A07
LA_E_8964265,1,opus,A09
LA_E_8964273,1,opus,A13
LA_E_8964408,0,opus,bonafide
LA_E_8964414,1,alaw,A14
LA_E_8965097,1,none,A10
LA_E_8965141,1,pstn,A10
LA_E_8965345,1,alaw,A12
LA_E_8966497,0,opus,bonafide
LA_E_8966988,1,pstn,A15
LA_E_8967520,1,g722,A15
LA_E_8967814,1,opus,A08
LA_E_8967977,1,alaw,A15
LA_E_8968247,1,ulaw,A12
LA_E_8968251,1,g722,A16
LA_E_8968408,1,pstn,A10
LA_E_8968422,0,ulaw,bonafide
LA_E_8968591,1,opus,A12
LA_E_8968839,1,none,A08
LA_E_8969022,0,gsm,bonafide
LA_E_8969117,1,opus,A10
LA_E_8969297,1,none,A19
LA_E_8969664,1,g722,A16
LA_E_8971038,1,gsm,A17
LA_E_8971090,1,pstn,A18
LA_E_8971102,1,alaw,A14
LA_E_8971705,1,pstn,A15
LA_E_8971947,1,opus,A12
LA_E_8972908,1,g722,A16
LA_E_8973689,1,pstn,A17
LA_E_8974450,1,none,A17
LA_E_8974835,1,opus,A07
LA_E_8974902,1,alaw,A07
LA_E_8974977,1,opus,A14
LA_E_8975212,1,gsm,A12
LA_E_8975355,1,ulaw,A14
LA_E_8975376,1,opus,A18
LA_E_8976066,1,none,A15
LA_E_8976273,1,gsm,A10
LA_E_8976323,1,g722,A10
LA_E_8976752,1,ulaw,A07
LA_E_8976933,1,g722,A07
LA_E_8977170,1,opus,A13
LA_E_8978162,1,g722,A08
LA_E_8978599,1,g722,A19
LA_E_8978912,1,gsm,A09
LA_E_8979109,1,pstn,A15
LA_E_8979209,1,g722,A12
LA_E_8979304,1,ulaw,A14
LA_E_8979719,1,none,A11
LA_E_8980524,1,g722,A12
LA_E_8980809,1,g722,A18
LA_E_8981197,1,g722,A17
LA_E_8981463,1,none,A08
LA_E_8981474,1,opus,A13
LA_E_8981541,1,alaw,A10
LA_E_8981752,1,g722,A15
LA_E_8982042,1,ulaw,A08
LA_E_8982575,1,none,A10
LA_E_8982770,1,pstn,A10
LA_E_8983004,1,alaw,A14
LA_E_8983552,0,gsm,bonafide
LA_E_8983640,1,opus,A12
LA_E_8983855,1,pstn,A08
LA_E_8984099,1,g722,A12
LA_E_8984255,1,alaw,A13
LA_E_8984868,1,none,A13
LA_E_8985002,1,ulaw,A14
LA_E_8985003,1,g722,A16
LA_E_8985144,1,ulaw,A14
LA_E_8985155,1,g722,A16
LA_E_8985683,1,pstn,A12
LA_E_8986338,1,g722,A12
LA_E_8986516,1,alaw,A11
LA_E_8986590,1,ulaw,A11
LA_E_8986628,1,g722,A09
LA_E_8987426,1,g722,A11
LA_E_8987485,1,alaw,A08
LA_E_8987538,1,pstn,A10
LA_E_8987929,1,ulaw,A18
LA_E_8988160,1,none,A12
LA_E_8988176,1,g722,A07
LA_E_8988384,1,alaw,A15
LA_E_8988449,1,g722,A11
LA_E_8988558,1,alaw,A12
LA_E_8988603,1,none,A07
LA_E_8988612,0,pstn,bonafide
LA_E_8988615,1,ulaw,A17
LA_E_8989250,1,ulaw,A12
LA_E_8989375,1,opus,A13
LA_E_8989717,1,gsm,A08
LA_E_8990077,1,none,A17
LA_E_8990466,1,ulaw,A07
LA_E_8990863,1,g722,A09
LA_E_8991056,1,pstn,A16
LA_E_8991111,1,ulaw,A15
LA_E_8991717,1,ulaw,A15
LA_E_8991903,1,none,A08
LA_E_8992050,1,g722,A13
LA_E_8992356,1,gsm,A18
LA_E_8992652,1,ulaw,A13
LA_E_8992746,1,gsm,A19
LA_E_8993166,1,pstn,A12
LA_E_8993397,1,opus,A16
LA_E_8993408,0,gsm,bonafide
LA_E_8993457,1,ulaw,A10
LA_E_8993682,1,alaw,A08
LA_E_8994152,1,ulaw,A11
LA_E_8994574,1,opus,A13
LA_E_8994776,1,gsm,A16
LA_E_8995044,1,g722,A11
LA_E_8995170,1,alaw,A11
LA_E_8995481,1,pstn,A15
LA_E_8995614,1,gsm,A19
LA_E_8996344,1,opus,A10
LA_E_8996405,1,g722,A09
LA_E_8996568,1,gsm,A11
LA_E_8996739,1,alaw,A18
LA_E_8996807,1,opus,A11
LA_E_8997226,1,ulaw,A18
LA_E_8997503,1,pstn,A16
LA_E_8998210,1,pstn,A16
LA_E_8998215,1,gsm,A13
LA_E_8998545,1,opus,A15
LA_E_8998635,1,pstn,A16
LA_E_8998730,1,opus,A19
LA_E_8999180,1,gsm,A12
LA_E_8999656,1,alaw,A16
LA_E_9000098,0,gsm,bonafide
LA_E_9000137,1,g722,A10
LA_E_9000471,1,opus,A10
LA_E_9000584,1,opus,A08
LA_E_9000652,0,alaw,bonafide
LA_E_9001145,1,ulaw,A18
LA_E_9001281,1,ulaw,A10
LA_E_9001511,1,ulaw,A18
LA_E_9001665,1,alaw,A18
LA_E_9002335,1,opus,A17
LA_E_9002490,1,alaw,A19
LA_E_9002805,1,alaw,A19
LA_E_9002904,1,gsm,A16
LA_E_9003510,1,g722,A11
LA_E_9003575,1,opus,A13
LA_E_9003596,1,gsm,A09
LA_E_9004911,1,ulaw,A08
LA_E_9004925,1,gsm,A07
LA_E_9005448,1,pstn,A13
LA_E_9005496,1,opus,A09
LA_E_9005685,1,alaw,A15
LA_E_9006062,1,opus,A10
LA_E_9006133,1,ulaw,A17
LA_E_9006187,1,ulaw,A12
LA_E_9006227,1,pstn,A08
LA_E_9006294,1,opus,A13
LA_E_9006725,1,g722,A18
LA_E_9006931,1,pstn,A10
LA_E_9007167,1,g722,A18
LA_E_9007176,1,ulaw,A12
LA_E_9007986,1,pstn,A16
LA_E_9008171,1,opus,A09
LA_E_9008172,1,pstn,A15
LA_E_9008175,1,gsm,A12
LA_E_9008399,1,none,A14
LA_E_9008440,1,alaw,A10
LA_E_9008692,1,alaw,A07
LA_E_9008778,1,pstn,A07
LA_E_9009091,1,ulaw,A19
LA_E_9009455,1,gsm,A10
LA_E_9009818,1,g722,A13
LA_E_9010242,0,opus,bonafide
LA_E_9010601,1,alaw,A12
LA_E_9010857,1,pstn,A12
LA_E_9011236,1,opus,A14
LA_E_9011631,1,ulaw,A18
LA_E_9011635,0,gsm,bonafide
LA_E_9011687,1,alaw,A08
LA_E_9011791,1,g722,A12
LA_E_9011911,1,opus,A15
LA_E_9012739,1,g722,A08
LA_E_9012747,1,none,A13
LA_E_9013064,1,pstn,A16
LA_E_9013734,1,gsm,A11
LA_E_9013883,1,ulaw,A15
LA_E_9013951,1,none,A12
LA_E_9014040,1,alaw,A17
LA_E_9014191,1,gsm,A09
LA_E_9014877,1,ulaw,A18
LA_E_9014982,1,gsm,A13
LA_E_9015057,1,gsm,A10
LA_E_9015742,1,none,A19
LA_E_9015942,1,gsm,A18
LA_E_9015962,1,none,A19
LA_E_9016152,1,alaw,A19
LA_E_9016365,1,opus,A10
LA_E_9017568,1,ulaw,A14
LA_E_9017718,1,none,A15
LA_E_9018228,1,g722,A07
LA_E_9018368,1,g722,A13
LA_E_9018484,1,none,A13
LA_E_9018574,1,opus,A19
LA_E_9018733,1,gsm,A15
LA_E_9018849,1,none,A14
LA_E_9019529,0,pstn,bonafide
LA_E_9019865,1,alaw,A19
LA_E_9020162,1,alaw,A08
LA_E_9020390,1,alaw,A17
LA_E_9020804,1,none,A15
LA_E_9022264,1,gsm,A14
LA_E_9022590,0,opus,bonafide
LA_E_9022993,1,pstn,A18
LA_E_9023074,1,none,A07
LA_E_9023215,1,pstn,A15
LA_E_9023219,1,gsm,A13
LA_E_9023338,1,g722,A08
LA_E_9023494,1,none,A07
LA_E_9023579,1,ulaw,A17
LA_E_9023664,1,ulaw,A15
LA_E_9024167,1,gsm,A18
LA_E_9024848,1,ulaw,A09
LA_E_9025272,1,none,A11
LA_E_9025460,1,gsm,A15
LA_E_9025793,1,none,A11
LA_E_9026269,1,alaw,A12
LA_E_9026376,1,ulaw,A15
LA_E_9027130,1,alaw,A14
LA_E_9027256,1,gsm,A16
LA_E_9027309,1,ulaw,A12
LA_E_9027351,1,gsm,A17
LA_E_9027570,1,alaw,A12
LA_E_9028195,1,gsm,A12
LA_E_9028648,1,none,A15
LA_E_9028693,1,g722,A10
LA_E_9028771,1,alaw,A09
LA_E_9028960,1,opus,A14
LA_E_9028978,1,pstn,A14
LA_E_9029504,1,opus,A12
LA_E_9029663,1,alaw,A09
LA_E_9029711,1,g722,A12
LA_E_9029941,1,ulaw,A09
LA_E_9030031,1,g722,A14
LA_E_9030076,1,g722,A12
LA_E_9030236,0,ulaw,bonafide
LA_E_9031237,1,ulaw,A11
LA_E_9031586,1,alaw,A10
LA_E_9031616,0,pstn,bonafide
LA_E_9032210,1,ulaw,A17
LA_E_9032601,1,opus,A19
LA_E_9033119,1,ulaw,A18
LA_E_9033589,0,none,bonafide
LA_E_9033642,1,gsm,A13
LA_E_9033862,1,g722,A14
LA_E_9033873,1,g722,A08
LA_E_9034138,1,pstn,A19
LA_E_9034222,1,ulaw,A17
LA_E_9034585,1,alaw,A07
LA_E_9034790,1,ulaw,A18
LA_E_9035287,1,pstn,A12
LA_E_9035337,1,alaw,A14
LA_E_9035877,1,g722,A08
LA_E_9036123,1,gsm,A09
LA_E_9036654,1,pstn,A12
LA_E_9037012,1,alaw,A10
LA_E_9037465,1,none,A18
LA_E_9037708,1,pstn,A17
LA_E_9037873,1,ulaw,A08
LA_E_9037918,1,alaw,A10
LA_E_9038379,1,none,A09
LA_E_9038641,1,none,A12
LA_E_9038891,1,alaw,A11
LA_E_9039119,1,pstn,A10
LA_E_9039317,1,gsm,A07
LA_E_9039946,1,ulaw,A19
LA_E_9040373,1,gsm,A17
LA_E_9040435,1,pstn,A19
LA_E_9040969,1,none,A15
LA_E_9041334,0,opus,bonafide
LA_E_9041553,1,opus,A12
LA_E_9041727,1,pstn,A16
LA_E_9041760,1,gsm,A12
LA_E_9042269,1,g722,A14
LA_E_9042371,1,none,A13
LA_E_9042456,1,gsm,A17
LA_E_9042614,1,ulaw,A08
LA_E_9042645,1,gsm,A10
LA_E_9042953,0,ulaw,bonafide
LA_E_9043086,1,none,A07
LA_E_9043380,1,gsm,A08
LA_E_9043949,1,none,A15
LA_E_9044010,1,gsm,A14
LA_E_9044204,1,ulaw,A18
LA_E_9044637,1,opus,A14
LA_E_9044888,1,pstn,A15
LA_E_9044933,0,alaw,bonafide
LA_E_9045169,1,opus,A11
LA_E_9045605,0,pstn,bonafide
LA_E_9045657,1,ulaw,A13
LA_E_9045785,0,none,bonafide
LA_E_9046154,1,pstn,A12
LA_E_9047082,1,ulaw,A18
LA_E_9047955,1,pstn,A14
LA_E_9048677,1,pstn,A19
LA_E_9048784,1,alaw,A09
LA_E_9048792,1,pstn,A09
LA_E_9049025,0,alaw,bonafide
LA_E_9049145,1,alaw,A11
LA_E_9049556,1,ulaw,A16
LA_E_9049928,1,alaw,A11
LA_E_9050157,1,opus,A17
LA_E_9050595,1,ulaw,A10
LA_E_9051995,1,opus,A19
LA_E_9052503,1,opus,A12
LA_E_9052727,1,ulaw,A15
LA_E_9053481,0,opus,bonafide
LA_E_9053579,1,none,A19
LA_E_9053801,1,pstn,A16
LA_E_9054148,1,ulaw,A09
LA_E_9054210,1,g722,A09
LA_E_9054630,1,g722,A14
LA_E_9054910,1,opus,A08
LA_E_9055018,1,g722,A08
LA_E_9055188,1,pstn,A11
LA_E_9055406,1,alaw,A15
LA_E_9055797,1,g722,A16
LA_E_9056085,1,gsm,A07
LA_E_9056185,1,pstn,A18
LA_E_9057128,1,ulaw,A09
LA_E_9057659,1,g722,A15
LA_E_9057667,1,opus,A11
LA_E_9057719,0,gsm,bonafide
LA_E_9057816,1,alaw,A09
LA_E_9058010,1,gsm,A07
LA_E_9058026,1,gsm,A08
LA_E_9058326,1,none,A17
LA_E_9058554,1,alaw,A16
LA_E_9058799,1,opus,A10
LA_E_9059574,0,g722,bonafide
LA_E_9059662,1,gsm,A15
LA_E_9059830,1,g722,A10
LA_E_9060464,1,g722,A13
LA_E_9060525,1,alaw,A15
LA_E_9060808,1,pstn,A15
LA_E_9060897,1,opus,A16
LA_E_9061551,1,pstn,A11
LA_E_9061828,1,ulaw,A10
LA_E_9062149,1,opus,A11
LA_E_9062654,0,g722,bonafide
LA_E_9062824,1,pstn,A08
LA_E_9062910,1,opus,A10
LA_E_9062963,0,opus,bonafide
LA_E_9063355,1,gsm,A12
LA_E_9063501,1,ulaw,A08
LA_E_9063902,1,pstn,A11
LA_E_9064385,1,pstn,A19
LA_E_9064765,1,opus,A09
LA_E_9065724,1,gsm,A11
LA_E_9065738,1,pstn,A16
LA_E_9065800,1,none,A09
LA_E_9065985,1,none,A09
LA_E_9066686,1,opus,A17
LA_E_9066922,1,none,A18
LA_E_9067149,1,ulaw,A14
LA_E_9067304,1,alaw,A15
LA_E_9067425,1,pstn,A10
LA_E_9067505,1,pstn,A10
LA_E_9067623,1,pstn,A17
LA_E_9067712,1,opus,A13
LA_E_9067721,1,pstn,A18
LA_E_9067834,1,none,A16
LA_E_9067988,0,gsm,bonafide
LA_E_9068048,1,none,A15
LA_E_9068112,1,none,A08
LA_E_9068136,1,gsm,A18
LA_E_9068482,1,alaw,A15
LA_E_9068547,1,gsm,A15
LA_E_9068553,1,none,A14
LA_E_9069136,1,none,A16
LA_E_9069233,1,ulaw,A15
LA_E_9069417,1,ulaw,A14
LA_E_9069629,1,ulaw,A15
LA_E_9069813,1,none,A11
LA_E_9069963,1,opus,A09
LA_E_9070163,1,opus,A19
LA_E_9070361,1,gsm,A09
LA_E_9071059,1,gsm,A18
LA_E_9071203,1,none,A19
LA_E_9071267,1,alaw,A17
LA_E_9071850,1,gsm,A11
LA_E_9072016,1,alaw,A19
LA_E_9072022,1,alaw,A07
LA_E_9072050,1,pstn,A09
LA_E_9072841,0,opus,bonafide
LA_E_9072947,1,ulaw,A12
LA_E_9073607,1,alaw,A11
LA_E_9074212,0,opus,bonafide
LA_E_9074385,1,none,A13
LA_E_9074626,1,ulaw,A12
LA_E_9074965,1,alaw,A09
LA_E_9075127,1,g722,A07
LA_E_9075297,1,ulaw,A13
LA_E_9075564,1,pstn,A11
LA_E_9075577,1,g722,A11
LA_E_9076155,1,gsm,A19
LA_E_9076288,1,opus,A10
LA_E_9076792,1,none,A07
LA_E_9076864,1,ulaw,A08
LA_E_9077000,1,gsm,A14
LA_E_9077118,1,gsm,A10
LA_E_9077170,1,gsm,A15
LA_E_9077191,1,gsm,A10
LA_E_9077306,1,ulaw,A16
LA_E_9078297,1,alaw,A19
LA_E_9078459,1,ulaw,A16
LA_E_9078813,1,opus,A17
LA_E_9079054,1,gsm,A16
LA_E_9079234,0,ulaw,bonafide
LA_E_9079928,1,g722,A12
LA_E_9080354,1,ulaw,A19
LA_E_9080370,1,g722,A08
LA_E_9080601,1,alaw,A18
LA_E_9080775,1,gsm,A10
LA_E_9080854,1,opus,A13
LA_E_9080904,1,none,A16
LA_E_9081412,1,ulaw,A15
LA_E_9081419,1,gsm,A17
LA_E_9082674,1,ulaw,A10
LA_E_9082679,1,g722,A16
LA_E_9082801,1,pstn,A19
LA_E_9082843,1,alaw,A18
LA_E_9083052,0,none,bonafide
LA_E_9083377,0,gsm,bonafide
LA_E_9083675,1,none,A16
LA_E_9084113,1,gsm,A17
LA_E_9084144,0,opus,bonafide
LA_E_9084366,1,opus,A11
LA_E_9084393,1,gsm,A19
LA_E_9084446,1,opus,A18
LA_E_9084995,1,pstn,A11
LA_E_9086966,1,ulaw,A10
LA_E_9087267,1,gsm,A18
LA_E_9087681,1,g722,A15
LA_E_9088913,1,ulaw,A09
LA_E_9089092,1,opus,A13
LA_E_9089126,1,pstn,A10
LA_E_9089329,0,ulaw,bonafide
LA_E_9089486,1,none,A16
LA_E_9090191,1,gsm,A07
LA_E_9090209,1,none,A14
LA_E_9090311,1,gsm,A13
LA_E_9090478,0,alaw,bonafide
LA_E_9090770,1,pstn,A09
LA_E_9090822,1,pstn,A13
LA_E_9091326,1,g722,A10
LA_E_9091363,0,opus,bonafide
LA_E_9091600,1,pstn,A11
LA_E_9092010,1,pstn,A07
LA_E_9092442,1,g722,A13
LA_E_9092496,1,ulaw,A08
LA_E_9092622,1,alaw,A07
LA_E_9092731,1,gsm,A10
LA_E_9092797,1,opus,A18
LA_E_9092902,1,ulaw,A13
LA_E_9093123,1,gsm,A11
LA_E_9093145,1,pstn,A08
LA_E_9093549,1,pstn,A08
LA_E_9093741,1,none,A15
LA_E_9093802,0,gsm,bonafide
LA_E_9094779,1,alaw,A18
LA_E_9094826,1,gsm,A12
LA_E_9095017,0,pstn,bonafide
LA_E_9095085,1,none,A07
LA_E_9095280,0,g722,bonafide
LA_E_9095641,1,gsm,A17
LA_E_9096164,1,alaw,A07
LA_E_9096222,1,alaw,A14
LA_E_9097043,1,alaw,A15
LA_E_9097264,1,none,A19
LA_E_9097314,1,pstn,A09
LA_E_9097942,1,pstn,A07
LA_E_9097947,1,ulaw,A15
LA_E_9098356,1,opus,A14
LA_E_9098568,1,pstn,A10
LA_E_9099081,1,opus,A08
LA_E_9099192,1,none,A18
LA_E_9100822,1,pstn,A16
LA_E_9100935,1,pstn,A08
LA_E_9100986,1,alaw,A07
LA_E_9100999,1,gsm,A15
LA_E_9101371,1,alaw,A08
LA_E_9101678,1,gsm,A07
LA_E_9102384,1,alaw,A11
LA_E_9102648,1,alaw,A08
LA_E_9102885,1,gsm,A07
LA_E_9103101,1,pstn,A15
LA_E_9103110,1,ulaw,A17
LA_E_9103201,1,gsm,A13
LA_E_9103576,1,alaw,A10
LA_E_9103796,1,ulaw,A13
LA_E_9103949,1,pstn,A14
LA_E_9104624,1,g722,A09
LA_E_9104811,1,none,A16
LA_E_9105133,1,gsm,A19
LA_E_9105330,1,gsm,A08
LA_E_9105368,1,opus,A13
LA_E_9105489,1,ulaw,A12
LA_E_9105748,1,ulaw,A14
LA_E_9105820,1,none,A07
LA_E_9105954,1,g722,A14
LA_E_9106363,1,pstn,A17
LA_E_9107025,1,gsm,A09
LA_E_9107371,1,gsm,A11
LA_E_9108530,1,ulaw,A10
LA_E_9108741,1,ulaw,A13
LA_E_9108963,1,pstn,A12
LA_E_9109288,1,gsm,A15
LA_E_9109504,1,pstn,A09
LA_E_9109625,1,pstn,A19
LA_E_9109767,1,g722,A12
LA_E_9110203,1,alaw,A09
LA_E_9110381,0,g722,bonafide
LA_E_9110654,1,opus,A15
LA_E_9111020,1,ulaw,A19
LA_E_9111237,1,alaw,A19
LA_E_9111793,1,opus,A17
LA_E_9111857,1,gsm,A09
LA_E_9111859,1,gsm,A11
LA_E_9111955,1,alaw,A13
LA_E_9113339,1,alaw,A13
LA_E_9113376,1,gsm,A12
LA_E_9113543,1,gsm,A08
LA_E_9114281,1,none,A11
LA_E_9114720,1,alaw,A07
LA_E_9114729,1,none,A19
LA_E_9115003,1,opus,A07
LA_E_9115266,1,none,A10
LA_E_9115312,1,gsm,A12
LA_E_9115568,1,alaw,A07
LA_E_9115859,1,pstn,A17
LA_E_9115905,1,gsm,A14
LA_E_9116242,1,alaw,A09
LA_E_9116338,0,opus,bonafide
LA_E_9116524,1,alaw,A10
LA_E_9116629,1,ulaw,A09
LA_E_9116853,1,none,A09
LA_E_9116927,1,opus,A16
LA_E_9117239,1,alaw,A18
LA_E_9118018,1,alaw,A12
LA_E_9118426,1,ulaw,A11
LA_E_9118668,1,alaw,A16
LA_E_9119270,1,gsm,A14
LA_E_9119512,1,g722,A07
LA_E_9119776,0,none,bonafide
LA_E_9119889,1,pstn,A19
LA_E_9119908,1,pstn,A08
LA_E_9120107,1,g722,A19
LA_E_9120186,1,opus,A19
LA_E_9120500,1,alaw,A15
LA_E_9120561,1,opus,A08
LA_E_9120731,1,ulaw,A08
LA_E_9121005,1,opus,A16
LA_E_9121195,1,ulaw,A19
LA_E_9121706,0,ulaw,bonafide
LA_E_9121943,1,opus,A07
LA_E_9122041,1,alaw,A17
LA_E_9122199,1,pstn,A13
LA_E_9122339,1,none,A12
LA_E_9122428,1,pstn,A18
LA_E_9122478,1,opus,A11
LA_E_9122747,1,pstn,A12
LA_E_9123221,1,alaw,A07
LA_E_9123354,0,opus,bonafide
LA_E_9123574,1,pstn,A11
LA_E_9123850,1,gsm,A09
LA_E_9124317,1,g722,A12
LA_E_9124696,1,gsm,A18
LA_E_9125035,1,gsm,A14
LA_E_9125346,1,ulaw,A10
LA_E_9125491,1,opus,A17
LA_E_9125515,1,g722,A08
LA_E_9126279,1,ulaw,A12
LA_E_9126794,1,none,A07
LA_E_9127205,0,none,bonafide
LA_E_9127658,1,pstn,A08
LA_E_9127924,1,opus,A16
LA_E_9127926,1,ulaw,A16
LA_E_9127942,1,opus,A19
LA_E_9128163,1,none,A12
LA_E_9128538,1,g722,A19
LA_E_9128678,1,gsm,A10
LA_E_9129393,1,ulaw,A17
LA_E_9129861,1,ulaw,A12
LA_E_9130520,1,opus,A13
LA_E_9130554,1,ulaw,A17
LA_E_9130605,1,pstn,A11
LA_E_9131043,1,gsm,A16
LA_E_9131392,1,g722,A16
LA_E_9131784,1,pstn,A14
LA_E_9132359,1,none,A10
LA_E_9132645,0,alaw,bonafide
LA_E_9132675,1,opus,A13
LA_E_9133182,1,ulaw,A09
LA_E_9133386,1,alaw,A14
LA_E_9133524,1,pstn,A17
LA_E_9133973,1,ulaw,A07
LA_E_9134625,1,pstn,A17
LA_E_9134750,1,opus,A16
LA_E_9135460,0,none,bonafide
LA_E_9136711,1,none,A14
LA_E_9136949,0,pstn,bonafide
LA_E_9137073,1,pstn,A19
LA_E_9137298,1,opus,A15
LA_E_9137840,1,ulaw,A10
LA_E_9137879,1,ulaw,A11
LA_E_9138282,1,alaw,A15
LA_E_9138412,1,opus,A13
LA_E_9138611,1,opus,A18
LA_E_9138652,1,none,A10
LA_E_9139073,1,pstn,A09
LA_E_9139074,1,opus,A13
LA_E_9139971,1,pstn,A18
LA_E_9140093,1,alaw,A15
LA_E_9141103,0,g722,bonafide
LA_E_9141534,0,g722,bonafide
LA_E_9141619,1,g722,A12
LA_E_9141718,1,gsm,A17
LA_E_9141914,1,gsm,A16
LA_E_9142544,1,g722,A16
LA_E_9142606,1,none,A12
LA_E_9142666,0,ulaw,bonafide
LA_E_9142814,1,opus,A08
LA_E_9142930,0,gsm,bonafide
LA_E_9143091,1,pstn,A18
LA_E_9143407,1,opus,A09
LA_E_9143779,1,opus,A17
LA_E_9143876,1,g722,A18
LA_E_9144127,1,gsm,A19
LA_E_9144209,1,pstn,A18
LA_E_9144480,0,pstn,bonafide
LA_E_9144793,1,none,A17
LA_E_9145595,1,pstn,A13
LA_E_9147072,0,alaw,bonafide
LA_E_9147521,1,pstn,A14
LA_E_9147704,0,alaw,bonafide
LA_E_9148121,1,ulaw,A11
LA_E_9148225,0,pstn,bonafide
LA_E_9148298,1,pstn,A15
LA_E_9148511,1,gsm,A09
LA_E_9148828,1,opus,A16
LA_E_9149880,1,g722,A15
LA_E_9150386,1,opus,A09
LA_E_9150724,1,gsm,A16
LA_E_9150904,1,none,A18
LA_E_9151073,1,alaw,A09
LA_E_9151281,1,opus,A17
LA_E_9151486,1,ulaw,A19
LA_E_9151500,1,ulaw,A18
LA_E_9151562,0,g722,bonafide
LA_E_9151641,1,gsm,A08
LA_E_9151731,0,opus,bonafide
LA_E_9151757,1,pstn,A09
LA_E_9151937,1,opus,A11
LA_E_9151949,1,gsm,A13
LA_E_9152271,1,gsm,A19
LA_E_9153664,1,g722,A19
LA_E_9154047,1,pstn,A15
LA_E_9154772,1,gsm,A10
LA_E_9155468,1,ulaw,A17
LA_E_9155714,1,opus,A09
LA_E_9155838,1,ulaw,A15
LA_E_9156021,1,pstn,A11
LA_E_9156025,1,ulaw,A07
LA_E_9156320,1,none,A19
LA_E_9156396,1,ulaw,A15
LA_E_9156419,1,opus,A12
LA_E_9156767,1,alaw,A12
LA_E_9156818,1,ulaw,A15
LA_E_9156915,1,pstn,A13
LA_E_9157034,1,opus,A19
LA_E_9157472,1,pstn,A16
LA_E_9158364,1,gsm,A08
LA_E_9159222,1,alaw,A10
LA_E_9160397,1,pstn,A10
LA_E_9160668,1,gsm,A16
LA_E_9160733,0,pstn,bonafide
LA_E_9161215,1,none,A10
LA_E_9161515,1,alaw,A14
LA_E_9162153,1,alaw,A11
LA_E_9162796,1,opus,A09
LA_E_9163064,1,pstn,A12
LA_E_9163095,1,alaw,A08
LA_E_9163496,1,opus,A19
LA_E_9163684,1,g722,A16
LA_E_9163766,1,g722,A07
LA_E_9164290,1,alaw,A13
LA_E_9164649,1,pstn,A08
LA_E_9165467,1,pstn,A18
LA_E_9165593,1,ulaw,A19
LA_E_9165666,1,g722,A13
LA_E_9165749,1,alaw,A13
LA_E_9165862,1,opus,A07
LA_E_9166381,1,opus,A08
LA_E_9166513,1,gsm,A12
LA_E_9166862,1,g722,A11
LA_E_9167218,1,g722,A18
LA_E_9167414,1,g722,A15
LA_E_9168342,1,none,A09
LA_E_9168778,1,g722,A18
LA_E_9168815,1,none,A19
LA_E_9169061,1,none,A09
LA_E_9169387,1,pstn,A13
LA_E_9169918,1,none,A17
LA_E_9169956,1,none,A13
LA_E_9170210,1,gsm,A17
LA_E_9170538,1,g722,A08
LA_E_9170926,1,opus,A09
LA_E_9171169,1,opus,A17
LA_E_9171256,0,g722,bonafide
LA_E_9171269,1,none,A10
LA_E_9171741,1,gsm,A12
LA_E_9172055,0,g722,bonafide
LA_E_9172181,1,opus,A13
LA_E_9172669,0,opus,bonafide
LA_E_9172851,1,gsm,A08
LA_E_9172955,1,none,A09
LA_E_9173123,1,none,A19
LA_E_9173390,1,gsm,A07
LA_E_9173648,1,pstn,A08
LA_E_9174021,1,ulaw,A16
LA_E_9174413,1,gsm,A09
LA_E_9174661,1,ulaw,A10
LA_E_9175460,1,gsm,A16
LA_E_9175768,1,pstn,A16
LA_E_9176205,1,none,A07
LA_E_9176528,1,ulaw,A14
LA_E_9176897,1,none,A18
LA_E_9176911,1,none,A09
LA_E_9177035,1,opus,A15
LA_E_9177099,0,pstn,bonafide
LA_E_9177105,0,opus,bonafide
LA_E_9177253,1,alaw,A13
LA_E_9177449,1,alaw,A15
LA_E_9177524,1,opus,A07
LA_E_9177574,1,gsm,A07
LA_E_9177789,1,gsm,A08
LA_E_9177791,1,gsm,A10
LA_E_9178473,1,gsm,A12
LA_E_9179556,1,gsm,A14
LA_E_9180279,1,gsm,A15
LA_E_9180315,1,none,A12
LA_E_9180527,1,alaw,A10
LA_E_9180529,1,g722,A18
LA_E_9182620,0,opus,bonafide
LA_E_9182901,1,gsm,A12
LA_E_9183181,1,alaw,A13
LA_E_9183385,1,gsm,A19
LA_E_9184084,1,alaw,A16
LA_E_9184299,1,alaw,A07
LA_E_9185176,1,alaw,A16
LA_E_9185594,0,ulaw,bonafide
LA_E_9185815,0,none,bonafide
LA_E_9186046,1,ulaw,A07
LA_E_9186210,0,alaw,bonafide
LA_E_9186338,1,none,A08
LA_E_9186392,0,gsm,bonafide
LA_E_9186591,1,g722,A15
LA_E_9186677,1,pstn,A07
LA_E_9186842,1,alaw,A09
LA_E_9186903,0,none,bonafide
LA_E_9187017,1,g722,A14
LA_E_9187096,1,none,A07
LA_E_9187336,1,pstn,A19
LA_E_9187716,1,pstn,A12
LA_E_9187843,1,opus,A15
LA_E_9187893,1,ulaw,A08
LA_E_9188970,1,pstn,A14
LA_E_9189245,1,alaw,A18
LA_E_9189523,1,pstn,A11
LA_E_9189757,1,alaw,A12
LA_E_9190181,1,pstn,A17
LA_E_9190534,1,none,A19
LA_E_9190590,1,opus,A09
LA_E_9190701,1,ulaw,A17
LA_E_9191692,1,opus,A19
LA_E_9191967,1,ulaw,A18
LA_E_9192593,1,pstn,A12
LA_E_9192862,1,gsm,A15
LA_E_9193011,1,pstn,A16
LA_E_9193055,1,g722,A19
LA_E_9193261,1,ulaw,A19
LA_E_9193427,0,ulaw,bonafide
LA_E_9193504,1,alaw,A11
LA_E_9193775,1,g722,A09
LA_E_9193804,1,ulaw,A16
LA_E_9193974,1,none,A11
LA_E_9194055,1,pstn,A09
LA_E_9194803,0,ulaw,bonafide
LA_E_9194886,1,ulaw,A08
LA_E_9195762,0,g722,bonafide
LA_E_9195954,1,opus,A11
LA_E_9196077,1,pstn,A08
LA_E_9196188,1,gsm,A13
LA_E_9196386,1,gsm,A17
LA_E_9196604,1,ulaw,A14
LA_E_9196637,1,ulaw,A14
LA_E_9196948,1,opus,A07
LA_E_9197086,0,g722,bonafide
LA_E_9197528,1,opus,A19
LA_E_9198136,0,alaw,bonafide
LA_E_9198469,1,g722,A13
LA_E_9198790,1,g722,A19
LA_E_9198795,1,ulaw,A08
LA_E_9199188,1,opus,A18
LA_E_9199593,1,gsm,A17
LA_E_9199820,1,none,A10
LA_E_9200034,1,pstn,A14
LA_E_9200316,1,opus,A13
LA_E_9200561,1,ulaw,A10
LA_E_9200627,1,alaw,A12
LA_E_9200715,1,ulaw,A15
LA_E_9201323,1,none,A18
LA_E_9201443,1,none,A07
LA_E_9201523,1,g722,A14
LA_E_9201556,1,none,A08
LA_E_9201564,1,none,A17
LA_E_9201787,0,g722,bonafide
LA_E_9202089,0,alaw,bonafide
LA_E_9202467,1,none,A19
LA_E_9202627,0,gsm,bonafide
LA_E_9202648,1,opus,A13
LA_E_9202725,1,ulaw,A17
LA_E_9202791,1,g722,A17
LA_E_9202848,1,none,A18
LA_E_9202919,1,pstn,A14
LA_E_9202931,0,none,bonafide
LA_E_9203334,1,opus,A08
LA_E_9203627,1,opus,A16
LA_E_9204033,1,alaw,A10
LA_E_9204400,1,opus,A13
LA_E_9204685,1,g722,A15
LA_E_9204934,1,pstn,A16
LA_E_9205459,1,pstn,A11
LA_E_9206480,1,none,A17
LA_E_9207071,1,opus,A13
LA_E_9207415,1,gsm,A09
LA_E_9207863,1,alaw,A08
LA_E_9207871,1,alaw,A19
LA_E_9207933,1,none,A14
LA_E_9208318,1,pstn,A14
LA_E_9208598,1,gsm,A18
LA_E_9208985,1,none,A13
LA_E_9209304,1,opus,A12
LA_E_9209457,1,g722,A10
LA_E_9209657,1,alaw,A17
LA_E_9209816,1,gsm,A19
LA_E_9210840,1,opus,A07
LA_E_9211320,1,alaw,A10
LA_E_9211454,1,none,A15
LA_E_9212205,1,pstn,A19
LA_E_9212241,0,alaw,bonafide
LA_E_9212277,1,opus,A17
LA_E_9212428,1,alaw,A15
LA_E_9212445,1,ulaw,A19
LA_E_9212676,1,pstn,A12
LA_E_9213052,1,none,A12
LA_E_9213300,1,alaw,A14
LA_E_9214180,1,none,A07
LA_E_9214290,1,g722,A11
LA_E_9214761,1,gsm,A11
LA_E_9215388,1,ulaw,A19
LA_E_9216369,1,ulaw,A12
LA_E_9216487,1,gsm,A19
LA_E_9216719,1,opus,A07
LA_E_9216834,1,g722,A09
LA_E_9216940,1,none,A08
LA_E_9217073,1,ulaw,A19
LA_E_9217517,1,g722,A14
LA_E_9217568,1,pstn,A12
LA_E_9217735,1,alaw,A12
LA_E_9217885,1,gsm,A19
LA_E_9218172,1,ulaw,A10
LA_E_9218519,1,gsm,A15
LA_E_9219412,1,alaw,A07
LA_E_9219606,1,pstn,A10
LA_E_9219753,1,g722,A10
LA_E_9219915,1,opus,A09
LA_E_9219986,1,none,A13
LA_E_9220130,1,alaw,A08
LA_E_9220335,1,ulaw,A10
LA_E_9220594,1,alaw,A14
LA_E_9220837,1,gsm,A16
LA_E_9220950,1,ulaw,A11
LA_E_9221035,1,none,A16
LA_E_9221312,1,none,A07
LA_E_9221634,1,none,A19
LA_E_9221658,1,alaw,A10
LA_E_9221740,1,g722,A17
LA_E_9222196,1,g722,A11
LA_E_9222680,1,pstn,A11
LA_E_9222838,1,gsm,A11
LA_E_9222867,1,gsm,A10
LA_E_9223026,1,alaw,A16
LA_E_9223205,1,ulaw,A07
LA_E_9223250,1,alaw,A15
LA_E_9223487,1,pstn,A15
LA_E_9223530,1,gsm,A08
LA_E_9223547,1,g722,A13
LA_E_9223964,1,alaw,A12
LA_E_9224140,1,opus,A09
LA_E_9224186,1,g722,A11
LA_E_9224349,1,ulaw,A15
LA_E_9224740,1,alaw,A13
LA_E_9224945,1,g722,A15
LA_E_9224956,1,pstn,A10
LA_E_9224997,1,alaw,A10
LA_E_9225038,1,none,A09
LA_E_9225242,1,gsm,A19
LA_E_9225249,1,ulaw,A17
LA_E_9225406,0,pstn,bonafide
LA_E_9225575,0,g722,bonafide
LA_E_9225578,1,opus,A14
LA_E_9225636,1,g722,A15
LA_E_9225725,1,alaw,A08
LA_E_9225788,1,ulaw,A09
LA_E_9226013,1,ulaw,A17
LA_E_9226049,1,opus,A16
LA_E_9226231,1,opus,A08
LA_E_9226714,1,ulaw,A13
LA_E_9227064,1,gsm,A15
LA_E_9227113,1,opus,A11
LA_E_9227868,1,none,A14
LA_E_9228000,1,ulaw,A11
LA_E_9228289,1,ulaw,A11
LA_E_9228310,0,ulaw,bonafide
LA_E_9228331,1,opus,A19
LA_E_9229128,1,alaw,A14
LA_E_9229159,1,opus,A09
LA_E_9229680,0,ulaw,bonafide
LA_E_9229950,1,none,A07
LA_E_9230336,1,none,A11
LA_E_9230420,1,none,A17
LA_E_9231405,1,alaw,A12
LA_E_9231480,1,ulaw,A11
LA_E_9232061,1,none,A14
LA_E_9232217,1,opus,A10
LA_E_9232350,1,none,A08
LA_E_9232609,1,alaw,A11
LA_E_9232791,1,g722,A08
LA_E_9233167,1,gsm,A07
LA_E_9233220,1,none,A10
LA_E_9233240,1,pstn,A09
LA_E_9234374,1,ulaw,A15
LA_E_9234571,1,none,A15
LA_E_9234572,1,opus,A13
LA_E_9234576,1,none,A18
LA_E_9234736,1,g722,A09
LA_E_9234788,0,gsm,bonafide
LA_E_9235431,1,none,A07
LA_E_9235845,1,ulaw,A12
LA_E_9236189,1,alaw,A13
LA_E_9236199,1,gsm,A09
LA_E_9236338,1,alaw,A09
LA_E_9236841,1,opus,A12
LA_E_9236844,1,pstn,A11
LA_E_9237253,1,ulaw,A09
LA_E_9237345,1,ulaw,A13
LA_E_9237543,1,gsm,A10
LA_E_9237880,1,opus,A17
LA_E_9238117,1,none,A12
LA_E_9238169,1,g722,A10
LA_E_9238358,1,g722,A09
LA_E_9238688,1,none,A17
LA_E_9238942,1,alaw,A08
LA_E_9239195,1,opus,A11
LA_E_9239578,1,alaw,A10
LA_E_9239664,1,g722,A10
LA_E_9239715,1,alaw,A19
LA_E_9240285,1,opus,A10
LA_E_9240423,1,alaw,A17
LA_E_9240554,1,opus,A09
LA_E_9240655,1,gsm,A13
LA_E_9241138,1,alaw,A10
LA_E_9241779,1,opus,A09
LA_E_9244033,1,g722,A19
LA_E_9244047,0,gsm,bonafide
LA_E_9244127,1,alaw,A16
LA_E_9244216,1,pstn,A13
LA_E_9244581,0,none,bonafide
LA_E_9245181,1,pstn,A13
LA_E_9245741,1,ulaw,A10
LA_E_9245815,1,alaw,A07
LA_E_9245918,0,ulaw,bonafide
LA_E_9245949,1,none,A12
LA_E_9246290,1,ulaw,A19
LA_E_9246298,1,pstn,A17
LA_E_9246383,1,pstn,A16
LA_E_9247540,1,opus,A12
LA_E_9247549,1,g722,A18
LA_E_9247626,1,opus,A14
LA_E_9247789,1,none,A16
LA_E_9247857,1,opus,A10
LA_E_9248024,1,alaw,A19
LA_E_9248230,1,ulaw,A10
LA_E_9248437,1,gsm,A19
LA_E_9248656,1,ulaw,A16
LA_E_9248910,1,none,A16
LA_E_9249167,1,g722,A17
LA_E_9249243,1,alaw,A18
LA_E_9250854,1,opus,A17
LA_E_9251633,1,none,A15
LA_E_9251665,1,alaw,A14
LA_E_9251685,1,gsm,A19
LA_E_9251925,1,gsm,A07
LA_E_9252079,0,ulaw,bonafide
LA_E_9253164,1,opus,A19
LA_E_9253621,1,alaw,A10
LA_E_9253808,1,gsm,A08
LA_E_9254978,1,gsm,A17
LA_E_9255069,1,none,A19
LA_E_9255077,1,none,A19
LA_E_9255446,1,none,A13
LA_E_9255916,1,ulaw,A16
LA_E_9256325,1,none,A14
LA_E_9256385,1,g722,A10
LA_E_9256485,1,opus,A11
LA_E_9256715,1,alaw,A19
LA_E_9256861,1,g722,A19
LA_E_9257058,1,ulaw,A10
LA_E_9257156,0,gsm,bonafide
LA_E_9257306,1,ulaw,A17
LA_E_9257742,1,pstn,A10
LA_E_9258250,1,g722,A13
LA_E_9258592,1,gsm,A13
LA_E_9258620,1,gsm,A10
LA_E_9258650,1,alaw,A12
LA_E_9258678,1,pstn,A10
LA_E_9258717,1,pstn,A18
LA_E_9258985,1,ulaw,A15
LA_E_9259393,1,pstn,A19
LA_E_9259586,1,gsm,A14
LA_E_9259709,1,ulaw,A07
LA_E_9259991,1,ulaw,A14
LA_E_9260128,1,gsm,A14
LA_E_9260668,1,ulaw,A16
LA_E_9260854,1,gsm,A13
LA_E_9260889,1,alaw,A16
LA_E_9261097,0,none,bonafide
LA_E_9261441,1,none,A16
LA_E_9262016,1,g722,A08
LA_E_9262064,1,opus,A17
LA_E_9262322,1,none,A10
LA_E_9262387,1,g722,A19
LA_E_9262397,1,opus,A08
LA_E_9262459,1,ulaw,A08
LA_E_9262513,1,opus,A16
LA_E_9262717,1,opus,A08
LA_E_9262807,1,g722,A15
LA_E_9262918,1,none,A15
LA_E_9263505,1,g722,A18
LA_E_9263510,1,pstn,A19
LA_E_9263627,1,ulaw,A11
LA_E_9265147,1,opus,A13
LA_E_9265257,1,ulaw,A16
LA_E_9265476,1,gsm,A10
LA_E_9265571,1,opus,A13
LA_E_9266068,1,ulaw,A14
LA_E_9266074,1,alaw,A13
LA_E_9266695,1,pstn,A17
LA_E_9266840,1,gsm,A15
LA_E_9267616,1,alaw,A09
LA_E_9268108,1,gsm,A14
LA_E_9268218,1,none,A17
LA_E_9268585,1,g722,A13
LA_E_9268609,1,ulaw,A14
LA_E_9268611,1,gsm,A10
LA_E_9268884,1,pstn,A19
LA_E_9269258,1,alaw,A09
LA_E_9269272,1,opus,A16
LA_E_9269424,1,gsm,A19
LA_E_9269558,1,ulaw,A12
LA_E_9269559,1,g722,A11
LA_E_9271087,1,g722,A17
LA_E_9271218,1,g722,A19
LA_E_9272200,1,opus,A13
LA_E_9272282,1,opus,A17
LA_E_9272490,1,none,A15
LA_E_9272905,1,gsm,A17
LA_E_9273099,1,ulaw,A16
LA_E_9273430,1,pstn,A08
LA_E_9273434,1,opus,A17
LA_E_9274301,1,opus,A17
LA_E_9274367,1,g722,A16
LA_E_9275234,1,alaw,A11
LA_E_9275504,1,ulaw,A17
LA_E_9275704,1,gsm,A14
LA_E_9276312,1,ulaw,A16
LA_E_9276510,1,gsm,A13
LA_E_9276819,1,alaw,A12
LA_E_9276957,1,gsm,A08
LA_E_9277055,1,ulaw,A08
LA_E_9277453,1,alaw,A07
LA_E_9277803,1,ulaw,A12
LA_E_9278159,1,opus,A09
LA_E_9278727,1,g722,A12
LA_E_9278775,1,alaw,A18
LA_E_9279078,0,none,bonafide
LA_E_9279237,1,alaw,A17
LA_E_9279304,1,ulaw,A16
LA_E_9279598,1,opus,A07
LA_E_9279842,1,pstn,A11
LA_E_9279995,1,ulaw,A07
LA_E_9280083,1,pstn,A18
LA_E_9280419,1,gsm,A10
LA_E_9281186,1,none,A10
LA_E_9281526,1,opus,A11
LA_E_9281706,1,none,A15
LA_E_9282262,0,gsm,bonafide
LA_E_9282762,1,opus,A15
LA_E_9283012,1,g722,A17
LA_E_9283372,1,ulaw,A12
LA_E_9283465,1,g722,A12
LA_E_9283614,1,g722,A07
LA_E_9284432,1,ulaw,A08
LA_E_9284765,1,alaw,A19
LA_E_9284784,1,g722,A19
LA_E_9285177,0,gsm,bonafide
LA_E_9285634,1,none,A08
LA_E_9286024,1,alaw,A08
LA_E_9286363,1,ulaw,A11
LA_E_9286469,1,g722,A18
LA_E_9286850,1,opus,A19
LA_E_9287322,1,opus,A13
LA_E_9287792,0,g722,bonafide
LA_E_9287845,1,ulaw,A14
LA_E_9288136,1,opus,A13
LA_E_9288195,1,pstn,A07
LA_E_9289339,1,ulaw,A19
LA_E_9289817,1,g722,A18
LA_E_9289843,0,none,bonafide
LA_E_9289985,1,alaw,A16
LA_E_9290032,1,g722,A11
LA_E_9290263,1,gsm,A14
LA_E_9290386,1,g722,A10
LA_E_9290510,1,ulaw,A12
LA_E_9290561,1,none,A15
LA_E_9290821,1,ulaw,A16
LA_E_9291086,1,opus,A14
LA_E_9291588,1,none,A07
LA_E_9291777,1,alaw,A07
LA_E_9291943,1,opus,A11
LA_E_9292379,1,gsm,A19
LA_E_9292909,1,gsm,A15
LA_E_9293089,1,ulaw,A08
LA_E_9293205,1,pstn,A14
LA_E_9293604,1,none,A16
LA_E_9293833,1,pstn,A09
LA_E_9294182,1,gsm,A16
LA_E_9294372,1,gsm,A19
LA_E_9294438,1,gsm,A15
LA_E_9294526,1,g722,A10
LA_E_9294768,1,ulaw,A19
LA_E_9295409,1,gsm,A08
LA_E_9295828,1,none,A10
LA_E_9295978,1,alaw,A18
LA_E_9296001,1,none,A12
LA_E_9296167,1,none,A13
LA_E_9296413,1,ulaw,A18
LA_E_9296656,1,ulaw,A11
LA_E_9296714,1,none,A17
LA_E_9296950,1,alaw,A16
LA_E_9297315,1,none,A18
LA_E_9297503,1,g722,A08
LA_E_9297563,1,ulaw,A18
LA_E_9297650,1,ulaw,A18
LA_E_9297689,1,g722,A18
LA_E_9297812,1,none,A18
LA_E_9298116,1,pstn,A14
LA_E_9298219,1,g722,A15
LA_E_9298405,1,ulaw,A08
LA_E_9298488,1,alaw,A17
LA_E_9298687,1,opus,A18
LA_E_9298813,1,gsm,A13
LA_E_9298965,1,alaw,A11
LA_E_9299354,1,none,A09
LA_E_9299452,1,pstn,A13
LA_E_9299616,1,opus,A11
LA_E_9299992,1,g722,A16
LA_E_9300017,1,pstn,A14
LA_E_9300242,1,pstn,A11
LA_E_9300442,1,gsm,A12
LA_E_9300835,1,gsm,A07
LA_E_9301031,1,g722,A09
LA_E_9301316,1,pstn,A16
LA_E_9301406,1,none,A17
LA_E_9301680,1,g722,A08
LA_E_9302029,1,alaw,A09
LA_E_9302243,1,ulaw,A17
LA_E_9302506,1,opus,A16
LA_E_9302715,0,gsm,bonafide
LA_E_9302895,1,gsm,A15
LA_E_9303189,1,pstn,A15
LA_E_9303265,1,pstn,A11
LA_E_9303416,1,alaw,A10
LA_E_9304544,1,ulaw,A17
LA_E_9304624,1,alaw,A15
LA_E_9304695,1,alaw,A10
LA_E_9304723,1,gsm,A13
LA_E_9305485,1,ulaw,A08
LA_E_9306035,1,pstn,A16
LA_E_9306231,1,alaw,A08
LA_E_9306305,1,pstn,A09
LA_E_9306417,1,opus,A16
LA_E_9307089,1,ulaw,A10
LA_E_9307345,1,ulaw,A11
LA_E_9307936,1,opus,A09
LA_E_9308210,1,g722,A15
LA_E_9308518,1,opus,A08
LA_E_9309628,0,pstn,bonafide
LA_E_9309927,1,g722,A14
LA_E_9310031,1,gsm,A18
LA_E_9310519,1,g722,A13
LA_E_9310980,1,opus,A15
LA_E_9311460,1,ulaw,A12
LA_E_9312097,1,gsm,A15
LA_E_9312110,1,gsm,A14
LA_E_9312121,0,none,bonafide
LA_E_9313227,1,alaw,A14
LA_E_9313325,0,opus,bonafide
LA_E_9313653,1,ulaw,A15
LA_E_9313672,1,opus,A19
LA_E_9314234,0,none,bonafide
LA_E_9314439,1,opus,A18
LA_E_9314481,1,gsm,A19
LA_E_9314820,1,none,A13
LA_E_9315712,1,ulaw,A14
LA_E_9315894,1,ulaw,A17
LA_E_9316062,1,pstn,A09
LA_E_9316102,1,g722,A14
LA_E_9316143,0,none,bonafide
LA_E_9316156,1,alaw,A13
LA_E_9316192,1,none,A11
LA_E_9316419,1,pstn,A15
LA_E_9316797,1,none,A07
LA_E_9317547,0,g722,bonafide
LA_E_9317605,0,opus,bonafide
LA_E_9318087,1,none,A07
LA_E_9318156,1,pstn,A13
LA_E_9318234,1,none,A11
LA_E_9318250,1,ulaw,A14
LA_E_9318285,0,alaw,bonafide
LA_E_9318518,1,g722,A16
LA_E_9318541,1,none,A19
LA_E_9318848,1,ulaw,A18
LA_E_9319051,1,pstn,A08
LA_E_9319204,1,pstn,A07
LA_E_9319315,1,g722,A15
LA_E_9319946,1,g722,A12
LA_E_9321875,1,ulaw,A19
LA_E_9322023,1,alaw,A13
LA_E_9322117,1,opus,A14
LA_E_9322258,1,gsm,A19
LA_E_9322914,1,alaw,A15
LA_E_9323456,1,gsm,A16
LA_E_9323578,1,alaw,A07
LA_E_9324230,1,gsm,A07
LA_E_9324282,1,gsm,A07
LA_E_9324691,1,none,A10
LA_E_9324907,1,g722,A11
LA_E_9324986,0,g722,bonafide
LA_E_9325252,1,pstn,A18
LA_E_9325322,1,pstn,A13
LA_E_9325394,1,opus,A11
LA_E_9325711,1,gsm,A13
LA_E_9325818,1,gsm,A16
LA_E_9325953,1,alaw,A19
LA_E_9326007,1,alaw,A12
LA_E_9326675,1,gsm,A12
LA_E_9327400,1,opus,A10
LA_E_9327563,1,pstn,A08
LA_E_9328060,1,pstn,A19
LA_E_9328213,1,opus,A18
LA_E_9328346,1,gsm,A12
LA_E_9328661,1,pstn,A10
LA_E_9328739,0,gsm,bonafide
LA_E_9328896,1,pstn,A07
LA_E_9329124,1,opus,A16
LA_E_9329429,1,none,A18
LA_E_9329604,1,gsm,A08
LA_E_9329948,1,ulaw,A17
LA_E_9330339,1,gsm,A10
LA_E_9330367,1,gsm,A17
LA_E_9331034,1,pstn,A11
LA_E_9331374,1,pstn,A18
LA_E_9331434,1,alaw,A17
LA_E_9331643,1,gsm,A18
LA_E_9331746,1,opus,A14
LA_E_9332210,1,g722,A10
LA_E_9332293,1,alaw,A18
LA_E_9332325,0,pstn,bonafide
LA_E_9332881,1,alaw,A07
LA_E_9333124,0,pstn,bonafide
LA_E_9333131,1,none,A14
LA_E_9333179,1,none,A07
LA_E_9333638,1,none,A15
LA_E_9334195,1,alaw,A18
LA_E_9334208,1,none,A09
LA_E_9334317,1,pstn,A15
LA_E_9334654,1,opus,A13
LA_E_9334698,1,gsm,A10
LA_E_9334973,1,pstn,A16
LA_E_9335550,1,none,A11
LA_E_9335874,1,none,A15
LA_E_9336056,1,ulaw,A09
LA_E_9336186,1,gsm,A12
LA_E_9336947,1,g722,A17
LA_E_9337032,1,none,A10
LA_E_9337318,1,gsm,A08
LA_E_9337372,0,pstn,bonafide
LA_E_9337428,1,none,A07
LA_E_9337456,1,g722,A15
LA_E_9337564,1,g722,A08
LA_E_9337669,1,none,A13
LA_E_9338052,1,alaw,A15
LA_E_9338065,1,none,A08
LA_E_9338255,1,alaw,A13
LA_E_9338296,1,none,A12
LA_E_9338483,1,none,A08
LA_E_9338552,1,g722,A17
LA_E_9338567,1,alaw,A11
LA_E_9339219,1,gsm,A07
LA_E_9339537,1,alaw,A07
LA_E_9339584,1,none,A19
LA_E_9339585,1,gsm,A14
LA_E_9340078,1,opus,A19
LA_E_9340229,1,g722,A15
LA_E_9340527,1,none,A13
LA_E_9340906,1,pstn,A19
LA_E_9340962,0,none,bonafide
LA_E_9341170,1,none,A14
LA_E_9341330,0,opus,bonafide
LA_E_9341431,1,alaw,A07
LA_E_9341490,1,opus,A11
LA_E_9341619,0,alaw,bonafide
LA_E_9341808,1,gsm,A07
LA_E_9342077,1,g722,A15
LA_E_9342239,0,pstn,bonafide
LA_E_9342459,1,none,A13
LA_E_9342484,1,none,A16
LA_E_9343042,1,ulaw,A15
LA_E_9343718,1,gsm,A19
LA_E_9343844,1,pstn,A15
LA_E_9343937,1,opus,A07
LA_E_9343966,1,gsm,A14
LA_E_9344122,1,opus,A17
LA_E_9344906,1,g722,A19
LA_E_9344911,1,ulaw,A12
LA_E_9345093,1,alaw,A12
LA_E_9345289,1,opus,A15
LA_E_9345310,1,g722,A11
LA_E_9345409,1,g722,A15
LA_E_9345584,1,ulaw,A18
LA_E_9346419,1,gsm,A18
LA_E_9346420,1,alaw,A17
LA_E_9346643,1,g722,A14
LA_E_9346946,1,pstn,A12
LA_E_9347264,1,alaw,A18
LA_E_9347271,1,opus,A18
LA_E_9347290,1,ulaw,A11
LA_E_9347305,0,g722,bonafide
LA_E_9347540,1,gsm,A17
LA_E_9347569,1,gsm,A18
LA_E_9348588,1,none,A15
LA_E_9349040,1,gsm,A18
LA_E_9349280,1,alaw,A09
LA_E_9349288,1,g722,A11
LA_E_9349589,0,alaw,bonafide
LA_E_9349663,1,alaw,A15
LA_E_9349710,1,pstn,A11
LA_E_9350299,1,g722,A16
LA_E_9350336,1,g722,A13
LA_E_9350517,1,ulaw,A14
LA_E_9350829,1,pstn,A19
LA_E_9351125,1,opus,A12
LA_E_9351241,1,pstn,A10
LA_E_9351448,1,g722,A13
LA_E_9351614,1,alaw,A12
LA_E_9351773,1,g722,A16
LA_E_9352116,1,ulaw,A10
LA_E_9352450,1,none,A12
LA_E_9352570,1,alaw,A09
LA_E_9352623,1,none,A13
LA_E_9352807,1,g722,A16
LA_E_9352901,1,ulaw,A09
LA_E_9352978,0,gsm,bonafide
LA_E_9353073,0,ulaw,bonafide
LA_E_9353273,1,g722,A14
LA_E_9353370,1,none,A19
LA_E_9353436,1,ulaw,A17
LA_E_9353542,1,gsm,A07
LA_E_9353753,1,none,A09
LA_E_9353790,1,alaw,A13
LA_E_9354351,1,ulaw,A08
LA_E_9354476,0,alaw,bonafide
LA_E_9354899,0,alaw,bonafide
LA_E_9355575,1,none,A09
LA_E_9355869,1,g722,A19
LA_E_9355977,1,opus,A10
LA_E_9356018,1,gsm,A07
LA_E_9356128,1,none,A18
LA_E_9356400,1,ulaw,A19
LA_E_9356498,1,alaw,A17
LA_E_9356620,1,gsm,A08
LA_E_9356680,1,opus,A10
LA_E_9357175,1,none,A17
LA_E_9357436,1,opus,A12
LA_E_9357513,1,pstn,A13
LA_E_9357627,1,gsm,A16
LA_E_9357777,0,pstn,bonafide
LA_E_9357778,1,alaw,A17
LA_E_9357962,1,opus,A12
LA_E_9358061,1,ulaw,A10
LA_E_9358127,1,opus,A14
LA_E_9358285,1,pstn,A14
LA_E_9358639,1,alaw,A08
LA_E_9358886,1,g722,A09
LA_E_9358970,1,gsm,A10
LA_E_9359023,1,g722,A15
LA_E_9359126,1,ulaw,A10
LA_E_9359259,1,ulaw,A12
LA_E_9359445,1,pstn,A18
LA_E_9359502,1,ulaw,A12
LA_E_9360402,1,pstn,A17
LA_E_9360597,1,ulaw,A19
LA_E_9360988,1,pstn,A10
LA_E_9361057,1,ulaw,A16
LA_E_9361122,1,ulaw,A13
LA_E_9361224,1,pstn,A17
LA_E_9361585,1,gsm,A14
LA_E_9361755,1,gsm,A17
LA_E_9362183,1,opus,A17
LA_E_9362425,1,none,A19
LA_E_9362855,1,alaw,A10
LA_E_9362942,1,opus,A18
LA_E_9362958,1,alaw,A07
LA_E_9363091,1,pstn,A07
LA_E_9363326,1,ulaw,A13
LA_E_9363538,1,pstn,A14
LA_E_9363861,1,g722,A18
LA_E_9364235,1,alaw,A10
LA_E_9364639,1,alaw,A14
LA_E_9364892,1,opus,A11
LA_E_9364967,1,pstn,A12
LA_E_9365113,1,g722,A13
LA_E_9365137,1,ulaw,A09
LA_E_9365151,0,ulaw,bonafide
LA_E_9365446,1,gsm,A17
LA_E_9365549,1,ulaw,A17
LA_E_9366041,1,opus,A16
LA_E_9366049,1,gsm,A11
LA_E_9366227,1,none,A19
LA_E_9366268,1,none,A16
LA_E_9366449,1,gsm,A14
LA_E_9366507,1,opus,A12
LA_E_9366573,1,pstn,A14
LA_E_9367158,0,ulaw,bonafide
LA_E_9367318,1,g722,A08
LA_E_9367376,1,alaw,A07
LA_E_9367388,1,pstn,A17
LA_E_9367597,1,g722,A15
LA_E_9367918,1,alaw,A10
LA_E_9367927,1,g722,A11
LA_E_9367938,1,gsm,A11
LA_E_9368496,1,alaw,A09
LA_E_9368526,1,gsm,A15
LA_E_9368709,1,ulaw,A18
LA_E_9368927,1,pstn,A19
LA_E_9369200,1,gsm,A09
LA_E_9369392,1,opus,A08
LA_E_9369583,1,alaw,A15
LA_E_9369596,1,pstn,A14
LA_E_9369849,1,gsm,A08
LA_E_9369924,1,pstn,A12
LA_E_9370284,1,none,A17
LA_E_9370471,1,pstn,A18
LA_E_9370578,1,ulaw,A12
LA_E_9370607,1,alaw,A07
LA_E_9371125,1,none,A10
LA_E_9371679,1,none,A08
LA_E_9371796,1,pstn,A18
LA_E_9372078,1,ulaw,A16
LA_E_9372672,1,g722,A09
LA_E_9372791,1,opus,A09
LA_E_9373062,1,ulaw,A19
LA_E_9373681,1,g722,A18
LA_E_9374240,1,opus,A10
LA_E_9374389,1,pstn,A13
LA_E_9374662,1,ulaw,A11
LA_E_9374720,0,ulaw,bonafide
LA_E_9374749,0,alaw,bonafide
LA_E_9375431,1,opus,A17
LA_E_9375820,1,g722,A19
LA_E_9376242,1,pstn,A07
LA_E_9376300,1,g722,A12
LA_E_9376391,1,ulaw,A14
LA_E_9376518,1,opus,A19
LA_E_9376620,1,alaw,A18
LA_E_9376654,1,gsm,A12
LA_E_9376867,1,g722,A11
LA_E_9376976,1,ulaw,A07
LA_E_9377046,1,gsm,A18
LA_E_9377120,1,g722,A07
LA_E_9377206,1,g722,A13
LA_E_9377207,1,ulaw,A07
LA_E_9377366,1,ulaw,A17
LA_E_9377411,1,g722,A17
LA_E_9377414,1,gsm,A09
LA_E_9377483,1,none,A12
LA_E_9377629,1,none,A18
LA_E_9377813,1,alaw,A16
LA_E_9378007,1,alaw,A14
LA_E_9378053,1,pstn,A19
LA_E_9378239,1,pstn,A08
LA_E_9378741,1,alaw,A07
LA_E_9379637,1,none,A17
LA_E_9379662,1,opus,A16
LA_E_9379737,1,alaw,A09
LA_E_9379991,1,opus,A09
LA_E_9380221,1,g722,A18
LA_E_9380314,1,g722,A13
LA_E_9380469,0,g722,bonafide
LA_E_9380792,1,ulaw,A18
LA_E_9380862,1,g722,A15
LA_E_9381241,1,g722,A15
LA_E_9381251,1,ulaw,A08
LA_E_9381411,1,pstn,A17
LA_E_9381691,1,gsm,A16
LA_E_9382207,1,ulaw,A13
LA_E_9382366,1,gsm,A08
LA_E_9382379,1,none,A19
LA_E_9382404,1,alaw,A12
LA_E_9382411,1,none,A08
LA_E_9382522,1,pstn,A17
LA_E_9382601,1,none,A14
LA_E_9382616,0,pstn,bonafide
LA_E_9382891,1,gsm,A17
LA_E_9383046,1,alaw,A07
LA_E_9383517,1,g722,A07
LA_E_9383586,1,g722,A10
LA_E_9383721,1,none,A12
LA_E_9383755,1,none,A13
LA_E_9383949,1,ulaw,A07
LA_E_9383973,1,alaw,A16
LA_E_9383997,1,none,A14
LA_E_9383999,1,g722,A10
LA_E_9384016,1,g722,A15
LA_E_9384348,1,opus,A10
LA_E_9384468,1,pstn,A16
LA_E_9384984,1,pstn,A11
LA_E_9385790,1,opus,A18
LA_E_9385871,0,opus,bonafide
LA_E_9386022,1,pstn,A18
LA_E_9386855,1,none,A16
LA_E_9387206,1,none,A09
LA_E_9387229,1,g722,A12
LA_E_9387418,1,none,A18
LA_E_9387628,1,opus,A15
LA_E_9387899,1,pstn,A17
LA_E_9388374,1,none,A11
LA_E_9388394,1,ulaw,A16
LA_E_9388694,1,gsm,A19
LA_E_9388758,1,g722,A13
LA_E_9388802,0,ulaw,bonafide
LA_E_9389000,1,opus,A15
LA_E_9389845,1,g722,A11
LA_E_9390209,0,none,bonafide
LA_E_9390621,0,alaw,bonafide
LA_E_9391536,1,none,A13
LA_E_9391645,1,none,A17
LA_E_9392110,1,opus,A09
LA_E_9392321,1,pstn,A10
LA_E_9392439,1,ulaw,A11
LA_E_9392445,1,g722,A07
LA_E_9392501,1,pstn,A10
LA_E_9392761,1,opus,A19
LA_E_9392846,1,opus,A10
LA_E_9393368,1,opus,A18
LA_E_9393596,1,gsm,A11
LA_E_9393642,1,gsm,A10
LA_E_9393643,1,alaw,A09
LA_E_9393983,1,opus,A15
LA_E_9394008,1,gsm,A18
LA_E_9394075,1,pstn,A11
LA_E_9394253,0,gsm,bonafide
LA_E_9394415,1,none,A10
LA_E_9394992,1,opus,A11
LA_E_9395095,1,gsm,A14
LA_E_9395230,0,g722,bonafide
LA_E_9395375,1,none,A18
LA_E_9395388,1,g722,A17
LA_E_9395395,1,pstn,A13
LA_E_9395419,1,gsm,A17
LA_E_9395602,1,gsm,A19
LA_E_9395617,1,opus,A17
LA_E_9395797,1,opus,A12
LA_E_9395846,0,opus,bonafide
LA_E_9396505,1,alaw,A12
LA_E_9397269,1,alaw,A17
LA_E_9397329,1,none,A18
LA_E_9397754,1,ulaw,A15
LA_E_9397874,0,pstn,bonafide
LA_E_9398058,1,opus,A12
LA_E_9398123,1,none,A14
LA_E_9398547,1,gsm,A15
LA_E_9398558,1,ulaw,A17
LA_E_9398598,1,none,A07
LA_E_9398928,1,g722,A12
LA_E_9399377,1,gsm,A12
LA_E_9399792,1,none,A15
LA_E_9400385,1,pstn,A11
LA_E_9400741,1,none,A09
LA_E_9401136,1,gsm,A07
LA_E_9401203,1,gsm,A12
LA_E_9401223,1,ulaw,A18
LA_E_9401312,1,pstn,A07
LA_E_9401532,1,gsm,A12
LA_E_9402155,1,none,A16
LA_E_9402219,1,gsm,A09
LA_E_9402299,0,none,bonafide
LA_E_9402307,1,none,A18
LA_E_9402493,1,g722,A14
LA_E_9402515,1,pstn,A09
LA_E_9402662,1,alaw,A16
LA_E_9402928,1,gsm,A08
LA_E_9403027,1,pstn,A10
LA_E_9403296,1,g722,A12
LA_E_9403800,1,ulaw,A17
LA_E_9404335,1,gsm,A17
LA_E_9404582,1,alaw,A11
LA_E_9404615,1,pstn,A07
LA_E_9404756,1,opus,A14
LA_E_9405325,1,pstn,A09
LA_E_9405347,0,g722,bonafide
LA_E_9405372,1,g722,A11
LA_E_9405448,1,gsm,A07
LA_E_9405452,1,opus,A11
LA_E_9405573,1,pstn,A18
LA_E_9405770,1,opus,A07
LA_E_9405907,1,none,A18
LA_E_9405944,1,g722,A19
LA_E_9406146,1,g722,A13
LA_E_9406384,1,pstn,A10
LA_E_9406403,1,none,A15
LA_E_9406510,1,ulaw,A14
LA_E_9406830,0,alaw,bonafide
LA_E_9407003,0,ulaw,bonafide
LA_E_9407407,1,alaw,A14
LA_E_9407813,1,opus,A08
LA_E_9407896,1,ulaw,A10
LA_E_9407924,1,none,A08
LA_E_9408137,1,none,A07
LA_E_9408355,1,ulaw,A13
LA_E_9408456,0,ulaw,bonafide
LA_E_9408609,1,alaw,A08
LA_E_9408626,1,none,A08
LA_E_9409616,1,none,A07
LA_E_9409857,1,gsm,A18
LA_E_9410087,1,ulaw,A08
LA_E_9410137,1,ulaw,A15
LA_E_9410343,1,ulaw,A10
LA_E_9411499,1,none,A08
LA_E_9411608,1,opus,A13
LA_E_9411611,1,none,A17
LA_E_9411692,1,g722,A14
LA_E_9411961,1,none,A15
LA_E_9412285,1,none,A11
LA_E_9412605,1,pstn,A08
LA_E_9412716,1,alaw,A13
LA_E_9413053,1,opus,A11
LA_E_9413485,1,ulaw,A19
LA_E_9413842,1,opus,A14
LA_E_9414117,0,none,bonafide
LA_E_9414297,1,alaw,A13
LA_E_9414363,1,alaw,A10
LA_E_9414411,1,ulaw,A09
LA_E_9414919,0,opus,bonafide
LA_E_9415825,1,pstn,A10
LA_E_9415971,1,opus,A13
LA_E_9416008,1,none,A10
LA_E_9416093,1,ulaw,A14
LA_E_9416145,1,pstn,A19
LA_E_9416399,1,pstn,A12
LA_E_9416545,1,opus,A11
LA_E_9416701,0,ulaw,bonafide
LA_E_9416838,1,pstn,A11
LA_E_9417253,1,opus,A07
LA_E_9417539,1,opus,A08
LA_E_9417733,0,gsm,bonafide
LA_E_9417834,1,alaw,A17
LA_E_9417840,1,ulaw,A19
LA_E_9417919,1,g722,A10
LA_E_9418491,1,none,A09
LA_E_9418599,1,none,A10
LA_E_9418780,1,gsm,A12
LA_E_9418857,1,pstn,A11
LA_E_9419212,1,pstn,A14
LA_E_9419309,1,pstn,A11
LA_E_9419554,1,g722,A09
LA_E_9419671,1,gsm,A07
LA_E_9419832,1,g722,A15
LA_E_9419870,0,g722,bonafide
LA_E_9420031,1,gsm,A07
LA_E_9420313,1,none,A07
LA_E_9420363,1,none,A14
LA_E_9420488,0,alaw,bonafide
LA_E_9420527,1,ulaw,A07
LA_E_9420718,1,ulaw,A15
LA_E_9420833,1,pstn,A15
LA_E_9421249,1,g722,A12
LA_E_9421610,1,pstn,A08
LA_E_9421728,1,pstn,A07
LA_E_9422102,1,pstn,A09
LA_E_9422260,1,pstn,A19
LA_E_9422271,1,pstn,A13
LA_E_9422507,1,none,A18
LA_E_9422537,1,alaw,A17
LA_E_9423185,1,none,A11
LA_E_9423284,1,pstn,A10
LA_E_9423303,1,gsm,A09
LA_E_9423444,1,opus,A18
LA_E_9423532,1,opus,A09
LA_E_9423629,1,pstn,A16
LA_E_9423857,1,none,A08
LA_E_9423945,1,g722,A17
LA_E_9424003,1,ulaw,A11
LA_E_9424874,1,none,A11
LA_E_9425055,1,gsm,A13
LA_E_9425421,1,opus,A09
LA_E_9425423,1,pstn,A12
LA_E_9425727,1,pstn,A08
LA_E_9425995,0,none,bonafide
LA_E_9426298,0,opus,bonafide
LA_E_9426356,1,alaw,A18
LA_E_9426647,1,ulaw,A10
LA_E_9426691,1,g722,A09
LA_E_9426891,1,gsm,A08
LA_E_9427114,1,ulaw,A18
LA_E_9427144,0,pstn,bonafide
LA_E_9427150,1,alaw,A14
LA_E_9427166,1,opus,A16
LA_E_9427324,0,g722,bonafide
LA_E_9427347,1,g722,A19
LA_E_9427362,1,alaw,A17
LA_E_9427595,1,pstn,A13
LA_E_9427929,1,g722,A12
LA_E_9428098,1,pstn,A09
LA_E_9428121,0,opus,bonafide
LA_E_9428450,1,opus,A07
LA_E_9428681,1,g722,A12
LA_E_9428777,1,gsm,A10
LA_E_9429121,1,g722,A14
LA_E_9429163,0,opus,bonafide
LA_E_9429257,1,alaw,A08
LA_E_9429353,1,gsm,A19
LA_E_9429467,1,gsm,A16
LA_E_9429474,1,opus,A12
LA_E_9429977,0,none,bonafide
LA_E_9430229,1,g722,A10
LA_E_9430262,1,ulaw,A15
LA_E_9430522,1,ulaw,A09
LA_E_9430690,1,g722,A12
LA_E_9430880,1,gsm,A18
LA_E_9430962,1,alaw,A18
LA_E_9431042,1,gsm,A10
LA_E_9431102,0,ulaw,bonafide
LA_E_9431108,1,none,A09
LA_E_9431166,1,g722,A09
LA_E_9431174,1,gsm,A11
LA_E_9431261,1,alaw,A10
LA_E_9431269,1,ulaw,A15
LA_E_9431599,1,opus,A13
LA_E_9431624,1,pstn,A12
LA_E_9432637,1,g722,A07
LA_E_9432792,1,opus,A14
LA_E_9432838,1,gsm,A07
LA_E_9433098,1,ulaw,A16
LA_E_9433120,1,opus,A09
LA_E_9433175,1,g722,A11
LA_E_9433211,1,ulaw,A09
LA_E_9433386,1,pstn,A15
LA_E_9433574,1,pstn,A13
LA_E_9433918,1,gsm,A09
LA_E_9433946,1,ulaw,A09
LA_E_9434364,1,pstn,A16
LA_E_9434605,1,g722,A10
LA_E_9434608,1,opus,A18
LA_E_9434952,1,opus,A09
LA_E_9435015,1,gsm,A12
LA_E_9435813,1,opus,A10
LA_E_9435855,1,none,A19
LA_E_9436059,1,none,A09
LA_E_9436581,1,gsm,A10
LA_E_9436713,0,g722,bonafide
LA_E_9436838,0,opus,bonafide
LA_E_9436994,1,pstn,A09
LA_E_9437049,1,g722,A08
LA_E_9437253,1,none,A13
LA_E_9437400,1,none,A13
LA_E_9437822,1,opus,A10
LA_E_9437849,1,ulaw,A12
LA_E_9437963,1,opus,A16
LA_E_9438130,1,pstn,A11
LA_E_9438255,1,pstn,A13
LA_E_9438284,1,pstn,A10
LA_E_9438601,0,alaw,bonafide
LA_E_9438854,1,opus,A12
LA_E_9440108,1,none,A17
LA_E_9440139,1,ulaw,A13
LA_E_9440194,1,alaw,A16
LA_E_9440398,1,opus,A16
LA_E_9440503,1,g722,A18
LA_E_9440612,1,none,A10
LA_E_9440714,1,g722,A19
LA_E_9441195,1,alaw,A16
LA_E_9441276,1,alaw,A17
LA_E_9441281,1,none,A16
LA_E_9441306,1,ulaw,A10
LA_E_9441446,1,gsm,A18
LA_E_9441469,1,pstn,A10
LA_E_9442084,1,gsm,A13
LA_E_9442782,0,ulaw,bonafide
LA_E_9442884,1,none,A12
LA_E_9442954,1,alaw,A14
LA_E_9443064,1,opus,A11
LA_E_9443255,1,g722,A07
LA_E_9443300,1,gsm,A13
LA_E_9443836,1,g722,A11
LA_E_9443990,1,none,A18
LA_E_9444347,1,opus,A11
LA_E_9444390,1,ulaw,A18
LA_E_9444515,1,g722,A16
LA_E_9445514,1,opus,A14
LA_E_9445769,1,ulaw,A18
LA_E_9445777,1,ulaw,A14
LA_E_9446183,1,pstn,A08
LA_E_9446409,1,none,A12
LA_E_9446653,1,pstn,A12
LA_E_9446804,1,alaw,A08
LA_E_9447366,1,opus,A18
LA_E_9447712,1,none,A19
LA_E_9448145,1,gsm,A08
LA_E_9448201,1,gsm,A15
LA_E_9448543,1,alaw,A15
LA_E_9448556,1,gsm,A15
LA_E_9448563,1,opus,A11
LA_E_9449084,1,opus,A16
LA_E_9449370,1,gsm,A12
LA_E_9449647,1,gsm,A16
LA_E_9449695,1,ulaw,A14
LA_E_9449719,1,ulaw,A15
LA_E_9449978,1,ulaw,A08
LA_E_9450024,1,gsm,A14
LA_E_9450076,1,ulaw,A13
LA_E_9450128,1,alaw,A16
LA_E_9450393,1,ulaw,A09
LA_E_9450436,1,alaw,A16
LA_E_9450493,0,alaw,bonafide
LA_E_9450573,1,alaw,A07
LA_E_9450664,0,pstn,bonafide
LA_E_9450752,1,ulaw,A08
LA_E_9450756,1,g722,A14
LA_E_9451726,1,gsm,A19
LA_E_9451771,0,none,bonafide
LA_E_9452306,1,g722,A12
LA_E_9453165,1,none,A18
LA_E_9453437,1,gsm,A09
LA_E_9453536,1,pstn,A17
LA_E_9454233,1,opus,A11
LA_E_9454670,1,alaw,A15
LA_E_9455094,1,ulaw,A09
LA_E_9455213,1,pstn,A18
LA_E_9456004,1,ulaw,A08
LA_E_9456102,1,gsm,A17
LA_E_9456212,1,pstn,A16
LA_E_9456807,0,gsm,bonafide
LA_E_9457223,1,none,A11
LA_E_9457257,1,none,A19
LA_E_9457320,1,ulaw,A17
LA_E_9457330,1,pstn,A10
LA_E_9458035,1,gsm,A11
LA_E_9458285,1,g722,A13
LA_E_9458762,1,g722,A17
LA_E_9458815,1,opus,A07
LA_E_9458818,1,alaw,A16
LA_E_9458916,1,gsm,A17
LA_E_9459105,1,ulaw,A13
LA_E_9459539,1,g722,A14
LA_E_9459578,1,ulaw,A19
LA_E_9459630,1,none,A08
LA_E_9459988,1,opus,A08
LA_E_9460088,1,opus,A19
LA_E_9460384,1,gsm,A18
LA_E_9460665,1,opus,A12
LA_E_9460668,1,ulaw,A19
LA_E_9460749,1,opus,A09
LA_E_9461344,1,g722,A14
LA_E_9461447,1,opus,A15
LA_E_9461709,1,gsm,A11
LA_E_9462724,1,g722,A14
LA_E_9462762,1,g722,A07
LA_E_9462800,1,none,A16
LA_E_9462810,1,g722,A16
LA_E_9462884,1,ulaw,A19
LA_E_9462952,0,g722,bonafide
LA_E_9463303,1,none,A11
LA_E_9463871,1,opus,A12
LA_E_9464105,1,pstn,A18
LA_E_9464139,1,gsm,A15
LA_E_9464569,1,gsm,A11
LA_E_9464783,1,gsm,A09
LA_E_9464959,1,alaw,A18
LA_E_9465153,1,ulaw,A13
LA_E_9465190,1,ulaw,A12
LA_E_9465193,1,ulaw,A19
LA_E_9465264,1,none,A09
LA_E_9465646,1,g722,A11
LA_E_9465796,0,ulaw,bonafide
LA_E_9465865,1,g722,A17
LA_E_9465879,1,gsm,A14
LA_E_9465956,1,gsm,A11
LA_E_9466018,0,none,bonafide
LA_E_9466061,1,none,A07
LA_E_9466265,0,alaw,bonafide
LA_E_9466345,1,opus,A15
LA_E_9467001,1,ulaw,A17
LA_E_9467014,1,alaw,A19
LA_E_9467324,1,opus,A17
LA_E_9467403,1,pstn,A12
LA_E_9467636,1,gsm,A10
LA_E_9467668,1,opus,A13
LA_E_9467704,1,opus,A19
LA_E_9467885,1,gsm,A15
LA_E_9468098,1,none,A12
LA_E_9468329,1,alaw,A11
LA_E_9468572,1,opus,A10
LA_E_9468602,1,gsm,A07
LA_E_9468898,1,pstn,A17
LA_E_9468974,1,gsm,A17
LA_E_9469071,1,alaw,A12
LA_E_9469225,0,g722,bonafide
LA_E_9469582,1,ulaw,A17
LA_E_9469739,1,pstn,A18
LA_E_9469764,1,gsm,A19
LA_E_9469844,1,none,A13
LA_E_9470175,1,alaw,A13
LA_E_9470611,0,pstn,bonafide
LA_E_9470926,1,g722,A11
LA_E_9471069,1,alaw,A10
LA_E_9471544,1,gsm,A11
LA_E_9471620,1,none,A16
LA_E_9472050,1,gsm,A13
LA_E_9472079,1,alaw,A18
LA_E_9472166,1,g722,A17
LA_E_9472573,1,pstn,A17
LA_E_9472668,1,alaw,A17
LA_E_9472806,1,alaw,A18
LA_E_9473326,1,alaw,A11
LA_E_9473813,1,gsm,A09
LA_E_9474289,1,alaw,A07
LA_E_9474520,1,pstn,A11
LA_E_9475124,1,g722,A13
LA_E_9476169,1,pstn,A09
LA_E_9476200,1,g722,A07
LA_E_9476260,1,gsm,A16
LA_E_9476376,1,g722,A09
LA_E_9476538,1,pstn,A17
LA_E_9476650,1,opus,A08
LA_E_9476685,1,none,A12
LA_E_9477000,1,ulaw,A12
LA_E_9477063,1,gsm,A19
LA_E_9477357,1,ulaw,A13
LA_E_9477397,1,ulaw,A10
LA_E_9477487,1,alaw,A07
LA_E_9477538,1,none,A07
LA_E_9477580,1,opus,A18
LA_E_9477726,1,alaw,A11
LA_E_9478359,1,gsm,A08
LA_E_9478709,1,none,A15
LA_E_9478734,0,alaw,bonafide
LA_E_9478879,1,none,A13
LA_E_9479287,0,ulaw,bonafide
LA_E_9479323,1,alaw,A11
LA_E_9480267,0,pstn,bonafide
LA_E_9480418,1,pstn,A09
LA_E_9480699,1,alaw,A08
LA_E_9480769,1,pstn,A17
LA_E_9481906,1,alaw,A09
LA_E_9482045,1,none,A07
LA_E_9483102,0,opus,bonafide
LA_E_9483186,1,none,A16
LA_E_9483402,1,pstn,A14
LA_E_9483450,1,g722,A16
LA_E_9483914,1,opus,A16
LA_E_9484019,1,alaw,A12
LA_E_9484127,1,opus,A12
LA_E_9484364,1,gsm,A19
LA_E_9485067,1,gsm,A15
LA_E_9485162,1,g722,A18
LA_E_9485242,1,ulaw,A19
LA_E_9485243,1,pstn,A11
LA_E_9485443,1,pstn,A12
LA_E_9485774,1,ulaw,A12
LA_E_9485841,1,ulaw,A16
LA_E_9486014,1,none,A08
LA_E_9486225,1,pstn,A10
LA_E_9486262,1,g722,A13
LA_E_9488556,1,pstn,A14
LA_E_9488623,1,gsm,A08
LA_E_9488770,1,ulaw,A14
LA_E_9489369,1,alaw,A12
LA_E_9489398,1,opus,A15
LA_E_9489465,1,g722,A17
LA_E_9489650,1,none,A13
LA_E_9490448,0,gsm,bonafide
LA_E_9490574,1,ulaw,A14
LA_E_9490682,1,opus,A10
LA_E_9491713,1,g722,A07
LA_E_9492065,1,g722,A10
LA_E_9492193,1,gsm,A16
LA_E_9492253,1,pstn,A13
LA_E_9492401,1,pstn,A09
LA_E_9492471,1,g722,A18
LA_E_9492489,1,ulaw,A07
LA_E_9492674,1,none,A09
LA_E_9492770,1,g722,A19
LA_E_9493353,1,pstn,A12
LA_E_9493579,1,g722,A19
LA_E_9494055,0,none,bonafide
LA_E_9494205,1,alaw,A18
LA_E_9494454,1,pstn,A08
LA_E_9494821,0,none,bonafide
LA_E_9494912,0,pstn,bonafide
LA_E_9495224,1,ulaw,A15
LA_E_9495227,1,ulaw,A19
LA_E_9495581,1,none,A16
LA_E_9495587,1,g722,A10
LA_E_9496212,1,gsm,A08
LA_E_9496719,1,ulaw,A12
LA_E_9496720,1,opus,A07
LA_E_9496895,0,ulaw,bonafide
LA_E_9497262,1,none,A09
LA_E_9497296,0,g722,bonafide
LA_E_9497859,1,opus,A12
LA_E_9498120,1,gsm,A12
LA_E_9498157,1,alaw,A17
LA_E_9498328,1,gsm,A17
LA_E_9498574,1,none,A13
LA_E_9499311,1,alaw,A10
LA_E_9499666,1,g722,A13
LA_E_9499825,1,gsm,A15
LA_E_9499918,1,gsm,A12
LA_E_9500029,1,g722,A10
LA_E_9500416,1,alaw,A17
LA_E_9500635,1,pstn,A16
LA_E_9501256,1,pstn,A11
LA_E_9501971,1,ulaw,A08
LA_E_9502023,1,alaw,A08
LA_E_9502268,1,none,A19
LA_E_9502450,1,g722,A17
LA_E_9502775,1,none,A10
LA_E_9503148,1,pstn,A11
LA_E_9503437,1,alaw,A16
LA_E_9503571,1,g722,A07
LA_E_9503668,1,opus,A13
LA_E_9504688,1,opus,A16
LA_E_9505186,1,pstn,A19
LA_E_9505300,1,pstn,A12
LA_E_9505336,1,g722,A09
LA_E_9505410,1,g722,A08
LA_E_9505551,1,opus,A17
LA_E_9506713,1,opus,A10
LA_E_9506820,1,opus,A14
LA_E_9507573,1,alaw,A16
LA_E_9507615,1,gsm,A09
LA_E_9507629,1,none,A14
LA_E_9507805,1,alaw,A16
LA_E_9508095,1,ulaw,A18
LA_E_9508147,1,g722,A07
LA_E_9508528,1,alaw,A09
LA_E_9508701,1,alaw,A16
LA_E_9509283,1,ulaw,A15
LA_E_9509423,1,none,A13
LA_E_9509424,1,ulaw,A11
LA_E_9510011,1,alaw,A12
LA_E_9510070,1,none,A13
LA_E_9510072,1,alaw,A10
LA_E_9510166,1,alaw,A07
LA_E_9510469,1,none,A14
LA_E_9510534,1,none,A18
LA_E_9510541,1,pstn,A10
LA_E_9510984,1,ulaw,A11
LA_E_9510993,1,opus,A17
LA_E_9512111,1,pstn,A11
LA_E_9512380,1,g722,A08
LA_E_9512647,0,gsm,bonafide
LA_E_9513809,1,pstn,A17
LA_E_9513946,1,none,A11
LA_E_9514010,1,pstn,A12
LA_E_9514389,1,gsm,A18
LA_E_9514500,1,alaw,A08
LA_E_9514673,1,gsm,A10
LA_E_9514866,1,pstn,A16
LA_E_9515036,1,pstn,A08
LA_E_9515079,1,alaw,A14
LA_E_9515206,1,alaw,A18
LA_E_9515251,1,ulaw,A13
LA_E_9515268,1,opus,A07
LA_E_9515280,1,ulaw,A15
LA_E_9515412,1,g722,A08
LA_E_9515797,1,opus,A18
LA_E_9515816,1,alaw,A10
LA_E_9517229,1,pstn,A18
LA_E_9517751,1,alaw,A07
LA_E_9518078,1,none,A17
LA_E_9518366,1,ulaw,A09
LA_E_9518742,1,pstn,A16
LA_E_9518827,1,g722,A07
LA_E_9518971,1,pstn,A09
LA_E_9519014,1,g722,A14
LA_E_9519487,1,g722,A11
LA_E_9519786,1,none,A09
LA_E_9520314,1,gsm,A07
LA_E_9520492,1,ulaw,A09
LA_E_9520619,1,opus,A13
LA_E_9521020,1,none,A16
LA_E_9521320,1,none,A12
LA_E_9521741,1,ulaw,A13
LA_E_9521767,1,none,A10
LA_E_9521935,1,g722,A17
LA_E_9522104,1,gsm,A13
LA_E_9522128,1,pstn,A07
LA_E_9522865,1,gsm,A14
LA_E_9522982,1,alaw,A12
LA_E_9523489,1,ulaw,A09
LA_E_9523587,0,ulaw,bonafide
LA_E_9523790,1,alaw,A16
LA_E_9523820,1,gsm,A09
LA_E_9523830,1,alaw,A14
LA_E_9524588,1,ulaw,A07
LA_E_9524778,1,pstn,A15
LA_E_9524871,1,pstn,A19
LA_E_9525278,1,alaw,A13
LA_E_9525393,1,g722,A13
LA_E_9525644,1,g722,A09
LA_E_9525652,0,g722,bonafide
LA_E_9525940,1,ulaw,A12
LA_E_9526805,1,opus,A17
LA_E_9526883,1,none,A13
LA_E_9527969,1,ulaw,A13
LA_E_9528001,1,none,A16
LA_E_9528020,1,pstn,A09
LA_E_9528033,1,ulaw,A09
LA_E_9528109,1,none,A07
LA_E_9528173,1,none,A13
LA_E_9529291,0,g722,bonafide
LA_E_9529475,1,alaw,A14
LA_E_9529588,1,opus,A17
LA_E_9530170,1,pstn,A07
LA_E_9530497,1,opus,A07
LA_E_9530588,1,alaw,A17
LA_E_9530845,1,g722,A19
LA_E_9530869,1,none,A10
LA_E_9531094,1,gsm,A18
LA_E_9531162,1,none,A10
LA_E_9531252,1,gsm,A08
LA_E_9531265,1,gsm,A11
LA_E_9531361,1,gsm,A17
LA_E_9531981,1,alaw,A07
LA_E_9532756,1,gsm,A12
LA_E_9532784,1,g722,A16
LA_E_9532868,1,none,A19
LA_E_9533491,1,pstn,A19
LA_E_9533934,1,gsm,A16
LA_E_9533981,1,none,A09
LA_E_9534866,1,pstn,A16
LA_E_9535043,1,none,A10
LA_E_9535064,1,alaw,A19
LA_E_9535262,0,alaw,bonafide
LA_E_9535327,1,g722,A16
LA_E_9535569,1,alaw,A14
LA_E_9535719,1,pstn,A07
LA_E_9536387,1,none,A14
LA_E_9536792,1,g722,A18
LA_E_9536862,1,none,A15
LA_E_9536962,1,alaw,A13
LA_E_9537034,1,g722,A14
LA_E_9537128,1,alaw,A10
LA_E_9537344,0,alaw,bonafide
LA_E_9537592,1,alaw,A19
LA_E_9537596,1,none,A08
LA_E_9537656,1,pstn,A12
LA_E_9538458,1,none,A16
LA_E_9538467,1,ulaw,A16
LA_E_9538476,1,pstn,A14
LA_E_9538532,1,g722,A17
LA_E_9538639,1,g722,A14
LA_E_9538968,1,gsm,A11
LA_E_9539133,1,g722,A12
LA_E_9539289,1,g722,A12
LA_E_9539698,1,alaw,A12
LA_E_9539712,1,g722,A08
LA_E_9539773,1,g722,A14
LA_E_9540120,1,none,A19
LA_E_9540729,1,g722,A11
LA_E_9541188,1,gsm,A12
LA_E_9541399,1,pstn,A10
LA_E_9541734,1,ulaw,A16
LA_E_9542158,1,g722,A14
LA_E_9542236,1,gsm,A19
LA_E_9542257,1,g722,A07
LA_E_9542296,1,alaw,A18
LA_E_9542628,1,none,A13
LA_E_9542741,1,alaw,A13
LA_E_9542941,1,ulaw,A09
LA_E_9543407,1,opus,A07
LA_E_9543795,1,g722,A09
LA_E_9544053,1,g722,A18
LA_E_9544271,0,none,bonafide
LA_E_9544314,1,g722,A13
LA_E_9544416,1,opus,A14
LA_E_9544723,1,alaw,A14
LA_E_9544799,1,g722,A13
LA_E_9545301,0,pstn,bonafide
LA_E_9545320,0,alaw,bonafide
LA_E_9545348,1,none,A08
LA_E_9545574,1,gsm,A11
LA_E_9545636,1,alaw,A11
LA_E_9545662,0,pstn,bonafide
LA_E_9545858,1,pstn,A16
LA_E_9545863,1,g722,A07
LA_E_9545899,1,g722,A16
LA_E_9547218,1,pstn,A16
LA_E_9547655,1,pstn,A19
LA_E_9547672,1,none,A14
LA_E_9548197,1,opus,A08
LA_E_9549075,1,pstn,A11
LA_E_9549334,1,ulaw,A07
LA_E_9549464,1,pstn,A19
LA_E_9550024,1,opus,A08
LA_E_9550488,1,alaw,A16
LA_E_9550608,1,opus,A07
LA_E_9551178,1,gsm,A08
LA_E_9551507,1,pstn,A07
LA_E_9551570,1,ulaw,A16
LA_E_9552308,0,pstn,bonafide
LA_E_9552856,1,none,A12
LA_E_9553104,1,pstn,A16
LA_E_9553360,1,g722,A09
LA_E_9553414,0,alaw,bonafide
LA_E_9553421,1,gsm,A08
LA_E_9553517,1,alaw,A15
LA_E_9553664,1,alaw,A08
LA_E_9553799,1,none,A12
LA_E_9553890,0,pstn,bonafide
LA_E_9554293,1,none,A17
LA_E_9554358,1,none,A10
LA_E_9554416,0,gsm,bonafide
LA_E_9554425,1,pstn,A15
LA_E_9554641,1,none,A16
LA_E_9555453,1,ulaw,A10
LA_E_9555650,1,pstn,A15
LA_E_9555928,1,alaw,A11
LA_E_9556354,1,pstn,A08
LA_E_9556654,1,ulaw,A10
LA_E_9556798,1,gsm,A07
LA_E_9557112,1,pstn,A17
LA_E_9558696,1,pstn,A15
LA_E_9559242,0,opus,bonafide
LA_E_9559301,1,alaw,A15
LA_E_9559635,1,opus,A13
LA_E_9559699,1,pstn,A08
LA_E_9559943,1,ulaw,A08
LA_E_9559996,1,gsm,A12
LA_E_9560010,1,alaw,A18
LA_E_9560080,1,gsm,A17
LA_E_9560404,1,opus,A11
LA_E_9560648,1,ulaw,A13
LA_E_9560989,1,opus,A18
LA_E_9561126,1,none,A07
LA_E_9561495,1,pstn,A10
LA_E_9561602,1,opus,A18
LA_E_9561768,1,ulaw,A14
LA_E_9561829,1,none,A15
LA_E_9562242,1,ulaw,A16
LA_E_9562520,1,ulaw,A08
LA_E_9562605,1,opus,A14
LA_E_9563450,1,opus,A19
LA_E_9563709,1,gsm,A18
LA_E_9563777,1,opus,A10
LA_E_9563975,1,ulaw,A15
LA_E_9565292,0,alaw,bonafide
LA_E_9565621,1,opus,A11
LA_E_9565880,1,gsm,A19
LA_E_9566432,1,opus,A11
LA_E_9566864,1,alaw,A15
LA_E_9567410,1,gsm,A10
LA_E_9567448,0,gsm,bonafide
LA_E_9568114,1,alaw,A11
LA_E_9568623,0,gsm,bonafide
LA_E_9568948,1,g722,A07
LA_E_9569031,0,g722,bonafide
LA_E_9569099,1,none,A19
LA_E_9569399,1,g722,A18
LA_E_9569577,1,gsm,A16
LA_E_9569748,1,g722,A09
LA_E_9569752,1,g722,A14
LA_E_9570085,1,g722,A16
LA_E_9570548,1,opus,A07
LA_E_9570553,1,none,A13
LA_E_9570803,1,gsm,A19
LA_E_9570841,1,opus,A19
LA_E_9571224,1,ulaw,A08
LA_E_9571374,0,gsm,bonafide
LA_E_9571543,1,ulaw,A09
LA_E_9572100,1,alaw,A08
LA_E_9572485,0,gsm,bonafide
LA_E_9572538,1,none,A08
LA_E_9573225,1,alaw,A12
LA_E_9573534,1,none,A09
LA_E_9574119,1,pstn,A07
LA_E_9574368,1,opus,A18
LA_E_9574599,1,ulaw,A15
LA_E_9574647,1,g722,A18
LA_E_9574899,1,none,A14
LA_E_9574951,1,alaw,A08
LA_E_9575043,0,alaw,bonafide
LA_E_9575077,1,pstn,A16
LA_E_9575241,1,ulaw,A17
LA_E_9575445,1,none,A15
LA_E_9575588,1,gsm,A14
LA_E_9575673,1,pstn,A17
LA_E_9575855,1,g722,A08
LA_E_9576152,1,opus,A18
LA_E_9576202,1,ulaw,A17
LA_E_9576576,1,ulaw,A10
LA_E_9577569,1,g722,A19
LA_E_9577597,1,gsm,A16
LA_E_9577629,0,opus,bonafide
LA_E_9578067,1,pstn,A16
LA_E_9578237,1,alaw,A19
LA_E_9578636,1,none,A10
LA_E_9579011,1,ulaw,A16
LA_E_9579160,1,pstn,A17
LA_E_9579203,1,opus,A17
LA_E_9579322,1,pstn,A07
LA_E_9579567,1,opus,A10
LA_E_9580328,1,opus,A18
LA_E_9580451,1,none,A18
LA_E_9580655,0,pstn,bonafide
LA_E_9580831,1,ulaw,A15
LA_E_9580896,1,none,A16
LA_E_9581269,1,opus,A11
LA_E_9581340,0,opus,bonafide
LA_E_9581364,1,pstn,A07
LA_E_9581757,1,none,A15
LA_E_9582101,1,gsm,A16
LA_E_9582528,1,alaw,A19
LA_E_9582907,0,ulaw,bonafide
LA_E_9582956,1,ulaw,A18
LA_E_9583242,1,pstn,A09
LA_E_9583255,1,opus,A07
LA_E_9583401,1,alaw,A10
LA_E_9583575,1,opus,A19
LA_E_9584157,1,g722,A13
LA_E_9584327,1,gsm,A17
LA_E_9584351,0,ulaw,bonafide
LA_E_9585518,1,alaw,A08
LA_E_9586183,1,pstn,A11
LA_E_9586271,1,gsm,A11
LA_E_9586478,1,none,A09
LA_E_9586537,1,alaw,A15
LA_E_9586760,1,opus,A16
LA_E_9586793,1,g722,A08
LA_E_9587655,1,g722,A16
LA_E_9587779,1,alaw,A09
LA_E_9587904,1,alaw,A14
LA_E_9587962,1,ulaw,A15
LA_E_9588508,1,alaw,A08
LA_E_9588822,1,pstn,A10
LA_E_9589279,1,g722,A18
LA_E_9589633,1,gsm,A13
LA_E_9590284,1,pstn,A14
LA_E_9590394,0,ulaw,bonafide
LA_E_9590454,1,gsm,A07
LA_E_9590533,1,opus,A14
LA_E_9590709,1,g722,A17
LA_E_9591280,1,ulaw,A07
LA_E_9591616,1,alaw,A11
LA_E_9591714,1,none,A16
LA_E_9591918,1,g722,A07
LA_E_9591983,0,pstn,bonafide
LA_E_9592000,1,opus,A09
LA_E_9592263,1,gsm,A09
LA_E_9592507,1,gsm,A12
LA_E_9592518,1,opus,A09
LA_E_9592712,1,opus,A15
LA_E_9592856,1,opus,A07
LA_E_9592885,0,none,bonafide
LA_E_9593641,1,none,A15
LA_E_9594012,1,none,A09
LA_E_9594442,1,pstn,A16
LA_E_9594576,1,opus,A07
LA_E_9594577,1,ulaw,A18
LA_E_9594677,1,none,A16
LA_E_9595399,1,g722,A15
LA_E_9595619,1,g722,A12
LA_E_9595834,1,alaw,A17
LA_E_9596131,1,g722,A16
LA_E_9596225,1,ulaw,A10
LA_E_9596396,1,alaw,A11
LA_E_9596802,1,pstn,A15
LA_E_9597220,1,gsm,A19
LA_E_9597998,1,pstn,A11
LA_E_9598006,1,alaw,A07
LA_E_9598393,1,none,A11
LA_E_9598780,0,none,bonafide
LA_E_9598849,1,alaw,A18
LA_E_9599120,1,ulaw,A17
LA_E_9599263,1,none,A19
LA_E_9599457,0,none,bonafide
LA_E_9599478,1,gsm,A10
LA_E_9600131,1,none,A08
LA_E_9600167,0,gsm,bonafide
LA_E_9600242,1,opus,A16
LA_E_9600689,1,none,A18
LA_E_9600935,1,pstn,A08
LA_E_9601008,1,pstn,A11
LA_E_9601433,1,pstn,A12
LA_E_9601537,1,g722,A09
LA_E_9601607,1,g722,A19
LA_E_9601826,1,none,A12
LA_E_9601941,1,alaw,A12
LA_E_9601990,0,gsm,bonafide
LA_E_9602081,1,pstn,A15
LA_E_9602221,1,g722,A16
LA_E_9602504,1,alaw,A12
LA_E_9602808,1,ulaw,A19
LA_E_9603073,1,pstn,A15
LA_E_9603332,1,opus,A07
LA_E_9603480,1,ulaw,A18
LA_E_9604855,0,opus,bonafide
LA_E_9605351,1,g722,A17
LA_E_9605392,1,ulaw,A12
LA_E_9606635,1,g722,A14
LA_E_9606925,1,pstn,A16
LA_E_9607524,1,opus,A08
LA_E_9607657,1,gsm,A13
LA_E_9607682,1,g722,A18
LA_E_9607781,1,opus,A19
LA_E_9608108,1,g722,A08
LA_E_9608597,1,ulaw,A12
LA_E_9608659,1,none,A10
LA_E_9608805,1,alaw,A19
LA_E_9608829,1,ulaw,A15
LA_E_9609215,1,alaw,A15
LA_E_9609700,1,gsm,A19
LA_E_9609750,1,pstn,A08
LA_E_9609753,1,g722,A19
LA_E_9610372,1,ulaw,A12
LA_E_9610538,1,opus,A11
LA_E_9611243,1,gsm,A09
LA_E_9611369,0,none,bonafide
LA_E_9611391,1,pstn,A14
LA_E_9611646,1,pstn,A18
LA_E_9611848,1,pstn,A16
LA_E_9611999,1,none,A17
LA_E_9612412,1,opus,A13
LA_E_9612548,1,opus,A15
LA_E_9612795,1,gsm,A15
LA_E_9613016,1,gsm,A07
LA_E_9613413,1,ulaw,A11
LA_E_9613489,0,opus,bonafide
LA_E_9613637,1,opus,A16
LA_E_9613776,1,ulaw,A18
LA_E_9614156,0,g722,bonafide
LA_E_9614304,1,alaw,A11
LA_E_9615024,1,pstn,A14
LA_E_9615141,1,pstn,A10
LA_E_9615228,1,g722,A07
LA_E_9615509,1,g722,A19
LA_E_9616182,1,ulaw,A14
LA_E_9616513,1,ulaw,A19
LA_E_9616670,1,alaw,A16
LA_E_9616906,1,opus,A14
LA_E_9617789,1,g722,A14
LA_E_9618038,1,gsm,A13
LA_E_9618217,1,gsm,A16
LA_E_9619206,1,none,A18
LA_E_9619404,1,g722,A13
LA_E_9619656,1,none,A11
LA_E_9620049,1,ulaw,A19
LA_E_9620353,1,opus,A18
LA_E_9620399,1,alaw,A07
LA_E_9620620,1,alaw,A19
LA_E_9621118,1,opus,A09
LA_E_9621211,1,alaw,A15
LA_E_9621256,1,gsm,A17
LA_E_9621291,1,ulaw,A13
LA_E_9621638,1,opus,A15
LA_E_9621862,1,alaw,A08
LA_E_9622303,1,ulaw,A13
LA_E_9622782,1,ulaw,A13
LA_E_9623328,1,alaw,A15
LA_E_9623634,1,alaw,A10
LA_E_9623792,1,ulaw,A08
LA_E_9624552,1,none,A14
LA_E_9624809,1,g722,A14
LA_E_9624824,1,gsm,A16
LA_E_9625022,1,pstn,A11
LA_E_9625155,1,opus,A07
LA_E_9625291,1,none,A17
LA_E_9625770,1,g722,A11
LA_E_9625884,1,opus,A13
LA_E_9626096,0,alaw,bonafide
LA_E_9627150,1,none,A16
LA_E_9627721,1,opus,A14
LA_E_9628073,1,alaw,A08
LA_E_9628269,1,alaw,A09
LA_E_9628617,1,none,A18
LA_E_9629919,1,ulaw,A14
LA_E_9630032,1,none,A09
LA_E_9630212,1,pstn,A16
LA_E_9630509,1,gsm,A16
LA_E_9631940,1,opus,A12
LA_E_9632322,1,gsm,A13
LA_E_9632841,1,alaw,A13
LA_E_9632921,1,alaw,A07
LA_E_9633264,0,g722,bonafide
LA_E_9633392,1,gsm,A12
LA_E_9634082,1,gsm,A19
LA_E_9634107,1,gsm,A16
LA_E_9634724,1,pstn,A12
LA_E_9635206,0,opus,bonafide
LA_E_9635552,1,opus,A10
LA_E_9635800,1,alaw,A09
LA_E_9635822,1,alaw,A08
LA_E_9636840,1,alaw,A15
LA_E_9636870,1,g722,A13
LA_E_9637014,1,opus,A15
LA_E_9637278,1,ulaw,A18
LA_E_9637622,1,ulaw,A12
LA_E_9637905,0,ulaw,bonafide
LA_E_9638325,1,none,A10
LA_E_9638574,1,none,A07
LA_E_9638634,1,pstn,A13
LA_E_9638666,1,pstn,A07
LA_E_9638929,1,none,A18
LA_E_9638957,1,alaw,A15
LA_E_9639057,1,opus,A12
LA_E_9639065,0,ulaw,bonafide
LA_E_9639104,1,none,A09
LA_E_9639152,1,pstn,A08
LA_E_9639310,1,alaw,A08
LA_E_9639494,1,ulaw,A16
LA_E_9639532,1,gsm,A13
LA_E_9639673,1,pstn,A15
LA_E_9639851,0,g722,bonafide
LA_E_9640045,1,pstn,A10
LA_E_9640187,1,pstn,A17
LA_E_9641284,1,pstn,A09
LA_E_9641709,1,none,A14
LA_E_9641787,1,gsm,A18
LA_E_9642346,1,gsm,A17
LA_E_9642606,1,opus,A09
LA_E_9642912,1,alaw,A19
LA_E_9643084,1,pstn,A11
LA_E_9643118,1,ulaw,A15
LA_E_9643183,1,ulaw,A13
LA_E_9643405,1,opus,A08
LA_E_9643703,1,alaw,A10
LA_E_9643962,1,opus,A18
LA_E_9644372,1,g722,A10
LA_E_9644462,0,pstn,bonafide
LA_E_9644871,0,alaw,bonafide
LA_E_9645098,1,pstn,A10
LA_E_9645459,1,gsm,A09
LA_E_9645773,1,g722,A18
LA_E_9646108,1,alaw,A13
LA_E_9646626,1,opus,A14
LA_E_9646826,1,alaw,A09
LA_E_9646923,1,pstn,A16
LA_E_9648397,0,pstn,bonafide
LA_E_9648471,1,gsm,A18
LA_E_9648661,1,alaw,A16
LA_E_9648830,1,gsm,A10
LA_E_9648908,1,none,A08
LA_E_9649290,1,gsm,A14
LA_E_9649541,1,g722,A08
LA_E_9649604,0,gsm,bonafide
LA_E_9649928,1,pstn,A08
LA_E_9650089,1,gsm,A08
LA_E_9650614,1,g722,A10
LA_E_9650948,1,ulaw,A09
LA_E_9651158,1,g722,A07
LA_E_9651229,1,alaw,A19
LA_E_9651245,1,gsm,A15
LA_E_9651326,1,gsm,A12
LA_E_9651379,1,gsm,A12
LA_E_9651836,1,opus,A11
LA_E_9651896,1,none,A07
LA_E_9652847,0,none,bonafide
LA_E_9653104,1,ulaw,A16
LA_E_9653245,1,g722,A18
LA_E_9653811,1,pstn,A15
LA_E_9654016,1,none,A08
LA_E_9654375,1,g722,A11
LA_E_9654589,1,none,A12
LA_E_9654853,1,ulaw,A15
LA_E_9655734,1,ulaw,A08
LA_E_9656086,1,none,A11
LA_E_9656625,1,gsm,A08
LA_E_9656719,1,gsm,A10
LA_E_9656732,1,alaw,A08
LA_E_9656755,1,opus,A17
LA_E_9657536,1,opus,A16
LA_E_9657622,1,ulaw,A17
LA_E_9658198,1,alaw,A08
LA_E_9658207,0,g722,bonafide
LA_E_9658695,1,none,A10
LA_E_9658970,1,alaw,A13
LA_E_9659319,1,gsm,A16
LA_E_9659417,1,ulaw,A14
LA_E_9659568,1,ulaw,A12
LA_E_9659707,1,ulaw,A13
LA_E_9660084,0,ulaw,bonafide
LA_E_9660139,1,none,A11
LA_E_9660146,1,gsm,A11
LA_E_9660303,0,g722,bonafide
LA_E_9660767,1,gsm,A16
LA_E_9660915,1,gsm,A11
LA_E_9661199,1,ulaw,A07
LA_E_9661476,1,opus,A11
LA_E_9661477,1,gsm,A08
LA_E_9661485,1,opus,A16
LA_E_9661753,1,none,A10
LA_E_9662186,1,gsm,A18
LA_E_9662308,1,ulaw,A11
LA_E_9662785,1,gsm,A12
LA_E_9662981,1,opus,A14
LA_E_9663392,1,none,A13
LA_E_9664104,1,pstn,A15
LA_E_9664220,1,ulaw,A11
LA_E_9664228,1,gsm,A11
LA_E_9664748,1,ulaw,A09
LA_E_9665277,1,alaw,A09
LA_E_9666415,1,ulaw,A08
LA_E_9666605,1,gsm,A14
LA_E_9667691,1,opus,A19
LA_E_9667755,0,g722,bonafide
LA_E_9667971,1,pstn,A09
LA_E_9668160,1,g722,A16
LA_E_9668183,1,alaw,A13
LA_E_9669859,1,gsm,A15
LA_E_9670073,1,alaw,A15
LA_E_9670130,1,gsm,A18
LA_E_9670353,1,alaw,A19
LA_E_9670740,1,opus,A07
LA_E_9670801,1,pstn,A10
LA_E_9670877,1,none,A19
LA_E_9671921,0,alaw,bonafide
LA_E_9673321,1,alaw,A07
LA_E_9673435,1,g722,A12
LA_E_9673944,1,alaw,A12
LA_E_9674244,1,opus,A11
LA_E_9674629,0,alaw,bonafide
LA_E_9676585,1,ulaw,A14
LA_E_9677847,1,ulaw,A17
LA_E_9678646,1,gsm,A15
LA_E_9678827,1,gsm,A11
LA_E_9679339,1,ulaw,A15
LA_E_9680055,1,none,A19
LA_E_9680242,1,opus,A07
LA_E_9680288,1,pstn,A12
LA_E_9680862,1,pstn,A17
LA_E_9681279,1,gsm,A11
LA_E_9682157,1,g722,A08
LA_E_9682291,1,ulaw,A12
LA_E_9682363,1,opus,A12
LA_E_9682403,1,opus,A15
LA_E_9682450,1,alaw,A19
LA_E_9682876,0,g722,bonafide
LA_E_9683898,1,alaw,A08
LA_E_9684318,1,g722,A13
LA_E_9684959,1,ulaw,A19
LA_E_9685171,1,gsm,A19
LA_E_9685563,1,g722,A17
LA_E_9685771,1,pstn,A17
LA_E_9686661,1,pstn,A11
LA_E_9688463,1,pstn,A16
LA_E_9689416,1,alaw,A08
LA_E_9689606,1,none,A10
LA_E_9689690,0,pstn,bonafide
LA_E_9689913,1,gsm,A17
LA_E_9691239,1,none,A10
LA_E_9691283,1,alaw,A19
LA_E_9691602,1,gsm,A14
LA_E_9692689,1,none,A14
LA_E_9693209,0,ulaw,bonafide
LA_E_9693440,1,none,A11
LA_E_9694538,0,pstn,bonafide
LA_E_9695569,1,alaw,A11
LA_E_9695816,1,ulaw,A13
LA_E_9696128,1,g722,A19
LA_E_9696216,1,g722,A07
LA_E_9696610,1,g722,A15
LA_E_9696849,1,gsm,A13
LA_E_9696974,0,opus,bonafide
LA_E_9697047,1,pstn,A14
LA_E_9697139,1,g722,A16
LA_E_9697238,1,g722,A17
LA_E_9697393,1,ulaw,A15
LA_E_9697855,1,opus,A09
LA_E_9698229,1,gsm,A09
LA_E_9698567,1,ulaw,A18
LA_E_9698575,1,pstn,A07
LA_E_9699284,1,alaw,A18
LA_E_9699503,1,alaw,A15
LA_E_9700619,1,ulaw,A15
LA_E_9701183,0,none,bonafide
LA_E_9702127,1,none,A16
LA_E_9702331,1,opus,A07
LA_E_9703601,1,alaw,A07
LA_E_9704133,1,opus,A10
LA_E_9704991,0,opus,bonafide
LA_E_9705272,0,ulaw,bonafide
LA_E_9705655,1,alaw,A19
LA_E_9706265,1,g722,A10
LA_E_9706398,0,g722,bonafide
LA_E_9707076,1,opus,A13
LA_E_9708114,1,alaw,A14
LA_E_9708634,1,none,A12
LA_E_9708946,1,gsm,A14
LA_E_9709012,1,gsm,A17
LA_E_9709713,1,opus,A16
LA_E_9709956,1,none,A18
LA_E_9710208,0,pstn,bonafide
LA_E_9710221,1,opus,A14
LA_E_9712118,1,pstn,A11
LA_E_9712125,1,g722,A07
LA_E_9712140,1,opus,A08
LA_E_9712872,1,ulaw,A10
LA_E_9712999,1,pstn,A14
LA_E_9713343,1,alaw,A19
LA_E_9713528,0,pstn,bonafide
LA_E_9713630,1,opus,A12
LA_E_9714955,0,pstn,bonafide
LA_E_9715040,1,opus,A10
LA_E_9715489,1,alaw,A12
LA_E_9715655,1,ulaw,A11
LA_E_9716596,1,opus,A12
LA_E_9716613,1,none,A11
LA_E_9716614,1,ulaw,A15
LA_E_9717045,1,opus,A17
LA_E_9717281,1,none,A19
LA_E_9717356,1,ulaw,A16
LA_E_9717911,1,none,A12
LA_E_9718215,1,opus,A18
LA_E_9718226,1,ulaw,A11
LA_E_9718241,0,none,bonafide
LA_E_9718351,0,alaw,bonafide
LA_E_9718581,1,pstn,A07
LA_E_9718842,1,none,A11
LA_E_9718934,0,gsm,bonafide
LA_E_9719165,0,opus,bonafide
LA_E_9719902,1,pstn,A16
LA_E_9720043,0,ulaw,bonafide
LA_E_9720094,0,opus,bonafide
LA_E_9720153,1,none,A11
LA_E_9720837,0,none,bonafide
LA_E_9720917,1,pstn,A17
LA_E_9721256,1,g722,A08
LA_E_9721735,1,gsm,A16
LA_E_9721839,1,opus,A11
LA_E_9721992,1,gsm,A18
LA_E_9723311,1,none,A17
LA_E_9723953,1,none,A08
LA_E_9724506,1,none,A08
LA_E_9724776,1,pstn,A15
LA_E_9725017,1,none,A14
LA_E_9726190,1,g722,A17
LA_E_9726261,1,none,A15
LA_E_9726442,1,pstn,A07
LA_E_9727148,1,alaw,A13
LA_E_9727692,0,opus,bonafide
LA_E_9727816,1,g722,A09
LA_E_9727944,1,none,A10
LA_E_9728555,1,ulaw,A09
LA_E_9728985,1,pstn,A08
LA_E_9730169,1,ulaw,A12
LA_E_9730304,1,pstn,A13
LA_E_9730577,0,ulaw,bonafide
LA_E_9730846,1,g722,A17
LA_E_9731434,1,gsm,A07
LA_E_9731547,1,ulaw,A14
LA_E_9731913,1,ulaw,A08
LA_E_9731986,1,ulaw,A15
LA_E_9732635,1,g722,A18
LA_E_9733005,1,pstn,A11
LA_E_9733533,0,gsm,bonafide
LA_E_9733658,1,ulaw,A16
LA_E_9733950,1,opus,A11
LA_E_9734141,0,ulaw,bonafide
LA_E_9734176,1,ulaw,A09
LA_E_9734388,1,gsm,A13
LA_E_9735434,1,gsm,A18
LA_E_9735883,1,ulaw,A19
LA_E_9736375,1,alaw,A17
LA_E_9737877,1,g722,A11
LA_E_9739233,1,opus,A07
LA_E_9739898,1,pstn,A18
LA_E_9740548,1,g722,A08
LA_E_9741102,1,g722,A09
LA_E_9741111,1,pstn,A12
LA_E_9741700,1,gsm,A08
LA_E_9743401,1,opus,A17
LA_E_9743574,1,g722,A15
LA_E_9743899,1,pstn,A13
LA_E_9744510,1,ulaw,A12
LA_E_9744711,1,opus,A18
LA_E_9744816,1,none,A07
LA_E_9744958,1,opus,A12
LA_E_9745122,1,none,A11
LA_E_9745179,0,opus,bonafide
LA_E_9745922,1,g722,A19
LA_E_9746125,1,none,A09
LA_E_9746206,0,opus,bonafide
LA_E_9746628,1,alaw,A10
LA_E_9747424,1,ulaw,A13
LA_E_9748640,1,ulaw,A07
LA_E_9748740,1,gsm,A16
LA_E_9749129,1,alaw,A13
LA_E_9749197,1,ulaw,A15
LA_E_9749417,1,ulaw,A11
LA_E_9749451,1,none,A17
LA_E_9750562,1,pstn,A12
LA_E_9751563,1,gsm,A14
LA_E_9751702,1,ulaw,A15
LA_E_9753613,1,pstn,A18
LA_E_9753648,0,g722,bonafide
LA_E_9754601,1,none,A13
LA_E_9755344,1,g722,A11
LA_E_9755362,1,ulaw,A17
LA_E_9755673,1,alaw,A17
LA_E_9756151,0,g722,bonafide
LA_E_9756740,1,gsm,A16
LA_E_9756781,1,pstn,A08
LA_E_9757183,1,opus,A12
LA_E_9757297,1,opus,A15
LA_E_9757633,1,alaw,A08
LA_E_9757746,1,none,A10
LA_E_9757766,1,gsm,A09
LA_E_9757773,1,g722,A07
LA_E_9758291,1,g722,A12
LA_E_9758301,1,opus,A08
LA_E_9758601,1,opus,A17
LA_E_9758994,1,gsm,A11
LA_E_9759412,1,g722,A14
LA_E_9759479,1,none,A18
LA_E_9759582,1,none,A10
LA_E_9760010,1,pstn,A07
LA_E_9762342,1,gsm,A15
LA_E_9762380,1,pstn,A09
LA_E_9763352,1,none,A18
LA_E_9763551,1,ulaw,A16
LA_E_9764244,1,opus,A19
LA_E_9764420,1,alaw,A12
LA_E_9767145,1,ulaw,A12
LA_E_9767459,1,none,A08
LA_E_9767468,1,gsm,A12
LA_E_9767666,1,g722,A10
LA_E_9768245,1,alaw,A07
LA_E_9768333,0,pstn,bonafide
LA_E_9768404,0,alaw,bonafide
LA_E_9768484,1,gsm,A10
LA_E_9768494,1,opus,A16
LA_E_9768665,1,opus,A14
LA_E_9769175,1,opus,A10
LA_E_9769678,0,gsm,bonafide
LA_E_9770272,1,pstn,A07
LA_E_9771015,0,ulaw,bonafide
LA_E_9771210,1,opus,A11
LA_E_9771719,1,gsm,A17
LA_E_9773017,1,pstn,A08
LA_E_9773165,1,g722,A11
LA_E_9773851,1,gsm,A18
LA_E_9773882,1,pstn,A12
LA_E_9774118,1,opus,A13
LA_E_9774925,1,g722,A11
LA_E_9775525,1,pstn,A17
LA_E_9775710,1,ulaw,A18
LA_E_9775874,1,pstn,A13
LA_E_9776087,1,g722,A14
LA_E_9777964,1,g722,A15
LA_E_9778214,0,g722,bonafide
LA_E_9778255,1,g722,A19
LA_E_9778508,1,none,A12
LA_E_9780346,1,none,A13
LA_E_9781549,1,gsm,A13
LA_E_9781758,1,gsm,A16
LA_E_9782772,1,none,A10
LA_E_9784528,1,g722,A07
LA_E_9784650,1,ulaw,A18
LA_E_9784892,1,none,A13
LA_E_9785246,0,ulaw,bonafide
LA_E_9785253,1,opus,A17
LA_E_9785263,1,none,A15
LA_E_9785740,1,pstn,A18
LA_E_9786758,1,g722,A15
LA_E_9789097,1,g722,A09
LA_E_9790277,0,opus,bonafide
LA_E_9791648,0,ulaw,bonafide
LA_E_9791790,1,alaw,A11
LA_E_9791875,1,alaw,A18
LA_E_9792215,1,none,A13
LA_E_9792306,1,none,A09
LA_E_9792456,1,g722,A18
LA_E_9792467,1,opus,A14
LA_E_9792849,1,ulaw,A19
LA_E_9793107,1,gsm,A16
LA_E_9794887,1,alaw,A14
LA_E_9796031,1,gsm,A10
LA_E_9796242,1,gsm,A13
LA_E_9796702,1,none,A13
LA_E_9796982,1,alaw,A11
LA_E_9797454,1,g722,A08
LA_E_9797615,1,opus,A12
LA_E_9798025,1,g722,A12
LA_E_9799002,1,none,A18
LA_E_9799357,1,opus,A18
LA_E_9799397,1,alaw,A13
LA_E_9799491,1,g722,A16
LA_E_9799785,1,gsm,A14
LA_E_9799869,1,gsm,A16
LA_E_9800287,1,g722,A08
LA_E_9800328,1,g722,A09
LA_E_9800449,1,g722,A10
LA_E_9800598,0,alaw,bonafide
LA_E_9800798,1,gsm,A08
LA_E_9801254,0,gsm,bonafide
LA_E_9801274,0,opus,bonafide
LA_E_9801642,1,alaw,A18
LA_E_9802503,0,gsm,bonafide
LA_E_9802596,1,ulaw,A18
LA_E_9803731,1,pstn,A07
LA_E_9803749,0,pstn,bonafide
LA_E_9803972,1,pstn,A17
LA_E_9804072,1,g722,A14
LA_E_9804212,1,g722,A18
LA_E_9804653,1,pstn,A12
LA_E_9804744,1,g722,A10
LA_E_9805811,1,ulaw,A13
LA_E_9806251,1,ulaw,A09
LA_E_9806435,1,none,A12
LA_E_9808087,0,pstn,bonafide
LA_E_9808091,1,ulaw,A08
LA_E_9808713,1,none,A18
LA_E_9809027,1,gsm,A12
LA_E_9809115,1,gsm,A18
LA_E_9809358,1,alaw,A14
LA_E_9809429,1,gsm,A17
LA_E_9809855,1,none,A08
LA_E_9809866,1,none,A08
LA_E_9811688,1,pstn,A08
LA_E_9812148,1,ulaw,A19
LA_E_9812285,1,ulaw,A15
LA_E_9812765,1,pstn,A09
LA_E_9813070,1,pstn,A11
LA_E_9815547,1,ulaw,A14
LA_E_9816150,1,gsm,A11
LA_E_9816273,1,alaw,A17
LA_E_9816406,1,gsm,A17
LA_E_9816447,1,alaw,A17
LA_E_9816969,1,pstn,A17
LA_E_9818019,1,none,A13
LA_E_9818075,1,ulaw,A17
LA_E_9818626,1,g722,A15
LA_E_9820287,0,none,bonafide
LA_E_9820951,1,pstn,A10
LA_E_9821317,0,alaw,bonafide
LA_E_9821565,1,alaw,A08
LA_E_9821823,1,none,A11
LA_E_9822610,1,g722,A11
LA_E_9823462,1,none,A15
LA_E_9823466,1,none,A17
LA_E_9823540,1,opus,A09
LA_E_9824113,1,g722,A08
LA_E_9824634,0,opus,bonafide
LA_E_9824887,0,alaw,bonafide
LA_E_9826000,1,pstn,A11
LA_E_9826180,1,g722,A07
LA_E_9826489,1,ulaw,A12
LA_E_9827487,1,none,A09
LA_E_9827686,1,pstn,A14
LA_E_9827968,1,alaw,A12
LA_E_9827990,1,ulaw,A19
LA_E_9828248,1,alaw,A15
LA_E_9828249,1,g722,A13
LA_E_9828684,1,alaw,A14
LA_E_9828854,1,opus,A14
LA_E_9829199,1,none,A11
LA_E_9830636,1,pstn,A08
LA_E_9831745,1,ulaw,A16
LA_E_9831896,0,ulaw,bonafide
LA_E_9832087,1,opus,A15
LA_E_9832259,1,pstn,A15
LA_E_9832402,1,g722,A18
LA_E_9832435,1,pstn,A16
LA_E_9832454,1,g722,A08
LA_E_9832661,1,none,A11
LA_E_9833288,1,g722,A13
LA_E_9833289,0,gsm,bonafide
LA_E_9833349,1,g722,A14
LA_E_9833593,1,alaw,A07
LA_E_9833941,1,alaw,A10
LA_E_9833953,1,ulaw,A16
LA_E_9833960,1,g722,A19
LA_E_9834122,1,ulaw,A19
LA_E_9834533,1,opus,A13
LA_E_9836071,1,opus,A07
LA_E_9836467,1,gsm,A12
LA_E_9836515,1,alaw,A13
LA_E_9836681,1,gsm,A13
LA_E_9837043,1,alaw,A16
LA_E_9837601,1,none,A12
LA_E_9837713,0,ulaw,bonafide
LA_E_9838224,1,g722,A19
LA_E_9838634,1,ulaw,A14
LA_E_9838724,1,g722,A07
LA_E_9838984,1,none,A07
LA_E_9840902,1,gsm,A12
LA_E_9841379,1,none,A12
LA_E_9841641,1,ulaw,A10
LA_E_9841899,0,gsm,bonafide
LA_E_9842271,0,gsm,bonafide
LA_E_9842298,1,opus,A11
LA_E_9842348,1,ulaw,A12
LA_E_9842489,1,ulaw,A11
LA_E_9842943,1,alaw,A07
LA_E_9843107,0,opus,bonafide
LA_E_9843145,1,gsm,A18
LA_E_9843236,1,pstn,A11
LA_E_9844019,0,alaw,bonafide
LA_E_9844074,0,g722,bonafide
LA_E_9844389,1,pstn,A14
LA_E_9844578,1,opus,A13
LA_E_9844609,0,none,bonafide
LA_E_9844760,1,ulaw,A16
LA_E_9844774,1,none,A14
LA_E_9844985,1,g722,A07
LA_E_9845097,1,alaw,A08
LA_E_9845274,1,alaw,A12
LA_E_9845409,1,alaw,A09
LA_E_9845772,1,g722,A09
LA_E_9846188,1,gsm,A16
LA_E_9846675,1,none,A15
LA_E_9846803,1,gsm,A11
LA_E_9847456,1,none,A18
LA_E_9847717,1,pstn,A07
LA_E_9848016,1,alaw,A09
LA_E_9848091,1,pstn,A07
LA_E_9848401,1,pstn,A09
LA_E_9848424,1,opus,A14
LA_E_9848674,1,ulaw,A19
LA_E_9849436,1,gsm,A18
LA_E_9849988,1,gsm,A09
LA_E_9850262,0,none,bonafide
LA_E_9850266,1,pstn,A09
LA_E_9850318,0,gsm,bonafide
LA_E_9850710,1,opus,A16
LA_E_9850750,1,none,A14
LA_E_9850851,1,none,A07
LA_E_9852358,0,none,bonafide
LA_E_9852387,1,gsm,A09
LA_E_9852629,1,pstn,A17
LA_E_9852817,1,pstn,A19
LA_E_9853313,1,pstn,A16
LA_E_9853443,1,pstn,A17
LA_E_9853818,1,pstn,A16
LA_E_9854084,1,alaw,A19
LA_E_9854108,1,ulaw,A11
LA_E_9854166,1,pstn,A15
LA_E_9854326,1,none,A07
LA_E_9854771,1,alaw,A16
LA_E_9854912,1,alaw,A09
LA_E_9854934,1,none,A14
LA_E_9855243,1,alaw,A15
LA_E_9856025,1,alaw,A12
LA_E_9856027,1,ulaw,A19
LA_E_9856921,1,opus,A12
LA_E_9857516,1,opus,A09
LA_E_9857998,1,gsm,A19
LA_E_9858360,0,g722,bonafide
LA_E_9858860,1,g722,A16
LA_E_9858873,1,g722,A09
LA_E_9860490,1,ulaw,A12
LA_E_9860528,1,gsm,A09
LA_E_9860682,1,alaw,A13
LA_E_9860717,1,gsm,A10
LA_E_9860886,1,ulaw,A07
LA_E_9860962,1,none,A11
LA_E_9861830,1,ulaw,A13
LA_E_9862410,1,alaw,A07
LA_E_9862644,1,alaw,A16
LA_E_9862861,1,none,A16
LA_E_9863043,1,ulaw,A16
LA_E_9863771,0,pstn,bonafide
LA_E_9863916,1,ulaw,A14
LA_E_9864165,1,none,A14
LA_E_9864303,1,none,A08
LA_E_9864596,1,ulaw,A16
LA_E_9865313,1,opus,A11
LA_E_9865836,1,pstn,A14
LA_E_9866394,1,none,A12
LA_E_9866684,1,pstn,A09
LA_E_9867072,1,g722,A07
LA_E_9867124,1,opus,A18
LA_E_9867330,0,gsm,bonafide
LA_E_9867352,1,pstn,A08
LA_E_9867770,1,alaw,A10
LA_E_9868014,1,ulaw,A10
LA_E_9868240,1,opus,A09
LA_E_9868435,1,g722,A07
LA_E_9868743,1,alaw,A10
LA_E_9869618,1,g722,A18
LA_E_9870456,1,pstn,A07
LA_E_9870464,0,opus,bonafide
LA_E_9870591,1,alaw,A12
LA_E_9871107,1,pstn,A14
LA_E_9871372,1,none,A16
LA_E_9871410,1,none,A07
LA_E_9871578,1,g722,A12
LA_E_9871632,1,opus,A16
LA_E_9871922,1,opus,A08
LA_E_9872166,1,alaw,A14
LA_E_9872260,1,g722,A13
LA_E_9873071,1,opus,A08
LA_E_9873336,1,alaw,A10
LA_E_9873574,1,gsm,A11
LA_E_9873653,1,pstn,A11
LA_E_9873717,1,pstn,A09
LA_E_9875293,0,opus,bonafide
LA_E_9875824,1,opus,A07
LA_E_9875913,1,alaw,A14
LA_E_9876288,1,pstn,A19
LA_E_9877130,1,alaw,A13
LA_E_9877671,0,none,bonafide
LA_E_9877724,1,ulaw,A15
LA_E_9877733,1,none,A19
LA_E_9878185,1,none,A12
LA_E_9878394,1,g722,A08
LA_E_9878538,1,none,A08
LA_E_9878811,1,opus,A15
LA_E_9878892,0,ulaw,bonafide
LA_E_9879062,1,pstn,A17
LA_E_9879306,1,none,A14
LA_E_9879850,1,alaw,A19
LA_E_9880179,1,pstn,A10
LA_E_9880684,1,alaw,A17
LA_E_9881446,1,none,A09
LA_E_9881566,1,opus,A19
LA_E_9881947,0,alaw,bonafide
LA_E_9882845,1,none,A14
LA_E_9883228,1,ulaw,A07
LA_E_9883245,1,alaw,A14
LA_E_9883800,1,none,A09
LA_E_9884970,1,pstn,A15
LA_E_9885821,1,alaw,A19
LA_E_9886156,0,pstn,bonafide
LA_E_9886258,1,ulaw,A14
LA_E_9886307,1,ulaw,A08
LA_E_9886358,1,gsm,A10
LA_E_9886562,1,g722,A14
LA_E_9886638,0,alaw,bonafide
LA_E_9887075,1,gsm,A12
LA_E_9887477,1,gsm,A14
LA_E_9887790,1,alaw,A13
LA_E_9887935,1,pstn,A19
LA_E_9888174,1,none,A18
LA_E_9888587,1,alaw,A16
LA_E_9888760,1,alaw,A07
LA_E_9888988,1,pstn,A16
LA_E_9889062,1,alaw,A17
LA_E_9889514,1,ulaw,A10
LA_E_9889669,1,pstn,A09
LA_E_9889793,1,opus,A09
LA_E_9889884,1,g722,A18
LA_E_9890082,1,opus,A14
LA_E_9890177,1,alaw,A09
LA_E_9890738,1,alaw,A08
LA_E_9890836,1,alaw,A13
LA_E_9891399,1,gsm,A08
LA_E_9891483,1,ulaw,A15
LA_E_9891718,1,ulaw,A18
LA_E_9892207,1,none,A09
LA_E_9892520,1,pstn,A09
LA_E_9893176,1,opus,A19
LA_E_9893320,1,alaw,A13
LA_E_9893389,0,none,bonafide
LA_E_9893484,1,gsm,A14
LA_E_9893487,1,opus,A10
LA_E_9894360,1,pstn,A19
LA_E_9894420,1,gsm,A10
LA_E_9894532,1,ulaw,A16
LA_E_9895205,1,alaw,A19
LA_E_9895546,1,opus,A08
LA_E_9895910,1,none,A16
LA_E_9896912,1,ulaw,A08
LA_E_9897041,1,opus,A11
LA_E_9897731,1,pstn,A07
LA_E_9897835,1,pstn,A10
LA_E_9898002,1,gsm,A17
LA_E_9898223,1,pstn,A18
LA_E_9898598,1,pstn,A14
LA_E_9898712,1,pstn,A08
LA_E_9898862,1,alaw,A14
LA_E_9898939,1,ulaw,A09
LA_E_9898995,1,pstn,A10
LA_E_9899113,1,none,A17
LA_E_9899329,1,none,A16
LA_E_9899635,1,gsm,A10
LA_E_9900007,0,alaw,bonafide
LA_E_9900432,1,alaw,A15
LA_E_9900848,1,g722,A13
LA_E_9900877,1,none,A19
LA_E_9900967,1,none,A17
LA_E_9901691,1,alaw,A09
LA_E_9901864,1,gsm,A07
LA_E_9902277,1,gsm,A12
LA_E_9902524,1,none,A07
LA_E_9903037,1,none,A17
LA_E_9903535,1,none,A09
LA_E_9903653,1,pstn,A15
LA_E_9903802,1,gsm,A12
LA_E_9903937,1,opus,A15
LA_E_9903947,1,pstn,A13
LA_E_9904268,1,ulaw,A10
LA_E_9904372,1,opus,A08
LA_E_9904402,1,gsm,A19
LA_E_9904803,0,opus,bonafide
LA_E_9904959,1,none,A11
LA_E_9905182,1,none,A19
LA_E_9905349,1,gsm,A08
LA_E_9905478,0,g722,bonafide
LA_E_9905542,1,alaw,A18
LA_E_9905870,0,opus,bonafide
LA_E_9906223,1,g722,A18
LA_E_9906725,1,opus,A12
LA_E_9906821,1,none,A14
LA_E_9907093,1,alaw,A11
LA_E_9907210,1,ulaw,A08
LA_E_9907825,1,ulaw,A10
LA_E_9907828,1,gsm,A09
LA_E_9907856,1,ulaw,A16
LA_E_9908171,1,alaw,A16
LA_E_9908308,1,ulaw,A19
LA_E_9908513,1,g722,A16
LA_E_9908521,1,opus,A14
LA_E_9908539,0,g722,bonafide
LA_E_9909111,1,opus,A08
LA_E_9909237,1,pstn,A19
LA_E_9910479,1,none,A10
LA_E_9910665,1,none,A17
LA_E_9911064,1,g722,A07
LA_E_9911127,1,ulaw,A09
LA_E_9912251,1,alaw,A08
LA_E_9912316,1,g722,A10
LA_E_9912566,1,g722,A18
LA_E_9912637,1,opus,A09
LA_E_9912830,1,g722,A11
LA_E_9912954,1,opus,A18
LA_E_9913345,1,opus,A09
LA_E_9913752,1,opus,A13
LA_E_9913863,1,gsm,A10
LA_E_9913947,1,gsm,A14
LA_E_9913998,1,alaw,A11
LA_E_9914244,1,ulaw,A18
LA_E_9914457,1,gsm,A07
LA_E_9915010,1,alaw,A13
LA_E_9915364,1,gsm,A12
LA_E_9915439,1,ulaw,A12
LA_E_9915481,1,pstn,A18
LA_E_9916627,0,ulaw,bonafide
LA_E_9917309,1,none,A19
LA_E_9917727,1,g722,A15
LA_E_9918033,1,gsm,A19
LA_E_9918262,1,opus,A17
LA_E_9918586,1,opus,A16
LA_E_9918803,1,gsm,A09
LA_E_9918838,1,opus,A11
LA_E_9918876,1,g722,A18
LA_E_9919495,1,g722,A07
LA_E_9919548,1,opus,A17
LA_E_9919630,1,ulaw,A08
LA_E_9920734,1,ulaw,A08
LA_E_9920950,1,opus,A14
LA_E_9920980,1,alaw,A08
LA_E_9921126,1,gsm,A15
LA_E_9921311,1,opus,A11
LA_E_9921736,1,opus,A14
LA_E_9921763,1,gsm,A13
LA_E_9921836,1,none,A10
LA_E_9921954,1,gsm,A17
LA_E_9921977,1,gsm,A11
LA_E_9922164,1,gsm,A08
LA_E_9922565,1,opus,A18
LA_E_9922730,1,pstn,A14
LA_E_9922757,1,alaw,A18
LA_E_9922899,1,opus,A19
LA_E_9923105,1,gsm,A16
LA_E_9923493,1,gsm,A07
LA_E_9923525,0,ulaw,bonafide
LA_E_9923558,1,opus,A19
LA_E_9923673,1,gsm,A09
LA_E_9924301,1,opus,A09
LA_E_9924307,1,opus,A15
LA_E_9924341,1,gsm,A09
LA_E_9925208,1,ulaw,A10
LA_E_9925378,0,alaw,bonafide
LA_E_9925482,1,gsm,A12
LA_E_9925836,1,opus,A10
LA_E_9926069,1,none,A13
LA_E_9926304,1,gsm,A08
LA_E_9926484,1,ulaw,A11
LA_E_9927144,1,opus,A19
LA_E_9927270,1,g722,A15
LA_E_9927306,1,gsm,A16
LA_E_9927964,1,alaw,A08
LA_E_9927980,1,opus,A13
LA_E_9928384,1,ulaw,A19
LA_E_9928424,1,pstn,A13
LA_E_9928579,1,gsm,A09
LA_E_9929348,1,opus,A13
LA_E_9929803,1,alaw,A09
LA_E_9929911,1,ulaw,A13
LA_E_9930055,1,alaw,A07
LA_E_9930303,1,ulaw,A09
LA_E_9930468,1,ulaw,A12
LA_E_9930676,1,opus,A07
LA_E_9930933,0,none,bonafide
LA_E_9931189,1,pstn,A10
LA_E_9931249,1,ulaw,A08
LA_E_9931569,1,alaw,A07
LA_E_9931744,1,alaw,A19
LA_E_9931798,1,pstn,A08
LA_E_9931909,1,gsm,A15
LA_E_9932020,1,ulaw,A15
LA_E_9932039,1,none,A15
LA_E_9932265,1,opus,A11
LA_E_9932626,1,gsm,A18
LA_E_9933247,1,opus,A07
LA_E_9933589,1,none,A10
LA_E_9934223,1,opus,A12
LA_E_9934379,0,opus,bonafide
LA_E_9934871,1,alaw,A15
LA_E_9934912,0,none,bonafide
LA_E_9934998,1,pstn,A10
LA_E_9935147,1,gsm,A14
LA_E_9935347,1,none,A18
LA_E_9935435,1,opus,A08
LA_E_9935554,1,ulaw,A12
LA_E_9935686,1,opus,A15
LA_E_9935824,0,pstn,bonafide
LA_E_9936010,1,ulaw,A18
LA_E_9936080,0,none,bonafide
LA_E_9937148,1,gsm,A18
LA_E_9937421,1,alaw,A16
LA_E_9937672,1,none,A10
LA_E_9937819,1,none,A09
LA_E_9938601,1,g722,A14
LA_E_9938723,1,gsm,A12
LA_E_9938852,1,opus,A07
LA_E_9938967,1,g722,A17
LA_E_9939428,0,opus,bonafide
LA_E_9939456,1,ulaw,A17
LA_E_9939594,1,ulaw,A07
LA_E_9939651,1,pstn,A12
LA_E_9939658,0,gsm,bonafide
LA_E_9939962,0,g722,bonafide
LA_E_9940442,1,gsm,A16
LA_E_9940498,1,none,A10
LA_E_9940615,1,none,A11
LA_E_9941130,1,g722,A16
LA_E_9941229,0,pstn,bonafide
LA_E_9941390,1,ulaw,A13
LA_E_9942965,1,g722,A09
LA_E_9943070,0,ulaw,bonafide
LA_E_9943234,1,g722,A18
LA_E_9943261,1,ulaw,A16
LA_E_9943396,1,opus,A08
LA_E_9943789,0,pstn,bonafide
LA_E_9943969,1,gsm,A13
LA_E_9944145,0,gsm,bonafide
LA_E_9944212,1,opus,A17
LA_E_9944382,1,g722,A07
LA_E_9944383,1,ulaw,A15
LA_E_9944721,1,alaw,A08
LA_E_9944888,1,g722,A16
LA_E_9945423,1,g722,A13
LA_E_9945847,1,gsm,A18
LA_E_9946074,1,opus,A16
LA_E_9946118,1,ulaw,A08
LA_E_9946600,1,ulaw,A13
LA_E_9946652,1,pstn,A11
LA_E_9946890,1,opus,A19
LA_E_9947260,1,opus,A09
LA_E_9947276,1,alaw,A18
LA_E_9947539,1,gsm,A16
LA_E_9947742,1,pstn,A19
LA_E_9948216,1,gsm,A16
LA_E_9948258,1,gsm,A19
LA_E_9948730,1,none,A08
LA_E_9948913,1,none,A14
LA_E_9949109,1,ulaw,A13
LA_E_9949240,1,opus,A18
LA_E_9949386,1,none,A19
LA_E_9949662,1,alaw,A10
LA_E_9950974,1,pstn,A19
LA_E_9951353,1,pstn,A16
LA_E_9952327,1,ulaw,A12
LA_E_9952505,1,ulaw,A13
LA_E_9952781,1,g722,A09
LA_E_9952908,1,alaw,A15
LA_E_9953169,1,alaw,A19
LA_E_9953261,1,opus,A12
LA_E_9953916,0,opus,bonafide
LA_E_9954172,1,gsm,A13
LA_E_9954203,1,gsm,A14
LA_E_9954248,1,gsm,A11
LA_E_9954492,1,alaw,A09
LA_E_9955809,1,gsm,A11
LA_E_9956119,1,none,A18
LA_E_9956474,1,opus,A13
LA_E_9956641,1,pstn,A14
LA_E_9956798,1,gsm,A08
LA_E_9957257,1,opus,A15
LA_E_9957890,1,pstn,A09
LA_E_9957999,1,pstn,A08
LA_E_9958090,1,ulaw,A11
LA_E_9958110,1,gsm,A18
LA_E_9958360,1,g722,A19
LA_E_9958456,1,ulaw,A17
LA_E_9959117,1,none,A12
LA_E_9960060,1,gsm,A14
LA_E_9960296,1,pstn,A17
LA_E_9960496,1,gsm,A12
LA_E_9960694,1,pstn,A11
LA_E_9960769,1,none,A11
LA_E_9960924,0,gsm,bonafide
LA_E_9961057,0,none,bonafide
LA_E_9961389,1,gsm,A16
LA_E_9961483,1,none,A17
LA_E_9962093,1,pstn,A15
LA_E_9962106,1,none,A07
LA_E_9962150,1,pstn,A17
LA_E_9962791,1,none,A11
LA_E_9962990,1,ulaw,A09
LA_E_9963146,1,ulaw,A19
LA_E_9963359,1,gsm,A17
LA_E_9963964,1,g722,A18
LA_E_9964101,1,g722,A12
LA_E_9964219,1,gsm,A14
LA_E_9964267,1,alaw,A08
LA_E_9964756,1,alaw,A12
LA_E_9965467,1,alaw,A14
LA_E_9966032,1,g722,A12
LA_E_9966162,1,g722,A17
LA_E_9966512,1,gsm,A11
LA_E_9966649,0,opus,bonafide
LA_E_9966855,1,ulaw,A07
LA_E_9966974,1,gsm,A08
LA_E_9967339,1,none,A19
LA_E_9967415,0,ulaw,bonafide
LA_E_9968317,1,alaw,A12
LA_E_9968864,1,alaw,A11
LA_E_9968867,0,none,bonafide
LA_E_9969166,1,opus,A19
LA_E_9969986,1,ulaw,A17
LA_E_9970260,1,gsm,A15
LA_E_9970372,1,g722,A18
LA_E_9970819,1,pstn,A17
LA_E_9971812,0,gsm,bonafide
LA_E_9972084,1,opus,A10
LA_E_9972539,1,ulaw,A10
LA_E_9973322,1,opus,A14
LA_E_9973896,1,none,A18
LA_E_9973899,1,g722,A07
LA_E_9974061,1,g722,A07
LA_E_9974124,1,gsm,A11
LA_E_9974897,1,pstn,A07
LA_E_9975926,1,ulaw,A18
LA_E_9976074,0,opus,bonafide
LA_E_9976128,1,ulaw,A18
LA_E_9976994,1,ulaw,A11
LA_E_9977982,0,none,bonafide
LA_E_9977997,1,pstn,A10
LA_E_9978008,1,opus,A10
LA_E_9978154,1,gsm,A13
LA_E_9978599,1,opus,A10
LA_E_9978646,1,alaw,A13
LA_E_9978671,1,gsm,A16
LA_E_9981023,1,opus,A10
LA_E_9981412,0,g722,bonafide
LA_E_9981848,0,pstn,bonafide
LA_E_9982537,1,g722,A08
LA_E_9982837,0,alaw,bonafide
LA_E_9983009,1,ulaw,A13
LA_E_9983102,1,ulaw,A14
LA_E_9983353,1,ulaw,A07
LA_E_9983715,1,opus,A18
LA_E_9983980,1,none,A10
LA_E_9983994,1,ulaw,A18
LA_E_9984381,1,none,A10
LA_E_9984455,1,pstn,A11
LA_E_9985036,1,ulaw,A12
LA_E_9985038,1,gsm,A07
LA_E_9985254,1,opus,A16
LA_E_9986053,1,ulaw,A18
LA_E_9986223,0,gsm,bonafide
LA_E_9986659,1,ulaw,A08
LA_E_9986751,1,ulaw,A15
LA_E_9988157,1,g722,A16
LA_E_9988519,1,none,A16
LA_E_9990040,1,opus,A17
LA_E_9990564,1,gsm,A11
LA_E_9990960,1,alaw,A15
LA_E_9991127,1,opus,A12
LA_E_9991135,1,gsm,A19
LA_E_9991232,1,none,A16
LA_E_9991357,0,ulaw,bonafide
LA_E_9992640,1,ulaw,A10
LA_E_9992886,1,none,A10
LA_E_9993921,1,alaw,A19
LA_E_9994444,1,gsm,A13
LA_E_9994658,0,opus,bonafide
LA_E_9995404,1,opus,A07
LA_E_9995570,1,none,A18
LA_E_9995783,1,pstn,A15
LA_E_9996008,1,pstn,A09
LA_E_9996260,1,ulaw,A18
LA_E_9997316,1,alaw,A13
LA_E_9998671,1,pstn,A07
LA_E_9999020,1,pstn,A14
LA_E_9999362,1,gsm,A15
