arquivo,classe_binaria,codec,ataque
LA_E_1000048,1,opus,A08
LA_E_1000166,1,opus,A12
LA_E_1000174,1,g722,A08
LA_E_1000345,1,opus,A19
LA_E_1000624,1,ulaw,A13
LA_E_1000636,1,g722,A11
LA_E_1000795,1,ulaw,A11
LA_E_1000854,1,g722,A15
LA_E_1000931,1,opus,A18
LA_E_1000993,1,alaw,A15
LA_E_1001118,0,alaw,bonafide
LA_E_1001135,1,ulaw,A13
LA_E_1001250,1,alaw,A17
LA_E_1001407,1,gsm,A12
LA_E_1001660,1,gsm,A17
LA_E_1001804,1,g722,A10
LA_E_1001842,1,ulaw,A19
LA_E_1001928,1,gsm,A10
LA_E_1002159,1,alaw,A14
LA_E_1002161,1,ulaw,A18
LA_E_1002323,1,ulaw,A18
LA_E_1002427,1,alaw,A10
LA_E_1002743,1,ulaw,A15
LA_E_1002895,1,ulaw,A16
LA_E_1003103,1,pstn,A11
LA_E_1003528,1,pstn,A13
LA_E_1003624,1,pstn,A15
LA_E_1003634,1,opus,A07
LA_E_1003658,1,g722,A10
LA_E_1003702,0,opus,bonafide
LA_E_1003722,1,g722,A17
LA_E_1003731,1,ulaw,A11
LA_E_1003757,1,pstn,A13
LA_E_1003795,1,none,A14
LA_E_1003840,1,alaw,A14
LA_E_1003961,1,opus,A09
LA_E_1004043,1,opus,A13
LA_E_1004209,1,ulaw,A12
LA_E_1004329,1,none,A16
LA_E_1004510,0,opus,bonafide
LA_E_1004588,1,opus,A13
LA_E_1004689,1,alaw,A18
LA_E_1004844,1,gsm,A07
LA_E_1004952,1,alaw,A12
LA_E_1005007,1,g722,A16
LA_E_1005176,1,pstn,A16
LA_E_1005523,1,ulaw,A16
LA_E_1005777,1,ulaw,A19
LA_E_1005780,1,g722,A07
LA_E_1005805,1,gsm,A18
LA_E_1005828,1,gsm,A16
LA_E_1005966,1,ulaw,A08
LA_E_1005993,1,g722,A07
LA_E_1006073,1,ulaw,A07
LA_E_1006344,1,ulaw,A17
LA_E_1006404,1,none,A12
LA_E_1006487,1,gsm,A19
LA_E_1006494,1,none,A14
LA_E_1006521,1,ulaw,A09
LA_E_1006559,1,alaw,A17
LA_E_1006663,1,alaw,A13
LA_E_1006688,1,opus,A16
LA_E_1006777,1,opus,A18
LA_E_1006816,1,alaw,A10
LA_E_1007006,1,g722,A14
LA_E_1007081,1,alaw,A11
LA_E_1007090,1,ulaw,A09
LA_E_1007270,1,pstn,A08
LA_E_1007383,1,opus,A14
LA_E_1007537,1,none,A09
LA_E_1007588,1,alaw,A11
LA_E_1007650,1,alaw,A18
LA_E_1007726,1,ulaw,A15
LA_E_1007790,1,g722,A18
LA_E_1007828,1,gsm,A14
LA_E_1007928,1,g722,A09
LA_E_1007943,1,alaw,A08
LA_E_1008159,1,gsm,A08
LA_E_1008202,1,g722,A08
LA_E_1008285,1,opus,A07
LA_E_1008300,1,alaw,A09
LA_E_1008419,1,none,A13
LA_E_1008432,1,opus,A19
LA_E_1008642,1,pstn,A09
LA_E_1008780,1,ulaw,A18
LA_E_1009173,1,opus,A17
LA_E_1009424,1,opus,A14
LA_E_1009431,1,opus,A16
LA_E_1009470,1,opus,A10
LA_E_1009630,1,ulaw,A12
LA_E_1009785,1,opus,A10
LA_E_1009935,1,g722,A16
LA_E_1010072,1,ulaw,A14
LA_E_1010450,1,none,A15
LA_E_1010473,1,none,A11
LA_E_1010485,1,alaw,A07
LA_E_1010513,1,opus,A17
LA_E_1010878,1,gsm,A13
LA_E_1010987,1,gsm,A08
LA_E_1011071,1,alaw,A19
LA_E_1011085,1,pstn,A09
LA_E_1011113,1,ulaw,A14
LA_E_1011126,1,gsm,A07
LA_E_1011196,1,none,A09
LA_E_1011202,1,opus,A09
LA_E_1012463,1,g722,A09
LA_E_1012668,1,pstn,A08
LA_E_1012689,1,none,A19
LA_E_1012803,1,g722,A14
LA_E_1012995,1,gsm,A09
LA_E_1013114,1,none,A15
LA_E_1013415,1,alaw,A16
LA_E_1013500,1,g722,A19
LA_E_1013742,1,pstn,A19
LA_E_1013754,1,gsm,A11
LA_E_1013975,1,opus,A13
LA_E_1014133,1,pstn,A14
LA_E_1014342,1,gsm,A16
LA_E_1014509,1,opus,A07
LA_E_1014837,1,gsm,A11
LA_E_1015064,1,opus,A15
LA_E_1015065,1,alaw,A17
LA_E_1015089,1,none,A10
LA_E_1015856,0,g722,bonafide
LA_E_1016011,1,pstn,A10
LA_E_1016035,0,opus,bonafide
LA_E_1016085,0,ulaw,bonafide
LA_E_1016267,1,none,A16
LA_E_1016273,1,alaw,A10
LA_E_1016427,1,gsm,A17
LA_E_1016611,1,alaw,A08
LA_E_1016720,1,gsm,A19
LA_E_1016933,1,opus,A08
LA_E_1017167,1,gsm,A13
LA_E_1017236,1,none,A19
LA_E_1017373,1,g722,A17
LA_E_1017441,1,opus,A14
LA_E_1017503,0,opus,bonafide
LA_E_1017599,1,ulaw,A13
LA_E_1017621,1,gsm,A10
LA_E_1017688,1,opus,A18
LA_E_1017890,0,pstn,bonafide
LA_E_1018027,1,none,A19
LA_E_1018206,1,g722,A15
LA_E_1018401,1,pstn,A19
LA_E_1018409,0,ulaw,bonafide
LA_E_1018583,1,opus,A08
LA_E_1018792,1,pstn,A07
LA_E_1018837,1,none,A11
LA_E_1019007,1,none,A12
LA_E_1019069,1,ulaw,A17
LA_E_1019554,1,ulaw,A18
LA_E_1019682,1,ulaw,A12
LA_E_1019687,1,none,A10
LA_E_1019703,1,alaw,A15
LA_E_1019856,0,none,bonafide
LA_E_1020073,1,none,A18
LA_E_1020123,1,ulaw,A10
LA_E_1020135,1,g722,A18
LA_E_1020265,1,opus,A19
LA_E_1020564,1,gsm,A13
LA_E_1020858,1,none,A18
LA_E_1020912,1,none,A17
LA_E_1020926,1,alaw,A07
LA_E_1020938,1,none,A17
LA_E_1021072,1,gsm,A16
LA_E_1021152,1,opus,A15
LA_E_1021339,1,pstn,A12
LA_E_1021406,1,gsm,A14
LA_E_1021552,1,none,A12
LA_E_1021854,1,pstn,A07
LA_E_1022068,1,opus,A09
LA_E_1022101,1,none,A17
LA_E_1022414,1,opus,A17
LA_E_1022541,1,g722,A08
LA_E_1022606,1,g722,A07
LA_E_1022616,1,opus,A10
LA_E_1022676,1,pstn,A15
LA_E_1022966,1,g722,A12
LA_E_1023357,1,gsm,A09
LA_E_1023566,1,gsm,A10
LA_E_1023606,1,pstn,A18
LA_E_1023753,1,alaw,A19
LA_E_1023951,1,gsm,A15
LA_E_1023975,1,gsm,A15
LA_E_1024089,1,gsm,A08
LA_E_1024446,1,gsm,A12
LA_E_1024513,1,alaw,A14
LA_E_1024696,1,pstn,A10
LA_E_1024873,1,pstn,A08
LA_E_1024893,1,opus,A13
LA_E_1025667,1,g722,A19
LA_E_1025702,1,alaw,A15
LA_E_1025914,1,gsm,A18
LA_E_1025942,1,none,A13
LA_E_1026271,1,ulaw,A10
LA_E_1026801,1,ulaw,A15
LA_E_1026957,1,g722,A07
LA_E_1027200,1,none,A09
LA_E_1027283,0,opus,bonafide
LA_E_1027307,1,g722,A12
LA_E_1027545,1,opus,A12
LA_E_1027623,1,pstn,A14
LA_E_1027709,1,gsm,A17
LA_E_1027747,0,alaw,bonafide
LA_E_1027791,1,g722,A16
LA_E_1027872,1,gsm,A14
LA_E_1027951,1,alaw,A18
LA_E_1028148,1,gsm,A11
LA_E_1028427,1,none,A18
LA_E_1028459,1,none,A14
LA_E_1028490,1,pstn,A18
LA_E_1028907,1,none,A12
LA_E_1029088,1,alaw,A13
LA_E_1029431,1,alaw,A17
LA_E_1029549,1,opus,A15
LA_E_1029740,1,ulaw,A16
LA_E_1029876,1,none,A11
LA_E_1029984,1,pstn,A12
LA_E_1030072,1,none,A17
LA_E_1030276,1,none,A19
LA_E_1030368,1,g722,A18
LA_E_1030436,1,alaw,A07
LA_E_1030855,1,alaw,A08
LA_E_1030879,1,pstn,A13
LA_E_1030981,1,g722,A10
LA_E_1031036,1,pstn,A11
LA_E_1031054,1,pstn,A09
LA_E_1031271,1,opus,A16
LA_E_1031310,0,gsm,bonafide
LA_E_1031364,1,pstn,A17
LA_E_1031558,1,ulaw,A13
LA_E_1032157,1,opus,A12
LA_E_1032202,1,opus,A10
LA_E_1032299,1,alaw,A15
LA_E_1032300,1,none,A09
LA_E_1032349,1,none,A15
LA_E_1032638,1,alaw,A11
LA_E_1032731,1,alaw,A09
LA_E_1032848,0,gsm,bonafide
LA_E_1032994,1,opus,A13
LA_E_1033069,1,ulaw,A09
LA_E_1033255,1,none,A08
LA_E_1033444,1,gsm,A09
LA_E_1033448,1,pstn,A09
LA_E_1033756,1,alaw,A13
LA_E_1034016,1,g722,A11
LA_E_1034241,1,gsm,A15
LA_E_1034623,1,gsm,A10
LA_E_1034688,1,g722,A08
LA_E_1035111,1,g722,A14
LA_E_1035122,1,g722,A13
LA_E_1035340,1,opus,A19
LA_E_1035372,1,none,A11
LA_E_1035671,1,alaw,A16
LA_E_1036080,1,none,A14
LA_E_1036505,1,ulaw,A07
LA_E_1036605,1,g722,A17
LA_E_1036713,1,none,A10
LA_E_1036753,1,gsm,A11
LA_E_1036830,1,none,A08
LA_E_1036899,0,opus,bonafide
LA_E_1036988,1,none,A07
LA_E_1037056,1,alaw,A12
LA_E_1037069,1,none,A13
LA_E_1037364,1,gsm,A16
LA_E_1037492,1,g722,A19
LA_E_1038175,1,alaw,A08
LA_E_1038483,1,gsm,A19
LA_E_1038687,1,opus,A10
LA_E_1038754,1,pstn,A08
LA_E_1038882,1,g722,A09
LA_E_1039594,1,gsm,A07
LA_E_1039684,1,opus,A19
LA_E_1039928,1,ulaw,A11
LA_E_1039970,1,alaw,A19
LA_E_1040028,1,none,A07
LA_E_1040053,1,ulaw,A10
LA_E_1040070,1,opus,A16
LA_E_1041334,1,pstn,A11
LA_E_1041375,0,opus,bonafide
LA_E_1041460,1,ulaw,A19
LA_E_1041645,1,g722,A15
LA_E_1041846,1,pstn,A07
LA_E_1041859,1,alaw,A13
LA_E_1041875,1,opus,A11
LA_E_1042266,1,pstn,A19
LA_E_1042403,1,g722,A12
LA_E_1042407,1,none,A16
LA_E_1042542,0,gsm,bonafide
LA_E_1042584,1,gsm,A18
LA_E_1042805,0,opus,bonafide
LA_E_1042815,1,gsm,A16
LA_E_1043329,1,ulaw,A15
LA_E_1043528,1,opus,A09
LA_E_1043634,1,none,A07
LA_E_1043803,1,none,A15
LA_E_1044816,1,none,A13
LA_E_1044878,1,opus,A09
LA_E_1044957,1,opus,A15
LA_E_1045377,1,ulaw,A18
LA_E_1046475,1,opus,A16
LA_E_1046673,1,opus,A14
LA_E_1047155,1,ulaw,A08
LA_E_1047184,1,pstn,A10
LA_E_1047440,1,gsm,A10
LA_E_1047611,1,pstn,A15
LA_E_1047823,1,g722,A16
LA_E_1047845,1,ulaw,A15
LA_E_1048016,1,ulaw,A17
LA_E_1048222,0,ulaw,bonafide
LA_E_1048299,0,gsm,bonafide
LA_E_1048651,1,opus,A17
LA_E_1048670,1,none,A08
LA_E_1048746,1,gsm,A12
LA_E_1048762,1,alaw,A10
LA_E_1048852,1,opus,A11
LA_E_1049031,1,alaw,A18
LA_E_1049068,1,gsm,A15
LA_E_1049989,1,g722,A19
LA_E_1050298,1,pstn,A18
LA_E_1050408,1,opus,A15
LA_E_1050706,0,alaw,bonafide
LA_E_1051090,0,alaw,bonafide
LA_E_1051926,1,ulaw,A10
LA_E_1052008,1,g722,A18
LA_E_1052095,1,gsm,A11
LA_E_1052933,1,g722,A12
LA_E_1053226,1,g722,A13
LA_E_1054198,1,pstn,A15
LA_E_1054745,0,pstn,bonafide
LA_E_1054794,1,none,A08
LA_E_1055153,0,none,bonafide
LA_E_1055314,0,gsm,bonafide
LA_E_1056193,1,alaw,A11
LA_E_1056389,1,g722,A11
LA_E_1056668,1,ulaw,A16
LA_E_1057015,0,none,bonafide
LA_E_1057066,1,ulaw,A14
LA_E_1057751,1,ulaw,A10
LA_E_1057854,1,pstn,A13
LA_E_1058308,1,gsm,A19
LA_E_1058448,1,opus,A12
LA_E_1058512,1,pstn,A07
LA_E_1058696,1,ulaw,A09
LA_E_1058936,1,alaw,A14
LA_E_1058986,1,opus,A07
LA_E_1059127,0,pstn,bonafide
LA_E_1059203,1,g722,A14
LA_E_1060119,1,pstn,A14
LA_E_1060202,0,ulaw,bonafide
LA_E_1060622,1,opus,A08
LA_E_1060904,1,opus,A18
LA_E_1061092,1,alaw,A10
LA_E_1061137,1,opus,A19
LA_E_1061163,0,none,bonafide
LA_E_1061422,0,alaw,bonafide
LA_E_1061462,1,gsm,A07
LA_E_1061658,1,alaw,A07
LA_E_1062605,1,pstn,A19
LA_E_1062918,1,opus,A08
LA_E_1063599,1,none,A16
LA_E_1063694,1,opus,A11
LA_E_1064050,1,g722,A17
LA_E_1064854,1,gsm,A14
LA_E_1065554,1,none,A18
LA_E_1065665,1,none,A07
LA_E_1065764,1,opus,A18
LA_E_1065949,1,alaw,A12
LA_E_1066511,1,none,A10
LA_E_1066663,1,pstn,A12
LA_E_1066968,1,gsm,A18
LA_E_1067475,1,pstn,A18
LA_E_1067578,1,gsm,A13
LA_E_1067640,0,g722,bonafide
LA_E_1067670,1,alaw,A09
LA_E_1067929,1,g722,A15
LA_E_1068052,1,pstn,A17
LA_E_1068599,1,ulaw,A11
LA_E_1068624,0,g722,bonafide
LA_E_1069136,1,gsm,A14
LA_E_1069528,1,gsm,A09
LA_E_1069897,1,pstn,A16
LA_E_1070243,0,pstn,bonafide
LA_E_1070420,1,ulaw,A16
LA_E_1070678,1,opus,A13
LA_E_1070922,1,gsm,A09
LA_E_1070940,1,opus,A19
LA_E_1071488,0,g722,bonafide
LA_E_1072693,1,gsm,A17
LA_E_1074164,1,pstn,A11
LA_E_1074241,1,opus,A16
LA_E_1074299,0,opus,bonafide
LA_E_1075618,1,pstn,A14
LA_E_1076209,1,alaw,A16
LA_E_1077132,0,opus,bonafide
LA_E_1077691,1,ulaw,A19
LA_E_1078231,1,ulaw,A17
LA_E_1078932,1,gsm,A13
LA_E_1080674,1,g722,A10
LA_E_1080736,1,ulaw,A07
LA_E_1081134,1,gsm,A18
LA_E_1081631,1,ulaw,A17
LA_E_1082057,1,opus,A19
LA_E_1082450,1,g722,A09
LA_E_1082534,1,g722,A11
LA_E_1082594,0,pstn,bonafide
LA_E_1082627,1,pstn,A12
LA_E_1083073,1,alaw,A19
LA_E_1083188,0,pstn,bonafide
LA_E_1083863,1,alaw,A12
LA_E_1084857,1,ulaw,A13
LA_E_1084917,1,pstn,A10
LA_E_1085229,1,opus,A10
LA_E_1085679,1,gsm,A08
LA_E_1086050,1,ulaw,A08
LA_E_1086753,1,gsm,A11
LA_E_1087189,0,ulaw,bonafide
LA_E_1087549,1,alaw,A17
LA_E_1087909,1,alaw,A16
LA_E_1088594,1,ulaw,A19
LA_E_1088874,1,none,A17
LA_E_1089452,1,gsm,A11
LA_E_1089613,1,ulaw,A12
LA_E_1090086,0,opus,bonafide
LA_E_1090196,1,opus,A11
LA_E_1090669,1,gsm,A08
LA_E_1090709,1,alaw,A09
LA_E_1093469,0,pstn,bonafide
LA_E_1094830,1,opus,A13
LA_E_1094981,1,ulaw,A07
LA_E_1095282,1,ulaw,A15
LA_E_1095486,1,opus,A07
LA_E_1095647,1,ulaw,A07
LA_E_1096858,1,gsm,A10
LA_E_1096898,1,ulaw,A16
LA_E_1097142,0,ulaw,bonafide
LA_E_1098001,1,opus,A11
LA_E_1099494,0,g722,bonafide
LA_E_1099585,1,ulaw,A18
LA_E_1100242,1,opus,A13
LA_E_1100254,1,pstn,A09
LA_E_1100263,0,none,bonafide
LA_E_1100352,1,opus,A19
LA_E_1100367,0,none,bonafide
LA_E_1100487,0,ulaw,bonafide
LA_E_1102346,1,opus,A08
LA_E_1102467,1,none,A14
LA_E_1103411,1,gsm,A16
LA_E_1103442,0,g722,bonafide
LA_E_1104073,1,none,A17
LA_E_1105780,1,g722,A13
LA_E_1106224,1,gsm,A12
LA_E_1108853,1,opus,A16
LA_E_1109603,1,opus,A17
LA_E_1109956,0,gsm,bonafide
LA_E_1110187,1,opus,A16
LA_E_1110541,0,alaw,bonafide
LA_E_1111215,1,none,A17
LA_E_1111340,1,opus,A13
LA_E_1111629,1,gsm,A18
LA_E_1112200,1,g722,A13
LA_E_1112250,1,ulaw,A09
LA_E_1112523,1,pstn,A17
LA_E_1113146,1,opus,A14
LA_E_1113839,1,none,A19
LA_E_1113878,0,opus,bonafide
LA_E_1113889,1,none,A17
LA_E_1114467,1,gsm,A11
LA_E_1114503,1,alaw,A15
LA_E_1114853,1,gsm,A08
LA_E_1115891,0,g722,bonafide
LA_E_1116879,1,none,A08
LA_E_1116929,1,ulaw,A18
LA_E_1116956,1,opus,A09
LA_E_1118477,1,alaw,A08
LA_E_1119296,1,gsm,A10
LA_E_1119521,0,alaw,bonafide
LA_E_1119741,1,ulaw,A18
LA_E_1120282,1,pstn,A09
LA_E_1120409,1,pstn,A09
LA_E_1120528,1,opus,A10
LA_E_1120579,1,opus,A17
LA_E_1121683,1,opus,A10
LA_E_1122045,1,ulaw,A16
LA_E_1122175,1,none,A09
LA_E_1122778,0,alaw,bonafide
LA_E_1123044,1,pstn,A07
LA_E_1123316,1,ulaw,A16
LA_E_1123419,1,opus,A16
LA_E_1123512,1,alaw,A10
LA_E_1123606,1,pstn,A16
LA_E_1123750,0,gsm,bonafide
LA_E_1123882,1,gsm,A10
LA_E_1124300,1,gsm,A09
LA_E_1124423,1,opus,A15
LA_E_1125465,1,ulaw,A17
LA_E_1125488,1,gsm,A15
LA_E_1125541,1,pstn,A11
LA_E_1125620,0,ulaw,bonafide
LA_E_1125689,0,pstn,bonafide
LA_E_1126267,0,opus,bonafide
LA_E_1127273,1,alaw,A07
LA_E_1128100,1,gsm,A18
LA_E_1128178,1,opus,A09
LA_E_1128243,1,opus,A09
LA_E_1128509,1,none,A13
LA_E_1128581,1,alaw,A12
LA_E_1129061,0,alaw,bonafide
LA_E_1129413,1,none,A07
LA_E_1129714,1,opus,A17
LA_E_1129758,1,pstn,A17
LA_E_1130756,1,ulaw,A08
LA_E_1132169,1,gsm,A19
LA_E_1132269,1,ulaw,A13
LA_E_1132381,1,pstn,A15
LA_E_1132699,0,ulaw,bonafide
LA_E_1132705,1,pstn,A18
LA_E_1132863,1,gsm,A18
LA_E_1133070,0,gsm,bonafide
LA_E_1133071,1,ulaw,A10
LA_E_1134623,1,g722,A16
LA_E_1135136,1,gsm,A16
LA_E_1135379,1,alaw,A10
LA_E_1135749,1,none,A13
LA_E_1136512,1,opus,A14
LA_E_1136680,1,opus,A08
LA_E_1136865,1,opus,A11
LA_E_1136879,1,opus,A09
LA_E_1136918,1,pstn,A12
LA_E_1137412,0,pstn,bonafide
LA_E_1138124,1,none,A13
LA_E_1138894,1,gsm,A17
LA_E_1139009,1,ulaw,A16
LA_E_1139249,1,pstn,A08
LA_E_1139260,1,opus,A10
LA_E_1139709,1,gsm,A08
LA_E_1139991,1,gsm,A09
LA_E_1140124,0,none,bonafide
LA_E_1140477,1,opus,A15
LA_E_1140626,1,gsm,A08
LA_E_1140836,1,gsm,A09
LA_E_1141230,1,gsm,A10
LA_E_1141553,1,opus,A08
LA_E_1141589,1,alaw,A15
LA_E_1141636,1,gsm,A14
LA_E_1142013,1,alaw,A15
LA_E_1142025,1,ulaw,A13
LA_E_1142085,0,ulaw,bonafide
LA_E_1142753,1,opus,A14
LA_E_1142796,1,alaw,A11
LA_E_1143205,1,none,A14
LA_E_1143242,1,alaw,A12
LA_E_1143505,1,alaw,A18
LA_E_1143717,1,ulaw,A15
LA_E_1144460,1,none,A10
LA_E_1144869,0,alaw,bonafide
LA_E_1145024,0,gsm,bonafide
LA_E_1145489,1,ulaw,A09
LA_E_1145532,1,none,A14
LA_E_1145882,1,pstn,A14
LA_E_1145998,0,gsm,bonafide
LA_E_1146255,1,gsm,A12
LA_E_1146814,1,ulaw,A18
LA_E_1146850,1,pstn,A07
LA_E_1147324,1,none,A19
LA_E_1147437,1,pstn,A07
LA_E_1147667,0,pstn,bonafide
LA_E_1148188,1,pstn,A15
LA_E_1148264,1,none,A12
LA_E_1148285,1,gsm,A09
LA_E_1148553,1,ulaw,A17
LA_E_1149488,1,gsm,A18
LA_E_1149968,1,gsm,A16
LA_E_1150059,0,none,bonafide
LA_E_1150080,1,none,A19
LA_E_1150219,1,opus,A15
LA_E_1150331,1,pstn,A13
LA_E_1150350,1,opus,A12
LA_E_1151176,1,alaw,A13
LA_E_1151604,1,opus,A11
LA_E_1152333,1,g722,A12
LA_E_1152523,1,pstn,A09
LA_E_1152738,1,pstn,A11
LA_E_1153313,1,ulaw,A14
LA_E_1153317,1,ulaw,A17
LA_E_1154622,1,gsm,A13
LA_E_1154768,1,ulaw,A13
LA_E_1154905,1,none,A11
LA_E_1155112,1,pstn,A12
LA_E_1155910,1,ulaw,A08
LA_E_1156704,1,gsm,A07
LA_E_1156875,1,pstn,A11
LA_E_1157625,1,none,A15
LA_E_1158367,1,alaw,A13
LA_E_1159999,1,alaw,A13
LA_E_1160362,1,alaw,A14
LA_E_1160448,1,g722,A08
LA_E_1160597,1,opus,A07
LA_E_1161145,1,none,A13
LA_E_1161609,1,g722,A17
LA_E_1161612,1,ulaw,A09
LA_E_1161836,1,gsm,A16
LA_E_1162195,1,gsm,A15
LA_E_1162365,1,gsm,A17
LA_E_1162628,1,alaw,A12
LA_E_1163468,1,ulaw,A12
LA_E_1163809,1,g722,A11
LA_E_1164316,1,g722,A19
LA_E_1164329,1,none,A19
LA_E_1164446,1,opus,A07
LA_E_1164658,1,opus,A17
LA_E_1164985,1,g722,A15
LA_E_1165449,1,pstn,A16
LA_E_1165634,1,g722,A07
LA_E_1165969,0,gsm,bonafide
LA_E_1165973,1,ulaw,A19
LA_E_1166140,1,gsm,A13
LA_E_1166262,1,opus,A08
LA_E_1167011,0,ulaw,bonafide
LA_E_1167630,1,alaw,A11
LA_E_1167684,1,ulaw,A15
LA_E_1167782,1,none,A12
LA_E_1168285,0,alaw,bonafide
LA_E_1168403,1,alaw,A07
LA_E_1168492,1,alaw,A11
LA_E_1168973,1,alaw,A16
LA_E_1169388,0,pstn,bonafide
LA_E_1169537,1,gsm,A15
LA_E_1169618,1,opus,A15
LA_E_1169685,1,none,A15
LA_E_1169709,1,pstn,A19
LA_E_1169997,0,ulaw,bonafide
LA_E_1170514,1,opus,A07
LA_E_1170550,1,none,A12
LA_E_1170707,1,none,A08
LA_E_1170852,1,alaw,A18
LA_E_1170906,1,alaw,A17
LA_E_1170991,1,gsm,A11
LA_E_1171108,1,pstn,A12
LA_E_1171483,1,none,A14
LA_E_1171700,1,none,A15
LA_E_1171740,1,alaw,A08
LA_E_1172035,1,opus,A14
LA_E_1172437,0,gsm,bonafide
LA_E_1172591,1,ulaw,A10
LA_E_1173014,1,alaw,A18
LA_E_1173080,1,alaw,A10
LA_E_1173947,1,none,A07
LA_E_1174259,1,alaw,A08
LA_E_1175585,1,opus,A11
LA_E_1175668,1,pstn,A15
LA_E_1175931,1,none,A08
LA_E_1175962,1,alaw,A14
LA_E_1176343,1,gsm,A14
LA_E_1176470,1,ulaw,A11
LA_E_1176709,1,none,A07
LA_E_1176996,1,ulaw,A10
LA_E_1177037,1,pstn,A12
LA_E_1177215,1,ulaw,A17
LA_E_1177238,1,ulaw,A12
LA_E_1177266,1,none,A09
LA_E_1177410,1,ulaw,A12
LA_E_1178094,1,gsm,A14
LA_E_1178643,1,none,A09
LA_E_1178863,1,gsm,A19
LA_E_1178954,1,alaw,A17
LA_E_1179567,1,pstn,A07
LA_E_1179705,1,ulaw,A19
LA_E_1179789,1,alaw,A13
LA_E_1180049,1,pstn,A13
LA_E_1180297,0,opus,bonafide
LA_E_1180498,1,g722,A18
LA_E_1180771,1,alaw,A18
LA_E_1181315,1,pstn,A14
LA_E_1181476,1,none,A12
LA_E_1181488,1,opus,A18
LA_E_1181895,1,g722,A12
LA_E_1182717,1,opus,A12
LA_E_1182963,1,gsm,A17
LA_E_1183287,1,g722,A13
LA_E_1183458,1,pstn,A14
LA_E_1183469,1,ulaw,A19
LA_E_1183663,1,ulaw,A12
LA_E_1183781,1,gsm,A13
LA_E_1183955,1,gsm,A08
LA_E_1184194,1,g722,A11
LA_E_1184504,1,opus,A11
LA_E_1184714,0,pstn,bonafide
LA_E_1184999,0,ulaw,bonafide
LA_E_1185093,1,alaw,A07
LA_E_1185760,1,opus,A12
LA_E_1186480,1,g722,A12
LA_E_1186712,1,pstn,A10
LA_E_1187711,1,g722,A11
LA_E_1188711,1,alaw,A09
LA_E_1188809,1,none,A15
LA_E_1189134,1,g722,A09
LA_E_1189222,1,none,A09
LA_E_1189563,1,gsm,A11
LA_E_1189625,0,g722,bonafide
LA_E_1190532,1,opus,A19
LA_E_1190641,1,ulaw,A15
LA_E_1191002,1,none,A17
LA_E_1191519,1,opus,A16
LA_E_1191735,1,alaw,A15
LA_E_1191924,1,ulaw,A13
LA_E_1191989,0,alaw,bonafide
LA_E_1192160,1,gsm,A15
LA_E_1192545,1,alaw,A08
LA_E_1192654,1,ulaw,A07
LA_E_1193390,0,none,bonafide
LA_E_1193785,1,ulaw,A09
LA_E_1194241,0,alaw,bonafide
LA_E_1194952,1,g722,A07
LA_E_1195082,1,none,A17
LA_E_1195259,1,pstn,A08
LA_E_1195896,0,gsm,bonafide
LA_E_1195902,1,alaw,A16
LA_E_1196952,1,g722,A11
LA_E_1197104,0,opus,bonafide
LA_E_1197177,1,pstn,A15
LA_E_1197293,1,g722,A13
LA_E_1197529,1,none,A11
LA_E_1198908,1,gsm,A17
LA_E_1199094,1,g722,A16
LA_E_1199264,1,gsm,A19
LA_E_1199444,1,none,A11
LA_E_1200073,1,none,A16
LA_E_1200472,1,pstn,A19
LA_E_1200528,1,ulaw,A10
LA_E_1200893,0,pstn,bonafide
LA_E_1201782,1,g722,A15
LA_E_1201881,1,gsm,A11
LA_E_1202382,1,gsm,A18
LA_E_1202817,1,g722,A16
LA_E_1203075,1,pstn,A17
LA_E_1203092,1,g722,A15
LA_E_1203273,1,opus,A19
LA_E_1203406,1,alaw,A09
LA_E_1203407,1,pstn,A08
LA_E_1203689,1,pstn,A11
LA_E_1204061,1,ulaw,A13
LA_E_1204602,1,g722,A13
LA_E_1205242,1,gsm,A11
LA_E_1205865,1,alaw,A16
LA_E_1206419,1,pstn,A14
LA_E_1206849,1,opus,A19
LA_E_1207153,1,none,A18
LA_E_1208099,1,ulaw,A14
LA_E_1208174,1,alaw,A11
LA_E_1208481,1,g722,A09
LA_E_1208858,0,pstn,bonafide
LA_E_1209220,0,g722,bonafide
LA_E_1210386,1,g722,A14
LA_E_1210531,1,ulaw,A13
LA_E_1210876,1,alaw,A17
LA_E_1211061,1,alaw,A09
LA_E_1211556,0,pstn,bonafide
LA_E_1212040,1,none,A17
LA_E_1212043,1,gsm,A12
LA_E_1212555,1,alaw,A19
LA_E_1212691,1,ulaw,A08
LA_E_1212730,1,gsm,A13
LA_E_1213295,1,none,A17
LA_E_1213451,1,alaw,A14
LA_E_1214177,1,gsm,A11
LA_E_1214240,1,gsm,A07
LA_E_1214797,1,gsm,A19
LA_E_1215651,1,ulaw,A07
LA_E_1216516,0,alaw,bonafide
LA_E_1217970,1,pstn,A10
LA_E_1218395,1,alaw,A12
LA_E_1218521,1,none,A10
LA_E_1218641,1,opus,A17
LA_E_1219251,1,opus,A13
LA_E_1219973,0,opus,bonafide
LA_E_1220004,1,gsm,A18
LA_E_1220198,1,none,A17
LA_E_1220312,1,g722,A10
LA_E_1220325,1,gsm,A18
LA_E_1220418,1,gsm,A12
LA_E_1220790,1,gsm,A12
LA_E_1220908,1,g722,A09
LA_E_1220964,1,none,A08
LA_E_1221261,0,g722,bonafide
LA_E_1221412,1,g722,A17
LA_E_1221431,1,pstn,A18
LA_E_1221709,1,opus,A08
LA_E_1221883,1,g722,A19
LA_E_1222150,1,alaw,A10
LA_E_1222382,1,gsm,A09
LA_E_1222531,1,gsm,A14
LA_E_1222604,1,g722,A08
LA_E_1222683,1,opus,A12
LA_E_1223480,1,g722,A13
LA_E_1223625,1,g722,A07
LA_E_1224297,1,none,A10
LA_E_1224496,1,alaw,A09
LA_E_1224573,1,opus,A16
LA_E_1224719,1,pstn,A10
LA_E_1224747,1,g722,A19
LA_E_1225101,0,none,bonafide
LA_E_1225462,1,gsm,A10
LA_E_1225482,1,pstn,A13
LA_E_1225657,1,alaw,A07
LA_E_1226193,1,g722,A14
LA_E_1226309,1,none,A07
LA_E_1226985,1,g722,A14
LA_E_1227648,1,ulaw,A19
LA_E_1227968,0,opus,bonafide
LA_E_1228347,1,opus,A10
LA_E_1228455,1,none,A16
LA_E_1228553,1,pstn,A18
LA_E_1228689,1,ulaw,A18
LA_E_1228824,1,opus,A19
LA_E_1229108,1,ulaw,A13
LA_E_1230112,1,none,A16
LA_E_1230155,1,g722,A18
LA_E_1230495,1,gsm,A18
LA_E_1230601,1,none,A17
LA_E_1230634,1,opus,A16
LA_E_1231238,1,none,A18
LA_E_1231765,1,opus,A11
LA_E_1231813,1,ulaw,A07
LA_E_1232030,0,ulaw,bonafide
LA_E_1232055,1,opus,A14
LA_E_1232484,1,gsm,A09
LA_E_1233549,1,g722,A09
LA_E_1234102,1,gsm,A07
LA_E_1234550,1,pstn,A07
LA_E_1234810,1,gsm,A09
LA_E_1235086,1,opus,A18
LA_E_1235302,1,opus,A16
LA_E_1236244,1,g722,A17
LA_E_1236288,1,opus,A19
LA_E_1236508,1,ulaw,A17
LA_E_1236666,1,ulaw,A15
LA_E_1237019,1,alaw,A15
LA_E_1237059,1,opus,A10
LA_E_1237896,1,pstn,A14
LA_E_1238010,0,pstn,bonafide
LA_E_1238079,1,g722,A08
LA_E_1238820,0,alaw,bonafide
LA_E_1239347,1,g722,A18
LA_E_1239367,1,g722,A15
LA_E_1239674,1,gsm,A16
LA_E_1239982,1,pstn,A08
LA_E_1240585,1,pstn,A19
LA_E_1242355,1,pstn,A07
LA_E_1242425,1,pstn,A15
LA_E_1243259,1,g722,A12
LA_E_1243350,1,opus,A10
LA_E_1243628,0,g722,bonafide
LA_E_1243688,1,none,A13
LA_E_1243883,0,opus,bonafide
LA_E_1243886,1,ulaw,A17
LA_E_1244396,0,gsm,bonafide
LA_E_1244728,1,ulaw,A18
LA_E_1245392,1,none,A18
LA_E_1245705,1,ulaw,A17
LA_E_1246148,1,opus,A08
LA_E_1246167,1,g722,A19
LA_E_1246183,1,opus,A08
LA_E_1246319,1,ulaw,A18
LA_E_1246494,1,gsm,A11
LA_E_1246513,1,gsm,A11
LA_E_1246757,1,pstn,A10
LA_E_1247013,1,pstn,A18
LA_E_1247166,1,opus,A09
LA_E_1247577,1,opus,A08
LA_E_1248526,1,opus,A07
LA_E_1248620,1,gsm,A09
LA_E_1248662,1,gsm,A11
LA_E_1249087,1,gsm,A12
LA_E_1249092,1,opus,A17
LA_E_1249277,1,ulaw,A17
LA_E_1249447,1,gsm,A18
LA_E_1249500,1,opus,A16
LA_E_1249808,1,opus,A18
LA_E_1250101,1,g722,A07
LA_E_1250903,1,ulaw,A18
LA_E_1251201,1,g722,A17
LA_E_1254277,1,gsm,A16
LA_E_1254781,1,pstn,A13
LA_E_1254829,1,opus,A14
LA_E_1255022,1,gsm,A16
LA_E_1255418,0,g722,bonafide
LA_E_1255682,1,alaw,A15
LA_E_1255785,1,opus,A11
LA_E_1256502,0,gsm,bonafide
LA_E_1257049,1,g722,A14
LA_E_1258147,1,ulaw,A18
LA_E_1258444,1,alaw,A13
LA_E_1259003,1,g722,A08
LA_E_1259332,1,pstn,A17
LA_E_1259364,1,alaw,A15
LA_E_1259482,1,pstn,A07
LA_E_1259647,1,opus,A09
LA_E_1260128,1,opus,A17
LA_E_1260583,1,ulaw,A15
LA_E_1260704,0,ulaw,bonafide
LA_E_1260717,1,alaw,A15
LA_E_1261233,1,pstn,A12
LA_E_1261482,1,ulaw,A15
LA_E_1262052,1,opus,A09
LA_E_1262324,1,alaw,A19
LA_E_1262379,1,g722,A16
LA_E_1262450,1,alaw,A15
LA_E_1262500,1,alaw,A11
LA_E_1262907,1,alaw,A15
LA_E_1263504,1,ulaw,A12
LA_E_1263655,1,opus,A10
LA_E_1264268,1,none,A19
LA_E_1264541,1,none,A13
LA_E_1264737,1,g722,A18
LA_E_1264781,1,alaw,A14
LA_E_1265062,1,alaw,A16
LA_E_1265890,1,alaw,A19
LA_E_1266150,1,ulaw,A07
LA_E_1266225,1,gsm,A15
LA_E_1266563,1,gsm,A13
LA_E_1267046,1,g722,A10
LA_E_1267110,1,gsm,A08
LA_E_1267129,1,opus,A14
LA_E_1267893,1,ulaw,A09
LA_E_1268280,0,g722,bonafide
LA_E_1268322,1,opus,A13
LA_E_1268515,1,g722,A10
LA_E_1268567,0,ulaw,bonafide
LA_E_1268607,1,ulaw,A10
LA_E_1268715,1,none,A10
LA_E_1268743,1,opus,A15
LA_E_1268796,1,none,A11
LA_E_1268948,1,opus,A18
LA_E_1269446,1,none,A16
LA_E_1269465,1,pstn,A16
LA_E_1269498,1,pstn,A15
LA_E_1269549,1,opus,A10
LA_E_1269695,1,ulaw,A16
LA_E_1269911,1,opus,A13
LA_E_1270192,1,pstn,A07
LA_E_1270492,1,ulaw,A08
LA_E_1270525,1,pstn,A07
LA_E_1271128,1,pstn,A15
LA_E_1271549,1,ulaw,A08
LA_E_1271662,1,alaw,A13
LA_E_1272297,1,none,A12
LA_E_1272900,0,pstn,bonafide
LA_E_1273246,1,ulaw,A17
LA_E_1273390,1,opus,A17
LA_E_1273627,1,pstn,A09
LA_E_1274017,0,g722,bonafide
LA_E_1274170,1,ulaw,A11
LA_E_1274668,1,pstn,A14
LA_E_1275116,1,opus,A11
LA_E_1276133,1,opus,A07
LA_E_1277186,1,none,A19
LA_E_1277911,1,gsm,A15
LA_E_1278061,1,alaw,A13
LA_E_1279077,0,g722,bonafide
LA_E_1279191,1,gsm,A10
LA_E_1279353,1,gsm,A10
LA_E_1279898,1,ulaw,A10
LA_E_1280688,1,ulaw,A12
LA_E_1280775,0,ulaw,bonafide
LA_E_1281048,1,pstn,A14
LA_E_1281206,1,ulaw,A12
LA_E_1281343,1,gsm,A08
LA_E_1281475,1,pstn,A17
LA_E_1281656,1,opus,A10
LA_E_1282080,1,opus,A08
LA_E_1282309,1,gsm,A17
LA_E_1282392,1,ulaw,A11
LA_E_1282407,1,opus,A11
LA_E_1282496,1,pstn,A14
LA_E_1282575,1,pstn,A17
LA_E_1282994,0,pstn,bonafide
LA_E_1283138,1,pstn,A19
LA_E_1283209,1,opus,A09
LA_E_1283306,1,pstn,A14
LA_E_1283317,1,none,A19
LA_E_1283440,1,ulaw,A16
LA_E_1283584,1,none,A15
LA_E_1283976,1,ulaw,A10
LA_E_1284071,1,ulaw,A12
LA_E_1284587,1,ulaw,A13
LA_E_1284718,0,gsm,bonafide
LA_E_1285244,1,alaw,A11
LA_E_1285259,1,alaw,A11
LA_E_1285991,1,opus,A12
LA_E_1286161,1,alaw,A11
LA_E_1286463,1,gsm,A19
LA_E_1286976,1,gsm,A15
LA_E_1287060,1,pstn,A12
LA_E_1287455,1,gsm,A09
LA_E_1287643,1,opus,A14
LA_E_1287934,1,alaw,A10
LA_E_1288503,0,g722,bonafide
LA_E_1288654,1,opus,A16
LA_E_1289441,1,opus,A17
LA_E_1290030,1,opus,A10
LA_E_1290262,1,gsm,A13
LA_E_1290421,1,none,A08
LA_E_1290945,1,pstn,A12
LA_E_1291220,1,gsm,A11
LA_E_1291469,1,ulaw,A16
LA_E_1291561,0,alaw,bonafide
LA_E_1291609,1,none,A12
LA_E_1292189,1,opus,A10
LA_E_1292283,1,alaw,A11
LA_E_1292287,0,gsm,bonafide
LA_E_1292312,1,g722,A13
LA_E_1292435,0,none,bonafide
LA_E_1292589,1,ulaw,A10
LA_E_1292657,1,g722,A13
LA_E_1292888,0,alaw,bonafide
LA_E_1292955,1,opus,A16
LA_E_1293189,1,none,A13
LA_E_1293444,1,gsm,A08
LA_E_1293501,1,none,A15
LA_E_1293507,1,pstn,A09
LA_E_1293865,1,gsm,A13
LA_E_1294425,1,gsm,A19
LA_E_1294450,1,ulaw,A12
LA_E_1294700,1,opus,A13
LA_E_1295521,1,pstn,A11
LA_E_1295581,1,gsm,A07
LA_E_1295619,1,gsm,A11
LA_E_1295868,1,ulaw,A18
LA_E_1296073,1,g722,A13
LA_E_1296341,1,alaw,A13
LA_E_1296453,1,none,A13
LA_E_1296579,1,g722,A13
LA_E_1297074,1,none,A17
LA_E_1297390,1,alaw,A11
LA_E_1297655,1,ulaw,A14
LA_E_1297762,1,opus,A14
LA_E_1297871,1,pstn,A15
LA_E_1297917,1,gsm,A16
LA_E_1298012,1,gsm,A19
LA_E_1298155,1,ulaw,A13
LA_E_1298217,1,pstn,A11
LA_E_1298235,1,pstn,A14
LA_E_1298523,1,gsm,A17
LA_E_1298570,1,none,A12
LA_E_1299714,1,opus,A16
LA_E_1300197,1,none,A18
LA_E_1300540,1,g722,A10
LA_E_1300722,1,none,A14
LA_E_1300735,1,ulaw,A16
LA_E_1300774,1,none,A12
LA_E_1300865,1,none,A19
LA_E_1301092,1,alaw,A19
LA_E_1301286,1,opus,A11
LA_E_1301860,1,ulaw,A08
LA_E_1301963,1,pstn,A11
LA_E_1301969,1,none,A14
LA_E_1302024,1,opus,A15
LA_E_1302025,1,none,A17
LA_E_1302889,1,opus,A19
LA_E_1303027,1,gsm,A10
LA_E_1303313,1,ulaw,A13
LA_E_1303403,1,none,A15
LA_E_1303468,1,none,A15
LA_E_1303553,1,g722,A13
LA_E_1303629,1,none,A15
LA_E_1303733,1,gsm,A08
LA_E_1303745,1,alaw,A08
LA_E_1303964,1,ulaw,A13
LA_E_1304334,1,gsm,A13
LA_E_1304600,1,alaw,A15
LA_E_1305035,1,gsm,A19
LA_E_1305287,1,pstn,A12
LA_E_1305857,1,gsm,A15
LA_E_1305971,1,opus,A19
LA_E_1306604,1,none,A14
LA_E_1307071,1,opus,A17
LA_E_1307124,1,ulaw,A14
LA_E_1307434,1,pstn,A12
LA_E_1307558,1,g722,A13
LA_E_1308118,1,none,A12
LA_E_1308265,1,none,A14
LA_E_1308451,1,ulaw,A11
LA_E_1308487,1,pstn,A14
LA_E_1308644,1,opus,A15
LA_E_1308735,1,opus,A17
LA_E_1308819,1,g722,A07
LA_E_1308956,1,opus,A17
LA_E_1309756,1,ulaw,A15
LA_E_1309817,1,g722,A15
LA_E_1310059,1,none,A17
LA_E_1310118,1,none,A12
LA_E_1310463,1,none,A07
LA_E_1310641,1,opus,A16
LA_E_1311701,1,gsm,A17
LA_E_1312125,1,alaw,A17
LA_E_1312659,1,g722,A11
LA_E_1312978,1,g722,A11
LA_E_1313287,1,ulaw,A07
LA_E_1313467,1,gsm,A10
LA_E_1313585,1,opus,A15
LA_E_1314015,1,g722,A11
LA_E_1314101,1,none,A13
LA_E_1314533,1,ulaw,A19
LA_E_1314602,1,pstn,A12
LA_E_1315110,1,gsm,A13
LA_E_1315136,1,alaw,A13
LA_E_1315152,1,pstn,A15
LA_E_1315300,1,none,A13
LA_E_1316230,1,g722,A19
LA_E_1316263,1,opus,A17
LA_E_1316598,1,opus,A17
LA_E_1316704,1,ulaw,A09
LA_E_1316981,1,alaw,A13
LA_E_1317377,1,none,A14
LA_E_1317450,1,alaw,A09
LA_E_1317749,1,opus,A16
LA_E_1317753,1,ulaw,A09
LA_E_1318199,1,opus,A09
LA_E_1318531,1,gsm,A14
LA_E_1318614,1,opus,A07
LA_E_1318781,1,pstn,A15
LA_E_1319103,1,none,A07
LA_E_1319277,1,ulaw,A10
LA_E_1319290,1,pstn,A12
LA_E_1319750,1,opus,A12
LA_E_1320115,1,ulaw,A15
LA_E_1320663,1,opus,A11
LA_E_1320709,1,gsm,A08
LA_E_1321033,1,ulaw,A18
LA_E_1321044,1,gsm,A15
LA_E_1321077,1,g722,A11
LA_E_1321594,1,opus,A14
LA_E_1321790,1,none,A14
LA_E_1322185,1,none,A08
LA_E_1323378,1,ulaw,A14
LA_E_1323460,1,opus,A10
LA_E_1323850,1,g722,A11
LA_E_1324515,1,alaw,A08
LA_E_1324807,1,none,A08
LA_E_1325087,1,opus,A17
LA_E_1325145,1,alaw,A07
LA_E_1325808,1,opus,A11
LA_E_1325842,1,ulaw,A13
LA_E_1325865,1,ulaw,A17
LA_E_1326126,1,ulaw,A18
LA_E_1326360,1,none,A19
LA_E_1326375,1,opus,A12
LA_E_1326494,1,ulaw,A07
LA_E_1326522,1,opus,A13
LA_E_1326577,1,alaw,A09
LA_E_1327501,1,none,A07
LA_E_1327756,1,gsm,A17
LA_E_1327833,0,opus,bonafide
LA_E_1327837,1,alaw,A10
LA_E_1328152,1,alaw,A17
LA_E_1328171,1,alaw,A18
LA_E_1328377,0,g722,bonafide
LA_E_1328497,1,alaw,A09
LA_E_1328853,1,gsm,A16
LA_E_1329317,1,none,A13
LA_E_1329418,1,ulaw,A13
LA_E_1329569,0,g722,bonafide
LA_E_1329825,1,none,A07
LA_E_1329930,1,opus,A10
LA_E_1329973,1,pstn,A10
LA_E_1330237,1,none,A08
LA_E_1330433,1,gsm,A19
LA_E_1330438,1,pstn,A11
LA_E_1330528,0,opus,bonafide
LA_E_1330882,1,pstn,A11
LA_E_1332077,1,pstn,A09
LA_E_1332474,1,gsm,A18
LA_E_1332610,1,alaw,A12
LA_E_1333054,1,opus,A14
LA_E_1333192,1,opus,A12
LA_E_1333752,1,alaw,A11
LA_E_1333807,1,none,A10
LA_E_1334462,1,opus,A14
LA_E_1334570,1,opus,A11
LA_E_1334706,1,alaw,A12
LA_E_1334771,1,none,A07
LA_E_1334921,1,ulaw,A17
LA_E_1335284,1,ulaw,A19
LA_E_1335348,0,ulaw,bonafide
LA_E_1336027,1,gsm,A10
LA_E_1336802,1,alaw,A12
LA_E_1336835,1,pstn,A07
LA_E_1336977,1,alaw,A13
LA_E_1337315,0,opus,bonafide
LA_E_1337906,1,ulaw,A09
LA_E_1337988,1,pstn,A10
LA_E_1338125,1,none,A15
LA_E_1338181,1,alaw,A18
LA_E_1338449,1,alaw,A10
LA_E_1338593,1,opus,A19
LA_E_1338858,1,none,A17
LA_E_1338957,1,alaw,A12
LA_E_1339229,1,alaw,A09
LA_E_1339290,1,alaw,A12
LA_E_1339856,1,alaw,A15
LA_E_1340229,1,none,A12
LA_E_1340277,1,gsm,A12
LA_E_1340736,1,opus,A18
LA_E_1341006,1,pstn,A14
LA_E_1341362,1,none,A19
LA_E_1341511,1,gsm,A18
LA_E_1341827,1,gsm,A14
LA_E_1341952,1,ulaw,A17
LA_E_1342107,1,none,A07
LA_E_1342392,1,pstn,A10
LA_E_1342662,1,gsm,A10
LA_E_1342693,1,none,A08
LA_E_1342800,1,none,A08
LA_E_1342990,1,ulaw,A07
LA_E_1343312,1,ulaw,A12
LA_E_1343469,1,none,A09
LA_E_1344088,1,none,A09
LA_E_1344544,1,alaw,A15
LA_E_1344642,1,gsm,A10
LA_E_1344649,0,gsm,bonafide
LA_E_1344708,1,ulaw,A19
LA_E_1345101,1,pstn,A09
LA_E_1345390,1,none,A09
LA_E_1345488,1,alaw,A09
LA_E_1345666,1,ulaw,A15
LA_E_1345712,1,opus,A15
LA_E_1345778,1,pstn,A10
LA_E_1346658,1,gsm,A07
LA_E_1346731,1,gsm,A17
LA_E_1346771,1,none,A09
LA_E_1346921,1,pstn,A09
LA_E_1347869,1,gsm,A18
LA_E_1347905,1,ulaw,A16
LA_E_1348002,0,pstn,bonafide
LA_E_1348155,1,g722,A19
LA_E_1348212,0,pstn,bonafide
LA_E_1349325,1,pstn,A14
LA_E_1349521,1,alaw,A08
LA_E_1349645,1,ulaw,A09
LA_E_1350201,1,gsm,A15
LA_E_1350337,1,alaw,A10
LA_E_1350338,1,gsm,A09
LA_E_1350628,1,g722,A11
LA_E_1350668,1,opus,A12
LA_E_1351257,1,none,A16
LA_E_1351799,1,alaw,A16
LA_E_1352178,1,gsm,A14
LA_E_1352409,1,alaw,A15
LA_E_1352422,1,pstn,A11
LA_E_1353172,1,g722,A12
LA_E_1353529,1,gsm,A08
LA_E_1354070,1,g722,A12
LA_E_1354733,1,ulaw,A08
LA_E_1354816,1,none,A14
LA_E_1354904,1,alaw,A07
LA_E_1354934,1,g722,A14
LA_E_1355090,1,gsm,A08
LA_E_1355093,1,none,A17
LA_E_1355182,1,alaw,A18
LA_E_1355234,1,alaw,A08
LA_E_1355282,1,alaw,A10
LA_E_1355420,1,alaw,A12
LA_E_1356721,1,alaw,A15
LA_E_1356788,1,gsm,A15
LA_E_1357185,1,none,A07
LA_E_1357565,1,g722,A09
LA_E_1358147,1,gsm,A09
LA_E_1358229,1,ulaw,A07
LA_E_1358276,1,g722,A15
LA_E_1358322,1,opus,A08
LA_E_1358570,1,ulaw,A19
LA_E_1358577,1,pstn,A16
LA_E_1358583,1,alaw,A07
LA_E_1358857,1,ulaw,A15
LA_E_1359079,1,none,A19
LA_E_1359139,1,alaw,A09
LA_E_1359415,1,gsm,A08
LA_E_1360418,1,pstn,A15
LA_E_1360564,1,ulaw,A15
LA_E_1360654,1,alaw,A18
LA_E_1360709,1,alaw,A10
LA_E_1361140,1,g722,A08
LA_E_1361160,1,g722,A15
LA_E_1361487,1,none,A15
LA_E_1361516,1,none,A14
LA_E_1362223,1,g722,A15
LA_E_1362328,0,none,bonafide
LA_E_1362338,1,gsm,A09
LA_E_1363283,1,gsm,A12
LA_E_1363306,1,gsm,A18
LA_E_1363655,1,gsm,A17
LA_E_1364132,1,alaw,A14
LA_E_1364342,1,opus,A15
LA_E_1364351,1,none,A10
LA_E_1364414,1,gsm,A18
LA_E_1364477,1,ulaw,A18
LA_E_1364536,1,none,A14
LA_E_1364614,1,none,A10
LA_E_1365262,1,opus,A09
LA_E_1365270,1,alaw,A17
LA_E_1365410,1,alaw,A07
LA_E_1365963,1,g722,A14
LA_E_1366016,1,ulaw,A18
LA_E_1366064,1,g722,A16
LA_E_1366117,1,gsm,A12
LA_E_1366241,1,g722,A07
LA_E_1366396,1,none,A10
LA_E_1366417,1,opus,A19
LA_E_1366689,1,alaw,A11
LA_E_1366976,1,gsm,A19
LA_E_1367261,1,none,A13
LA_E_1367784,1,none,A10
LA_E_1367945,1,pstn,A18
LA_E_1368022,1,opus,A09
LA_E_1368179,0,opus,bonafide
LA_E_1368230,1,none,A07
LA_E_1368349,1,none,A07
LA_E_1368454,1,ulaw,A17
LA_E_1368780,0,pstn,bonafide
LA_E_1369002,1,alaw,A10
LA_E_1369405,1,g722,A15
LA_E_1369624,1,alaw,A15
LA_E_1369994,1,alaw,A07
LA_E_1370156,1,g722,A15
LA_E_1370336,1,gsm,A17
LA_E_1370754,1,ulaw,A07
LA_E_1370986,0,opus,bonafide
LA_E_1371051,1,gsm,A11
LA_E_1371064,1,none,A14
LA_E_1371121,1,pstn,A10
LA_E_1371205,1,g722,A17
LA_E_1371251,1,opus,A07
LA_E_1371410,1,alaw,A17
LA_E_1371481,0,pstn,bonafide
LA_E_1371484,1,opus,A08
LA_E_1371743,1,g722,A19
LA_E_1372215,1,opus,A08
LA_E_1372227,1,g722,A19
LA_E_1372514,1,ulaw,A17
LA_E_1372592,1,g722,A07
LA_E_1372607,1,g722,A17
LA_E_1372717,1,alaw,A16
LA_E_1372752,0,none,bonafide
LA_E_1373373,1,ulaw,A19
LA_E_1373997,1,alaw,A17
LA_E_1374711,1,g722,A16
LA_E_1374851,1,alaw,A08
LA_E_1375421,1,alaw,A11
LA_E_1375566,1,none,A13
LA_E_1375808,1,g722,A19
LA_E_1376663,1,gsm,A12
LA_E_1376707,1,pstn,A18
LA_E_1376869,1,opus,A14
LA_E_1377433,1,gsm,A16
LA_E_1377531,1,g722,A18
LA_E_1377569,1,ulaw,A14
LA_E_1377714,1,alaw,A07
LA_E_1378128,1,opus,A09
LA_E_1378210,1,gsm,A17
LA_E_1378258,1,g722,A19
LA_E_1378291,1,alaw,A13
LA_E_1378606,1,g722,A14
LA_E_1379679,0,none,bonafide
LA_E_1379706,1,alaw,A11
LA_E_1379744,1,alaw,A18
LA_E_1379856,1,pstn,A12
LA_E_1379948,1,ulaw,A10
LA_E_1380238,1,pstn,A12
LA_E_1380506,1,alaw,A17
LA_E_1380519,1,gsm,A10
LA_E_1380605,1,pstn,A18
LA_E_1380923,1,opus,A12
LA_E_1380977,1,none,A07
LA_E_1380987,1,pstn,A13
LA_E_1381029,1,none,A08
LA_E_1381474,1,pstn,A09
LA_E_1381520,1,g722,A19
LA_E_1381534,1,g722,A14
LA_E_1382136,1,alaw,A09
LA_E_1382586,1,alaw,A17
LA_E_1382936,1,g722,A16
LA_E_1383031,1,gsm,A15
LA_E_1383112,1,alaw,A18
LA_E_1383163,1,g722,A12
LA_E_1383697,1,none,A16
LA_E_1383779,1,alaw,A08
LA_E_1384119,1,opus,A11
LA_E_1384314,1,g722,A09
LA_E_1384354,1,gsm,A10
LA_E_1384813,0,alaw,bonafide
LA_E_1385152,1,g722,A14
LA_E_1385266,1,none,A07
LA_E_1385279,0,alaw,bonafide
LA_E_1385880,0,pstn,bonafide
LA_E_1386025,1,g722,A18
LA_E_1386047,1,alaw,A10
LA_E_1386558,1,none,A09
LA_E_1386581,1,g722,A18
LA_E_1386655,1,opus,A15
LA_E_1386869,1,g722,A08
LA_E_1388099,1,opus,A12
LA_E_1388194,1,none,A16
LA_E_1388343,1,pstn,A12
LA_E_1388471,1,ulaw,A08
LA_E_1388547,1,g722,A14
LA_E_1388705,1,pstn,A16
LA_E_1388781,1,gsm,A13
LA_E_1388810,1,opus,A13
LA_E_1388821,1,none,A10
LA_E_1389535,1,gsm,A13
LA_E_1389876,1,gsm,A07
LA_E_1390064,1,none,A16
LA_E_1390497,1,ulaw,A07
LA_E_1390634,1,pstn,A18
LA_E_1390973,1,ulaw,A07
LA_E_1391000,1,pstn,A18
LA_E_1391576,1,gsm,A13
LA_E_1391976,1,gsm,A16
LA_E_1391980,1,opus,A18
LA_E_1392347,1,alaw,A09
LA_E_1392691,1,ulaw,A07
LA_E_1392728,1,gsm,A14
LA_E_1392857,1,alaw,A08
LA_E_1392913,1,none,A09
LA_E_1393084,1,ulaw,A09
LA_E_1393148,1,ulaw,A10
LA_E_1393498,1,gsm,A07
LA_E_1393537,1,g722,A08
LA_E_1393746,1,alaw,A11
LA_E_1394303,1,pstn,A19
LA_E_1394382,1,opus,A19
LA_E_1394546,1,g722,A18
LA_E_1394743,1,gsm,A11
LA_E_1394898,1,none,A11
LA_E_1395100,1,opus,A13
LA_E_1395193,1,ulaw,A09
LA_E_1395254,1,opus,A11
LA_E_1395429,1,gsm,A16
LA_E_1395473,1,opus,A07
LA_E_1395728,1,pstn,A18
LA_E_1395761,1,none,A13
LA_E_1396534,1,ulaw,A09
LA_E_1397325,1,pstn,A07
LA_E_1397375,0,g722,bonafide
LA_E_1397614,1,none,A16
LA_E_1398175,1,alaw,A14
LA_E_1398308,1,gsm,A07
LA_E_1398387,1,ulaw,A08
LA_E_1398413,0,g722,bonafide
LA_E_1399544,1,g722,A07
LA_E_1399702,0,none,bonafide
LA_E_1399910,0,pstn,bonafide
LA_E_1400402,1,ulaw,A16
LA_E_1400887,1,alaw,A09
LA_E_1400982,1,pstn,A13
LA_E_1401028,1,ulaw,A11
LA_E_1401099,1,alaw,A16
LA_E_1401173,0,ulaw,bonafide
LA_E_1401407,1,g722,A17
LA_E_1401664,1,alaw,A12
LA_E_1402091,1,gsm,A11
LA_E_1402182,0,pstn,bonafide
LA_E_1402183,0,ulaw,bonafide
LA_E_1402352,1,g722,A11
LA_E_1402589,0,none,bonafide
LA_E_1403155,1,pstn,A19
LA_E_1403357,1,g722,A14
LA_E_1403653,1,gsm,A12
LA_E_1403792,1,alaw,A13
LA_E_1403831,1,alaw,A10
LA_E_1403872,1,alaw,A12
LA_E_1403895,1,alaw,A09
LA_E_1403942,1,g722,A18
LA_E_1404249,1,gsm,A17
LA_E_1404720,1,g722,A13
LA_E_1404783,1,none,A14
LA_E_1404962,1,g722,A17
LA_E_1405210,1,none,A11
LA_E_1405221,1,opus,A16
LA_E_1405547,0,ulaw,bonafide
LA_E_1405568,1,g722,A09
LA_E_1405916,1,ulaw,A19
LA_E_1405922,1,gsm,A08
LA_E_1405977,1,ulaw,A19
LA_E_1405981,1,ulaw,A16
LA_E_1406029,1,opus,A12
LA_E_1406400,1,gsm,A19
LA_E_1406608,1,g722,A16
LA_E_1406710,1,g722,A09
LA_E_1406775,1,none,A12
LA_E_1406806,1,alaw,A10
LA_E_1406829,1,gsm,A11
LA_E_1406832,1,gsm,A19
LA_E_1407084,1,none,A15
LA_E_1407518,1,alaw,A16
LA_E_1407735,1,opus,A15
LA_E_1407974,1,pstn,A13
LA_E_1407990,1,none,A11
LA_E_1408200,1,g722,A13
LA_E_1408206,1,opus,A16
LA_E_1408536,1,pstn,A07
LA_E_1409809,1,opus,A16
LA_E_1409867,1,none,A13
LA_E_1409925,1,g722,A09
LA_E_1409927,1,g722,A17
LA_E_1411190,1,none,A09
LA_E_1411272,1,alaw,A16
LA_E_1411276,1,ulaw,A16
LA_E_1411354,1,ulaw,A11
LA_E_1411611,1,g722,A16
LA_E_1411738,1,gsm,A19
LA_E_1411784,1,ulaw,A12
LA_E_1411954,1,gsm,A08
LA_E_1411978,1,pstn,A16
LA_E_1412086,1,ulaw,A11
LA_E_1412334,1,g722,A08
LA_E_1412577,1,none,A11
LA_E_1412621,1,none,A19
LA_E_1412647,1,g722,A12
LA_E_1412903,1,g722,A13
LA_E_1413135,1,gsm,A07
LA_E_1413277,1,gsm,A19
LA_E_1413303,1,g722,A09
LA_E_1413486,1,none,A12
LA_E_1413505,1,ulaw,A12
LA_E_1413569,1,opus,A09
LA_E_1414076,1,opus,A13
LA_E_1414109,1,g722,A07
LA_E_1414289,1,pstn,A14
LA_E_1414455,1,none,A10
LA_E_1415256,1,opus,A08
LA_E_1415638,1,none,A19
LA_E_1415643,1,pstn,A14
LA_E_1415755,1,pstn,A07
LA_E_1415803,1,g722,A16
LA_E_1416333,1,alaw,A19
LA_E_1416901,1,g722,A18
LA_E_1417472,1,opus,A09
LA_E_1417558,1,g722,A12
LA_E_1417619,1,alaw,A07
LA_E_1418149,1,gsm,A19
LA_E_1418249,1,ulaw,A12
LA_E_1418450,1,gsm,A11
LA_E_1418743,0,alaw,bonafide
LA_E_1418770,1,none,A16
LA_E_1418890,1,alaw,A07
LA_E_1418972,1,g722,A07
LA_E_1419008,1,ulaw,A08
LA_E_1419386,1,none,A13
LA_E_1419601,1,alaw,A16
LA_E_1419812,1,none,A15
LA_E_1420691,1,none,A12
LA_E_1420875,1,g722,A15
LA_E_1421072,1,g722,A08
LA_E_1421106,1,ulaw,A14
LA_E_1421443,1,none,A19
LA_E_1421529,1,ulaw,A11
LA_E_1421590,1,gsm,A11
LA_E_1421724,0,opus,bonafide
LA_E_1421783,1,pstn,A12
LA_E_1421821,1,none,A18
LA_E_1422042,1,gsm,A14
LA_E_1422282,1,pstn,A19
LA_E_1423457,1,alaw,A14
LA_E_1424017,0,g722,bonafide
LA_E_1424046,1,g722,A11
LA_E_1424346,1,none,A07
LA_E_1424657,1,pstn,A19
LA_E_1425335,1,pstn,A10
LA_E_1425862,1,gsm,A11
LA_E_1425870,1,alaw,A16
LA_E_1425920,1,none,A09
LA_E_1425945,0,alaw,bonafide
LA_E_1426285,1,g722,A13
LA_E_1426383,1,opus,A13
LA_E_1426573,1,ulaw,A12
LA_E_1426762,0,g722,bonafide
LA_E_1426851,1,g722,A08
LA_E_1426925,1,alaw,A09
LA_E_1427116,1,none,A12
LA_E_1427242,1,ulaw,A13
LA_E_1427327,1,none,A19
LA_E_1427387,1,pstn,A07
LA_E_1427537,1,pstn,A09
LA_E_1427662,0,alaw,bonafide
LA_E_1427707,1,opus,A17
LA_E_1427730,1,pstn,A08
LA_E_1427752,0,g722,bonafide
LA_E_1428342,1,opus,A10
LA_E_1428404,1,none,A09
LA_E_1428505,1,g722,A11
LA_E_1428526,1,alaw,A14
LA_E_1428584,1,gsm,A15
LA_E_1428853,1,pstn,A13
LA_E_1428855,1,pstn,A13
LA_E_1429024,1,ulaw,A15
LA_E_1429429,1,ulaw,A08
LA_E_1429684,0,opus,bonafide
LA_E_1429933,1,opus,A13
LA_E_1429967,1,alaw,A12
LA_E_1430169,1,pstn,A19
LA_E_1430261,1,none,A18
LA_E_1430476,1,gsm,A15
LA_E_1430526,1,ulaw,A09
LA_E_1430598,1,none,A16
LA_E_1430661,1,alaw,A19
LA_E_1430701,1,alaw,A14
LA_E_1430829,1,opus,A18
LA_E_1431172,1,opus,A15
LA_E_1431254,1,opus,A17
LA_E_1431352,1,pstn,A15
LA_E_1431452,1,none,A09
LA_E_1431647,1,ulaw,A16
LA_E_1431769,1,pstn,A18
LA_E_1432066,1,alaw,A10
LA_E_1432123,1,ulaw,A16
LA_E_1432895,1,alaw,A19
LA_E_1433147,1,gsm,A17
LA_E_1433332,1,none,A15
LA_E_1433535,1,opus,A14
LA_E_1433752,1,gsm,A09
LA_E_1434004,0,alaw,bonafide
LA_E_1434731,1,gsm,A09
LA_E_1435064,1,opus,A10
LA_E_1435433,0,alaw,bonafide
LA_E_1435933,1,pstn,A15
LA_E_1435948,1,ulaw,A09
LA_E_1435965,1,ulaw,A17
LA_E_1436127,1,pstn,A19
LA_E_1436214,1,g722,A19
LA_E_1436482,1,ulaw,A19
LA_E_1436487,1,none,A15
LA_E_1436847,1,gsm,A12
LA_E_1437577,1,pstn,A07
LA_E_1437647,1,alaw,A18
LA_E_1437664,1,g722,A09
LA_E_1437727,1,alaw,A07
LA_E_1437902,0,pstn,bonafide
LA_E_1437918,1,g722,A12
LA_E_1437994,1,opus,A18
LA_E_1438147,1,gsm,A19
LA_E_1438289,1,ulaw,A07
LA_E_1438482,1,opus,A07
LA_E_1438777,1,g722,A09
LA_E_1439093,1,ulaw,A14
LA_E_1439627,1,opus,A07
LA_E_1440821,1,pstn,A18
LA_E_1440963,1,ulaw,A15
LA_E_1440974,1,alaw,A08
LA_E_1441024,1,gsm,A12
LA_E_1441156,0,opus,bonafide
LA_E_1441427,1,alaw,A13
LA_E_1441496,1,opus,A15
LA_E_1441697,1,gsm,A11
LA_E_1441767,1,opus,A14
LA_E_1441972,1,none,A17
LA_E_1442242,1,pstn,A11
LA_E_1442397,1,ulaw,A10
LA_E_1442465,1,alaw,A19
LA_E_1443296,1,ulaw,A19
LA_E_1443640,1,none,A12
LA_E_1443753,1,opus,A17
LA_E_1443911,1,alaw,A13
LA_E_1443979,1,gsm,A07
LA_E_1444284,0,pstn,bonafide
LA_E_1444401,1,g722,A11
LA_E_1444425,1,ulaw,A11
LA_E_1444472,1,alaw,A12
LA_E_1444512,1,alaw,A11
LA_E_1444593,1,alaw,A14
LA_E_1444708,1,gsm,A13
LA_E_1444747,1,alaw,A08
LA_E_1444775,1,g722,A13
LA_E_1444888,1,gsm,A07
LA_E_1445116,1,opus,A17
LA_E_1445124,1,alaw,A10
LA_E_1445364,1,alaw,A16
LA_E_1445438,1,opus,A07
LA_E_1445593,1,ulaw,A14
LA_E_1445699,0,g722,bonafide
LA_E_1445825,1,g722,A17
LA_E_1446133,1,alaw,A13
LA_E_1446780,1,pstn,A17
LA_E_1446786,1,ulaw,A19
LA_E_1446861,0,pstn,bonafide
LA_E_1447141,1,g722,A07
LA_E_1447197,1,g722,A08
LA_E_1447244,1,opus,A17
LA_E_1447767,1,ulaw,A12
LA_E_1447860,1,pstn,A13
LA_E_1449082,1,none,A11
LA_E_1449253,1,pstn,A17
LA_E_1449307,1,alaw,A19
LA_E_1449564,1,alaw,A07
LA_E_1449661,1,ulaw,A17
LA_E_1450035,1,ulaw,A13
LA_E_1450053,1,opus,A08
LA_E_1450120,1,none,A11
LA_E_1450376,1,pstn,A15
LA_E_1450520,1,alaw,A18
LA_E_1450643,1,pstn,A17
LA_E_1450959,1,g722,A19
LA_E_1451004,1,ulaw,A07
LA_E_1451284,1,gsm,A07
LA_E_1451467,1,opus,A19
LA_E_1452374,0,alaw,bonafide
LA_E_1452455,1,alaw,A08
LA_E_1452483,1,none,A16
LA_E_1452812,1,g722,A11
LA_E_1453063,1,pstn,A14
LA_E_1453905,1,pstn,A09
LA_E_1453957,1,none,A19
LA_E_1454455,1,gsm,A18
LA_E_1454519,1,none,A15
LA_E_1454791,1,gsm,A16
LA_E_1454918,1,alaw,A15
LA_E_1455301,0,none,bonafide
LA_E_1455332,1,ulaw,A13
LA_E_1455619,1,g722,A18
LA_E_1455831,1,opus,A14
LA_E_1455900,1,pstn,A11
LA_E_1456224,1,ulaw,A18
LA_E_1456934,1,alaw,A19
LA_E_1458575,1,alaw,A08
LA_E_1458577,1,alaw,A17
LA_E_1458678,1,none,A16
LA_E_1458730,1,opus,A14
LA_E_1459434,1,opus,A14
LA_E_1459659,1,g722,A09
LA_E_1459694,1,g722,A08
LA_E_1459904,1,gsm,A13
LA_E_1459969,1,opus,A16
LA_E_1460271,0,g722,bonafide
LA_E_1460413,1,gsm,A11
LA_E_1460705,1,none,A17
LA_E_1460747,1,ulaw,A14
LA_E_1460867,1,ulaw,A10
LA_E_1461172,0,gsm,bonafide
LA_E_1461246,1,ulaw,A10
LA_E_1461895,1,alaw,A12
LA_E_1461954,1,alaw,A19
LA_E_1462474,1,gsm,A12
LA_E_1462611,1,none,A10
LA_E_1463473,1,gsm,A11
LA_E_1463679,1,gsm,A18
LA_E_1463957,1,gsm,A08
LA_E_1464429,0,gsm,bonafide
LA_E_1464554,1,none,A10
LA_E_1464567,1,none,A09
LA_E_1465360,1,g722,A08
LA_E_1465581,1,opus,A12
LA_E_1465684,1,g722,A14
LA_E_1466074,1,opus,A19
LA_E_1466127,0,none,bonafide
LA_E_1466592,1,gsm,A07
LA_E_1467516,1,alaw,A14
LA_E_1467557,1,gsm,A11
LA_E_1468546,1,g722,A15
LA_E_1468705,1,alaw,A15
LA_E_1469138,1,opus,A18
LA_E_1469241,1,none,A11
LA_E_1469384,0,none,bonafide
LA_E_1470112,1,none,A18
LA_E_1470590,1,pstn,A15
LA_E_1470741,1,opus,A12
LA_E_1471037,1,gsm,A14
LA_E_1471429,1,alaw,A07
LA_E_1471455,1,alaw,A16
LA_E_1471535,1,g722,A15
LA_E_1471876,1,pstn,A16
LA_E_1471887,1,pstn,A08
LA_E_1471923,0,ulaw,bonafide
LA_E_1472190,0,alaw,bonafide
LA_E_1473667,1,gsm,A14
LA_E_1473694,1,ulaw,A17
LA_E_1473820,1,none,A13
LA_E_1473859,1,g722,A09
LA_E_1474815,1,pstn,A11
LA_E_1475083,1,pstn,A18
LA_E_1475133,1,g722,A12
LA_E_1475433,1,none,A14
LA_E_1475541,1,pstn,A18
LA_E_1475573,1,gsm,A07
LA_E_1475611,1,g722,A14
LA_E_1476051,1,opus,A14
LA_E_1476286,1,ulaw,A08
LA_E_1476326,1,pstn,A11
LA_E_1476335,1,gsm,A08
LA_E_1476514,1,alaw,A17
LA_E_1476758,1,gsm,A12
LA_E_1476790,1,gsm,A12
LA_E_1476841,1,alaw,A09
LA_E_1477351,1,ulaw,A09
LA_E_1477597,1,gsm,A17
LA_E_1477825,1,g722,A14
LA_E_1478091,0,gsm,bonafide
LA_E_1478295,1,opus,A17
LA_E_1478525,1,alaw,A14
LA_E_1478578,1,g722,A18
LA_E_1478606,1,g722,A12
LA_E_1478776,1,ulaw,A08
LA_E_1479027,1,none,A08
LA_E_1479202,1,alaw,A18
LA_E_1479586,1,opus,A07
LA_E_1479637,1,ulaw,A11
LA_E_1479647,1,gsm,A11
LA_E_1479946,0,none,bonafide
LA_E_1480108,1,g722,A14
LA_E_1480692,1,none,A10
LA_E_1480811,1,pstn,A17
LA_E_1482224,1,none,A08
LA_E_1482732,1,gsm,A18
LA_E_1482904,1,alaw,A18
LA_E_1482944,1,opus,A10
LA_E_1483415,1,ulaw,A13
LA_E_1483834,0,pstn,bonafide
LA_E_1484058,1,g722,A15
LA_E_1484138,1,ulaw,A17
LA_E_1484423,1,g722,A08
LA_E_1484745,1,g722,A11
LA_E_1484951,1,opus,A07
LA_E_1485095,1,pstn,A08
LA_E_1485583,1,gsm,A08
LA_E_1485635,1,alaw,A14
LA_E_1485727,1,gsm,A16
LA_E_1486188,1,none,A10
LA_E_1486998,1,gsm,A11
LA_E_1487185,1,opus,A19
LA_E_1487398,1,gsm,A19
LA_E_1487450,0,ulaw,bonafide
LA_E_1487926,1,gsm,A10
LA_E_1488065,1,none,A17
LA_E_1488387,1,none,A16
LA_E_1489079,0,opus,bonafide
LA_E_1489239,1,alaw,A16
LA_E_1489341,1,ulaw,A11
LA_E_1490116,1,none,A13
LA_E_1490249,1,pstn,A07
LA_E_1490536,1,none,A08
LA_E_1490723,1,pstn,A08
LA_E_1490838,1,ulaw,A16
LA_E_1490852,1,alaw,A16
LA_E_1491036,1,pstn,A09
LA_E_1491081,1,pstn,A09
LA_E_1491118,1,g722,A08
LA_E_1491174,1,pstn,A08
LA_E_1491991,1,pstn,A17
LA_E_1492011,1,opus,A10
LA_E_1492231,1,gsm,A15
LA_E_1492508,1,alaw,A18
LA_E_1492815,1,alaw,A09
LA_E_1493054,1,g722,A16
LA_E_1493071,1,none,A16
LA_E_1493683,1,none,A08
LA_E_1493847,1,opus,A16
LA_E_1494126,1,opus,A16
LA_E_1494509,1,gsm,A18
LA_E_1494553,0,none,bonafide
LA_E_1494616,1,alaw,A17
LA_E_1495011,1,opus,A15
LA_E_1495060,1,g722,A17
LA_E_1495373,1,gsm,A14
LA_E_1495388,1,g722,A12
LA_E_1495751,0,none,bonafide
LA_E_1496097,1,ulaw,A13
LA_E_1496313,1,opus,A16
LA_E_1496414,1,g722,A19
LA_E_1496670,1,g722,A16
LA_E_1496938,1,none,A14
LA_E_1496973,1,ulaw,A08
LA_E_1497025,1,ulaw,A13
LA_E_1497156,1,g722,A08
LA_E_1497216,1,opus,A13
LA_E_1497357,1,none,A17
LA_E_1497513,1,alaw,A17
LA_E_1497539,1,opus,A19
LA_E_1497575,1,gsm,A17
LA_E_1497609,1,pstn,A08
LA_E_1497837,1,g722,A19
LA_E_1497972,1,alaw,A09
LA_E_1498017,1,none,A15
LA_E_1498181,1,ulaw,A17
LA_E_1499803,1,alaw,A14
LA_E_1499859,1,pstn,A15
LA_E_1500011,1,pstn,A10
LA_E_1500520,1,pstn,A12
LA_E_1500549,1,alaw,A14
LA_E_1500906,1,alaw,A08
LA_E_1501100,1,pstn,A09
LA_E_1501211,1,alaw,A19
LA_E_1501659,1,alaw,A09
LA_E_1502049,1,g722,A09
LA_E_1502576,1,pstn,A13
LA_E_1502620,1,alaw,A19
LA_E_1502735,1,pstn,A13
LA_E_1502830,1,g722,A18
LA_E_1502925,0,gsm,bonafide
LA_E_1503142,1,none,A15
LA_E_1503308,1,opus,A14
LA_E_1503708,1,none,A10
LA_E_1504074,1,none,A11
LA_E_1504204,1,gsm,A17
LA_E_1504506,1,gsm,A13
LA_E_1505288,1,ulaw,A09
LA_E_1505354,1,gsm,A15
LA_E_1505452,1,g722,A15
LA_E_1505573,1,ulaw,A13
LA_E_1506375,1,pstn,A14
LA_E_1506521,1,pstn,A16
LA_E_1506566,1,none,A13
LA_E_1506587,1,pstn,A17
LA_E_1506607,1,ulaw,A11
LA_E_1506797,1,none,A18
LA_E_1507068,1,opus,A13
LA_E_1507465,1,pstn,A11
LA_E_1507713,1,ulaw,A14
LA_E_1507738,1,g722,A12
LA_E_1507946,1,ulaw,A17
LA_E_1507993,1,alaw,A15
LA_E_1508181,1,ulaw,A16
LA_E_1508244,1,gsm,A08
LA_E_1508741,1,none,A14
LA_E_1509075,0,g722,bonafide
LA_E_1509148,1,pstn,A16
LA_E_1509300,1,alaw,A09
LA_E_1509992,1,opus,A19
LA_E_1510494,1,alaw,A16
LA_E_1510862,1,g722,A10
LA_E_1511544,1,gsm,A19
LA_E_1512337,1,g722,A19
LA_E_1512463,1,opus,A14
LA_E_1512785,1,ulaw,A14
LA_E_1512919,1,g722,A07
LA_E_1513364,1,alaw,A14
LA_E_1513463,1,pstn,A19
LA_E_1513829,1,pstn,A16
LA_E_1514005,0,g722,bonafide
LA_E_1514094,1,g722,A17
LA_E_1514200,1,alaw,A12
LA_E_1514260,1,none,A16
LA_E_1514422,1,pstn,A07
LA_E_1514503,1,pstn,A19
LA_E_1514633,1,opus,A10
LA_E_1515102,1,ulaw,A16
LA_E_1515204,1,gsm,A17
LA_E_1515869,1,opus,A18
LA_E_1516057,1,ulaw,A19
LA_E_1516084,1,g722,A13
LA_E_1516092,1,opus,A15
LA_E_1516335,1,gsm,A11
LA_E_1516387,1,gsm,A08
LA_E_1516415,1,none,A14
LA_E_1516645,1,none,A14
LA_E_1516706,1,gsm,A15
LA_E_1516884,1,none,A13
LA_E_1516915,1,gsm,A17
LA_E_1516990,1,opus,A17
LA_E_1517208,1,gsm,A11
LA_E_1517209,1,g722,A18
LA_E_1517486,1,opus,A18
LA_E_1518067,1,opus,A13
LA_E_1518149,1,ulaw,A09
LA_E_1518524,1,opus,A18
LA_E_1519114,1,ulaw,A13
LA_E_1519223,1,opus,A17
LA_E_1519297,1,g722,A10
LA_E_1519689,1,g722,A14
LA_E_1519850,1,none,A11
LA_E_1520457,1,alaw,A12
LA_E_1520475,1,ulaw,A08
LA_E_1520591,1,opus,A10
LA_E_1521081,1,gsm,A15
LA_E_1521103,1,ulaw,A15
LA_E_1521270,0,ulaw,bonafide
LA_E_1521283,1,opus,A14
LA_E_1521406,1,opus,A08
LA_E_1521413,1,g722,A16
LA_E_1521828,1,alaw,A12
LA_E_1522215,1,g722,A07
LA_E_1522239,1,gsm,A15
LA_E_1522247,0,none,bonafide
LA_E_1522674,1,gsm,A18
LA_E_1522947,1,none,A11
LA_E_1522970,1,ulaw,A16
LA_E_1523066,0,gsm,bonafide
LA_E_1523155,1,alaw,A15
LA_E_1523253,1,pstn,A13
LA_E_1523406,1,opus,A09
LA_E_1523508,1,ulaw,A09
LA_E_1523688,1,gsm,A19
LA_E_1524392,1,g722,A13
LA_E_1525330,1,gsm,A10
LA_E_1525348,1,gsm,A07
LA_E_1525538,1,ulaw,A07
LA_E_1525764,1,g722,A07
LA_E_1526193,1,ulaw,A19
LA_E_1526199,1,alaw,A10
LA_E_1526994,1,gsm,A15
LA_E_1527030,1,none,A08
LA_E_1527109,0,g722,bonafide
LA_E_1527110,1,opus,A16
LA_E_1527327,1,pstn,A17
LA_E_1528505,1,pstn,A18
LA_E_1528693,1,alaw,A19
LA_E_1528877,1,none,A07
LA_E_1529013,1,opus,A10
LA_E_1529121,1,none,A11
LA_E_1529258,1,ulaw,A18
LA_E_1529671,1,pstn,A10
LA_E_1529790,0,ulaw,bonafide
LA_E_1530006,1,ulaw,A09
LA_E_1530023,1,alaw,A15
LA_E_1530643,1,ulaw,A17
LA_E_1530769,1,none,A14
LA_E_1531102,1,pstn,A07
LA_E_1531190,1,gsm,A07
LA_E_1531275,1,opus,A08
LA_E_1531357,1,ulaw,A08
LA_E_1531736,1,alaw,A11
LA_E_1532635,0,none,bonafide
LA_E_1532671,0,none,bonafide
LA_E_1532903,1,opus,A17
LA_E_1533076,1,gsm,A09
LA_E_1533137,1,alaw,A19
LA_E_1533375,1,none,A13
LA_E_1533545,1,alaw,A11
LA_E_1533886,1,none,A07
LA_E_1534216,1,ulaw,A16
LA_E_1534427,1,alaw,A15
LA_E_1534725,1,none,A18
LA_E_1534855,1,g722,A07
LA_E_1535358,1,g722,A10
LA_E_1536278,1,pstn,A13
LA_E_1537359,1,gsm,A15
LA_E_1537434,1,alaw,A10
LA_E_1537632,0,alaw,bonafide
LA_E_1537978,0,pstn,bonafide
LA_E_1538020,1,none,A13
LA_E_1538881,1,opus,A10
LA_E_1538973,1,g722,A15
LA_E_1539229,1,ulaw,A13
LA_E_1539420,1,ulaw,A10
LA_E_1539874,1,pstn,A14
LA_E_1539909,1,none,A07
LA_E_1540355,1,gsm,A08
LA_E_1540673,1,opus,A17
LA_E_1540836,1,ulaw,A11
LA_E_1540926,1,ulaw,A19
LA_E_1540954,1,gsm,A14
LA_E_1541054,1,g722,A10
LA_E_1541081,1,gsm,A19
LA_E_1541358,1,gsm,A15
LA_E_1541855,1,g722,A10
LA_E_1542157,1,ulaw,A12
LA_E_1542933,1,gsm,A11
LA_E_1543222,1,ulaw,A16
LA_E_1543336,1,g722,A11
LA_E_1543489,1,none,A19
LA_E_1543580,1,opus,A19
LA_E_1543591,1,ulaw,A17
LA_E_1543849,1,gsm,A07
LA_E_1544001,1,ulaw,A15
LA_E_1544129,1,g722,A13
LA_E_1544383,1,g722,A17
LA_E_1544957,0,none,bonafide
LA_E_1545025,0,opus,bonafide
LA_E_1545106,1,alaw,A17
LA_E_1545355,1,alaw,A13
LA_E_1545559,1,g722,A17
LA_E_1545694,1,gsm,A14
LA_E_1545706,1,gsm,A19
LA_E_1545749,1,gsm,A13
LA_E_1545771,1,pstn,A19
LA_E_1545886,1,none,A12
LA_E_1545975,1,ulaw,A14
LA_E_1546435,1,gsm,A07
LA_E_1546622,1,alaw,A12
LA_E_1546829,1,opus,A07
LA_E_1547062,1,gsm,A07
LA_E_1547106,1,gsm,A09
LA_E_1547324,1,alaw,A13
LA_E_1547654,1,g722,A11
LA_E_1547728,1,pstn,A17
LA_E_1548038,1,pstn,A10
LA_E_1548080,1,none,A13
LA_E_1548165,1,opus,A13
LA_E_1548358,1,alaw,A10
LA_E_1548361,1,gsm,A18
LA_E_1548433,1,g722,A16
LA_E_1548490,1,gsm,A13
LA_E_1548565,1,g722,A10
LA_E_1548616,1,gsm,A10
LA_E_1548750,1,opus,A09
LA_E_1549297,1,alaw,A09
LA_E_1549626,1,ulaw,A10
LA_E_1549712,1,ulaw,A07
LA_E_1549740,1,opus,A14
LA_E_1549888,1,gsm,A09
LA_E_1550224,1,ulaw,A16
LA_E_1550241,1,pstn,A19
LA_E_1550865,1,g722,A11
LA_E_1551030,1,pstn,A14
LA_E_1551242,1,g722,A11
LA_E_1551267,1,g722,A18
LA_E_1551375,1,none,A19
LA_E_1551511,1,alaw,A19
LA_E_1551555,0,pstn,bonafide
LA_E_1551593,1,opus,A12
LA_E_1551635,1,pstn,A10
LA_E_1551761,1,ulaw,A11
LA_E_1551793,1,gsm,A18
LA_E_1551851,1,opus,A11
LA_E_1552046,1,ulaw,A15
LA_E_1552075,1,opus,A18
LA_E_1552355,1,g722,A11
LA_E_1552377,1,ulaw,A17
LA_E_1552398,1,none,A15
LA_E_1552509,1,g722,A13
LA_E_1552691,1,g722,A07
LA_E_1553115,1,ulaw,A13
LA_E_1553170,1,opus,A08
LA_E_1553541,1,none,A07
LA_E_1553662,1,none,A07
LA_E_1554143,1,opus,A15
LA_E_1554153,1,none,A19
LA_E_1554324,1,gsm,A15
LA_E_1554585,1,alaw,A07
LA_E_1554792,1,pstn,A17
LA_E_1555003,1,none,A12
LA_E_1555091,1,opus,A16
LA_E_1555179,0,none,bonafide
LA_E_1555522,1,gsm,A07
LA_E_1555560,0,pstn,bonafide
LA_E_1555734,1,alaw,A12
LA_E_1556077,1,gsm,A08
LA_E_1556441,1,alaw,A15
LA_E_1556467,1,ulaw,A12
LA_E_1556488,0,none,bonafide
LA_E_1556505,1,opus,A10
LA_E_1556606,1,ulaw,A16
LA_E_1557036,1,alaw,A07
LA_E_1557225,1,none,A18
LA_E_1557408,1,pstn,A15
LA_E_1557746,1,gsm,A12
LA_E_1558088,0,pstn,bonafide
LA_E_1558158,1,gsm,A07
LA_E_1558180,1,gsm,A19
LA_E_1559367,1,alaw,A07
LA_E_1559371,1,ulaw,A09
LA_E_1559415,1,ulaw,A18
LA_E_1559841,1,opus,A09
LA_E_1559843,1,pstn,A15
LA_E_1559851,1,opus,A16
LA_E_1560094,1,pstn,A09
LA_E_1560473,1,pstn,A16
LA_E_1560692,1,gsm,A13
LA_E_1561188,1,gsm,A18
LA_E_1561288,1,none,A19
LA_E_1561425,0,pstn,bonafide
LA_E_1561603,1,ulaw,A18
LA_E_1561832,1,alaw,A11
LA_E_1561930,1,g722,A13
LA_E_1562191,0,alaw,bonafide
LA_E_1562498,1,opus,A17
LA_E_1563143,1,pstn,A09
LA_E_1563537,1,gsm,A15
LA_E_1563606,1,pstn,A13
LA_E_1563683,0,gsm,bonafide
LA_E_1564200,1,gsm,A12
LA_E_1564481,1,pstn,A17
LA_E_1564517,1,ulaw,A17
LA_E_1564736,1,ulaw,A19
LA_E_1564811,0,ulaw,bonafide
LA_E_1564859,1,none,A17
LA_E_1564943,1,pstn,A19
LA_E_1565032,1,g722,A13
LA_E_1565307,1,ulaw,A16
LA_E_1565402,1,pstn,A09
LA_E_1565443,1,none,A08
LA_E_1565709,1,ulaw,A07
LA_E_1565738,0,opus,bonafide
LA_E_1566101,1,none,A07
LA_E_1566231,1,opus,A15
LA_E_1566289,1,ulaw,A17
LA_E_1566386,1,pstn,A10
LA_E_1566515,1,opus,A08
LA_E_1566616,1,ulaw,A15
LA_E_1567315,1,pstn,A15
LA_E_1567535,1,gsm,A10
LA_E_1567800,1,ulaw,A10
LA_E_1567848,1,alaw,A11
LA_E_1568058,1,gsm,A08
LA_E_1568099,1,alaw,A16
LA_E_1568236,1,opus,A14
LA_E_1568344,1,pstn,A14
LA_E_1568581,1,gsm,A16
LA_E_1568809,1,g722,A08
LA_E_1569219,1,gsm,A17
LA_E_1569618,1,gsm,A19
LA_E_1569783,1,alaw,A15
LA_E_1569805,1,opus,A10
LA_E_1569965,1,pstn,A16
LA_E_1570181,1,opus,A11
LA_E_1570231,0,alaw,bonafide
LA_E_1570269,1,alaw,A18
LA_E_1570300,1,ulaw,A17
LA_E_1570992,1,gsm,A09
LA_E_1571084,1,ulaw,A19
LA_E_1571285,1,none,A09
LA_E_1571402,1,alaw,A13
LA_E_1571980,1,alaw,A18
LA_E_1572112,1,ulaw,A18
LA_E_1572672,1,alaw,A09
LA_E_1573476,1,none,A12
LA_E_1573729,0,alaw,bonafide
LA_E_1573875,1,opus,A17
LA_E_1574086,1,g722,A08
LA_E_1574095,1,opus,A07
LA_E_1574194,1,pstn,A16
LA_E_1574381,1,alaw,A16
LA_E_1574552,1,pstn,A08
LA_E_1574797,1,gsm,A11
LA_E_1574986,1,gsm,A07
LA_E_1575080,1,gsm,A17
LA_E_1575166,1,alaw,A10
LA_E_1575183,1,opus,A14
LA_E_1575244,1,ulaw,A13
LA_E_1575353,1,alaw,A11
LA_E_1575354,1,gsm,A15
LA_E_1575413,1,ulaw,A19
LA_E_1575465,1,gsm,A19
LA_E_1575638,0,g722,bonafide
LA_E_1576227,1,alaw,A15
LA_E_1576306,1,none,A19
LA_E_1576426,1,pstn,A09
LA_E_1577090,1,pstn,A14
LA_E_1577566,0,none,bonafide
LA_E_1577570,1,alaw,A10
LA_E_1577839,1,alaw,A10
LA_E_1577868,1,ulaw,A15
LA_E_1578110,1,ulaw,A14
LA_E_1578140,1,gsm,A17
LA_E_1578159,1,none,A09
LA_E_1578334,1,none,A17
LA_E_1579399,1,opus,A11
LA_E_1579404,1,opus,A13
LA_E_1579482,1,ulaw,A12
LA_E_1580366,1,g722,A19
LA_E_1580606,1,ulaw,A18
LA_E_1581004,1,alaw,A07
LA_E_1581084,0,g722,bonafide
LA_E_1581162,1,opus,A14
LA_E_1581177,1,opus,A12
LA_E_1581340,1,opus,A19
LA_E_1581889,1,none,A08
LA_E_1582290,1,ulaw,A19
LA_E_1582309,1,g722,A19
LA_E_1582379,0,pstn,bonafide
LA_E_1582634,1,opus,A18
LA_E_1582660,1,pstn,A14
LA_E_1582939,1,none,A15
LA_E_1583279,1,gsm,A08
LA_E_1584028,1,gsm,A18
LA_E_1584396,1,opus,A13
LA_E_1584423,1,ulaw,A17
LA_E_1584564,1,none,A14
LA_E_1584774,1,opus,A14
LA_E_1584971,1,alaw,A07
LA_E_1585102,1,none,A19
LA_E_1585946,1,ulaw,A19
LA_E_1586145,1,opus,A07
LA_E_1586193,1,opus,A16
LA_E_1586330,1,pstn,A09
LA_E_1586405,1,alaw,A12
LA_E_1586495,1,none,A10
LA_E_1586846,1,opus,A07
LA_E_1586899,1,ulaw,A16
LA_E_1586921,1,pstn,A08
LA_E_1587205,1,ulaw,A14
LA_E_1587241,1,opus,A17
LA_E_1587331,0,g722,bonafide
LA_E_1587477,1,ulaw,A12
LA_E_1587701,1,none,A18
LA_E_1589080,1,none,A18
LA_E_1589186,1,pstn,A09
LA_E_1589593,1,opus,A09
LA_E_1589613,1,opus,A14
LA_E_1589702,1,gsm,A12
LA_E_1589728,1,ulaw,A10
LA_E_1589850,0,gsm,bonafide
LA_E_1590864,1,none,A15
LA_E_1590881,1,opus,A17
LA_E_1591247,1,opus,A10
LA_E_1591327,0,alaw,bonafide
LA_E_1591576,1,gsm,A18
LA_E_1591666,1,none,A15
LA_E_1591973,1,opus,A12
LA_E_1591980,1,g722,A18
LA_E_1592147,1,opus,A07
LA_E_1592167,1,g722,A16
LA_E_1592245,1,alaw,A10
LA_E_1592649,1,opus,A12
LA_E_1592670,1,gsm,A10
LA_E_1592853,1,g722,A19
LA_E_1593341,1,g722,A08
LA_E_1593469,1,g722,A09
LA_E_1593477,1,ulaw,A15
LA_E_1593523,1,none,A17
LA_E_1594108,0,opus,bonafide
LA_E_1594123,1,ulaw,A10
LA_E_1594306,1,alaw,A11
LA_E_1594368,0,gsm,bonafide
LA_E_1594430,1,ulaw,A18
LA_E_1594966,1,gsm,A17
LA_E_1594980,1,ulaw,A16
LA_E_1595072,0,ulaw,bonafide
LA_E_1595081,1,opus,A19
LA_E_1595303,1,none,A14
LA_E_1595390,1,none,A13
LA_E_1595451,1,g722,A10
LA_E_1595517,1,ulaw,A19
LA_E_1595524,1,g722,A09
LA_E_1595932,1,none,A11
LA_E_1596419,1,alaw,A09
LA_E_1596583,1,alaw,A09
LA_E_1596678,1,g722,A18
LA_E_1596810,1,g722,A19
LA_E_1596888,1,gsm,A11
LA_E_1597045,1,alaw,A14
LA_E_1597590,1,ulaw,A17
LA_E_1598070,0,none,bonafide
LA_E_1598513,1,pstn,A15
LA_E_1598966,1,alaw,A08
LA_E_1598972,1,ulaw,A12
LA_E_1599073,1,ulaw,A19
LA_E_1599100,1,g722,A07
LA_E_1599483,1,none,A08
LA_E_1599959,1,ulaw,A08
LA_E_1600136,1,pstn,A12
LA_E_1600372,1,none,A16
LA_E_1600461,1,pstn,A16
LA_E_1600603,1,alaw,A10
LA_E_1600651,1,none,A16
LA_E_1600895,1,alaw,A10
LA_E_1600922,1,none,A13
LA_E_1601221,1,none,A09
LA_E_1601243,1,none,A17
LA_E_1601275,1,alaw,A14
LA_E_1601522,1,pstn,A07
LA_E_1601524,1,ulaw,A15
LA_E_1601934,1,opus,A07
LA_E_1601952,1,none,A19
LA_E_1602014,1,pstn,A16
LA_E_1602782,1,ulaw,A17
LA_E_1603067,1,pstn,A17
LA_E_1603158,1,opus,A09
LA_E_1603659,1,pstn,A14
LA_E_1603713,1,alaw,A08
LA_E_1603867,1,g722,A17
LA_E_1604000,1,pstn,A11
LA_E_1604077,1,gsm,A18
LA_E_1604163,1,gsm,A16
LA_E_1604883,1,opus,A14
LA_E_1604929,1,gsm,A18
LA_E_1604991,1,alaw,A12
LA_E_1605356,1,pstn,A15
LA_E_1605675,1,none,A14
LA_E_1605784,1,opus,A15
LA_E_1607452,1,opus,A09
LA_E_1607566,1,gsm,A16
LA_E_1607628,1,pstn,A13
LA_E_1607715,1,none,A15
LA_E_1607828,1,opus,A15
LA_E_1607860,1,ulaw,A11
LA_E_1608087,1,none,A07
LA_E_1608326,1,alaw,A07
LA_E_1608577,1,g722,A19
LA_E_1608670,1,gsm,A19
LA_E_1609128,1,opus,A14
LA_E_1609679,1,pstn,A13
LA_E_1609726,1,pstn,A07
LA_E_1609984,1,gsm,A08
LA_E_1610304,1,opus,A10
LA_E_1610446,1,pstn,A16
LA_E_1610863,1,gsm,A17
LA_E_1611116,1,pstn,A16
LA_E_1611405,1,gsm,A19
LA_E_1611534,1,pstn,A12
LA_E_1611852,1,ulaw,A19
LA_E_1612111,1,opus,A12
LA_E_1612314,1,ulaw,A09
LA_E_1612477,1,pstn,A11
LA_E_1612707,1,g722,A12
LA_E_1612958,1,gsm,A07
LA_E_1613378,1,opus,A11
LA_E_1613526,1,gsm,A09
LA_E_1613665,1,opus,A10
LA_E_1614013,1,gsm,A19
LA_E_1614051,1,ulaw,A10
LA_E_1614282,1,pstn,A10
LA_E_1614308,1,ulaw,A13
LA_E_1614541,1,opus,A07
LA_E_1614675,0,none,bonafide
LA_E_1614876,1,gsm,A15
LA_E_1614996,1,alaw,A11
LA_E_1615151,1,none,A12
LA_E_1615389,1,opus,A19
LA_E_1615523,1,opus,A17
LA_E_1615685,1,gsm,A18
LA_E_1615772,1,none,A17
LA_E_1615776,1,none,A12
LA_E_1615822,0,g722,bonafide
LA_E_1616032,1,alaw,A08
LA_E_1616402,1,g722,A09
LA_E_1617030,1,opus,A07
LA_E_1617056,0,gsm,bonafide
LA_E_1617196,1,ulaw,A19
LA_E_1617470,1,g722,A10
LA_E_1617797,1,ulaw,A09
LA_E_1618009,1,opus,A15
LA_E_1618412,1,opus,A16
LA_E_1618446,1,gsm,A10
LA_E_1618559,1,alaw,A09
LA_E_1618760,1,pstn,A13
LA_E_1619087,1,none,A08
LA_E_1619247,1,none,A08
LA_E_1619314,1,opus,A08
LA_E_1619390,1,gsm,A12
LA_E_1619488,1,pstn,A10
LA_E_1619674,1,g722,A07
LA_E_1619683,1,gsm,A19
LA_E_1619807,1,pstn,A18
LA_E_1619913,1,pstn,A08
LA_E_1620280,1,opus,A12
LA_E_1620521,1,ulaw,A18
LA_E_1620567,1,ulaw,A10
LA_E_1621632,1,pstn,A15
LA_E_1621952,1,none,A07
LA_E_1622060,1,opus,A13
LA_E_1622074,1,alaw,A12
LA_E_1622084,1,gsm,A17
LA_E_1622158,1,opus,A19
LA_E_1622220,1,none,A12
LA_E_1622326,1,g722,A14
LA_E_1622553,1,ulaw,A16
LA_E_1622590,1,ulaw,A12
LA_E_1622694,1,pstn,A09
LA_E_1622771,1,pstn,A11
LA_E_1622899,1,pstn,A12
LA_E_1623215,1,g722,A18
LA_E_1623218,0,alaw,bonafide
LA_E_1623331,1,pstn,A18
LA_E_1623404,0,g722,bonafide
LA_E_1623827,1,ulaw,A08
LA_E_1624124,1,pstn,A10
LA_E_1624225,1,ulaw,A13
LA_E_1624641,1,alaw,A15
LA_E_1625055,1,none,A09
LA_E_1625614,1,alaw,A07
LA_E_1625663,1,gsm,A08
LA_E_1625717,1,gsm,A10
LA_E_1625736,1,ulaw,A16
LA_E_1625753,1,alaw,A14
LA_E_1626702,1,none,A18
LA_E_1626965,1,ulaw,A07
LA_E_1627037,1,alaw,A11
LA_E_1627261,1,opus,A12
LA_E_1627558,1,pstn,A07
LA_E_1627627,1,none,A09
LA_E_1627936,1,none,A15
LA_E_1628089,1,gsm,A12
LA_E_1628137,1,ulaw,A18
LA_E_1628163,1,g722,A15
LA_E_1628369,1,alaw,A12
LA_E_1628421,1,alaw,A14
LA_E_1628443,1,ulaw,A09
LA_E_1628475,1,g722,A11
LA_E_1628639,1,none,A14
LA_E_1628659,1,alaw,A13
LA_E_1628686,1,alaw,A19
LA_E_1628724,1,g722,A19
LA_E_1629067,1,opus,A07
LA_E_1629236,1,pstn,A09
LA_E_1629665,1,gsm,A09
LA_E_1629832,1,none,A15
LA_E_1629857,1,none,A18
LA_E_1629947,1,alaw,A18
LA_E_1630040,1,pstn,A18
LA_E_1630211,1,opus,A10
LA_E_1630215,1,gsm,A10
LA_E_1630369,1,ulaw,A10
LA_E_1630393,1,alaw,A08
LA_E_1630769,1,gsm,A08
LA_E_1631018,1,opus,A12
LA_E_1631052,1,alaw,A08
LA_E_1631055,1,alaw,A14
LA_E_1631194,1,ulaw,A15
LA_E_1631672,1,g722,A08
LA_E_1631748,1,alaw,A16
LA_E_1632933,0,g722,bonafide
LA_E_1632997,1,ulaw,A13
LA_E_1633199,1,none,A07
LA_E_1633465,1,g722,A15
LA_E_1633567,1,pstn,A15
LA_E_1633594,1,opus,A08
LA_E_1633638,1,none,A10
LA_E_1634401,1,opus,A18
LA_E_1634631,1,gsm,A10
LA_E_1634950,1,opus,A14
LA_E_1635076,1,alaw,A13
LA_E_1635143,1,gsm,A12
LA_E_1635156,1,g722,A08
LA_E_1635245,1,alaw,A17
LA_E_1635399,1,opus,A14
LA_E_1635684,1,alaw,A08
LA_E_1635902,1,pstn,A09
LA_E_1636142,1,g722,A09
LA_E_1636282,1,ulaw,A13
LA_E_1636384,1,pstn,A11
LA_E_1636413,1,g722,A13
LA_E_1636449,1,alaw,A09
LA_E_1636494,1,gsm,A17
LA_E_1636546,1,none,A16
LA_E_1636598,1,ulaw,A19
LA_E_1636635,1,gsm,A07
LA_E_1637268,1,opus,A10
LA_E_1637297,1,none,A08
LA_E_1637944,1,pstn,A08
LA_E_1638151,1,alaw,A13
LA_E_1638249,1,ulaw,A10
LA_E_1638290,1,alaw,A17
LA_E_1638642,1,alaw,A11
LA_E_1638770,1,pstn,A11
LA_E_1638850,1,none,A17
LA_E_1639120,1,g722,A14
LA_E_1640076,1,g722,A15
LA_E_1640244,1,ulaw,A19
LA_E_1640323,1,gsm,A15
LA_E_1640340,1,g722,A10
LA_E_1640479,1,ulaw,A09
LA_E_1640569,1,pstn,A12
LA_E_1640613,1,ulaw,A16
LA_E_1640703,1,g722,A11
LA_E_1640736,1,none,A09
LA_E_1640806,1,g722,A08
LA_E_1640893,1,opus,A18
LA_E_1641331,1,gsm,A12
LA_E_1641376,1,opus,A19
LA_E_1641477,1,ulaw,A09
LA_E_1641816,0,opus,bonafide
LA_E_1642085,1,gsm,A18
LA_E_1642185,1,gsm,A14
LA_E_1642196,1,opus,A09
LA_E_1642295,1,opus,A11
LA_E_1642297,1,gsm,A13
LA_E_1642355,1,none,A12
LA_E_1642639,1,alaw,A14
LA_E_1642652,1,g722,A10
LA_E_1642791,1,pstn,A14
LA_E_1642929,1,ulaw,A11
LA_E_1643242,1,opus,A17
LA_E_1643610,1,none,A17
LA_E_1643709,1,opus,A17
LA_E_1643729,1,gsm,A19
LA_E_1644313,1,alaw,A07
LA_E_1644443,1,g722,A15
LA_E_1644601,1,alaw,A18
LA_E_1644614,1,opus,A08
LA_E_1644692,1,g722,A11
LA_E_1644777,1,opus,A13
LA_E_1644785,0,opus,bonafide
LA_E_1645273,1,ulaw,A10
LA_E_1645277,1,ulaw,A19
LA_E_1645777,1,g722,A18
LA_E_1646221,1,opus,A10
LA_E_1646272,1,gsm,A08
LA_E_1646351,1,gsm,A16
LA_E_1646525,1,opus,A09
LA_E_1646588,1,gsm,A09
LA_E_1646889,1,pstn,A08
LA_E_1647041,1,ulaw,A07
LA_E_1647196,0,gsm,bonafide
LA_E_1647198,1,opus,A18
LA_E_1647422,1,opus,A10
LA_E_1647520,1,ulaw,A09
LA_E_1647587,1,alaw,A19
LA_E_1647936,1,pstn,A11
LA_E_1647998,1,ulaw,A12
LA_E_1648120,1,opus,A15
LA_E_1648283,1,g722,A09
LA_E_1648663,1,alaw,A15
LA_E_1648987,1,ulaw,A07
LA_E_1649054,1,opus,A13
LA_E_1649067,1,alaw,A17
LA_E_1649293,1,opus,A12
LA_E_1649416,1,g722,A09
LA_E_1649530,1,none,A08
LA_E_1649698,1,ulaw,A18
LA_E_1649781,1,none,A10
LA_E_1649826,1,gsm,A13
LA_E_1650100,1,g722,A15
LA_E_1650419,1,gsm,A18
LA_E_1650526,1,none,A14
LA_E_1650657,1,ulaw,A15
LA_E_1650852,1,opus,A13
LA_E_1650975,1,gsm,A17
LA_E_1651049,1,ulaw,A18
LA_E_1651427,1,none,A11
LA_E_1651428,1,ulaw,A12
LA_E_1651770,1,ulaw,A15
LA_E_1651800,1,g722,A07
LA_E_1652065,1,gsm,A12
LA_E_1652075,1,opus,A18
LA_E_1652091,1,none,A11
LA_E_1652286,1,g722,A11
LA_E_1652430,1,g722,A14
LA_E_1652647,1,gsm,A19
LA_E_1652672,1,gsm,A10
LA_E_1653106,1,gsm,A09
LA_E_1653310,1,none,A12
LA_E_1653363,1,pstn,A16
LA_E_1653557,1,none,A19
LA_E_1653888,1,alaw,A11
LA_E_1654872,1,ulaw,A15
LA_E_1655196,1,g722,A14
LA_E_1655397,1,gsm,A13
LA_E_1655633,1,none,A14
LA_E_1655676,1,opus,A16
LA_E_1655794,1,g722,A15
LA_E_1655924,1,ulaw,A09
LA_E_1656334,1,opus,A12
LA_E_1656356,1,alaw,A08
LA_E_1656402,1,ulaw,A07
LA_E_1656544,1,gsm,A15
LA_E_1656864,1,alaw,A16
LA_E_1657076,0,gsm,bonafide
LA_E_1657209,1,ulaw,A14
LA_E_1657212,0,opus,bonafide
LA_E_1657777,1,g722,A13
LA_E_1657799,1,gsm,A08
LA_E_1657820,1,none,A19
LA_E_1658236,1,none,A10
LA_E_1658296,1,opus,A07
LA_E_1658315,1,none,A16
LA_E_1658505,1,opus,A19
LA_E_1658761,1,ulaw,A19
LA_E_1659019,1,pstn,A11
LA_E_1659029,1,g722,A07
LA_E_1659166,0,opus,bonafide
LA_E_1659189,1,alaw,A12
LA_E_1659355,1,pstn,A14
LA_E_1659615,1,pstn,A18
LA_E_1659659,1,g722,A09
LA_E_1659844,1,alaw,A18
LA_E_1659886,1,pstn,A19
LA_E_1660412,1,g722,A18
LA_E_1660463,1,none,A17
LA_E_1660475,1,pstn,A19
LA_E_1660617,1,none,A16
LA_E_1660782,1,ulaw,A10
LA_E_1661002,1,g722,A19
LA_E_1661184,1,opus,A12
LA_E_1661461,1,opus,A08
LA_E_1661555,1,ulaw,A19
LA_E_1662151,1,pstn,A12
LA_E_1662183,1,opus,A13
LA_E_1662440,1,g722,A17
LA_E_1662687,1,opus,A11
LA_E_1662770,1,alaw,A18
LA_E_1662861,1,gsm,A17
LA_E_1663295,1,opus,A15
LA_E_1663337,0,g722,bonafide
LA_E_1663438,1,none,A12
LA_E_1663441,1,g722,A18
LA_E_1663461,1,none,A14
LA_E_1663723,1,pstn,A18
LA_E_1663740,1,none,A10
LA_E_1663822,0,ulaw,bonafide
LA_E_1663824,1,ulaw,A16
LA_E_1663832,1,gsm,A10
LA_E_1663867,1,g722,A08
LA_E_1664220,1,pstn,A18
LA_E_1664266,1,gsm,A10
LA_E_1664307,1,pstn,A17
LA_E_1664369,1,gsm,A07
LA_E_1664550,1,none,A08
LA_E_1664643,1,opus,A08
LA_E_1664707,1,opus,A09
LA_E_1664897,1,ulaw,A13
LA_E_1665150,1,ulaw,A09
LA_E_1665235,1,alaw,A19
LA_E_1665475,1,gsm,A15
LA_E_1666298,1,gsm,A14
LA_E_1666619,1,alaw,A07
LA_E_1666701,1,alaw,A09
LA_E_1667136,1,pstn,A07
LA_E_1667178,1,pstn,A19
LA_E_1667340,1,g722,A07
LA_E_1667342,1,g722,A07
LA_E_1667356,1,none,A16
LA_E_1667671,1,ulaw,A08
LA_E_1667746,1,opus,A15
LA_E_1668069,1,ulaw,A07
LA_E_1668504,1,g722,A10
LA_E_1668569,1,opus,A18
LA_E_1668923,1,g722,A08
LA_E_1669234,1,pstn,A12
LA_E_1669468,1,none,A17
LA_E_1669915,1,opus,A13
LA_E_1669985,1,gsm,A15
LA_E_1670199,1,pstn,A15
LA_E_1670385,1,g722,A13
LA_E_1670512,1,gsm,A07
LA_E_1670794,1,none,A08
LA_E_1671012,1,gsm,A12
LA_E_1671460,1,none,A13
LA_E_1672030,1,alaw,A15
LA_E_1672063,1,opus,A12
LA_E_1672096,1,pstn,A15
LA_E_1672166,1,ulaw,A10
LA_E_1672718,1,none,A14
LA_E_1672779,1,gsm,A09
LA_E_1673428,1,alaw,A13
LA_E_1673550,1,opus,A19
LA_E_1673559,1,gsm,A14
LA_E_1673646,1,opus,A09
LA_E_1673650,1,gsm,A07
LA_E_1673657,1,none,A09
LA_E_1674023,1,ulaw,A11
LA_E_1674547,1,ulaw,A12
LA_E_1674718,1,opus,A08
LA_E_1674840,1,alaw,A18
LA_E_1675466,1,alaw,A08
LA_E_1675891,0,ulaw,bonafide
LA_E_1675974,1,none,A13
LA_E_1676324,1,opus,A18
LA_E_1676355,1,pstn,A13
LA_E_1677246,0,pstn,bonafide
LA_E_1677814,1,g722,A08
LA_E_1677860,1,g722,A17
LA_E_1677929,1,gsm,A07
LA_E_1677959,1,alaw,A08
LA_E_1678125,1,ulaw,A11
LA_E_1678373,1,alaw,A16
LA_E_1678389,1,opus,A07
LA_E_1678597,1,pstn,A17
LA_E_1678653,1,none,A11
LA_E_1678883,1,pstn,A13
LA_E_1679100,1,ulaw,A11
LA_E_1679866,0,alaw,bonafide
LA_E_1679951,1,g722,A16
LA_E_1680108,1,ulaw,A14
LA_E_1680203,1,alaw,A16
LA_E_1680368,1,g722,A11
LA_E_1680394,1,pstn,A07
LA_E_1680544,1,gsm,A16
LA_E_1680768,1,gsm,A19
LA_E_1680865,1,alaw,A13
LA_E_1680914,1,none,A13
LA_E_1680983,1,none,A15
LA_E_1681052,1,pstn,A07
LA_E_1681170,1,opus,A16
LA_E_1681688,1,gsm,A19
LA_E_1682087,1,none,A09
LA_E_1682298,1,ulaw,A11
LA_E_1682408,1,opus,A17
LA_E_1682829,1,none,A14
LA_E_1682937,1,ulaw,A13
LA_E_1683174,1,alaw,A12
LA_E_1683183,1,opus,A13
LA_E_1683276,1,alaw,A11
LA_E_1684001,0,gsm,bonafide
LA_E_1684095,1,ulaw,A09
LA_E_1684749,1,ulaw,A15
LA_E_1684766,1,opus,A19
LA_E_1684854,1,opus,A18
LA_E_1684856,1,ulaw,A12
LA_E_1684954,1,gsm,A10
LA_E_1685118,1,alaw,A15
LA_E_1685578,1,g722,A11
LA_E_1685648,1,g722,A09
LA_E_1686048,1,g722,A14
LA_E_1686123,1,none,A19
LA_E_1686155,1,opus,A15
LA_E_1686844,1,none,A16
LA_E_1686869,1,opus,A18
LA_E_1686930,1,gsm,A07
LA_E_1686948,1,pstn,A11
LA_E_1687212,1,g722,A14
LA_E_1687720,1,ulaw,A09
LA_E_1687723,1,gsm,A07
LA_E_1688184,1,gsm,A15
LA_E_1688696,1,g722,A12
LA_E_1689178,1,none,A18
LA_E_1689462,1,alaw,A11
LA_E_1689516,1,g722,A09
LA_E_1690015,1,opus,A07
LA_E_1690309,1,none,A07
LA_E_1690312,1,ulaw,A08
LA_E_1690379,1,pstn,A19
LA_E_1690419,1,ulaw,A13
LA_E_1690663,1,alaw,A18
LA_E_1690997,1,pstn,A10
LA_E_1691248,1,alaw,A19
LA_E_1691679,0,none,bonafide
LA_E_1691837,1,alaw,A18
LA_E_1692227,1,gsm,A12
LA_E_1692304,1,ulaw,A10
LA_E_1692933,1,g722,A16
LA_E_1692970,1,gsm,A16
LA_E_1692993,1,none,A10
LA_E_1693634,1,ulaw,A10
LA_E_1693953,1,alaw,A19
LA_E_1694151,1,opus,A08
LA_E_1694567,1,none,A10
LA_E_1695137,1,pstn,A14
LA_E_1695227,1,ulaw,A09
LA_E_1695333,1,gsm,A07
LA_E_1695582,1,g722,A11
LA_E_1695856,1,opus,A15
LA_E_1696056,1,gsm,A16
LA_E_1696368,1,alaw,A10
LA_E_1696377,1,ulaw,A12
LA_E_1696408,1,ulaw,A11
LA_E_1696530,1,pstn,A09
LA_E_1696739,1,pstn,A10
LA_E_1696825,1,gsm,A09
LA_E_1697016,1,alaw,A15
LA_E_1697197,1,opus,A16
LA_E_1697219,1,alaw,A07
LA_E_1697561,1,none,A17
LA_E_1697637,1,opus,A12
LA_E_1697733,0,ulaw,bonafide
LA_E_1698109,1,alaw,A17
LA_E_1698332,1,none,A14
LA_E_1698579,1,alaw,A11
LA_E_1698619,1,ulaw,A08
LA_E_1698636,1,gsm,A10
LA_E_1698783,1,alaw,A19
LA_E_1699476,1,none,A07
LA_E_1699553,1,pstn,A12
LA_E_1699797,1,none,A07
LA_E_1699809,1,alaw,A17
LA_E_1700259,1,none,A19
LA_E_1700406,1,alaw,A10
LA_E_1700578,1,alaw,A17
LA_E_1701308,1,pstn,A13
LA_E_1701534,1,alaw,A09
LA_E_1701968,1,ulaw,A17
LA_E_1702150,1,gsm,A07
LA_E_1702522,0,gsm,bonafide
LA_E_1702773,1,ulaw,A08
LA_E_1702775,1,alaw,A13
LA_E_1702938,1,opus,A13
LA_E_1703071,1,gsm,A13
LA_E_1703090,1,pstn,A17
LA_E_1703261,1,gsm,A12
LA_E_1703494,1,none,A11
LA_E_1703706,1,g722,A15
LA_E_1703725,1,opus,A11
LA_E_1703839,1,none,A11
LA_E_1703868,1,gsm,A19
LA_E_1703923,1,pstn,A10
LA_E_1704322,1,ulaw,A07
LA_E_1704650,0,ulaw,bonafide
LA_E_1705185,1,ulaw,A15
LA_E_1705222,1,none,A09
LA_E_1705442,1,none,A11
LA_E_1705938,1,ulaw,A11
LA_E_1706106,1,g722,A19
LA_E_1706494,1,ulaw,A07
LA_E_1706543,1,ulaw,A14
LA_E_1706706,1,none,A10
LA_E_1706916,0,opus,bonafide
LA_E_1706932,0,gsm,bonafide
LA_E_1706966,1,opus,A08
LA_E_1706968,0,gsm,bonafide
LA_E_1707036,1,none,A08
LA_E_1707222,1,g722,A19
LA_E_1707252,0,ulaw,bonafide
LA_E_1707486,1,ulaw,A08
LA_E_1707851,1,opus,A08
LA_E_1707936,1,g722,A13
LA_E_1708373,1,opus,A09
LA_E_1708527,1,alaw,A10
LA_E_1708546,1,alaw,A15
LA_E_1708723,1,none,A07
LA_E_1708774,1,opus,A18
LA_E_1709039,1,pstn,A09
LA_E_1709109,1,pstn,A15
LA_E_1709133,1,gsm,A09
LA_E_1709417,1,g722,A15
LA_E_1709629,0,ulaw,bonafide
LA_E_1709917,0,opus,bonafide
LA_E_1710697,1,pstn,A09
LA_E_1710717,1,gsm,A09
LA_E_1710907,1,opus,A16
LA_E_1710940,1,gsm,A11
LA_E_1711201,1,ulaw,A10
LA_E_1711237,1,g722,A17
LA_E_1711452,0,ulaw,bonafide
LA_E_1711844,1,alaw,A14
LA_E_1711858,1,opus,A18
LA_E_1711936,1,opus,A18
LA_E_1712645,1,none,A19
LA_E_1712918,0,g722,bonafide
LA_E_1712943,1,none,A17
LA_E_1713319,1,pstn,A14
LA_E_1713455,1,gsm,A12
LA_E_1713480,1,g722,A07
LA_E_1713863,1,ulaw,A17
LA_E_1713865,1,gsm,A15
LA_E_1714002,1,pstn,A13
LA_E_1714282,1,ulaw,A12
LA_E_1714291,1,none,A10
LA_E_1714307,1,alaw,A07
LA_E_1714572,1,g722,A14
LA_E_1714680,1,ulaw,A11
LA_E_1714778,1,gsm,A07
LA_E_1714875,1,gsm,A15
LA_E_1715215,0,none,bonafide
LA_E_1715399,1,pstn,A11
LA_E_1715934,1,g722,A15
LA_E_1715938,1,alaw,A13
LA_E_1716660,0,gsm,bonafide
LA_E_1716771,0,alaw,bonafide
LA_E_1716842,1,g722,A19
LA_E_1716844,1,gsm,A17
LA_E_1716914,1,alaw,A09
LA_E_1716951,1,g722,A11
LA_E_1717116,1,g722,A12
LA_E_1717403,1,pstn,A17
LA_E_1717521,1,none,A15
LA_E_1717724,1,gsm,A14
LA_E_1717966,1,opus,A15
LA_E_1718226,1,ulaw,A18
LA_E_1718607,1,opus,A18
LA_E_1718905,1,opus,A16
LA_E_1719639,1,alaw,A14
LA_E_1719649,1,g722,A14
LA_E_1720005,1,opus,A09
LA_E_1720069,1,none,A07
LA_E_1720389,1,g722,A16
LA_E_1720414,1,alaw,A17
LA_E_1720526,1,ulaw,A11
LA_E_1720680,1,opus,A13
LA_E_1720820,1,pstn,A15
LA_E_1721343,0,pstn,bonafide
LA_E_1721523,1,alaw,A11
LA_E_1721596,1,ulaw,A14
LA_E_1721599,1,gsm,A17
LA_E_1721600,1,pstn,A18
LA_E_1721839,1,pstn,A10
LA_E_1722233,1,opus,A19
LA_E_1722247,1,none,A16
LA_E_1722270,1,pstn,A15
LA_E_1722293,1,none,A17
LA_E_1722302,1,ulaw,A07
LA_E_1722838,1,ulaw,A14
LA_E_1723109,1,none,A15
LA_E_1723119,1,alaw,A15
LA_E_1723300,1,none,A13
LA_E_1723464,1,none,A08
LA_E_1723488,1,g722,A19
LA_E_1723850,1,gsm,A12
LA_E_1723858,1,ulaw,A19
LA_E_1724185,1,g722,A08
LA_E_1724188,1,g722,A14
LA_E_1724233,1,gsm,A16
LA_E_1724430,1,none,A14
LA_E_1724459,1,g722,A12
LA_E_1724729,1,ulaw,A08
LA_E_1725038,1,pstn,A17
LA_E_1725092,1,alaw,A19
LA_E_1725170,1,pstn,A12
LA_E_1725173,1,none,A16
LA_E_1725260,1,pstn,A17
LA_E_1725311,1,pstn,A12
LA_E_1725389,1,g722,A13
LA_E_1725763,1,pstn,A13
LA_E_1725848,1,none,A11
LA_E_1725940,1,alaw,A10
LA_E_1725952,1,alaw,A07
LA_E_1727060,1,gsm,A11
LA_E_1727108,1,pstn,A13
LA_E_1728032,1,ulaw,A08
LA_E_1728561,0,ulaw,bonafide
LA_E_1728578,1,opus,A11
LA_E_1728598,1,g722,A19
LA_E_1728906,1,opus,A12
LA_E_1729036,1,opus,A15
LA_E_1729614,1,none,A08
LA_E_1729673,1,ulaw,A18
LA_E_1729874,1,alaw,A14
LA_E_1729948,0,ulaw,bonafide
LA_E_1730714,1,alaw,A07
LA_E_1730783,1,g722,A07
LA_E_1731385,1,ulaw,A19
LA_E_1731705,1,alaw,A18
LA_E_1731717,1,alaw,A08
LA_E_1731785,1,pstn,A19
LA_E_1731786,1,pstn,A18
LA_E_1731904,1,pstn,A19
LA_E_1732148,1,none,A09
LA_E_1732188,1,gsm,A13
LA_E_1732357,1,alaw,A12
LA_E_1732443,1,alaw,A11
LA_E_1732734,1,ulaw,A15
LA_E_1733055,1,none,A12
LA_E_1733213,1,ulaw,A12
LA_E_1733390,1,g722,A11
LA_E_1733622,1,pstn,A17
LA_E_1733759,1,gsm,A08
LA_E_1734316,1,opus,A08
LA_E_1734369,1,pstn,A14
LA_E_1734665,1,ulaw,A08
LA_E_1735238,1,ulaw,A07
LA_E_1735461,1,pstn,A07
LA_E_1735761,1,gsm,A09
LA_E_1735800,1,g722,A16
LA_E_1736027,1,alaw,A13
LA_E_1736184,1,ulaw,A10
LA_E_1736212,1,gsm,A14
LA_E_1736271,1,opus,A12
LA_E_1736293,1,alaw,A19
LA_E_1736363,1,pstn,A14
LA_E_1736614,1,none,A12
LA_E_1736994,1,gsm,A08
LA_E_1737106,1,ulaw,A18
LA_E_1737235,1,alaw,A16
LA_E_1737605,1,opus,A07
LA_E_1737738,1,opus,A18
LA_E_1737801,1,pstn,A09
LA_E_1737819,1,none,A08
LA_E_1737821,1,none,A07
LA_E_1738747,1,opus,A13
LA_E_1738857,1,none,A19
LA_E_1739083,1,opus,A19
LA_E_1739458,1,g722,A18
LA_E_1739841,1,g722,A10
LA_E_1739935,1,pstn,A19
LA_E_1740052,0,pstn,bonafide
LA_E_1740696,1,g722,A19
LA_E_1740709,1,ulaw,A15
LA_E_1740710,1,alaw,A17
LA_E_1741032,1,opus,A10
LA_E_1741630,1,none,A17
LA_E_1741858,1,alaw,A17
LA_E_1742355,1,ulaw,A09
LA_E_1742675,1,g722,A13
LA_E_1743007,1,alaw,A18
LA_E_1743185,1,ulaw,A18
LA_E_1743353,1,gsm,A14
LA_E_1743582,0,alaw,bonafide
LA_E_1743890,1,alaw,A15
LA_E_1744091,1,pstn,A07
LA_E_1744509,1,opus,A14
LA_E_1744511,1,gsm,A16
LA_E_1744609,1,pstn,A18
LA_E_1744941,0,g722,bonafide
LA_E_1745061,0,pstn,bonafide
LA_E_1745337,1,none,A18
LA_E_1745343,1,alaw,A08
LA_E_1745571,1,opus,A13
LA_E_1745663,1,pstn,A09
LA_E_1745718,1,none,A08
LA_E_1745867,1,ulaw,A09
LA_E_1745872,1,none,A18
LA_E_1745958,1,g722,A18
LA_E_1746083,1,opus,A10
LA_E_1746189,1,gsm,A13
LA_E_1746215,1,none,A12
LA_E_1746261,1,none,A13
LA_E_1746400,1,gsm,A11
LA_E_1746622,1,g722,A09
LA_E_1746748,1,pstn,A16
LA_E_1746767,1,pstn,A16
LA_E_1746791,1,ulaw,A18
LA_E_1746863,1,alaw,A16
LA_E_1747122,1,gsm,A17
LA_E_1747386,1,alaw,A07
LA_E_1747491,0,none,bonafide
LA_E_1747779,1,none,A09
LA_E_1748015,1,opus,A18
LA_E_1748067,1,alaw,A10
LA_E_1748136,1,g722,A17
LA_E_1748138,1,gsm,A13
LA_E_1748379,1,opus,A14
LA_E_1748463,0,opus,bonafide
LA_E_1748666,1,gsm,A08
LA_E_1748885,1,alaw,A13
LA_E_1748903,1,alaw,A16
LA_E_1748927,1,alaw,A19
LA_E_1749094,1,opus,A11
LA_E_1749229,1,gsm,A12
LA_E_1749268,1,pstn,A08
LA_E_1749292,0,gsm,bonafide
LA_E_1749380,0,alaw,bonafide
LA_E_1749423,0,opus,bonafide
LA_E_1749488,1,ulaw,A08
LA_E_1749498,1,ulaw,A14
LA_E_1749994,1,g722,A17
LA_E_1750150,0,none,bonafide
LA_E_1750523,0,alaw,bonafide
LA_E_1750794,1,gsm,A10
LA_E_1750916,1,pstn,A15
LA_E_1751007,1,alaw,A08
LA_E_1751064,1,pstn,A14
LA_E_1751076,1,ulaw,A19
LA_E_1751242,1,gsm,A14
LA_E_1751503,1,none,A13
LA_E_1751715,1,ulaw,A10
LA_E_1751807,1,g722,A11
LA_E_1751997,1,pstn,A19
LA_E_1752006,0,none,bonafide
LA_E_1752089,1,pstn,A08
LA_E_1752485,1,ulaw,A16
LA_E_1752601,0,pstn,bonafide
LA_E_1752649,1,g722,A18
LA_E_1752733,0,none,bonafide
LA_E_1752760,1,ulaw,A19
LA_E_1753082,1,none,A14
LA_E_1753279,1,alaw,A13
LA_E_1753631,1,none,A16
LA_E_1753787,1,alaw,A18
LA_E_1753848,1,g722,A10
LA_E_1753889,1,g722,A07
LA_E_1754140,0,gsm,bonafide
LA_E_1754963,1,pstn,A08
LA_E_1755543,1,none,A11
LA_E_1755841,1,pstn,A12
LA_E_1756025,0,alaw,bonafide
LA_E_1756226,1,opus,A10
LA_E_1756239,1,none,A07
LA_E_1756505,1,opus,A14
LA_E_1756878,1,opus,A07
LA_E_1756986,1,none,A19
LA_E_1757066,1,pstn,A09
LA_E_1757076,0,pstn,bonafide
LA_E_1757173,1,gsm,A16
LA_E_1757225,0,opus,bonafide
LA_E_1757832,1,g722,A17
LA_E_1758054,1,gsm,A14
LA_E_1758369,1,pstn,A11
LA_E_1758392,1,gsm,A18
LA_E_1758423,1,gsm,A13
LA_E_1758512,1,ulaw,A17
LA_E_1759547,1,pstn,A13
LA_E_1760229,1,alaw,A12
LA_E_1760430,1,none,A11
LA_E_1760542,1,opus,A09
LA_E_1760641,1,pstn,A11
LA_E_1760676,1,none,A13
LA_E_1760718,1,g722,A16
LA_E_1760857,1,gsm,A10
LA_E_1761167,1,ulaw,A17
LA_E_1761735,1,none,A15
LA_E_1762067,1,ulaw,A11
LA_E_1762319,1,pstn,A12
LA_E_1762390,1,pstn,A12
LA_E_1762392,1,alaw,A11
LA_E_1762408,1,pstn,A07
LA_E_1762425,1,gsm,A08
LA_E_1762458,1,g722,A18
LA_E_1762603,1,opus,A09
LA_E_1762907,1,g722,A16
LA_E_1763304,1,opus,A15
LA_E_1763461,0,g722,bonafide
LA_E_1763593,1,alaw,A13
LA_E_1763978,1,none,A10
LA_E_1764121,1,none,A09
LA_E_1764348,1,none,A18
LA_E_1764409,1,pstn,A18
LA_E_1764426,1,gsm,A13
LA_E_1765379,1,pstn,A15
LA_E_1766036,1,g722,A15
LA_E_1766673,1,pstn,A19
LA_E_1766827,1,alaw,A10
LA_E_1767199,1,ulaw,A16
LA_E_1767264,1,gsm,A16
LA_E_1767492,1,alaw,A09
LA_E_1767749,1,opus,A12
LA_E_1767773,1,ulaw,A07
LA_E_1767812,1,ulaw,A07
LA_E_1767857,1,alaw,A09
LA_E_1768006,1,opus,A11
LA_E_1768913,1,pstn,A14
LA_E_1768964,1,opus,A10
LA_E_1768969,1,opus,A18
LA_E_1769054,0,g722,bonafide
LA_E_1769707,1,gsm,A13
LA_E_1769940,1,g722,A15
LA_E_1769960,1,none,A07
LA_E_1770341,1,g722,A13
LA_E_1770697,1,opus,A07
LA_E_1770774,1,g722,A15
LA_E_1770786,1,alaw,A07
LA_E_1770970,1,pstn,A13
LA_E_1771223,0,gsm,bonafide
LA_E_1771733,0,g722,bonafide
LA_E_1772277,1,none,A14
LA_E_1772436,1,alaw,A08
LA_E_1772781,1,opus,A07
LA_E_1773391,1,g722,A19
LA_E_1773755,1,pstn,A09
LA_E_1774228,1,opus,A09
LA_E_1774233,1,alaw,A10
LA_E_1774266,1,pstn,A17
LA_E_1774480,1,gsm,A13
LA_E_1774671,1,alaw,A12
LA_E_1774691,1,g722,A07
LA_E_1774702,1,ulaw,A18
LA_E_1774880,1,pstn,A11
LA_E_1774987,0,gsm,bonafide
LA_E_1775625,1,g722,A10
LA_E_1776392,1,opus,A12
LA_E_1776439,1,opus,A14
LA_E_1776458,1,pstn,A12
LA_E_1776518,1,pstn,A13
LA_E_1776559,1,gsm,A16
LA_E_1776580,1,opus,A14
LA_E_1776706,0,opus,bonafide
LA_E_1776826,1,gsm,A08
LA_E_1776895,1,alaw,A13
LA_E_1777186,1,opus,A10
LA_E_1777349,0,g722,bonafide
LA_E_1777693,1,ulaw,A15
LA_E_1777712,1,pstn,A16
LA_E_1777928,1,none,A15
LA_E_1778215,1,gsm,A17
LA_E_1778254,1,gsm,A18
LA_E_1778758,1,pstn,A14
LA_E_1779004,1,gsm,A14
LA_E_1779313,1,none,A18
LA_E_1779411,1,alaw,A18
LA_E_1779474,1,opus,A17
LA_E_1779538,1,gsm,A11
LA_E_1779783,1,opus,A15
LA_E_1779936,1,gsm,A17
LA_E_1779946,1,g722,A13
LA_E_1779961,1,g722,A11
LA_E_1780064,1,none,A12
LA_E_1780263,1,gsm,A09
LA_E_1780449,1,ulaw,A12
LA_E_1780465,1,g722,A08
LA_E_1780852,1,ulaw,A11
LA_E_1781060,1,none,A10
LA_E_1781518,1,pstn,A08
LA_E_1782022,1,opus,A10
LA_E_1782269,1,ulaw,A07
LA_E_1782298,1,g722,A12
LA_E_1782307,1,ulaw,A08
LA_E_1782493,1,gsm,A07
LA_E_1782716,1,pstn,A13
LA_E_1782856,1,ulaw,A17
LA_E_1782866,1,g722,A08
LA_E_1782949,1,g722,A12
LA_E_1783080,1,none,A08
LA_E_1783763,1,gsm,A08
LA_E_1784444,1,none,A16
LA_E_1785136,1,g722,A09
LA_E_1785257,1,gsm,A16
LA_E_1785422,1,alaw,A18
LA_E_1785676,1,opus,A12
LA_E_1785799,1,pstn,A18
LA_E_1785804,0,ulaw,bonafide
LA_E_1785874,0,gsm,bonafide
LA_E_1785930,1,g722,A07
LA_E_1786375,1,alaw,A11
LA_E_1786408,1,none,A09
LA_E_1786489,1,gsm,A09
LA_E_1786535,1,opus,A18
LA_E_1786926,1,pstn,A08
LA_E_1787140,1,gsm,A08
LA_E_1787634,1,pstn,A10
LA_E_1787679,1,none,A18
LA_E_1787768,1,g722,A12
LA_E_1787788,1,g722,A15
LA_E_1788376,1,g722,A14
LA_E_1788575,1,none,A16
LA_E_1788623,1,alaw,A13
LA_E_1788630,1,g722,A09
LA_E_1788638,1,ulaw,A14
LA_E_1788862,1,pstn,A10
LA_E_1789002,1,opus,A10
LA_E_1789164,1,opus,A14
LA_E_1789242,1,ulaw,A19
LA_E_1789245,1,pstn,A19
LA_E_1789392,1,ulaw,A14
LA_E_1789559,1,pstn,A18
LA_E_1789684,1,ulaw,A18
LA_E_1789795,1,pstn,A08
LA_E_1789827,1,alaw,A18
LA_E_1790141,1,ulaw,A08
LA_E_1790159,1,ulaw,A19
LA_E_1790211,1,pstn,A11
LA_E_1790459,1,opus,A15
LA_E_1790551,1,none,A14
LA_E_1790942,1,ulaw,A08
LA_E_1790959,1,opus,A12
LA_E_1791013,1,none,A18
LA_E_1791500,1,ulaw,A17
LA_E_1791748,1,ulaw,A19
LA_E_1791835,1,opus,A08
LA_E_1792348,1,opus,A10
LA_E_1792609,1,opus,A14
LA_E_1793114,1,opus,A17
LA_E_1793256,1,gsm,A19
LA_E_1793301,1,pstn,A12
LA_E_1793551,1,opus,A11
LA_E_1794034,1,gsm,A14
LA_E_1794755,0,ulaw,bonafide
LA_E_1795274,1,pstn,A13
LA_E_1795290,1,alaw,A09
LA_E_1795580,1,opus,A07
LA_E_1795699,1,g722,A10
LA_E_1795708,0,ulaw,bonafide
LA_E_1796111,1,alaw,A15
LA_E_1796128,0,none,bonafide
LA_E_1796472,1,g722,A14
LA_E_1796656,1,g722,A07
LA_E_1796936,1,ulaw,A11
LA_E_1797032,1,pstn,A07
LA_E_1797039,1,g722,A14
LA_E_1797231,1,g722,A09
LA_E_1797332,1,alaw,A17
LA_E_1797837,1,ulaw,A07
LA_E_1797948,1,gsm,A18
LA_E_1799079,1,opus,A09
LA_E_1799485,1,pstn,A07
LA_E_1799543,1,pstn,A17
LA_E_1799691,1,alaw,A16
LA_E_1799866,1,opus,A18
LA_E_1800195,1,pstn,A15
LA_E_1800281,0,alaw,bonafide
LA_E_1800397,1,g722,A12
LA_E_1800447,1,ulaw,A19
LA_E_1800932,1,none,A09
LA_E_1801022,1,gsm,A11
LA_E_1801447,1,ulaw,A07
LA_E_1801571,1,gsm,A08
LA_E_1802170,0,pstn,bonafide
LA_E_1802717,1,gsm,A11
LA_E_1802918,0,pstn,bonafide
LA_E_1803045,0,alaw,bonafide
LA_E_1803245,1,none,A10
LA_E_1803997,1,alaw,A14
LA_E_1804033,1,gsm,A18
LA_E_1804219,1,none,A07
LA_E_1804238,1,opus,A09
LA_E_1804580,1,pstn,A14
LA_E_1804821,1,ulaw,A12
LA_E_1805290,1,g722,A13
LA_E_1805944,1,opus,A07
LA_E_1806082,0,none,bonafide
LA_E_1806134,1,opus,A08
LA_E_1806162,1,opus,A07
LA_E_1806298,1,none,A13
LA_E_1806936,0,opus,bonafide
LA_E_1807730,1,opus,A11
LA_E_1808346,1,pstn,A16
LA_E_1808388,1,pstn,A18
LA_E_1808942,1,ulaw,A15
LA_E_1809002,1,g722,A14
LA_E_1809127,1,gsm,A19
LA_E_1809516,1,gsm,A18
LA_E_1809602,1,g722,A12
LA_E_1809695,1,none,A07
LA_E_1810010,1,alaw,A19
LA_E_1810081,1,g722,A18
LA_E_1810527,1,g722,A13
LA_E_1810542,1,none,A11
LA_E_1810662,0,gsm,bonafide
LA_E_1810714,1,gsm,A18
LA_E_1810910,1,g722,A10
LA_E_1811287,0,g722,bonafide
LA_E_1811290,1,alaw,A17
LA_E_1811570,1,pstn,A10
LA_E_1811686,1,pstn,A12
LA_E_1812545,1,ulaw,A17
LA_E_1812851,0,gsm,bonafide
LA_E_1812912,1,g722,A18
LA_E_1813256,1,gsm,A11
LA_E_1813273,1,ulaw,A15
LA_E_1813303,1,g722,A07
LA_E_1813518,1,alaw,A16
LA_E_1814051,1,g722,A10
LA_E_1814299,1,alaw,A13
LA_E_1814380,1,none,A18
LA_E_1814530,1,alaw,A14
LA_E_1814678,1,gsm,A18
LA_E_1814797,1,none,A08
LA_E_1815008,1,alaw,A10
LA_E_1815502,1,gsm,A18
LA_E_1815987,1,none,A19
LA_E_1816134,1,alaw,A12
LA_E_1816721,1,alaw,A18
LA_E_1817033,1,g722,A19
LA_E_1817278,1,g722,A09
LA_E_1817567,1,pstn,A11
LA_E_1817680,1,gsm,A16
LA_E_1818105,1,alaw,A07
LA_E_1818284,1,ulaw,A17
LA_E_1818661,1,alaw,A14
LA_E_1818770,1,g722,A12
LA_E_1819133,0,opus,bonafide
LA_E_1819228,1,alaw,A16
LA_E_1819398,1,ulaw,A14
LA_E_1820238,1,gsm,A13
LA_E_1820239,0,ulaw,bonafide
LA_E_1820528,1,gsm,A11
LA_E_1820539,1,g722,A11
LA_E_1820604,1,g722,A15
LA_E_1820620,1,gsm,A19
LA_E_1821046,1,opus,A18
LA_E_1821357,1,alaw,A08
LA_E_1821399,1,none,A13
LA_E_1821401,1,gsm,A14
LA_E_1821441,1,pstn,A09
LA_E_1821544,1,gsm,A18
LA_E_1823009,1,pstn,A12
LA_E_1823157,1,gsm,A14
LA_E_1824058,1,pstn,A19
LA_E_1824252,1,ulaw,A08
LA_E_1824540,1,alaw,A11
LA_E_1824672,0,ulaw,bonafide
LA_E_1824725,1,alaw,A17
LA_E_1824860,1,opus,A14
LA_E_1825231,1,gsm,A18
LA_E_1825491,1,alaw,A19
LA_E_1825700,1,alaw,A15
LA_E_1825716,1,pstn,A19
LA_E_1825805,1,g722,A07
LA_E_1826345,1,pstn,A08
LA_E_1826690,1,ulaw,A12
LA_E_1826765,1,opus,A11
LA_E_1826821,1,opus,A16
LA_E_1827244,1,alaw,A14
LA_E_1827268,1,gsm,A07
LA_E_1827269,1,gsm,A16
LA_E_1827642,1,pstn,A14
LA_E_1828315,1,none,A09
LA_E_1828341,1,opus,A17
LA_E_1828914,1,none,A16
LA_E_1829041,1,alaw,A09
LA_E_1829371,0,ulaw,bonafide
LA_E_1829571,1,opus,A16
LA_E_1829893,1,alaw,A17
LA_E_1829964,1,none,A10
LA_E_1830569,1,ulaw,A13
LA_E_1830602,1,g722,A08
LA_E_1830756,1,none,A18
LA_E_1832049,1,g722,A18
LA_E_1832083,1,ulaw,A11
LA_E_1832549,1,pstn,A17
LA_E_1832586,0,g722,bonafide
LA_E_1832686,1,pstn,A15
LA_E_1832913,1,pstn,A16
LA_E_1833275,0,ulaw,bonafide
LA_E_1833791,1,alaw,A10
LA_E_1833878,1,none,A16
LA_E_1833939,1,ulaw,A09
LA_E_1834252,1,alaw,A14
LA_E_1834365,1,gsm,A19
LA_E_1834638,1,none,A12
LA_E_1834675,1,g722,A14
LA_E_1834764,1,gsm,A19
LA_E_1834786,1,gsm,A15
LA_E_1835240,1,opus,A14
LA_E_1836205,1,none,A18
LA_E_1836312,1,ulaw,A19
LA_E_1836334,1,ulaw,A08
LA_E_1836372,1,pstn,A10
LA_E_1836868,1,none,A15
LA_E_1836909,1,pstn,A10
LA_E_1837074,1,alaw,A12
LA_E_1837516,1,gsm,A14
LA_E_1837583,1,g722,A14
LA_E_1837797,0,gsm,bonafide
LA_E_1838382,1,ulaw,A16
LA_E_1838664,1,opus,A11
LA_E_1838677,1,g722,A19
LA_E_1839019,1,pstn,A07
LA_E_1839861,1,ulaw,A11
LA_E_1839970,1,ulaw,A17
LA_E_1840143,1,opus,A11
LA_E_1840296,1,none,A07
LA_E_1840476,1,alaw,A16
LA_E_1840529,1,ulaw,A08
LA_E_1840601,1,alaw,A19
LA_E_1840616,1,gsm,A11
LA_E_1841315,1,ulaw,A14
LA_E_1841462,1,none,A09
LA_E_1841533,1,alaw,A19
LA_E_1842297,1,g722,A13
LA_E_1842475,1,gsm,A11
LA_E_1842795,1,pstn,A10
LA_E_1842903,1,g722,A10
LA_E_1843084,1,pstn,A18
LA_E_1843301,1,g722,A17
LA_E_1843612,1,opus,A10
LA_E_1843890,1,ulaw,A11
LA_E_1843960,1,gsm,A13
LA_E_1844087,1,g722,A08
LA_E_1844092,1,g722,A11
LA_E_1844642,0,pstn,bonafide
LA_E_1844725,1,ulaw,A16
LA_E_1844820,1,ulaw,A12
LA_E_1844895,1,ulaw,A11
LA_E_1845817,1,alaw,A19
LA_E_1846019,1,none,A11
LA_E_1846095,1,none,A15
LA_E_1846312,1,pstn,A14
LA_E_1846340,1,ulaw,A16
LA_E_1846788,1,g722,A12
LA_E_1847874,1,gsm,A08
LA_E_1848032,1,alaw,A08
LA_E_1848081,1,alaw,A09
LA_E_1848602,1,g722,A15
LA_E_1848637,1,pstn,A19
LA_E_1849119,1,alaw,A13
LA_E_1849221,1,pstn,A07
LA_E_1849413,1,g722,A13
LA_E_1849740,1,none,A08
LA_E_1849850,1,alaw,A18
LA_E_1850197,1,g722,A16
LA_E_1850220,1,pstn,A17
LA_E_1850243,1,g722,A07
LA_E_1850520,1,gsm,A07
LA_E_1850572,1,none,A17
LA_E_1850708,1,alaw,A10
LA_E_1850838,1,g722,A10
LA_E_1851038,1,pstn,A09
LA_E_1851372,1,g722,A14
LA_E_1851530,1,gsm,A18
LA_E_1852036,1,ulaw,A09
LA_E_1852462,1,none,A10
LA_E_1852725,1,g722,A15
LA_E_1852828,1,none,A16
LA_E_1852998,1,pstn,A17
LA_E_1853078,1,gsm,A13
LA_E_1853170,1,ulaw,A12
LA_E_1853252,1,gsm,A18
LA_E_1854238,1,gsm,A14
LA_E_1854263,1,gsm,A18
LA_E_1854927,0,alaw,bonafide
LA_E_1855379,1,alaw,A07
LA_E_1855396,1,ulaw,A17
LA_E_1855753,0,gsm,bonafide
LA_E_1855970,1,pstn,A17
LA_E_1856467,1,gsm,A19
LA_E_1856879,1,pstn,A11
LA_E_1856983,0,pstn,bonafide
LA_E_1857308,1,ulaw,A14
LA_E_1857352,1,none,A13
LA_E_1857535,1,pstn,A16
LA_E_1857724,1,none,A17
LA_E_1857859,0,opus,bonafide
LA_E_1857929,1,none,A15
LA_E_1858140,1,none,A11
LA_E_1858265,1,g722,A10
LA_E_1858420,1,none,A18
LA_E_1858495,1,gsm,A18
LA_E_1859002,1,g722,A18
LA_E_1859325,1,gsm,A15
LA_E_1859413,1,ulaw,A14
LA_E_1859432,1,pstn,A08
LA_E_1859641,1,ulaw,A16
LA_E_1859798,1,pstn,A08
LA_E_1859941,1,g722,A09
LA_E_1860081,0,pstn,bonafide
LA_E_1860358,0,ulaw,bonafide
LA_E_1861568,1,g722,A13
LA_E_1861825,1,gsm,A19
LA_E_1862146,1,pstn,A15
LA_E_1862809,1,ulaw,A19
LA_E_1863311,1,ulaw,A18
LA_E_1863332,1,pstn,A13
LA_E_1863695,1,g722,A17
LA_E_1863927,1,g722,A17
LA_E_1863957,1,pstn,A19
LA_E_1864357,1,opus,A10
LA_E_1864697,1,ulaw,A18
LA_E_1864944,1,g722,A15
LA_E_1865567,0,pstn,bonafide
LA_E_1866792,1,none,A19
LA_E_1866893,1,gsm,A12
LA_E_1866968,0,alaw,bonafide
LA_E_1867507,1,g722,A12
LA_E_1867983,1,none,A12
LA_E_1868711,1,alaw,A19
LA_E_1869203,1,ulaw,A13
LA_E_1869718,1,alaw,A08
LA_E_1870538,1,pstn,A09
LA_E_1871061,0,pstn,bonafide
LA_E_1871291,1,opus,A17
LA_E_1871352,0,alaw,bonafide
LA_E_1871407,1,pstn,A18
LA_E_1871626,1,none,A12
LA_E_1871780,1,ulaw,A14
LA_E_1872093,1,gsm,A09
LA_E_1872580,1,ulaw,A11
LA_E_1872740,1,gsm,A12
LA_E_1873247,1,g722,A09
LA_E_1874041,1,pstn,A18
LA_E_1874369,1,none,A16
LA_E_1875295,1,opus,A17
LA_E_1875481,1,opus,A16
LA_E_1875603,0,opus,bonafide
LA_E_1875606,1,opus,A08
LA_E_1875901,1,alaw,A16
LA_E_1875981,1,g722,A12
LA_E_1876590,1,ulaw,A11
LA_E_1876618,1,alaw,A15
LA_E_1876752,1,alaw,A19
LA_E_1877253,1,alaw,A13
LA_E_1877557,1,gsm,A15
LA_E_1878042,1,gsm,A18
LA_E_1878107,1,opus,A17
LA_E_1878714,1,g722,A16
LA_E_1878725,1,pstn,A10
LA_E_1878836,1,opus,A18
LA_E_1878994,1,g722,A07
LA_E_1879225,1,pstn,A16
LA_E_1879269,1,gsm,A09
LA_E_1879779,1,g722,A10
LA_E_1879906,0,alaw,bonafide
LA_E_1880933,1,pstn,A11
LA_E_1881434,0,none,bonafide
LA_E_1881665,1,ulaw,A18
LA_E_1882103,1,opus,A07
LA_E_1882346,1,g722,A14
LA_E_1882897,1,gsm,A11
LA_E_1882934,1,alaw,A07
LA_E_1884605,1,ulaw,A16
LA_E_1885017,1,g722,A12
LA_E_1885164,1,ulaw,A14
LA_E_1885471,1,opus,A16
LA_E_1885517,1,gsm,A10
LA_E_1885576,1,opus,A13
LA_E_1885611,1,gsm,A18
LA_E_1885627,1,alaw,A09
LA_E_1885785,0,ulaw,bonafide
LA_E_1886089,1,opus,A14
LA_E_1886159,1,gsm,A19
LA_E_1886189,1,g722,A08
LA_E_1887028,1,gsm,A11
LA_E_1887297,1,g722,A17
LA_E_1887346,1,g722,A09
LA_E_1887800,1,alaw,A17
LA_E_1887802,1,alaw,A11
LA_E_1888076,1,alaw,A12
LA_E_1888275,1,ulaw,A18
LA_E_1888695,1,alaw,A18
LA_E_1888794,1,gsm,A11
LA_E_1889269,1,ulaw,A16
LA_E_1889303,1,none,A18
LA_E_1889588,1,gsm,A15
LA_E_1889681,1,opus,A13
LA_E_1890061,1,gsm,A08
LA_E_1890148,1,ulaw,A17
LA_E_1890241,1,alaw,A14
LA_E_1891115,1,none,A09
LA_E_1891875,1,pstn,A12
LA_E_1891990,1,pstn,A13
LA_E_1892600,1,alaw,A14
LA_E_1892915,0,opus,bonafide
LA_E_1892931,1,g722,A17
LA_E_1893142,1,gsm,A10
LA_E_1893435,1,none,A11
LA_E_1893681,1,pstn,A17
LA_E_1894027,1,none,A14
LA_E_1894499,1,ulaw,A18
LA_E_1894554,1,none,A15
LA_E_1894790,1,ulaw,A09
LA_E_1894918,1,ulaw,A17
LA_E_1895100,1,ulaw,A18
LA_E_1895151,1,gsm,A15
LA_E_1895157,1,opus,A15
LA_E_1895850,0,alaw,bonafide
LA_E_1896421,0,gsm,bonafide
LA_E_1896696,0,none,bonafide
LA_E_1896796,0,pstn,bonafide
LA_E_1896945,1,g722,A16
LA_E_1897877,1,pstn,A16
LA_E_1897933,1,opus,A18
LA_E_1898057,1,none,A17
LA_E_1898303,1,gsm,A17
LA_E_1898569,1,gsm,A12
LA_E_1898850,0,g722,bonafide
LA_E_1899349,1,none,A18
LA_E_1899514,0,none,bonafide
LA_E_1899582,1,pstn,A16
LA_E_1899625,1,gsm,A07
LA_E_1899871,1,opus,A17
LA_E_1901741,1,g722,A09
LA_E_1901913,1,pstn,A17
LA_E_1901935,1,opus,A07
LA_E_1902129,1,g722,A19
LA_E_1902348,1,ulaw,A08
LA_E_1902381,1,gsm,A11
LA_E_1902544,1,gsm,A07
LA_E_1902550,1,none,A09
LA_E_1902716,1,g722,A12
LA_E_1902937,1,ulaw,A18
LA_E_1903365,1,none,A08
LA_E_1903489,1,g722,A11
LA_E_1903716,0,alaw,bonafide
LA_E_1904096,1,ulaw,A16
LA_E_1904143,1,alaw,A17
LA_E_1904675,1,alaw,A18
LA_E_1904702,1,g722,A17
LA_E_1905325,1,gsm,A11
LA_E_1905716,1,gsm,A15
LA_E_1905989,1,gsm,A10
LA_E_1906054,1,opus,A14
LA_E_1906213,1,ulaw,A14
LA_E_1906659,1,alaw,A16
LA_E_1906720,0,g722,bonafide
LA_E_1906904,1,ulaw,A07
LA_E_1907296,1,opus,A14
LA_E_1907320,1,opus,A07
LA_E_1907779,1,ulaw,A14
LA_E_1908027,1,opus,A18
LA_E_1908489,1,g722,A07
LA_E_1908567,1,gsm,A19
LA_E_1909208,1,ulaw,A09
LA_E_1909211,1,g722,A16
LA_E_1909505,1,opus,A08
LA_E_1909692,1,alaw,A19
LA_E_1909780,1,gsm,A10
LA_E_1909945,0,g722,bonafide
LA_E_1909952,1,ulaw,A09
LA_E_1910205,1,gsm,A17
LA_E_1910253,1,pstn,A18
LA_E_1910458,1,none,A09
LA_E_1910507,1,pstn,A10
LA_E_1910550,1,pstn,A19
LA_E_1911430,1,alaw,A08
LA_E_1911904,0,ulaw,bonafide
LA_E_1912153,1,opus,A19
LA_E_1912241,1,g722,A16
LA_E_1912488,1,gsm,A11
LA_E_1912906,1,none,A08
LA_E_1913260,1,alaw,A17
LA_E_1913699,1,pstn,A10
LA_E_1913740,0,g722,bonafide
LA_E_1913840,1,g722,A14
LA_E_1914439,1,g722,A08
LA_E_1914592,1,alaw,A12
LA_E_1914686,1,none,A18
LA_E_1914720,0,opus,bonafide
LA_E_1914813,1,ulaw,A14
LA_E_1914814,1,g722,A09
LA_E_1914839,1,none,A11
LA_E_1915208,1,ulaw,A10
LA_E_1915589,1,pstn,A14
LA_E_1915704,1,ulaw,A09
LA_E_1916234,1,g722,A16
LA_E_1916600,1,none,A15
LA_E_1916811,1,opus,A18
LA_E_1916995,1,gsm,A18
LA_E_1917812,1,none,A18
LA_E_1918071,1,none,A19
LA_E_1918088,1,opus,A13
LA_E_1918850,1,gsm,A15
LA_E_1918892,0,pstn,bonafide
LA_E_1918994,1,ulaw,A08
LA_E_1919027,1,opus,A10
LA_E_1919364,1,g722,A10
LA_E_1919381,1,gsm,A09
LA_E_1919693,1,ulaw,A18
LA_E_1919725,1,ulaw,A07
LA_E_1919781,1,opus,A15
LA_E_1920140,1,pstn,A17
LA_E_1920231,1,gsm,A16
LA_E_1920259,1,opus,A19
LA_E_1920721,1,opus,A13
LA_E_1920902,1,pstn,A15
LA_E_1921175,1,opus,A08
LA_E_1921394,1,g722,A17
LA_E_1921463,1,none,A10
LA_E_1921664,1,opus,A16
LA_E_1922030,1,opus,A08
LA_E_1922502,1,pstn,A07
LA_E_1922537,1,ulaw,A13
LA_E_1922742,1,g722,A10
LA_E_1923098,1,pstn,A10
LA_E_1923155,1,opus,A09
LA_E_1923474,1,alaw,A16
LA_E_1923722,1,pstn,A12
LA_E_1924750,1,opus,A13
LA_E_1925133,1,gsm,A09
LA_E_1925149,1,ulaw,A10
LA_E_1926298,0,none,bonafide
LA_E_1926901,0,pstn,bonafide
LA_E_1927142,1,opus,A07
LA_E_1927257,1,opus,A07
LA_E_1927644,1,gsm,A11
LA_E_1927668,1,gsm,A18
LA_E_1927889,1,none,A19
LA_E_1928037,1,none,A13
LA_E_1928100,1,alaw,A09
LA_E_1928318,1,opus,A13
LA_E_1928675,1,gsm,A11
LA_E_1929009,1,ulaw,A16
LA_E_1929087,1,pstn,A13
LA_E_1929725,0,alaw,bonafide
LA_E_1930107,1,gsm,A18
LA_E_1930172,1,opus,A16
LA_E_1930805,1,g722,A10
LA_E_1931047,1,g722,A19
LA_E_1931109,1,pstn,A08
LA_E_1932091,1,opus,A14
LA_E_1932331,1,opus,A16
LA_E_1932448,1,g722,A17
LA_E_1932863,1,alaw,A19
LA_E_1934101,1,pstn,A19
LA_E_1934197,1,none,A10
LA_E_1934322,1,opus,A10
LA_E_1934406,1,g722,A15
LA_E_1935592,1,opus,A08
LA_E_1935752,1,opus,A16
LA_E_1935957,1,ulaw,A15
LA_E_1936050,1,pstn,A10
LA_E_1936188,1,ulaw,A13
LA_E_1936218,1,alaw,A11
LA_E_1936617,1,none,A14
LA_E_1936654,1,opus,A14
LA_E_1937163,1,opus,A12
LA_E_1937244,1,ulaw,A07
LA_E_1937410,1,ulaw,A09
LA_E_1938141,1,opus,A13
LA_E_1938269,1,ulaw,A17
LA_E_1938366,0,ulaw,bonafide
LA_E_1938505,1,none,A16
LA_E_1938929,0,g722,bonafide
LA_E_1939133,1,ulaw,A12
LA_E_1939287,1,g722,A17
LA_E_1939299,0,gsm,bonafide
LA_E_1939349,1,opus,A15
LA_E_1939361,1,none,A18
LA_E_1939385,1,gsm,A07
LA_E_1939499,1,pstn,A07
LA_E_1939528,0,alaw,bonafide
LA_E_1940237,1,alaw,A18
LA_E_1940503,1,gsm,A11
LA_E_1941301,1,pstn,A18
LA_E_1941417,1,alaw,A13
LA_E_1941458,1,ulaw,A16
LA_E_1941564,1,ulaw,A07
LA_E_1941628,1,alaw,A08
LA_E_1941875,1,ulaw,A14
LA_E_1942256,1,ulaw,A12
LA_E_1942407,1,pstn,A15
LA_E_1942424,1,opus,A07
LA_E_1942773,1,pstn,A11
LA_E_1942782,1,ulaw,A13
LA_E_1943139,1,opus,A19
LA_E_1943153,1,g722,A14
LA_E_1943329,1,gsm,A16
LA_E_1943375,1,alaw,A19
LA_E_1943781,1,opus,A11
LA_E_1944046,1,alaw,A12
LA_E_1944587,1,none,A11
LA_E_1945106,1,opus,A13
LA_E_1945473,1,g722,A10
LA_E_1945535,1,g722,A19
LA_E_1945541,1,opus,A18
LA_E_1945835,1,g722,A16
LA_E_1945889,1,opus,A14
LA_E_1946013,1,pstn,A10
LA_E_1946175,1,ulaw,A17
LA_E_1946701,1,alaw,A10
LA_E_1946735,1,opus,A19
LA_E_1946995,1,ulaw,A13
LA_E_1947010,1,none,A12
LA_E_1947277,1,ulaw,A19
LA_E_1947770,1,g722,A18
LA_E_1947954,1,ulaw,A08
LA_E_1948066,1,gsm,A11
LA_E_1948254,0,ulaw,bonafide
LA_E_1948729,1,g722,A12
LA_E_1948749,1,opus,A17
LA_E_1948874,1,ulaw,A07
LA_E_1948884,1,ulaw,A16
LA_E_1949221,1,opus,A15
LA_E_1949255,1,pstn,A07
LA_E_1949388,0,opus,bonafide
LA_E_1949424,0,g722,bonafide
LA_E_1949607,1,gsm,A08
LA_E_1949828,1,alaw,A07
LA_E_1949943,1,pstn,A16
LA_E_1950030,1,ulaw,A16
LA_E_1950136,1,gsm,A18
LA_E_1950366,1,ulaw,A09
LA_E_1950584,1,opus,A12
LA_E_1950660,1,none,A08
LA_E_1950796,1,opus,A09
LA_E_1951042,1,gsm,A07
LA_E_1951331,1,g722,A13
LA_E_1951552,1,ulaw,A13
LA_E_1951594,1,g722,A16
LA_E_1952507,1,opus,A18
LA_E_1952550,1,ulaw,A17
LA_E_1952571,1,ulaw,A13
LA_E_1952594,1,opus,A14
LA_E_1953033,1,pstn,A11
LA_E_1953827,1,ulaw,A17
LA_E_1954289,1,opus,A17
LA_E_1954479,1,opus,A15
LA_E_1954551,1,opus,A07
LA_E_1954585,1,none,A19
LA_E_1954663,1,gsm,A19
LA_E_1954765,1,gsm,A08
LA_E_1954835,1,ulaw,A08
LA_E_1954947,1,ulaw,A11
LA_E_1955975,1,pstn,A13
LA_E_1956095,1,opus,A10
LA_E_1956119,1,ulaw,A15
LA_E_1956287,0,gsm,bonafide
LA_E_1956675,1,g722,A12
LA_E_1956961,1,g722,A18
LA_E_1957371,1,gsm,A08
LA_E_1957820,1,ulaw,A09
LA_E_1957868,1,gsm,A12
LA_E_1958112,1,opus,A08
LA_E_1958393,1,gsm,A10
LA_E_1958657,1,none,A07
LA_E_1958790,1,gsm,A10
LA_E_1958831,1,none,A16
LA_E_1958910,1,opus,A10
LA_E_1959920,0,none,bonafide
LA_E_1959995,1,ulaw,A10
LA_E_1960373,1,opus,A11
LA_E_1960935,1,opus,A18
LA_E_1961644,1,gsm,A07
LA_E_1961772,1,opus,A15
LA_E_1961840,1,gsm,A19
LA_E_1961938,1,opus,A18
LA_E_1962013,1,gsm,A14
LA_E_1962475,1,ulaw,A14
LA_E_1962488,1,none,A10
LA_E_1962496,1,pstn,A12
LA_E_1962913,1,g722,A09
LA_E_1963688,1,pstn,A18
LA_E_1963885,1,none,A15
LA_E_1964149,1,ulaw,A12
LA_E_1964229,1,gsm,A16
LA_E_1964388,1,opus,A19
LA_E_1964564,1,gsm,A16
LA_E_1965041,0,ulaw,bonafide
LA_E_1965054,1,gsm,A12
LA_E_1965064,1,none,A13
LA_E_1965285,1,gsm,A10
LA_E_1966165,1,ulaw,A15
LA_E_1966215,1,opus,A13
LA_E_1966521,1,g722,A07
LA_E_1966560,0,opus,bonafide
LA_E_1966627,1,gsm,A17
LA_E_1966720,1,alaw,A08
LA_E_1966735,1,none,A18
LA_E_1967014,1,gsm,A10
LA_E_1967105,1,pstn,A17
LA_E_1967655,1,ulaw,A11
LA_E_1968931,1,opus,A19
LA_E_1969027,1,ulaw,A07
LA_E_1969239,0,opus,bonafide
LA_E_1969249,1,opus,A16
LA_E_1969279,1,pstn,A11
LA_E_1969791,1,ulaw,A08
LA_E_1970394,1,ulaw,A15
LA_E_1970451,1,g722,A10
LA_E_1970454,1,ulaw,A08
LA_E_1970520,1,opus,A10
LA_E_1970697,1,opus,A19
LA_E_1970989,0,none,bonafide
LA_E_1971079,1,g722,A08
LA_E_1971220,1,g722,A07
LA_E_1971365,1,g722,A10
LA_E_1971743,1,opus,A10
LA_E_1971995,1,ulaw,A17
LA_E_1972725,1,gsm,A15
LA_E_1972987,1,none,A16
LA_E_1973265,1,gsm,A14
LA_E_1973467,1,none,A14
LA_E_1973636,1,none,A12
LA_E_1974088,1,g722,A18
LA_E_1974094,1,opus,A16
LA_E_1974184,1,ulaw,A07
LA_E_1974556,1,pstn,A09
LA_E_1974743,1,opus,A18
LA_E_1975192,1,gsm,A07
LA_E_1975723,1,gsm,A08
LA_E_1975901,1,opus,A15
LA_E_1976005,1,g722,A15
LA_E_1976092,0,pstn,bonafide
LA_E_1976157,1,pstn,A14
LA_E_1976322,1,gsm,A12
LA_E_1976777,0,ulaw,bonafide
LA_E_1976936,1,none,A11
LA_E_1977020,1,gsm,A12
LA_E_1977076,1,alaw,A11
LA_E_1977333,0,opus,bonafide
LA_E_1977599,1,ulaw,A17
LA_E_1977742,1,opus,A15
LA_E_1978733,1,gsm,A16
LA_E_1978786,1,ulaw,A08
LA_E_1979358,1,opus,A10
LA_E_1979783,1,ulaw,A08
LA_E_1980070,1,gsm,A19
LA_E_1980279,1,ulaw,A19
LA_E_1980651,1,alaw,A09
LA_E_1981170,1,opus,A09
LA_E_1981413,1,g722,A16
LA_E_1981920,1,opus,A09
LA_E_1981969,1,ulaw,A09
LA_E_1982535,1,alaw,A14
LA_E_1983263,1,alaw,A09
LA_E_1983721,1,opus,A13
LA_E_1983913,1,opus,A08
LA_E_1984102,1,ulaw,A19
LA_E_1984222,1,ulaw,A17
LA_E_1984407,1,gsm,A16
LA_E_1985232,1,opus,A19
LA_E_1985235,1,g722,A12
LA_E_1985274,1,alaw,A19
LA_E_1985425,1,pstn,A15
LA_E_1985736,1,pstn,A13
LA_E_1985962,1,ulaw,A19
LA_E_1986124,0,g722,bonafide
LA_E_1986215,1,alaw,A15
LA_E_1986308,1,alaw,A17
LA_E_1986385,1,ulaw,A10
LA_E_1986440,1,ulaw,A13
LA_E_1986522,1,ulaw,A11
LA_E_1987153,1,gsm,A08
LA_E_1987778,1,alaw,A11
LA_E_1987904,1,ulaw,A18
LA_E_1988111,1,alaw,A11
LA_E_1988145,1,pstn,A17
LA_E_1988700,1,opus,A18
LA_E_1988970,1,gsm,A09
LA_E_1989559,1,gsm,A12
LA_E_1990013,1,ulaw,A16
LA_E_1990017,1,gsm,A08
LA_E_1990851,1,gsm,A16
LA_E_1991119,1,none,A10
LA_E_1991287,1,pstn,A16
LA_E_1991649,1,opus,A11
LA_E_1991762,1,gsm,A10
LA_E_1991898,0,none,bonafide
LA_E_1992012,1,pstn,A16
LA_E_1992087,1,gsm,A19
LA_E_1992102,1,none,A13
LA_E_1992502,1,ulaw,A07
LA_E_1992655,1,none,A08
LA_E_1992864,1,pstn,A10
LA_E_1992887,1,opus,A12
LA_E_1993150,1,none,A07
LA_E_1993168,1,opus,A07
LA_E_1993361,1,g722,A16
LA_E_1993465,1,alaw,A09
LA_E_1993538,1,alaw,A07
LA_E_1993808,1,gsm,A15
LA_E_1993901,1,ulaw,A18
LA_E_1993997,1,ulaw,A13
LA_E_1994063,1,ulaw,A15
LA_E_1994304,1,pstn,A19
LA_E_1994461,1,opus,A11
LA_E_1995641,1,opus,A10
LA_E_1995886,0,pstn,bonafide
LA_E_1995912,1,gsm,A10
LA_E_1996774,1,g722,A17
LA_E_1996806,1,g722,A08
LA_E_1997022,1,alaw,A14
LA_E_1997230,1,gsm,A17
LA_E_1997251,1,gsm,A16
LA_E_1997283,1,none,A09
LA_E_1997555,1,none,A07
LA_E_1997873,1,ulaw,A16
LA_E_1997925,1,none,A14
LA_E_1998114,1,opus,A08
LA_E_1998251,1,ulaw,A17
LA_E_1998281,0,g722,bonafide
LA_E_1998297,0,gsm,bonafide
LA_E_1998450,1,ulaw,A19
LA_E_1998859,1,none,A14
LA_E_1999269,1,gsm,A12
LA_E_1999546,1,none,A08
LA_E_1999996,1,ulaw,A19
LA_E_2000120,1,pstn,A14
LA_E_2000155,1,none,A13
LA_E_2000761,1,alaw,A15
LA_E_2000965,1,opus,A14
LA_E_2001048,1,gsm,A09
LA_E_2001556,1,none,A13
LA_E_2002502,1,opus,A07
LA_E_2003443,1,opus,A09
LA_E_2003480,1,alaw,A13
LA_E_2003554,1,alaw,A11
LA_E_2004216,1,opus,A09
LA_E_2004596,1,none,A08
LA_E_2004854,1,g722,A18
LA_E_2004857,1,gsm,A17
LA_E_2005042,1,gsm,A14
LA_E_2005391,1,opus,A09
LA_E_2005402,1,gsm,A09
LA_E_2005590,1,gsm,A19
LA_E_2006150,1,g722,A08
LA_E_2006386,1,ulaw,A16
LA_E_2006417,1,alaw,A10
LA_E_2006602,1,alaw,A15
LA_E_2007551,0,ulaw,bonafide
LA_E_2007962,1,pstn,A08
LA_E_2008055,1,alaw,A11
LA_E_2008543,1,none,A11
LA_E_2009128,1,alaw,A09
LA_E_2009227,1,opus,A13
LA_E_2009554,1,pstn,A16
LA_E_2009796,0,ulaw,bonafide
LA_E_2010145,1,ulaw,A08
LA_E_2010348,1,pstn,A08
LA_E_2010884,0,ulaw,bonafide
LA_E_2011018,1,opus,A11
LA_E_2011100,1,alaw,A17
LA_E_2011508,1,opus,A17
LA_E_2011715,1,g722,A09
LA_E_2011896,1,opus,A17
LA_E_2012051,1,none,A13
LA_E_2012088,1,ulaw,A09
LA_E_2012133,1,none,A19
LA_E_2012239,1,none,A10
LA_E_2012316,1,ulaw,A11
LA_E_2012473,1,alaw,A16
LA_E_2012754,1,opus,A10
LA_E_2012987,1,gsm,A19
LA_E_2013006,1,g722,A10
LA_E_2013196,1,alaw,A15
LA_E_2013241,1,g722,A19
LA_E_2013666,1,ulaw,A19
LA_E_2013872,1,none,A12
LA_E_2014322,1,g722,A17
LA_E_2014498,1,gsm,A08
LA_E_2014695,1,opus,A11
LA_E_2014836,1,pstn,A07
LA_E_2014963,1,pstn,A17
LA_E_2015550,1,none,A17
LA_E_2015561,1,g722,A16
LA_E_2015579,0,ulaw,bonafide
LA_E_2015637,1,opus,A11
LA_E_2015901,1,g722,A12
LA_E_2016041,1,opus,A11
LA_E_2016476,1,alaw,A09
LA_E_2017647,1,opus,A17
LA_E_2018029,0,gsm,bonafide
LA_E_2018055,1,gsm,A17
LA_E_2018338,1,ulaw,A19
LA_E_2018375,1,g722,A11
LA_E_2018686,1,opus,A12
LA_E_2018713,1,g722,A15
LA_E_2018881,1,none,A08
LA_E_2019839,1,alaw,A12
LA_E_2020134,1,opus,A10
LA_E_2020342,1,alaw,A15
LA_E_2020495,1,ulaw,A07
LA_E_2020568,1,opus,A15
LA_E_2021062,1,opus,A14
LA_E_2021193,1,gsm,A09
LA_E_2021332,1,opus,A09
LA_E_2021421,1,ulaw,A16
LA_E_2021598,1,gsm,A19
LA_E_2022185,1,none,A17
LA_E_2022453,1,none,A18
LA_E_2022857,1,g722,A13
LA_E_2023049,1,gsm,A13
LA_E_2023231,1,gsm,A14
LA_E_2023257,1,ulaw,A09
LA_E_2023278,1,alaw,A14
LA_E_2023547,1,opus,A12
LA_E_2023625,1,ulaw,A11
LA_E_2023777,1,gsm,A08
LA_E_2024304,1,gsm,A10
LA_E_2024663,1,g722,A07
LA_E_2024876,1,ulaw,A09
LA_E_2024893,1,alaw,A13
LA_E_2024988,1,opus,A13
LA_E_2025060,1,none,A07
LA_E_2025154,1,alaw,A11
LA_E_2025286,1,gsm,A17
LA_E_2025346,1,pstn,A08
LA_E_2025826,1,ulaw,A07
LA_E_2026015,1,gsm,A16
LA_E_2026971,1,ulaw,A08
LA_E_2027686,0,opus,bonafide
LA_E_2027696,1,opus,A13
LA_E_2027852,1,ulaw,A10
LA_E_2027958,1,ulaw,A10
LA_E_2028074,1,ulaw,A09
LA_E_2028223,0,gsm,bonafide
LA_E_2028439,1,ulaw,A15
LA_E_2028444,1,gsm,A10
LA_E_2028959,1,ulaw,A12
LA_E_2029055,1,none,A07
LA_E_2029441,1,alaw,A08
LA_E_2029603,1,pstn,A16
LA_E_2029892,1,ulaw,A19
LA_E_2030002,1,none,A16
LA_E_2030293,1,g722,A18
LA_E_2030307,1,gsm,A15
LA_E_2030692,1,g722,A09
LA_E_2030907,1,ulaw,A12
LA_E_2031167,1,gsm,A15
LA_E_2031709,1,gsm,A14
LA_E_2031732,1,none,A11
LA_E_2032463,1,alaw,A13
LA_E_2033059,1,none,A13
LA_E_2033375,1,alaw,A09
LA_E_2033682,1,ulaw,A15
LA_E_2033914,1,ulaw,A12
LA_E_2034237,1,gsm,A14
LA_E_2034283,1,g722,A11
LA_E_2034331,1,alaw,A17
LA_E_2034459,1,g722,A10
LA_E_2034989,1,none,A08
LA_E_2035070,1,g722,A14
LA_E_2035097,0,opus,bonafide
LA_E_2035256,1,gsm,A16
LA_E_2035260,1,ulaw,A16
LA_E_2035280,1,ulaw,A14
LA_E_2035290,1,pstn,A13
LA_E_2035403,1,opus,A13
LA_E_2035543,1,ulaw,A10
LA_E_2036010,1,ulaw,A15
LA_E_2036054,1,opus,A19
LA_E_2036101,1,ulaw,A09
LA_E_2036358,1,g722,A12
LA_E_2036657,1,g722,A09
LA_E_2036974,1,none,A17
LA_E_2037425,0,none,bonafide
LA_E_2037734,1,gsm,A14
LA_E_2037878,1,ulaw,A14
LA_E_2038335,0,gsm,bonafide
LA_E_2038364,1,gsm,A19
LA_E_2038433,1,g722,A13
LA_E_2038942,1,gsm,A08
LA_E_2039144,1,gsm,A10
LA_E_2039728,1,alaw,A11
LA_E_2039990,1,gsm,A10
LA_E_2040054,1,pstn,A14
LA_E_2040113,1,gsm,A19
LA_E_2040194,1,opus,A12
LA_E_2040302,1,ulaw,A10
LA_E_2040348,1,alaw,A09
LA_E_2040728,1,g722,A13
LA_E_2041420,1,g722,A11
LA_E_2041553,1,opus,A07
LA_E_2042057,1,alaw,A16
LA_E_2042112,1,alaw,A10
LA_E_2042348,1,alaw,A18
LA_E_2042577,1,none,A13
LA_E_2042949,1,opus,A08
LA_E_2043059,0,gsm,bonafide
LA_E_2043292,1,none,A10
LA_E_2043388,1,ulaw,A11
LA_E_2043964,1,none,A11
LA_E_2044307,1,gsm,A18
LA_E_2044463,1,ulaw,A11
LA_E_2044996,1,g722,A11
LA_E_2045309,1,g722,A09
LA_E_2045535,1,alaw,A15
LA_E_2045607,1,g722,A09
LA_E_2045645,1,opus,A16
LA_E_2045710,1,pstn,A08
LA_E_2045745,1,ulaw,A18
LA_E_2045762,1,pstn,A12
LA_E_2046190,1,alaw,A15
LA_E_2046219,1,gsm,A12
LA_E_2046499,0,ulaw,bonafide
LA_E_2046809,1,none,A17
LA_E_2046840,0,g722,bonafide
LA_E_2047169,1,pstn,A14
LA_E_2047595,1,pstn,A11
LA_E_2047992,1,gsm,A11
LA_E_2048563,1,g722,A09
LA_E_2048838,1,g722,A13
LA_E_2048990,0,ulaw,bonafide
LA_E_2049088,0,alaw,bonafide
LA_E_2049123,0,opus,bonafide
LA_E_2049429,1,ulaw,A18
LA_E_2050016,1,gsm,A08
LA_E_2050026,1,pstn,A14
LA_E_2050922,1,gsm,A15
LA_E_2050967,1,pstn,A19
LA_E_2051513,1,opus,A12
LA_E_2051881,1,g722,A19
LA_E_2052199,1,opus,A17
LA_E_2052434,1,opus,A15
LA_E_2052876,1,opus,A11
LA_E_2053431,1,alaw,A10
LA_E_2053525,1,alaw,A11
LA_E_2054601,1,none,A18
LA_E_2055397,1,opus,A19
LA_E_2055613,1,opus,A13
LA_E_2056564,1,pstn,A09
LA_E_2057022,1,g722,A13
LA_E_2057112,1,ulaw,A11
LA_E_2057128,1,opus,A18
LA_E_2057157,1,alaw,A19
LA_E_2058518,1,gsm,A15
LA_E_2058521,1,ulaw,A11
LA_E_2058931,1,alaw,A13
LA_E_2058945,1,ulaw,A13
LA_E_2059091,1,pstn,A16
LA_E_2059277,1,ulaw,A19
LA_E_2060398,1,alaw,A10
LA_E_2060532,0,pstn,bonafide
LA_E_2060880,1,opus,A16
LA_E_2061388,1,ulaw,A13
LA_E_2061851,1,alaw,A15
LA_E_2061965,1,alaw,A19
LA_E_2062067,1,alaw,A13
LA_E_2062074,1,alaw,A10
LA_E_2062409,1,gsm,A09
LA_E_2062532,1,none,A07
LA_E_2062572,1,none,A09
LA_E_2062629,1,pstn,A19
LA_E_2062920,1,none,A19
LA_E_2063476,1,ulaw,A14
LA_E_2063494,1,g722,A08
LA_E_2063687,1,none,A18
LA_E_2063887,1,pstn,A18
LA_E_2064232,1,pstn,A17
LA_E_2064290,1,g722,A10
LA_E_2064291,1,ulaw,A12
LA_E_2064671,1,none,A07
LA_E_2065035,1,ulaw,A13
LA_E_2065101,1,g722,A11
LA_E_2065692,1,opus,A13
LA_E_2066004,1,ulaw,A18
LA_E_2067037,1,g722,A12
LA_E_2067794,1,opus,A17
LA_E_2068442,1,gsm,A18
LA_E_2068926,1,gsm,A10
LA_E_2069367,1,gsm,A10
LA_E_2069423,1,pstn,A08
LA_E_2069564,1,none,A09
LA_E_2070020,1,alaw,A19
LA_E_2070128,1,none,A07
LA_E_2070150,1,opus,A11
LA_E_2070192,1,pstn,A10
LA_E_2070390,1,none,A09
LA_E_2070923,1,ulaw,A18
LA_E_2071470,1,g722,A15
LA_E_2071613,1,none,A15
LA_E_2071828,1,pstn,A16
LA_E_2072062,1,none,A13
LA_E_2072180,1,g722,A07
LA_E_2072493,1,ulaw,A16
LA_E_2072611,1,ulaw,A13
LA_E_2072644,1,gsm,A10
LA_E_2073258,1,opus,A17
LA_E_2073287,1,opus,A08
LA_E_2073835,1,opus,A18
LA_E_2073850,1,g722,A07
LA_E_2074076,1,ulaw,A09
LA_E_2074131,1,gsm,A09
LA_E_2074752,1,none,A17
LA_E_2074995,1,ulaw,A15
LA_E_2075411,1,none,A08
LA_E_2075743,1,none,A14
LA_E_2075762,1,none,A15
LA_E_2075826,1,opus,A09
LA_E_2075883,1,pstn,A14
LA_E_2075963,1,g722,A07
LA_E_2075979,1,opus,A18
LA_E_2076136,1,pstn,A13
LA_E_2076175,1,ulaw,A14
LA_E_2076214,1,opus,A18
LA_E_2076891,1,opus,A10
LA_E_2077047,1,opus,A13
LA_E_2078177,1,g722,A19
LA_E_2078697,1,g722,A09
LA_E_2079106,1,opus,A13
LA_E_2079292,1,alaw,A10
LA_E_2079393,1,pstn,A10
LA_E_2079404,1,opus,A15
LA_E_2079446,1,pstn,A12
LA_E_2079722,1,opus,A18
LA_E_2079873,1,none,A19
LA_E_2080413,1,g722,A19
LA_E_2080463,1,pstn,A09
LA_E_2080676,1,ulaw,A09
LA_E_2080807,1,alaw,A19
LA_E_2081241,0,g722,bonafide
LA_E_2081950,1,pstn,A14
LA_E_2081964,1,gsm,A14
LA_E_2081967,1,ulaw,A07
LA_E_2082182,1,opus,A07
LA_E_2082741,1,ulaw,A17
LA_E_2082834,1,ulaw,A14
LA_E_2082940,1,alaw,A17
LA_E_2083184,1,none,A09
LA_E_2083242,1,pstn,A09
LA_E_2083262,1,alaw,A18
LA_E_2083448,1,gsm,A14
LA_E_2083467,1,opus,A16
LA_E_2083522,1,gsm,A07
LA_E_2083679,1,opus,A18
LA_E_2083775,1,none,A14
LA_E_2083958,1,pstn,A10
LA_E_2084222,1,g722,A19
LA_E_2084325,1,ulaw,A10
LA_E_2084510,1,pstn,A14
LA_E_2084688,1,gsm,A10
LA_E_2084920,1,opus,A17
LA_E_2085236,1,alaw,A19
LA_E_2085442,1,pstn,A16
LA_E_2085657,1,pstn,A09
LA_E_2085725,1,alaw,A18
LA_E_2085735,1,none,A14
LA_E_2085887,1,ulaw,A18
LA_E_2086006,1,none,A19
LA_E_2086050,1,pstn,A07
LA_E_2086392,1,none,A11
LA_E_2086440,1,gsm,A15
LA_E_2086639,1,none,A09
LA_E_2087221,1,none,A08
LA_E_2087247,0,gsm,bonafide
LA_E_2087455,1,pstn,A11
LA_E_2087654,1,g722,A09
LA_E_2087701,1,gsm,A12
LA_E_2087851,1,ulaw,A11
LA_E_2088164,1,g722,A19
LA_E_2088314,1,ulaw,A14
LA_E_2088355,1,g722,A11
LA_E_2088505,1,pstn,A10
LA_E_2088970,1,g722,A11
LA_E_2089203,1,alaw,A10
LA_E_2089395,1,alaw,A12
LA_E_2089747,1,alaw,A13
LA_E_2089757,1,none,A19
LA_E_2089834,1,ulaw,A07
LA_E_2089944,1,gsm,A12
LA_E_2090526,1,none,A08
LA_E_2090629,1,pstn,A15
LA_E_2090910,1,gsm,A13
LA_E_2091836,0,opus,bonafide
LA_E_2091839,1,gsm,A11
LA_E_2091908,1,none,A19
LA_E_2092081,1,ulaw,A14
LA_E_2092233,1,opus,A15
LA_E_2093674,1,opus,A07
LA_E_2093726,1,g722,A17
LA_E_2093778,1,alaw,A16
LA_E_2093799,1,ulaw,A12
LA_E_2094726,1,alaw,A13
LA_E_2095172,1,pstn,A13
LA_E_2095182,1,ulaw,A10
LA_E_2095214,1,ulaw,A18
LA_E_2095914,1,pstn,A08
LA_E_2095952,0,gsm,bonafide
LA_E_2096052,1,alaw,A18
LA_E_2096105,1,alaw,A08
LA_E_2096547,1,ulaw,A09
LA_E_2097526,1,g722,A13
LA_E_2097568,1,ulaw,A13
LA_E_2097758,1,g722,A16
LA_E_2097862,1,ulaw,A17
LA_E_2098213,1,g722,A19
LA_E_2098353,1,g722,A14
LA_E_2098750,1,opus,A14
LA_E_2098767,1,none,A16
LA_E_2098955,1,none,A18
LA_E_2099179,1,opus,A15
LA_E_2099328,1,none,A19
LA_E_2099413,1,g722,A07
LA_E_2099869,1,pstn,A07
LA_E_2099911,1,ulaw,A15
LA_E_2099952,1,none,A12
LA_E_2099964,1,gsm,A12
LA_E_2100325,1,g722,A19
LA_E_2100358,1,gsm,A16
LA_E_2100432,1,ulaw,A13
LA_E_2100646,1,ulaw,A12
LA_E_2100657,1,alaw,A13
LA_E_2101099,1,pstn,A10
LA_E_2101164,1,g722,A15
LA_E_2101261,1,ulaw,A08
LA_E_2101398,1,opus,A09
LA_E_2101598,1,alaw,A07
LA_E_2101915,1,opus,A18
LA_E_2102009,1,alaw,A14
LA_E_2102202,1,ulaw,A07
LA_E_2102236,1,none,A15
LA_E_2102238,1,g722,A18
LA_E_2102263,1,none,A09
LA_E_2102490,1,g722,A15
LA_E_2102776,1,ulaw,A11
LA_E_2102836,1,pstn,A15
LA_E_2103379,1,none,A15
LA_E_2103795,1,g722,A17
LA_E_2103800,1,opus,A12
LA_E_2104002,1,gsm,A07
LA_E_2104313,1,gsm,A08
LA_E_2104821,1,gsm,A14
LA_E_2104911,0,ulaw,bonafide
LA_E_2105030,1,alaw,A10
LA_E_2105165,1,opus,A15
LA_E_2105315,1,g722,A15
LA_E_2105558,1,opus,A11
LA_E_2106386,1,ulaw,A08
LA_E_2106526,0,none,bonafide
LA_E_2106783,1,pstn,A13
LA_E_2106803,1,opus,A17
LA_E_2106867,0,opus,bonafide
LA_E_2107259,1,opus,A11
LA_E_2107347,1,gsm,A10
LA_E_2107806,1,pstn,A15
LA_E_2108312,1,pstn,A12
LA_E_2108718,0,ulaw,bonafide
LA_E_2109147,1,gsm,A16
LA_E_2109274,0,opus,bonafide
LA_E_2109504,1,ulaw,A07
LA_E_2109536,1,pstn,A07
LA_E_2110074,1,pstn,A07
LA_E_2110233,1,gsm,A16
LA_E_2110246,1,gsm,A07
LA_E_2110279,0,opus,bonafide
LA_E_2110680,1,opus,A18
LA_E_2110973,1,ulaw,A11
LA_E_2111054,1,ulaw,A08
LA_E_2111289,1,pstn,A13
LA_E_2111328,1,gsm,A13
LA_E_2111530,1,gsm,A15
LA_E_2111554,1,opus,A11
LA_E_2111569,1,opus,A08
LA_E_2111983,1,pstn,A07
LA_E_2112467,1,pstn,A10
LA_E_2112674,1,alaw,A19
LA_E_2112920,1,pstn,A10
LA_E_2113061,1,opus,A16
LA_E_2113389,1,none,A09
LA_E_2113502,1,pstn,A15
LA_E_2113910,1,opus,A08
LA_E_2114142,0,ulaw,bonafide
LA_E_2114986,1,opus,A12
LA_E_2115094,1,gsm,A17
LA_E_2115195,1,pstn,A11
LA_E_2115450,1,pstn,A16
LA_E_2115568,1,opus,A19
LA_E_2115605,1,opus,A13
LA_E_2116044,1,none,A19
LA_E_2116091,1,g722,A12
LA_E_2116330,1,g722,A11
LA_E_2116723,1,g722,A19
LA_E_2117552,1,alaw,A18
LA_E_2118160,1,g722,A16
LA_E_2118314,1,opus,A10
LA_E_2118344,1,gsm,A13
LA_E_2118475,1,pstn,A11
LA_E_2118986,1,ulaw,A13
LA_E_2119624,1,none,A16
LA_E_2119810,1,pstn,A13
LA_E_2119859,0,alaw,bonafide
LA_E_2120046,1,opus,A13
LA_E_2120067,0,opus,bonafide
LA_E_2120265,1,pstn,A15
LA_E_2120319,1,ulaw,A08
LA_E_2120963,1,g722,A13
LA_E_2120970,1,opus,A15
LA_E_2121092,0,g722,bonafide
LA_E_2121211,1,gsm,A10
LA_E_2121438,1,opus,A08
LA_E_2121558,1,none,A17
LA_E_2121770,1,opus,A08
LA_E_2121797,1,g722,A15
LA_E_2121810,1,pstn,A09
LA_E_2122142,1,opus,A15
LA_E_2122336,1,pstn,A12
LA_E_2122546,1,pstn,A08
LA_E_2122766,1,g722,A10
LA_E_2123335,1,opus,A07
LA_E_2123968,1,gsm,A15
LA_E_2124143,1,opus,A19
LA_E_2124358,1,alaw,A08
LA_E_2124368,1,ulaw,A18
LA_E_2125008,1,opus,A16
LA_E_2125251,1,ulaw,A07
LA_E_2125320,1,opus,A14
LA_E_2125371,1,pstn,A19
LA_E_2125525,0,pstn,bonafide
LA_E_2125543,1,g722,A12
LA_E_2126317,1,g722,A08
LA_E_2126345,1,none,A10
LA_E_2126384,1,opus,A11
LA_E_2126394,1,alaw,A12
LA_E_2127411,1,opus,A08
LA_E_2128027,1,alaw,A09
LA_E_2129265,1,ulaw,A07
LA_E_2129561,1,gsm,A16
LA_E_2129578,1,opus,A18
LA_E_2131036,1,none,A19
LA_E_2131312,1,none,A15
LA_E_2131327,1,ulaw,A13
LA_E_2131497,1,g722,A07
LA_E_2132117,1,ulaw,A10
LA_E_2132585,1,opus,A19
LA_E_2132753,1,ulaw,A18
LA_E_2132898,1,alaw,A08
LA_E_2133969,1,g722,A14
LA_E_2134211,1,opus,A16
LA_E_2134517,1,ulaw,A07
LA_E_2135294,1,none,A12
LA_E_2135419,1,opus,A15
LA_E_2135544,1,ulaw,A18
LA_E_2135551,1,pstn,A18
LA_E_2136192,1,alaw,A09
LA_E_2136365,1,alaw,A12
LA_E_2136589,1,alaw,A19
LA_E_2136676,1,alaw,A07
LA_E_2136696,1,pstn,A13
LA_E_2137173,1,pstn,A13
LA_E_2137209,1,gsm,A16
LA_E_2137269,1,pstn,A12
LA_E_2137347,1,gsm,A08
LA_E_2138006,1,opus,A18
LA_E_2138279,1,opus,A07
LA_E_2138419,1,pstn,A12
LA_E_2138573,1,pstn,A17
LA_E_2138813,1,pstn,A15
LA_E_2138868,1,none,A16
LA_E_2139905,1,alaw,A12
LA_E_2139928,1,none,A11
LA_E_2140003,1,g722,A17
LA_E_2140270,1,ulaw,A07
LA_E_2140388,1,gsm,A12
LA_E_2140458,1,ulaw,A10
LA_E_2140577,1,pstn,A11
LA_E_2141143,1,opus,A08
LA_E_2141315,1,alaw,A11
LA_E_2141365,1,gsm,A09
LA_E_2141695,1,ulaw,A14
LA_E_2141708,0,g722,bonafide
LA_E_2142024,1,none,A10
LA_E_2143517,1,ulaw,A11
LA_E_2143824,1,gsm,A09
LA_E_2143843,1,none,A17
LA_E_2143963,0,pstn,bonafide
LA_E_2144562,1,ulaw,A15
LA_E_2144591,1,alaw,A17
LA_E_2144715,1,pstn,A11
LA_E_2144868,1,ulaw,A15
LA_E_2144936,1,alaw,A12
LA_E_2145235,1,pstn,A14
LA_E_2145247,1,opus,A16
LA_E_2145306,1,opus,A08
LA_E_2145416,1,opus,A11
LA_E_2145694,1,alaw,A08
LA_E_2146174,1,pstn,A09
LA_E_2146361,1,g722,A08
LA_E_2146471,1,opus,A11
LA_E_2146629,1,alaw,A07
LA_E_2146694,1,gsm,A17
LA_E_2146919,1,g722,A12
LA_E_2147357,1,g722,A15
LA_E_2147381,1,gsm,A15
LA_E_2147990,1,g722,A13
LA_E_2148094,1,gsm,A14
LA_E_2148132,1,g722,A09
LA_E_2148194,1,gsm,A15
LA_E_2148375,1,pstn,A09
LA_E_2148585,1,gsm,A07
LA_E_2148738,1,pstn,A13
LA_E_2148833,1,gsm,A13
LA_E_2148849,1,gsm,A13
LA_E_2148857,1,gsm,A14
LA_E_2148908,1,pstn,A14
LA_E_2149266,1,gsm,A14
LA_E_2149472,1,none,A16
LA_E_2149652,1,gsm,A09
LA_E_2149975,1,alaw,A09
LA_E_2150485,1,pstn,A16
LA_E_2150959,1,opus,A19
LA_E_2151059,1,alaw,A17
LA_E_2151111,1,opus,A07
LA_E_2151141,0,ulaw,bonafide
LA_E_2151215,1,gsm,A19
LA_E_2151237,1,opus,A08
LA_E_2151250,1,opus,A09
LA_E_2151267,1,ulaw,A15
LA_E_2151339,1,opus,A11
LA_E_2151439,1,opus,A16
LA_E_2151673,1,ulaw,A15
LA_E_2151737,1,alaw,A18
LA_E_2152486,1,none,A12
LA_E_2152515,1,alaw,A11
LA_E_2152654,0,gsm,bonafide
LA_E_2152921,1,pstn,A15
LA_E_2152977,1,none,A11
LA_E_2153146,1,gsm,A13
LA_E_2153280,1,ulaw,A11
LA_E_2153561,1,g722,A14
LA_E_2153707,1,gsm,A14
LA_E_2153795,1,gsm,A13
LA_E_2153797,1,opus,A09
LA_E_2154214,1,opus,A15
LA_E_2154541,1,gsm,A16
LA_E_2154631,1,pstn,A10
LA_E_2154744,1,none,A15
LA_E_2154854,1,none,A12
LA_E_2154954,1,ulaw,A14
LA_E_2155111,1,ulaw,A16
LA_E_2155316,1,alaw,A18
LA_E_2155613,1,gsm,A12
LA_E_2155636,1,pstn,A09
LA_E_2156160,1,ulaw,A08
LA_E_2156326,1,alaw,A17
LA_E_2156328,1,gsm,A07
LA_E_2156441,1,g722,A14
LA_E_2156532,1,gsm,A12
LA_E_2157028,1,ulaw,A07
LA_E_2157283,1,gsm,A12
LA_E_2157338,1,g722,A10
LA_E_2157661,1,none,A11
LA_E_2157698,1,alaw,A07
LA_E_2157863,1,g722,A15
LA_E_2157906,1,gsm,A14
LA_E_2157931,1,opus,A09
LA_E_2158411,1,pstn,A18
LA_E_2158531,1,g722,A07
LA_E_2158538,0,pstn,bonafide
LA_E_2158647,1,g722,A08
LA_E_2158704,1,alaw,A17
LA_E_2159227,1,none,A16
LA_E_2159377,1,pstn,A17
LA_E_2159392,1,pstn,A14
LA_E_2159636,1,ulaw,A07
LA_E_2159771,1,gsm,A18
LA_E_2159806,1,ulaw,A19
LA_E_2159824,1,ulaw,A11
LA_E_2159884,1,pstn,A08
LA_E_2160130,1,g722,A09
LA_E_2160227,1,none,A15
LA_E_2160278,1,gsm,A16
LA_E_2160353,1,opus,A15
LA_E_2160862,1,opus,A09
LA_E_2161104,1,alaw,A19
LA_E_2161122,0,ulaw,bonafide
LA_E_2161155,1,pstn,A17
LA_E_2161215,1,ulaw,A12
LA_E_2161459,1,ulaw,A09
LA_E_2161554,1,gsm,A18
LA_E_2161641,0,opus,bonafide
LA_E_2161717,1,g722,A14
LA_E_2161808,1,ulaw,A08
LA_E_2162008,1,ulaw,A12
LA_E_2162653,1,none,A17
LA_E_2162658,1,alaw,A16
LA_E_2162673,1,ulaw,A13
LA_E_2162884,1,none,A09
LA_E_2162979,1,g722,A07
LA_E_2163160,1,alaw,A12
LA_E_2163858,1,pstn,A18
LA_E_2164416,1,pstn,A15
LA_E_2164591,1,gsm,A14
LA_E_2164617,0,ulaw,bonafide
LA_E_2165531,1,none,A10
LA_E_2165583,1,alaw,A07
LA_E_2165633,1,g722,A08
LA_E_2166261,1,pstn,A08
LA_E_2166897,1,pstn,A11
LA_E_2167093,1,g722,A08
LA_E_2167177,1,none,A11
LA_E_2167260,1,none,A14
LA_E_2167427,0,pstn,bonafide
LA_E_2167433,0,opus,bonafide
LA_E_2167460,1,none,A07
LA_E_2167853,1,g722,A17
LA_E_2168212,1,pstn,A17
LA_E_2168266,1,gsm,A12
LA_E_2168640,0,alaw,bonafide
LA_E_2168681,1,ulaw,A18
LA_E_2168822,1,none,A10
LA_E_2169168,1,gsm,A07
LA_E_2169216,1,ulaw,A12
LA_E_2169351,0,none,bonafide
LA_E_2169378,1,g722,A18
LA_E_2170477,1,ulaw,A12
LA_E_2170506,1,alaw,A15
LA_E_2171201,1,pstn,A17
LA_E_2171325,1,alaw,A17
LA_E_2171901,1,alaw,A15
LA_E_2172136,1,none,A10
LA_E_2172216,1,gsm,A09
LA_E_2172406,1,gsm,A16
LA_E_2172967,1,opus,A11
LA_E_2173165,1,g722,A09
LA_E_2173540,1,pstn,A12
LA_E_2173899,1,alaw,A14
LA_E_2173936,1,pstn,A07
LA_E_2173939,1,opus,A07
LA_E_2174277,1,alaw,A10
LA_E_2174804,1,alaw,A17
LA_E_2174958,1,ulaw,A10
LA_E_2174995,0,g722,bonafide
LA_E_2175064,1,none,A11
LA_E_2175507,1,pstn,A11
LA_E_2175929,1,pstn,A18
LA_E_2176144,0,alaw,bonafide
LA_E_2176168,1,g722,A16
LA_E_2176225,1,gsm,A09
LA_E_2176353,0,opus,bonafide
LA_E_2176598,1,ulaw,A11
LA_E_2176740,1,none,A07
LA_E_2177742,1,pstn,A07
LA_E_2177784,1,alaw,A08
LA_E_2177813,1,gsm,A14
LA_E_2177967,1,pstn,A18
LA_E_2178167,0,pstn,bonafide
LA_E_2178394,1,opus,A09
LA_E_2178605,1,gsm,A16
LA_E_2178924,1,opus,A17
LA_E_2179273,1,g722,A17
LA_E_2179281,1,gsm,A09
LA_E_2179312,1,gsm,A19
LA_E_2179585,1,pstn,A07
LA_E_2180435,1,ulaw,A08
LA_E_2181093,1,gsm,A07
LA_E_2181220,1,opus,A08
LA_E_2182282,1,ulaw,A15
LA_E_2182663,1,ulaw,A15
LA_E_2183077,1,g722,A18
LA_E_2183269,1,alaw,A09
LA_E_2183307,1,ulaw,A10
LA_E_2184188,1,alaw,A11
LA_E_2184515,1,opus,A09
LA_E_2184614,0,gsm,bonafide
LA_E_2184844,1,pstn,A12
LA_E_2185158,1,ulaw,A12
LA_E_2185228,1,g722,A18
LA_E_2185595,1,ulaw,A16
LA_E_2186091,1,alaw,A12
LA_E_2186504,1,opus,A16
LA_E_2187174,1,none,A12
LA_E_2187201,0,ulaw,bonafide
LA_E_2187337,1,g722,A17
LA_E_2187625,1,alaw,A18
LA_E_2187693,1,alaw,A14
LA_E_2187759,1,none,A12
LA_E_2187868,1,g722,A17
LA_E_2188035,1,ulaw,A09
LA_E_2188079,0,opus,bonafide
LA_E_2188405,1,none,A18
LA_E_2188423,1,ulaw,A12
LA_E_2188558,1,gsm,A12
LA_E_2189182,1,opus,A19
LA_E_2189747,0,opus,bonafide
LA_E_2190269,1,pstn,A18
LA_E_2190315,0,g722,bonafide
LA_E_2190926,1,none,A15
LA_E_2191029,1,opus,A15
LA_E_2191457,1,pstn,A14
LA_E_2191740,1,none,A13
LA_E_2191838,1,opus,A19
LA_E_2192029,1,opus,A12
LA_E_2192067,1,none,A13
LA_E_2192750,1,opus,A13
LA_E_2192802,1,gsm,A16
LA_E_2192838,1,pstn,A19
LA_E_2192987,1,g722,A10
LA_E_2193128,1,ulaw,A10
LA_E_2193349,1,opus,A08
LA_E_2193404,1,g722,A17
LA_E_2193661,1,gsm,A12
LA_E_2193718,1,alaw,A17
LA_E_2193965,1,ulaw,A15
LA_E_2194224,1,ulaw,A13
LA_E_2194516,1,none,A14
LA_E_2194836,1,alaw,A14
LA_E_2195019,1,alaw,A07
LA_E_2195313,1,alaw,A14
LA_E_2196673,1,gsm,A14
LA_E_2196793,1,none,A14
LA_E_2196833,1,opus,A18
LA_E_2196858,1,opus,A12
LA_E_2197803,0,opus,bonafide
LA_E_2197937,1,opus,A07
LA_E_2197954,1,none,A16
LA_E_2198339,1,ulaw,A12
LA_E_2198470,1,gsm,A13
LA_E_2198497,1,none,A16
LA_E_2198655,1,pstn,A17
LA_E_2198702,1,pstn,A08
LA_E_2198894,1,alaw,A10
LA_E_2199107,1,pstn,A16
LA_E_2199408,1,ulaw,A11
LA_E_2199709,1,alaw,A09
LA_E_2200089,1,g722,A14
LA_E_2200270,1,pstn,A19
LA_E_2200492,1,opus,A14
LA_E_2200497,1,gsm,A14
LA_E_2200662,1,g722,A18
LA_E_2201235,1,g722,A07
LA_E_2201248,1,opus,A10
LA_E_2201471,1,none,A12
LA_E_2201677,1,ulaw,A15
LA_E_2202053,1,opus,A12
LA_E_2202127,1,none,A19
LA_E_2202412,1,g722,A15
LA_E_2202578,1,none,A07
LA_E_2202801,1,gsm,A13
LA_E_2203003,1,none,A11
LA_E_2203311,1,alaw,A08
LA_E_2203745,1,g722,A10
LA_E_2203790,1,gsm,A18
LA_E_2203867,1,alaw,A08
LA_E_2204105,1,none,A10
LA_E_2204107,1,opus,A10
LA_E_2204222,1,ulaw,A17
LA_E_2204533,1,alaw,A10
LA_E_2205641,0,pstn,bonafide
LA_E_2205943,1,g722,A14
LA_E_2205990,1,opus,A16
LA_E_2206239,1,opus,A11
LA_E_2206782,1,g722,A18
LA_E_2207005,1,none,A08
LA_E_2207098,1,none,A11
LA_E_2207198,1,opus,A14
LA_E_2207409,1,alaw,A14
LA_E_2207506,0,pstn,bonafide
LA_E_2207690,1,ulaw,A17
LA_E_2208403,0,g722,bonafide
LA_E_2208885,1,none,A10
LA_E_2209255,1,pstn,A18
LA_E_2209404,0,alaw,bonafide
LA_E_2209579,1,alaw,A08
LA_E_2209801,1,g722,A13
LA_E_2210060,1,alaw,A11
LA_E_2210492,1,alaw,A15
LA_E_2210615,1,none,A12
LA_E_2211250,1,gsm,A14
LA_E_2211843,1,pstn,A12
LA_E_2212140,1,g722,A09
LA_E_2212297,1,ulaw,A11
LA_E_2212790,0,opus,bonafide
LA_E_2212860,0,g722,bonafide
LA_E_2212986,1,none,A08
LA_E_2213043,1,g722,A13
LA_E_2213151,1,g722,A14
LA_E_2213379,1,gsm,A09
LA_E_2213753,1,none,A14
LA_E_2213903,1,alaw,A10
LA_E_2213910,1,gsm,A17
LA_E_2214242,1,none,A13
LA_E_2214466,0,opus,bonafide
LA_E_2214556,1,pstn,A14
LA_E_2214658,1,opus,A11
LA_E_2214676,1,g722,A12
LA_E_2214771,1,g722,A08
LA_E_2215469,0,none,bonafide
LA_E_2215649,1,ulaw,A15
LA_E_2216180,1,ulaw,A10
LA_E_2216310,1,g722,A08
LA_E_2216482,1,pstn,A19
LA_E_2216518,1,none,A11
LA_E_2216816,1,alaw,A13
LA_E_2217369,1,opus,A12
LA_E_2217490,1,opus,A12
LA_E_2217717,0,gsm,bonafide
LA_E_2217722,1,alaw,A12
LA_E_2218040,1,alaw,A09
LA_E_2218131,1,none,A19
LA_E_2218562,0,gsm,bonafide
LA_E_2218725,1,none,A16
LA_E_2218793,1,ulaw,A12
LA_E_2218865,1,none,A12
LA_E_2219059,1,ulaw,A08
LA_E_2219196,1,gsm,A09
LA_E_2219319,1,ulaw,A19
LA_E_2219412,1,ulaw,A14
LA_E_2219486,0,ulaw,bonafide
LA_E_2219788,1,g722,A10
LA_E_2219914,1,ulaw,A10
LA_E_2219944,1,pstn,A17
LA_E_2219993,1,alaw,A13
LA_E_2220088,1,gsm,A11
LA_E_2220196,1,gsm,A17
LA_E_2220677,1,gsm,A17
LA_E_2220751,1,pstn,A19
LA_E_2220961,1,ulaw,A14
LA_E_2221119,1,pstn,A19
LA_E_2221259,1,ulaw,A14
LA_E_2221272,1,none,A07
LA_E_2221759,1,opus,A13
LA_E_2221950,1,g722,A08
LA_E_2222507,1,opus,A09
LA_E_2222979,1,gsm,A18
LA_E_2223082,1,opus,A19
LA_E_2223116,1,alaw,A15
LA_E_2223137,1,g722,A13
LA_E_2223650,0,gsm,bonafide
LA_E_2224529,1,none,A10
LA_E_2224696,0,alaw,bonafide
LA_E_2224798,1,none,A18
LA_E_2225388,1,none,A14
LA_E_2226292,1,pstn,A11
LA_E_2226604,1,none,A17
LA_E_2227220,1,gsm,A07
LA_E_2227624,1,pstn,A18
LA_E_2227676,1,none,A07
LA_E_2227880,1,ulaw,A08
LA_E_2228095,1,alaw,A17
LA_E_2228357,1,alaw,A13
LA_E_2228498,1,none,A17
LA_E_2229159,1,alaw,A16
LA_E_2229579,1,ulaw,A15
LA_E_2230148,1,pstn,A13
LA_E_2230168,1,ulaw,A14
LA_E_2230263,1,pstn,A13
LA_E_2230470,1,gsm,A17
LA_E_2231562,0,none,bonafide
LA_E_2232675,1,ulaw,A10
LA_E_2233126,1,opus,A12
LA_E_2233682,1,alaw,A07
LA_E_2233844,1,gsm,A09
LA_E_2233906,0,gsm,bonafide
LA_E_2233972,1,gsm,A17
LA_E_2234151,1,ulaw,A12
LA_E_2234271,1,ulaw,A18
LA_E_2234477,1,ulaw,A08
LA_E_2234853,1,alaw,A15
LA_E_2234909,1,opus,A07
LA_E_2234946,1,g722,A10
LA_E_2235019,1,none,A08
LA_E_2235294,1,alaw,A07
LA_E_2235555,1,pstn,A17
LA_E_2235796,1,none,A07
LA_E_2235995,1,g722,A17
LA_E_2236356,1,opus,A14
LA_E_2236594,1,pstn,A13
LA_E_2236649,0,ulaw,bonafide
LA_E_2236662,1,pstn,A07
LA_E_2236906,1,opus,A19
LA_E_2237032,1,alaw,A15
LA_E_2237248,1,none,A17
LA_E_2237415,1,none,A14
LA_E_2237717,1,ulaw,A14
LA_E_2238090,1,opus,A14
LA_E_2238097,1,opus,A18
LA_E_2238668,1,pstn,A19
LA_E_2239167,1,pstn,A13
LA_E_2239277,1,gsm,A15
LA_E_2239350,1,pstn,A14
LA_E_2239488,1,g722,A11
LA_E_2239528,1,g722,A09
LA_E_2239576,1,gsm,A07
LA_E_2239686,1,opus,A12
LA_E_2240150,1,g722,A13
LA_E_2240699,1,gsm,A13
LA_E_2241146,1,pstn,A07
LA_E_2241276,0,g722,bonafide
LA_E_2241309,1,pstn,A19
LA_E_2241747,1,g722,A11
LA_E_2242371,1,g722,A17
LA_E_2243049,1,g722,A18
LA_E_2243466,1,g722,A11
LA_E_2243567,0,none,bonafide
LA_E_2243932,1,gsm,A17
LA_E_2244109,1,gsm,A16
LA_E_2244523,1,gsm,A13
LA_E_2244723,1,alaw,A10
LA_E_2244731,0,opus,bonafide
LA_E_2244807,1,ulaw,A13
LA_E_2244856,0,ulaw,bonafide
LA_E_2244995,1,g722,A13
LA_E_2245397,1,gsm,A13
LA_E_2245791,0,none,bonafide
LA_E_2245898,1,opus,A14
LA_E_2245983,1,gsm,A11
LA_E_2246444,1,opus,A09
LA_E_2247348,1,pstn,A13
LA_E_2247772,1,gsm,A10
LA_E_2247905,1,alaw,A14
LA_E_2248438,1,pstn,A07
LA_E_2248998,1,opus,A19
LA_E_2249403,1,ulaw,A14
LA_E_2249949,1,ulaw,A10
LA_E_2250043,1,pstn,A15
LA_E_2250394,1,alaw,A14
LA_E_2250660,1,pstn,A15
LA_E_2250723,0,g722,bonafide
LA_E_2250740,1,opus,A09
LA_E_2251224,1,g722,A18
LA_E_2251749,1,g722,A16
LA_E_2251864,1,none,A08
LA_E_2252128,1,ulaw,A07
LA_E_2252555,1,gsm,A13
LA_E_2252607,1,ulaw,A10
LA_E_2252901,0,ulaw,bonafide
LA_E_2252906,1,opus,A08
LA_E_2253200,1,g722,A09
LA_E_2253600,1,none,A15
LA_E_2253873,1,g722,A13
LA_E_2254292,1,opus,A19
LA_E_2254479,1,alaw,A10
LA_E_2254801,1,none,A19
LA_E_2255174,1,g722,A11
LA_E_2255377,1,alaw,A14
LA_E_2255994,1,g722,A18
LA_E_2256041,1,opus,A11
LA_E_2256593,1,pstn,A15
LA_E_2256613,1,opus,A12
LA_E_2257332,1,gsm,A18
LA_E_2257397,1,alaw,A11
LA_E_2257781,1,g722,A11
LA_E_2257865,1,pstn,A10
LA_E_2257927,1,pstn,A19
LA_E_2258525,1,g722,A07
LA_E_2258589,1,g722,A07
LA_E_2258631,1,alaw,A16
LA_E_2258823,1,gsm,A13
LA_E_2259275,1,opus,A09
LA_E_2259703,1,g722,A17
LA_E_2259817,1,alaw,A10
LA_E_2260171,1,gsm,A13
LA_E_2260357,1,none,A19
LA_E_2260786,1,alaw,A19
LA_E_2261590,1,pstn,A10
LA_E_2262473,1,none,A18
LA_E_2262591,1,g722,A12
LA_E_2262593,1,alaw,A11
LA_E_2263286,1,opus,A12
LA_E_2263567,1,gsm,A08
LA_E_2263601,1,none,A18
LA_E_2263750,1,gsm,A09
LA_E_2263807,1,none,A17
LA_E_2265143,1,none,A19
LA_E_2265393,1,gsm,A08
LA_E_2265673,1,gsm,A16
LA_E_2266501,1,alaw,A19
LA_E_2266979,0,none,bonafide
LA_E_2268467,1,gsm,A13
LA_E_2269168,1,none,A15
LA_E_2269195,1,opus,A15
LA_E_2269200,1,ulaw,A18
LA_E_2269440,0,alaw,bonafide
LA_E_2269703,1,pstn,A15
LA_E_2270331,1,opus,A14
LA_E_2270698,1,g722,A19
LA_E_2271595,1,g722,A19
LA_E_2271808,0,ulaw,bonafide
LA_E_2272111,1,alaw,A13
LA_E_2272653,0,opus,bonafide
LA_E_2273427,1,gsm,A17
LA_E_2273430,1,opus,A11
LA_E_2273702,1,none,A17
LA_E_2273905,1,ulaw,A07
LA_E_2274153,1,gsm,A15
LA_E_2274220,1,g722,A07
LA_E_2275356,1,gsm,A17
LA_E_2275937,1,opus,A14
LA_E_2275962,0,alaw,bonafide
LA_E_2277498,1,g722,A19
LA_E_2277938,1,pstn,A13
LA_E_2279116,1,pstn,A07
LA_E_2279297,1,g722,A10
LA_E_2279643,1,g722,A11
LA_E_2279662,1,alaw,A08
LA_E_2279785,0,ulaw,bonafide
LA_E_2280256,1,g722,A10
LA_E_2280499,1,none,A18
LA_E_2280767,1,none,A08
LA_E_2282111,0,pstn,bonafide
LA_E_2282173,1,ulaw,A13
LA_E_2282391,1,none,A09
LA_E_2282450,1,pstn,A08
LA_E_2282594,1,gsm,A11
LA_E_2283208,1,alaw,A19
LA_E_2283671,1,alaw,A08
LA_E_2283850,1,opus,A14
LA_E_2287052,1,pstn,A08
LA_E_2287207,1,gsm,A11
LA_E_2287368,1,g722,A07
LA_E_2287413,1,pstn,A16
LA_E_2287526,1,pstn,A15
LA_E_2287623,1,ulaw,A12
LA_E_2287696,1,gsm,A11
LA_E_2288480,1,gsm,A14
LA_E_2288625,1,g722,A13
LA_E_2290098,1,pstn,A08
LA_E_2290864,1,gsm,A11
LA_E_2291551,1,pstn,A09
LA_E_2291728,1,gsm,A07
LA_E_2291987,1,pstn,A10
LA_E_2292624,1,none,A19
LA_E_2292974,1,none,A13
LA_E_2293182,1,g722,A08
LA_E_2294326,1,g722,A19
LA_E_2294456,1,pstn,A08
LA_E_2295688,1,alaw,A13
LA_E_2296431,1,pstn,A09
LA_E_2296555,1,ulaw,A14
LA_E_2297216,1,none,A09
LA_E_2297248,1,ulaw,A08
LA_E_2297418,1,opus,A12
LA_E_2297510,0,pstn,bonafide
LA_E_2297582,1,ulaw,A12
LA_E_2297632,1,gsm,A19
LA_E_2297996,1,alaw,A16
LA_E_2298532,1,none,A13
LA_E_2298657,1,pstn,A15
LA_E_2298813,1,g722,A07
LA_E_2299675,1,alaw,A13
LA_E_2299882,0,gsm,bonafide
LA_E_2300282,0,ulaw,bonafide
LA_E_2300688,1,pstn,A08
LA_E_2300710,1,ulaw,A17
LA_E_2301060,1,pstn,A10
LA_E_2301289,1,pstn,A09
LA_E_2301385,1,alaw,A16
LA_E_2301873,1,alaw,A08
LA_E_2301887,0,opus,bonafide
LA_E_2302076,1,g722,A12
LA_E_2302199,1,opus,A10
LA_E_2302318,1,opus,A16
LA_E_2302326,1,ulaw,A16
LA_E_2302434,1,ulaw,A15
LA_E_2302728,1,alaw,A16
LA_E_2303667,1,opus,A17
LA_E_2304421,1,alaw,A08
LA_E_2304629,0,none,bonafide
LA_E_2304877,1,alaw,A09
LA_E_2304953,1,pstn,A11
LA_E_2305081,1,opus,A10
LA_E_2305445,1,gsm,A17
LA_E_2306442,1,opus,A15
LA_E_2306677,0,none,bonafide
LA_E_2307246,1,none,A11
LA_E_2307247,0,pstn,bonafide
LA_E_2308280,1,opus,A08
LA_E_2309030,1,ulaw,A11
LA_E_2309377,1,none,A13
LA_E_2310056,1,opus,A10
LA_E_2310105,1,alaw,A08
LA_E_2310843,1,none,A17
LA_E_2310857,1,none,A08
LA_E_2311163,1,g722,A12
LA_E_2311511,1,opus,A10
LA_E_2311527,1,g722,A10
LA_E_2312096,1,opus,A12
LA_E_2313131,1,alaw,A15
LA_E_2314183,1,pstn,A08
LA_E_2314198,0,pstn,bonafide
LA_E_2314469,1,g722,A16
LA_E_2315119,1,g722,A16
LA_E_2315315,1,none,A11
LA_E_2315568,1,g722,A08
LA_E_2315765,1,g722,A07
LA_E_2315837,1,alaw,A18
LA_E_2316333,1,alaw,A12
LA_E_2316365,1,pstn,A08
LA_E_2316791,1,pstn,A18
LA_E_2318492,1,alaw,A12
LA_E_2318720,1,ulaw,A15
LA_E_2319094,1,ulaw,A17
LA_E_2319159,1,gsm,A13
LA_E_2319217,1,pstn,A10
LA_E_2320284,1,pstn,A16
LA_E_2320591,1,none,A15
LA_E_2321153,1,alaw,A19
LA_E_2321875,1,g722,A11
LA_E_2322233,1,alaw,A07
LA_E_2322812,1,alaw,A18
LA_E_2323026,1,alaw,A10
LA_E_2324115,1,none,A12
LA_E_2324430,1,ulaw,A16
LA_E_2324591,1,opus,A10
LA_E_2324793,1,ulaw,A17
LA_E_2325210,0,alaw,bonafide
LA_E_2325914,1,g722,A15
LA_E_2326258,1,gsm,A13
LA_E_2326365,1,pstn,A09
LA_E_2326662,0,alaw,bonafide
LA_E_2326718,1,none,A18
LA_E_2327680,1,opus,A07
LA_E_2328766,1,none,A12
LA_E_2328928,1,ulaw,A14
LA_E_2329278,1,ulaw,A09
LA_E_2329565,1,g722,A16
LA_E_2330082,1,pstn,A09
LA_E_2330191,1,none,A14
LA_E_2330658,1,alaw,A19
LA_E_2331006,1,alaw,A18
LA_E_2331195,1,gsm,A13
LA_E_2331487,1,g722,A19
LA_E_2331996,1,pstn,A08
LA_E_2332204,1,ulaw,A12
LA_E_2332251,0,gsm,bonafide
LA_E_2332350,1,g722,A08
LA_E_2332399,1,alaw,A17
LA_E_2333561,1,opus,A13
LA_E_2333615,1,pstn,A16
LA_E_2333865,1,pstn,A18
LA_E_2333966,1,pstn,A16
LA_E_2333997,1,pstn,A14
LA_E_2334719,1,none,A15
LA_E_2335254,1,gsm,A11
LA_E_2335258,0,gsm,bonafide
LA_E_2335302,1,gsm,A10
LA_E_2335704,1,none,A09
LA_E_2335763,1,alaw,A19
LA_E_2335836,1,pstn,A09
LA_E_2336175,1,alaw,A18
LA_E_2336272,1,pstn,A11
LA_E_2336313,1,gsm,A07
LA_E_2336400,1,gsm,A08
LA_E_2336517,1,gsm,A12
LA_E_2337328,1,opus,A16
LA_E_2337553,1,opus,A13
LA_E_2337621,0,gsm,bonafide
LA_E_2338379,1,gsm,A19
LA_E_2338466,1,ulaw,A16
LA_E_2338913,1,alaw,A12
LA_E_2338920,1,none,A11
LA_E_2339010,1,g722,A09
LA_E_2339252,1,alaw,A07
LA_E_2339372,1,g722,A15
LA_E_2339406,1,ulaw,A18
LA_E_2339589,1,none,A07
LA_E_2340055,1,pstn,A10
LA_E_2340179,1,g722,A12
LA_E_2340268,1,alaw,A08
LA_E_2340517,1,ulaw,A14
LA_E_2340594,0,ulaw,bonafide
LA_E_2340921,1,alaw,A17
LA_E_2342439,1,opus,A18
LA_E_2342551,1,g722,A14
LA_E_2342613,1,g722,A08
LA_E_2342962,1,g722,A14
LA_E_2343770,1,g722,A19
LA_E_2343888,1,none,A10
LA_E_2344004,1,alaw,A12
LA_E_2344431,1,ulaw,A09
LA_E_2346161,1,opus,A14
LA_E_2346553,0,g722,bonafide
LA_E_2347344,1,opus,A18
LA_E_2348468,1,none,A12
LA_E_2348593,1,gsm,A12
LA_E_2348906,1,ulaw,A08
LA_E_2349293,1,g722,A16
LA_E_2349756,1,pstn,A18
LA_E_2349935,1,ulaw,A17
LA_E_2350385,1,none,A16
LA_E_2350422,0,opus,bonafide
LA_E_2350744,1,opus,A17
LA_E_2350869,1,ulaw,A16
LA_E_2351280,1,alaw,A11
LA_E_2351772,1,ulaw,A19
LA_E_2351796,1,opus,A13
LA_E_2352731,1,alaw,A14
LA_E_2352955,1,ulaw,A13
LA_E_2353861,1,none,A18
LA_E_2353882,0,pstn,bonafide
LA_E_2353952,1,pstn,A07
LA_E_2354444,1,alaw,A16
LA_E_2354727,1,none,A15
LA_E_2354856,1,alaw,A17
LA_E_2355119,1,none,A09
LA_E_2355413,1,alaw,A12
LA_E_2355428,1,pstn,A07
LA_E_2355793,1,none,A10
LA_E_2355842,1,alaw,A07
LA_E_2355888,1,opus,A09
LA_E_2356084,1,g722,A08
LA_E_2356622,1,ulaw,A19
LA_E_2356629,1,g722,A14
LA_E_2356774,1,alaw,A14
LA_E_2357396,1,none,A16
LA_E_2357545,1,g722,A15
LA_E_2358056,1,alaw,A16
LA_E_2358276,1,pstn,A16
LA_E_2358430,0,g722,bonafide
LA_E_2358499,1,gsm,A15
LA_E_2359111,1,none,A13
LA_E_2359255,1,pstn,A18
LA_E_2359329,0,opus,bonafide
LA_E_2359508,1,pstn,A13
LA_E_2360300,1,ulaw,A13
LA_E_2361513,1,none,A09
LA_E_2361896,1,gsm,A14
LA_E_2362092,1,ulaw,A18
LA_E_2362711,1,g722,A15
LA_E_2362846,1,ulaw,A10
LA_E_2363149,1,gsm,A08
LA_E_2363421,1,alaw,A13
LA_E_2364008,1,g722,A08
LA_E_2364070,1,opus,A07
LA_E_2364077,1,none,A16
LA_E_2364371,1,alaw,A12
LA_E_2364449,1,pstn,A12
LA_E_2364629,1,g722,A16
LA_E_2364677,0,g722,bonafide
LA_E_2364792,1,pstn,A17
LA_E_2364992,1,gsm,A15
LA_E_2365785,1,none,A15
LA_E_2365996,1,pstn,A18
LA_E_2366231,1,gsm,A19
LA_E_2366401,1,pstn,A17
LA_E_2367599,1,none,A09
LA_E_2367765,1,none,A17
LA_E_2368372,1,opus,A17
LA_E_2369178,1,alaw,A18
LA_E_2370132,1,pstn,A18
LA_E_2370577,1,gsm,A19
LA_E_2371355,1,g722,A07
LA_E_2372165,1,pstn,A12
LA_E_2373165,1,g722,A18
LA_E_2373202,1,g722,A14
LA_E_2373574,1,ulaw,A07
LA_E_2373607,1,alaw,A07
LA_E_2373993,0,gsm,bonafide
LA_E_2374307,1,ulaw,A07
LA_E_2374333,1,g722,A18
LA_E_2374386,1,g722,A16
LA_E_2374617,1,alaw,A16
LA_E_2375042,0,g722,bonafide
LA_E_2375338,0,none,bonafide
LA_E_2376170,1,ulaw,A15
LA_E_2376364,1,opus,A19
LA_E_2377435,0,opus,bonafide
LA_E_2377487,1,none,A12
LA_E_2378264,1,opus,A14
LA_E_2378299,1,gsm,A18
LA_E_2378701,1,pstn,A11
LA_E_2378984,1,none,A16
LA_E_2379272,1,ulaw,A11
LA_E_2379690,0,alaw,bonafide
LA_E_2380134,1,alaw,A17
LA_E_2380218,1,ulaw,A07
LA_E_2381035,1,none,A12
LA_E_2381103,1,gsm,A16
LA_E_2381291,1,gsm,A07
LA_E_2381850,1,none,A11
LA_E_2382760,1,alaw,A07
LA_E_2383061,0,ulaw,bonafide
LA_E_2383167,1,opus,A12
LA_E_2383691,1,ulaw,A09
LA_E_2384418,1,ulaw,A15
LA_E_2384593,1,ulaw,A18
LA_E_2385754,1,g722,A15
LA_E_2387063,1,g722,A18
LA_E_2387762,1,gsm,A09
LA_E_2388201,1,gsm,A15
LA_E_2388676,1,opus,A10
LA_E_2388708,1,opus,A18
LA_E_2389271,1,opus,A09
LA_E_2390102,1,pstn,A11
LA_E_2390121,1,gsm,A15
LA_E_2390134,0,gsm,bonafide
LA_E_2390587,1,gsm,A15
LA_E_2390642,1,none,A10
LA_E_2390727,0,gsm,bonafide
LA_E_2390816,1,gsm,A16
LA_E_2390959,1,none,A18
LA_E_2391213,1,pstn,A16
LA_E_2392076,1,none,A12
LA_E_2392151,1,opus,A18
LA_E_2392600,1,gsm,A15
LA_E_2393099,1,pstn,A12
LA_E_2393718,1,ulaw,A09
LA_E_2394048,1,ulaw,A18
LA_E_2394165,1,pstn,A17
LA_E_2394659,1,opus,A18
LA_E_2394891,1,pstn,A09
LA_E_2395214,0,none,bonafide
LA_E_2395820,1,pstn,A12
LA_E_2395973,1,gsm,A14
LA_E_2396265,1,g722,A17
LA_E_2396631,1,gsm,A17
LA_E_2396816,1,alaw,A14
LA_E_2397009,0,none,bonafide
LA_E_2397156,1,none,A10
LA_E_2397185,1,opus,A14
LA_E_2397313,1,opus,A12
LA_E_2397645,1,gsm,A14
LA_E_2397654,1,ulaw,A18
LA_E_2398483,1,gsm,A19
LA_E_2398851,1,gsm,A19
LA_E_2399111,1,ulaw,A10
LA_E_2399413,1,gsm,A15
LA_E_2400232,1,g722,A17
LA_E_2400870,1,none,A16
LA_E_2401193,1,ulaw,A13
LA_E_2401642,1,alaw,A18
LA_E_2401857,1,gsm,A19
LA_E_2401908,1,ulaw,A19
LA_E_2402122,1,gsm,A18
LA_E_2402279,1,g722,A18
LA_E_2402451,1,pstn,A16
LA_E_2402604,1,pstn,A10
LA_E_2402833,1,ulaw,A09
LA_E_2403454,1,gsm,A08
LA_E_2403779,1,alaw,A07
LA_E_2404002,0,none,bonafide
LA_E_2404688,0,pstn,bonafide
LA_E_2405394,1,pstn,A12
LA_E_2405722,0,alaw,bonafide
LA_E_2405791,1,opus,A10
LA_E_2405825,1,gsm,A12
LA_E_2406270,1,opus,A08
LA_E_2406741,1,ulaw,A09
LA_E_2406824,1,ulaw,A16
LA_E_2406851,1,alaw,A19
LA_E_2406878,1,g722,A15
LA_E_2406945,1,g722,A14
LA_E_2407351,1,none,A11
LA_E_2407666,1,none,A11
LA_E_2407736,1,opus,A14
LA_E_2408915,1,pstn,A19
LA_E_2410090,1,ulaw,A15
LA_E_2410390,0,alaw,bonafide
LA_E_2410409,1,gsm,A10
LA_E_2410650,1,none,A19
LA_E_2411120,0,pstn,bonafide
LA_E_2413391,1,gsm,A11
LA_E_2413865,1,pstn,A16
LA_E_2414478,1,alaw,A08
LA_E_2414505,1,opus,A18
LA_E_2414593,1,none,A16
LA_E_2414759,1,ulaw,A15
LA_E_2414819,1,pstn,A07
LA_E_2415029,1,alaw,A14
LA_E_2415212,1,ulaw,A18
LA_E_2415349,1,opus,A08
LA_E_2415460,1,opus,A19
LA_E_2416251,1,pstn,A19
LA_E_2416481,1,g722,A17
LA_E_2417474,1,alaw,A12
LA_E_2417976,1,ulaw,A15
LA_E_2418312,1,ulaw,A16
LA_E_2419201,1,none,A15
LA_E_2419317,0,alaw,bonafide
LA_E_2420031,1,pstn,A18
LA_E_2420131,0,gsm,bonafide
LA_E_2420607,1,ulaw,A12
LA_E_2421249,1,ulaw,A07
LA_E_2421749,1,ulaw,A15
LA_E_2422201,1,gsm,A17
LA_E_2422374,1,ulaw,A09
LA_E_2423035,0,ulaw,bonafide
LA_E_2423743,0,opus,bonafide
LA_E_2425379,1,opus,A18
LA_E_2426179,1,gsm,A15
LA_E_2426194,1,gsm,A12
LA_E_2426229,0,g722,bonafide
LA_E_2426824,1,g722,A17
LA_E_2427209,1,gsm,A19
LA_E_2427297,1,none,A10
LA_E_2428265,1,opus,A16
LA_E_2428440,1,ulaw,A13
LA_E_2428774,1,ulaw,A07
LA_E_2428894,0,opus,bonafide
LA_E_2429440,1,gsm,A13
LA_E_2429531,1,ulaw,A07
LA_E_2429614,1,opus,A10
LA_E_2430371,1,g722,A16
LA_E_2430799,1,pstn,A11
LA_E_2431332,1,pstn,A17
LA_E_2431469,1,ulaw,A19
LA_E_2431481,1,ulaw,A13
LA_E_2432025,0,pstn,bonafide
LA_E_2432276,1,ulaw,A13
LA_E_2434211,1,pstn,A11
LA_E_2434369,1,opus,A11
LA_E_2434511,1,g722,A17
LA_E_2434941,1,opus,A07
LA_E_2435185,1,alaw,A14
LA_E_2435285,1,none,A08
LA_E_2435780,1,gsm,A07
LA_E_2436068,1,pstn,A12
LA_E_2436414,1,opus,A13
LA_E_2437701,1,pstn,A17
LA_E_2437729,1,gsm,A09
LA_E_2438210,1,none,A18
LA_E_2438300,1,pstn,A08
LA_E_2438308,0,opus,bonafide
LA_E_2438699,1,pstn,A08
LA_E_2439027,1,none,A10
LA_E_2439976,1,g722,A12
LA_E_2440000,0,pstn,bonafide
LA_E_2440115,1,g722,A12
LA_E_2441147,1,opus,A15
LA_E_2441696,0,none,bonafide
LA_E_2441957,1,ulaw,A18
LA_E_2442013,1,gsm,A16
LA_E_2442547,1,ulaw,A12
LA_E_2442549,1,opus,A15
LA_E_2442668,1,opus,A13
LA_E_2443017,1,gsm,A10
LA_E_2443583,1,opus,A11
LA_E_2443955,1,g722,A08
LA_E_2444465,1,g722,A17
LA_E_2444571,1,opus,A15
LA_E_2444579,1,gsm,A14
LA_E_2445723,1,ulaw,A14
LA_E_2446010,1,alaw,A14
LA_E_2446192,1,ulaw,A11
LA_E_2446275,1,opus,A12
LA_E_2446605,1,pstn,A08
LA_E_2447250,1,opus,A12
LA_E_2448079,1,ulaw,A08
LA_E_2448730,0,gsm,bonafide
LA_E_2448839,1,none,A12
LA_E_2449647,1,pstn,A17
LA_E_2450493,1,alaw,A17
LA_E_2451215,1,opus,A13
LA_E_2451274,1,opus,A12
LA_E_2451474,1,pstn,A15
LA_E_2452266,0,g722,bonafide
LA_E_2452322,1,g722,A19
LA_E_2452619,1,g722,A14
LA_E_2452695,1,none,A09
LA_E_2452750,1,ulaw,A09
LA_E_2453620,0,ulaw,bonafide
LA_E_2454812,1,g722,A18
LA_E_2454901,1,opus,A07
LA_E_2456142,1,opus,A16
LA_E_2456270,1,none,A18
LA_E_2456401,1,gsm,A18
LA_E_2456665,0,pstn,bonafide
LA_E_2458076,1,opus,A12
LA_E_2458437,1,ulaw,A07
LA_E_2458561,1,g722,A12
LA_E_2460042,1,ulaw,A16
LA_E_2460344,1,ulaw,A08
LA_E_2461287,1,ulaw,A13
LA_E_2461437,1,opus,A12
LA_E_2463024,0,alaw,bonafide
LA_E_2463899,1,ulaw,A19
LA_E_2464140,1,alaw,A16
LA_E_2466010,1,opus,A13
LA_E_2466118,1,alaw,A16
LA_E_2467040,1,g722,A10
LA_E_2467048,0,ulaw,bonafide
LA_E_2467101,0,g722,bonafide
LA_E_2467145,1,ulaw,A19
LA_E_2467703,1,opus,A18
LA_E_2467752,1,alaw,A09
LA_E_2467972,1,pstn,A19
LA_E_2468523,1,opus,A17
LA_E_2469061,1,none,A11
LA_E_2469093,0,none,bonafide
LA_E_2469138,1,opus,A10
LA_E_2470142,1,alaw,A18
LA_E_2470362,0,pstn,bonafide
LA_E_2470684,1,g722,A12
LA_E_2471564,1,ulaw,A15
LA_E_2473012,1,opus,A17
LA_E_2473208,1,g722,A18
LA_E_2473345,1,ulaw,A12
LA_E_2473990,1,opus,A08
LA_E_2474671,1,pstn,A08
LA_E_2474724,1,opus,A10
LA_E_2475303,1,alaw,A17
LA_E_2475791,1,g722,A10
LA_E_2475856,1,ulaw,A11
LA_E_2476404,1,none,A10
LA_E_2476696,0,opus,bonafide
LA_E_2476917,1,ulaw,A12
LA_E_2477402,1,ulaw,A12
LA_E_2478301,1,alaw,A16
LA_E_2478329,1,gsm,A16
LA_E_2478995,1,alaw,A07
LA_E_2480814,0,none,bonafide
LA_E_2481611,1,gsm,A16
LA_E_2482495,1,ulaw,A07
LA_E_2482635,0,alaw,bonafide
LA_E_2482778,1,opus,A10
LA_E_2483144,0,opus,bonafide
LA_E_2483608,1,ulaw,A14
LA_E_2483740,1,alaw,A16
LA_E_2484408,1,gsm,A10
LA_E_2486312,0,alaw,bonafide
LA_E_2486563,1,gsm,A14
LA_E_2486814,1,gsm,A07
LA_E_2487109,0,g722,bonafide
LA_E_2487190,1,opus,A08
LA_E_2487204,1,ulaw,A19
LA_E_2487694,1,ulaw,A16
LA_E_2489204,1,pstn,A19
LA_E_2489229,1,g722,A15
LA_E_2490357,0,pstn,bonafide
LA_E_2490866,1,gsm,A13
LA_E_2491709,1,gsm,A16
LA_E_2491847,1,g722,A10
LA_E_2492441,0,pstn,bonafide
LA_E_2492484,1,pstn,A08
LA_E_2492738,1,opus,A15
LA_E_2494233,1,opus,A19
LA_E_2494423,1,opus,A08
LA_E_2495882,1,gsm,A11
LA_E_2496980,1,opus,A11
LA_E_2497522,1,opus,A12
LA_E_2497594,0,gsm,bonafide
LA_E_2497648,1,opus,A19
LA_E_2497909,1,gsm,A12
LA_E_2498861,1,opus,A13
LA_E_2499190,1,gsm,A18
LA_E_2500041,1,g722,A12
LA_E_2500374,0,alaw,bonafide
LA_E_2500552,1,none,A18
LA_E_2500578,1,pstn,A14
LA_E_2501333,1,opus,A14
LA_E_2501765,1,gsm,A10
LA_E_2502797,1,pstn,A08
LA_E_2503397,1,ulaw,A12
LA_E_2503435,1,none,A18
LA_E_2503594,1,ulaw,A12
LA_E_2504288,1,opus,A15
LA_E_2504967,1,g722,A16
LA_E_2505525,0,pstn,bonafide
LA_E_2506451,1,opus,A11
LA_E_2506492,1,opus,A08
LA_E_2506934,1,pstn,A19
LA_E_2507744,1,g722,A17
LA_E_2508883,1,ulaw,A19
LA_E_2509102,1,pstn,A19
LA_E_2509110,0,ulaw,bonafide
LA_E_2509370,0,ulaw,bonafide
LA_E_2509620,1,opus,A09
LA_E_2510341,1,ulaw,A18
LA_E_2510637,1,g722,A16
LA_E_2511009,1,pstn,A16
LA_E_2511030,1,ulaw,A10
LA_E_2511095,1,ulaw,A10
LA_E_2511817,0,g722,bonafide
LA_E_2512051,1,alaw,A16
LA_E_2512921,1,g722,A16
LA_E_2513038,1,gsm,A07
LA_E_2513452,1,g722,A10
LA_E_2514027,1,pstn,A12
LA_E_2514236,1,opus,A09
LA_E_2514311,0,ulaw,bonafide
LA_E_2514562,1,opus,A15
LA_E_2514739,1,gsm,A08
LA_E_2514868,1,gsm,A07
LA_E_2514941,1,gsm,A10
LA_E_2515308,0,none,bonafide
LA_E_2515315,1,pstn,A16
LA_E_2516087,1,opus,A15
LA_E_2516749,0,g722,bonafide
LA_E_2517523,1,gsm,A07
LA_E_2517985,0,opus,bonafide
LA_E_2517990,1,none,A16
LA_E_2519323,1,opus,A18
LA_E_2519439,0,g722,bonafide
LA_E_2519493,1,ulaw,A07
LA_E_2519934,1,opus,A14
LA_E_2520495,1,gsm,A07
LA_E_2520673,0,opus,bonafide
LA_E_2520805,1,gsm,A11
LA_E_2521607,1,ulaw,A16
LA_E_2522019,1,opus,A16
LA_E_2522700,1,g722,A18
LA_E_2522758,0,g722,bonafide
LA_E_2522800,1,gsm,A12
LA_E_2522832,1,opus,A14
LA_E_2523064,1,opus,A09
LA_E_2523300,1,g722,A12
LA_E_2523628,1,g722,A14
LA_E_2524757,0,opus,bonafide
LA_E_2525080,1,opus,A19
LA_E_2525191,1,ulaw,A12
LA_E_2525219,1,gsm,A07
LA_E_2525233,1,gsm,A14
LA_E_2526672,0,opus,bonafide
LA_E_2526706,1,g722,A13
LA_E_2526807,0,opus,bonafide
LA_E_2527213,1,gsm,A19
LA_E_2527575,0,g722,bonafide
LA_E_2527756,1,ulaw,A17
LA_E_2527908,1,g722,A16
LA_E_2528456,1,gsm,A18
LA_E_2528727,1,ulaw,A09
LA_E_2528835,1,ulaw,A15
LA_E_2528957,1,opus,A17
LA_E_2529268,0,none,bonafide
LA_E_2530734,1,pstn,A17
LA_E_2530836,1,opus,A10
LA_E_2531575,1,gsm,A09
LA_E_2532224,1,gsm,A11
LA_E_2532792,1,pstn,A16
LA_E_2535200,1,ulaw,A10
LA_E_2535364,1,ulaw,A18
LA_E_2535800,1,alaw,A17
LA_E_2535813,1,g722,A10
LA_E_2536107,1,gsm,A14
LA_E_2536663,1,ulaw,A11
LA_E_2536682,1,opus,A17
LA_E_2536703,1,none,A18
LA_E_2537620,0,ulaw,bonafide
LA_E_2537657,1,pstn,A16
LA_E_2538089,1,opus,A19
LA_E_2538296,1,ulaw,A14
LA_E_2539000,1,alaw,A10
LA_E_2539073,0,ulaw,bonafide
LA_E_2539285,0,none,bonafide
LA_E_2539594,1,ulaw,A14
LA_E_2540010,1,gsm,A15
LA_E_2540362,1,gsm,A18
LA_E_2540391,1,none,A13
LA_E_2540992,0,alaw,bonafide
LA_E_2541178,1,g722,A16
LA_E_2541965,0,none,bonafide
LA_E_2542269,1,pstn,A16
LA_E_2542287,1,opus,A10
LA_E_2542399,1,alaw,A16
LA_E_2542407,1,opus,A19
LA_E_2543021,0,g722,bonafide
LA_E_2543323,1,ulaw,A07
LA_E_2543389,1,gsm,A09
LA_E_2543659,0,ulaw,bonafide
LA_E_2543969,0,alaw,bonafide
LA_E_2544538,1,pstn,A14
LA_E_2544553,1,alaw,A11
LA_E_2544719,1,opus,A13
LA_E_2545200,1,ulaw,A19
LA_E_2545404,1,gsm,A08
LA_E_2545670,0,gsm,bonafide
LA_E_2545774,1,alaw,A09
LA_E_2546333,1,opus,A18
LA_E_2546380,0,pstn,bonafide
LA_E_2546430,1,g722,A07
LA_E_2546797,1,alaw,A09
LA_E_2547011,1,opus,A15
LA_E_2547387,1,alaw,A09
LA_E_2547916,1,opus,A07
LA_E_2548792,1,pstn,A14
LA_E_2549381,1,opus,A16
LA_E_2550067,1,opus,A17
LA_E_2550469,1,g722,A09
LA_E_2550890,1,opus,A17
LA_E_2551146,1,opus,A09
LA_E_2551544,1,ulaw,A14
LA_E_2551577,1,opus,A10
LA_E_2552124,1,opus,A11
LA_E_2552219,1,pstn,A16
LA_E_2552293,0,none,bonafide
LA_E_2552398,1,g722,A16
LA_E_2552696,1,alaw,A14
LA_E_2553046,1,ulaw,A11
LA_E_2553429,0,none,bonafide
LA_E_2554047,1,opus,A09
LA_E_2554240,1,opus,A09
LA_E_2554267,0,ulaw,bonafide
LA_E_2554735,0,pstn,bonafide
LA_E_2555192,1,gsm,A19
LA_E_2555399,1,opus,A07
LA_E_2555405,1,g722,A12
LA_E_2555949,1,none,A14
LA_E_2556256,1,pstn,A14
LA_E_2556326,1,ulaw,A14
LA_E_2556557,0,alaw,bonafide
LA_E_2556769,0,alaw,bonafide
LA_E_2556783,1,gsm,A18
LA_E_2557582,1,ulaw,A15
LA_E_2557797,0,alaw,bonafide
LA_E_2557803,1,ulaw,A17
LA_E_2559046,1,ulaw,A14
LA_E_2559226,1,opus,A18
LA_E_2559426,1,ulaw,A18
LA_E_2559714,1,gsm,A11
LA_E_2559934,1,ulaw,A11
LA_E_2560073,1,ulaw,A11
LA_E_2560189,1,ulaw,A08
LA_E_2560398,1,opus,A07
LA_E_2560583,1,gsm,A17
LA_E_2561829,0,gsm,bonafide
LA_E_2562439,0,pstn,bonafide
LA_E_2563172,1,ulaw,A11
LA_E_2563900,0,none,bonafide
LA_E_2565559,1,opus,A17
LA_E_2565960,1,g722,A10
LA_E_2566040,1,gsm,A10
LA_E_2566263,1,ulaw,A08
LA_E_2566666,1,gsm,A12
LA_E_2566677,1,opus,A10
LA_E_2567187,1,opus,A07
LA_E_2567442,1,gsm,A19
LA_E_2568397,1,ulaw,A08
LA_E_2568496,1,gsm,A11
LA_E_2569205,1,ulaw,A08
LA_E_2569303,1,pstn,A14
LA_E_2569329,1,ulaw,A15
LA_E_2569879,1,gsm,A13
LA_E_2571424,1,opus,A07
LA_E_2571612,1,gsm,A07
LA_E_2571758,1,alaw,A15
LA_E_2572863,1,ulaw,A15
LA_E_2574558,1,gsm,A19
LA_E_2575367,1,opus,A19
LA_E_2576089,1,gsm,A17
LA_E_2576276,1,opus,A16
LA_E_2576604,1,none,A18
LA_E_2577473,1,opus,A17
LA_E_2578051,1,gsm,A09
LA_E_2578089,1,ulaw,A10
LA_E_2578276,0,pstn,bonafide
LA_E_2578382,0,opus,bonafide
LA_E_2578711,1,ulaw,A07
LA_E_2579012,1,gsm,A18
LA_E_2579025,1,ulaw,A14
LA_E_2579055,1,alaw,A19
LA_E_2579068,1,gsm,A13
LA_E_2579308,1,ulaw,A13
LA_E_2579454,1,pstn,A08
LA_E_2579653,0,ulaw,bonafide
LA_E_2580539,1,ulaw,A16
LA_E_2580620,1,none,A14
LA_E_2581356,1,alaw,A09
LA_E_2581394,1,opus,A14
LA_E_2581438,1,ulaw,A14
LA_E_2581471,1,opus,A10
LA_E_2581765,1,g722,A13
LA_E_2582144,1,ulaw,A10
LA_E_2582576,1,ulaw,A10
LA_E_2583312,1,ulaw,A18
LA_E_2583314,1,none,A07
LA_E_2583758,0,g722,bonafide
LA_E_2584061,1,ulaw,A08
LA_E_2584196,0,ulaw,bonafide
LA_E_2585644,1,g722,A13
LA_E_2585726,1,opus,A07
LA_E_2585835,1,alaw,A10
LA_E_2586092,0,pstn,bonafide
LA_E_2586388,1,gsm,A16
LA_E_2587688,1,gsm,A18
LA_E_2588550,0,alaw,bonafide
LA_E_2589310,1,opus,A16
LA_E_2589505,1,g722,A13
LA_E_2589978,1,g722,A13
LA_E_2590041,1,gsm,A11
LA_E_2590057,1,pstn,A11
LA_E_2591075,1,opus,A13
LA_E_2591221,1,ulaw,A10
LA_E_2591497,1,g722,A11
LA_E_2591656,1,gsm,A18
LA_E_2592670,1,g722,A07
LA_E_2593189,1,opus,A10
LA_E_2593696,0,gsm,bonafide
LA_E_2594046,1,g722,A07
LA_E_2594220,1,opus,A09
LA_E_2594500,1,ulaw,A09
LA_E_2594868,1,pstn,A19
LA_E_2595359,1,g722,A07
LA_E_2596351,0,opus,bonafide
LA_E_2596953,1,none,A14
LA_E_2598779,1,alaw,A09
LA_E_2599019,1,opus,A12
LA_E_2599315,0,g722,bonafide
LA_E_2599317,1,alaw,A11
LA_E_2599735,0,ulaw,bonafide
LA_E_2599776,0,opus,bonafide
LA_E_2599845,1,ulaw,A16
LA_E_2599866,1,g722,A16
LA_E_2600926,1,gsm,A18
LA_E_2600986,1,gsm,A15
LA_E_2601221,1,gsm,A08
LA_E_2602111,1,none,A08
LA_E_2602201,1,g722,A09
LA_E_2603033,1,none,A13
LA_E_2603877,1,ulaw,A09
LA_E_2603944,1,pstn,A18
LA_E_2604302,1,gsm,A07
LA_E_2604541,1,ulaw,A14
LA_E_2604597,1,gsm,A09
LA_E_2605300,1,gsm,A13
LA_E_2605306,1,opus,A16
LA_E_2605678,1,gsm,A18
LA_E_2606034,1,none,A15
LA_E_2606086,1,alaw,A11
LA_E_2607093,0,g722,bonafide
LA_E_2607313,1,g722,A13
LA_E_2608126,1,g722,A09
LA_E_2608191,0,ulaw,bonafide
LA_E_2608215,1,gsm,A17
LA_E_2608371,0,opus,bonafide
LA_E_2608858,0,gsm,bonafide
LA_E_2609030,0,ulaw,bonafide
LA_E_2609491,1,ulaw,A11
LA_E_2610253,0,gsm,bonafide
LA_E_2611532,1,g722,A07
LA_E_2611572,1,gsm,A13
LA_E_2611654,0,g722,bonafide
LA_E_2611840,1,ulaw,A18
LA_E_2613045,1,gsm,A13
LA_E_2613146,1,gsm,A13
LA_E_2614271,1,opus,A08
LA_E_2614675,0,gsm,bonafide
LA_E_2615083,1,none,A17
LA_E_2615264,1,pstn,A14
LA_E_2615271,1,alaw,A11
LA_E_2615427,1,none,A07
LA_E_2618643,1,ulaw,A09
LA_E_2619112,1,alaw,A19
LA_E_2619393,1,none,A07
LA_E_2619694,1,gsm,A17
LA_E_2619895,1,pstn,A13
LA_E_2620337,1,alaw,A11
LA_E_2620883,1,none,A14
LA_E_2621298,1,gsm,A07
LA_E_2621747,1,ulaw,A12
LA_E_2622273,1,ulaw,A10
LA_E_2622795,1,g722,A09
LA_E_2623025,1,opus,A18
LA_E_2623084,1,alaw,A10
LA_E_2623230,1,gsm,A14
LA_E_2624512,1,alaw,A12
LA_E_2624847,1,g722,A09
LA_E_2624924,1,ulaw,A17
LA_E_2625784,1,alaw,A19
LA_E_2625800,1,alaw,A16
LA_E_2626044,1,ulaw,A13
LA_E_2626174,1,none,A14
LA_E_2626555,1,opus,A12
LA_E_2627286,1,gsm,A09
LA_E_2627982,1,gsm,A12
LA_E_2628914,1,ulaw,A16
LA_E_2628987,1,gsm,A15
LA_E_2629616,1,gsm,A08
LA_E_2629923,0,gsm,bonafide
LA_E_2630189,0,gsm,bonafide
LA_E_2630473,1,gsm,A08
LA_E_2631001,1,none,A07
LA_E_2631191,1,opus,A14
LA_E_2634228,0,g722,bonafide
LA_E_2634981,1,alaw,A15
LA_E_2635215,1,gsm,A16
LA_E_2635278,0,pstn,bonafide
LA_E_2635287,0,alaw,bonafide
LA_E_2636034,1,gsm,A17
LA_E_2636731,1,gsm,A15
LA_E_2636833,1,ulaw,A15
LA_E_2637620,1,g722,A11
LA_E_2638458,1,none,A13
LA_E_2638496,1,none,A13
LA_E_2638529,1,none,A15
LA_E_2638819,1,g722,A07
LA_E_2639219,1,g722,A08
LA_E_2639483,1,none,A08
LA_E_2640180,1,none,A18
LA_E_2640188,1,alaw,A13
LA_E_2640562,1,alaw,A09
LA_E_2640581,1,opus,A07
LA_E_2640623,1,opus,A10
LA_E_2640653,1,opus,A14
LA_E_2640876,1,ulaw,A11
LA_E_2640888,1,ulaw,A09
LA_E_2640907,1,g722,A09
LA_E_2642237,0,alaw,bonafide
LA_E_2642351,1,gsm,A07
LA_E_2642832,1,gsm,A11
LA_E_2642845,1,alaw,A15
LA_E_2642853,1,alaw,A15
LA_E_2643127,1,gsm,A18
LA_E_2643562,1,gsm,A18
LA_E_2643908,1,none,A08
LA_E_2643976,1,gsm,A17
LA_E_2644453,1,alaw,A08
LA_E_2644577,1,none,A08
LA_E_2644789,1,pstn,A15
LA_E_2645697,1,opus,A13
LA_E_2646416,1,gsm,A18
LA_E_2646454,1,alaw,A15
LA_E_2646989,1,g722,A11
LA_E_2647140,1,none,A13
LA_E_2647355,1,alaw,A19
LA_E_2647589,1,ulaw,A18
LA_E_2647605,0,alaw,bonafide
LA_E_2647612,1,opus,A12
LA_E_2647761,1,alaw,A19
LA_E_2647884,1,gsm,A17
LA_E_2648464,1,none,A17
LA_E_2649201,1,alaw,A18
LA_E_2649376,1,opus,A10
LA_E_2649526,1,ulaw,A07
LA_E_2649836,1,gsm,A18
LA_E_2649883,1,opus,A18
LA_E_2650790,1,opus,A12
LA_E_2650927,1,opus,A15
LA_E_2650993,1,opus,A14
LA_E_2651018,1,opus,A14
LA_E_2651233,1,opus,A18
LA_E_2651430,1,none,A08
LA_E_2651635,1,ulaw,A18
LA_E_2651665,1,none,A15
LA_E_2651801,1,ulaw,A16
LA_E_2652090,1,opus,A10
LA_E_2652451,1,pstn,A14
LA_E_2652465,1,opus,A10
LA_E_2653273,1,opus,A17
LA_E_2653453,0,alaw,bonafide
LA_E_2653616,1,none,A07
LA_E_2654180,0,none,bonafide
LA_E_2654266,1,pstn,A10
LA_E_2654506,0,pstn,bonafide
LA_E_2654741,0,gsm,bonafide
LA_E_2654803,1,alaw,A10
LA_E_2655442,0,gsm,bonafide
LA_E_2656278,1,gsm,A14
LA_E_2656583,1,alaw,A07
LA_E_2657231,1,none,A11
LA_E_2657479,1,g722,A11
LA_E_2657550,1,ulaw,A17
LA_E_2658082,1,alaw,A12
LA_E_2658499,1,ulaw,A16
LA_E_2658844,1,alaw,A12
LA_E_2659163,1,none,A17
LA_E_2659217,1,g722,A11
LA_E_2659579,1,g722,A19
LA_E_2661368,1,pstn,A07
LA_E_2661687,1,opus,A09
LA_E_2661842,1,pstn,A16
LA_E_2662497,1,opus,A08
LA_E_2662537,1,opus,A18
LA_E_2662845,1,alaw,A10
LA_E_2663298,1,pstn,A13
LA_E_2663376,1,pstn,A18
LA_E_2663889,1,pstn,A13
LA_E_2663947,1,gsm,A13
LA_E_2664082,1,ulaw,A16
LA_E_2665277,1,g722,A13
LA_E_2665382,1,opus,A14
LA_E_2665735,1,ulaw,A16
LA_E_2665818,1,ulaw,A12
LA_E_2665894,1,alaw,A15
LA_E_2666140,1,pstn,A18
LA_E_2666182,1,ulaw,A11
LA_E_2666194,1,ulaw,A19
LA_E_2666260,1,ulaw,A15
LA_E_2666665,1,none,A15
LA_E_2667236,1,alaw,A11
LA_E_2667305,1,none,A15
LA_E_2667607,1,opus,A14
LA_E_2667771,1,gsm,A08
LA_E_2668034,1,gsm,A11
LA_E_2668761,1,opus,A17
LA_E_2668967,1,none,A19
LA_E_2669751,1,alaw,A12
LA_E_2670029,1,opus,A14
LA_E_2670051,1,g722,A10
LA_E_2670362,1,ulaw,A13
LA_E_2670525,0,alaw,bonafide
LA_E_2670897,1,g722,A15
LA_E_2671400,1,opus,A14
LA_E_2671758,1,ulaw,A09
LA_E_2671854,1,alaw,A12
LA_E_2671966,1,g722,A11
LA_E_2672790,1,opus,A15
LA_E_2672794,1,ulaw,A09
LA_E_2673356,1,ulaw,A15
LA_E_2673572,1,none,A13
LA_E_2674000,1,alaw,A08
LA_E_2675124,1,gsm,A17
LA_E_2675326,1,ulaw,A17
LA_E_2675474,1,ulaw,A13
LA_E_2675624,1,opus,A13
LA_E_2675935,1,alaw,A18
LA_E_2676154,1,alaw,A18
LA_E_2676721,1,pstn,A07
LA_E_2677348,1,gsm,A15
LA_E_2677986,1,alaw,A18
LA_E_2678098,1,opus,A14
LA_E_2678353,1,gsm,A19
LA_E_2678359,1,alaw,A18
LA_E_2678631,1,alaw,A08
LA_E_2679417,1,opus,A17
LA_E_2680277,1,ulaw,A08
LA_E_2680719,1,opus,A19
LA_E_2680822,1,ulaw,A12
LA_E_2680938,1,ulaw,A16
LA_E_2682226,1,g722,A08
LA_E_2682282,1,alaw,A08
LA_E_2682430,1,ulaw,A07
LA_E_2682507,1,none,A14
LA_E_2682921,1,g722,A08
LA_E_2683310,1,ulaw,A16
LA_E_2683346,1,alaw,A15
LA_E_2683442,1,gsm,A16
LA_E_2683828,1,opus,A16
LA_E_2683863,0,none,bonafide
LA_E_2684588,1,ulaw,A11
LA_E_2685473,1,pstn,A18
LA_E_2685653,1,none,A10
LA_E_2685689,1,opus,A07
LA_E_2685700,1,ulaw,A16
LA_E_2685728,0,gsm,bonafide
LA_E_2686023,0,none,bonafide
LA_E_2686204,1,gsm,A11
LA_E_2686739,1,none,A07
LA_E_2687132,1,opus,A10
LA_E_2687349,0,pstn,bonafide
LA_E_2687493,1,ulaw,A18
LA_E_2688368,1,ulaw,A07
LA_E_2688377,1,gsm,A11
LA_E_2688590,1,pstn,A18
LA_E_2688910,1,opus,A11
LA_E_2688931,1,opus,A14
LA_E_2689232,1,g722,A07
LA_E_2689363,1,opus,A17
LA_E_2689412,1,ulaw,A16
LA_E_2689912,1,none,A17
LA_E_2690372,1,g722,A08
LA_E_2690441,1,gsm,A12
LA_E_2690697,1,ulaw,A11
LA_E_2691300,1,ulaw,A16
LA_E_2692476,0,pstn,bonafide
LA_E_2692540,1,alaw,A11
LA_E_2692717,1,alaw,A13
LA_E_2692804,1,alaw,A08
LA_E_2693045,1,gsm,A08
LA_E_2693122,0,gsm,bonafide
LA_E_2693661,0,opus,bonafide
LA_E_2694055,1,alaw,A12
LA_E_2694315,0,none,bonafide
LA_E_2696565,1,gsm,A16
LA_E_2696839,1,opus,A18
LA_E_2696916,1,none,A08
LA_E_2697894,1,alaw,A19
LA_E_2697910,0,g722,bonafide
LA_E_2698367,1,g722,A19
LA_E_2698491,1,pstn,A07
LA_E_2698998,1,pstn,A13
LA_E_2699243,1,alaw,A13
LA_E_2699860,1,pstn,A13
LA_E_2700222,1,ulaw,A19
LA_E_2700343,1,pstn,A18
LA_E_2701187,1,opus,A14
LA_E_2701229,1,pstn,A14
LA_E_2701533,1,gsm,A16
LA_E_2702029,1,ulaw,A12
LA_E_2702102,1,none,A17
LA_E_2702134,1,ulaw,A14
LA_E_2702192,1,pstn,A15
LA_E_2702329,1,pstn,A15
LA_E_2702419,1,gsm,A10
LA_E_2702574,1,ulaw,A08
LA_E_2702746,1,g722,A09
LA_E_2702918,1,opus,A07
LA_E_2702978,1,none,A13
LA_E_2703072,1,ulaw,A10
LA_E_2703640,1,alaw,A09
LA_E_2703845,1,pstn,A07
LA_E_2703976,1,g722,A08
LA_E_2704025,1,pstn,A10
LA_E_2704321,1,opus,A18
LA_E_2704407,1,pstn,A07
LA_E_2704484,1,ulaw,A09
LA_E_2705776,1,pstn,A10
LA_E_2706429,0,ulaw,bonafide
LA_E_2706860,0,opus,bonafide
LA_E_2707111,1,alaw,A10
LA_E_2707620,1,opus,A13
LA_E_2708231,1,none,A09
LA_E_2708660,1,opus,A18
LA_E_2709265,0,gsm,bonafide
LA_E_2710061,1,pstn,A15
LA_E_2710431,1,opus,A13
LA_E_2710845,1,gsm,A08
LA_E_2710927,0,alaw,bonafide
LA_E_2710995,1,gsm,A08
LA_E_2711099,1,pstn,A09
LA_E_2711152,1,g722,A15
LA_E_2711222,1,gsm,A14
LA_E_2711747,1,g722,A15
LA_E_2711810,1,opus,A12
LA_E_2712214,1,opus,A08
LA_E_2712579,1,gsm,A07
LA_E_2712590,1,ulaw,A18
LA_E_2712960,1,opus,A10
LA_E_2713576,1,pstn,A12
LA_E_2713751,1,gsm,A15
LA_E_2714306,0,ulaw,bonafide
LA_E_2714316,1,ulaw,A13
LA_E_2714879,1,none,A07
LA_E_2714982,1,ulaw,A17
LA_E_2715953,1,g722,A19
LA_E_2716450,1,gsm,A16
LA_E_2716664,1,opus,A17
LA_E_2716895,1,g722,A15
LA_E_2716938,1,opus,A15
LA_E_2717684,1,g722,A18
LA_E_2718049,1,alaw,A12
LA_E_2718455,1,opus,A16
LA_E_2718542,1,alaw,A07
LA_E_2718668,1,opus,A18
LA_E_2718758,1,none,A11
LA_E_2718924,1,ulaw,A15
LA_E_2718943,1,none,A14
LA_E_2719071,1,alaw,A13
LA_E_2719628,1,alaw,A15
LA_E_2719839,1,g722,A19
LA_E_2719915,1,g722,A19
LA_E_2720250,1,opus,A18
LA_E_2720484,1,gsm,A15
LA_E_2722030,1,none,A17
LA_E_2722278,1,ulaw,A14
LA_E_2722626,1,pstn,A17
LA_E_2722743,1,g722,A15
LA_E_2723259,1,opus,A13
LA_E_2723325,1,alaw,A19
LA_E_2723666,1,ulaw,A18
LA_E_2723915,1,none,A15
LA_E_2724155,1,alaw,A08
LA_E_2724262,1,opus,A09
LA_E_2724548,1,pstn,A07
LA_E_2724670,1,pstn,A08
LA_E_2725330,1,alaw,A07
LA_E_2725612,1,g722,A11
LA_E_2725738,1,opus,A08
LA_E_2726187,1,none,A11
LA_E_2726331,1,none,A11
LA_E_2726607,1,alaw,A18
LA_E_2727170,0,g722,bonafide
LA_E_2727197,1,alaw,A07
LA_E_2727201,1,opus,A07
LA_E_2728074,1,none,A12
LA_E_2728510,1,pstn,A13
LA_E_2728635,1,ulaw,A10
LA_E_2728910,1,pstn,A10
LA_E_2729051,1,alaw,A10
LA_E_2729255,1,pstn,A15
LA_E_2729287,1,gsm,A10
LA_E_2729707,1,opus,A11
LA_E_2729729,1,opus,A16
LA_E_2729891,1,none,A11
LA_E_2730295,1,ulaw,A07
LA_E_2730814,1,ulaw,A12
LA_E_2731256,1,ulaw,A08
LA_E_2731408,1,none,A15
LA_E_2731462,1,ulaw,A13
LA_E_2731645,1,ulaw,A15
LA_E_2731656,1,ulaw,A13
LA_E_2732147,1,gsm,A11
LA_E_2732362,1,g722,A07
LA_E_2733158,1,gsm,A07
LA_E_2733185,1,ulaw,A16
LA_E_2733485,1,ulaw,A11
LA_E_2734248,1,gsm,A12
LA_E_2734302,1,gsm,A13
LA_E_2734811,1,g722,A13
LA_E_2735380,1,gsm,A08
LA_E_2735443,1,ulaw,A18
LA_E_2735504,1,none,A16
LA_E_2735621,1,alaw,A13
LA_E_2735686,1,pstn,A09
LA_E_2735993,1,opus,A19
LA_E_2736040,1,gsm,A11
LA_E_2736763,0,ulaw,bonafide
LA_E_2737475,1,pstn,A18
LA_E_2737482,1,none,A10
LA_E_2737682,1,none,A09
LA_E_2738580,1,pstn,A13
LA_E_2739057,1,opus,A13
LA_E_2739539,0,opus,bonafide
LA_E_2740974,1,pstn,A10
LA_E_2741211,0,pstn,bonafide
LA_E_2741240,1,alaw,A09
LA_E_2741538,1,gsm,A19
LA_E_2741544,1,gsm,A14
LA_E_2742286,0,alaw,bonafide
LA_E_2742453,1,opus,A17
LA_E_2742461,1,opus,A17
LA_E_2742509,0,ulaw,bonafide
LA_E_2742605,1,ulaw,A09
LA_E_2742672,1,opus,A10
LA_E_2742978,1,gsm,A18
LA_E_2742991,1,none,A13
LA_E_2743015,1,alaw,A12
LA_E_2743036,1,gsm,A19
LA_E_2743788,1,ulaw,A16
LA_E_2744262,1,pstn,A09
LA_E_2744493,1,ulaw,A19
LA_E_2745158,1,none,A10
LA_E_2745456,1,ulaw,A12
LA_E_2745579,1,alaw,A14
LA_E_2746941,1,ulaw,A18
LA_E_2747330,1,ulaw,A18
LA_E_2747950,1,none,A07
LA_E_2748102,1,pstn,A09
LA_E_2748364,1,gsm,A08
LA_E_2748469,1,none,A10
LA_E_2748593,1,ulaw,A18
LA_E_2748741,1,gsm,A15
LA_E_2749040,1,ulaw,A14
LA_E_2750093,1,pstn,A15
LA_E_2750150,1,none,A08
LA_E_2750403,1,gsm,A08
LA_E_2750405,1,g722,A09
LA_E_2750445,1,gsm,A09
LA_E_2750608,1,pstn,A09
LA_E_2750611,1,ulaw,A13
LA_E_2750751,1,none,A19
LA_E_2751065,1,opus,A18
LA_E_2751384,1,opus,A18
LA_E_2751391,1,alaw,A18
LA_E_2751408,1,ulaw,A07
LA_E_2751455,1,gsm,A07
LA_E_2751839,1,none,A10
LA_E_2752179,1,opus,A13
LA_E_2752604,1,alaw,A15
LA_E_2752845,1,gsm,A17
LA_E_2752936,1,alaw,A09
LA_E_2753367,1,ulaw,A07
LA_E_2754407,1,opus,A13
LA_E_2754418,1,g722,A08
LA_E_2754607,1,ulaw,A11
LA_E_2754688,1,none,A11
LA_E_2755443,1,alaw,A10
LA_E_2755528,1,gsm,A07
LA_E_2756014,1,opus,A18
LA_E_2756289,1,g722,A13
LA_E_2756463,1,ulaw,A15
LA_E_2756531,1,ulaw,A10
LA_E_2756659,1,pstn,A12
LA_E_2756763,1,g722,A19
LA_E_2757181,1,opus,A10
LA_E_2758147,1,ulaw,A18
LA_E_2758813,1,ulaw,A11
LA_E_2758829,1,ulaw,A17
LA_E_2758836,1,opus,A08
LA_E_2759392,1,opus,A13
LA_E_2759516,1,g722,A13
LA_E_2760425,1,opus,A12
LA_E_2760641,1,pstn,A10
LA_E_2761221,1,gsm,A08
LA_E_2761459,0,none,bonafide
LA_E_2761702,0,opus,bonafide
LA_E_2761771,1,ulaw,A12
LA_E_2761967,1,alaw,A14
LA_E_2762296,0,g722,bonafide
LA_E_2762612,1,alaw,A19
LA_E_2762847,1,opus,A09
LA_E_2762861,1,gsm,A11
LA_E_2762977,1,gsm,A12
LA_E_2763079,1,alaw,A14
LA_E_2763083,1,alaw,A13
LA_E_2763223,0,pstn,bonafide
LA_E_2763292,1,pstn,A08
LA_E_2763665,1,alaw,A11
LA_E_2763787,1,ulaw,A18
LA_E_2763812,1,gsm,A08
LA_E_2763819,1,none,A12
LA_E_2764118,1,pstn,A17
LA_E_2764207,1,pstn,A12
LA_E_2764376,1,ulaw,A09
LA_E_2764431,1,none,A09
LA_E_2764456,1,gsm,A17
LA_E_2764825,1,ulaw,A15
LA_E_2765016,1,gsm,A08
LA_E_2765133,1,opus,A15
LA_E_2765507,1,gsm,A08
LA_E_2765633,1,ulaw,A07
LA_E_2765678,1,ulaw,A14
LA_E_2765929,0,opus,bonafide
LA_E_2765954,1,none,A12
LA_E_2766058,1,pstn,A12
LA_E_2766221,1,none,A17
LA_E_2766500,1,pstn,A12
LA_E_2766795,1,g722,A07
LA_E_2767181,1,alaw,A15
LA_E_2767196,1,opus,A18
LA_E_2767514,1,g722,A07
LA_E_2767679,1,pstn,A08
LA_E_2767749,1,pstn,A14
LA_E_2768018,1,ulaw,A09
LA_E_2768092,1,gsm,A18
LA_E_2768166,1,gsm,A13
LA_E_2768295,1,opus,A18
LA_E_2768639,1,gsm,A10
LA_E_2768786,1,ulaw,A17
LA_E_2768951,1,none,A13
LA_E_2769774,1,none,A13
LA_E_2769910,1,none,A12
LA_E_2770337,0,g722,bonafide
LA_E_2770571,0,pstn,bonafide
LA_E_2770663,1,pstn,A08
LA_E_2770813,1,gsm,A14
LA_E_2771342,1,opus,A11
LA_E_2771474,1,none,A19
LA_E_2771501,1,ulaw,A19
LA_E_2771813,1,opus,A14
LA_E_2771978,1,opus,A18
LA_E_2772070,1,none,A10
LA_E_2772153,1,g722,A15
LA_E_2772311,1,pstn,A17
LA_E_2773136,1,opus,A08
LA_E_2773524,1,none,A12
LA_E_2773636,1,opus,A12
LA_E_2773732,1,gsm,A17
LA_E_2774031,1,opus,A14
LA_E_2774045,0,ulaw,bonafide
LA_E_2774439,1,pstn,A14
LA_E_2774761,1,pstn,A17
LA_E_2774798,1,pstn,A09
LA_E_2774805,1,ulaw,A09
LA_E_2774859,1,pstn,A18
LA_E_2775078,1,pstn,A08
LA_E_2775406,1,opus,A10
LA_E_2775503,1,gsm,A11
LA_E_2775535,0,gsm,bonafide
LA_E_2775828,1,alaw,A19
LA_E_2775880,1,pstn,A07
LA_E_2775981,1,gsm,A17
LA_E_2776026,1,opus,A14
LA_E_2776153,1,gsm,A19
LA_E_2776491,1,ulaw,A08
LA_E_2776523,1,alaw,A15
LA_E_2776574,0,alaw,bonafide
LA_E_2776784,0,gsm,bonafide
LA_E_2777219,1,ulaw,A09
LA_E_2777229,1,opus,A17
LA_E_2777324,1,alaw,A19
LA_E_2777755,1,opus,A18
LA_E_2777881,1,alaw,A12
LA_E_2778489,1,g722,A18
LA_E_2778499,1,ulaw,A13
LA_E_2778509,1,none,A13
LA_E_2778555,1,gsm,A11
LA_E_2778638,1,ulaw,A15
LA_E_2779116,1,opus,A16
LA_E_2779751,1,pstn,A17
LA_E_2779846,1,ulaw,A17
LA_E_2780030,1,alaw,A14
LA_E_2780048,1,ulaw,A17
LA_E_2780253,1,none,A13
LA_E_2781053,1,alaw,A12
LA_E_2781195,1,ulaw,A07
LA_E_2781536,1,gsm,A16
LA_E_2781694,1,g722,A12
LA_E_2782165,1,none,A09
LA_E_2782210,1,g722,A17
LA_E_2782973,0,gsm,bonafide
LA_E_2783097,1,none,A16
LA_E_2783259,1,ulaw,A08
LA_E_2783563,1,ulaw,A15
LA_E_2783940,1,alaw,A18
LA_E_2783978,1,g722,A09
LA_E_2784116,0,opus,bonafide
LA_E_2784298,0,pstn,bonafide
LA_E_2784662,1,ulaw,A19
LA_E_2784948,0,gsm,bonafide
LA_E_2785364,0,ulaw,bonafide
LA_E_2785487,1,none,A17
LA_E_2786089,1,ulaw,A12
LA_E_2786539,1,gsm,A11
LA_E_2786888,1,opus,A09
LA_E_2787175,1,g722,A07
LA_E_2788464,1,none,A08
LA_E_2788842,1,alaw,A09
LA_E_2789166,1,ulaw,A13
LA_E_2789574,1,alaw,A12
LA_E_2789939,1,none,A09
LA_E_2789972,1,ulaw,A17
LA_E_2790082,1,pstn,A12
LA_E_2791184,1,gsm,A14
LA_E_2791223,1,gsm,A13
LA_E_2791596,0,alaw,bonafide
LA_E_2792002,1,gsm,A09
LA_E_2792090,1,none,A16
LA_E_2792155,1,opus,A13
LA_E_2792233,1,gsm,A12
LA_E_2792286,1,ulaw,A09
LA_E_2792287,1,alaw,A19
LA_E_2792361,1,pstn,A19
LA_E_2792586,1,ulaw,A07
LA_E_2792644,1,ulaw,A19
LA_E_2792657,1,ulaw,A17
LA_E_2792851,1,g722,A14
LA_E_2792877,1,g722,A13
LA_E_2793590,1,gsm,A18
LA_E_2793700,1,ulaw,A16
LA_E_2793805,1,alaw,A07
LA_E_2793885,1,g722,A19
LA_E_2794266,1,gsm,A15
LA_E_2794693,1,opus,A13
LA_E_2794706,1,none,A11
LA_E_2795363,1,ulaw,A13
LA_E_2795716,1,gsm,A08
LA_E_2795818,0,g722,bonafide
LA_E_2796471,1,ulaw,A10
LA_E_2796574,1,opus,A08
LA_E_2796730,1,none,A15
LA_E_2796871,1,alaw,A08
LA_E_2796979,1,ulaw,A07
LA_E_2797116,1,alaw,A19
LA_E_2797624,1,g722,A18
LA_E_2797712,1,pstn,A14
LA_E_2797890,1,g722,A15
LA_E_2798028,1,opus,A13
LA_E_2798851,1,ulaw,A11
LA_E_2799023,1,alaw,A14
LA_E_2799140,1,gsm,A16
LA_E_2799207,1,g722,A11
LA_E_2799308,1,alaw,A10
LA_E_2799428,1,pstn,A10
LA_E_2800054,1,gsm,A16
LA_E_2800416,1,ulaw,A16
LA_E_2800532,1,none,A16
LA_E_2800588,1,gsm,A11
LA_E_2800802,1,ulaw,A16
LA_E_2800867,1,ulaw,A07
LA_E_2801049,1,gsm,A11
LA_E_2801180,1,g722,A08
LA_E_2801203,1,alaw,A15
LA_E_2801241,1,opus,A08
LA_E_2801924,1,opus,A08
LA_E_2802025,1,none,A13
LA_E_2802319,1,pstn,A13
LA_E_2802767,1,opus,A07
LA_E_2803757,1,pstn,A14
LA_E_2803844,1,none,A14
LA_E_2803954,1,alaw,A09
LA_E_2804252,0,ulaw,bonafide
LA_E_2804258,1,ulaw,A13
LA_E_2804314,1,ulaw,A09
LA_E_2804672,1,gsm,A14
LA_E_2804867,1,gsm,A13
LA_E_2805257,1,alaw,A16
LA_E_2805382,0,ulaw,bonafide
LA_E_2805470,1,ulaw,A17
LA_E_2805781,1,none,A16
LA_E_2805786,0,none,bonafide
LA_E_2806512,1,alaw,A17
LA_E_2806901,1,opus,A14
LA_E_2807026,1,ulaw,A08
LA_E_2807125,1,gsm,A14
LA_E_2807177,1,gsm,A10
LA_E_2807337,1,opus,A11
LA_E_2807753,1,ulaw,A09
LA_E_2807847,1,opus,A08
LA_E_2809088,1,alaw,A13
LA_E_2809545,1,pstn,A18
LA_E_2809546,1,opus,A10
LA_E_2810619,1,gsm,A15
LA_E_2810628,1,g722,A18
LA_E_2810709,0,alaw,bonafide
LA_E_2810843,1,opus,A18
LA_E_2811036,1,gsm,A18
LA_E_2811250,1,gsm,A11
LA_E_2811334,1,gsm,A14
LA_E_2811444,1,g722,A19
LA_E_2811512,1,none,A19
LA_E_2811758,1,gsm,A10
LA_E_2813114,1,gsm,A07
LA_E_2813277,1,opus,A19
LA_E_2813401,1,gsm,A16
LA_E_2813687,1,opus,A09
LA_E_2814574,1,gsm,A14
LA_E_2814642,1,ulaw,A17
LA_E_2814938,1,g722,A13
LA_E_2815005,1,g722,A12
LA_E_2815542,1,none,A19
LA_E_2815570,1,opus,A14
LA_E_2815675,1,g722,A16
LA_E_2815806,1,none,A15
LA_E_2816136,0,g722,bonafide
LA_E_2816341,1,g722,A07
LA_E_2816571,1,pstn,A15
LA_E_2816687,1,g722,A12
LA_E_2816832,1,ulaw,A15
LA_E_2817281,1,pstn,A09
LA_E_2817302,1,gsm,A15
LA_E_2817318,1,opus,A14
LA_E_2817544,1,ulaw,A10
LA_E_2817748,1,gsm,A15
LA_E_2817790,0,alaw,bonafide
LA_E_2817891,1,g722,A18
LA_E_2817921,1,opus,A08
LA_E_2817924,1,gsm,A18
LA_E_2817935,1,gsm,A16
LA_E_2817998,1,alaw,A14
LA_E_2818079,1,none,A12
LA_E_2818169,1,g722,A09
LA_E_2818709,1,alaw,A11
LA_E_2818977,1,g722,A12
LA_E_2819091,1,opus,A08
LA_E_2819124,1,g722,A12
LA_E_2819127,1,opus,A18
LA_E_2819433,1,none,A15
LA_E_2819680,1,ulaw,A07
LA_E_2819688,1,gsm,A07
LA_E_2819914,1,ulaw,A13
LA_E_2820020,1,alaw,A17
LA_E_2820109,0,alaw,bonafide
LA_E_2820517,1,opus,A10
LA_E_2820555,1,ulaw,A10
LA_E_2820793,1,pstn,A18
LA_E_2820884,1,ulaw,A17
LA_E_2821625,0,ulaw,bonafide
LA_E_2821761,1,alaw,A11
LA_E_2822056,1,gsm,A07
LA_E_2822204,1,gsm,A07
LA_E_2822225,1,gsm,A14
LA_E_2822291,1,ulaw,A13
LA_E_2822592,1,alaw,A18
LA_E_2822777,1,ulaw,A15
LA_E_2822917,0,alaw,bonafide
LA_E_2823181,1,ulaw,A17
LA_E_2823343,1,gsm,A07
LA_E_2824202,1,none,A07
LA_E_2824292,1,alaw,A08
LA_E_2824380,1,gsm,A07
LA_E_2825203,1,ulaw,A13
LA_E_2825518,1,ulaw,A09
LA_E_2825754,1,gsm,A08
LA_E_2825833,1,ulaw,A13
LA_E_2826366,1,g722,A09
LA_E_2826426,1,g722,A08
LA_E_2826575,1,alaw,A07
LA_E_2826646,1,none,A08
LA_E_2826914,0,g722,bonafide
LA_E_2827654,1,none,A08
LA_E_2827657,1,gsm,A07
LA_E_2827976,1,gsm,A15
LA_E_2828252,1,g722,A09
LA_E_2828292,1,alaw,A18
LA_E_2828582,1,opus,A16
LA_E_2828911,1,opus,A13
LA_E_2829067,1,none,A07
LA_E_2829132,1,opus,A13
LA_E_2829222,1,opus,A12
LA_E_2829447,1,g722,A17
LA_E_2830115,1,alaw,A17
LA_E_2830130,1,gsm,A10
LA_E_2830241,1,ulaw,A07
LA_E_2830280,0,none,bonafide
LA_E_2830692,1,ulaw,A13
LA_E_2830726,1,gsm,A15
LA_E_2830791,1,gsm,A13
LA_E_2830821,0,gsm,bonafide
LA_E_2830946,1,gsm,A15
LA_E_2831699,1,ulaw,A15
LA_E_2832207,1,ulaw,A13
LA_E_2832449,1,opus,A13
LA_E_2832522,1,pstn,A08
LA_E_2832949,1,gsm,A19
LA_E_2833167,1,pstn,A12
LA_E_2833344,1,ulaw,A19
LA_E_2833580,1,ulaw,A09
LA_E_2833644,1,alaw,A10
LA_E_2833840,1,gsm,A17
LA_E_2833917,1,gsm,A16
LA_E_2834058,0,gsm,bonafide
LA_E_2834429,1,pstn,A10
LA_E_2834670,1,ulaw,A08
LA_E_2834753,1,ulaw,A18
LA_E_2834810,0,g722,bonafide
LA_E_2835063,0,ulaw,bonafide
LA_E_2835099,1,ulaw,A18
LA_E_2835160,1,ulaw,A15
LA_E_2835272,1,ulaw,A16
LA_E_2835951,1,ulaw,A09
LA_E_2836100,1,g722,A17
LA_E_2836241,1,ulaw,A07
LA_E_2836440,1,opus,A08
LA_E_2836727,1,opus,A09
LA_E_2837330,0,ulaw,bonafide
LA_E_2837380,1,ulaw,A11
LA_E_2837421,1,ulaw,A07
LA_E_2837496,1,ulaw,A07
LA_E_2837682,1,ulaw,A18
LA_E_2837801,1,none,A09
LA_E_2838140,1,gsm,A12
LA_E_2838210,1,alaw,A12
LA_E_2838235,1,ulaw,A14
LA_E_2838354,1,opus,A16
LA_E_2838526,1,pstn,A09
LA_E_2838588,1,alaw,A14
LA_E_2839651,1,opus,A09
LA_E_2839866,1,gsm,A07
LA_E_2839948,1,none,A15
LA_E_2840344,1,gsm,A15
LA_E_2840530,0,opus,bonafide
LA_E_2840754,1,ulaw,A09
LA_E_2841022,1,alaw,A10
LA_E_2841027,1,gsm,A16
LA_E_2841318,1,opus,A11
LA_E_2841390,1,ulaw,A15
LA_E_2841452,1,opus,A13
LA_E_2841463,1,pstn,A15
LA_E_2841777,1,none,A11
LA_E_2841830,1,pstn,A11
LA_E_2841934,1,g722,A08
LA_E_2842680,1,gsm,A09
LA_E_2843496,1,gsm,A19
LA_E_2843498,1,pstn,A18
LA_E_2844786,1,gsm,A16
LA_E_2845222,1,gsm,A15
LA_E_2845293,1,alaw,A10
LA_E_2845441,1,none,A10
LA_E_2845504,1,gsm,A18
LA_E_2845683,1,opus,A14
LA_E_2845875,1,none,A14
LA_E_2846165,1,ulaw,A12
LA_E_2846856,1,ulaw,A10
LA_E_2847020,1,ulaw,A12
LA_E_2847117,1,opus,A15
LA_E_2847165,1,gsm,A15
LA_E_2847546,1,ulaw,A19
LA_E_2847719,1,g722,A08
LA_E_2848338,1,none,A12
LA_E_2848917,1,g722,A17
LA_E_2849564,1,gsm,A17
LA_E_2849628,1,alaw,A17
LA_E_2849719,0,gsm,bonafide
LA_E_2849739,1,none,A07
LA_E_2850011,1,opus,A19
LA_E_2850671,0,opus,bonafide
LA_E_2850748,1,ulaw,A17
LA_E_2850949,1,gsm,A19
LA_E_2851264,0,pstn,bonafide
LA_E_2851400,1,g722,A12
LA_E_2851768,1,gsm,A17
LA_E_2852203,1,ulaw,A15
LA_E_2852230,1,alaw,A13
LA_E_2852237,1,none,A14
LA_E_2852830,1,g722,A17
LA_E_2852934,1,alaw,A17
LA_E_2853405,1,none,A17
LA_E_2853484,1,opus,A18
LA_E_2853516,1,opus,A17
LA_E_2853580,1,gsm,A15
LA_E_2853936,1,ulaw,A11
LA_E_2854062,1,ulaw,A19
LA_E_2854486,1,alaw,A18
LA_E_2854586,1,opus,A07
LA_E_2854627,1,opus,A15
LA_E_2854695,1,g722,A18
LA_E_2854859,1,gsm,A14
LA_E_2855268,1,gsm,A07
LA_E_2855481,1,pstn,A13
LA_E_2855686,1,opus,A08
LA_E_2855729,1,none,A17
LA_E_2855951,1,alaw,A11
LA_E_2856027,1,none,A16
LA_E_2856348,1,opus,A17
LA_E_2857026,1,gsm,A14
LA_E_2857090,1,opus,A19
LA_E_2857487,0,ulaw,bonafide
LA_E_2857646,1,opus,A17
LA_E_2857740,1,gsm,A07
LA_E_2858205,1,pstn,A19
LA_E_2858799,1,opus,A07
LA_E_2858846,1,ulaw,A15
LA_E_2858986,1,opus,A13
LA_E_2859590,1,pstn,A17
LA_E_2859773,1,opus,A11
LA_E_2859855,0,none,bonafide
LA_E_2860307,1,ulaw,A14
LA_E_2860372,1,opus,A09
LA_E_2860377,1,ulaw,A12
LA_E_2860949,1,opus,A12
LA_E_2861343,1,pstn,A09
LA_E_2861452,1,alaw,A16
LA_E_2861738,1,ulaw,A18
LA_E_2861854,1,ulaw,A13
LA_E_2861947,1,ulaw,A13
LA_E_2863254,1,opus,A10
LA_E_2863313,1,alaw,A18
LA_E_2863490,1,ulaw,A11
LA_E_2863624,1,gsm,A16
LA_E_2863752,1,none,A17
LA_E_2863940,1,ulaw,A19
LA_E_2864008,1,g722,A07
LA_E_2864250,1,none,A07
LA_E_2864281,1,gsm,A11
LA_E_2864436,1,g722,A15
LA_E_2864705,1,gsm,A14
LA_E_2864737,1,none,A08
LA_E_2865575,1,pstn,A08
LA_E_2865703,1,opus,A10
LA_E_2865864,1,gsm,A19
LA_E_2865985,1,gsm,A09
LA_E_2866364,1,gsm,A14
LA_E_2866736,1,g722,A09
LA_E_2866787,1,ulaw,A11
LA_E_2867169,1,none,A15
LA_E_2867528,1,opus,A17
LA_E_2867741,1,g722,A14
LA_E_2867774,1,gsm,A15
LA_E_2867791,1,ulaw,A11
LA_E_2867824,0,pstn,bonafide
LA_E_2867940,1,none,A17
LA_E_2868024,1,ulaw,A14
LA_E_2868490,1,alaw,A09
LA_E_2868604,1,pstn,A13
LA_E_2868837,1,pstn,A09
LA_E_2868899,1,gsm,A13
LA_E_2868951,1,opus,A16
LA_E_2869128,1,ulaw,A11
LA_E_2869169,0,none,bonafide
LA_E_2869325,1,ulaw,A19
LA_E_2869438,1,none,A08
LA_E_2869481,1,gsm,A18
LA_E_2869647,1,g722,A16
LA_E_2869827,1,none,A13
LA_E_2870036,1,opus,A17
LA_E_2870091,1,pstn,A14
LA_E_2870616,1,alaw,A14
LA_E_2870759,1,pstn,A19
LA_E_2870907,1,pstn,A19
LA_E_2870909,0,gsm,bonafide
LA_E_2871545,1,opus,A18
LA_E_2871771,1,gsm,A10
LA_E_2871906,1,g722,A16
LA_E_2871924,1,opus,A12
LA_E_2872079,1,g722,A08
LA_E_2872163,1,pstn,A19
LA_E_2872771,1,ulaw,A19
LA_E_2872931,1,opus,A12
LA_E_2873268,0,gsm,bonafide
LA_E_2873283,1,alaw,A16
LA_E_2873454,1,opus,A11
LA_E_2874171,1,gsm,A13
LA_E_2874234,1,g722,A11
LA_E_2874789,1,pstn,A18
LA_E_2874801,1,g722,A16
LA_E_2874806,1,none,A12
LA_E_2875532,1,gsm,A17
LA_E_2875587,1,none,A18
LA_E_2875697,1,pstn,A12
LA_E_2875890,1,pstn,A07
LA_E_2876513,1,opus,A12
LA_E_2876550,1,g722,A17
LA_E_2876608,1,alaw,A17
LA_E_2877851,1,ulaw,A12
LA_E_2877972,1,gsm,A08
LA_E_2878103,1,g722,A11
LA_E_2878145,1,gsm,A09
LA_E_2878224,1,gsm,A10
LA_E_2878497,1,ulaw,A12
LA_E_2878523,1,gsm,A19
LA_E_2878729,1,opus,A08
LA_E_2879091,1,alaw,A10
LA_E_2879177,1,opus,A18
LA_E_2879337,1,opus,A11
LA_E_2879376,1,alaw,A19
LA_E_2879470,1,pstn,A13
LA_E_2879551,1,ulaw,A11
LA_E_2879660,1,opus,A12
LA_E_2879816,1,g722,A14
LA_E_2879890,1,g722,A11
LA_E_2880282,1,none,A09
LA_E_2880360,1,pstn,A09
LA_E_2881029,1,g722,A09
LA_E_2881475,1,opus,A17
LA_E_2881572,1,g722,A16
LA_E_2881738,1,alaw,A11
LA_E_2881947,1,gsm,A19
LA_E_2881981,1,pstn,A15
LA_E_2882109,1,ulaw,A11
LA_E_2882262,1,alaw,A07
LA_E_2882423,1,g722,A18
LA_E_2882806,1,none,A19
LA_E_2883294,1,none,A16
LA_E_2883626,1,ulaw,A19
LA_E_2883857,1,gsm,A12
LA_E_2883919,1,ulaw,A16
LA_E_2885297,1,opus,A07
LA_E_2885677,1,gsm,A16
LA_E_2885740,1,ulaw,A09
LA_E_2885841,1,pstn,A15
LA_E_2885917,1,g722,A08
LA_E_2886499,1,opus,A12
LA_E_2886980,1,pstn,A10
LA_E_2887394,1,pstn,A13
LA_E_2887584,1,alaw,A08
LA_E_2888163,1,opus,A11
LA_E_2888637,1,none,A11
LA_E_2888668,1,g722,A19
LA_E_2888787,1,gsm,A12
LA_E_2888933,1,ulaw,A17
LA_E_2888983,1,g722,A14
LA_E_2889026,1,ulaw,A18
LA_E_2889828,1,opus,A09
LA_E_2889903,1,gsm,A08
LA_E_2890165,1,alaw,A15
LA_E_2890325,1,g722,A19
LA_E_2890382,1,opus,A14
LA_E_2890976,1,gsm,A08
LA_E_2891563,1,pstn,A16
LA_E_2892114,1,opus,A12
LA_E_2892155,1,none,A14
LA_E_2892429,1,ulaw,A18
LA_E_2893076,1,ulaw,A07
LA_E_2893200,1,gsm,A18
LA_E_2893218,1,ulaw,A09
LA_E_2893353,1,opus,A17
LA_E_2893684,0,gsm,bonafide
LA_E_2893723,1,opus,A11
LA_E_2893774,1,gsm,A19
LA_E_2893830,1,ulaw,A19
LA_E_2894278,1,ulaw,A12
LA_E_2894547,1,ulaw,A11
LA_E_2894589,1,opus,A09
LA_E_2894740,1,gsm,A17
LA_E_2894846,1,ulaw,A09
LA_E_2894969,1,none,A13
LA_E_2895128,1,none,A11
LA_E_2895439,1,ulaw,A11
LA_E_2896331,0,alaw,bonafide
LA_E_2896609,1,pstn,A11
LA_E_2896817,1,opus,A19
LA_E_2896823,1,g722,A14
LA_E_2897065,1,gsm,A10
LA_E_2897069,1,alaw,A08
LA_E_2897220,1,gsm,A17
LA_E_2897354,1,gsm,A19
LA_E_2897360,1,ulaw,A08
LA_E_2897404,1,gsm,A19
LA_E_2898528,1,gsm,A09
LA_E_2898676,1,gsm,A15
LA_E_2898711,1,opus,A14
LA_E_2898773,1,ulaw,A15
LA_E_2899089,1,gsm,A18
LA_E_2899131,1,ulaw,A12
LA_E_2899411,1,pstn,A10
LA_E_2899471,1,opus,A09
LA_E_2899601,1,opus,A08
LA_E_2899911,1,opus,A09
LA_E_2900398,1,opus,A15
LA_E_2900444,1,alaw,A12
LA_E_2900629,1,gsm,A19
LA_E_2900774,1,alaw,A13
LA_E_2900917,1,ulaw,A19
LA_E_2901159,1,alaw,A16
LA_E_2901239,1,g722,A11
LA_E_2901293,1,gsm,A17
LA_E_2901521,1,ulaw,A19
LA_E_2901706,1,g722,A07
LA_E_2901711,0,alaw,bonafide
LA_E_2901838,1,ulaw,A14
LA_E_2902270,1,ulaw,A16
LA_E_2902409,1,g722,A19
LA_E_2902636,1,ulaw,A07
LA_E_2902724,0,ulaw,bonafide
LA_E_2902953,1,pstn,A15
LA_E_2903131,0,none,bonafide
LA_E_2903154,1,pstn,A12
LA_E_2903418,1,alaw,A13
LA_E_2903447,1,g722,A15
LA_E_2903543,1,opus,A12
LA_E_2903805,1,ulaw,A19
LA_E_2903960,1,opus,A10
LA_E_2904142,1,ulaw,A12
LA_E_2904165,1,opus,A12
LA_E_2904354,1,alaw,A16
LA_E_2904597,1,ulaw,A13
LA_E_2905155,1,g722,A15
LA_E_2905330,1,none,A14
LA_E_2905683,1,pstn,A10
LA_E_2905833,1,opus,A11
LA_E_2906208,1,gsm,A19
LA_E_2906404,1,g722,A12
LA_E_2906676,1,none,A11
LA_E_2906973,1,alaw,A18
LA_E_2907363,1,ulaw,A15
LA_E_2907577,1,none,A19
LA_E_2907586,1,ulaw,A16
LA_E_2908189,1,pstn,A17
LA_E_2908900,1,pstn,A19
LA_E_2909306,1,gsm,A13
LA_E_2909453,1,pstn,A08
LA_E_2909603,1,gsm,A17
LA_E_2910310,1,opus,A11
LA_E_2910352,1,opus,A09
LA_E_2910534,1,opus,A12
LA_E_2911025,1,opus,A16
LA_E_2911292,1,none,A18
LA_E_2911424,1,ulaw,A10
LA_E_2911551,1,alaw,A14
LA_E_2911559,1,opus,A17
LA_E_2911566,1,gsm,A11
LA_E_2911832,1,gsm,A15
LA_E_2911978,1,gsm,A12
LA_E_2912162,1,none,A15
LA_E_2912198,1,alaw,A08
LA_E_2912652,1,g722,A19
LA_E_2912904,1,none,A07
LA_E_2912940,1,pstn,A10
LA_E_2913004,1,alaw,A17
LA_E_2913026,1,g722,A07
LA_E_2913064,1,alaw,A13
LA_E_2913343,1,g722,A15
LA_E_2913471,1,pstn,A12
LA_E_2913664,1,opus,A18
LA_E_2913784,1,opus,A16
LA_E_2913807,0,opus,bonafide
LA_E_2914115,1,none,A11
LA_E_2914626,0,ulaw,bonafide
LA_E_2914764,1,ulaw,A16
LA_E_2915582,1,opus,A17
LA_E_2915618,1,pstn,A18
LA_E_2915983,1,gsm,A11
LA_E_2916003,1,alaw,A19
LA_E_2916219,1,opus,A17
LA_E_2916452,1,opus,A11
LA_E_2916951,1,alaw,A15
LA_E_2917559,1,g722,A18
LA_E_2917982,1,ulaw,A12
LA_E_2918262,1,pstn,A14
LA_E_2918322,1,ulaw,A08
LA_E_2918546,0,g722,bonafide
LA_E_2918657,1,none,A12
LA_E_2918822,1,none,A12
LA_E_2918980,1,alaw,A14
LA_E_2919554,1,ulaw,A11
LA_E_2920628,1,gsm,A15
LA_E_2920771,1,opus,A08
LA_E_2920851,1,gsm,A16
LA_E_2921061,1,pstn,A11
LA_E_2921108,1,none,A09
LA_E_2921512,1,ulaw,A09
LA_E_2921900,1,none,A10
LA_E_2922250,1,ulaw,A12
LA_E_2922456,1,alaw,A08
LA_E_2922506,1,opus,A16
LA_E_2922635,0,opus,bonafide
LA_E_2922704,1,gsm,A07
LA_E_2923036,1,g722,A15
LA_E_2923334,1,ulaw,A19
LA_E_2923425,1,opus,A09
LA_E_2923499,1,opus,A13
LA_E_2923886,1,ulaw,A17
LA_E_2924105,1,opus,A09
LA_E_2924296,1,gsm,A09
LA_E_2924324,1,gsm,A17
LA_E_2924410,1,gsm,A08
LA_E_2924861,1,g722,A09
LA_E_2925251,1,alaw,A13
LA_E_2925423,1,gsm,A18
LA_E_2925563,1,ulaw,A16
LA_E_2925740,1,pstn,A12
LA_E_2925748,1,ulaw,A12
LA_E_2926637,1,g722,A13
LA_E_2926681,1,opus,A12
LA_E_2926808,1,ulaw,A10
LA_E_2926988,1,opus,A14
LA_E_2927078,1,pstn,A11
LA_E_2927091,0,none,bonafide
LA_E_2927460,1,none,A18
LA_E_2927908,1,opus,A16
LA_E_2928219,0,opus,bonafide
LA_E_2928225,1,none,A17
LA_E_2928296,1,opus,A16
LA_E_2928326,1,none,A12
LA_E_2928393,1,ulaw,A07
LA_E_2928430,1,gsm,A18
LA_E_2929181,1,ulaw,A11
LA_E_2929383,1,ulaw,A16
LA_E_2929426,1,alaw,A07
LA_E_2929683,1,opus,A16
LA_E_2930134,1,opus,A09
LA_E_2930322,1,gsm,A16
LA_E_2930807,1,opus,A12
LA_E_2931007,1,gsm,A13
LA_E_2931877,1,none,A18
LA_E_2932178,1,ulaw,A15
LA_E_2932201,0,g722,bonafide
LA_E_2932267,1,gsm,A10
LA_E_2932645,1,opus,A17
LA_E_2933155,1,ulaw,A09
LA_E_2933703,1,gsm,A07
LA_E_2933736,1,ulaw,A08
LA_E_2934111,1,alaw,A11
LA_E_2934119,1,alaw,A16
LA_E_2934326,1,pstn,A15
LA_E_2934555,1,ulaw,A10
LA_E_2934692,1,pstn,A12
LA_E_2934919,0,none,bonafide
LA_E_2934942,1,gsm,A12
LA_E_2935108,1,ulaw,A10
LA_E_2936181,1,ulaw,A09
LA_E_2936213,1,pstn,A08
LA_E_2936382,1,ulaw,A10
LA_E_2936652,1,opus,A10
LA_E_2936896,1,opus,A11
LA_E_2937193,1,opus,A15
LA_E_2937557,1,opus,A14
LA_E_2937628,1,gsm,A09
LA_E_2937699,1,opus,A11
LA_E_2937907,1,ulaw,A16
LA_E_2938152,1,gsm,A10
LA_E_2938442,1,gsm,A10
LA_E_2938778,1,alaw,A10
LA_E_2938980,1,g722,A17
LA_E_2939740,1,ulaw,A08
LA_E_2940047,1,g722,A08
LA_E_2940086,0,ulaw,bonafide
LA_E_2940213,1,gsm,A12
LA_E_2940389,1,none,A15
LA_E_2940557,1,pstn,A19
LA_E_2940663,1,none,A18
LA_E_2940683,1,gsm,A13
LA_E_2940840,1,none,A10
LA_E_2941051,1,none,A07
LA_E_2941516,1,gsm,A07
LA_E_2941732,1,pstn,A08
LA_E_2941776,1,opus,A09
LA_E_2942629,1,g722,A11
LA_E_2942933,1,gsm,A13
LA_E_2942980,1,opus,A11
LA_E_2943274,1,alaw,A12
LA_E_2943295,1,opus,A09
LA_E_2943436,1,opus,A09
LA_E_2943586,1,g722,A14
LA_E_2943658,1,gsm,A17
LA_E_2943904,1,opus,A16
LA_E_2944197,1,gsm,A14
LA_E_2944312,1,pstn,A14
LA_E_2944830,1,gsm,A09
LA_E_2944938,1,ulaw,A07
LA_E_2945302,1,pstn,A11
LA_E_2945737,1,ulaw,A08
LA_E_2946003,1,none,A16
LA_E_2946275,1,g722,A10
LA_E_2946376,1,ulaw,A08
LA_E_2946559,1,ulaw,A07
LA_E_2946630,1,ulaw,A15
LA_E_2946640,1,gsm,A17
LA_E_2947332,1,gsm,A17
LA_E_2947379,1,ulaw,A10
LA_E_2947432,1,gsm,A19
LA_E_2947497,1,gsm,A12
LA_E_2947594,1,ulaw,A13
LA_E_2947645,1,opus,A07
LA_E_2947686,1,opus,A19
LA_E_2948304,1,ulaw,A13
LA_E_2948354,1,gsm,A17
LA_E_2948521,1,opus,A18
LA_E_2948778,1,ulaw,A14
LA_E_2949026,1,none,A10
LA_E_2949338,1,pstn,A07
LA_E_2949576,1,pstn,A09
LA_E_2949730,1,opus,A10
LA_E_2949974,1,gsm,A15
LA_E_2950183,1,opus,A09
LA_E_2951000,1,gsm,A09
LA_E_2951087,1,ulaw,A17
LA_E_2951341,1,opus,A08
LA_E_2951832,1,none,A15
LA_E_2952217,0,gsm,bonafide
LA_E_2953038,1,g722,A16
LA_E_2953125,1,gsm,A17
LA_E_2953561,1,gsm,A12
LA_E_2953683,1,opus,A16
LA_E_2953884,0,gsm,bonafide
LA_E_2954085,1,opus,A16
LA_E_2954248,1,none,A10
LA_E_2954463,1,ulaw,A09
LA_E_2954822,1,ulaw,A18
LA_E_2954850,1,none,A13
LA_E_2954995,1,gsm,A15
LA_E_2955016,1,gsm,A14
LA_E_2956266,1,ulaw,A15
LA_E_2956327,0,ulaw,bonafide
LA_E_2956817,1,alaw,A07
LA_E_2957286,1,gsm,A09
LA_E_2957524,1,gsm,A12
LA_E_2957583,1,ulaw,A14
LA_E_2958086,1,ulaw,A10
LA_E_2958256,1,opus,A12
LA_E_2958354,1,none,A13
LA_E_2959372,1,opus,A14
LA_E_2959796,1,alaw,A12
LA_E_2960047,1,none,A09
LA_E_2960444,1,alaw,A14
LA_E_2960457,1,alaw,A15
LA_E_2960566,1,gsm,A07
LA_E_2960695,1,none,A11
LA_E_2961049,1,gsm,A12
LA_E_2961501,1,ulaw,A08
LA_E_2961675,1,gsm,A15
LA_E_2961813,1,opus,A13
LA_E_2961964,1,pstn,A10
LA_E_2962315,1,gsm,A08
LA_E_2962485,1,opus,A16
LA_E_2962584,1,ulaw,A12
LA_E_2962720,1,none,A13
LA_E_2962859,1,ulaw,A08
LA_E_2963039,1,alaw,A16
LA_E_2963739,1,gsm,A07
LA_E_2964171,0,opus,bonafide
LA_E_2964268,1,gsm,A10
LA_E_2964460,1,opus,A15
LA_E_2964533,1,none,A12
LA_E_2964593,1,alaw,A19
LA_E_2964723,1,ulaw,A08
LA_E_2965143,1,g722,A14
LA_E_2965165,1,gsm,A18
LA_E_2965187,1,none,A07
LA_E_2965213,1,alaw,A07
LA_E_2965663,0,opus,bonafide
LA_E_2965791,1,none,A10
LA_E_2965861,1,pstn,A12
LA_E_2966800,1,pstn,A18
LA_E_2966998,1,alaw,A18
LA_E_2967224,1,alaw,A17
LA_E_2967982,1,ulaw,A08
LA_E_2968395,1,none,A18
LA_E_2968497,1,none,A13
LA_E_2968564,1,none,A09
LA_E_2968635,1,none,A19
LA_E_2969085,1,g722,A10
LA_E_2969907,1,gsm,A19
LA_E_2970200,1,pstn,A17
LA_E_2970201,1,gsm,A11
LA_E_2970814,1,pstn,A08
LA_E_2971257,1,opus,A19
LA_E_2971372,1,opus,A14
LA_E_2972093,1,alaw,A10
LA_E_2972363,1,g722,A19
LA_E_2972562,1,ulaw,A07
LA_E_2972636,1,ulaw,A18
LA_E_2972803,1,g722,A17
LA_E_2973237,1,pstn,A16
LA_E_2973451,1,none,A17
LA_E_2973595,1,ulaw,A08
LA_E_2974104,0,ulaw,bonafide
LA_E_2974490,1,ulaw,A18
LA_E_2975171,1,gsm,A13
LA_E_2975676,1,alaw,A09
LA_E_2975956,1,ulaw,A17
LA_E_2976050,1,opus,A13
LA_E_2976327,1,pstn,A13
LA_E_2976372,1,gsm,A13
LA_E_2976414,1,gsm,A09
LA_E_2976455,1,opus,A12
LA_E_2976853,1,g722,A12
LA_E_2976859,1,g722,A15
LA_E_2977013,1,alaw,A11
LA_E_2977721,1,opus,A15
LA_E_2978764,1,opus,A14
LA_E_2978901,1,gsm,A16
LA_E_2978933,0,ulaw,bonafide
LA_E_2979100,1,g722,A10
LA_E_2979163,1,gsm,A17
LA_E_2979247,1,opus,A12
LA_E_2979428,1,opus,A15
LA_E_2979814,1,g722,A16
LA_E_2980215,1,g722,A10
LA_E_2980457,1,ulaw,A12
LA_E_2980867,1,opus,A13
LA_E_2981340,1,opus,A15
LA_E_2981625,0,gsm,bonafide
LA_E_2981710,1,gsm,A08
LA_E_2982002,1,g722,A10
LA_E_2982391,1,alaw,A13
LA_E_2982605,1,alaw,A16
LA_E_2982959,1,g722,A13
LA_E_2984082,1,ulaw,A12
LA_E_2984117,1,gsm,A13
LA_E_2984181,0,ulaw,bonafide
LA_E_2984307,1,none,A09
LA_E_2984651,1,gsm,A19
LA_E_2985098,1,g722,A18
LA_E_2985476,1,ulaw,A15
LA_E_2985540,1,none,A08
LA_E_2985789,1,opus,A14
LA_E_2985817,1,pstn,A18
LA_E_2985946,1,none,A15
LA_E_2986271,1,ulaw,A10
LA_E_2986388,1,gsm,A09
LA_E_2986596,1,opus,A16
LA_E_2986646,1,opus,A10
LA_E_2986657,1,ulaw,A14
LA_E_2986816,0,opus,bonafide
LA_E_2986906,1,gsm,A15
LA_E_2986962,1,alaw,A14
LA_E_2987214,1,ulaw,A10
LA_E_2987533,1,none,A15
LA_E_2987679,1,opus,A07
LA_E_2987729,1,pstn,A19
LA_E_2987901,0,gsm,bonafide
LA_E_2987983,0,gsm,bonafide
LA_E_2987993,1,gsm,A10
LA_E_2988079,1,ulaw,A08
LA_E_2988256,1,pstn,A07
LA_E_2988294,1,opus,A19
LA_E_2988373,1,none,A16
LA_E_2988734,1,pstn,A11
LA_E_2989149,1,gsm,A09
LA_E_2989342,1,none,A11
LA_E_2989567,1,gsm,A08
LA_E_2989654,1,gsm,A09
LA_E_2989885,1,opus,A18
LA_E_2990271,1,opus,A14
LA_E_2990315,1,gsm,A10
LA_E_2990643,1,opus,A16
LA_E_2990652,1,gsm,A14
LA_E_2990869,1,opus,A07
LA_E_2990925,1,ulaw,A16
LA_E_2991181,1,ulaw,A16
LA_E_2991655,1,opus,A17
LA_E_2991662,1,ulaw,A10
LA_E_2991694,1,ulaw,A14
LA_E_2992014,1,gsm,A08
LA_E_2992247,1,ulaw,A14
LA_E_2992480,1,pstn,A08
LA_E_2993025,1,ulaw,A10
LA_E_2993350,1,opus,A11
LA_E_2993673,0,ulaw,bonafide
LA_E_2993708,1,ulaw,A13
LA_E_2993829,1,gsm,A08
LA_E_2994675,1,none,A16
LA_E_2994729,1,ulaw,A16
LA_E_2994735,1,gsm,A14
LA_E_2994758,1,g722,A07
LA_E_2994809,1,pstn,A09
LA_E_2995552,1,pstn,A12
LA_E_2995599,1,alaw,A08
LA_E_2995757,1,alaw,A19
LA_E_2996196,1,opus,A14
LA_E_2996321,1,alaw,A07
LA_E_2996380,1,gsm,A10
LA_E_2996812,1,opus,A15
LA_E_2996857,1,g722,A08
LA_E_2997740,1,opus,A08
LA_E_2998179,1,ulaw,A17
LA_E_2998509,1,opus,A19
LA_E_2998729,1,opus,A10
LA_E_2999016,1,ulaw,A16
LA_E_2999017,1,g722,A07
LA_E_2999106,0,ulaw,bonafide
LA_E_2999527,1,g722,A18
LA_E_2999789,1,ulaw,A10
LA_E_2999820,1,opus,A08
LA_E_2999860,1,gsm,A07
LA_E_3000060,1,opus,A09
LA_E_3000063,0,alaw,bonafide
LA_E_3000930,1,gsm,A14
LA_E_3001019,1,none,A15
LA_E_3001997,1,g722,A14
LA_E_3002054,1,none,A09
LA_E_3002081,1,none,A14
LA_E_3002296,1,opus,A15
LA_E_3002421,1,gsm,A18
LA_E_3002532,1,ulaw,A11
LA_E_3002888,1,gsm,A12
LA_E_3003879,1,ulaw,A14
LA_E_3004203,1,gsm,A13
LA_E_3004234,1,g722,A11
LA_E_3004320,1,pstn,A16
LA_E_3004338,1,gsm,A09
LA_E_3004460,1,opus,A10
LA_E_3004566,1,opus,A19
LA_E_3004634,1,g722,A19
LA_E_3004859,1,opus,A15
LA_E_3004976,1,gsm,A18
LA_E_3005019,1,gsm,A16
LA_E_3005059,1,none,A10
LA_E_3005285,1,alaw,A18
LA_E_3005519,1,gsm,A11
LA_E_3005666,1,ulaw,A09
LA_E_3006357,1,alaw,A17
LA_E_3006450,1,opus,A07
LA_E_3006825,1,gsm,A07
LA_E_3006974,1,alaw,A15
LA_E_3007121,0,opus,bonafide
LA_E_3007311,1,opus,A07
LA_E_3007817,1,gsm,A07
LA_E_3007863,0,none,bonafide
LA_E_3007925,1,none,A16
LA_E_3008244,1,alaw,A17
LA_E_3008641,1,ulaw,A13
LA_E_3008682,1,opus,A19
LA_E_3009115,1,pstn,A15
LA_E_3009556,1,alaw,A07
LA_E_3009750,1,pstn,A12
LA_E_3009770,1,none,A13
LA_E_3009990,1,opus,A13
LA_E_3010041,1,gsm,A11
LA_E_3010622,1,pstn,A17
LA_E_3010857,1,g722,A18
LA_E_3010957,1,opus,A15
LA_E_3011257,1,gsm,A15
LA_E_3011652,1,pstn,A13
LA_E_3011780,1,opus,A11
LA_E_3011851,1,alaw,A15
LA_E_3012151,1,alaw,A12
LA_E_3012299,1,gsm,A18
LA_E_3012575,1,none,A19
LA_E_3012788,1,opus,A15
LA_E_3012845,1,pstn,A10
LA_E_3013579,1,opus,A07
LA_E_3013663,1,opus,A17
LA_E_3013882,1,opus,A17
LA_E_3014033,1,gsm,A14
LA_E_3014434,1,opus,A07
LA_E_3014800,1,ulaw,A16
LA_E_3015083,1,alaw,A12
LA_E_3015461,1,gsm,A12
LA_E_3015610,1,ulaw,A14
LA_E_3015647,1,ulaw,A08
LA_E_3015807,1,alaw,A12
LA_E_3015856,1,ulaw,A11
LA_E_3015970,0,alaw,bonafide
LA_E_3016074,1,gsm,A13
LA_E_3016196,1,opus,A09
LA_E_3016573,1,alaw,A15
LA_E_3016733,1,ulaw,A09
LA_E_3016744,1,ulaw,A14
LA_E_3017166,1,alaw,A16
LA_E_3017425,1,opus,A15
LA_E_3017510,1,ulaw,A13
LA_E_3018284,1,g722,A18
LA_E_3018313,1,opus,A10
LA_E_3018417,1,g722,A09
LA_E_3018551,1,ulaw,A14
LA_E_3018724,1,none,A07
LA_E_3018896,1,ulaw,A07
LA_E_3018983,1,none,A15
LA_E_3019581,1,alaw,A18
LA_E_3019748,1,pstn,A08
LA_E_3019877,1,ulaw,A18
LA_E_3020470,0,gsm,bonafide
LA_E_3020591,0,pstn,bonafide
LA_E_3020750,1,ulaw,A11
LA_E_3020965,0,alaw,bonafide
LA_E_3021111,1,none,A18
LA_E_3021391,1,alaw,A16
LA_E_3021406,1,opus,A08
LA_E_3021507,1,alaw,A18
LA_E_3021638,1,gsm,A16
LA_E_3021710,1,g722,A17
LA_E_3022088,1,none,A12
LA_E_3022101,1,none,A11
LA_E_3022639,0,gsm,bonafide
LA_E_3022912,1,gsm,A13
LA_E_3023222,1,alaw,A19
LA_E_3023469,1,g722,A09
LA_E_3023609,1,opus,A10
LA_E_3023815,1,pstn,A14
LA_E_3023875,1,pstn,A19
LA_E_3024549,1,alaw,A19
LA_E_3024684,1,opus,A18
LA_E_3024752,1,none,A07
LA_E_3024903,1,g722,A07
LA_E_3024981,1,alaw,A11
LA_E_3025244,1,alaw,A12
LA_E_3025775,1,gsm,A18
LA_E_3025788,1,opus,A07
LA_E_3025849,0,gsm,bonafide
LA_E_3026065,1,g722,A19
LA_E_3026289,1,alaw,A15
LA_E_3026756,1,gsm,A13
LA_E_3026879,1,gsm,A18
LA_E_3027131,1,pstn,A16
LA_E_3027642,1,ulaw,A14
LA_E_3027859,1,g722,A17
LA_E_3027867,1,pstn,A14
LA_E_3028299,1,g722,A16
LA_E_3028517,1,alaw,A18
LA_E_3028707,1,alaw,A19
LA_E_3028856,1,none,A10
LA_E_3029504,1,gsm,A17
LA_E_3029763,1,pstn,A17
LA_E_3030116,1,gsm,A14
LA_E_3030154,1,alaw,A13
LA_E_3030210,1,g722,A09
LA_E_3030387,1,pstn,A07
LA_E_3030420,1,none,A17
LA_E_3030922,1,none,A16
LA_E_3031027,1,ulaw,A09
LA_E_3031331,1,gsm,A13
LA_E_3031393,1,alaw,A08
LA_E_3031741,1,opus,A10
LA_E_3031886,1,opus,A12
LA_E_3032494,1,alaw,A17
LA_E_3032877,1,ulaw,A14
LA_E_3032961,1,g722,A09
LA_E_3033255,1,alaw,A15
LA_E_3033283,1,gsm,A13
LA_E_3033403,1,g722,A17
LA_E_3033645,1,alaw,A18
LA_E_3033842,1,g722,A07
LA_E_3034168,1,pstn,A14
LA_E_3034275,1,none,A15
LA_E_3034331,1,none,A07
LA_E_3034684,1,opus,A15
LA_E_3034957,1,ulaw,A14
LA_E_3034979,1,pstn,A15
LA_E_3035698,0,ulaw,bonafide
LA_E_3035889,1,pstn,A17
LA_E_3036047,1,opus,A08
LA_E_3036076,1,ulaw,A07
LA_E_3036218,1,pstn,A14
LA_E_3036300,0,gsm,bonafide
LA_E_3036987,1,ulaw,A07
LA_E_3037060,1,g722,A12
LA_E_3037517,1,g722,A15
LA_E_3037654,1,opus,A12
LA_E_3038217,1,gsm,A12
LA_E_3038365,1,ulaw,A19
LA_E_3039064,0,pstn,bonafide
LA_E_3039103,1,none,A19
LA_E_3039426,1,pstn,A19
LA_E_3040136,1,alaw,A10
LA_E_3040451,1,g722,A09
LA_E_3040683,1,gsm,A09
LA_E_3040712,1,ulaw,A07
LA_E_3040946,1,gsm,A17
LA_E_3041056,1,pstn,A09
LA_E_3041408,1,g722,A13
LA_E_3041909,1,ulaw,A17
LA_E_3042036,1,ulaw,A12
LA_E_3042115,1,alaw,A19
LA_E_3042133,1,opus,A07
LA_E_3042336,1,alaw,A07
LA_E_3042348,1,g722,A12
LA_E_3042389,1,gsm,A16
LA_E_3043347,1,opus,A14
LA_E_3044149,1,gsm,A15
LA_E_3044277,0,gsm,bonafide
LA_E_3044349,1,pstn,A08
LA_E_3044752,1,none,A19
LA_E_3044818,1,opus,A19
LA_E_3044858,1,ulaw,A15
LA_E_3045359,1,g722,A07
LA_E_3045601,1,alaw,A14
LA_E_3045746,1,opus,A12
LA_E_3046067,1,gsm,A11
LA_E_3046243,1,opus,A16
LA_E_3046489,1,ulaw,A09
LA_E_3047138,1,pstn,A19
LA_E_3047629,1,ulaw,A10
LA_E_3047636,1,ulaw,A08
LA_E_3047644,1,opus,A07
LA_E_3047689,1,none,A07
LA_E_3047763,0,none,bonafide
LA_E_3047896,1,gsm,A14
LA_E_3048025,1,ulaw,A12
LA_E_3048162,0,g722,bonafide
LA_E_3048952,0,opus,bonafide
LA_E_3049218,1,opus,A07
LA_E_3049497,1,gsm,A18
LA_E_3049541,1,ulaw,A12
LA_E_3049572,1,pstn,A17
LA_E_3049680,1,gsm,A15
LA_E_3049768,1,alaw,A10
LA_E_3049974,1,gsm,A09
LA_E_3050076,1,g722,A08
LA_E_3050077,1,g722,A13
LA_E_3050112,1,ulaw,A13
LA_E_3050196,1,alaw,A10
LA_E_3050775,1,alaw,A16
LA_E_3050879,1,opus,A19
LA_E_3051424,1,pstn,A14
LA_E_3051589,1,g722,A14
LA_E_3051797,1,none,A19
LA_E_3051871,1,g722,A14
LA_E_3052172,1,opus,A18
LA_E_3052353,1,pstn,A18
LA_E_3052477,0,pstn,bonafide
LA_E_3052616,1,g722,A16
LA_E_3052640,1,ulaw,A17
LA_E_3052673,1,ulaw,A14
LA_E_3053707,1,pstn,A13
LA_E_3053967,1,ulaw,A18
LA_E_3054184,1,alaw,A10
LA_E_3054395,1,pstn,A07
LA_E_3054592,1,gsm,A10
LA_E_3055141,1,gsm,A07
LA_E_3055399,1,pstn,A11
LA_E_3055426,1,ulaw,A19
LA_E_3055433,1,opus,A19
LA_E_3055464,1,alaw,A09
LA_E_3055972,0,g722,bonafide
LA_E_3056159,1,alaw,A12
LA_E_3056321,1,pstn,A18
LA_E_3056392,1,ulaw,A15
LA_E_3056678,1,gsm,A15
LA_E_3056801,1,alaw,A18
LA_E_3057210,0,alaw,bonafide
LA_E_3057425,1,alaw,A09
LA_E_3057570,1,alaw,A19
LA_E_3057850,1,alaw,A18
LA_E_3057860,1,none,A08
LA_E_3058123,1,opus,A19
LA_E_3058142,1,opus,A16
LA_E_3058754,1,pstn,A14
LA_E_3058873,1,gsm,A14
LA_E_3059715,1,gsm,A12
LA_E_3059723,1,g722,A11
LA_E_3060066,1,ulaw,A17
LA_E_3060233,1,g722,A17
LA_E_3060377,1,alaw,A19
LA_E_3060792,1,none,A09
LA_E_3060890,1,alaw,A08
LA_E_3061136,1,alaw,A16
LA_E_3062595,1,gsm,A12
LA_E_3062631,1,opus,A09
LA_E_3063268,1,g722,A09
LA_E_3063441,1,gsm,A08
LA_E_3063454,1,pstn,A10
LA_E_3063715,1,opus,A15
LA_E_3064337,1,none,A15
LA_E_3064473,1,opus,A11
LA_E_3064505,1,ulaw,A11
LA_E_3064626,1,none,A13
LA_E_3065003,1,g722,A09
LA_E_3065171,1,none,A14
LA_E_3065217,1,gsm,A16
LA_E_3065254,1,alaw,A17
LA_E_3065572,1,pstn,A14
LA_E_3065994,1,gsm,A19
LA_E_3066104,1,none,A07
LA_E_3066219,1,ulaw,A18
LA_E_3066464,1,none,A18
LA_E_3066504,1,g722,A12
LA_E_3066540,1,pstn,A16
LA_E_3066547,1,alaw,A18
LA_E_3066582,1,ulaw,A17
LA_E_3066823,1,none,A15
LA_E_3067009,1,ulaw,A07
LA_E_3068201,1,opus,A18
LA_E_3068508,1,g722,A18
LA_E_3068584,1,alaw,A09
LA_E_3068738,1,pstn,A19
LA_E_3068782,1,gsm,A19
LA_E_3068795,1,g722,A09
LA_E_3068819,1,none,A13
LA_E_3068848,1,gsm,A19
LA_E_3069410,1,alaw,A09
LA_E_3069493,1,gsm,A10
LA_E_3069520,1,pstn,A08
LA_E_3070035,1,none,A08
LA_E_3070254,1,ulaw,A09
LA_E_3070275,1,none,A17
LA_E_3070568,1,gsm,A17
LA_E_3070698,1,alaw,A09
LA_E_3071183,1,opus,A09
LA_E_3071635,0,g722,bonafide
LA_E_3071710,1,opus,A12
LA_E_3071980,1,opus,A09
LA_E_3072463,1,gsm,A12
LA_E_3072864,1,gsm,A13
LA_E_3073323,1,pstn,A18
LA_E_3073380,1,alaw,A13
LA_E_3073846,1,opus,A11
LA_E_3074727,1,none,A10
LA_E_3074951,1,opus,A08
LA_E_3075195,1,opus,A15
LA_E_3075307,0,ulaw,bonafide
LA_E_3075734,1,opus,A11
LA_E_3076273,1,alaw,A14
LA_E_3076604,1,alaw,A10
LA_E_3076662,1,opus,A17
LA_E_3077174,1,gsm,A18
LA_E_3077544,1,alaw,A11
LA_E_3077553,1,ulaw,A15
LA_E_3077815,1,none,A17
LA_E_3078156,1,alaw,A11
LA_E_3078161,1,gsm,A14
LA_E_3078202,1,g722,A19
LA_E_3078667,1,alaw,A09
LA_E_3078949,1,ulaw,A17
LA_E_3079180,1,g722,A10
LA_E_3079333,1,g722,A16
LA_E_3080235,1,opus,A14
LA_E_3080430,1,ulaw,A16
LA_E_3080519,1,g722,A15
LA_E_3080643,0,ulaw,bonafide
LA_E_3080960,1,ulaw,A10
LA_E_3081024,1,ulaw,A12
LA_E_3081325,1,g722,A19
LA_E_3082849,1,none,A13
LA_E_3083112,1,g722,A14
LA_E_3083137,1,ulaw,A15
LA_E_3083381,1,ulaw,A14
LA_E_3083390,1,ulaw,A07
LA_E_3083445,1,pstn,A14
LA_E_3083489,1,g722,A13
LA_E_3083872,1,g722,A13
LA_E_3084025,1,ulaw,A19
LA_E_3084122,1,none,A09
LA_E_3084132,1,opus,A09
LA_E_3084720,1,g722,A19
LA_E_3084733,0,gsm,bonafide
LA_E_3085249,1,opus,A10
LA_E_3085449,1,alaw,A15
LA_E_3085481,1,gsm,A08
LA_E_3085681,1,alaw,A19
LA_E_3086070,1,opus,A17
LA_E_3086341,1,none,A07
LA_E_3086423,1,none,A07
LA_E_3087041,1,g722,A19
LA_E_3087327,1,alaw,A15
LA_E_3087431,1,opus,A11
LA_E_3088091,1,none,A12
LA_E_3088253,1,opus,A13
LA_E_3088317,1,none,A17
LA_E_3088376,1,opus,A08
LA_E_3088803,1,gsm,A08
LA_E_3088868,1,alaw,A09
LA_E_3089944,1,gsm,A11
LA_E_3090002,1,none,A07
LA_E_3090057,1,ulaw,A07
LA_E_3090668,1,opus,A08
LA_E_3090870,1,pstn,A18
LA_E_3091116,1,alaw,A09
LA_E_3091137,1,none,A15
LA_E_3091252,1,gsm,A15
LA_E_3091350,1,opus,A19
LA_E_3091494,1,pstn,A17
LA_E_3091720,1,none,A19
LA_E_3092308,1,gsm,A14
LA_E_3092569,1,opus,A16
LA_E_3092671,1,g722,A07
LA_E_3092976,1,ulaw,A11
LA_E_3093850,1,pstn,A10
LA_E_3093929,1,gsm,A14
LA_E_3094175,1,gsm,A08
LA_E_3094320,1,none,A11
LA_E_3094729,1,ulaw,A11
LA_E_3095096,1,alaw,A14
LA_E_3095177,1,none,A11
LA_E_3095309,1,g722,A11
LA_E_3095393,1,ulaw,A07
LA_E_3096416,1,ulaw,A14
LA_E_3096737,1,alaw,A15
LA_E_3096777,1,gsm,A08
LA_E_3096831,1,g722,A07
LA_E_3097040,1,ulaw,A08
LA_E_3097330,1,alaw,A11
LA_E_3097989,1,gsm,A19
LA_E_3098066,1,gsm,A08
LA_E_3098320,1,opus,A13
LA_E_3098379,1,none,A11
LA_E_3099016,1,opus,A16
LA_E_3099095,1,gsm,A07
LA_E_3099180,1,opus,A15
LA_E_3099403,1,none,A16
LA_E_3100209,1,pstn,A08
LA_E_3100536,1,pstn,A16
LA_E_3100845,1,ulaw,A15
LA_E_3100933,1,g722,A14
LA_E_3101056,1,ulaw,A07
LA_E_3101080,1,alaw,A07
LA_E_3101136,1,opus,A16
LA_E_3101222,1,ulaw,A18
LA_E_3101872,1,none,A11
LA_E_3101903,1,g722,A16
LA_E_3101944,1,pstn,A18
LA_E_3102115,1,opus,A18
LA_E_3102328,1,ulaw,A17
LA_E_3102549,1,ulaw,A07
LA_E_3102696,1,gsm,A18
LA_E_3102930,1,none,A14
LA_E_3103592,1,pstn,A10
LA_E_3103699,1,opus,A18
LA_E_3103733,1,pstn,A10
LA_E_3103770,1,pstn,A15
LA_E_3103892,1,g722,A13
LA_E_3103991,1,gsm,A09
LA_E_3104126,1,pstn,A09
LA_E_3104188,1,gsm,A11
LA_E_3104417,1,g722,A12
LA_E_3104498,1,gsm,A13
LA_E_3104518,1,g722,A10
LA_E_3105031,1,g722,A19
LA_E_3105354,1,none,A17
LA_E_3105587,1,g722,A16
LA_E_3105694,1,alaw,A11
LA_E_3106093,1,opus,A11
LA_E_3106230,1,alaw,A08
LA_E_3106618,1,g722,A07
LA_E_3107514,1,gsm,A08
LA_E_3107698,1,gsm,A12
LA_E_3108156,1,none,A17
LA_E_3108244,1,opus,A08
LA_E_3108505,1,gsm,A17
LA_E_3108533,1,gsm,A16
LA_E_3108712,1,ulaw,A19
LA_E_3108914,1,none,A11
LA_E_3109031,1,opus,A14
LA_E_3109623,1,opus,A15
LA_E_3109874,1,g722,A17
LA_E_3110292,1,opus,A18
LA_E_3110408,1,none,A19
LA_E_3110627,0,pstn,bonafide
LA_E_3110817,1,gsm,A11
LA_E_3111912,1,pstn,A07
LA_E_3111994,1,alaw,A08
LA_E_3112673,1,gsm,A07
LA_E_3112698,1,opus,A15
LA_E_3112955,1,opus,A08
LA_E_3113008,1,gsm,A17
LA_E_3113896,1,ulaw,A19
LA_E_3114230,1,pstn,A12
LA_E_3114445,0,g722,bonafide
LA_E_3114481,1,alaw,A12
LA_E_3114657,1,none,A19
LA_E_3114936,1,gsm,A15
LA_E_3115262,0,gsm,bonafide
LA_E_3115362,1,ulaw,A09
LA_E_3115363,1,gsm,A09
LA_E_3115553,1,pstn,A12
LA_E_3115586,1,gsm,A11
LA_E_3115656,1,ulaw,A13
LA_E_3115843,0,gsm,bonafide
LA_E_3115968,0,opus,bonafide
LA_E_3116079,1,alaw,A12
LA_E_3116657,1,pstn,A12
LA_E_3116735,1,opus,A07
LA_E_3117270,1,opus,A10
LA_E_3117393,1,alaw,A12
LA_E_3117809,1,ulaw,A11
LA_E_3118457,1,alaw,A10
LA_E_3118713,1,ulaw,A13
LA_E_3119532,1,opus,A07
LA_E_3119781,1,opus,A19
LA_E_3119973,1,pstn,A08
LA_E_3120811,1,none,A18
LA_E_3120871,1,opus,A18
LA_E_3121060,1,pstn,A08
LA_E_3121735,1,opus,A18
LA_E_3122120,1,gsm,A16
LA_E_3122247,1,none,A17
LA_E_3122346,1,gsm,A15
LA_E_3122717,1,gsm,A14
LA_E_3123366,1,none,A08
LA_E_3123532,1,ulaw,A16
LA_E_3123926,1,ulaw,A18
LA_E_3124020,1,gsm,A10
LA_E_3124453,1,none,A12
LA_E_3124513,1,ulaw,A07
LA_E_3124594,1,none,A13
LA_E_3124665,1,none,A18
LA_E_3124765,1,opus,A07
LA_E_3124804,1,pstn,A11
LA_E_3124930,1,none,A11
LA_E_3125040,1,alaw,A17
LA_E_3125044,1,g722,A18
LA_E_3125293,1,opus,A18
LA_E_3125873,1,g722,A11
LA_E_3125956,1,none,A17
LA_E_3126139,1,ulaw,A08
LA_E_3126363,1,opus,A13
LA_E_3126430,1,ulaw,A09
LA_E_3126548,1,opus,A16
LA_E_3126627,1,none,A09
LA_E_3126665,1,pstn,A13
LA_E_3126919,1,alaw,A16
LA_E_3127719,1,pstn,A08
LA_E_3127854,1,gsm,A15
LA_E_3128032,1,pstn,A13
LA_E_3128203,1,opus,A13
LA_E_3128619,1,opus,A17
LA_E_3128847,1,g722,A11
LA_E_3128853,1,gsm,A16
LA_E_3129121,1,pstn,A10
LA_E_3129161,1,pstn,A13
LA_E_3129443,1,g722,A09
LA_E_3129567,1,g722,A16
LA_E_3129710,1,gsm,A17
LA_E_3129996,1,g722,A19
LA_E_3130262,1,g722,A19
LA_E_3130298,1,none,A08
LA_E_3130914,1,ulaw,A10
LA_E_3131362,1,ulaw,A07
LA_E_3133088,1,none,A11
LA_E_3133272,1,gsm,A16
LA_E_3133699,1,opus,A15
LA_E_3134036,1,g722,A11
LA_E_3134156,1,opus,A11
LA_E_3134410,1,pstn,A12
LA_E_3134537,1,none,A08
LA_E_3134634,1,ulaw,A19
LA_E_3134729,1,none,A11
LA_E_3134774,1,pstn,A09
LA_E_3134806,1,pstn,A19
LA_E_3135005,1,none,A13
LA_E_3135223,1,alaw,A10
LA_E_3136015,1,pstn,A08
LA_E_3136428,1,ulaw,A10
LA_E_3136455,1,none,A17
LA_E_3136601,1,opus,A14
LA_E_3136619,1,gsm,A09
LA_E_3136697,1,ulaw,A18
LA_E_3137231,1,alaw,A11
LA_E_3137316,1,none,A08
LA_E_3137492,1,ulaw,A13
LA_E_3137500,1,gsm,A15
LA_E_3137531,1,ulaw,A15
LA_E_3137556,1,g722,A18
LA_E_3137735,1,pstn,A13
LA_E_3138116,1,gsm,A15
LA_E_3138499,1,opus,A09
LA_E_3138661,1,opus,A10
LA_E_3139167,1,gsm,A18
LA_E_3139307,1,gsm,A11
LA_E_3139619,1,alaw,A18
LA_E_3139663,1,gsm,A13
LA_E_3139757,1,opus,A17
LA_E_3140056,1,g722,A13
LA_E_3140086,1,ulaw,A17
LA_E_3140166,1,ulaw,A15
LA_E_3141415,1,ulaw,A17
LA_E_3141547,0,ulaw,bonafide
LA_E_3141920,1,gsm,A15
LA_E_3142499,1,ulaw,A12
LA_E_3142829,1,g722,A19
LA_E_3142942,1,gsm,A10
LA_E_3143122,0,opus,bonafide
LA_E_3143466,1,g722,A10
LA_E_3143795,1,gsm,A17
LA_E_3143972,1,g722,A07
LA_E_3145387,1,alaw,A11
LA_E_3146881,1,alaw,A09
LA_E_3146898,1,ulaw,A11
LA_E_3146963,1,g722,A12
LA_E_3147279,1,gsm,A07
LA_E_3147394,1,alaw,A07
LA_E_3147671,1,ulaw,A14
LA_E_3148180,1,alaw,A08
LA_E_3148206,1,alaw,A19
LA_E_3149580,1,gsm,A11
LA_E_3150290,1,alaw,A11
LA_E_3150332,1,gsm,A11
LA_E_3150350,1,pstn,A08
LA_E_3150393,1,gsm,A10
LA_E_3150512,1,alaw,A11
LA_E_3150648,1,ulaw,A09
LA_E_3150715,1,gsm,A11
LA_E_3150716,0,none,bonafide
LA_E_3150933,1,gsm,A11
LA_E_3151802,1,ulaw,A17
LA_E_3151896,1,pstn,A08
LA_E_3152204,1,gsm,A13
LA_E_3152286,1,ulaw,A12
LA_E_3152577,0,opus,bonafide
LA_E_3152882,1,opus,A11
LA_E_3153105,1,ulaw,A09
LA_E_3153555,1,gsm,A11
LA_E_3153667,1,none,A07
LA_E_3153725,1,ulaw,A17
LA_E_3153814,1,ulaw,A11
LA_E_3153990,1,none,A16
LA_E_3154109,1,alaw,A14
LA_E_3154349,1,ulaw,A14
LA_E_3154526,1,pstn,A07
LA_E_3154682,1,none,A13
LA_E_3155429,1,ulaw,A08
LA_E_3155612,1,alaw,A12
LA_E_3155641,1,pstn,A16
LA_E_3156073,1,opus,A07
LA_E_3156717,1,pstn,A09
LA_E_3156835,1,none,A10
LA_E_3157092,1,gsm,A14
LA_E_3157277,1,none,A08
LA_E_3157299,1,gsm,A09
LA_E_3157738,0,none,bonafide
LA_E_3158046,1,g722,A07
LA_E_3158267,1,opus,A09
LA_E_3158271,1,g722,A07
LA_E_3158278,1,ulaw,A09
LA_E_3158442,1,ulaw,A17
LA_E_3159020,1,alaw,A18
LA_E_3159421,1,alaw,A08
LA_E_3159787,1,alaw,A14
LA_E_3159803,1,g722,A17
LA_E_3159883,1,ulaw,A10
LA_E_3160389,1,gsm,A14
LA_E_3160521,1,gsm,A15
LA_E_3160691,1,alaw,A09
LA_E_3161267,1,alaw,A11
LA_E_3161367,1,alaw,A10
LA_E_3161678,1,ulaw,A18
LA_E_3161942,1,gsm,A08
LA_E_3162463,1,ulaw,A15
LA_E_3162479,1,gsm,A07
LA_E_3163279,1,gsm,A13
LA_E_3163405,1,none,A07
LA_E_3163725,1,ulaw,A09
LA_E_3164057,1,gsm,A14
LA_E_3164178,1,none,A07
LA_E_3164689,1,ulaw,A14
LA_E_3164770,1,alaw,A13
LA_E_3165069,1,alaw,A16
LA_E_3165252,1,pstn,A07
LA_E_3165421,1,gsm,A14
LA_E_3165770,0,ulaw,bonafide
LA_E_3165930,1,pstn,A10
LA_E_3165997,1,none,A12
LA_E_3166451,1,alaw,A14
LA_E_3166795,1,ulaw,A18
LA_E_3166826,1,pstn,A09
LA_E_3167010,0,gsm,bonafide
LA_E_3167259,1,gsm,A14
LA_E_3167730,1,pstn,A08
LA_E_3168547,1,opus,A08
LA_E_3168570,1,alaw,A14
LA_E_3168670,1,ulaw,A13
LA_E_3168795,1,g722,A12
LA_E_3169330,1,alaw,A08
LA_E_3169969,1,pstn,A15
LA_E_3170484,1,opus,A13
LA_E_3171060,1,none,A18
LA_E_3171217,1,opus,A11
LA_E_3171337,1,none,A14
LA_E_3171359,1,gsm,A09
LA_E_3171809,1,none,A09
LA_E_3171810,1,ulaw,A12
LA_E_3172012,1,ulaw,A17
LA_E_3172088,1,opus,A07
LA_E_3172090,1,alaw,A19
LA_E_3172757,1,opus,A09
LA_E_3172774,1,alaw,A13
LA_E_3172906,0,none,bonafide
LA_E_3173495,1,g722,A13
LA_E_3173520,1,none,A12
LA_E_3174222,1,alaw,A08
LA_E_3174510,1,alaw,A19
LA_E_3174538,1,ulaw,A15
LA_E_3175151,0,ulaw,bonafide
LA_E_3175362,1,alaw,A11
LA_E_3175558,1,alaw,A14
LA_E_3175703,1,pstn,A15
LA_E_3176350,1,g722,A19
LA_E_3176612,1,none,A19
LA_E_3177274,1,alaw,A11
LA_E_3177400,1,g722,A16
LA_E_3177422,1,gsm,A12
LA_E_3177622,1,opus,A07
LA_E_3177911,1,gsm,A10
LA_E_3177965,1,alaw,A13
LA_E_3178007,1,ulaw,A15
LA_E_3178420,1,opus,A11
LA_E_3178635,1,g722,A13
LA_E_3178839,1,pstn,A17
LA_E_3178948,1,ulaw,A10
LA_E_3179120,1,none,A14
LA_E_3179175,1,none,A18
LA_E_3179238,1,none,A08
LA_E_3179305,1,opus,A16
LA_E_3179360,1,pstn,A15
LA_E_3179433,1,pstn,A10
LA_E_3179593,1,none,A12
LA_E_3179610,1,alaw,A12
LA_E_3180165,1,g722,A14
LA_E_3180486,1,pstn,A09
LA_E_3180603,1,opus,A18
LA_E_3180857,1,g722,A09
LA_E_3180873,1,none,A12
LA_E_3181004,1,alaw,A15
LA_E_3181087,1,none,A10
LA_E_3181747,1,g722,A19
LA_E_3181750,1,g722,A09
LA_E_3181788,1,g722,A11
LA_E_3181924,1,ulaw,A11
LA_E_3182108,1,alaw,A12
LA_E_3182201,1,ulaw,A08
LA_E_3182204,0,ulaw,bonafide
LA_E_3182680,1,gsm,A17
LA_E_3182809,1,pstn,A10
LA_E_3183262,1,alaw,A09
LA_E_3183393,1,g722,A15
LA_E_3183458,1,none,A11
LA_E_3183722,1,none,A14
LA_E_3183780,1,gsm,A14
LA_E_3183900,1,gsm,A10
LA_E_3183924,1,g722,A15
LA_E_3184089,1,opus,A08
LA_E_3184156,1,alaw,A18
LA_E_3184467,1,opus,A19
LA_E_3184631,1,pstn,A15
LA_E_3185456,1,ulaw,A07
LA_E_3186059,0,ulaw,bonafide
LA_E_3186637,1,g722,A10
LA_E_3186817,1,gsm,A12
LA_E_3187125,1,pstn,A10
LA_E_3187399,1,gsm,A19
LA_E_3187772,1,alaw,A17
LA_E_3188360,1,ulaw,A19
LA_E_3188413,1,gsm,A16
LA_E_3189111,1,pstn,A11
LA_E_3189115,1,alaw,A08
LA_E_3189543,1,pstn,A13
LA_E_3189682,1,g722,A17
LA_E_3189967,1,g722,A08
LA_E_3190106,1,none,A10
LA_E_3190228,1,opus,A19
LA_E_3190309,1,ulaw,A18
LA_E_3190486,1,none,A08
LA_E_3190666,1,opus,A09
LA_E_3190684,1,gsm,A07
LA_E_3190822,1,ulaw,A14
LA_E_3191148,1,opus,A08
LA_E_3191258,1,none,A10
LA_E_3191524,0,gsm,bonafide
LA_E_3192343,0,ulaw,bonafide
LA_E_3192981,1,none,A19
LA_E_3193115,1,ulaw,A07
LA_E_3193220,1,pstn,A12
LA_E_3193301,1,gsm,A17
LA_E_3193399,0,gsm,bonafide
LA_E_3193753,1,pstn,A11
LA_E_3193945,1,pstn,A17
LA_E_3194085,1,alaw,A10
LA_E_3194153,1,opus,A17
LA_E_3194295,1,gsm,A08
LA_E_3194324,1,g722,A15
LA_E_3194478,1,gsm,A14
LA_E_3194559,0,none,bonafide
LA_E_3194622,1,none,A19
LA_E_3194744,1,opus,A08
LA_E_3194807,1,gsm,A11
LA_E_3194818,0,opus,bonafide
LA_E_3195356,1,pstn,A16
LA_E_3195374,1,alaw,A15
LA_E_3195850,1,none,A09
LA_E_3196470,1,alaw,A13
LA_E_3196727,1,gsm,A12
LA_E_3196776,1,g722,A08
LA_E_3196868,1,gsm,A09
LA_E_3196950,1,none,A09
LA_E_3197279,1,g722,A19
LA_E_3197323,1,opus,A19
LA_E_3197570,1,pstn,A19
LA_E_3197868,1,none,A12
LA_E_3198597,1,g722,A10
LA_E_3198709,1,opus,A16
LA_E_3199094,0,opus,bonafide
LA_E_3199533,0,gsm,bonafide
LA_E_3199896,1,none,A15
LA_E_3199985,1,alaw,A10
LA_E_3199998,1,pstn,A15
LA_E_3200241,1,none,A13
LA_E_3200416,1,ulaw,A11
LA_E_3200505,1,opus,A08
LA_E_3202084,1,pstn,A09
LA_E_3202346,1,pstn,A13
LA_E_3202595,1,none,A19
LA_E_3203067,1,ulaw,A13
LA_E_3203133,1,gsm,A08
LA_E_3203219,1,opus,A13
LA_E_3203455,1,ulaw,A17
LA_E_3203742,1,g722,A11
LA_E_3203848,1,opus,A07
LA_E_3204267,1,alaw,A16
LA_E_3204745,1,g722,A11
LA_E_3204827,1,none,A08
LA_E_3205116,1,alaw,A10
LA_E_3205268,1,opus,A13
LA_E_3205421,1,none,A09
LA_E_3205446,1,gsm,A09
LA_E_3205642,1,g722,A11
LA_E_3206395,1,g722,A10
LA_E_3206440,1,pstn,A11
LA_E_3206509,1,g722,A15
LA_E_3206542,1,ulaw,A18
LA_E_3206544,0,gsm,bonafide
LA_E_3206778,1,alaw,A13
LA_E_3206811,1,none,A12
LA_E_3207296,0,opus,bonafide
LA_E_3207350,1,alaw,A08
LA_E_3207583,0,alaw,bonafide
LA_E_3207596,0,alaw,bonafide
LA_E_3207661,1,opus,A08
LA_E_3207667,1,ulaw,A12
LA_E_3207806,1,none,A16
LA_E_3207821,1,opus,A13
LA_E_3208124,1,opus,A17
LA_E_3208431,0,alaw,bonafide
LA_E_3208672,1,g722,A13
LA_E_3208772,1,ulaw,A09
LA_E_3208961,1,pstn,A13
LA_E_3209391,0,ulaw,bonafide
LA_E_3209524,1,g722,A08
LA_E_3209593,0,ulaw,bonafide
LA_E_3209631,1,opus,A15
LA_E_3209656,1,alaw,A11
LA_E_3209714,1,gsm,A17
LA_E_3209734,1,none,A11
LA_E_3210139,1,gsm,A19
LA_E_3210457,1,g722,A08
LA_E_3211103,1,gsm,A19
LA_E_3211199,1,none,A07
LA_E_3211490,1,g722,A18
LA_E_3211681,1,ulaw,A19
LA_E_3211775,1,none,A09
LA_E_3211992,1,none,A12
LA_E_3211996,1,pstn,A14
LA_E_3212062,1,gsm,A11
LA_E_3212206,1,g722,A15
LA_E_3212257,1,alaw,A07
LA_E_3212268,1,gsm,A16
LA_E_3212322,1,ulaw,A08
LA_E_3212438,1,none,A11
LA_E_3212459,1,g722,A18
LA_E_3212583,1,opus,A18
LA_E_3212598,1,opus,A16
LA_E_3212876,1,gsm,A16
LA_E_3213208,1,opus,A09
LA_E_3214259,1,alaw,A07
LA_E_3214421,0,gsm,bonafide
LA_E_3214976,1,opus,A13
LA_E_3215343,1,gsm,A19
LA_E_3215834,1,g722,A12
LA_E_3216015,1,g722,A13
LA_E_3216186,1,alaw,A11
LA_E_3216408,1,alaw,A07
LA_E_3216731,1,pstn,A11
LA_E_3216874,1,none,A15
LA_E_3217004,1,pstn,A14
LA_E_3217092,1,ulaw,A18
LA_E_3217266,1,pstn,A13
LA_E_3217924,1,alaw,A19
LA_E_3218139,0,ulaw,bonafide
LA_E_3218570,1,alaw,A07
LA_E_3218632,1,none,A17
LA_E_3218898,1,g722,A19
LA_E_3218927,1,alaw,A14
LA_E_3219022,1,gsm,A10
LA_E_3219494,1,opus,A13
LA_E_3219917,1,ulaw,A12
LA_E_3220008,1,none,A14
LA_E_3220095,1,g722,A08
LA_E_3220141,1,none,A19
LA_E_3220680,1,g722,A10
LA_E_3220820,1,ulaw,A19
LA_E_3220986,1,g722,A15
LA_E_3221657,1,opus,A19
LA_E_3221673,1,gsm,A14
LA_E_3221900,1,opus,A12
LA_E_3222116,1,none,A08
LA_E_3222814,1,none,A12
LA_E_3222891,0,pstn,bonafide
LA_E_3223053,1,opus,A18
LA_E_3223066,0,g722,bonafide
LA_E_3223171,1,ulaw,A15
LA_E_3223586,1,pstn,A09
LA_E_3223776,1,none,A07
LA_E_3223931,1,g722,A16
LA_E_3223976,1,none,A08
LA_E_3224188,1,gsm,A10
LA_E_3224630,1,opus,A17
LA_E_3224701,1,pstn,A14
LA_E_3224732,1,g722,A13
LA_E_3224744,1,g722,A15
LA_E_3224900,1,none,A15
LA_E_3225116,1,ulaw,A18
LA_E_3225798,1,ulaw,A19
LA_E_3226154,1,alaw,A11
LA_E_3226574,1,opus,A15
LA_E_3226579,1,alaw,A13
LA_E_3227198,1,none,A08
LA_E_3227237,1,alaw,A13
LA_E_3227283,1,none,A17
LA_E_3227768,0,alaw,bonafide
LA_E_3227933,1,alaw,A18
LA_E_3228150,1,ulaw,A08
LA_E_3228497,1,opus,A13
LA_E_3228540,1,gsm,A13
LA_E_3229033,1,gsm,A15
LA_E_3229093,0,pstn,bonafide
LA_E_3229251,1,none,A10
LA_E_3229685,1,opus,A12
LA_E_3229704,1,opus,A08
LA_E_3230739,1,gsm,A07
LA_E_3230881,1,alaw,A15
LA_E_3231105,0,ulaw,bonafide
LA_E_3231392,1,opus,A17
LA_E_3231732,0,g722,bonafide
LA_E_3231782,1,pstn,A07
LA_E_3231833,1,none,A07
LA_E_3231860,1,pstn,A07
LA_E_3232668,0,opus,bonafide
LA_E_3232699,1,ulaw,A09
LA_E_3232731,0,gsm,bonafide
LA_E_3232880,1,gsm,A17
LA_E_3232905,0,gsm,bonafide
LA_E_3233084,1,gsm,A16
LA_E_3233272,1,opus,A19
LA_E_3233334,1,gsm,A07
LA_E_3233553,1,pstn,A12
LA_E_3234219,0,alaw,bonafide
LA_E_3234391,1,gsm,A16
LA_E_3234478,1,opus,A16
LA_E_3234639,1,pstn,A08
LA_E_3234719,1,pstn,A12
LA_E_3234726,1,pstn,A15
LA_E_3235327,1,gsm,A07
LA_E_3235799,0,gsm,bonafide
LA_E_3235800,1,alaw,A11
LA_E_3235928,1,none,A17
LA_E_3235934,1,pstn,A07
LA_E_3236247,1,none,A09
LA_E_3236753,1,gsm,A16
LA_E_3237133,1,opus,A09
LA_E_3237193,1,none,A09
LA_E_3237339,0,pstn,bonafide
LA_E_3237693,1,gsm,A07
LA_E_3237728,1,alaw,A18
LA_E_3237863,1,none,A19
LA_E_3238130,1,pstn,A15
LA_E_3239231,1,opus,A09
LA_E_3239337,1,gsm,A10
LA_E_3239727,1,g722,A08
LA_E_3239894,1,opus,A19
LA_E_3240145,1,g722,A09
LA_E_3240242,1,none,A13
LA_E_3240600,1,pstn,A18
LA_E_3241031,1,gsm,A16
LA_E_3241073,1,opus,A11
LA_E_3241157,1,g722,A08
LA_E_3241398,0,opus,bonafide
LA_E_3241767,1,pstn,A11
LA_E_3241850,1,g722,A15
LA_E_3241890,1,none,A14
LA_E_3241958,1,g722,A13
LA_E_3242197,0,ulaw,bonafide
LA_E_3242209,1,none,A19
LA_E_3242235,1,ulaw,A18
LA_E_3242354,1,gsm,A09
LA_E_3242790,1,pstn,A12
LA_E_3242869,1,alaw,A09
LA_E_3243134,1,g722,A13
LA_E_3243256,1,g722,A19
LA_E_3243307,1,pstn,A09
LA_E_3243352,1,pstn,A15
LA_E_3243812,1,none,A09
LA_E_3243893,1,opus,A16
LA_E_3244056,1,none,A11
LA_E_3244057,1,ulaw,A12
LA_E_3244068,1,pstn,A07
LA_E_3244078,0,g722,bonafide
LA_E_3244310,1,none,A18
LA_E_3244567,1,g722,A08
LA_E_3244939,1,opus,A19
LA_E_3245645,1,none,A16
LA_E_3245647,1,gsm,A10
LA_E_3245739,1,g722,A09
LA_E_3246615,1,pstn,A13
LA_E_3246838,1,opus,A09
LA_E_3247138,1,alaw,A11
LA_E_3247356,1,gsm,A12
LA_E_3247430,1,alaw,A09
LA_E_3247432,1,alaw,A19
LA_E_3247590,1,ulaw,A17
LA_E_3247594,0,alaw,bonafide
LA_E_3247667,1,ulaw,A10
LA_E_3247681,1,g722,A16
LA_E_3247942,1,g722,A14
LA_E_3248946,1,ulaw,A16
LA_E_3249421,1,opus,A12
LA_E_3249508,1,gsm,A19
LA_E_3249686,1,none,A16
LA_E_3249949,1,gsm,A18
LA_E_3250212,1,alaw,A07
LA_E_3250406,1,ulaw,A08
LA_E_3250451,1,opus,A14
LA_E_3250502,1,pstn,A13
LA_E_3250690,1,pstn,A10
LA_E_3251726,1,alaw,A18
LA_E_3252177,1,opus,A13
LA_E_3252264,1,gsm,A11
LA_E_3252441,1,none,A13
LA_E_3252683,1,pstn,A13
LA_E_3253251,0,pstn,bonafide
LA_E_3253525,1,opus,A12
LA_E_3253645,1,alaw,A18
LA_E_3254044,1,ulaw,A12
LA_E_3254061,1,none,A16
LA_E_3255108,1,ulaw,A12
LA_E_3255595,1,gsm,A18
LA_E_3255876,1,ulaw,A16
LA_E_3256749,1,pstn,A18
LA_E_3256857,1,alaw,A14
LA_E_3257062,1,g722,A10
LA_E_3257074,1,alaw,A15
LA_E_3257922,1,gsm,A17
LA_E_3258004,1,alaw,A14
LA_E_3258249,1,g722,A16
LA_E_3258259,0,gsm,bonafide
LA_E_3258898,1,none,A11
LA_E_3258989,1,g722,A17
LA_E_3259753,1,ulaw,A17
LA_E_3259804,1,alaw,A13
LA_E_3259960,1,none,A10
LA_E_3260205,1,pstn,A09
LA_E_3260363,1,gsm,A16
LA_E_3260534,0,alaw,bonafide
LA_E_3260730,1,gsm,A11
LA_E_3260815,1,opus,A19
LA_E_3261068,1,pstn,A18
LA_E_3261151,1,pstn,A16
LA_E_3262150,1,none,A18
LA_E_3262341,1,ulaw,A08
LA_E_3262571,1,none,A19
LA_E_3262640,0,pstn,bonafide
LA_E_3263205,1,gsm,A19
LA_E_3263209,1,g722,A18
LA_E_3263387,1,alaw,A18
LA_E_3263528,1,opus,A15
LA_E_3263772,1,ulaw,A11
LA_E_3264324,1,pstn,A08
LA_E_3264359,0,ulaw,bonafide
LA_E_3264502,1,g722,A07
LA_E_3265405,1,g722,A12
LA_E_3265801,1,gsm,A15
LA_E_3265892,1,gsm,A14
LA_E_3266039,1,ulaw,A13
LA_E_3266158,1,g722,A07
LA_E_3266713,1,gsm,A09
LA_E_3267093,1,g722,A13
LA_E_3267202,1,ulaw,A12
LA_E_3267369,1,gsm,A07
LA_E_3267464,1,pstn,A17
LA_E_3267595,0,opus,bonafide
LA_E_3267717,1,none,A17
LA_E_3267819,1,alaw,A07
LA_E_3268495,1,pstn,A14
LA_E_3268600,1,alaw,A15
LA_E_3268652,0,g722,bonafide
LA_E_3268676,1,none,A11
LA_E_3269370,1,ulaw,A09
LA_E_3269745,1,ulaw,A12
LA_E_3269925,1,none,A14
LA_E_3270206,1,opus,A14
LA_E_3270309,1,pstn,A14
LA_E_3270335,1,none,A10
LA_E_3271055,1,none,A16
LA_E_3271080,1,alaw,A09
LA_E_3271140,1,gsm,A07
LA_E_3271178,1,opus,A17
LA_E_3271535,1,pstn,A07
LA_E_3271565,1,pstn,A16
LA_E_3271753,1,opus,A09
LA_E_3271808,1,ulaw,A13
LA_E_3272212,1,opus,A09
LA_E_3272404,1,opus,A15
LA_E_3272562,1,none,A17
LA_E_3272790,1,alaw,A15
LA_E_3273016,1,ulaw,A15
LA_E_3273724,1,pstn,A17
LA_E_3273741,1,opus,A19
LA_E_3273795,1,alaw,A19
LA_E_3273884,1,g722,A19
LA_E_3274229,1,pstn,A19
LA_E_3274231,1,none,A10
LA_E_3274406,1,alaw,A08
LA_E_3274793,1,g722,A09
LA_E_3274955,1,opus,A16
LA_E_3274989,0,ulaw,bonafide
LA_E_3275045,1,g722,A17
LA_E_3275293,1,ulaw,A10
LA_E_3275356,1,opus,A08
LA_E_3275542,1,none,A14
LA_E_3276444,1,g722,A16
LA_E_3276975,1,none,A12
LA_E_3277092,1,alaw,A09
LA_E_3277188,1,g722,A19
LA_E_3277209,1,alaw,A17
LA_E_3277508,1,gsm,A12
LA_E_3277730,1,pstn,A08
LA_E_3277927,1,opus,A16
LA_E_3278070,1,pstn,A12
LA_E_3278132,1,g722,A17
LA_E_3278282,1,none,A14
LA_E_3279157,1,gsm,A19
LA_E_3279327,1,pstn,A11
LA_E_3279590,1,g722,A12
LA_E_3279759,0,pstn,bonafide
LA_E_3279842,1,alaw,A07
LA_E_3280006,0,gsm,bonafide
LA_E_3280333,1,g722,A18
LA_E_3280633,1,g722,A14
LA_E_3281089,1,opus,A14
LA_E_3281259,0,opus,bonafide
LA_E_3281396,1,g722,A12
LA_E_3281507,1,alaw,A08
LA_E_3281799,1,g722,A17
LA_E_3281822,1,opus,A17
LA_E_3281897,1,g722,A13
LA_E_3282067,0,opus,bonafide
LA_E_3282824,1,pstn,A12
LA_E_3283271,1,gsm,A17
LA_E_3283398,0,ulaw,bonafide
LA_E_3283744,0,g722,bonafide
LA_E_3283751,1,none,A15
LA_E_3284220,1,ulaw,A10
LA_E_3284532,1,ulaw,A13
LA_E_3284825,1,g722,A12
LA_E_3285327,1,pstn,A16
LA_E_3285676,1,none,A17
LA_E_3285904,1,opus,A16
LA_E_3286047,1,g722,A19
LA_E_3286182,1,none,A17
LA_E_3286417,1,pstn,A13
LA_E_3286635,1,opus,A16
LA_E_3286802,0,ulaw,bonafide
LA_E_3287711,0,pstn,bonafide
LA_E_3287731,1,opus,A09
LA_E_3288250,1,none,A16
LA_E_3288317,1,g722,A07
LA_E_3288366,1,gsm,A17
LA_E_3288431,1,ulaw,A13
LA_E_3288519,1,g722,A18
LA_E_3289436,0,none,bonafide
LA_E_3289998,1,alaw,A08
LA_E_3290022,1,ulaw,A12
LA_E_3290212,1,gsm,A09
LA_E_3290280,1,none,A12
LA_E_3290356,1,ulaw,A11
LA_E_3290512,1,alaw,A07
LA_E_3290847,1,pstn,A14
LA_E_3291017,0,opus,bonafide
LA_E_3291055,1,alaw,A13
LA_E_3291226,1,pstn,A15
LA_E_3291230,0,gsm,bonafide
LA_E_3292018,1,opus,A13
LA_E_3292281,1,pstn,A19
LA_E_3292448,1,gsm,A17
LA_E_3292769,1,opus,A17
LA_E_3292975,1,none,A12
LA_E_3293037,1,alaw,A12
LA_E_3293188,1,ulaw,A07
LA_E_3293473,1,ulaw,A11
LA_E_3293979,1,ulaw,A14
LA_E_3293986,1,gsm,A19
LA_E_3293987,1,alaw,A12
LA_E_3294562,1,g722,A11
LA_E_3294589,1,g722,A16
LA_E_3294743,1,g722,A17
LA_E_3294965,1,ulaw,A16
LA_E_3295489,1,pstn,A13
LA_E_3295527,1,g722,A13
LA_E_3295566,1,opus,A16
LA_E_3295939,0,gsm,bonafide
LA_E_3295987,1,gsm,A18
LA_E_3296194,0,g722,bonafide
LA_E_3296215,1,pstn,A14
LA_E_3296299,1,alaw,A09
LA_E_3297293,1,ulaw,A13
LA_E_3297485,1,gsm,A13
LA_E_3297848,1,pstn,A17
LA_E_3298000,1,none,A19
LA_E_3298490,1,ulaw,A10
LA_E_3299322,1,g722,A12
LA_E_3299406,1,ulaw,A19
LA_E_3299796,1,ulaw,A14
LA_E_3299832,1,pstn,A15
LA_E_3300208,1,opus,A07
LA_E_3300279,1,ulaw,A07
LA_E_3300370,1,g722,A09
LA_E_3300384,1,pstn,A19
LA_E_3300421,1,ulaw,A15
LA_E_3301150,1,none,A17
LA_E_3301402,1,ulaw,A11
LA_E_3301730,0,ulaw,bonafide
LA_E_3301814,1,ulaw,A11
LA_E_3301842,1,ulaw,A18
LA_E_3302378,1,pstn,A14
LA_E_3302669,1,none,A19
LA_E_3303741,1,g722,A07
LA_E_3304137,1,gsm,A13
LA_E_3304385,1,opus,A12
LA_E_3304417,1,alaw,A14
LA_E_3304426,1,opus,A16
LA_E_3304442,1,none,A09
LA_E_3304494,1,pstn,A08
LA_E_3304740,0,none,bonafide
LA_E_3304781,1,alaw,A11
LA_E_3304853,1,pstn,A15
LA_E_3304927,1,gsm,A16
LA_E_3304988,1,none,A19
LA_E_3305131,1,pstn,A11
LA_E_3305338,1,pstn,A13
LA_E_3305348,1,g722,A10
LA_E_3305480,1,ulaw,A08
LA_E_3305586,1,pstn,A17
LA_E_3306040,1,pstn,A08
LA_E_3306125,1,opus,A14
LA_E_3306128,1,ulaw,A14
LA_E_3306317,1,gsm,A19
LA_E_3306529,1,gsm,A07
LA_E_3306940,1,opus,A08
LA_E_3306989,1,pstn,A09
LA_E_3307169,1,pstn,A19
LA_E_3307393,1,opus,A14
LA_E_3308196,1,opus,A19
LA_E_3308974,1,gsm,A17
LA_E_3309538,1,gsm,A10
LA_E_3309958,1,opus,A15
LA_E_3310053,1,g722,A17
LA_E_3310523,1,gsm,A13
LA_E_3310721,1,alaw,A10
LA_E_3311031,0,gsm,bonafide
LA_E_3311234,1,pstn,A10
LA_E_3311319,1,pstn,A16
LA_E_3311547,1,none,A15
LA_E_3311560,0,opus,bonafide
LA_E_3311666,1,g722,A16
LA_E_3311907,1,gsm,A19
LA_E_3312511,1,g722,A08
LA_E_3312583,0,gsm,bonafide
LA_E_3312641,1,gsm,A18
LA_E_3312642,1,none,A15
LA_E_3312646,1,alaw,A13
LA_E_3312810,1,alaw,A13
LA_E_3313799,1,g722,A07
LA_E_3313887,1,pstn,A13
LA_E_3313915,1,ulaw,A15
LA_E_3314019,1,ulaw,A16
LA_E_3314036,1,alaw,A17
LA_E_3314075,1,gsm,A12
LA_E_3314388,1,pstn,A07
LA_E_3314692,1,ulaw,A18
LA_E_3315263,1,pstn,A09
LA_E_3315833,1,pstn,A10
LA_E_3316267,1,g722,A09
LA_E_3316617,1,g722,A15
LA_E_3317101,1,opus,A11
LA_E_3317569,1,pstn,A12
LA_E_3317724,1,ulaw,A11
LA_E_3318005,1,opus,A11
LA_E_3318043,1,pstn,A18
LA_E_3318380,1,opus,A17
LA_E_3318430,1,gsm,A17
LA_E_3318478,1,pstn,A09
LA_E_3318791,1,g722,A16
LA_E_3318834,1,none,A16
LA_E_3318944,1,ulaw,A13
LA_E_3319304,1,none,A16
LA_E_3319583,1,gsm,A17
LA_E_3319607,1,alaw,A14
LA_E_3319647,0,gsm,bonafide
LA_E_3319685,1,opus,A07
LA_E_3319775,1,none,A08
LA_E_3320559,1,ulaw,A12
LA_E_3320578,0,none,bonafide
LA_E_3321562,1,alaw,A19
LA_E_3321612,1,opus,A11
LA_E_3322169,1,gsm,A12
LA_E_3322409,1,g722,A08
LA_E_3322953,1,ulaw,A11
LA_E_3323098,1,g722,A17
LA_E_3323208,1,none,A09
LA_E_3323217,1,opus,A14
LA_E_3323322,1,g722,A08
LA_E_3323923,1,alaw,A14
LA_E_3324435,1,ulaw,A08
LA_E_3324742,1,g722,A11
LA_E_3325001,1,ulaw,A14
LA_E_3325040,1,gsm,A12
LA_E_3325391,1,opus,A09
LA_E_3325451,1,alaw,A19
LA_E_3325584,0,g722,bonafide
LA_E_3326187,1,opus,A07
LA_E_3326237,1,pstn,A13
LA_E_3326268,1,alaw,A17
LA_E_3326927,1,g722,A15
LA_E_3326930,0,opus,bonafide
LA_E_3327063,1,pstn,A19
LA_E_3327130,1,gsm,A13
LA_E_3327236,1,pstn,A08
LA_E_3327739,1,none,A12
LA_E_3328248,1,g722,A11
LA_E_3328294,1,none,A16
LA_E_3328409,1,pstn,A08
LA_E_3328837,1,opus,A07
LA_E_3329068,1,ulaw,A08
LA_E_3329433,1,pstn,A10
LA_E_3329448,1,gsm,A09
LA_E_3330136,1,alaw,A10
LA_E_3330279,1,gsm,A19
LA_E_3330285,1,pstn,A07
LA_E_3330405,1,alaw,A17
LA_E_3331532,1,none,A09
LA_E_3331873,1,alaw,A17
LA_E_3333067,1,gsm,A09
LA_E_3333113,1,alaw,A10
LA_E_3334473,1,pstn,A18
LA_E_3334843,1,g722,A15
LA_E_3334975,1,ulaw,A10
LA_E_3335653,1,gsm,A09
LA_E_3336116,1,opus,A16
LA_E_3336155,1,opus,A13
LA_E_3336353,1,gsm,A16
LA_E_3336391,1,gsm,A12
LA_E_3336610,1,opus,A12
LA_E_3336688,1,opus,A15
LA_E_3336694,1,ulaw,A13
LA_E_3336884,1,pstn,A16
LA_E_3337471,1,g722,A18
LA_E_3337759,1,opus,A19
LA_E_3338826,1,alaw,A11
LA_E_3338978,1,gsm,A12
LA_E_3339283,1,ulaw,A08
LA_E_3339652,1,g722,A16
LA_E_3339705,1,opus,A15
LA_E_3340189,1,alaw,A11
LA_E_3340344,1,ulaw,A19
LA_E_3340411,1,ulaw,A16
LA_E_3340600,1,pstn,A08
LA_E_3340910,0,none,bonafide
LA_E_3341000,1,opus,A17
LA_E_3341173,1,opus,A15
LA_E_3341368,1,none,A18
LA_E_3341428,1,none,A08
LA_E_3341593,1,gsm,A12
LA_E_3342228,0,ulaw,bonafide
LA_E_3342378,1,gsm,A10
LA_E_3342927,1,opus,A11
LA_E_3343021,1,alaw,A12
LA_E_3343385,1,ulaw,A08
LA_E_3343522,1,pstn,A09
LA_E_3344032,1,none,A07
LA_E_3344190,1,gsm,A09
LA_E_3344360,1,none,A14
LA_E_3344852,1,ulaw,A14
LA_E_3344873,1,opus,A15
LA_E_3345091,1,opus,A12
LA_E_3345214,1,alaw,A12
LA_E_3345396,1,alaw,A17
LA_E_3345410,1,gsm,A10
LA_E_3345630,1,opus,A17
LA_E_3346977,1,gsm,A14
LA_E_3347525,1,pstn,A07
LA_E_3348004,1,alaw,A11
LA_E_3348384,1,pstn,A17
LA_E_3348404,1,gsm,A10
LA_E_3348946,1,g722,A18
LA_E_3349675,1,alaw,A07
LA_E_3349733,1,g722,A14
LA_E_3351041,1,gsm,A10
LA_E_3351214,1,ulaw,A08
LA_E_3351371,1,ulaw,A19
LA_E_3351494,1,none,A17
LA_E_3351873,0,opus,bonafide
LA_E_3352012,1,opus,A15
LA_E_3352037,0,opus,bonafide
LA_E_3352304,1,none,A08
LA_E_3352414,1,alaw,A12
LA_E_3352533,1,opus,A10
LA_E_3352748,1,g722,A17
LA_E_3352929,1,ulaw,A19
LA_E_3353124,1,gsm,A09
LA_E_3353430,0,opus,bonafide
LA_E_3353592,1,gsm,A19
LA_E_3354031,1,pstn,A18
LA_E_3354346,1,pstn,A09
LA_E_3354455,1,opus,A12
LA_E_3355143,1,ulaw,A19
LA_E_3355337,1,pstn,A10
LA_E_3355794,1,opus,A10
LA_E_3355973,1,gsm,A13
LA_E_3356247,1,gsm,A07
LA_E_3356587,1,opus,A07
LA_E_3356781,1,opus,A19
LA_E_3357260,1,opus,A19
LA_E_3357451,1,opus,A11
LA_E_3357457,1,opus,A17
LA_E_3357477,1,none,A12
LA_E_3357552,1,gsm,A17
LA_E_3358057,0,opus,bonafide
LA_E_3358410,1,pstn,A15
LA_E_3358526,1,gsm,A14
LA_E_3358574,1,none,A14
LA_E_3358594,1,alaw,A13
LA_E_3358749,0,none,bonafide
LA_E_3359725,1,opus,A12
LA_E_3359834,1,g722,A16
LA_E_3360170,0,ulaw,bonafide
LA_E_3360238,1,gsm,A10
LA_E_3360660,1,opus,A11
LA_E_3361362,1,ulaw,A19
LA_E_3362116,1,gsm,A10
LA_E_3362800,0,opus,bonafide
LA_E_3363138,1,alaw,A08
LA_E_3363468,1,g722,A11
LA_E_3363615,1,opus,A19
LA_E_3363646,1,alaw,A18
LA_E_3363763,1,ulaw,A13
LA_E_3364089,1,opus,A16
LA_E_3364265,1,ulaw,A08
LA_E_3364555,1,none,A19
LA_E_3364572,1,pstn,A16
LA_E_3365246,1,opus,A19
LA_E_3365290,1,gsm,A09
LA_E_3365336,1,g722,A16
LA_E_3365337,1,alaw,A17
LA_E_3365466,1,pstn,A10
LA_E_3365594,1,pstn,A12
LA_E_3365911,1,alaw,A16
LA_E_3365982,1,alaw,A13
LA_E_3366192,1,none,A12
LA_E_3366401,1,opus,A18
LA_E_3366773,1,alaw,A13
LA_E_3367347,1,g722,A11
LA_E_3367547,1,g722,A14
LA_E_3367577,1,none,A14
LA_E_3367729,1,pstn,A14
LA_E_3367792,1,pstn,A15
LA_E_3367840,1,alaw,A16
LA_E_3367875,1,gsm,A18
LA_E_3367925,1,opus,A18
LA_E_3368005,1,g722,A18
LA_E_3368216,1,opus,A16
LA_E_3368242,1,opus,A12
LA_E_3368343,0,none,bonafide
LA_E_3368925,1,pstn,A17
LA_E_3369384,1,ulaw,A12
LA_E_3369618,1,gsm,A17
LA_E_3369690,1,g722,A17
LA_E_3371230,1,opus,A08
LA_E_3371515,1,g722,A12
LA_E_3371807,1,alaw,A17
LA_E_3371911,1,none,A07
LA_E_3372143,1,ulaw,A14
LA_E_3372736,1,none,A10
LA_E_3372740,1,ulaw,A07
LA_E_3373046,1,alaw,A16
LA_E_3373465,0,none,bonafide
LA_E_3373506,1,pstn,A11
LA_E_3373585,1,opus,A09
LA_E_3373607,1,gsm,A12
LA_E_3374231,1,g722,A14
LA_E_3374376,1,alaw,A07
LA_E_3374771,1,pstn,A10
LA_E_3374807,1,g722,A17
LA_E_3376395,1,opus,A11
LA_E_3376618,1,pstn,A09
LA_E_3376937,1,opus,A17
LA_E_3377007,1,pstn,A18
LA_E_3377020,1,ulaw,A17
LA_E_3377641,1,gsm,A09
LA_E_3378139,1,ulaw,A14
LA_E_3378152,1,ulaw,A17
LA_E_3378178,1,pstn,A17
LA_E_3378353,1,opus,A19
LA_E_3379547,1,pstn,A12
LA_E_3379602,1,alaw,A09
LA_E_3379837,1,alaw,A08
LA_E_3379999,1,none,A07
LA_E_3380028,1,gsm,A19
LA_E_3380235,1,pstn,A18
LA_E_3380321,1,ulaw,A10
LA_E_3380417,1,pstn,A17
LA_E_3380424,1,pstn,A10
LA_E_3381693,1,none,A09
LA_E_3381900,1,g722,A08
LA_E_3383058,1,none,A19
LA_E_3383210,1,ulaw,A14
LA_E_3383318,0,gsm,bonafide
LA_E_3383563,1,pstn,A11
LA_E_3383676,1,ulaw,A14
LA_E_3383842,1,none,A13
LA_E_3384186,1,none,A19
LA_E_3384238,0,ulaw,bonafide
LA_E_3384730,1,g722,A08
LA_E_3385000,1,gsm,A13
LA_E_3385019,0,ulaw,bonafide
LA_E_3385051,1,none,A07
LA_E_3385281,1,g722,A16
LA_E_3385432,0,gsm,bonafide
LA_E_3385533,1,g722,A08
LA_E_3385775,1,none,A11
LA_E_3385807,1,g722,A17
LA_E_3387464,1,pstn,A12
LA_E_3387516,1,gsm,A07
LA_E_3387633,1,gsm,A13
LA_E_3387753,1,opus,A07
LA_E_3387754,1,gsm,A11
LA_E_3388160,1,alaw,A16
LA_E_3388384,1,opus,A12
LA_E_3388655,1,gsm,A17
LA_E_3388724,1,alaw,A11
LA_E_3388802,1,g722,A14
LA_E_3389416,1,opus,A07
LA_E_3389497,1,opus,A14
LA_E_3389855,1,alaw,A07
LA_E_3389962,1,opus,A15
LA_E_3390891,1,ulaw,A10
LA_E_3391336,1,alaw,A08
LA_E_3391419,1,none,A17
LA_E_3391616,1,none,A11
LA_E_3391905,1,pstn,A15
LA_E_3391946,1,g722,A14
LA_E_3392145,1,ulaw,A13
LA_E_3392373,1,opus,A10
LA_E_3392576,1,pstn,A19
LA_E_3392627,1,none,A16
LA_E_3392648,0,gsm,bonafide
LA_E_3392866,1,g722,A12
LA_E_3393951,1,none,A17
LA_E_3394159,1,gsm,A11
LA_E_3394327,1,none,A11
LA_E_3395684,1,pstn,A19
LA_E_3395701,1,alaw,A18
LA_E_3395818,1,g722,A10
LA_E_3396388,1,gsm,A08
LA_E_3396410,1,pstn,A19
LA_E_3396670,1,none,A11
LA_E_3396812,1,ulaw,A07
LA_E_3397183,1,alaw,A16
LA_E_3397516,1,opus,A09
LA_E_3398266,1,gsm,A10
LA_E_3398662,1,gsm,A13
LA_E_3398729,1,alaw,A18
LA_E_3398773,1,none,A09
LA_E_3398836,1,alaw,A14
LA_E_3398895,1,ulaw,A07
LA_E_3399093,1,gsm,A19
LA_E_3399107,1,pstn,A12
LA_E_3399152,1,alaw,A19
LA_E_3399622,1,g722,A11
LA_E_3399852,1,opus,A18
LA_E_3400453,1,opus,A11
LA_E_3400551,1,opus,A14
LA_E_3400552,0,alaw,bonafide
LA_E_3400719,0,gsm,bonafide
LA_E_3400956,1,g722,A11
LA_E_3401363,1,alaw,A09
LA_E_3401483,1,pstn,A07
LA_E_3401569,1,pstn,A16
LA_E_3401648,1,g722,A18
LA_E_3402643,1,none,A14
LA_E_3402798,1,pstn,A09
LA_E_3403397,1,pstn,A11
LA_E_3404296,1,g722,A12
LA_E_3404332,1,ulaw,A14
LA_E_3404569,1,none,A17
LA_E_3405192,1,none,A18
LA_E_3405845,1,pstn,A18
LA_E_3405951,1,gsm,A13
LA_E_3406138,1,pstn,A07
LA_E_3406503,1,pstn,A12
LA_E_3406755,1,opus,A17
LA_E_3407016,0,opus,bonafide
LA_E_3407024,1,none,A16
LA_E_3407880,1,pstn,A18
LA_E_3407912,1,gsm,A09
LA_E_3408614,1,g722,A19
LA_E_3408638,1,g722,A11
LA_E_3409824,1,gsm,A14
LA_E_3409962,1,alaw,A15
LA_E_3410396,1,opus,A07
LA_E_3410922,1,g722,A10
LA_E_3410941,0,gsm,bonafide
LA_E_3411333,1,pstn,A18
LA_E_3411590,1,gsm,A08
LA_E_3412030,1,none,A07
LA_E_3412408,1,pstn,A07
LA_E_3412780,1,opus,A12
LA_E_3412791,1,alaw,A14
LA_E_3412950,1,g722,A09
LA_E_3413525,1,none,A16
LA_E_3414217,1,none,A18
LA_E_3414431,1,none,A18
LA_E_3414785,1,gsm,A13
LA_E_3415481,1,none,A09
LA_E_3415590,1,ulaw,A12
LA_E_3416429,1,opus,A07
LA_E_3417345,1,none,A11
LA_E_3417586,1,alaw,A18
LA_E_3417619,1,opus,A18
LA_E_3417781,1,g722,A10
LA_E_3417786,1,opus,A07
LA_E_3417811,1,ulaw,A10
LA_E_3418309,1,none,A14
LA_E_3418899,1,pstn,A14
LA_E_3419140,1,none,A15
LA_E_3419917,1,gsm,A12
LA_E_3420399,1,g722,A10
LA_E_3420681,1,opus,A19
LA_E_3421287,1,pstn,A14
LA_E_3422482,1,none,A09
LA_E_3422805,1,ulaw,A08
LA_E_3423222,0,opus,bonafide
LA_E_3423444,1,opus,A07
LA_E_3423575,1,ulaw,A14
LA_E_3423592,1,pstn,A09
LA_E_3424030,1,none,A09
LA_E_3424059,1,gsm,A15
LA_E_3424385,1,ulaw,A19
LA_E_3424434,1,gsm,A15
LA_E_3424701,1,g722,A13
LA_E_3424802,1,alaw,A07
LA_E_3425106,1,opus,A15
LA_E_3425470,1,g722,A15
LA_E_3426658,1,alaw,A19
LA_E_3427971,1,none,A13
LA_E_3428672,1,none,A10
LA_E_3428821,1,ulaw,A10
LA_E_3429497,1,opus,A17
LA_E_3429586,1,none,A17
LA_E_3429676,1,gsm,A14
LA_E_3429956,1,opus,A10
LA_E_3429995,1,ulaw,A09
LA_E_3430301,1,g722,A14
LA_E_3431054,1,alaw,A10
LA_E_3431365,1,opus,A18
LA_E_3431461,1,alaw,A19
LA_E_3431556,1,g722,A14
LA_E_3431577,1,none,A18
LA_E_3431584,1,pstn,A19
LA_E_3431736,1,ulaw,A11
LA_E_3431817,0,opus,bonafide
LA_E_3431818,1,g722,A17
LA_E_3431823,1,g722,A14
LA_E_3431925,1,gsm,A10
LA_E_3433274,1,g722,A07
LA_E_3434009,1,alaw,A19
LA_E_3434224,1,alaw,A17
LA_E_3434318,0,opus,bonafide
LA_E_3434362,1,pstn,A11
LA_E_3435180,1,none,A13
LA_E_3435240,1,ulaw,A09
LA_E_3435604,1,opus,A14
LA_E_3436061,1,ulaw,A10
LA_E_3436415,1,none,A08
LA_E_3436941,0,pstn,bonafide
LA_E_3437123,1,opus,A10
LA_E_3437250,1,gsm,A13
LA_E_3437402,1,alaw,A16
LA_E_3438401,1,alaw,A09
LA_E_3438554,1,ulaw,A17
LA_E_3439460,1,alaw,A11
LA_E_3439743,1,gsm,A10
LA_E_3439822,1,none,A12
LA_E_3440067,1,pstn,A14
LA_E_3440544,1,ulaw,A07
LA_E_3440685,1,none,A14
LA_E_3441634,1,opus,A19
LA_E_3441909,1,ulaw,A16
LA_E_3442278,1,gsm,A16
LA_E_3442366,1,none,A10
LA_E_3442569,1,g722,A10
LA_E_3442899,1,none,A19
LA_E_3443309,1,none,A14
LA_E_3443423,0,opus,bonafide
LA_E_3443448,1,opus,A13
LA_E_3443879,1,ulaw,A10
LA_E_3443898,1,alaw,A10
LA_E_3444328,1,none,A14
LA_E_3445035,1,opus,A11
LA_E_3445048,1,g722,A15
LA_E_3445067,1,g722,A16
LA_E_3445738,1,ulaw,A16
LA_E_3445782,1,gsm,A16
LA_E_3446259,1,g722,A07
LA_E_3447330,1,pstn,A17
LA_E_3447501,1,g722,A15
LA_E_3448221,1,alaw,A15
LA_E_3448272,1,alaw,A16
LA_E_3448442,1,pstn,A10
LA_E_3448816,1,g722,A08
LA_E_3449269,1,pstn,A14
LA_E_3449313,1,g722,A07
LA_E_3449372,1,alaw,A16
LA_E_3449709,0,alaw,bonafide
LA_E_3450227,1,opus,A13
LA_E_3450684,1,g722,A18
LA_E_3450807,1,gsm,A08
LA_E_3451686,1,alaw,A13
LA_E_3453323,1,ulaw,A17
LA_E_3454391,1,g722,A18
LA_E_3454534,0,ulaw,bonafide
LA_E_3454864,1,opus,A19
LA_E_3455248,0,alaw,bonafide
LA_E_3455452,1,alaw,A15
LA_E_3455481,1,ulaw,A17
LA_E_3455872,1,g722,A09
LA_E_3456164,1,ulaw,A16
LA_E_3456383,1,opus,A15
LA_E_3456391,1,opus,A18
LA_E_3456544,1,alaw,A09
LA_E_3456954,1,g722,A17
LA_E_3457283,1,pstn,A17
LA_E_3458114,1,g722,A09
LA_E_3458891,1,pstn,A11
LA_E_3458956,1,alaw,A14
LA_E_3459251,1,g722,A17
LA_E_3459801,1,alaw,A14
LA_E_3460160,1,g722,A07
LA_E_3460310,1,g722,A16
LA_E_3460798,1,g722,A19
LA_E_3461039,1,none,A12
LA_E_3461106,0,alaw,bonafide
LA_E_3461534,1,ulaw,A19
LA_E_3461706,1,alaw,A15
LA_E_3462007,1,g722,A10
LA_E_3462410,1,none,A18
LA_E_3462893,1,none,A15
LA_E_3463223,1,none,A13
LA_E_3463423,1,pstn,A07
LA_E_3463566,1,pstn,A19
LA_E_3463584,1,pstn,A16
LA_E_3463797,1,g722,A12
LA_E_3464716,1,g722,A18
LA_E_3464737,1,none,A11
LA_E_3465402,1,gsm,A12
LA_E_3466005,1,none,A15
LA_E_3466499,1,g722,A18
LA_E_3466672,1,g722,A16
LA_E_3466944,1,g722,A09
LA_E_3467095,1,g722,A13
LA_E_3467575,1,gsm,A14
LA_E_3468276,1,pstn,A10
LA_E_3469082,1,g722,A16
LA_E_3469507,1,pstn,A10
LA_E_3469692,0,alaw,bonafide
LA_E_3469879,1,g722,A17
LA_E_3469948,1,alaw,A14
LA_E_3470134,1,none,A16
LA_E_3470252,1,none,A12
LA_E_3470295,1,ulaw,A14
LA_E_3470451,1,g722,A19
LA_E_3470800,1,pstn,A17
LA_E_3470860,1,alaw,A07
LA_E_3471090,1,opus,A15
LA_E_3471140,1,opus,A12
LA_E_3473254,1,none,A08
LA_E_3473723,1,pstn,A07
LA_E_3474318,1,g722,A17
LA_E_3474350,1,pstn,A08
LA_E_3474491,1,ulaw,A16
LA_E_3474755,1,opus,A10
LA_E_3475471,1,opus,A09
LA_E_3475634,1,none,A18
LA_E_3476044,1,alaw,A11
LA_E_3476364,1,alaw,A11
LA_E_3476430,1,none,A16
LA_E_3477243,1,g722,A13
LA_E_3477931,1,pstn,A19
LA_E_3478360,1,g722,A16
LA_E_3478456,1,opus,A12
LA_E_3479201,1,pstn,A13
LA_E_3479400,1,opus,A09
LA_E_3481572,1,pstn,A10
LA_E_3481880,1,none,A18
LA_E_3482441,1,pstn,A18
LA_E_3482496,1,alaw,A19
LA_E_3482664,1,alaw,A13
LA_E_3482877,1,alaw,A10
LA_E_3483415,1,opus,A07
LA_E_3483683,1,ulaw,A10
LA_E_3483865,1,opus,A14
LA_E_3483882,1,gsm,A09
LA_E_3483986,1,pstn,A08
LA_E_3483994,1,none,A09
LA_E_3484013,1,none,A16
LA_E_3484303,1,opus,A14
LA_E_3484434,1,g722,A12
LA_E_3485792,1,g722,A12
LA_E_3485969,1,pstn,A11
LA_E_3486687,1,none,A13
LA_E_3486990,1,none,A08
LA_E_3487723,1,ulaw,A13
LA_E_3487755,1,opus,A16
LA_E_3487864,1,alaw,A07
LA_E_3488648,1,ulaw,A11
LA_E_3488886,1,g722,A18
LA_E_3489416,1,g722,A19
LA_E_3489926,0,pstn,bonafide
LA_E_3489981,1,pstn,A15
LA_E_3490066,1,opus,A16
LA_E_3490218,1,pstn,A16
LA_E_3490756,1,gsm,A15
LA_E_3490915,0,alaw,bonafide
LA_E_3490957,1,gsm,A13
LA_E_3491408,1,g722,A10
LA_E_3491904,1,g722,A18
LA_E_3492547,1,g722,A14
LA_E_3492744,1,none,A18
LA_E_3493338,1,opus,A08
LA_E_3493358,1,ulaw,A18
LA_E_3493397,0,none,bonafide
LA_E_3493641,1,g722,A18
LA_E_3493895,1,ulaw,A16
LA_E_3493943,1,opus,A14
LA_E_3493991,1,g722,A10
LA_E_3494625,1,none,A17
LA_E_3494710,1,ulaw,A18
LA_E_3494874,1,ulaw,A13
LA_E_3495090,1,gsm,A08
LA_E_3495142,1,pstn,A08
LA_E_3495671,1,pstn,A11
LA_E_3496115,1,gsm,A18
LA_E_3496147,1,pstn,A10
LA_E_3496393,1,none,A10
LA_E_3498251,1,alaw,A13
LA_E_3498416,0,g722,bonafide
LA_E_3498537,1,gsm,A17
LA_E_3499779,1,ulaw,A16
LA_E_3500177,1,ulaw,A08
LA_E_3500267,1,ulaw,A19
LA_E_3500463,1,pstn,A11
LA_E_3500885,1,gsm,A15
LA_E_3501030,1,none,A12
LA_E_3501255,1,opus,A07
LA_E_3502420,1,pstn,A13
LA_E_3502563,1,opus,A08
LA_E_3502577,1,none,A17
LA_E_3503365,1,none,A10
LA_E_3503759,1,alaw,A07
LA_E_3503984,1,none,A15
LA_E_3504051,1,pstn,A19
LA_E_3504383,1,gsm,A17
LA_E_3504993,1,alaw,A16
LA_E_3505060,1,pstn,A12
LA_E_3505201,1,pstn,A16
LA_E_3505271,1,gsm,A11
LA_E_3505452,1,none,A07
LA_E_3505496,1,none,A19
LA_E_3505955,1,gsm,A15
LA_E_3506509,1,gsm,A18
LA_E_3506874,1,pstn,A13
LA_E_3507131,1,pstn,A16
LA_E_3507161,1,ulaw,A17
LA_E_3507312,1,pstn,A14
LA_E_3508039,1,g722,A07
LA_E_3508319,1,none,A10
LA_E_3509062,1,none,A11
LA_E_3509127,1,none,A11
LA_E_3509539,1,none,A13
LA_E_3510178,1,pstn,A14
LA_E_3510478,1,pstn,A13
LA_E_3510523,1,alaw,A07
LA_E_3511032,1,ulaw,A16
LA_E_3511565,1,alaw,A08
LA_E_3511570,1,ulaw,A10
LA_E_3511573,1,alaw,A17
LA_E_3511599,1,opus,A07
LA_E_3511899,1,ulaw,A08
LA_E_3512069,0,alaw,bonafide
LA_E_3512240,1,g722,A08
LA_E_3512538,1,alaw,A11
LA_E_3512991,1,alaw,A12
LA_E_3513067,1,g722,A11
LA_E_3513674,1,g722,A10
LA_E_3513709,1,alaw,A15
LA_E_3513840,1,none,A19
LA_E_3513902,1,alaw,A14
LA_E_3514884,1,alaw,A16
LA_E_3515205,1,pstn,A16
LA_E_3515466,1,g722,A13
LA_E_3515511,1,opus,A09
LA_E_3515639,1,none,A19
LA_E_3515752,1,ulaw,A09
LA_E_3516010,1,g722,A12
LA_E_3516401,1,g722,A12
LA_E_3516650,1,alaw,A16
LA_E_3516981,1,pstn,A08
LA_E_3517276,1,none,A11
LA_E_3517419,1,alaw,A10
LA_E_3518460,1,gsm,A18
LA_E_3518860,1,ulaw,A15
LA_E_3518930,1,pstn,A14
LA_E_3520225,1,g722,A08
LA_E_3520654,1,ulaw,A11
LA_E_3521835,1,ulaw,A14
LA_E_3522625,1,none,A17
LA_E_3522848,1,g722,A10
LA_E_3524690,1,pstn,A09
LA_E_3525313,1,gsm,A11
LA_E_3525335,1,ulaw,A19
LA_E_3525382,1,none,A13
LA_E_3525761,1,gsm,A11
LA_E_3526412,1,alaw,A18
LA_E_3526518,1,alaw,A13
LA_E_3527581,1,g722,A12
LA_E_3527634,1,ulaw,A07
LA_E_3527876,1,opus,A13
LA_E_3528183,1,alaw,A17
LA_E_3528501,1,g722,A12
LA_E_3528915,1,ulaw,A10
LA_E_3529062,1,g722,A12
LA_E_3529125,1,pstn,A11
LA_E_3529421,1,pstn,A07
LA_E_3529707,1,gsm,A18
LA_E_3529882,1,gsm,A10
LA_E_3529952,1,gsm,A10
LA_E_3530089,1,opus,A08
LA_E_3530267,1,alaw,A17
LA_E_3531270,1,pstn,A17
LA_E_3531646,1,pstn,A16
LA_E_3533313,1,g722,A17
LA_E_3533370,1,g722,A09
LA_E_3533511,1,gsm,A13
LA_E_3533566,1,none,A07
LA_E_3533746,1,ulaw,A12
LA_E_3534479,1,g722,A15
LA_E_3534879,1,alaw,A18
LA_E_3535084,1,opus,A10
LA_E_3535260,0,pstn,bonafide
LA_E_3535616,1,gsm,A16
LA_E_3535663,0,ulaw,bonafide
LA_E_3536495,1,pstn,A07
LA_E_3536564,1,opus,A09
LA_E_3536999,1,opus,A14
LA_E_3537637,1,pstn,A07
LA_E_3537854,1,opus,A14
LA_E_3538120,0,opus,bonafide
LA_E_3538121,1,none,A13
LA_E_3538182,1,ulaw,A12
LA_E_3539166,0,pstn,bonafide
LA_E_3539676,1,none,A17
LA_E_3539746,1,g722,A10
LA_E_3540444,1,pstn,A14
LA_E_3540516,1,ulaw,A14
LA_E_3541023,1,opus,A10
LA_E_3541030,1,gsm,A15
LA_E_3541057,1,gsm,A07
LA_E_3541505,1,pstn,A16
LA_E_3542257,1,ulaw,A07
LA_E_3542608,1,pstn,A10
LA_E_3542646,1,pstn,A11
LA_E_3542809,0,gsm,bonafide
LA_E_3543254,0,none,bonafide
LA_E_3543267,1,pstn,A13
LA_E_3543928,1,pstn,A11
LA_E_3544134,1,g722,A07
LA_E_3544139,1,pstn,A18
LA_E_3544555,1,pstn,A15
LA_E_3545580,0,pstn,bonafide
LA_E_3545585,1,alaw,A19
LA_E_3545984,1,pstn,A18
LA_E_3546080,1,alaw,A14
LA_E_3547009,1,pstn,A19
LA_E_3547464,1,ulaw,A07
LA_E_3547808,1,pstn,A18
LA_E_3548066,1,ulaw,A09
LA_E_3548198,1,alaw,A14
LA_E_3548230,1,alaw,A15
LA_E_3548589,1,none,A07
LA_E_3549342,1,pstn,A16
LA_E_3550267,1,none,A19
LA_E_3550915,1,none,A09
LA_E_3550937,1,pstn,A15
LA_E_3551195,1,pstn,A17
LA_E_3551411,0,opus,bonafide
LA_E_3551942,1,gsm,A07
LA_E_3552924,1,opus,A13
LA_E_3552960,1,opus,A13
LA_E_3554100,1,gsm,A18
LA_E_3554384,1,opus,A10
LA_E_3554446,1,opus,A15
LA_E_3556213,1,gsm,A11
LA_E_3556484,0,pstn,bonafide
LA_E_3557041,1,opus,A15
LA_E_3557123,0,alaw,bonafide
LA_E_3557166,1,pstn,A15
LA_E_3557294,1,none,A15
LA_E_3557320,1,ulaw,A07
LA_E_3557331,1,pstn,A19
LA_E_3557419,1,pstn,A09
LA_E_3557982,1,pstn,A10
LA_E_3558188,1,opus,A16
LA_E_3558277,1,g722,A09
LA_E_3558677,1,ulaw,A07
LA_E_3558772,1,none,A07
LA_E_3559066,1,opus,A08
LA_E_3559907,1,ulaw,A16
LA_E_3559941,1,gsm,A08
LA_E_3560052,1,ulaw,A09
LA_E_3560253,1,none,A09
LA_E_3560289,1,opus,A18
LA_E_3560568,1,ulaw,A07
LA_E_3560569,1,g722,A15
LA_E_3560718,1,g722,A11
LA_E_3560937,0,ulaw,bonafide
LA_E_3561431,1,opus,A18
LA_E_3561990,1,gsm,A18
LA_E_3562190,1,gsm,A17
LA_E_3562195,1,none,A11
LA_E_3562448,1,none,A18
LA_E_3562939,0,alaw,bonafide
LA_E_3562979,1,opus,A09
LA_E_3563091,1,g722,A19
LA_E_3564088,1,alaw,A19
LA_E_3564218,1,alaw,A11
LA_E_3564606,1,ulaw,A15
LA_E_3564699,1,alaw,A10
LA_E_3565661,1,none,A12
LA_E_3565794,1,alaw,A12
LA_E_3566349,1,none,A14
LA_E_3566582,1,pstn,A10
LA_E_3566786,1,g722,A10
LA_E_3567007,1,g722,A10
LA_E_3567302,1,opus,A19
LA_E_3567305,1,ulaw,A12
LA_E_3567662,1,none,A08
LA_E_3567841,1,pstn,A19
LA_E_3568188,1,none,A09
LA_E_3568487,1,alaw,A17
LA_E_3569341,0,gsm,bonafide
LA_E_3569646,1,ulaw,A07
LA_E_3570693,1,opus,A19
LA_E_3570812,1,g722,A11
LA_E_3571117,0,none,bonafide
LA_E_3571232,1,ulaw,A09
LA_E_3571465,1,gsm,A16
LA_E_3571627,1,opus,A13
LA_E_3571741,1,alaw,A08
LA_E_3572002,1,pstn,A11
LA_E_3572163,1,ulaw,A13
LA_E_3572213,1,none,A19
LA_E_3572538,1,pstn,A08
LA_E_3572920,1,g722,A17
LA_E_3573120,1,opus,A16
LA_E_3573569,1,pstn,A14
LA_E_3574000,1,alaw,A14
LA_E_3574075,1,gsm,A16
LA_E_3574390,0,g722,bonafide
LA_E_3574484,1,alaw,A15
LA_E_3574536,1,gsm,A13
LA_E_3574581,1,g722,A19
LA_E_3574879,1,alaw,A10
LA_E_3575736,1,alaw,A17
LA_E_3576467,1,opus,A18
LA_E_3576726,1,opus,A08
LA_E_3576787,1,g722,A19
LA_E_3576984,1,alaw,A12
LA_E_3577012,0,alaw,bonafide
LA_E_3577197,1,ulaw,A07
LA_E_3577866,1,alaw,A17
LA_E_3578089,1,g722,A17
LA_E_3578174,0,pstn,bonafide
LA_E_3578203,1,g722,A10
LA_E_3578389,1,none,A15
LA_E_3578586,1,alaw,A16
LA_E_3578616,1,g722,A19
LA_E_3578700,1,alaw,A12
LA_E_3579020,1,gsm,A18
LA_E_3579248,1,opus,A16
LA_E_3579556,1,pstn,A16
LA_E_3579960,1,pstn,A12
LA_E_3580726,1,alaw,A15
LA_E_3581393,1,gsm,A10
LA_E_3581609,1,g722,A09
LA_E_3582164,1,g722,A09
LA_E_3582461,1,pstn,A11
LA_E_3582795,1,g722,A11
LA_E_3582862,1,pstn,A09
LA_E_3582931,1,alaw,A10
LA_E_3583023,1,pstn,A12
LA_E_3583290,1,ulaw,A18
LA_E_3583298,1,g722,A14
LA_E_3583772,1,g722,A18
LA_E_3583986,1,g722,A08
LA_E_3584656,1,opus,A11
LA_E_3584665,1,pstn,A10
LA_E_3584890,1,pstn,A12
LA_E_3585048,1,pstn,A15
LA_E_3585225,0,none,bonafide
LA_E_3585277,1,g722,A10
LA_E_3585317,1,pstn,A19
LA_E_3585543,1,ulaw,A13
LA_E_3585553,1,pstn,A16
LA_E_3585634,1,pstn,A16
LA_E_3585950,1,g722,A13
LA_E_3587095,1,ulaw,A13
LA_E_3587217,0,g722,bonafide
LA_E_3587270,1,pstn,A09
LA_E_3587499,1,none,A17
LA_E_3588683,1,alaw,A08
LA_E_3588822,1,g722,A16
LA_E_3588866,1,g722,A17
LA_E_3588981,1,g722,A10
LA_E_3589209,1,opus,A08
LA_E_3589235,1,opus,A09
LA_E_3589944,1,pstn,A18
LA_E_3590040,1,alaw,A15
LA_E_3590195,1,g722,A13
LA_E_3590433,1,none,A09
LA_E_3591062,0,pstn,bonafide
LA_E_3591278,1,opus,A11
LA_E_3591378,1,ulaw,A17
LA_E_3591595,1,pstn,A13
LA_E_3591638,1,alaw,A12
LA_E_3592785,1,opus,A18
LA_E_3593316,1,g722,A15
LA_E_3593812,1,pstn,A11
LA_E_3594802,1,gsm,A17
LA_E_3595252,1,none,A13
LA_E_3595369,1,opus,A10
LA_E_3595606,1,pstn,A11
LA_E_3595610,1,ulaw,A12
LA_E_3595859,1,g722,A13
LA_E_3595920,1,g722,A19
LA_E_3596604,0,none,bonafide
LA_E_3596688,1,g722,A16
LA_E_3596853,1,alaw,A19
LA_E_3597058,1,gsm,A19
LA_E_3597103,0,pstn,bonafide
LA_E_3597420,1,g722,A14
LA_E_3597682,1,gsm,A17
LA_E_3597834,1,opus,A18
LA_E_3597876,1,alaw,A16
LA_E_3598028,1,g722,A07
LA_E_3598347,1,none,A19
LA_E_3598659,1,gsm,A16
LA_E_3599014,1,opus,A17
LA_E_3599393,1,alaw,A10
LA_E_3599508,1,gsm,A12
LA_E_3599748,1,opus,A15
LA_E_3600033,1,pstn,A17
LA_E_3600452,0,opus,bonafide
LA_E_3600740,1,none,A15
LA_E_3601237,1,gsm,A14
LA_E_3601449,1,pstn,A14
LA_E_3601739,1,none,A16
LA_E_3602009,1,pstn,A13
LA_E_3602103,1,alaw,A14
LA_E_3602135,1,gsm,A14
LA_E_3602239,1,pstn,A13
LA_E_3602653,1,ulaw,A12
LA_E_3602672,1,gsm,A12
LA_E_3604734,0,none,bonafide
LA_E_3605343,1,ulaw,A17
LA_E_3606263,1,opus,A16
LA_E_3607330,1,none,A11
LA_E_3607988,1,none,A18
LA_E_3608427,0,alaw,bonafide
LA_E_3609030,1,pstn,A14
LA_E_3609559,1,none,A09
LA_E_3609598,1,opus,A18
LA_E_3610365,1,gsm,A14
LA_E_3610458,1,none,A19
LA_E_3610536,1,pstn,A07
LA_E_3610769,1,pstn,A09
LA_E_3611512,1,gsm,A08
LA_E_3611548,0,g722,bonafide
LA_E_3611689,1,ulaw,A13
LA_E_3612273,1,gsm,A10
LA_E_3612373,1,g722,A11
LA_E_3612695,0,none,bonafide
LA_E_3612853,1,alaw,A13
LA_E_3612963,1,ulaw,A16
LA_E_3613530,1,g722,A18
LA_E_3613623,1,g722,A16
LA_E_3614498,1,none,A07
LA_E_3614587,1,ulaw,A18
LA_E_3614812,1,alaw,A18
LA_E_3615070,1,g722,A13
LA_E_3615612,1,alaw,A18
LA_E_3615766,1,none,A09
LA_E_3615854,1,g722,A07
LA_E_3616127,1,gsm,A08
LA_E_3616348,0,opus,bonafide
LA_E_3617675,1,pstn,A11
LA_E_3618004,1,none,A10
LA_E_3618546,1,none,A08
LA_E_3618716,1,pstn,A17
LA_E_3618755,1,opus,A10
LA_E_3619513,0,alaw,bonafide
LA_E_3619902,1,g722,A19
LA_E_3619980,1,gsm,A10
LA_E_3620260,1,g722,A18
LA_E_3620261,1,opus,A10
LA_E_3620837,1,g722,A15
LA_E_3621064,0,alaw,bonafide
LA_E_3621152,1,none,A19
LA_E_3621219,1,none,A14
LA_E_3621292,1,none,A12
LA_E_3621334,0,ulaw,bonafide
LA_E_3621361,1,g722,A18
LA_E_3621964,1,ulaw,A18
LA_E_3622032,1,gsm,A15
LA_E_3622294,1,pstn,A13
LA_E_3623080,1,opus,A18
LA_E_3623215,1,gsm,A07
LA_E_3623272,1,gsm,A15
LA_E_3623315,1,none,A09
LA_E_3624601,0,none,bonafide
LA_E_3625430,1,alaw,A13
LA_E_3625928,1,ulaw,A08
LA_E_3625958,0,opus,bonafide
LA_E_3626075,0,alaw,bonafide
LA_E_3627127,1,ulaw,A17
LA_E_3627735,1,ulaw,A10
LA_E_3628308,1,gsm,A15
LA_E_3628354,0,g722,bonafide
LA_E_3628396,1,opus,A07
LA_E_3628686,1,alaw,A16
LA_E_3628746,1,none,A18
LA_E_3629005,0,ulaw,bonafide
LA_E_3630288,1,ulaw,A08
LA_E_3630582,1,opus,A07
LA_E_3630727,1,gsm,A09
LA_E_3630737,1,none,A16
LA_E_3631303,1,pstn,A14
LA_E_3631422,1,opus,A15
LA_E_3631594,1,gsm,A09
LA_E_3631726,1,alaw,A13
LA_E_3631913,1,ulaw,A10
LA_E_3632201,1,none,A15
LA_E_3632576,1,g722,A17
LA_E_3632641,0,gsm,bonafide
LA_E_3632942,1,gsm,A12
LA_E_3633115,1,alaw,A16
LA_E_3633301,1,alaw,A19
LA_E_3633335,0,opus,bonafide
LA_E_3633349,1,ulaw,A16
LA_E_3633496,1,pstn,A15
LA_E_3634977,1,opus,A19
LA_E_3635214,1,g722,A07
LA_E_3635807,1,opus,A12
LA_E_3636104,1,gsm,A10
LA_E_3636155,1,g722,A09
LA_E_3636223,1,none,A12
LA_E_3636328,1,opus,A18
LA_E_3636638,1,pstn,A17
LA_E_3637294,1,pstn,A07
LA_E_3637303,1,none,A17
LA_E_3637478,0,alaw,bonafide
LA_E_3637486,1,opus,A12
LA_E_3637738,1,none,A14
LA_E_3638677,1,alaw,A14
LA_E_3639493,0,alaw,bonafide
LA_E_3639668,1,g722,A13
LA_E_3640080,0,ulaw,bonafide
LA_E_3640119,1,pstn,A12
LA_E_3641756,1,none,A18
LA_E_3642259,1,g722,A14
LA_E_3642295,1,opus,A11
LA_E_3642366,1,alaw,A16
LA_E_3642488,1,opus,A15
LA_E_3642925,1,ulaw,A14
LA_E_3643248,1,alaw,A11
LA_E_3643385,1,alaw,A12
LA_E_3644030,1,none,A16
LA_E_3644116,0,gsm,bonafide
LA_E_3644194,1,pstn,A07
LA_E_3644327,1,g722,A14
LA_E_3644373,0,none,bonafide
LA_E_3645492,0,g722,bonafide
LA_E_3645741,0,gsm,bonafide
LA_E_3645808,1,ulaw,A18
LA_E_3646315,1,none,A07
LA_E_3646340,1,alaw,A13
LA_E_3647046,0,none,bonafide
LA_E_3647640,1,alaw,A08
LA_E_3647754,1,none,A12
LA_E_3647850,1,none,A14
LA_E_3648066,1,ulaw,A17
LA_E_3649084,0,ulaw,bonafide
LA_E_3649235,1,opus,A10
LA_E_3649474,1,none,A10
LA_E_3649859,1,alaw,A14
LA_E_3649890,1,gsm,A12
LA_E_3650105,1,ulaw,A12
LA_E_3650157,1,none,A10
LA_E_3650233,1,none,A10
LA_E_3650262,1,opus,A17
LA_E_3650374,0,gsm,bonafide
LA_E_3650460,1,gsm,A17
LA_E_3650691,1,g722,A07
LA_E_3651141,1,gsm,A11
LA_E_3651158,1,opus,A19
LA_E_3651392,1,pstn,A19
LA_E_3652045,1,pstn,A16
LA_E_3652272,1,opus,A18
LA_E_3653155,1,pstn,A10
LA_E_3653203,1,pstn,A14
LA_E_3653504,1,pstn,A08
LA_E_3653743,1,g722,A19
LA_E_3653934,1,g722,A13
LA_E_3654278,1,none,A08
LA_E_3654363,1,pstn,A16
LA_E_3654432,1,none,A07
LA_E_3654597,1,gsm,A08
LA_E_3654786,1,none,A18
LA_E_3655264,1,alaw,A14
LA_E_3655342,1,alaw,A09
LA_E_3655388,0,opus,bonafide
LA_E_3655821,1,ulaw,A10
LA_E_3655847,1,opus,A11
LA_E_3656812,0,pstn,bonafide
LA_E_3657044,1,alaw,A19
LA_E_3657259,1,opus,A19
LA_E_3657555,1,none,A09
LA_E_3657569,1,gsm,A13
LA_E_3657856,1,pstn,A18
LA_E_3658058,0,gsm,bonafide
LA_E_3658170,1,opus,A09
LA_E_3658625,1,alaw,A12
LA_E_3658845,1,g722,A16
LA_E_3658869,1,alaw,A07
LA_E_3659243,1,none,A08
LA_E_3660372,1,g722,A12
LA_E_3660373,1,pstn,A07
LA_E_3660476,1,gsm,A13
LA_E_3660523,1,gsm,A11
LA_E_3660601,1,opus,A13
LA_E_3660845,1,ulaw,A14
LA_E_3661229,1,none,A11
LA_E_3662134,1,g722,A18
LA_E_3662442,1,ulaw,A19
LA_E_3662465,0,alaw,bonafide
LA_E_3663036,1,gsm,A14
LA_E_3663511,1,alaw,A14
LA_E_3663559,1,ulaw,A10
LA_E_3664139,1,g722,A07
LA_E_3664452,1,opus,A14
LA_E_3664767,1,pstn,A18
LA_E_3664896,1,alaw,A10
LA_E_3665024,1,pstn,A12
LA_E_3665060,1,none,A12
LA_E_3665110,1,none,A13
LA_E_3665211,1,pstn,A18
LA_E_3665294,1,gsm,A15
LA_E_3665307,0,pstn,bonafide
LA_E_3665308,1,alaw,A18
LA_E_3665534,1,ulaw,A07
LA_E_3666083,1,gsm,A14
LA_E_3666341,1,pstn,A16
LA_E_3666346,1,opus,A13
LA_E_3667481,1,ulaw,A19
LA_E_3667492,1,pstn,A10
LA_E_3669381,1,g722,A08
LA_E_3670205,1,ulaw,A10
LA_E_3670221,1,none,A07
LA_E_3670234,1,g722,A19
LA_E_3670283,1,g722,A09
LA_E_3670291,0,g722,bonafide
LA_E_3671041,1,g722,A08
LA_E_3671483,1,alaw,A09
LA_E_3671733,1,pstn,A19
LA_E_3671777,1,pstn,A08
LA_E_3672122,1,opus,A09
LA_E_3672657,0,gsm,bonafide
LA_E_3672946,1,alaw,A13
LA_E_3672958,1,opus,A08
LA_E_3673139,1,pstn,A18
LA_E_3673600,1,alaw,A12
LA_E_3674669,0,ulaw,bonafide
LA_E_3674951,1,alaw,A18
LA_E_3675304,1,pstn,A16
LA_E_3675357,1,none,A19
LA_E_3675592,1,gsm,A09
LA_E_3675792,1,gsm,A12
LA_E_3676078,1,none,A08
LA_E_3676249,1,gsm,A07
LA_E_3677047,1,none,A14
LA_E_3677367,1,alaw,A09
LA_E_3677537,1,g722,A11
LA_E_3677628,1,ulaw,A16
LA_E_3678561,1,ulaw,A15
LA_E_3679003,0,opus,bonafide
LA_E_3679144,1,none,A16
LA_E_3679310,1,g722,A15
LA_E_3679442,1,opus,A11
LA_E_3680060,1,none,A11
LA_E_3680400,1,none,A18
LA_E_3680735,1,gsm,A07
LA_E_3680769,1,g722,A08
LA_E_3681242,1,pstn,A16
LA_E_3681267,1,alaw,A11
LA_E_3681299,1,g722,A07
LA_E_3681985,1,ulaw,A09
LA_E_3683022,1,pstn,A12
LA_E_3683095,1,none,A18
LA_E_3683280,0,g722,bonafide
LA_E_3683384,1,opus,A07
LA_E_3683463,1,g722,A09
LA_E_3683497,1,none,A15
LA_E_3683791,1,opus,A14
LA_E_3683991,1,ulaw,A09
LA_E_3684221,1,pstn,A14
LA_E_3684283,1,none,A18
LA_E_3685333,1,opus,A15
LA_E_3685763,1,pstn,A08
LA_E_3685837,1,alaw,A12
LA_E_3686063,1,g722,A18
LA_E_3686872,1,none,A13
LA_E_3687277,1,g722,A17
LA_E_3687424,1,g722,A12
LA_E_3687451,1,g722,A14
LA_E_3688108,1,g722,A08
LA_E_3688287,1,g722,A14
LA_E_3688663,0,g722,bonafide
LA_E_3690015,1,alaw,A07
LA_E_3690149,1,g722,A14
LA_E_3690870,1,gsm,A15
LA_E_3691966,1,alaw,A18
LA_E_3692180,1,g722,A12
LA_E_3692392,1,opus,A17
LA_E_3692601,1,ulaw,A15
LA_E_3692708,1,gsm,A14
LA_E_3692963,1,ulaw,A16
LA_E_3693210,1,pstn,A09
LA_E_3693455,1,ulaw,A17
LA_E_3694092,0,opus,bonafide
LA_E_3694445,1,ulaw,A10
LA_E_3695021,1,g722,A16
LA_E_3695132,0,gsm,bonafide
LA_E_3695632,1,gsm,A15
LA_E_3695810,1,g722,A15
LA_E_3695935,0,opus,bonafide
LA_E_3696756,1,gsm,A11
LA_E_3697360,1,ulaw,A09
LA_E_3697806,1,none,A09
LA_E_3698075,1,opus,A08
LA_E_3698808,1,alaw,A11
LA_E_3698843,1,opus,A13
LA_E_3698873,1,gsm,A08
LA_E_3698886,1,pstn,A12
LA_E_3699487,1,pstn,A08
LA_E_3699704,0,opus,bonafide
LA_E_3699712,1,alaw,A08
LA_E_3699854,1,gsm,A19
LA_E_3700354,1,ulaw,A08
LA_E_3701315,1,none,A14
LA_E_3701433,1,none,A07
LA_E_3701647,1,gsm,A07
LA_E_3701945,1,ulaw,A15
LA_E_3702202,1,gsm,A17
LA_E_3702266,1,none,A13
LA_E_3702285,0,gsm,bonafide
LA_E_3702449,1,alaw,A14
LA_E_3702503,1,g722,A18
LA_E_3702852,0,gsm,bonafide
LA_E_3703454,1,alaw,A19
LA_E_3704082,0,pstn,bonafide
LA_E_3704171,0,pstn,bonafide
LA_E_3704468,1,g722,A12
LA_E_3704626,1,g722,A07
LA_E_3705125,1,pstn,A13
LA_E_3705147,1,gsm,A17
LA_E_3705294,1,pstn,A10
LA_E_3705311,1,g722,A18
LA_E_3705755,0,none,bonafide
LA_E_3705929,1,alaw,A09
LA_E_3705931,0,pstn,bonafide
LA_E_3706184,1,alaw,A10
LA_E_3706615,1,pstn,A15
LA_E_3706651,1,pstn,A19
LA_E_3706752,1,g722,A15
LA_E_3706767,1,none,A16
LA_E_3707004,0,pstn,bonafide
LA_E_3707006,1,g722,A11
LA_E_3707197,1,none,A11
LA_E_3707524,1,opus,A07
LA_E_3707875,1,gsm,A09
LA_E_3708025,1,ulaw,A17
LA_E_3708216,1,pstn,A13
LA_E_3708748,1,g722,A18
LA_E_3708763,1,alaw,A07
LA_E_3709280,1,pstn,A19
LA_E_3709580,1,g722,A15
LA_E_3709639,1,opus,A09
LA_E_3709844,1,ulaw,A09
LA_E_3710799,0,gsm,bonafide
LA_E_3710861,0,ulaw,bonafide
LA_E_3711266,1,gsm,A19
LA_E_3711808,1,alaw,A13
LA_E_3711820,1,alaw,A17
LA_E_3711932,0,gsm,bonafide
LA_E_3712027,1,opus,A12
LA_E_3712922,1,g722,A17
LA_E_3713772,1,none,A09
LA_E_3714067,1,gsm,A17
LA_E_3714433,1,none,A16
LA_E_3714593,0,opus,bonafide
LA_E_3714831,1,pstn,A15
LA_E_3715081,1,alaw,A14
LA_E_3716555,1,opus,A16
LA_E_3716639,1,ulaw,A15
LA_E_3717185,1,ulaw,A09
LA_E_3717346,1,ulaw,A11
LA_E_3717417,1,alaw,A15
LA_E_3717952,1,alaw,A11
LA_E_3718544,1,g722,A11
LA_E_3718739,1,opus,A09
LA_E_3718825,1,alaw,A13
LA_E_3718999,1,gsm,A13
LA_E_3719113,0,alaw,bonafide
LA_E_3719200,1,ulaw,A19
LA_E_3719851,1,pstn,A10
LA_E_3720016,1,g722,A13
LA_E_3720309,1,pstn,A18
LA_E_3720480,1,opus,A19
LA_E_3720578,0,opus,bonafide
LA_E_3720661,1,ulaw,A08
LA_E_3720758,0,pstn,bonafide
LA_E_3721428,0,g722,bonafide
LA_E_3721532,1,pstn,A09
LA_E_3721635,1,none,A09
LA_E_3721953,1,opus,A16
LA_E_3722410,1,opus,A17
LA_E_3722637,1,opus,A09
LA_E_3722650,0,ulaw,bonafide
LA_E_3723091,1,pstn,A12
LA_E_3723631,1,gsm,A08
LA_E_3723871,1,alaw,A18
LA_E_3723943,0,none,bonafide
LA_E_3724331,1,gsm,A15
LA_E_3725290,1,alaw,A08
LA_E_3725560,1,ulaw,A16
LA_E_3725744,1,alaw,A08
LA_E_3725886,1,opus,A16
LA_E_3725970,1,g722,A16
LA_E_3726267,1,none,A09
LA_E_3726347,1,g722,A17
LA_E_3726542,1,gsm,A13
LA_E_3726779,1,pstn,A13
LA_E_3726973,1,opus,A13
LA_E_3727085,1,gsm,A17
LA_E_3727239,1,alaw,A08
LA_E_3727248,1,none,A10
LA_E_3727841,1,alaw,A07
LA_E_3728082,1,gsm,A10
LA_E_3728632,1,alaw,A16
LA_E_3729064,1,g722,A11
LA_E_3729754,1,pstn,A17
LA_E_3730177,1,gsm,A10
LA_E_3730759,1,gsm,A09
LA_E_3731266,1,opus,A07
LA_E_3731683,1,none,A17
LA_E_3731724,1,none,A14
LA_E_3731913,1,none,A08
LA_E_3732582,1,none,A14
LA_E_3732624,1,gsm,A13
LA_E_3732828,1,none,A16
LA_E_3733076,1,ulaw,A19
LA_E_3733080,0,g722,bonafide
LA_E_3733099,1,opus,A16
LA_E_3733313,1,pstn,A09
LA_E_3733479,0,gsm,bonafide
LA_E_3733581,1,alaw,A19
LA_E_3733725,1,gsm,A17
LA_E_3733855,1,ulaw,A12
LA_E_3733917,1,gsm,A15
LA_E_3734095,1,ulaw,A10
LA_E_3734100,1,ulaw,A17
LA_E_3734136,1,ulaw,A11
LA_E_3734168,1,none,A19
LA_E_3734624,0,none,bonafide
LA_E_3735741,1,opus,A18
LA_E_3735742,1,ulaw,A09
LA_E_3735776,0,none,bonafide
LA_E_3736088,1,opus,A08
LA_E_3736175,1,ulaw,A14
LA_E_3736356,1,gsm,A17
LA_E_3737206,1,opus,A18
LA_E_3737402,1,ulaw,A19
LA_E_3737674,1,ulaw,A08
LA_E_3737768,1,none,A13
LA_E_3737965,1,gsm,A17
LA_E_3738851,1,alaw,A14
LA_E_3739632,1,ulaw,A13
LA_E_3739942,1,gsm,A16
LA_E_3740074,1,pstn,A13
LA_E_3740240,0,g722,bonafide
LA_E_3740339,1,g722,A18
LA_E_3740870,1,gsm,A16
LA_E_3741061,1,g722,A17
LA_E_3741917,0,gsm,bonafide
LA_E_3742206,1,g722,A09
LA_E_3742213,1,ulaw,A13
LA_E_3742622,1,gsm,A10
LA_E_3743496,0,pstn,bonafide
LA_E_3743779,1,alaw,A14
LA_E_3744135,0,alaw,bonafide
LA_E_3744867,1,g722,A15
LA_E_3744890,1,gsm,A11
LA_E_3745825,1,none,A17
LA_E_3746105,1,g722,A11
LA_E_3746862,1,opus,A12
LA_E_3747239,1,g722,A13
LA_E_3747418,0,none,bonafide
LA_E_3747511,1,g722,A16
LA_E_3747559,0,ulaw,bonafide
LA_E_3747597,1,pstn,A07
LA_E_3747932,0,alaw,bonafide
LA_E_3749431,1,opus,A13
LA_E_3749500,1,alaw,A18
LA_E_3750395,1,opus,A13
LA_E_3751042,1,pstn,A12
LA_E_3751485,1,ulaw,A12
LA_E_3751489,1,opus,A08
LA_E_3752125,1,pstn,A09
LA_E_3752498,0,g722,bonafide
LA_E_3752525,1,alaw,A10
LA_E_3752651,1,g722,A11
LA_E_3752790,1,none,A12
LA_E_3753136,1,ulaw,A13
LA_E_3753448,1,gsm,A11
LA_E_3753760,1,opus,A09
LA_E_3754247,1,opus,A12
LA_E_3754399,1,alaw,A11
LA_E_3755728,1,ulaw,A16
LA_E_3755843,1,ulaw,A16
LA_E_3756655,1,gsm,A11
LA_E_3756717,1,pstn,A15
LA_E_3757319,0,g722,bonafide
LA_E_3757332,1,none,A10
LA_E_3757366,1,opus,A13
LA_E_3757714,0,ulaw,bonafide
LA_E_3758262,1,pstn,A18
LA_E_3758314,1,alaw,A07
LA_E_3758509,1,gsm,A18
LA_E_3758818,1,opus,A09
LA_E_3759586,1,ulaw,A15
LA_E_3759786,1,none,A16
LA_E_3760022,1,g722,A19
LA_E_3760099,1,none,A11
LA_E_3760217,1,alaw,A08
LA_E_3760224,1,pstn,A11
LA_E_3760381,0,g722,bonafide
LA_E_3760399,1,ulaw,A12
LA_E_3760504,1,none,A14
LA_E_3761201,1,none,A19
LA_E_3761426,1,alaw,A13
LA_E_3761546,1,pstn,A14
LA_E_3761629,1,alaw,A17
LA_E_3762245,1,gsm,A11
LA_E_3762404,0,ulaw,bonafide
LA_E_3762956,1,ulaw,A15
LA_E_3763253,1,gsm,A10
LA_E_3763497,0,opus,bonafide
LA_E_3763538,1,pstn,A17
LA_E_3764248,1,g722,A08
LA_E_3764254,1,gsm,A13
LA_E_3764326,1,none,A15
LA_E_3765656,1,none,A09
LA_E_3765719,1,ulaw,A14
LA_E_3766120,1,g722,A13
LA_E_3766222,1,none,A07
LA_E_3766359,1,ulaw,A08
LA_E_3766459,1,ulaw,A10
LA_E_3766754,1,none,A10
LA_E_3767062,1,opus,A16
LA_E_3767131,1,ulaw,A09
LA_E_3767133,1,opus,A08
LA_E_3767317,1,g722,A10
LA_E_3767396,1,g722,A18
LA_E_3767597,1,gsm,A12
LA_E_3768347,1,gsm,A17
LA_E_3769170,1,none,A08
LA_E_3769278,1,ulaw,A07
LA_E_3769878,0,gsm,bonafide
LA_E_3769910,1,g722,A09
LA_E_3769956,1,g722,A12
LA_E_3770692,1,alaw,A09
LA_E_3770696,1,ulaw,A19
LA_E_3770988,1,alaw,A17
LA_E_3771614,0,gsm,bonafide
LA_E_3772098,1,pstn,A08
LA_E_3772423,1,g722,A07
LA_E_3772980,1,gsm,A12
LA_E_3773298,1,opus,A16
LA_E_3774364,1,ulaw,A18
LA_E_3774692,1,opus,A18
LA_E_3774975,1,ulaw,A15
LA_E_3775301,0,none,bonafide
LA_E_3775326,1,pstn,A11
LA_E_3775457,1,g722,A11
LA_E_3775886,1,opus,A12
LA_E_3776382,1,alaw,A16
LA_E_3776718,1,ulaw,A12
LA_E_3776744,1,pstn,A10
LA_E_3776827,0,opus,bonafide
LA_E_3776965,1,ulaw,A18
LA_E_3777695,1,ulaw,A12
LA_E_3778313,1,pstn,A17
LA_E_3778439,1,ulaw,A11
LA_E_3778788,1,opus,A16
LA_E_3778824,0,none,bonafide
LA_E_3778855,1,ulaw,A09
LA_E_3778889,1,alaw,A19
LA_E_3778930,1,ulaw,A07
LA_E_3779018,1,alaw,A15
LA_E_3779195,1,opus,A14
LA_E_3779425,1,g722,A17
LA_E_3779471,1,ulaw,A16
LA_E_3779513,1,pstn,A13
LA_E_3779795,1,g722,A16
LA_E_3780744,0,alaw,bonafide
LA_E_3780831,1,gsm,A17
LA_E_3780972,1,gsm,A16
LA_E_3781181,1,alaw,A17
LA_E_3781321,1,none,A10
LA_E_3781486,0,g722,bonafide
LA_E_3781934,1,ulaw,A14
LA_E_3782182,0,ulaw,bonafide
LA_E_3782329,1,pstn,A11
LA_E_3783194,1,opus,A16
LA_E_3783496,1,gsm,A10
LA_E_3784031,1,gsm,A18
LA_E_3784155,1,pstn,A11
LA_E_3785389,1,g722,A19
LA_E_3786051,1,alaw,A12
LA_E_3786908,1,ulaw,A12
LA_E_3787926,1,opus,A10
LA_E_3787950,1,g722,A15
LA_E_3787970,0,pstn,bonafide
LA_E_3789004,1,alaw,A14
LA_E_3789392,1,none,A19
LA_E_3789661,1,alaw,A15
LA_E_3789735,1,g722,A10
LA_E_3789981,1,alaw,A16
LA_E_3790045,1,alaw,A10
LA_E_3790230,1,none,A15
LA_E_3790548,1,none,A18
LA_E_3790741,1,alaw,A08
LA_E_3791222,0,pstn,bonafide
LA_E_3791626,1,ulaw,A13
LA_E_3791627,1,pstn,A07
LA_E_3791633,0,pstn,bonafide
LA_E_3791699,1,none,A08
LA_E_3791897,1,alaw,A18
LA_E_3791946,1,alaw,A08
LA_E_3792187,1,pstn,A19
LA_E_3792201,1,gsm,A10
LA_E_3792228,1,g722,A17
LA_E_3792851,1,ulaw,A15
LA_E_3793405,1,ulaw,A15
LA_E_3793535,1,opus,A08
LA_E_3794001,1,g722,A10
LA_E_3794414,1,opus,A09
LA_E_3794482,1,g722,A11
LA_E_3794891,1,g722,A07
LA_E_3795347,1,ulaw,A18
LA_E_3795419,1,opus,A15
LA_E_3795556,1,alaw,A16
LA_E_3796315,1,ulaw,A16
LA_E_3796719,1,opus,A08
LA_E_3797999,1,none,A16
LA_E_3798008,0,alaw,bonafide
LA_E_3798372,1,gsm,A10
LA_E_3799339,1,ulaw,A11
LA_E_3799411,1,opus,A07
LA_E_3799473,1,pstn,A17
LA_E_3800860,1,alaw,A11
LA_E_3801584,1,ulaw,A16
LA_E_3801638,0,alaw,bonafide
LA_E_3801983,1,ulaw,A11
LA_E_3802204,1,ulaw,A15
LA_E_3802398,1,opus,A11
LA_E_3803362,0,none,bonafide
LA_E_3804650,1,none,A17
LA_E_3805069,1,none,A10
LA_E_3805176,1,gsm,A09
LA_E_3805829,1,ulaw,A12
LA_E_3806030,1,gsm,A07
LA_E_3806167,0,ulaw,bonafide
LA_E_3806554,1,g722,A17
LA_E_3806749,1,ulaw,A14
LA_E_3806827,1,gsm,A07
LA_E_3807046,1,alaw,A12
LA_E_3807668,1,ulaw,A15
LA_E_3807703,1,gsm,A12
LA_E_3807709,1,alaw,A17
LA_E_3807907,1,pstn,A18
LA_E_3808128,1,none,A09
LA_E_3808324,1,g722,A14
LA_E_3808785,1,g722,A18
LA_E_3809624,0,ulaw,bonafide
LA_E_3809723,1,opus,A11
LA_E_3810174,1,ulaw,A18
LA_E_3810219,1,gsm,A09
LA_E_3810302,1,opus,A15
LA_E_3810332,1,opus,A19
LA_E_3810497,1,ulaw,A16
LA_E_3811612,1,none,A14
LA_E_3812352,1,none,A12
LA_E_3812559,1,gsm,A09
LA_E_3812771,1,opus,A19
LA_E_3812895,1,alaw,A07
LA_E_3813424,1,opus,A14
LA_E_3814511,1,alaw,A09
LA_E_3814771,1,opus,A10
LA_E_3814814,1,gsm,A16
LA_E_3814886,1,g722,A13
LA_E_3814887,1,alaw,A12
LA_E_3815007,1,opus,A14
LA_E_3815023,1,alaw,A14
LA_E_3815191,1,alaw,A13
LA_E_3815250,1,pstn,A07
LA_E_3815264,1,pstn,A16
LA_E_3815350,1,none,A18
LA_E_3815352,1,pstn,A09
LA_E_3815436,1,g722,A13
LA_E_3815441,0,alaw,bonafide
LA_E_3815608,1,ulaw,A12
LA_E_3815951,1,gsm,A16
LA_E_3816145,0,pstn,bonafide
LA_E_3816352,1,g722,A18
LA_E_3816423,1,alaw,A07
LA_E_3816666,1,g722,A10
LA_E_3817408,1,pstn,A11
LA_E_3817430,1,gsm,A07
LA_E_3817945,1,ulaw,A10
LA_E_3818204,0,opus,bonafide
LA_E_3819475,1,pstn,A08
LA_E_3819576,0,g722,bonafide
LA_E_3820783,0,pstn,bonafide
LA_E_3821172,1,ulaw,A18
LA_E_3821516,1,alaw,A07
LA_E_3821600,1,opus,A19
LA_E_3821995,1,ulaw,A18
LA_E_3822853,1,pstn,A12
LA_E_3823015,1,none,A18
LA_E_3823095,1,gsm,A09
LA_E_3823774,1,alaw,A09
LA_E_3824157,1,opus,A17
LA_E_3824476,1,pstn,A19
LA_E_3824972,1,pstn,A07
LA_E_3825080,1,ulaw,A17
LA_E_3825143,1,g722,A17
LA_E_3825574,1,g722,A15
LA_E_3825956,1,alaw,A07
LA_E_3826275,1,ulaw,A12
LA_E_3826943,1,opus,A17
LA_E_3827702,1,ulaw,A18
LA_E_3827764,1,ulaw,A15
LA_E_3827851,1,g722,A11
LA_E_3828276,1,gsm,A12
LA_E_3828556,0,ulaw,bonafide
LA_E_3828966,0,pstn,bonafide
LA_E_3829149,1,ulaw,A08
LA_E_3829178,1,none,A10
LA_E_3829840,1,g722,A18
LA_E_3830068,1,g722,A16
LA_E_3830157,0,opus,bonafide
LA_E_3830219,1,none,A15
LA_E_3830604,1,g722,A09
LA_E_3831086,0,gsm,bonafide
LA_E_3831181,1,gsm,A16
LA_E_3831231,1,ulaw,A16
LA_E_3831572,1,pstn,A16
LA_E_3831665,1,pstn,A07
LA_E_3831911,1,ulaw,A13
LA_E_3831930,1,g722,A19
LA_E_3832332,1,gsm,A11
LA_E_3832714,0,ulaw,bonafide
LA_E_3832969,1,opus,A19
LA_E_3833366,1,pstn,A13
LA_E_3834095,1,opus,A11
LA_E_3834115,1,gsm,A07
LA_E_3834165,0,alaw,bonafide
LA_E_3834188,1,g722,A12
LA_E_3834959,1,none,A14
LA_E_3835993,1,g722,A08
LA_E_3836027,0,pstn,bonafide
LA_E_3836364,1,alaw,A08
LA_E_3837113,1,ulaw,A13
LA_E_3837228,0,none,bonafide
LA_E_3837423,1,gsm,A16
LA_E_3839257,1,gsm,A18
LA_E_3839682,0,gsm,bonafide
LA_E_3839745,1,opus,A15
LA_E_3839835,1,ulaw,A11
LA_E_3839856,1,opus,A18
LA_E_3840544,1,ulaw,A08
LA_E_3840826,1,opus,A14
LA_E_3842069,1,opus,A16
LA_E_3842918,1,pstn,A19
LA_E_3843408,1,pstn,A08
LA_E_3843553,1,none,A19
LA_E_3843963,1,gsm,A07
LA_E_3845004,1,alaw,A09
LA_E_3845645,1,opus,A17
LA_E_3845650,1,none,A08
LA_E_3846111,1,gsm,A07
LA_E_3847264,1,gsm,A11
LA_E_3847612,1,gsm,A12
LA_E_3848188,1,alaw,A19
LA_E_3849172,1,g722,A07
LA_E_3849210,1,ulaw,A10
LA_E_3850362,1,gsm,A07
LA_E_3850885,1,gsm,A14
LA_E_3851467,1,pstn,A11
LA_E_3851527,1,pstn,A18
LA_E_3851640,1,gsm,A14
LA_E_3851859,1,g722,A12
LA_E_3851910,1,opus,A10
LA_E_3852225,1,none,A17
LA_E_3852267,1,gsm,A13
LA_E_3852809,1,g722,A12
LA_E_3852833,1,opus,A14
LA_E_3852928,1,ulaw,A13
LA_E_3853433,1,none,A14
LA_E_3853865,1,alaw,A15
LA_E_3855092,1,g722,A15
LA_E_3855116,1,ulaw,A08
LA_E_3855245,1,opus,A11
LA_E_3855614,1,none,A18
LA_E_3856691,1,g722,A08
LA_E_3857239,1,alaw,A17
LA_E_3857819,1,g722,A17
LA_E_3858830,1,pstn,A11
LA_E_3859233,1,opus,A18
LA_E_3860101,1,gsm,A08
LA_E_3860123,1,ulaw,A10
LA_E_3860347,1,pstn,A07
LA_E_3860551,1,opus,A11
LA_E_3861689,1,none,A14
LA_E_3861773,0,none,bonafide
LA_E_3862118,1,gsm,A13
LA_E_3862416,1,ulaw,A07
LA_E_3862688,0,g722,bonafide
LA_E_3862697,1,opus,A15
LA_E_3863186,1,ulaw,A15
LA_E_3863197,1,g722,A12
LA_E_3863328,1,pstn,A19
LA_E_3863521,0,none,bonafide
LA_E_3864095,1,gsm,A07
LA_E_3864398,1,opus,A17
LA_E_3865468,1,none,A12
LA_E_3865677,1,opus,A11
LA_E_3866226,1,opus,A10
LA_E_3866267,1,opus,A12
LA_E_3866682,1,ulaw,A07
LA_E_3867072,1,ulaw,A17
LA_E_3867207,0,g722,bonafide
LA_E_3867560,1,ulaw,A18
LA_E_3867648,1,g722,A11
LA_E_3867984,1,gsm,A09
LA_E_3868117,1,opus,A12
LA_E_3868216,1,pstn,A11
LA_E_3868243,1,none,A07
LA_E_3870245,1,ulaw,A19
LA_E_3871041,1,alaw,A18
LA_E_3871309,1,gsm,A09
LA_E_3871956,1,none,A18
LA_E_3872166,1,ulaw,A10
LA_E_3872538,1,ulaw,A08
LA_E_3872598,1,opus,A15
LA_E_3872672,1,none,A16
LA_E_3872937,1,ulaw,A19
LA_E_3873116,1,gsm,A12
LA_E_3873576,1,gsm,A15
LA_E_3874453,1,alaw,A17
LA_E_3874568,1,g722,A18
LA_E_3875158,1,opus,A19
LA_E_3875396,1,opus,A19
LA_E_3875501,1,g722,A09
LA_E_3877739,1,opus,A12
LA_E_3878051,1,ulaw,A08
LA_E_3878349,0,alaw,bonafide
LA_E_3879418,1,pstn,A12
LA_E_3879723,1,opus,A07
LA_E_3879946,1,pstn,A17
LA_E_3880607,1,opus,A17
LA_E_3880759,1,g722,A14
LA_E_3880953,1,alaw,A16
LA_E_3881838,1,none,A19
LA_E_3882090,1,pstn,A16
LA_E_3882210,1,opus,A11
LA_E_3882676,1,opus,A07
LA_E_3883189,1,gsm,A19
LA_E_3883383,1,opus,A13
LA_E_3883595,1,none,A10
LA_E_3883908,0,gsm,bonafide
LA_E_3883912,1,g722,A16
LA_E_3883936,1,gsm,A13
LA_E_3884653,1,alaw,A12
LA_E_3884880,1,gsm,A12
LA_E_3885093,1,alaw,A08
LA_E_3885502,1,opus,A10
LA_E_3885580,1,pstn,A16
LA_E_3885823,1,alaw,A10
LA_E_3885993,1,ulaw,A14
LA_E_3886209,1,pstn,A10
LA_E_3886468,1,alaw,A17
LA_E_3887214,1,pstn,A19
LA_E_3888660,1,opus,A19
LA_E_3888892,1,gsm,A09
LA_E_3889540,1,alaw,A11
LA_E_3889752,1,ulaw,A14
LA_E_3890090,1,opus,A07
LA_E_3890211,1,alaw,A07
LA_E_3890774,1,gsm,A18
LA_E_3891061,1,gsm,A15
LA_E_3891473,1,ulaw,A07
LA_E_3891682,1,gsm,A17
LA_E_3891966,1,opus,A10
LA_E_3892178,1,none,A10
LA_E_3892649,1,opus,A15
LA_E_3892819,1,none,A15
LA_E_3893146,1,gsm,A19
LA_E_3893173,1,gsm,A10
LA_E_3893956,1,ulaw,A08
LA_E_3894723,1,gsm,A17
LA_E_3895026,1,opus,A17
LA_E_3895193,1,opus,A16
LA_E_3895493,1,ulaw,A14
LA_E_3896130,1,g722,A08
LA_E_3896319,0,none,bonafide
LA_E_3897282,1,ulaw,A10
LA_E_3897642,1,none,A11
LA_E_3898199,1,pstn,A17
LA_E_3898469,1,ulaw,A08
LA_E_3898558,1,alaw,A15
LA_E_3898951,1,gsm,A08
LA_E_3899208,1,pstn,A16
LA_E_3899300,1,pstn,A15
LA_E_3899330,0,pstn,bonafide
LA_E_3899525,1,ulaw,A07
LA_E_3899958,0,g722,bonafide
LA_E_3900263,1,pstn,A12
LA_E_3900925,0,opus,bonafide
LA_E_3901076,1,alaw,A09
LA_E_3901291,1,g722,A14
LA_E_3901924,1,opus,A17
LA_E_3902597,1,opus,A07
LA_E_3903528,1,alaw,A14
LA_E_3903704,1,pstn,A09
LA_E_3903714,1,pstn,A07
LA_E_3904071,1,pstn,A15
LA_E_3904339,1,alaw,A13
LA_E_3904434,0,alaw,bonafide
LA_E_3905162,1,alaw,A12
LA_E_3906209,1,ulaw,A19
LA_E_3906854,1,ulaw,A11
LA_E_3907337,1,ulaw,A11
LA_E_3908198,1,opus,A12
LA_E_3908534,1,opus,A07
LA_E_3908596,1,gsm,A11
LA_E_3908998,1,pstn,A08
LA_E_3909850,1,g722,A10
LA_E_3910880,0,gsm,bonafide
LA_E_3911149,1,g722,A14
LA_E_3911383,1,pstn,A11
LA_E_3911923,1,gsm,A19
LA_E_3911952,1,ulaw,A14
LA_E_3912601,1,ulaw,A09
LA_E_3913152,1,opus,A10
LA_E_3913235,1,gsm,A13
LA_E_3914265,1,none,A14
LA_E_3914972,1,g722,A09
LA_E_3915149,1,gsm,A14
LA_E_3915600,1,gsm,A17
LA_E_3916230,1,alaw,A18
LA_E_3916393,1,opus,A10
LA_E_3916606,1,g722,A19
LA_E_3917141,1,opus,A14
LA_E_3917173,0,none,bonafide
LA_E_3917430,1,pstn,A14
LA_E_3917527,1,none,A08
LA_E_3917673,0,g722,bonafide
LA_E_3918076,1,alaw,A19
LA_E_3918412,1,g722,A10
LA_E_3919868,1,ulaw,A16
LA_E_3920064,1,opus,A12
LA_E_3920920,1,opus,A10
LA_E_3921243,1,ulaw,A14
LA_E_3921376,1,ulaw,A16
LA_E_3921882,1,g722,A16
LA_E_3921988,1,ulaw,A19
LA_E_3922000,1,none,A12
LA_E_3922351,1,opus,A15
LA_E_3922768,1,ulaw,A16
LA_E_3922858,1,ulaw,A14
LA_E_3923252,1,ulaw,A14
LA_E_3924052,1,ulaw,A17
LA_E_3924604,0,ulaw,bonafide
LA_E_3925416,1,pstn,A18
LA_E_3925753,1,ulaw,A10
LA_E_3925799,0,ulaw,bonafide
LA_E_3925848,1,gsm,A18
LA_E_3925896,1,opus,A18
LA_E_3926442,0,pstn,bonafide
LA_E_3926595,1,opus,A13
LA_E_3927718,1,opus,A18
LA_E_3927888,1,ulaw,A19
LA_E_3928120,1,gsm,A13
LA_E_3928405,0,gsm,bonafide
LA_E_3928449,1,pstn,A17
LA_E_3929231,1,ulaw,A08
LA_E_3929248,1,alaw,A17
LA_E_3930363,1,g722,A12
LA_E_3930696,1,ulaw,A14
LA_E_3931034,1,alaw,A07
LA_E_3931260,1,g722,A10
LA_E_3931592,1,none,A10
LA_E_3931895,0,gsm,bonafide
LA_E_3932832,1,pstn,A07
LA_E_3932839,1,gsm,A18
LA_E_3932875,1,pstn,A16
LA_E_3933705,1,pstn,A12
LA_E_3933788,0,g722,bonafide
LA_E_3934926,1,none,A09
LA_E_3935169,1,gsm,A19
LA_E_3935353,1,gsm,A13
LA_E_3935421,1,g722,A11
LA_E_3935644,1,opus,A17
LA_E_3936133,1,g722,A08
LA_E_3936435,1,opus,A15
LA_E_3936875,1,pstn,A16
LA_E_3937018,1,gsm,A16
LA_E_3938225,1,pstn,A17
LA_E_3938530,1,opus,A12
LA_E_3938817,1,opus,A07
LA_E_3939309,1,ulaw,A07
LA_E_3939395,1,gsm,A13
LA_E_3939990,1,opus,A07
LA_E_3941185,1,g722,A16
LA_E_3941489,0,none,bonafide
LA_E_3942058,1,g722,A14
LA_E_3942656,1,alaw,A07
LA_E_3942676,1,pstn,A09
LA_E_3942890,1,opus,A08
LA_E_3942900,1,opus,A07
LA_E_3943439,1,ulaw,A17
LA_E_3943500,1,opus,A18
LA_E_3944524,1,gsm,A07
LA_E_3944580,1,g722,A17
LA_E_3944673,1,pstn,A16
LA_E_3944927,1,pstn,A19
LA_E_3944975,1,gsm,A14
LA_E_3945076,1,ulaw,A09
LA_E_3945778,1,opus,A07
LA_E_3945987,1,opus,A18
LA_E_3946000,1,pstn,A13
LA_E_3947200,1,ulaw,A11
LA_E_3947926,1,none,A16
LA_E_3948345,1,gsm,A13
LA_E_3948463,1,ulaw,A19
LA_E_3948747,1,alaw,A07
LA_E_3949168,1,gsm,A15
LA_E_3949334,0,opus,bonafide
LA_E_3949985,1,ulaw,A13
LA_E_3950306,1,pstn,A10
LA_E_3950317,1,opus,A14
LA_E_3951252,1,pstn,A19
LA_E_3951517,1,gsm,A13
LA_E_3952067,0,gsm,bonafide
LA_E_3952129,1,opus,A12
LA_E_3952814,1,ulaw,A16
LA_E_3953084,1,ulaw,A12
LA_E_3953732,1,g722,A08
LA_E_3953977,0,opus,bonafide
LA_E_3955053,1,alaw,A09
LA_E_3956210,1,g722,A15
LA_E_3956854,1,alaw,A12
LA_E_3959508,0,gsm,bonafide
LA_E_3960226,1,none,A17
LA_E_3960404,1,gsm,A08
LA_E_3961893,1,pstn,A09
LA_E_3962398,1,ulaw,A13
LA_E_3962743,1,pstn,A14
LA_E_3962988,1,none,A18
LA_E_3963459,1,pstn,A19
LA_E_3964433,1,opus,A17
LA_E_3964696,1,ulaw,A17
LA_E_3965234,1,gsm,A08
LA_E_3965334,0,gsm,bonafide
LA_E_3965613,1,ulaw,A15
LA_E_3965674,1,alaw,A09
LA_E_3965816,1,g722,A10
LA_E_3966445,1,ulaw,A14
LA_E_3966449,1,gsm,A18
LA_E_3966485,1,ulaw,A19
LA_E_3966664,0,gsm,bonafide
LA_E_3966676,1,pstn,A16
LA_E_3966722,1,ulaw,A17
LA_E_3967007,1,opus,A12
LA_E_3967743,1,opus,A12
LA_E_3967979,1,opus,A09
LA_E_3968250,1,pstn,A18
LA_E_3968768,1,opus,A10
LA_E_3969040,1,ulaw,A18
LA_E_3969088,1,none,A10
LA_E_3969464,1,ulaw,A12
LA_E_3970327,1,none,A12
LA_E_3970680,1,opus,A14
LA_E_3971377,1,opus,A10
LA_E_3971434,1,ulaw,A15
LA_E_3971523,1,gsm,A18
LA_E_3971589,1,pstn,A14
LA_E_3972791,1,g722,A16
LA_E_3974861,1,gsm,A19
LA_E_3974895,1,pstn,A11
LA_E_3975753,1,ulaw,A07
LA_E_3976284,1,none,A18
LA_E_3976414,1,ulaw,A19
LA_E_3976894,1,ulaw,A07
LA_E_3977542,0,opus,bonafide
LA_E_3979574,1,gsm,A07
LA_E_3979738,1,g722,A18
LA_E_3979856,1,g722,A14
LA_E_3979921,0,opus,bonafide
LA_E_3981081,1,opus,A08
LA_E_3981109,1,ulaw,A18
LA_E_3981389,1,ulaw,A11
LA_E_3981453,1,pstn,A17
LA_E_3982058,1,none,A14
LA_E_3982168,1,g722,A12
LA_E_3982615,1,pstn,A08
LA_E_3982736,1,gsm,A19
LA_E_3983218,1,opus,A18
LA_E_3983610,1,pstn,A16
LA_E_3984277,0,ulaw,bonafide
LA_E_3984319,1,ulaw,A16
LA_E_3985002,0,opus,bonafide
LA_E_3985723,1,g722,A10
LA_E_3985790,1,alaw,A07
LA_E_3985945,1,gsm,A11
LA_E_3986325,1,alaw,A16
LA_E_3986850,1,alaw,A08
LA_E_3987029,1,pstn,A11
LA_E_3987062,0,gsm,bonafide
LA_E_3987199,1,ulaw,A12
LA_E_3987346,1,pstn,A12
LA_E_3987868,1,gsm,A10
LA_E_3988364,1,ulaw,A07
LA_E_3988854,1,g722,A12
LA_E_3989583,1,ulaw,A17
LA_E_3990125,1,ulaw,A11
LA_E_3990264,1,gsm,A18
LA_E_3991349,1,gsm,A14
LA_E_3991686,1,g722,A14
LA_E_3991819,1,opus,A16
LA_E_3991980,1,ulaw,A09
LA_E_3992325,1,alaw,A12
LA_E_3992705,1,ulaw,A07
LA_E_3993231,1,gsm,A12
LA_E_3993380,1,none,A13
LA_E_3993464,0,none,bonafide
LA_E_3993748,1,opus,A07
LA_E_3995103,0,gsm,bonafide
LA_E_3995570,1,g722,A14
LA_E_3995886,1,ulaw,A13
LA_E_3996156,1,opus,A16
LA_E_3996308,1,alaw,A16
LA_E_3996652,1,gsm,A11
LA_E_3996680,1,gsm,A19
LA_E_3996699,1,alaw,A12
LA_E_3996853,1,pstn,A16
LA_E_3997108,1,opus,A10
LA_E_3997275,1,pstn,A09
LA_E_3997411,1,ulaw,A15
LA_E_3997846,1,opus,A18
LA_E_3997926,1,pstn,A18
LA_E_3997977,0,gsm,bonafide
LA_E_3998243,1,opus,A11
LA_E_3998541,0,gsm,bonafide
LA_E_3999485,1,opus,A14
LA_E_3999531,1,gsm,A18
LA_E_3999733,1,gsm,A17
LA_E_3999754,1,g722,A08
LA_E_4000480,1,gsm,A17
LA_E_4001250,1,ulaw,A11
LA_E_4001497,1,pstn,A07
LA_E_4002521,0,ulaw,bonafide
LA_E_4002701,1,pstn,A19
LA_E_4003317,1,pstn,A15
LA_E_4003786,1,gsm,A18
LA_E_4004230,1,alaw,A16
LA_E_4004587,1,ulaw,A16
LA_E_4004821,1,opus,A13
LA_E_4005229,0,opus,bonafide
LA_E_4005994,1,alaw,A13
LA_E_4006506,1,gsm,A17
LA_E_4007971,1,ulaw,A11
LA_E_4008673,1,opus,A18
LA_E_4008860,1,g722,A10
LA_E_4009281,1,none,A19
LA_E_4009358,1,opus,A07
LA_E_4010622,0,g722,bonafide
LA_E_4011038,1,none,A18
LA_E_4011460,0,none,bonafide
LA_E_4012487,0,gsm,bonafide
LA_E_4012612,1,none,A13
LA_E_4012983,1,gsm,A08
LA_E_4013044,1,g722,A14
LA_E_4013060,1,gsm,A16
LA_E_4013865,1,ulaw,A07
LA_E_4014138,1,ulaw,A11
LA_E_4014828,1,g722,A17
LA_E_4015484,1,alaw,A14
LA_E_4015767,0,alaw,bonafide
LA_E_4016179,1,gsm,A14
LA_E_4016462,1,opus,A10
LA_E_4016787,1,pstn,A14
LA_E_4018483,1,alaw,A19
LA_E_4018935,1,gsm,A14
LA_E_4018971,0,opus,bonafide
LA_E_4019071,1,opus,A14
LA_E_4019332,1,opus,A10
LA_E_4019421,0,alaw,bonafide
LA_E_4019578,1,none,A12
LA_E_4019945,1,opus,A18
LA_E_4020063,1,gsm,A08
LA_E_4021969,1,ulaw,A18
LA_E_4022091,1,gsm,A15
LA_E_4023275,1,pstn,A11
LA_E_4023853,1,alaw,A11
LA_E_4025179,1,gsm,A17
LA_E_4025224,1,none,A18
LA_E_4027810,1,opus,A18
LA_E_4028348,1,gsm,A09
LA_E_4028390,1,ulaw,A11
LA_E_4028660,0,opus,bonafide
LA_E_4028845,1,pstn,A15
LA_E_4028988,1,g722,A12
LA_E_4029056,1,gsm,A11
LA_E_4029321,1,gsm,A12
LA_E_4030019,1,opus,A08
LA_E_4030928,1,pstn,A16
LA_E_4031118,1,gsm,A12
LA_E_4031798,1,opus,A09
LA_E_4032666,1,alaw,A16
LA_E_4032894,1,none,A08
LA_E_4032935,1,opus,A07
LA_E_4034617,1,alaw,A17
LA_E_4034659,0,gsm,bonafide
LA_E_4035631,1,ulaw,A13
LA_E_4035949,1,gsm,A18
LA_E_4036415,1,none,A13
LA_E_4036827,1,gsm,A11
LA_E_4037529,1,gsm,A17
LA_E_4037596,1,pstn,A11
LA_E_4039485,1,pstn,A07
LA_E_4040226,0,ulaw,bonafide
LA_E_4040513,1,pstn,A09
LA_E_4040811,1,alaw,A15
LA_E_4041286,1,gsm,A14
LA_E_4041491,1,pstn,A08
LA_E_4041989,0,g722,bonafide
LA_E_4042284,0,opus,bonafide
LA_E_4043365,1,ulaw,A17
LA_E_4043498,1,g722,A10
LA_E_4044520,1,opus,A08
LA_E_4045089,1,ulaw,A16
LA_E_4046359,1,g722,A12
LA_E_4046690,1,none,A07
LA_E_4047368,1,alaw,A11
LA_E_4048100,1,ulaw,A17
LA_E_4048384,1,ulaw,A13
LA_E_4048565,1,pstn,A17
LA_E_4049330,1,alaw,A07
LA_E_4049481,0,alaw,bonafide
LA_E_4050051,1,opus,A18
LA_E_4050158,1,ulaw,A08
LA_E_4050737,0,opus,bonafide
LA_E_4051470,1,opus,A09
LA_E_4052793,1,alaw,A16
LA_E_4054078,1,none,A16
LA_E_4054233,1,ulaw,A09
LA_E_4054738,1,ulaw,A16
LA_E_4055876,0,alaw,bonafide
LA_E_4055935,1,gsm,A10
LA_E_4056436,0,gsm,bonafide
LA_E_4056854,1,opus,A19
LA_E_4057022,0,ulaw,bonafide
LA_E_4057402,1,opus,A13
LA_E_4057466,1,ulaw,A15
LA_E_4057564,1,opus,A14
LA_E_4057903,1,g722,A14
LA_E_4058937,1,none,A10
LA_E_4059153,0,ulaw,bonafide
LA_E_4060190,1,gsm,A07
LA_E_4060997,1,none,A07
LA_E_4061814,1,gsm,A17
LA_E_4062143,1,g722,A10
LA_E_4062163,0,ulaw,bonafide
LA_E_4063017,1,opus,A13
LA_E_4063441,1,ulaw,A17
LA_E_4065586,1,alaw,A08
LA_E_4067234,1,alaw,A17
LA_E_4067475,1,none,A11
LA_E_4067595,1,gsm,A10
LA_E_4067878,1,none,A13
LA_E_4068214,1,ulaw,A14
LA_E_4069248,1,opus,A08
LA_E_4069250,1,ulaw,A17
LA_E_4069872,1,none,A13
LA_E_4071345,1,opus,A09
LA_E_4071872,1,ulaw,A09
LA_E_4072036,1,ulaw,A16
LA_E_4072339,0,ulaw,bonafide
LA_E_4072627,0,ulaw,bonafide
LA_E_4072842,1,ulaw,A18
LA_E_4072957,1,opus,A15
LA_E_4073472,1,ulaw,A16
LA_E_4073523,1,ulaw,A09
LA_E_4073527,1,opus,A09
LA_E_4073815,1,opus,A19
LA_E_4074132,1,ulaw,A15
LA_E_4074151,1,opus,A17
LA_E_4074316,1,gsm,A17
LA_E_4074479,1,none,A14
LA_E_4074823,1,ulaw,A13
LA_E_4075112,1,ulaw,A13
LA_E_4075533,1,g722,A11
LA_E_4075569,1,gsm,A14
LA_E_4076149,1,ulaw,A17
LA_E_4077049,1,g722,A13
LA_E_4077266,0,opus,bonafide
LA_E_4077417,1,g722,A09
LA_E_4077833,1,pstn,A12
LA_E_4078222,1,gsm,A08
LA_E_4079104,1,opus,A10
LA_E_4079530,1,gsm,A13
LA_E_4079752,1,ulaw,A07
LA_E_4079822,1,ulaw,A14
LA_E_4079910,1,opus,A08
LA_E_4081619,1,gsm,A08
LA_E_4081746,1,opus,A12
LA_E_4082080,1,none,A12
LA_E_4082507,1,ulaw,A07
LA_E_4082854,1,opus,A10
LA_E_4083156,1,none,A11
LA_E_4083530,1,ulaw,A08
LA_E_4083559,1,pstn,A16
LA_E_4083805,1,gsm,A13
LA_E_4085109,1,ulaw,A12
LA_E_4085410,1,opus,A10
LA_E_4085909,1,opus,A07
LA_E_4085993,1,alaw,A11
LA_E_4086020,1,none,A18
LA_E_4086416,1,pstn,A11
LA_E_4086574,0,ulaw,bonafide
LA_E_4086848,1,opus,A17
LA_E_4088029,1,opus,A08
LA_E_4088356,1,ulaw,A10
LA_E_4088498,1,opus,A16
LA_E_4088788,1,gsm,A15
LA_E_4088972,1,opus,A14
LA_E_4088991,1,opus,A16
LA_E_4089117,0,opus,bonafide
LA_E_4089939,1,none,A13
LA_E_4090369,1,alaw,A16
LA_E_4090968,0,ulaw,bonafide
LA_E_4091572,1,opus,A11
LA_E_4092021,1,gsm,A15
LA_E_4093728,1,alaw,A10
LA_E_4094107,1,ulaw,A09
LA_E_4094452,1,gsm,A11
LA_E_4095058,1,gsm,A17
LA_E_4095182,1,gsm,A15
LA_E_4095381,1,g722,A16
LA_E_4095818,1,gsm,A14
LA_E_4096113,1,none,A13
LA_E_4097066,1,ulaw,A18
LA_E_4097189,1,none,A07
LA_E_4097679,1,ulaw,A09
LA_E_4097687,1,g722,A14
LA_E_4097732,1,gsm,A14
LA_E_4098006,1,g722,A19
LA_E_4098122,1,gsm,A18
LA_E_4098294,1,opus,A13
LA_E_4098479,1,opus,A09
LA_E_4098874,1,opus,A07
LA_E_4098936,1,ulaw,A15
LA_E_4098975,1,opus,A09
LA_E_4099137,0,gsm,bonafide
LA_E_4099577,1,none,A11
LA_E_4100683,0,gsm,bonafide
LA_E_4101131,1,g722,A16
LA_E_4101374,1,ulaw,A12
LA_E_4102902,0,pstn,bonafide
LA_E_4102940,1,opus,A08
LA_E_4102995,1,ulaw,A09
LA_E_4103128,1,pstn,A14
LA_E_4103369,1,gsm,A17
LA_E_4104550,1,gsm,A14
LA_E_4104988,1,g722,A12
LA_E_4105078,1,gsm,A15
LA_E_4105269,1,opus,A12
LA_E_4106053,0,opus,bonafide
LA_E_4107464,1,gsm,A07
LA_E_4107898,1,ulaw,A14
LA_E_4107996,1,none,A18
LA_E_4108411,1,ulaw,A15
LA_E_4109131,1,gsm,A14
LA_E_4109161,1,gsm,A18
LA_E_4109249,1,pstn,A10
LA_E_4109810,1,opus,A13
LA_E_4112004,0,opus,bonafide
LA_E_4112240,1,opus,A17
LA_E_4112295,1,pstn,A19
LA_E_4112413,0,pstn,bonafide
LA_E_4113533,1,ulaw,A12
LA_E_4113610,1,opus,A19
LA_E_4114482,1,alaw,A09
LA_E_4114566,1,opus,A16
LA_E_4114612,1,g722,A13
LA_E_4114888,1,gsm,A17
LA_E_4115458,1,alaw,A10
LA_E_4115489,1,opus,A14
LA_E_4115835,1,opus,A18
LA_E_4116282,0,ulaw,bonafide
LA_E_4116407,1,gsm,A08
LA_E_4116601,1,g722,A10
LA_E_4117246,1,ulaw,A12
LA_E_4117560,1,ulaw,A09
LA_E_4117655,1,gsm,A14
LA_E_4117911,1,gsm,A16
LA_E_4118241,1,ulaw,A13
LA_E_4118355,1,none,A09
LA_E_4118403,1,pstn,A17
LA_E_4119043,0,alaw,bonafide
LA_E_4119111,1,gsm,A11
LA_E_4119271,1,ulaw,A13
LA_E_4120251,1,gsm,A15
LA_E_4120724,1,gsm,A09
LA_E_4120729,0,none,bonafide
LA_E_4121246,1,ulaw,A13
LA_E_4121765,1,gsm,A07
LA_E_4121886,1,opus,A08
LA_E_4121920,1,opus,A18
LA_E_4122990,1,gsm,A10
LA_E_4123076,1,pstn,A14
LA_E_4123276,1,opus,A16
LA_E_4123634,1,ulaw,A10
LA_E_4123648,1,pstn,A19
LA_E_4123676,1,opus,A08
LA_E_4123710,1,none,A11
LA_E_4124042,1,opus,A10
LA_E_4124285,1,ulaw,A18
LA_E_4124586,1,gsm,A07
LA_E_4124951,1,g722,A14
LA_E_4125391,1,none,A11
LA_E_4126329,1,ulaw,A07
LA_E_4126508,1,pstn,A14
LA_E_4126788,1,opus,A18
LA_E_4127181,1,g722,A14
LA_E_4127559,1,none,A13
LA_E_4128317,1,gsm,A08
LA_E_4128520,1,opus,A11
LA_E_4128542,1,pstn,A09
LA_E_4128648,0,alaw,bonafide
LA_E_4128784,1,gsm,A08
LA_E_4128801,1,ulaw,A12
LA_E_4129131,1,gsm,A14
LA_E_4129491,1,g722,A11
LA_E_4129505,1,opus,A11
LA_E_4130840,1,gsm,A07
LA_E_4131039,1,ulaw,A17
LA_E_4131157,0,ulaw,bonafide
LA_E_4133146,1,pstn,A11
LA_E_4133309,1,opus,A13
LA_E_4133365,1,gsm,A16
LA_E_4133849,1,gsm,A11
LA_E_4134467,1,alaw,A17
LA_E_4134891,1,ulaw,A19
LA_E_4135277,1,gsm,A10
LA_E_4135343,1,ulaw,A17
LA_E_4135514,0,ulaw,bonafide
LA_E_4135520,1,gsm,A08
LA_E_4135949,1,ulaw,A07
LA_E_4136155,1,gsm,A07
LA_E_4136219,1,opus,A14
LA_E_4136391,1,gsm,A07
LA_E_4136569,1,none,A16
LA_E_4136655,1,pstn,A07
LA_E_4136918,1,gsm,A08
LA_E_4137332,1,alaw,A14
LA_E_4137667,1,alaw,A19
LA_E_4137668,1,gsm,A12
LA_E_4137744,1,opus,A11
LA_E_4138474,1,ulaw,A18
LA_E_4138593,1,opus,A09
LA_E_4139019,1,ulaw,A10
LA_E_4139150,1,ulaw,A17
LA_E_4139313,1,pstn,A17
LA_E_4140398,1,alaw,A09
LA_E_4141058,0,pstn,bonafide
LA_E_4141119,1,gsm,A08
LA_E_4141256,1,none,A07
LA_E_4141506,1,gsm,A15
LA_E_4141718,1,alaw,A10
LA_E_4142753,1,opus,A16
LA_E_4142918,1,alaw,A09
LA_E_4143459,1,pstn,A16
LA_E_4143646,1,ulaw,A11
LA_E_4143901,1,gsm,A15
LA_E_4144168,1,gsm,A17
LA_E_4144716,1,opus,A07
LA_E_4144970,0,ulaw,bonafide
LA_E_4145206,1,g722,A09
LA_E_4145358,1,g722,A07
LA_E_4146260,1,ulaw,A09
LA_E_4146638,1,ulaw,A16
LA_E_4146747,1,g722,A13
LA_E_4147460,1,ulaw,A15
LA_E_4148002,1,ulaw,A17
LA_E_4148497,1,alaw,A14
LA_E_4148674,1,alaw,A11
LA_E_4149401,1,g722,A19
LA_E_4150642,1,opus,A11
LA_E_4150835,1,alaw,A19
LA_E_4150883,1,alaw,A13
LA_E_4151191,1,gsm,A17
LA_E_4151268,1,alaw,A11
LA_E_4151280,1,ulaw,A11
LA_E_4151814,1,opus,A19
LA_E_4151869,1,ulaw,A10
LA_E_4152231,1,opus,A07
LA_E_4152536,1,g722,A14
LA_E_4152941,1,none,A18
LA_E_4152961,1,g722,A15
LA_E_4154369,1,ulaw,A10
LA_E_4154449,1,none,A09
LA_E_4154664,1,opus,A09
LA_E_4154740,1,gsm,A18
LA_E_4155244,1,alaw,A10
LA_E_4155860,0,none,bonafide
LA_E_4156112,1,gsm,A14
LA_E_4156127,0,pstn,bonafide
LA_E_4156471,1,opus,A16
LA_E_4156882,1,opus,A16
LA_E_4157004,1,gsm,A10
LA_E_4157790,1,g722,A11
LA_E_4158204,1,ulaw,A11
LA_E_4158741,1,gsm,A13
LA_E_4158782,1,opus,A07
LA_E_4158820,1,gsm,A07
LA_E_4158845,1,ulaw,A18
LA_E_4159150,1,gsm,A19
LA_E_4159313,1,g722,A13
LA_E_4159467,0,opus,bonafide
LA_E_4160215,0,opus,bonafide
LA_E_4160534,1,none,A17
LA_E_4161198,1,gsm,A10
LA_E_4161327,0,gsm,bonafide
LA_E_4161378,1,alaw,A09
LA_E_4162964,0,ulaw,bonafide
LA_E_4163014,1,ulaw,A16
LA_E_4164749,1,ulaw,A13
LA_E_4165003,1,ulaw,A18
LA_E_4165356,1,none,A07
LA_E_4165890,1,pstn,A17
LA_E_4166341,1,ulaw,A15
LA_E_4166505,1,gsm,A07
LA_E_4166572,0,pstn,bonafide
LA_E_4167111,0,none,bonafide
LA_E_4168216,1,ulaw,A10
LA_E_4168331,1,gsm,A09
LA_E_4168841,1,none,A07
LA_E_4169398,1,opus,A18
LA_E_4169485,1,alaw,A19
LA_E_4169756,1,opus,A12
LA_E_4169780,1,ulaw,A14
LA_E_4170948,1,gsm,A07
LA_E_4171205,1,ulaw,A16
LA_E_4171641,1,none,A17
LA_E_4171842,1,opus,A13
LA_E_4172241,0,alaw,bonafide
LA_E_4172320,1,gsm,A09
LA_E_4172707,1,alaw,A07
LA_E_4173236,1,ulaw,A09
LA_E_4173329,1,alaw,A16
LA_E_4173494,0,gsm,bonafide
LA_E_4173707,1,ulaw,A18
LA_E_4173719,1,ulaw,A10
LA_E_4174020,1,gsm,A08
LA_E_4174161,1,alaw,A13
LA_E_4174196,1,alaw,A15
LA_E_4174713,1,ulaw,A13
LA_E_4175018,1,pstn,A13
LA_E_4175350,1,none,A11
LA_E_4175816,1,none,A15
LA_E_4176273,1,g722,A19
LA_E_4177039,1,ulaw,A18
LA_E_4177237,0,g722,bonafide
LA_E_4177452,1,opus,A08
LA_E_4178392,1,opus,A17
LA_E_4178443,1,g722,A13
LA_E_4178921,1,opus,A10
LA_E_4179420,1,ulaw,A12
LA_E_4180288,0,alaw,bonafide
LA_E_4180747,1,gsm,A14
LA_E_4180932,1,pstn,A11
LA_E_4181963,1,g722,A15
LA_E_4182167,1,opus,A13
LA_E_4182242,1,gsm,A11
LA_E_4182446,1,none,A13
LA_E_4182482,1,opus,A15
LA_E_4182546,1,gsm,A17
LA_E_4182652,1,g722,A18
LA_E_4182824,0,alaw,bonafide
LA_E_4183078,1,g722,A11
LA_E_4183763,1,opus,A09
LA_E_4183923,1,pstn,A16
LA_E_4184088,1,opus,A07
LA_E_4184308,1,ulaw,A08
LA_E_4184329,1,g722,A14
LA_E_4184753,1,none,A10
LA_E_4184987,1,opus,A09
LA_E_4184992,1,g722,A11
LA_E_4185067,1,ulaw,A14
LA_E_4185727,1,pstn,A10
LA_E_4185864,0,none,bonafide
LA_E_4186786,0,alaw,bonafide
LA_E_4186806,1,alaw,A07
LA_E_4186919,1,pstn,A15
LA_E_4186999,1,ulaw,A07
LA_E_4187387,1,opus,A16
LA_E_4187991,1,gsm,A08
LA_E_4188418,1,opus,A10
LA_E_4188584,1,gsm,A15
LA_E_4188664,1,alaw,A17
LA_E_4188853,1,alaw,A16
LA_E_4189111,0,gsm,bonafide
LA_E_4189495,1,none,A15
LA_E_4189687,1,pstn,A14
LA_E_4189730,1,ulaw,A15
LA_E_4190363,1,gsm,A10
LA_E_4190934,0,opus,bonafide
LA_E_4191053,1,pstn,A18
LA_E_4191269,1,gsm,A17
LA_E_4191398,1,opus,A11
LA_E_4192179,1,g722,A13
LA_E_4192247,0,g722,bonafide
LA_E_4192374,1,g722,A19
LA_E_4192402,1,g722,A15
LA_E_4192856,1,pstn,A08
LA_E_4193057,1,alaw,A15
LA_E_4193231,1,pstn,A14
LA_E_4193271,1,g722,A10
LA_E_4193376,1,alaw,A10
LA_E_4194742,1,alaw,A09
LA_E_4195160,1,ulaw,A16
LA_E_4195168,1,none,A19
LA_E_4195770,1,alaw,A14
LA_E_4195947,1,none,A15
LA_E_4196867,1,gsm,A08
LA_E_4196920,1,gsm,A11
LA_E_4197299,0,g722,bonafide
LA_E_4197682,1,ulaw,A08
LA_E_4197876,1,opus,A09
LA_E_4198130,1,opus,A07
LA_E_4198138,1,gsm,A08
LA_E_4198473,1,gsm,A18
LA_E_4198566,1,gsm,A09
LA_E_4199774,1,gsm,A12
LA_E_4200129,1,opus,A14
LA_E_4200231,1,alaw,A19
LA_E_4200454,1,ulaw,A15
LA_E_4200615,1,ulaw,A12
LA_E_4200775,1,ulaw,A13
LA_E_4201140,1,ulaw,A19
LA_E_4201329,1,opus,A14
LA_E_4201403,0,g722,bonafide
LA_E_4201416,1,ulaw,A15
LA_E_4201644,1,ulaw,A13
LA_E_4201742,1,ulaw,A12
LA_E_4202841,0,opus,bonafide
LA_E_4202915,1,gsm,A10
LA_E_4203172,1,gsm,A12
LA_E_4203276,1,ulaw,A07
LA_E_4203581,1,g722,A10
LA_E_4204009,1,gsm,A09
LA_E_4204218,0,alaw,bonafide
LA_E_4204387,1,opus,A15
LA_E_4204669,1,opus,A08
LA_E_4204776,1,gsm,A19
LA_E_4204834,1,opus,A11
LA_E_4204983,1,none,A09
LA_E_4204997,1,ulaw,A10
LA_E_4205452,1,ulaw,A18
LA_E_4205902,1,alaw,A11
LA_E_4206605,1,opus,A08
LA_E_4207513,1,none,A18
LA_E_4207522,1,gsm,A07
LA_E_4207635,1,ulaw,A19
LA_E_4207743,1,g722,A09
LA_E_4207915,1,alaw,A10
LA_E_4208364,1,alaw,A19
LA_E_4209172,1,ulaw,A10
LA_E_4209240,1,ulaw,A11
LA_E_4209271,0,opus,bonafide
LA_E_4209296,1,gsm,A13
LA_E_4211469,1,alaw,A12
LA_E_4211764,1,opus,A17
LA_E_4211921,1,ulaw,A16
LA_E_4212778,1,gsm,A07
LA_E_4212916,0,ulaw,bonafide
LA_E_4213003,1,g722,A09
LA_E_4213338,1,alaw,A15
LA_E_4213935,1,opus,A13
LA_E_4213937,1,ulaw,A13
LA_E_4214002,1,gsm,A18
LA_E_4214090,1,gsm,A08
LA_E_4214643,1,opus,A11
LA_E_4214859,1,opus,A07
LA_E_4215308,1,none,A19
LA_E_4215587,1,alaw,A13
LA_E_4215785,1,gsm,A17
LA_E_4215834,0,opus,bonafide
LA_E_4216275,1,opus,A08
LA_E_4216315,1,pstn,A13
LA_E_4216455,1,gsm,A19
LA_E_4216528,1,alaw,A08
LA_E_4216678,1,opus,A18
LA_E_4217409,1,ulaw,A12
LA_E_4217620,1,opus,A13
LA_E_4217735,1,alaw,A10
LA_E_4217807,1,g722,A18
LA_E_4218639,1,none,A15
LA_E_4218749,1,alaw,A16
LA_E_4219670,1,opus,A16
LA_E_4219777,1,alaw,A09
LA_E_4220245,1,g722,A13
LA_E_4221803,1,pstn,A10
LA_E_4222291,1,ulaw,A09
LA_E_4222354,1,alaw,A11
LA_E_4222687,1,ulaw,A11
LA_E_4223394,1,gsm,A12
LA_E_4223534,1,none,A17
LA_E_4223695,1,none,A08
LA_E_4224803,1,opus,A13
LA_E_4225339,0,ulaw,bonafide
LA_E_4226021,1,ulaw,A09
LA_E_4226050,1,g722,A14
LA_E_4226166,1,ulaw,A17
LA_E_4226218,1,opus,A17
LA_E_4226335,1,ulaw,A13
LA_E_4226778,1,opus,A08
LA_E_4227129,1,opus,A16
LA_E_4227161,1,gsm,A16
LA_E_4227298,1,pstn,A15
LA_E_4227318,1,alaw,A08
LA_E_4227445,1,ulaw,A10
LA_E_4228443,1,none,A15
LA_E_4228453,1,g722,A07
LA_E_4228495,1,opus,A10
LA_E_4228814,1,pstn,A17
LA_E_4229170,1,alaw,A12
LA_E_4229249,1,gsm,A07
LA_E_4230293,1,opus,A18
LA_E_4230836,1,none,A12
LA_E_4231617,1,gsm,A13
LA_E_4231619,1,gsm,A16
LA_E_4231773,1,gsm,A09
LA_E_4232309,0,pstn,bonafide
LA_E_4232767,1,gsm,A10
LA_E_4232797,1,ulaw,A13
LA_E_4232995,1,opus,A19
LA_E_4233147,0,opus,bonafide
LA_E_4233403,1,ulaw,A17
LA_E_4233876,1,ulaw,A10
LA_E_4233895,1,alaw,A18
LA_E_4234778,1,pstn,A13
LA_E_4235888,1,ulaw,A08
LA_E_4236116,1,opus,A09
LA_E_4236570,1,opus,A08
LA_E_4236771,1,pstn,A17
LA_E_4236876,1,gsm,A18
LA_E_4236922,0,pstn,bonafide
LA_E_4237129,1,pstn,A08
LA_E_4237890,1,gsm,A14
LA_E_4237905,1,gsm,A10
LA_E_4238286,1,opus,A07
LA_E_4238408,1,ulaw,A14
LA_E_4238758,1,pstn,A18
LA_E_4239518,1,pstn,A10
LA_E_4240177,1,alaw,A08
LA_E_4240179,1,g722,A15
LA_E_4240510,1,g722,A19
LA_E_4240920,1,none,A17
LA_E_4241935,1,g722,A08
LA_E_4242335,1,gsm,A16
LA_E_4242651,1,gsm,A09
LA_E_4243818,1,none,A08
LA_E_4244150,1,opus,A11
LA_E_4244424,1,ulaw,A08
LA_E_4244456,1,ulaw,A09
LA_E_4244595,0,ulaw,bonafide
LA_E_4244962,1,none,A19
LA_E_4245015,1,g722,A15
LA_E_4245711,1,alaw,A15
LA_E_4246645,1,opus,A11
LA_E_4246805,1,alaw,A10
LA_E_4247208,1,opus,A17
LA_E_4247334,1,alaw,A09
LA_E_4248209,1,none,A11
LA_E_4248336,1,gsm,A10
LA_E_4248988,1,gsm,A14
LA_E_4249734,0,g722,bonafide
LA_E_4250810,1,none,A07
LA_E_4250881,1,opus,A15
LA_E_4250899,0,ulaw,bonafide
LA_E_4251213,1,ulaw,A11
LA_E_4251303,1,gsm,A09
LA_E_4251361,1,alaw,A12
LA_E_4251459,1,opus,A08
LA_E_4251476,1,gsm,A15
LA_E_4251901,1,none,A09
LA_E_4251981,0,alaw,bonafide
LA_E_4251987,1,opus,A18
LA_E_4252027,1,ulaw,A09
LA_E_4252648,1,ulaw,A10
LA_E_4252904,1,none,A08
LA_E_4253176,1,gsm,A13
LA_E_4253315,1,gsm,A13
LA_E_4253522,0,pstn,bonafide
LA_E_4253531,1,opus,A08
LA_E_4253609,1,opus,A09
LA_E_4253646,1,ulaw,A16
LA_E_4254358,1,opus,A15
LA_E_4254396,0,ulaw,bonafide
LA_E_4254598,1,none,A13
LA_E_4254790,1,none,A12
LA_E_4254827,1,gsm,A11
LA_E_4255201,1,opus,A19
LA_E_4255426,1,ulaw,A15
LA_E_4255446,1,opus,A17
LA_E_4255514,1,pstn,A13
LA_E_4255537,1,gsm,A18
LA_E_4256897,1,gsm,A15
LA_E_4257052,1,ulaw,A15
LA_E_4257100,1,ulaw,A17
LA_E_4257716,1,ulaw,A07
LA_E_4257731,1,gsm,A11
LA_E_4257774,1,gsm,A18
LA_E_4257802,1,g722,A11
LA_E_4258325,1,alaw,A13
LA_E_4258412,1,gsm,A12
LA_E_4258460,1,pstn,A14
LA_E_4258552,1,ulaw,A11
LA_E_4259080,1,ulaw,A11
LA_E_4259257,1,g722,A17
LA_E_4259620,1,opus,A10
LA_E_4260185,1,gsm,A07
LA_E_4260543,1,g722,A07
LA_E_4260936,1,alaw,A11
LA_E_4261013,1,none,A07
LA_E_4261485,1,alaw,A13
LA_E_4262109,1,gsm,A12
LA_E_4262164,1,g722,A18
LA_E_4263047,1,ulaw,A15
LA_E_4263116,1,gsm,A14
LA_E_4263167,1,pstn,A14
LA_E_4263567,0,ulaw,bonafide
LA_E_4263877,1,gsm,A15
LA_E_4264081,1,gsm,A12
LA_E_4264090,1,none,A08
LA_E_4264818,1,ulaw,A14
LA_E_4265105,1,alaw,A16
LA_E_4266280,1,pstn,A16
LA_E_4266383,1,opus,A17
LA_E_4266578,1,gsm,A08
LA_E_4266691,1,ulaw,A17
LA_E_4266816,1,none,A08
LA_E_4267248,1,ulaw,A19
LA_E_4267343,0,gsm,bonafide
LA_E_4267423,1,ulaw,A14
LA_E_4267493,1,gsm,A10
LA_E_4268005,1,ulaw,A07
LA_E_4268486,1,alaw,A13
LA_E_4269189,1,ulaw,A19
LA_E_4269217,1,g722,A13
LA_E_4269616,1,gsm,A08
LA_E_4269821,1,alaw,A11
LA_E_4269991,1,none,A18
LA_E_4270498,1,gsm,A12
LA_E_4270680,1,opus,A14
LA_E_4270995,1,opus,A10
LA_E_4271447,1,ulaw,A13
LA_E_4271472,1,alaw,A09
LA_E_4271733,1,none,A12
LA_E_4271742,1,g722,A11
LA_E_4271916,1,alaw,A11
LA_E_4273177,1,g722,A13
LA_E_4273267,1,g722,A08
LA_E_4273411,1,none,A11
LA_E_4273863,1,alaw,A18
LA_E_4274045,1,opus,A16
LA_E_4274583,1,gsm,A17
LA_E_4274644,1,gsm,A15
LA_E_4274799,1,ulaw,A10
LA_E_4275468,1,none,A09
LA_E_4277694,0,gsm,bonafide
LA_E_4277768,1,ulaw,A14
LA_E_4277876,1,opus,A11
LA_E_4278253,1,ulaw,A11
LA_E_4279001,1,opus,A19
LA_E_4279119,1,g722,A15
LA_E_4279230,1,gsm,A10
LA_E_4279337,1,opus,A08
LA_E_4279927,1,opus,A17
LA_E_4280248,1,alaw,A12
LA_E_4280426,0,opus,bonafide
LA_E_4281570,1,opus,A09
LA_E_4281859,0,g722,bonafide
LA_E_4281979,1,none,A07
LA_E_4282292,1,pstn,A08
LA_E_4282320,0,gsm,bonafide
LA_E_4282863,0,pstn,bonafide
LA_E_4282864,0,g722,bonafide
LA_E_4283116,1,alaw,A08
LA_E_4283740,1,gsm,A08
LA_E_4283784,1,none,A07
LA_E_4283990,1,gsm,A10
LA_E_4284793,1,none,A09
LA_E_4284821,1,pstn,A12
LA_E_4284857,1,gsm,A12
LA_E_4284884,1,ulaw,A08
LA_E_4284969,1,ulaw,A12
LA_E_4284993,1,g722,A07
LA_E_4285088,1,g722,A15
LA_E_4285460,1,none,A09
LA_E_4285621,1,opus,A13
LA_E_4285729,1,opus,A13
LA_E_4285903,1,opus,A15
LA_E_4287475,1,opus,A17
LA_E_4288060,1,opus,A16
LA_E_4288687,1,gsm,A09
LA_E_4288709,0,pstn,bonafide
LA_E_4288874,1,opus,A15
LA_E_4288916,1,gsm,A13
LA_E_4288926,1,g722,A08
LA_E_4289120,1,opus,A12
LA_E_4289361,1,pstn,A18
LA_E_4289536,0,none,bonafide
LA_E_4289824,1,none,A12
LA_E_4290482,1,ulaw,A09
LA_E_4290545,1,ulaw,A19
LA_E_4290547,1,ulaw,A07
LA_E_4290909,1,ulaw,A11
LA_E_4290936,0,none,bonafide
LA_E_4291002,1,gsm,A18
LA_E_4291362,1,none,A19
LA_E_4291598,1,g722,A08
LA_E_4292031,1,opus,A19
LA_E_4292138,1,alaw,A14
LA_E_4292691,1,g722,A15
LA_E_4292862,1,gsm,A09
LA_E_4293173,1,g722,A09
LA_E_4293253,1,opus,A13
LA_E_4293299,1,gsm,A11
LA_E_4293425,1,none,A17
LA_E_4293483,1,g722,A13
LA_E_4293692,0,gsm,bonafide
LA_E_4294022,1,alaw,A11
LA_E_4294064,1,opus,A09
LA_E_4294103,1,gsm,A13
LA_E_4294477,1,ulaw,A14
LA_E_4294926,1,ulaw,A08
LA_E_4295500,1,ulaw,A19
LA_E_4296980,1,ulaw,A10
LA_E_4297427,1,gsm,A10
LA_E_4297891,1,gsm,A08
LA_E_4298075,1,alaw,A11
LA_E_4298169,0,gsm,bonafide
LA_E_4298403,1,ulaw,A15
LA_E_4298582,1,opus,A11
LA_E_4298712,0,g722,bonafide
LA_E_4298891,1,ulaw,A15
LA_E_4299087,1,ulaw,A15
LA_E_4299112,1,opus,A07
LA_E_4299611,1,alaw,A14
LA_E_4300060,1,opus,A16
LA_E_4300075,1,gsm,A19
LA_E_4300226,1,opus,A16
LA_E_4300410,1,opus,A07
LA_E_4300525,1,opus,A12
LA_E_4301276,1,pstn,A10
LA_E_4301390,1,ulaw,A08
LA_E_4301482,1,alaw,A19
LA_E_4301758,1,gsm,A11
LA_E_4301792,1,opus,A08
LA_E_4301847,1,gsm,A07
LA_E_4302067,1,g722,A19
LA_E_4302313,1,none,A14
LA_E_4302381,1,ulaw,A10
LA_E_4302610,1,alaw,A16
LA_E_4302635,1,gsm,A16
LA_E_4302957,1,none,A15
LA_E_4303311,1,opus,A13
LA_E_4303630,1,opus,A15
LA_E_4304826,1,g722,A18
LA_E_4305106,1,pstn,A19
LA_E_4305446,0,gsm,bonafide
LA_E_4305536,0,none,bonafide
LA_E_4305733,1,pstn,A18
LA_E_4305932,1,g722,A07
LA_E_4306242,1,g722,A16
LA_E_4306528,1,g722,A19
LA_E_4306683,1,gsm,A16
LA_E_4306785,1,opus,A15
LA_E_4307544,1,alaw,A08
LA_E_4307678,1,opus,A08
LA_E_4308004,1,gsm,A08
LA_E_4308345,1,none,A11
LA_E_4308489,1,g722,A09
LA_E_4308778,1,ulaw,A08
LA_E_4309075,1,pstn,A10
LA_E_4309113,0,g722,bonafide
LA_E_4309781,1,ulaw,A10
LA_E_4311363,1,none,A15
LA_E_4311560,1,opus,A07
LA_E_4311996,1,ulaw,A18
LA_E_4312086,0,ulaw,bonafide
LA_E_4312676,1,none,A15
LA_E_4312705,1,gsm,A07
LA_E_4313825,1,g722,A17
LA_E_4314258,1,ulaw,A18
LA_E_4314374,0,g722,bonafide
LA_E_4314731,1,g722,A08
LA_E_4314853,0,pstn,bonafide
LA_E_4315123,1,opus,A17
LA_E_4315615,1,ulaw,A17
LA_E_4315776,0,g722,bonafide
LA_E_4315893,1,gsm,A16
LA_E_4315967,1,gsm,A14
LA_E_4316286,1,ulaw,A18
LA_E_4316632,1,alaw,A15
LA_E_4316748,1,pstn,A19
LA_E_4316879,1,opus,A15
LA_E_4317797,0,none,bonafide
LA_E_4318177,0,opus,bonafide
LA_E_4318266,0,none,bonafide
LA_E_4318425,1,none,A13
LA_E_4318455,1,none,A11
LA_E_4318492,1,alaw,A12
LA_E_4319211,1,pstn,A13
LA_E_4319409,1,ulaw,A08
LA_E_4319931,1,pstn,A12
LA_E_4320375,1,gsm,A11
LA_E_4320864,1,g722,A08
LA_E_4321018,1,gsm,A12
LA_E_4321584,1,ulaw,A19
LA_E_4321586,1,gsm,A19
LA_E_4321899,1,ulaw,A09
LA_E_4322279,1,opus,A11
LA_E_4322334,1,opus,A15
LA_E_4322357,1,gsm,A12
LA_E_4322428,0,g722,bonafide
LA_E_4322883,1,ulaw,A18
LA_E_4322992,0,gsm,bonafide
LA_E_4323186,1,opus,A17
LA_E_4323432,0,gsm,bonafide
LA_E_4323882,0,none,bonafide
LA_E_4323985,0,none,bonafide
LA_E_4324000,1,ulaw,A12
LA_E_4324626,1,ulaw,A18
LA_E_4324770,1,pstn,A14
LA_E_4325233,1,none,A07
LA_E_4325409,1,opus,A19
LA_E_4326635,1,gsm,A10
LA_E_4327013,1,alaw,A18
LA_E_4328103,1,opus,A19
LA_E_4328439,1,gsm,A13
LA_E_4329157,1,gsm,A07
LA_E_4329207,1,none,A10
LA_E_4329477,1,alaw,A19
LA_E_4329671,1,pstn,A15
LA_E_4329768,1,gsm,A16
LA_E_4329775,1,gsm,A18
LA_E_4331134,1,ulaw,A08
LA_E_4331442,1,opus,A15
LA_E_4331452,1,pstn,A13
LA_E_4331642,1,gsm,A14
LA_E_4332021,1,pstn,A14
LA_E_4332229,1,opus,A19
LA_E_4333010,1,none,A12
LA_E_4333664,1,ulaw,A10
LA_E_4334006,1,none,A12
LA_E_4334043,0,ulaw,bonafide
LA_E_4334205,1,ulaw,A08
LA_E_4334213,1,pstn,A08
LA_E_4334521,1,opus,A11
LA_E_4334567,1,gsm,A15
LA_E_4334670,1,opus,A07
LA_E_4335363,1,g722,A17
LA_E_4336226,1,g722,A09
LA_E_4336455,1,opus,A09
LA_E_4338498,1,gsm,A19
LA_E_4338873,0,gsm,bonafide
LA_E_4339061,1,g722,A13
LA_E_4339527,1,opus,A08
LA_E_4340150,1,alaw,A12
LA_E_4340246,1,gsm,A15
LA_E_4340462,1,gsm,A12
LA_E_4340825,1,none,A09
LA_E_4341355,1,alaw,A10
LA_E_4341424,1,none,A10
LA_E_4341840,1,none,A18
LA_E_4341892,1,alaw,A08
LA_E_4342519,1,alaw,A15
LA_E_4342521,1,gsm,A12
LA_E_4343404,1,gsm,A19
LA_E_4343553,1,alaw,A14
LA_E_4344318,1,ulaw,A14
LA_E_4344795,1,g722,A11
LA_E_4345418,1,alaw,A08
LA_E_4345426,1,gsm,A16
LA_E_4346458,1,g722,A17
LA_E_4346518,1,ulaw,A14
LA_E_4347342,1,ulaw,A17
LA_E_4347857,1,alaw,A12
LA_E_4348523,1,none,A08
LA_E_4349385,1,ulaw,A11
LA_E_4349544,0,opus,bonafide
LA_E_4349653,1,ulaw,A18
LA_E_4350200,1,gsm,A13
LA_E_4350977,0,ulaw,bonafide
LA_E_4351226,0,none,bonafide
LA_E_4351986,1,ulaw,A17
LA_E_4352119,1,ulaw,A08
LA_E_4352175,1,g722,A15
LA_E_4352429,1,g722,A18
LA_E_4352515,1,g722,A14
LA_E_4352556,1,none,A14
LA_E_4353966,1,opus,A17
LA_E_4354089,1,ulaw,A09
LA_E_4354312,1,none,A10
LA_E_4354379,1,gsm,A09
LA_E_4354522,1,gsm,A10
LA_E_4354742,1,gsm,A12
LA_E_4355550,1,opus,A07
LA_E_4355766,1,gsm,A13
LA_E_4356181,1,opus,A19
LA_E_4356852,1,gsm,A07
LA_E_4357203,1,g722,A18
LA_E_4357230,1,opus,A12
LA_E_4357276,1,gsm,A09
LA_E_4358673,1,ulaw,A19
LA_E_4358885,1,ulaw,A07
LA_E_4359132,1,g722,A19
LA_E_4359956,1,gsm,A09
LA_E_4360078,1,g722,A07
LA_E_4362218,1,alaw,A10
LA_E_4362500,1,g722,A11
LA_E_4362785,1,ulaw,A12
LA_E_4362856,1,alaw,A18
LA_E_4363122,1,opus,A12
LA_E_4363597,1,opus,A14
LA_E_4363689,1,ulaw,A18
LA_E_4363763,1,gsm,A10
LA_E_4363784,1,g722,A09
LA_E_4363842,1,none,A13
LA_E_4364750,1,pstn,A15
LA_E_4364809,1,ulaw,A19
LA_E_4364817,1,opus,A15
LA_E_4364823,0,g722,bonafide
LA_E_4364834,1,g722,A16
LA_E_4365017,1,pstn,A19
LA_E_4365590,1,none,A13
LA_E_4366369,0,gsm,bonafide
LA_E_4366391,1,ulaw,A13
LA_E_4366397,1,g722,A13
LA_E_4367405,1,ulaw,A19
LA_E_4367521,1,g722,A19
LA_E_4367858,1,gsm,A08
LA_E_4368295,1,gsm,A19
LA_E_4368337,1,alaw,A19
LA_E_4368373,1,gsm,A14
LA_E_4368935,1,none,A19
LA_E_4369179,0,ulaw,bonafide
LA_E_4369637,1,ulaw,A09
LA_E_4369672,1,ulaw,A19
LA_E_4370069,1,none,A17
LA_E_4370208,1,pstn,A09
LA_E_4371349,1,gsm,A16
LA_E_4371664,1,alaw,A08
LA_E_4371872,1,gsm,A16
LA_E_4371884,1,pstn,A08
LA_E_4372597,1,none,A11
LA_E_4373082,0,gsm,bonafide
LA_E_4373651,1,ulaw,A11
LA_E_4373929,1,g722,A07
LA_E_4374136,1,gsm,A12
LA_E_4375265,1,opus,A18
LA_E_4375708,1,gsm,A09
LA_E_4376335,1,pstn,A15
LA_E_4376430,1,none,A09
LA_E_4376844,1,alaw,A09
LA_E_4377070,0,alaw,bonafide
LA_E_4377601,0,opus,bonafide
LA_E_4377734,1,pstn,A14
LA_E_4378559,1,ulaw,A17
LA_E_4378695,1,gsm,A12
LA_E_4378799,1,pstn,A10
LA_E_4378962,1,opus,A12
LA_E_4379447,1,alaw,A11
LA_E_4379481,1,alaw,A11
LA_E_4380181,1,pstn,A07
LA_E_4380460,1,g722,A16
LA_E_4380586,1,pstn,A12
LA_E_4381224,1,ulaw,A13
LA_E_4381251,1,none,A09
LA_E_4381617,1,ulaw,A10
LA_E_4382264,1,none,A15
LA_E_4382991,1,ulaw,A16
LA_E_4383469,1,pstn,A12
LA_E_4383780,1,none,A10
LA_E_4384513,1,g722,A11
LA_E_4385405,1,gsm,A16
LA_E_4385466,1,ulaw,A17
LA_E_4385716,1,opus,A17
LA_E_4386259,1,ulaw,A12
LA_E_4388286,1,pstn,A09
LA_E_4388570,1,gsm,A14
LA_E_4388733,1,gsm,A18
LA_E_4388934,1,none,A10
LA_E_4389148,1,g722,A13
LA_E_4389230,1,alaw,A08
LA_E_4389380,1,opus,A09
LA_E_4389699,1,gsm,A08
LA_E_4389957,1,alaw,A14
LA_E_4389981,0,opus,bonafide
LA_E_4390137,1,gsm,A11
LA_E_4390282,1,g722,A12
LA_E_4390542,1,none,A19
LA_E_4390919,1,ulaw,A15
LA_E_4392054,1,alaw,A15
LA_E_4393094,0,gsm,bonafide
LA_E_4393151,1,ulaw,A17
LA_E_4393625,1,ulaw,A13
LA_E_4393875,0,alaw,bonafide
LA_E_4393994,1,pstn,A11
LA_E_4394591,1,opus,A14
LA_E_4394811,1,pstn,A07
LA_E_4394854,0,pstn,bonafide
LA_E_4394899,0,ulaw,bonafide
LA_E_4395129,1,none,A17
LA_E_4395724,1,gsm,A13
LA_E_4396633,1,ulaw,A13
LA_E_4397099,1,alaw,A18
LA_E_4397817,1,gsm,A18
LA_E_4397827,1,alaw,A16
LA_E_4397961,1,pstn,A19
LA_E_4398438,1,gsm,A12
LA_E_4398511,1,opus,A12
LA_E_4399138,1,g722,A09
LA_E_4399742,1,ulaw,A07
LA_E_4399821,1,alaw,A09
LA_E_4400690,1,pstn,A18
LA_E_4400721,1,opus,A13
LA_E_4400772,1,gsm,A14
LA_E_4400903,1,g722,A07
LA_E_4401257,1,gsm,A17
LA_E_4401808,1,opus,A09
LA_E_4402161,1,gsm,A13
LA_E_4402346,1,gsm,A17
LA_E_4402616,1,alaw,A13
LA_E_4402617,1,opus,A10
LA_E_4403833,1,none,A14
LA_E_4404382,0,gsm,bonafide
LA_E_4404430,1,pstn,A15
LA_E_4404757,1,g722,A08
LA_E_4404967,1,opus,A19
LA_E_4404991,1,pstn,A13
LA_E_4405010,1,pstn,A10
LA_E_4405577,1,none,A12
LA_E_4406096,1,opus,A07
LA_E_4406128,1,none,A08
LA_E_4406240,1,pstn,A14
LA_E_4406243,1,gsm,A12
LA_E_4406266,1,gsm,A10
LA_E_4406977,1,alaw,A09
LA_E_4407154,1,opus,A11
LA_E_4407276,1,gsm,A19
LA_E_4407393,1,none,A10
LA_E_4407395,1,alaw,A19
LA_E_4407440,1,pstn,A19
LA_E_4407464,1,alaw,A08
LA_E_4407559,1,ulaw,A10
LA_E_4407599,1,ulaw,A10
LA_E_4407605,0,gsm,bonafide
LA_E_4407716,0,none,bonafide
LA_E_4408113,1,pstn,A18
LA_E_4408466,1,g722,A12
LA_E_4408502,1,alaw,A13
LA_E_4408775,1,opus,A07
LA_E_4409194,1,gsm,A15
LA_E_4409309,1,opus,A10
LA_E_4409370,1,none,A11
LA_E_4409489,1,gsm,A19
LA_E_4409790,1,gsm,A10
LA_E_4410255,1,none,A11
LA_E_4410630,0,opus,bonafide
LA_E_4411437,1,pstn,A07
LA_E_4412122,1,pstn,A10
LA_E_4412271,1,opus,A18
LA_E_4412706,1,alaw,A09
LA_E_4412733,1,alaw,A07
LA_E_4412857,1,gsm,A16
LA_E_4413113,1,none,A13
LA_E_4414715,1,g722,A19
LA_E_4415006,1,pstn,A08
LA_E_4415049,1,ulaw,A14
LA_E_4415353,0,gsm,bonafide
LA_E_4416031,1,opus,A18
LA_E_4416266,1,alaw,A11
LA_E_4416395,1,opus,A19
LA_E_4416717,1,opus,A09
LA_E_4417094,1,pstn,A12
LA_E_4417103,1,ulaw,A13
LA_E_4417383,1,ulaw,A18
LA_E_4417543,1,alaw,A19
LA_E_4418266,1,g722,A08
LA_E_4418706,1,ulaw,A19
LA_E_4419412,0,gsm,bonafide
LA_E_4419801,1,opus,A16
LA_E_4420021,1,opus,A11
LA_E_4420238,1,alaw,A08
LA_E_4420461,1,ulaw,A11
LA_E_4420486,1,g722,A16
LA_E_4420586,1,gsm,A13
LA_E_4420792,1,g722,A07
LA_E_4421077,1,alaw,A18
LA_E_4421149,1,none,A07
LA_E_4421730,1,gsm,A17
LA_E_4422188,1,ulaw,A08
LA_E_4422435,1,ulaw,A14
LA_E_4423415,0,pstn,bonafide
LA_E_4423425,1,opus,A18
LA_E_4424258,0,ulaw,bonafide
LA_E_4424804,1,pstn,A12
LA_E_4424999,1,pstn,A13
LA_E_4425011,1,none,A12
LA_E_4425406,1,opus,A12
LA_E_4425411,1,alaw,A15
LA_E_4425701,1,ulaw,A07
LA_E_4425979,1,gsm,A10
LA_E_4426139,1,ulaw,A11
LA_E_4426642,1,g722,A17
LA_E_4427273,1,g722,A17
LA_E_4427396,1,opus,A18
LA_E_4428227,0,ulaw,bonafide
LA_E_4428663,1,gsm,A07
LA_E_4428923,1,g722,A09
LA_E_4429263,1,opus,A14
LA_E_4429499,1,ulaw,A18
LA_E_4429730,1,g722,A19
LA_E_4430300,1,ulaw,A19
LA_E_4430585,1,alaw,A10
LA_E_4430589,1,alaw,A11
LA_E_4430670,1,none,A09
LA_E_4432428,1,pstn,A08
LA_E_4432776,1,ulaw,A14
LA_E_4433172,1,none,A10
LA_E_4433200,1,opus,A19
LA_E_4433558,0,ulaw,bonafide
LA_E_4433652,1,gsm,A16
LA_E_4433746,1,none,A13
LA_E_4434352,0,opus,bonafide
LA_E_4436267,1,none,A14
LA_E_4437722,1,ulaw,A18
LA_E_4437774,1,alaw,A17
LA_E_4437812,0,gsm,bonafide
LA_E_4438684,1,g722,A18
LA_E_4438740,1,gsm,A16
LA_E_4439235,1,ulaw,A15
LA_E_4439739,0,pstn,bonafide
LA_E_4439854,1,g722,A09
LA_E_4440535,1,opus,A15
LA_E_4440690,1,opus,A11
LA_E_4441157,1,alaw,A17
LA_E_4441567,0,gsm,bonafide
LA_E_4442483,1,opus,A15
LA_E_4443735,1,alaw,A15
LA_E_4444075,1,alaw,A10
LA_E_4444995,1,g722,A07
LA_E_4445146,1,gsm,A15
LA_E_4445254,1,g722,A14
LA_E_4446045,1,ulaw,A16
LA_E_4446114,1,gsm,A08
LA_E_4446344,1,opus,A19
LA_E_4446506,1,gsm,A09
LA_E_4446545,1,opus,A16
LA_E_4446775,1,pstn,A10
LA_E_4447043,1,gsm,A09
LA_E_4447879,1,opus,A18
LA_E_4448533,0,alaw,bonafide
LA_E_4448753,1,pstn,A09
LA_E_4448818,1,opus,A13
LA_E_4448833,1,opus,A17
LA_E_4449089,0,g722,bonafide
LA_E_4449530,1,gsm,A12
LA_E_4450178,0,gsm,bonafide
LA_E_4451018,1,opus,A14
LA_E_4451333,1,none,A07
LA_E_4452678,1,opus,A07
LA_E_4453480,1,alaw,A07
LA_E_4453529,1,none,A14
LA_E_4454791,0,opus,bonafide
LA_E_4455222,1,pstn,A15
LA_E_4455239,1,ulaw,A14
LA_E_4455340,0,g722,bonafide
LA_E_4455477,1,gsm,A13
LA_E_4455545,1,ulaw,A11
LA_E_4455736,1,none,A10
LA_E_4456207,0,pstn,bonafide
LA_E_4456400,1,none,A19
LA_E_4456421,1,ulaw,A16
LA_E_4457548,0,gsm,bonafide
LA_E_4457930,1,g722,A12
LA_E_4457952,1,alaw,A14
LA_E_4459386,1,opus,A08
LA_E_4460231,1,pstn,A18
LA_E_4460669,1,pstn,A15
LA_E_4460715,1,g722,A16
LA_E_4461375,1,ulaw,A16
LA_E_4461540,1,ulaw,A19
LA_E_4461572,1,alaw,A07
LA_E_4461802,1,gsm,A14
LA_E_4462318,0,gsm,bonafide
LA_E_4463318,1,gsm,A13
LA_E_4463877,1,gsm,A08
LA_E_4463982,1,none,A17
LA_E_4464203,1,ulaw,A15
LA_E_4465615,1,opus,A12
LA_E_4465905,0,opus,bonafide
LA_E_4466061,1,g722,A10
LA_E_4466073,1,alaw,A08
LA_E_4467164,1,none,A11
LA_E_4467752,0,none,bonafide
LA_E_4467979,1,none,A13
LA_E_4468030,1,g722,A09
LA_E_4468752,1,gsm,A07
LA_E_4468885,1,alaw,A13
LA_E_4469326,1,pstn,A08
LA_E_4469357,1,ulaw,A15
LA_E_4469591,1,ulaw,A14
LA_E_4469695,1,alaw,A09
LA_E_4470008,1,none,A07
LA_E_4470191,1,gsm,A08
LA_E_4470266,0,alaw,bonafide
LA_E_4470892,1,g722,A19
LA_E_4472366,1,none,A13
LA_E_4472373,1,none,A16
LA_E_4472862,1,none,A17
LA_E_4472887,1,opus,A08
LA_E_4473722,1,alaw,A17
LA_E_4473736,1,ulaw,A09
LA_E_4473917,1,gsm,A13
LA_E_4474233,1,alaw,A15
LA_E_4475333,0,opus,bonafide
LA_E_4475614,1,ulaw,A13
LA_E_4475627,0,alaw,bonafide
LA_E_4475744,1,none,A19
LA_E_4477060,1,pstn,A18
LA_E_4477130,0,alaw,bonafide
LA_E_4477251,1,opus,A12
LA_E_4477955,1,alaw,A12
LA_E_4478106,1,g722,A19
LA_E_4478333,1,pstn,A07
LA_E_4478353,0,opus,bonafide
LA_E_4480368,1,ulaw,A19
LA_E_4480687,1,pstn,A08
LA_E_4481123,1,g722,A09
LA_E_4481660,1,g722,A18
LA_E_4482297,1,g722,A14
LA_E_4482509,1,pstn,A11
LA_E_4482753,1,alaw,A17
LA_E_4483683,1,gsm,A19
LA_E_4484130,1,g722,A07
LA_E_4484682,1,none,A14
LA_E_4485259,1,ulaw,A11
LA_E_4485389,1,none,A13
LA_E_4485724,1,alaw,A17
LA_E_4485831,1,opus,A07
LA_E_4486085,1,none,A13
LA_E_4486526,1,opus,A15
LA_E_4486687,1,pstn,A08
LA_E_4486722,1,ulaw,A08
LA_E_4487065,1,opus,A19
LA_E_4488255,0,gsm,bonafide
LA_E_4488345,1,g722,A15
LA_E_4488378,1,gsm,A09
LA_E_4488553,0,g722,bonafide
LA_E_4489556,1,opus,A15
LA_E_4489613,1,g722,A08
LA_E_4489945,1,pstn,A14
LA_E_4490488,1,alaw,A07
LA_E_4491329,1,gsm,A12
LA_E_4491434,1,g722,A13
LA_E_4491509,1,alaw,A12
LA_E_4491633,1,alaw,A08
LA_E_4492417,1,opus,A09
LA_E_4492617,1,g722,A14
LA_E_4493529,1,ulaw,A11
LA_E_4493693,1,g722,A12
LA_E_4494091,1,none,A11
LA_E_4494409,1,none,A07
LA_E_4495032,1,none,A17
LA_E_4495261,1,opus,A19
LA_E_4495613,1,gsm,A12
LA_E_4495706,0,gsm,bonafide
LA_E_4495801,1,alaw,A08
LA_E_4496024,1,g722,A07
LA_E_4497231,1,g722,A09
LA_E_4497399,1,opus,A08
LA_E_4497611,1,gsm,A19
LA_E_4497778,1,alaw,A11
LA_E_4498061,0,ulaw,bonafide
LA_E_4498612,1,opus,A16
LA_E_4499139,0,g722,bonafide
LA_E_4499433,1,none,A14
LA_E_4499459,1,pstn,A07
LA_E_4499872,1,alaw,A14
LA_E_4500029,1,pstn,A12
LA_E_4500447,1,alaw,A15
LA_E_4500808,1,none,A15
LA_E_4500873,1,pstn,A16
LA_E_4501247,1,alaw,A07
LA_E_4501918,1,g722,A14
LA_E_4501987,0,pstn,bonafide
LA_E_4502027,1,g722,A17
LA_E_4502703,1,alaw,A14
LA_E_4502753,0,alaw,bonafide
LA_E_4502911,1,alaw,A12
LA_E_4502993,1,ulaw,A08
LA_E_4503238,1,pstn,A19
LA_E_4503478,1,ulaw,A10
LA_E_4503812,1,opus,A13
LA_E_4503892,1,pstn,A11
LA_E_4504025,1,alaw,A09
LA_E_4504785,0,ulaw,bonafide
LA_E_4505580,1,g722,A16
LA_E_4505614,1,ulaw,A08
LA_E_4505830,1,alaw,A13
LA_E_4506002,0,opus,bonafide
LA_E_4506397,1,opus,A09
LA_E_4506460,1,ulaw,A14
LA_E_4506985,1,alaw,A13
LA_E_4507185,0,opus,bonafide
LA_E_4507504,1,none,A11
LA_E_4507539,1,opus,A16
LA_E_4507885,1,gsm,A16
LA_E_4507987,1,none,A16
LA_E_4508769,1,gsm,A08
LA_E_4508882,0,pstn,bonafide
LA_E_4509178,1,opus,A17
LA_E_4509274,1,ulaw,A16
LA_E_4509515,1,none,A08
LA_E_4510031,1,opus,A11
LA_E_4510139,1,pstn,A09
LA_E_4510444,1,g722,A10
LA_E_4510451,1,alaw,A10
LA_E_4510488,1,ulaw,A12
LA_E_4510989,1,alaw,A15
LA_E_4511654,1,gsm,A09
LA_E_4511746,1,alaw,A19
LA_E_4511782,1,g722,A07
LA_E_4512126,1,none,A10
LA_E_4512134,1,pstn,A10
LA_E_4512878,1,gsm,A19
LA_E_4513210,1,none,A19
LA_E_4513935,1,gsm,A13
LA_E_4514527,1,pstn,A14
LA_E_4514742,0,g722,bonafide
LA_E_4514782,1,alaw,A19
LA_E_4514783,1,gsm,A15
LA_E_4515082,1,gsm,A11
LA_E_4515651,1,g722,A18
LA_E_4515819,1,opus,A07
LA_E_4516723,0,ulaw,bonafide
LA_E_4516828,0,ulaw,bonafide
LA_E_4517525,0,gsm,bonafide
LA_E_4517705,1,pstn,A11
LA_E_4517724,1,opus,A10
LA_E_4518293,1,opus,A09
LA_E_4518332,1,opus,A16
LA_E_4519378,1,opus,A11
LA_E_4519700,1,none,A18
LA_E_4519720,1,g722,A17
LA_E_4519732,0,pstn,bonafide
LA_E_4519946,1,g722,A16
LA_E_4520002,1,ulaw,A19
LA_E_4520616,1,g722,A14
LA_E_4520851,1,gsm,A19
LA_E_4520930,1,alaw,A11
LA_E_4521198,1,alaw,A19
LA_E_4521406,1,opus,A17
LA_E_4521775,1,ulaw,A09
LA_E_4521796,1,pstn,A09
LA_E_4521980,1,g722,A10
LA_E_4523966,1,g722,A09
LA_E_4524023,1,ulaw,A14
LA_E_4524177,1,opus,A19
LA_E_4525651,1,none,A12
LA_E_4526520,1,gsm,A09
LA_E_4527781,1,alaw,A12
LA_E_4528044,1,alaw,A11
LA_E_4528845,1,g722,A11
LA_E_4529266,1,pstn,A09
LA_E_4529337,1,opus,A12
LA_E_4529346,0,gsm,bonafide
LA_E_4529513,1,g722,A13
LA_E_4529564,1,pstn,A17
LA_E_4530286,1,gsm,A12
LA_E_4530325,1,g722,A13
LA_E_4530514,1,opus,A12
LA_E_4531331,1,none,A13
LA_E_4531551,1,g722,A12
LA_E_4531631,1,alaw,A17
LA_E_4531890,1,opus,A12
LA_E_4531954,1,alaw,A17
LA_E_4532507,1,ulaw,A10
LA_E_4532620,1,pstn,A17
LA_E_4533552,1,none,A10
LA_E_4534735,1,none,A08
LA_E_4534827,1,pstn,A18
LA_E_4534908,1,gsm,A18
LA_E_4535439,1,pstn,A07
LA_E_4535608,1,pstn,A12
LA_E_4535704,1,pstn,A09
LA_E_4535820,1,pstn,A08
LA_E_4535881,1,pstn,A13
LA_E_4536046,1,ulaw,A10
LA_E_4536685,1,alaw,A14
LA_E_4536772,1,pstn,A12
LA_E_4536999,0,g722,bonafide
LA_E_4537486,1,opus,A09
LA_E_4537878,1,opus,A19
LA_E_4537910,1,g722,A18
LA_E_4538014,1,alaw,A10
LA_E_4538111,1,g722,A15
LA_E_4538640,1,alaw,A13
LA_E_4538746,1,gsm,A19
LA_E_4538806,1,none,A09
LA_E_4538860,1,ulaw,A19
LA_E_4538930,1,alaw,A18
LA_E_4539181,1,none,A18
LA_E_4539751,1,g722,A15
LA_E_4539849,1,none,A18
LA_E_4540154,1,none,A12
LA_E_4540578,1,opus,A15
LA_E_4540949,1,opus,A16
LA_E_4541721,1,gsm,A07
LA_E_4541906,0,ulaw,bonafide
LA_E_4541932,1,pstn,A10
LA_E_4542085,1,ulaw,A18
LA_E_4542483,1,alaw,A14
LA_E_4542943,1,pstn,A19
LA_E_4543600,1,gsm,A18
LA_E_4543696,1,gsm,A16
LA_E_4544290,1,alaw,A13
LA_E_4544363,1,alaw,A18
LA_E_4544537,1,gsm,A07
LA_E_4545296,1,pstn,A13
LA_E_4545417,0,pstn,bonafide
LA_E_4545891,1,alaw,A16
LA_E_4546174,1,gsm,A13
LA_E_4546364,1,ulaw,A12
LA_E_4546464,1,gsm,A10
LA_E_4546589,1,ulaw,A14
LA_E_4546674,1,none,A15
LA_E_4548314,1,opus,A19
LA_E_4548402,1,pstn,A07
LA_E_4548523,1,gsm,A19
LA_E_4549588,0,ulaw,bonafide
LA_E_4549633,1,none,A16
LA_E_4549663,1,gsm,A10
LA_E_4550115,0,opus,bonafide
LA_E_4550181,1,none,A19
LA_E_4550243,1,pstn,A10
LA_E_4551166,1,ulaw,A16
LA_E_4551178,1,pstn,A17
LA_E_4551341,1,alaw,A10
LA_E_4551437,1,ulaw,A16
LA_E_4551835,1,gsm,A12
LA_E_4551968,1,g722,A08
LA_E_4552511,0,gsm,bonafide
LA_E_4552531,1,gsm,A16
LA_E_4552787,1,alaw,A17
LA_E_4552930,1,gsm,A10
LA_E_4553783,1,alaw,A09
LA_E_4553890,1,g722,A12
LA_E_4554162,1,alaw,A15
LA_E_4554226,1,alaw,A18
LA_E_4555377,1,none,A16
LA_E_4555539,1,alaw,A11
LA_E_4555661,1,ulaw,A09
LA_E_4555831,1,none,A11
LA_E_4556069,1,ulaw,A09
LA_E_4556240,1,alaw,A07
LA_E_4556441,1,gsm,A07
LA_E_4556489,1,alaw,A08
LA_E_4556645,1,g722,A11
LA_E_4556674,0,alaw,bonafide
LA_E_4557793,1,opus,A12
LA_E_4558614,1,alaw,A12
LA_E_4559334,1,g722,A13
LA_E_4559513,1,pstn,A08
LA_E_4561710,0,ulaw,bonafide
LA_E_4562952,1,none,A10
LA_E_4563370,1,g722,A14
LA_E_4563517,1,ulaw,A14
LA_E_4563522,1,gsm,A15
LA_E_4563544,1,pstn,A18
LA_E_4563761,1,g722,A15
LA_E_4564251,1,g722,A14
LA_E_4564271,1,ulaw,A15
LA_E_4564514,1,opus,A12
LA_E_4564527,0,g722,bonafide
LA_E_4565269,1,alaw,A16
LA_E_4565588,1,ulaw,A19
LA_E_4565603,0,none,bonafide
LA_E_4566631,1,g722,A12
LA_E_4567227,1,pstn,A19
LA_E_4567374,1,ulaw,A19
LA_E_4567544,1,g722,A13
LA_E_4567944,0,ulaw,bonafide
LA_E_4567980,1,none,A12
LA_E_4568183,1,ulaw,A11
LA_E_4568656,1,g722,A17
LA_E_4568901,1,opus,A11
LA_E_4569325,1,pstn,A17
LA_E_4569430,1,none,A17
LA_E_4569664,1,none,A13
LA_E_4569703,1,gsm,A12
LA_E_4569826,1,alaw,A19
LA_E_4569971,0,opus,bonafide
LA_E_4570120,1,g722,A07
LA_E_4570315,1,opus,A15
LA_E_4570622,1,pstn,A15
LA_E_4572427,1,opus,A11
LA_E_4572432,1,ulaw,A10
LA_E_4572786,1,gsm,A10
LA_E_4573172,1,none,A15
LA_E_4573364,1,gsm,A19
LA_E_4573848,1,pstn,A13
LA_E_4574088,1,pstn,A11
LA_E_4574204,1,alaw,A15
LA_E_4574372,1,opus,A17
LA_E_4574625,1,gsm,A18
LA_E_4574677,1,gsm,A11
LA_E_4574695,1,ulaw,A11
LA_E_4575213,0,ulaw,bonafide
LA_E_4575954,1,gsm,A11
LA_E_4576749,1,alaw,A17
LA_E_4576865,1,none,A13
LA_E_4576912,0,pstn,bonafide
LA_E_4576964,1,none,A16
LA_E_4576996,0,pstn,bonafide
LA_E_4577122,1,pstn,A12
LA_E_4577256,1,alaw,A15
LA_E_4577779,1,g722,A08
LA_E_4577863,1,gsm,A16
LA_E_4578010,1,gsm,A11
LA_E_4578246,1,none,A19
LA_E_4578981,1,none,A13
LA_E_4579060,1,alaw,A11
LA_E_4579256,1,alaw,A08
LA_E_4579859,0,ulaw,bonafide
LA_E_4580563,1,pstn,A16
LA_E_4580876,0,ulaw,bonafide
LA_E_4581889,1,gsm,A11
LA_E_4582288,1,g722,A15
LA_E_4583218,1,pstn,A11
LA_E_4583839,1,none,A08
LA_E_4584219,1,alaw,A13
LA_E_4584750,1,alaw,A07
LA_E_4585124,1,gsm,A13
LA_E_4585313,1,g722,A18
LA_E_4585398,1,gsm,A16
LA_E_4585633,1,pstn,A17
LA_E_4586055,1,none,A13
LA_E_4586057,1,none,A14
LA_E_4586201,1,alaw,A13
LA_E_4586386,1,gsm,A13
LA_E_4586668,1,alaw,A15
LA_E_4587139,1,gsm,A17
LA_E_4587282,1,opus,A18
LA_E_4587375,0,none,bonafide
LA_E_4587505,1,alaw,A15
LA_E_4587627,1,pstn,A18
LA_E_4590106,1,opus,A19
LA_E_4590809,1,alaw,A14
LA_E_4591310,1,g722,A08
LA_E_4591669,0,gsm,bonafide
LA_E_4591848,1,g722,A19
LA_E_4592813,1,none,A11
LA_E_4592966,1,ulaw,A09
LA_E_4593232,1,opus,A14
LA_E_4593880,1,gsm,A17
LA_E_4593883,0,g722,bonafide
LA_E_4593884,0,gsm,bonafide
LA_E_4594072,0,ulaw,bonafide
LA_E_4595266,0,alaw,bonafide
LA_E_4595313,0,none,bonafide
LA_E_4595318,1,pstn,A07
LA_E_4595508,1,none,A07
LA_E_4595584,1,g722,A09
LA_E_4595597,1,alaw,A19
LA_E_4596624,0,gsm,bonafide
LA_E_4596695,0,g722,bonafide
LA_E_4596707,1,gsm,A12
LA_E_4596766,1,alaw,A19
LA_E_4598400,1,none,A15
LA_E_4599065,1,ulaw,A13
LA_E_4599801,1,pstn,A17
LA_E_4600571,1,gsm,A11
LA_E_4600803,1,none,A16
LA_E_4600880,1,pstn,A08
LA_E_4600917,1,none,A10
LA_E_4601021,0,alaw,bonafide
LA_E_4601313,1,ulaw,A12
LA_E_4601344,1,none,A13
LA_E_4601542,1,none,A14
LA_E_4601971,1,ulaw,A15
LA_E_4602235,1,none,A10
LA_E_4602311,1,opus,A13
LA_E_4602540,0,ulaw,bonafide
LA_E_4602903,1,ulaw,A17
LA_E_4602918,1,pstn,A10
LA_E_4602975,1,ulaw,A16
LA_E_4603043,1,g722,A17
LA_E_4604404,1,gsm,A09
LA_E_4604476,1,opus,A12
LA_E_4604604,1,pstn,A12
LA_E_4604928,1,ulaw,A17
LA_E_4605464,0,opus,bonafide
LA_E_4605547,0,none,bonafide
LA_E_4605671,1,none,A18
LA_E_4606157,1,g722,A16
LA_E_4606648,1,alaw,A09
LA_E_4606706,1,none,A15
LA_E_4607209,1,gsm,A18
LA_E_4607905,1,none,A11
LA_E_4608049,0,alaw,bonafide
LA_E_4608214,1,opus,A14
LA_E_4608218,1,pstn,A13
LA_E_4610029,1,alaw,A10
LA_E_4610086,1,alaw,A16
LA_E_4610239,1,pstn,A15
LA_E_4610627,1,none,A11
LA_E_4611003,1,g722,A13
LA_E_4611391,1,none,A16
LA_E_4611721,1,g722,A09
LA_E_4611846,0,opus,bonafide
LA_E_4612099,1,none,A09
LA_E_4612148,1,gsm,A09
LA_E_4612213,0,ulaw,bonafide
LA_E_4612873,0,none,bonafide
LA_E_4613481,1,ulaw,A16
LA_E_4614983,0,pstn,bonafide
LA_E_4615364,1,pstn,A13
LA_E_4615878,1,gsm,A16
LA_E_4616341,1,g722,A19
LA_E_4616843,1,ulaw,A13
LA_E_4617165,1,none,A11
LA_E_4617380,1,g722,A08
LA_E_4617455,1,none,A11
LA_E_4617482,1,ulaw,A15
LA_E_4617551,1,ulaw,A15
LA_E_4617613,1,opus,A07
LA_E_4617790,1,opus,A10
LA_E_4618537,1,ulaw,A16
LA_E_4618738,1,ulaw,A15
LA_E_4619191,1,opus,A12
LA_E_4619311,1,none,A08
LA_E_4619501,1,g722,A18
LA_E_4619566,1,pstn,A15
LA_E_4619665,1,gsm,A19
LA_E_4619859,1,alaw,A08
LA_E_4620484,1,g722,A19
LA_E_4620752,1,g722,A07
LA_E_4621605,1,none,A14
LA_E_4621684,1,g722,A07
LA_E_4622025,0,alaw,bonafide
LA_E_4622345,1,none,A16
LA_E_4622490,0,opus,bonafide
LA_E_4622711,1,pstn,A07
LA_E_4622965,0,pstn,bonafide
LA_E_4623904,1,g722,A13
LA_E_4623941,1,alaw,A10
LA_E_4624003,1,g722,A10
LA_E_4624009,1,pstn,A10
LA_E_4624062,0,opus,bonafide
LA_E_4624409,1,g722,A18
LA_E_4624423,1,opus,A07
LA_E_4624936,1,alaw,A08
LA_E_4625313,1,g722,A15
LA_E_4625965,1,g722,A08
LA_E_4626305,1,opus,A17
LA_E_4626732,1,opus,A10
LA_E_4626960,1,opus,A14
LA_E_4627056,0,alaw,bonafide
LA_E_4627077,1,g722,A10
LA_E_4628159,1,pstn,A07
LA_E_4628466,1,opus,A13
LA_E_4629353,1,ulaw,A17
LA_E_4629394,1,pstn,A18
LA_E_4629490,1,g722,A14
LA_E_4629595,1,ulaw,A14
LA_E_4629765,0,opus,bonafide
LA_E_4630490,1,ulaw,A11
LA_E_4631044,1,opus,A11
LA_E_4631542,1,ulaw,A16
LA_E_4631621,0,ulaw,bonafide
LA_E_4631661,1,none,A08
LA_E_4632362,1,g722,A12
LA_E_4632600,0,gsm,bonafide
LA_E_4632855,1,pstn,A09
LA_E_4633147,1,ulaw,A16
LA_E_4634327,1,alaw,A12
LA_E_4635013,1,alaw,A16
LA_E_4635166,1,pstn,A16
LA_E_4637141,1,ulaw,A15
LA_E_4637323,1,opus,A11
LA_E_4637941,1,gsm,A15
LA_E_4638515,1,ulaw,A13
LA_E_4638918,1,pstn,A14
LA_E_4639290,1,gsm,A17
LA_E_4639356,1,none,A15
LA_E_4639400,1,g722,A17
LA_E_4639412,1,pstn,A13
LA_E_4639964,1,none,A09
LA_E_4639971,1,g722,A12
LA_E_4640634,1,pstn,A08
LA_E_4640884,1,none,A09
LA_E_4641146,1,alaw,A19
LA_E_4641204,1,opus,A19
LA_E_4642196,0,ulaw,bonafide
LA_E_4642937,1,gsm,A15
LA_E_4644407,1,pstn,A19
LA_E_4644711,1,pstn,A12
LA_E_4644973,1,alaw,A08
LA_E_4645907,1,g722,A12
LA_E_4646746,1,opus,A13
LA_E_4647227,1,none,A10
LA_E_4647462,1,opus,A19
LA_E_4647620,1,gsm,A16
LA_E_4647820,1,pstn,A16
LA_E_4647852,1,opus,A19
LA_E_4648169,0,g722,bonafide
LA_E_4648181,1,gsm,A14
LA_E_4648339,0,pstn,bonafide
LA_E_4648673,1,gsm,A10
LA_E_4648768,1,g722,A13
LA_E_4649310,1,alaw,A11
LA_E_4649811,1,gsm,A18
LA_E_4651505,1,pstn,A11
LA_E_4651741,1,pstn,A18
LA_E_4651949,1,gsm,A17
LA_E_4652408,1,alaw,A10
LA_E_4652628,1,gsm,A09
LA_E_4653100,1,alaw,A08
LA_E_4653105,1,gsm,A15
LA_E_4653222,1,gsm,A10
LA_E_4653305,1,alaw,A09
LA_E_4653332,1,g722,A14
LA_E_4654005,1,alaw,A12
LA_E_4654021,1,ulaw,A17
LA_E_4654176,1,ulaw,A13
LA_E_4654419,1,alaw,A18
LA_E_4654590,1,gsm,A16
LA_E_4654775,0,pstn,bonafide
LA_E_4654908,1,g722,A11
LA_E_4654961,1,pstn,A12
LA_E_4655951,1,none,A17
LA_E_4656194,0,alaw,bonafide
LA_E_4656216,1,opus,A14
LA_E_4656314,1,opus,A15
LA_E_4656476,1,gsm,A09
LA_E_4657655,1,opus,A12
LA_E_4658300,1,ulaw,A08
LA_E_4658410,1,pstn,A10
LA_E_4658646,1,opus,A18
LA_E_4659409,1,alaw,A11
LA_E_4659497,0,alaw,bonafide
LA_E_4659556,1,g722,A09
LA_E_4659727,1,ulaw,A12
LA_E_4659796,1,opus,A18
LA_E_4659966,1,alaw,A11
LA_E_4660204,1,pstn,A09
LA_E_4660299,1,g722,A18
LA_E_4661051,1,gsm,A19
LA_E_4662150,1,pstn,A13
LA_E_4662794,1,alaw,A07
LA_E_4663065,1,none,A07
LA_E_4663128,1,pstn,A19
LA_E_4663314,1,ulaw,A07
LA_E_4663612,1,opus,A18
LA_E_4663860,1,alaw,A16
LA_E_4664086,1,opus,A18
LA_E_4664665,1,opus,A09
LA_E_4665061,1,none,A12
LA_E_4665280,0,gsm,bonafide
LA_E_4665282,1,none,A13
LA_E_4665824,0,ulaw,bonafide
LA_E_4665865,1,pstn,A09
LA_E_4665898,1,none,A15
LA_E_4666449,1,alaw,A13
LA_E_4666780,1,opus,A18
LA_E_4666981,1,g722,A17
LA_E_4667539,0,none,bonafide
LA_E_4668383,1,none,A09
LA_E_4668453,1,gsm,A10
LA_E_4669165,0,g722,bonafide
LA_E_4669766,1,none,A16
LA_E_4669946,1,g722,A13
LA_E_4670080,1,pstn,A17
LA_E_4670343,1,opus,A17
LA_E_4670430,1,ulaw,A18
LA_E_4670563,1,pstn,A19
LA_E_4670977,1,alaw,A15
LA_E_4671621,1,opus,A17
LA_E_4673130,0,alaw,bonafide
LA_E_4673464,1,g722,A18
LA_E_4673663,1,alaw,A15
LA_E_4674615,1,gsm,A18
LA_E_4674717,1,ulaw,A12
LA_E_4675146,1,g722,A17
LA_E_4675247,1,gsm,A18
LA_E_4675778,1,opus,A09
LA_E_4675885,1,opus,A17
LA_E_4675917,1,alaw,A13
LA_E_4676209,1,g722,A14
LA_E_4677055,1,g722,A11
LA_E_4677556,1,alaw,A11
LA_E_4678180,1,pstn,A18
LA_E_4678340,1,pstn,A11
LA_E_4678634,1,gsm,A09
LA_E_4678934,0,gsm,bonafide
LA_E_4679152,0,none,bonafide
LA_E_4679370,0,opus,bonafide
LA_E_4679850,0,g722,bonafide
LA_E_4679911,1,gsm,A19
LA_E_4680083,1,g722,A16
LA_E_4680391,1,alaw,A07
LA_E_4680392,1,ulaw,A14
LA_E_4680652,1,g722,A10
LA_E_4681112,1,none,A19
LA_E_4682012,1,ulaw,A18
LA_E_4682088,1,none,A10
LA_E_4682355,1,opus,A12
LA_E_4682582,1,ulaw,A11
LA_E_4682730,1,g722,A11
LA_E_4683132,1,g722,A08
LA_E_4683440,1,none,A10
LA_E_4684397,1,pstn,A14
LA_E_4684493,1,gsm,A13
LA_E_4684691,0,alaw,bonafide
LA_E_4684801,0,g722,bonafide
LA_E_4685011,1,none,A12
LA_E_4685121,1,g722,A10
LA_E_4685164,1,none,A12
LA_E_4685967,1,pstn,A15
LA_E_4686625,1,none,A18
LA_E_4686960,1,gsm,A18
LA_E_4688062,1,ulaw,A18
LA_E_4688080,1,alaw,A10
LA_E_4688136,1,ulaw,A19
LA_E_4688185,1,opus,A16
LA_E_4689298,1,ulaw,A14
LA_E_4689759,1,opus,A08
LA_E_4690552,1,none,A07
LA_E_4690640,1,opus,A18
LA_E_4691489,1,opus,A11
LA_E_4691562,1,alaw,A14
LA_E_4693249,0,pstn,bonafide
LA_E_4693487,1,opus,A18
LA_E_4693661,1,pstn,A14
LA_E_4694099,0,alaw,bonafide
LA_E_4694443,1,none,A11
LA_E_4695270,1,none,A14
LA_E_4695460,1,alaw,A15
LA_E_4695484,1,ulaw,A16
LA_E_4696004,1,g722,A09
LA_E_4696698,1,pstn,A18
LA_E_4697252,0,alaw,bonafide
LA_E_4697379,1,pstn,A17
LA_E_4697648,1,pstn,A16
LA_E_4698743,1,none,A07
LA_E_4699227,1,g722,A09
LA_E_4699501,1,opus,A10
LA_E_4699683,1,gsm,A17
LA_E_4700590,1,none,A09
LA_E_4700716,1,alaw,A08
LA_E_4700804,1,none,A09
LA_E_4700904,1,ulaw,A12
LA_E_4701530,0,g722,bonafide
LA_E_4702173,1,alaw,A13
LA_E_4702556,1,alaw,A12
LA_E_4703497,1,g722,A07
LA_E_4703600,1,none,A13
LA_E_4703636,1,g722,A11
LA_E_4704197,1,opus,A08
LA_E_4704518,1,ulaw,A17
LA_E_4704952,1,none,A13
LA_E_4705002,1,none,A08
LA_E_4705282,1,none,A15
LA_E_4705320,0,ulaw,bonafide
LA_E_4705591,0,opus,bonafide
LA_E_4705663,1,pstn,A11
LA_E_4705897,1,pstn,A08
LA_E_4705912,1,gsm,A10
LA_E_4706035,0,pstn,bonafide
LA_E_4706456,1,g722,A19
LA_E_4706610,1,pstn,A08
LA_E_4706925,1,gsm,A07
LA_E_4707214,1,alaw,A13
LA_E_4707397,1,none,A13
LA_E_4707739,1,pstn,A14
LA_E_4707863,1,none,A12
LA_E_4707894,1,g722,A11
LA_E_4708129,0,opus,bonafide
LA_E_4708155,1,g722,A11
LA_E_4708178,1,ulaw,A19
LA_E_4708954,1,opus,A15
LA_E_4709969,1,opus,A17
LA_E_4710169,1,alaw,A10
LA_E_4710977,1,ulaw,A19
LA_E_4711068,1,g722,A17
LA_E_4711248,1,opus,A10
LA_E_4711508,1,ulaw,A18
LA_E_4711612,0,ulaw,bonafide
LA_E_4711905,1,none,A10
LA_E_4712250,1,pstn,A19
LA_E_4712516,1,g722,A08
LA_E_4713093,1,alaw,A12
LA_E_4713522,1,g722,A07
LA_E_4713752,1,ulaw,A09
LA_E_4714022,1,opus,A08
LA_E_4714185,1,ulaw,A08
LA_E_4714419,1,pstn,A07
LA_E_4714451,1,alaw,A07
LA_E_4714837,1,pstn,A07
LA_E_4715019,1,pstn,A15
LA_E_4715317,1,none,A11
LA_E_4715341,1,g722,A13
LA_E_4715395,1,ulaw,A16
LA_E_4715681,1,opus,A10
LA_E_4715715,1,alaw,A17
LA_E_4716009,0,g722,bonafide
LA_E_4718068,1,ulaw,A10
LA_E_4718462,1,opus,A15
LA_E_4718681,1,pstn,A10
LA_E_4720039,1,opus,A18
LA_E_4720406,1,alaw,A13
LA_E_4720679,1,ulaw,A11
LA_E_4720961,1,opus,A17
LA_E_4721190,1,pstn,A16
LA_E_4722039,1,ulaw,A08
LA_E_4722051,1,alaw,A18
LA_E_4722101,1,g722,A18
LA_E_4722277,1,alaw,A08
LA_E_4722713,1,gsm,A17
LA_E_4722776,0,ulaw,bonafide
LA_E_4723354,1,alaw,A18
LA_E_4723973,1,pstn,A11
LA_E_4724087,1,g722,A08
LA_E_4724109,1,alaw,A10
LA_E_4724419,1,alaw,A19
LA_E_4724773,1,pstn,A15
LA_E_4725172,1,none,A11
LA_E_4725621,1,ulaw,A19
LA_E_4725663,1,opus,A10
LA_E_4726024,1,alaw,A11
LA_E_4726512,1,gsm,A10
LA_E_4726719,1,pstn,A14
LA_E_4726783,1,g722,A07
LA_E_4727126,1,none,A15
LA_E_4727546,0,pstn,bonafide
LA_E_4727626,1,alaw,A11
LA_E_4728254,1,g722,A17
LA_E_4728448,1,none,A17
LA_E_4728725,1,ulaw,A17
LA_E_4728755,0,none,bonafide
LA_E_4729407,1,g722,A19
LA_E_4731807,1,gsm,A13
LA_E_4731821,1,pstn,A09
LA_E_4732305,1,alaw,A07
LA_E_4732394,1,alaw,A18
LA_E_4733003,1,alaw,A14
LA_E_4733007,1,g722,A08
LA_E_4733027,1,g722,A15
LA_E_4733209,1,alaw,A16
LA_E_4733214,1,ulaw,A08
LA_E_4734046,1,ulaw,A08
LA_E_4734349,1,alaw,A14
LA_E_4734824,0,alaw,bonafide
LA_E_4735244,1,pstn,A10
LA_E_4735249,0,ulaw,bonafide
LA_E_4735614,1,pstn,A17
LA_E_4736264,1,gsm,A13
LA_E_4736684,1,opus,A18
LA_E_4736741,1,alaw,A12
LA_E_4736757,1,pstn,A15
LA_E_4737049,0,ulaw,bonafide
LA_E_4737378,1,alaw,A18
LA_E_4737823,0,gsm,bonafide
LA_E_4738161,1,alaw,A16
LA_E_4738571,1,none,A18
LA_E_4738597,1,none,A14
LA_E_4738890,1,gsm,A17
LA_E_4739010,1,pstn,A08
LA_E_4739040,0,none,bonafide
LA_E_4739612,1,opus,A15
LA_E_4740001,1,g722,A10
LA_E_4740286,1,g722,A09
LA_E_4740638,1,alaw,A10
LA_E_4740660,1,opus,A10
LA_E_4741432,1,pstn,A18
LA_E_4741582,1,ulaw,A17
LA_E_4741808,1,gsm,A13
LA_E_4742349,0,none,bonafide
LA_E_4742439,1,gsm,A08
LA_E_4742552,1,ulaw,A10
LA_E_4743017,1,none,A17
LA_E_4743055,1,none,A18
LA_E_4743640,1,none,A13
LA_E_4743845,1,g722,A07
LA_E_4743884,1,pstn,A10
LA_E_4744518,0,none,bonafide
LA_E_4744705,0,none,bonafide
LA_E_4745299,1,g722,A07
LA_E_4745960,1,pstn,A14
LA_E_4746441,0,none,bonafide
LA_E_4746602,1,g722,A16
LA_E_4746682,1,opus,A14
LA_E_4746709,1,none,A19
LA_E_4746938,0,ulaw,bonafide
LA_E_4747606,0,ulaw,bonafide
LA_E_4747811,1,ulaw,A08
LA_E_4747890,0,none,bonafide
LA_E_4747943,1,pstn,A10
LA_E_4747973,0,ulaw,bonafide
LA_E_4748408,1,alaw,A17
LA_E_4748528,1,alaw,A12
LA_E_4748749,1,g722,A12
LA_E_4748807,0,none,bonafide
LA_E_4748899,1,none,A13
LA_E_4749084,1,opus,A10
LA_E_4749747,1,alaw,A19
LA_E_4750133,1,gsm,A14
LA_E_4750150,1,gsm,A08
LA_E_4750196,1,none,A07
LA_E_4750356,1,gsm,A07
LA_E_4750798,1,ulaw,A17
LA_E_4750904,1,ulaw,A16
LA_E_4751002,1,pstn,A07
LA_E_4751146,1,alaw,A11
LA_E_4751893,1,opus,A19
LA_E_4752146,0,gsm,bonafide
LA_E_4752509,0,pstn,bonafide
LA_E_4752522,0,none,bonafide
LA_E_4752912,1,opus,A10
LA_E_4753217,1,g722,A07
LA_E_4753268,1,gsm,A19
LA_E_4753308,1,g722,A09
LA_E_4753403,1,opus,A16
LA_E_4753457,1,ulaw,A09
LA_E_4753615,1,none,A13
LA_E_4754211,1,gsm,A08
LA_E_4754598,1,none,A17
LA_E_4755155,1,pstn,A08
LA_E_4755191,1,g722,A09
LA_E_4755375,1,none,A19
LA_E_4755720,1,opus,A10
LA_E_4755934,1,ulaw,A13
LA_E_4755950,1,none,A15
LA_E_4756007,1,gsm,A14
LA_E_4756329,1,g722,A12
LA_E_4756370,1,ulaw,A13
LA_E_4756803,0,g722,bonafide
LA_E_4757080,1,pstn,A09
LA_E_4757508,1,opus,A14
LA_E_4757939,1,g722,A19
LA_E_4758337,1,alaw,A13
LA_E_4758452,1,ulaw,A17
LA_E_4758952,1,alaw,A15
LA_E_4759117,1,gsm,A10
LA_E_4759286,1,gsm,A10
LA_E_4759517,1,ulaw,A17
LA_E_4759575,1,gsm,A19
LA_E_4759810,1,ulaw,A19
LA_E_4760551,1,ulaw,A17
LA_E_4760662,1,opus,A19
LA_E_4760963,0,gsm,bonafide
LA_E_4760968,1,alaw,A17
LA_E_4761302,0,ulaw,bonafide
LA_E_4761357,1,pstn,A10
LA_E_4761368,1,gsm,A10
LA_E_4761525,1,gsm,A11
LA_E_4761799,1,pstn,A12
LA_E_4762263,1,alaw,A09
LA_E_4762857,1,none,A12
LA_E_4763352,1,pstn,A10
LA_E_4763998,0,ulaw,bonafide
LA_E_4764685,0,alaw,bonafide
LA_E_4764865,1,g722,A14
LA_E_4765006,1,pstn,A18
LA_E_4765962,1,pstn,A13
LA_E_4766284,1,gsm,A07
LA_E_4766304,1,gsm,A12
LA_E_4766348,1,gsm,A15
LA_E_4766641,1,gsm,A18
LA_E_4766727,1,none,A19
LA_E_4767011,1,pstn,A13
LA_E_4767154,0,none,bonafide
LA_E_4767403,1,ulaw,A09
LA_E_4767876,1,pstn,A17
LA_E_4769075,1,gsm,A13
LA_E_4770060,1,gsm,A10
LA_E_4770262,1,opus,A16
LA_E_4771816,1,gsm,A12
LA_E_4771904,1,opus,A16
LA_E_4772067,1,gsm,A11
LA_E_4772320,1,g722,A14
LA_E_4772544,1,ulaw,A16
LA_E_4772923,1,g722,A07
LA_E_4772951,1,opus,A15
LA_E_4773022,1,ulaw,A17
LA_E_4773119,1,pstn,A14
LA_E_4773437,1,pstn,A15
LA_E_4773798,1,alaw,A07
LA_E_4773829,1,opus,A19
LA_E_4774855,1,gsm,A17
LA_E_4775686,1,ulaw,A13
LA_E_4775930,1,ulaw,A13
LA_E_4776384,0,g722,bonafide
LA_E_4776605,1,ulaw,A13
LA_E_4776621,0,none,bonafide
LA_E_4776692,0,none,bonafide
LA_E_4778479,1,gsm,A18
LA_E_4779287,1,pstn,A12
LA_E_4780015,1,pstn,A15
LA_E_4780179,1,gsm,A17
LA_E_4780444,0,opus,bonafide
LA_E_4780771,1,alaw,A18
LA_E_4780981,1,opus,A12
LA_E_4781382,1,alaw,A10
LA_E_4781448,1,gsm,A14
LA_E_4781549,1,opus,A10
LA_E_4781865,1,gsm,A18
LA_E_4781905,1,opus,A14
LA_E_4782097,1,opus,A14
LA_E_4782215,1,g722,A19
LA_E_4782257,1,gsm,A10
LA_E_4782550,1,alaw,A10
LA_E_4782682,1,opus,A14
LA_E_4782689,1,ulaw,A13
LA_E_4782833,1,opus,A13
LA_E_4783709,1,alaw,A11
LA_E_4783906,0,none,bonafide
LA_E_4784305,1,g722,A10
LA_E_4784375,1,gsm,A10
LA_E_4784702,0,opus,bonafide
LA_E_4784716,0,alaw,bonafide
LA_E_4784895,1,opus,A16
LA_E_4785146,1,none,A10
LA_E_4785219,1,pstn,A08
LA_E_4785648,1,pstn,A11
LA_E_4785729,1,g722,A19
LA_E_4785754,1,gsm,A07
LA_E_4785837,1,alaw,A19
LA_E_4786796,1,none,A13
LA_E_4787577,1,pstn,A07
LA_E_4788485,1,opus,A15
LA_E_4788769,1,pstn,A19
LA_E_4789574,1,gsm,A10
LA_E_4789814,1,alaw,A08
LA_E_4790021,1,gsm,A14
LA_E_4790220,1,gsm,A12
LA_E_4790306,1,none,A13
LA_E_4790728,1,g722,A09
LA_E_4790730,1,g722,A14
LA_E_4790922,1,opus,A14
LA_E_4790966,1,alaw,A13
LA_E_4790990,1,alaw,A11
LA_E_4791529,1,alaw,A17
LA_E_4791863,0,ulaw,bonafide
LA_E_4791964,1,gsm,A10
LA_E_4792651,1,gsm,A17
LA_E_4792855,1,opus,A09
LA_E_4793647,1,pstn,A10
LA_E_4793837,1,none,A18
LA_E_4793873,1,pstn,A15
LA_E_4793963,1,alaw,A10
LA_E_4794301,1,none,A07
LA_E_4794399,1,g722,A15
LA_E_4794726,1,opus,A09
LA_E_4794920,1,alaw,A12
LA_E_4795339,0,pstn,bonafide
LA_E_4796085,1,gsm,A09
LA_E_4796389,1,g722,A09
LA_E_4796577,1,ulaw,A15
LA_E_4797015,1,none,A11
LA_E_4797147,1,opus,A10
LA_E_4798032,1,ulaw,A11
LA_E_4798587,1,alaw,A13
LA_E_4798852,1,g722,A15
LA_E_4799070,1,alaw,A16
LA_E_4799496,0,g722,bonafide
LA_E_4799778,1,alaw,A10
LA_E_4800569,1,opus,A18
LA_E_4801282,1,opus,A08
LA_E_4801568,0,ulaw,bonafide
LA_E_4802018,1,pstn,A15
LA_E_4802348,1,g722,A15
LA_E_4802562,1,ulaw,A07
LA_E_4803079,1,none,A11
LA_E_4803335,1,gsm,A14
LA_E_4804036,1,opus,A18
LA_E_4804627,1,alaw,A17
LA_E_4804807,1,alaw,A14
LA_E_4804908,0,alaw,bonafide
LA_E_4804955,1,g722,A13
LA_E_4804978,1,alaw,A07
LA_E_4805093,1,opus,A09
LA_E_4805276,1,gsm,A14
LA_E_4805383,1,pstn,A19
LA_E_4805459,1,gsm,A16
LA_E_4805643,1,g722,A10
LA_E_4805673,1,opus,A08
LA_E_4805874,1,gsm,A11
LA_E_4806067,1,g722,A09
LA_E_4807045,1,gsm,A16
LA_E_4807279,1,opus,A19
LA_E_4807459,1,g722,A08
LA_E_4807610,1,ulaw,A17
LA_E_4808477,1,gsm,A13
LA_E_4808589,1,gsm,A15
LA_E_4808685,1,none,A08
LA_E_4809052,1,alaw,A16
LA_E_4809287,1,pstn,A12
LA_E_4810075,1,opus,A19
LA_E_4810359,0,alaw,bonafide
LA_E_4810493,1,none,A07
LA_E_4810664,1,alaw,A14
LA_E_4810797,1,opus,A08
LA_E_4812308,1,g722,A17
LA_E_4812351,1,none,A07
LA_E_4812795,1,g722,A17
LA_E_4813099,1,none,A17
LA_E_4813458,1,none,A12
LA_E_4813662,1,gsm,A09
LA_E_4813938,1,none,A14
LA_E_4814429,1,alaw,A14
LA_E_4814954,1,gsm,A11
LA_E_4814978,1,none,A07
LA_E_4815165,1,g722,A13
LA_E_4815175,1,none,A07
LA_E_4815346,1,pstn,A14
LA_E_4815961,1,ulaw,A07
LA_E_4816706,1,alaw,A10
LA_E_4817646,1,none,A15
LA_E_4818072,1,pstn,A18
LA_E_4818099,1,none,A07
LA_E_4818574,0,g722,bonafide
LA_E_4819104,1,alaw,A13
LA_E_4819267,1,g722,A12
LA_E_4819413,1,g722,A07
LA_E_4819747,1,ulaw,A11
LA_E_4819907,1,gsm,A07
LA_E_4819941,1,ulaw,A17
LA_E_4820099,1,none,A18
LA_E_4820859,1,gsm,A07
LA_E_4821605,1,none,A10
LA_E_4821693,1,none,A11
LA_E_4821863,0,alaw,bonafide
LA_E_4821882,1,opus,A17
LA_E_4821890,1,pstn,A12
LA_E_4822122,1,gsm,A07
LA_E_4822896,1,none,A12
LA_E_4823472,1,none,A11
LA_E_4823527,1,gsm,A07
LA_E_4823586,1,none,A10
LA_E_4823952,1,alaw,A18
LA_E_4824297,0,none,bonafide
LA_E_4824849,1,alaw,A09
LA_E_4824875,1,pstn,A14
LA_E_4824947,1,gsm,A17
LA_E_4826001,1,opus,A07
LA_E_4826526,1,alaw,A17
LA_E_4826572,1,alaw,A19
LA_E_4827604,1,alaw,A19
LA_E_4827640,1,pstn,A16
LA_E_4827699,1,pstn,A14
LA_E_4827976,1,gsm,A15
LA_E_4828796,1,none,A13
LA_E_4828967,1,opus,A08
LA_E_4829024,1,pstn,A18
LA_E_4829080,1,gsm,A12
LA_E_4829090,1,pstn,A07
LA_E_4829231,1,opus,A13
LA_E_4829506,1,gsm,A10
LA_E_4829672,1,gsm,A10
LA_E_4829684,1,ulaw,A09
LA_E_4830032,1,g722,A07
LA_E_4830286,1,pstn,A14
LA_E_4830551,1,opus,A19
LA_E_4830586,0,opus,bonafide
LA_E_4830765,1,none,A19
LA_E_4831425,1,pstn,A07
LA_E_4831571,1,g722,A16
LA_E_4833208,1,opus,A16
LA_E_4833239,1,none,A17
LA_E_4833424,1,pstn,A11
LA_E_4833539,1,ulaw,A10
LA_E_4833878,1,opus,A08
LA_E_4834327,1,gsm,A07
LA_E_4834717,1,ulaw,A10
LA_E_4834811,0,alaw,bonafide
LA_E_4834861,1,none,A08
LA_E_4834919,1,pstn,A12
LA_E_4835208,1,alaw,A12
LA_E_4835263,1,alaw,A16
LA_E_4835459,1,g722,A19
LA_E_4836096,1,g722,A12
LA_E_4836108,1,pstn,A13
LA_E_4837095,1,none,A09
LA_E_4837106,1,pstn,A19
LA_E_4837221,1,g722,A08
LA_E_4837342,1,none,A07
LA_E_4837659,1,g722,A11
LA_E_4837757,1,g722,A10
LA_E_4838318,1,none,A18
LA_E_4838635,1,none,A17
LA_E_4839441,1,g722,A10
LA_E_4839533,1,g722,A08
LA_E_4840679,1,pstn,A15
LA_E_4840921,0,opus,bonafide
LA_E_4841494,1,opus,A07
LA_E_4842175,1,none,A15
LA_E_4842304,0,gsm,bonafide
LA_E_4842962,1,none,A08
LA_E_4843806,1,g722,A14
LA_E_4843927,1,alaw,A15
LA_E_4843970,0,gsm,bonafide
LA_E_4844629,1,pstn,A15
LA_E_4844639,1,gsm,A07
LA_E_4844832,1,alaw,A15
LA_E_4844843,1,none,A07
LA_E_4845416,1,opus,A09
LA_E_4845514,0,ulaw,bonafide
LA_E_4845647,1,alaw,A07
LA_E_4845889,1,gsm,A12
LA_E_4845959,1,none,A11
LA_E_4846082,1,ulaw,A13
LA_E_4846328,0,gsm,bonafide
LA_E_4846393,1,ulaw,A09
LA_E_4846725,1,opus,A11
LA_E_4846929,1,ulaw,A09
LA_E_4846932,1,pstn,A11
LA_E_4847096,1,gsm,A08
LA_E_4847694,1,gsm,A19
LA_E_4847769,1,alaw,A18
LA_E_4847936,1,ulaw,A07
LA_E_4848466,1,pstn,A12
LA_E_4848963,1,g722,A18
LA_E_4849449,1,gsm,A12
LA_E_4849564,0,gsm,bonafide
LA_E_4850201,1,none,A14
LA_E_4850397,1,gsm,A12
LA_E_4850480,1,gsm,A08
LA_E_4850793,1,gsm,A08
LA_E_4851493,1,ulaw,A10
LA_E_4851571,0,alaw,bonafide
LA_E_4851573,1,opus,A19
LA_E_4851776,0,alaw,bonafide
LA_E_4851836,0,pstn,bonafide
LA_E_4851904,1,gsm,A19
LA_E_4852002,1,none,A16
LA_E_4852545,1,none,A11
LA_E_4852973,0,none,bonafide
LA_E_4853040,1,gsm,A16
LA_E_4853117,1,gsm,A17
LA_E_4853422,1,alaw,A09
LA_E_4853445,1,alaw,A15
LA_E_4853538,1,opus,A07
LA_E_4853630,0,gsm,bonafide
LA_E_4854642,1,opus,A17
LA_E_4854831,0,g722,bonafide
LA_E_4855246,1,alaw,A19
LA_E_4855250,1,g722,A07
LA_E_4855588,1,pstn,A08
LA_E_4855636,1,pstn,A19
LA_E_4855917,1,alaw,A09
LA_E_4856215,1,none,A12
LA_E_4856925,0,opus,bonafide
LA_E_4857109,1,pstn,A18
LA_E_4857510,1,pstn,A13
LA_E_4857889,1,g722,A08
LA_E_4857898,1,g722,A17
LA_E_4857957,1,opus,A17
LA_E_4858059,1,gsm,A07
LA_E_4858655,0,opus,bonafide
LA_E_4858814,1,alaw,A08
LA_E_4858946,1,alaw,A17
LA_E_4859027,1,ulaw,A09
LA_E_4859185,1,gsm,A12
LA_E_4859306,1,g722,A13
LA_E_4859813,1,ulaw,A13
LA_E_4859994,1,alaw,A12
LA_E_4859999,1,opus,A16
LA_E_4860072,0,ulaw,bonafide
LA_E_4860172,1,pstn,A08
LA_E_4860537,1,alaw,A08
LA_E_4861885,1,gsm,A19
LA_E_4861935,1,gsm,A16
LA_E_4862009,1,g722,A09
LA_E_4862246,1,g722,A15
LA_E_4862250,1,alaw,A12
LA_E_4862404,0,none,bonafide
LA_E_4862976,1,ulaw,A12
LA_E_4863528,1,pstn,A17
LA_E_4863879,1,pstn,A10
LA_E_4864160,0,g722,bonafide
LA_E_4864385,1,pstn,A16
LA_E_4864419,1,opus,A13
LA_E_4865534,1,alaw,A19
LA_E_4865582,1,pstn,A17
LA_E_4865836,1,gsm,A08
LA_E_4866123,0,opus,bonafide
LA_E_4866345,1,none,A19
LA_E_4866592,1,opus,A16
LA_E_4866999,1,ulaw,A09
LA_E_4867206,1,none,A08
LA_E_4867211,1,alaw,A15
LA_E_4867450,1,opus,A09
LA_E_4867615,0,g722,bonafide
LA_E_4867767,1,opus,A11
LA_E_4867887,1,opus,A10
LA_E_4868495,1,opus,A08
LA_E_4869065,1,gsm,A09
LA_E_4869183,1,ulaw,A10
LA_E_4869213,1,opus,A10
LA_E_4869241,1,pstn,A10
LA_E_4869701,1,g722,A16
LA_E_4870449,1,alaw,A15
LA_E_4870699,1,pstn,A08
LA_E_4870964,1,opus,A09
LA_E_4871459,1,ulaw,A07
LA_E_4871642,1,alaw,A15
LA_E_4871809,1,none,A19
LA_E_4871960,1,none,A19
LA_E_4872232,1,pstn,A15
LA_E_4872572,1,g722,A14
LA_E_4872578,1,pstn,A18
LA_E_4872654,0,pstn,bonafide
LA_E_4873150,1,g722,A10
LA_E_4874007,0,alaw,bonafide
LA_E_4874151,1,g722,A13
LA_E_4874162,1,ulaw,A18
LA_E_4874808,0,opus,bonafide
LA_E_4874932,1,ulaw,A09
LA_E_4875111,1,g722,A19
LA_E_4875408,1,pstn,A07
LA_E_4876402,1,pstn,A13
LA_E_4876899,1,alaw,A07
LA_E_4877453,1,alaw,A18
LA_E_4877792,1,g722,A18
LA_E_4878349,0,pstn,bonafide
LA_E_4879245,1,none,A10
LA_E_4879456,1,pstn,A10
LA_E_4879908,1,none,A14
LA_E_4880280,1,pstn,A09
LA_E_4880308,1,pstn,A07
LA_E_4880379,1,alaw,A12
LA_E_4880982,1,gsm,A14
LA_E_4881205,1,gsm,A15
LA_E_4881352,1,pstn,A16
LA_E_4882155,1,none,A07
LA_E_4882544,1,none,A12
LA_E_4882993,1,pstn,A08
LA_E_4883255,1,ulaw,A10
LA_E_4883301,1,g722,A19
LA_E_4883441,1,opus,A10
LA_E_4883625,1,gsm,A16
LA_E_4884096,1,g722,A07
LA_E_4884395,0,opus,bonafide
LA_E_4884867,1,none,A10
LA_E_4885057,1,gsm,A19
LA_E_4885304,1,alaw,A15
LA_E_4885544,1,opus,A07
LA_E_4885668,1,opus,A18
LA_E_4885689,0,gsm,bonafide
LA_E_4885775,1,g722,A19
LA_E_4886008,1,g722,A19
LA_E_4886670,1,gsm,A14
LA_E_4887212,0,gsm,bonafide
LA_E_4887217,1,ulaw,A16
LA_E_4887560,0,gsm,bonafide
LA_E_4887695,1,alaw,A07
LA_E_4887787,1,ulaw,A10
LA_E_4888158,1,g722,A17
LA_E_4888487,1,pstn,A12
LA_E_4888774,1,g722,A16
LA_E_4889060,1,ulaw,A12
LA_E_4889352,1,none,A16
LA_E_4889433,1,pstn,A11
LA_E_4889618,1,gsm,A08
LA_E_4889699,1,g722,A09
LA_E_4889730,1,g722,A18
LA_E_4890950,1,g722,A08
LA_E_4891217,1,opus,A09
LA_E_4891221,1,gsm,A08
LA_E_4891665,0,alaw,bonafide
LA_E_4891800,1,ulaw,A12
LA_E_4892005,1,pstn,A12
LA_E_4892655,1,pstn,A12
LA_E_4893561,1,g722,A08
LA_E_4893578,1,alaw,A10
LA_E_4894214,1,alaw,A15
LA_E_4894892,1,gsm,A12
LA_E_4895306,1,ulaw,A10
LA_E_4895455,0,gsm,bonafide
LA_E_4896119,1,ulaw,A09
LA_E_4896133,1,ulaw,A17
LA_E_4896545,1,gsm,A11
LA_E_4896813,1,g722,A13
LA_E_4897533,1,pstn,A11
LA_E_4897699,0,alaw,bonafide
LA_E_4897746,1,pstn,A12
LA_E_4898748,1,g722,A15
LA_E_4898793,1,alaw,A19
LA_E_4899251,1,ulaw,A17
LA_E_4899335,1,ulaw,A18
LA_E_4900043,1,opus,A12
LA_E_4900244,1,pstn,A14
LA_E_4900278,1,alaw,A16
LA_E_4900498,1,g722,A14
LA_E_4901230,1,none,A15
LA_E_4901532,1,g722,A08
LA_E_4902335,1,g722,A12
LA_E_4902340,1,gsm,A07
LA_E_4902403,1,none,A16
LA_E_4902558,1,opus,A09
LA_E_4902792,1,gsm,A09
LA_E_4903298,1,pstn,A07
LA_E_4903437,1,g722,A07
LA_E_4903751,1,opus,A12
LA_E_4904936,1,gsm,A11
LA_E_4905189,1,alaw,A16
LA_E_4905290,1,alaw,A14
LA_E_4905310,1,opus,A11
LA_E_4905654,1,g722,A08
LA_E_4905760,1,ulaw,A08
LA_E_4905914,1,alaw,A08
LA_E_4906127,1,gsm,A18
LA_E_4906359,1,pstn,A07
LA_E_4906517,1,ulaw,A10
LA_E_4906981,1,none,A16
LA_E_4907937,1,gsm,A10
LA_E_4908107,1,g722,A18
LA_E_4908307,1,pstn,A19
LA_E_4908568,1,opus,A19
LA_E_4908681,1,gsm,A09
LA_E_4908754,1,none,A15
LA_E_4909367,1,opus,A10
LA_E_4909743,1,ulaw,A14
LA_E_4910179,1,gsm,A12
LA_E_4910366,1,gsm,A07
LA_E_4910965,0,gsm,bonafide
LA_E_4911288,1,gsm,A15
LA_E_4911722,1,ulaw,A15
LA_E_4912004,1,none,A11
LA_E_4912321,0,gsm,bonafide
LA_E_4913335,1,g722,A12
LA_E_4913803,1,ulaw,A17
LA_E_4914171,1,alaw,A07
LA_E_4914810,1,g722,A09
LA_E_4914908,1,pstn,A16
LA_E_4915387,1,pstn,A13
LA_E_4915450,0,gsm,bonafide
LA_E_4915602,1,g722,A08
LA_E_4915880,1,ulaw,A15
LA_E_4915892,1,alaw,A08
LA_E_4916275,1,pstn,A15
LA_E_4916294,1,alaw,A07
LA_E_4917386,1,none,A08
LA_E_4917901,1,g722,A13
LA_E_4917973,1,g722,A08
LA_E_4918236,1,g722,A18
LA_E_4918505,1,alaw,A13
LA_E_4918844,0,opus,bonafide
LA_E_4918865,1,none,A19
LA_E_4919748,1,pstn,A07
LA_E_4920246,1,alaw,A17
LA_E_4920882,0,ulaw,bonafide
LA_E_4921009,1,alaw,A10
LA_E_4921270,1,opus,A11
LA_E_4921316,0,g722,bonafide
LA_E_4921416,0,alaw,bonafide
LA_E_4921559,1,ulaw,A18
LA_E_4921894,1,pstn,A11
LA_E_4921901,1,g722,A07
LA_E_4922212,1,g722,A17
LA_E_4922947,1,gsm,A08
LA_E_4923854,1,none,A14
LA_E_4923911,1,gsm,A08
LA_E_4923931,1,alaw,A13
LA_E_4924192,1,gsm,A14
LA_E_4924235,1,none,A12
LA_E_4924664,1,none,A17
LA_E_4925396,1,gsm,A15
LA_E_4925844,1,pstn,A09
LA_E_4925943,1,opus,A18
LA_E_4926215,1,alaw,A12
LA_E_4926566,1,alaw,A18
LA_E_4926800,1,g722,A10
LA_E_4926836,1,alaw,A19
LA_E_4927021,1,gsm,A11
LA_E_4927152,1,gsm,A15
LA_E_4927651,1,pstn,A09
LA_E_4928030,1,ulaw,A09
LA_E_4928927,1,gsm,A09
LA_E_4928948,1,none,A12
LA_E_4929215,1,alaw,A14
LA_E_4930150,1,g722,A14
LA_E_4930565,1,pstn,A18
LA_E_4930854,1,opus,A11
LA_E_4931300,0,opus,bonafide
LA_E_4931485,1,gsm,A11
LA_E_4931703,0,gsm,bonafide
LA_E_4931767,1,pstn,A08
LA_E_4931878,1,ulaw,A17
LA_E_4932912,1,ulaw,A14
LA_E_4933096,1,pstn,A10
LA_E_4933717,1,alaw,A17
LA_E_4933882,0,pstn,bonafide
LA_E_4934299,1,gsm,A15
LA_E_4935321,1,opus,A18
LA_E_4935390,1,gsm,A11
LA_E_4935497,1,ulaw,A15
LA_E_4936056,1,pstn,A13
LA_E_4936560,1,g722,A19
LA_E_4936868,1,alaw,A17
LA_E_4936915,1,opus,A07
LA_E_4937018,1,gsm,A15
LA_E_4937135,1,none,A18
LA_E_4937212,1,opus,A13
LA_E_4937369,1,alaw,A16
LA_E_4937524,1,g722,A19
LA_E_4938114,1,g722,A12
LA_E_4938129,1,none,A14
LA_E_4938171,1,none,A19
LA_E_4938427,1,alaw,A08
LA_E_4938686,0,none,bonafide
LA_E_4938817,1,opus,A13
LA_E_4938854,1,pstn,A17
LA_E_4939000,1,alaw,A08
LA_E_4939005,1,gsm,A18
LA_E_4939133,1,pstn,A07
LA_E_4939171,1,g722,A18
LA_E_4939364,1,g722,A10
LA_E_4939449,1,alaw,A10
LA_E_4939617,1,gsm,A09
LA_E_4939910,1,gsm,A11
LA_E_4939916,1,none,A11
LA_E_4940207,1,alaw,A09
LA_E_4940371,1,ulaw,A07
LA_E_4940479,1,ulaw,A18
LA_E_4940678,0,g722,bonafide
LA_E_4940921,1,pstn,A18
LA_E_4941536,1,opus,A14
LA_E_4941656,1,none,A16
LA_E_4941909,0,ulaw,bonafide
LA_E_4942775,1,alaw,A15
LA_E_4943738,1,gsm,A17
LA_E_4943741,1,none,A18
LA_E_4943802,1,ulaw,A16
LA_E_4944179,1,gsm,A09
LA_E_4944297,1,gsm,A12
LA_E_4944383,1,g722,A15
LA_E_4944504,1,opus,A11
LA_E_4945279,1,alaw,A11
LA_E_4945560,1,ulaw,A16
LA_E_4945568,1,ulaw,A17
LA_E_4945575,1,opus,A11
LA_E_4945729,1,none,A12
LA_E_4945782,1,none,A14
LA_E_4946450,1,g722,A15
LA_E_4947157,1,gsm,A14
LA_E_4947383,1,opus,A10
LA_E_4947506,1,pstn,A13
LA_E_4948082,1,g722,A15
LA_E_4948179,1,opus,A17
LA_E_4948401,1,alaw,A12
LA_E_4948469,1,opus,A14
LA_E_4949937,1,gsm,A17
LA_E_4950479,1,opus,A17
LA_E_4950531,1,pstn,A08
LA_E_4950786,1,ulaw,A16
LA_E_4950858,1,pstn,A14
LA_E_4951209,1,ulaw,A17
LA_E_4951254,1,opus,A19
LA_E_4951482,1,gsm,A15
LA_E_4951836,1,ulaw,A15
LA_E_4952235,0,g722,bonafide
LA_E_4954166,1,none,A15
LA_E_4954255,1,ulaw,A16
LA_E_4954455,1,alaw,A09
LA_E_4954622,1,opus,A11
LA_E_4954711,1,ulaw,A14
LA_E_4955094,0,ulaw,bonafide
LA_E_4955353,0,gsm,bonafide
LA_E_4955397,1,ulaw,A15
LA_E_4955463,1,g722,A12
LA_E_4955865,1,none,A08
LA_E_4956595,1,none,A10
LA_E_4956961,1,alaw,A12
LA_E_4957028,0,pstn,bonafide
LA_E_4957163,0,g722,bonafide
LA_E_4957517,1,gsm,A18
LA_E_4957601,1,alaw,A12
LA_E_4957607,1,ulaw,A10
LA_E_4957711,1,alaw,A13
LA_E_4958213,1,g722,A16
LA_E_4958256,1,pstn,A07
LA_E_4958342,0,alaw,bonafide
LA_E_4958748,1,none,A07
LA_E_4958861,0,gsm,bonafide
LA_E_4958921,1,none,A19
LA_E_4958937,0,ulaw,bonafide
LA_E_4958946,0,ulaw,bonafide
LA_E_4960012,1,alaw,A10
LA_E_4960315,1,none,A13
LA_E_4961134,1,gsm,A16
LA_E_4961297,1,opus,A18
LA_E_4961601,1,none,A19
LA_E_4962794,1,g722,A09
LA_E_4962996,1,gsm,A17
LA_E_4963581,1,gsm,A19
LA_E_4963815,1,pstn,A10
LA_E_4964100,1,g722,A19
LA_E_4964787,1,alaw,A11
LA_E_4965281,1,ulaw,A19
LA_E_4965558,1,opus,A16
LA_E_4965791,1,none,A11
LA_E_4965799,1,g722,A17
LA_E_4965888,0,none,bonafide
LA_E_4965951,1,alaw,A18
LA_E_4966990,1,none,A10
LA_E_4967199,1,alaw,A09
LA_E_4967212,1,opus,A09
LA_E_4967231,1,alaw,A10
LA_E_4967236,1,g722,A18
LA_E_4967296,1,opus,A07
LA_E_4967305,0,ulaw,bonafide
LA_E_4967763,1,g722,A15
LA_E_4968068,0,alaw,bonafide
LA_E_4968200,1,ulaw,A11
LA_E_4968215,1,gsm,A14
LA_E_4968256,1,pstn,A12
LA_E_4968264,1,pstn,A18
LA_E_4968476,1,gsm,A15
LA_E_4968586,0,g722,bonafide
LA_E_4968716,1,opus,A13
LA_E_4969185,1,opus,A07
LA_E_4969210,1,alaw,A09
LA_E_4969474,1,alaw,A09
LA_E_4969730,1,opus,A16
LA_E_4969738,1,none,A10
LA_E_4970103,0,ulaw,bonafide
LA_E_4970346,1,none,A13
LA_E_4970920,1,none,A15
LA_E_4971561,1,ulaw,A09
LA_E_4972638,1,alaw,A19
LA_E_4972790,1,none,A18
LA_E_4972968,0,none,bonafide
LA_E_4973382,1,opus,A14
LA_E_4973544,1,g722,A08
LA_E_4974293,1,pstn,A07
LA_E_4974925,1,ulaw,A19
LA_E_4974959,1,gsm,A13
LA_E_4975042,1,gsm,A18
LA_E_4975491,1,pstn,A14
LA_E_4976036,1,opus,A17
LA_E_4976458,1,g722,A08
LA_E_4976615,1,alaw,A17
LA_E_4976632,1,pstn,A17
LA_E_4976692,1,ulaw,A17
LA_E_4976765,1,opus,A07
LA_E_4976788,1,alaw,A16
LA_E_4977776,1,opus,A17
LA_E_4978227,1,g722,A11
LA_E_4978735,0,g722,bonafide
LA_E_4978777,1,opus,A09
LA_E_4978823,1,ulaw,A08
LA_E_4978829,1,opus,A08
LA_E_4978874,1,gsm,A08
LA_E_4978883,1,alaw,A19
LA_E_4979191,1,pstn,A16
LA_E_4979869,1,pstn,A10
LA_E_4980540,1,gsm,A08
LA_E_4980688,1,none,A12
LA_E_4980697,1,g722,A14
LA_E_4981237,0,opus,bonafide
LA_E_4981350,1,g722,A09
LA_E_4981394,1,opus,A13
LA_E_4982102,1,opus,A17
LA_E_4982379,1,ulaw,A09
LA_E_4982579,1,none,A08
LA_E_4983383,1,g722,A12
LA_E_4983489,1,alaw,A19
LA_E_4983705,1,ulaw,A16
LA_E_4984667,1,gsm,A09
LA_E_4984946,1,alaw,A07
LA_E_4985446,1,none,A19
LA_E_4985640,1,gsm,A10
LA_E_4985844,1,opus,A07
LA_E_4985932,1,none,A12
LA_E_4986078,1,ulaw,A10
LA_E_4986197,1,alaw,A18
LA_E_4986403,1,gsm,A16
LA_E_4986421,0,ulaw,bonafide
LA_E_4986641,1,none,A12
LA_E_4986736,1,alaw,A10
LA_E_4986963,1,ulaw,A11
LA_E_4987212,1,gsm,A17
LA_E_4987455,1,ulaw,A18
LA_E_4987596,0,pstn,bonafide
LA_E_4987912,1,gsm,A09
LA_E_4987927,1,none,A12
LA_E_4988015,1,opus,A15
LA_E_4988595,0,none,bonafide
LA_E_4989247,1,ulaw,A17
LA_E_4989337,1,pstn,A15
LA_E_4989502,1,opus,A13
LA_E_4989728,1,g722,A12
LA_E_4989965,1,ulaw,A13
LA_E_4990356,1,alaw,A17
LA_E_4990414,1,pstn,A17
LA_E_4990643,1,none,A18
LA_E_4991053,1,alaw,A09
LA_E_4991763,1,alaw,A11
LA_E_4991777,1,ulaw,A18
LA_E_4992298,1,alaw,A11
LA_E_4992570,1,gsm,A18
LA_E_4992770,1,alaw,A19
LA_E_4992871,1,gsm,A15
LA_E_4993113,0,gsm,bonafide
LA_E_4993227,1,ulaw,A18
LA_E_4993593,1,opus,A17
LA_E_4993751,1,alaw,A10
LA_E_4993776,1,none,A19
LA_E_4993802,1,g722,A11
LA_E_4994037,1,none,A19
LA_E_4994198,1,none,A08
LA_E_4994251,1,ulaw,A16
LA_E_4994402,0,pstn,bonafide
LA_E_4994452,0,gsm,bonafide
LA_E_4994519,1,alaw,A13
LA_E_4995894,1,gsm,A15
LA_E_4996231,1,none,A12
LA_E_4996307,1,none,A13
LA_E_4996371,1,gsm,A16
LA_E_4996783,1,g722,A12
LA_E_4996829,1,opus,A16
LA_E_4996900,1,pstn,A11
LA_E_4997585,1,g722,A17
LA_E_4997597,1,pstn,A15
LA_E_4997779,1,opus,A17
LA_E_4997823,1,ulaw,A14
LA_E_4998768,1,opus,A13
LA_E_4998942,1,ulaw,A10
LA_E_4999609,1,pstn,A19
LA_E_4999643,1,gsm,A12
LA_E_4999742,1,alaw,A07
LA_E_5000090,1,g722,A16
LA_E_5000128,1,gsm,A10
LA_E_5000354,1,pstn,A13
LA_E_5000757,1,gsm,A18
LA_E_5000894,1,alaw,A07
LA_E_5002213,1,pstn,A08
LA_E_5002375,1,pstn,A08
LA_E_5002571,1,pstn,A16
LA_E_5002616,0,opus,bonafide
LA_E_5002721,1,gsm,A19
LA_E_5002822,1,pstn,A16
LA_E_5003290,1,none,A15
LA_E_5003708,1,pstn,A18
LA_E_5003946,1,alaw,A07
LA_E_5004115,1,none,A09
LA_E_5004843,1,gsm,A12
LA_E_5004883,1,g722,A12
LA_E_5004919,0,none,bonafide
LA_E_5005119,1,none,A19
LA_E_5005149,0,ulaw,bonafide
LA_E_5005443,1,ulaw,A18
LA_E_5006317,1,pstn,A12
LA_E_5006369,1,gsm,A16
LA_E_5006384,1,opus,A17
LA_E_5006511,1,ulaw,A18
LA_E_5006730,1,pstn,A07
LA_E_5006941,1,pstn,A15
LA_E_5007237,1,alaw,A12
LA_E_5007372,1,pstn,A18
LA_E_5007431,1,none,A09
LA_E_5007445,1,ulaw,A08
LA_E_5007664,1,gsm,A17
LA_E_5008219,1,gsm,A14
LA_E_5008902,0,opus,bonafide
LA_E_5009833,1,g722,A15
LA_E_5010438,1,g722,A16
LA_E_5010547,1,gsm,A16
LA_E_5010972,1,alaw,A18
LA_E_5010993,1,gsm,A10
LA_E_5012141,1,gsm,A10
LA_E_5012167,1,g722,A11
LA_E_5012413,1,pstn,A09
LA_E_5012545,1,opus,A17
LA_E_5012806,1,alaw,A14
LA_E_5012857,1,opus,A08
LA_E_5012858,1,none,A19
LA_E_5013485,1,gsm,A12
LA_E_5013590,1,g722,A19
LA_E_5013917,1,alaw,A07
LA_E_5014015,0,none,bonafide
LA_E_5014173,1,pstn,A13
LA_E_5014249,1,none,A13
LA_E_5014344,1,gsm,A11
LA_E_5015314,1,none,A16
LA_E_5015961,1,opus,A09
LA_E_5018319,1,pstn,A09
LA_E_5018361,1,opus,A07
LA_E_5018394,1,g722,A17
LA_E_5019330,1,gsm,A16
LA_E_5019634,1,ulaw,A15
LA_E_5019957,1,ulaw,A08
LA_E_5020057,0,gsm,bonafide
LA_E_5020149,1,alaw,A15
LA_E_5020813,1,opus,A09
LA_E_5021000,1,gsm,A11
LA_E_5021576,1,alaw,A16
LA_E_5021823,1,alaw,A17
LA_E_5023036,1,alaw,A14
LA_E_5023129,1,pstn,A10
LA_E_5023544,1,ulaw,A11
LA_E_5023695,1,ulaw,A10
LA_E_5023772,1,gsm,A19
LA_E_5024804,1,ulaw,A08
LA_E_5024929,1,ulaw,A15
LA_E_5026105,1,pstn,A09
LA_E_5026124,1,alaw,A08
LA_E_5026211,1,ulaw,A18
LA_E_5027611,1,g722,A10
LA_E_5028592,1,g722,A12
LA_E_5028926,1,alaw,A14
LA_E_5029128,1,alaw,A14
LA_E_5029130,1,none,A14
LA_E_5029157,1,none,A15
LA_E_5030141,1,g722,A15
LA_E_5030235,1,opus,A08
LA_E_5030723,1,none,A10
LA_E_5030826,1,opus,A14
LA_E_5031501,1,none,A15
LA_E_5031784,1,alaw,A17
LA_E_5031983,1,ulaw,A18
LA_E_5032021,1,alaw,A18
LA_E_5032051,1,ulaw,A10
LA_E_5033737,0,gsm,bonafide
LA_E_5034269,0,opus,bonafide
LA_E_5034329,1,ulaw,A18
LA_E_5035142,1,pstn,A13
LA_E_5035199,1,alaw,A10
LA_E_5035688,1,g722,A11
LA_E_5036050,1,ulaw,A12
LA_E_5036153,1,alaw,A17
LA_E_5036256,1,alaw,A12
LA_E_5036298,1,ulaw,A07
LA_E_5036320,1,pstn,A11
LA_E_5036967,1,ulaw,A16
LA_E_5037203,1,alaw,A09
LA_E_5037349,1,none,A10
LA_E_5037920,1,pstn,A15
LA_E_5038045,1,opus,A07
LA_E_5038389,1,pstn,A18
LA_E_5038713,1,opus,A18
LA_E_5039023,1,g722,A18
LA_E_5039113,1,alaw,A17
LA_E_5039160,0,ulaw,bonafide
LA_E_5039342,1,none,A16
LA_E_5039464,1,ulaw,A12
LA_E_5039535,1,ulaw,A08
LA_E_5039723,0,opus,bonafide
LA_E_5039753,1,g722,A17
LA_E_5039910,1,pstn,A15
LA_E_5040042,1,alaw,A10
LA_E_5040380,1,none,A10
LA_E_5040765,1,none,A10
LA_E_5040866,1,pstn,A19
LA_E_5040904,1,none,A15
LA_E_5041585,1,ulaw,A19
LA_E_5041842,1,opus,A11
LA_E_5041890,1,gsm,A19
LA_E_5042286,0,opus,bonafide
LA_E_5042390,1,pstn,A14
LA_E_5042668,1,g722,A18
LA_E_5042758,1,pstn,A17
LA_E_5043238,1,g722,A14
LA_E_5043503,1,g722,A14
LA_E_5043890,1,pstn,A11
LA_E_5044042,1,none,A17
LA_E_5044216,1,g722,A18
LA_E_5044266,0,alaw,bonafide
LA_E_5044287,0,ulaw,bonafide
LA_E_5044388,1,none,A17
LA_E_5044654,1,ulaw,A10
LA_E_5044822,1,g722,A08
LA_E_5045470,1,opus,A16
LA_E_5045730,1,gsm,A07
LA_E_5046413,1,opus,A19
LA_E_5046441,1,ulaw,A16
LA_E_5046564,1,none,A18
LA_E_5046878,1,gsm,A19
LA_E_5047651,1,ulaw,A16
LA_E_5047905,1,pstn,A15
LA_E_5048297,1,none,A12
LA_E_5048527,1,none,A18
LA_E_5048938,1,gsm,A12
LA_E_5049779,0,pstn,bonafide
LA_E_5050177,1,ulaw,A19
LA_E_5050253,1,pstn,A19
LA_E_5050939,1,opus,A19
LA_E_5051455,1,alaw,A12
LA_E_5051807,1,alaw,A16
LA_E_5051920,1,g722,A15
LA_E_5052228,1,ulaw,A15
LA_E_5052469,1,pstn,A07
LA_E_5052554,1,pstn,A17
LA_E_5053065,1,ulaw,A13
LA_E_5053075,1,ulaw,A12
LA_E_5053241,1,gsm,A19
LA_E_5053436,1,none,A11
LA_E_5054546,0,pstn,bonafide
LA_E_5054698,1,g722,A07
LA_E_5054728,1,pstn,A12
LA_E_5055016,0,opus,bonafide
LA_E_5055358,1,opus,A08
LA_E_5055648,1,pstn,A15
LA_E_5056767,0,pstn,bonafide
LA_E_5057017,1,pstn,A08
LA_E_5057403,1,ulaw,A15
LA_E_5058301,1,g722,A15
LA_E_5058382,1,none,A08
LA_E_5059212,1,opus,A18
LA_E_5059291,1,g722,A12
LA_E_5060383,1,opus,A11
LA_E_5060605,1,ulaw,A11
LA_E_5060701,0,opus,bonafide
LA_E_5061187,1,alaw,A09
LA_E_5061406,1,pstn,A13
LA_E_5061780,1,pstn,A11
LA_E_5062598,1,gsm,A14
LA_E_5063034,0,gsm,bonafide
LA_E_5063172,1,pstn,A14
LA_E_5064526,1,alaw,A14
LA_E_5065077,1,ulaw,A14
LA_E_5065321,1,none,A11
LA_E_5065426,1,ulaw,A13
LA_E_5065445,1,alaw,A17
LA_E_5065498,1,ulaw,A09
LA_E_5065698,1,gsm,A12
LA_E_5065783,1,alaw,A13
LA_E_5066505,1,gsm,A16
LA_E_5067432,1,g722,A09
LA_E_5068212,1,pstn,A07
LA_E_5068818,1,alaw,A12
LA_E_5069962,1,none,A13
LA_E_5070163,1,none,A18
LA_E_5070470,1,none,A10
LA_E_5070576,1,none,A19
LA_E_5070826,1,opus,A14
LA_E_5071145,0,ulaw,bonafide
LA_E_5071273,1,g722,A09
LA_E_5071542,1,opus,A18
LA_E_5071570,1,g722,A12
LA_E_5071874,1,alaw,A08
LA_E_5072331,0,opus,bonafide
LA_E_5072437,0,alaw,bonafide
LA_E_5072482,1,pstn,A18
LA_E_5072834,1,opus,A09
LA_E_5073228,1,g722,A19
LA_E_5073299,1,none,A15
LA_E_5073335,1,alaw,A15
LA_E_5073674,0,alaw,bonafide
LA_E_5073888,1,pstn,A14
LA_E_5074145,1,g722,A16
LA_E_5074249,1,none,A17
LA_E_5074307,1,gsm,A14
LA_E_5074457,1,alaw,A07
LA_E_5074601,1,pstn,A10
LA_E_5074830,1,opus,A08
LA_E_5074845,0,opus,bonafide
LA_E_5074875,1,none,A09
LA_E_5076027,1,ulaw,A07
LA_E_5076212,1,gsm,A08
LA_E_5076316,1,opus,A13
LA_E_5076728,1,alaw,A16
LA_E_5077175,1,alaw,A18
LA_E_5077555,1,ulaw,A14
LA_E_5077671,1,g722,A17
LA_E_5077881,0,opus,bonafide
LA_E_5078466,1,ulaw,A11
LA_E_5079010,1,alaw,A11
LA_E_5079085,1,opus,A15
LA_E_5080107,1,alaw,A07
LA_E_5080419,1,ulaw,A13
LA_E_5080979,1,alaw,A13
LA_E_5081234,1,g722,A09
LA_E_5081270,1,pstn,A08
LA_E_5081301,1,pstn,A11
LA_E_5082049,1,ulaw,A19
LA_E_5082098,1,none,A08
LA_E_5083241,1,g722,A17
LA_E_5083270,1,opus,A19
LA_E_5083948,1,alaw,A14
LA_E_5083986,1,pstn,A11
LA_E_5084241,1,ulaw,A08
LA_E_5084814,1,g722,A18
LA_E_5084937,1,gsm,A08
LA_E_5085554,1,none,A10
LA_E_5085634,1,ulaw,A14
LA_E_5085862,0,g722,bonafide
LA_E_5085988,1,opus,A13
LA_E_5086947,1,none,A12
LA_E_5087614,1,pstn,A14
LA_E_5088081,1,opus,A14
LA_E_5088243,1,gsm,A16
LA_E_5088439,1,ulaw,A11
LA_E_5088462,1,ulaw,A13
LA_E_5089292,1,opus,A18
LA_E_5089398,1,none,A13
LA_E_5089431,1,g722,A16
LA_E_5089541,1,pstn,A19
LA_E_5089716,1,opus,A09
LA_E_5090382,1,none,A08
LA_E_5090504,1,opus,A14
LA_E_5090532,1,g722,A08
LA_E_5090638,1,alaw,A07
LA_E_5090703,1,ulaw,A19
LA_E_5090879,1,ulaw,A14
LA_E_5091195,1,none,A08
LA_E_5091363,1,alaw,A19
LA_E_5091458,0,gsm,bonafide
LA_E_5092322,1,opus,A10
LA_E_5092407,1,opus,A07
LA_E_5092595,1,none,A09
LA_E_5093021,1,pstn,A15
LA_E_5093193,1,ulaw,A17
LA_E_5093560,1,pstn,A13
LA_E_5093774,1,none,A07
LA_E_5093911,1,ulaw,A11
LA_E_5094147,1,ulaw,A11
LA_E_5094322,1,opus,A15
LA_E_5094713,1,pstn,A18
LA_E_5094746,0,ulaw,bonafide
LA_E_5095080,1,pstn,A09
LA_E_5095362,1,ulaw,A09
LA_E_5095408,0,opus,bonafide
LA_E_5095583,1,opus,A15
LA_E_5096087,1,g722,A15
LA_E_5096088,1,g722,A14
LA_E_5096123,1,none,A18
LA_E_5096337,1,g722,A19
LA_E_5096517,1,g722,A12
LA_E_5097495,1,pstn,A17
LA_E_5097834,1,pstn,A16
LA_E_5097925,1,pstn,A07
LA_E_5098284,1,opus,A13
LA_E_5098286,1,opus,A15
LA_E_5098373,1,g722,A16
LA_E_5099049,1,alaw,A11
LA_E_5099258,1,gsm,A13
LA_E_5099396,1,opus,A18
LA_E_5099798,1,alaw,A14
LA_E_5099935,1,alaw,A17
LA_E_5100109,1,gsm,A13
LA_E_5100302,1,ulaw,A08
LA_E_5100385,1,opus,A19
LA_E_5100536,1,opus,A16
LA_E_5100618,1,gsm,A11
LA_E_5100871,1,gsm,A14
LA_E_5101368,1,none,A11
LA_E_5101673,1,alaw,A17
LA_E_5101844,1,g722,A09
LA_E_5102250,1,ulaw,A09
LA_E_5102468,0,opus,bonafide
LA_E_5102896,1,opus,A08
LA_E_5102900,1,alaw,A18
LA_E_5103052,1,g722,A12
LA_E_5103692,1,g722,A13
LA_E_5103979,1,ulaw,A13
LA_E_5104090,1,gsm,A16
LA_E_5104371,1,alaw,A16
LA_E_5104442,1,none,A16
LA_E_5104598,1,alaw,A18
LA_E_5105047,0,pstn,bonafide
LA_E_5105182,1,pstn,A17
LA_E_5105578,1,gsm,A09
LA_E_5105775,1,alaw,A18
LA_E_5106794,1,none,A08
LA_E_5106892,1,gsm,A15
LA_E_5107531,1,ulaw,A15
LA_E_5107630,1,ulaw,A16
LA_E_5107752,0,ulaw,bonafide
LA_E_5107906,1,alaw,A07
LA_E_5108295,1,alaw,A08
LA_E_5109046,0,opus,bonafide
LA_E_5109138,1,pstn,A12
LA_E_5109396,1,alaw,A14
LA_E_5109506,1,opus,A08
LA_E_5109792,1,ulaw,A07
LA_E_5110044,1,pstn,A11
LA_E_5110198,1,none,A11
LA_E_5110474,1,alaw,A15
LA_E_5110716,1,g722,A16
LA_E_5110808,1,alaw,A11
LA_E_5111907,1,ulaw,A15
LA_E_5112041,1,pstn,A17
LA_E_5112176,1,alaw,A12
LA_E_5112652,1,ulaw,A09
LA_E_5112826,1,pstn,A07
LA_E_5113743,1,gsm,A13
LA_E_5113843,0,none,bonafide
LA_E_5114083,1,pstn,A16
LA_E_5114138,0,none,bonafide
LA_E_5114779,1,ulaw,A19
LA_E_5114858,0,gsm,bonafide
LA_E_5115227,1,pstn,A15
LA_E_5116805,1,ulaw,A14
LA_E_5117004,1,ulaw,A18
LA_E_5117796,1,opus,A13
LA_E_5117926,1,none,A17
LA_E_5118008,0,none,bonafide
LA_E_5118031,1,opus,A07
LA_E_5118416,1,alaw,A18
LA_E_5118497,1,opus,A11
LA_E_5118766,1,opus,A12
LA_E_5119305,1,alaw,A14
LA_E_5121299,1,g722,A17
LA_E_5121327,1,opus,A19
LA_E_5122102,1,g722,A15
LA_E_5122418,1,none,A15
LA_E_5123166,1,pstn,A08
LA_E_5124010,1,none,A07
LA_E_5124176,1,none,A07
LA_E_5124309,1,opus,A19
LA_E_5125164,1,pstn,A07
LA_E_5125908,1,none,A10
LA_E_5126930,1,g722,A16
LA_E_5127117,1,opus,A07
LA_E_5127626,1,pstn,A07
LA_E_5128006,1,pstn,A17
LA_E_5128053,0,ulaw,bonafide
LA_E_5128249,0,g722,bonafide
LA_E_5128520,1,pstn,A12
LA_E_5129957,1,pstn,A10
LA_E_5130052,1,pstn,A08
LA_E_5130570,1,pstn,A18
LA_E_5131053,1,ulaw,A07
LA_E_5131533,1,gsm,A13
LA_E_5131682,1,alaw,A19
LA_E_5134140,1,pstn,A17
LA_E_5135002,1,pstn,A14
LA_E_5135017,1,opus,A13
LA_E_5135336,1,gsm,A14
LA_E_5135783,1,opus,A15
LA_E_5136259,1,opus,A16
LA_E_5136326,1,ulaw,A11
LA_E_5136553,0,alaw,bonafide
LA_E_5136558,1,opus,A16
LA_E_5136586,1,g722,A09
LA_E_5136756,1,gsm,A07
LA_E_5136791,1,ulaw,A17
LA_E_5136870,1,gsm,A13
LA_E_5136922,1,pstn,A16
LA_E_5137338,1,alaw,A19
LA_E_5137511,1,g722,A07
LA_E_5137799,0,alaw,bonafide
LA_E_5138170,1,none,A14
LA_E_5138222,1,none,A16
LA_E_5138514,0,ulaw,bonafide
LA_E_5139037,1,none,A14
LA_E_5139500,1,gsm,A18
LA_E_5139683,1,gsm,A07
LA_E_5139705,1,ulaw,A07
LA_E_5140152,1,none,A19
LA_E_5140455,1,pstn,A11
LA_E_5140484,0,opus,bonafide
LA_E_5140571,0,alaw,bonafide
LA_E_5140619,1,pstn,A11
LA_E_5141084,1,gsm,A15
LA_E_5141853,1,alaw,A17
LA_E_5141962,1,alaw,A16
LA_E_5142646,1,ulaw,A12
LA_E_5142902,1,none,A08
LA_E_5143036,1,ulaw,A18
LA_E_5143075,1,opus,A07
LA_E_5143111,1,alaw,A18
LA_E_5144181,1,opus,A19
LA_E_5144541,1,gsm,A13
LA_E_5145647,0,ulaw,bonafide
LA_E_5146641,1,ulaw,A18
LA_E_5147047,1,ulaw,A12
LA_E_5147065,1,opus,A13
LA_E_5147363,1,alaw,A18
LA_E_5147455,1,alaw,A15
LA_E_5148241,1,ulaw,A14
LA_E_5148485,1,gsm,A15
LA_E_5148630,1,pstn,A13
LA_E_5148634,1,gsm,A09
LA_E_5149137,1,ulaw,A11
LA_E_5149165,1,pstn,A19
LA_E_5150444,0,opus,bonafide
LA_E_5150465,1,alaw,A09
LA_E_5150500,1,pstn,A07
LA_E_5151371,0,gsm,bonafide
LA_E_5151739,1,g722,A18
LA_E_5152068,1,none,A16
LA_E_5153198,1,alaw,A15
LA_E_5154278,1,ulaw,A19
LA_E_5154292,1,gsm,A19
LA_E_5154439,1,opus,A12
LA_E_5154967,0,ulaw,bonafide
LA_E_5155173,1,gsm,A13
LA_E_5155325,1,pstn,A07
LA_E_5155862,1,gsm,A14
LA_E_5156354,1,ulaw,A16
LA_E_5156464,1,g722,A14
LA_E_5156697,1,opus,A17
LA_E_5156789,1,alaw,A18
LA_E_5156899,1,gsm,A15
LA_E_5156967,1,ulaw,A19
LA_E_5156978,1,none,A18
LA_E_5157302,1,ulaw,A17
LA_E_5157311,1,pstn,A11
LA_E_5157707,1,g722,A16
LA_E_5157896,0,ulaw,bonafide
LA_E_5158058,1,gsm,A16
LA_E_5158141,1,g722,A07
LA_E_5158608,1,alaw,A19
LA_E_5158816,1,gsm,A07
LA_E_5159001,1,none,A08
LA_E_5159167,1,gsm,A19
LA_E_5160442,1,pstn,A08
LA_E_5160519,0,gsm,bonafide
LA_E_5160617,1,pstn,A19
LA_E_5160946,1,gsm,A12
LA_E_5161377,1,ulaw,A08
LA_E_5162011,1,gsm,A11
LA_E_5162279,1,gsm,A13
LA_E_5163303,1,g722,A18
LA_E_5163481,1,alaw,A17
LA_E_5163485,1,g722,A13
LA_E_5163944,1,pstn,A18
LA_E_5164545,1,gsm,A13
LA_E_5164901,1,gsm,A14
LA_E_5165109,1,alaw,A16
LA_E_5165194,1,ulaw,A16
LA_E_5166437,1,gsm,A19
LA_E_5166614,1,gsm,A10
LA_E_5166636,1,none,A13
LA_E_5166951,0,gsm,bonafide
LA_E_5167537,1,opus,A13
LA_E_5168612,1,pstn,A17
LA_E_5168669,1,ulaw,A16
LA_E_5168966,1,gsm,A16
LA_E_5169327,1,g722,A14
LA_E_5169433,1,opus,A11
LA_E_5169850,1,opus,A12
LA_E_5171173,0,alaw,bonafide
LA_E_5171732,1,alaw,A07
LA_E_5172111,1,none,A11
LA_E_5173216,1,g722,A11
LA_E_5173789,1,opus,A07
LA_E_5173970,0,alaw,bonafide
LA_E_5174442,1,pstn,A12
LA_E_5176266,1,ulaw,A08
LA_E_5176286,1,gsm,A09
LA_E_5176586,1,alaw,A08
LA_E_5177438,1,gsm,A16
LA_E_5177562,1,g722,A19
LA_E_5177603,1,ulaw,A18
LA_E_5177832,1,ulaw,A14
LA_E_5177949,1,ulaw,A11
LA_E_5178199,1,g722,A19
LA_E_5178803,1,ulaw,A17
LA_E_5178934,1,pstn,A15
LA_E_5179477,1,g722,A15
LA_E_5180028,1,opus,A10
LA_E_5180030,1,g722,A12
LA_E_5181063,1,alaw,A13
LA_E_5181820,1,ulaw,A15
LA_E_5181845,1,ulaw,A18
LA_E_5182738,1,gsm,A09
LA_E_5183044,1,pstn,A16
LA_E_5183445,1,g722,A12
LA_E_5183964,1,none,A11
LA_E_5184933,1,alaw,A07
LA_E_5185148,1,alaw,A12
LA_E_5185704,1,pstn,A08
LA_E_5186283,1,gsm,A11
LA_E_5186653,0,pstn,bonafide
LA_E_5186699,1,none,A13
LA_E_5186729,1,opus,A17
LA_E_5187405,1,g722,A17
LA_E_5187533,1,none,A09
LA_E_5187956,1,none,A15
LA_E_5188021,1,pstn,A19
LA_E_5188181,1,opus,A10
LA_E_5188480,1,gsm,A10
LA_E_5188552,1,opus,A16
LA_E_5189620,1,none,A10
LA_E_5190712,1,none,A18
LA_E_5191537,1,g722,A12
LA_E_5191796,1,alaw,A10
LA_E_5191930,1,opus,A12
LA_E_5192143,1,g722,A11
LA_E_5192393,1,pstn,A09
LA_E_5194273,1,pstn,A09
LA_E_5194519,1,none,A16
LA_E_5194733,1,pstn,A19
LA_E_5194919,1,g722,A13
LA_E_5195309,1,pstn,A19
LA_E_5195937,1,alaw,A09
LA_E_5196145,1,none,A07
LA_E_5196402,1,g722,A13
LA_E_5196772,1,none,A14
LA_E_5197053,1,ulaw,A08
LA_E_5197472,1,ulaw,A07
LA_E_5198300,1,gsm,A08
LA_E_5198380,1,opus,A07
LA_E_5199073,1,opus,A16
LA_E_5199088,0,ulaw,bonafide
LA_E_5199350,1,opus,A18
LA_E_5199549,1,g722,A13
LA_E_5199600,1,g722,A12
LA_E_5200534,1,opus,A11
LA_E_5200870,1,none,A11
LA_E_5200991,0,pstn,bonafide
LA_E_5201033,1,opus,A16
LA_E_5201127,1,pstn,A12
LA_E_5201535,1,opus,A09
LA_E_5201664,1,gsm,A16
LA_E_5202406,1,gsm,A17
LA_E_5204083,1,ulaw,A12
LA_E_5204155,1,gsm,A11
LA_E_5204475,1,ulaw,A12
LA_E_5204543,1,none,A12
LA_E_5205612,1,opus,A09
LA_E_5205949,0,g722,bonafide
LA_E_5206258,1,none,A07
LA_E_5206505,1,ulaw,A10
LA_E_5206621,1,none,A18
LA_E_5206713,1,opus,A11
LA_E_5207033,1,gsm,A17
LA_E_5207245,1,ulaw,A10
LA_E_5207739,0,g722,bonafide
LA_E_5207886,1,pstn,A10
LA_E_5209190,1,alaw,A16
LA_E_5209199,1,gsm,A12
LA_E_5209374,1,g722,A17
LA_E_5210109,1,alaw,A18
LA_E_5210362,1,none,A17
LA_E_5210490,1,opus,A16
LA_E_5210694,1,ulaw,A18
LA_E_5210714,1,g722,A12
LA_E_5211491,1,g722,A19
LA_E_5211523,1,ulaw,A17
LA_E_5211904,1,ulaw,A09
LA_E_5212089,0,opus,bonafide
LA_E_5212581,1,alaw,A13
LA_E_5212797,1,alaw,A07
LA_E_5213171,0,gsm,bonafide
LA_E_5213462,1,gsm,A14
LA_E_5213849,1,pstn,A13
LA_E_5213920,1,pstn,A16
LA_E_5214450,1,none,A09
LA_E_5214563,1,pstn,A10
LA_E_5214867,0,opus,bonafide
LA_E_5215293,1,ulaw,A13
LA_E_5215421,1,g722,A15
LA_E_5215792,1,alaw,A09
LA_E_5215961,1,opus,A09
LA_E_5216161,1,ulaw,A09
LA_E_5216424,1,ulaw,A13
LA_E_5216568,1,none,A18
LA_E_5216575,1,g722,A14
LA_E_5216619,1,g722,A08
LA_E_5217227,1,pstn,A14
LA_E_5217589,1,none,A15
LA_E_5218482,1,alaw,A11
LA_E_5218555,1,none,A15
LA_E_5219050,1,ulaw,A17
LA_E_5219226,1,ulaw,A15
LA_E_5220038,1,gsm,A19
LA_E_5220073,1,alaw,A15
LA_E_5220223,1,none,A16
LA_E_5220225,1,g722,A14
LA_E_5220248,1,ulaw,A12
LA_E_5220448,1,g722,A14
LA_E_5220715,1,alaw,A08
LA_E_5221560,1,none,A17
LA_E_5221629,1,pstn,A16
LA_E_5221653,1,none,A07
LA_E_5222130,1,opus,A09
LA_E_5222148,0,pstn,bonafide
LA_E_5222469,1,opus,A08
LA_E_5222879,1,g722,A15
LA_E_5223128,1,g722,A18
LA_E_5223706,1,alaw,A17
LA_E_5223897,1,pstn,A17
LA_E_5223920,1,ulaw,A13
LA_E_5223935,1,g722,A14
LA_E_5224302,1,ulaw,A13
LA_E_5224418,0,pstn,bonafide
LA_E_5224477,0,none,bonafide
LA_E_5224488,1,none,A15
LA_E_5224870,1,alaw,A19
LA_E_5224898,1,none,A12
LA_E_5225152,1,g722,A12
LA_E_5225621,1,alaw,A10
LA_E_5226059,1,ulaw,A16
LA_E_5226097,1,g722,A14
LA_E_5226789,1,gsm,A14
LA_E_5227241,0,ulaw,bonafide
LA_E_5227266,1,alaw,A13
LA_E_5227508,0,none,bonafide
LA_E_5227740,1,gsm,A16
LA_E_5228075,1,opus,A16
LA_E_5228203,1,ulaw,A09
LA_E_5229446,1,pstn,A15
LA_E_5229516,0,alaw,bonafide
LA_E_5229739,1,g722,A15
LA_E_5230508,0,pstn,bonafide
LA_E_5230756,1,ulaw,A16
LA_E_5230776,1,g722,A08
LA_E_5230856,1,pstn,A17
LA_E_5231347,1,alaw,A14
LA_E_5231576,1,gsm,A08
LA_E_5232538,0,ulaw,bonafide
LA_E_5232705,1,opus,A09
LA_E_5233291,1,alaw,A12
LA_E_5233741,0,g722,bonafide
LA_E_5233834,1,gsm,A19
LA_E_5234709,1,opus,A08
LA_E_5234869,1,gsm,A12
LA_E_5235589,1,none,A19
LA_E_5235740,1,g722,A19
LA_E_5235889,1,pstn,A18
LA_E_5236526,1,gsm,A08
LA_E_5236781,1,pstn,A17
LA_E_5238453,1,gsm,A16
LA_E_5239138,1,alaw,A16
LA_E_5239409,1,pstn,A18
LA_E_5239594,1,opus,A14
LA_E_5239624,1,g722,A13
LA_E_5239678,1,none,A12
LA_E_5240328,1,opus,A14
LA_E_5240377,1,opus,A19
LA_E_5240751,1,ulaw,A07
LA_E_5240870,0,pstn,bonafide
LA_E_5241185,1,ulaw,A13
LA_E_5241432,1,opus,A19
LA_E_5242533,1,gsm,A12
LA_E_5242669,0,pstn,bonafide
LA_E_5242787,1,pstn,A15
LA_E_5242788,1,ulaw,A07
LA_E_5242790,1,alaw,A09
LA_E_5243325,0,alaw,bonafide
LA_E_5243476,0,g722,bonafide
LA_E_5243911,1,none,A13
LA_E_5244469,1,none,A19
LA_E_5244530,1,opus,A14
LA_E_5244676,1,none,A10
LA_E_5244907,1,ulaw,A08
LA_E_5245662,1,pstn,A18
LA_E_5245813,1,gsm,A13
LA_E_5246174,1,none,A14
LA_E_5246378,1,opus,A16
LA_E_5247536,1,gsm,A16
LA_E_5247911,1,alaw,A10
LA_E_5247969,1,pstn,A17
LA_E_5248006,1,gsm,A12
LA_E_5248260,1,none,A08
LA_E_5248264,1,pstn,A09
LA_E_5248340,1,none,A19
LA_E_5248506,1,opus,A10
LA_E_5249581,1,pstn,A07
LA_E_5249759,1,alaw,A13
LA_E_5249883,0,ulaw,bonafide
LA_E_5249942,1,g722,A16
LA_E_5249972,1,gsm,A11
LA_E_5250759,1,alaw,A07
LA_E_5250843,1,alaw,A16
LA_E_5251601,1,gsm,A07
LA_E_5253019,1,ulaw,A15
LA_E_5253236,1,g722,A18
LA_E_5253371,1,opus,A10
LA_E_5253673,1,none,A16
LA_E_5254048,1,gsm,A19
LA_E_5254714,0,g722,bonafide
LA_E_5255185,1,ulaw,A10
LA_E_5255537,1,alaw,A18
LA_E_5255549,1,pstn,A11
LA_E_5255782,1,ulaw,A14
LA_E_5256747,0,g722,bonafide
LA_E_5256886,0,gsm,bonafide
LA_E_5257179,1,g722,A13
LA_E_5257326,1,alaw,A09
LA_E_5257527,1,opus,A15
LA_E_5257790,1,g722,A16
LA_E_5258202,1,pstn,A10
LA_E_5258424,1,gsm,A18
LA_E_5258776,1,gsm,A08
LA_E_5258977,1,g722,A07
LA_E_5258993,1,gsm,A12
LA_E_5259213,1,opus,A10
LA_E_5259453,1,ulaw,A17
LA_E_5259867,1,none,A11
LA_E_5260558,1,ulaw,A10
LA_E_5260880,1,g722,A18
LA_E_5261796,1,alaw,A10
LA_E_5261887,1,pstn,A12
LA_E_5261932,1,ulaw,A09
LA_E_5262041,1,alaw,A12
LA_E_5262100,1,g722,A08
LA_E_5262595,1,none,A18
LA_E_5262784,1,opus,A09
LA_E_5263066,1,none,A19
LA_E_5263722,1,alaw,A15
LA_E_5263855,1,gsm,A13
LA_E_5264212,1,gsm,A11
LA_E_5264396,1,opus,A15
LA_E_5264619,1,ulaw,A17
LA_E_5264671,1,opus,A09
LA_E_5265027,1,pstn,A17
LA_E_5265254,1,ulaw,A11
LA_E_5265702,1,pstn,A17
LA_E_5265927,1,none,A07
LA_E_5267010,1,none,A09
LA_E_5267023,1,g722,A17
LA_E_5268407,0,g722,bonafide
LA_E_5268680,0,none,bonafide
LA_E_5269369,0,g722,bonafide
LA_E_5269600,1,none,A19
LA_E_5270216,1,ulaw,A07
LA_E_5270254,1,g722,A07
LA_E_5270813,1,ulaw,A16
LA_E_5270836,1,none,A16
LA_E_5271318,1,alaw,A11
LA_E_5271532,1,gsm,A12
LA_E_5272134,1,pstn,A13
LA_E_5272757,0,opus,bonafide
LA_E_5272979,1,gsm,A16
LA_E_5273873,1,ulaw,A10
LA_E_5273963,1,ulaw,A07
LA_E_5274079,1,g722,A07
LA_E_5274362,1,g722,A17
LA_E_5274874,1,alaw,A11
LA_E_5275086,0,ulaw,bonafide
LA_E_5275506,1,pstn,A07
LA_E_5275593,1,none,A16
LA_E_5275614,1,g722,A11
LA_E_5275877,1,opus,A10
LA_E_5275886,1,opus,A09
LA_E_5276143,1,opus,A12
LA_E_5276164,1,alaw,A11
LA_E_5276681,0,pstn,bonafide
LA_E_5276802,1,alaw,A19
LA_E_5276885,1,none,A16
LA_E_5277060,1,none,A07
LA_E_5277365,1,pstn,A19
LA_E_5277626,1,g722,A08
LA_E_5278240,0,ulaw,bonafide
LA_E_5278577,1,opus,A14
LA_E_5278788,1,ulaw,A19
LA_E_5278936,1,g722,A09
LA_E_5279416,1,none,A09
LA_E_5279639,1,ulaw,A18
LA_E_5279673,1,gsm,A07
LA_E_5279919,1,none,A17
LA_E_5280059,1,pstn,A14
LA_E_5280822,1,none,A18
LA_E_5281218,1,gsm,A07
LA_E_5281546,1,pstn,A16
LA_E_5281862,0,gsm,bonafide
LA_E_5282104,1,ulaw,A13
LA_E_5282249,1,ulaw,A16
LA_E_5282280,1,opus,A10
LA_E_5282500,1,pstn,A11
LA_E_5282526,1,none,A08
LA_E_5282745,1,opus,A16
LA_E_5282798,1,ulaw,A17
LA_E_5283835,1,gsm,A12
LA_E_5283859,1,pstn,A15
LA_E_5284576,0,none,bonafide
LA_E_5285004,1,opus,A15
LA_E_5285414,1,alaw,A15
LA_E_5285534,1,ulaw,A11
LA_E_5285648,1,opus,A18
LA_E_5286049,1,none,A13
LA_E_5286357,1,none,A18
LA_E_5286621,1,none,A19
LA_E_5286866,1,pstn,A18
LA_E_5288849,1,g722,A16
LA_E_5289734,1,ulaw,A10
LA_E_5289851,1,none,A17
LA_E_5291002,1,ulaw,A15
LA_E_5291313,1,pstn,A10
LA_E_5291681,0,gsm,bonafide
LA_E_5291826,1,alaw,A11
LA_E_5292542,1,ulaw,A14
LA_E_5293103,1,g722,A07
LA_E_5293295,1,alaw,A10
LA_E_5293311,1,gsm,A10
LA_E_5293812,1,opus,A09
LA_E_5294168,1,alaw,A16
LA_E_5294336,1,ulaw,A16
LA_E_5295152,1,ulaw,A16
LA_E_5295602,1,pstn,A16
LA_E_5297086,0,ulaw,bonafide
LA_E_5297292,1,g722,A16
LA_E_5297450,1,pstn,A16
LA_E_5297459,1,pstn,A09
LA_E_5297605,1,opus,A18
LA_E_5298249,1,pstn,A17
LA_E_5298401,1,none,A13
LA_E_5298693,1,opus,A13
LA_E_5298954,1,opus,A16
LA_E_5299081,1,opus,A18
LA_E_5299380,1,ulaw,A19
LA_E_5300148,0,alaw,bonafide
LA_E_5300185,0,g722,bonafide
LA_E_5300444,1,pstn,A11
LA_E_5300825,1,opus,A15
LA_E_5301025,1,g722,A10
LA_E_5301094,1,alaw,A16
LA_E_5301528,1,ulaw,A11
LA_E_5302159,1,ulaw,A16
LA_E_5302345,1,opus,A12
LA_E_5304650,0,gsm,bonafide
LA_E_5304749,1,ulaw,A07
LA_E_5304957,1,alaw,A16
LA_E_5305216,1,ulaw,A19
LA_E_5305612,1,alaw,A12
LA_E_5305637,1,gsm,A14
LA_E_5305885,1,ulaw,A16
LA_E_5305998,1,pstn,A15
LA_E_5306282,1,alaw,A19
LA_E_5306948,1,gsm,A13
LA_E_5307220,1,gsm,A15
LA_E_5307256,1,alaw,A08
LA_E_5307633,1,g722,A08
LA_E_5308268,1,ulaw,A14
LA_E_5308493,1,opus,A13
LA_E_5308669,1,ulaw,A18
LA_E_5309257,1,ulaw,A13
LA_E_5310813,1,opus,A12
LA_E_5310814,1,gsm,A15
LA_E_5310829,1,none,A09
LA_E_5311322,1,alaw,A09
LA_E_5312106,1,opus,A12
LA_E_5312899,0,opus,bonafide
LA_E_5313083,1,ulaw,A08
LA_E_5313290,1,pstn,A10
LA_E_5313954,0,pstn,bonafide
LA_E_5315307,1,gsm,A10
LA_E_5315403,1,alaw,A07
LA_E_5316174,1,gsm,A07
LA_E_5316323,1,alaw,A10
LA_E_5316921,1,pstn,A14
LA_E_5316950,0,ulaw,bonafide
LA_E_5317235,0,alaw,bonafide
LA_E_5317374,1,opus,A10
LA_E_5317409,1,alaw,A16
LA_E_5317532,1,g722,A12
LA_E_5317799,1,alaw,A17
LA_E_5317935,1,pstn,A07
LA_E_5318123,1,none,A16
LA_E_5318402,1,none,A10
LA_E_5318637,1,pstn,A14
LA_E_5318695,1,g722,A18
LA_E_5318803,1,pstn,A16
LA_E_5318874,1,alaw,A12
LA_E_5319108,1,ulaw,A10
LA_E_5319839,1,ulaw,A12
LA_E_5319873,1,g722,A16
LA_E_5320162,1,none,A12
LA_E_5320661,1,ulaw,A17
LA_E_5320897,1,pstn,A07
LA_E_5321297,1,none,A18
LA_E_5322835,1,gsm,A08
LA_E_5323520,1,opus,A09
LA_E_5323688,1,gsm,A08
LA_E_5323859,1,ulaw,A07
LA_E_5325577,1,ulaw,A10
LA_E_5325871,1,none,A16
LA_E_5325909,0,g722,bonafide
LA_E_5326117,1,gsm,A15
LA_E_5326486,1,alaw,A16
LA_E_5326562,1,none,A10
LA_E_5326685,1,pstn,A16
LA_E_5327014,1,g722,A18
LA_E_5327060,1,none,A18
LA_E_5327683,1,opus,A19
LA_E_5327693,1,opus,A12
LA_E_5327740,1,ulaw,A18
LA_E_5328737,1,g722,A17
LA_E_5329000,1,opus,A08
LA_E_5329097,1,ulaw,A18
LA_E_5329499,1,g722,A09
LA_E_5329998,1,gsm,A10
LA_E_5330503,1,g722,A11
LA_E_5330693,1,opus,A19
LA_E_5330917,1,gsm,A13
LA_E_5331015,1,gsm,A19
LA_E_5331191,1,gsm,A12
LA_E_5331369,1,none,A16
LA_E_5331375,1,ulaw,A10
LA_E_5331613,1,alaw,A14
LA_E_5331700,1,none,A17
LA_E_5331956,1,none,A14
LA_E_5332019,0,opus,bonafide
LA_E_5332034,1,ulaw,A12
LA_E_5332144,1,gsm,A10
LA_E_5332360,1,ulaw,A14
LA_E_5332655,1,g722,A09
LA_E_5332829,1,opus,A15
LA_E_5333096,1,g722,A15
LA_E_5333536,1,gsm,A19
LA_E_5335085,1,gsm,A18
LA_E_5335092,1,alaw,A10
LA_E_5335336,0,opus,bonafide
LA_E_5335367,1,none,A11
LA_E_5335389,1,gsm,A12
LA_E_5335512,1,g722,A18
LA_E_5336391,1,g722,A10
LA_E_5337382,1,alaw,A10
LA_E_5338718,1,opus,A12
LA_E_5338845,1,alaw,A11
LA_E_5339293,1,g722,A11
LA_E_5339349,1,alaw,A10
LA_E_5339661,1,gsm,A13
LA_E_5340786,1,alaw,A10
LA_E_5341237,1,ulaw,A10
LA_E_5342461,1,pstn,A12
LA_E_5342708,1,none,A18
LA_E_5342879,1,g722,A12
LA_E_5342923,0,gsm,bonafide
LA_E_5343031,0,g722,bonafide
LA_E_5343552,1,gsm,A15
LA_E_5343818,1,pstn,A08
LA_E_5344325,1,opus,A08
LA_E_5344424,1,g722,A17
LA_E_5344440,1,g722,A18
LA_E_5344648,1,ulaw,A14
LA_E_5344695,1,gsm,A19
LA_E_5345303,1,pstn,A14
LA_E_5345674,1,ulaw,A12
LA_E_5346204,1,ulaw,A11
LA_E_5346269,1,opus,A11
LA_E_5346439,1,opus,A11
LA_E_5347114,1,pstn,A15
LA_E_5347549,0,none,bonafide
LA_E_5347895,1,opus,A13
LA_E_5348282,1,none,A17
LA_E_5348424,1,pstn,A08
LA_E_5348623,1,gsm,A18
LA_E_5348674,0,pstn,bonafide
LA_E_5348794,1,ulaw,A13
LA_E_5348892,1,ulaw,A17
LA_E_5348901,1,pstn,A07
LA_E_5349153,1,pstn,A19
LA_E_5349560,1,none,A16
LA_E_5349953,1,g722,A15
LA_E_5350088,0,gsm,bonafide
LA_E_5350122,1,opus,A11
LA_E_5350748,1,g722,A16
LA_E_5351736,1,ulaw,A14
LA_E_5351788,1,g722,A09
LA_E_5352142,1,pstn,A18
LA_E_5352169,1,alaw,A09
LA_E_5352893,1,g722,A10
LA_E_5353106,1,gsm,A19
LA_E_5353203,1,ulaw,A11
LA_E_5353320,1,alaw,A12
LA_E_5353486,1,ulaw,A18
LA_E_5353621,1,opus,A10
LA_E_5353671,1,gsm,A17
LA_E_5353861,1,gsm,A09
LA_E_5354564,1,alaw,A18
LA_E_5354729,1,ulaw,A09
LA_E_5355345,1,none,A14
LA_E_5355418,1,none,A16
LA_E_5356269,1,gsm,A09
LA_E_5356816,1,ulaw,A15
LA_E_5357035,1,opus,A11
LA_E_5357043,1,g722,A09
LA_E_5357086,1,g722,A10
LA_E_5357197,1,none,A17
LA_E_5357229,1,opus,A11
LA_E_5357539,1,pstn,A13
LA_E_5357849,1,g722,A16
LA_E_5357919,1,alaw,A08
LA_E_5358644,1,g722,A17
LA_E_5359124,1,alaw,A07
LA_E_5359266,1,none,A09
LA_E_5359795,1,gsm,A08
LA_E_5359933,0,alaw,bonafide
LA_E_5359986,1,none,A08
LA_E_5360748,1,gsm,A18
LA_E_5360777,1,g722,A11
LA_E_5361095,1,ulaw,A07
LA_E_5361156,1,none,A11
LA_E_5361590,1,ulaw,A18
LA_E_5361602,1,gsm,A16
LA_E_5362381,1,ulaw,A08
LA_E_5362387,1,g722,A14
LA_E_5362444,1,none,A09
LA_E_5362481,1,alaw,A15
LA_E_5363582,1,opus,A07
LA_E_5363587,1,ulaw,A08
LA_E_5363959,1,opus,A13
LA_E_5364141,1,ulaw,A15
LA_E_5364908,1,ulaw,A12
LA_E_5365207,0,ulaw,bonafide
LA_E_5365649,1,gsm,A14
LA_E_5366292,1,alaw,A08
LA_E_5366355,0,none,bonafide
LA_E_5366599,1,none,A13
LA_E_5367078,0,alaw,bonafide
LA_E_5367588,1,g722,A15
LA_E_5367791,1,pstn,A14
LA_E_5368243,1,g722,A19
LA_E_5368349,1,opus,A19
LA_E_5368390,1,g722,A13
LA_E_5368466,1,ulaw,A09
LA_E_5368836,1,alaw,A17
LA_E_5369608,0,alaw,bonafide
LA_E_5369690,0,ulaw,bonafide
LA_E_5369699,1,none,A18
LA_E_5369894,1,alaw,A09
LA_E_5370103,1,alaw,A19
LA_E_5370110,1,opus,A18
LA_E_5370706,1,opus,A07
LA_E_5371132,1,opus,A12
LA_E_5371177,1,alaw,A17
LA_E_5371314,1,ulaw,A18
LA_E_5371361,1,none,A12
LA_E_5372910,1,alaw,A08
LA_E_5373222,1,gsm,A12
LA_E_5373608,1,none,A11
LA_E_5373734,1,pstn,A13
LA_E_5373825,1,ulaw,A07
LA_E_5373875,0,ulaw,bonafide
LA_E_5374310,1,opus,A18
LA_E_5374386,0,ulaw,bonafide
LA_E_5374595,1,gsm,A09
LA_E_5374665,1,opus,A13
LA_E_5375365,0,g722,bonafide
LA_E_5375860,1,opus,A08
LA_E_5376141,1,pstn,A16
LA_E_5376544,1,opus,A10
LA_E_5376582,1,none,A17
LA_E_5377547,1,none,A15
LA_E_5377618,1,ulaw,A11
LA_E_5377640,0,ulaw,bonafide
LA_E_5378513,1,gsm,A07
LA_E_5378587,0,gsm,bonafide
LA_E_5378588,1,pstn,A19
LA_E_5379327,1,pstn,A09
LA_E_5379394,1,opus,A08
LA_E_5379830,1,ulaw,A19
LA_E_5380363,1,ulaw,A15
LA_E_5381042,0,ulaw,bonafide
LA_E_5381946,1,none,A11
LA_E_5382271,1,none,A19
LA_E_5382695,1,pstn,A08
LA_E_5382925,1,opus,A18
LA_E_5383804,1,pstn,A14
LA_E_5384221,1,opus,A19
LA_E_5384348,1,pstn,A11
LA_E_5384387,1,pstn,A08
LA_E_5384463,1,pstn,A08
LA_E_5384474,1,gsm,A07
LA_E_5384520,1,alaw,A18
LA_E_5384777,1,g722,A16
LA_E_5385505,1,opus,A17
LA_E_5385992,1,alaw,A17
LA_E_5386100,1,gsm,A10
LA_E_5386970,1,none,A10
LA_E_5387433,1,opus,A14
LA_E_5387828,1,none,A16
LA_E_5387884,1,g722,A09
LA_E_5388391,1,gsm,A09
LA_E_5388784,1,opus,A08
LA_E_5389617,1,gsm,A09
LA_E_5389802,1,none,A09
LA_E_5390487,1,pstn,A14
LA_E_5390997,1,g722,A09
LA_E_5391110,1,opus,A13
LA_E_5391577,1,alaw,A11
LA_E_5392139,1,none,A19
LA_E_5392678,1,none,A15
LA_E_5393177,1,g722,A12
LA_E_5394124,1,gsm,A14
LA_E_5394622,1,gsm,A19
LA_E_5394973,1,pstn,A13
LA_E_5395817,1,alaw,A10
LA_E_5396444,1,opus,A17
LA_E_5397332,1,pstn,A17
LA_E_5397670,0,none,bonafide
LA_E_5398198,1,g722,A19
LA_E_5399714,1,g722,A12
LA_E_5400041,1,gsm,A08
LA_E_5401519,1,alaw,A19
LA_E_5401655,1,pstn,A10
LA_E_5401711,1,alaw,A18
LA_E_5401886,1,none,A18
LA_E_5401969,0,none,bonafide
LA_E_5402121,1,alaw,A07
LA_E_5402388,1,ulaw,A18
LA_E_5402751,1,pstn,A15
LA_E_5402957,1,opus,A19
LA_E_5403198,1,gsm,A08
LA_E_5403628,0,opus,bonafide
LA_E_5403700,1,ulaw,A13
LA_E_5404132,0,gsm,bonafide
LA_E_5404147,0,gsm,bonafide
LA_E_5404658,1,opus,A18
LA_E_5405571,1,opus,A18
LA_E_5405639,0,pstn,bonafide
LA_E_5405718,0,none,bonafide
LA_E_5405735,1,g722,A11
LA_E_5405908,1,ulaw,A15
LA_E_5406102,1,gsm,A13
LA_E_5406391,1,opus,A13
LA_E_5406649,1,ulaw,A17
LA_E_5406754,1,alaw,A16
LA_E_5407389,1,ulaw,A08
LA_E_5407549,1,none,A07
LA_E_5407573,1,none,A15
LA_E_5407600,1,alaw,A07
LA_E_5407752,1,g722,A12
LA_E_5408070,0,opus,bonafide
LA_E_5408354,1,pstn,A14
LA_E_5408497,0,gsm,bonafide
LA_E_5408928,1,alaw,A11
LA_E_5409827,1,opus,A07
LA_E_5410129,1,none,A19
LA_E_5410457,1,none,A13
LA_E_5410749,0,gsm,bonafide
LA_E_5410825,1,gsm,A14
LA_E_5411064,1,g722,A17
LA_E_5411262,1,opus,A17
LA_E_5411422,1,none,A18
LA_E_5411724,0,ulaw,bonafide
LA_E_5412009,1,none,A13
LA_E_5412700,1,gsm,A10
LA_E_5412941,1,opus,A13
LA_E_5413711,1,none,A12
LA_E_5414307,1,none,A14
LA_E_5414381,1,ulaw,A07
LA_E_5415092,1,ulaw,A08
LA_E_5415536,1,none,A08
LA_E_5415859,1,opus,A07
LA_E_5415924,1,g722,A18
LA_E_5416422,1,pstn,A12
LA_E_5417161,1,gsm,A19
LA_E_5417326,1,opus,A14
LA_E_5417740,1,alaw,A14
LA_E_5417834,1,g722,A13
LA_E_5417839,1,opus,A18
LA_E_5418013,1,opus,A18
LA_E_5418249,1,alaw,A10
LA_E_5418251,1,pstn,A08
LA_E_5418310,1,ulaw,A09
LA_E_5418936,1,gsm,A15
LA_E_5419089,1,pstn,A10
LA_E_5419489,1,pstn,A14
LA_E_5421021,1,g722,A14
LA_E_5421969,1,alaw,A11
LA_E_5422150,1,g722,A10
LA_E_5422297,1,alaw,A18
LA_E_5422967,1,g722,A12
LA_E_5423267,1,none,A08
LA_E_5424851,1,ulaw,A17
LA_E_5425862,1,gsm,A14
LA_E_5426297,1,pstn,A10
LA_E_5427208,1,gsm,A11
LA_E_5427438,1,gsm,A18
LA_E_5427703,1,g722,A11
LA_E_5428260,1,opus,A13
LA_E_5428437,1,pstn,A16
LA_E_5429755,1,ulaw,A10
LA_E_5429890,1,gsm,A10
LA_E_5430380,1,ulaw,A07
LA_E_5430432,0,ulaw,bonafide
LA_E_5430497,1,gsm,A17
LA_E_5430745,1,opus,A19
LA_E_5430908,0,opus,bonafide
LA_E_5431007,1,pstn,A13
LA_E_5431249,1,alaw,A18
LA_E_5431432,1,pstn,A15
LA_E_5431684,1,opus,A12
LA_E_5431961,1,gsm,A14
LA_E_5432001,1,pstn,A09
LA_E_5432076,1,none,A13
LA_E_5432111,1,pstn,A12
LA_E_5432155,1,gsm,A18
LA_E_5432444,1,pstn,A11
LA_E_5433088,1,none,A17
LA_E_5433213,1,gsm,A11
LA_E_5433222,1,none,A14
LA_E_5433729,1,opus,A10
LA_E_5434988,0,none,bonafide
LA_E_5435274,1,pstn,A14
LA_E_5435412,1,opus,A16
LA_E_5435599,1,pstn,A10
LA_E_5436010,1,none,A16
LA_E_5436197,1,pstn,A07
LA_E_5436391,1,gsm,A19
LA_E_5437240,1,alaw,A19
LA_E_5437274,1,none,A18
LA_E_5437475,1,g722,A15
LA_E_5438226,1,opus,A13
LA_E_5438395,1,none,A14
LA_E_5439372,1,none,A10
LA_E_5439395,1,ulaw,A11
LA_E_5439563,1,gsm,A16
LA_E_5440081,1,gsm,A11
LA_E_5440094,1,ulaw,A09
LA_E_5440781,1,ulaw,A15
LA_E_5441205,1,ulaw,A17
LA_E_5441224,1,alaw,A18
LA_E_5441323,1,alaw,A15
LA_E_5443499,1,none,A18
LA_E_5443625,0,opus,bonafide
LA_E_5443836,1,none,A13
LA_E_5443941,1,gsm,A14
LA_E_5444463,1,gsm,A08
LA_E_5445348,0,opus,bonafide
LA_E_5446364,0,ulaw,bonafide
LA_E_5446512,1,ulaw,A07
LA_E_5448068,1,ulaw,A14
LA_E_5448255,1,gsm,A18
LA_E_5449059,1,gsm,A15
LA_E_5449394,1,gsm,A13
LA_E_5449648,1,ulaw,A08
LA_E_5449882,1,ulaw,A18
LA_E_5450130,1,alaw,A14
LA_E_5450168,1,opus,A09
LA_E_5450464,1,g722,A10
LA_E_5451110,1,g722,A07
LA_E_5451127,1,none,A11
LA_E_5451379,1,opus,A08
LA_E_5451600,1,none,A15
LA_E_5451635,0,g722,bonafide
LA_E_5452924,1,gsm,A08
LA_E_5452970,1,gsm,A13
LA_E_5453187,1,ulaw,A11
LA_E_5453217,1,g722,A16
LA_E_5453399,1,alaw,A11
LA_E_5453605,1,opus,A18
LA_E_5453808,1,alaw,A08
LA_E_5454159,1,gsm,A13
LA_E_5454168,1,g722,A08
LA_E_5455224,1,opus,A17
LA_E_5456187,1,alaw,A10
LA_E_5456637,0,none,bonafide
LA_E_5456717,1,opus,A14
LA_E_5456819,1,gsm,A14
LA_E_5457139,1,alaw,A08
LA_E_5457349,1,ulaw,A09
LA_E_5457368,1,gsm,A14
LA_E_5457642,1,gsm,A10
LA_E_5458009,1,g722,A13
LA_E_5458174,1,opus,A10
LA_E_5459056,1,none,A19
LA_E_5459270,1,pstn,A19
LA_E_5459506,1,alaw,A15
LA_E_5460140,1,g722,A15
LA_E_5460333,1,gsm,A16
LA_E_5461398,1,opus,A18
LA_E_5462195,1,none,A15
LA_E_5462412,1,pstn,A13
LA_E_5462833,1,gsm,A11
LA_E_5463302,1,ulaw,A09
LA_E_5463481,1,pstn,A11
LA_E_5463779,1,opus,A12
LA_E_5463951,0,alaw,bonafide
LA_E_5464087,1,pstn,A10
LA_E_5464395,1,ulaw,A08
LA_E_5464661,1,alaw,A07
LA_E_5465076,1,alaw,A16
LA_E_5465084,1,gsm,A13
LA_E_5467026,1,none,A14
LA_E_5467091,1,alaw,A12
LA_E_5467232,1,ulaw,A14
LA_E_5467792,1,pstn,A14
LA_E_5468107,1,opus,A15
LA_E_5468825,1,ulaw,A09
LA_E_5469180,1,opus,A08
LA_E_5470027,1,g722,A14
LA_E_5470044,1,gsm,A18
LA_E_5470092,0,alaw,bonafide
LA_E_5470124,0,ulaw,bonafide
LA_E_5470200,1,alaw,A13
LA_E_5470408,1,none,A15
LA_E_5470567,1,gsm,A16
LA_E_5471052,0,opus,bonafide
LA_E_5471244,1,none,A08
LA_E_5471306,1,gsm,A11
LA_E_5471770,1,opus,A08
LA_E_5471914,1,opus,A13
LA_E_5472300,1,ulaw,A09
LA_E_5472637,1,none,A12
LA_E_5472900,1,opus,A19
LA_E_5472931,1,ulaw,A08
LA_E_5473181,1,opus,A08
LA_E_5474015,1,pstn,A15
LA_E_5474935,1,pstn,A12
LA_E_5475501,1,ulaw,A16
LA_E_5475869,1,pstn,A12
LA_E_5476290,1,pstn,A16
LA_E_5476606,1,opus,A14
LA_E_5476978,1,alaw,A08
LA_E_5477328,1,g722,A07
LA_E_5478187,1,ulaw,A11
LA_E_5479405,1,pstn,A18
LA_E_5479992,1,ulaw,A14
LA_E_5480155,1,gsm,A11
LA_E_5480255,0,gsm,bonafide
LA_E_5480782,1,g722,A16
LA_E_5481195,1,none,A16
LA_E_5481323,1,alaw,A15
LA_E_5481759,1,pstn,A16
LA_E_5481763,0,ulaw,bonafide
LA_E_5481916,1,ulaw,A11
LA_E_5481990,1,opus,A14
LA_E_5483068,1,alaw,A10
LA_E_5483376,1,opus,A14
LA_E_5483570,1,alaw,A19
LA_E_5484449,1,alaw,A13
LA_E_5485123,1,gsm,A10
LA_E_5485552,1,g722,A09
LA_E_5485588,1,gsm,A16
LA_E_5486359,1,gsm,A08
LA_E_5486923,1,none,A12
LA_E_5487133,1,pstn,A17
LA_E_5487274,1,alaw,A07
LA_E_5487958,1,none,A15
LA_E_5488589,1,none,A14
LA_E_5488741,1,g722,A14
LA_E_5489031,0,pstn,bonafide
LA_E_5489194,1,alaw,A08
LA_E_5489214,0,gsm,bonafide
LA_E_5489650,0,alaw,bonafide
LA_E_5490079,1,opus,A08
LA_E_5490369,1,none,A16
LA_E_5490462,1,g722,A09
LA_E_5490503,0,pstn,bonafide
LA_E_5491055,1,gsm,A12
LA_E_5491069,1,opus,A13
LA_E_5491188,1,none,A09
LA_E_5491718,1,g722,A17
LA_E_5491958,1,opus,A14
LA_E_5492143,1,opus,A17
LA_E_5492176,1,none,A11
LA_E_5492974,1,none,A11
LA_E_5493144,1,ulaw,A08
LA_E_5493389,1,pstn,A09
LA_E_5493404,1,none,A08
LA_E_5493598,1,g722,A10
LA_E_5494047,1,gsm,A10
LA_E_5494658,1,g722,A08
LA_E_5495004,1,opus,A10
LA_E_5495346,1,g722,A09
LA_E_5495414,1,gsm,A07
LA_E_5495617,1,g722,A19
LA_E_5495673,1,g722,A19
LA_E_5496189,1,none,A17
LA_E_5496341,1,none,A10
LA_E_5496672,1,opus,A19
LA_E_5497466,1,none,A07
LA_E_5498532,1,none,A11
LA_E_5498758,1,g722,A11
LA_E_5498762,1,alaw,A07
LA_E_5498841,1,pstn,A09
LA_E_5498883,1,ulaw,A14
LA_E_5499667,1,gsm,A18
LA_E_5499875,1,pstn,A09
LA_E_5499898,1,gsm,A09
LA_E_5500636,1,none,A13
LA_E_5501574,1,g722,A19
LA_E_5502934,1,pstn,A14
LA_E_5502945,1,g722,A15
LA_E_5503007,0,opus,bonafide
LA_E_5503122,1,alaw,A10
LA_E_5503234,0,g722,bonafide
LA_E_5504668,1,pstn,A15
LA_E_5504941,0,opus,bonafide
LA_E_5505370,1,alaw,A16
LA_E_5505711,1,ulaw,A08
LA_E_5505728,0,g722,bonafide
LA_E_5505782,0,ulaw,bonafide
LA_E_5506020,1,none,A13
LA_E_5506458,1,g722,A08
LA_E_5506680,1,ulaw,A09
LA_E_5507455,1,g722,A15
LA_E_5507857,1,none,A13
LA_E_5508084,1,gsm,A11
LA_E_5508119,1,gsm,A13
LA_E_5508168,1,g722,A13
LA_E_5508235,1,none,A10
LA_E_5508373,1,pstn,A15
LA_E_5509107,1,gsm,A18
LA_E_5509347,1,alaw,A08
LA_E_5509562,1,none,A08
LA_E_5509698,1,g722,A18
LA_E_5510222,1,alaw,A19
LA_E_5510242,1,opus,A12
LA_E_5510410,1,gsm,A10
LA_E_5510735,1,gsm,A14
LA_E_5511086,1,gsm,A14
LA_E_5511878,1,alaw,A08
LA_E_5512178,1,pstn,A14
LA_E_5512283,1,ulaw,A17
LA_E_5512419,1,opus,A13
LA_E_5512615,1,gsm,A18
LA_E_5513410,1,gsm,A08
LA_E_5513794,0,ulaw,bonafide
LA_E_5513934,1,ulaw,A08
LA_E_5514329,0,g722,bonafide
LA_E_5514435,0,opus,bonafide
LA_E_5514553,1,pstn,A09
LA_E_5515139,1,alaw,A10
LA_E_5515717,0,ulaw,bonafide
LA_E_5515756,0,gsm,bonafide
LA_E_5515838,0,none,bonafide
LA_E_5515882,1,opus,A11
LA_E_5517122,1,pstn,A16
LA_E_5517177,1,pstn,A18
LA_E_5517581,1,opus,A16
LA_E_5517618,1,none,A10
LA_E_5517976,1,none,A08
LA_E_5518366,0,opus,bonafide
LA_E_5518534,1,opus,A12
LA_E_5518868,1,opus,A08
LA_E_5519043,1,pstn,A14
LA_E_5519168,1,gsm,A12
LA_E_5519421,0,alaw,bonafide
LA_E_5519667,1,opus,A19
LA_E_5519865,0,pstn,bonafide
LA_E_5520378,0,g722,bonafide
LA_E_5520802,1,g722,A07
LA_E_5521419,0,opus,bonafide
LA_E_5521715,1,pstn,A15
LA_E_5521828,1,none,A16
LA_E_5522311,1,alaw,A11
LA_E_5522701,1,alaw,A10
LA_E_5522755,0,none,bonafide
LA_E_5522800,1,none,A09
LA_E_5523421,1,ulaw,A13
LA_E_5523996,1,none,A08
LA_E_5524135,1,g722,A07
LA_E_5524488,1,g722,A14
LA_E_5524623,0,alaw,bonafide
LA_E_5524830,1,gsm,A16
LA_E_5524894,1,opus,A07
LA_E_5525234,0,gsm,bonafide
LA_E_5525764,1,alaw,A14
LA_E_5525948,1,pstn,A19
LA_E_5526020,1,pstn,A18
LA_E_5526158,1,none,A11
LA_E_5526556,1,none,A15
LA_E_5526631,1,opus,A10
LA_E_5526855,1,gsm,A08
LA_E_5526884,0,pstn,bonafide
LA_E_5527206,1,none,A14
LA_E_5527943,0,none,bonafide
LA_E_5528185,0,alaw,bonafide
LA_E_5528835,1,alaw,A12
LA_E_5528864,1,pstn,A09
LA_E_5529225,1,gsm,A08
LA_E_5529638,0,g722,bonafide
LA_E_5530004,1,opus,A18
LA_E_5530381,0,opus,bonafide
LA_E_5530618,1,alaw,A08
LA_E_5530866,1,ulaw,A17
LA_E_5531211,1,opus,A07
LA_E_5532474,1,none,A08
LA_E_5532599,1,pstn,A09
LA_E_5533343,1,pstn,A11
LA_E_5533628,1,pstn,A12
LA_E_5533698,0,opus,bonafide
LA_E_5534663,1,g722,A12
LA_E_5534694,1,g722,A07
LA_E_5535063,1,alaw,A16
LA_E_5535587,0,alaw,bonafide
LA_E_5535864,1,gsm,A16
LA_E_5536164,1,ulaw,A16
LA_E_5536170,1,pstn,A16
LA_E_5536217,1,opus,A18
LA_E_5536503,1,none,A18
LA_E_5536928,0,gsm,bonafide
LA_E_5536951,1,gsm,A18
LA_E_5537638,1,opus,A15
LA_E_5538286,1,gsm,A15
LA_E_5538859,1,none,A09
LA_E_5538872,1,gsm,A08
LA_E_5538876,1,ulaw,A19
LA_E_5539045,1,none,A17
LA_E_5539149,1,opus,A09
LA_E_5539230,0,ulaw,bonafide
LA_E_5539757,1,opus,A19
LA_E_5540234,1,gsm,A18
LA_E_5540797,1,gsm,A07
LA_E_5540957,1,gsm,A09
LA_E_5541071,1,gsm,A12
LA_E_5541310,1,g722,A12
LA_E_5541339,1,alaw,A10
LA_E_5541396,1,none,A15
LA_E_5541445,1,ulaw,A10
LA_E_5541525,1,opus,A16
LA_E_5541626,1,gsm,A16
LA_E_5541699,0,none,bonafide
LA_E_5542025,1,pstn,A11
LA_E_5542299,1,ulaw,A19
LA_E_5542417,0,none,bonafide
LA_E_5542469,1,none,A13
LA_E_5542776,1,ulaw,A13
LA_E_5542911,1,gsm,A12
LA_E_5542935,1,opus,A14
LA_E_5543173,1,ulaw,A19
LA_E_5543191,1,ulaw,A16
LA_E_5543383,1,alaw,A19
LA_E_5543385,1,alaw,A15
LA_E_5543449,1,alaw,A12
LA_E_5543475,1,alaw,A19
LA_E_5543725,0,ulaw,bonafide
LA_E_5543809,0,none,bonafide
LA_E_5544172,1,none,A15
LA_E_5544670,1,pstn,A18
LA_E_5544860,1,alaw,A13
LA_E_5545423,1,opus,A12
LA_E_5545514,1,opus,A08
LA_E_5546170,0,g722,bonafide
LA_E_5546633,1,pstn,A17
LA_E_5546810,1,gsm,A08
LA_E_5547096,1,gsm,A14
LA_E_5547264,1,alaw,A19
LA_E_5547911,1,alaw,A10
LA_E_5548012,1,none,A11
LA_E_5548013,1,none,A18
LA_E_5548569,1,alaw,A08
LA_E_5548587,1,g722,A16
LA_E_5548646,1,opus,A16
LA_E_5549656,1,ulaw,A07
LA_E_5549757,1,gsm,A12
LA_E_5549912,1,gsm,A09
LA_E_5551098,0,g722,bonafide
LA_E_5551420,1,gsm,A11
LA_E_5551756,1,g722,A16
LA_E_5552722,1,pstn,A15
LA_E_5553748,1,pstn,A14
LA_E_5554519,1,none,A11
LA_E_5554979,1,g722,A14
LA_E_5555699,1,opus,A15
LA_E_5556173,1,none,A09
LA_E_5556542,0,pstn,bonafide
LA_E_5556667,1,opus,A12
LA_E_5557194,1,pstn,A13
LA_E_5557342,1,none,A07
LA_E_5557454,1,pstn,A11
LA_E_5558065,1,ulaw,A09
LA_E_5558120,1,alaw,A15
LA_E_5558459,1,gsm,A12
LA_E_5558466,1,opus,A16
LA_E_5558657,1,alaw,A15
LA_E_5558770,1,g722,A15
LA_E_5559439,1,alaw,A17
LA_E_5559494,1,g722,A11
LA_E_5559501,1,opus,A08
LA_E_5560068,1,gsm,A08
LA_E_5560168,1,opus,A15
LA_E_5560381,1,g722,A13
LA_E_5560541,1,pstn,A17
LA_E_5560607,1,pstn,A12
LA_E_5560649,1,opus,A11
LA_E_5563158,1,opus,A10
LA_E_5563313,0,opus,bonafide
LA_E_5563329,1,none,A17
LA_E_5563430,1,pstn,A19
LA_E_5563455,1,none,A19
LA_E_5563493,1,g722,A16
LA_E_5563569,1,pstn,A10
LA_E_5563597,1,ulaw,A11
LA_E_5563760,1,g722,A09
LA_E_5563837,1,opus,A16
LA_E_5564310,1,opus,A16
LA_E_5564394,1,ulaw,A12
LA_E_5565341,1,opus,A15
LA_E_5565396,0,opus,bonafide
LA_E_5565508,1,none,A12
LA_E_5566798,1,gsm,A17
LA_E_5567232,1,ulaw,A09
LA_E_5567286,0,pstn,bonafide
LA_E_5567378,1,opus,A19
LA_E_5567915,1,ulaw,A09
LA_E_5567942,1,alaw,A15
LA_E_5567958,1,opus,A18
LA_E_5568231,1,ulaw,A10
LA_E_5568421,1,g722,A17
LA_E_5568516,1,opus,A10
LA_E_5568757,1,opus,A16
LA_E_5568849,1,ulaw,A19
LA_E_5569052,1,none,A15
LA_E_5569543,1,pstn,A19
LA_E_5569634,1,g722,A19
LA_E_5569698,1,ulaw,A16
LA_E_5570001,1,gsm,A12
LA_E_5570055,1,alaw,A10
LA_E_5570232,1,gsm,A11
LA_E_5570523,0,ulaw,bonafide
LA_E_5570532,1,gsm,A07
LA_E_5570533,1,ulaw,A16
LA_E_5570667,1,g722,A10
LA_E_5571177,1,alaw,A17
LA_E_5571178,1,alaw,A11
LA_E_5571348,1,g722,A11
LA_E_5572579,1,pstn,A08
LA_E_5572642,1,ulaw,A11
LA_E_5573928,1,none,A17
LA_E_5574021,1,gsm,A16
LA_E_5574056,1,alaw,A15
LA_E_5574384,1,alaw,A14
LA_E_5574481,1,none,A09
LA_E_5574745,1,gsm,A12
LA_E_5574812,1,gsm,A17
LA_E_5575546,1,opus,A15
LA_E_5575579,1,ulaw,A10
LA_E_5576243,1,gsm,A09
LA_E_5576259,1,opus,A17
LA_E_5576394,1,pstn,A18
LA_E_5576667,1,none,A08
LA_E_5576678,1,opus,A07
LA_E_5576754,1,none,A13
LA_E_5577290,1,ulaw,A16
LA_E_5578181,1,pstn,A07
LA_E_5578189,1,g722,A16
LA_E_5578388,1,g722,A18
LA_E_5578853,1,gsm,A08
LA_E_5579061,0,ulaw,bonafide
LA_E_5579426,1,g722,A15
LA_E_5579820,1,g722,A09
LA_E_5580538,1,none,A07
LA_E_5581110,1,ulaw,A07
LA_E_5582409,1,g722,A15
LA_E_5582853,1,alaw,A18
LA_E_5582879,1,g722,A11
LA_E_5583179,0,g722,bonafide
LA_E_5583394,1,alaw,A19
LA_E_5583475,1,none,A18
LA_E_5583723,1,none,A13
LA_E_5583781,0,none,bonafide
LA_E_5583814,1,pstn,A19
LA_E_5583960,1,ulaw,A15
LA_E_5584371,1,g722,A08
LA_E_5584531,1,pstn,A18
LA_E_5584872,1,alaw,A10
LA_E_5585010,1,ulaw,A18
LA_E_5585337,0,pstn,bonafide
LA_E_5585941,1,alaw,A08
LA_E_5586905,1,alaw,A16
LA_E_5587220,1,pstn,A11
LA_E_5587341,0,gsm,bonafide
LA_E_5588077,1,g722,A18
LA_E_5588306,1,g722,A19
LA_E_5589031,1,opus,A11
LA_E_5589297,1,gsm,A08
LA_E_5590041,1,none,A07
LA_E_5591198,1,alaw,A07
LA_E_5591205,1,pstn,A07
LA_E_5591998,0,alaw,bonafide
LA_E_5592161,1,pstn,A13
LA_E_5592467,1,g722,A09
LA_E_5593337,1,pstn,A08
LA_E_5593362,1,alaw,A12
LA_E_5593430,1,none,A18
LA_E_5593500,1,none,A08
LA_E_5594045,1,g722,A18
LA_E_5594052,1,pstn,A13
LA_E_5594114,0,none,bonafide
LA_E_5594228,1,alaw,A15
LA_E_5594897,1,none,A15
LA_E_5595263,1,ulaw,A07
LA_E_5595381,0,ulaw,bonafide
LA_E_5595416,0,g722,bonafide
LA_E_5595829,0,alaw,bonafide
LA_E_5595884,0,g722,bonafide
LA_E_5596155,0,alaw,bonafide
LA_E_5596450,0,pstn,bonafide
LA_E_5596528,1,opus,A14
LA_E_5596583,1,alaw,A10
LA_E_5596819,1,none,A07
LA_E_5597138,1,ulaw,A19
LA_E_5597286,1,g722,A07
LA_E_5598135,1,alaw,A17
LA_E_5598551,1,none,A19
LA_E_5598697,1,gsm,A12
LA_E_5598771,0,gsm,bonafide
LA_E_5599377,0,none,bonafide
LA_E_5599552,1,pstn,A16
LA_E_5600214,1,pstn,A13
LA_E_5600766,1,none,A16
LA_E_5601041,0,g722,bonafide
LA_E_5601219,1,ulaw,A19
LA_E_5601230,1,ulaw,A19
LA_E_5601497,1,gsm,A17
LA_E_5601619,1,gsm,A17
LA_E_5601706,1,none,A10
LA_E_5602535,0,gsm,bonafide
LA_E_5602922,1,ulaw,A16
LA_E_5603049,1,none,A07
LA_E_5603179,0,ulaw,bonafide
LA_E_5603550,1,g722,A14
LA_E_5603777,1,none,A16
LA_E_5603881,1,ulaw,A13
LA_E_5604070,1,gsm,A13
LA_E_5604928,1,ulaw,A10
LA_E_5605244,1,pstn,A19
LA_E_5605574,1,alaw,A18
LA_E_5605945,1,pstn,A18
LA_E_5606029,1,g722,A11
LA_E_5606175,0,gsm,bonafide
LA_E_5606310,1,ulaw,A07
LA_E_5607570,1,none,A18
LA_E_5607911,1,none,A19
LA_E_5607946,0,pstn,bonafide
LA_E_5608031,1,opus,A13
LA_E_5608204,1,g722,A19
LA_E_5608267,1,gsm,A07
LA_E_5608368,1,alaw,A10
LA_E_5608453,1,opus,A13
LA_E_5608534,1,alaw,A18
LA_E_5608977,0,ulaw,bonafide
LA_E_5609503,1,pstn,A13
LA_E_5610068,1,alaw,A13
LA_E_5610469,1,alaw,A08
LA_E_5610471,1,alaw,A15
LA_E_5610967,1,gsm,A16
LA_E_5611035,1,alaw,A11
LA_E_5611377,1,g722,A12
LA_E_5611532,1,pstn,A15
LA_E_5611696,1,g722,A14
LA_E_5611839,1,g722,A13
LA_E_5612105,1,ulaw,A10
LA_E_5612348,1,opus,A09
LA_E_5612406,1,g722,A18
LA_E_5613191,1,pstn,A13
LA_E_5613476,1,gsm,A12
LA_E_5613655,1,pstn,A14
LA_E_5613763,1,opus,A19
LA_E_5614366,0,pstn,bonafide
LA_E_5615110,1,alaw,A16
LA_E_5615235,1,opus,A19
LA_E_5615340,1,pstn,A07
LA_E_5615662,1,ulaw,A18
LA_E_5615890,1,pstn,A09
LA_E_5616198,1,none,A07
LA_E_5617136,0,none,bonafide
LA_E_5617385,1,none,A11
LA_E_5617532,1,gsm,A14
LA_E_5617553,1,gsm,A12
LA_E_5617944,0,g722,bonafide
LA_E_5618030,1,none,A08
LA_E_5618075,0,none,bonafide
LA_E_5618138,1,ulaw,A10
LA_E_5618538,1,gsm,A07
LA_E_5618904,0,pstn,bonafide
LA_E_5618958,1,alaw,A09
LA_E_5618992,1,g722,A07
LA_E_5619042,1,g722,A09
LA_E_5619206,1,g722,A14
LA_E_5619909,1,pstn,A15
LA_E_5620133,1,gsm,A19
LA_E_5620303,0,alaw,bonafide
LA_E_5620393,1,ulaw,A19
LA_E_5620599,1,ulaw,A09
LA_E_5620822,1,ulaw,A19
LA_E_5621084,1,pstn,A07
LA_E_5621628,1,g722,A07
LA_E_5621807,1,alaw,A17
LA_E_5621981,1,alaw,A07
LA_E_5622452,1,pstn,A11
LA_E_5622589,1,ulaw,A16
LA_E_5622786,1,opus,A09
LA_E_5622878,1,opus,A15
LA_E_5623062,1,ulaw,A18
LA_E_5623344,1,ulaw,A14
LA_E_5624039,1,alaw,A19
LA_E_5624093,1,pstn,A19
LA_E_5624439,0,opus,bonafide
LA_E_5624635,1,ulaw,A18
LA_E_5625278,1,none,A14
LA_E_5625281,1,g722,A16
LA_E_5625392,1,g722,A15
LA_E_5625633,1,pstn,A10
LA_E_5625635,1,gsm,A09
LA_E_5625820,1,pstn,A08
LA_E_5626355,1,none,A12
LA_E_5626671,0,ulaw,bonafide
LA_E_5626912,1,none,A11
LA_E_5627189,1,ulaw,A11
LA_E_5628118,0,opus,bonafide
LA_E_5628357,1,opus,A14
LA_E_5628772,1,opus,A07
LA_E_5629466,1,g722,A12
LA_E_5629951,1,none,A15
LA_E_5629982,1,pstn,A17
LA_E_5630128,1,g722,A17
LA_E_5630199,1,none,A17
LA_E_5630552,1,gsm,A15
LA_E_5631709,1,opus,A07
LA_E_5632075,1,opus,A15
LA_E_5632238,0,pstn,bonafide
LA_E_5632585,1,gsm,A17
LA_E_5633322,1,opus,A07
LA_E_5633782,0,gsm,bonafide
LA_E_5634031,1,g722,A12
LA_E_5634223,1,opus,A18
LA_E_5634330,1,opus,A07
LA_E_5634352,1,ulaw,A12
LA_E_5635945,1,pstn,A12
LA_E_5636260,1,g722,A13
LA_E_5636338,1,gsm,A09
LA_E_5636499,1,gsm,A11
LA_E_5637061,0,pstn,bonafide
LA_E_5637712,0,opus,bonafide
LA_E_5638665,1,gsm,A16
LA_E_5638667,1,none,A19
LA_E_5639207,1,alaw,A12
LA_E_5639216,1,alaw,A07
LA_E_5639592,0,none,bonafide
LA_E_5639714,1,none,A16
LA_E_5640358,1,opus,A17
LA_E_5640627,1,none,A11
LA_E_5641190,1,g722,A17
LA_E_5641856,1,alaw,A17
LA_E_5642253,0,g722,bonafide
LA_E_5643178,1,g722,A10
LA_E_5643292,1,opus,A07
LA_E_5643816,1,gsm,A07
LA_E_5643842,1,ulaw,A14
LA_E_5644017,1,g722,A19
LA_E_5644383,1,pstn,A08
LA_E_5644582,0,pstn,bonafide
LA_E_5644990,1,opus,A13
LA_E_5645260,1,opus,A14
LA_E_5645666,1,pstn,A18
LA_E_5645778,0,none,bonafide
LA_E_5645937,1,alaw,A08
LA_E_5646073,1,gsm,A16
LA_E_5646316,1,alaw,A11
LA_E_5646835,1,opus,A13
LA_E_5646847,1,none,A07
LA_E_5647011,1,none,A15
LA_E_5647207,1,pstn,A13
LA_E_5647217,1,g722,A15
LA_E_5647294,1,ulaw,A07
LA_E_5647356,1,pstn,A09
LA_E_5647489,1,g722,A10
LA_E_5647721,1,none,A17
LA_E_5647765,1,none,A07
LA_E_5647934,1,opus,A14
LA_E_5648706,1,pstn,A19
LA_E_5649060,1,gsm,A17
LA_E_5649160,1,gsm,A17
LA_E_5649322,0,g722,bonafide
LA_E_5649412,1,none,A09
LA_E_5649480,1,none,A18
LA_E_5649642,0,gsm,bonafide
LA_E_5650008,1,opus,A15
LA_E_5651109,1,alaw,A08
LA_E_5651150,1,alaw,A13
LA_E_5651586,1,pstn,A12
LA_E_5651898,1,none,A17
LA_E_5651982,1,none,A19
LA_E_5652275,0,opus,bonafide
LA_E_5653112,1,ulaw,A18
LA_E_5653467,1,g722,A15
LA_E_5653818,1,g722,A10
LA_E_5654428,1,ulaw,A13
LA_E_5654946,1,g722,A17
LA_E_5655152,1,g722,A10
LA_E_5655826,1,gsm,A16
LA_E_5656063,1,pstn,A09
LA_E_5656118,1,none,A19
LA_E_5656270,1,alaw,A15
LA_E_5657378,1,ulaw,A08
LA_E_5657425,1,gsm,A11
LA_E_5657550,1,gsm,A18
LA_E_5658287,1,none,A11
LA_E_5658574,1,alaw,A09
LA_E_5658614,1,none,A10
LA_E_5658651,1,opus,A12
LA_E_5658970,1,none,A08
LA_E_5659121,1,gsm,A15
LA_E_5659278,1,g722,A13
LA_E_5659495,1,none,A19
LA_E_5659759,1,none,A07
LA_E_5660024,1,none,A17
LA_E_5660189,1,g722,A08
LA_E_5660743,1,alaw,A14
LA_E_5660769,1,none,A19
LA_E_5661354,1,g722,A09
LA_E_5661503,1,g722,A13
LA_E_5661548,1,opus,A07
LA_E_5661916,1,g722,A14
LA_E_5662033,0,opus,bonafide
LA_E_5662551,1,ulaw,A13
LA_E_5662664,1,ulaw,A16
LA_E_5662985,1,pstn,A08
LA_E_5663520,1,opus,A07
LA_E_5663611,1,opus,A09
LA_E_5663792,1,none,A08
LA_E_5664231,1,opus,A16
LA_E_5664326,0,gsm,bonafide
LA_E_5664357,1,none,A19
LA_E_5664444,1,gsm,A17
LA_E_5664850,1,g722,A08
LA_E_5665542,1,alaw,A13
LA_E_5665708,1,gsm,A18
LA_E_5666565,1,opus,A11
LA_E_5666632,1,g722,A11
LA_E_5668313,1,g722,A15
LA_E_5668322,1,opus,A15
LA_E_5668684,1,opus,A07
LA_E_5668734,0,gsm,bonafide
LA_E_5669176,0,none,bonafide
LA_E_5669848,1,alaw,A07
LA_E_5669899,0,pstn,bonafide
LA_E_5670480,1,opus,A12
LA_E_5670517,1,opus,A14
LA_E_5670589,1,ulaw,A16
LA_E_5671220,1,g722,A17
LA_E_5671352,1,gsm,A07
LA_E_5671605,1,opus,A15
LA_E_5671625,1,opus,A08
LA_E_5671933,0,opus,bonafide
LA_E_5672542,1,pstn,A15
LA_E_5673155,1,none,A14
LA_E_5673190,1,alaw,A08
LA_E_5673548,1,opus,A14
LA_E_5673612,1,none,A17
LA_E_5673862,1,gsm,A19
LA_E_5674049,1,ulaw,A13
LA_E_5674174,1,opus,A09
LA_E_5674601,1,g722,A08
LA_E_5674900,1,none,A15
LA_E_5675681,1,ulaw,A07
LA_E_5676788,1,opus,A14
LA_E_5676809,1,gsm,A16
LA_E_5677134,1,ulaw,A19
LA_E_5677410,1,g722,A17
LA_E_5677565,1,gsm,A09
LA_E_5677977,1,ulaw,A13
LA_E_5678117,0,gsm,bonafide
LA_E_5678365,1,alaw,A18
LA_E_5678430,0,alaw,bonafide
LA_E_5679070,1,alaw,A14
LA_E_5679995,1,alaw,A07
LA_E_5680084,1,pstn,A15
LA_E_5680478,1,none,A07
LA_E_5680781,1,ulaw,A11
LA_E_5681118,1,g722,A07
LA_E_5681377,1,opus,A15
LA_E_5681441,1,alaw,A09
LA_E_5681732,1,none,A16
LA_E_5682872,0,opus,bonafide
LA_E_5683645,1,ulaw,A12
LA_E_5683904,1,gsm,A14
LA_E_5684623,1,g722,A14
LA_E_5684659,1,opus,A16
LA_E_5685549,1,g722,A15
LA_E_5685839,0,gsm,bonafide
LA_E_5685857,1,opus,A09
LA_E_5686041,1,g722,A10
LA_E_5686650,1,pstn,A10
LA_E_5686704,1,gsm,A18
LA_E_5686916,1,alaw,A19
LA_E_5686954,1,pstn,A15
LA_E_5687309,1,pstn,A17
LA_E_5687461,1,ulaw,A16
LA_E_5688114,0,ulaw,bonafide
LA_E_5688315,1,ulaw,A18
LA_E_5688384,1,opus,A17
LA_E_5688420,1,gsm,A10
LA_E_5688787,1,g722,A18
LA_E_5689896,1,gsm,A13
LA_E_5689946,1,gsm,A15
LA_E_5690125,1,none,A09
LA_E_5690575,1,pstn,A10
LA_E_5691216,0,pstn,bonafide
LA_E_5691484,1,none,A16
LA_E_5691913,1,ulaw,A12
LA_E_5692508,1,alaw,A08
LA_E_5692600,1,ulaw,A15
LA_E_5693039,1,gsm,A09
LA_E_5693214,1,none,A10
LA_E_5693468,1,pstn,A10
LA_E_5693472,1,gsm,A18
LA_E_5693600,1,gsm,A09
LA_E_5693628,1,none,A09
LA_E_5693681,1,alaw,A11
LA_E_5693963,1,gsm,A17
LA_E_5694013,0,g722,bonafide
LA_E_5694668,1,ulaw,A10
LA_E_5694891,1,none,A09
LA_E_5694898,1,pstn,A09
LA_E_5695058,1,g722,A11
LA_E_5695628,1,gsm,A14
LA_E_5696077,1,gsm,A10
LA_E_5696529,0,none,bonafide
LA_E_5696557,1,g722,A08
LA_E_5697157,1,none,A10
LA_E_5697514,1,gsm,A15
LA_E_5697910,1,ulaw,A10
LA_E_5697998,1,pstn,A18
LA_E_5698104,1,pstn,A12
LA_E_5698199,1,pstn,A18
LA_E_5698487,1,ulaw,A16
LA_E_5698497,0,opus,bonafide
LA_E_5698805,1,none,A17
LA_E_5699363,1,opus,A12
LA_E_5699430,1,pstn,A15
LA_E_5699448,1,gsm,A15
LA_E_5699988,1,ulaw,A14
LA_E_5700215,1,ulaw,A11
LA_E_5701163,1,alaw,A16
LA_E_5701529,1,opus,A19
LA_E_5701749,1,none,A08
LA_E_5702192,1,g722,A11
LA_E_5702213,1,g722,A19
LA_E_5702233,1,ulaw,A13
LA_E_5702777,1,ulaw,A18
LA_E_5703441,1,g722,A17
LA_E_5703620,1,opus,A17
LA_E_5703668,1,alaw,A19
LA_E_5703962,1,opus,A18
LA_E_5704183,1,g722,A09
LA_E_5704535,1,g722,A11
LA_E_5704610,1,none,A15
LA_E_5704739,1,alaw,A08
LA_E_5705649,1,ulaw,A08
LA_E_5705885,1,none,A10
LA_E_5706035,0,opus,bonafide
LA_E_5706236,0,pstn,bonafide
LA_E_5706414,1,alaw,A09
LA_E_5706588,1,alaw,A19
LA_E_5706717,1,ulaw,A11
LA_E_5706790,1,alaw,A08
LA_E_5708107,0,pstn,bonafide
LA_E_5708506,1,gsm,A11
LA_E_5708604,0,none,bonafide
LA_E_5708830,1,g722,A10
LA_E_5708867,1,opus,A16
LA_E_5709288,0,ulaw,bonafide
LA_E_5709358,1,none,A12
LA_E_5709658,1,ulaw,A07
LA_E_5709707,1,ulaw,A17
LA_E_5710355,1,pstn,A12
LA_E_5710451,1,alaw,A16
LA_E_5711085,1,none,A14
LA_E_5711147,1,ulaw,A07
LA_E_5711656,1,none,A15
LA_E_5711966,1,gsm,A12
LA_E_5712204,1,pstn,A09
LA_E_5712651,1,g722,A15
LA_E_5712674,1,pstn,A10
LA_E_5713247,1,g722,A11
LA_E_5714017,1,ulaw,A10
LA_E_5714239,1,opus,A12
LA_E_5714422,1,alaw,A17
LA_E_5714908,1,pstn,A15
LA_E_5714932,1,ulaw,A13
LA_E_5715176,1,pstn,A11
LA_E_5715227,0,alaw,bonafide
LA_E_5715359,1,alaw,A14
LA_E_5715850,1,g722,A11
LA_E_5716093,1,g722,A19
LA_E_5716314,1,ulaw,A10
LA_E_5716320,1,ulaw,A10
LA_E_5716810,1,none,A19
LA_E_5717117,1,ulaw,A15
LA_E_5717742,0,none,bonafide
LA_E_5717804,1,alaw,A12
LA_E_5719021,1,ulaw,A15
LA_E_5719769,1,gsm,A07
LA_E_5720006,1,alaw,A08
LA_E_5720697,1,ulaw,A11
LA_E_5721148,1,pstn,A13
LA_E_5721171,1,ulaw,A11
LA_E_5721244,1,gsm,A08
LA_E_5722467,1,none,A11
LA_E_5722577,1,ulaw,A18
LA_E_5723576,1,pstn,A13
LA_E_5723680,1,g722,A19
LA_E_5723904,1,gsm,A17
LA_E_5724051,0,opus,bonafide
LA_E_5724700,1,none,A10
LA_E_5724729,1,gsm,A13
LA_E_5724827,1,ulaw,A18
LA_E_5725600,1,pstn,A12
LA_E_5725681,1,ulaw,A12
LA_E_5725712,1,opus,A09
LA_E_5725977,1,opus,A17
LA_E_5726445,0,alaw,bonafide
LA_E_5727629,1,alaw,A11
LA_E_5727933,1,alaw,A13
LA_E_5727992,1,gsm,A07
LA_E_5728023,1,ulaw,A18
LA_E_5728103,0,none,bonafide
LA_E_5728412,0,none,bonafide
LA_E_5728414,1,gsm,A08
LA_E_5728627,1,ulaw,A07
LA_E_5728872,1,alaw,A12
LA_E_5729534,1,gsm,A10
LA_E_5729843,1,gsm,A13
LA_E_5729961,1,ulaw,A09
LA_E_5730146,1,g722,A14
LA_E_5730877,1,pstn,A10
LA_E_5731130,1,opus,A10
LA_E_5731335,1,gsm,A15
LA_E_5731495,1,opus,A16
LA_E_5731824,1,opus,A09
LA_E_5732204,1,alaw,A17
LA_E_5732279,1,none,A16
LA_E_5732409,1,opus,A11
LA_E_5732538,1,alaw,A10
LA_E_5732803,1,alaw,A13
LA_E_5732970,1,gsm,A18
LA_E_5733004,1,none,A12
LA_E_5733364,1,gsm,A10
LA_E_5733597,1,g722,A15
LA_E_5733919,0,alaw,bonafide
LA_E_5734021,1,g722,A11
LA_E_5734035,1,gsm,A08
LA_E_5735047,1,none,A17
LA_E_5735639,1,ulaw,A18
LA_E_5735668,1,alaw,A12
LA_E_5736303,1,opus,A11
LA_E_5736349,1,none,A08
LA_E_5736558,1,none,A13
LA_E_5736783,1,ulaw,A19
LA_E_5737260,0,none,bonafide
LA_E_5737672,1,gsm,A16
LA_E_5738133,1,gsm,A09
LA_E_5738562,1,g722,A18
LA_E_5738739,1,g722,A11
LA_E_5739048,1,none,A16
LA_E_5739838,1,none,A07
LA_E_5740494,1,gsm,A16
LA_E_5740532,1,none,A17
LA_E_5740606,1,ulaw,A19
LA_E_5740708,1,alaw,A12
LA_E_5741826,1,none,A08
LA_E_5743079,1,opus,A18
LA_E_5743325,1,gsm,A18
LA_E_5743371,1,gsm,A19
LA_E_5743470,1,gsm,A14
LA_E_5743485,1,ulaw,A16
LA_E_5743712,1,g722,A19
LA_E_5744273,1,pstn,A18
LA_E_5744302,0,g722,bonafide
LA_E_5744363,1,opus,A17
LA_E_5745056,1,ulaw,A17
LA_E_5745391,1,gsm,A14
LA_E_5745590,1,ulaw,A19
LA_E_5745670,1,none,A17
LA_E_5746403,1,none,A12
LA_E_5746674,1,g722,A07
LA_E_5746758,0,alaw,bonafide
LA_E_5746906,1,pstn,A10
LA_E_5747026,1,g722,A13
LA_E_5747140,1,pstn,A18
LA_E_5747465,1,pstn,A16
LA_E_5747543,1,gsm,A07
LA_E_5747937,1,none,A08
LA_E_5748123,0,gsm,bonafide
LA_E_5748581,0,g722,bonafide
LA_E_5748619,1,pstn,A13
LA_E_5748843,1,opus,A11
LA_E_5748896,1,g722,A14
LA_E_5749058,1,none,A15
LA_E_5749130,1,g722,A11
LA_E_5750123,0,alaw,bonafide
LA_E_5750203,1,none,A14
LA_E_5750391,0,pstn,bonafide
LA_E_5751043,0,gsm,bonafide
LA_E_5752090,1,g722,A17
LA_E_5752472,1,none,A15
LA_E_5752818,1,none,A12
LA_E_5752908,1,pstn,A12
LA_E_5753067,1,none,A18
LA_E_5753638,1,gsm,A10
LA_E_5754181,1,ulaw,A16
LA_E_5754676,1,alaw,A16
LA_E_5754894,1,alaw,A11
LA_E_5756380,1,none,A12
LA_E_5756659,1,g722,A14
LA_E_5756995,1,none,A10
LA_E_5757026,1,alaw,A10
LA_E_5757130,1,alaw,A12
LA_E_5757408,0,alaw,bonafide
LA_E_5757835,1,none,A08
LA_E_5758361,1,alaw,A10
LA_E_5758706,1,opus,A09
LA_E_5759290,1,none,A09
LA_E_5759538,1,none,A19
LA_E_5759636,1,gsm,A11
LA_E_5759639,1,pstn,A07
LA_E_5760191,1,none,A10
LA_E_5760805,1,ulaw,A10
LA_E_5760992,1,none,A14
LA_E_5761211,1,pstn,A07
LA_E_5761301,1,g722,A07
LA_E_5761501,1,ulaw,A18
LA_E_5761751,1,gsm,A09
LA_E_5762019,1,ulaw,A16
LA_E_5762966,1,gsm,A08
LA_E_5763087,1,ulaw,A14
LA_E_5763939,1,gsm,A09
LA_E_5764046,1,g722,A08
LA_E_5764223,1,none,A07
LA_E_5764277,0,alaw,bonafide
LA_E_5764497,1,alaw,A09
LA_E_5764504,1,none,A12
LA_E_5764569,1,none,A10
LA_E_5765057,1,alaw,A10
LA_E_5765471,1,g722,A13
LA_E_5765485,1,gsm,A14
LA_E_5765735,0,opus,bonafide
LA_E_5765835,1,opus,A08
LA_E_5765937,1,none,A13
LA_E_5766045,1,opus,A10
LA_E_5766257,1,opus,A17
LA_E_5766417,0,pstn,bonafide
LA_E_5766495,1,g722,A18
LA_E_5766505,1,gsm,A11
LA_E_5766528,1,opus,A08
LA_E_5766816,1,pstn,A18
LA_E_5767069,1,gsm,A19
LA_E_5767260,1,g722,A07
LA_E_5767535,1,opus,A13
LA_E_5767633,1,ulaw,A14
LA_E_5768076,1,alaw,A18
LA_E_5768093,1,gsm,A13
LA_E_5768757,1,g722,A19
LA_E_5769151,1,ulaw,A08
LA_E_5769319,1,opus,A16
LA_E_5769438,1,opus,A09
LA_E_5769528,1,alaw,A14
LA_E_5769569,1,g722,A13
LA_E_5770057,1,alaw,A13
LA_E_5770087,1,opus,A09
LA_E_5770214,1,ulaw,A14
LA_E_5770382,1,none,A09
LA_E_5770605,1,gsm,A12
LA_E_5771277,1,opus,A10
LA_E_5771302,1,g722,A17
LA_E_5771611,1,pstn,A16
LA_E_5772089,0,opus,bonafide
LA_E_5772309,1,opus,A17
LA_E_5772574,1,g722,A17
LA_E_5772756,0,gsm,bonafide
LA_E_5773186,1,ulaw,A11
LA_E_5773481,1,pstn,A10
LA_E_5773491,1,ulaw,A09
LA_E_5774416,1,none,A10
LA_E_5774613,1,opus,A11
LA_E_5775291,1,ulaw,A15
LA_E_5775399,1,pstn,A10
LA_E_5775469,1,ulaw,A15
LA_E_5775993,1,opus,A10
LA_E_5776509,1,pstn,A14
LA_E_5777338,1,none,A18
LA_E_5777436,1,gsm,A19
LA_E_5777650,1,none,A12
LA_E_5777699,1,opus,A15
LA_E_5778076,1,opus,A11
LA_E_5778228,1,gsm,A10
LA_E_5778279,1,g722,A08
LA_E_5778367,1,none,A15
LA_E_5778471,1,opus,A14
LA_E_5778520,1,pstn,A11
LA_E_5778800,1,alaw,A18
LA_E_5778874,1,pstn,A13
LA_E_5778882,1,g722,A15
LA_E_5778905,1,pstn,A11
LA_E_5779123,1,opus,A10
LA_E_5779338,1,g722,A11
LA_E_5779377,0,none,bonafide
LA_E_5779479,1,gsm,A12
LA_E_5779982,1,ulaw,A17
LA_E_5780328,1,gsm,A15
LA_E_5780416,1,gsm,A13
LA_E_5780555,1,ulaw,A11
LA_E_5780577,1,ulaw,A11
LA_E_5780703,1,opus,A08
LA_E_5781386,1,g722,A19
LA_E_5781480,1,ulaw,A10
LA_E_5781488,0,gsm,bonafide
LA_E_5781993,1,ulaw,A10
LA_E_5782196,1,pstn,A17
LA_E_5782267,1,g722,A18
LA_E_5783695,1,alaw,A09
LA_E_5783732,1,gsm,A14
LA_E_5784009,1,gsm,A10
LA_E_5784156,1,none,A09
LA_E_5784863,1,none,A08
LA_E_5785170,1,none,A16
LA_E_5785260,1,alaw,A17
LA_E_5785354,0,opus,bonafide
LA_E_5785491,1,opus,A09
LA_E_5786845,1,pstn,A13
LA_E_5787028,1,ulaw,A07
LA_E_5787441,1,ulaw,A07
LA_E_5787711,1,gsm,A13
LA_E_5787777,0,none,bonafide
LA_E_5788305,1,gsm,A11
LA_E_5788536,1,pstn,A12
LA_E_5788595,1,opus,A16
LA_E_5788861,1,gsm,A15
LA_E_5788941,1,gsm,A15
LA_E_5789142,1,none,A07
LA_E_5789172,1,pstn,A16
LA_E_5789181,0,opus,bonafide
LA_E_5789219,1,alaw,A13
LA_E_5789227,1,none,A17
LA_E_5789752,1,none,A10
LA_E_5789840,1,gsm,A08
LA_E_5790216,1,opus,A17
LA_E_5790668,1,g722,A15
LA_E_5790851,1,pstn,A07
LA_E_5791001,1,none,A15
LA_E_5791101,1,opus,A14
LA_E_5791431,1,gsm,A14
LA_E_5791465,1,ulaw,A09
LA_E_5791974,1,alaw,A15
LA_E_5792195,1,opus,A14
LA_E_5792371,1,opus,A17
LA_E_5792553,1,g722,A07
LA_E_5793120,1,alaw,A18
LA_E_5793575,1,g722,A18
LA_E_5793710,1,ulaw,A12
LA_E_5793821,1,g722,A09
LA_E_5794073,1,opus,A17
LA_E_5794095,1,alaw,A07
LA_E_5794373,1,alaw,A09
LA_E_5794461,1,gsm,A08
LA_E_5794571,1,ulaw,A08
LA_E_5794735,1,g722,A14
LA_E_5795029,1,pstn,A17
LA_E_5795397,1,none,A18
LA_E_5795464,1,alaw,A11
LA_E_5796725,1,opus,A09
LA_E_5797358,1,opus,A10
LA_E_5797435,1,gsm,A11
LA_E_5797697,1,opus,A11
LA_E_5797790,0,gsm,bonafide
LA_E_5797851,1,none,A10
LA_E_5798205,0,gsm,bonafide
LA_E_5798419,1,none,A15
LA_E_5799119,0,pstn,bonafide
LA_E_5799491,1,ulaw,A10
LA_E_5799609,1,opus,A17
LA_E_5799643,1,alaw,A12
LA_E_5800555,1,ulaw,A14
LA_E_5801606,1,gsm,A12
LA_E_5801665,1,alaw,A17
LA_E_5801971,1,g722,A11
LA_E_5802250,1,gsm,A10
LA_E_5802797,1,none,A15
LA_E_5802849,0,none,bonafide
LA_E_5802948,1,ulaw,A19
LA_E_5803253,1,ulaw,A16
LA_E_5803288,1,opus,A09
LA_E_5803342,1,alaw,A07
LA_E_5803536,0,g722,bonafide
LA_E_5803724,0,opus,bonafide
LA_E_5804050,1,ulaw,A14
LA_E_5804080,0,gsm,bonafide
LA_E_5804472,1,none,A18
LA_E_5804549,1,pstn,A07
LA_E_5805204,1,none,A12
LA_E_5805209,1,opus,A13
LA_E_5805394,1,gsm,A09
LA_E_5806034,0,ulaw,bonafide
LA_E_5806117,1,opus,A13
LA_E_5806368,1,pstn,A18
LA_E_5806754,1,gsm,A10
LA_E_5807078,1,alaw,A15
LA_E_5807303,1,none,A19
LA_E_5808464,0,pstn,bonafide
LA_E_5809318,0,ulaw,bonafide
LA_E_5809864,1,alaw,A18
LA_E_5809951,1,opus,A15
LA_E_5810236,1,gsm,A08
LA_E_5811527,1,opus,A08
LA_E_5812226,1,ulaw,A15
LA_E_5812250,1,alaw,A17
LA_E_5812578,1,g722,A14
LA_E_5812629,1,alaw,A13
LA_E_5812633,1,alaw,A11
LA_E_5813176,1,none,A14
LA_E_5813353,1,opus,A13
LA_E_5813564,1,alaw,A16
LA_E_5813864,1,alaw,A07
LA_E_5814225,1,ulaw,A12
LA_E_5814330,1,gsm,A14
LA_E_5814467,0,opus,bonafide
LA_E_5815305,0,gsm,bonafide
LA_E_5815506,0,opus,bonafide
LA_E_5815522,1,none,A09
LA_E_5815752,0,ulaw,bonafide
LA_E_5815789,0,pstn,bonafide
LA_E_5816337,1,alaw,A07
LA_E_5816345,1,none,A09
LA_E_5817118,0,none,bonafide
LA_E_5817295,0,ulaw,bonafide
LA_E_5817748,1,g722,A08
LA_E_5818566,1,ulaw,A12
LA_E_5818801,1,ulaw,A08
LA_E_5818832,1,alaw,A12
LA_E_5818859,1,none,A13
LA_E_5818860,1,opus,A16
LA_E_5818931,1,g722,A15
LA_E_5819043,1,g722,A17
LA_E_5819420,1,ulaw,A17
LA_E_5819458,1,none,A12
LA_E_5819561,1,ulaw,A19
LA_E_5820139,1,gsm,A11
LA_E_5820392,1,none,A19
LA_E_5820652,1,ulaw,A19
LA_E_5820956,0,none,bonafide
LA_E_5821229,1,none,A16
LA_E_5821231,1,g722,A18
LA_E_5821496,1,g722,A17
LA_E_5821524,1,gsm,A14
LA_E_5821538,1,ulaw,A08
LA_E_5821875,1,pstn,A09
LA_E_5821945,1,none,A14
LA_E_5822178,1,opus,A15
LA_E_5822719,1,g722,A18
LA_E_5822818,1,none,A14
LA_E_5823073,1,none,A09
LA_E_5823347,1,pstn,A07
LA_E_5823404,1,opus,A13
LA_E_5823645,1,alaw,A14
LA_E_5824042,0,pstn,bonafide
LA_E_5824117,1,ulaw,A13
LA_E_5824130,1,none,A16
LA_E_5824135,1,opus,A08
LA_E_5824331,1,g722,A18
LA_E_5824460,1,none,A09
LA_E_5824498,1,ulaw,A18
LA_E_5824764,1,none,A08
LA_E_5824889,1,gsm,A11
LA_E_5824910,1,g722,A15
LA_E_5825060,0,pstn,bonafide
LA_E_5825090,1,pstn,A13
LA_E_5825299,1,opus,A19
LA_E_5825691,1,alaw,A07
LA_E_5825867,1,ulaw,A12
LA_E_5826358,1,opus,A12
LA_E_5826477,1,opus,A15
LA_E_5827156,1,opus,A19
LA_E_5827436,1,g722,A07
LA_E_5827522,1,ulaw,A18
LA_E_5827564,1,alaw,A15
LA_E_5828551,1,ulaw,A17
LA_E_5828822,1,gsm,A14
LA_E_5829001,1,opus,A08
LA_E_5830350,1,ulaw,A09
LA_E_5830378,1,gsm,A07
LA_E_5830555,1,gsm,A08
LA_E_5830572,0,ulaw,bonafide
LA_E_5831084,1,pstn,A09
LA_E_5831539,1,g722,A07
LA_E_5832209,1,gsm,A08
LA_E_5832971,1,gsm,A10
LA_E_5833000,1,g722,A16
LA_E_5833004,1,alaw,A14
LA_E_5833534,1,pstn,A08
LA_E_5833606,1,none,A17
LA_E_5833844,1,gsm,A19
LA_E_5834033,0,g722,bonafide
LA_E_5834076,1,gsm,A14
LA_E_5834186,0,g722,bonafide
LA_E_5834292,1,pstn,A19
LA_E_5834675,1,gsm,A08
LA_E_5834776,0,none,bonafide
LA_E_5835161,1,gsm,A10
LA_E_5835312,1,gsm,A09
LA_E_5835366,1,gsm,A18
LA_E_5835670,1,g722,A11
LA_E_5835974,0,pstn,bonafide
LA_E_5836152,1,alaw,A13
LA_E_5836854,0,alaw,bonafide
LA_E_5837001,1,g722,A08
LA_E_5837178,1,opus,A12
LA_E_5837589,1,none,A09
LA_E_5837669,1,pstn,A09
LA_E_5837760,1,gsm,A08
LA_E_5837885,1,gsm,A09
LA_E_5838383,1,none,A16
LA_E_5838647,1,ulaw,A08
LA_E_5838833,1,gsm,A18
LA_E_5839219,1,none,A14
LA_E_5839590,1,opus,A16
LA_E_5839847,1,pstn,A15
LA_E_5840529,1,opus,A17
LA_E_5841158,1,ulaw,A08
LA_E_5841284,1,opus,A19
LA_E_5841743,1,none,A15
LA_E_5842865,1,alaw,A17
LA_E_5843449,1,g722,A10
LA_E_5844029,1,alaw,A16
LA_E_5844046,1,pstn,A16
LA_E_5844450,1,pstn,A09
LA_E_5844527,1,opus,A10
LA_E_5845445,1,pstn,A12
LA_E_5846152,1,none,A08
LA_E_5846601,1,g722,A08
LA_E_5846632,1,ulaw,A17
LA_E_5847057,1,gsm,A16
LA_E_5847731,1,none,A10
LA_E_5848375,1,pstn,A15
LA_E_5848511,1,pstn,A19
LA_E_5848732,1,alaw,A18
LA_E_5848747,1,alaw,A19
LA_E_5848978,1,ulaw,A14
LA_E_5849313,1,pstn,A16
LA_E_5849409,1,gsm,A09
LA_E_5849688,1,ulaw,A13
LA_E_5849769,1,none,A12
LA_E_5850342,0,g722,bonafide
LA_E_5850415,1,gsm,A14
LA_E_5850523,1,pstn,A15
LA_E_5850714,1,gsm,A18
LA_E_5850770,0,none,bonafide
LA_E_5851972,1,gsm,A16
LA_E_5852301,1,g722,A12
LA_E_5852676,1,g722,A17
LA_E_5852781,1,gsm,A09
LA_E_5852785,0,none,bonafide
LA_E_5852892,1,ulaw,A18
LA_E_5853304,1,gsm,A08
LA_E_5853340,1,ulaw,A15
LA_E_5853453,1,opus,A19
LA_E_5853459,1,pstn,A13
LA_E_5853585,1,opus,A11
LA_E_5853587,1,alaw,A13
LA_E_5853774,1,g722,A19
LA_E_5853794,0,alaw,bonafide
LA_E_5853894,1,opus,A13
LA_E_5853926,1,pstn,A11
LA_E_5854050,1,gsm,A15
LA_E_5854145,1,gsm,A10
LA_E_5854268,1,opus,A15
LA_E_5854456,1,pstn,A08
LA_E_5855785,1,alaw,A14
LA_E_5856006,1,gsm,A13
LA_E_5856470,1,gsm,A13
LA_E_5856635,1,opus,A11
LA_E_5857012,1,ulaw,A18
LA_E_5857572,1,pstn,A10
LA_E_5857710,1,alaw,A15
LA_E_5857822,1,ulaw,A16
LA_E_5857881,1,alaw,A09
LA_E_5858178,1,pstn,A07
LA_E_5858229,1,ulaw,A15
LA_E_5858694,1,pstn,A11
LA_E_5858819,1,pstn,A09
LA_E_5858821,1,opus,A10
LA_E_5858829,1,gsm,A13
LA_E_5859198,1,pstn,A08
LA_E_5859277,1,pstn,A18
LA_E_5859479,1,ulaw,A17
LA_E_5859592,1,pstn,A09
LA_E_5859844,1,gsm,A13
LA_E_5860018,1,alaw,A16
LA_E_5860686,1,g722,A16
LA_E_5860852,0,pstn,bonafide
LA_E_5860863,1,none,A16
LA_E_5860888,1,gsm,A10
LA_E_5861208,1,pstn,A08
LA_E_5861279,0,gsm,bonafide
LA_E_5861504,1,alaw,A18
LA_E_5862371,1,opus,A09
LA_E_5862417,1,pstn,A17
LA_E_5862467,1,ulaw,A07
LA_E_5863291,1,alaw,A07
LA_E_5863333,1,alaw,A09
LA_E_5863554,1,g722,A15
LA_E_5864063,1,ulaw,A10
LA_E_5864109,1,gsm,A09
LA_E_5864315,1,alaw,A19
LA_E_5864648,1,alaw,A07
LA_E_5864708,1,alaw,A17
LA_E_5864825,1,g722,A07
LA_E_5864949,0,ulaw,bonafide
LA_E_5864994,1,opus,A13
LA_E_5865086,1,ulaw,A15
LA_E_5865534,1,opus,A15
LA_E_5865684,1,gsm,A18
LA_E_5865918,1,none,A17
LA_E_5865964,1,g722,A11
LA_E_5866423,1,pstn,A15
LA_E_5866601,1,alaw,A16
LA_E_5867306,1,alaw,A10
LA_E_5867421,1,gsm,A14
LA_E_5867958,1,none,A10
LA_E_5867999,1,none,A09
LA_E_5868095,1,gsm,A08
LA_E_5868410,1,ulaw,A18
LA_E_5868466,1,ulaw,A14
LA_E_5868650,1,ulaw,A12
LA_E_5869003,1,ulaw,A15
LA_E_5869406,1,gsm,A18
LA_E_5869494,1,opus,A16
LA_E_5869663,1,none,A07
LA_E_5869765,1,gsm,A18
LA_E_5869787,0,pstn,bonafide
LA_E_5870223,1,g722,A12
LA_E_5870685,1,g722,A18
LA_E_5871397,1,opus,A15
LA_E_5871414,1,alaw,A19
LA_E_5871578,1,ulaw,A14
LA_E_5872382,0,opus,bonafide
LA_E_5872570,1,ulaw,A12
LA_E_5873021,1,gsm,A18
LA_E_5873062,1,g722,A15
LA_E_5873303,0,alaw,bonafide
LA_E_5873445,1,opus,A19
LA_E_5874419,1,opus,A12
LA_E_5874717,1,none,A08
LA_E_5875077,1,g722,A09
LA_E_5875618,1,opus,A08
LA_E_5875743,1,opus,A10
LA_E_5875970,1,none,A12
LA_E_5876277,1,ulaw,A18
LA_E_5877074,1,alaw,A17
LA_E_5877543,1,opus,A18
LA_E_5878143,1,gsm,A12
LA_E_5878597,1,pstn,A12
LA_E_5879009,1,gsm,A12
LA_E_5879140,1,ulaw,A12
LA_E_5879363,1,alaw,A17
LA_E_5879373,1,none,A08
LA_E_5879680,1,ulaw,A09
LA_E_5880152,1,ulaw,A07
LA_E_5880439,1,ulaw,A07
LA_E_5880938,0,alaw,bonafide
LA_E_5881174,1,none,A19
LA_E_5881575,1,alaw,A13
LA_E_5881608,1,g722,A08
LA_E_5881949,1,alaw,A15
LA_E_5882146,1,gsm,A14
LA_E_5882674,1,gsm,A09
LA_E_5883262,1,g722,A10
LA_E_5883297,0,opus,bonafide
LA_E_5883317,0,gsm,bonafide
LA_E_5884230,1,pstn,A16
LA_E_5884515,1,opus,A19
LA_E_5884767,1,g722,A18
LA_E_5884871,1,pstn,A08
LA_E_5884951,1,gsm,A18
LA_E_5885002,1,ulaw,A10
LA_E_5887214,1,g722,A19
LA_E_5887392,1,pstn,A09
LA_E_5887827,1,g722,A17
LA_E_5888057,1,pstn,A18
LA_E_5889137,1,opus,A19
LA_E_5889348,1,none,A10
LA_E_5889801,1,ulaw,A09
LA_E_5890336,1,opus,A10
LA_E_5890390,0,pstn,bonafide
LA_E_5890477,1,g722,A16
LA_E_5890857,1,gsm,A07
LA_E_5891398,1,g722,A14
LA_E_5891431,1,none,A16
LA_E_5892071,1,ulaw,A19
LA_E_5892901,1,gsm,A14
LA_E_5893714,1,none,A13
LA_E_5893941,1,ulaw,A09
LA_E_5894205,1,gsm,A17
LA_E_5894438,1,g722,A10
LA_E_5894745,1,ulaw,A07
LA_E_5894795,1,g722,A09
LA_E_5894856,1,gsm,A16
LA_E_5895248,1,opus,A13
LA_E_5895755,1,alaw,A12
LA_E_5896021,1,none,A16
LA_E_5896207,1,g722,A13
LA_E_5896460,0,opus,bonafide
LA_E_5896531,1,ulaw,A17
LA_E_5897114,1,gsm,A12
LA_E_5897399,1,gsm,A14
LA_E_5897413,1,gsm,A15
LA_E_5897494,1,gsm,A10
LA_E_5897779,1,alaw,A18
LA_E_5898240,0,pstn,bonafide
LA_E_5898310,1,gsm,A09
LA_E_5898453,1,ulaw,A12
LA_E_5898838,1,gsm,A19
LA_E_5898839,1,gsm,A14
LA_E_5899033,1,opus,A15
LA_E_5899283,1,gsm,A08
LA_E_5899549,0,ulaw,bonafide
LA_E_5900191,1,pstn,A16
LA_E_5900234,1,g722,A15
LA_E_5900550,1,pstn,A15
LA_E_5900643,1,opus,A14
LA_E_5900780,1,opus,A13
LA_E_5901437,1,none,A12
LA_E_5902138,1,pstn,A09
LA_E_5902319,1,opus,A07
LA_E_5902514,0,alaw,bonafide
LA_E_5902521,1,opus,A15
LA_E_5902631,1,alaw,A16
LA_E_5902724,1,gsm,A14
LA_E_5902820,0,opus,bonafide
LA_E_5903246,1,alaw,A15
LA_E_5903301,1,g722,A08
LA_E_5903304,1,opus,A13
LA_E_5903524,0,alaw,bonafide
LA_E_5903626,1,alaw,A17
LA_E_5904627,1,ulaw,A10
LA_E_5905882,1,pstn,A09
LA_E_5906006,1,gsm,A11
LA_E_5906495,1,g722,A12
LA_E_5907176,1,gsm,A19
LA_E_5907444,1,pstn,A11
LA_E_5907568,0,none,bonafide
LA_E_5907846,1,g722,A08
LA_E_5908409,0,none,bonafide
LA_E_5908770,1,alaw,A14
LA_E_5909450,1,ulaw,A15
LA_E_5909454,0,none,bonafide
LA_E_5909778,1,none,A13
LA_E_5911522,1,gsm,A18
LA_E_5911764,1,gsm,A18
LA_E_5911805,1,ulaw,A07
LA_E_5912955,1,g722,A12
LA_E_5913045,1,opus,A09
LA_E_5913370,1,gsm,A13
LA_E_5913385,1,none,A11
LA_E_5913464,1,ulaw,A15
LA_E_5913769,1,pstn,A15
LA_E_5914502,1,alaw,A07
LA_E_5914732,1,ulaw,A17
LA_E_5915243,1,gsm,A17
LA_E_5915453,1,gsm,A10
LA_E_5915785,1,g722,A19
LA_E_5916135,1,ulaw,A07
LA_E_5916678,1,opus,A17
LA_E_5917400,1,pstn,A13
LA_E_5917802,1,none,A17
LA_E_5917879,0,ulaw,bonafide
LA_E_5917988,1,gsm,A14
LA_E_5918024,1,none,A11
LA_E_5919025,1,opus,A16
LA_E_5919202,1,alaw,A13
LA_E_5920155,1,gsm,A13
LA_E_5920392,1,ulaw,A08
LA_E_5920657,1,ulaw,A17
LA_E_5921700,1,ulaw,A08
LA_E_5922112,1,none,A14
LA_E_5922261,1,gsm,A19
LA_E_5922495,1,gsm,A07
LA_E_5922588,1,none,A14
LA_E_5923720,1,g722,A09
LA_E_5924462,0,none,bonafide
LA_E_5924751,1,g722,A13
LA_E_5924905,1,pstn,A19
LA_E_5925473,1,ulaw,A19
LA_E_5925606,1,ulaw,A08
LA_E_5925858,1,none,A11
LA_E_5925870,1,alaw,A09
LA_E_5926020,1,ulaw,A12
LA_E_5926114,1,ulaw,A13
LA_E_5926177,1,pstn,A17
LA_E_5926439,1,g722,A14
LA_E_5926498,1,opus,A12
LA_E_5926543,1,ulaw,A11
LA_E_5926719,0,gsm,bonafide
LA_E_5926734,1,g722,A07
LA_E_5926981,1,none,A16
LA_E_5927437,1,none,A10
LA_E_5927867,1,alaw,A12
LA_E_5927899,1,gsm,A11
LA_E_5928445,1,ulaw,A08
LA_E_5928823,1,none,A12
LA_E_5929052,1,gsm,A17
LA_E_5929340,0,opus,bonafide
LA_E_5929721,1,ulaw,A17
LA_E_5929864,0,g722,bonafide
LA_E_5930238,1,gsm,A14
LA_E_5930475,1,opus,A10
LA_E_5930596,1,opus,A14
LA_E_5931188,1,ulaw,A16
LA_E_5931218,1,ulaw,A12
LA_E_5931595,1,opus,A12
LA_E_5931711,1,pstn,A14
LA_E_5932133,1,alaw,A16
LA_E_5932283,1,opus,A13
LA_E_5932367,1,opus,A12
LA_E_5933083,1,g722,A13
LA_E_5933379,1,alaw,A09
LA_E_5933507,1,pstn,A12
LA_E_5933815,1,gsm,A16
LA_E_5933993,0,gsm,bonafide
LA_E_5934651,1,gsm,A19
LA_E_5934719,1,ulaw,A09
LA_E_5934946,1,pstn,A17
LA_E_5935307,1,alaw,A07
LA_E_5935586,1,gsm,A08
LA_E_5935779,1,opus,A10
LA_E_5936134,0,g722,bonafide
LA_E_5936858,1,none,A14
LA_E_5937341,1,gsm,A07
LA_E_5939592,1,gsm,A18
LA_E_5939814,0,none,bonafide
LA_E_5940045,1,g722,A11
LA_E_5940274,1,pstn,A07
LA_E_5940355,1,g722,A16
LA_E_5940811,1,gsm,A08
LA_E_5940935,1,gsm,A12
LA_E_5941183,1,alaw,A17
LA_E_5941308,1,ulaw,A12
LA_E_5942437,1,opus,A16
LA_E_5942576,1,gsm,A15
LA_E_5942620,1,none,A14
LA_E_5942889,1,opus,A17
LA_E_5942904,1,none,A18
LA_E_5943678,1,pstn,A11
LA_E_5943687,1,none,A15
LA_E_5944128,1,opus,A14
LA_E_5944601,1,gsm,A18
LA_E_5944949,1,ulaw,A09
LA_E_5944962,1,none,A17
LA_E_5945322,0,none,bonafide
LA_E_5945415,0,pstn,bonafide
LA_E_5945648,1,ulaw,A09
LA_E_5946303,1,opus,A16
LA_E_5946397,1,ulaw,A15
LA_E_5946676,1,pstn,A10
LA_E_5946917,1,none,A14
LA_E_5947131,1,opus,A08
LA_E_5947627,1,g722,A14
LA_E_5947752,1,opus,A13
LA_E_5948246,1,gsm,A16
LA_E_5949119,1,gsm,A08
LA_E_5949519,1,none,A18
LA_E_5949623,1,g722,A14
LA_E_5949877,1,ulaw,A10
LA_E_5949988,1,ulaw,A17
LA_E_5950094,0,alaw,bonafide
LA_E_5950860,1,ulaw,A15
LA_E_5950918,1,alaw,A08
LA_E_5951177,1,gsm,A07
LA_E_5951304,1,opus,A08
LA_E_5951680,1,pstn,A08
LA_E_5951935,0,none,bonafide
LA_E_5951951,1,pstn,A12
LA_E_5952124,1,g722,A17
LA_E_5952431,1,alaw,A11
LA_E_5952724,1,gsm,A08
LA_E_5953288,1,alaw,A13
LA_E_5953402,1,ulaw,A17
LA_E_5953483,0,ulaw,bonafide
LA_E_5953551,1,gsm,A13
LA_E_5953789,1,alaw,A14
LA_E_5954520,1,ulaw,A17
LA_E_5955026,1,ulaw,A15
LA_E_5955077,1,opus,A13
LA_E_5955098,1,pstn,A19
LA_E_5955144,1,opus,A09
LA_E_5955214,1,opus,A08
LA_E_5955595,0,alaw,bonafide
LA_E_5956499,1,gsm,A14
LA_E_5957004,0,gsm,bonafide
LA_E_5957057,0,gsm,bonafide
LA_E_5957328,1,ulaw,A17
LA_E_5957840,1,opus,A13
LA_E_5957877,0,pstn,bonafide
LA_E_5958728,1,gsm,A17
LA_E_5958764,0,opus,bonafide
LA_E_5959171,1,alaw,A17
LA_E_5959678,1,gsm,A13
LA_E_5960072,1,none,A09
LA_E_5960147,1,g722,A14
LA_E_5960244,1,gsm,A10
LA_E_5961056,1,pstn,A14
LA_E_5961705,1,pstn,A18
LA_E_5962334,1,gsm,A13
LA_E_5962486,1,alaw,A09
LA_E_5962503,1,ulaw,A19
LA_E_5962651,1,opus,A18
LA_E_5963332,1,pstn,A17
LA_E_5964082,0,g722,bonafide
LA_E_5964385,1,ulaw,A12
LA_E_5964465,1,alaw,A08
LA_E_5964501,1,alaw,A16
LA_E_5964846,0,ulaw,bonafide
LA_E_5965476,1,opus,A19
LA_E_5965959,0,g722,bonafide
LA_E_5966508,1,gsm,A15
LA_E_5967234,1,gsm,A08
LA_E_5967325,1,opus,A09
LA_E_5967373,1,ulaw,A12
LA_E_5967803,1,ulaw,A17
LA_E_5968240,1,pstn,A17
LA_E_5968351,1,alaw,A10
LA_E_5969465,1,none,A07
LA_E_5969667,1,none,A18
LA_E_5970515,1,g722,A08
LA_E_5970539,1,g722,A12
LA_E_5970813,1,none,A16
LA_E_5970900,1,gsm,A10
LA_E_5970947,1,opus,A19
LA_E_5971099,1,ulaw,A17
LA_E_5971241,1,alaw,A08
LA_E_5971268,0,ulaw,bonafide
LA_E_5971393,1,opus,A12
LA_E_5971657,1,gsm,A07
LA_E_5971685,1,gsm,A12
LA_E_5971901,1,gsm,A12
LA_E_5972056,1,gsm,A12
LA_E_5972396,1,ulaw,A18
LA_E_5973327,1,none,A18
LA_E_5973503,1,g722,A17
LA_E_5973573,1,opus,A10
LA_E_5973774,0,pstn,bonafide
LA_E_5974043,1,pstn,A11
LA_E_5974515,1,pstn,A13
LA_E_5974654,0,ulaw,bonafide
LA_E_5974691,1,opus,A08
LA_E_5974992,1,pstn,A11
LA_E_5975218,1,ulaw,A08
LA_E_5975233,1,ulaw,A17
LA_E_5975422,1,gsm,A10
LA_E_5975765,1,gsm,A15
LA_E_5976236,1,ulaw,A08
LA_E_5976486,1,none,A11
LA_E_5976626,1,none,A09
LA_E_5976729,1,gsm,A18
LA_E_5977259,1,none,A10
LA_E_5977361,1,alaw,A12
LA_E_5977863,1,ulaw,A10
LA_E_5978839,1,gsm,A09
LA_E_5979441,1,none,A17
LA_E_5980294,1,pstn,A07
LA_E_5980382,1,opus,A14
LA_E_5980649,1,opus,A19
LA_E_5980824,1,alaw,A12
LA_E_5981267,1,pstn,A10
LA_E_5982672,1,gsm,A18
LA_E_5983366,1,opus,A12
LA_E_5984045,1,alaw,A18
LA_E_5984101,1,g722,A18
LA_E_5984620,1,opus,A15
LA_E_5984654,1,gsm,A09
LA_E_5984966,1,none,A14
LA_E_5985070,1,pstn,A10
LA_E_5985173,1,opus,A11
LA_E_5985599,1,none,A16
LA_E_5986009,1,g722,A07
LA_E_5986587,1,pstn,A11
LA_E_5986591,1,alaw,A11
LA_E_5986593,1,ulaw,A10
LA_E_5986714,1,alaw,A07
LA_E_5987006,1,opus,A15
LA_E_5987104,0,pstn,bonafide
LA_E_5988233,1,gsm,A14
LA_E_5988455,1,gsm,A16
LA_E_5989183,1,opus,A14
LA_E_5989505,0,g722,bonafide
LA_E_5989758,1,alaw,A19
LA_E_5990079,1,alaw,A16
LA_E_5990245,1,g722,A08
LA_E_5990498,0,opus,bonafide
LA_E_5990647,1,opus,A17
LA_E_5990727,1,ulaw,A09
LA_E_5990814,1,gsm,A19
LA_E_5991291,1,gsm,A12
LA_E_5991471,1,g722,A09
LA_E_5991487,1,ulaw,A13
LA_E_5991531,1,gsm,A10
LA_E_5991652,1,ulaw,A10
LA_E_5991918,1,alaw,A12
LA_E_5992622,1,none,A07
LA_E_5993240,1,gsm,A12
LA_E_5995117,1,gsm,A09
LA_E_5995449,1,pstn,A12
LA_E_5996629,1,ulaw,A12
LA_E_5996979,1,gsm,A17
LA_E_5997305,1,g722,A15
LA_E_5997468,1,ulaw,A11
LA_E_5997682,1,pstn,A09
LA_E_5997698,1,pstn,A11
LA_E_5997946,1,opus,A16
LA_E_5998194,1,alaw,A07
LA_E_5998227,1,opus,A07
LA_E_5998405,1,gsm,A08
LA_E_5998721,1,ulaw,A14
LA_E_5998946,1,ulaw,A07
LA_E_5999472,1,ulaw,A08
LA_E_5999494,1,opus,A14
LA_E_6000779,1,g722,A13
LA_E_6001694,1,ulaw,A11
LA_E_6002573,1,ulaw,A13
LA_E_6002609,1,gsm,A16
LA_E_6003412,1,none,A16
LA_E_6003495,1,pstn,A11
LA_E_6003583,0,none,bonafide
LA_E_6003599,1,pstn,A11
LA_E_6004131,1,g722,A11
LA_E_6004190,1,opus,A17
LA_E_6005840,1,gsm,A12
LA_E_6005886,1,alaw,A18
LA_E_6005887,1,g722,A16
LA_E_6006488,1,none,A16
LA_E_6006740,1,opus,A11
LA_E_6007091,1,opus,A11
LA_E_6007293,1,ulaw,A18
LA_E_6007296,1,gsm,A10
LA_E_6007681,0,pstn,bonafide
LA_E_6009640,0,gsm,bonafide
LA_E_6011354,1,opus,A11
LA_E_6011923,1,gsm,A07
LA_E_6012114,1,opus,A08
LA_E_6012267,1,none,A13
LA_E_6012541,1,ulaw,A08
LA_E_6012805,1,pstn,A16
LA_E_6013184,0,gsm,bonafide
LA_E_6014238,1,gsm,A15
LA_E_6014560,1,opus,A11
LA_E_6014936,1,gsm,A13
LA_E_6014946,1,ulaw,A13
LA_E_6015232,1,pstn,A07
LA_E_6016573,1,ulaw,A09
LA_E_6016587,1,pstn,A17
LA_E_6016710,1,none,A13
LA_E_6017068,1,none,A07
LA_E_6017618,1,opus,A19
LA_E_6018481,0,none,bonafide
LA_E_6018673,1,gsm,A09
LA_E_6018978,1,g722,A16
LA_E_6019163,1,pstn,A14
LA_E_6019372,1,ulaw,A07
LA_E_6019559,0,alaw,bonafide
LA_E_6020011,1,ulaw,A11
LA_E_6020132,1,alaw,A17
LA_E_6020416,1,g722,A14
LA_E_6020912,1,none,A18
LA_E_6021607,1,opus,A08
LA_E_6021986,1,alaw,A17
LA_E_6022023,1,ulaw,A18
LA_E_6022558,1,opus,A12
LA_E_6022713,1,ulaw,A09
LA_E_6023302,1,gsm,A11
LA_E_6023429,1,gsm,A16
LA_E_6023461,1,opus,A13
LA_E_6023655,1,g722,A18
LA_E_6023807,1,ulaw,A19
LA_E_6024256,1,none,A12
LA_E_6024706,1,opus,A12
LA_E_6024834,1,opus,A17
LA_E_6024962,1,gsm,A16
LA_E_6025132,1,pstn,A08
LA_E_6025195,1,pstn,A09
LA_E_6026594,1,alaw,A19
LA_E_6027196,1,alaw,A14
LA_E_6027286,1,alaw,A08
LA_E_6027368,1,alaw,A18
LA_E_6027401,0,pstn,bonafide
LA_E_6027940,1,alaw,A16
LA_E_6028276,1,gsm,A09
LA_E_6028543,1,opus,A12
LA_E_6028555,0,opus,bonafide
LA_E_6028671,1,ulaw,A18
LA_E_6028921,1,opus,A18
LA_E_6028996,1,pstn,A19
LA_E_6029038,1,pstn,A17
LA_E_6030414,1,opus,A15
LA_E_6030807,1,gsm,A18
LA_E_6031227,1,opus,A14
LA_E_6031436,1,ulaw,A16
LA_E_6031790,1,alaw,A14
LA_E_6032300,1,none,A16
LA_E_6032562,1,ulaw,A07
LA_E_6033134,1,ulaw,A19
LA_E_6033755,1,ulaw,A10
LA_E_6034591,0,ulaw,bonafide
LA_E_6034866,1,opus,A19
LA_E_6035456,1,opus,A09
LA_E_6035590,1,g722,A13
LA_E_6035596,1,gsm,A10
LA_E_6035619,1,gsm,A08
LA_E_6035773,1,ulaw,A18
LA_E_6036254,0,alaw,bonafide
LA_E_6036266,1,pstn,A10
LA_E_6036329,1,alaw,A07
LA_E_6036398,1,ulaw,A07
LA_E_6036918,0,none,bonafide
LA_E_6036994,1,gsm,A19
LA_E_6037209,0,pstn,bonafide
LA_E_6037278,1,none,A16
LA_E_6037406,1,g722,A16
LA_E_6037469,1,alaw,A11
LA_E_6038572,1,ulaw,A19
LA_E_6038731,1,opus,A17
LA_E_6038995,1,gsm,A15
LA_E_6039001,1,pstn,A19
LA_E_6039223,1,opus,A15
LA_E_6039297,1,opus,A19
LA_E_6039492,1,pstn,A09
LA_E_6040340,1,opus,A15
LA_E_6040761,1,none,A16
LA_E_6040864,1,gsm,A16
LA_E_6041203,1,pstn,A19
LA_E_6041361,0,none,bonafide
LA_E_6041497,1,ulaw,A19
LA_E_6041727,1,gsm,A07
LA_E_6042249,1,opus,A18
LA_E_6042683,1,alaw,A17
LA_E_6043356,1,opus,A11
LA_E_6043586,1,g722,A18
LA_E_6043603,1,alaw,A13
LA_E_6044520,1,gsm,A12
LA_E_6045101,1,alaw,A09
LA_E_6045217,1,alaw,A11
LA_E_6045448,1,none,A19
LA_E_6045594,1,alaw,A18
LA_E_6045964,0,pstn,bonafide
LA_E_6046580,1,opus,A11
LA_E_6046653,1,pstn,A08
LA_E_6046726,1,opus,A16
LA_E_6047047,1,ulaw,A11
LA_E_6047678,0,none,bonafide
LA_E_6048219,0,alaw,bonafide
LA_E_6049048,1,g722,A14
LA_E_6049445,1,opus,A10
LA_E_6050598,1,pstn,A11
LA_E_6051046,1,g722,A17
LA_E_6051509,1,ulaw,A07
LA_E_6051574,1,ulaw,A08
LA_E_6051764,1,opus,A09
LA_E_6052245,1,none,A14
LA_E_6052258,0,pstn,bonafide
LA_E_6052491,1,ulaw,A19
LA_E_6053918,1,opus,A07
LA_E_6054119,1,alaw,A17
LA_E_6054187,1,ulaw,A14
LA_E_6054684,1,gsm,A09
LA_E_6055105,1,opus,A10
LA_E_6055390,0,none,bonafide
LA_E_6055973,1,ulaw,A09
LA_E_6056234,1,g722,A10
LA_E_6056251,0,ulaw,bonafide
LA_E_6056419,1,none,A16
LA_E_6056556,1,opus,A15
LA_E_6056809,1,g722,A16
LA_E_6057321,1,ulaw,A15
LA_E_6057896,1,alaw,A09
LA_E_6058429,0,ulaw,bonafide
LA_E_6058486,1,ulaw,A07
LA_E_6058712,1,none,A15
LA_E_6058833,1,ulaw,A19
LA_E_6059368,1,alaw,A15
LA_E_6060482,1,gsm,A15
LA_E_6060796,1,gsm,A16
LA_E_6060844,1,g722,A15
LA_E_6061341,0,pstn,bonafide
LA_E_6061568,0,gsm,bonafide
LA_E_6061608,1,opus,A11
LA_E_6061646,1,gsm,A14
LA_E_6062554,1,pstn,A11
LA_E_6062755,1,opus,A17
LA_E_6063220,1,g722,A14
LA_E_6063452,1,opus,A07
LA_E_6063460,1,g722,A13
LA_E_6064001,1,opus,A09
LA_E_6064236,1,alaw,A09
LA_E_6064348,1,pstn,A18
LA_E_6064840,1,g722,A12
LA_E_6065203,1,ulaw,A07
LA_E_6066162,1,opus,A16
LA_E_6066485,0,none,bonafide
LA_E_6066815,1,ulaw,A13
LA_E_6066996,1,none,A07
LA_E_6067180,1,g722,A16
LA_E_6067346,1,pstn,A18
LA_E_6067628,1,gsm,A19
LA_E_6067724,1,ulaw,A19
LA_E_6068416,1,opus,A09
LA_E_6068761,1,none,A16
LA_E_6069544,1,gsm,A17
LA_E_6069959,1,gsm,A19
LA_E_6070855,1,gsm,A12
LA_E_6070900,1,ulaw,A17
LA_E_6071854,1,none,A11
LA_E_6071861,1,none,A18
LA_E_6072447,1,opus,A07
LA_E_6072507,1,g722,A10
LA_E_6072568,1,g722,A19
LA_E_6072761,1,pstn,A08
LA_E_6073048,1,pstn,A15
LA_E_6073505,1,opus,A18
LA_E_6074077,1,pstn,A14
LA_E_6074497,1,gsm,A09
LA_E_6074681,1,gsm,A17
LA_E_6075212,1,gsm,A09
LA_E_6075600,1,gsm,A18
LA_E_6076409,1,pstn,A19
LA_E_6076709,1,ulaw,A09
LA_E_6076847,1,opus,A17
LA_E_6077576,0,none,bonafide
LA_E_6077798,1,none,A19
LA_E_6077997,1,ulaw,A08
LA_E_6078860,1,alaw,A16
LA_E_6078990,1,gsm,A17
LA_E_6079121,1,none,A13
LA_E_6079572,1,alaw,A10
LA_E_6080497,0,alaw,bonafide
LA_E_6080875,1,alaw,A15
LA_E_6080994,1,none,A13
LA_E_6081135,1,opus,A14
LA_E_6081137,1,none,A14
LA_E_6081425,1,none,A08
LA_E_6081535,1,pstn,A16
LA_E_6081845,1,pstn,A17
LA_E_6082531,1,alaw,A17
LA_E_6083022,1,none,A08
LA_E_6083039,1,none,A19
LA_E_6083429,1,g722,A18
LA_E_6083894,1,alaw,A11
LA_E_6083986,1,none,A11
LA_E_6084325,0,none,bonafide
LA_E_6085390,1,g722,A19
LA_E_6087243,1,alaw,A15
LA_E_6087365,1,ulaw,A14
LA_E_6088437,1,opus,A18
LA_E_6088747,0,ulaw,bonafide
LA_E_6089011,1,gsm,A09
LA_E_6089343,0,none,bonafide
LA_E_6089514,1,ulaw,A07
LA_E_6089953,1,pstn,A19
LA_E_6090170,1,pstn,A16
LA_E_6091198,1,pstn,A17
LA_E_6091247,1,none,A10
LA_E_6091357,0,alaw,bonafide
LA_E_6091830,1,alaw,A09
LA_E_6092907,1,pstn,A07
LA_E_6092982,1,gsm,A13
LA_E_6093027,0,opus,bonafide
LA_E_6093078,1,gsm,A12
LA_E_6093798,1,g722,A19
LA_E_6094402,0,gsm,bonafide
LA_E_6094657,1,opus,A15
LA_E_6094670,1,gsm,A12
LA_E_6095131,1,opus,A08
LA_E_6095748,1,ulaw,A17
LA_E_6095757,1,ulaw,A14
LA_E_6096259,1,gsm,A13
LA_E_6097081,1,alaw,A17
LA_E_6097104,1,opus,A10
LA_E_6097219,1,pstn,A14
LA_E_6097334,1,gsm,A09
LA_E_6098923,1,alaw,A12
LA_E_6099053,1,none,A10
LA_E_6100310,1,alaw,A16
LA_E_6100330,1,ulaw,A18
LA_E_6100651,1,gsm,A12
LA_E_6100935,1,pstn,A16
LA_E_6101189,1,pstn,A11
LA_E_6101212,1,g722,A12
LA_E_6101468,1,gsm,A11
LA_E_6101578,1,pstn,A09
LA_E_6102122,0,pstn,bonafide
LA_E_6102877,1,none,A17
LA_E_6103041,1,pstn,A07
LA_E_6103079,1,opus,A13
LA_E_6103472,1,opus,A18
LA_E_6103508,1,ulaw,A14
LA_E_6103891,1,opus,A11
LA_E_6103975,1,pstn,A18
LA_E_6104229,1,ulaw,A19
LA_E_6105055,1,none,A15
LA_E_6105084,1,pstn,A15
LA_E_6105406,1,gsm,A08
LA_E_6105560,1,ulaw,A17
LA_E_6106637,1,g722,A15
LA_E_6107415,1,ulaw,A09
LA_E_6107821,1,g722,A09
LA_E_6108276,1,alaw,A14
LA_E_6108370,1,pstn,A18
LA_E_6108773,0,alaw,bonafide
LA_E_6109386,1,gsm,A11
LA_E_6109877,1,pstn,A16
LA_E_6110331,1,gsm,A14
LA_E_6110611,1,g722,A16
LA_E_6110964,1,opus,A17
LA_E_6111029,1,alaw,A17
LA_E_6111909,1,pstn,A19
LA_E_6112090,1,opus,A14
LA_E_6112223,1,opus,A15
LA_E_6112531,1,ulaw,A11
LA_E_6112706,0,pstn,bonafide
LA_E_6112970,1,gsm,A16
LA_E_6113888,1,gsm,A19
LA_E_6113990,1,gsm,A09
LA_E_6114007,1,opus,A11
LA_E_6114771,1,g722,A15
LA_E_6115293,1,none,A18
LA_E_6116469,0,pstn,bonafide
LA_E_6116589,1,none,A11
LA_E_6116910,1,alaw,A19
LA_E_6116951,1,pstn,A15
LA_E_6117561,1,gsm,A16
LA_E_6118193,1,pstn,A16
LA_E_6118631,1,pstn,A13
LA_E_6119634,1,opus,A08
LA_E_6119661,1,pstn,A09
LA_E_6119758,1,opus,A11
LA_E_6120457,0,alaw,bonafide
LA_E_6120702,1,none,A10
LA_E_6120863,1,gsm,A11
LA_E_6121330,1,pstn,A19
LA_E_6122951,1,none,A13
LA_E_6123201,1,none,A12
LA_E_6123205,1,gsm,A08
LA_E_6123211,1,ulaw,A14
LA_E_6123767,1,pstn,A12
LA_E_6124180,1,alaw,A14
LA_E_6124490,1,pstn,A17
LA_E_6125294,1,gsm,A17
LA_E_6125343,1,ulaw,A08
LA_E_6126537,1,ulaw,A12
LA_E_6126597,0,g722,bonafide
LA_E_6126880,1,ulaw,A18
LA_E_6127377,0,gsm,bonafide
LA_E_6127728,1,gsm,A13
LA_E_6127796,1,g722,A16
LA_E_6127808,1,ulaw,A15
LA_E_6128084,1,pstn,A08
LA_E_6128406,1,ulaw,A08
LA_E_6128751,0,gsm,bonafide
LA_E_6129037,1,gsm,A14
LA_E_6129344,1,gsm,A14
LA_E_6129605,1,g722,A18
LA_E_6129739,1,pstn,A12
LA_E_6130423,1,alaw,A09
LA_E_6130636,0,gsm,bonafide
LA_E_6130736,1,alaw,A14
LA_E_6130939,0,g722,bonafide
LA_E_6131094,1,gsm,A09
LA_E_6131360,1,opus,A19
LA_E_6131383,1,opus,A12
LA_E_6131990,1,ulaw,A11
LA_E_6132174,1,opus,A09
LA_E_6132278,1,gsm,A15
LA_E_6132364,1,none,A09
LA_E_6132674,1,gsm,A12
LA_E_6133199,0,ulaw,bonafide
LA_E_6134104,1,ulaw,A15
LA_E_6135459,1,alaw,A10
LA_E_6135954,1,g722,A10
LA_E_6136044,1,ulaw,A17
LA_E_6136063,1,gsm,A17
LA_E_6136610,1,gsm,A07
LA_E_6136822,1,gsm,A16
LA_E_6137061,1,g722,A10
LA_E_6137440,1,gsm,A11
LA_E_6137962,1,gsm,A07
LA_E_6138768,1,opus,A08
LA_E_6138885,1,opus,A11
LA_E_6139395,1,none,A15
LA_E_6140009,1,ulaw,A11
LA_E_6140111,1,none,A08
LA_E_6140494,1,gsm,A07
LA_E_6140834,1,g722,A12
LA_E_6141390,1,opus,A13
LA_E_6141743,0,gsm,bonafide
LA_E_6142166,1,ulaw,A16
LA_E_6142435,1,ulaw,A14
LA_E_6143629,1,pstn,A10
LA_E_6143955,1,alaw,A16
LA_E_6144127,1,ulaw,A13
LA_E_6144136,1,pstn,A09
LA_E_6144662,1,none,A19
LA_E_6144703,1,pstn,A16
LA_E_6144995,1,ulaw,A10
LA_E_6145122,1,ulaw,A17
LA_E_6145293,1,opus,A08
LA_E_6145322,1,alaw,A08
LA_E_6147249,0,none,bonafide
LA_E_6147839,1,alaw,A14
LA_E_6148042,1,ulaw,A12
LA_E_6148093,1,pstn,A08
LA_E_6148306,1,alaw,A11
LA_E_6148640,1,ulaw,A16
LA_E_6148707,1,alaw,A09
LA_E_6148786,1,gsm,A14
LA_E_6149207,0,gsm,bonafide
LA_E_6149934,1,opus,A11
LA_E_6150344,1,none,A14
LA_E_6150539,0,none,bonafide
LA_E_6150781,0,pstn,bonafide
LA_E_6151143,1,gsm,A15
LA_E_6151179,1,ulaw,A14
LA_E_6151935,1,ulaw,A12
LA_E_6152014,1,g722,A07
LA_E_6152195,1,gsm,A17
LA_E_6152458,1,opus,A18
LA_E_6152991,1,ulaw,A18
LA_E_6153039,1,opus,A10
LA_E_6153359,1,opus,A16
LA_E_6153544,1,opus,A08
LA_E_6153567,0,g722,bonafide
LA_E_6154243,1,none,A17
LA_E_6155312,1,gsm,A18
LA_E_6155764,1,opus,A16
LA_E_6156200,0,g722,bonafide
LA_E_6156434,1,opus,A13
LA_E_6156482,1,ulaw,A17
LA_E_6156515,1,ulaw,A12
LA_E_6156880,1,none,A14
LA_E_6156962,1,pstn,A17
LA_E_6157136,1,opus,A13
LA_E_6157301,1,gsm,A16
LA_E_6157335,1,opus,A07
LA_E_6157628,1,ulaw,A07
LA_E_6158093,1,g722,A19
LA_E_6158191,1,gsm,A15
LA_E_6158199,1,pstn,A14
LA_E_6158552,1,pstn,A17
LA_E_6158699,1,ulaw,A11
LA_E_6158822,0,g722,bonafide
LA_E_6158977,1,opus,A18
LA_E_6159978,1,g722,A10
LA_E_6160060,1,none,A14
LA_E_6161105,1,opus,A13
LA_E_6161218,1,g722,A16
LA_E_6161295,1,gsm,A16
LA_E_6161481,1,opus,A17
LA_E_6161552,1,pstn,A19
LA_E_6162519,1,ulaw,A15
LA_E_6162729,1,alaw,A07
LA_E_6163104,1,ulaw,A18
LA_E_6163731,1,ulaw,A16
LA_E_6163742,0,alaw,bonafide
LA_E_6163890,1,opus,A11
LA_E_6163950,0,alaw,bonafide
LA_E_6164222,1,none,A12
LA_E_6164501,1,none,A12
LA_E_6164767,1,gsm,A16
LA_E_6165712,1,ulaw,A11
LA_E_6166112,0,alaw,bonafide
LA_E_6166195,1,gsm,A07
LA_E_6166275,0,opus,bonafide
LA_E_6166676,1,gsm,A17
LA_E_6166845,1,opus,A07
LA_E_6166947,0,pstn,bonafide
LA_E_6167247,1,alaw,A19
LA_E_6167407,1,g722,A16
LA_E_6168567,1,ulaw,A10
LA_E_6168832,1,ulaw,A10
LA_E_6168835,1,alaw,A11
LA_E_6168966,1,g722,A17
LA_E_6169319,1,g722,A08
LA_E_6169828,1,gsm,A09
LA_E_6169848,1,ulaw,A17
LA_E_6170087,1,gsm,A19
LA_E_6170221,1,g722,A09
LA_E_6170445,1,ulaw,A13
LA_E_6170499,1,g722,A12
LA_E_6170840,1,gsm,A16
LA_E_6170844,1,none,A10
LA_E_6171703,1,opus,A07
LA_E_6171990,1,alaw,A10
LA_E_6172177,1,alaw,A16
LA_E_6172882,1,alaw,A18
LA_E_6173478,1,ulaw,A14
LA_E_6173613,1,ulaw,A17
LA_E_6173684,1,gsm,A08
LA_E_6173712,1,ulaw,A17
LA_E_6173729,1,ulaw,A19
LA_E_6174182,1,pstn,A16
LA_E_6174805,1,ulaw,A16
LA_E_6174974,1,gsm,A14
LA_E_6175197,1,opus,A07
LA_E_6175626,0,opus,bonafide
LA_E_6176498,1,ulaw,A16
LA_E_6176584,1,none,A08
LA_E_6176737,1,g722,A16
LA_E_6176829,0,ulaw,bonafide
LA_E_6176830,1,opus,A17
LA_E_6177225,1,pstn,A18
LA_E_6177854,0,ulaw,bonafide
LA_E_6177898,1,ulaw,A10
LA_E_6178857,1,none,A13
LA_E_6179039,1,opus,A09
LA_E_6179323,1,opus,A13
LA_E_6180474,1,opus,A11
LA_E_6180501,1,none,A18
LA_E_6180894,1,g722,A16
LA_E_6180907,1,opus,A13
LA_E_6181196,1,opus,A07
LA_E_6181296,0,g722,bonafide
LA_E_6181344,1,g722,A17
LA_E_6181454,1,ulaw,A08
LA_E_6182061,1,none,A13
LA_E_6182087,0,pstn,bonafide
LA_E_6182471,1,g722,A10
LA_E_6182861,1,none,A07
LA_E_6182942,1,gsm,A15
LA_E_6183279,1,opus,A09
LA_E_6183472,1,pstn,A10
LA_E_6183674,1,opus,A09
LA_E_6183971,1,ulaw,A09
LA_E_6185682,1,opus,A08
LA_E_6186845,1,opus,A11
LA_E_6187111,1,none,A08
LA_E_6187277,1,pstn,A18
LA_E_6187707,1,ulaw,A08
LA_E_6187925,1,g722,A11
LA_E_6188969,1,none,A17
LA_E_6189659,1,none,A18
LA_E_6191212,1,ulaw,A07
LA_E_6191274,1,opus,A16
LA_E_6191623,1,gsm,A10
LA_E_6192413,1,gsm,A17
LA_E_6193266,0,alaw,bonafide
LA_E_6193814,1,pstn,A11
LA_E_6194857,1,gsm,A07
LA_E_6194867,1,gsm,A08
LA_E_6195238,1,gsm,A18
LA_E_6195953,1,gsm,A15
LA_E_6195954,1,ulaw,A18
LA_E_6196200,1,gsm,A19
LA_E_6196230,1,gsm,A08
LA_E_6196606,0,g722,bonafide
LA_E_6197223,1,g722,A07
LA_E_6197831,1,none,A12
LA_E_6198517,1,ulaw,A13
LA_E_6198972,1,opus,A12
LA_E_6199443,1,g722,A07
LA_E_6199870,1,opus,A11
LA_E_6200686,1,pstn,A14
LA_E_6201252,1,gsm,A17
LA_E_6201396,1,ulaw,A07
LA_E_6202137,1,alaw,A15
LA_E_6202229,0,gsm,bonafide
LA_E_6202711,1,none,A07
LA_E_6202898,1,g722,A19
LA_E_6203088,1,alaw,A11
LA_E_6204273,1,opus,A10
LA_E_6204796,1,alaw,A16
LA_E_6204801,1,opus,A15
LA_E_6205171,1,pstn,A11
LA_E_6205211,1,ulaw,A07
LA_E_6206638,1,none,A11
LA_E_6207266,1,pstn,A15
LA_E_6207529,1,g722,A10
LA_E_6207955,1,none,A09
LA_E_6208817,1,gsm,A07
LA_E_6208931,1,ulaw,A13
LA_E_6208948,1,gsm,A13
LA_E_6209077,1,opus,A07
LA_E_6209343,1,ulaw,A17
LA_E_6209816,1,g722,A09
LA_E_6210545,0,gsm,bonafide
LA_E_6211080,1,opus,A16
LA_E_6211204,1,gsm,A11
LA_E_6212667,0,gsm,bonafide
LA_E_6213016,1,g722,A17
LA_E_6213191,1,opus,A16
LA_E_6213205,1,ulaw,A07
LA_E_6213772,1,gsm,A17
LA_E_6213969,1,pstn,A09
LA_E_6214069,1,ulaw,A17
LA_E_6214073,1,g722,A14
LA_E_6214259,1,pstn,A07
LA_E_6214477,1,g722,A16
LA_E_6214689,1,opus,A16
LA_E_6214821,1,ulaw,A09
LA_E_6214946,1,g722,A12
LA_E_6215138,1,ulaw,A14
LA_E_6215542,1,ulaw,A17
LA_E_6215805,1,opus,A15
LA_E_6216937,1,pstn,A11
LA_E_6217434,1,opus,A12
LA_E_6218410,1,opus,A19
LA_E_6219900,0,pstn,bonafide
LA_E_6220315,1,ulaw,A11
LA_E_6220876,1,alaw,A10
LA_E_6221042,1,opus,A13
LA_E_6221376,0,g722,bonafide
LA_E_6222115,1,g722,A16
LA_E_6222170,1,ulaw,A16
LA_E_6222421,1,opus,A13
LA_E_6222488,1,g722,A11
LA_E_6222796,1,none,A16
LA_E_6223305,1,gsm,A11
LA_E_6223793,1,opus,A12
LA_E_6224065,1,ulaw,A16
LA_E_6224200,0,pstn,bonafide
LA_E_6224629,1,g722,A19
LA_E_6224811,1,alaw,A16
LA_E_6224818,1,none,A19
LA_E_6224828,0,alaw,bonafide
LA_E_6224903,1,gsm,A07
LA_E_6225257,1,pstn,A14
LA_E_6225268,1,gsm,A10
LA_E_6225844,1,pstn,A16
LA_E_6225952,1,gsm,A12
LA_E_6226188,1,ulaw,A17
LA_E_6226534,1,pstn,A17
LA_E_6227248,1,gsm,A15
LA_E_6227268,1,g722,A09
LA_E_6227715,1,g722,A12
LA_E_6228238,1,none,A13
LA_E_6228239,1,g722,A14
LA_E_6228467,0,gsm,bonafide
LA_E_6230513,0,gsm,bonafide
LA_E_6230581,1,none,A13
LA_E_6230883,1,opus,A18
LA_E_6231513,1,opus,A17
LA_E_6231659,1,opus,A15
LA_E_6232338,1,ulaw,A13
LA_E_6232497,1,gsm,A07
LA_E_6233617,1,opus,A15
LA_E_6234383,1,opus,A11
LA_E_6234630,1,ulaw,A07
LA_E_6234855,1,none,A07
LA_E_6234952,1,none,A18
LA_E_6235064,0,opus,bonafide
LA_E_6235257,1,ulaw,A08
LA_E_6236154,0,ulaw,bonafide
LA_E_6236772,1,ulaw,A11
LA_E_6237015,1,alaw,A09
LA_E_6237053,1,pstn,A10
LA_E_6237248,1,gsm,A15
LA_E_6237819,0,pstn,bonafide
LA_E_6238119,0,ulaw,bonafide
LA_E_6238312,1,opus,A09
LA_E_6238964,1,opus,A07
LA_E_6239576,1,none,A17
LA_E_6239591,1,gsm,A15
LA_E_6240004,0,g722,bonafide
LA_E_6240072,0,gsm,bonafide
LA_E_6240663,1,ulaw,A19
LA_E_6240670,1,none,A13
LA_E_6240681,1,gsm,A07
LA_E_6241134,1,gsm,A09
LA_E_6241241,1,ulaw,A12
LA_E_6241784,1,pstn,A16
LA_E_6242287,1,gsm,A11
LA_E_6242408,1,none,A18
LA_E_6242619,1,pstn,A17
LA_E_6242647,1,none,A19
LA_E_6243132,1,g722,A15
LA_E_6243324,1,alaw,A09
LA_E_6243633,1,ulaw,A12
LA_E_6244314,0,none,bonafide
LA_E_6244927,1,gsm,A10
LA_E_6245032,1,alaw,A11
LA_E_6245153,1,none,A12
LA_E_6245478,1,ulaw,A19
LA_E_6245636,1,alaw,A17
LA_E_6246091,0,alaw,bonafide
LA_E_6246240,1,opus,A17
LA_E_6246591,0,opus,bonafide
LA_E_6247161,1,opus,A08
LA_E_6247380,1,opus,A08
LA_E_6247426,1,ulaw,A15
LA_E_6247576,1,opus,A11
LA_E_6247672,1,alaw,A10
LA_E_6247733,1,pstn,A08
LA_E_6247735,1,none,A14
LA_E_6247772,1,ulaw,A10
LA_E_6247895,1,gsm,A13
LA_E_6248567,1,gsm,A11
LA_E_6249235,1,gsm,A07
LA_E_6249616,1,opus,A07
LA_E_6249861,1,opus,A12
LA_E_6250532,1,opus,A13
LA_E_6251175,1,pstn,A12
LA_E_6251448,0,g722,bonafide
LA_E_6251498,1,g722,A13
LA_E_6251965,0,none,bonafide
LA_E_6252074,0,pstn,bonafide
LA_E_6252562,1,opus,A16
LA_E_6253639,1,opus,A19
LA_E_6254356,1,alaw,A18
LA_E_6254573,1,opus,A13
LA_E_6254691,1,gsm,A19
LA_E_6254725,1,pstn,A18
LA_E_6254736,1,gsm,A15
LA_E_6255207,1,none,A16
LA_E_6255355,1,none,A17
LA_E_6255877,1,alaw,A13
LA_E_6256229,1,alaw,A10
LA_E_6256314,1,gsm,A19
LA_E_6256711,1,opus,A15
LA_E_6256941,1,gsm,A07
LA_E_6257524,0,alaw,bonafide
LA_E_6258771,1,opus,A19
LA_E_6258835,1,none,A11
LA_E_6259292,1,ulaw,A19
LA_E_6259541,1,g722,A10
LA_E_6259664,1,ulaw,A17
LA_E_6259888,1,ulaw,A14
LA_E_6260192,1,none,A12
LA_E_6260556,1,g722,A16
LA_E_6260931,1,ulaw,A13
LA_E_6260972,0,none,bonafide
LA_E_6262221,1,gsm,A16
LA_E_6262554,1,gsm,A11
LA_E_6262687,1,ulaw,A14
LA_E_6264111,1,none,A11
LA_E_6264392,1,pstn,A13
LA_E_6264425,1,g722,A14
LA_E_6264872,1,pstn,A19
LA_E_6264917,0,opus,bonafide
LA_E_6265689,1,ulaw,A09
LA_E_6265975,1,opus,A16
LA_E_6266234,1,ulaw,A07
LA_E_6266306,1,opus,A17
LA_E_6266799,0,pstn,bonafide
LA_E_6267164,1,alaw,A12
LA_E_6267184,1,opus,A15
LA_E_6267275,0,none,bonafide
LA_E_6267865,1,pstn,A16
LA_E_6268626,1,none,A07
LA_E_6269133,1,gsm,A18
LA_E_6269705,1,opus,A19
LA_E_6269932,1,pstn,A14
LA_E_6270342,1,none,A17
LA_E_6271114,1,ulaw,A14
LA_E_6271172,1,ulaw,A15
LA_E_6271649,1,gsm,A15
LA_E_6272034,1,gsm,A12
LA_E_6272814,1,g722,A16
LA_E_6272919,1,g722,A08
LA_E_6272931,1,opus,A11
LA_E_6272964,1,opus,A15
LA_E_6273432,1,opus,A13
LA_E_6274355,1,pstn,A09
LA_E_6274635,0,none,bonafide
LA_E_6274926,1,gsm,A16
LA_E_6274932,0,pstn,bonafide
LA_E_6276605,1,alaw,A10
LA_E_6277078,1,ulaw,A11
LA_E_6277292,1,pstn,A13
LA_E_6277385,1,opus,A19
LA_E_6277933,1,alaw,A13
LA_E_6278367,0,pstn,bonafide
LA_E_6279309,1,pstn,A14
LA_E_6279396,1,ulaw,A08
LA_E_6280039,1,ulaw,A19
LA_E_6280237,0,alaw,bonafide
LA_E_6280287,1,ulaw,A08
LA_E_6280389,1,pstn,A14
LA_E_6280693,1,g722,A13
LA_E_6281638,1,opus,A09
LA_E_6282123,1,ulaw,A07
LA_E_6282211,0,opus,bonafide
LA_E_6282304,1,ulaw,A15
LA_E_6283054,1,g722,A10
LA_E_6283081,0,pstn,bonafide
LA_E_6283805,1,pstn,A18
LA_E_6284234,1,g722,A17
LA_E_6284421,1,none,A08
LA_E_6284713,1,opus,A16
LA_E_6285104,1,gsm,A08
LA_E_6285509,1,alaw,A10
LA_E_6285570,1,gsm,A15
LA_E_6285631,1,ulaw,A16
LA_E_6285851,1,gsm,A18
LA_E_6286128,1,opus,A16
LA_E_6287701,1,none,A10
LA_E_6287724,1,gsm,A09
LA_E_6287860,1,opus,A18
LA_E_6288059,0,pstn,bonafide
LA_E_6288184,1,gsm,A17
LA_E_6288641,1,g722,A10
LA_E_6288727,1,pstn,A19
LA_E_6288743,1,none,A11
LA_E_6288791,1,alaw,A08
LA_E_6288803,1,pstn,A11
LA_E_6289006,0,alaw,bonafide
LA_E_6289056,1,gsm,A13
LA_E_6289144,1,gsm,A08
LA_E_6289534,1,opus,A07
LA_E_6289626,1,gsm,A11
LA_E_6290186,1,g722,A15
LA_E_6290407,1,ulaw,A09
LA_E_6290575,1,g722,A14
LA_E_6290719,1,opus,A14
LA_E_6291428,1,ulaw,A08
LA_E_6291442,1,none,A09
LA_E_6291447,1,gsm,A12
LA_E_6291653,1,pstn,A16
LA_E_6291962,1,ulaw,A15
LA_E_6292649,0,none,bonafide
LA_E_6292695,1,ulaw,A10
LA_E_6293076,1,gsm,A18
LA_E_6293130,1,ulaw,A14
LA_E_6293271,1,opus,A10
LA_E_6293460,1,ulaw,A11
LA_E_6293571,1,gsm,A13
LA_E_6293738,1,g722,A11
LA_E_6293961,1,gsm,A07
LA_E_6294942,1,opus,A12
LA_E_6295613,0,gsm,bonafide
LA_E_6296356,0,ulaw,bonafide
LA_E_6296418,1,none,A15
LA_E_6296562,1,ulaw,A09
LA_E_6297222,0,opus,bonafide
LA_E_6298327,1,g722,A09
LA_E_6298559,1,opus,A13
LA_E_6299021,1,g722,A11
LA_E_6299713,1,none,A13
LA_E_6299730,1,ulaw,A16
LA_E_6300137,1,g722,A08
LA_E_6300672,1,none,A16
LA_E_6301948,1,alaw,A09
LA_E_6302092,1,gsm,A12
LA_E_6302380,1,alaw,A12
LA_E_6302573,1,none,A09
LA_E_6302768,1,gsm,A18
LA_E_6303659,1,gsm,A09
LA_E_6303937,1,none,A19
LA_E_6303994,1,gsm,A16
LA_E_6304327,1,pstn,A14
LA_E_6304851,1,g722,A10
LA_E_6305746,1,gsm,A11
LA_E_6306511,1,gsm,A19
LA_E_6307126,1,opus,A15
LA_E_6307372,1,ulaw,A19
LA_E_6307491,1,gsm,A19
LA_E_6307731,1,ulaw,A15
LA_E_6308060,1,gsm,A12
LA_E_6308566,1,gsm,A09
LA_E_6308576,1,gsm,A13
LA_E_6310253,1,pstn,A07
LA_E_6311184,1,opus,A11
LA_E_6311588,1,ulaw,A13
LA_E_6311872,1,opus,A18
LA_E_6312983,1,opus,A10
LA_E_6313750,1,alaw,A11
LA_E_6313950,1,pstn,A10
LA_E_6314490,1,none,A12
LA_E_6315031,1,opus,A08
LA_E_6315305,1,opus,A16
LA_E_6316002,1,none,A14
LA_E_6316051,1,g722,A19
LA_E_6316076,1,opus,A19
LA_E_6316880,1,gsm,A19
LA_E_6317088,1,gsm,A17
LA_E_6317236,0,gsm,bonafide
LA_E_6317361,1,none,A16
LA_E_6317384,1,opus,A10
LA_E_6317618,1,ulaw,A07
LA_E_6318030,1,g722,A09
LA_E_6318526,0,alaw,bonafide
LA_E_6318617,0,opus,bonafide
LA_E_6319586,1,gsm,A12
LA_E_6320394,1,alaw,A09
LA_E_6320503,1,g722,A17
LA_E_6320598,1,opus,A19
LA_E_6320937,1,gsm,A13
LA_E_6321635,1,none,A17
LA_E_6321944,1,gsm,A16
LA_E_6322217,1,ulaw,A07
LA_E_6322848,1,none,A10
LA_E_6323358,1,none,A13
LA_E_6323525,1,ulaw,A13
LA_E_6324993,1,pstn,A13
LA_E_6325353,1,g722,A18
LA_E_6325357,1,gsm,A12
LA_E_6325597,1,ulaw,A14
LA_E_6325626,1,opus,A09
LA_E_6325860,1,opus,A08
LA_E_6325891,1,ulaw,A18
LA_E_6326261,1,opus,A08
LA_E_6326425,1,ulaw,A08
LA_E_6326784,1,gsm,A15
LA_E_6326795,1,alaw,A08
LA_E_6326813,1,pstn,A14
LA_E_6326851,1,ulaw,A15
LA_E_6327214,0,pstn,bonafide
LA_E_6327626,1,opus,A18
LA_E_6327945,1,opus,A18
LA_E_6328505,1,ulaw,A07
LA_E_6328863,0,alaw,bonafide
LA_E_6329320,1,g722,A10
LA_E_6330123,1,g722,A18
LA_E_6330649,0,alaw,bonafide
LA_E_6330907,1,pstn,A07
LA_E_6331367,1,alaw,A16
LA_E_6331932,1,opus,A15
LA_E_6332035,1,gsm,A12
LA_E_6332897,1,g722,A09
LA_E_6333352,1,gsm,A10
LA_E_6333395,1,g722,A08
LA_E_6333452,1,g722,A15
LA_E_6333744,0,none,bonafide
LA_E_6334023,1,opus,A10
LA_E_6334118,1,gsm,A18
LA_E_6334135,0,pstn,bonafide
LA_E_6334462,1,gsm,A12
LA_E_6334526,1,g722,A07
LA_E_6334930,1,gsm,A11
LA_E_6335103,1,alaw,A09
LA_E_6335943,1,none,A11
LA_E_6336048,1,g722,A19
LA_E_6336439,1,ulaw,A11
LA_E_6336641,1,g722,A14
LA_E_6337043,1,opus,A12
LA_E_6337350,0,g722,bonafide
LA_E_6337619,1,none,A17
LA_E_6337965,1,alaw,A09
LA_E_6339095,1,alaw,A14
LA_E_6339432,1,opus,A13
LA_E_6339998,1,ulaw,A09
LA_E_6341528,1,gsm,A09
LA_E_6341569,1,alaw,A11
LA_E_6341771,1,none,A13
LA_E_6341956,1,none,A09
LA_E_6342186,0,ulaw,bonafide
LA_E_6342593,1,none,A19
LA_E_6343004,0,opus,bonafide
LA_E_6343048,1,g722,A07
LA_E_6343116,1,opus,A13
LA_E_6343358,1,gsm,A14
LA_E_6343508,1,none,A13
LA_E_6344203,1,opus,A16
LA_E_6344682,1,gsm,A10
LA_E_6345321,1,gsm,A19
LA_E_6345340,1,alaw,A13
LA_E_6345441,1,ulaw,A08
LA_E_6345460,1,opus,A14
LA_E_6345704,1,pstn,A19
LA_E_6345737,1,opus,A18
LA_E_6345780,1,alaw,A19
LA_E_6345888,1,gsm,A17
LA_E_6346042,1,none,A08
LA_E_6346061,1,pstn,A10
LA_E_6347911,1,ulaw,A19
LA_E_6348197,1,g722,A17
LA_E_6348312,1,ulaw,A17
LA_E_6348497,1,none,A13
LA_E_6348911,1,alaw,A07
LA_E_6349348,1,gsm,A07
LA_E_6350324,1,opus,A18
LA_E_6350876,1,pstn,A09
LA_E_6351078,1,ulaw,A16
LA_E_6351394,1,gsm,A08
LA_E_6351489,1,ulaw,A08
LA_E_6351801,0,pstn,bonafide
LA_E_6351818,1,ulaw,A09
LA_E_6351903,1,pstn,A15
LA_E_6352283,1,opus,A08
LA_E_6353125,1,alaw,A16
LA_E_6353228,1,g722,A12
LA_E_6353295,1,opus,A10
LA_E_6353901,1,g722,A07
LA_E_6354253,1,gsm,A17
LA_E_6354282,1,none,A14
LA_E_6355020,1,gsm,A18
LA_E_6355110,1,gsm,A09
LA_E_6355475,1,pstn,A12
LA_E_6356365,1,none,A17
LA_E_6356413,1,ulaw,A14
LA_E_6357218,1,ulaw,A07
LA_E_6357358,1,ulaw,A18
LA_E_6357520,1,none,A09
LA_E_6357611,1,gsm,A19
LA_E_6357652,1,gsm,A16
LA_E_6358301,1,alaw,A11
LA_E_6358773,1,gsm,A15
LA_E_6359465,1,pstn,A10
LA_E_6359756,1,alaw,A16
LA_E_6360744,1,gsm,A09
LA_E_6361621,1,alaw,A11
LA_E_6361741,1,ulaw,A17
LA_E_6361851,1,g722,A09
LA_E_6361981,1,gsm,A10
LA_E_6362305,0,none,bonafide
LA_E_6362663,1,alaw,A15
LA_E_6363020,1,opus,A10
LA_E_6363168,1,gsm,A07
LA_E_6363238,1,gsm,A15
LA_E_6363301,1,gsm,A17
LA_E_6363573,1,ulaw,A19
LA_E_6363789,1,alaw,A08
LA_E_6363853,0,none,bonafide
LA_E_6363872,0,gsm,bonafide
LA_E_6363879,1,pstn,A13
LA_E_6364356,1,gsm,A17
LA_E_6365281,0,none,bonafide
LA_E_6366298,1,none,A18
LA_E_6366372,1,gsm,A16
LA_E_6366616,1,g722,A11
LA_E_6366845,1,alaw,A14
LA_E_6366997,0,opus,bonafide
LA_E_6367017,1,alaw,A14
LA_E_6367249,1,opus,A11
LA_E_6367356,1,gsm,A11
LA_E_6367634,1,pstn,A14
LA_E_6367774,1,opus,A12
LA_E_6368907,1,ulaw,A08
LA_E_6368998,1,gsm,A13
LA_E_6369008,1,ulaw,A18
LA_E_6369101,1,ulaw,A18
LA_E_6369436,1,alaw,A07
LA_E_6369677,1,gsm,A11
LA_E_6370047,1,g722,A13
LA_E_6370292,0,gsm,bonafide
LA_E_6370538,1,alaw,A09
LA_E_6370771,1,pstn,A09
LA_E_6370910,1,opus,A13
LA_E_6371162,1,gsm,A14
LA_E_6371252,1,gsm,A16
LA_E_6371361,1,alaw,A17
LA_E_6371750,1,gsm,A16
LA_E_6372002,1,ulaw,A11
LA_E_6372521,1,gsm,A10
LA_E_6372863,1,g722,A10
LA_E_6373848,1,gsm,A10
LA_E_6374465,1,gsm,A10
LA_E_6374592,1,ulaw,A09
LA_E_6374721,1,g722,A11
LA_E_6375011,1,ulaw,A07
LA_E_6375289,1,alaw,A14
LA_E_6375360,1,g722,A08
LA_E_6376791,1,opus,A16
LA_E_6377022,1,none,A13
LA_E_6377399,1,ulaw,A08
LA_E_6377546,0,ulaw,bonafide
LA_E_6377602,1,pstn,A17
LA_E_6377648,1,g722,A13
LA_E_6378177,1,none,A15
LA_E_6378267,1,pstn,A15
LA_E_6378978,1,opus,A14
LA_E_6379132,1,opus,A12
LA_E_6379148,0,alaw,bonafide
LA_E_6379195,1,opus,A16
LA_E_6380040,1,ulaw,A18
LA_E_6380089,1,g722,A13
LA_E_6380200,1,none,A07
LA_E_6380277,1,none,A14
LA_E_6380772,0,gsm,bonafide
LA_E_6381144,1,gsm,A09
LA_E_6381409,1,opus,A12
LA_E_6381692,1,ulaw,A15
LA_E_6381813,1,gsm,A13
LA_E_6381874,0,pstn,bonafide
LA_E_6382732,1,pstn,A07
LA_E_6382787,1,gsm,A09
LA_E_6383065,1,opus,A08
LA_E_6384282,1,g722,A13
LA_E_6384589,1,alaw,A08
LA_E_6384983,1,pstn,A10
LA_E_6385110,1,gsm,A10
LA_E_6385357,1,alaw,A16
LA_E_6385688,1,ulaw,A16
LA_E_6386593,1,g722,A15
LA_E_6386981,1,gsm,A16
LA_E_6387097,1,g722,A15
LA_E_6387188,1,none,A13
LA_E_6387988,0,alaw,bonafide
LA_E_6388304,1,none,A17
LA_E_6388334,1,alaw,A11
LA_E_6388916,1,pstn,A08
LA_E_6390666,1,g722,A10
LA_E_6390956,1,ulaw,A13
LA_E_6391086,1,gsm,A15
LA_E_6391986,1,ulaw,A15
LA_E_6392337,0,g722,bonafide
LA_E_6392993,1,pstn,A14
LA_E_6393044,1,gsm,A07
LA_E_6393096,1,gsm,A10
LA_E_6393714,1,pstn,A11
LA_E_6393872,1,gsm,A11
LA_E_6393950,0,ulaw,bonafide
LA_E_6394432,0,ulaw,bonafide
LA_E_6394831,1,pstn,A19
LA_E_6395450,1,gsm,A17
LA_E_6395817,1,g722,A15
LA_E_6396027,1,opus,A08
LA_E_6396423,0,opus,bonafide
LA_E_6396438,1,ulaw,A09
LA_E_6396732,1,ulaw,A14
LA_E_6397123,1,ulaw,A07
LA_E_6397496,1,ulaw,A11
LA_E_6397575,0,opus,bonafide
LA_E_6397706,1,gsm,A09
LA_E_6398687,1,ulaw,A19
LA_E_6399063,1,none,A12
LA_E_6399454,1,opus,A18
LA_E_6399633,1,opus,A16
LA_E_6400005,1,alaw,A13
LA_E_6400642,1,ulaw,A19
LA_E_6400987,1,g722,A19
LA_E_6401359,1,ulaw,A12
LA_E_6401513,1,opus,A08
LA_E_6401926,1,g722,A09
LA_E_6402223,1,gsm,A14
LA_E_6402495,1,alaw,A19
LA_E_6403030,1,pstn,A13
LA_E_6403675,1,opus,A08
LA_E_6403745,1,g722,A15
LA_E_6403831,1,pstn,A08
LA_E_6403964,0,ulaw,bonafide
LA_E_6404271,0,alaw,bonafide
LA_E_6404748,1,ulaw,A19
LA_E_6404965,1,opus,A07
LA_E_6405363,1,g722,A08
LA_E_6406623,1,none,A10
LA_E_6407992,1,pstn,A18
LA_E_6408069,1,pstn,A17
LA_E_6408089,1,gsm,A09
LA_E_6408192,0,gsm,bonafide
LA_E_6408359,1,ulaw,A07
LA_E_6408450,1,gsm,A15
LA_E_6408679,1,ulaw,A10
LA_E_6409034,0,gsm,bonafide
LA_E_6411262,0,g722,bonafide
LA_E_6411344,1,alaw,A15
LA_E_6411686,1,g722,A18
LA_E_6412393,0,ulaw,bonafide
LA_E_6412580,0,ulaw,bonafide
LA_E_6412860,1,g722,A14
LA_E_6413058,1,ulaw,A17
LA_E_6413102,1,gsm,A19
LA_E_6413525,1,ulaw,A17
LA_E_6413579,1,gsm,A15
LA_E_6413585,1,alaw,A14
LA_E_6413623,1,opus,A13
LA_E_6414159,1,g722,A09
LA_E_6414169,1,g722,A18
LA_E_6414417,1,alaw,A08
LA_E_6414489,1,gsm,A12
LA_E_6415413,0,none,bonafide
LA_E_6415480,1,ulaw,A13
LA_E_6416808,1,pstn,A07
LA_E_6417384,1,none,A17
LA_E_6417400,1,pstn,A11
LA_E_6417640,1,pstn,A17
LA_E_6417872,0,g722,bonafide
LA_E_6418080,1,gsm,A07
LA_E_6418629,1,opus,A19
LA_E_6418700,1,gsm,A18
LA_E_6419946,1,gsm,A13
LA_E_6420634,1,gsm,A12
LA_E_6421205,1,alaw,A08
LA_E_6421598,1,none,A08
LA_E_6421652,1,gsm,A10
LA_E_6421941,1,pstn,A15
LA_E_6422062,1,gsm,A15
LA_E_6422185,1,alaw,A10
LA_E_6422227,1,gsm,A18
LA_E_6422387,0,g722,bonafide
LA_E_6422454,1,alaw,A10
LA_E_6422564,1,g722,A11
LA_E_6422850,1,g722,A17
LA_E_6423267,1,alaw,A12
LA_E_6423482,1,gsm,A18
LA_E_6423514,1,g722,A18
LA_E_6423683,1,ulaw,A13
LA_E_6423790,1,pstn,A08
LA_E_6423872,1,opus,A17
LA_E_6424880,1,g722,A11
LA_E_6424996,1,opus,A15
LA_E_6425019,1,pstn,A15
LA_E_6425715,1,alaw,A17
LA_E_6426526,1,alaw,A18
LA_E_6427704,0,gsm,bonafide
LA_E_6428424,1,pstn,A14
LA_E_6428506,1,opus,A13
LA_E_6429514,1,opus,A19
LA_E_6429523,0,alaw,bonafide
LA_E_6429971,1,none,A15
LA_E_6430542,1,pstn,A18
LA_E_6430653,1,ulaw,A11
LA_E_6430840,1,gsm,A12
LA_E_6431167,1,opus,A18
LA_E_6431264,1,gsm,A08
LA_E_6432195,1,pstn,A15
LA_E_6432205,1,g722,A08
LA_E_6432577,1,ulaw,A14
LA_E_6433027,0,none,bonafide
LA_E_6433244,1,pstn,A12
LA_E_6433965,1,opus,A15
LA_E_6434524,1,ulaw,A17
LA_E_6434877,1,ulaw,A17
LA_E_6435590,1,alaw,A12
LA_E_6435986,1,none,A11
LA_E_6436048,1,gsm,A19
LA_E_6436067,1,alaw,A11
LA_E_6436181,1,opus,A17
LA_E_6436634,0,g722,bonafide
LA_E_6436980,1,none,A16
LA_E_6437155,1,gsm,A08
LA_E_6437218,1,opus,A12
LA_E_6437517,1,opus,A11
LA_E_6437527,1,none,A08
LA_E_6437576,1,g722,A16
LA_E_6437682,1,alaw,A17
LA_E_6437972,1,opus,A17
LA_E_6438143,1,opus,A19
LA_E_6438193,1,none,A08
LA_E_6438199,0,opus,bonafide
LA_E_6438220,1,opus,A15
LA_E_6438495,1,opus,A08
LA_E_6438899,1,gsm,A09
LA_E_6439361,1,gsm,A10
LA_E_6440199,1,g722,A07
LA_E_6440245,1,opus,A13
LA_E_6440606,1,opus,A17
LA_E_6441234,1,gsm,A18
LA_E_6441295,1,none,A11
LA_E_6441440,1,opus,A12
LA_E_6441656,1,opus,A14
LA_E_6441843,1,none,A09
LA_E_6442303,1,opus,A16
LA_E_6442437,0,ulaw,bonafide
LA_E_6442901,1,alaw,A10
LA_E_6443813,1,opus,A13
LA_E_6444650,1,g722,A14
LA_E_6444800,0,pstn,bonafide
LA_E_6445414,0,alaw,bonafide
LA_E_6445678,0,gsm,bonafide
LA_E_6445798,1,none,A19
LA_E_6445899,0,pstn,bonafide
LA_E_6446413,1,g722,A19
LA_E_6446898,1,alaw,A09
LA_E_6447170,0,g722,bonafide
LA_E_6447446,1,gsm,A09
LA_E_6447456,1,ulaw,A19
LA_E_6447536,0,pstn,bonafide
LA_E_6448044,1,g722,A16
LA_E_6448220,1,gsm,A19
LA_E_6448375,1,gsm,A08
LA_E_6449059,1,pstn,A13
LA_E_6449883,1,ulaw,A18
LA_E_6450048,1,g722,A19
LA_E_6450582,1,pstn,A10
LA_E_6450780,1,g722,A16
LA_E_6451191,1,gsm,A07
LA_E_6451427,1,gsm,A16
LA_E_6451745,1,ulaw,A18
LA_E_6452313,1,opus,A11
LA_E_6452345,1,ulaw,A17
LA_E_6452358,1,pstn,A19
LA_E_6452663,1,alaw,A18
LA_E_6453640,1,opus,A12
LA_E_6453818,1,ulaw,A19
LA_E_6454394,1,opus,A11
LA_E_6454511,1,ulaw,A10
LA_E_6454645,0,ulaw,bonafide
LA_E_6454653,0,pstn,bonafide
LA_E_6455397,1,opus,A14
LA_E_6455550,1,none,A13
LA_E_6455851,1,gsm,A16
LA_E_6456317,1,ulaw,A18
LA_E_6456644,1,none,A09
LA_E_6457111,1,pstn,A09
LA_E_6457685,1,ulaw,A08
LA_E_6457782,1,alaw,A08
LA_E_6457813,1,none,A19
LA_E_6457897,1,gsm,A09
LA_E_6457951,0,g722,bonafide
LA_E_6458463,1,none,A07
LA_E_6458522,1,gsm,A14
LA_E_6458712,1,ulaw,A14
LA_E_6458772,1,g722,A11
LA_E_6458903,1,ulaw,A17
LA_E_6458948,1,opus,A07
LA_E_6459383,1,alaw,A10
LA_E_6459510,1,gsm,A17
LA_E_6460550,1,none,A10
LA_E_6460995,1,pstn,A18
LA_E_6461004,1,pstn,A16
LA_E_6461385,1,opus,A11
LA_E_6461923,1,opus,A09
LA_E_6462493,1,ulaw,A11
LA_E_6462995,1,opus,A15
LA_E_6463019,1,pstn,A17
LA_E_6463443,1,alaw,A10
LA_E_6463843,1,opus,A17
LA_E_6464130,1,opus,A10
LA_E_6464712,1,g722,A17
LA_E_6465518,1,alaw,A12
LA_E_6466216,1,ulaw,A16
LA_E_6466772,1,g722,A09
LA_E_6466806,0,g722,bonafide
LA_E_6466854,1,gsm,A18
LA_E_6467587,0,ulaw,bonafide
LA_E_6467698,1,alaw,A16
LA_E_6468003,1,gsm,A16
LA_E_6468176,1,ulaw,A10
LA_E_6468556,1,gsm,A11
LA_E_6468642,1,ulaw,A17
LA_E_6469107,1,pstn,A16
LA_E_6469502,1,pstn,A15
LA_E_6469570,1,pstn,A15
LA_E_6469715,0,ulaw,bonafide
LA_E_6469828,1,pstn,A19
LA_E_6469830,1,none,A14
LA_E_6469897,0,none,bonafide
LA_E_6469983,1,pstn,A15
LA_E_6469988,1,pstn,A07
LA_E_6470126,1,g722,A09
LA_E_6470202,1,opus,A19
LA_E_6470772,1,alaw,A10
LA_E_6470894,1,gsm,A09
LA_E_6470958,1,g722,A18
LA_E_6471201,1,gsm,A16
LA_E_6471219,1,pstn,A11
LA_E_6471483,1,none,A07
LA_E_6471792,1,gsm,A19
LA_E_6472272,1,ulaw,A18
LA_E_6472727,1,opus,A07
LA_E_6472951,0,gsm,bonafide
LA_E_6473601,1,ulaw,A08
LA_E_6473641,1,pstn,A15
LA_E_6473675,1,opus,A19
LA_E_6474495,1,none,A19
LA_E_6474612,1,alaw,A12
LA_E_6475089,1,gsm,A11
LA_E_6475563,1,g722,A11
LA_E_6475837,1,ulaw,A13
LA_E_6476059,1,opus,A17
LA_E_6478230,1,g722,A12
LA_E_6478751,1,g722,A08
LA_E_6478780,0,ulaw,bonafide
LA_E_6478900,0,ulaw,bonafide
LA_E_6479023,0,gsm,bonafide
LA_E_6479384,1,gsm,A07
LA_E_6479687,1,alaw,A07
LA_E_6479944,1,opus,A09
LA_E_6479958,1,opus,A11
LA_E_6480349,1,g722,A13
LA_E_6480603,0,g722,bonafide
LA_E_6480605,1,gsm,A13
LA_E_6480612,1,alaw,A08
LA_E_6480928,1,ulaw,A13
LA_E_6481180,1,g722,A13
LA_E_6481277,1,pstn,A08
LA_E_6482049,1,g722,A07
LA_E_6482425,1,opus,A16
LA_E_6482894,1,none,A12
LA_E_6483158,1,ulaw,A12
LA_E_6483356,1,alaw,A11
LA_E_6483729,1,pstn,A09
LA_E_6484227,1,none,A18
LA_E_6484601,1,ulaw,A08
LA_E_6484720,1,g722,A15
LA_E_6485278,1,none,A08
LA_E_6486189,1,opus,A07
LA_E_6486205,1,pstn,A14
LA_E_6486707,1,g722,A11
LA_E_6486808,1,g722,A15
LA_E_6486865,1,gsm,A08
LA_E_6487117,1,g722,A19
LA_E_6487854,1,opus,A10
LA_E_6487862,1,none,A09
LA_E_6488259,1,gsm,A14
LA_E_6488378,0,opus,bonafide
LA_E_6489042,1,ulaw,A17
LA_E_6489312,1,gsm,A17
LA_E_6489719,1,gsm,A13
LA_E_6490714,0,gsm,bonafide
LA_E_6490989,1,alaw,A11
LA_E_6491075,1,g722,A14
LA_E_6491076,1,ulaw,A16
LA_E_6491534,1,pstn,A17
LA_E_6491997,1,none,A15
LA_E_6492351,1,none,A15
LA_E_6492448,1,opus,A13
LA_E_6493315,1,opus,A12
LA_E_6493530,1,gsm,A17
LA_E_6493884,1,none,A16
LA_E_6494415,1,g722,A12
LA_E_6495190,1,opus,A11
LA_E_6495213,1,g722,A18
LA_E_6495367,1,gsm,A08
LA_E_6495380,1,none,A17
LA_E_6496790,1,gsm,A14
LA_E_6496972,1,alaw,A15
LA_E_6497725,1,none,A08
LA_E_6497875,1,gsm,A18
LA_E_6497962,1,alaw,A10
LA_E_6498881,1,ulaw,A10
LA_E_6499067,1,pstn,A12
LA_E_6499285,1,alaw,A08
LA_E_6499300,1,opus,A09
LA_E_6499457,1,opus,A19
LA_E_6499845,1,alaw,A07
LA_E_6499885,1,opus,A19
LA_E_6500528,1,pstn,A18
LA_E_6500534,1,pstn,A13
LA_E_6500964,1,alaw,A10
LA_E_6501055,1,none,A15
LA_E_6501067,1,alaw,A10
LA_E_6501253,1,opus,A10
LA_E_6501417,0,g722,bonafide
LA_E_6501555,1,none,A17
LA_E_6501988,1,pstn,A17
LA_E_6502099,1,none,A17
LA_E_6502171,1,gsm,A16
LA_E_6502487,1,gsm,A09
LA_E_6502498,1,none,A17
LA_E_6502615,1,ulaw,A15
LA_E_6502636,1,none,A15
LA_E_6502704,1,ulaw,A08
LA_E_6503254,1,none,A12
LA_E_6503352,1,opus,A08
LA_E_6503376,1,none,A13
LA_E_6503536,0,g722,bonafide
LA_E_6503846,1,opus,A19
LA_E_6503974,1,alaw,A08
LA_E_6504244,1,pstn,A15
LA_E_6505160,1,none,A12
LA_E_6505482,0,opus,bonafide
LA_E_6505681,1,pstn,A14
LA_E_6505758,0,opus,bonafide
LA_E_6505775,1,none,A18
LA_E_6505872,1,g722,A09
LA_E_6506056,1,gsm,A10
LA_E_6506095,1,pstn,A09
LA_E_6506159,1,alaw,A13
LA_E_6506711,1,opus,A15
LA_E_6507125,1,gsm,A12
LA_E_6507398,1,none,A08
LA_E_6507633,1,opus,A18
LA_E_6508169,1,g722,A18
LA_E_6508409,1,g722,A10
LA_E_6509889,1,gsm,A13
LA_E_6510971,0,none,bonafide
LA_E_6511287,0,pstn,bonafide
LA_E_6511482,1,gsm,A12
LA_E_6511963,1,g722,A10
LA_E_6512242,1,gsm,A10
LA_E_6512679,1,none,A13
LA_E_6513341,1,g722,A19
LA_E_6513374,1,ulaw,A16
LA_E_6513640,1,ulaw,A09
LA_E_6514818,1,alaw,A07
LA_E_6515044,0,opus,bonafide
LA_E_6516245,1,pstn,A15
LA_E_6516599,1,g722,A14
LA_E_6516802,1,ulaw,A08
LA_E_6517814,1,pstn,A17
LA_E_6517927,1,ulaw,A12
LA_E_6517972,0,alaw,bonafide
LA_E_6518229,0,alaw,bonafide
LA_E_6518497,1,none,A17
LA_E_6518916,1,opus,A13
LA_E_6519253,1,pstn,A14
LA_E_6520361,1,none,A14
LA_E_6520376,1,opus,A18
LA_E_6520439,1,alaw,A10
LA_E_6521100,1,opus,A19
LA_E_6522153,1,g722,A16
LA_E_6522531,1,pstn,A15
LA_E_6522839,1,none,A09
LA_E_6523084,1,gsm,A18
LA_E_6523840,1,opus,A09
LA_E_6523942,1,none,A16
LA_E_6524248,1,pstn,A18
LA_E_6524331,1,g722,A15
LA_E_6524634,1,ulaw,A09
LA_E_6524860,1,none,A13
LA_E_6524891,1,g722,A09
LA_E_6524925,1,ulaw,A11
LA_E_6525070,1,g722,A08
LA_E_6525233,1,alaw,A09
LA_E_6525537,1,none,A13
LA_E_6525602,1,pstn,A13
LA_E_6525773,0,pstn,bonafide
LA_E_6525787,1,alaw,A19
LA_E_6525903,1,gsm,A14
LA_E_6526492,1,ulaw,A13
LA_E_6526584,1,g722,A19
LA_E_6526665,0,gsm,bonafide
LA_E_6526785,1,alaw,A15
LA_E_6526827,1,pstn,A18
LA_E_6527534,1,none,A08
LA_E_6527593,1,gsm,A13
LA_E_6528863,1,opus,A18
LA_E_6528924,1,ulaw,A09
LA_E_6528949,1,pstn,A11
LA_E_6529906,1,pstn,A07
LA_E_6529936,1,gsm,A12
LA_E_6530756,1,opus,A15
LA_E_6530953,1,ulaw,A08
LA_E_6530974,0,alaw,bonafide
LA_E_6531142,1,alaw,A19
LA_E_6531392,1,alaw,A08
LA_E_6532036,1,ulaw,A16
LA_E_6532212,1,alaw,A19
LA_E_6532378,1,gsm,A11
LA_E_6532495,1,pstn,A11
LA_E_6532630,1,gsm,A12
LA_E_6533423,0,none,bonafide
LA_E_6534168,1,gsm,A18
LA_E_6534427,1,alaw,A15
LA_E_6535011,1,alaw,A19
LA_E_6535272,1,ulaw,A11
LA_E_6535324,1,alaw,A18
LA_E_6535577,1,ulaw,A19
LA_E_6536167,1,none,A10
LA_E_6536696,1,g722,A10
LA_E_6536982,1,opus,A10
LA_E_6537080,1,none,A07
LA_E_6537260,1,none,A18
LA_E_6537358,1,opus,A19
LA_E_6537762,1,pstn,A09
LA_E_6538016,1,ulaw,A16
LA_E_6538128,1,none,A08
LA_E_6538596,1,alaw,A11
LA_E_6539067,1,ulaw,A15
LA_E_6541115,1,g722,A12
LA_E_6541862,1,pstn,A08
LA_E_6542074,1,none,A07
LA_E_6542646,0,g722,bonafide
LA_E_6542758,1,pstn,A07
LA_E_6542794,1,gsm,A17
LA_E_6543222,0,pstn,bonafide
LA_E_6543612,1,gsm,A16
LA_E_6544437,1,g722,A09
LA_E_6545358,1,g722,A19
LA_E_6546258,0,gsm,bonafide
LA_E_6546398,1,gsm,A14
LA_E_6546421,0,opus,bonafide
LA_E_6546620,1,alaw,A18
LA_E_6546899,1,g722,A09
LA_E_6546967,0,g722,bonafide
LA_E_6547209,1,none,A17
LA_E_6547915,1,none,A15
LA_E_6548249,1,alaw,A14
LA_E_6548461,1,g722,A09
LA_E_6548651,1,ulaw,A19
LA_E_6548749,1,gsm,A18
LA_E_6548861,1,alaw,A08
LA_E_6549162,1,g722,A10
LA_E_6549528,1,none,A14
LA_E_6549906,1,ulaw,A09
LA_E_6549943,1,ulaw,A12
LA_E_6550157,1,g722,A19
LA_E_6550166,1,alaw,A17
LA_E_6550599,1,g722,A16
LA_E_6551791,0,g722,bonafide
LA_E_6551860,1,none,A10
LA_E_6551875,1,alaw,A07
LA_E_6552603,0,alaw,bonafide
LA_E_6552633,1,none,A11
LA_E_6552985,0,alaw,bonafide
LA_E_6553088,1,g722,A10
LA_E_6553131,1,g722,A16
LA_E_6553600,1,pstn,A15
LA_E_6553643,1,none,A07
LA_E_6554014,0,gsm,bonafide
LA_E_6554213,1,gsm,A08
LA_E_6554249,1,gsm,A10
LA_E_6554463,1,opus,A18
LA_E_6554840,1,gsm,A18
LA_E_6555045,1,pstn,A11
LA_E_6555249,1,pstn,A12
LA_E_6555399,1,pstn,A12
LA_E_6555594,1,g722,A17
LA_E_6555960,1,alaw,A10
LA_E_6556047,1,opus,A10
LA_E_6556638,1,gsm,A14
LA_E_6557177,0,none,bonafide
LA_E_6557577,1,none,A15
LA_E_6559055,0,opus,bonafide
LA_E_6559114,1,ulaw,A14
LA_E_6559145,1,opus,A15
LA_E_6559308,0,alaw,bonafide
LA_E_6559337,1,g722,A18
LA_E_6559694,1,g722,A16
LA_E_6560668,1,pstn,A07
LA_E_6560812,1,pstn,A14
LA_E_6560866,1,gsm,A13
LA_E_6561065,1,ulaw,A18
LA_E_6561215,0,ulaw,bonafide
LA_E_6561385,1,ulaw,A07
LA_E_6561666,1,ulaw,A07
LA_E_6561789,1,g722,A15
LA_E_6562003,0,pstn,bonafide
LA_E_6562330,1,ulaw,A11
LA_E_6563384,1,g722,A09
LA_E_6563956,1,ulaw,A15
LA_E_6564177,1,opus,A15
LA_E_6564587,0,pstn,bonafide
LA_E_6564738,0,opus,bonafide
LA_E_6564751,1,alaw,A16
LA_E_6564942,0,pstn,bonafide
LA_E_6565026,1,pstn,A11
LA_E_6566208,1,none,A19
LA_E_6566641,1,opus,A14
LA_E_6566686,1,g722,A08
LA_E_6567030,1,g722,A16
LA_E_6567642,1,none,A13
LA_E_6568899,1,none,A19
LA_E_6569054,1,gsm,A12
LA_E_6569561,1,ulaw,A07
LA_E_6569805,0,ulaw,bonafide
LA_E_6569865,1,opus,A12
LA_E_6570124,1,none,A19
LA_E_6570196,1,ulaw,A19
LA_E_6570613,1,alaw,A08
LA_E_6570700,1,opus,A19
LA_E_6571087,1,opus,A07
LA_E_6571127,1,alaw,A16
LA_E_6571359,1,g722,A14
LA_E_6571486,0,ulaw,bonafide
LA_E_6572293,1,g722,A19
LA_E_6572759,1,g722,A12
LA_E_6573440,1,gsm,A09
LA_E_6573465,1,g722,A19
LA_E_6573745,1,g722,A07
LA_E_6573759,1,ulaw,A10
LA_E_6574478,0,pstn,bonafide
LA_E_6574601,1,alaw,A15
LA_E_6574610,1,gsm,A19
LA_E_6574716,0,opus,bonafide
LA_E_6575420,1,alaw,A19
LA_E_6575426,1,alaw,A10
LA_E_6576209,1,gsm,A13
LA_E_6578243,1,ulaw,A07
LA_E_6578644,0,gsm,bonafide
LA_E_6578818,1,pstn,A07
LA_E_6579389,1,alaw,A10
LA_E_6579491,1,alaw,A15
LA_E_6579586,1,opus,A18
LA_E_6580185,1,alaw,A08
LA_E_6580388,1,alaw,A15
LA_E_6580714,1,none,A08
LA_E_6580846,1,none,A13
LA_E_6580971,1,ulaw,A08
LA_E_6581107,1,opus,A11
LA_E_6581978,1,ulaw,A10
LA_E_6582005,1,pstn,A19
LA_E_6582073,1,gsm,A13
LA_E_6582278,1,opus,A10
LA_E_6582361,1,pstn,A15
LA_E_6582429,1,pstn,A10
LA_E_6582482,1,pstn,A13
LA_E_6582559,1,ulaw,A14
LA_E_6583450,1,ulaw,A12
LA_E_6583669,1,alaw,A08
LA_E_6583764,1,g722,A13
LA_E_6583787,0,ulaw,bonafide
LA_E_6583855,1,opus,A17
LA_E_6584619,1,alaw,A08
LA_E_6585018,1,opus,A11
LA_E_6585578,1,gsm,A10
LA_E_6585751,1,opus,A15
LA_E_6585871,1,gsm,A10
LA_E_6585936,1,pstn,A19
LA_E_6586100,1,opus,A08
LA_E_6586109,0,ulaw,bonafide
LA_E_6586117,1,ulaw,A15
LA_E_6586521,0,gsm,bonafide
LA_E_6587096,1,none,A09
LA_E_6587387,1,ulaw,A18
LA_E_6587842,1,alaw,A19
LA_E_6588039,1,ulaw,A18
LA_E_6588087,1,gsm,A08
LA_E_6588095,1,alaw,A15
LA_E_6589320,1,ulaw,A10
LA_E_6589412,1,gsm,A15
LA_E_6589414,1,opus,A11
LA_E_6590123,0,opus,bonafide
LA_E_6590232,1,alaw,A19
LA_E_6590489,1,g722,A13
LA_E_6591167,1,none,A18
LA_E_6591520,1,none,A10
LA_E_6591817,0,gsm,bonafide
LA_E_6592057,1,ulaw,A15
LA_E_6592184,1,gsm,A09
LA_E_6592748,1,gsm,A15
LA_E_6592856,1,opus,A11
LA_E_6594086,1,gsm,A15
LA_E_6594579,1,ulaw,A10
LA_E_6594716,1,g722,A15
LA_E_6594827,1,opus,A18
LA_E_6594836,1,opus,A07
LA_E_6595092,1,opus,A09
LA_E_6595175,1,ulaw,A19
LA_E_6595641,0,ulaw,bonafide
LA_E_6596216,1,alaw,A15
LA_E_6597379,1,g722,A15
LA_E_6597757,1,gsm,A18
LA_E_6597911,1,pstn,A15
LA_E_6599884,1,opus,A15
LA_E_6600341,1,gsm,A18
LA_E_6600560,1,ulaw,A10
LA_E_6601050,0,opus,bonafide
LA_E_6601105,0,none,bonafide
LA_E_6602487,0,opus,bonafide
LA_E_6602866,1,gsm,A18
LA_E_6602907,1,opus,A19
LA_E_6603156,1,pstn,A09
LA_E_6603346,1,ulaw,A17
LA_E_6603925,1,none,A07
LA_E_6604256,1,opus,A16
LA_E_6604298,0,none,bonafide
LA_E_6604699,1,ulaw,A17
LA_E_6605427,1,none,A16
LA_E_6605644,1,g722,A17
LA_E_6606137,1,gsm,A16
LA_E_6606193,0,none,bonafide
LA_E_6606495,1,g722,A19
LA_E_6607287,1,ulaw,A08
LA_E_6608028,1,g722,A12
LA_E_6608684,1,ulaw,A07
LA_E_6608914,0,none,bonafide
LA_E_6608957,1,ulaw,A17
LA_E_6609153,0,ulaw,bonafide
LA_E_6609316,1,alaw,A09
LA_E_6609537,1,alaw,A17
LA_E_6609569,0,alaw,bonafide
LA_E_6609807,1,pstn,A18
LA_E_6610103,1,opus,A16
LA_E_6610236,1,none,A08
LA_E_6610246,1,ulaw,A16
LA_E_6610288,1,gsm,A09
LA_E_6610442,1,none,A17
LA_E_6610462,1,g722,A08
LA_E_6610591,1,none,A11
LA_E_6610673,1,pstn,A07
LA_E_6610750,1,g722,A10
LA_E_6611137,1,none,A16
LA_E_6611213,1,gsm,A16
LA_E_6611552,1,gsm,A09
LA_E_6611582,1,none,A16
LA_E_6611627,1,none,A08
LA_E_6611780,1,alaw,A14
LA_E_6611889,1,opus,A16
LA_E_6611920,1,gsm,A13
LA_E_6612215,1,g722,A09
LA_E_6612268,1,ulaw,A15
LA_E_6612325,1,ulaw,A07
LA_E_6612386,1,pstn,A18
LA_E_6612741,1,gsm,A15
LA_E_6613063,1,alaw,A08
LA_E_6613414,0,gsm,bonafide
LA_E_6613508,1,opus,A09
LA_E_6613618,1,alaw,A14
LA_E_6613824,1,g722,A08
LA_E_6614358,1,none,A12
LA_E_6614495,1,opus,A09
LA_E_6614716,1,pstn,A08
LA_E_6614992,1,pstn,A09
LA_E_6615216,1,gsm,A07
LA_E_6615246,1,pstn,A08
LA_E_6615272,1,none,A08
LA_E_6615408,0,gsm,bonafide
LA_E_6615464,1,none,A07
LA_E_6615475,0,opus,bonafide
LA_E_6615971,1,alaw,A08
LA_E_6616100,1,none,A12
LA_E_6616190,1,g722,A08
LA_E_6617015,1,alaw,A15
LA_E_6617457,1,pstn,A14
LA_E_6617516,1,pstn,A11
LA_E_6617534,1,gsm,A11
LA_E_6617694,1,ulaw,A18
LA_E_6617695,1,alaw,A09
LA_E_6617858,1,alaw,A10
LA_E_6617948,1,gsm,A12
LA_E_6618463,1,opus,A19
LA_E_6618602,1,g722,A11
LA_E_6618618,1,none,A16
LA_E_6618906,1,ulaw,A18
LA_E_6618987,1,g722,A11
LA_E_6619428,1,pstn,A19
LA_E_6619695,0,pstn,bonafide
LA_E_6619742,1,g722,A09
LA_E_6619788,1,none,A12
LA_E_6619840,1,ulaw,A10
LA_E_6619887,1,pstn,A18
LA_E_6620065,1,pstn,A12
LA_E_6620249,1,opus,A09
LA_E_6620363,1,ulaw,A16
LA_E_6621801,1,pstn,A18
LA_E_6622001,0,alaw,bonafide
LA_E_6622054,1,none,A07
LA_E_6622365,1,opus,A19
LA_E_6622371,1,g722,A08
LA_E_6622764,1,ulaw,A09
LA_E_6623002,1,pstn,A17
LA_E_6623011,1,g722,A09
LA_E_6623412,1,pstn,A15
LA_E_6623479,1,opus,A07
LA_E_6623495,1,ulaw,A14
LA_E_6623729,1,alaw,A16
LA_E_6624088,1,opus,A11
LA_E_6624850,1,opus,A09
LA_E_6625446,1,pstn,A09
LA_E_6626238,1,g722,A07
LA_E_6626936,1,alaw,A15
LA_E_6627549,1,none,A07
LA_E_6627677,1,alaw,A11
LA_E_6627696,1,none,A14
LA_E_6628479,1,pstn,A10
LA_E_6628982,1,ulaw,A10
LA_E_6629117,1,gsm,A19
LA_E_6629641,1,ulaw,A19
LA_E_6629919,1,none,A13
LA_E_6629964,1,none,A19
LA_E_6630307,1,ulaw,A07
LA_E_6630325,1,gsm,A09
LA_E_6630599,1,gsm,A12
LA_E_6631049,1,g722,A10
LA_E_6631295,0,alaw,bonafide
LA_E_6631547,1,none,A13
LA_E_6631638,1,pstn,A18
LA_E_6631783,1,g722,A17
LA_E_6631798,1,opus,A13
LA_E_6631839,1,gsm,A08
LA_E_6631909,1,none,A08
LA_E_6632883,1,ulaw,A15
LA_E_6633165,1,opus,A11
LA_E_6633214,1,alaw,A12
LA_E_6633274,1,alaw,A08
LA_E_6633324,1,opus,A16
LA_E_6633689,1,g722,A17
LA_E_6633845,1,gsm,A11
LA_E_6635639,0,opus,bonafide
LA_E_6635724,1,opus,A17
LA_E_6635744,1,g722,A19
LA_E_6635900,1,pstn,A07
LA_E_6636032,1,alaw,A18
LA_E_6636403,1,none,A17
LA_E_6636417,1,gsm,A12
LA_E_6636500,1,opus,A17
LA_E_6636951,1,ulaw,A19
LA_E_6637610,1,none,A09
LA_E_6637640,1,none,A08
LA_E_6637837,1,none,A09
LA_E_6638166,1,opus,A12
LA_E_6638419,0,alaw,bonafide
LA_E_6638659,1,opus,A08
LA_E_6638881,0,opus,bonafide
LA_E_6638950,1,none,A13
LA_E_6639053,1,gsm,A08
LA_E_6639177,1,g722,A15
LA_E_6639305,1,ulaw,A08
LA_E_6641009,1,ulaw,A09
LA_E_6641190,1,pstn,A16
LA_E_6641271,1,gsm,A13
LA_E_6641707,1,alaw,A08
LA_E_6642025,0,g722,bonafide
LA_E_6642058,1,none,A10
LA_E_6642263,1,opus,A17
LA_E_6642982,1,gsm,A14
LA_E_6643034,1,opus,A17
LA_E_6643291,1,g722,A11
LA_E_6643622,1,gsm,A07
LA_E_6643760,1,gsm,A11
LA_E_6643873,0,gsm,bonafide
LA_E_6643972,1,ulaw,A18
LA_E_6644084,1,g722,A13
LA_E_6644215,1,opus,A13
LA_E_6644355,1,opus,A14
LA_E_6644465,1,alaw,A13
LA_E_6644606,1,opus,A13
LA_E_6645205,1,gsm,A18
LA_E_6645447,1,alaw,A16
LA_E_6645831,1,opus,A07
LA_E_6646260,1,pstn,A18
LA_E_6646352,1,gsm,A12
LA_E_6647231,1,g722,A09
LA_E_6647391,1,pstn,A17
LA_E_6647623,1,pstn,A15
LA_E_6647911,1,pstn,A15
LA_E_6647939,1,gsm,A07
LA_E_6648456,1,ulaw,A19
LA_E_6648480,1,none,A11
LA_E_6648921,1,g722,A11
LA_E_6649168,0,g722,bonafide
LA_E_6649351,1,none,A08
LA_E_6650456,1,pstn,A10
LA_E_6650859,1,g722,A17
LA_E_6651012,1,pstn,A09
LA_E_6651692,1,g722,A13
LA_E_6652021,1,alaw,A15
LA_E_6652399,1,alaw,A11
LA_E_6652505,1,g722,A07
LA_E_6652831,1,gsm,A14
LA_E_6652862,1,opus,A14
LA_E_6652947,0,opus,bonafide
LA_E_6652955,1,pstn,A08
LA_E_6653311,1,ulaw,A07
LA_E_6653452,1,pstn,A07
LA_E_6653456,1,pstn,A09
LA_E_6653537,1,pstn,A14
LA_E_6655256,0,gsm,bonafide
LA_E_6655473,1,pstn,A15
LA_E_6655573,1,opus,A11
LA_E_6656395,1,ulaw,A15
LA_E_6656518,1,ulaw,A17
LA_E_6656565,1,pstn,A08
LA_E_6657044,1,opus,A15
LA_E_6657633,1,none,A12
LA_E_6657884,1,opus,A16
LA_E_6657978,1,g722,A14
LA_E_6658880,1,gsm,A19
LA_E_6660788,1,ulaw,A16
LA_E_6661050,1,opus,A08
LA_E_6661428,1,pstn,A13
LA_E_6661628,1,alaw,A17
LA_E_6661652,1,gsm,A08
LA_E_6662474,1,gsm,A16
LA_E_6662723,1,gsm,A10
LA_E_6662802,1,g722,A07
LA_E_6663079,0,gsm,bonafide
LA_E_6663235,1,g722,A10
LA_E_6663502,1,none,A19
LA_E_6663577,1,g722,A18
LA_E_6663681,1,opus,A08
LA_E_6664002,1,gsm,A18
LA_E_6664009,0,gsm,bonafide
LA_E_6664093,1,none,A12
LA_E_6664357,0,pstn,bonafide
LA_E_6664565,1,ulaw,A09
LA_E_6664593,1,opus,A09
LA_E_6664690,1,g722,A13
LA_E_6664804,1,alaw,A08
LA_E_6664969,1,pstn,A09
LA_E_6665030,0,ulaw,bonafide
LA_E_6665171,1,g722,A14
LA_E_6665552,0,opus,bonafide
LA_E_6666282,1,none,A12
LA_E_6666323,0,g722,bonafide
LA_E_6666451,1,alaw,A07
LA_E_6667084,1,g722,A07
LA_E_6668079,1,opus,A14
LA_E_6668130,1,gsm,A18
LA_E_6668647,1,none,A12
LA_E_6668670,1,alaw,A13
LA_E_6668740,1,g722,A12
LA_E_6668987,1,ulaw,A14
LA_E_6669348,1,gsm,A12
LA_E_6669376,1,g722,A14
LA_E_6669622,1,g722,A12
LA_E_6669987,1,gsm,A12
LA_E_6670027,1,alaw,A07
LA_E_6670369,1,g722,A19
LA_E_6671007,1,none,A11
LA_E_6671180,1,alaw,A09
LA_E_6671400,1,pstn,A09
LA_E_6671435,1,none,A19
LA_E_6671563,1,opus,A18
LA_E_6671670,1,pstn,A10
LA_E_6671792,1,gsm,A11
LA_E_6672284,1,gsm,A16
LA_E_6672461,1,g722,A14
LA_E_6673041,0,gsm,bonafide
LA_E_6674178,1,pstn,A12
LA_E_6675023,1,pstn,A17
LA_E_6675061,1,none,A09
LA_E_6675762,1,none,A11
LA_E_6675774,1,g722,A18
LA_E_6675794,1,none,A19
LA_E_6676007,1,gsm,A14
LA_E_6676483,1,pstn,A13
LA_E_6676768,1,opus,A19
LA_E_6676796,1,none,A13
LA_E_6677159,1,none,A13
LA_E_6677931,1,none,A16
LA_E_6677964,1,none,A16
LA_E_6678062,1,g722,A19
LA_E_6679223,1,ulaw,A16
LA_E_6679378,1,opus,A09
LA_E_6679766,1,opus,A14
LA_E_6680284,1,opus,A16
LA_E_6680321,1,pstn,A19
LA_E_6680593,0,gsm,bonafide
LA_E_6680660,1,g722,A16
LA_E_6680890,1,ulaw,A19
LA_E_6681134,1,pstn,A19
LA_E_6681197,0,alaw,bonafide
LA_E_6681573,1,ulaw,A13
LA_E_6682090,1,none,A17
LA_E_6682828,1,g722,A19
LA_E_6683122,1,alaw,A11
LA_E_6684774,0,gsm,bonafide
LA_E_6684949,1,pstn,A08
LA_E_6685185,0,ulaw,bonafide
LA_E_6685230,1,g722,A10
LA_E_6685251,1,ulaw,A11
LA_E_6685470,1,opus,A10
LA_E_6685864,1,none,A17
LA_E_6686007,1,pstn,A13
LA_E_6686282,1,gsm,A15
LA_E_6686334,1,alaw,A13
LA_E_6686617,1,none,A11
LA_E_6687059,1,g722,A15
LA_E_6687378,1,ulaw,A14
LA_E_6687923,1,g722,A14
LA_E_6688296,1,none,A18
LA_E_6688668,1,alaw,A15
LA_E_6688835,1,none,A13
LA_E_6688873,1,gsm,A19
LA_E_6689590,1,ulaw,A09
LA_E_6689741,1,ulaw,A13
LA_E_6690803,1,gsm,A13
LA_E_6691284,1,ulaw,A09
LA_E_6691419,1,opus,A15
LA_E_6691437,1,none,A09
LA_E_6691516,1,pstn,A19
LA_E_6691625,1,opus,A11
LA_E_6691822,1,g722,A11
LA_E_6691935,1,opus,A12
LA_E_6692059,1,alaw,A18
LA_E_6692724,0,ulaw,bonafide
LA_E_6692824,1,gsm,A14
LA_E_6692872,1,gsm,A10
LA_E_6693278,1,alaw,A07
LA_E_6693569,1,gsm,A14
LA_E_6694045,1,opus,A14
LA_E_6694194,1,ulaw,A13
LA_E_6694366,1,gsm,A18
LA_E_6694374,1,ulaw,A12
LA_E_6694906,1,gsm,A17
LA_E_6695201,1,ulaw,A18
LA_E_6695339,1,alaw,A16
LA_E_6696390,1,alaw,A14
LA_E_6696686,1,alaw,A19
LA_E_6696870,1,opus,A07
LA_E_6697014,1,opus,A16
LA_E_6697204,1,gsm,A17
LA_E_6697365,1,none,A15
LA_E_6697465,1,opus,A19
LA_E_6697647,1,g722,A10
LA_E_6697766,1,ulaw,A15
LA_E_6698097,1,none,A17
LA_E_6698205,1,gsm,A13
LA_E_6698365,1,ulaw,A16
LA_E_6698522,1,gsm,A15
LA_E_6700760,1,gsm,A07
LA_E_6701932,1,pstn,A13
LA_E_6702200,1,g722,A14
LA_E_6702700,0,none,bonafide
LA_E_6703061,1,opus,A07
LA_E_6703447,0,none,bonafide
LA_E_6703777,1,gsm,A19
LA_E_6703913,1,none,A07
LA_E_6703954,0,alaw,bonafide
LA_E_6703962,0,g722,bonafide
LA_E_6704469,1,alaw,A15
LA_E_6704627,1,gsm,A10
LA_E_6704649,1,alaw,A15
LA_E_6704745,1,ulaw,A11
LA_E_6705145,1,ulaw,A17
LA_E_6705382,1,alaw,A12
LA_E_6705759,1,g722,A17
LA_E_6705794,1,gsm,A17
LA_E_6705802,1,opus,A14
LA_E_6706033,1,pstn,A18
LA_E_6706192,1,gsm,A09
LA_E_6706432,1,none,A12
LA_E_6707122,1,g722,A18
LA_E_6707596,1,alaw,A14
LA_E_6707866,1,opus,A15
LA_E_6707877,1,pstn,A12
LA_E_6707900,1,alaw,A09
LA_E_6708227,1,alaw,A14
LA_E_6708407,1,alaw,A09
LA_E_6708533,1,ulaw,A12
LA_E_6708851,1,alaw,A07
LA_E_6708868,0,alaw,bonafide
LA_E_6710146,1,opus,A10
LA_E_6710161,1,ulaw,A14
LA_E_6710284,1,opus,A12
LA_E_6710969,1,gsm,A09
LA_E_6711170,1,gsm,A08
LA_E_6711580,1,ulaw,A14
LA_E_6711868,1,pstn,A18
LA_E_6712206,1,pstn,A13
LA_E_6712429,1,none,A11
LA_E_6712662,1,pstn,A15
LA_E_6712751,1,g722,A07
LA_E_6713128,0,g722,bonafide
LA_E_6713254,1,ulaw,A14
LA_E_6713787,1,opus,A10
LA_E_6713789,1,g722,A15
LA_E_6714035,0,alaw,bonafide
LA_E_6714197,1,gsm,A08
LA_E_6714253,1,gsm,A11
LA_E_6715434,1,g722,A08
LA_E_6715717,1,gsm,A17
LA_E_6715748,1,ulaw,A12
LA_E_6715906,1,alaw,A18
LA_E_6716110,1,g722,A19
LA_E_6716180,1,ulaw,A12
LA_E_6716606,1,none,A16
LA_E_6717161,1,ulaw,A11
LA_E_6717668,1,ulaw,A11
LA_E_6717732,1,gsm,A16
LA_E_6718186,1,pstn,A08
LA_E_6718207,1,alaw,A07
LA_E_6718479,1,pstn,A10
LA_E_6719335,1,g722,A15
LA_E_6719355,0,g722,bonafide
LA_E_6719764,1,ulaw,A11
LA_E_6719908,1,g722,A15
LA_E_6720389,0,none,bonafide
LA_E_6720588,1,g722,A13
LA_E_6721001,1,g722,A10
LA_E_6721488,1,pstn,A17
LA_E_6721506,1,alaw,A09
LA_E_6721573,1,alaw,A07
LA_E_6722359,0,ulaw,bonafide
LA_E_6722543,1,opus,A08
LA_E_6722878,1,ulaw,A10
LA_E_6722897,1,pstn,A10
LA_E_6722997,1,alaw,A14
LA_E_6723030,1,alaw,A17
LA_E_6723379,1,alaw,A13
LA_E_6723810,1,g722,A19
LA_E_6723899,1,alaw,A13
LA_E_6724173,1,opus,A15
LA_E_6724202,1,ulaw,A18
LA_E_6724610,1,g722,A08
LA_E_6725055,1,pstn,A12
LA_E_6725441,1,pstn,A14
LA_E_6725632,1,pstn,A11
LA_E_6725715,1,none,A14
LA_E_6727122,1,none,A07
LA_E_6727123,0,ulaw,bonafide
LA_E_6727389,1,alaw,A13
LA_E_6728007,1,alaw,A09
LA_E_6728018,1,gsm,A17
LA_E_6728093,0,opus,bonafide
LA_E_6728593,1,gsm,A08
LA_E_6729148,1,opus,A08
LA_E_6729964,1,pstn,A08
LA_E_6730032,1,gsm,A09
LA_E_6730086,1,opus,A18
LA_E_6730138,1,none,A19
LA_E_6730222,1,g722,A15
LA_E_6730390,1,g722,A11
LA_E_6730479,1,gsm,A10
LA_E_6730637,1,ulaw,A09
LA_E_6730713,1,ulaw,A17
LA_E_6730986,1,gsm,A15
LA_E_6731129,1,alaw,A12
LA_E_6731201,0,ulaw,bonafide
LA_E_6731674,0,ulaw,bonafide
LA_E_6732216,1,opus,A17
LA_E_6732478,1,none,A08
LA_E_6732489,1,pstn,A15
LA_E_6732804,1,alaw,A17
LA_E_6732820,1,none,A11
LA_E_6733095,1,g722,A09
LA_E_6733200,1,pstn,A10
LA_E_6733243,1,alaw,A18
LA_E_6733324,1,none,A13
LA_E_6733408,0,alaw,bonafide
LA_E_6733440,1,g722,A07
LA_E_6733745,1,opus,A14
LA_E_6733759,1,g722,A09
LA_E_6733991,1,gsm,A13
LA_E_6734494,1,g722,A18
LA_E_6735026,1,opus,A07
LA_E_6735310,1,alaw,A17
LA_E_6735312,1,pstn,A18
LA_E_6735559,0,ulaw,bonafide
LA_E_6735701,1,none,A10
LA_E_6735782,1,alaw,A16
LA_E_6735850,1,none,A10
LA_E_6735947,1,g722,A14
LA_E_6736052,1,pstn,A18
LA_E_6736100,1,alaw,A10
LA_E_6736142,1,ulaw,A13
LA_E_6736581,1,alaw,A14
LA_E_6736742,1,alaw,A13
LA_E_6736869,1,ulaw,A18
LA_E_6736981,1,g722,A14
LA_E_6737000,0,opus,bonafide
LA_E_6737112,1,ulaw,A12
LA_E_6737414,1,pstn,A09
LA_E_6737463,1,gsm,A12
LA_E_6737860,1,pstn,A14
LA_E_6738444,1,alaw,A12
LA_E_6738763,1,pstn,A17
LA_E_6739152,1,pstn,A07
LA_E_6739645,1,none,A08
LA_E_6739711,1,alaw,A14
LA_E_6740412,1,g722,A14
LA_E_6740548,1,alaw,A07
LA_E_6741660,1,alaw,A13
LA_E_6741960,0,opus,bonafide
LA_E_6742104,1,alaw,A07
LA_E_6743105,1,none,A15
LA_E_6743574,0,opus,bonafide
LA_E_6743717,1,gsm,A15
LA_E_6744093,1,pstn,A09
LA_E_6744164,1,gsm,A16
LA_E_6744767,1,none,A09
LA_E_6745021,1,gsm,A16
LA_E_6745319,1,g722,A08
LA_E_6745494,1,alaw,A19
LA_E_6745589,1,ulaw,A17
LA_E_6745778,0,gsm,bonafide
LA_E_6746186,1,ulaw,A15
LA_E_6747233,0,gsm,bonafide
LA_E_6747292,1,g722,A09
LA_E_6747850,1,ulaw,A08
LA_E_6748421,1,opus,A07
LA_E_6748547,1,ulaw,A19
LA_E_6748682,0,opus,bonafide
LA_E_6748690,1,alaw,A18
LA_E_6749229,0,none,bonafide
LA_E_6749233,1,alaw,A17
LA_E_6750026,1,ulaw,A07
LA_E_6750229,1,alaw,A12
LA_E_6750763,1,alaw,A16
LA_E_6750783,1,g722,A13
LA_E_6750854,1,none,A08
LA_E_6750867,1,g722,A15
LA_E_6751027,1,g722,A08
LA_E_6751204,1,alaw,A10
LA_E_6751501,1,opus,A17
LA_E_6751547,1,pstn,A08
LA_E_6751637,1,none,A17
LA_E_6751823,1,g722,A12
LA_E_6751937,1,g722,A07
LA_E_6752094,1,alaw,A18
LA_E_6752502,0,gsm,bonafide
LA_E_6752698,1,alaw,A12
LA_E_6752871,1,gsm,A08
LA_E_6753383,1,gsm,A18
LA_E_6753939,0,g722,bonafide
LA_E_6754057,1,ulaw,A15
LA_E_6754757,0,pstn,bonafide
LA_E_6755864,1,opus,A14
LA_E_6755947,0,g722,bonafide
LA_E_6756069,1,alaw,A14
LA_E_6756223,1,pstn,A19
LA_E_6756430,1,pstn,A18
LA_E_6757149,1,none,A12
LA_E_6757473,1,none,A18
LA_E_6757612,1,alaw,A10
LA_E_6758102,1,pstn,A12
LA_E_6758245,1,ulaw,A18
LA_E_6758756,1,ulaw,A11
LA_E_6758773,1,gsm,A13
LA_E_6758822,1,ulaw,A14
LA_E_6758901,1,opus,A07
LA_E_6760056,1,gsm,A14
LA_E_6760421,1,none,A10
LA_E_6760766,1,gsm,A16
LA_E_6760960,1,g722,A08
LA_E_6761615,0,pstn,bonafide
LA_E_6761880,1,ulaw,A11
LA_E_6761950,1,none,A15
LA_E_6762100,1,ulaw,A11
LA_E_6762160,0,alaw,bonafide
LA_E_6762639,1,none,A16
LA_E_6763747,1,none,A07
LA_E_6764097,1,alaw,A07
LA_E_6764208,1,pstn,A16
LA_E_6764416,0,g722,bonafide
LA_E_6764502,1,none,A07
LA_E_6764505,1,alaw,A07
LA_E_6764758,1,ulaw,A19
LA_E_6764764,1,g722,A07
LA_E_6764838,1,gsm,A15
LA_E_6765120,1,pstn,A13
LA_E_6765422,0,ulaw,bonafide
LA_E_6765449,1,gsm,A18
LA_E_6765931,1,pstn,A11
LA_E_6765973,1,gsm,A15
LA_E_6766258,1,gsm,A07
LA_E_6767113,1,g722,A13
LA_E_6767318,1,alaw,A15
LA_E_6768075,1,gsm,A13
LA_E_6769073,0,alaw,bonafide
LA_E_6769150,1,ulaw,A16
LA_E_6769375,1,ulaw,A19
LA_E_6769531,1,gsm,A18
LA_E_6769676,1,gsm,A12
LA_E_6770079,1,alaw,A16
LA_E_6770474,0,gsm,bonafide
LA_E_6770629,1,none,A07
LA_E_6770809,1,none,A08
LA_E_6771076,1,pstn,A13
LA_E_6772009,1,none,A11
LA_E_6772253,1,opus,A17
LA_E_6772730,1,ulaw,A18
LA_E_6772749,1,ulaw,A12
LA_E_6772766,1,opus,A19
LA_E_6773141,1,g722,A07
LA_E_6773416,0,none,bonafide
LA_E_6773652,1,pstn,A11
LA_E_6773762,1,alaw,A15
LA_E_6774163,0,none,bonafide
LA_E_6774296,1,g722,A17
LA_E_6774322,1,ulaw,A09
LA_E_6774332,1,pstn,A17
LA_E_6774352,1,ulaw,A11
LA_E_6774371,1,ulaw,A13
LA_E_6774461,1,gsm,A12
LA_E_6774537,1,g722,A18
LA_E_6774734,1,ulaw,A14
LA_E_6774963,1,opus,A11
LA_E_6775363,1,alaw,A17
LA_E_6775632,1,ulaw,A15
LA_E_6776111,1,g722,A10
LA_E_6776305,1,opus,A11
LA_E_6776628,1,opus,A11
LA_E_6776648,1,pstn,A10
LA_E_6776957,1,pstn,A11
LA_E_6777015,1,ulaw,A08
LA_E_6777042,1,gsm,A14
LA_E_6777102,1,alaw,A15
LA_E_6777331,1,gsm,A16
LA_E_6777518,1,opus,A12
LA_E_6777632,1,none,A18
LA_E_6777728,1,ulaw,A14
LA_E_6777822,1,opus,A18
LA_E_6778405,1,gsm,A19
LA_E_6778607,1,none,A14
LA_E_6778623,0,g722,bonafide
LA_E_6779142,1,opus,A13
LA_E_6779221,1,opus,A19
LA_E_6779608,1,g722,A19
LA_E_6780155,1,g722,A17
LA_E_6780192,1,pstn,A17
LA_E_6780741,0,ulaw,bonafide
LA_E_6781254,1,ulaw,A16
LA_E_6781639,1,opus,A09
LA_E_6782584,1,pstn,A12
LA_E_6782632,1,alaw,A13
LA_E_6782658,1,alaw,A19
LA_E_6782731,1,gsm,A19
LA_E_6782799,0,ulaw,bonafide
LA_E_6782849,0,alaw,bonafide
LA_E_6782959,0,opus,bonafide
LA_E_6783050,1,none,A13
LA_E_6783265,0,gsm,bonafide
LA_E_6784669,1,opus,A14
LA_E_6784803,1,pstn,A14
LA_E_6784969,1,alaw,A17
LA_E_6785498,1,gsm,A11
LA_E_6786093,1,none,A19
LA_E_6786334,1,none,A15
LA_E_6786755,1,alaw,A13
LA_E_6787038,1,pstn,A18
LA_E_6787306,1,none,A16
LA_E_6787639,1,g722,A17
LA_E_6787953,1,ulaw,A09
LA_E_6788015,1,gsm,A16
LA_E_6788295,1,g722,A14
LA_E_6788700,1,ulaw,A08
LA_E_6788930,1,gsm,A17
LA_E_6789111,1,g722,A08
LA_E_6789251,1,opus,A14
LA_E_6789903,1,gsm,A10
LA_E_6790111,1,pstn,A18
LA_E_6790628,0,g722,bonafide
LA_E_6791074,1,g722,A18
LA_E_6791341,1,opus,A07
LA_E_6791735,1,g722,A10
LA_E_6792153,1,alaw,A12
LA_E_6792823,1,g722,A15
LA_E_6792945,1,ulaw,A09
LA_E_6792968,1,gsm,A17
LA_E_6793156,1,alaw,A10
LA_E_6793776,1,pstn,A07
LA_E_6793873,1,gsm,A17
LA_E_6794251,1,pstn,A11
LA_E_6794537,1,gsm,A15
LA_E_6795053,1,alaw,A11
LA_E_6795150,1,alaw,A07
LA_E_6795269,0,none,bonafide
LA_E_6795287,1,none,A16
LA_E_6795299,1,g722,A12
LA_E_6795590,1,g722,A07
LA_E_6795730,1,ulaw,A16
LA_E_6795870,1,pstn,A09
LA_E_6795944,1,gsm,A14
LA_E_6796307,1,g722,A17
LA_E_6796721,1,pstn,A08
LA_E_6796735,1,opus,A16
LA_E_6797686,1,g722,A18
LA_E_6798713,1,pstn,A19
LA_E_6799029,1,ulaw,A16
LA_E_6799333,1,alaw,A12
LA_E_6799371,1,none,A14
LA_E_6799823,1,gsm,A15
LA_E_6800440,1,gsm,A17
LA_E_6800496,1,alaw,A14
LA_E_6800553,0,opus,bonafide
LA_E_6800574,1,none,A09
LA_E_6800735,1,pstn,A10
LA_E_6801029,1,pstn,A11
LA_E_6801179,1,opus,A14
LA_E_6801332,1,alaw,A16
LA_E_6801396,1,alaw,A18
LA_E_6801449,1,opus,A16
LA_E_6801529,0,alaw,bonafide
LA_E_6802095,1,pstn,A09
LA_E_6802345,1,alaw,A10
LA_E_6803042,1,ulaw,A07
LA_E_6803115,1,g722,A08
LA_E_6803538,1,alaw,A12
LA_E_6803693,1,alaw,A13
LA_E_6803758,1,alaw,A09
LA_E_6803890,1,alaw,A12
LA_E_6803916,1,ulaw,A13
LA_E_6804400,1,ulaw,A12
LA_E_6805003,1,ulaw,A08
LA_E_6805215,1,none,A14
LA_E_6805240,0,pstn,bonafide
LA_E_6805649,0,ulaw,bonafide
LA_E_6806126,1,pstn,A08
LA_E_6806308,1,g722,A17
LA_E_6806412,1,ulaw,A07
LA_E_6806463,1,opus,A12
LA_E_6807028,1,opus,A07
LA_E_6807054,1,opus,A07
LA_E_6807138,1,ulaw,A14
LA_E_6807902,1,alaw,A12
LA_E_6808731,1,gsm,A13
LA_E_6808798,1,ulaw,A09
LA_E_6809071,1,opus,A10
LA_E_6809072,1,ulaw,A16
LA_E_6809125,1,g722,A07
LA_E_6809773,1,gsm,A15
LA_E_6810201,1,ulaw,A11
LA_E_6810859,1,g722,A11
LA_E_6811136,1,g722,A08
LA_E_6811256,1,g722,A16
LA_E_6811751,1,gsm,A19
LA_E_6812208,1,alaw,A11
LA_E_6812261,0,gsm,bonafide
LA_E_6812483,1,alaw,A18
LA_E_6812627,1,none,A13
LA_E_6812716,1,ulaw,A17
LA_E_6812919,1,ulaw,A17
LA_E_6813196,1,alaw,A15
LA_E_6813497,1,pstn,A11
LA_E_6813969,1,alaw,A14
LA_E_6815481,1,pstn,A10
LA_E_6815810,1,g722,A12
LA_E_6816136,0,pstn,bonafide
LA_E_6816213,0,opus,bonafide
LA_E_6816410,0,ulaw,bonafide
LA_E_6816687,1,pstn,A13
LA_E_6816911,1,gsm,A11
LA_E_6817075,0,gsm,bonafide
LA_E_6817083,1,none,A12
LA_E_6817295,1,g722,A11
LA_E_6817443,1,alaw,A13
LA_E_6818057,1,pstn,A16
LA_E_6818277,1,ulaw,A15
LA_E_6818298,1,g722,A19
LA_E_6818616,1,gsm,A09
LA_E_6818734,1,alaw,A13
LA_E_6818868,1,none,A12
LA_E_6819618,1,gsm,A12
LA_E_6819619,0,gsm,bonafide
LA_E_6819661,1,g722,A14
LA_E_6820070,1,opus,A15
LA_E_6820345,1,pstn,A18
LA_E_6820783,1,none,A10
LA_E_6821636,1,opus,A12
LA_E_6821905,1,g722,A12
LA_E_6822412,1,ulaw,A15
LA_E_6822687,1,pstn,A12
LA_E_6822713,1,alaw,A15
LA_E_6822750,0,opus,bonafide
LA_E_6823581,1,g722,A08
LA_E_6823780,1,ulaw,A13
LA_E_6823800,1,ulaw,A17
LA_E_6824177,1,opus,A15
LA_E_6824193,0,none,bonafide
LA_E_6824287,1,none,A12
LA_E_6824614,1,pstn,A13
LA_E_6825054,1,gsm,A07
LA_E_6825158,0,ulaw,bonafide
LA_E_6825541,1,opus,A07
LA_E_6825666,1,alaw,A08
LA_E_6825771,1,opus,A08
LA_E_6826370,1,alaw,A14
LA_E_6826389,1,alaw,A14
LA_E_6826536,1,alaw,A19
LA_E_6826652,0,pstn,bonafide
LA_E_6826662,1,opus,A15
LA_E_6826713,1,g722,A14
LA_E_6827074,1,ulaw,A19
LA_E_6827652,1,none,A15
LA_E_6828160,1,opus,A17
LA_E_6828795,1,opus,A08
LA_E_6828918,1,alaw,A16
LA_E_6828959,1,gsm,A15
LA_E_6829051,1,opus,A17
LA_E_6829470,1,opus,A10
LA_E_6829644,0,none,bonafide
LA_E_6829884,1,gsm,A17
LA_E_6829994,1,alaw,A18
LA_E_6830232,1,alaw,A10
LA_E_6830261,1,opus,A16
LA_E_6830281,1,alaw,A13
LA_E_6830604,1,ulaw,A08
LA_E_6830858,1,pstn,A17
LA_E_6831029,1,g722,A17
LA_E_6831668,1,none,A18
LA_E_6831715,1,gsm,A17
LA_E_6831826,1,opus,A15
LA_E_6832018,1,ulaw,A17
LA_E_6832221,1,gsm,A11
LA_E_6832717,0,gsm,bonafide
LA_E_6832844,1,gsm,A09
LA_E_6834503,1,pstn,A07
LA_E_6834570,1,alaw,A09
LA_E_6834737,1,opus,A17
LA_E_6834879,1,ulaw,A11
LA_E_6834952,1,g722,A17
LA_E_6835173,1,none,A14
LA_E_6835555,1,opus,A13
LA_E_6835802,1,none,A07
LA_E_6836196,1,pstn,A13
LA_E_6836776,1,alaw,A16
LA_E_6836954,1,gsm,A14
LA_E_6837021,1,ulaw,A17
LA_E_6837178,0,pstn,bonafide
LA_E_6837280,1,none,A18
LA_E_6837395,1,gsm,A11
LA_E_6837413,0,opus,bonafide
LA_E_6838632,1,gsm,A13
LA_E_6838745,1,alaw,A12
LA_E_6838951,0,gsm,bonafide
LA_E_6839127,0,g722,bonafide
LA_E_6839137,1,ulaw,A12
LA_E_6839193,1,ulaw,A12
LA_E_6840263,1,g722,A19
LA_E_6840467,1,ulaw,A15
LA_E_6841618,1,ulaw,A14
LA_E_6842143,1,gsm,A08
LA_E_6843684,1,pstn,A10
LA_E_6844068,1,ulaw,A08
LA_E_6844071,1,ulaw,A08
LA_E_6844268,1,ulaw,A13
LA_E_6844270,1,opus,A07
LA_E_6844325,1,g722,A11
LA_E_6845297,1,ulaw,A07
LA_E_6846295,1,pstn,A19
LA_E_6846401,0,ulaw,bonafide
LA_E_6846886,1,ulaw,A16
LA_E_6846896,1,opus,A14
LA_E_6847914,1,pstn,A11
LA_E_6848375,1,opus,A16
LA_E_6848684,1,alaw,A13
LA_E_6849052,1,ulaw,A11
LA_E_6849915,1,opus,A12
LA_E_6849935,1,alaw,A10
LA_E_6849950,1,opus,A18
LA_E_6850393,1,pstn,A09
LA_E_6851209,1,ulaw,A15
LA_E_6851485,1,opus,A18
LA_E_6851492,1,alaw,A17
LA_E_6851896,1,ulaw,A17
LA_E_6851967,0,pstn,bonafide
LA_E_6852161,1,gsm,A10
LA_E_6852956,1,none,A07
LA_E_6854065,1,g722,A15
LA_E_6854114,1,ulaw,A18
LA_E_6854388,0,ulaw,bonafide
LA_E_6855047,1,ulaw,A11
LA_E_6855127,1,pstn,A07
LA_E_6855327,1,ulaw,A18
LA_E_6855557,1,none,A17
LA_E_6856205,1,none,A18
LA_E_6856267,1,none,A14
LA_E_6856482,0,alaw,bonafide
LA_E_6857020,1,pstn,A14
LA_E_6857819,1,none,A08
LA_E_6857958,1,ulaw,A10
LA_E_6858206,1,none,A10
LA_E_6858431,1,ulaw,A17
LA_E_6858541,1,ulaw,A13
LA_E_6858783,1,gsm,A10
LA_E_6859022,1,g722,A15
LA_E_6859413,1,pstn,A17
LA_E_6859689,1,none,A07
LA_E_6860478,1,ulaw,A12
LA_E_6860564,1,none,A16
LA_E_6861108,1,none,A07
LA_E_6861870,1,g722,A17
LA_E_6862065,0,ulaw,bonafide
LA_E_6862116,1,ulaw,A18
LA_E_6862168,1,gsm,A13
LA_E_6862174,1,gsm,A11
LA_E_6862413,0,gsm,bonafide
LA_E_6862499,1,g722,A11
LA_E_6862640,1,pstn,A11
LA_E_6863223,1,none,A08
LA_E_6863635,1,opus,A15
LA_E_6864240,0,opus,bonafide
LA_E_6864351,1,g722,A12
LA_E_6864868,1,none,A11
LA_E_6865279,1,none,A14
LA_E_6865476,0,opus,bonafide
LA_E_6865826,1,g722,A12
LA_E_6866159,1,alaw,A07
LA_E_6866224,1,none,A19
LA_E_6866791,1,g722,A16
LA_E_6866797,1,pstn,A15
LA_E_6866886,1,ulaw,A07
LA_E_6866971,1,opus,A08
LA_E_6867564,1,none,A09
LA_E_6868135,1,opus,A14
LA_E_6868152,1,alaw,A17
LA_E_6868219,1,alaw,A13
LA_E_6868646,1,pstn,A08
LA_E_6868720,1,opus,A11
LA_E_6869039,1,alaw,A19
LA_E_6870112,1,ulaw,A18
LA_E_6870362,1,g722,A16
LA_E_6870391,1,opus,A17
LA_E_6870458,1,ulaw,A13
LA_E_6870481,1,pstn,A11
LA_E_6870911,1,none,A12
LA_E_6871098,1,ulaw,A11
LA_E_6872466,1,g722,A11
LA_E_6872658,1,opus,A08
LA_E_6872662,1,pstn,A11
LA_E_6873284,1,none,A17
LA_E_6873596,1,pstn,A18
LA_E_6874107,1,alaw,A16
LA_E_6874686,1,ulaw,A10
LA_E_6875096,1,gsm,A07
LA_E_6875138,1,none,A18
LA_E_6875351,1,pstn,A08
LA_E_6876025,1,none,A07
LA_E_6876616,1,gsm,A18
LA_E_6876644,0,pstn,bonafide
LA_E_6876819,1,ulaw,A18
LA_E_6876902,1,g722,A16
LA_E_6877674,1,g722,A07
LA_E_6877845,1,gsm,A10
LA_E_6878042,1,gsm,A13
LA_E_6878872,1,opus,A16
LA_E_6878912,1,alaw,A17
LA_E_6880875,1,alaw,A17
LA_E_6881253,0,none,bonafide
LA_E_6882554,1,gsm,A16
LA_E_6882907,1,opus,A07
LA_E_6883022,1,opus,A10
LA_E_6883023,1,gsm,A10
LA_E_6883477,1,gsm,A11
LA_E_6883663,1,gsm,A19
LA_E_6883831,0,ulaw,bonafide
LA_E_6883925,1,opus,A19
LA_E_6884519,1,ulaw,A07
LA_E_6885018,1,g722,A10
LA_E_6885074,1,none,A17
LA_E_6885216,1,none,A10
LA_E_6885301,1,ulaw,A14
LA_E_6885556,1,alaw,A16
LA_E_6885638,1,gsm,A13
LA_E_6885783,1,ulaw,A14
LA_E_6886084,1,gsm,A16
LA_E_6886245,1,g722,A13
LA_E_6886261,1,opus,A07
LA_E_6886366,1,ulaw,A18
LA_E_6886484,1,ulaw,A13
LA_E_6886600,0,gsm,bonafide
LA_E_6886884,0,opus,bonafide
LA_E_6887035,1,opus,A07
LA_E_6887096,1,none,A12
LA_E_6887171,0,opus,bonafide
LA_E_6887180,1,opus,A15
LA_E_6887363,1,alaw,A19
LA_E_6887554,1,alaw,A10
LA_E_6888092,1,alaw,A10
LA_E_6888522,1,opus,A09
LA_E_6888657,1,alaw,A16
LA_E_6888955,1,gsm,A16
LA_E_6888966,1,none,A08
LA_E_6889804,1,opus,A19
LA_E_6889963,1,g722,A15
LA_E_6890194,0,none,bonafide
LA_E_6890245,1,alaw,A12
LA_E_6890518,1,ulaw,A14
LA_E_6891245,0,opus,bonafide
LA_E_6891320,1,opus,A18
LA_E_6891475,1,none,A08
LA_E_6892753,1,gsm,A12
LA_E_6892893,0,gsm,bonafide
LA_E_6892926,1,ulaw,A11
LA_E_6894216,1,alaw,A15
LA_E_6894257,1,opus,A16
LA_E_6894308,1,opus,A13
LA_E_6894635,1,none,A19
LA_E_6894649,1,g722,A09
LA_E_6894854,1,ulaw,A07
LA_E_6895009,1,opus,A17
LA_E_6895199,1,g722,A17
LA_E_6895271,0,gsm,bonafide
LA_E_6896403,0,ulaw,bonafide
LA_E_6897225,1,none,A10
LA_E_6897390,1,ulaw,A11
LA_E_6897473,1,g722,A15
LA_E_6897889,1,none,A19
LA_E_6897944,1,gsm,A16
LA_E_6898202,0,opus,bonafide
LA_E_6898622,1,ulaw,A09
LA_E_6899232,1,none,A15
LA_E_6899617,1,pstn,A14
LA_E_6899785,1,opus,A12
LA_E_6899829,1,g722,A07
LA_E_6899852,1,gsm,A09
LA_E_6899853,0,g722,bonafide
LA_E_6899935,1,g722,A17
LA_E_6900072,1,g722,A17
LA_E_6900078,1,pstn,A16
LA_E_6900095,1,ulaw,A15
LA_E_6900475,1,pstn,A16
LA_E_6900876,1,opus,A18
LA_E_6900946,1,gsm,A12
LA_E_6901230,1,opus,A07
LA_E_6901734,1,opus,A16
LA_E_6901820,1,g722,A13
LA_E_6901860,0,opus,bonafide
LA_E_6902357,1,g722,A07
LA_E_6902383,0,opus,bonafide
LA_E_6902389,1,pstn,A12
LA_E_6903944,0,alaw,bonafide
LA_E_6904601,1,gsm,A17
LA_E_6904927,1,ulaw,A08
LA_E_6904954,1,pstn,A12
LA_E_6905913,1,none,A13
LA_E_6905947,1,opus,A13
LA_E_6906212,1,alaw,A07
LA_E_6906498,1,g722,A07
LA_E_6906825,1,none,A10
LA_E_6906974,1,ulaw,A18
LA_E_6907463,1,pstn,A17
LA_E_6908217,0,alaw,bonafide
LA_E_6908511,1,pstn,A14
LA_E_6908685,1,alaw,A11
LA_E_6908833,1,ulaw,A18
LA_E_6909692,1,pstn,A13
LA_E_6910027,1,gsm,A18
LA_E_6910479,1,opus,A13
LA_E_6910593,1,g722,A08
LA_E_6910880,1,alaw,A08
LA_E_6910901,1,opus,A15
LA_E_6911996,1,ulaw,A13
LA_E_6912359,1,ulaw,A17
LA_E_6912634,1,alaw,A12
LA_E_6912809,1,pstn,A16
LA_E_6912839,1,pstn,A08
LA_E_6912891,1,gsm,A13
LA_E_6913084,1,gsm,A13
LA_E_6913326,1,opus,A18
LA_E_6913558,1,g722,A17
LA_E_6913564,1,ulaw,A08
LA_E_6913841,1,gsm,A08
LA_E_6913903,1,g722,A09
LA_E_6914462,1,none,A17
LA_E_6914957,1,opus,A17
LA_E_6915057,1,gsm,A08
LA_E_6915429,1,g722,A07
LA_E_6915558,1,none,A10
LA_E_6915907,1,g722,A18
LA_E_6916883,1,opus,A18
LA_E_6917169,1,none,A17
LA_E_6917255,1,none,A15
LA_E_6917303,1,pstn,A08
LA_E_6917343,1,none,A12
LA_E_6917494,0,g722,bonafide
LA_E_6917952,1,opus,A13
LA_E_6918012,1,none,A09
LA_E_6918034,1,ulaw,A17
LA_E_6918085,1,pstn,A07
LA_E_6918265,1,gsm,A15
LA_E_6918330,1,g722,A14
LA_E_6918417,0,alaw,bonafide
LA_E_6919090,1,pstn,A07
LA_E_6919258,1,ulaw,A19
LA_E_6919527,1,ulaw,A19
LA_E_6919790,1,alaw,A17
LA_E_6919803,1,none,A15
LA_E_6919870,1,none,A12
LA_E_6920540,1,ulaw,A13
LA_E_6920655,1,none,A11
LA_E_6920787,1,pstn,A15
LA_E_6921485,1,g722,A08
LA_E_6921559,1,ulaw,A14
LA_E_6921730,1,alaw,A19
LA_E_6921815,1,ulaw,A09
LA_E_6921919,0,none,bonafide
LA_E_6921946,0,opus,bonafide
LA_E_6922270,1,gsm,A10
LA_E_6922488,1,opus,A09
LA_E_6922740,1,opus,A12
LA_E_6923142,0,ulaw,bonafide
LA_E_6923277,1,g722,A15
LA_E_6923521,1,gsm,A07
LA_E_6923703,1,alaw,A07
LA_E_6923909,1,gsm,A14
LA_E_6924021,1,pstn,A09
LA_E_6924079,1,gsm,A07
LA_E_6924239,1,pstn,A12
LA_E_6924757,1,none,A14
LA_E_6924997,1,ulaw,A13
LA_E_6925282,1,opus,A17
LA_E_6925405,1,g722,A10
LA_E_6925545,1,opus,A16
LA_E_6926018,0,g722,bonafide
LA_E_6926087,1,none,A12
LA_E_6926466,1,opus,A14
LA_E_6926983,1,gsm,A08
LA_E_6927076,1,none,A16
LA_E_6927150,1,none,A07
LA_E_6927511,1,none,A14
LA_E_6927594,1,ulaw,A11
LA_E_6927610,1,alaw,A08
LA_E_6927868,0,gsm,bonafide
LA_E_6928331,1,g722,A10
LA_E_6929089,1,ulaw,A14
LA_E_6929261,0,ulaw,bonafide
LA_E_6929348,1,gsm,A15
LA_E_6929831,1,g722,A09
LA_E_6930356,1,none,A16
LA_E_6930621,1,ulaw,A17
LA_E_6931032,1,alaw,A11
LA_E_6931070,1,opus,A16
LA_E_6931418,1,ulaw,A09
LA_E_6931463,1,alaw,A08
LA_E_6931584,1,gsm,A13
LA_E_6931791,1,ulaw,A19
LA_E_6931830,1,ulaw,A15
LA_E_6932280,1,pstn,A13
LA_E_6932994,1,pstn,A07
LA_E_6933035,1,none,A15
LA_E_6933273,1,gsm,A14
LA_E_6933279,1,alaw,A19
LA_E_6933534,1,gsm,A17
LA_E_6934057,0,alaw,bonafide
LA_E_6934095,1,g722,A15
LA_E_6934156,1,alaw,A18
LA_E_6934430,1,ulaw,A13
LA_E_6934592,1,none,A18
LA_E_6934922,1,ulaw,A07
LA_E_6934947,1,g722,A08
LA_E_6935127,1,none,A10
LA_E_6935614,0,none,bonafide
LA_E_6935617,1,pstn,A12
LA_E_6935773,1,alaw,A10
LA_E_6936671,1,alaw,A16
LA_E_6937644,1,g722,A13
LA_E_6937703,1,g722,A17
LA_E_6937954,1,opus,A07
LA_E_6937974,1,ulaw,A08
LA_E_6938155,1,gsm,A07
LA_E_6938445,1,ulaw,A12
LA_E_6938920,1,gsm,A19
LA_E_6938972,1,gsm,A16
LA_E_6939109,1,none,A07
LA_E_6939284,1,alaw,A13
LA_E_6940344,1,opus,A18
LA_E_6940572,1,opus,A08
LA_E_6940658,1,ulaw,A11
LA_E_6940779,1,g722,A11
LA_E_6941228,1,none,A19
LA_E_6941591,0,opus,bonafide
LA_E_6941602,1,none,A16
LA_E_6941895,1,none,A13
LA_E_6942097,0,gsm,bonafide
LA_E_6942888,1,ulaw,A16
LA_E_6943582,1,opus,A10
LA_E_6943719,1,opus,A12
LA_E_6943896,1,alaw,A13
LA_E_6944235,1,ulaw,A10
LA_E_6944382,1,none,A19
LA_E_6944614,1,pstn,A14
LA_E_6944851,1,alaw,A14
LA_E_6945101,1,none,A16
LA_E_6945185,1,opus,A12
LA_E_6945252,1,ulaw,A19
LA_E_6945506,1,alaw,A16
LA_E_6945527,0,opus,bonafide
LA_E_6946143,1,gsm,A12
LA_E_6946152,1,gsm,A13
LA_E_6946307,1,g722,A14
LA_E_6946541,1,alaw,A16
LA_E_6947776,0,alaw,bonafide
LA_E_6947916,1,ulaw,A16
LA_E_6947968,1,alaw,A11
LA_E_6948088,1,ulaw,A14
LA_E_6948908,1,g722,A14
LA_E_6949305,1,none,A19
LA_E_6949959,1,ulaw,A17
LA_E_6950386,1,pstn,A07
LA_E_6950601,1,g722,A14
LA_E_6950935,1,gsm,A18
LA_E_6951607,1,opus,A18
LA_E_6951670,1,pstn,A13
LA_E_6952135,0,none,bonafide
LA_E_6953255,1,opus,A07
LA_E_6953278,1,alaw,A10
LA_E_6953516,1,g722,A19
LA_E_6953771,1,none,A14
LA_E_6955212,1,opus,A12
LA_E_6955374,1,gsm,A15
LA_E_6955534,1,ulaw,A10
LA_E_6955597,1,gsm,A18
LA_E_6955836,0,alaw,bonafide
LA_E_6955882,1,alaw,A13
LA_E_6956090,1,none,A13
LA_E_6956729,1,g722,A08
LA_E_6957028,1,g722,A15
LA_E_6957323,1,alaw,A14
LA_E_6957333,1,ulaw,A10
LA_E_6957519,1,alaw,A17
LA_E_6957535,1,alaw,A07
LA_E_6957859,1,ulaw,A07
LA_E_6957959,1,pstn,A16
LA_E_6958149,1,alaw,A17
LA_E_6958338,1,none,A12
LA_E_6958580,1,gsm,A14
LA_E_6959221,1,none,A18
LA_E_6959878,1,ulaw,A15
LA_E_6959950,1,ulaw,A14
LA_E_6960214,1,pstn,A14
LA_E_6960215,1,none,A19
LA_E_6960538,1,pstn,A09
LA_E_6960865,0,pstn,bonafide
LA_E_6961693,1,gsm,A13
LA_E_6961789,1,ulaw,A19
LA_E_6961914,0,none,bonafide
LA_E_6962278,1,none,A14
LA_E_6962754,1,gsm,A10
LA_E_6962952,1,gsm,A19
LA_E_6963124,1,alaw,A08
LA_E_6963199,1,ulaw,A16
LA_E_6963202,1,pstn,A08
LA_E_6963211,0,none,bonafide
LA_E_6963410,1,gsm,A13
LA_E_6963813,1,pstn,A13
LA_E_6963816,1,alaw,A08
LA_E_6964102,1,alaw,A17
LA_E_6964273,1,alaw,A09
LA_E_6964319,1,ulaw,A14
LA_E_6964337,1,opus,A08
LA_E_6965019,1,opus,A16
LA_E_6965327,1,gsm,A11
LA_E_6965821,1,alaw,A19
LA_E_6965859,1,opus,A15
LA_E_6965913,0,opus,bonafide
LA_E_6966036,1,alaw,A17
LA_E_6967361,1,none,A16
LA_E_6967786,1,alaw,A12
LA_E_6967940,1,ulaw,A15
LA_E_6968377,1,ulaw,A07
LA_E_6968446,1,ulaw,A08
LA_E_6968779,1,alaw,A18
LA_E_6969755,1,pstn,A17
LA_E_6970053,1,none,A16
LA_E_6970423,1,g722,A10
LA_E_6970921,1,g722,A09
LA_E_6971332,1,ulaw,A16
LA_E_6971558,0,alaw,bonafide
LA_E_6971669,1,gsm,A07
LA_E_6972256,1,pstn,A11
LA_E_6972271,1,pstn,A10
LA_E_6972649,1,gsm,A16
LA_E_6973743,1,gsm,A11
LA_E_6974210,0,opus,bonafide
LA_E_6974978,1,gsm,A18
LA_E_6975326,1,none,A09
LA_E_6975488,1,opus,A10
LA_E_6975542,1,opus,A17
LA_E_6975621,1,g722,A08
LA_E_6976161,1,pstn,A09
LA_E_6976370,1,g722,A16
LA_E_6976701,1,opus,A14
LA_E_6977749,1,pstn,A17
LA_E_6977776,1,opus,A17
LA_E_6977942,1,g722,A07
LA_E_6978307,1,none,A09
LA_E_6979096,0,opus,bonafide
LA_E_6979585,1,gsm,A07
LA_E_6979881,1,none,A07
LA_E_6980100,1,none,A19
LA_E_6980295,1,g722,A12
LA_E_6980477,1,none,A16
LA_E_6980827,1,ulaw,A19
LA_E_6980959,1,gsm,A08
LA_E_6981013,1,g722,A19
LA_E_6981220,0,opus,bonafide
LA_E_6982036,1,ulaw,A13
LA_E_6982952,0,ulaw,bonafide
LA_E_6983021,1,none,A10
LA_E_6983311,1,g722,A17
LA_E_6983709,1,none,A12
LA_E_6984131,0,none,bonafide
LA_E_6984314,1,ulaw,A19
LA_E_6984630,1,ulaw,A17
LA_E_6985766,1,none,A07
LA_E_6985820,1,opus,A13
LA_E_6985917,1,gsm,A17
LA_E_6985948,0,ulaw,bonafide
LA_E_6985991,0,g722,bonafide
LA_E_6986430,1,none,A08
LA_E_6986476,1,gsm,A07
LA_E_6986674,1,ulaw,A11
LA_E_6986715,1,opus,A07
LA_E_6986829,1,g722,A12
LA_E_6987683,1,g722,A18
LA_E_6987837,1,alaw,A18
LA_E_6987857,1,opus,A19
LA_E_6987990,1,pstn,A12
LA_E_6988198,1,gsm,A09
LA_E_6988580,1,gsm,A10
LA_E_6988605,1,gsm,A14
LA_E_6988739,1,opus,A12
LA_E_6989236,1,g722,A16
LA_E_6989300,1,pstn,A13
LA_E_6990127,1,opus,A07
LA_E_6990258,1,ulaw,A15
LA_E_6990823,1,opus,A13
LA_E_6991511,1,opus,A16
LA_E_6991872,1,g722,A13
LA_E_6992718,1,opus,A09
LA_E_6992805,1,opus,A16
LA_E_6992971,1,opus,A14
LA_E_6993827,1,g722,A15
LA_E_6994162,1,alaw,A10
LA_E_6994724,1,ulaw,A19
LA_E_6994901,1,pstn,A10
LA_E_6995535,1,pstn,A16
LA_E_6995536,1,ulaw,A19
LA_E_6996792,1,pstn,A08
LA_E_6996985,1,pstn,A19
LA_E_6996990,1,opus,A12
LA_E_6997257,0,alaw,bonafide
LA_E_6997678,1,ulaw,A17
LA_E_6997997,1,opus,A13
LA_E_6998057,1,g722,A07
LA_E_6998491,1,opus,A11
LA_E_6998522,1,pstn,A15
LA_E_6998597,1,alaw,A13
LA_E_6998769,1,pstn,A19
LA_E_6998818,1,ulaw,A12
LA_E_6998928,1,alaw,A12
LA_E_6999142,1,opus,A12
LA_E_6999282,1,gsm,A11
LA_E_6999827,1,alaw,A17
LA_E_6999878,1,ulaw,A13
LA_E_7000327,1,gsm,A18
LA_E_7000510,1,ulaw,A15
LA_E_7000690,1,gsm,A08
LA_E_7000729,1,none,A19
LA_E_7000825,1,g722,A11
LA_E_7000879,1,g722,A17
LA_E_7001804,1,gsm,A12
LA_E_7001821,1,gsm,A17
LA_E_7002002,1,none,A08
LA_E_7002235,0,gsm,bonafide
LA_E_7002532,0,pstn,bonafide
LA_E_7003120,1,gsm,A16
LA_E_7003239,1,ulaw,A11
LA_E_7003512,1,alaw,A07
LA_E_7003752,1,none,A16
LA_E_7005183,1,alaw,A11
LA_E_7005354,1,ulaw,A12
LA_E_7005377,1,ulaw,A17
LA_E_7005418,1,alaw,A17
LA_E_7005483,0,opus,bonafide
LA_E_7005749,1,pstn,A14
LA_E_7005910,1,gsm,A07
LA_E_7005932,1,none,A18
LA_E_7006022,1,gsm,A14
LA_E_7006247,1,ulaw,A16
LA_E_7006331,1,ulaw,A08
LA_E_7006405,1,none,A15
LA_E_7007685,1,ulaw,A14
LA_E_7007842,1,ulaw,A11
LA_E_7007949,1,g722,A07
LA_E_7008119,1,none,A18
LA_E_7008263,1,opus,A09
LA_E_7008394,0,opus,bonafide
LA_E_7008494,1,g722,A14
LA_E_7008820,0,ulaw,bonafide
LA_E_7008921,1,opus,A14
LA_E_7010695,1,alaw,A15
LA_E_7011245,1,pstn,A16
LA_E_7011688,1,gsm,A18
LA_E_7012555,1,ulaw,A07
LA_E_7012750,1,alaw,A08
LA_E_7013735,1,ulaw,A16
LA_E_7013799,0,ulaw,bonafide
LA_E_7013900,1,none,A09
LA_E_7014052,1,ulaw,A07
LA_E_7015547,1,gsm,A19
LA_E_7015647,0,none,bonafide
LA_E_7016215,1,opus,A12
LA_E_7016685,1,none,A12
LA_E_7016901,0,g722,bonafide
LA_E_7016989,0,opus,bonafide
LA_E_7017014,1,ulaw,A10
LA_E_7017771,1,opus,A09
LA_E_7017803,1,pstn,A17
LA_E_7017934,1,pstn,A11
LA_E_7018029,1,pstn,A12
LA_E_7018572,1,none,A19
LA_E_7018899,1,pstn,A16
LA_E_7019268,1,opus,A10
LA_E_7019364,1,opus,A07
LA_E_7019428,1,opus,A17
LA_E_7019554,1,pstn,A11
LA_E_7019726,1,g722,A13
LA_E_7020288,1,pstn,A08
LA_E_7020539,1,gsm,A10
LA_E_7020862,1,opus,A16
LA_E_7021286,1,ulaw,A14
LA_E_7021489,1,opus,A16
LA_E_7021862,1,gsm,A19
LA_E_7022108,1,alaw,A10
LA_E_7022163,1,pstn,A18
LA_E_7022255,1,ulaw,A16
LA_E_7022730,1,none,A15
LA_E_7023087,1,g722,A10
LA_E_7023398,1,ulaw,A15
LA_E_7023660,1,ulaw,A08
LA_E_7023838,1,alaw,A12
LA_E_7023885,1,gsm,A09
LA_E_7024232,0,g722,bonafide
LA_E_7024504,1,g722,A08
LA_E_7024597,1,g722,A11
LA_E_7024598,1,ulaw,A07
LA_E_7025594,1,ulaw,A15
LA_E_7025642,1,opus,A14
LA_E_7025812,1,pstn,A15
LA_E_7025992,1,alaw,A16
LA_E_7026507,1,none,A12
LA_E_7026602,1,alaw,A15
LA_E_7026630,1,alaw,A18
LA_E_7027011,0,opus,bonafide
LA_E_7027323,1,ulaw,A08
LA_E_7027341,1,g722,A09
LA_E_7028218,1,opus,A15
LA_E_7028539,1,gsm,A11
LA_E_7028662,1,pstn,A10
LA_E_7028753,1,g722,A15
LA_E_7029044,1,none,A19
LA_E_7029050,1,pstn,A16
LA_E_7029735,1,opus,A18
LA_E_7030495,1,alaw,A17
LA_E_7030796,1,none,A07
LA_E_7030874,1,gsm,A19
LA_E_7030933,1,g722,A15
LA_E_7031081,1,opus,A08
LA_E_7031189,0,ulaw,bonafide
LA_E_7031470,1,g722,A14
LA_E_7031762,1,none,A08
LA_E_7031997,1,none,A16
LA_E_7032154,1,g722,A19
LA_E_7032357,1,alaw,A11
LA_E_7032501,1,opus,A11
LA_E_7032711,1,pstn,A13
LA_E_7033098,1,alaw,A16
LA_E_7033335,1,none,A19
LA_E_7033493,1,g722,A19
LA_E_7033670,1,gsm,A11
LA_E_7033701,1,g722,A11
LA_E_7034185,1,opus,A10
LA_E_7034197,1,ulaw,A18
LA_E_7034249,1,gsm,A19
LA_E_7034357,1,pstn,A15
LA_E_7034701,0,g722,bonafide
LA_E_7034782,1,opus,A08
LA_E_7035013,1,alaw,A13
LA_E_7035068,1,alaw,A10
LA_E_7035640,1,none,A13
LA_E_7035780,1,opus,A13
LA_E_7036961,1,alaw,A07
LA_E_7037190,1,opus,A11
LA_E_7037394,1,pstn,A13
LA_E_7037672,1,pstn,A09
LA_E_7037942,1,gsm,A16
LA_E_7037988,1,pstn,A12
LA_E_7038048,1,g722,A10
LA_E_7038148,1,none,A17
LA_E_7038397,1,none,A11
LA_E_7038722,1,ulaw,A11
LA_E_7039404,0,opus,bonafide
LA_E_7040061,1,opus,A14
LA_E_7040171,1,gsm,A18
LA_E_7040270,1,ulaw,A11
LA_E_7040827,1,alaw,A09
LA_E_7041117,1,ulaw,A12
LA_E_7041295,1,none,A08
LA_E_7041882,1,ulaw,A08
LA_E_7042161,1,gsm,A09
LA_E_7042881,0,opus,bonafide
LA_E_7042883,0,pstn,bonafide
LA_E_7043530,1,none,A11
LA_E_7043819,1,g722,A14
LA_E_7043865,1,g722,A15
LA_E_7044061,1,ulaw,A15
LA_E_7044208,0,alaw,bonafide
LA_E_7045143,1,pstn,A13
LA_E_7045282,0,pstn,bonafide
LA_E_7045736,0,none,bonafide
LA_E_7045741,1,gsm,A18
LA_E_7046004,1,opus,A14
LA_E_7046798,1,none,A14
LA_E_7047813,1,alaw,A16
LA_E_7049067,1,alaw,A10
LA_E_7049165,1,ulaw,A16
LA_E_7049257,1,pstn,A07
LA_E_7050233,1,ulaw,A15
LA_E_7050294,1,pstn,A17
LA_E_7050554,1,pstn,A18
LA_E_7051026,1,pstn,A15
LA_E_7051184,1,gsm,A10
LA_E_7051436,1,gsm,A15
LA_E_7051759,0,g722,bonafide
LA_E_7052252,1,opus,A16
LA_E_7053154,1,ulaw,A08
LA_E_7053870,1,none,A13
LA_E_7053946,0,gsm,bonafide
LA_E_7054286,1,alaw,A16
LA_E_7054914,1,opus,A15
LA_E_7055378,1,opus,A17
LA_E_7056279,1,opus,A10
LA_E_7056894,1,ulaw,A14
LA_E_7057298,1,none,A17
LA_E_7057702,1,pstn,A15
LA_E_7058082,1,gsm,A16
LA_E_7058149,1,gsm,A16
LA_E_7058363,1,pstn,A08
LA_E_7058755,1,opus,A19
LA_E_7058774,1,alaw,A18
LA_E_7058795,1,none,A09
LA_E_7058921,1,opus,A15
LA_E_7059047,1,opus,A18
LA_E_7059377,0,g722,bonafide
LA_E_7059632,1,none,A19
LA_E_7059764,1,none,A14
LA_E_7060497,1,opus,A10
LA_E_7060530,1,g722,A17
LA_E_7060553,1,pstn,A19
LA_E_7060879,1,opus,A09
LA_E_7061298,0,gsm,bonafide
LA_E_7061525,1,pstn,A15
LA_E_7061846,1,g722,A15
LA_E_7061853,1,alaw,A10
LA_E_7061932,1,opus,A10
LA_E_7061983,1,g722,A16
LA_E_7062550,1,none,A15
LA_E_7062712,1,gsm,A13
LA_E_7062773,1,none,A12
LA_E_7063074,1,ulaw,A16
LA_E_7063446,1,opus,A07
LA_E_7063758,0,none,bonafide
LA_E_7064910,1,opus,A13
LA_E_7065742,0,pstn,bonafide
LA_E_7066582,1,opus,A13
LA_E_7067494,1,g722,A16
LA_E_7067743,1,gsm,A16
LA_E_7068278,1,g722,A09
LA_E_7068414,1,ulaw,A17
LA_E_7069750,1,alaw,A12
LA_E_7069763,1,g722,A18
LA_E_7069889,0,pstn,bonafide
LA_E_7070125,1,g722,A14
LA_E_7070135,1,gsm,A11
LA_E_7070372,1,alaw,A09
LA_E_7070651,1,opus,A16
LA_E_7071584,1,ulaw,A10
LA_E_7071726,1,pstn,A16
LA_E_7071841,1,gsm,A19
LA_E_7072313,1,ulaw,A19
LA_E_7072537,1,g722,A13
LA_E_7072709,1,g722,A19
LA_E_7072939,1,g722,A10
LA_E_7073170,1,alaw,A14
LA_E_7073520,1,none,A13
LA_E_7074098,1,pstn,A12
LA_E_7074165,1,gsm,A14
LA_E_7074626,1,gsm,A07
LA_E_7074907,1,gsm,A08
LA_E_7075257,1,gsm,A09
LA_E_7075417,0,g722,bonafide
LA_E_7076660,1,g722,A09
LA_E_7077505,1,gsm,A08
LA_E_7077647,1,alaw,A08
LA_E_7077888,1,pstn,A15
LA_E_7078606,1,pstn,A08
LA_E_7079316,1,opus,A10
LA_E_7079374,1,opus,A12
LA_E_7079628,1,gsm,A07
LA_E_7080244,0,pstn,bonafide
LA_E_7081554,1,g722,A15
LA_E_7082143,1,opus,A14
LA_E_7082506,1,alaw,A15
LA_E_7084213,1,alaw,A19
LA_E_7084250,1,opus,A08
LA_E_7084799,0,none,bonafide
LA_E_7084926,1,opus,A09
LA_E_7085177,1,ulaw,A08
LA_E_7085270,1,g722,A09
LA_E_7085352,1,g722,A11
LA_E_7085642,1,none,A17
LA_E_7086397,1,none,A07
LA_E_7086471,1,opus,A07
LA_E_7087130,1,pstn,A17
LA_E_7087463,1,alaw,A14
LA_E_7088524,1,gsm,A15
LA_E_7088932,1,g722,A11
LA_E_7088994,0,none,bonafide
LA_E_7088998,1,ulaw,A18
LA_E_7089107,1,gsm,A18
LA_E_7089327,1,g722,A16
LA_E_7089490,1,opus,A19
LA_E_7089517,1,none,A11
LA_E_7089558,1,opus,A19
LA_E_7089758,1,ulaw,A12
LA_E_7090478,1,gsm,A08
LA_E_7090743,0,pstn,bonafide
LA_E_7091600,1,g722,A15
LA_E_7092296,1,gsm,A13
LA_E_7092483,1,none,A18
LA_E_7092641,1,g722,A19
LA_E_7092902,1,pstn,A10
LA_E_7094036,1,pstn,A12
LA_E_7094447,1,gsm,A17
LA_E_7094489,1,none,A11
LA_E_7095544,1,ulaw,A10
LA_E_7096327,1,opus,A12
LA_E_7096398,0,none,bonafide
LA_E_7096462,1,opus,A11
LA_E_7096692,1,ulaw,A11
LA_E_7096822,1,alaw,A15
LA_E_7097014,1,none,A14
LA_E_7097838,1,pstn,A11
LA_E_7099007,0,g722,bonafide
LA_E_7099235,1,alaw,A12
LA_E_7099375,1,none,A14
LA_E_7099780,1,alaw,A13
LA_E_7100213,1,pstn,A07
LA_E_7100262,1,gsm,A18
LA_E_7100338,1,g722,A12
LA_E_7100386,1,none,A19
LA_E_7101433,1,gsm,A19
LA_E_7101854,1,alaw,A16
LA_E_7101970,1,g722,A15
LA_E_7102452,1,pstn,A18
LA_E_7102702,1,alaw,A10
LA_E_7102876,1,gsm,A15
LA_E_7103222,1,gsm,A16
LA_E_7104328,1,g722,A08
LA_E_7104504,0,alaw,bonafide
LA_E_7104969,1,opus,A08
LA_E_7105641,1,ulaw,A07
LA_E_7105923,1,g722,A18
LA_E_7106040,1,pstn,A13
LA_E_7106275,1,alaw,A19
LA_E_7106408,0,none,bonafide
LA_E_7107519,1,none,A12
LA_E_7107551,1,alaw,A17
LA_E_7107755,1,opus,A17
LA_E_7107894,1,gsm,A19
LA_E_7107968,1,g722,A07
LA_E_7108370,1,g722,A15
LA_E_7108430,1,ulaw,A07
LA_E_7108925,1,gsm,A07
LA_E_7109127,1,opus,A08
LA_E_7109552,1,none,A17
LA_E_7110141,1,pstn,A19
LA_E_7110653,1,ulaw,A17
LA_E_7110988,1,ulaw,A09
LA_E_7111271,1,g722,A15
LA_E_7111310,1,ulaw,A17
LA_E_7111317,1,gsm,A17
LA_E_7111559,1,alaw,A13
LA_E_7111829,1,gsm,A18
LA_E_7112293,1,pstn,A14
LA_E_7112917,1,g722,A14
LA_E_7112927,1,opus,A19
LA_E_7113648,0,gsm,bonafide
LA_E_7113721,0,pstn,bonafide
LA_E_7113914,1,opus,A12
LA_E_7114390,1,none,A15
LA_E_7114430,1,pstn,A16
LA_E_7114812,1,gsm,A14
LA_E_7114975,1,ulaw,A08
LA_E_7115223,1,g722,A12
LA_E_7115533,1,g722,A13
LA_E_7115708,1,opus,A12
LA_E_7116484,1,ulaw,A08
LA_E_7116556,1,opus,A08
LA_E_7116617,1,ulaw,A11
LA_E_7116655,0,ulaw,bonafide
LA_E_7116724,1,opus,A19
LA_E_7116804,1,opus,A18
LA_E_7116895,1,none,A16
LA_E_7117668,1,none,A13
LA_E_7118011,1,alaw,A17
LA_E_7118247,0,opus,bonafide
LA_E_7119853,1,alaw,A18
LA_E_7120058,1,gsm,A18
LA_E_7120557,0,opus,bonafide
LA_E_7120640,1,alaw,A15
LA_E_7120841,1,ulaw,A12
LA_E_7120868,1,none,A18
LA_E_7120980,1,opus,A10
LA_E_7121697,1,gsm,A08
LA_E_7121970,0,none,bonafide
LA_E_7122146,1,g722,A18
LA_E_7122598,1,opus,A11
LA_E_7123763,1,gsm,A16
LA_E_7124099,1,ulaw,A10
LA_E_7124243,1,opus,A10
LA_E_7125097,1,alaw,A16
LA_E_7125188,0,g722,bonafide
LA_E_7125702,1,ulaw,A16
LA_E_7125788,1,opus,A17
LA_E_7125895,1,ulaw,A14
LA_E_7125970,1,alaw,A13
LA_E_7126119,1,opus,A08
LA_E_7126450,1,pstn,A19
LA_E_7127391,1,opus,A15
LA_E_7127627,1,ulaw,A12
LA_E_7127900,1,none,A09
LA_E_7128110,1,opus,A09
LA_E_7128205,1,g722,A17
LA_E_7128446,1,alaw,A08
LA_E_7128656,1,pstn,A17
LA_E_7129183,1,opus,A09
LA_E_7129278,1,pstn,A13
LA_E_7129315,1,gsm,A13
LA_E_7129753,1,pstn,A15
LA_E_7129960,1,none,A15
LA_E_7130578,1,ulaw,A08
LA_E_7130778,1,ulaw,A15
LA_E_7131208,1,ulaw,A17
LA_E_7132248,1,g722,A13
LA_E_7132307,1,pstn,A08
LA_E_7132660,0,pstn,bonafide
LA_E_7133042,1,opus,A19
LA_E_7133547,1,gsm,A15
LA_E_7133572,1,ulaw,A13
LA_E_7133951,1,pstn,A12
LA_E_7134275,1,alaw,A16
LA_E_7134870,1,none,A16
LA_E_7135160,0,gsm,bonafide
LA_E_7135164,1,none,A17
LA_E_7135234,1,gsm,A19
LA_E_7135797,1,ulaw,A07
LA_E_7135884,1,ulaw,A07
LA_E_7135912,1,alaw,A09
LA_E_7136087,1,g722,A08
LA_E_7136166,1,none,A17
LA_E_7136287,1,ulaw,A08
LA_E_7136309,1,opus,A19
LA_E_7136808,1,opus,A13
LA_E_7137478,1,gsm,A12
LA_E_7137601,1,pstn,A16
LA_E_7137852,1,pstn,A07
LA_E_7138006,1,opus,A19
LA_E_7138225,1,alaw,A14
LA_E_7138228,1,pstn,A17
LA_E_7138274,1,opus,A14
LA_E_7138683,0,none,bonafide
LA_E_7138696,1,opus,A11
LA_E_7138699,1,gsm,A10
LA_E_7139002,1,gsm,A15
LA_E_7139646,1,ulaw,A19
LA_E_7139968,1,ulaw,A07
LA_E_7140672,0,gsm,bonafide
LA_E_7140715,1,gsm,A19
LA_E_7140778,1,opus,A13
LA_E_7140823,1,g722,A18
LA_E_7140825,1,opus,A14
LA_E_7141324,1,ulaw,A17
LA_E_7142242,1,pstn,A12
LA_E_7142454,1,none,A09
LA_E_7142738,1,gsm,A15
LA_E_7142967,1,none,A14
LA_E_7143529,1,opus,A08
LA_E_7143600,1,g722,A16
LA_E_7143715,0,alaw,bonafide
LA_E_7144608,1,ulaw,A07
LA_E_7144717,1,gsm,A10
LA_E_7144832,1,ulaw,A14
LA_E_7144903,1,none,A18
LA_E_7145281,0,none,bonafide
LA_E_7145553,1,alaw,A13
LA_E_7145629,1,opus,A17
LA_E_7145709,1,ulaw,A11
LA_E_7145857,1,gsm,A09
LA_E_7146012,0,gsm,bonafide
LA_E_7146532,1,opus,A14
LA_E_7146670,1,gsm,A08
LA_E_7147079,1,alaw,A11
LA_E_7147098,0,ulaw,bonafide
LA_E_7147229,0,alaw,bonafide
LA_E_7147459,1,alaw,A14
LA_E_7147467,1,opus,A12
LA_E_7147708,1,pstn,A19
LA_E_7147800,1,gsm,A14
LA_E_7148623,0,pstn,bonafide
LA_E_7148933,0,ulaw,bonafide
LA_E_7149208,1,alaw,A19
LA_E_7149290,1,none,A09
LA_E_7149445,1,gsm,A10
LA_E_7149503,1,ulaw,A11
LA_E_7149556,1,pstn,A14
LA_E_7149960,1,alaw,A15
LA_E_7151581,1,pstn,A07
LA_E_7151880,1,alaw,A10
LA_E_7152258,0,ulaw,bonafide
LA_E_7152570,1,ulaw,A13
LA_E_7152717,1,gsm,A10
LA_E_7152886,1,pstn,A15
LA_E_7153201,1,pstn,A15
LA_E_7153239,1,g722,A13
LA_E_7153416,1,gsm,A09
LA_E_7153847,0,gsm,bonafide
LA_E_7153856,1,alaw,A12
LA_E_7153970,1,opus,A15
LA_E_7154169,1,pstn,A08
LA_E_7154377,1,none,A13
LA_E_7154386,1,gsm,A08
LA_E_7154800,1,opus,A12
LA_E_7154970,1,pstn,A16
LA_E_7155341,1,ulaw,A13
LA_E_7155915,1,g722,A18
LA_E_7155936,1,alaw,A12
LA_E_7156097,1,gsm,A17
LA_E_7156296,1,ulaw,A11
LA_E_7156623,0,ulaw,bonafide
LA_E_7156998,1,g722,A08
LA_E_7157963,1,gsm,A10
LA_E_7158200,0,alaw,bonafide
LA_E_7158607,1,alaw,A07
LA_E_7158650,0,ulaw,bonafide
LA_E_7158750,1,pstn,A19
LA_E_7159138,1,g722,A11
LA_E_7159663,1,pstn,A07
LA_E_7160077,0,opus,bonafide
LA_E_7160339,1,alaw,A10
LA_E_7160361,1,pstn,A18
LA_E_7160452,1,gsm,A11
LA_E_7160936,1,g722,A07
LA_E_7162097,1,g722,A12
LA_E_7162979,1,ulaw,A11
LA_E_7163498,1,ulaw,A19
LA_E_7163728,1,g722,A14
LA_E_7165426,1,pstn,A12
LA_E_7165564,1,ulaw,A18
LA_E_7167028,1,none,A10
LA_E_7168779,1,pstn,A17
LA_E_7169123,1,opus,A15
LA_E_7169346,1,pstn,A09
LA_E_7169657,1,alaw,A19
LA_E_7169796,1,pstn,A15
LA_E_7170024,1,gsm,A18
LA_E_7170575,1,alaw,A14
LA_E_7170921,1,gsm,A18
LA_E_7170931,1,none,A18
LA_E_7171189,1,ulaw,A09
LA_E_7171376,1,pstn,A11
LA_E_7172212,1,alaw,A15
LA_E_7173004,1,opus,A12
LA_E_7173054,1,ulaw,A10
LA_E_7173857,1,g722,A10
LA_E_7174035,0,g722,bonafide
LA_E_7174331,1,g722,A09
LA_E_7174458,1,none,A13
LA_E_7174844,1,none,A12
LA_E_7175828,1,none,A09
LA_E_7176089,1,g722,A18
LA_E_7176268,1,g722,A09
LA_E_7176304,1,none,A19
LA_E_7176607,1,gsm,A09
LA_E_7177220,0,none,bonafide
LA_E_7177366,1,none,A12
LA_E_7177371,1,g722,A14
LA_E_7177709,1,ulaw,A11
LA_E_7177816,1,gsm,A19
LA_E_7178339,1,g722,A11
LA_E_7178549,1,alaw,A16
LA_E_7179015,1,opus,A14
LA_E_7179125,1,gsm,A14
LA_E_7179345,1,pstn,A08
LA_E_7179849,1,none,A11
LA_E_7180203,1,g722,A18
LA_E_7180836,1,alaw,A11
LA_E_7181231,1,opus,A14
LA_E_7181306,1,alaw,A10
LA_E_7181375,1,alaw,A10
LA_E_7181596,1,pstn,A09
LA_E_7181723,1,gsm,A17
LA_E_7182107,1,opus,A13
LA_E_7182215,1,gsm,A17
LA_E_7182625,1,opus,A10
LA_E_7182677,1,none,A09
LA_E_7183244,1,pstn,A14
LA_E_7183620,1,g722,A08
LA_E_7183737,1,g722,A12
LA_E_7184439,1,opus,A17
LA_E_7184457,1,pstn,A14
LA_E_7184557,1,g722,A08
LA_E_7184619,1,ulaw,A18
LA_E_7184623,1,g722,A15
LA_E_7185002,1,alaw,A11
LA_E_7185037,1,alaw,A12
LA_E_7185076,1,pstn,A18
LA_E_7185094,1,gsm,A16
LA_E_7185452,1,ulaw,A12
LA_E_7185746,1,opus,A17
LA_E_7186128,1,none,A11
LA_E_7186348,1,opus,A15
LA_E_7186521,1,g722,A16
LA_E_7186542,1,pstn,A10
LA_E_7187298,1,alaw,A13
LA_E_7187503,1,g722,A19
LA_E_7187703,1,opus,A19
LA_E_7187968,1,pstn,A12
LA_E_7188125,1,none,A08
LA_E_7188261,1,g722,A17
LA_E_7188702,0,gsm,bonafide
LA_E_7188755,1,pstn,A18
LA_E_7190014,1,pstn,A12
LA_E_7190045,1,gsm,A09
LA_E_7190093,1,gsm,A16
LA_E_7190947,1,g722,A17
LA_E_7191448,1,opus,A16
LA_E_7191651,1,ulaw,A13
LA_E_7192175,1,alaw,A16
LA_E_7192367,0,alaw,bonafide
LA_E_7193328,1,ulaw,A09
LA_E_7194145,0,alaw,bonafide
LA_E_7194681,1,gsm,A17
LA_E_7194996,1,gsm,A17
LA_E_7195345,1,alaw,A11
LA_E_7195348,1,opus,A14
LA_E_7195769,1,gsm,A14
LA_E_7195870,1,ulaw,A11
LA_E_7195986,0,ulaw,bonafide
LA_E_7196081,1,none,A07
LA_E_7196441,1,gsm,A16
LA_E_7196747,1,alaw,A14
LA_E_7196951,1,opus,A07
LA_E_7198451,1,ulaw,A19
LA_E_7198884,1,pstn,A10
LA_E_7199255,1,g722,A11
LA_E_7199478,1,opus,A08
LA_E_7199622,1,pstn,A16
LA_E_7200007,1,g722,A10
LA_E_7200051,1,ulaw,A17
LA_E_7200349,1,alaw,A08
LA_E_7200437,0,pstn,bonafide
LA_E_7200481,1,gsm,A08
LA_E_7200609,1,pstn,A19
LA_E_7200665,1,none,A19
LA_E_7201291,1,ulaw,A16
LA_E_7201551,1,none,A13
LA_E_7202896,1,opus,A08
LA_E_7203062,1,g722,A09
LA_E_7203364,1,pstn,A12
LA_E_7203503,1,gsm,A15
LA_E_7203766,0,ulaw,bonafide
LA_E_7203978,1,opus,A18
LA_E_7204357,1,pstn,A09
LA_E_7205160,0,none,bonafide
LA_E_7205207,1,opus,A11
LA_E_7205407,1,gsm,A13
LA_E_7206559,1,alaw,A13
LA_E_7206629,1,none,A08
LA_E_7206736,1,ulaw,A07
LA_E_7207027,1,alaw,A12
LA_E_7207037,1,opus,A11
LA_E_7207620,1,ulaw,A15
LA_E_7207634,1,opus,A14
LA_E_7208033,1,opus,A16
LA_E_7208387,0,pstn,bonafide
LA_E_7208397,0,g722,bonafide
LA_E_7208916,1,pstn,A16
LA_E_7209381,0,pstn,bonafide
LA_E_7209440,1,opus,A08
LA_E_7209892,1,opus,A11
LA_E_7210760,1,opus,A08
LA_E_7210875,1,g722,A14
LA_E_7211088,1,gsm,A08
LA_E_7211172,1,gsm,A12
LA_E_7211331,1,opus,A08
LA_E_7211718,1,opus,A07
LA_E_7211991,1,alaw,A07
LA_E_7212530,1,none,A10
LA_E_7212912,1,ulaw,A19
LA_E_7213118,1,ulaw,A13
LA_E_7213541,1,g722,A09
LA_E_7213589,1,g722,A19
LA_E_7213740,1,ulaw,A13
LA_E_7213815,1,ulaw,A17
LA_E_7214432,1,gsm,A08
LA_E_7214962,1,opus,A12
LA_E_7214964,1,alaw,A14
LA_E_7215243,1,gsm,A15
LA_E_7215697,1,alaw,A19
LA_E_7215698,1,opus,A14
LA_E_7215938,1,opus,A10
LA_E_7215953,1,gsm,A08
LA_E_7216117,1,g722,A18
LA_E_7216129,1,gsm,A12
LA_E_7216153,1,opus,A11
LA_E_7216235,1,gsm,A14
LA_E_7216661,0,opus,bonafide
LA_E_7216858,1,opus,A16
LA_E_7217589,1,ulaw,A14
LA_E_7217601,1,opus,A12
LA_E_7218006,1,gsm,A17
LA_E_7218245,1,none,A07
LA_E_7218256,1,g722,A11
LA_E_7219169,1,opus,A13
LA_E_7219457,1,g722,A11
LA_E_7219480,1,pstn,A15
LA_E_7219598,1,ulaw,A08
LA_E_7219701,0,ulaw,bonafide
LA_E_7219833,1,opus,A10
LA_E_7220165,1,g722,A11
LA_E_7220371,1,gsm,A15
LA_E_7220992,1,ulaw,A09
LA_E_7221137,1,ulaw,A09
LA_E_7221306,1,gsm,A10
LA_E_7221734,1,gsm,A16
LA_E_7221921,0,g722,bonafide
LA_E_7221968,1,ulaw,A10
LA_E_7223076,1,gsm,A07
LA_E_7223427,1,gsm,A15
LA_E_7223652,1,opus,A16
LA_E_7223671,1,ulaw,A10
LA_E_7223922,1,pstn,A07
LA_E_7225507,1,none,A12
LA_E_7225572,1,gsm,A11
LA_E_7225994,1,gsm,A10
LA_E_7226003,1,opus,A16
LA_E_7227512,1,ulaw,A11
LA_E_7227529,1,pstn,A08
LA_E_7227791,1,opus,A15
LA_E_7228069,1,gsm,A16
LA_E_7228310,1,none,A16
LA_E_7228317,1,opus,A09
LA_E_7228915,1,gsm,A13
LA_E_7229005,1,gsm,A17
LA_E_7229233,1,alaw,A17
LA_E_7229641,1,g722,A18
LA_E_7230320,1,g722,A13
LA_E_7230418,1,opus,A11
LA_E_7230509,1,gsm,A11
LA_E_7230763,1,opus,A18
LA_E_7231136,1,g722,A18
LA_E_7231142,0,opus,bonafide
LA_E_7231303,1,ulaw,A13
LA_E_7231420,1,opus,A10
LA_E_7232280,1,opus,A07
LA_E_7232433,1,g722,A19
LA_E_7232512,1,gsm,A17
LA_E_7233509,1,ulaw,A14
LA_E_7233544,1,pstn,A10
LA_E_7233808,1,g722,A15
LA_E_7234033,0,opus,bonafide
LA_E_7234136,1,gsm,A19
LA_E_7234405,1,none,A12
LA_E_7235157,1,ulaw,A19
LA_E_7235527,1,pstn,A12
LA_E_7236000,1,ulaw,A07
LA_E_7236139,1,opus,A14
LA_E_7236180,1,ulaw,A08
LA_E_7236287,1,pstn,A11
LA_E_7236325,1,opus,A07
LA_E_7236352,1,alaw,A18
LA_E_7236719,1,gsm,A15
LA_E_7237163,1,g722,A10
LA_E_7237697,0,pstn,bonafide
LA_E_7238127,1,pstn,A08
LA_E_7238210,1,g722,A09
LA_E_7238461,1,gsm,A18
LA_E_7238475,1,ulaw,A13
LA_E_7239243,1,ulaw,A11
LA_E_7239579,1,g722,A09
LA_E_7239935,1,gsm,A19
LA_E_7240102,1,g722,A19
LA_E_7240792,1,alaw,A11
LA_E_7240963,1,opus,A11
LA_E_7241065,1,opus,A07
LA_E_7241268,1,ulaw,A07
LA_E_7241619,1,opus,A14
LA_E_7241652,1,ulaw,A16
LA_E_7242012,0,gsm,bonafide
LA_E_7242150,1,alaw,A11
LA_E_7242682,1,gsm,A09
LA_E_7243165,1,none,A08
LA_E_7243399,1,alaw,A16
LA_E_7243688,1,pstn,A15
LA_E_7243888,1,opus,A16
LA_E_7243962,1,g722,A17
LA_E_7244333,1,g722,A18
LA_E_7244646,1,alaw,A18
LA_E_7244709,1,none,A10
LA_E_7244771,1,pstn,A16
LA_E_7244777,1,pstn,A12
LA_E_7244779,1,opus,A11
LA_E_7244988,1,ulaw,A18
LA_E_7245115,1,pstn,A19
LA_E_7245188,1,alaw,A17
LA_E_7245451,1,ulaw,A11
LA_E_7245555,1,pstn,A18
LA_E_7246033,1,ulaw,A09
LA_E_7246172,1,none,A10
LA_E_7246205,1,ulaw,A16
LA_E_7246953,0,g722,bonafide
LA_E_7247396,1,gsm,A15
LA_E_7247412,1,gsm,A15
LA_E_7248167,1,none,A09
LA_E_7248453,0,ulaw,bonafide
LA_E_7248804,1,opus,A14
LA_E_7248812,0,alaw,bonafide
LA_E_7248860,1,gsm,A19
LA_E_7248869,1,ulaw,A07
LA_E_7249053,1,gsm,A13
LA_E_7249138,1,ulaw,A15
LA_E_7249228,1,opus,A07
LA_E_7249458,1,g722,A07
LA_E_7249553,1,opus,A17
LA_E_7249921,1,g722,A07
LA_E_7250094,1,gsm,A14
LA_E_7250747,1,gsm,A11
LA_E_7251390,1,none,A08
LA_E_7251487,1,opus,A10
LA_E_7251985,1,gsm,A07
LA_E_7252156,1,opus,A11
LA_E_7252176,1,none,A14
LA_E_7252198,1,ulaw,A11
LA_E_7252630,1,ulaw,A10
LA_E_7252637,0,g722,bonafide
LA_E_7252738,1,gsm,A17
LA_E_7253197,1,gsm,A19
LA_E_7253424,1,g722,A16
LA_E_7253746,0,alaw,bonafide
LA_E_7253902,1,pstn,A09
LA_E_7254759,1,ulaw,A09
LA_E_7254798,1,gsm,A10
LA_E_7255175,1,none,A11
LA_E_7255212,1,opus,A07
LA_E_7255722,1,pstn,A12
LA_E_7256782,1,g722,A10
LA_E_7256906,1,none,A10
LA_E_7256956,1,opus,A07
LA_E_7257142,0,ulaw,bonafide
LA_E_7257291,1,gsm,A12
LA_E_7257360,1,gsm,A15
LA_E_7257380,1,pstn,A12
LA_E_7257564,1,alaw,A09
LA_E_7258064,0,alaw,bonafide
LA_E_7258218,1,none,A15
LA_E_7258228,0,alaw,bonafide
LA_E_7260056,0,gsm,bonafide
LA_E_7260242,1,opus,A15
LA_E_7260838,1,gsm,A10
LA_E_7261289,1,none,A08
LA_E_7261340,1,none,A09
LA_E_7261614,1,pstn,A15
LA_E_7261645,0,none,bonafide
LA_E_7261798,0,none,bonafide
LA_E_7261908,1,pstn,A15
LA_E_7261920,1,ulaw,A17
LA_E_7262095,1,ulaw,A14
LA_E_7262134,1,alaw,A16
LA_E_7262432,1,alaw,A14
LA_E_7262904,1,ulaw,A12
LA_E_7263138,1,pstn,A07
LA_E_7264068,1,gsm,A13
LA_E_7264198,1,ulaw,A07
LA_E_7264346,1,opus,A08
LA_E_7264866,1,gsm,A12
LA_E_7266271,1,g722,A19
LA_E_7266428,1,gsm,A19
LA_E_7266445,1,g722,A19
LA_E_7267151,0,opus,bonafide
LA_E_7267247,0,none,bonafide
LA_E_7267307,1,g722,A18
LA_E_7268162,0,ulaw,bonafide
LA_E_7268213,1,pstn,A10
LA_E_7268474,1,pstn,A14
LA_E_7268778,1,opus,A08
LA_E_7268807,1,alaw,A14
LA_E_7268848,1,ulaw,A12
LA_E_7269675,1,alaw,A13
LA_E_7269680,1,opus,A12
LA_E_7269968,1,pstn,A08
LA_E_7270395,0,pstn,bonafide
LA_E_7270561,1,ulaw,A19
LA_E_7270823,1,pstn,A17
LA_E_7270908,1,gsm,A14
LA_E_7271130,1,g722,A07
LA_E_7271345,1,gsm,A15
LA_E_7271404,0,opus,bonafide
LA_E_7271710,1,ulaw,A11
LA_E_7271720,1,ulaw,A14
LA_E_7272043,1,g722,A13
LA_E_7272134,1,gsm,A07
LA_E_7272365,1,ulaw,A19
LA_E_7272399,1,none,A11
LA_E_7272703,1,opus,A18
LA_E_7272813,0,ulaw,bonafide
LA_E_7272867,1,alaw,A15
LA_E_7273044,1,ulaw,A16
LA_E_7273174,1,none,A16
LA_E_7273537,1,opus,A11
LA_E_7273575,0,alaw,bonafide
LA_E_7274208,1,none,A11
LA_E_7274313,1,pstn,A14
LA_E_7274361,1,opus,A17
LA_E_7275047,1,alaw,A13
LA_E_7275467,0,none,bonafide
LA_E_7276550,0,g722,bonafide
LA_E_7276620,1,gsm,A10
LA_E_7276798,1,none,A08
LA_E_7277032,1,alaw,A09
LA_E_7277406,1,pstn,A13
LA_E_7277638,1,alaw,A14
LA_E_7277825,0,ulaw,bonafide
LA_E_7278169,1,gsm,A10
LA_E_7278724,1,pstn,A11
LA_E_7279196,1,ulaw,A14
LA_E_7279211,1,alaw,A12
LA_E_7279593,1,none,A09
LA_E_7279751,1,pstn,A16
LA_E_7280351,1,none,A12
LA_E_7280901,1,pstn,A12
LA_E_7282342,1,ulaw,A07
LA_E_7282709,1,opus,A15
LA_E_7283134,1,ulaw,A10
LA_E_7283271,1,gsm,A12
LA_E_7283334,1,gsm,A17
LA_E_7284723,1,none,A10
LA_E_7285407,1,opus,A17
LA_E_7285421,1,ulaw,A19
LA_E_7285541,1,gsm,A19
LA_E_7285590,1,pstn,A18
LA_E_7285633,1,opus,A13
LA_E_7285752,1,alaw,A18
LA_E_7286180,1,opus,A17
LA_E_7286314,0,opus,bonafide
LA_E_7286723,1,none,A12
LA_E_7286779,1,pstn,A09
LA_E_7287449,1,pstn,A14
LA_E_7287654,1,none,A18
LA_E_7288174,1,ulaw,A10
LA_E_7288305,1,opus,A09
LA_E_7288737,1,gsm,A09
LA_E_7289161,0,opus,bonafide
LA_E_7289486,1,none,A17
LA_E_7289595,1,g722,A12
LA_E_7289696,1,gsm,A17
LA_E_7289784,1,gsm,A17
LA_E_7290081,0,opus,bonafide
LA_E_7290191,1,ulaw,A10
LA_E_7290305,1,opus,A12
LA_E_7290737,1,g722,A14
LA_E_7290901,0,opus,bonafide
LA_E_7291082,1,none,A15
LA_E_7291650,1,alaw,A12
LA_E_7291850,1,alaw,A12
LA_E_7291911,1,ulaw,A10
LA_E_7292180,1,opus,A17
LA_E_7292270,1,g722,A14
LA_E_7292977,1,opus,A07
LA_E_7293020,1,g722,A08
LA_E_7293046,1,none,A11
LA_E_7293216,1,ulaw,A09
LA_E_7293529,1,g722,A18
LA_E_7293822,1,gsm,A14
LA_E_7294182,1,ulaw,A10
LA_E_7294448,1,ulaw,A19
LA_E_7294479,1,gsm,A17
LA_E_7294490,0,g722,bonafide
LA_E_7294692,1,ulaw,A19
LA_E_7294849,1,alaw,A07
LA_E_7295367,1,ulaw,A11
LA_E_7295549,1,ulaw,A10
LA_E_7296137,0,ulaw,bonafide
LA_E_7296394,1,alaw,A07
LA_E_7296599,1,ulaw,A12
LA_E_7296744,1,alaw,A17
LA_E_7297413,1,gsm,A08
LA_E_7297571,1,g722,A07
LA_E_7297790,1,alaw,A08
LA_E_7297853,0,opus,bonafide
LA_E_7298055,1,ulaw,A09
LA_E_7299219,1,g722,A14
LA_E_7299347,1,gsm,A14
LA_E_7299732,1,gsm,A08
LA_E_7300661,1,pstn,A15
LA_E_7300744,1,alaw,A10
LA_E_7300949,1,ulaw,A16
LA_E_7301235,1,ulaw,A14
LA_E_7301749,1,alaw,A15
LA_E_7301781,1,g722,A17
LA_E_7301959,1,opus,A09
LA_E_7302060,0,gsm,bonafide
LA_E_7302161,1,none,A12
LA_E_7302308,1,opus,A17
LA_E_7302513,1,ulaw,A17
LA_E_7302606,1,ulaw,A07
LA_E_7302991,1,none,A19
LA_E_7303095,1,alaw,A18
LA_E_7303215,1,g722,A19
LA_E_7303346,1,g722,A08
LA_E_7303456,1,g722,A11
LA_E_7303543,1,opus,A07
LA_E_7303653,1,opus,A13
LA_E_7303784,1,ulaw,A17
LA_E_7303805,1,g722,A16
LA_E_7303863,1,none,A14
LA_E_7304138,1,ulaw,A17
LA_E_7304188,1,alaw,A14
LA_E_7304267,1,none,A11
LA_E_7304507,1,ulaw,A16
LA_E_7304610,1,gsm,A10
LA_E_7304672,1,alaw,A19
LA_E_7305334,1,none,A07
LA_E_7305389,1,pstn,A14
LA_E_7305393,1,none,A08
LA_E_7307101,1,alaw,A12
LA_E_7307357,1,gsm,A07
LA_E_7307745,1,pstn,A08
LA_E_7308376,1,opus,A09
LA_E_7308566,1,ulaw,A17
LA_E_7308586,1,none,A12
LA_E_7308774,1,gsm,A09
LA_E_7308825,0,ulaw,bonafide
LA_E_7309019,1,gsm,A07
LA_E_7309317,1,ulaw,A08
LA_E_7309503,0,alaw,bonafide
LA_E_7309779,1,opus,A12
LA_E_7310479,1,gsm,A15
LA_E_7310678,1,g722,A13
LA_E_7311813,1,gsm,A14
LA_E_7312417,1,alaw,A13
LA_E_7312431,1,pstn,A11
LA_E_7312441,1,g722,A17
LA_E_7312748,1,opus,A15
LA_E_7313073,1,ulaw,A16
LA_E_7313089,0,gsm,bonafide
LA_E_7313144,1,alaw,A16
LA_E_7313197,1,none,A11
LA_E_7313279,1,opus,A17
LA_E_7313343,1,pstn,A17
LA_E_7313367,1,none,A14
LA_E_7313652,1,pstn,A08
LA_E_7314502,1,pstn,A08
LA_E_7315951,1,none,A19
LA_E_7316312,1,gsm,A17
LA_E_7316575,1,opus,A19
LA_E_7316816,1,ulaw,A11
LA_E_7317181,0,gsm,bonafide
LA_E_7317326,1,pstn,A08
LA_E_7317334,1,ulaw,A13
LA_E_7317660,1,pstn,A18
LA_E_7317703,1,pstn,A16
LA_E_7317737,1,ulaw,A10
LA_E_7317885,1,opus,A19
LA_E_7318223,1,opus,A17
LA_E_7318845,1,alaw,A08
LA_E_7318850,0,opus,bonafide
LA_E_7319107,1,g722,A14
LA_E_7319175,1,pstn,A12
LA_E_7319640,1,g722,A15
LA_E_7319677,1,alaw,A07
LA_E_7319719,1,gsm,A17
LA_E_7319981,1,gsm,A08
LA_E_7319991,1,ulaw,A11
LA_E_7320258,1,opus,A15
LA_E_7320374,1,pstn,A12
LA_E_7320665,1,alaw,A10
LA_E_7321618,1,g722,A10
LA_E_7321781,1,opus,A18
LA_E_7321862,1,gsm,A17
LA_E_7322161,1,gsm,A07
LA_E_7322965,0,g722,bonafide
LA_E_7323424,1,alaw,A09
LA_E_7323698,1,ulaw,A16
LA_E_7324316,1,pstn,A09
LA_E_7324912,1,g722,A12
LA_E_7325126,1,opus,A19
LA_E_7325616,1,g722,A08
LA_E_7325624,1,ulaw,A17
LA_E_7326060,0,pstn,bonafide
LA_E_7326166,1,alaw,A17
LA_E_7327024,0,none,bonafide
LA_E_7327056,1,ulaw,A18
LA_E_7327075,1,g722,A14
LA_E_7327213,1,opus,A11
LA_E_7327410,1,none,A08
LA_E_7328188,1,opus,A13
LA_E_7328505,1,none,A09
LA_E_7328747,1,ulaw,A11
LA_E_7329103,1,opus,A09
LA_E_7329431,1,gsm,A08
LA_E_7329787,1,opus,A08
LA_E_7329889,1,ulaw,A11
LA_E_7330047,1,gsm,A08
LA_E_7330066,1,g722,A18
LA_E_7330359,1,pstn,A07
LA_E_7330495,1,none,A07
LA_E_7330587,1,g722,A08
LA_E_7330657,1,opus,A17
LA_E_7331306,1,ulaw,A15
LA_E_7331338,1,ulaw,A08
LA_E_7331503,1,none,A14
LA_E_7331507,1,ulaw,A07
LA_E_7332180,1,none,A09
LA_E_7332236,1,pstn,A13
LA_E_7332483,1,g722,A19
LA_E_7332981,1,none,A09
LA_E_7332987,1,alaw,A11
LA_E_7333107,0,opus,bonafide
LA_E_7333247,1,g722,A17
LA_E_7333570,1,opus,A19
LA_E_7334140,1,alaw,A07
LA_E_7334226,1,g722,A07
LA_E_7334519,1,g722,A13
LA_E_7335586,1,pstn,A07
LA_E_7335870,1,pstn,A13
LA_E_7336033,1,none,A15
LA_E_7336318,1,opus,A14
LA_E_7336600,1,opus,A19
LA_E_7337021,1,gsm,A13
LA_E_7337758,1,gsm,A08
LA_E_7338317,1,ulaw,A19
LA_E_7338570,1,ulaw,A14
LA_E_7338712,1,g722,A18
LA_E_7338984,1,none,A08
LA_E_7339076,1,alaw,A15
LA_E_7339242,1,none,A10
LA_E_7339573,1,alaw,A19
LA_E_7339585,1,alaw,A15
LA_E_7339755,1,alaw,A12
LA_E_7339761,1,gsm,A16
LA_E_7339810,1,opus,A07
LA_E_7339959,1,g722,A17
LA_E_7340158,1,opus,A07
LA_E_7340241,1,gsm,A11
LA_E_7340486,1,ulaw,A19
LA_E_7340782,1,g722,A17
LA_E_7340954,1,pstn,A08
LA_E_7341036,1,gsm,A11
LA_E_7341583,1,ulaw,A10
LA_E_7342250,1,none,A19
LA_E_7342371,1,opus,A11
LA_E_7342567,1,g722,A17
LA_E_7342890,1,ulaw,A12
LA_E_7342899,1,gsm,A11
LA_E_7343363,1,gsm,A10
LA_E_7343843,1,alaw,A18
LA_E_7343958,1,none,A16
LA_E_7344096,1,none,A19
LA_E_7344446,1,g722,A15
LA_E_7344505,1,opus,A09
LA_E_7344673,1,g722,A19
LA_E_7344837,0,opus,bonafide
LA_E_7345094,1,alaw,A08
LA_E_7345383,1,ulaw,A08
LA_E_7345545,1,opus,A18
LA_E_7345607,1,alaw,A09
LA_E_7346096,1,none,A08
LA_E_7346155,1,opus,A15
LA_E_7346363,1,gsm,A12
LA_E_7346381,1,none,A10
LA_E_7347360,1,opus,A17
LA_E_7347388,1,gsm,A19
LA_E_7347586,1,ulaw,A16
LA_E_7347769,1,g722,A17
LA_E_7348623,1,ulaw,A09
LA_E_7348671,1,g722,A12
LA_E_7348922,0,g722,bonafide
LA_E_7348939,1,gsm,A16
LA_E_7349056,1,opus,A16
LA_E_7349169,1,none,A19
LA_E_7349335,0,opus,bonafide
LA_E_7349526,1,alaw,A08
LA_E_7349688,1,ulaw,A12
LA_E_7349993,1,none,A17
LA_E_7350151,1,opus,A12
LA_E_7350378,1,g722,A09
LA_E_7351522,1,g722,A07
LA_E_7351715,1,alaw,A18
LA_E_7351736,0,none,bonafide
LA_E_7351948,0,pstn,bonafide
LA_E_7351964,1,opus,A10
LA_E_7352180,1,ulaw,A14
LA_E_7352247,1,opus,A10
LA_E_7352306,1,pstn,A10
LA_E_7352510,1,opus,A13
LA_E_7352637,1,none,A08
LA_E_7354135,1,opus,A13
LA_E_7354300,1,opus,A08
LA_E_7354323,1,opus,A09
LA_E_7354336,1,pstn,A17
LA_E_7354911,1,gsm,A14
LA_E_7354936,1,g722,A09
LA_E_7355243,1,ulaw,A11
LA_E_7355452,1,pstn,A12
LA_E_7355895,1,none,A19
LA_E_7356176,1,opus,A07
LA_E_7356239,1,ulaw,A18
LA_E_7356529,1,g722,A11
LA_E_7356796,1,none,A11
LA_E_7356856,1,opus,A16
LA_E_7356947,0,gsm,bonafide
LA_E_7357194,1,none,A18
LA_E_7357373,1,gsm,A09
LA_E_7357412,1,opus,A12
LA_E_7357590,1,gsm,A09
LA_E_7357931,1,pstn,A11
LA_E_7358066,1,opus,A09
LA_E_7359008,1,alaw,A19
LA_E_7359383,1,none,A14
LA_E_7359409,1,g722,A14
LA_E_7359448,1,ulaw,A18
LA_E_7359744,1,opus,A14
LA_E_7359795,1,pstn,A17
LA_E_7360559,1,none,A18
LA_E_7360599,0,alaw,bonafide
LA_E_7361141,1,ulaw,A09
LA_E_7361180,1,opus,A18
LA_E_7361325,1,gsm,A13
LA_E_7361761,1,opus,A13
LA_E_7361829,1,gsm,A09
LA_E_7362668,1,g722,A15
LA_E_7363065,1,alaw,A15
LA_E_7363307,1,g722,A16
LA_E_7363713,1,alaw,A15
LA_E_7363937,1,g722,A12
LA_E_7364432,0,pstn,bonafide
LA_E_7364729,1,ulaw,A08
LA_E_7364796,1,opus,A08
LA_E_7364981,1,opus,A16
LA_E_7365012,1,none,A15
LA_E_7365117,1,gsm,A17
LA_E_7365154,1,pstn,A07
LA_E_7365767,0,opus,bonafide
LA_E_7366002,1,pstn,A07
LA_E_7366047,0,pstn,bonafide
LA_E_7366242,1,gsm,A18
LA_E_7367012,1,ulaw,A15
LA_E_7367268,1,ulaw,A13
LA_E_7368430,0,g722,bonafide
LA_E_7368668,1,none,A18
LA_E_7368680,1,none,A16
LA_E_7369684,1,g722,A13
LA_E_7369773,1,gsm,A19
LA_E_7369914,1,none,A07
LA_E_7370340,1,ulaw,A13
LA_E_7370355,1,opus,A10
LA_E_7370566,1,gsm,A17
LA_E_7370572,1,opus,A15
LA_E_7370752,1,gsm,A12
LA_E_7370870,1,opus,A09
LA_E_7371329,1,ulaw,A08
LA_E_7371917,1,none,A14
LA_E_7371958,1,ulaw,A12
LA_E_7372604,1,none,A12
LA_E_7373042,1,alaw,A19
LA_E_7373124,1,alaw,A14
LA_E_7373379,1,none,A16
LA_E_7373420,0,g722,bonafide
LA_E_7373670,1,opus,A09
LA_E_7374104,1,ulaw,A07
LA_E_7374664,1,opus,A16
LA_E_7375302,1,g722,A18
LA_E_7375365,1,opus,A15
LA_E_7376056,1,none,A18
LA_E_7376167,1,g722,A12
LA_E_7376361,1,none,A07
LA_E_7377204,0,pstn,bonafide
LA_E_7377280,1,none,A16
LA_E_7377536,1,alaw,A12
LA_E_7377576,1,alaw,A10
LA_E_7377852,0,opus,bonafide
LA_E_7378066,1,gsm,A15
LA_E_7378371,1,opus,A10
LA_E_7379036,1,gsm,A10
LA_E_7379212,1,gsm,A09
LA_E_7379634,1,g722,A08
LA_E_7379686,1,gsm,A08
LA_E_7379734,0,gsm,bonafide
LA_E_7379789,1,g722,A10
LA_E_7380046,1,ulaw,A07
LA_E_7380205,1,pstn,A13
LA_E_7380395,1,none,A17
LA_E_7380676,1,none,A11
LA_E_7380915,1,opus,A07
LA_E_7381077,1,opus,A13
LA_E_7381140,1,g722,A08
LA_E_7381316,1,ulaw,A13
LA_E_7381536,1,ulaw,A12
LA_E_7381783,1,alaw,A17
LA_E_7382024,1,alaw,A07
LA_E_7382179,1,none,A13
LA_E_7382242,1,g722,A15
LA_E_7382267,1,opus,A09
LA_E_7382381,1,gsm,A17
LA_E_7383091,1,opus,A15
LA_E_7383170,1,pstn,A08
LA_E_7383695,1,gsm,A19
LA_E_7384227,1,ulaw,A14
LA_E_7384390,1,ulaw,A10
LA_E_7384471,1,ulaw,A13
LA_E_7384618,1,opus,A17
LA_E_7385027,1,opus,A15
LA_E_7385447,1,g722,A17
LA_E_7385745,1,none,A19
LA_E_7385870,1,opus,A13
LA_E_7386077,1,ulaw,A13
LA_E_7386272,1,alaw,A15
LA_E_7386453,0,gsm,bonafide
LA_E_7386628,1,gsm,A11
LA_E_7387001,1,opus,A08
LA_E_7387416,1,g722,A13
LA_E_7387886,1,alaw,A15
LA_E_7388106,0,gsm,bonafide
LA_E_7388292,1,ulaw,A17
LA_E_7388517,1,g722,A14
LA_E_7388953,1,opus,A15
LA_E_7389106,1,g722,A07
LA_E_7389753,1,g722,A13
LA_E_7390313,1,g722,A19
LA_E_7390361,1,opus,A18
LA_E_7391089,1,gsm,A17
LA_E_7391164,1,opus,A08
LA_E_7391172,1,g722,A12
LA_E_7391623,1,ulaw,A16
LA_E_7392366,1,gsm,A15
LA_E_7392411,1,ulaw,A09
LA_E_7392465,0,none,bonafide
LA_E_7392839,1,ulaw,A08
LA_E_7393946,1,pstn,A19
LA_E_7394701,1,ulaw,A19
LA_E_7394860,1,g722,A07
LA_E_7395567,1,opus,A15
LA_E_7395882,1,g722,A17
LA_E_7395974,1,ulaw,A17
LA_E_7396159,1,g722,A09
LA_E_7396306,1,ulaw,A10
LA_E_7396395,1,opus,A11
LA_E_7397241,1,gsm,A11
LA_E_7397351,1,opus,A18
LA_E_7397565,1,gsm,A10
LA_E_7397590,1,ulaw,A14
LA_E_7397925,1,gsm,A07
LA_E_7398147,1,ulaw,A15
LA_E_7398955,1,alaw,A07
LA_E_7399282,1,g722,A10
LA_E_7399649,1,pstn,A08
LA_E_7399863,1,ulaw,A09
LA_E_7400180,1,alaw,A12
LA_E_7400324,1,opus,A08
LA_E_7400405,1,opus,A17
LA_E_7400473,1,g722,A12
LA_E_7400871,1,pstn,A13
LA_E_7401107,1,alaw,A16
LA_E_7401235,1,gsm,A14
LA_E_7401781,1,alaw,A14
LA_E_7402021,1,gsm,A11
LA_E_7402150,1,ulaw,A14
LA_E_7402375,1,alaw,A08
LA_E_7402608,1,gsm,A10
LA_E_7402797,1,g722,A15
LA_E_7403080,1,ulaw,A17
LA_E_7403257,1,gsm,A19
LA_E_7403321,1,pstn,A09
LA_E_7403571,1,pstn,A07
LA_E_7404018,1,alaw,A10
LA_E_7404499,1,opus,A18
LA_E_7404646,1,none,A12
LA_E_7404934,1,gsm,A17
LA_E_7404955,1,none,A13
LA_E_7405238,1,ulaw,A16
LA_E_7405273,1,pstn,A12
LA_E_7405370,1,opus,A17
LA_E_7405372,0,pstn,bonafide
LA_E_7405501,1,none,A07
LA_E_7405653,1,gsm,A18
LA_E_7406089,1,alaw,A10
LA_E_7406370,1,opus,A07
LA_E_7406912,1,g722,A13
LA_E_7407658,1,g722,A07
LA_E_7407989,1,pstn,A13
LA_E_7408078,1,none,A07
LA_E_7408202,0,pstn,bonafide
LA_E_7408350,1,gsm,A11
LA_E_7408354,1,alaw,A07
LA_E_7408458,1,pstn,A10
LA_E_7408534,1,none,A17
LA_E_7408678,1,gsm,A18
LA_E_7409139,1,none,A10
LA_E_7409503,1,alaw,A08
LA_E_7409807,1,gsm,A11
LA_E_7409970,1,pstn,A14
LA_E_7410301,1,gsm,A08
LA_E_7410403,1,alaw,A07
LA_E_7410524,1,opus,A08
LA_E_7410619,1,ulaw,A16
LA_E_7410804,1,alaw,A15
LA_E_7410953,1,pstn,A15
LA_E_7410971,1,ulaw,A12
LA_E_7411847,1,alaw,A11
LA_E_7411946,1,g722,A16
LA_E_7412102,0,opus,bonafide
LA_E_7412423,1,g722,A16
LA_E_7412436,1,gsm,A14
LA_E_7412489,1,none,A10
LA_E_7412719,1,alaw,A19
LA_E_7412780,1,ulaw,A07
LA_E_7413555,0,none,bonafide
LA_E_7414020,1,none,A10
LA_E_7414115,1,gsm,A19
LA_E_7414287,1,opus,A13
LA_E_7415735,1,alaw,A16
LA_E_7415744,1,pstn,A07
LA_E_7415935,1,gsm,A12
LA_E_7416263,1,none,A14
LA_E_7416582,1,ulaw,A16
LA_E_7417071,1,gsm,A16
LA_E_7417555,1,alaw,A19
LA_E_7417632,1,opus,A16
LA_E_7417644,1,ulaw,A07
LA_E_7417786,1,g722,A12
LA_E_7417843,1,pstn,A07
LA_E_7417874,1,ulaw,A18
LA_E_7418081,1,pstn,A16
LA_E_7418286,1,opus,A09
LA_E_7418430,1,none,A16
LA_E_7418556,1,alaw,A19
LA_E_7418816,1,ulaw,A15
LA_E_7418828,1,opus,A15
LA_E_7418888,1,gsm,A10
LA_E_7419078,1,pstn,A10
LA_E_7419180,1,ulaw,A12
LA_E_7419330,1,opus,A10
LA_E_7419403,1,ulaw,A09
LA_E_7419616,1,pstn,A10
LA_E_7419648,1,gsm,A07
LA_E_7420229,1,alaw,A14
LA_E_7420458,1,alaw,A14
LA_E_7420749,1,ulaw,A19
LA_E_7420761,1,pstn,A09
LA_E_7421136,0,g722,bonafide
LA_E_7421466,1,gsm,A11
LA_E_7421913,1,gsm,A09
LA_E_7422053,0,opus,bonafide
LA_E_7422215,1,gsm,A10
LA_E_7422266,1,none,A18
LA_E_7422527,1,gsm,A11
LA_E_7422900,1,g722,A16
LA_E_7422999,1,opus,A17
LA_E_7423296,1,ulaw,A10
LA_E_7423633,1,gsm,A13
LA_E_7423827,1,opus,A13
LA_E_7423946,1,opus,A17
LA_E_7424259,1,g722,A13
LA_E_7424311,1,alaw,A13
LA_E_7424676,1,alaw,A10
LA_E_7424979,0,g722,bonafide
LA_E_7425266,1,alaw,A16
LA_E_7425320,1,ulaw,A12
LA_E_7425517,0,g722,bonafide
LA_E_7425546,1,g722,A11
LA_E_7426130,1,alaw,A19
LA_E_7426605,1,ulaw,A17
LA_E_7426676,0,alaw,bonafide
LA_E_7427401,1,ulaw,A12
LA_E_7427634,1,ulaw,A14
LA_E_7427908,1,g722,A16
LA_E_7428535,1,opus,A07
LA_E_7428677,0,gsm,bonafide
LA_E_7428698,1,none,A14
LA_E_7428744,1,g722,A18
LA_E_7428781,1,ulaw,A09
LA_E_7429337,1,g722,A07
LA_E_7429478,1,pstn,A10
LA_E_7429538,1,alaw,A09
LA_E_7429797,1,none,A10
LA_E_7430986,1,pstn,A16
LA_E_7431006,1,alaw,A14
LA_E_7431223,1,opus,A19
LA_E_7431442,1,ulaw,A17
LA_E_7431617,1,gsm,A19
LA_E_7431830,1,none,A11
LA_E_7431834,1,g722,A08
LA_E_7431867,1,none,A12
LA_E_7432265,1,pstn,A17
LA_E_7432532,1,gsm,A17
LA_E_7433063,1,opus,A15
LA_E_7433528,1,g722,A19
LA_E_7434546,0,g722,bonafide
LA_E_7435222,1,none,A13
LA_E_7435329,1,gsm,A13
LA_E_7435584,1,pstn,A17
LA_E_7435801,1,gsm,A17
LA_E_7436492,1,alaw,A18
LA_E_7436586,1,opus,A08
LA_E_7437129,1,alaw,A15
LA_E_7437490,1,pstn,A13
LA_E_7437535,1,gsm,A16
LA_E_7437556,1,alaw,A17
LA_E_7438028,1,opus,A07
LA_E_7438229,1,g722,A09
LA_E_7438777,1,ulaw,A13
LA_E_7439511,1,gsm,A09
LA_E_7439924,1,gsm,A13
LA_E_7440042,1,pstn,A13
LA_E_7440232,1,alaw,A18
LA_E_7440550,1,opus,A12
LA_E_7440683,1,alaw,A17
LA_E_7440814,1,opus,A19
LA_E_7440896,1,none,A19
LA_E_7441000,0,g722,bonafide
LA_E_7441206,1,ulaw,A10
LA_E_7441286,1,opus,A15
LA_E_7442729,1,none,A18
LA_E_7442782,1,gsm,A18
LA_E_7443097,1,opus,A12
LA_E_7443464,1,g722,A15
LA_E_7444239,1,gsm,A19
LA_E_7444427,0,alaw,bonafide
LA_E_7444662,1,none,A16
LA_E_7444731,1,alaw,A13
LA_E_7444954,1,g722,A08
LA_E_7444964,0,ulaw,bonafide
LA_E_7445079,0,gsm,bonafide
LA_E_7445617,1,g722,A14
LA_E_7445768,1,gsm,A16
LA_E_7446118,1,gsm,A11
LA_E_7446141,1,alaw,A17
LA_E_7447157,0,none,bonafide
LA_E_7447318,1,g722,A18
LA_E_7447569,1,none,A18
LA_E_7447832,1,pstn,A12
LA_E_7447865,1,none,A19
LA_E_7448495,1,g722,A08
LA_E_7448931,1,pstn,A07
LA_E_7448954,1,pstn,A10
LA_E_7449208,1,ulaw,A10
LA_E_7449494,1,pstn,A17
LA_E_7449570,1,opus,A18
LA_E_7449590,1,ulaw,A19
LA_E_7449817,1,gsm,A07
LA_E_7450005,0,opus,bonafide
LA_E_7450115,1,gsm,A09
LA_E_7450723,1,g722,A15
LA_E_7450860,1,none,A13
LA_E_7450997,1,gsm,A18
LA_E_7451583,1,ulaw,A18
LA_E_7451622,0,ulaw,bonafide
LA_E_7451939,1,ulaw,A09
LA_E_7452235,1,ulaw,A19
LA_E_7452339,1,none,A17
LA_E_7452367,1,ulaw,A14
LA_E_7452791,1,ulaw,A17
LA_E_7453064,1,opus,A11
LA_E_7453621,1,alaw,A17
LA_E_7453748,1,gsm,A12
LA_E_7455109,0,pstn,bonafide
LA_E_7455150,1,alaw,A07
LA_E_7455292,0,g722,bonafide
LA_E_7456098,1,alaw,A13
LA_E_7456149,1,none,A13
LA_E_7456212,1,gsm,A13
LA_E_7456347,1,ulaw,A18
LA_E_7456634,1,none,A10
LA_E_7456967,1,none,A10
LA_E_7456985,1,ulaw,A16
LA_E_7457525,1,alaw,A12
LA_E_7460686,1,g722,A16
LA_E_7460856,1,alaw,A10
LA_E_7461411,1,opus,A08
LA_E_7461412,1,pstn,A11
LA_E_7461469,1,gsm,A17
LA_E_7461580,1,ulaw,A12
LA_E_7461640,0,pstn,bonafide
LA_E_7462237,1,alaw,A09
LA_E_7462711,1,g722,A13
LA_E_7462923,1,ulaw,A15
LA_E_7463251,1,ulaw,A10
LA_E_7463907,1,g722,A08
LA_E_7463991,1,ulaw,A12
LA_E_7464175,1,alaw,A18
LA_E_7464495,1,pstn,A18
LA_E_7464524,0,pstn,bonafide
LA_E_7465228,1,alaw,A13
LA_E_7465329,0,gsm,bonafide
LA_E_7465973,1,opus,A08
LA_E_7466143,1,g722,A16
LA_E_7466253,1,alaw,A09
LA_E_7466719,1,g722,A11
LA_E_7466792,1,gsm,A07
LA_E_7466865,1,alaw,A18
LA_E_7468510,1,ulaw,A12
LA_E_7469941,1,pstn,A11
LA_E_7470293,1,ulaw,A19
LA_E_7470312,1,gsm,A13
LA_E_7470385,1,alaw,A14
LA_E_7470598,1,ulaw,A19
LA_E_7470736,1,none,A17
LA_E_7470751,1,none,A16
LA_E_7471011,1,gsm,A08
LA_E_7471333,1,none,A15
LA_E_7471337,1,alaw,A12
LA_E_7471476,1,opus,A11
LA_E_7471534,1,opus,A10
LA_E_7471655,1,opus,A07
LA_E_7471696,1,g722,A19
LA_E_7471811,1,gsm,A16
LA_E_7472078,1,pstn,A16
LA_E_7472763,1,none,A09
LA_E_7473110,0,none,bonafide
LA_E_7473360,1,ulaw,A10
LA_E_7473525,1,opus,A09
LA_E_7473736,0,none,bonafide
LA_E_7473814,1,ulaw,A12
LA_E_7473967,1,g722,A16
LA_E_7474499,1,g722,A13
LA_E_7474630,1,none,A11
LA_E_7475213,1,none,A17
LA_E_7475226,1,opus,A15
LA_E_7475474,1,gsm,A15
LA_E_7476248,1,alaw,A14
LA_E_7476271,1,none,A07
LA_E_7476367,1,g722,A08
LA_E_7476718,1,alaw,A13
LA_E_7476816,1,ulaw,A16
LA_E_7477271,1,alaw,A19
LA_E_7477339,1,gsm,A11
LA_E_7478031,1,ulaw,A19
LA_E_7478122,1,gsm,A16
LA_E_7478235,1,gsm,A09
LA_E_7478279,1,g722,A10
LA_E_7478556,1,opus,A07
LA_E_7478994,1,pstn,A13
LA_E_7479158,1,alaw,A19
LA_E_7479307,1,pstn,A14
LA_E_7479413,1,opus,A10
LA_E_7479563,1,opus,A15
LA_E_7479639,1,opus,A10
LA_E_7479697,1,alaw,A17
LA_E_7480324,1,none,A18
LA_E_7480457,0,pstn,bonafide
LA_E_7480834,1,gsm,A18
LA_E_7480944,1,g722,A15
LA_E_7481020,1,ulaw,A07
LA_E_7481073,1,opus,A12
LA_E_7481451,1,ulaw,A10
LA_E_7481598,1,opus,A10
LA_E_7482203,1,gsm,A12
LA_E_7482510,1,ulaw,A15
LA_E_7482935,1,pstn,A16
LA_E_7483358,1,pstn,A10
LA_E_7483452,1,ulaw,A19
LA_E_7483764,1,pstn,A08
LA_E_7484116,1,gsm,A11
LA_E_7484899,1,g722,A10
LA_E_7485109,1,pstn,A09
LA_E_7485335,1,g722,A09
LA_E_7485710,1,alaw,A16
LA_E_7486068,1,opus,A13
LA_E_7486351,1,pstn,A15
LA_E_7486515,1,g722,A07
LA_E_7486563,1,pstn,A10
LA_E_7486676,1,opus,A09
LA_E_7486723,1,opus,A08
LA_E_7487019,1,gsm,A14
LA_E_7487064,1,opus,A08
LA_E_7487150,1,alaw,A11
LA_E_7487229,1,opus,A12
LA_E_7487283,1,none,A07
LA_E_7487953,1,alaw,A16
LA_E_7488330,1,alaw,A13
LA_E_7488510,1,opus,A12
LA_E_7488922,0,ulaw,bonafide
LA_E_7488949,1,gsm,A18
LA_E_7489023,1,alaw,A12
LA_E_7489200,1,g722,A12
LA_E_7489541,1,opus,A09
LA_E_7489737,1,alaw,A17
LA_E_7489878,1,opus,A17
LA_E_7491320,1,opus,A18
LA_E_7491493,1,opus,A09
LA_E_7491887,0,ulaw,bonafide
LA_E_7492155,1,ulaw,A08
LA_E_7492159,1,pstn,A11
LA_E_7492229,1,ulaw,A14
LA_E_7492280,1,none,A14
LA_E_7492300,1,opus,A11
LA_E_7492316,1,alaw,A17
LA_E_7492639,1,g722,A16
LA_E_7492825,1,ulaw,A12
LA_E_7493558,1,pstn,A19
LA_E_7493780,1,opus,A15
LA_E_7495287,0,gsm,bonafide
LA_E_7495617,1,opus,A12
LA_E_7496956,1,ulaw,A18
LA_E_7497063,1,ulaw,A13
LA_E_7497165,1,opus,A11
LA_E_7497577,1,pstn,A12
LA_E_7497947,1,alaw,A13
LA_E_7498712,1,ulaw,A15
LA_E_7499001,1,opus,A13
LA_E_7499025,0,opus,bonafide
LA_E_7499631,1,pstn,A18
LA_E_7499669,1,pstn,A10
LA_E_7500542,1,pstn,A19
LA_E_7500961,1,g722,A13
LA_E_7500964,1,gsm,A10
LA_E_7500995,1,pstn,A17
LA_E_7501139,1,gsm,A18
LA_E_7501275,1,gsm,A13
LA_E_7501288,1,gsm,A18
LA_E_7501356,0,ulaw,bonafide
LA_E_7501733,1,none,A17
LA_E_7501874,1,gsm,A19
LA_E_7502098,0,g722,bonafide
LA_E_7502102,1,none,A10
LA_E_7502155,1,ulaw,A13
LA_E_7502257,1,pstn,A14
LA_E_7502574,1,gsm,A19
LA_E_7502815,1,pstn,A16
LA_E_7502850,1,opus,A10
LA_E_7502902,1,pstn,A11
LA_E_7503013,1,none,A18
LA_E_7503203,0,ulaw,bonafide
LA_E_7503323,1,opus,A09
LA_E_7503591,1,opus,A11
LA_E_7503778,1,gsm,A18
LA_E_7503964,1,gsm,A13
LA_E_7505948,1,pstn,A11
LA_E_7506360,1,alaw,A17
LA_E_7506836,1,alaw,A19
LA_E_7507060,1,g722,A14
LA_E_7507119,1,g722,A10
LA_E_7507677,1,opus,A18
LA_E_7507710,1,alaw,A07
LA_E_7508040,1,opus,A08
LA_E_7508198,1,pstn,A15
LA_E_7508256,1,g722,A16
LA_E_7508315,1,g722,A12
LA_E_7508358,1,ulaw,A08
LA_E_7508613,1,opus,A19
LA_E_7508661,1,gsm,A15
LA_E_7508794,1,gsm,A18
LA_E_7508932,1,gsm,A15
LA_E_7509000,1,none,A15
LA_E_7509493,1,none,A08
LA_E_7510230,1,none,A16
LA_E_7510284,0,ulaw,bonafide
LA_E_7511019,1,none,A15
LA_E_7511671,1,pstn,A19
LA_E_7512252,1,ulaw,A13
LA_E_7512986,1,g722,A10
LA_E_7513091,1,g722,A18
LA_E_7513238,1,gsm,A19
LA_E_7513501,1,alaw,A09
LA_E_7513619,1,g722,A12
LA_E_7513745,1,none,A17
LA_E_7513756,1,ulaw,A16
LA_E_7513777,1,pstn,A07
LA_E_7513798,1,gsm,A17
LA_E_7513995,1,opus,A07
LA_E_7514359,1,none,A18
LA_E_7514606,1,alaw,A17
LA_E_7515335,1,alaw,A11
LA_E_7515541,1,gsm,A18
LA_E_7516031,1,ulaw,A14
LA_E_7516358,1,ulaw,A08
LA_E_7516515,1,none,A15
LA_E_7516606,1,ulaw,A08
LA_E_7517189,1,opus,A11
LA_E_7517280,1,gsm,A10
LA_E_7517403,1,gsm,A07
LA_E_7517489,1,gsm,A12
LA_E_7517851,1,alaw,A18
LA_E_7518451,1,opus,A18
LA_E_7518754,0,pstn,bonafide
LA_E_7519286,1,none,A11
LA_E_7519692,1,ulaw,A18
LA_E_7519788,1,none,A12
LA_E_7519881,1,pstn,A09
LA_E_7520244,1,alaw,A09
LA_E_7520843,0,alaw,bonafide
LA_E_7520872,1,opus,A08
LA_E_7520931,1,alaw,A10
LA_E_7520983,1,none,A16
LA_E_7521272,1,gsm,A19
LA_E_7521764,0,none,bonafide
LA_E_7521935,1,g722,A08
LA_E_7521957,1,gsm,A07
LA_E_7521992,1,gsm,A10
LA_E_7522064,0,ulaw,bonafide
LA_E_7522149,1,gsm,A13
LA_E_7522163,1,none,A15
LA_E_7522696,1,gsm,A11
LA_E_7522881,1,opus,A15
LA_E_7522884,0,none,bonafide
LA_E_7522933,0,alaw,bonafide
LA_E_7523169,1,opus,A16
LA_E_7523327,1,gsm,A13
LA_E_7523410,1,g722,A12
LA_E_7523729,1,ulaw,A14
LA_E_7523863,1,ulaw,A09
LA_E_7524093,1,alaw,A09
LA_E_7524525,1,pstn,A17
LA_E_7524528,1,g722,A18
LA_E_7524554,1,pstn,A11
LA_E_7526547,1,gsm,A07
LA_E_7526723,1,ulaw,A09
LA_E_7526745,1,opus,A14
LA_E_7526952,1,ulaw,A11
LA_E_7527177,1,gsm,A16
LA_E_7527257,1,gsm,A07
LA_E_7527330,1,gsm,A09
LA_E_7528314,1,none,A10
LA_E_7528884,1,opus,A12
LA_E_7529138,0,ulaw,bonafide
LA_E_7529794,1,ulaw,A15
LA_E_7531126,0,gsm,bonafide
LA_E_7531271,1,gsm,A08
LA_E_7531412,1,opus,A17
LA_E_7531488,1,pstn,A11
LA_E_7531668,1,ulaw,A14
LA_E_7532287,1,alaw,A17
LA_E_7532365,1,opus,A07
LA_E_7532651,1,alaw,A13
LA_E_7532745,1,alaw,A19
LA_E_7532959,0,g722,bonafide
LA_E_7532982,1,g722,A19
LA_E_7533086,1,gsm,A08
LA_E_7533442,1,none,A16
LA_E_7533569,1,ulaw,A09
LA_E_7533748,1,alaw,A16
LA_E_7533981,1,opus,A13
LA_E_7534017,1,ulaw,A18
LA_E_7534513,1,g722,A11
LA_E_7534559,1,alaw,A12
LA_E_7534768,1,opus,A16
LA_E_7534848,1,alaw,A19
LA_E_7535406,0,ulaw,bonafide
LA_E_7535513,1,gsm,A13
LA_E_7535822,1,none,A14
LA_E_7536159,1,pstn,A07
LA_E_7536254,1,g722,A19
LA_E_7536388,1,ulaw,A12
LA_E_7536764,1,ulaw,A13
LA_E_7536776,1,g722,A19
LA_E_7536963,1,ulaw,A16
LA_E_7537325,1,ulaw,A15
LA_E_7537697,1,gsm,A18
LA_E_7537797,1,gsm,A14
LA_E_7539402,1,none,A17
LA_E_7539665,1,gsm,A09
LA_E_7539849,1,opus,A12
LA_E_7539956,1,none,A18
LA_E_7539977,1,ulaw,A17
LA_E_7540119,1,opus,A10
LA_E_7540885,1,alaw,A09
LA_E_7540950,1,alaw,A13
LA_E_7542693,1,opus,A19
LA_E_7543102,1,g722,A08
LA_E_7543242,1,none,A17
LA_E_7543298,1,alaw,A09
LA_E_7543320,1,gsm,A10
LA_E_7543366,1,alaw,A16
LA_E_7543557,1,ulaw,A16
LA_E_7543624,1,pstn,A15
LA_E_7543686,1,alaw,A07
LA_E_7543734,1,opus,A14
LA_E_7543779,1,opus,A16
LA_E_7543789,1,alaw,A11
LA_E_7544003,1,alaw,A09
LA_E_7544273,0,none,bonafide
LA_E_7545202,1,gsm,A07
LA_E_7545675,1,g722,A13
LA_E_7545788,1,none,A16
LA_E_7545927,1,ulaw,A17
LA_E_7545991,1,pstn,A10
LA_E_7546036,1,ulaw,A14
LA_E_7546317,1,gsm,A08
LA_E_7546501,1,pstn,A08
LA_E_7546654,1,ulaw,A07
LA_E_7546722,1,none,A18
LA_E_7546773,1,gsm,A08
LA_E_7546814,1,none,A07
LA_E_7547487,1,gsm,A13
LA_E_7547490,1,gsm,A14
LA_E_7547620,1,g722,A11
LA_E_7547843,1,ulaw,A07
LA_E_7547987,1,none,A18
LA_E_7548450,1,alaw,A13
LA_E_7548687,0,gsm,bonafide
LA_E_7549139,0,ulaw,bonafide
LA_E_7549352,0,g722,bonafide
LA_E_7550466,1,opus,A11
LA_E_7550499,1,g722,A09
LA_E_7550966,1,pstn,A18
LA_E_7550970,1,g722,A11
LA_E_7551358,1,opus,A13
LA_E_7551440,1,gsm,A11
LA_E_7551906,1,opus,A14
LA_E_7552290,1,gsm,A11
LA_E_7552400,1,ulaw,A18
LA_E_7552458,1,none,A18
LA_E_7552752,1,ulaw,A10
LA_E_7553439,1,g722,A18
LA_E_7553582,1,pstn,A10
LA_E_7553885,1,gsm,A18
LA_E_7554113,1,gsm,A11
LA_E_7554277,1,pstn,A09
LA_E_7554297,0,gsm,bonafide
LA_E_7554417,1,gsm,A13
LA_E_7554605,1,ulaw,A18
LA_E_7554849,1,pstn,A14
LA_E_7554933,1,alaw,A14
LA_E_7554952,1,ulaw,A18
LA_E_7555087,1,ulaw,A13
LA_E_7555674,1,ulaw,A12
LA_E_7555763,1,g722,A10
LA_E_7557229,1,g722,A17
LA_E_7558110,1,alaw,A17
LA_E_7558323,1,pstn,A07
LA_E_7558791,1,pstn,A11
LA_E_7558845,1,opus,A19
LA_E_7558973,1,alaw,A13
LA_E_7559040,1,ulaw,A09
LA_E_7559047,1,pstn,A18
LA_E_7559241,1,opus,A15
LA_E_7559324,1,gsm,A16
LA_E_7559538,1,g722,A13
LA_E_7559626,1,gsm,A15
LA_E_7559723,1,ulaw,A13
LA_E_7559836,1,alaw,A12
LA_E_7560101,1,pstn,A07
LA_E_7560149,1,pstn,A07
LA_E_7560582,0,g722,bonafide
LA_E_7560623,1,g722,A17
LA_E_7561054,1,gsm,A10
LA_E_7561750,1,g722,A07
LA_E_7562046,0,gsm,bonafide
LA_E_7562310,1,ulaw,A18
LA_E_7562390,1,opus,A13
LA_E_7562487,1,opus,A08
LA_E_7562776,0,g722,bonafide
LA_E_7562961,1,gsm,A14
LA_E_7563303,1,ulaw,A15
LA_E_7563433,1,ulaw,A12
LA_E_7564219,1,pstn,A08
LA_E_7564382,0,pstn,bonafide
LA_E_7564508,1,ulaw,A13
LA_E_7564590,1,ulaw,A12
LA_E_7564637,1,gsm,A09
LA_E_7564825,1,alaw,A17
LA_E_7564918,1,ulaw,A16
LA_E_7565160,1,none,A18
LA_E_7565246,1,ulaw,A09
LA_E_7565349,1,g722,A09
LA_E_7565946,1,gsm,A10
LA_E_7565996,1,g722,A07
LA_E_7566010,1,none,A09
LA_E_7566392,1,ulaw,A16
LA_E_7566434,1,opus,A19
LA_E_7566487,1,gsm,A11
LA_E_7566604,1,opus,A16
LA_E_7567244,1,none,A16
LA_E_7567328,1,pstn,A07
LA_E_7567407,1,g722,A13
LA_E_7568974,0,ulaw,bonafide
LA_E_7569247,1,ulaw,A14
LA_E_7569373,1,gsm,A16
LA_E_7569412,1,ulaw,A12
LA_E_7569505,1,g722,A18
LA_E_7569758,1,g722,A14
LA_E_7570421,1,opus,A17
LA_E_7570559,1,g722,A12
LA_E_7570892,1,gsm,A09
LA_E_7571499,1,opus,A14
LA_E_7571639,1,opus,A12
LA_E_7572275,1,gsm,A10
LA_E_7572487,1,opus,A11
LA_E_7573670,1,opus,A13
LA_E_7573785,1,pstn,A17
LA_E_7573904,1,g722,A16
LA_E_7573927,1,opus,A13
LA_E_7574209,1,alaw,A15
LA_E_7574220,1,gsm,A07
LA_E_7574393,1,gsm,A14
LA_E_7574576,1,opus,A19
LA_E_7575103,1,none,A14
LA_E_7575563,1,g722,A08
LA_E_7575840,1,g722,A12
LA_E_7575927,1,alaw,A17
LA_E_7576108,1,ulaw,A08
LA_E_7577966,1,ulaw,A12
LA_E_7578131,1,opus,A16
LA_E_7578242,1,ulaw,A10
LA_E_7578310,1,none,A12
LA_E_7578828,1,opus,A11
LA_E_7579481,1,gsm,A11
LA_E_7579873,0,ulaw,bonafide
LA_E_7579993,1,ulaw,A19
LA_E_7581416,1,gsm,A08
LA_E_7581582,1,alaw,A19
LA_E_7582014,0,opus,bonafide
LA_E_7582090,1,opus,A17
LA_E_7582118,1,g722,A12
LA_E_7582238,1,pstn,A09
LA_E_7582296,1,gsm,A16
LA_E_7582340,1,ulaw,A11
LA_E_7583326,1,g722,A13
LA_E_7583804,1,ulaw,A15
LA_E_7584119,1,opus,A09
LA_E_7584719,1,gsm,A08
LA_E_7585245,1,gsm,A10
LA_E_7585411,1,opus,A08
LA_E_7585737,1,none,A15
LA_E_7586066,1,alaw,A16
LA_E_7586182,1,none,A15
LA_E_7586284,1,pstn,A07
LA_E_7586411,1,opus,A09
LA_E_7586548,1,gsm,A16
LA_E_7586811,1,opus,A11
LA_E_7587169,1,alaw,A10
LA_E_7587248,1,opus,A19
LA_E_7587257,0,pstn,bonafide
LA_E_7588749,1,none,A11
LA_E_7588786,1,ulaw,A13
LA_E_7588979,1,pstn,A10
LA_E_7589040,1,ulaw,A19
LA_E_7589403,1,g722,A10
LA_E_7589414,1,alaw,A09
LA_E_7589864,1,none,A08
LA_E_7590403,1,pstn,A16
LA_E_7590866,1,alaw,A12
LA_E_7591026,1,alaw,A19
LA_E_7591111,1,none,A08
LA_E_7591609,1,g722,A17
LA_E_7592979,1,pstn,A13
LA_E_7593252,1,gsm,A14
LA_E_7593296,1,pstn,A09
LA_E_7593303,1,gsm,A16
LA_E_7594104,1,none,A15
LA_E_7594231,1,none,A13
LA_E_7594353,0,opus,bonafide
LA_E_7594993,1,alaw,A13
LA_E_7595229,1,opus,A10
LA_E_7595466,1,alaw,A14
LA_E_7595482,1,gsm,A12
LA_E_7595585,1,gsm,A08
LA_E_7595666,1,none,A16
LA_E_7595744,1,alaw,A11
LA_E_7596365,1,pstn,A15
LA_E_7596570,1,ulaw,A12
LA_E_7596850,1,opus,A16
LA_E_7596999,1,gsm,A19
LA_E_7597302,1,opus,A19
LA_E_7597391,0,opus,bonafide
LA_E_7597415,1,g722,A10
LA_E_7597528,1,none,A12
LA_E_7597620,1,gsm,A16
LA_E_7597826,1,g722,A12
LA_E_7598043,1,none,A09
LA_E_7598057,1,g722,A09
LA_E_7598142,1,opus,A14
LA_E_7598280,1,gsm,A18
LA_E_7598383,1,opus,A08
LA_E_7598470,1,opus,A09
LA_E_7598978,1,gsm,A18
LA_E_7599312,1,ulaw,A13
LA_E_7599345,1,ulaw,A13
LA_E_7599762,0,none,bonafide
LA_E_7599857,1,alaw,A11
LA_E_7600229,1,g722,A09
LA_E_7600737,1,none,A17
LA_E_7600830,1,ulaw,A19
LA_E_7600951,1,gsm,A14
LA_E_7601016,1,ulaw,A17
LA_E_7601276,1,none,A08
LA_E_7601293,1,gsm,A10
LA_E_7601379,1,pstn,A15
LA_E_7601445,1,opus,A18
LA_E_7601938,1,pstn,A08
LA_E_7602378,1,alaw,A09
LA_E_7603763,1,none,A14
LA_E_7603861,1,alaw,A18
LA_E_7604392,1,alaw,A11
LA_E_7605258,1,none,A16
LA_E_7605688,1,opus,A08
LA_E_7605997,1,pstn,A07
LA_E_7606057,1,pstn,A11
LA_E_7607233,1,pstn,A16
LA_E_7607585,1,ulaw,A19
LA_E_7607808,1,alaw,A11
LA_E_7608240,1,ulaw,A19
LA_E_7609219,1,none,A09
LA_E_7609605,1,g722,A19
LA_E_7609711,0,ulaw,bonafide
LA_E_7609835,1,ulaw,A13
LA_E_7609949,1,gsm,A09
LA_E_7610501,1,gsm,A11
LA_E_7610518,1,gsm,A15
LA_E_7610521,1,opus,A14
LA_E_7610761,1,ulaw,A12
LA_E_7610930,1,gsm,A11
LA_E_7611004,1,none,A13
LA_E_7611055,1,pstn,A11
LA_E_7611153,1,gsm,A14
LA_E_7611403,0,ulaw,bonafide
LA_E_7611659,0,opus,bonafide
LA_E_7611884,1,none,A17
LA_E_7612015,1,ulaw,A10
LA_E_7612162,1,g722,A11
LA_E_7612541,1,gsm,A16
LA_E_7612932,1,none,A10
LA_E_7613396,0,none,bonafide
LA_E_7613452,1,pstn,A13
LA_E_7613513,1,pstn,A09
LA_E_7613664,1,none,A14
LA_E_7613818,1,gsm,A09
LA_E_7614037,1,alaw,A15
LA_E_7614284,1,gsm,A12
LA_E_7614588,1,g722,A19
LA_E_7615058,1,g722,A17
LA_E_7615070,1,ulaw,A17
LA_E_7616097,1,ulaw,A19
LA_E_7616447,1,alaw,A08
LA_E_7616955,1,ulaw,A07
LA_E_7617476,1,none,A11
LA_E_7617690,1,opus,A18
LA_E_7618418,1,none,A15
LA_E_7619032,1,none,A19
LA_E_7619143,1,opus,A17
LA_E_7619466,1,g722,A16
LA_E_7619719,1,g722,A11
LA_E_7620088,1,ulaw,A15
LA_E_7620470,1,ulaw,A11
LA_E_7620811,1,none,A16
LA_E_7620973,1,opus,A12
LA_E_7620976,0,alaw,bonafide
LA_E_7621370,1,g722,A14
LA_E_7621670,1,ulaw,A15
LA_E_7622144,1,ulaw,A13
LA_E_7622523,1,none,A15
LA_E_7622553,0,g722,bonafide
LA_E_7622642,1,gsm,A11
LA_E_7623028,1,pstn,A16
LA_E_7623206,1,alaw,A11
LA_E_7623304,1,alaw,A19
LA_E_7623416,1,gsm,A12
LA_E_7623419,1,opus,A09
LA_E_7624346,1,g722,A07
LA_E_7624824,1,gsm,A17
LA_E_7625138,0,alaw,bonafide
LA_E_7625277,1,none,A13
LA_E_7625296,1,gsm,A12
LA_E_7625406,1,none,A13
LA_E_7626165,0,gsm,bonafide
LA_E_7626349,1,alaw,A09
LA_E_7626844,1,gsm,A16
LA_E_7627147,1,gsm,A15
LA_E_7627160,1,opus,A12
LA_E_7627308,1,gsm,A07
LA_E_7627991,1,gsm,A14
LA_E_7628059,1,opus,A14
LA_E_7628232,1,opus,A07
LA_E_7628512,0,ulaw,bonafide
LA_E_7628536,0,ulaw,bonafide
LA_E_7628921,1,opus,A16
LA_E_7629005,1,gsm,A08
LA_E_7629045,1,ulaw,A07
LA_E_7630448,1,alaw,A16
LA_E_7630878,1,pstn,A14
LA_E_7630950,1,opus,A18
LA_E_7631701,1,pstn,A19
LA_E_7631724,1,ulaw,A11
LA_E_7632793,0,ulaw,bonafide
LA_E_7633172,1,ulaw,A09
LA_E_7633265,1,gsm,A11
LA_E_7633553,1,ulaw,A16
LA_E_7633646,1,g722,A15
LA_E_7633739,1,opus,A19
LA_E_7633949,1,g722,A19
LA_E_7634237,1,opus,A10
LA_E_7634615,1,gsm,A07
LA_E_7635316,1,opus,A14
LA_E_7635405,1,pstn,A19
LA_E_7635603,0,ulaw,bonafide
LA_E_7636082,1,gsm,A19
LA_E_7636540,1,g722,A17
LA_E_7636547,1,gsm,A18
LA_E_7636740,1,alaw,A13
LA_E_7636945,1,opus,A18
LA_E_7637393,1,gsm,A08
LA_E_7637605,1,gsm,A08
LA_E_7638081,0,ulaw,bonafide
LA_E_7638277,0,ulaw,bonafide
LA_E_7638444,1,pstn,A09
LA_E_7638922,1,g722,A15
LA_E_7638960,1,ulaw,A13
LA_E_7639088,1,gsm,A19
LA_E_7639816,1,none,A12
LA_E_7640202,1,pstn,A14
LA_E_7640294,1,g722,A16
LA_E_7640991,1,none,A14
LA_E_7641011,1,alaw,A09
LA_E_7641092,1,opus,A15
LA_E_7641116,1,g722,A13
LA_E_7641598,0,opus,bonafide
LA_E_7642158,1,g722,A15
LA_E_7642355,1,opus,A13
LA_E_7642404,1,opus,A15
LA_E_7642715,1,none,A13
LA_E_7643081,1,none,A17
LA_E_7643256,1,opus,A12
LA_E_7643626,1,pstn,A11
LA_E_7643823,1,opus,A18
LA_E_7644153,1,ulaw,A07
LA_E_7644818,1,alaw,A11
LA_E_7644971,1,gsm,A15
LA_E_7646141,1,gsm,A14
LA_E_7646198,1,none,A07
LA_E_7646637,1,pstn,A09
LA_E_7648053,1,gsm,A15
LA_E_7648501,1,opus,A07
LA_E_7648523,1,alaw,A12
LA_E_7648725,0,opus,bonafide
LA_E_7648960,0,ulaw,bonafide
LA_E_7649323,1,gsm,A12
LA_E_7649343,1,none,A12
LA_E_7649483,1,alaw,A17
LA_E_7650302,1,none,A09
LA_E_7650840,1,alaw,A12
LA_E_7650914,1,opus,A13
LA_E_7650918,1,alaw,A13
LA_E_7651010,1,opus,A10
LA_E_7651261,1,none,A11
LA_E_7651282,1,none,A10
LA_E_7651432,1,none,A18
LA_E_7651605,1,alaw,A19
LA_E_7651625,1,gsm,A07
LA_E_7651701,1,gsm,A11
LA_E_7651919,1,opus,A17
LA_E_7652521,1,opus,A10
LA_E_7652597,1,opus,A08
LA_E_7652729,1,ulaw,A11
LA_E_7653122,1,g722,A11
LA_E_7654141,1,opus,A09
LA_E_7654234,1,opus,A16
LA_E_7654335,1,opus,A15
LA_E_7654429,1,opus,A10
LA_E_7654575,1,pstn,A09
LA_E_7654598,1,gsm,A17
LA_E_7655483,1,ulaw,A19
LA_E_7655484,1,alaw,A19
LA_E_7655525,1,opus,A13
LA_E_7656221,1,opus,A07
LA_E_7656234,1,opus,A15
LA_E_7656781,1,ulaw,A18
LA_E_7656870,1,ulaw,A14
LA_E_7657231,1,ulaw,A08
LA_E_7657264,1,pstn,A18
LA_E_7657294,1,alaw,A08
LA_E_7657646,1,pstn,A14
LA_E_7658156,1,opus,A17
LA_E_7658410,1,none,A14
LA_E_7658627,0,gsm,bonafide
LA_E_7659076,1,g722,A10
LA_E_7660090,1,pstn,A10
LA_E_7660091,1,opus,A07
LA_E_7660594,1,alaw,A07
LA_E_7660846,1,gsm,A08
LA_E_7661080,1,opus,A07
LA_E_7661097,1,pstn,A15
LA_E_7661443,1,ulaw,A08
LA_E_7661804,1,pstn,A10
LA_E_7662619,1,none,A09
LA_E_7663027,1,none,A09
LA_E_7663039,1,g722,A09
LA_E_7663292,1,g722,A09
LA_E_7663517,1,gsm,A16
LA_E_7663626,1,alaw,A19
LA_E_7663878,1,opus,A17
LA_E_7664153,1,none,A15
LA_E_7664583,1,gsm,A08
LA_E_7664654,1,ulaw,A18
LA_E_7664831,1,gsm,A18
LA_E_7664902,1,alaw,A07
LA_E_7665011,1,g722,A12
LA_E_7665190,1,gsm,A08
LA_E_7665431,1,gsm,A10
LA_E_7665621,1,none,A12
LA_E_7665826,0,opus,bonafide
LA_E_7666642,1,g722,A15
LA_E_7666973,1,opus,A14
LA_E_7667838,1,g722,A10
LA_E_7668145,0,g722,bonafide
LA_E_7668352,1,gsm,A16
LA_E_7668695,1,alaw,A09
LA_E_7669473,1,pstn,A17
LA_E_7669598,0,gsm,bonafide
LA_E_7669763,1,ulaw,A15
LA_E_7669922,0,alaw,bonafide
LA_E_7670338,1,none,A18
LA_E_7670540,1,pstn,A17
LA_E_7670623,1,none,A14
LA_E_7670747,1,g722,A16
LA_E_7670940,1,g722,A15
LA_E_7671001,1,gsm,A13
LA_E_7671103,1,gsm,A12
LA_E_7671168,1,ulaw,A15
LA_E_7671209,1,none,A19
LA_E_7671238,1,opus,A12
LA_E_7671465,1,none,A11
LA_E_7671481,1,gsm,A07
LA_E_7671564,1,opus,A19
LA_E_7671638,1,g722,A07
LA_E_7672158,1,g722,A13
LA_E_7672695,1,opus,A19
LA_E_7673174,1,g722,A12
LA_E_7673383,1,pstn,A16
LA_E_7673762,1,alaw,A10
LA_E_7674725,1,opus,A16
LA_E_7674821,0,alaw,bonafide
LA_E_7675172,1,pstn,A14
LA_E_7675237,1,none,A15
LA_E_7675739,1,none,A12
LA_E_7675760,1,pstn,A15
LA_E_7676262,1,opus,A15
LA_E_7676304,1,opus,A16
LA_E_7676337,1,g722,A10
LA_E_7676773,1,none,A14
LA_E_7677082,1,ulaw,A08
LA_E_7677219,1,opus,A19
LA_E_7677381,1,g722,A09
LA_E_7677547,1,g722,A13
LA_E_7678277,1,pstn,A12
LA_E_7679397,1,gsm,A07
LA_E_7679444,1,opus,A14
LA_E_7679796,1,g722,A18
LA_E_7679865,1,none,A11
LA_E_7679928,1,g722,A14
LA_E_7680034,1,gsm,A14
LA_E_7681962,0,opus,bonafide
LA_E_7682349,1,alaw,A18
LA_E_7682389,1,g722,A13
LA_E_7682749,1,g722,A07
LA_E_7682895,1,opus,A11
LA_E_7682975,1,g722,A19
LA_E_7683105,1,ulaw,A19
LA_E_7683430,1,alaw,A10
LA_E_7683582,1,ulaw,A13
LA_E_7683942,1,gsm,A08
LA_E_7684345,1,ulaw,A15
LA_E_7684478,1,pstn,A15
LA_E_7685020,0,ulaw,bonafide
LA_E_7685198,1,pstn,A07
LA_E_7685372,1,pstn,A12
LA_E_7685392,1,gsm,A14
LA_E_7685588,1,ulaw,A15
LA_E_7685733,1,gsm,A17
LA_E_7685918,1,opus,A07
LA_E_7686168,1,opus,A10
LA_E_7686380,1,gsm,A19
LA_E_7686566,0,pstn,bonafide
LA_E_7686745,1,alaw,A15
LA_E_7686761,1,ulaw,A07
LA_E_7686870,1,alaw,A08
LA_E_7687012,0,pstn,bonafide
LA_E_7687237,0,g722,bonafide
LA_E_7687375,0,none,bonafide
LA_E_7687809,1,none,A16
LA_E_7688508,0,none,bonafide
LA_E_7688998,1,alaw,A07
LA_E_7689072,1,g722,A11
LA_E_7689153,1,opus,A11
LA_E_7689162,1,none,A16
LA_E_7689252,0,opus,bonafide
LA_E_7689280,1,none,A19
LA_E_7689664,1,gsm,A13
LA_E_7689803,1,ulaw,A19
LA_E_7689913,1,ulaw,A11
LA_E_7690506,1,none,A08
LA_E_7690557,1,pstn,A18
LA_E_7690645,1,gsm,A15
LA_E_7690831,1,opus,A12
LA_E_7691372,1,ulaw,A09
LA_E_7691398,1,opus,A15
LA_E_7693401,1,alaw,A11
LA_E_7693976,1,opus,A11
LA_E_7694526,1,pstn,A17
LA_E_7694875,1,opus,A10
LA_E_7694983,1,g722,A16
LA_E_7695731,0,gsm,bonafide
LA_E_7696090,1,ulaw,A17
LA_E_7696102,1,opus,A09
LA_E_7696256,0,ulaw,bonafide
LA_E_7696384,1,none,A15
LA_E_7696669,1,ulaw,A10
LA_E_7696838,1,pstn,A07
LA_E_7697017,1,opus,A11
LA_E_7697165,1,gsm,A09
LA_E_7697202,1,pstn,A11
LA_E_7698086,1,gsm,A10
LA_E_7698321,1,alaw,A10
LA_E_7698380,1,opus,A15
LA_E_7698560,1,gsm,A13
LA_E_7698562,1,opus,A08
LA_E_7699010,1,g722,A15
LA_E_7699017,1,opus,A18
LA_E_7699312,1,opus,A11
LA_E_7699611,1,alaw,A15
LA_E_7700503,1,ulaw,A14
LA_E_7700712,1,pstn,A11
LA_E_7701352,1,opus,A13
LA_E_7701697,1,ulaw,A15
LA_E_7702086,1,g722,A08
LA_E_7702495,0,gsm,bonafide
LA_E_7702579,1,g722,A08
LA_E_7702809,1,ulaw,A19
LA_E_7702991,1,ulaw,A07
LA_E_7703066,1,opus,A08
LA_E_7703398,1,g722,A16
LA_E_7703433,1,ulaw,A11
LA_E_7703912,1,ulaw,A19
LA_E_7704037,1,gsm,A10
LA_E_7704436,1,gsm,A10
LA_E_7704438,1,pstn,A15
LA_E_7704550,1,pstn,A16
LA_E_7704670,1,gsm,A12
LA_E_7704740,1,pstn,A08
LA_E_7705669,1,g722,A15
LA_E_7705752,1,ulaw,A17
LA_E_7705895,1,gsm,A10
LA_E_7705933,1,ulaw,A10
LA_E_7705986,1,opus,A19
LA_E_7706393,1,none,A08
LA_E_7706405,0,g722,bonafide
LA_E_7706585,1,g722,A17
LA_E_7707758,1,pstn,A15
LA_E_7707822,1,gsm,A14
LA_E_7707945,0,none,bonafide
LA_E_7708228,1,ulaw,A12
LA_E_7708716,0,g722,bonafide
LA_E_7708969,1,alaw,A10
LA_E_7709414,1,pstn,A12
LA_E_7709587,1,ulaw,A19
LA_E_7710144,1,gsm,A19
LA_E_7710344,1,alaw,A11
LA_E_7710482,1,gsm,A07
LA_E_7710649,1,g722,A09
LA_E_7711274,1,ulaw,A17
LA_E_7711453,1,opus,A08
LA_E_7711667,0,opus,bonafide
LA_E_7712126,0,pstn,bonafide
LA_E_7712604,1,alaw,A11
LA_E_7712766,1,opus,A19
LA_E_7713509,1,ulaw,A09
LA_E_7713557,1,alaw,A12
LA_E_7713572,1,none,A07
LA_E_7713667,1,opus,A18
LA_E_7713699,1,alaw,A09
LA_E_7714411,1,g722,A15
LA_E_7714717,1,gsm,A19
LA_E_7715348,1,ulaw,A18
LA_E_7715736,1,none,A08
LA_E_7715974,1,g722,A16
LA_E_7715981,1,pstn,A15
LA_E_7716466,1,opus,A12
LA_E_7716562,0,ulaw,bonafide
LA_E_7716709,1,g722,A12
LA_E_7717335,1,opus,A12
LA_E_7717382,1,g722,A17
LA_E_7717929,1,ulaw,A16
LA_E_7718468,1,opus,A11
LA_E_7718835,1,g722,A10
LA_E_7718874,1,pstn,A14
LA_E_7719194,1,opus,A19
LA_E_7719473,1,alaw,A14
LA_E_7719857,1,opus,A17
LA_E_7719978,1,alaw,A18
LA_E_7720314,1,alaw,A17
LA_E_7720320,1,none,A18
LA_E_7720371,1,none,A10
LA_E_7720384,1,pstn,A08
LA_E_7720446,1,alaw,A08
LA_E_7721016,1,none,A15
LA_E_7721080,1,pstn,A13
LA_E_7721228,1,g722,A13
LA_E_7721293,1,pstn,A10
LA_E_7721314,1,alaw,A12
LA_E_7721432,1,ulaw,A08
LA_E_7721452,1,none,A07
LA_E_7721549,1,opus,A09
LA_E_7722308,0,alaw,bonafide
LA_E_7722766,1,pstn,A09
LA_E_7723244,1,g722,A18
LA_E_7723261,1,alaw,A17
LA_E_7723311,1,opus,A11
LA_E_7723761,1,pstn,A12
LA_E_7725691,1,opus,A18
LA_E_7726521,1,opus,A08
LA_E_7726556,1,gsm,A17
LA_E_7726582,1,opus,A10
LA_E_7727357,1,alaw,A18
LA_E_7727505,1,opus,A12
LA_E_7727987,1,opus,A11
LA_E_7728181,1,opus,A15
LA_E_7729095,1,pstn,A12
LA_E_7729215,1,alaw,A12
LA_E_7729604,1,none,A12
LA_E_7729729,1,ulaw,A19
LA_E_7729818,1,ulaw,A11
LA_E_7730553,1,alaw,A16
LA_E_7730592,1,ulaw,A09
LA_E_7730916,1,pstn,A16
LA_E_7732187,1,pstn,A13
LA_E_7732428,0,opus,bonafide
LA_E_7732746,1,ulaw,A12
LA_E_7732750,1,opus,A14
LA_E_7732763,0,gsm,bonafide
LA_E_7733429,1,none,A15
LA_E_7733621,1,alaw,A14
LA_E_7733876,1,opus,A14
LA_E_7733943,1,alaw,A12
LA_E_7734156,1,opus,A15
LA_E_7734407,1,gsm,A19
LA_E_7734465,1,alaw,A14
LA_E_7734538,1,pstn,A14
LA_E_7735646,1,g722,A11
LA_E_7736319,1,opus,A08
LA_E_7736373,1,pstn,A08
LA_E_7736491,1,none,A13
LA_E_7736575,1,none,A08
LA_E_7736720,0,pstn,bonafide
LA_E_7737328,1,pstn,A17
LA_E_7737405,1,ulaw,A14
LA_E_7737480,1,opus,A08
LA_E_7737666,1,gsm,A15
LA_E_7738026,1,gsm,A16
LA_E_7738080,1,gsm,A16
LA_E_7738378,1,g722,A10
LA_E_7739044,1,gsm,A19
LA_E_7739260,1,none,A14
LA_E_7739482,1,none,A13
LA_E_7739557,1,none,A17
LA_E_7739932,1,alaw,A11
LA_E_7739996,1,opus,A12
LA_E_7740046,1,alaw,A18
LA_E_7740086,1,g722,A12
LA_E_7740143,1,gsm,A11
LA_E_7740308,1,pstn,A16
LA_E_7740399,1,none,A08
LA_E_7740544,1,alaw,A15
LA_E_7740787,0,none,bonafide
LA_E_7740953,1,g722,A18
LA_E_7741338,1,g722,A10
LA_E_7741767,1,opus,A19
LA_E_7742188,1,opus,A14
LA_E_7742264,1,gsm,A12
LA_E_7742411,1,gsm,A12
LA_E_7742568,1,alaw,A18
LA_E_7742626,0,gsm,bonafide
LA_E_7742755,0,gsm,bonafide
LA_E_7742768,1,gsm,A17
LA_E_7742938,1,gsm,A19
LA_E_7743516,1,ulaw,A09
LA_E_7744036,1,ulaw,A18
LA_E_7744365,0,none,bonafide
LA_E_7744385,1,g722,A09
LA_E_7745628,1,pstn,A14
LA_E_7745671,1,gsm,A13
LA_E_7745898,1,ulaw,A07
LA_E_7746147,1,none,A17
LA_E_7746964,1,pstn,A15
LA_E_7747033,1,opus,A16
LA_E_7747394,1,alaw,A18
LA_E_7747445,1,opus,A07
LA_E_7748088,1,gsm,A13
LA_E_7748137,1,ulaw,A17
LA_E_7748451,1,gsm,A17
LA_E_7748691,1,g722,A11
LA_E_7749729,1,g722,A07
LA_E_7750096,1,g722,A07
LA_E_7750289,1,ulaw,A14
LA_E_7750661,1,none,A18
LA_E_7750767,1,pstn,A08
LA_E_7751145,1,alaw,A15
LA_E_7751293,1,opus,A07
LA_E_7751371,1,none,A13
LA_E_7751930,1,alaw,A16
LA_E_7752147,1,opus,A17
LA_E_7752254,1,pstn,A14
LA_E_7752306,1,ulaw,A19
LA_E_7752509,1,gsm,A12
LA_E_7753124,1,alaw,A09
LA_E_7753319,1,ulaw,A16
LA_E_7753346,1,gsm,A12
LA_E_7753755,1,alaw,A11
LA_E_7754512,1,alaw,A18
LA_E_7754646,0,none,bonafide
LA_E_7754757,1,none,A17
LA_E_7755176,0,gsm,bonafide
LA_E_7755177,1,pstn,A15
LA_E_7755315,1,ulaw,A08
LA_E_7755340,0,opus,bonafide
LA_E_7755385,0,opus,bonafide
LA_E_7755664,0,alaw,bonafide
LA_E_7755744,1,pstn,A12
LA_E_7756097,0,gsm,bonafide
LA_E_7756239,1,none,A08
LA_E_7756489,1,pstn,A17
LA_E_7756588,0,pstn,bonafide
LA_E_7757109,1,pstn,A09
LA_E_7757515,1,gsm,A17
LA_E_7758032,1,ulaw,A11
LA_E_7758276,1,ulaw,A16
LA_E_7758573,1,gsm,A12
LA_E_7758724,1,pstn,A19
LA_E_7759018,1,pstn,A15
LA_E_7759135,1,g722,A12
LA_E_7759387,1,none,A15
LA_E_7759446,0,gsm,bonafide
LA_E_7759904,1,gsm,A16
LA_E_7759976,1,opus,A08
LA_E_7760137,1,alaw,A19
LA_E_7760589,1,gsm,A18
LA_E_7760650,1,opus,A18
LA_E_7760887,1,opus,A10
LA_E_7761107,1,pstn,A10
LA_E_7761328,1,none,A18
LA_E_7761703,0,opus,bonafide
LA_E_7761960,1,ulaw,A13
LA_E_7762036,1,opus,A18
LA_E_7762593,1,none,A19
LA_E_7762601,1,ulaw,A08
LA_E_7762602,1,ulaw,A14
LA_E_7762656,1,g722,A18
LA_E_7762900,1,none,A15
LA_E_7763229,1,opus,A09
LA_E_7763330,1,ulaw,A16
LA_E_7763627,1,alaw,A13
LA_E_7763868,0,opus,bonafide
LA_E_7764199,1,ulaw,A19
LA_E_7764549,1,opus,A12
LA_E_7764836,1,pstn,A11
LA_E_7765324,1,alaw,A19
LA_E_7765575,0,ulaw,bonafide
LA_E_7765982,1,g722,A17
LA_E_7766992,1,g722,A07
LA_E_7767058,1,alaw,A07
LA_E_7767472,1,gsm,A12
LA_E_7767538,1,none,A14
LA_E_7768387,1,gsm,A15
LA_E_7769022,1,pstn,A12
LA_E_7769748,0,ulaw,bonafide
LA_E_7769988,1,ulaw,A16
LA_E_7770572,1,gsm,A09
LA_E_7770631,1,none,A11
LA_E_7770894,1,opus,A15
LA_E_7770936,1,pstn,A13
LA_E_7771162,1,opus,A16
LA_E_7771534,1,ulaw,A14
LA_E_7771582,1,none,A19
LA_E_7771782,1,pstn,A18
LA_E_7771788,1,ulaw,A16
LA_E_7772208,1,pstn,A14
LA_E_7772533,1,pstn,A17
LA_E_7773040,1,pstn,A10
LA_E_7773310,1,none,A19
LA_E_7774564,1,g722,A15
LA_E_7774578,1,g722,A13
LA_E_7774587,0,opus,bonafide
LA_E_7774967,1,gsm,A14
LA_E_7775043,1,opus,A19
LA_E_7775135,1,ulaw,A18
LA_E_7775252,1,alaw,A07
LA_E_7775384,1,gsm,A18
LA_E_7775592,1,alaw,A19
LA_E_7775718,1,alaw,A10
LA_E_7776389,1,none,A13
LA_E_7776458,1,none,A07
LA_E_7777399,1,gsm,A08
LA_E_7778189,1,pstn,A17
LA_E_7778407,1,gsm,A14
LA_E_7778920,1,g722,A14
LA_E_7779978,1,none,A08
LA_E_7780132,1,gsm,A15
LA_E_7780673,1,opus,A07
LA_E_7780714,1,gsm,A12
LA_E_7780954,1,g722,A07
LA_E_7781259,1,pstn,A14
LA_E_7781391,1,none,A12
LA_E_7781447,1,alaw,A19
LA_E_7781570,1,ulaw,A12
LA_E_7781935,1,none,A09
LA_E_7782309,1,opus,A07
LA_E_7782332,1,gsm,A18
LA_E_7782487,1,gsm,A07
LA_E_7783441,0,pstn,bonafide
LA_E_7783650,1,none,A08
LA_E_7783651,1,opus,A17
LA_E_7784367,1,pstn,A07
LA_E_7784376,1,g722,A11
LA_E_7784378,1,ulaw,A07
LA_E_7784398,1,pstn,A12
LA_E_7784441,1,none,A19
LA_E_7784517,1,alaw,A13
LA_E_7784525,1,none,A16
LA_E_7784566,1,ulaw,A14
LA_E_7784748,1,ulaw,A12
LA_E_7785855,1,opus,A14
LA_E_7785888,0,g722,bonafide
LA_E_7785961,1,ulaw,A09
LA_E_7786375,1,pstn,A09
LA_E_7786500,1,none,A08
LA_E_7786606,1,none,A08
LA_E_7786621,1,alaw,A17
LA_E_7786820,0,none,bonafide
LA_E_7787402,1,alaw,A19
LA_E_7787721,1,pstn,A18
LA_E_7787814,1,alaw,A17
LA_E_7788390,1,alaw,A19
LA_E_7788922,1,gsm,A17
LA_E_7789169,1,none,A16
LA_E_7789253,1,gsm,A09
LA_E_7789267,1,gsm,A19
LA_E_7789514,1,gsm,A16
LA_E_7790101,1,g722,A17
LA_E_7790119,1,pstn,A07
LA_E_7790256,1,gsm,A07
LA_E_7790721,1,opus,A11
LA_E_7790856,1,ulaw,A17
LA_E_7791885,1,pstn,A15
LA_E_7791972,1,ulaw,A15
LA_E_7791997,1,pstn,A14
LA_E_7792106,1,none,A08
LA_E_7792126,1,gsm,A13
LA_E_7792866,1,g722,A07
LA_E_7794742,1,pstn,A11
LA_E_7794744,1,pstn,A08
LA_E_7794986,1,opus,A17
LA_E_7795093,1,gsm,A08
LA_E_7796907,1,opus,A19
LA_E_7796936,1,ulaw,A19
LA_E_7797090,1,opus,A10
LA_E_7798673,1,ulaw,A11
LA_E_7799053,1,gsm,A16
LA_E_7799145,1,ulaw,A14
LA_E_7799291,1,g722,A08
LA_E_7799617,1,g722,A12
LA_E_7799669,1,pstn,A13
LA_E_7799681,1,opus,A17
LA_E_7799929,1,ulaw,A08
LA_E_7799937,1,alaw,A16
LA_E_7799943,1,g722,A07
LA_E_7800502,1,none,A12
LA_E_7800512,1,none,A12
LA_E_7800729,1,pstn,A18
LA_E_7800815,1,alaw,A09
LA_E_7801390,1,none,A12
LA_E_7801412,1,pstn,A07
LA_E_7801435,1,g722,A13
LA_E_7801650,1,g722,A13
LA_E_7801782,1,g722,A10
LA_E_7802048,0,ulaw,bonafide
LA_E_7802518,1,g722,A10
LA_E_7802527,1,ulaw,A13
LA_E_7802626,1,opus,A17
LA_E_7802731,0,ulaw,bonafide
LA_E_7803082,1,alaw,A14
LA_E_7803188,1,gsm,A07
LA_E_7803362,1,g722,A08
LA_E_7804055,1,alaw,A12
LA_E_7804674,1,opus,A13
LA_E_7804697,1,ulaw,A12
LA_E_7804698,1,gsm,A13
LA_E_7804833,1,pstn,A09
LA_E_7804958,1,gsm,A15
LA_E_7805084,1,alaw,A10
LA_E_7805129,1,none,A14
LA_E_7805404,1,g722,A17
LA_E_7805434,1,none,A09
LA_E_7805535,1,none,A12
LA_E_7806163,1,opus,A13
LA_E_7806717,1,opus,A14
LA_E_7806991,1,pstn,A16
LA_E_7807035,1,none,A14
LA_E_7807232,1,none,A11
LA_E_7807465,1,g722,A17
LA_E_7807580,1,gsm,A17
LA_E_7807757,1,ulaw,A14
LA_E_7807790,1,pstn,A14
LA_E_7808236,1,ulaw,A15
LA_E_7808312,0,opus,bonafide
LA_E_7808400,1,opus,A10
LA_E_7808475,1,opus,A07
LA_E_7808699,1,alaw,A17
LA_E_7809228,1,none,A12
LA_E_7809265,1,pstn,A19
LA_E_7809355,1,ulaw,A11
LA_E_7809500,1,alaw,A17
LA_E_7809759,1,g722,A14
LA_E_7809807,1,alaw,A17
LA_E_7809937,1,none,A07
LA_E_7810417,1,ulaw,A12
LA_E_7811041,1,pstn,A15
LA_E_7811075,1,gsm,A07
LA_E_7811825,1,g722,A15
LA_E_7813238,1,alaw,A14
LA_E_7813367,1,gsm,A19
LA_E_7813405,1,opus,A11
LA_E_7814298,1,g722,A07
LA_E_7814505,1,g722,A17
LA_E_7814615,1,none,A11
LA_E_7814695,1,g722,A09
LA_E_7815088,1,ulaw,A17
LA_E_7815722,1,gsm,A19
LA_E_7816004,1,ulaw,A17
LA_E_7816371,1,opus,A15
LA_E_7816432,1,ulaw,A19
LA_E_7816537,1,pstn,A07
LA_E_7816665,1,g722,A17
LA_E_7816842,1,g722,A10
LA_E_7817112,1,g722,A16
LA_E_7817385,1,opus,A19
LA_E_7817607,1,g722,A16
LA_E_7818343,0,ulaw,bonafide
LA_E_7820133,1,pstn,A17
LA_E_7820407,1,gsm,A08
LA_E_7820481,1,none,A18
LA_E_7820531,1,pstn,A14
LA_E_7821056,1,alaw,A07
LA_E_7821615,1,gsm,A15
LA_E_7821970,1,ulaw,A19
LA_E_7822803,0,pstn,bonafide
LA_E_7822829,1,pstn,A08
LA_E_7824713,1,ulaw,A15
LA_E_7825043,0,none,bonafide
LA_E_7825049,1,opus,A19
LA_E_7825165,1,ulaw,A19
LA_E_7825296,1,pstn,A11
LA_E_7825412,1,none,A14
LA_E_7825468,1,none,A19
LA_E_7825685,1,pstn,A17
LA_E_7825940,1,alaw,A13
LA_E_7826063,1,none,A07
LA_E_7826278,1,g722,A18
LA_E_7826350,1,gsm,A11
LA_E_7826838,1,ulaw,A09
LA_E_7827110,1,none,A11
LA_E_7827383,1,alaw,A12
LA_E_7827396,1,gsm,A12
LA_E_7827505,0,opus,bonafide
LA_E_7828066,1,alaw,A10
LA_E_7828974,1,g722,A17
LA_E_7829190,1,none,A16
LA_E_7830275,1,g722,A14
LA_E_7830348,1,alaw,A18
LA_E_7830368,1,pstn,A08
LA_E_7830543,0,pstn,bonafide
LA_E_7830577,1,opus,A08
LA_E_7830752,1,ulaw,A16
LA_E_7831411,0,gsm,bonafide
LA_E_7831824,1,pstn,A18
LA_E_7831944,1,gsm,A17
LA_E_7832387,1,pstn,A08
LA_E_7833086,1,gsm,A19
LA_E_7833206,1,ulaw,A10
LA_E_7833706,0,ulaw,bonafide
LA_E_7833835,1,pstn,A17
LA_E_7834007,1,ulaw,A07
LA_E_7834700,1,none,A09
LA_E_7836119,1,g722,A14
LA_E_7836248,1,opus,A09
LA_E_7836404,1,ulaw,A14
LA_E_7836718,1,pstn,A17
LA_E_7837247,1,ulaw,A10
LA_E_7837629,1,gsm,A14
LA_E_7837805,1,g722,A10
LA_E_7838537,1,alaw,A13
LA_E_7838545,1,none,A19
LA_E_7838558,0,ulaw,bonafide
LA_E_7838785,1,alaw,A14
LA_E_7838855,1,g722,A14
LA_E_7838877,1,opus,A09
LA_E_7839388,0,alaw,bonafide
LA_E_7839526,1,opus,A19
LA_E_7839605,1,pstn,A12
LA_E_7839774,1,ulaw,A09
LA_E_7839887,1,none,A09
LA_E_7840549,1,opus,A15
LA_E_7840904,1,opus,A10
LA_E_7841414,1,g722,A18
LA_E_7841415,1,opus,A19
LA_E_7841720,1,pstn,A17
LA_E_7841757,1,opus,A11
LA_E_7841970,1,alaw,A17
LA_E_7842016,1,gsm,A16
LA_E_7842586,1,gsm,A07
LA_E_7843185,1,ulaw,A18
LA_E_7843688,0,opus,bonafide
LA_E_7844021,1,ulaw,A19
LA_E_7844226,1,pstn,A16
LA_E_7844398,1,pstn,A16
LA_E_7844687,0,ulaw,bonafide
LA_E_7845172,1,g722,A10
LA_E_7845610,1,gsm,A13
LA_E_7846190,1,alaw,A17
LA_E_7846351,1,none,A10
LA_E_7846504,0,opus,bonafide
LA_E_7846820,1,opus,A11
LA_E_7847304,1,none,A19
LA_E_7847537,1,alaw,A17
LA_E_7847716,0,opus,bonafide
LA_E_7847841,1,alaw,A14
LA_E_7847863,0,pstn,bonafide
LA_E_7848004,1,ulaw,A14
LA_E_7848250,1,alaw,A17
LA_E_7848311,1,pstn,A08
LA_E_7848736,0,gsm,bonafide
LA_E_7849199,1,pstn,A13
LA_E_7849838,0,gsm,bonafide
LA_E_7849970,1,g722,A18
LA_E_7850260,1,none,A11
LA_E_7850271,1,gsm,A08
LA_E_7850447,1,gsm,A14
LA_E_7850458,1,opus,A18
LA_E_7850532,1,ulaw,A11
LA_E_7850604,1,alaw,A12
LA_E_7851005,1,ulaw,A15
LA_E_7851433,1,ulaw,A08
LA_E_7851436,1,g722,A09
LA_E_7851512,1,g722,A12
LA_E_7852228,1,ulaw,A12
LA_E_7852518,1,none,A19
LA_E_7852761,1,ulaw,A15
LA_E_7853008,1,gsm,A08
LA_E_7853425,1,opus,A19
LA_E_7853457,1,alaw,A08
LA_E_7853478,1,ulaw,A12
LA_E_7853541,1,none,A07
LA_E_7853588,1,pstn,A09
LA_E_7853602,0,pstn,bonafide
LA_E_7853819,1,opus,A17
LA_E_7854069,1,none,A15
LA_E_7854333,1,ulaw,A17
LA_E_7854455,0,alaw,bonafide
LA_E_7855387,1,ulaw,A16
LA_E_7855432,1,opus,A12
LA_E_7855476,1,none,A11
LA_E_7855869,1,pstn,A14
LA_E_7856359,1,gsm,A17
LA_E_7856464,1,opus,A19
LA_E_7856907,0,g722,bonafide
LA_E_7856931,0,gsm,bonafide
LA_E_7856973,1,g722,A14
LA_E_7857050,1,g722,A18
LA_E_7857104,1,alaw,A12
LA_E_7857773,1,ulaw,A16
LA_E_7857903,1,g722,A17
LA_E_7858918,1,gsm,A09
LA_E_7859047,1,g722,A18
LA_E_7859208,1,opus,A19
LA_E_7859327,1,none,A14
LA_E_7859569,1,alaw,A19
LA_E_7859802,1,opus,A07
LA_E_7860568,1,g722,A13
LA_E_7860770,1,gsm,A16
LA_E_7860982,1,pstn,A14
LA_E_7861050,1,alaw,A13
LA_E_7861186,0,opus,bonafide
LA_E_7861327,1,pstn,A13
LA_E_7861478,1,ulaw,A09
LA_E_7861632,1,none,A16
LA_E_7861800,1,gsm,A10
LA_E_7861976,1,g722,A08
LA_E_7862531,1,alaw,A18
LA_E_7863105,1,none,A15
LA_E_7863214,1,pstn,A16
LA_E_7863312,1,opus,A19
LA_E_7863382,1,pstn,A09
LA_E_7863508,1,none,A14
LA_E_7864170,1,opus,A13
LA_E_7865044,1,none,A16
LA_E_7865290,1,gsm,A08
LA_E_7865346,1,gsm,A09
LA_E_7865582,1,opus,A15
LA_E_7866356,0,opus,bonafide
LA_E_7866540,1,ulaw,A09
LA_E_7866915,1,ulaw,A18
LA_E_7867330,0,none,bonafide
LA_E_7868310,0,g722,bonafide
LA_E_7868382,1,pstn,A12
LA_E_7868384,1,gsm,A14
LA_E_7868554,1,pstn,A10
LA_E_7868651,1,g722,A14
LA_E_7869507,1,pstn,A09
LA_E_7869689,0,none,bonafide
LA_E_7869794,1,g722,A13
LA_E_7869849,1,pstn,A19
LA_E_7870542,1,none,A13
LA_E_7870951,1,pstn,A17
LA_E_7871795,1,g722,A14
LA_E_7871993,1,alaw,A18
LA_E_7872215,1,gsm,A14
LA_E_7872804,1,pstn,A11
LA_E_7872958,1,alaw,A11
LA_E_7873247,1,g722,A17
LA_E_7873454,0,none,bonafide
LA_E_7873643,1,gsm,A15
LA_E_7873822,1,none,A10
LA_E_7873989,0,ulaw,bonafide
LA_E_7874087,1,gsm,A08
LA_E_7874088,1,gsm,A12
LA_E_7874156,1,alaw,A08
LA_E_7874211,1,pstn,A18
LA_E_7874318,1,gsm,A12
LA_E_7875311,1,none,A13
LA_E_7875313,1,opus,A07
LA_E_7876072,1,g722,A10
LA_E_7876426,1,pstn,A12
LA_E_7876577,1,pstn,A09
LA_E_7876644,0,gsm,bonafide
LA_E_7876984,1,opus,A17
LA_E_7877168,1,opus,A18
LA_E_7877367,1,g722,A14
LA_E_7877531,1,gsm,A18
LA_E_7877628,1,alaw,A14
LA_E_7877758,1,g722,A14
LA_E_7878258,0,pstn,bonafide
LA_E_7878286,1,ulaw,A18
LA_E_7879246,1,g722,A12
LA_E_7879247,1,none,A08
LA_E_7879272,1,gsm,A08
LA_E_7879410,1,g722,A17
LA_E_7879471,1,none,A14
LA_E_7879517,0,ulaw,bonafide
LA_E_7879623,1,ulaw,A08
LA_E_7879645,1,gsm,A11
LA_E_7879938,1,g722,A10
LA_E_7881618,0,alaw,bonafide
LA_E_7881829,1,ulaw,A08
LA_E_7881836,0,alaw,bonafide
LA_E_7882273,1,ulaw,A09
LA_E_7882524,1,alaw,A12
LA_E_7882896,1,alaw,A17
LA_E_7882921,1,g722,A08
LA_E_7883502,0,g722,bonafide
LA_E_7883597,1,pstn,A15
LA_E_7883728,1,gsm,A18
LA_E_7884007,1,g722,A14
LA_E_7884158,1,g722,A09
LA_E_7884371,1,none,A19
LA_E_7884663,1,gsm,A14
LA_E_7884876,1,ulaw,A12
LA_E_7884886,1,gsm,A10
LA_E_7884926,1,gsm,A14
LA_E_7885037,1,ulaw,A10
LA_E_7885261,1,opus,A12
LA_E_7885304,1,opus,A17
LA_E_7885947,1,alaw,A11
LA_E_7886100,1,gsm,A16
LA_E_7886449,1,opus,A19
LA_E_7886533,1,alaw,A19
LA_E_7887271,1,pstn,A17
LA_E_7887658,0,gsm,bonafide
LA_E_7887894,0,gsm,bonafide
LA_E_7888150,1,ulaw,A14
LA_E_7888298,1,alaw,A17
LA_E_7888321,1,none,A07
LA_E_7888420,1,gsm,A15
LA_E_7889046,1,g722,A14
LA_E_7889418,1,pstn,A13
LA_E_7890578,1,g722,A12
LA_E_7890605,1,pstn,A18
LA_E_7890869,1,opus,A15
LA_E_7890985,1,g722,A08
LA_E_7891190,1,alaw,A18
LA_E_7891671,1,g722,A08
LA_E_7892061,1,none,A18
LA_E_7892169,1,g722,A10
LA_E_7892226,1,gsm,A12
LA_E_7892535,1,g722,A08
LA_E_7892550,1,g722,A16
LA_E_7892661,1,g722,A17
LA_E_7892818,1,alaw,A13
LA_E_7893249,1,opus,A13
LA_E_7893435,1,ulaw,A07
LA_E_7893625,1,g722,A09
LA_E_7893921,1,g722,A11
LA_E_7894191,1,none,A15
LA_E_7894306,1,alaw,A13
LA_E_7894476,1,pstn,A12
LA_E_7894565,0,opus,bonafide
LA_E_7894633,1,g722,A16
LA_E_7894661,1,none,A14
LA_E_7895645,1,alaw,A14
LA_E_7896311,1,gsm,A09
LA_E_7896939,0,pstn,bonafide
LA_E_7896982,1,gsm,A19
LA_E_7897000,1,g722,A14
LA_E_7897300,1,none,A14
LA_E_7897357,1,none,A18
LA_E_7898061,1,alaw,A14
LA_E_7898099,0,g722,bonafide
LA_E_7898614,1,gsm,A08
LA_E_7898840,1,ulaw,A13
LA_E_7899133,1,ulaw,A11
LA_E_7899418,1,ulaw,A07
LA_E_7899543,1,ulaw,A09
LA_E_7899578,0,none,bonafide
LA_E_7900775,1,gsm,A12
LA_E_7900954,1,ulaw,A18
LA_E_7901606,1,g722,A11
LA_E_7902488,1,alaw,A08
LA_E_7903051,1,none,A19
LA_E_7903061,1,alaw,A18
LA_E_7903087,0,alaw,bonafide
LA_E_7903840,1,gsm,A14
LA_E_7905173,0,ulaw,bonafide
LA_E_7905892,1,none,A07
LA_E_7906137,1,none,A19
LA_E_7906348,1,none,A17
LA_E_7906649,1,g722,A11
LA_E_7906754,0,opus,bonafide
LA_E_7907778,1,gsm,A14
LA_E_7907836,1,g722,A12
LA_E_7908124,0,alaw,bonafide
LA_E_7908380,0,ulaw,bonafide
LA_E_7908618,1,ulaw,A13
LA_E_7908676,1,none,A14
LA_E_7908935,0,none,bonafide
LA_E_7909275,1,opus,A18
LA_E_7909460,1,none,A10
LA_E_7909591,1,none,A09
LA_E_7910472,1,alaw,A16
LA_E_7910613,1,alaw,A08
LA_E_7910744,1,opus,A14
LA_E_7910845,1,none,A15
LA_E_7910886,1,g722,A14
LA_E_7911062,1,g722,A19
LA_E_7911692,1,none,A10
LA_E_7911770,1,alaw,A14
LA_E_7912138,1,g722,A10
LA_E_7912453,1,none,A07
LA_E_7913156,1,opus,A07
LA_E_7913368,1,alaw,A12
LA_E_7913388,1,alaw,A18
LA_E_7913923,0,ulaw,bonafide
LA_E_7914407,1,pstn,A13
LA_E_7914415,1,alaw,A08
LA_E_7914611,1,opus,A11
LA_E_7914814,1,none,A17
LA_E_7914937,1,none,A09
LA_E_7915044,1,ulaw,A11
LA_E_7915133,1,ulaw,A14
LA_E_7915157,1,ulaw,A10
LA_E_7915302,1,pstn,A19
LA_E_7915311,1,opus,A12
LA_E_7915583,1,g722,A15
LA_E_7915705,1,gsm,A15
LA_E_7915777,1,alaw,A14
LA_E_7915790,1,g722,A10
LA_E_7916250,0,ulaw,bonafide
LA_E_7916626,1,opus,A08
LA_E_7916766,0,ulaw,bonafide
LA_E_7917490,1,ulaw,A10
LA_E_7917541,1,pstn,A17
LA_E_7917570,1,opus,A07
LA_E_7917639,1,alaw,A16
LA_E_7917773,1,gsm,A14
LA_E_7918443,1,ulaw,A16
LA_E_7918619,1,none,A15
LA_E_7918849,1,opus,A08
LA_E_7919637,1,gsm,A08
LA_E_7919824,1,alaw,A07
LA_E_7919867,0,none,bonafide
LA_E_7919930,1,g722,A16
LA_E_7920251,1,pstn,A12
LA_E_7920721,0,gsm,bonafide
LA_E_7920786,1,gsm,A07
LA_E_7921154,0,gsm,bonafide
LA_E_7922086,1,none,A08
LA_E_7922628,1,opus,A16
LA_E_7922776,1,alaw,A09
LA_E_7922801,1,gsm,A08
LA_E_7922926,1,gsm,A13
LA_E_7923053,1,pstn,A12
LA_E_7923271,1,gsm,A10
LA_E_7923926,1,alaw,A11
LA_E_7924326,1,opus,A13
LA_E_7925307,1,opus,A14
LA_E_7925584,1,ulaw,A09
LA_E_7925836,1,pstn,A18
LA_E_7925843,1,opus,A14
LA_E_7925950,1,alaw,A13
LA_E_7925994,1,opus,A12
LA_E_7926160,1,g722,A19
LA_E_7926345,1,opus,A15
LA_E_7926516,0,g722,bonafide
LA_E_7926634,1,alaw,A16
LA_E_7926738,1,opus,A13
LA_E_7926844,1,pstn,A09
LA_E_7926893,1,none,A07
LA_E_7927179,0,opus,bonafide
LA_E_7927445,1,none,A13
LA_E_7927769,1,g722,A10
LA_E_7927793,1,g722,A10
LA_E_7928123,1,pstn,A19
LA_E_7928362,1,opus,A11
LA_E_7928448,1,alaw,A14
LA_E_7928703,1,opus,A09
LA_E_7928736,1,alaw,A09
LA_E_7929174,1,gsm,A17
LA_E_7929178,1,ulaw,A14
LA_E_7929288,1,alaw,A09
LA_E_7930170,1,pstn,A07
LA_E_7930242,1,gsm,A17
LA_E_7930364,1,alaw,A14
LA_E_7930935,0,alaw,bonafide
LA_E_7931010,1,g722,A10
LA_E_7931176,1,alaw,A08
LA_E_7931243,1,ulaw,A17
LA_E_7931355,1,g722,A10
LA_E_7931618,1,ulaw,A15
LA_E_7932247,1,alaw,A16
LA_E_7932712,1,none,A18
LA_E_7932778,0,ulaw,bonafide
LA_E_7932813,0,none,bonafide
LA_E_7932905,1,gsm,A09
LA_E_7933560,1,pstn,A16
LA_E_7933564,1,alaw,A16
LA_E_7933869,1,gsm,A18
LA_E_7933923,1,none,A10
LA_E_7934041,1,gsm,A16
LA_E_7934399,0,gsm,bonafide
LA_E_7934582,1,pstn,A17
LA_E_7934610,1,gsm,A10
LA_E_7934714,1,none,A12
LA_E_7934815,1,opus,A17
LA_E_7934865,1,none,A11
LA_E_7935188,0,opus,bonafide
LA_E_7935306,1,ulaw,A15
LA_E_7935379,1,none,A11
LA_E_7935701,1,ulaw,A09
LA_E_7936128,1,opus,A12
LA_E_7936469,1,g722,A16
LA_E_7936676,1,gsm,A12
LA_E_7937035,1,g722,A15
LA_E_7937312,1,none,A13
LA_E_7937547,1,g722,A15
LA_E_7938018,1,opus,A08
LA_E_7938336,1,g722,A19
LA_E_7938380,1,ulaw,A10
LA_E_7938602,1,opus,A08
LA_E_7938771,1,gsm,A11
LA_E_7938775,1,ulaw,A10
LA_E_7939703,1,gsm,A09
LA_E_7939867,0,opus,bonafide
LA_E_7940261,1,pstn,A09
LA_E_7940399,1,alaw,A19
LA_E_7940425,1,pstn,A17
LA_E_7941728,1,gsm,A12
LA_E_7941982,1,alaw,A16
LA_E_7942241,1,gsm,A13
LA_E_7942633,0,ulaw,bonafide
LA_E_7942817,1,none,A07
LA_E_7942908,1,g722,A07
LA_E_7943132,1,g722,A08
LA_E_7943914,1,opus,A12
LA_E_7944050,1,opus,A18
LA_E_7944110,1,none,A08
LA_E_7944516,1,g722,A16
LA_E_7944522,1,alaw,A17
LA_E_7944621,1,g722,A13
LA_E_7944639,1,alaw,A07
LA_E_7944663,1,pstn,A09
LA_E_7945856,1,none,A13
LA_E_7945857,1,alaw,A13
LA_E_7945935,1,none,A16
LA_E_7946200,0,ulaw,bonafide
LA_E_7946332,1,g722,A14
LA_E_7946909,1,none,A16
LA_E_7947204,1,opus,A12
LA_E_7947289,1,alaw,A10
LA_E_7948313,1,ulaw,A18
LA_E_7948328,1,g722,A12
LA_E_7948434,0,alaw,bonafide
LA_E_7948780,1,g722,A13
LA_E_7949294,1,ulaw,A08
LA_E_7949353,0,gsm,bonafide
LA_E_7949861,1,alaw,A18
LA_E_7949902,1,ulaw,A09
LA_E_7950054,1,ulaw,A15
LA_E_7950171,1,opus,A16
LA_E_7950401,1,pstn,A12
LA_E_7950556,1,pstn,A14
LA_E_7950847,1,none,A09
LA_E_7950990,0,pstn,bonafide
LA_E_7951721,1,opus,A13
LA_E_7952929,1,opus,A12
LA_E_7953180,1,pstn,A12
LA_E_7954260,0,gsm,bonafide
LA_E_7954269,1,gsm,A15
LA_E_7954384,0,pstn,bonafide
LA_E_7954405,0,gsm,bonafide
LA_E_7954476,1,g722,A13
LA_E_7954492,1,alaw,A10
LA_E_7955011,1,opus,A18
LA_E_7955123,1,none,A13
LA_E_7955331,1,ulaw,A10
LA_E_7955450,1,alaw,A15
LA_E_7955515,1,g722,A07
LA_E_7955707,1,opus,A17
LA_E_7957107,0,gsm,bonafide
LA_E_7957174,1,pstn,A18
LA_E_7957427,1,alaw,A15
LA_E_7958090,1,pstn,A18
LA_E_7958253,1,opus,A15
LA_E_7958864,1,opus,A07
LA_E_7958945,1,g722,A16
LA_E_7959008,1,pstn,A13
LA_E_7959778,1,gsm,A09
LA_E_7959883,1,g722,A12
LA_E_7960060,0,opus,bonafide
LA_E_7960190,1,g722,A15
LA_E_7960467,1,gsm,A19
LA_E_7960587,1,alaw,A13
LA_E_7960861,1,alaw,A11
LA_E_7961177,1,pstn,A16
LA_E_7961188,1,g722,A10
LA_E_7961434,1,ulaw,A12
LA_E_7961647,1,ulaw,A18
LA_E_7961845,1,none,A14
LA_E_7962173,1,alaw,A15
LA_E_7962176,1,g722,A07
LA_E_7962668,1,ulaw,A14
LA_E_7962991,1,none,A16
LA_E_7963218,1,pstn,A07
LA_E_7963332,1,none,A16
LA_E_7963415,1,g722,A08
LA_E_7963432,1,gsm,A16
LA_E_7963639,1,g722,A16
LA_E_7963642,1,alaw,A08
LA_E_7964134,1,g722,A08
LA_E_7965088,1,pstn,A13
LA_E_7966505,1,none,A07
LA_E_7966740,1,pstn,A19
LA_E_7967021,1,ulaw,A13
LA_E_7967152,1,none,A08
LA_E_7967225,1,ulaw,A10
LA_E_7967329,1,opus,A09
LA_E_7967484,1,opus,A16
LA_E_7967631,1,opus,A08
LA_E_7967890,1,g722,A11
LA_E_7968382,1,opus,A12
LA_E_7968564,0,none,bonafide
LA_E_7968570,1,gsm,A18
LA_E_7968608,1,ulaw,A16
LA_E_7968716,0,gsm,bonafide
LA_E_7968840,1,alaw,A16
LA_E_7968892,0,g722,bonafide
LA_E_7969049,1,none,A07
LA_E_7969678,1,opus,A15
LA_E_7970471,1,alaw,A17
LA_E_7971001,1,pstn,A17
LA_E_7971732,1,alaw,A08
LA_E_7971945,1,g722,A08
LA_E_7972117,1,alaw,A13
LA_E_7973092,1,none,A12
LA_E_7973662,0,ulaw,bonafide
LA_E_7973776,1,opus,A09
LA_E_7973874,1,gsm,A19
LA_E_7974132,1,none,A11
LA_E_7974137,0,g722,bonafide
LA_E_7974177,1,alaw,A16
LA_E_7974288,1,ulaw,A12
LA_E_7974566,1,gsm,A07
LA_E_7974770,1,none,A18
LA_E_7974858,1,alaw,A19
LA_E_7975082,1,ulaw,A09
LA_E_7975219,1,alaw,A08
LA_E_7975287,1,ulaw,A12
LA_E_7976596,1,ulaw,A10
LA_E_7976719,1,ulaw,A07
LA_E_7976865,1,gsm,A10
LA_E_7977105,1,ulaw,A12
LA_E_7977120,1,gsm,A09
LA_E_7977138,1,alaw,A16
LA_E_7977317,1,opus,A11
LA_E_7977464,1,none,A09
LA_E_7977735,1,none,A12
LA_E_7978121,1,alaw,A15
LA_E_7978258,1,opus,A08
LA_E_7978610,1,gsm,A18
LA_E_7979201,1,opus,A19
LA_E_7979207,1,g722,A18
LA_E_7979489,1,alaw,A15
LA_E_7979553,1,none,A16
LA_E_7979799,1,alaw,A19
LA_E_7979903,0,gsm,bonafide
LA_E_7980041,1,ulaw,A15
LA_E_7980341,1,pstn,A08
LA_E_7980476,1,gsm,A12
LA_E_7980736,0,opus,bonafide
LA_E_7981012,1,alaw,A18
LA_E_7981073,1,g722,A08
LA_E_7981260,1,ulaw,A11
LA_E_7981347,1,none,A17
LA_E_7981921,1,pstn,A18
LA_E_7982623,1,alaw,A08
LA_E_7982823,1,gsm,A08
LA_E_7983257,1,alaw,A15
LA_E_7983886,1,opus,A13
LA_E_7985287,1,ulaw,A16
LA_E_7985430,0,opus,bonafide
LA_E_7985493,1,ulaw,A11
LA_E_7985770,1,ulaw,A11
LA_E_7986880,0,none,bonafide
LA_E_7987045,1,pstn,A10
LA_E_7987295,1,none,A11
LA_E_7987539,0,gsm,bonafide
LA_E_7987665,0,alaw,bonafide
LA_E_7987885,1,opus,A14
LA_E_7987960,1,pstn,A09
LA_E_7988097,0,gsm,bonafide
LA_E_7988266,1,gsm,A07
LA_E_7988530,1,pstn,A19
LA_E_7989528,1,ulaw,A14
LA_E_7989692,1,opus,A14
LA_E_7989995,1,opus,A09
LA_E_7990117,1,pstn,A16
LA_E_7990569,1,none,A19
LA_E_7990673,1,ulaw,A07
LA_E_7991231,1,none,A16
LA_E_7991588,1,ulaw,A07
LA_E_7992003,1,gsm,A11
LA_E_7992095,1,ulaw,A14
LA_E_7992287,1,opus,A09
LA_E_7992869,1,opus,A10
LA_E_7993059,1,ulaw,A10
LA_E_7993177,1,ulaw,A10
LA_E_7993229,1,ulaw,A16
LA_E_7993255,1,g722,A08
LA_E_7994316,0,none,bonafide
LA_E_7994400,1,ulaw,A17
LA_E_7995163,1,ulaw,A09
LA_E_7995421,1,none,A13
LA_E_7995613,1,none,A09
LA_E_7995714,1,gsm,A15
LA_E_7995717,1,g722,A11
LA_E_7995727,1,pstn,A11
LA_E_7996451,1,opus,A09
LA_E_7997146,1,gsm,A07
LA_E_7997291,1,none,A09
LA_E_7997581,1,pstn,A18
LA_E_7998235,1,g722,A12
LA_E_7998416,1,gsm,A08
LA_E_7998619,1,none,A12
LA_E_7998963,1,pstn,A19
LA_E_7999558,1,pstn,A15
LA_E_8000025,1,pstn,A19
LA_E_8000270,1,gsm,A19
LA_E_8000539,0,gsm,bonafide
LA_E_8000715,1,pstn,A08
LA_E_8000923,1,none,A10
LA_E_8000987,1,ulaw,A08
LA_E_8001003,1,ulaw,A11
LA_E_8001186,1,gsm,A10
LA_E_8001361,1,pstn,A07
LA_E_8001690,1,pstn,A08
LA_E_8001782,1,gsm,A19
LA_E_8002550,0,gsm,bonafide
LA_E_8003137,1,opus,A11
LA_E_8003165,1,g722,A09
LA_E_8003435,1,none,A14
LA_E_8003910,1,pstn,A10
LA_E_8004554,1,gsm,A08
LA_E_8004682,1,gsm,A07
LA_E_8005409,1,opus,A07
LA_E_8005633,1,ulaw,A15
LA_E_8005692,1,opus,A13
LA_E_8005865,1,pstn,A19
LA_E_8006010,1,none,A15
LA_E_8006549,1,alaw,A15
LA_E_8006663,0,alaw,bonafide
LA_E_8007442,1,gsm,A15
LA_E_8007756,1,gsm,A11
LA_E_8007924,1,alaw,A12
LA_E_8008075,1,ulaw,A07
LA_E_8008152,1,ulaw,A07
LA_E_8008193,1,opus,A10
LA_E_8008444,1,opus,A16
LA_E_8008749,1,ulaw,A18
LA_E_8009015,0,none,bonafide
LA_E_8009451,1,opus,A15
LA_E_8009884,1,opus,A12
LA_E_8011091,1,pstn,A09
LA_E_8011462,1,alaw,A08
LA_E_8011705,1,opus,A10
LA_E_8011795,1,ulaw,A13
LA_E_8011867,1,gsm,A19
LA_E_8011924,0,gsm,bonafide
LA_E_8011958,1,opus,A17
LA_E_8012114,1,alaw,A16
LA_E_8012331,0,ulaw,bonafide
LA_E_8013505,1,ulaw,A18
LA_E_8013577,0,ulaw,bonafide
LA_E_8013718,1,pstn,A19
LA_E_8013814,1,ulaw,A18
LA_E_8014007,1,opus,A18
LA_E_8014266,1,gsm,A07
LA_E_8014271,1,opus,A08
LA_E_8014739,0,none,bonafide
LA_E_8015561,1,opus,A13
LA_E_8016006,1,none,A15
LA_E_8016056,1,ulaw,A14
LA_E_8016234,1,opus,A10
LA_E_8016769,1,g722,A15
LA_E_8016813,1,alaw,A15
LA_E_8017235,1,alaw,A13
LA_E_8017897,1,ulaw,A19
LA_E_8018080,1,pstn,A13
LA_E_8018087,0,pstn,bonafide
LA_E_8018094,0,ulaw,bonafide
LA_E_8018271,1,g722,A11
LA_E_8018402,1,pstn,A09
LA_E_8018785,1,none,A14
LA_E_8018836,1,alaw,A12
LA_E_8019030,1,opus,A10
LA_E_8019047,1,alaw,A16
LA_E_8019403,1,gsm,A14
LA_E_8019561,1,alaw,A11
LA_E_8020134,1,none,A15
LA_E_8020178,1,g722,A18
LA_E_8020491,1,none,A08
LA_E_8020614,1,pstn,A10
LA_E_8020645,1,none,A11
LA_E_8020822,1,g722,A18
LA_E_8020914,1,gsm,A18
LA_E_8021496,1,g722,A12
LA_E_8021873,1,gsm,A13
LA_E_8021974,1,gsm,A12
LA_E_8022473,1,alaw,A13
LA_E_8023598,1,none,A10
LA_E_8023841,0,gsm,bonafide
LA_E_8024105,1,gsm,A10
LA_E_8024256,1,gsm,A09
LA_E_8024403,1,opus,A17
LA_E_8024518,1,opus,A08
LA_E_8024996,1,ulaw,A11
LA_E_8025944,1,none,A10
LA_E_8025965,1,none,A16
LA_E_8026024,1,pstn,A11
LA_E_8026791,1,pstn,A15
LA_E_8027161,1,gsm,A16
LA_E_8027499,1,opus,A09
LA_E_8027948,1,pstn,A10
LA_E_8027962,1,alaw,A10
LA_E_8028201,1,none,A10
LA_E_8028417,1,alaw,A13
LA_E_8028478,1,alaw,A14
LA_E_8028963,1,ulaw,A13
LA_E_8029291,1,gsm,A10
LA_E_8029328,1,none,A15
LA_E_8030206,1,pstn,A10
LA_E_8030500,1,gsm,A12
LA_E_8030524,1,opus,A13
LA_E_8030756,0,gsm,bonafide
LA_E_8031146,1,none,A13
LA_E_8031211,1,ulaw,A13
LA_E_8031358,1,pstn,A08
LA_E_8031392,1,ulaw,A18
LA_E_8031397,1,opus,A13
LA_E_8031429,1,g722,A09
LA_E_8032065,1,opus,A15
LA_E_8032188,0,alaw,bonafide
LA_E_8032325,0,gsm,bonafide
LA_E_8032361,1,opus,A15
LA_E_8032725,0,g722,bonafide
LA_E_8032772,1,opus,A16
LA_E_8032798,1,opus,A14
LA_E_8033404,1,opus,A18
LA_E_8034106,1,opus,A10
LA_E_8034608,1,alaw,A15
LA_E_8034645,1,none,A10
LA_E_8034794,1,opus,A07
LA_E_8034847,1,alaw,A08
LA_E_8034999,0,pstn,bonafide
LA_E_8035565,1,g722,A10
LA_E_8036012,1,alaw,A09
LA_E_8036136,1,alaw,A16
LA_E_8036226,1,gsm,A08
LA_E_8037355,1,alaw,A13
LA_E_8037704,1,alaw,A13
LA_E_8038033,1,opus,A16
LA_E_8038310,1,g722,A10
LA_E_8039094,1,ulaw,A07
LA_E_8039213,1,opus,A14
LA_E_8039344,0,opus,bonafide
LA_E_8039594,1,none,A19
LA_E_8039603,0,alaw,bonafide
LA_E_8039610,1,none,A19
LA_E_8039758,1,none,A10
LA_E_8040503,1,pstn,A13
LA_E_8040582,1,g722,A14
LA_E_8041155,1,none,A15
LA_E_8041642,1,none,A18
LA_E_8041683,1,opus,A14
LA_E_8041894,1,opus,A09
LA_E_8042277,1,ulaw,A09
LA_E_8042444,1,alaw,A14
LA_E_8043322,0,opus,bonafide
LA_E_8043944,1,opus,A16
LA_E_8044001,1,opus,A15
LA_E_8044241,1,alaw,A17
LA_E_8044630,1,none,A09
LA_E_8045089,0,gsm,bonafide
LA_E_8046022,1,gsm,A16
LA_E_8046093,1,g722,A12
LA_E_8046348,1,ulaw,A16
LA_E_8047382,0,alaw,bonafide
LA_E_8048190,1,ulaw,A19
LA_E_8048554,1,none,A16
LA_E_8048701,1,ulaw,A10
LA_E_8049290,1,gsm,A18
LA_E_8050052,1,pstn,A11
LA_E_8050165,1,gsm,A08
LA_E_8050425,1,pstn,A17
LA_E_8050776,1,opus,A19
LA_E_8051132,1,none,A07
LA_E_8051190,1,pstn,A18
LA_E_8051524,1,none,A15
LA_E_8051666,1,pstn,A13
LA_E_8052009,1,gsm,A13
LA_E_8052351,1,ulaw,A18
LA_E_8053340,1,gsm,A08
LA_E_8053636,0,ulaw,bonafide
LA_E_8053983,1,ulaw,A17
LA_E_8054147,1,alaw,A18
LA_E_8054184,1,opus,A16
LA_E_8054570,1,none,A11
LA_E_8054755,0,g722,bonafide
LA_E_8054982,1,opus,A13
LA_E_8055048,1,gsm,A10
LA_E_8055175,1,alaw,A17
LA_E_8056202,1,gsm,A18
LA_E_8056258,1,pstn,A08
LA_E_8056319,1,alaw,A16
LA_E_8056687,1,ulaw,A14
LA_E_8056715,0,g722,bonafide
LA_E_8056739,1,opus,A17
LA_E_8056874,1,opus,A18
LA_E_8056975,1,alaw,A07
LA_E_8057095,1,gsm,A17
LA_E_8058085,1,ulaw,A07
LA_E_8058353,1,gsm,A07
LA_E_8059345,1,opus,A19
LA_E_8059432,1,gsm,A14
LA_E_8059547,0,opus,bonafide
LA_E_8059752,1,ulaw,A11
LA_E_8059881,0,ulaw,bonafide
LA_E_8059932,1,gsm,A11
LA_E_8061263,1,opus,A10
LA_E_8061283,1,alaw,A13
LA_E_8061618,1,none,A08
LA_E_8061650,1,g722,A10
LA_E_8061682,1,ulaw,A07
LA_E_8062485,1,g722,A17
LA_E_8062676,0,g722,bonafide
LA_E_8062809,1,opus,A15
LA_E_8063373,0,g722,bonafide
LA_E_8063471,1,none,A12
LA_E_8063918,1,pstn,A12
LA_E_8064014,1,ulaw,A13
LA_E_8064047,1,opus,A14
LA_E_8064641,1,alaw,A16
LA_E_8065118,1,ulaw,A15
LA_E_8065158,1,alaw,A11
LA_E_8065258,1,alaw,A15
LA_E_8065803,1,pstn,A13
LA_E_8066909,1,pstn,A17
LA_E_8067018,1,pstn,A10
LA_E_8067262,1,ulaw,A12
LA_E_8067337,1,alaw,A18
LA_E_8067548,1,ulaw,A07
LA_E_8067707,1,g722,A19
LA_E_8067805,1,gsm,A16
LA_E_8067830,0,ulaw,bonafide
LA_E_8067838,0,g722,bonafide
LA_E_8068209,1,opus,A12
LA_E_8068337,1,none,A17
LA_E_8069534,1,gsm,A18
LA_E_8070501,1,ulaw,A10
LA_E_8070680,1,ulaw,A12
LA_E_8070682,1,gsm,A13
LA_E_8070978,1,pstn,A15
LA_E_8071031,1,g722,A15
LA_E_8071276,0,g722,bonafide
LA_E_8071320,1,gsm,A11
LA_E_8071570,1,gsm,A16
LA_E_8071954,1,gsm,A07
LA_E_8071973,1,opus,A13
LA_E_8072126,1,opus,A08
LA_E_8072976,1,pstn,A14
LA_E_8073357,1,ulaw,A19
LA_E_8073604,1,opus,A14
LA_E_8073744,1,gsm,A19
LA_E_8074008,1,gsm,A17
LA_E_8074127,1,pstn,A16
LA_E_8074382,1,opus,A13
LA_E_8074701,1,gsm,A09
LA_E_8074799,1,opus,A13
LA_E_8074973,1,none,A11
LA_E_8075048,1,gsm,A08
LA_E_8075274,1,pstn,A13
LA_E_8075388,1,opus,A18
LA_E_8075477,1,none,A19
LA_E_8076636,1,opus,A15
LA_E_8076766,1,ulaw,A10
LA_E_8076985,1,gsm,A08
LA_E_8077114,1,ulaw,A13
LA_E_8077672,1,gsm,A14
LA_E_8078251,1,opus,A09
LA_E_8078386,1,ulaw,A13
LA_E_8078430,1,opus,A09
LA_E_8078474,1,alaw,A15
LA_E_8078509,1,ulaw,A19
LA_E_8078969,1,g722,A09
LA_E_8079121,1,pstn,A14
LA_E_8079153,1,gsm,A11
LA_E_8079205,1,opus,A10
LA_E_8079318,1,ulaw,A14
LA_E_8079545,1,gsm,A10
LA_E_8079780,1,ulaw,A17
LA_E_8080001,1,gsm,A08
LA_E_8080094,1,pstn,A11
LA_E_8080707,1,gsm,A15
LA_E_8081241,1,opus,A18
LA_E_8081255,1,alaw,A16
LA_E_8081510,1,ulaw,A18
LA_E_8081723,1,opus,A08
LA_E_8081831,1,ulaw,A18
LA_E_8081964,0,gsm,bonafide
LA_E_8082023,1,g722,A12
LA_E_8082093,1,pstn,A19
LA_E_8082171,1,ulaw,A18
LA_E_8082270,0,opus,bonafide
LA_E_8082314,1,g722,A18
LA_E_8082547,1,none,A14
LA_E_8082811,1,ulaw,A11
LA_E_8082932,1,gsm,A16
LA_E_8083277,1,opus,A07
LA_E_8083667,0,gsm,bonafide
LA_E_8083947,1,pstn,A07
LA_E_8084230,1,gsm,A18
LA_E_8084367,1,g722,A10
LA_E_8085258,1,ulaw,A14
LA_E_8085525,1,alaw,A17
LA_E_8086194,1,pstn,A15
LA_E_8086224,1,ulaw,A13
LA_E_8087054,1,g722,A13
LA_E_8087059,0,gsm,bonafide
LA_E_8087612,1,pstn,A14
LA_E_8088573,1,gsm,A12
LA_E_8088700,1,alaw,A08
LA_E_8088807,1,none,A15
LA_E_8089133,1,gsm,A14
LA_E_8089158,1,none,A10
LA_E_8089221,1,alaw,A09
LA_E_8089287,1,ulaw,A16
LA_E_8089638,1,pstn,A11
LA_E_8090050,1,pstn,A11
LA_E_8090199,1,g722,A12
LA_E_8090774,1,gsm,A17
LA_E_8091232,1,alaw,A07
LA_E_8091480,1,alaw,A17
LA_E_8091539,1,opus,A12
LA_E_8091556,1,alaw,A07
LA_E_8092177,1,pstn,A09
LA_E_8092480,1,opus,A08
LA_E_8092832,1,gsm,A14
LA_E_8092859,1,ulaw,A17
LA_E_8093016,1,gsm,A18
LA_E_8093299,1,gsm,A12
LA_E_8093438,1,opus,A17
LA_E_8093675,1,alaw,A07
LA_E_8094173,1,g722,A08
LA_E_8094658,1,gsm,A12
LA_E_8094771,1,gsm,A17
LA_E_8095340,1,pstn,A19
LA_E_8095546,1,pstn,A16
LA_E_8095580,1,gsm,A10
LA_E_8096055,1,none,A14
LA_E_8096471,1,pstn,A18
LA_E_8096602,1,alaw,A19
LA_E_8096637,0,none,bonafide
LA_E_8096735,1,g722,A16
LA_E_8097280,1,none,A11
LA_E_8097822,1,gsm,A10
LA_E_8098584,0,g722,bonafide
LA_E_8098811,1,none,A09
LA_E_8099059,1,opus,A10
LA_E_8099662,1,g722,A16
LA_E_8100125,0,gsm,bonafide
LA_E_8100951,1,none,A12
LA_E_8101194,1,ulaw,A12
LA_E_8101330,1,gsm,A07
LA_E_8101665,1,pstn,A19
LA_E_8102863,1,ulaw,A19
LA_E_8103411,1,g722,A07
LA_E_8103542,1,ulaw,A15
LA_E_8103602,1,none,A18
LA_E_8104402,1,g722,A10
LA_E_8104816,1,opus,A19
LA_E_8104870,1,ulaw,A19
LA_E_8105089,1,pstn,A17
LA_E_8105210,1,pstn,A14
LA_E_8105325,1,pstn,A15
LA_E_8105438,1,gsm,A16
LA_E_8106153,1,pstn,A07
LA_E_8106421,0,pstn,bonafide
LA_E_8106698,1,g722,A12
LA_E_8107406,1,pstn,A19
LA_E_8107579,1,pstn,A07
LA_E_8107632,1,g722,A17
LA_E_8107772,1,g722,A18
LA_E_8107858,1,opus,A10
LA_E_8107881,1,ulaw,A09
LA_E_8108417,1,pstn,A14
LA_E_8109208,1,ulaw,A11
LA_E_8109432,1,g722,A11
LA_E_8109526,1,none,A18
LA_E_8109623,1,none,A10
LA_E_8110465,1,none,A08
LA_E_8110475,1,ulaw,A16
LA_E_8111401,1,none,A18
LA_E_8111536,1,pstn,A08
LA_E_8111952,1,alaw,A13
LA_E_8112575,1,opus,A08
LA_E_8113145,1,none,A07
LA_E_8113262,0,opus,bonafide
LA_E_8113304,1,none,A18
LA_E_8113547,0,ulaw,bonafide
LA_E_8113666,1,g722,A14
LA_E_8113801,1,gsm,A11
LA_E_8113901,1,pstn,A19
LA_E_8114876,1,gsm,A14
LA_E_8115219,1,none,A17
LA_E_8115332,1,none,A15
LA_E_8116203,1,pstn,A17
LA_E_8116538,1,gsm,A19
LA_E_8117302,1,opus,A08
LA_E_8117352,1,g722,A17
LA_E_8117404,1,ulaw,A18
LA_E_8117488,1,alaw,A16
LA_E_8117591,1,none,A11
LA_E_8117705,1,none,A10
LA_E_8118580,1,pstn,A09
LA_E_8118825,1,gsm,A13
LA_E_8120235,0,pstn,bonafide
LA_E_8120289,0,pstn,bonafide
LA_E_8120426,1,g722,A10
LA_E_8121712,1,gsm,A13
LA_E_8122001,1,gsm,A12
LA_E_8122612,0,ulaw,bonafide
LA_E_8122652,1,gsm,A10
LA_E_8122671,1,opus,A19
LA_E_8122884,0,alaw,bonafide
LA_E_8124202,0,pstn,bonafide
LA_E_8124696,1,g722,A08
LA_E_8124819,0,gsm,bonafide
LA_E_8125448,0,ulaw,bonafide
LA_E_8125488,1,none,A11
LA_E_8126000,1,gsm,A09
LA_E_8126006,1,none,A09
LA_E_8126392,1,opus,A18
LA_E_8126593,1,pstn,A13
LA_E_8126943,1,gsm,A07
LA_E_8127036,1,ulaw,A09
LA_E_8127390,1,gsm,A16
LA_E_8127642,0,opus,bonafide
LA_E_8127808,1,pstn,A16
LA_E_8128309,1,g722,A14
LA_E_8128483,0,g722,bonafide
LA_E_8128641,1,g722,A12
LA_E_8128906,1,ulaw,A13
LA_E_8129280,1,gsm,A12
LA_E_8129775,1,gsm,A16
LA_E_8129783,1,g722,A18
LA_E_8129807,0,g722,bonafide
LA_E_8129924,0,gsm,bonafide
LA_E_8129944,1,pstn,A16
LA_E_8131912,1,alaw,A11
LA_E_8131943,0,g722,bonafide
LA_E_8132078,1,gsm,A11
LA_E_8132092,1,ulaw,A09
LA_E_8132562,1,opus,A19
LA_E_8133180,1,g722,A13
LA_E_8133207,1,gsm,A11
LA_E_8133910,1,none,A17
LA_E_8134113,1,gsm,A15
LA_E_8135518,1,g722,A12
LA_E_8135649,1,alaw,A18
LA_E_8135987,1,none,A08
LA_E_8136122,1,gsm,A14
LA_E_8136197,1,alaw,A11
LA_E_8136427,1,none,A17
LA_E_8136715,1,g722,A16
LA_E_8137629,1,g722,A19
LA_E_8138569,1,opus,A15
LA_E_8138632,1,ulaw,A16
LA_E_8138812,1,opus,A09
LA_E_8139025,1,none,A07
LA_E_8139273,1,none,A10
LA_E_8139320,1,g722,A13
LA_E_8140218,1,opus,A08
LA_E_8140420,1,opus,A17
LA_E_8140536,1,g722,A13
LA_E_8140665,1,ulaw,A08
LA_E_8140757,1,none,A16
LA_E_8140941,1,alaw,A08
LA_E_8141037,1,ulaw,A16
LA_E_8141160,1,opus,A11
LA_E_8141738,1,none,A16
LA_E_8142794,1,ulaw,A18
LA_E_8142943,1,alaw,A19
LA_E_8143545,1,ulaw,A13
LA_E_8143742,1,opus,A19
LA_E_8145105,1,none,A13
LA_E_8145430,0,pstn,bonafide
LA_E_8145433,1,g722,A09
LA_E_8145672,1,pstn,A16
LA_E_8146242,1,ulaw,A07
LA_E_8147083,1,alaw,A15
LA_E_8147514,0,gsm,bonafide
LA_E_8147945,1,none,A17
LA_E_8148144,1,none,A14
LA_E_8148437,1,ulaw,A19
LA_E_8148511,1,ulaw,A12
LA_E_8148611,1,pstn,A19
LA_E_8149084,1,ulaw,A15
LA_E_8149630,1,alaw,A09
LA_E_8149633,1,gsm,A07
LA_E_8149777,1,alaw,A09
LA_E_8150079,1,none,A07
LA_E_8151397,1,pstn,A18
LA_E_8151715,1,g722,A10
LA_E_8151980,1,pstn,A10
LA_E_8152179,1,pstn,A10
LA_E_8152328,1,opus,A17
LA_E_8152908,1,alaw,A11
LA_E_8153099,1,gsm,A15
LA_E_8153122,1,alaw,A17
LA_E_8153296,1,ulaw,A16
LA_E_8153760,1,pstn,A15
LA_E_8155865,1,ulaw,A08
LA_E_8155970,1,opus,A09
LA_E_8156308,1,alaw,A09
LA_E_8157000,1,alaw,A16
LA_E_8157170,1,none,A08
LA_E_8157211,1,opus,A13
LA_E_8157397,1,opus,A15
LA_E_8157561,1,pstn,A16
LA_E_8157831,1,alaw,A13
LA_E_8157902,1,gsm,A09
LA_E_8158548,1,pstn,A13
LA_E_8159075,1,gsm,A09
LA_E_8159471,1,none,A18
LA_E_8160012,1,ulaw,A11
LA_E_8160050,1,opus,A15
LA_E_8160537,1,pstn,A17
LA_E_8161048,1,gsm,A11
LA_E_8161062,1,ulaw,A08
LA_E_8161158,1,gsm,A12
LA_E_8161578,1,opus,A10
LA_E_8162331,1,gsm,A15
LA_E_8162413,0,g722,bonafide
LA_E_8162421,1,ulaw,A19
LA_E_8162458,1,g722,A10
LA_E_8163182,1,opus,A18
LA_E_8163378,1,gsm,A08
LA_E_8163528,1,alaw,A09
LA_E_8163658,1,pstn,A10
LA_E_8163834,0,g722,bonafide
LA_E_8163970,1,gsm,A08
LA_E_8164161,1,none,A16
LA_E_8164364,1,pstn,A18
LA_E_8164493,1,opus,A12
LA_E_8164935,1,gsm,A13
LA_E_8164960,0,opus,bonafide
LA_E_8165349,1,ulaw,A11
LA_E_8165478,1,pstn,A10
LA_E_8165486,1,none,A14
LA_E_8165612,1,pstn,A16
LA_E_8166395,1,ulaw,A17
LA_E_8166714,1,none,A11
LA_E_8166910,0,ulaw,bonafide
LA_E_8167023,0,opus,bonafide
LA_E_8167529,1,none,A12
LA_E_8167598,1,opus,A17
LA_E_8167791,1,alaw,A18
LA_E_8167999,1,alaw,A16
LA_E_8168104,1,alaw,A10
LA_E_8168170,1,opus,A08
LA_E_8168966,0,gsm,bonafide
LA_E_8169533,1,alaw,A18
LA_E_8169859,1,none,A19
LA_E_8169883,1,gsm,A17
LA_E_8169965,1,opus,A16
LA_E_8170084,1,g722,A17
LA_E_8170308,1,gsm,A12
LA_E_8170830,1,g722,A13
LA_E_8171148,1,alaw,A17
LA_E_8171269,1,ulaw,A07
LA_E_8171505,1,gsm,A10
LA_E_8171549,1,ulaw,A14
LA_E_8171620,1,ulaw,A15
LA_E_8171670,1,ulaw,A13
LA_E_8171819,1,none,A12
LA_E_8172135,1,pstn,A12
LA_E_8172197,1,ulaw,A18
LA_E_8172303,1,g722,A15
LA_E_8172757,1,none,A16
LA_E_8172923,1,alaw,A11
LA_E_8173181,1,pstn,A19
LA_E_8173182,1,ulaw,A15
LA_E_8173218,1,opus,A19
LA_E_8173257,1,alaw,A14
LA_E_8173276,0,g722,bonafide
LA_E_8173794,0,ulaw,bonafide
LA_E_8173811,1,pstn,A16
LA_E_8173868,1,gsm,A08
LA_E_8173986,1,opus,A16
LA_E_8174270,1,gsm,A08
LA_E_8174401,1,gsm,A12
LA_E_8174465,1,alaw,A09
LA_E_8174756,1,ulaw,A14
LA_E_8175324,1,g722,A19
LA_E_8175370,1,alaw,A17
LA_E_8175562,1,gsm,A08
LA_E_8175763,1,alaw,A18
LA_E_8175900,1,g722,A18
LA_E_8176052,1,pstn,A07
LA_E_8176502,1,opus,A12
LA_E_8176622,1,none,A18
LA_E_8177649,0,gsm,bonafide
LA_E_8178335,1,opus,A13
LA_E_8179998,1,none,A11
LA_E_8180306,1,alaw,A17
LA_E_8180539,1,pstn,A18
LA_E_8180840,1,none,A19
LA_E_8181198,1,alaw,A07
LA_E_8181654,1,g722,A19
LA_E_8182460,1,alaw,A14
LA_E_8183015,0,pstn,bonafide
LA_E_8183127,1,alaw,A08
LA_E_8184652,1,g722,A19
LA_E_8185051,1,alaw,A17
LA_E_8185127,1,alaw,A19
LA_E_8185218,1,opus,A11
LA_E_8185265,1,ulaw,A15
LA_E_8185899,1,opus,A18
LA_E_8186777,0,opus,bonafide
LA_E_8187700,1,g722,A09
LA_E_8187792,1,gsm,A09
LA_E_8187903,1,g722,A08
LA_E_8188056,1,g722,A15
LA_E_8188437,1,gsm,A13
LA_E_8188559,1,gsm,A14
LA_E_8188721,0,opus,bonafide
LA_E_8189195,1,none,A14
LA_E_8189597,1,pstn,A19
LA_E_8189767,1,opus,A18
LA_E_8189889,1,ulaw,A16
LA_E_8190037,1,gsm,A17
LA_E_8190044,0,none,bonafide
LA_E_8190248,0,alaw,bonafide
LA_E_8190259,1,opus,A08
LA_E_8190627,0,gsm,bonafide
LA_E_8190933,0,pstn,bonafide
LA_E_8191271,1,ulaw,A14
LA_E_8191300,0,g722,bonafide
LA_E_8191490,1,alaw,A13
LA_E_8191732,1,gsm,A18
LA_E_8192094,1,none,A08
LA_E_8192107,1,gsm,A10
LA_E_8192456,1,ulaw,A11
LA_E_8192555,1,g722,A07
LA_E_8192618,1,none,A18
LA_E_8192761,1,gsm,A10
LA_E_8192854,1,none,A09
LA_E_8193086,1,opus,A12
LA_E_8193267,1,pstn,A18
LA_E_8193430,1,none,A08
LA_E_8193589,1,alaw,A07
LA_E_8193722,1,alaw,A13
LA_E_8194973,1,g722,A17
LA_E_8196050,0,ulaw,bonafide
LA_E_8196098,1,pstn,A17
LA_E_8196691,1,g722,A17
LA_E_8197567,1,opus,A18
LA_E_8198101,1,opus,A12
LA_E_8198396,1,pstn,A13
LA_E_8198414,1,opus,A11
LA_E_8199922,1,opus,A12
LA_E_8200352,1,opus,A11
LA_E_8200858,1,opus,A19
LA_E_8201303,0,ulaw,bonafide
LA_E_8201373,1,none,A18
LA_E_8201419,1,pstn,A08
LA_E_8202030,1,none,A10
LA_E_8203391,1,ulaw,A17
LA_E_8203414,1,g722,A09
LA_E_8203573,1,g722,A15
LA_E_8203908,1,opus,A11
LA_E_8204016,1,alaw,A19
LA_E_8204025,1,pstn,A16
LA_E_8204724,1,ulaw,A18
LA_E_8205443,1,ulaw,A13
LA_E_8205624,1,alaw,A08
LA_E_8205911,1,alaw,A10
LA_E_8206417,1,pstn,A14
LA_E_8206947,1,ulaw,A08
LA_E_8207411,0,alaw,bonafide
LA_E_8207864,1,alaw,A07
LA_E_8208034,1,pstn,A07
LA_E_8208104,1,opus,A10
LA_E_8208371,1,alaw,A07
LA_E_8208455,1,opus,A12
LA_E_8208469,1,opus,A16
LA_E_8208727,0,alaw,bonafide
LA_E_8210260,1,none,A11
LA_E_8210663,0,gsm,bonafide
LA_E_8210709,1,ulaw,A17
LA_E_8210822,1,g722,A11
LA_E_8210996,1,gsm,A18
LA_E_8211087,1,alaw,A09
LA_E_8211595,1,ulaw,A15
LA_E_8211668,1,gsm,A10
LA_E_8212405,1,none,A14
LA_E_8212594,1,opus,A14
LA_E_8212902,1,gsm,A08
LA_E_8212937,1,g722,A15
LA_E_8213808,0,alaw,bonafide
LA_E_8214374,1,gsm,A19
LA_E_8214415,1,ulaw,A11
LA_E_8214603,1,ulaw,A12
LA_E_8214837,1,opus,A18
LA_E_8214970,1,ulaw,A07
LA_E_8215131,1,ulaw,A14
LA_E_8215746,0,opus,bonafide
LA_E_8215839,1,none,A19
LA_E_8216709,1,none,A18
LA_E_8217271,1,ulaw,A09
LA_E_8217388,1,g722,A08
LA_E_8217518,1,gsm,A14
LA_E_8217610,1,pstn,A10
LA_E_8217703,1,opus,A13
LA_E_8217850,1,alaw,A11
LA_E_8218118,1,opus,A09
LA_E_8218220,1,ulaw,A19
LA_E_8218570,1,pstn,A15
LA_E_8218588,1,gsm,A12
LA_E_8218630,1,alaw,A17
LA_E_8219003,1,pstn,A09
LA_E_8219401,1,g722,A08
LA_E_8219644,1,gsm,A19
LA_E_8220912,1,opus,A11
LA_E_8221108,1,none,A19
LA_E_8221389,1,gsm,A11
LA_E_8221748,1,g722,A10
LA_E_8221819,1,gsm,A18
LA_E_8222060,1,ulaw,A08
LA_E_8222108,1,pstn,A14
LA_E_8222842,0,alaw,bonafide
LA_E_8222981,1,pstn,A12
LA_E_8223204,1,alaw,A12
LA_E_8223330,1,opus,A13
LA_E_8223431,1,none,A07
LA_E_8224311,1,opus,A15
LA_E_8224503,1,ulaw,A16
LA_E_8224616,0,alaw,bonafide
LA_E_8225321,1,gsm,A07
LA_E_8225553,1,pstn,A13
LA_E_8225693,0,ulaw,bonafide
LA_E_8225695,1,gsm,A16
LA_E_8225772,1,gsm,A10
LA_E_8226333,1,pstn,A07
LA_E_8226559,0,ulaw,bonafide
LA_E_8227080,1,ulaw,A07
LA_E_8227162,1,opus,A12
LA_E_8227217,0,pstn,bonafide
LA_E_8227246,1,none,A12
LA_E_8227252,1,alaw,A15
LA_E_8227477,1,none,A16
LA_E_8227744,0,pstn,bonafide
LA_E_8227923,1,ulaw,A11
LA_E_8228057,0,opus,bonafide
LA_E_8228124,1,g722,A15
LA_E_8228325,1,pstn,A09
LA_E_8228356,1,opus,A15
LA_E_8228543,1,none,A15
LA_E_8228943,1,none,A15
LA_E_8229030,1,alaw,A08
LA_E_8229347,1,none,A11
LA_E_8229472,1,g722,A07
LA_E_8229673,0,alaw,bonafide
LA_E_8229729,1,ulaw,A16
LA_E_8229787,1,opus,A11
LA_E_8229790,1,gsm,A09
LA_E_8229884,1,gsm,A13
LA_E_8230095,0,gsm,bonafide
LA_E_8230397,1,none,A19
LA_E_8230627,0,pstn,bonafide
LA_E_8231290,1,opus,A07
LA_E_8231301,1,ulaw,A09
LA_E_8231549,1,gsm,A13
LA_E_8231588,1,ulaw,A14
LA_E_8231677,1,opus,A14
LA_E_8232034,1,pstn,A15
LA_E_8232792,1,gsm,A16
LA_E_8232936,1,ulaw,A15
LA_E_8233304,1,ulaw,A15
LA_E_8233378,1,gsm,A19
LA_E_8233491,1,opus,A17
LA_E_8233996,1,alaw,A10
LA_E_8234026,1,opus,A18
LA_E_8234295,1,gsm,A09
LA_E_8234321,1,pstn,A16
LA_E_8234955,1,opus,A08
LA_E_8234998,1,opus,A11
LA_E_8236249,1,alaw,A07
LA_E_8236326,1,ulaw,A08
LA_E_8236431,1,ulaw,A13
LA_E_8237061,1,g722,A17
LA_E_8237291,1,alaw,A19
LA_E_8237412,1,none,A14
LA_E_8237587,1,pstn,A16
LA_E_8237607,1,g722,A15
LA_E_8238079,1,opus,A10
LA_E_8238196,0,ulaw,bonafide
LA_E_8238321,0,none,bonafide
LA_E_8238408,1,ulaw,A10
LA_E_8238416,1,g722,A08
LA_E_8238615,1,alaw,A13
LA_E_8238814,1,gsm,A16
LA_E_8238879,1,opus,A08
LA_E_8239259,1,pstn,A13
LA_E_8239321,1,opus,A11
LA_E_8239462,1,g722,A15
LA_E_8239959,1,gsm,A07
LA_E_8240430,0,gsm,bonafide
LA_E_8240664,1,opus,A13
LA_E_8240961,1,g722,A16
LA_E_8241379,1,gsm,A15
LA_E_8241928,1,gsm,A14
LA_E_8242129,1,opus,A18
LA_E_8242175,0,none,bonafide
LA_E_8242348,1,gsm,A07
LA_E_8242577,1,gsm,A08
LA_E_8242868,1,g722,A13
LA_E_8243173,1,gsm,A12
LA_E_8243226,1,opus,A18
LA_E_8243254,1,gsm,A19
LA_E_8243724,1,alaw,A09
LA_E_8243878,1,opus,A12
LA_E_8244150,1,ulaw,A08
LA_E_8244376,1,ulaw,A14
LA_E_8244775,1,none,A07
LA_E_8244798,1,ulaw,A12
LA_E_8245164,1,gsm,A13
LA_E_8245209,1,gsm,A11
LA_E_8245222,1,pstn,A14
LA_E_8245341,1,ulaw,A15
LA_E_8245676,1,g722,A07
LA_E_8245916,1,none,A09
LA_E_8245921,1,gsm,A18
LA_E_8246103,1,none,A18
LA_E_8246141,1,gsm,A16
LA_E_8246476,1,alaw,A08
LA_E_8246766,1,alaw,A14
LA_E_8247200,1,alaw,A18
LA_E_8248132,1,opus,A17
LA_E_8248413,1,gsm,A10
LA_E_8248771,0,pstn,bonafide
LA_E_8249006,1,gsm,A17
LA_E_8249064,1,pstn,A13
LA_E_8249110,1,alaw,A08
LA_E_8249111,1,opus,A07
LA_E_8249176,1,pstn,A14
LA_E_8249238,1,opus,A19
LA_E_8249479,1,g722,A14
LA_E_8249574,0,none,bonafide
LA_E_8249631,1,gsm,A14
LA_E_8250187,1,g722,A19
LA_E_8250823,1,g722,A13
LA_E_8250942,1,gsm,A12
LA_E_8251194,1,ulaw,A12
LA_E_8251224,1,opus,A07
LA_E_8252083,1,opus,A11
LA_E_8252199,1,none,A10
LA_E_8252534,1,g722,A13
LA_E_8252539,1,g722,A07
LA_E_8252577,1,pstn,A12
LA_E_8253151,1,alaw,A10
LA_E_8253201,1,gsm,A07
LA_E_8254235,1,pstn,A08
LA_E_8254801,0,gsm,bonafide
LA_E_8255078,1,g722,A16
LA_E_8255540,1,opus,A19
LA_E_8255685,1,alaw,A12
LA_E_8255921,1,none,A13
LA_E_8256198,1,opus,A16
LA_E_8256288,1,g722,A18
LA_E_8256534,1,ulaw,A17
LA_E_8257132,1,gsm,A09
LA_E_8257135,0,opus,bonafide
LA_E_8257206,1,ulaw,A10
LA_E_8257697,1,none,A08
LA_E_8257960,1,pstn,A11
LA_E_8258431,1,alaw,A19
LA_E_8258772,1,opus,A08
LA_E_8258824,1,pstn,A11
LA_E_8259161,1,none,A13
LA_E_8259658,1,ulaw,A19
LA_E_8259955,1,none,A12
LA_E_8260140,1,ulaw,A09
LA_E_8260193,1,ulaw,A13
LA_E_8260304,1,ulaw,A18
LA_E_8260408,1,pstn,A17
LA_E_8260859,1,g722,A15
LA_E_8261271,1,none,A09
LA_E_8261355,1,pstn,A09
LA_E_8261464,1,none,A12
LA_E_8262131,1,none,A10
LA_E_8262350,1,opus,A11
LA_E_8262432,1,alaw,A17
LA_E_8263029,1,gsm,A13
LA_E_8263084,1,none,A16
LA_E_8263258,1,opus,A18
LA_E_8263349,1,opus,A07
LA_E_8263449,1,ulaw,A13
LA_E_8263471,1,gsm,A14
LA_E_8263554,1,pstn,A12
LA_E_8263786,1,opus,A12
LA_E_8264824,1,ulaw,A08
LA_E_8264898,1,none,A19
LA_E_8265572,1,pstn,A09
LA_E_8265598,1,none,A09
LA_E_8265961,1,none,A14
LA_E_8266555,0,ulaw,bonafide
LA_E_8266799,0,pstn,bonafide
LA_E_8266870,1,g722,A18
LA_E_8267220,1,none,A10
LA_E_8267577,1,g722,A08
LA_E_8268294,1,g722,A17
LA_E_8268716,1,ulaw,A15
LA_E_8269612,1,ulaw,A16
LA_E_8269966,1,none,A13
LA_E_8270037,1,opus,A14
LA_E_8270220,1,opus,A17
LA_E_8270327,0,pstn,bonafide
LA_E_8270354,1,gsm,A19
LA_E_8270821,1,alaw,A19
LA_E_8271106,1,alaw,A07
LA_E_8271640,1,gsm,A19
LA_E_8271885,1,none,A19
LA_E_8272657,1,none,A13
LA_E_8272687,1,gsm,A15
LA_E_8272770,1,none,A15
LA_E_8272825,1,opus,A07
LA_E_8273082,1,g722,A12
LA_E_8273501,1,pstn,A18
LA_E_8273512,1,opus,A13
LA_E_8273889,1,opus,A10
LA_E_8273984,1,ulaw,A19
LA_E_8274582,1,g722,A08
LA_E_8274705,1,pstn,A15
LA_E_8275056,1,pstn,A14
LA_E_8275197,1,opus,A17
LA_E_8275426,1,opus,A19
LA_E_8276059,1,g722,A13
LA_E_8276523,0,opus,bonafide
LA_E_8276735,1,none,A17
LA_E_8276820,1,ulaw,A15
LA_E_8277019,1,ulaw,A07
LA_E_8277039,1,ulaw,A18
LA_E_8277186,1,alaw,A17
LA_E_8277361,1,none,A17
LA_E_8278050,1,alaw,A15
LA_E_8278068,1,alaw,A16
LA_E_8278192,1,gsm,A13
LA_E_8278408,0,none,bonafide
LA_E_8278414,1,g722,A15
LA_E_8278545,1,none,A17
LA_E_8278747,1,gsm,A12
LA_E_8278986,1,none,A08
LA_E_8279401,1,g722,A18
LA_E_8279582,1,none,A16
LA_E_8279709,1,g722,A15
LA_E_8280494,1,pstn,A16
LA_E_8280589,1,pstn,A10
LA_E_8280652,1,g722,A17
LA_E_8280753,1,gsm,A11
LA_E_8280766,1,pstn,A18
LA_E_8280894,0,none,bonafide
LA_E_8281338,0,gsm,bonafide
LA_E_8281350,1,none,A12
LA_E_8281552,0,pstn,bonafide
LA_E_8282262,1,opus,A19
LA_E_8282283,0,opus,bonafide
LA_E_8282870,1,alaw,A11
LA_E_8282878,1,alaw,A15
LA_E_8283201,1,gsm,A13
LA_E_8283215,0,ulaw,bonafide
LA_E_8283954,1,gsm,A13
LA_E_8284135,1,gsm,A18
LA_E_8284267,1,none,A15
LA_E_8284739,1,none,A17
LA_E_8284770,1,pstn,A17
LA_E_8284956,1,opus,A17
LA_E_8285127,1,opus,A14
LA_E_8285436,1,ulaw,A17
LA_E_8285706,1,ulaw,A11
LA_E_8285867,1,pstn,A19
LA_E_8286115,0,none,bonafide
LA_E_8286154,1,gsm,A15
LA_E_8286244,1,g722,A13
LA_E_8286491,1,alaw,A08
LA_E_8287526,1,g722,A18
LA_E_8287875,1,opus,A16
LA_E_8288298,1,opus,A14
LA_E_8288347,1,pstn,A10
LA_E_8288416,1,g722,A17
LA_E_8288521,1,none,A16
LA_E_8288599,0,ulaw,bonafide
LA_E_8289179,1,g722,A14
LA_E_8289478,1,g722,A08
LA_E_8289510,1,g722,A07
LA_E_8289551,1,ulaw,A12
LA_E_8289665,1,gsm,A18
LA_E_8289694,1,none,A16
LA_E_8289746,1,gsm,A18
LA_E_8289784,1,ulaw,A15
LA_E_8290256,1,pstn,A08
LA_E_8290366,1,alaw,A18
LA_E_8290383,1,pstn,A11
LA_E_8290449,1,opus,A10
LA_E_8291224,0,ulaw,bonafide
LA_E_8291237,1,gsm,A13
LA_E_8291425,1,alaw,A10
LA_E_8291520,1,alaw,A12
LA_E_8291531,1,none,A10
LA_E_8291897,1,gsm,A09
LA_E_8291913,1,gsm,A19
LA_E_8291932,1,ulaw,A11
LA_E_8291949,1,pstn,A11
LA_E_8292349,1,ulaw,A09
LA_E_8292971,0,none,bonafide
LA_E_8293217,1,ulaw,A15
LA_E_8293467,0,g722,bonafide
LA_E_8293584,1,alaw,A11
LA_E_8293626,1,gsm,A15
LA_E_8293649,1,pstn,A19
LA_E_8293792,1,none,A10
LA_E_8294132,1,ulaw,A07
LA_E_8294308,1,none,A11
LA_E_8294380,1,pstn,A17
LA_E_8294431,1,pstn,A09
LA_E_8294533,1,none,A11
LA_E_8294562,1,g722,A19
LA_E_8294916,1,pstn,A19
LA_E_8294980,1,alaw,A11
LA_E_8295058,1,pstn,A15
LA_E_8295071,1,alaw,A11
LA_E_8295179,1,gsm,A15
LA_E_8295234,1,g722,A17
LA_E_8295247,1,gsm,A17
LA_E_8295736,1,none,A08
LA_E_8296104,1,gsm,A15
LA_E_8296268,1,ulaw,A09
LA_E_8296777,1,g722,A07
LA_E_8297073,1,alaw,A08
LA_E_8297154,1,opus,A18
LA_E_8297289,1,alaw,A15
LA_E_8297408,1,gsm,A11
LA_E_8297642,1,opus,A15
LA_E_8297837,1,opus,A10
LA_E_8298309,1,gsm,A17
LA_E_8298414,1,none,A19
LA_E_8298804,0,ulaw,bonafide
LA_E_8299127,1,opus,A07
LA_E_8299988,1,alaw,A16
LA_E_8300015,1,alaw,A14
LA_E_8300163,1,none,A12
LA_E_8300475,1,ulaw,A07
LA_E_8300501,0,ulaw,bonafide
LA_E_8300542,1,ulaw,A10
LA_E_8300685,1,g722,A14
LA_E_8300905,0,alaw,bonafide
LA_E_8300929,1,opus,A15
LA_E_8301205,1,g722,A15
LA_E_8301382,1,g722,A11
LA_E_8301488,1,pstn,A09
LA_E_8301578,1,opus,A19
LA_E_8301728,1,g722,A12
LA_E_8302087,0,g722,bonafide
LA_E_8302156,0,gsm,bonafide
LA_E_8302263,0,opus,bonafide
LA_E_8302547,1,g722,A07
LA_E_8302748,1,alaw,A15
LA_E_8303121,1,opus,A09
LA_E_8303130,1,none,A17
LA_E_8303799,1,pstn,A10
LA_E_8304255,0,g722,bonafide
LA_E_8304361,1,gsm,A08
LA_E_8304589,1,opus,A11
LA_E_8304802,1,none,A11
LA_E_8304828,1,none,A16
LA_E_8305604,1,g722,A14
LA_E_8305670,1,none,A08
LA_E_8306038,1,opus,A13
LA_E_8306477,1,none,A12
LA_E_8306577,1,none,A17
LA_E_8306580,1,opus,A07
LA_E_8307181,1,ulaw,A16
LA_E_8307186,1,none,A11
LA_E_8307220,1,alaw,A19
LA_E_8307475,0,none,bonafide
LA_E_8307528,1,none,A12
LA_E_8307709,1,pstn,A17
LA_E_8307907,1,gsm,A09
LA_E_8308153,1,g722,A16
LA_E_8308170,1,none,A08
LA_E_8308372,1,g722,A07
LA_E_8308401,1,pstn,A13
LA_E_8308422,1,ulaw,A19
LA_E_8308719,1,g722,A09
LA_E_8308828,0,ulaw,bonafide
LA_E_8308844,1,alaw,A08
LA_E_8309175,1,none,A13
LA_E_8309522,1,ulaw,A09
LA_E_8309523,1,alaw,A13
LA_E_8309622,1,ulaw,A15
LA_E_8309997,1,ulaw,A16
LA_E_8310037,1,alaw,A14
LA_E_8310697,1,pstn,A15
LA_E_8310807,1,ulaw,A17
LA_E_8310853,1,alaw,A12
LA_E_8310975,1,pstn,A16
LA_E_8311064,1,gsm,A12
LA_E_8311540,1,ulaw,A16
LA_E_8311667,1,none,A17
LA_E_8311992,0,alaw,bonafide
LA_E_8312097,1,none,A07
LA_E_8312692,1,g722,A14
LA_E_8312730,1,g722,A07
LA_E_8313172,1,opus,A14
LA_E_8313367,1,ulaw,A11
LA_E_8313434,1,opus,A16
LA_E_8314085,1,gsm,A14
LA_E_8314244,1,alaw,A09
LA_E_8315916,1,pstn,A12
LA_E_8316140,1,opus,A17
LA_E_8316794,1,gsm,A17
LA_E_8317056,1,alaw,A08
LA_E_8317204,1,none,A08
LA_E_8317358,1,g722,A10
LA_E_8317436,0,opus,bonafide
LA_E_8317573,1,ulaw,A07
LA_E_8317909,1,alaw,A10
LA_E_8317918,0,none,bonafide
LA_E_8318009,1,gsm,A10
LA_E_8319328,1,ulaw,A12
LA_E_8319355,0,none,bonafide
LA_E_8319775,1,opus,A12
LA_E_8320183,1,opus,A11
LA_E_8320228,0,alaw,bonafide
LA_E_8320524,1,none,A17
LA_E_8320807,1,alaw,A18
LA_E_8321273,1,pstn,A08
LA_E_8321416,0,pstn,bonafide
LA_E_8321810,1,pstn,A18
LA_E_8322195,1,g722,A11
LA_E_8322490,1,none,A11
LA_E_8322597,1,none,A07
LA_E_8322659,1,pstn,A14
LA_E_8322764,1,opus,A19
LA_E_8322776,1,ulaw,A14
LA_E_8323436,1,opus,A11
LA_E_8323497,1,alaw,A09
LA_E_8324844,1,none,A19
LA_E_8324905,1,ulaw,A10
LA_E_8325061,1,g722,A17
LA_E_8325248,1,pstn,A10
LA_E_8325825,1,gsm,A15
LA_E_8325833,1,pstn,A07
LA_E_8325992,1,opus,A12
LA_E_8326009,1,ulaw,A11
LA_E_8326263,1,opus,A08
LA_E_8326347,1,alaw,A19
LA_E_8326517,1,ulaw,A16
LA_E_8326853,1,ulaw,A18
LA_E_8327347,1,pstn,A18
LA_E_8327527,0,ulaw,bonafide
LA_E_8328645,1,pstn,A14
LA_E_8328741,1,pstn,A13
LA_E_8329021,1,none,A16
LA_E_8329205,1,alaw,A16
LA_E_8329619,1,alaw,A10
LA_E_8330008,1,g722,A19
LA_E_8330201,1,g722,A13
LA_E_8330280,1,ulaw,A17
LA_E_8330469,1,none,A19
LA_E_8331002,1,none,A13
LA_E_8331149,1,pstn,A13
LA_E_8331391,1,none,A07
LA_E_8331593,1,opus,A16
LA_E_8331774,1,opus,A09
LA_E_8331975,1,ulaw,A12
LA_E_8332699,1,alaw,A17
LA_E_8332908,1,gsm,A11
LA_E_8333202,1,g722,A19
LA_E_8333286,1,gsm,A10
LA_E_8333996,1,alaw,A16
LA_E_8334621,1,gsm,A17
LA_E_8334748,1,none,A12
LA_E_8334824,1,gsm,A19
LA_E_8334969,1,opus,A18
LA_E_8335012,1,alaw,A07
LA_E_8335440,1,none,A09
LA_E_8335503,1,ulaw,A08
LA_E_8335520,1,ulaw,A09
LA_E_8335538,1,pstn,A16
LA_E_8335848,1,opus,A14
LA_E_8336136,1,ulaw,A18
LA_E_8336213,1,ulaw,A08
LA_E_8336486,1,alaw,A10
LA_E_8336924,1,gsm,A13
LA_E_8337254,1,g722,A11
LA_E_8337581,1,gsm,A11
LA_E_8337627,1,alaw,A14
LA_E_8338335,1,opus,A12
LA_E_8338419,1,pstn,A13
LA_E_8338463,1,pstn,A18
LA_E_8338804,1,alaw,A09
LA_E_8339108,1,alaw,A12
LA_E_8339297,0,pstn,bonafide
LA_E_8339394,1,gsm,A11
LA_E_8339477,1,g722,A12
LA_E_8339593,1,ulaw,A15
LA_E_8339604,0,gsm,bonafide
LA_E_8339942,0,ulaw,bonafide
LA_E_8340504,1,ulaw,A14
LA_E_8340951,1,opus,A10
LA_E_8341069,1,gsm,A07
LA_E_8341204,1,pstn,A13
LA_E_8341453,1,pstn,A16
LA_E_8341475,1,none,A17
LA_E_8341593,1,pstn,A13
LA_E_8342725,1,g722,A19
LA_E_8343138,1,opus,A08
LA_E_8343426,0,g722,bonafide
LA_E_8343590,1,none,A08
LA_E_8343773,1,alaw,A09
LA_E_8343792,1,g722,A08
LA_E_8343941,1,ulaw,A11
LA_E_8343942,1,pstn,A07
LA_E_8344047,1,alaw,A08
LA_E_8344607,1,none,A15
LA_E_8344682,1,none,A10
LA_E_8344770,1,gsm,A16
LA_E_8344878,1,none,A11
LA_E_8345090,1,opus,A12
LA_E_8345324,1,pstn,A11
LA_E_8345331,1,pstn,A15
LA_E_8345595,1,ulaw,A10
LA_E_8345731,1,gsm,A19
LA_E_8346454,0,ulaw,bonafide
LA_E_8346516,1,alaw,A16
LA_E_8347109,1,opus,A13
LA_E_8347963,1,none,A19
LA_E_8348100,1,alaw,A13
LA_E_8348856,0,gsm,bonafide
LA_E_8348925,1,g722,A18
LA_E_8348935,1,opus,A19
LA_E_8349080,1,opus,A13
LA_E_8349236,1,pstn,A10
LA_E_8349322,1,gsm,A14
LA_E_8349904,1,opus,A10
LA_E_8350151,1,opus,A17
LA_E_8350233,0,pstn,bonafide
LA_E_8350483,1,none,A18
LA_E_8350985,1,g722,A19
LA_E_8351378,0,gsm,bonafide
LA_E_8351456,1,pstn,A16
LA_E_8352054,1,g722,A13
LA_E_8352786,1,gsm,A07
LA_E_8353149,1,alaw,A11
LA_E_8353288,1,alaw,A09
LA_E_8353848,0,gsm,bonafide
LA_E_8354863,1,g722,A12
LA_E_8354899,1,gsm,A09
LA_E_8355029,1,alaw,A13
LA_E_8355126,1,ulaw,A16
LA_E_8355216,1,alaw,A15
LA_E_8355255,1,g722,A12
LA_E_8355325,1,alaw,A17
LA_E_8356373,1,ulaw,A17
LA_E_8356521,1,opus,A08
LA_E_8356889,1,ulaw,A09
LA_E_8357238,1,alaw,A19
LA_E_8357353,1,pstn,A19
LA_E_8357703,0,opus,bonafide
LA_E_8357891,1,opus,A09
LA_E_8357907,1,gsm,A09
LA_E_8357973,0,pstn,bonafide
LA_E_8358471,1,gsm,A12
LA_E_8358612,1,g722,A09
LA_E_8358687,0,none,bonafide
LA_E_8358810,1,opus,A11
LA_E_8358977,1,alaw,A12
LA_E_8359099,1,alaw,A19
LA_E_8359741,1,gsm,A14
LA_E_8359890,1,ulaw,A10
LA_E_8360288,1,alaw,A18
LA_E_8360748,1,none,A08
LA_E_8360972,1,opus,A09
LA_E_8361090,0,pstn,bonafide
LA_E_8361217,1,g722,A09
LA_E_8361344,1,none,A16
LA_E_8361451,1,opus,A12
LA_E_8361921,1,opus,A10
LA_E_8362697,1,alaw,A12
LA_E_8363442,1,alaw,A12
LA_E_8363651,1,none,A07
LA_E_8363788,1,none,A07
LA_E_8363857,1,none,A10
LA_E_8364995,1,alaw,A07
LA_E_8365472,1,alaw,A10
LA_E_8366011,1,gsm,A12
LA_E_8366137,1,none,A17
LA_E_8366324,0,g722,bonafide
LA_E_8366708,1,gsm,A15
LA_E_8366839,1,alaw,A17
LA_E_8366908,0,opus,bonafide
LA_E_8367030,0,g722,bonafide
LA_E_8367853,1,alaw,A12
LA_E_8368655,1,ulaw,A19
LA_E_8368800,1,alaw,A17
LA_E_8368841,1,opus,A19
LA_E_8368979,1,ulaw,A07
LA_E_8369629,1,ulaw,A12
LA_E_8369830,1,g722,A16
LA_E_8370121,1,alaw,A13
LA_E_8370202,1,gsm,A19
LA_E_8370220,1,opus,A09
LA_E_8370244,1,opus,A15
LA_E_8370615,1,none,A15
LA_E_8371193,1,opus,A18
LA_E_8371567,1,none,A12
LA_E_8371573,0,g722,bonafide
LA_E_8371646,1,opus,A13
LA_E_8371812,1,opus,A09
LA_E_8371842,1,gsm,A09
LA_E_8372448,1,gsm,A07
LA_E_8372513,1,gsm,A12
LA_E_8372982,1,alaw,A19
LA_E_8373118,1,gsm,A13
LA_E_8373356,0,none,bonafide
LA_E_8373484,1,none,A12
LA_E_8373668,1,ulaw,A15
LA_E_8374069,1,ulaw,A10
LA_E_8374086,1,g722,A18
LA_E_8375007,1,ulaw,A18
LA_E_8375652,1,opus,A18
LA_E_8375834,1,none,A07
LA_E_8375842,1,pstn,A13
LA_E_8376146,0,none,bonafide
LA_E_8377091,1,gsm,A09
LA_E_8377123,1,none,A15
LA_E_8377384,1,pstn,A13
LA_E_8377395,0,alaw,bonafide
LA_E_8378744,1,opus,A12
LA_E_8378774,1,g722,A08
LA_E_8379118,1,ulaw,A17
LA_E_8379233,1,g722,A09
LA_E_8379619,1,opus,A18
LA_E_8379889,0,ulaw,bonafide
LA_E_8379962,1,ulaw,A12
LA_E_8381182,1,gsm,A15
LA_E_8381197,0,opus,bonafide
LA_E_8381290,0,g722,bonafide
LA_E_8381428,1,g722,A15
LA_E_8382029,1,pstn,A18
LA_E_8382379,1,ulaw,A19
LA_E_8382494,1,opus,A07
LA_E_8382498,1,none,A18
LA_E_8382501,1,opus,A15
LA_E_8382987,1,g722,A09
LA_E_8383661,1,g722,A10
LA_E_8383984,1,gsm,A17
LA_E_8384092,1,opus,A17
LA_E_8384193,1,ulaw,A19
LA_E_8384345,1,alaw,A13
LA_E_8384387,1,ulaw,A17
LA_E_8384407,1,opus,A16
LA_E_8384800,1,ulaw,A13
LA_E_8384908,1,gsm,A11
LA_E_8385129,1,alaw,A17
LA_E_8385441,1,none,A15
LA_E_8386070,1,none,A19
LA_E_8386248,1,gsm,A10
LA_E_8386753,1,pstn,A11
LA_E_8386794,1,none,A15
LA_E_8387034,1,ulaw,A08
LA_E_8387056,1,pstn,A13
LA_E_8387471,1,none,A10
LA_E_8387764,1,gsm,A07
LA_E_8388149,1,g722,A10
LA_E_8388660,1,gsm,A18
LA_E_8388867,1,gsm,A07
LA_E_8389072,0,opus,bonafide
LA_E_8389156,1,ulaw,A07
LA_E_8389184,1,gsm,A15
LA_E_8389378,1,alaw,A14
LA_E_8389691,1,ulaw,A11
LA_E_8390350,1,g722,A15
LA_E_8390412,1,opus,A10
LA_E_8390579,1,ulaw,A18
LA_E_8390960,1,none,A13
LA_E_8391119,1,g722,A07
LA_E_8391504,1,g722,A14
LA_E_8391613,1,pstn,A11
LA_E_8391807,0,opus,bonafide
LA_E_8391847,1,none,A12
LA_E_8391890,1,opus,A07
LA_E_8392085,1,pstn,A12
LA_E_8392344,1,alaw,A13
LA_E_8392434,1,none,A15
LA_E_8392962,1,g722,A09
LA_E_8393057,0,alaw,bonafide
LA_E_8393675,1,gsm,A12
LA_E_8393740,1,pstn,A19
LA_E_8394046,1,opus,A10
LA_E_8394263,1,ulaw,A19
LA_E_8394318,1,g722,A16
LA_E_8394337,1,opus,A19
LA_E_8394759,1,ulaw,A12
LA_E_8394785,1,alaw,A11
LA_E_8395163,0,gsm,bonafide
LA_E_8395290,1,alaw,A10
LA_E_8395402,1,opus,A16
LA_E_8395451,1,opus,A15
LA_E_8396683,1,ulaw,A19
LA_E_8396775,1,alaw,A13
LA_E_8397066,1,g722,A15
LA_E_8398386,1,gsm,A17
LA_E_8399231,1,opus,A19
LA_E_8399514,1,none,A14
LA_E_8399602,1,opus,A10
LA_E_8399669,1,gsm,A16
LA_E_8399914,0,ulaw,bonafide
LA_E_8400731,1,ulaw,A16
LA_E_8400798,1,alaw,A09
LA_E_8400883,1,opus,A08
LA_E_8400892,1,none,A15
LA_E_8401017,1,opus,A15
LA_E_8401205,1,opus,A19
LA_E_8401235,1,ulaw,A08
LA_E_8401897,1,alaw,A18
LA_E_8402043,1,opus,A09
LA_E_8402480,1,none,A17
LA_E_8402805,0,pstn,bonafide
LA_E_8403373,1,pstn,A16
LA_E_8403545,1,ulaw,A10
LA_E_8403663,1,ulaw,A07
LA_E_8404053,1,alaw,A19
LA_E_8404086,1,gsm,A07
LA_E_8404515,1,alaw,A19
LA_E_8404524,1,g722,A08
LA_E_8405001,0,ulaw,bonafide
LA_E_8405207,1,pstn,A07
LA_E_8406127,1,opus,A14
LA_E_8407064,1,ulaw,A17
LA_E_8407084,1,pstn,A19
LA_E_8407787,1,pstn,A14
LA_E_8407937,1,none,A18
LA_E_8407980,1,none,A10
LA_E_8408152,1,none,A12
LA_E_8408588,1,opus,A14
LA_E_8409325,1,gsm,A16
LA_E_8409410,1,none,A11
LA_E_8409699,1,pstn,A18
LA_E_8410031,1,g722,A10
LA_E_8410055,1,ulaw,A14
LA_E_8410928,0,ulaw,bonafide
LA_E_8411539,1,g722,A14
LA_E_8411796,1,gsm,A09
LA_E_8411912,1,ulaw,A07
LA_E_8412114,1,g722,A08
LA_E_8412547,1,ulaw,A19
LA_E_8413403,1,none,A16
LA_E_8413584,1,alaw,A14
LA_E_8413696,1,pstn,A12
LA_E_8413766,1,opus,A18
LA_E_8414034,1,none,A14
LA_E_8414347,0,ulaw,bonafide
LA_E_8414731,0,ulaw,bonafide
LA_E_8414809,1,pstn,A12
LA_E_8415204,1,pstn,A09
LA_E_8415284,1,none,A17
LA_E_8415314,1,pstn,A19
LA_E_8415657,1,alaw,A16
LA_E_8415987,1,ulaw,A11
LA_E_8416484,1,alaw,A13
LA_E_8417154,1,pstn,A14
LA_E_8417561,1,pstn,A18
LA_E_8418516,1,opus,A08
LA_E_8418773,1,pstn,A07
LA_E_8418803,1,ulaw,A11
LA_E_8419527,1,ulaw,A12
LA_E_8419864,1,g722,A18
LA_E_8420351,1,opus,A19
LA_E_8421073,1,ulaw,A14
LA_E_8421209,1,ulaw,A16
LA_E_8421705,1,none,A19
LA_E_8421920,1,pstn,A11
LA_E_8422478,1,gsm,A13
LA_E_8422486,1,opus,A14
LA_E_8422889,1,opus,A19
LA_E_8423804,1,opus,A07
LA_E_8424172,1,alaw,A14
LA_E_8424713,1,opus,A12
LA_E_8425221,1,none,A11
LA_E_8425280,1,alaw,A07
LA_E_8425314,1,pstn,A08
LA_E_8425382,1,gsm,A11
LA_E_8425419,1,alaw,A10
LA_E_8425502,1,ulaw,A10
LA_E_8425592,0,g722,bonafide
LA_E_8425696,1,g722,A17
LA_E_8425946,1,gsm,A15
LA_E_8426240,1,pstn,A14
LA_E_8426279,1,opus,A10
LA_E_8426558,1,pstn,A12
LA_E_8426955,1,gsm,A07
LA_E_8426983,1,none,A18
LA_E_8427298,0,gsm,bonafide
LA_E_8427306,1,gsm,A09
LA_E_8427395,1,g722,A16
LA_E_8427704,1,pstn,A09
LA_E_8427763,1,pstn,A14
LA_E_8428268,1,gsm,A14
LA_E_8428445,1,opus,A08
LA_E_8428619,1,gsm,A11
LA_E_8428622,1,gsm,A10
LA_E_8428808,1,pstn,A18
LA_E_8429058,1,alaw,A13
LA_E_8429213,1,g722,A16
LA_E_8429239,1,ulaw,A09
LA_E_8429292,1,opus,A16
LA_E_8429741,1,gsm,A09
LA_E_8430558,1,g722,A17
LA_E_8430583,0,g722,bonafide
LA_E_8431072,1,g722,A11
LA_E_8431367,0,pstn,bonafide
LA_E_8431453,1,ulaw,A08
LA_E_8431503,1,ulaw,A09
LA_E_8431546,1,ulaw,A12
LA_E_8432169,1,ulaw,A11
LA_E_8433363,1,gsm,A08
LA_E_8433415,0,alaw,bonafide
LA_E_8433591,1,g722,A15
LA_E_8433597,1,alaw,A07
LA_E_8433721,1,ulaw,A13
LA_E_8433870,1,opus,A07
LA_E_8434717,1,alaw,A12
LA_E_8434989,1,opus,A09
LA_E_8435533,1,g722,A19
LA_E_8435852,1,ulaw,A12
LA_E_8435946,1,alaw,A13
LA_E_8435967,1,alaw,A16
LA_E_8436041,1,gsm,A16
LA_E_8436158,1,opus,A15
LA_E_8436365,1,pstn,A15
LA_E_8436625,1,alaw,A19
LA_E_8436995,1,gsm,A12
LA_E_8437084,1,ulaw,A13
LA_E_8437131,0,g722,bonafide
LA_E_8437136,1,ulaw,A18
LA_E_8437193,1,alaw,A13
LA_E_8437202,1,g722,A15
LA_E_8437250,0,none,bonafide
LA_E_8437545,1,alaw,A08
LA_E_8437664,1,none,A14
LA_E_8438189,1,none,A19
LA_E_8438486,0,g722,bonafide
LA_E_8439555,1,opus,A14
LA_E_8439610,1,alaw,A12
LA_E_8439631,1,ulaw,A11
LA_E_8439920,1,gsm,A11
LA_E_8440048,1,opus,A16
LA_E_8440290,1,opus,A14
LA_E_8440558,1,opus,A17
LA_E_8440707,1,none,A08
LA_E_8440992,1,pstn,A13
LA_E_8441361,1,pstn,A09
LA_E_8441992,0,gsm,bonafide
LA_E_8442065,1,opus,A17
LA_E_8442376,0,g722,bonafide
LA_E_8442670,1,none,A16
LA_E_8443185,0,alaw,bonafide
LA_E_8443434,1,opus,A12
LA_E_8443799,1,none,A17
LA_E_8444048,1,g722,A11
LA_E_8444318,1,pstn,A12
LA_E_8445050,1,gsm,A07
LA_E_8445175,1,pstn,A08
LA_E_8445655,1,gsm,A09
LA_E_8446242,1,pstn,A07
LA_E_8446283,1,gsm,A13
LA_E_8447070,1,gsm,A10
LA_E_8447301,1,opus,A19
LA_E_8447427,1,none,A07
LA_E_8447431,1,ulaw,A11
LA_E_8447617,1,pstn,A09
LA_E_8447936,1,ulaw,A15
LA_E_8448165,1,alaw,A12
LA_E_8448656,0,gsm,bonafide
LA_E_8449142,1,opus,A14
LA_E_8449705,1,gsm,A13
LA_E_8450156,1,gsm,A18
LA_E_8450311,1,opus,A17
LA_E_8450441,1,opus,A14
LA_E_8450470,1,ulaw,A16
LA_E_8450675,1,alaw,A17
LA_E_8450750,1,opus,A15
LA_E_8450971,1,none,A15
LA_E_8451036,1,g722,A07
LA_E_8451329,1,ulaw,A11
LA_E_8451407,1,ulaw,A09
LA_E_8451548,1,g722,A10
LA_E_8451562,1,pstn,A15
LA_E_8451856,1,gsm,A18
LA_E_8452277,1,none,A14
LA_E_8452615,0,opus,bonafide
LA_E_8452989,1,gsm,A08
LA_E_8453248,1,opus,A13
LA_E_8453920,1,gsm,A16
LA_E_8454775,1,g722,A08
LA_E_8455040,1,gsm,A13
LA_E_8455077,1,alaw,A09
LA_E_8455224,0,gsm,bonafide
LA_E_8455463,1,alaw,A18
LA_E_8455928,0,alaw,bonafide
LA_E_8456269,1,none,A15
LA_E_8456693,0,gsm,bonafide
LA_E_8456697,1,gsm,A14
LA_E_8456763,1,none,A12
LA_E_8457112,1,ulaw,A13
LA_E_8457233,1,ulaw,A11
LA_E_8457529,1,pstn,A19
LA_E_8457734,1,opus,A08
LA_E_8458448,1,gsm,A19
LA_E_8458628,1,opus,A10
LA_E_8460053,1,none,A19
LA_E_8460566,1,pstn,A16
LA_E_8461615,0,ulaw,bonafide
LA_E_8462063,0,gsm,bonafide
LA_E_8462681,1,pstn,A19
LA_E_8462715,1,ulaw,A14
LA_E_8462730,0,ulaw,bonafide
LA_E_8463031,1,alaw,A13
LA_E_8463859,1,none,A12
LA_E_8464115,1,pstn,A07
LA_E_8464739,1,gsm,A19
LA_E_8464947,1,ulaw,A07
LA_E_8464971,0,ulaw,bonafide
LA_E_8465031,1,opus,A11
LA_E_8465344,1,pstn,A10
LA_E_8465534,1,none,A19
LA_E_8465772,1,pstn,A11
LA_E_8466491,1,none,A14
LA_E_8466580,1,none,A14
LA_E_8466755,1,g722,A10
LA_E_8467309,1,opus,A12
LA_E_8467411,1,opus,A16
LA_E_8468499,1,gsm,A15
LA_E_8468891,1,opus,A13
LA_E_8468946,1,pstn,A19
LA_E_8468993,1,opus,A16
LA_E_8469536,1,g722,A19
LA_E_8469666,1,g722,A13
LA_E_8470100,1,alaw,A10
LA_E_8470634,1,alaw,A15
LA_E_8471337,1,pstn,A14
LA_E_8472431,1,pstn,A18
LA_E_8473404,1,opus,A11
LA_E_8473497,1,opus,A16
LA_E_8473505,1,opus,A10
LA_E_8473961,1,opus,A07
LA_E_8474035,1,g722,A08
LA_E_8474520,1,pstn,A16
LA_E_8475062,1,opus,A12
LA_E_8475879,0,alaw,bonafide
LA_E_8476772,0,none,bonafide
LA_E_8477940,1,g722,A11
LA_E_8478033,1,gsm,A07
LA_E_8478134,1,gsm,A15
LA_E_8478512,0,gsm,bonafide
LA_E_8478544,1,opus,A18
LA_E_8478946,1,none,A08
LA_E_8478965,1,none,A07
LA_E_8478986,0,pstn,bonafide
LA_E_8479055,1,g722,A07
LA_E_8479634,1,alaw,A11
LA_E_8479795,1,opus,A15
LA_E_8479937,1,pstn,A08
LA_E_8480094,1,g722,A11
LA_E_8480202,1,none,A19
LA_E_8480483,1,opus,A13
LA_E_8480657,1,opus,A18
LA_E_8480671,1,g722,A17
LA_E_8480924,1,pstn,A10
LA_E_8481041,1,alaw,A07
LA_E_8481211,1,g722,A17
LA_E_8481849,1,ulaw,A15
LA_E_8482214,1,opus,A09
LA_E_8482217,1,none,A10
LA_E_8482426,1,alaw,A19
LA_E_8483063,1,pstn,A16
LA_E_8483143,1,gsm,A14
LA_E_8483200,1,ulaw,A18
LA_E_8483946,1,gsm,A15
LA_E_8484460,1,pstn,A08
LA_E_8484479,1,opus,A12
LA_E_8484625,1,g722,A12
LA_E_8484893,1,pstn,A08
LA_E_8485330,0,alaw,bonafide
LA_E_8485381,1,g722,A16
LA_E_8485669,1,gsm,A17
LA_E_8485766,1,gsm,A08
LA_E_8485788,1,ulaw,A09
LA_E_8485789,1,pstn,A19
LA_E_8486333,1,pstn,A07
LA_E_8487342,1,gsm,A07
LA_E_8487736,0,ulaw,bonafide
LA_E_8487908,1,ulaw,A13
LA_E_8488084,1,none,A17
LA_E_8488091,1,opus,A07
LA_E_8488361,1,opus,A10
LA_E_8488391,1,ulaw,A08
LA_E_8489037,1,alaw,A15
LA_E_8489151,1,gsm,A11
LA_E_8489152,1,pstn,A13
LA_E_8489541,1,alaw,A14
LA_E_8489984,1,pstn,A11
LA_E_8490449,0,g722,bonafide
LA_E_8490933,1,none,A13
LA_E_8490986,1,none,A08
LA_E_8491188,1,alaw,A13
LA_E_8491339,1,none,A12
LA_E_8491364,1,none,A10
LA_E_8491475,1,none,A07
LA_E_8491478,1,alaw,A19
LA_E_8491819,1,alaw,A07
LA_E_8491841,1,pstn,A14
LA_E_8492206,1,pstn,A12
LA_E_8492404,1,opus,A08
LA_E_8492493,1,ulaw,A09
LA_E_8492579,1,opus,A18
LA_E_8492611,1,ulaw,A12
LA_E_8492780,1,pstn,A17
LA_E_8492785,1,none,A13
LA_E_8493516,1,ulaw,A18
LA_E_8494648,1,opus,A15
LA_E_8494823,1,gsm,A15
LA_E_8494883,1,pstn,A17
LA_E_8494971,1,none,A10
LA_E_8495055,1,gsm,A14
LA_E_8496021,1,g722,A18
LA_E_8496745,1,pstn,A13
LA_E_8496803,1,opus,A19
LA_E_8497524,1,pstn,A10
LA_E_8497805,1,opus,A18
LA_E_8498170,1,g722,A13
LA_E_8498464,0,ulaw,bonafide
LA_E_8498757,0,opus,bonafide
LA_E_8498895,1,alaw,A13
LA_E_8499605,1,none,A08
LA_E_8499917,1,g722,A16
LA_E_8500072,1,none,A09
LA_E_8500638,1,ulaw,A11
LA_E_8500821,0,opus,bonafide
LA_E_8500878,1,ulaw,A18
LA_E_8500952,1,ulaw,A15
LA_E_8501340,1,g722,A15
LA_E_8502068,1,alaw,A10
LA_E_8502141,0,pstn,bonafide
LA_E_8502306,1,pstn,A19
LA_E_8502530,1,gsm,A09
LA_E_8502670,1,none,A09
LA_E_8502975,1,pstn,A18
LA_E_8502997,1,g722,A12
LA_E_8503238,1,pstn,A10
LA_E_8503701,1,none,A10
LA_E_8503871,1,alaw,A11
LA_E_8504003,1,gsm,A08
LA_E_8504023,1,g722,A17
LA_E_8504259,1,ulaw,A16
LA_E_8504387,1,opus,A07
LA_E_8504747,1,alaw,A08
LA_E_8505194,1,none,A11
LA_E_8505347,1,pstn,A18
LA_E_8505395,1,opus,A11
LA_E_8505802,1,gsm,A09
LA_E_8505949,1,pstn,A14
LA_E_8506295,1,ulaw,A08
LA_E_8506344,1,gsm,A19
LA_E_8506740,1,alaw,A11
LA_E_8506981,1,gsm,A18
LA_E_8507004,0,g722,bonafide
LA_E_8507156,1,gsm,A10
LA_E_8507298,1,pstn,A09
LA_E_8507473,0,none,bonafide
LA_E_8508145,1,g722,A19
LA_E_8508285,1,gsm,A07
LA_E_8508312,1,g722,A11
LA_E_8508632,1,none,A19
LA_E_8508638,1,alaw,A18
LA_E_8508741,1,gsm,A12
LA_E_8508778,1,alaw,A10
LA_E_8508970,1,none,A17
LA_E_8509031,1,g722,A11
LA_E_8509089,1,alaw,A16
LA_E_8509785,1,none,A07
LA_E_8510975,1,opus,A19
LA_E_8511676,1,none,A10
LA_E_8512065,1,ulaw,A07
LA_E_8512520,1,none,A10
LA_E_8512521,1,g722,A08
LA_E_8512884,1,alaw,A17
LA_E_8513237,1,none,A16
LA_E_8513345,1,ulaw,A09
LA_E_8513351,1,none,A09
LA_E_8513445,1,gsm,A12
LA_E_8513678,1,ulaw,A19
LA_E_8514053,1,none,A17
LA_E_8514154,1,alaw,A17
LA_E_8514546,1,gsm,A15
LA_E_8514628,1,ulaw,A09
LA_E_8514866,1,pstn,A09
LA_E_8515317,1,gsm,A12
LA_E_8515599,1,none,A16
LA_E_8515610,1,pstn,A14
LA_E_8516690,0,pstn,bonafide
LA_E_8517289,1,ulaw,A12
LA_E_8517374,1,ulaw,A12
LA_E_8517744,1,opus,A19
LA_E_8517757,1,ulaw,A10
LA_E_8518033,1,gsm,A13
LA_E_8518219,1,ulaw,A19
LA_E_8518622,1,g722,A14
LA_E_8519028,1,ulaw,A15
LA_E_8519701,1,none,A15
LA_E_8519992,1,opus,A13
LA_E_8521737,1,g722,A17
LA_E_8522261,1,alaw,A16
LA_E_8522382,1,alaw,A11
LA_E_8522541,1,alaw,A08
LA_E_8522734,1,none,A09
LA_E_8522897,1,alaw,A15
LA_E_8523284,1,opus,A07
LA_E_8523651,1,pstn,A17
LA_E_8523689,1,g722,A11
LA_E_8524007,1,opus,A07
LA_E_8524525,1,opus,A18
LA_E_8524792,1,alaw,A19
LA_E_8525008,1,gsm,A16
LA_E_8525141,0,gsm,bonafide
LA_E_8525374,1,none,A14
LA_E_8525430,1,ulaw,A07
LA_E_8525597,1,alaw,A09
LA_E_8525732,1,opus,A12
LA_E_8525956,1,ulaw,A08
LA_E_8526127,1,ulaw,A09
LA_E_8526642,1,opus,A16
LA_E_8526692,1,opus,A07
LA_E_8526897,1,g722,A07
LA_E_8527016,0,none,bonafide
LA_E_8527078,1,opus,A07
LA_E_8527279,1,pstn,A16
LA_E_8527694,1,gsm,A13
LA_E_8528285,1,g722,A15
LA_E_8528829,1,alaw,A14
LA_E_8528844,1,alaw,A10
LA_E_8529025,1,g722,A19
LA_E_8529615,1,opus,A16
LA_E_8529723,1,alaw,A14
LA_E_8529950,0,opus,bonafide
LA_E_8530502,1,opus,A19
LA_E_8530990,1,opus,A09
LA_E_8533541,1,g722,A12
LA_E_8534575,1,opus,A12
LA_E_8534625,1,g722,A11
LA_E_8535086,1,pstn,A15
LA_E_8535345,1,gsm,A07
LA_E_8535508,1,g722,A17
LA_E_8535724,1,g722,A13
LA_E_8535832,1,g722,A12
LA_E_8535933,1,alaw,A15
LA_E_8536731,1,opus,A12
LA_E_8536819,1,alaw,A09
LA_E_8537100,1,ulaw,A12
LA_E_8538648,1,opus,A11
LA_E_8539036,1,opus,A07
LA_E_8539239,1,alaw,A11
LA_E_8540137,1,none,A17
LA_E_8540232,1,alaw,A13
LA_E_8540726,1,g722,A12
LA_E_8540739,1,alaw,A07
LA_E_8540949,0,alaw,bonafide
LA_E_8541130,1,opus,A12
LA_E_8541169,0,alaw,bonafide
LA_E_8541394,1,opus,A16
LA_E_8541398,1,alaw,A07
LA_E_8541466,1,pstn,A09
LA_E_8541837,1,opus,A16
LA_E_8541988,1,ulaw,A12
LA_E_8542215,1,pstn,A19
LA_E_8542601,1,pstn,A19
LA_E_8542981,1,alaw,A11
LA_E_8543026,0,pstn,bonafide
LA_E_8543061,1,gsm,A07
LA_E_8543255,1,alaw,A15
LA_E_8543319,1,opus,A12
LA_E_8543358,1,opus,A12
LA_E_8543437,1,alaw,A18
LA_E_8543883,1,none,A12
LA_E_8544116,1,pstn,A10
LA_E_8544890,1,alaw,A07
LA_E_8545378,1,alaw,A08
LA_E_8545556,1,ulaw,A09
LA_E_8547038,1,gsm,A10
LA_E_8547359,1,gsm,A14
LA_E_8547849,1,gsm,A08
LA_E_8548060,1,ulaw,A18
LA_E_8548255,1,pstn,A16
LA_E_8548730,1,ulaw,A12
LA_E_8549400,1,pstn,A19
LA_E_8549455,1,none,A09
LA_E_8549839,1,ulaw,A14
LA_E_8549963,1,ulaw,A13
LA_E_8550200,0,alaw,bonafide
LA_E_8550207,1,gsm,A10
LA_E_8550249,1,g722,A15
LA_E_8550777,1,ulaw,A08
LA_E_8551113,1,none,A17
LA_E_8551166,1,opus,A07
LA_E_8551362,1,ulaw,A14
LA_E_8551582,0,ulaw,bonafide
LA_E_8552614,1,ulaw,A17
LA_E_8553243,1,ulaw,A19
LA_E_8553274,1,none,A18
LA_E_8553524,1,g722,A17
LA_E_8555548,1,gsm,A12
LA_E_8556056,1,none,A16
LA_E_8556250,1,gsm,A11
LA_E_8556481,1,none,A15
LA_E_8556612,1,ulaw,A07
LA_E_8556635,0,pstn,bonafide
LA_E_8556725,1,g722,A16
LA_E_8556795,1,none,A09
LA_E_8557335,1,pstn,A12
LA_E_8557726,1,pstn,A15
LA_E_8557847,1,g722,A17
LA_E_8557897,1,alaw,A07
LA_E_8558110,1,ulaw,A10
LA_E_8558286,1,g722,A14
LA_E_8558297,1,opus,A12
LA_E_8558560,1,g722,A09
LA_E_8559230,1,alaw,A07
LA_E_8559636,0,opus,bonafide
LA_E_8560059,0,alaw,bonafide
LA_E_8560936,1,none,A14
LA_E_8561256,1,alaw,A18
LA_E_8562201,1,opus,A17
LA_E_8563277,1,gsm,A07
LA_E_8563353,1,pstn,A10
LA_E_8563751,1,g722,A09
LA_E_8563812,1,gsm,A17
LA_E_8564066,0,alaw,bonafide
LA_E_8564069,1,gsm,A15
LA_E_8564361,1,pstn,A07
LA_E_8564369,1,gsm,A09
LA_E_8564512,1,none,A15
LA_E_8564575,1,opus,A10
LA_E_8564972,1,gsm,A13
LA_E_8565244,1,ulaw,A17
LA_E_8565311,1,g722,A19
LA_E_8565317,1,gsm,A07
LA_E_8566412,0,gsm,bonafide
LA_E_8566580,1,pstn,A15
LA_E_8566754,1,g722,A07
LA_E_8566804,1,alaw,A13
LA_E_8567303,1,g722,A15
LA_E_8567368,0,opus,bonafide
LA_E_8567711,0,alaw,bonafide
LA_E_8568066,1,opus,A18
LA_E_8568080,1,none,A18
LA_E_8568146,1,opus,A13
LA_E_8568605,1,ulaw,A17
LA_E_8569094,1,pstn,A13
LA_E_8569248,1,alaw,A12
LA_E_8569880,1,ulaw,A12
LA_E_8570585,0,g722,bonafide
LA_E_8571150,1,opus,A12
LA_E_8571305,1,ulaw,A12
LA_E_8571503,1,alaw,A15
LA_E_8571574,1,ulaw,A14
LA_E_8571663,1,none,A12
LA_E_8571664,1,pstn,A09
LA_E_8571863,1,opus,A19
LA_E_8572151,1,alaw,A13
LA_E_8572627,1,gsm,A07
LA_E_8572672,1,g722,A19
LA_E_8572815,0,alaw,bonafide
LA_E_8573864,0,alaw,bonafide
LA_E_8574436,1,gsm,A13
LA_E_8574705,1,ulaw,A13
LA_E_8575556,1,opus,A10
LA_E_8575821,1,none,A16
LA_E_8575892,1,none,A15
LA_E_8576022,1,none,A09
LA_E_8576193,0,g722,bonafide
LA_E_8576218,1,alaw,A17
LA_E_8576261,1,opus,A13
LA_E_8576638,1,gsm,A18
LA_E_8576657,1,gsm,A13
LA_E_8576693,1,gsm,A11
LA_E_8576791,1,gsm,A11
LA_E_8577352,1,none,A07
LA_E_8577592,1,alaw,A19
LA_E_8577959,0,opus,bonafide
LA_E_8578058,1,pstn,A17
LA_E_8579042,1,opus,A15
LA_E_8579716,1,pstn,A16
LA_E_8579897,1,g722,A13
LA_E_8580215,1,g722,A18
LA_E_8580539,1,none,A19
LA_E_8581039,1,alaw,A08
LA_E_8581069,1,ulaw,A10
LA_E_8581109,1,opus,A11
LA_E_8581500,1,gsm,A17
LA_E_8581985,1,pstn,A15
LA_E_8581987,1,g722,A11
LA_E_8582233,1,alaw,A13
LA_E_8582469,1,ulaw,A09
LA_E_8582573,1,opus,A14
LA_E_8582747,1,opus,A17
LA_E_8582777,1,opus,A18
LA_E_8582804,1,ulaw,A11
LA_E_8583205,1,gsm,A07
LA_E_8583468,1,alaw,A07
LA_E_8583572,1,opus,A07
LA_E_8583763,1,g722,A10
LA_E_8584679,0,none,bonafide
LA_E_8584792,1,gsm,A09
LA_E_8585363,1,g722,A07
LA_E_8585432,1,none,A09
LA_E_8585672,1,g722,A07
LA_E_8585816,1,alaw,A11
LA_E_8586001,1,ulaw,A15
LA_E_8586239,1,opus,A18
LA_E_8586456,1,opus,A09
LA_E_8587179,1,none,A12
LA_E_8588150,1,ulaw,A18
LA_E_8588247,1,opus,A08
LA_E_8588535,1,opus,A10
LA_E_8588731,1,opus,A07
LA_E_8589510,1,none,A17
LA_E_8589661,1,alaw,A09
LA_E_8589671,1,pstn,A19
LA_E_8589844,1,ulaw,A16
LA_E_8590885,1,pstn,A17
LA_E_8591761,1,ulaw,A18
LA_E_8592379,1,ulaw,A13
LA_E_8592421,1,pstn,A13
LA_E_8592880,1,pstn,A07
LA_E_8593166,1,ulaw,A14
LA_E_8593459,1,none,A14
LA_E_8593574,1,none,A15
LA_E_8594161,1,alaw,A16
LA_E_8594180,0,pstn,bonafide
LA_E_8594252,1,g722,A08
LA_E_8594345,1,opus,A10
LA_E_8594538,1,none,A07
LA_E_8594742,1,pstn,A17
LA_E_8594793,1,g722,A15
LA_E_8595045,0,none,bonafide
LA_E_8595061,0,g722,bonafide
LA_E_8595389,1,opus,A08
LA_E_8596116,1,ulaw,A07
LA_E_8596180,1,none,A18
LA_E_8596259,1,opus,A16
LA_E_8596351,1,pstn,A08
LA_E_8596452,0,none,bonafide
LA_E_8596860,1,none,A12
LA_E_8597373,1,none,A07
LA_E_8597961,1,pstn,A13
LA_E_8598512,1,opus,A18
LA_E_8598752,1,alaw,A14
LA_E_8599272,1,alaw,A13
LA_E_8599473,1,alaw,A19
LA_E_8599574,1,none,A13
LA_E_8599593,1,pstn,A17
LA_E_8600191,1,g722,A11
LA_E_8600249,1,ulaw,A16
LA_E_8600370,1,gsm,A10
LA_E_8600567,1,g722,A16
LA_E_8601033,1,gsm,A12
LA_E_8601093,1,gsm,A14
LA_E_8601187,1,ulaw,A17
LA_E_8601817,1,pstn,A13
LA_E_8601952,1,none,A13
LA_E_8601968,1,pstn,A12
LA_E_8602018,1,gsm,A08
LA_E_8602050,1,alaw,A19
LA_E_8602263,1,opus,A13
LA_E_8602368,1,alaw,A19
LA_E_8602576,1,none,A09
LA_E_8602624,1,ulaw,A13
LA_E_8602677,1,pstn,A16
LA_E_8602718,1,none,A13
LA_E_8602767,1,pstn,A08
LA_E_8602772,1,ulaw,A13
LA_E_8602830,1,opus,A14
LA_E_8603148,1,none,A18
LA_E_8603181,1,none,A13
LA_E_8603380,0,gsm,bonafide
LA_E_8603412,1,opus,A16
LA_E_8604013,1,alaw,A18
LA_E_8605216,1,pstn,A13
LA_E_8605662,1,none,A07
LA_E_8605692,1,opus,A17
LA_E_8605950,1,g722,A10
LA_E_8606402,1,ulaw,A14
LA_E_8606654,1,pstn,A17
LA_E_8607440,1,ulaw,A08
LA_E_8607713,1,none,A18
LA_E_8607818,1,g722,A15
LA_E_8607927,1,opus,A10
LA_E_8608197,1,gsm,A12
LA_E_8608221,1,gsm,A18
LA_E_8608558,1,pstn,A12
LA_E_8608610,0,gsm,bonafide
LA_E_8608965,1,g722,A18
LA_E_8609261,1,opus,A07
LA_E_8609477,1,none,A08
LA_E_8609796,1,ulaw,A16
LA_E_8610567,1,pstn,A19
LA_E_8610804,1,none,A10
LA_E_8610961,0,none,bonafide
LA_E_8611280,1,alaw,A18
LA_E_8611385,1,ulaw,A14
LA_E_8611550,1,g722,A11
LA_E_8611865,1,opus,A09
LA_E_8611927,1,gsm,A18
LA_E_8612576,1,ulaw,A09
LA_E_8613085,0,pstn,bonafide
LA_E_8613511,1,pstn,A16
LA_E_8614441,1,ulaw,A10
LA_E_8614951,0,opus,bonafide
LA_E_8615137,1,opus,A09
LA_E_8615457,1,alaw,A17
LA_E_8615790,1,g722,A12
LA_E_8615851,1,gsm,A15
LA_E_8616094,1,g722,A10
LA_E_8616159,1,none,A11
LA_E_8616195,1,none,A11
LA_E_8616447,1,opus,A15
LA_E_8616622,1,gsm,A19
LA_E_8616685,1,ulaw,A11
LA_E_8616980,1,alaw,A07
LA_E_8617621,1,ulaw,A15
LA_E_8617872,1,g722,A16
LA_E_8617888,1,pstn,A11
LA_E_8618136,1,g722,A12
LA_E_8618615,1,g722,A09
LA_E_8618702,1,gsm,A17
LA_E_8618954,1,opus,A16
LA_E_8619850,1,pstn,A17
LA_E_8619863,1,none,A08
LA_E_8620002,1,pstn,A19
LA_E_8620239,1,ulaw,A14
LA_E_8620331,1,pstn,A12
LA_E_8621107,1,g722,A14
LA_E_8621300,1,opus,A15
LA_E_8621390,1,gsm,A18
LA_E_8621456,1,alaw,A10
LA_E_8621594,1,g722,A09
LA_E_8621599,1,gsm,A10
LA_E_8623090,1,alaw,A17
LA_E_8623847,1,pstn,A14
LA_E_8624026,1,g722,A19
LA_E_8624119,1,opus,A13
LA_E_8624353,1,gsm,A14
LA_E_8625083,1,alaw,A10
LA_E_8625156,1,pstn,A18
LA_E_8625508,1,ulaw,A17
LA_E_8625951,1,pstn,A11
LA_E_8626564,1,opus,A19
LA_E_8626618,1,none,A11
LA_E_8627326,1,alaw,A07
LA_E_8628336,1,pstn,A10
LA_E_8629214,1,opus,A18
LA_E_8629277,1,pstn,A11
LA_E_8629562,1,ulaw,A08
LA_E_8630179,1,gsm,A09
LA_E_8630245,1,none,A07
LA_E_8630365,1,ulaw,A07
LA_E_8630433,1,ulaw,A16
LA_E_8630455,1,alaw,A17
LA_E_8630656,1,none,A19
LA_E_8630968,1,pstn,A09
LA_E_8631134,0,opus,bonafide
LA_E_8631275,1,alaw,A16
LA_E_8632648,1,ulaw,A11
LA_E_8633230,1,alaw,A18
LA_E_8634194,1,gsm,A17
LA_E_8634462,1,opus,A15
LA_E_8634666,1,ulaw,A14
LA_E_8634843,1,g722,A11
LA_E_8635142,1,opus,A12
LA_E_8635212,1,pstn,A15
LA_E_8635315,1,gsm,A07
LA_E_8636002,1,pstn,A11
LA_E_8636036,1,pstn,A14
LA_E_8636242,1,pstn,A13
LA_E_8636276,1,pstn,A09
LA_E_8636387,1,g722,A08
LA_E_8636485,0,none,bonafide
LA_E_8636678,1,none,A17
LA_E_8636832,1,alaw,A16
LA_E_8637308,1,ulaw,A13
LA_E_8637551,1,alaw,A08
LA_E_8637555,1,pstn,A14
LA_E_8637582,1,opus,A11
LA_E_8638164,1,gsm,A13
LA_E_8638223,1,alaw,A14
LA_E_8638465,0,g722,bonafide
LA_E_8638483,1,ulaw,A11
LA_E_8639499,1,ulaw,A08
LA_E_8639962,1,alaw,A19
LA_E_8640173,1,opus,A07
LA_E_8640326,1,pstn,A07
LA_E_8641590,1,opus,A10
LA_E_8641649,1,opus,A09
LA_E_8642521,1,gsm,A17
LA_E_8642748,1,g722,A15
LA_E_8642978,1,none,A11
LA_E_8643118,0,g722,bonafide
LA_E_8643476,1,pstn,A13
LA_E_8644683,1,none,A07
LA_E_8644727,1,ulaw,A19
LA_E_8644731,1,gsm,A16
LA_E_8644801,0,opus,bonafide
LA_E_8645410,1,gsm,A11
LA_E_8645491,1,alaw,A17
LA_E_8645880,1,alaw,A15
LA_E_8647016,1,alaw,A19
LA_E_8647074,1,gsm,A19
LA_E_8647107,1,pstn,A07
LA_E_8647166,1,none,A12
LA_E_8647892,1,alaw,A15
LA_E_8647931,1,gsm,A16
LA_E_8648302,1,ulaw,A19
LA_E_8648336,1,none,A10
LA_E_8648463,1,opus,A18
LA_E_8649023,1,alaw,A10
LA_E_8649132,1,pstn,A07
LA_E_8649440,1,none,A19
LA_E_8650604,1,opus,A19
LA_E_8651308,1,g722,A19
LA_E_8651998,1,pstn,A16
LA_E_8652767,1,ulaw,A08
LA_E_8652798,1,ulaw,A09
LA_E_8652917,0,g722,bonafide
LA_E_8653427,1,gsm,A14
LA_E_8653654,1,none,A16
LA_E_8653692,1,opus,A09
LA_E_8653776,1,opus,A14
LA_E_8653779,1,alaw,A18
LA_E_8654307,1,alaw,A08
LA_E_8654410,1,opus,A17
LA_E_8654612,1,ulaw,A07
LA_E_8655266,1,none,A12
LA_E_8655303,1,g722,A09
LA_E_8655502,1,ulaw,A07
LA_E_8656042,0,pstn,bonafide
LA_E_8656115,0,gsm,bonafide
LA_E_8656396,1,g722,A08
LA_E_8656824,1,pstn,A07
LA_E_8656841,0,none,bonafide
LA_E_8657698,1,ulaw,A13
LA_E_8657858,1,gsm,A15
LA_E_8657940,0,ulaw,bonafide
LA_E_8657978,0,none,bonafide
LA_E_8658356,1,ulaw,A08
LA_E_8659030,0,pstn,bonafide
LA_E_8659447,1,none,A09
LA_E_8659738,1,opus,A18
LA_E_8660221,1,alaw,A11
LA_E_8660284,1,g722,A13
LA_E_8660733,1,opus,A14
LA_E_8661124,1,ulaw,A13
LA_E_8661495,1,opus,A13
LA_E_8661793,0,pstn,bonafide
LA_E_8661870,0,pstn,bonafide
LA_E_8661963,1,opus,A11
LA_E_8661981,1,none,A16
LA_E_8662356,1,gsm,A13
LA_E_8662533,1,alaw,A17
LA_E_8662859,1,opus,A08
LA_E_8663472,1,g722,A09
LA_E_8663922,1,ulaw,A18
LA_E_8664636,1,gsm,A12
LA_E_8664682,1,gsm,A10
LA_E_8664852,1,pstn,A16
LA_E_8665020,1,pstn,A18
LA_E_8665026,0,opus,bonafide
LA_E_8665224,1,none,A13
LA_E_8665578,1,gsm,A17
LA_E_8665969,1,opus,A17
LA_E_8667516,1,none,A08
LA_E_8667638,1,g722,A17
LA_E_8668036,1,gsm,A11
LA_E_8668290,1,ulaw,A12
LA_E_8668345,1,g722,A16
LA_E_8668828,1,none,A12
LA_E_8668882,1,g722,A19
LA_E_8668890,1,gsm,A10
LA_E_8669982,0,g722,bonafide
LA_E_8670132,1,none,A14
LA_E_8670194,0,alaw,bonafide
LA_E_8670310,1,opus,A14
LA_E_8671337,1,opus,A12
LA_E_8671543,0,opus,bonafide
LA_E_8671754,1,none,A11
LA_E_8671963,1,pstn,A18
LA_E_8672413,1,ulaw,A15
LA_E_8672618,1,g722,A16
LA_E_8672678,1,gsm,A17
LA_E_8672967,0,g722,bonafide
LA_E_8672970,1,gsm,A17
LA_E_8673239,1,opus,A13
LA_E_8673571,1,gsm,A18
LA_E_8673618,1,ulaw,A09
LA_E_8674234,1,opus,A16
LA_E_8674298,1,opus,A08
LA_E_8674313,1,ulaw,A09
LA_E_8674467,1,opus,A12
LA_E_8674972,1,pstn,A11
LA_E_8675066,1,alaw,A11
LA_E_8675491,1,gsm,A07
LA_E_8675643,1,gsm,A17
LA_E_8675777,1,g722,A16
LA_E_8675929,0,pstn,bonafide
LA_E_8676345,1,ulaw,A07
LA_E_8676461,1,gsm,A14
LA_E_8676933,1,pstn,A14
LA_E_8676940,0,g722,bonafide
LA_E_8677144,1,pstn,A14
LA_E_8678349,1,gsm,A08
LA_E_8679541,0,pstn,bonafide
LA_E_8679694,0,pstn,bonafide
LA_E_8679703,1,alaw,A15
LA_E_8679770,1,alaw,A09
LA_E_8679809,1,gsm,A11
LA_E_8679860,1,alaw,A10
LA_E_8680226,1,g722,A19
LA_E_8681399,1,alaw,A11
LA_E_8681816,1,ulaw,A10
LA_E_8681955,1,gsm,A16
LA_E_8682034,1,none,A09
LA_E_8682142,1,g722,A18
LA_E_8683453,1,pstn,A07
LA_E_8683774,1,none,A15
LA_E_8684602,1,opus,A08
LA_E_8685148,1,g722,A09
LA_E_8685408,1,ulaw,A13
LA_E_8685913,1,opus,A09
LA_E_8685946,1,none,A07
LA_E_8686611,1,pstn,A11
LA_E_8686704,1,ulaw,A16
LA_E_8687039,1,g722,A11
LA_E_8687137,1,pstn,A18
LA_E_8687240,1,pstn,A15
LA_E_8687278,1,none,A13
LA_E_8687481,1,pstn,A19
LA_E_8687749,1,none,A14
LA_E_8687794,1,pstn,A16
LA_E_8687896,1,none,A19
LA_E_8687905,1,g722,A12
LA_E_8688030,1,none,A15
LA_E_8688043,1,pstn,A07
LA_E_8688852,1,none,A14
LA_E_8689040,1,ulaw,A12
LA_E_8689830,1,g722,A14
LA_E_8690374,1,none,A19
LA_E_8690425,1,g722,A16
LA_E_8691246,1,none,A09
LA_E_8691456,1,alaw,A19
LA_E_8691835,0,alaw,bonafide
LA_E_8691980,1,g722,A11
LA_E_8692099,1,pstn,A07
LA_E_8692973,1,none,A08
LA_E_8693005,1,g722,A12
LA_E_8693083,1,ulaw,A13
LA_E_8693223,1,none,A10
LA_E_8694297,1,opus,A11
LA_E_8694875,1,ulaw,A17
LA_E_8694914,1,alaw,A11
LA_E_8695434,1,none,A08
LA_E_8695493,1,none,A14
LA_E_8695815,1,gsm,A08
LA_E_8696177,0,alaw,bonafide
LA_E_8696954,0,g722,bonafide
LA_E_8697123,1,none,A19
LA_E_8697459,1,ulaw,A12
LA_E_8698282,1,g722,A12
LA_E_8698786,0,alaw,bonafide
LA_E_8699121,0,gsm,bonafide
LA_E_8700099,0,gsm,bonafide
LA_E_8700451,1,opus,A10
LA_E_8700536,1,g722,A07
LA_E_8700639,1,g722,A11
LA_E_8701811,1,ulaw,A15
LA_E_8701925,1,ulaw,A19
LA_E_8701983,1,none,A14
LA_E_8702138,1,ulaw,A11
LA_E_8702652,1,opus,A10
LA_E_8702689,1,pstn,A18
LA_E_8702792,1,opus,A18
LA_E_8702852,1,opus,A17
LA_E_8702856,1,alaw,A13
LA_E_8702906,1,none,A12
LA_E_8703069,1,ulaw,A12
LA_E_8703121,1,g722,A11
LA_E_8703275,1,ulaw,A17
LA_E_8703437,1,ulaw,A17
LA_E_8703502,1,gsm,A07
LA_E_8703548,1,none,A13
LA_E_8703923,1,ulaw,A15
LA_E_8704321,1,g722,A10
LA_E_8704955,1,g722,A10
LA_E_8705374,1,ulaw,A13
LA_E_8705555,1,none,A08
LA_E_8705606,1,g722,A15
LA_E_8705612,1,ulaw,A16
LA_E_8705655,1,gsm,A10
LA_E_8705844,1,g722,A12
LA_E_8706206,1,opus,A15
LA_E_8706633,1,opus,A08
LA_E_8706666,1,alaw,A12
LA_E_8706829,1,opus,A18
LA_E_8707099,1,alaw,A17
LA_E_8707442,1,gsm,A13
LA_E_8707649,1,opus,A08
LA_E_8707919,1,gsm,A11
LA_E_8708066,1,gsm,A11
LA_E_8708106,1,gsm,A14
LA_E_8708843,1,alaw,A16
LA_E_8708895,1,g722,A14
LA_E_8709085,1,gsm,A19
LA_E_8709345,1,gsm,A19
LA_E_8709570,1,none,A12
LA_E_8710016,1,opus,A14
LA_E_8710083,1,gsm,A19
LA_E_8710112,1,ulaw,A14
LA_E_8710281,1,g722,A11
LA_E_8710555,1,pstn,A09
LA_E_8710716,1,none,A19
LA_E_8710825,1,alaw,A16
LA_E_8710904,0,opus,bonafide
LA_E_8710964,1,g722,A10
LA_E_8712040,1,pstn,A12
LA_E_8712155,1,pstn,A11
LA_E_8712353,1,alaw,A19
LA_E_8712593,1,alaw,A12
LA_E_8712975,1,alaw,A16
LA_E_8713123,0,none,bonafide
LA_E_8713220,1,alaw,A16
LA_E_8713331,1,gsm,A13
LA_E_8713472,1,alaw,A13
LA_E_8713525,1,pstn,A19
LA_E_8713865,1,pstn,A10
LA_E_8713911,1,g722,A12
LA_E_8714647,1,ulaw,A19
LA_E_8714792,1,g722,A15
LA_E_8715256,1,gsm,A15
LA_E_8715455,1,g722,A15
LA_E_8716131,1,opus,A12
LA_E_8716497,1,none,A14
LA_E_8716679,1,none,A07
LA_E_8716916,0,pstn,bonafide
LA_E_8717095,1,alaw,A17
LA_E_8717627,1,g722,A16
LA_E_8717756,1,g722,A11
LA_E_8717999,1,alaw,A18
LA_E_8718140,1,gsm,A12
LA_E_8718172,0,gsm,bonafide
LA_E_8718289,1,opus,A16
LA_E_8719530,1,ulaw,A19
LA_E_8719569,1,alaw,A19
LA_E_8720018,0,alaw,bonafide
LA_E_8720533,1,pstn,A19
LA_E_8720581,1,opus,A07
LA_E_8720781,1,none,A08
LA_E_8721690,1,opus,A14
LA_E_8721848,1,pstn,A09
LA_E_8721955,1,alaw,A09
LA_E_8722183,1,ulaw,A16
LA_E_8722619,1,gsm,A14
LA_E_8722665,1,alaw,A15
LA_E_8722721,1,pstn,A19
LA_E_8722753,1,g722,A18
LA_E_8723613,1,opus,A14
LA_E_8724067,1,opus,A11
LA_E_8724232,1,g722,A10
LA_E_8724991,1,ulaw,A08
LA_E_8725487,1,gsm,A13
LA_E_8725798,1,opus,A07
LA_E_8726154,1,g722,A15
LA_E_8726293,1,ulaw,A17
LA_E_8726760,1,ulaw,A08
LA_E_8727255,1,opus,A08
LA_E_8727678,1,gsm,A14
LA_E_8727826,1,g722,A10
LA_E_8727836,1,pstn,A13
LA_E_8727844,0,g722,bonafide
LA_E_8728225,1,opus,A14
LA_E_8728595,1,ulaw,A18
LA_E_8729179,1,pstn,A12
LA_E_8729396,1,none,A07
LA_E_8729405,1,none,A11
LA_E_8729789,1,alaw,A16
LA_E_8730086,1,alaw,A16
LA_E_8730430,1,none,A08
LA_E_8730934,1,ulaw,A17
LA_E_8731081,1,pstn,A07
LA_E_8731264,1,alaw,A09
LA_E_8731354,1,pstn,A18
LA_E_8731468,0,gsm,bonafide
LA_E_8731510,1,opus,A09
LA_E_8731726,1,opus,A12
LA_E_8731774,1,alaw,A14
LA_E_8732033,0,ulaw,bonafide
LA_E_8732209,1,none,A09
LA_E_8733107,1,opus,A19
LA_E_8733626,1,alaw,A15
LA_E_8734173,1,g722,A10
LA_E_8734935,1,pstn,A08
LA_E_8735482,0,opus,bonafide
LA_E_8735847,0,gsm,bonafide
LA_E_8737005,1,opus,A16
LA_E_8737171,1,ulaw,A12
LA_E_8737487,1,ulaw,A10
LA_E_8737725,1,pstn,A12
LA_E_8737759,1,pstn,A16
LA_E_8737818,1,g722,A08
LA_E_8737979,1,gsm,A09
LA_E_8738042,1,opus,A09
LA_E_8738281,1,opus,A11
LA_E_8738417,1,gsm,A11
LA_E_8738447,1,alaw,A11
LA_E_8738934,1,alaw,A11
LA_E_8739463,1,g722,A13
LA_E_8739504,1,ulaw,A11
LA_E_8739523,1,opus,A14
LA_E_8739544,1,ulaw,A07
LA_E_8739816,1,opus,A08
LA_E_8739968,1,gsm,A18
LA_E_8740656,1,ulaw,A08
LA_E_8740756,1,pstn,A18
LA_E_8741038,1,opus,A19
LA_E_8741041,1,alaw,A08
LA_E_8741537,1,pstn,A16
LA_E_8742329,1,gsm,A08
LA_E_8742501,1,opus,A19
LA_E_8742511,1,opus,A07
LA_E_8742682,1,ulaw,A12
LA_E_8742771,1,alaw,A09
LA_E_8743219,1,gsm,A11
LA_E_8743718,1,gsm,A10
LA_E_8743724,0,ulaw,bonafide
LA_E_8743827,1,ulaw,A16
LA_E_8743968,1,g722,A19
LA_E_8744001,1,gsm,A14
LA_E_8744040,1,gsm,A13
LA_E_8744264,1,opus,A08
LA_E_8744425,1,alaw,A14
LA_E_8744469,1,none,A19
LA_E_8744481,1,g722,A09
LA_E_8744601,1,alaw,A15
LA_E_8744972,1,opus,A16
LA_E_8745678,1,ulaw,A08
LA_E_8746011,1,none,A09
LA_E_8746308,1,pstn,A08
LA_E_8746622,1,g722,A08
LA_E_8746690,1,opus,A14
LA_E_8746787,1,opus,A17
LA_E_8747312,1,alaw,A14
LA_E_8747459,1,pstn,A16
LA_E_8747616,1,alaw,A12
LA_E_8748059,1,alaw,A08
LA_E_8748068,1,g722,A09
LA_E_8748426,1,pstn,A08
LA_E_8748603,1,opus,A15
LA_E_8748703,1,ulaw,A07
LA_E_8748908,1,alaw,A17
LA_E_8749230,1,pstn,A09
LA_E_8749413,1,pstn,A12
LA_E_8749460,1,gsm,A12
LA_E_8749957,1,g722,A19
LA_E_8750056,1,g722,A07
LA_E_8750516,1,none,A17
LA_E_8750577,1,g722,A10
LA_E_8750775,1,ulaw,A10
LA_E_8751019,0,none,bonafide
LA_E_8751160,1,ulaw,A19
LA_E_8751488,1,opus,A18
LA_E_8752333,0,g722,bonafide
LA_E_8752657,1,g722,A19
LA_E_8752843,1,none,A10
LA_E_8752992,1,gsm,A09
LA_E_8753079,1,ulaw,A17
LA_E_8753317,1,ulaw,A12
LA_E_8753339,1,opus,A16
LA_E_8753398,1,opus,A19
LA_E_8753423,1,gsm,A14
LA_E_8753697,1,alaw,A16
LA_E_8755084,1,pstn,A13
LA_E_8755115,1,opus,A14
LA_E_8755217,1,alaw,A13
LA_E_8755507,1,gsm,A18
LA_E_8755544,0,pstn,bonafide
LA_E_8755595,1,none,A15
LA_E_8756115,1,none,A18
LA_E_8756646,1,alaw,A12
LA_E_8756711,1,pstn,A07
LA_E_8756849,1,g722,A10
LA_E_8756857,1,pstn,A13
LA_E_8756861,0,none,bonafide
LA_E_8756993,1,ulaw,A14
LA_E_8757290,1,none,A10
LA_E_8757374,1,ulaw,A14
LA_E_8757501,1,gsm,A07
LA_E_8757770,1,gsm,A15
LA_E_8758914,1,g722,A08
LA_E_8758924,1,none,A19
LA_E_8759105,0,none,bonafide
LA_E_8759305,1,alaw,A18
LA_E_8759466,0,alaw,bonafide
LA_E_8759479,1,gsm,A07
LA_E_8759756,1,alaw,A16
LA_E_8759844,1,opus,A16
LA_E_8760165,1,opus,A10
LA_E_8760236,1,g722,A12
LA_E_8760901,1,opus,A10
LA_E_8761195,1,gsm,A09
LA_E_8761363,1,opus,A10
LA_E_8761371,0,alaw,bonafide
LA_E_8761497,1,gsm,A11
LA_E_8761786,1,g722,A12
LA_E_8761792,1,alaw,A18
LA_E_8762103,0,opus,bonafide
LA_E_8762970,1,none,A19
LA_E_8763316,1,gsm,A08
LA_E_8763611,1,alaw,A16
LA_E_8763965,1,ulaw,A11
LA_E_8764058,0,opus,bonafide
LA_E_8764113,1,g722,A07
LA_E_8764339,1,none,A12
LA_E_8764755,1,none,A14
LA_E_8765539,1,g722,A15
LA_E_8765853,1,alaw,A18
LA_E_8766301,1,g722,A15
LA_E_8766370,1,pstn,A12
LA_E_8766392,1,gsm,A18
LA_E_8766415,1,opus,A10
LA_E_8766843,1,g722,A18
LA_E_8767111,1,g722,A09
LA_E_8768063,1,none,A10
LA_E_8768350,0,g722,bonafide
LA_E_8768499,1,none,A16
LA_E_8768634,1,none,A18
LA_E_8768876,1,opus,A14
LA_E_8769091,1,opus,A19
LA_E_8769144,1,pstn,A09
LA_E_8770090,1,pstn,A12
LA_E_8770147,1,alaw,A16
LA_E_8770197,1,ulaw,A13
LA_E_8770418,1,alaw,A07
LA_E_8770895,1,gsm,A15
LA_E_8770999,1,pstn,A16
LA_E_8771896,1,pstn,A11
LA_E_8772117,1,none,A17
LA_E_8772740,1,opus,A16
LA_E_8772934,1,ulaw,A07
LA_E_8773214,1,opus,A14
LA_E_8773432,0,g722,bonafide
LA_E_8773970,1,none,A09
LA_E_8774547,0,g722,bonafide
LA_E_8774730,1,opus,A16
LA_E_8775343,1,pstn,A08
LA_E_8775547,1,alaw,A15
LA_E_8775621,1,ulaw,A19
LA_E_8775758,1,gsm,A09
LA_E_8775964,1,pstn,A12
LA_E_8777381,1,g722,A17
LA_E_8777416,0,pstn,bonafide
LA_E_8778462,1,ulaw,A18
LA_E_8778615,1,ulaw,A13
LA_E_8778691,1,none,A09
LA_E_8778703,1,alaw,A08
LA_E_8779810,1,none,A11
LA_E_8779826,1,pstn,A14
LA_E_8780258,1,ulaw,A16
LA_E_8780306,1,pstn,A14
LA_E_8780567,1,none,A11
LA_E_8780677,1,opus,A17
LA_E_8781136,1,g722,A14
LA_E_8781201,1,pstn,A08
LA_E_8781732,1,none,A10
LA_E_8782105,1,g722,A07
LA_E_8782113,0,none,bonafide
LA_E_8782631,0,g722,bonafide
LA_E_8782926,1,gsm,A10
LA_E_8782953,1,g722,A14
LA_E_8783189,1,g722,A14
LA_E_8783396,1,none,A09
LA_E_8783500,0,g722,bonafide
LA_E_8784255,1,g722,A14
LA_E_8784292,0,none,bonafide
LA_E_8784466,1,opus,A12
LA_E_8784669,1,ulaw,A08
LA_E_8785144,1,g722,A18
LA_E_8785258,1,alaw,A14
LA_E_8785906,1,gsm,A13
LA_E_8786174,1,opus,A16
LA_E_8786412,1,gsm,A18
LA_E_8788072,1,g722,A18
LA_E_8788317,1,opus,A16
LA_E_8788487,1,none,A07
LA_E_8788728,1,opus,A11
LA_E_8789503,1,none,A07
LA_E_8790003,1,opus,A10
LA_E_8790007,1,alaw,A11
LA_E_8790457,1,opus,A12
LA_E_8790544,1,ulaw,A12
LA_E_8790578,1,opus,A10
LA_E_8791125,1,g722,A12
LA_E_8791209,1,alaw,A14
LA_E_8791665,1,pstn,A14
LA_E_8791771,1,none,A11
LA_E_8791802,1,g722,A13
LA_E_8791817,1,alaw,A19
LA_E_8792162,0,none,bonafide
LA_E_8792513,1,pstn,A16
LA_E_8792698,1,none,A17
LA_E_8792703,1,alaw,A18
LA_E_8793366,1,pstn,A09
LA_E_8793463,1,none,A08
LA_E_8793493,1,ulaw,A10
LA_E_8794424,1,g722,A07
LA_E_8794701,1,opus,A09
LA_E_8794974,1,opus,A12
LA_E_8795908,1,alaw,A17
LA_E_8796018,0,ulaw,bonafide
LA_E_8796025,1,alaw,A08
LA_E_8796068,0,ulaw,bonafide
LA_E_8796480,1,gsm,A19
LA_E_8796712,1,gsm,A09
LA_E_8796907,1,gsm,A10
LA_E_8797544,1,alaw,A13
LA_E_8797582,1,pstn,A19
LA_E_8798266,0,gsm,bonafide
LA_E_8798290,1,none,A15
LA_E_8798498,1,ulaw,A14
LA_E_8798594,1,gsm,A19
LA_E_8798928,1,none,A09
LA_E_8798994,1,gsm,A14
LA_E_8799388,1,opus,A15
LA_E_8799500,1,alaw,A12
LA_E_8799585,1,ulaw,A10
LA_E_8800154,1,none,A12
LA_E_8800191,1,ulaw,A12
LA_E_8800460,0,opus,bonafide
LA_E_8801989,0,alaw,bonafide
LA_E_8802002,1,g722,A13
LA_E_8802099,1,none,A16
LA_E_8802134,1,alaw,A11
LA_E_8802337,1,ulaw,A12
LA_E_8802352,1,alaw,A10
LA_E_8802413,1,g722,A17
LA_E_8803652,1,opus,A18
LA_E_8803887,1,none,A18
LA_E_8804081,1,gsm,A08
LA_E_8804148,1,g722,A17
LA_E_8804282,1,gsm,A10
LA_E_8804568,1,g722,A07
LA_E_8805290,1,gsm,A17
LA_E_8805336,1,g722,A11
LA_E_8805827,1,alaw,A17
LA_E_8805978,1,ulaw,A12
LA_E_8806050,1,alaw,A12
LA_E_8806283,1,opus,A07
LA_E_8806451,1,gsm,A13
LA_E_8807020,1,ulaw,A15
LA_E_8807202,1,opus,A15
LA_E_8807348,1,gsm,A19
LA_E_8807703,1,pstn,A07
LA_E_8808415,1,gsm,A16
LA_E_8809567,1,none,A11
LA_E_8809863,1,opus,A17
LA_E_8810095,1,none,A10
LA_E_8810682,1,ulaw,A08
LA_E_8811108,1,gsm,A08
LA_E_8811174,0,opus,bonafide
LA_E_8811206,1,gsm,A13
LA_E_8811612,1,opus,A13
LA_E_8811615,1,ulaw,A08
LA_E_8811825,0,ulaw,bonafide
LA_E_8812596,1,g722,A15
LA_E_8812817,1,g722,A15
LA_E_8812823,0,ulaw,bonafide
LA_E_8812855,1,pstn,A09
LA_E_8813169,1,ulaw,A12
LA_E_8813200,1,g722,A14
LA_E_8813505,1,gsm,A14
LA_E_8813716,1,g722,A14
LA_E_8814171,1,ulaw,A18
LA_E_8814617,1,opus,A17
LA_E_8815264,1,alaw,A14
LA_E_8815384,1,ulaw,A13
LA_E_8815401,1,g722,A07
LA_E_8815431,1,pstn,A10
LA_E_8815439,1,alaw,A10
LA_E_8815706,1,pstn,A10
LA_E_8815976,1,ulaw,A18
LA_E_8815997,1,none,A07
LA_E_8816392,1,gsm,A18
LA_E_8816448,1,opus,A11
LA_E_8816480,1,ulaw,A19
LA_E_8816999,1,ulaw,A13
LA_E_8817392,1,ulaw,A19
LA_E_8817489,1,g722,A17
LA_E_8817542,1,pstn,A07
LA_E_8818100,1,opus,A08
LA_E_8818230,0,ulaw,bonafide
LA_E_8818709,1,none,A13
LA_E_8818733,1,ulaw,A16
LA_E_8818850,1,ulaw,A13
LA_E_8818963,1,gsm,A11
LA_E_8818973,1,ulaw,A07
LA_E_8819073,1,alaw,A17
LA_E_8819597,1,pstn,A13
LA_E_8820345,1,opus,A19
LA_E_8820499,1,ulaw,A15
LA_E_8820553,1,pstn,A13
LA_E_8820703,1,pstn,A07
LA_E_8820763,1,pstn,A12
LA_E_8821474,1,gsm,A19
LA_E_8821611,1,gsm,A10
LA_E_8821613,0,gsm,bonafide
LA_E_8822051,1,none,A12
LA_E_8822213,1,ulaw,A14
LA_E_8822752,1,g722,A11
LA_E_8823133,1,pstn,A12
LA_E_8823583,1,gsm,A09
LA_E_8823652,1,alaw,A09
LA_E_8823988,1,ulaw,A18
LA_E_8824541,1,g722,A08
LA_E_8824662,1,none,A15
LA_E_8824776,1,alaw,A17
LA_E_8825210,1,opus,A14
LA_E_8825267,1,alaw,A08
LA_E_8825834,1,gsm,A17
LA_E_8826335,1,opus,A19
LA_E_8826366,1,gsm,A08
LA_E_8826674,0,none,bonafide
LA_E_8826718,1,opus,A09
LA_E_8826838,1,alaw,A08
LA_E_8827166,1,pstn,A18
LA_E_8827320,1,g722,A08
LA_E_8828105,1,pstn,A14
LA_E_8828160,1,opus,A11
LA_E_8828623,1,ulaw,A08
LA_E_8828976,1,alaw,A10
LA_E_8829129,1,none,A18
LA_E_8830069,0,ulaw,bonafide
LA_E_8830202,1,gsm,A18
LA_E_8830365,1,pstn,A18
LA_E_8830401,0,opus,bonafide
LA_E_8830411,0,none,bonafide
LA_E_8830441,1,pstn,A08
LA_E_8830748,1,gsm,A11
LA_E_8831491,1,pstn,A08
LA_E_8831868,1,g722,A13
LA_E_8831900,1,opus,A19
LA_E_8832110,1,opus,A13
LA_E_8832400,1,opus,A11
LA_E_8832514,1,opus,A10
LA_E_8832710,1,ulaw,A07
LA_E_8833081,1,g722,A17
LA_E_8833948,1,gsm,A17
LA_E_8834025,1,gsm,A08
LA_E_8834232,1,gsm,A08
LA_E_8834369,1,g722,A12
LA_E_8834621,1,none,A15
LA_E_8834983,1,none,A15
LA_E_8835406,1,gsm,A09
LA_E_8836190,1,pstn,A18
LA_E_8837495,1,ulaw,A16
LA_E_8837854,1,g722,A12
LA_E_8838381,1,none,A18
LA_E_8838389,1,ulaw,A11
LA_E_8838533,1,ulaw,A13
LA_E_8838841,1,opus,A11
LA_E_8838983,1,g722,A19
LA_E_8839929,1,none,A16
LA_E_8839968,1,gsm,A14
LA_E_8840067,1,ulaw,A10
LA_E_8840285,1,g722,A19
LA_E_8840325,1,ulaw,A15
LA_E_8840571,1,none,A15
LA_E_8840747,1,opus,A18
LA_E_8840777,1,gsm,A10
LA_E_8841027,1,g722,A18
LA_E_8841088,1,pstn,A17
LA_E_8841480,1,pstn,A16
LA_E_8841756,0,none,bonafide
LA_E_8842058,1,alaw,A10
LA_E_8842269,1,ulaw,A19
LA_E_8842777,1,alaw,A08
LA_E_8843515,1,none,A13
LA_E_8843904,1,pstn,A10
LA_E_8844145,1,gsm,A12
LA_E_8844179,1,opus,A11
LA_E_8844506,1,pstn,A19
LA_E_8844724,1,pstn,A19
LA_E_8845158,1,none,A13
LA_E_8845209,1,pstn,A17
LA_E_8845415,1,alaw,A07
LA_E_8845416,1,opus,A15
LA_E_8845477,1,pstn,A09
LA_E_8845860,1,gsm,A14
LA_E_8846331,1,alaw,A16
LA_E_8846923,0,pstn,bonafide
LA_E_8847282,1,pstn,A19
LA_E_8848306,1,gsm,A16
LA_E_8848366,1,alaw,A16
LA_E_8848538,1,pstn,A14
LA_E_8849491,1,none,A07
LA_E_8849560,1,g722,A16
LA_E_8849627,1,alaw,A14
LA_E_8849773,1,none,A10
LA_E_8849812,1,gsm,A12
LA_E_8849858,1,alaw,A16
LA_E_8850255,1,g722,A10
LA_E_8850384,1,opus,A08
LA_E_8850511,1,ulaw,A08
LA_E_8850735,1,pstn,A16
LA_E_8850959,1,gsm,A13
LA_E_8851885,1,g722,A17
LA_E_8852244,1,pstn,A15
LA_E_8852400,1,gsm,A11
LA_E_8853169,1,opus,A10
LA_E_8853429,1,none,A13
LA_E_8853577,1,opus,A09
LA_E_8853648,1,alaw,A16
LA_E_8853729,1,gsm,A17
LA_E_8853809,1,g722,A10
LA_E_8853901,1,ulaw,A07
LA_E_8854085,1,ulaw,A15
LA_E_8854179,1,pstn,A17
LA_E_8854185,0,pstn,bonafide
LA_E_8854357,1,none,A18
LA_E_8854722,1,ulaw,A11
LA_E_8855099,1,none,A15
LA_E_8855253,1,none,A11
LA_E_8855327,1,gsm,A09
LA_E_8855353,1,g722,A13
LA_E_8855431,1,ulaw,A08
LA_E_8855518,1,gsm,A18
LA_E_8855888,1,g722,A16
LA_E_8855957,1,g722,A17
LA_E_8856887,1,gsm,A12
LA_E_8856922,1,none,A10
LA_E_8856950,1,ulaw,A11
LA_E_8857195,1,none,A18
LA_E_8858421,1,gsm,A18
LA_E_8858434,1,pstn,A15
LA_E_8859214,1,g722,A12
LA_E_8859298,0,opus,bonafide
LA_E_8859342,0,g722,bonafide
LA_E_8859590,1,pstn,A12
LA_E_8859983,1,ulaw,A07
LA_E_8860305,1,g722,A10
LA_E_8860961,1,opus,A08
LA_E_8861034,1,pstn,A16
LA_E_8861372,0,gsm,bonafide
LA_E_8861559,1,alaw,A07
LA_E_8861859,1,ulaw,A08
LA_E_8862083,1,alaw,A17
LA_E_8862096,0,ulaw,bonafide
LA_E_8862419,1,pstn,A17
LA_E_8862536,1,alaw,A07
LA_E_8863206,1,opus,A10
LA_E_8863273,1,pstn,A14
LA_E_8863551,1,ulaw,A13
LA_E_8863861,1,none,A10
LA_E_8863904,1,ulaw,A12
LA_E_8864369,1,opus,A17
LA_E_8864390,0,opus,bonafide
LA_E_8864412,1,pstn,A17
LA_E_8864514,1,gsm,A11
LA_E_8864723,1,pstn,A12
LA_E_8864728,1,gsm,A11
LA_E_8864868,1,g722,A19
LA_E_8864904,1,alaw,A09
LA_E_8865191,1,g722,A12
LA_E_8865371,1,alaw,A12
LA_E_8865424,1,gsm,A15
LA_E_8865786,1,ulaw,A18
LA_E_8865798,0,ulaw,bonafide
LA_E_8865842,1,alaw,A12
LA_E_8866158,1,alaw,A13
LA_E_8866195,1,ulaw,A09
LA_E_8866260,1,ulaw,A15
LA_E_8866261,1,ulaw,A07
LA_E_8866474,1,alaw,A15
LA_E_8866905,1,g722,A18
LA_E_8867027,0,ulaw,bonafide
LA_E_8867090,1,pstn,A14
LA_E_8867524,1,g722,A10
LA_E_8867605,1,pstn,A16
LA_E_8867795,1,ulaw,A08
LA_E_8868046,1,none,A15
LA_E_8868230,1,pstn,A09
LA_E_8868237,1,gsm,A09
LA_E_8868499,1,alaw,A07
LA_E_8868861,1,gsm,A18
LA_E_8868887,1,gsm,A07
LA_E_8868935,1,gsm,A11
LA_E_8869200,1,opus,A07
LA_E_8869215,1,alaw,A12
LA_E_8869301,1,ulaw,A14
LA_E_8869987,0,opus,bonafide
LA_E_8870647,1,alaw,A11
LA_E_8870654,1,pstn,A08
LA_E_8871123,0,g722,bonafide
LA_E_8871204,1,none,A16
LA_E_8871287,1,ulaw,A10
LA_E_8871297,1,none,A16
LA_E_8871395,1,gsm,A12
LA_E_8871528,1,alaw,A13
LA_E_8871656,1,opus,A07
LA_E_8871785,1,none,A14
LA_E_8872119,1,none,A13
LA_E_8873301,1,pstn,A18
LA_E_8874585,0,ulaw,bonafide
LA_E_8875047,1,pstn,A18
LA_E_8875508,1,none,A14
LA_E_8875784,1,gsm,A16
LA_E_8876361,1,g722,A14
LA_E_8877309,1,g722,A07
LA_E_8877332,1,gsm,A16
LA_E_8877379,1,opus,A17
LA_E_8877475,1,none,A11
LA_E_8877599,1,opus,A18
LA_E_8878238,0,alaw,bonafide
LA_E_8878358,1,alaw,A14
LA_E_8878416,1,pstn,A16
LA_E_8878707,1,opus,A15
LA_E_8878938,1,gsm,A09
LA_E_8878962,1,ulaw,A18
LA_E_8879047,1,none,A17
LA_E_8879326,1,alaw,A08
LA_E_8879417,1,gsm,A08
LA_E_8879513,1,opus,A07
LA_E_8879836,1,ulaw,A08
LA_E_8880348,0,gsm,bonafide
LA_E_8880376,1,alaw,A12
LA_E_8880525,1,none,A19
LA_E_8880588,1,gsm,A14
LA_E_8880670,1,gsm,A15
LA_E_8880690,1,ulaw,A12
LA_E_8881192,1,gsm,A14
LA_E_8881661,1,gsm,A18
LA_E_8882037,1,none,A08
LA_E_8882415,0,gsm,bonafide
LA_E_8882878,1,none,A19
LA_E_8883003,1,alaw,A13
LA_E_8883139,1,gsm,A15
LA_E_8883253,1,gsm,A09
LA_E_8883511,0,alaw,bonafide
LA_E_8883518,1,g722,A14
LA_E_8883619,1,g722,A09
LA_E_8883961,1,g722,A16
LA_E_8884035,1,gsm,A16
LA_E_8884072,1,opus,A15
LA_E_8884170,1,none,A09
LA_E_8884188,0,pstn,bonafide
LA_E_8884437,1,g722,A09
LA_E_8884493,1,g722,A18
LA_E_8884962,1,g722,A11
LA_E_8885212,1,pstn,A13
LA_E_8885631,1,opus,A07
LA_E_8885854,1,g722,A12
LA_E_8886035,0,alaw,bonafide
LA_E_8886969,1,pstn,A15
LA_E_8887374,1,ulaw,A10
LA_E_8887482,1,none,A07
LA_E_8887758,1,none,A08
LA_E_8887958,1,g722,A18
LA_E_8888082,1,none,A17
LA_E_8888582,1,g722,A07
LA_E_8888954,1,alaw,A11
LA_E_8889299,1,opus,A08
LA_E_8889366,0,gsm,bonafide
LA_E_8889558,1,g722,A14
LA_E_8889615,1,g722,A13
LA_E_8890337,1,gsm,A16
LA_E_8891449,1,alaw,A14
LA_E_8891594,0,ulaw,bonafide
LA_E_8892007,1,ulaw,A14
LA_E_8892669,1,none,A10
LA_E_8892728,1,g722,A11
LA_E_8892829,1,gsm,A10
LA_E_8893871,1,alaw,A17
LA_E_8894096,1,ulaw,A07
LA_E_8894227,0,opus,bonafide
LA_E_8894234,1,g722,A17
LA_E_8894404,1,ulaw,A14
LA_E_8895084,1,pstn,A13
LA_E_8895098,1,none,A10
LA_E_8895257,1,opus,A18
LA_E_8896135,1,pstn,A10
LA_E_8896230,1,gsm,A09
LA_E_8896604,1,gsm,A14
LA_E_8896969,1,opus,A16
LA_E_8897355,1,gsm,A13
LA_E_8897458,1,g722,A11
LA_E_8897543,1,ulaw,A08
LA_E_8898509,0,g722,bonafide
LA_E_8898748,1,pstn,A17
LA_E_8898957,1,ulaw,A07
LA_E_8899319,1,opus,A08
LA_E_8899814,1,pstn,A17
LA_E_8900015,1,alaw,A19
LA_E_8900595,1,g722,A14
LA_E_8900801,1,gsm,A08
LA_E_8900886,1,ulaw,A07
LA_E_8901048,1,none,A07
LA_E_8901188,1,none,A18
LA_E_8901315,1,g722,A10
LA_E_8901889,1,opus,A16
LA_E_8901979,1,gsm,A18
LA_E_8902695,1,pstn,A16
LA_E_8902827,1,alaw,A14
LA_E_8903157,1,ulaw,A12
LA_E_8903163,1,ulaw,A16
LA_E_8903710,1,none,A13
LA_E_8903870,1,none,A12
LA_E_8904080,1,ulaw,A18
LA_E_8904311,1,alaw,A11
LA_E_8904729,1,alaw,A10
LA_E_8904896,1,opus,A08
LA_E_8905283,1,gsm,A13
LA_E_8905742,1,pstn,A19
LA_E_8906190,1,none,A09
LA_E_8906777,1,ulaw,A11
LA_E_8907542,1,opus,A15
LA_E_8907843,1,gsm,A07
LA_E_8908050,1,g722,A08
LA_E_8908212,1,ulaw,A18
LA_E_8908294,0,opus,bonafide
LA_E_8908656,1,opus,A12
LA_E_8908673,1,alaw,A19
LA_E_8909222,1,opus,A08
LA_E_8909319,1,pstn,A07
LA_E_8909349,1,ulaw,A09
LA_E_8909656,1,opus,A17
LA_E_8909981,1,opus,A17
LA_E_8910184,1,gsm,A12
LA_E_8910366,1,gsm,A12
LA_E_8910429,1,g722,A08
LA_E_8911574,1,gsm,A16
LA_E_8911609,1,ulaw,A17
LA_E_8911825,1,gsm,A08
LA_E_8912363,0,pstn,bonafide
LA_E_8912466,1,gsm,A17
LA_E_8912607,0,alaw,bonafide
LA_E_8912639,1,gsm,A19
LA_E_8912767,1,alaw,A13
LA_E_8912818,1,none,A14
LA_E_8913028,1,none,A18
LA_E_8913249,1,none,A17
LA_E_8913299,1,gsm,A15
LA_E_8913340,1,gsm,A07
LA_E_8913977,1,none,A07
LA_E_8914204,1,opus,A18
LA_E_8914794,1,g722,A13
LA_E_8914851,1,gsm,A09
LA_E_8915003,1,alaw,A08
LA_E_8915040,1,gsm,A12
LA_E_8915148,1,pstn,A17
LA_E_8915203,1,gsm,A19
LA_E_8915258,1,gsm,A09
LA_E_8915586,1,gsm,A18
LA_E_8915710,1,none,A08
LA_E_8916077,1,none,A17
LA_E_8916081,1,pstn,A10
LA_E_8916251,1,opus,A16
LA_E_8916398,1,ulaw,A18
LA_E_8916757,1,g722,A17
LA_E_8916864,1,none,A19
LA_E_8916879,1,pstn,A19
LA_E_8916917,1,ulaw,A18
LA_E_8917454,1,pstn,A14
LA_E_8917825,1,none,A18
LA_E_8918526,1,g722,A08
LA_E_8918565,1,alaw,A11
LA_E_8918571,1,pstn,A12
LA_E_8918798,1,opus,A18
LA_E_8919786,1,opus,A16
LA_E_8920255,1,gsm,A16
LA_E_8920637,1,opus,A19
LA_E_8920747,1,none,A13
LA_E_8920772,1,ulaw,A08
LA_E_8920873,1,none,A08
LA_E_8921022,1,ulaw,A15
LA_E_8921058,1,g722,A09
LA_E_8921114,1,none,A11
LA_E_8921199,1,g722,A10
LA_E_8921538,1,pstn,A08
LA_E_8921595,1,pstn,A12
LA_E_8921877,1,alaw,A12
LA_E_8921910,1,ulaw,A09
LA_E_8922228,1,pstn,A16
LA_E_8922553,1,pstn,A11
LA_E_8923646,1,none,A12
LA_E_8923838,1,gsm,A10
LA_E_8924064,1,opus,A07
LA_E_8924413,1,gsm,A11
LA_E_8924910,1,gsm,A18
LA_E_8925058,1,alaw,A18
LA_E_8925151,1,gsm,A10
LA_E_8925373,1,gsm,A07
LA_E_8925416,1,opus,A11
LA_E_8925653,1,alaw,A18
LA_E_8926309,1,alaw,A10
LA_E_8926579,1,pstn,A13
LA_E_8927569,1,gsm,A16
LA_E_8927937,1,alaw,A19
LA_E_8928413,1,ulaw,A17
LA_E_8928618,1,alaw,A16
LA_E_8928661,1,alaw,A18
LA_E_8928730,1,alaw,A07
LA_E_8929529,1,alaw,A07
LA_E_8929572,1,pstn,A14
LA_E_8929972,1,none,A13
LA_E_8930659,1,none,A17
LA_E_8930884,1,alaw,A11
LA_E_8931256,1,g722,A15
LA_E_8931377,1,alaw,A09
LA_E_8931669,1,ulaw,A13
LA_E_8931707,1,none,A15
LA_E_8931824,1,opus,A16
LA_E_8932704,1,opus,A13
LA_E_8932732,1,ulaw,A15
LA_E_8932975,1,pstn,A18
LA_E_8933195,1,g722,A10
LA_E_8933374,1,alaw,A18
LA_E_8933402,1,gsm,A08
LA_E_8933504,1,gsm,A09
LA_E_8933684,1,g722,A07
LA_E_8933783,1,g722,A11
LA_E_8934023,1,alaw,A12
LA_E_8934440,1,none,A15
LA_E_8934561,1,gsm,A13
LA_E_8934987,1,opus,A11
LA_E_8935128,1,opus,A11
LA_E_8935160,1,none,A14
LA_E_8935294,1,alaw,A17
LA_E_8935930,1,none,A14
LA_E_8936193,1,g722,A19
LA_E_8936401,1,pstn,A09
LA_E_8936675,1,pstn,A12
LA_E_8936726,1,opus,A17
LA_E_8936948,1,none,A15
LA_E_8936978,1,gsm,A09
LA_E_8937279,1,alaw,A17
LA_E_8937579,1,none,A16
LA_E_8937922,1,opus,A18
LA_E_8938094,1,g722,A16
LA_E_8938253,0,ulaw,bonafide
LA_E_8938826,1,opus,A19
LA_E_8939187,1,ulaw,A17
LA_E_8939327,1,pstn,A08
LA_E_8939500,0,opus,bonafide
LA_E_8939965,1,ulaw,A16
LA_E_8940252,1,opus,A08
LA_E_8940377,1,opus,A12
LA_E_8940469,1,alaw,A16
LA_E_8940574,1,none,A15
LA_E_8940733,1,g722,A19
LA_E_8941117,1,opus,A14
LA_E_8941139,1,alaw,A16
LA_E_8941283,1,opus,A12
LA_E_8941308,0,ulaw,bonafide
LA_E_8941316,1,none,A10
LA_E_8942059,1,opus,A08
LA_E_8942393,1,opus,A10
LA_E_8942535,0,pstn,bonafide
LA_E_8943210,1,gsm,A14
LA_E_8943282,1,none,A13
LA_E_8943503,1,pstn,A07
LA_E_8943944,1,gsm,A12
LA_E_8944478,1,pstn,A08
LA_E_8944747,1,g722,A10
LA_E_8945004,1,alaw,A08
LA_E_8945289,1,ulaw,A14
LA_E_8946156,1,g722,A09
LA_E_8946747,1,g722,A16
LA_E_8947065,1,pstn,A16
LA_E_8947302,1,pstn,A08
LA_E_8947304,1,pstn,A13
LA_E_8947348,1,alaw,A14
LA_E_8947404,1,opus,A18
LA_E_8947567,1,pstn,A07
LA_E_8947610,1,alaw,A09
LA_E_8947829,1,gsm,A10
LA_E_8947948,1,pstn,A11
LA_E_8948383,1,ulaw,A14
LA_E_8948656,1,opus,A11
LA_E_8948774,1,opus,A16
LA_E_8948787,1,pstn,A18
LA_E_8949051,0,none,bonafide
LA_E_8949465,1,gsm,A16
LA_E_8949753,1,gsm,A13
LA_E_8949974,1,alaw,A09
LA_E_8950028,1,opus,A19
LA_E_8950308,1,alaw,A14
LA_E_8950511,1,opus,A17
LA_E_8951420,1,pstn,A10
LA_E_8951574,1,opus,A17
LA_E_8952202,1,alaw,A18
LA_E_8952438,0,opus,bonafide
LA_E_8953867,1,gsm,A09
LA_E_8953911,0,alaw,bonafide
LA_E_8954904,1,none,A14
LA_E_8955211,1,alaw,A18
LA_E_8955984,0,opus,bonafide
LA_E_8956135,1,opus,A11
LA_E_8957287,1,alaw,A18
LA_E_8957377,1,gsm,A17
LA_E_8957910,1,pstn,A15
LA_E_8957995,1,none,A10
LA_E_8958154,1,ulaw,A18
LA_E_8958277,1,gsm,A19
LA_E_8959115,1,opus,A11
LA_E_8959226,1,ulaw,A13
LA_E_8959336,1,none,A11
LA_E_8959345,1,pstn,A15
LA_E_8959423,0,gsm,bonafide
LA_E_8959503,1,g722,A08
LA_E_8959522,0,pstn,bonafide
LA_E_8959621,1,g722,A11
LA_E_8959814,1,gsm,A08
LA_E_8959861,1,opus,A13
LA_E_8960180,1,ulaw,A09
LA_E_8960444,1,gsm,A19
LA_E_8961114,1,pstn,A19
LA_E_8961530,1,g722,A14
LA_E_8961832,0,gsm,bonafide
LA_E_8963340,1,g722,A11
LA_E_8963584,1,gsm,A13
LA_E_8963603,1,none,A14
LA_E_8963624,1,pstn,A10
LA_E_8963822,1,g722,A12
LA_E_8964190,1,none,A07
LA_E_8964414,1,alaw,A14
LA_E_8965345,1,alaw,A12
LA_E_8965747,1,ulaw,A16
LA_E_8965758,1,gsm,A13
LA_E_8966038,1,g722,A11
LA_E_8966658,1,none,A11
LA_E_8966946,1,gsm,A08
LA_E_8966988,1,pstn,A15
LA_E_8967020,1,g722,A14
LA_E_8967117,1,opus,A15
LA_E_8967349,1,opus,A18
LA_E_8967429,1,ulaw,A18
LA_E_8967492,1,none,A07
LA_E_8967544,1,pstn,A19
LA_E_8967764,1,pstn,A19
LA_E_8967977,1,alaw,A15
LA_E_8967993,1,g722,A08
LA_E_8968087,1,gsm,A09
LA_E_8968173,1,opus,A13
LA_E_8968839,1,none,A08
LA_E_8969022,0,gsm,bonafide
LA_E_8969146,1,ulaw,A14
LA_E_8969440,1,g722,A14
LA_E_8969750,1,opus,A13
LA_E_8970199,0,gsm,bonafide
LA_E_8970389,0,g722,bonafide
LA_E_8970469,1,g722,A09
LA_E_8970484,1,gsm,A19
LA_E_8970610,1,ulaw,A16
LA_E_8970915,1,ulaw,A07
LA_E_8971254,1,gsm,A17
LA_E_8971753,0,g722,bonafide
LA_E_8972493,1,opus,A15
LA_E_8972519,1,ulaw,A10
LA_E_8973142,1,opus,A13
LA_E_8973178,1,opus,A07
LA_E_8973879,1,none,A09
LA_E_8974695,1,opus,A17
LA_E_8975188,1,gsm,A08
LA_E_8975237,1,ulaw,A15
LA_E_8975742,0,alaw,bonafide
LA_E_8975820,1,g722,A17
LA_E_8975972,1,g722,A11
LA_E_8976003,1,opus,A07
LA_E_8976066,1,none,A15
LA_E_8976273,1,gsm,A10
LA_E_8976423,1,pstn,A09
LA_E_8976752,1,ulaw,A07
LA_E_8976782,1,ulaw,A18
LA_E_8976991,1,g722,A14
LA_E_8976992,1,opus,A19
LA_E_8977071,1,none,A07
LA_E_8977099,1,ulaw,A15
LA_E_8977170,1,opus,A13
LA_E_8977338,1,opus,A09
LA_E_8977421,1,opus,A19
LA_E_8977527,1,alaw,A15
LA_E_8978234,1,gsm,A09
LA_E_8978441,1,opus,A18
LA_E_8979209,1,g722,A12
LA_E_8979524,1,ulaw,A10
LA_E_8980017,1,alaw,A12
LA_E_8980183,1,gsm,A19
LA_E_8980524,1,g722,A12
LA_E_8980606,1,pstn,A08
LA_E_8981541,1,alaw,A10
LA_E_8981547,1,pstn,A12
LA_E_8981752,1,g722,A15
LA_E_8981908,1,none,A09
LA_E_8982042,1,ulaw,A08
LA_E_8982255,1,alaw,A10
LA_E_8982437,0,gsm,bonafide
LA_E_8983004,1,alaw,A14
LA_E_8983039,1,none,A14
LA_E_8983501,1,gsm,A14
LA_E_8984025,1,pstn,A12
LA_E_8984099,1,g722,A12
LA_E_8984435,1,gsm,A12
LA_E_8984812,1,g722,A15
LA_E_8984868,1,none,A13
LA_E_8985003,1,g722,A16
LA_E_8985155,1,g722,A16
LA_E_8986303,1,g722,A09
LA_E_8986338,1,g722,A12
LA_E_8986418,1,pstn,A12
LA_E_8986516,1,alaw,A11
LA_E_8986532,1,pstn,A12
LA_E_8986628,1,g722,A09
LA_E_8987342,1,gsm,A19
LA_E_8987525,0,gsm,bonafide
LA_E_8988491,1,opus,A08
LA_E_8988558,1,alaw,A12
LA_E_8988906,1,g722,A10
LA_E_8989094,1,pstn,A09
LA_E_8989250,1,ulaw,A12
LA_E_8989399,1,ulaw,A12
LA_E_8989717,1,gsm,A08
LA_E_8990153,1,opus,A11
LA_E_8990863,1,g722,A09
LA_E_8991216,1,pstn,A10
LA_E_8991263,1,none,A16
LA_E_8991612,1,ulaw,A13
LA_E_8991765,1,ulaw,A10
LA_E_8991861,1,g722,A13
LA_E_8992050,1,g722,A13
LA_E_8992326,1,gsm,A17
LA_E_8992963,1,g722,A09
LA_E_8993166,1,pstn,A12
LA_E_8993457,1,ulaw,A10
LA_E_8993774,1,alaw,A09
LA_E_8993805,1,opus,A10
LA_E_8993853,1,pstn,A11
LA_E_8993976,1,opus,A13
LA_E_8994135,1,gsm,A11
LA_E_8994152,1,ulaw,A11
LA_E_8994418,1,alaw,A13
LA_E_8994458,1,gsm,A14
LA_E_8994597,1,alaw,A18
LA_E_8995177,1,alaw,A15
LA_E_8995481,1,pstn,A15
LA_E_8996023,1,opus,A13
LA_E_8996568,1,gsm,A11
LA_E_8997215,1,gsm,A13
LA_E_8997226,1,ulaw,A18
LA_E_8997503,1,pstn,A16
LA_E_8997781,1,g722,A16
LA_E_8998045,1,pstn,A13
LA_E_8998210,1,pstn,A16
LA_E_8998215,1,gsm,A13
LA_E_8998256,1,alaw,A18
LA_E_8998350,1,gsm,A17
LA_E_8998545,1,opus,A15
LA_E_8998640,1,opus,A10
LA_E_8998730,1,opus,A19
LA_E_8999250,0,gsm,bonafide
LA_E_9000013,1,gsm,A17
LA_E_9000326,1,opus,A09
LA_E_9000471,1,opus,A10
LA_E_9000611,1,opus,A19
LA_E_9001152,1,alaw,A13
LA_E_9001281,1,ulaw,A10
LA_E_9001665,1,alaw,A18
LA_E_9001733,1,gsm,A14
LA_E_9001771,1,none,A11
LA_E_9001808,1,opus,A10
LA_E_9001838,1,gsm,A16
LA_E_9002541,1,g722,A14
LA_E_9002904,1,gsm,A16
LA_E_9002941,1,ulaw,A10
LA_E_9003301,1,alaw,A13
LA_E_9003638,1,pstn,A07
LA_E_9004027,0,ulaw,bonafide
LA_E_9004353,1,gsm,A09
LA_E_9004487,1,gsm,A18
LA_E_9004602,1,none,A16
LA_E_9004962,1,none,A15
LA_E_9005379,1,gsm,A11
LA_E_9005448,1,pstn,A13
LA_E_9005459,1,opus,A09
LA_E_9005496,1,opus,A09
LA_E_9005967,1,alaw,A08
LA_E_9006000,1,g722,A08
LA_E_9006062,1,opus,A10
LA_E_9006227,1,pstn,A08
LA_E_9006233,1,opus,A14
LA_E_9006294,1,opus,A13
LA_E_9006931,1,pstn,A10
LA_E_9007167,1,g722,A18
LA_E_9007459,1,ulaw,A12
LA_E_9008009,1,gsm,A14
LA_E_9008171,1,opus,A09
LA_E_9008175,1,gsm,A12
LA_E_9008440,1,alaw,A10
LA_E_9008858,1,opus,A17
LA_E_9009203,1,ulaw,A13
LA_E_9009455,1,gsm,A10
LA_E_9010445,1,gsm,A10
LA_E_9011092,1,g722,A08
LA_E_9011236,1,opus,A14
LA_E_9011565,1,ulaw,A16
LA_E_9011687,1,alaw,A08
LA_E_9011911,1,opus,A15
LA_E_9011954,1,gsm,A10
LA_E_9012109,1,none,A08
LA_E_9012228,1,ulaw,A14
LA_E_9012616,1,gsm,A18
LA_E_9012739,1,g722,A08
LA_E_9013007,1,pstn,A17
LA_E_9013154,1,pstn,A19
LA_E_9013238,1,ulaw,A11
LA_E_9013488,1,g722,A15
LA_E_9013621,1,alaw,A09
LA_E_9013883,1,ulaw,A15
LA_E_9014282,1,ulaw,A08
LA_E_9014554,1,gsm,A10
LA_E_9015338,0,pstn,bonafide
LA_E_9015877,1,none,A12
LA_E_9016152,1,alaw,A19
LA_E_9016236,1,none,A15
LA_E_9016319,1,gsm,A12
LA_E_9016484,1,opus,A09
LA_E_9016501,1,pstn,A19
LA_E_9016745,0,gsm,bonafide
LA_E_9017718,1,none,A15
LA_E_9018228,1,g722,A07
LA_E_9019294,1,alaw,A08
LA_E_9019477,1,ulaw,A16
LA_E_9019759,1,opus,A09
LA_E_9019774,1,opus,A12
LA_E_9019865,1,alaw,A19
LA_E_9019895,1,none,A09
LA_E_9020029,1,pstn,A08
LA_E_9020162,1,alaw,A08
LA_E_9020572,1,gsm,A19
LA_E_9021500,1,pstn,A10
LA_E_9021692,1,gsm,A16
LA_E_9021933,1,none,A19
LA_E_9022334,1,g722,A13
LA_E_9022447,1,opus,A15
LA_E_9022590,0,opus,bonafide
LA_E_9022642,1,ulaw,A08
LA_E_9022845,1,alaw,A08
LA_E_9023724,1,pstn,A17
LA_E_9023963,1,ulaw,A17
LA_E_9024167,1,gsm,A18
LA_E_9024264,1,pstn,A07
LA_E_9024408,1,gsm,A18
LA_E_9024705,1,pstn,A10
LA_E_9024939,1,pstn,A18
LA_E_9025239,0,opus,bonafide
LA_E_9025272,1,none,A11
LA_E_9025465,0,g722,bonafide
LA_E_9026870,1,alaw,A09
LA_E_9026970,1,gsm,A08
LA_E_9027652,1,none,A07
LA_E_9028564,1,ulaw,A10
LA_E_9028693,1,g722,A10
LA_E_9028771,1,alaw,A09
LA_E_9029663,1,alaw,A09
LA_E_9029664,1,gsm,A16
LA_E_9029812,1,opus,A08
LA_E_9030031,1,g722,A14
LA_E_9030185,1,ulaw,A19
LA_E_9030236,0,ulaw,bonafide
LA_E_9031922,1,gsm,A10
LA_E_9031956,0,gsm,bonafide
LA_E_9031969,1,pstn,A19
LA_E_9032301,1,gsm,A13
LA_E_9033053,1,alaw,A07
LA_E_9033471,1,gsm,A11
LA_E_9033862,1,g722,A14
LA_E_9033958,1,alaw,A14
LA_E_9034138,1,pstn,A19
LA_E_9034167,1,gsm,A14
LA_E_9034511,0,g722,bonafide
LA_E_9034548,1,pstn,A11
LA_E_9034585,1,alaw,A07
LA_E_9034641,1,g722,A12
LA_E_9034669,1,ulaw,A17
LA_E_9035996,1,opus,A19
LA_E_9036123,1,gsm,A09
LA_E_9036438,1,opus,A19
LA_E_9036526,1,none,A07
LA_E_9037040,0,ulaw,bonafide
LA_E_9037373,1,none,A16
LA_E_9037902,1,gsm,A13
LA_E_9038190,1,ulaw,A10
LA_E_9038379,1,none,A09
LA_E_9038458,1,none,A19
LA_E_9039532,1,pstn,A14
LA_E_9039558,1,ulaw,A19
LA_E_9040435,1,pstn,A19
LA_E_9040733,1,g722,A07
LA_E_9041352,1,g722,A17
LA_E_9041392,1,ulaw,A07
LA_E_9041624,1,alaw,A07
LA_E_9041727,1,pstn,A16
LA_E_9041755,1,opus,A11
LA_E_9041879,1,ulaw,A08
LA_E_9042198,0,pstn,bonafide
LA_E_9042456,1,gsm,A17
LA_E_9042460,1,gsm,A16
LA_E_9042614,1,ulaw,A08
LA_E_9042645,1,gsm,A10
LA_E_9042961,1,pstn,A16
LA_E_9044025,1,pstn,A12
LA_E_9044323,1,ulaw,A12
LA_E_9044542,1,opus,A15
LA_E_9044755,1,alaw,A11
LA_E_9045062,1,opus,A14
LA_E_9045657,1,ulaw,A13
LA_E_9045668,1,alaw,A13
LA_E_9045785,0,none,bonafide
LA_E_9046265,1,opus,A09
LA_E_9046447,1,opus,A15
LA_E_9046765,1,opus,A08
LA_E_9046972,1,g722,A17
LA_E_9047648,1,gsm,A16
LA_E_9048508,1,alaw,A15
LA_E_9048600,1,ulaw,A08
LA_E_9048792,1,pstn,A09
LA_E_9049556,1,ulaw,A16
LA_E_9050588,1,gsm,A09
LA_E_9050595,1,ulaw,A10
LA_E_9051728,1,ulaw,A07
LA_E_9051735,1,g722,A10
LA_E_9051857,1,g722,A16
LA_E_9052027,0,none,bonafide
LA_E_9052503,1,opus,A12
LA_E_9052727,1,ulaw,A15
LA_E_9053532,1,gsm,A18
LA_E_9053546,1,pstn,A08
LA_E_9054265,1,alaw,A10
LA_E_9054585,1,alaw,A10
LA_E_9054675,1,pstn,A15
LA_E_9055131,1,g722,A18
LA_E_9055177,0,ulaw,bonafide
LA_E_9055188,1,pstn,A11
LA_E_9055293,1,alaw,A15
LA_E_9055406,1,alaw,A15
LA_E_9055734,1,pstn,A12
LA_E_9056017,1,opus,A15
LA_E_9056511,1,opus,A10
LA_E_9056562,1,alaw,A12
LA_E_9057015,1,gsm,A09
LA_E_9057758,1,g722,A13
LA_E_9057810,1,g722,A19
LA_E_9058011,1,none,A10
LA_E_9058042,1,g722,A16
LA_E_9058126,0,opus,bonafide
LA_E_9058326,1,none,A17
LA_E_9058799,1,opus,A10
LA_E_9058813,1,pstn,A16
LA_E_9059574,0,g722,bonafide
LA_E_9059830,1,g722,A10
LA_E_9060470,1,ulaw,A10
LA_E_9060956,1,none,A18
LA_E_9061087,1,opus,A19
LA_E_9061092,1,ulaw,A10
LA_E_9061431,1,g722,A14
LA_E_9061486,1,none,A18
LA_E_9061657,1,pstn,A18
LA_E_9062036,1,gsm,A16
LA_E_9062092,1,alaw,A07
LA_E_9062319,0,opus,bonafide
LA_E_9062690,1,alaw,A10
LA_E_9062824,1,pstn,A08
LA_E_9063068,1,g722,A17
LA_E_9063073,1,gsm,A19
LA_E_9063349,0,alaw,bonafide
LA_E_9063902,1,pstn,A11
LA_E_9063964,1,none,A13
LA_E_9064006,1,pstn,A10
LA_E_9064165,1,none,A18
LA_E_9064575,1,none,A18
LA_E_9064765,1,opus,A09
LA_E_9065224,1,pstn,A18
LA_E_9065507,1,alaw,A14
LA_E_9065724,1,gsm,A11
LA_E_9065734,1,opus,A09
LA_E_9065745,1,gsm,A16
LA_E_9065883,1,none,A15
LA_E_9065985,1,none,A09
LA_E_9066552,1,ulaw,A19
LA_E_9066805,1,pstn,A17
LA_E_9066922,1,none,A18
LA_E_9067132,1,ulaw,A19
LA_E_9067244,1,none,A10
LA_E_9067397,1,ulaw,A08
LA_E_9067425,1,pstn,A10
LA_E_9067505,1,pstn,A10
LA_E_9067653,1,g722,A18
LA_E_9067721,1,pstn,A18
LA_E_9067988,0,gsm,bonafide
LA_E_9068112,1,none,A08
LA_E_9068136,1,gsm,A18
LA_E_9068482,1,alaw,A15
LA_E_9068553,1,none,A14
LA_E_9068813,1,pstn,A08
LA_E_9069053,1,opus,A09
LA_E_9069064,1,g722,A10
LA_E_9069239,1,pstn,A11
LA_E_9069417,1,ulaw,A14
LA_E_9069447,1,ulaw,A15
LA_E_9069659,1,none,A17
LA_E_9069739,1,gsm,A10
LA_E_9070510,1,opus,A16
LA_E_9070629,1,opus,A19
LA_E_9071205,1,g722,A17
LA_E_9072169,1,ulaw,A12
LA_E_9072208,1,alaw,A16
LA_E_9072216,1,none,A17
LA_E_9072896,1,gsm,A19
LA_E_9072947,1,ulaw,A12
LA_E_9074212,0,opus,bonafide
LA_E_9074642,1,opus,A14
LA_E_9075034,1,ulaw,A16
LA_E_9075577,1,g722,A11
LA_E_9075913,1,g722,A15
LA_E_9076182,1,gsm,A09
LA_E_9076864,1,ulaw,A08
LA_E_9076923,1,ulaw,A19
LA_E_9077000,1,gsm,A14
LA_E_9077037,1,gsm,A09
LA_E_9077275,1,pstn,A07
LA_E_9077306,1,ulaw,A16
LA_E_9078800,1,gsm,A19
LA_E_9078813,1,opus,A17
LA_E_9078971,1,pstn,A14
LA_E_9079099,1,ulaw,A13
LA_E_9079256,0,opus,bonafide
LA_E_9079295,1,g722,A18
LA_E_9079782,1,alaw,A07
LA_E_9080102,1,opus,A17
LA_E_9080370,1,g722,A08
LA_E_9080534,1,alaw,A13
LA_E_9080854,1,opus,A13
LA_E_9080900,1,g722,A15
LA_E_9081145,1,gsm,A11
LA_E_9081233,1,g722,A09
LA_E_9081480,1,gsm,A19
LA_E_9081819,1,alaw,A17
LA_E_9082679,1,g722,A16
LA_E_9082898,1,g722,A13
LA_E_9083203,1,opus,A16
LA_E_9083377,0,gsm,bonafide
LA_E_9083474,1,alaw,A07
LA_E_9083579,1,ulaw,A07
LA_E_9084231,1,g722,A16
LA_E_9085213,0,ulaw,bonafide
LA_E_9085423,1,gsm,A11
LA_E_9085796,1,gsm,A14
LA_E_9085878,1,ulaw,A13
LA_E_9086453,1,none,A14
LA_E_9086544,1,none,A16
LA_E_9086721,1,pstn,A15
LA_E_9086955,1,g722,A12
LA_E_9086966,1,ulaw,A10
LA_E_9087762,1,pstn,A16
LA_E_9087990,1,pstn,A10
LA_E_9088309,1,none,A14
LA_E_9088532,1,g722,A18
LA_E_9089016,1,alaw,A12
LA_E_9089126,1,pstn,A10
LA_E_9089486,1,none,A16
LA_E_9090165,1,alaw,A14
LA_E_9090478,0,alaw,bonafide
LA_E_9091363,0,opus,bonafide
LA_E_9091717,1,pstn,A12
LA_E_9091754,1,pstn,A13
LA_E_9092442,1,g722,A13
LA_E_9092500,1,none,A08
LA_E_9092907,1,ulaw,A14
LA_E_9093741,1,none,A15
LA_E_9093798,1,ulaw,A16
LA_E_9093802,0,gsm,bonafide
LA_E_9094167,1,none,A12
LA_E_9094177,1,g722,A15
LA_E_9094386,1,opus,A11
LA_E_9094499,1,pstn,A12
LA_E_9095211,1,alaw,A11
LA_E_9095280,0,g722,bonafide
LA_E_9095806,1,opus,A14
LA_E_9095833,1,opus,A11
LA_E_9096164,1,alaw,A07
LA_E_9096923,1,none,A14
LA_E_9097045,1,pstn,A16
LA_E_9097256,1,alaw,A07
LA_E_9097314,1,pstn,A09
LA_E_9097942,1,pstn,A07
LA_E_9097945,1,pstn,A14
LA_E_9097947,1,ulaw,A15
LA_E_9098008,1,gsm,A08
LA_E_9098356,1,opus,A14
LA_E_9098836,1,pstn,A14
LA_E_9099581,1,pstn,A09
LA_E_9099922,1,ulaw,A19
LA_E_9099932,1,pstn,A09
LA_E_9100184,1,alaw,A10
LA_E_9100541,1,pstn,A07
LA_E_9100986,1,alaw,A07
LA_E_9100999,1,gsm,A15
LA_E_9101484,1,opus,A19
LA_E_9101514,0,none,bonafide
LA_E_9101678,1,gsm,A07
LA_E_9101886,1,alaw,A18
LA_E_9102735,1,none,A15
LA_E_9103110,1,ulaw,A17
LA_E_9103276,1,gsm,A18
LA_E_9103814,1,gsm,A09
LA_E_9103824,1,gsm,A09
LA_E_9103949,1,pstn,A14
LA_E_9104653,0,pstn,bonafide
LA_E_9104811,1,none,A16
LA_E_9104828,1,none,A08
LA_E_9105210,1,gsm,A07
LA_E_9105330,1,gsm,A08
LA_E_9105489,1,ulaw,A12
LA_E_9105757,1,g722,A14
LA_E_9106363,1,pstn,A17
LA_E_9106400,1,g722,A12
LA_E_9107492,1,g722,A11
LA_E_9107997,1,ulaw,A18
LA_E_9108756,1,opus,A11
LA_E_9108963,1,pstn,A12
LA_E_9109210,1,opus,A14
LA_E_9109767,1,g722,A12
LA_E_9110180,1,pstn,A15
LA_E_9110630,1,none,A07
LA_E_9111955,1,alaw,A13
LA_E_9112099,1,g722,A12
LA_E_9112439,0,none,bonafide
LA_E_9113206,1,pstn,A15
LA_E_9113259,0,ulaw,bonafide
LA_E_9113310,1,pstn,A17
LA_E_9113339,1,alaw,A13
LA_E_9113376,1,gsm,A12
LA_E_9113966,1,ulaw,A15
LA_E_9114155,1,g722,A08
LA_E_9114393,1,pstn,A19
LA_E_9114628,1,ulaw,A11
LA_E_9115252,1,gsm,A15
LA_E_9115266,1,none,A10
LA_E_9115312,1,gsm,A12
LA_E_9115493,1,none,A16
LA_E_9115593,1,alaw,A09
LA_E_9115905,1,gsm,A14
LA_E_9115964,1,gsm,A07
LA_E_9115967,1,alaw,A16
LA_E_9116588,1,pstn,A10
LA_E_9116629,1,ulaw,A09
LA_E_9116853,1,none,A09
LA_E_9117624,1,none,A18
LA_E_9118405,0,g722,bonafide
LA_E_9118511,1,none,A18
LA_E_9118788,1,alaw,A08
LA_E_9119270,1,gsm,A14
LA_E_9119776,0,none,bonafide
LA_E_9119910,1,pstn,A19
LA_E_9121076,1,none,A11
LA_E_9121301,1,alaw,A09
LA_E_9121783,1,g722,A09
LA_E_9122437,1,alaw,A13
LA_E_9123090,1,pstn,A12
LA_E_9123806,1,alaw,A07
LA_E_9123870,1,ulaw,A12
LA_E_9124246,1,ulaw,A08
LA_E_9124586,1,g722,A11
LA_E_9124621,1,none,A14
LA_E_9125035,1,gsm,A14
LA_E_9125151,1,none,A13
LA_E_9125326,1,pstn,A08
LA_E_9125397,1,alaw,A14
LA_E_9125408,1,pstn,A11
LA_E_9125518,1,g722,A19
LA_E_9125774,1,alaw,A09
LA_E_9125894,1,alaw,A19
LA_E_9126170,1,ulaw,A17
LA_E_9126512,1,none,A09
LA_E_9126779,1,none,A17
LA_E_9127632,1,gsm,A07
LA_E_9127672,1,gsm,A09
LA_E_9127857,1,alaw,A10
LA_E_9127924,1,opus,A16
LA_E_9128026,1,none,A10
LA_E_9128163,1,none,A12
LA_E_9128538,1,g722,A19
LA_E_9128659,1,opus,A17
LA_E_9129203,1,g722,A19
LA_E_9129810,0,ulaw,bonafide
LA_E_9130368,1,alaw,A14
LA_E_9130462,1,pstn,A18
LA_E_9130496,1,ulaw,A17
LA_E_9130605,1,pstn,A11
LA_E_9130797,1,pstn,A19
LA_E_9131043,1,gsm,A16
LA_E_9131419,1,opus,A14
LA_E_9131440,1,none,A17
LA_E_9131662,1,ulaw,A16
LA_E_9132550,1,g722,A11
LA_E_9132568,1,opus,A14
LA_E_9132675,1,opus,A13
LA_E_9132967,0,opus,bonafide
LA_E_9133259,1,pstn,A15
LA_E_9133386,1,alaw,A14
LA_E_9133962,1,g722,A08
LA_E_9134119,1,pstn,A11
LA_E_9134202,1,g722,A12
LA_E_9134358,1,g722,A13
LA_E_9134421,1,ulaw,A14
LA_E_9134503,1,pstn,A08
LA_E_9134750,1,opus,A16
LA_E_9135460,0,none,bonafide
LA_E_9135827,1,pstn,A16
LA_E_9136335,1,none,A19
LA_E_9136490,1,gsm,A08
LA_E_9137008,1,alaw,A18
LA_E_9137021,1,none,A13
LA_E_9137032,1,ulaw,A12
LA_E_9137506,1,pstn,A11
LA_E_9137517,0,alaw,bonafide
LA_E_9137710,1,alaw,A16
LA_E_9137840,1,ulaw,A10
LA_E_9138311,1,alaw,A11
LA_E_9138371,1,ulaw,A10
LA_E_9138585,1,none,A09
LA_E_9138611,1,opus,A18
LA_E_9138822,0,alaw,bonafide
LA_E_9138905,1,opus,A12
LA_E_9139074,1,opus,A13
LA_E_9139229,1,gsm,A15
LA_E_9139361,1,gsm,A16
LA_E_9139437,1,alaw,A15
LA_E_9139626,1,none,A13
LA_E_9140265,1,ulaw,A10
LA_E_9140801,1,g722,A18
LA_E_9141418,0,ulaw,bonafide
LA_E_9141534,0,g722,bonafide
LA_E_9142312,1,g722,A18
LA_E_9142606,1,none,A12
LA_E_9142666,0,ulaw,bonafide
LA_E_9142863,1,g722,A09
LA_E_9143017,1,ulaw,A12
LA_E_9143131,1,gsm,A15
LA_E_9143361,1,alaw,A08
LA_E_9143539,1,gsm,A08
LA_E_9143679,1,opus,A16
LA_E_9143876,1,g722,A18
LA_E_9144127,1,gsm,A19
LA_E_9144240,1,opus,A16
LA_E_9145030,1,gsm,A15
LA_E_9145068,1,none,A12
LA_E_9145346,0,alaw,bonafide
LA_E_9145347,1,g722,A11
LA_E_9145863,1,gsm,A07
LA_E_9146331,1,pstn,A14
LA_E_9146466,1,alaw,A11
LA_E_9146643,1,alaw,A11
LA_E_9146935,1,opus,A13
LA_E_9147177,1,alaw,A16
LA_E_9147286,1,g722,A09
LA_E_9147572,1,pstn,A15
LA_E_9148121,1,ulaw,A11
LA_E_9148341,1,none,A07
LA_E_9149065,1,none,A10
LA_E_9149198,1,g722,A16
LA_E_9149279,1,pstn,A16
LA_E_9149797,1,pstn,A19
LA_E_9150386,1,opus,A09
LA_E_9150904,1,none,A18
LA_E_9151731,0,opus,bonafide
LA_E_9151937,1,opus,A11
LA_E_9151949,1,gsm,A13
LA_E_9152200,1,opus,A07
LA_E_9152393,1,opus,A14
LA_E_9152740,1,gsm,A16
LA_E_9153837,0,gsm,bonafide
LA_E_9154225,1,alaw,A12
LA_E_9155394,1,ulaw,A11
LA_E_9155415,0,none,bonafide
LA_E_9155515,1,pstn,A10
LA_E_9155665,1,alaw,A09
LA_E_9156048,1,g722,A09
LA_E_9156149,1,g722,A14
LA_E_9156818,1,ulaw,A15
LA_E_9157472,1,pstn,A16
LA_E_9158342,1,ulaw,A11
LA_E_9159218,1,alaw,A15
LA_E_9159301,0,opus,bonafide
LA_E_9159965,1,ulaw,A10
LA_E_9160668,1,gsm,A16
LA_E_9161503,1,ulaw,A07
LA_E_9161851,1,ulaw,A15
LA_E_9163343,1,alaw,A12
LA_E_9163576,1,opus,A16
LA_E_9164123,1,opus,A15
LA_E_9164322,1,gsm,A12
LA_E_9164649,1,pstn,A08
LA_E_9164829,1,alaw,A09
LA_E_9165555,1,alaw,A19
LA_E_9165666,1,g722,A13
LA_E_9165867,1,pstn,A18
LA_E_9166381,1,opus,A08
LA_E_9166868,1,g722,A16
LA_E_9166912,0,opus,bonafide
LA_E_9167414,1,g722,A15
LA_E_9167800,1,none,A19
LA_E_9168037,1,g722,A14
LA_E_9168092,1,none,A18
LA_E_9168676,1,opus,A10
LA_E_9169314,1,ulaw,A11
LA_E_9169956,1,none,A13
LA_E_9170441,1,opus,A11
LA_E_9170501,1,pstn,A10
LA_E_9170538,1,g722,A08
LA_E_9170926,1,opus,A09
LA_E_9171256,0,g722,bonafide
LA_E_9171269,1,none,A10
LA_E_9171677,1,none,A18
LA_E_9171894,1,pstn,A19
LA_E_9172044,1,opus,A18
LA_E_9172181,1,opus,A13
LA_E_9172704,1,pstn,A09
LA_E_9173047,1,alaw,A18
LA_E_9173123,1,none,A19
LA_E_9173390,1,gsm,A07
LA_E_9173648,1,pstn,A08
LA_E_9173927,1,alaw,A10
LA_E_9174001,1,pstn,A09
LA_E_9174337,1,alaw,A14
LA_E_9174432,1,opus,A09
LA_E_9175103,1,none,A16
LA_E_9175350,1,pstn,A08
LA_E_9175485,1,opus,A09
LA_E_9175680,1,ulaw,A19
LA_E_9176166,1,ulaw,A08
LA_E_9176509,1,g722,A08
LA_E_9176975,1,none,A17
LA_E_9177035,1,opus,A15
LA_E_9177105,0,opus,bonafide
LA_E_9178006,1,pstn,A17
LA_E_9178276,1,alaw,A07
LA_E_9178639,1,ulaw,A10
LA_E_9178816,0,g722,bonafide
LA_E_9179938,1,gsm,A13
LA_E_9179952,1,ulaw,A17
LA_E_9180010,1,gsm,A07
LA_E_9180279,1,gsm,A15
LA_E_9180315,1,none,A12
LA_E_9180442,1,gsm,A12
LA_E_9181465,1,g722,A16
LA_E_9181768,1,none,A11
LA_E_9181987,1,opus,A12
LA_E_9182229,0,gsm,bonafide
LA_E_9182901,1,gsm,A12
LA_E_9183656,0,ulaw,bonafide
LA_E_9183958,1,pstn,A12
LA_E_9183971,1,pstn,A11
LA_E_9184039,1,ulaw,A09
LA_E_9184251,1,gsm,A19
LA_E_9184422,1,g722,A13
LA_E_9184691,1,alaw,A15
LA_E_9184861,1,gsm,A10
LA_E_9185176,1,alaw,A16
LA_E_9185321,1,gsm,A16
LA_E_9185599,1,pstn,A13
LA_E_9185977,1,none,A15
LA_E_9186046,1,ulaw,A07
LA_E_9186147,1,opus,A11
LA_E_9186338,1,none,A08
LA_E_9186591,1,g722,A15
LA_E_9186677,1,pstn,A07
LA_E_9187096,1,none,A07
LA_E_9187325,1,g722,A08
LA_E_9187982,1,ulaw,A17
LA_E_9188518,1,opus,A09
LA_E_9189245,1,alaw,A18
LA_E_9189275,1,ulaw,A16
LA_E_9189523,1,pstn,A11
LA_E_9189636,1,pstn,A10
LA_E_9189645,1,gsm,A14
LA_E_9190534,1,none,A19
LA_E_9190597,1,ulaw,A09
LA_E_9190701,1,ulaw,A17
LA_E_9191100,1,opus,A09
LA_E_9191318,0,gsm,bonafide
LA_E_9191353,1,alaw,A14
LA_E_9191441,1,pstn,A17
LA_E_9191692,1,opus,A19
LA_E_9191967,1,ulaw,A18
LA_E_9192013,1,pstn,A09
LA_E_9192170,1,gsm,A14
LA_E_9192517,1,ulaw,A19
LA_E_9193055,1,g722,A19
LA_E_9193395,1,ulaw,A12
LA_E_9194082,1,opus,A18
LA_E_9194660,1,alaw,A07
LA_E_9195247,1,alaw,A17
LA_E_9195355,1,pstn,A17
LA_E_9195430,1,alaw,A13
LA_E_9195447,1,none,A19
LA_E_9195637,1,gsm,A13
LA_E_9195796,1,alaw,A15
LA_E_9196319,1,g722,A18
LA_E_9196578,1,gsm,A10
LA_E_9196637,1,ulaw,A14
LA_E_9197339,1,alaw,A17
LA_E_9197607,1,opus,A19
LA_E_9197829,1,alaw,A12
LA_E_9197951,1,alaw,A15
LA_E_9198156,1,gsm,A09
LA_E_9198469,1,g722,A13
LA_E_9198633,1,alaw,A15
LA_E_9198795,1,ulaw,A08
LA_E_9199820,1,none,A10
LA_E_9199961,1,ulaw,A15
LA_E_9200013,1,g722,A09
LA_E_9200715,1,ulaw,A15
LA_E_9201443,1,none,A07
LA_E_9201523,1,g722,A14
LA_E_9201730,1,gsm,A15
LA_E_9201804,0,opus,bonafide
LA_E_9202467,1,none,A19
LA_E_9202702,1,ulaw,A07
LA_E_9202881,1,none,A07
LA_E_9202977,1,opus,A11
LA_E_9203083,1,gsm,A11
LA_E_9203354,1,g722,A13
LA_E_9203400,1,opus,A10
LA_E_9203494,1,g722,A17
LA_E_9203673,1,ulaw,A16
LA_E_9203711,1,gsm,A10
LA_E_9203743,1,pstn,A10
LA_E_9204191,1,ulaw,A09
LA_E_9204422,1,none,A11
LA_E_9204454,1,opus,A18
LA_E_9204490,1,none,A16
LA_E_9205459,1,pstn,A11
LA_E_9206345,1,pstn,A12
LA_E_9207415,1,gsm,A09
LA_E_9207555,1,gsm,A14
LA_E_9207668,1,ulaw,A09
LA_E_9208318,1,pstn,A14
LA_E_9208425,1,gsm,A07
LA_E_9208493,1,pstn,A17
LA_E_9208571,1,ulaw,A08
LA_E_9208598,1,gsm,A18
LA_E_9209016,1,gsm,A15
LA_E_9209185,1,pstn,A11
LA_E_9209457,1,g722,A10
LA_E_9209688,1,none,A16
LA_E_9210504,0,pstn,bonafide
LA_E_9211146,1,opus,A07
LA_E_9211366,1,g722,A13
LA_E_9211454,1,none,A15
LA_E_9211580,1,alaw,A12
LA_E_9212104,0,ulaw,bonafide
LA_E_9212241,0,alaw,bonafide
LA_E_9212458,1,opus,A19
LA_E_9212625,1,gsm,A13
LA_E_9212940,1,pstn,A15
LA_E_9212963,1,gsm,A18
LA_E_9213269,1,none,A13
LA_E_9213377,1,ulaw,A14
LA_E_9214180,1,none,A07
LA_E_9214860,1,gsm,A15
LA_E_9214903,1,opus,A10
LA_E_9215369,1,gsm,A07
LA_E_9215388,1,ulaw,A19
LA_E_9216042,1,none,A16
LA_E_9216108,1,gsm,A08
LA_E_9216425,1,g722,A16
LA_E_9216445,1,g722,A08
LA_E_9216487,1,gsm,A19
LA_E_9216720,1,gsm,A18
LA_E_9216922,1,gsm,A17
LA_E_9216940,1,none,A08
LA_E_9217073,1,ulaw,A19
LA_E_9217407,1,pstn,A09
LA_E_9217568,1,pstn,A12
LA_E_9217939,1,opus,A08
LA_E_9218230,1,ulaw,A13
LA_E_9218482,1,alaw,A11
LA_E_9218540,1,pstn,A07
LA_E_9218548,0,opus,bonafide
LA_E_9218687,1,alaw,A19
LA_E_9218707,1,alaw,A14
LA_E_9218861,1,pstn,A09
LA_E_9219569,1,none,A14
LA_E_9219809,1,g722,A08
LA_E_9219932,1,none,A13
LA_E_9219974,1,g722,A11
LA_E_9220891,1,opus,A08
LA_E_9220972,1,alaw,A07
LA_E_9221443,1,g722,A13
LA_E_9221536,1,opus,A15
LA_E_9221552,1,opus,A11
LA_E_9221658,1,alaw,A10
LA_E_9222680,1,pstn,A11
LA_E_9222766,0,pstn,bonafide
LA_E_9223205,1,ulaw,A07
LA_E_9223628,0,none,bonafide
LA_E_9224109,1,ulaw,A17
LA_E_9224408,0,g722,bonafide
LA_E_9225038,1,none,A09
LA_E_9225459,1,opus,A11
LA_E_9225578,1,opus,A14
LA_E_9225725,1,alaw,A08
LA_E_9225788,1,ulaw,A09
LA_E_9226013,1,ulaw,A17
LA_E_9226304,1,opus,A11
LA_E_9227107,1,alaw,A13
LA_E_9227591,1,alaw,A17
LA_E_9227891,1,g722,A19
LA_E_9228476,1,opus,A13
LA_E_9229152,1,g722,A08
LA_E_9229714,1,gsm,A17
LA_E_9230999,1,opus,A14
LA_E_9231058,1,gsm,A16
LA_E_9231435,1,alaw,A19
LA_E_9231447,1,g722,A07
LA_E_9231959,1,ulaw,A16
LA_E_9232361,1,ulaw,A18
LA_E_9232974,1,gsm,A12
LA_E_9233119,1,pstn,A16
LA_E_9233220,1,none,A10
LA_E_9233826,1,g722,A15
LA_E_9233974,1,g722,A16
LA_E_9234530,1,ulaw,A16
LA_E_9235072,1,none,A17
LA_E_9235431,1,none,A07
LA_E_9235729,1,opus,A17
LA_E_9236356,1,ulaw,A19
LA_E_9236453,0,gsm,bonafide
LA_E_9236574,1,ulaw,A16
LA_E_9237472,0,pstn,bonafide
LA_E_9237525,1,ulaw,A14
LA_E_9237880,1,opus,A17
LA_E_9238648,1,opus,A19
LA_E_9238720,1,gsm,A12
LA_E_9239397,0,none,bonafide
LA_E_9239664,1,g722,A10
LA_E_9239715,1,alaw,A19
LA_E_9239821,1,ulaw,A14
LA_E_9240090,1,alaw,A09
LA_E_9240278,1,pstn,A19
LA_E_9240285,1,opus,A10
LA_E_9240423,1,alaw,A17
LA_E_9240574,1,ulaw,A11
LA_E_9240749,1,ulaw,A19
LA_E_9241321,1,ulaw,A17
LA_E_9242336,1,gsm,A10
LA_E_9242757,1,ulaw,A09
LA_E_9242812,1,alaw,A19
LA_E_9242945,0,gsm,bonafide
LA_E_9243000,1,alaw,A19
LA_E_9243542,1,alaw,A16
LA_E_9244216,1,pstn,A13
LA_E_9244461,1,alaw,A08
LA_E_9244516,1,gsm,A14
LA_E_9244581,0,none,bonafide
LA_E_9244876,1,none,A07
LA_E_9245181,1,pstn,A13
LA_E_9245659,1,ulaw,A08
LA_E_9245766,1,opus,A19
LA_E_9245949,1,none,A12
LA_E_9246082,1,opus,A08
LA_E_9246298,1,pstn,A17
LA_E_9246784,1,ulaw,A08
LA_E_9247016,0,gsm,bonafide
LA_E_9247033,1,none,A18
LA_E_9247540,1,opus,A12
LA_E_9247857,1,opus,A10
LA_E_9247888,1,gsm,A09
LA_E_9248015,1,g722,A13
LA_E_9248078,1,ulaw,A16
LA_E_9248298,1,alaw,A19
LA_E_9248306,0,ulaw,bonafide
LA_E_9248437,1,gsm,A19
LA_E_9250469,1,alaw,A13
LA_E_9250910,1,pstn,A10
LA_E_9251685,1,gsm,A19
LA_E_9251954,1,ulaw,A15
LA_E_9252468,1,ulaw,A19
LA_E_9252869,1,opus,A15
LA_E_9253547,1,ulaw,A10
LA_E_9253621,1,alaw,A10
LA_E_9253734,1,pstn,A11
LA_E_9254004,1,g722,A16
LA_E_9254027,1,gsm,A15
LA_E_9255077,1,none,A19
LA_E_9255175,1,ulaw,A16
LA_E_9255483,1,none,A15
LA_E_9256281,0,gsm,bonafide
LA_E_9256664,1,ulaw,A11
LA_E_9256836,1,alaw,A13
LA_E_9256874,1,none,A09
LA_E_9257316,1,pstn,A16
LA_E_9257359,1,none,A14
LA_E_9258093,1,gsm,A11
LA_E_9258284,1,opus,A08
LA_E_9258450,0,pstn,bonafide
LA_E_9258620,1,gsm,A10
LA_E_9258625,1,gsm,A16
LA_E_9258717,1,pstn,A18
LA_E_9258842,1,ulaw,A18
LA_E_9259586,1,gsm,A14
LA_E_9260128,1,gsm,A14
LA_E_9260297,1,g722,A18
LA_E_9260668,1,ulaw,A16
LA_E_9261097,0,none,bonafide
LA_E_9261715,0,gsm,bonafide
LA_E_9261832,1,none,A12
LA_E_9262064,1,opus,A17
LA_E_9262072,1,opus,A12
LA_E_9262918,1,none,A15
LA_E_9262964,1,ulaw,A08
LA_E_9263128,1,pstn,A17
LA_E_9263505,1,g722,A18
LA_E_9263880,1,ulaw,A10
LA_E_9264722,1,opus,A12
LA_E_9265114,1,gsm,A14
LA_E_9265147,1,opus,A13
LA_E_9265571,1,opus,A13
LA_E_9265593,1,gsm,A11
LA_E_9265886,1,opus,A11
LA_E_9266074,1,alaw,A13
LA_E_9266138,1,opus,A07
LA_E_9266264,1,none,A09
LA_E_9266337,1,gsm,A09
LA_E_9266520,0,opus,bonafide
LA_E_9266899,1,alaw,A19
LA_E_9266932,1,ulaw,A15
LA_E_9267071,1,g722,A18
LA_E_9267482,1,opus,A16
LA_E_9267529,1,alaw,A14
LA_E_9268108,1,gsm,A14
LA_E_9268269,0,opus,bonafide
LA_E_9268370,1,pstn,A13
LA_E_9268884,1,pstn,A19
LA_E_9269272,1,opus,A16
LA_E_9269465,1,ulaw,A13
LA_E_9270493,1,alaw,A07
LA_E_9271218,1,g722,A19
LA_E_9271649,1,gsm,A13
LA_E_9272012,1,opus,A15
LA_E_9272200,1,opus,A13
LA_E_9272282,1,opus,A17
LA_E_9272404,1,pstn,A14
LA_E_9272427,1,ulaw,A09
LA_E_9272437,1,opus,A12
LA_E_9272535,1,pstn,A07
LA_E_9272905,1,gsm,A17
LA_E_9273118,1,ulaw,A16
LA_E_9273430,1,pstn,A08
LA_E_9273778,1,none,A19
LA_E_9274861,1,pstn,A11
LA_E_9275151,1,opus,A08
LA_E_9275557,1,g722,A13
LA_E_9275693,1,opus,A13
LA_E_9275819,1,gsm,A07
LA_E_9276346,1,opus,A11
LA_E_9276588,1,gsm,A17
LA_E_9276819,1,alaw,A12
LA_E_9276975,1,none,A16
LA_E_9277373,1,pstn,A16
LA_E_9277803,1,ulaw,A12
LA_E_9277987,1,ulaw,A07
LA_E_9277990,1,pstn,A15
LA_E_9278029,1,g722,A11
LA_E_9278065,1,opus,A09
LA_E_9278376,1,gsm,A12
LA_E_9278409,1,alaw,A07
LA_E_9279237,1,alaw,A17
LA_E_9279304,1,ulaw,A16
LA_E_9279441,1,pstn,A16
LA_E_9279651,1,g722,A14
LA_E_9279775,1,opus,A07
LA_E_9279779,1,ulaw,A16
LA_E_9280083,1,pstn,A18
LA_E_9280172,1,gsm,A08
LA_E_9280419,1,gsm,A10
LA_E_9281410,1,g722,A15
LA_E_9281995,1,gsm,A19
LA_E_9282045,1,ulaw,A13
LA_E_9282262,0,gsm,bonafide
LA_E_9282882,1,none,A09
LA_E_9282939,1,ulaw,A17
LA_E_9284228,0,ulaw,bonafide
LA_E_9284443,1,pstn,A11
LA_E_9284730,1,gsm,A18
LA_E_9285113,1,opus,A09
LA_E_9285413,0,alaw,bonafide
LA_E_9285559,1,none,A08
LA_E_9285651,1,gsm,A12
LA_E_9286275,1,g722,A17
LA_E_9286469,1,g722,A18
LA_E_9286911,1,ulaw,A07
LA_E_9287074,1,gsm,A19
LA_E_9287266,1,opus,A07
LA_E_9287270,0,g722,bonafide
LA_E_9287700,1,alaw,A17
LA_E_9287834,1,g722,A19
LA_E_9287927,1,alaw,A14
LA_E_9288148,0,gsm,bonafide
LA_E_9288575,1,ulaw,A14
LA_E_9288789,1,gsm,A14
LA_E_9289015,1,gsm,A11
LA_E_9289149,1,none,A09
LA_E_9289162,1,pstn,A13
LA_E_9289210,1,none,A14
LA_E_9289697,1,alaw,A08
LA_E_9289843,0,none,bonafide
LA_E_9289849,1,ulaw,A11
LA_E_9290261,1,gsm,A17
LA_E_9290263,1,gsm,A14
LA_E_9290735,1,pstn,A19
LA_E_9290790,1,gsm,A12
LA_E_9291086,1,opus,A14
LA_E_9291588,1,none,A07
LA_E_9291603,1,pstn,A11
LA_E_9291729,1,none,A18
LA_E_9292357,1,none,A07
LA_E_9292621,1,none,A10
LA_E_9292634,1,pstn,A11
LA_E_9292750,1,alaw,A15
LA_E_9293468,1,g722,A18
LA_E_9293953,1,pstn,A09
LA_E_9294165,1,g722,A16
LA_E_9294372,1,gsm,A19
LA_E_9294438,1,gsm,A15
LA_E_9294466,1,pstn,A18
LA_E_9294517,1,ulaw,A11
LA_E_9295409,1,gsm,A08
LA_E_9295978,1,alaw,A18
LA_E_9296001,1,none,A12
LA_E_9296714,1,none,A17
LA_E_9296820,1,alaw,A11
LA_E_9296950,1,alaw,A16
LA_E_9297516,0,ulaw,bonafide
LA_E_9297582,1,alaw,A14
LA_E_9297589,1,ulaw,A16
LA_E_9297812,1,none,A18
LA_E_9298488,1,alaw,A17
LA_E_9300127,1,pstn,A19
LA_E_9300782,1,opus,A19
LA_E_9301007,1,alaw,A10
LA_E_9301316,1,pstn,A16
LA_E_9301406,1,none,A17
LA_E_9301680,1,g722,A08
LA_E_9302029,1,alaw,A09
LA_E_9302426,0,pstn,bonafide
LA_E_9302578,1,none,A18
LA_E_9303048,1,ulaw,A16
LA_E_9303691,1,g722,A09
LA_E_9303903,1,g722,A07
LA_E_9303924,1,gsm,A12
LA_E_9304544,1,ulaw,A17
LA_E_9304671,1,gsm,A13
LA_E_9304695,1,alaw,A10
LA_E_9305294,1,ulaw,A08
LA_E_9305382,1,none,A14
LA_E_9305429,1,ulaw,A13
LA_E_9305481,0,g722,bonafide
LA_E_9306231,1,alaw,A08
LA_E_9306368,1,pstn,A11
LA_E_9307089,1,ulaw,A10
LA_E_9307141,1,gsm,A08
LA_E_9307386,1,opus,A11
LA_E_9307554,1,ulaw,A12
LA_E_9307732,1,alaw,A08
LA_E_9307936,1,opus,A09
LA_E_9308043,1,gsm,A10
LA_E_9308174,1,pstn,A16
LA_E_9308263,1,pstn,A17
LA_E_9308400,1,opus,A13
LA_E_9308452,1,ulaw,A13
LA_E_9308518,1,opus,A08
LA_E_9308928,1,ulaw,A11
LA_E_9309146,1,ulaw,A09
LA_E_9309149,1,none,A16
LA_E_9309282,1,none,A13
LA_E_9309589,1,g722,A12
LA_E_9309740,1,g722,A15
LA_E_9309974,1,ulaw,A14
LA_E_9309976,1,none,A12
LA_E_9310091,1,opus,A16
LA_E_9310762,1,gsm,A18
LA_E_9310839,1,g722,A15
LA_E_9310963,1,opus,A11
LA_E_9311191,0,opus,bonafide
LA_E_9312121,0,none,bonafide
LA_E_9312884,1,alaw,A10
LA_E_9312930,1,gsm,A13
LA_E_9313227,1,alaw,A14
LA_E_9313672,1,opus,A19
LA_E_9314043,0,ulaw,bonafide
LA_E_9314234,0,none,bonafide
LA_E_9314430,1,none,A10
LA_E_9314614,1,opus,A11
LA_E_9314820,1,none,A13
LA_E_9315767,1,pstn,A18
LA_E_9316156,1,alaw,A13
LA_E_9316319,0,gsm,bonafide
LA_E_9316419,1,pstn,A15
LA_E_9316797,1,none,A07
LA_E_9317035,1,none,A08
LA_E_9317547,0,g722,bonafide
LA_E_9317632,1,opus,A19
LA_E_9318084,1,none,A16
LA_E_9318102,1,gsm,A08
LA_E_9318156,1,pstn,A13
LA_E_9318241,1,g722,A07
LA_E_9318503,1,ulaw,A10
LA_E_9318541,1,none,A19
LA_E_9319051,1,pstn,A08
LA_E_9319179,1,alaw,A15
LA_E_9319204,1,pstn,A07
LA_E_9319946,1,g722,A12
LA_E_9320338,1,opus,A11
LA_E_9321478,1,g722,A12
LA_E_9322023,1,alaw,A13
LA_E_9324282,1,gsm,A07
LA_E_9324668,0,none,bonafide
LA_E_9325218,1,alaw,A12
LA_E_9325322,1,pstn,A13
LA_E_9325764,1,alaw,A10
LA_E_9326007,1,alaw,A12
LA_E_9326605,0,pstn,bonafide
LA_E_9326675,1,gsm,A12
LA_E_9326758,1,gsm,A11
LA_E_9327411,1,opus,A09
LA_E_9328252,1,pstn,A10
LA_E_9328346,1,gsm,A12
LA_E_9329024,1,pstn,A08
LA_E_9329355,1,none,A19
LA_E_9329429,1,none,A18
LA_E_9329948,1,ulaw,A17
LA_E_9330237,1,ulaw,A18
LA_E_9330250,1,pstn,A12
LA_E_9331109,1,opus,A19
LA_E_9331374,1,pstn,A18
LA_E_9331554,1,ulaw,A14
LA_E_9331746,1,opus,A14
LA_E_9331825,1,none,A11
LA_E_9332135,1,pstn,A07
LA_E_9333638,1,none,A15
LA_E_9334093,1,opus,A11
LA_E_9334654,1,opus,A13
LA_E_9335734,1,opus,A10
LA_E_9336142,1,ulaw,A14
LA_E_9336182,1,alaw,A09
LA_E_9336267,1,alaw,A14
LA_E_9336339,1,alaw,A17
LA_E_9336724,0,pstn,bonafide
LA_E_9336947,1,g722,A17
LA_E_9336954,0,ulaw,bonafide
LA_E_9337161,0,pstn,bonafide
LA_E_9337318,1,gsm,A08
LA_E_9337372,0,pstn,bonafide
LA_E_9337564,1,g722,A08
LA_E_9338052,1,alaw,A15
LA_E_9338296,1,none,A12
LA_E_9338552,1,g722,A17
LA_E_9338567,1,alaw,A11
LA_E_9339584,1,none,A19
LA_E_9340023,1,opus,A14
LA_E_9340173,0,gsm,bonafide
LA_E_9340199,1,gsm,A18
LA_E_9340219,1,gsm,A15
LA_E_9340494,0,g722,bonafide
LA_E_9340604,1,ulaw,A17
LA_E_9340906,1,pstn,A19
LA_E_9341151,1,ulaw,A10
LA_E_9341283,1,alaw,A09
LA_E_9341431,1,alaw,A07
LA_E_9341887,1,g722,A07
LA_E_9341958,1,opus,A15
LA_E_9342239,0,pstn,bonafide
LA_E_9342472,1,g722,A15
LA_E_9343552,1,none,A13
LA_E_9343718,1,gsm,A19
LA_E_9343937,1,opus,A07
LA_E_9344023,1,ulaw,A16
LA_E_9344122,1,opus,A17
LA_E_9344222,1,opus,A18
LA_E_9344371,1,g722,A17
LA_E_9344911,1,ulaw,A12
LA_E_9345139,1,opus,A14
LA_E_9345289,1,opus,A15
LA_E_9345310,1,g722,A11
LA_E_9345409,1,g722,A15
LA_E_9345595,1,g722,A17
LA_E_9345862,0,none,bonafide
LA_E_9346088,1,none,A16
LA_E_9346259,1,alaw,A08
LA_E_9346570,1,alaw,A11
LA_E_9347290,1,ulaw,A11
LA_E_9347569,1,gsm,A18
LA_E_9347644,1,gsm,A10
LA_E_9348042,1,gsm,A07
LA_E_9348994,1,none,A09
LA_E_9349036,0,opus,bonafide
LA_E_9349288,1,g722,A11
LA_E_9349530,1,none,A15
LA_E_9349572,1,gsm,A09
LA_E_9350994,1,g722,A10
LA_E_9351614,1,alaw,A12
LA_E_9352116,1,ulaw,A10
LA_E_9352470,0,alaw,bonafide
LA_E_9352570,1,alaw,A09
LA_E_9352653,1,none,A15
LA_E_9353074,1,gsm,A12
LA_E_9353273,1,g722,A14
LA_E_9353436,1,ulaw,A17
LA_E_9353542,1,gsm,A07
LA_E_9354361,1,gsm,A14
LA_E_9354476,0,alaw,bonafide
LA_E_9355720,0,opus,bonafide
LA_E_9355801,1,pstn,A16
LA_E_9355977,1,opus,A10
LA_E_9356126,1,ulaw,A16
LA_E_9356400,1,ulaw,A19
LA_E_9356498,1,alaw,A17
LA_E_9356692,1,ulaw,A09
LA_E_9356923,1,alaw,A18
LA_E_9356990,0,pstn,bonafide
LA_E_9357175,1,none,A17
LA_E_9357627,1,gsm,A16
LA_E_9357777,0,pstn,bonafide
LA_E_9357850,0,g722,bonafide
LA_E_9358061,1,ulaw,A10
LA_E_9358127,1,opus,A14
LA_E_9358244,1,ulaw,A12
LA_E_9358639,1,alaw,A08
LA_E_9358840,1,ulaw,A18
LA_E_9358855,1,opus,A08
LA_E_9358886,1,g722,A09
LA_E_9358970,1,gsm,A10
LA_E_9359023,1,g722,A15
LA_E_9359445,1,pstn,A18
LA_E_9359836,1,alaw,A13
LA_E_9360762,1,pstn,A09
LA_E_9361027,1,alaw,A07
LA_E_9361122,1,ulaw,A13
LA_E_9361224,1,pstn,A17
LA_E_9361388,1,pstn,A15
LA_E_9361668,1,opus,A15
LA_E_9361755,1,gsm,A17
LA_E_9362183,1,opus,A17
LA_E_9362418,0,ulaw,bonafide
LA_E_9362551,0,opus,bonafide
LA_E_9362958,1,alaw,A07
LA_E_9363091,1,pstn,A07
LA_E_9363805,1,pstn,A10
LA_E_9364235,1,alaw,A10
LA_E_9364929,0,alaw,bonafide
LA_E_9365151,0,ulaw,bonafide
LA_E_9365839,1,gsm,A14
LA_E_9366041,1,opus,A16
LA_E_9366049,1,gsm,A11
LA_E_9366268,1,none,A16
LA_E_9366399,1,g722,A15
LA_E_9366449,1,gsm,A14
LA_E_9366473,0,g722,bonafide
LA_E_9367158,0,ulaw,bonafide
LA_E_9367264,1,opus,A08
LA_E_9367918,1,alaw,A10
LA_E_9367927,1,g722,A11
LA_E_9367944,1,pstn,A19
LA_E_9368010,1,none,A15
LA_E_9368145,1,opus,A09
LA_E_9368246,0,g722,bonafide
LA_E_9368349,1,g722,A19
LA_E_9368526,1,gsm,A15
LA_E_9368719,1,none,A13
LA_E_9368927,1,pstn,A19
LA_E_9369095,1,alaw,A12
LA_E_9369286,1,opus,A19
LA_E_9369303,1,g722,A12
LA_E_9369417,1,none,A11
LA_E_9369849,1,gsm,A08
LA_E_9369924,1,pstn,A12
LA_E_9369976,0,g722,bonafide
LA_E_9370284,1,none,A17
LA_E_9370607,1,alaw,A07
LA_E_9371085,1,ulaw,A19
LA_E_9371119,1,ulaw,A13
LA_E_9371125,1,none,A10
LA_E_9371679,1,none,A08
LA_E_9372232,1,alaw,A09
LA_E_9372310,0,gsm,bonafide
LA_E_9372672,1,g722,A09
LA_E_9372742,1,pstn,A08
LA_E_9372753,1,ulaw,A08
LA_E_9372764,1,pstn,A09
LA_E_9372791,1,opus,A09
LA_E_9372908,1,opus,A19
LA_E_9373272,1,ulaw,A07
LA_E_9374035,1,gsm,A17
LA_E_9374152,1,alaw,A16
LA_E_9374240,1,opus,A10
LA_E_9374662,1,ulaw,A11
LA_E_9374683,1,opus,A12
LA_E_9374691,1,alaw,A07
LA_E_9374749,0,alaw,bonafide
LA_E_9375744,1,ulaw,A17
LA_E_9375874,1,g722,A18
LA_E_9376242,1,pstn,A07
LA_E_9376435,1,gsm,A17
LA_E_9376518,1,opus,A19
LA_E_9376867,1,g722,A11
LA_E_9376965,1,g722,A18
LA_E_9377046,1,gsm,A18
LA_E_9377206,1,g722,A13
LA_E_9377207,1,ulaw,A07
LA_E_9377366,1,ulaw,A17
LA_E_9377411,1,g722,A17
LA_E_9378007,1,alaw,A14
LA_E_9378587,1,pstn,A15
LA_E_9379662,1,opus,A16
LA_E_9379737,1,alaw,A09
LA_E_9379970,1,opus,A08
LA_E_9379991,1,opus,A09
LA_E_9380123,1,ulaw,A11
LA_E_9380314,1,g722,A13
LA_E_9380469,0,g722,bonafide
LA_E_9381061,1,alaw,A13
LA_E_9381252,0,alaw,bonafide
LA_E_9381411,1,pstn,A17
LA_E_9381691,1,gsm,A16
LA_E_9381759,1,opus,A07
LA_E_9382154,1,gsm,A11
LA_E_9382207,1,ulaw,A13
LA_E_9382366,1,gsm,A08
LA_E_9382411,1,none,A08
LA_E_9382492,1,gsm,A16
LA_E_9382560,1,none,A18
LA_E_9382567,1,opus,A10
LA_E_9382601,1,none,A14
LA_E_9382891,1,gsm,A17
LA_E_9383040,1,ulaw,A14
LA_E_9383517,1,g722,A07
LA_E_9383586,1,g722,A10
LA_E_9383679,0,g722,bonafide
LA_E_9383755,1,none,A13
LA_E_9383913,1,pstn,A11
LA_E_9383949,1,ulaw,A07
LA_E_9383973,1,alaw,A16
LA_E_9383999,1,g722,A10
LA_E_9384371,1,g722,A15
LA_E_9384611,1,opus,A18
LA_E_9385250,1,opus,A13
LA_E_9385871,0,opus,bonafide
LA_E_9386087,1,g722,A18
LA_E_9386274,1,pstn,A17
LA_E_9386421,1,gsm,A18
LA_E_9386827,1,alaw,A07
LA_E_9386855,1,none,A16
LA_E_9387211,1,pstn,A17
LA_E_9387628,1,opus,A15
LA_E_9387639,1,ulaw,A07
LA_E_9388268,1,opus,A18
LA_E_9388694,1,gsm,A19
LA_E_9389125,1,opus,A17
LA_E_9389326,1,ulaw,A16
LA_E_9389530,1,g722,A10
LA_E_9389839,1,g722,A14
LA_E_9390067,1,none,A09
LA_E_9390195,1,opus,A15
LA_E_9391082,1,pstn,A18
LA_E_9391645,1,none,A17
LA_E_9391659,1,pstn,A15
LA_E_9392305,0,none,bonafide
LA_E_9392360,1,gsm,A18
LA_E_9392439,1,ulaw,A11
LA_E_9392566,1,g722,A13
LA_E_9392729,1,ulaw,A18
LA_E_9392761,1,opus,A19
LA_E_9393224,1,alaw,A18
LA_E_9393266,1,alaw,A11
LA_E_9393596,1,gsm,A11
LA_E_9394008,1,gsm,A18
LA_E_9394064,1,none,A08
LA_E_9394235,1,alaw,A11
LA_E_9394992,1,opus,A11
LA_E_9395095,1,gsm,A14
LA_E_9395186,1,opus,A08
LA_E_9395388,1,g722,A17
LA_E_9395617,1,opus,A17
LA_E_9395652,1,opus,A12
LA_E_9395742,1,gsm,A19
LA_E_9396714,1,g722,A09
LA_E_9396952,1,gsm,A07
LA_E_9397040,1,none,A16
LA_E_9397522,1,g722,A07
LA_E_9397601,1,gsm,A10
LA_E_9397754,1,ulaw,A15
LA_E_9397869,1,pstn,A08
LA_E_9397874,0,pstn,bonafide
LA_E_9398018,1,opus,A16
LA_E_9398242,1,opus,A17
LA_E_9399127,1,gsm,A09
LA_E_9399377,1,gsm,A12
LA_E_9399790,1,g722,A16
LA_E_9400132,1,alaw,A17
LA_E_9400215,1,g722,A19
LA_E_9400926,1,pstn,A11
LA_E_9401136,1,gsm,A07
LA_E_9401203,1,gsm,A12
LA_E_9401223,1,ulaw,A18
LA_E_9401319,1,alaw,A15
LA_E_9401428,1,pstn,A19
LA_E_9401532,1,gsm,A12
LA_E_9402155,1,none,A16
LA_E_9402219,1,gsm,A09
LA_E_9402307,1,none,A18
LA_E_9402384,1,ulaw,A10
LA_E_9402609,1,g722,A09
LA_E_9403189,1,opus,A10
LA_E_9403380,0,opus,bonafide
LA_E_9404582,1,alaw,A11
LA_E_9404756,1,opus,A14
LA_E_9405347,0,g722,bonafide
LA_E_9405372,1,g722,A11
LA_E_9405573,1,pstn,A18
LA_E_9405675,1,g722,A19
LA_E_9405717,1,none,A18
LA_E_9405728,1,ulaw,A17
LA_E_9405907,1,none,A18
LA_E_9406074,1,opus,A15
LA_E_9406384,1,pstn,A10
LA_E_9406510,1,ulaw,A14
LA_E_9406641,1,ulaw,A15
LA_E_9407003,0,ulaw,bonafide
LA_E_9407107,1,pstn,A19
LA_E_9407419,1,ulaw,A19
LA_E_9407561,1,gsm,A17
LA_E_9407813,1,opus,A08
LA_E_9408352,1,alaw,A11
LA_E_9408355,1,ulaw,A13
LA_E_9408609,1,alaw,A08
LA_E_9408751,1,ulaw,A19
LA_E_9409105,1,gsm,A09
LA_E_9409339,1,ulaw,A15
LA_E_9409384,1,g722,A16
LA_E_9409894,1,opus,A12
LA_E_9410087,1,ulaw,A08
LA_E_9410343,1,ulaw,A10
LA_E_9410383,1,pstn,A10
LA_E_9411270,0,gsm,bonafide
LA_E_9411338,1,ulaw,A15
LA_E_9411572,1,alaw,A16
LA_E_9411692,1,g722,A14
LA_E_9411707,0,gsm,bonafide
LA_E_9412050,0,none,bonafide
LA_E_9412107,1,ulaw,A12
LA_E_9412296,1,g722,A12
LA_E_9412332,1,alaw,A11
LA_E_9413179,1,gsm,A09
LA_E_9413263,1,gsm,A13
LA_E_9413455,1,alaw,A15
LA_E_9413485,1,ulaw,A19
LA_E_9413842,1,opus,A14
LA_E_9413856,1,ulaw,A07
LA_E_9413927,1,ulaw,A08
LA_E_9414353,1,g722,A15
LA_E_9414442,1,g722,A16
LA_E_9414448,1,gsm,A18
LA_E_9414516,1,pstn,A13
LA_E_9414570,1,gsm,A15
LA_E_9414919,0,opus,bonafide
LA_E_9414961,1,opus,A09
LA_E_9415062,0,opus,bonafide
LA_E_9415423,1,alaw,A17
LA_E_9415640,1,gsm,A08
LA_E_9415696,1,opus,A18
LA_E_9415825,1,pstn,A10
LA_E_9415958,1,alaw,A19
LA_E_9415971,1,opus,A13
LA_E_9416008,1,none,A10
LA_E_9416019,0,opus,bonafide
LA_E_9416093,1,ulaw,A14
LA_E_9416545,1,opus,A11
LA_E_9417062,1,gsm,A12
LA_E_9417486,1,gsm,A08
LA_E_9417539,1,opus,A08
LA_E_9417748,1,none,A14
LA_E_9418355,0,alaw,bonafide
LA_E_9418805,0,alaw,bonafide
LA_E_9419192,1,gsm,A17
LA_E_9419554,1,g722,A09
LA_E_9419671,1,gsm,A07
LA_E_9420313,1,none,A07
LA_E_9420363,1,none,A14
LA_E_9420488,0,alaw,bonafide
LA_E_9420833,1,pstn,A15
LA_E_9421823,0,g722,bonafide
LA_E_9422102,1,pstn,A09
LA_E_9422271,1,pstn,A13
LA_E_9422295,1,ulaw,A18
LA_E_9422507,1,none,A18
LA_E_9422569,1,gsm,A10
LA_E_9422848,1,none,A07
LA_E_9423290,1,pstn,A14
LA_E_9423303,1,gsm,A09
LA_E_9423444,1,opus,A18
LA_E_9423453,1,opus,A12
LA_E_9423569,1,gsm,A07
LA_E_9423966,1,pstn,A14
LA_E_9424416,1,gsm,A14
LA_E_9425055,1,gsm,A13
LA_E_9425126,1,gsm,A16
LA_E_9425421,1,opus,A09
LA_E_9425727,1,pstn,A08
LA_E_9425995,0,none,bonafide
LA_E_9426298,0,opus,bonafide
LA_E_9426647,1,ulaw,A10
LA_E_9426691,1,g722,A09
LA_E_9426790,1,gsm,A10
LA_E_9426891,1,gsm,A08
LA_E_9427002,1,alaw,A18
LA_E_9427004,1,opus,A10
LA_E_9427089,1,none,A08
LA_E_9427144,0,pstn,bonafide
LA_E_9428681,1,g722,A12
LA_E_9428988,1,pstn,A13
LA_E_9429098,1,opus,A08
LA_E_9429163,0,opus,bonafide
LA_E_9429345,1,pstn,A16
LA_E_9429654,1,g722,A14
LA_E_9429977,0,none,bonafide
LA_E_9430017,1,gsm,A19
LA_E_9430327,1,gsm,A18
LA_E_9430522,1,ulaw,A09
LA_E_9430667,1,g722,A19
LA_E_9430689,1,alaw,A09
LA_E_9430880,1,gsm,A18
LA_E_9430962,1,alaw,A18
LA_E_9431063,1,opus,A11
LA_E_9431108,1,none,A09
LA_E_9431174,1,gsm,A11
LA_E_9431507,0,g722,bonafide
LA_E_9431599,1,opus,A13
LA_E_9431706,1,none,A10
LA_E_9432497,1,gsm,A17
LA_E_9433120,1,opus,A09
LA_E_9433206,1,opus,A19
LA_E_9433386,1,pstn,A15
LA_E_9434175,1,g722,A19
LA_E_9434471,0,none,bonafide
LA_E_9434952,1,opus,A09
LA_E_9435124,0,gsm,bonafide
LA_E_9435236,1,ulaw,A14
LA_E_9435253,1,alaw,A10
LA_E_9435401,1,ulaw,A17
LA_E_9435813,1,opus,A10
LA_E_9436059,1,none,A09
LA_E_9436297,1,alaw,A19
LA_E_9437049,1,g722,A08
LA_E_9437376,1,gsm,A14
LA_E_9437849,1,ulaw,A12
LA_E_9437963,1,opus,A16
LA_E_9438117,0,gsm,bonafide
LA_E_9438130,1,pstn,A11
LA_E_9438275,1,ulaw,A18
LA_E_9438440,1,alaw,A19
LA_E_9438695,1,alaw,A08
LA_E_9438788,1,opus,A19
LA_E_9439021,1,opus,A09
LA_E_9439216,1,ulaw,A15
LA_E_9439805,1,g722,A13
LA_E_9439950,1,ulaw,A08
LA_E_9440042,0,none,bonafide
LA_E_9440139,1,ulaw,A13
LA_E_9440278,1,none,A07
LA_E_9440346,1,pstn,A13
LA_E_9440349,1,opus,A11
LA_E_9440451,1,opus,A08
LA_E_9440770,1,gsm,A19
LA_E_9441049,1,alaw,A12
LA_E_9441180,0,ulaw,bonafide
LA_E_9441195,1,alaw,A16
LA_E_9441276,1,alaw,A17
LA_E_9441306,1,ulaw,A10
LA_E_9441339,1,alaw,A15
LA_E_9441366,1,gsm,A07
LA_E_9441446,1,gsm,A18
LA_E_9441709,1,opus,A15
LA_E_9442212,1,ulaw,A09
LA_E_9442954,1,alaw,A14
LA_E_9443064,1,opus,A11
LA_E_9444211,1,opus,A12
LA_E_9444515,1,g722,A16
LA_E_9445043,1,g722,A11
LA_E_9445061,1,none,A11
LA_E_9445514,1,opus,A14
LA_E_9445769,1,ulaw,A18
LA_E_9445777,1,ulaw,A14
LA_E_9446027,1,alaw,A09
LA_E_9446804,1,alaw,A08
LA_E_9446809,1,opus,A17
LA_E_9447153,1,opus,A13
LA_E_9447436,1,ulaw,A18
LA_E_9448145,1,gsm,A08
LA_E_9448201,1,gsm,A15
LA_E_9448205,1,ulaw,A19
LA_E_9448543,1,alaw,A15
LA_E_9449370,1,gsm,A12
LA_E_9449978,1,ulaw,A08
LA_E_9450024,1,gsm,A14
LA_E_9450085,1,opus,A11
LA_E_9450393,1,ulaw,A09
LA_E_9450664,0,pstn,bonafide
LA_E_9451105,1,opus,A17
LA_E_9451501,1,gsm,A17
LA_E_9451523,1,none,A15
LA_E_9451638,1,opus,A13
LA_E_9451640,1,g722,A16
LA_E_9451726,1,gsm,A19
LA_E_9453437,1,gsm,A09
LA_E_9453536,1,pstn,A17
LA_E_9454081,1,none,A17
LA_E_9454233,1,opus,A11
LA_E_9454373,1,alaw,A17
LA_E_9454496,1,g722,A11
LA_E_9454670,1,alaw,A15
LA_E_9454850,1,alaw,A17
LA_E_9455302,1,g722,A12
LA_E_9455307,1,opus,A10
LA_E_9455699,0,gsm,bonafide
LA_E_9455723,0,alaw,bonafide
LA_E_9455807,1,gsm,A16
LA_E_9455830,1,pstn,A18
LA_E_9456088,1,ulaw,A14
LA_E_9456102,1,gsm,A17
LA_E_9456171,1,g722,A18
LA_E_9456212,1,pstn,A16
LA_E_9456418,1,ulaw,A10
LA_E_9456542,1,opus,A18
LA_E_9457257,1,none,A19
LA_E_9458035,1,gsm,A11
LA_E_9458130,1,gsm,A09
LA_E_9458799,1,opus,A13
LA_E_9458831,1,pstn,A11
LA_E_9458916,1,gsm,A17
LA_E_9459441,0,opus,bonafide
LA_E_9459539,1,g722,A14
LA_E_9459630,1,none,A08
LA_E_9459904,1,pstn,A09
LA_E_9460665,1,opus,A12
LA_E_9460668,1,ulaw,A19
LA_E_9461761,1,alaw,A08
LA_E_9462141,1,none,A16
LA_E_9462755,1,alaw,A08
LA_E_9462952,0,g722,bonafide
LA_E_9463406,1,pstn,A10
LA_E_9463871,1,opus,A12
LA_E_9463876,1,gsm,A17
LA_E_9464139,1,gsm,A15
LA_E_9464783,1,gsm,A09
LA_E_9464975,1,ulaw,A08
LA_E_9465051,1,ulaw,A11
LA_E_9465153,1,ulaw,A13
LA_E_9465190,1,ulaw,A12
LA_E_9465193,1,ulaw,A19
LA_E_9465264,1,none,A09
LA_E_9465273,1,gsm,A13
LA_E_9465646,1,g722,A11
LA_E_9465865,1,g722,A17
LA_E_9465879,1,gsm,A14
LA_E_9465956,1,gsm,A11
LA_E_9466061,1,none,A07
LA_E_9466265,0,alaw,bonafide
LA_E_9466345,1,opus,A15
LA_E_9466641,1,opus,A09
LA_E_9466777,1,none,A11
LA_E_9467001,1,ulaw,A17
LA_E_9467497,1,alaw,A13
LA_E_9467548,1,none,A19
LA_E_9467617,1,g722,A10
LA_E_9467704,1,opus,A19
LA_E_9468007,1,pstn,A17
LA_E_9468572,1,opus,A10
LA_E_9468835,1,none,A08
LA_E_9468898,1,pstn,A17
LA_E_9469225,0,g722,bonafide
LA_E_9469356,1,g722,A12
LA_E_9469517,1,gsm,A18
LA_E_9469665,1,gsm,A15
LA_E_9469764,1,gsm,A19
LA_E_9469774,1,alaw,A16
LA_E_9470611,0,pstn,bonafide
LA_E_9470612,1,g722,A19
LA_E_9470713,1,opus,A10
LA_E_9470926,1,g722,A11
LA_E_9471069,1,alaw,A10
LA_E_9471369,1,opus,A16
LA_E_9471620,1,none,A16
LA_E_9472050,1,gsm,A13
LA_E_9473462,0,pstn,bonafide
LA_E_9474289,1,alaw,A07
LA_E_9474481,1,pstn,A14
LA_E_9474520,1,pstn,A11
LA_E_9474627,1,alaw,A08
LA_E_9475041,1,pstn,A12
LA_E_9475219,1,gsm,A07
LA_E_9475344,1,g722,A07
LA_E_9475630,0,g722,bonafide
LA_E_9476169,1,pstn,A09
LA_E_9476260,1,gsm,A16
LA_E_9476340,1,pstn,A08
LA_E_9476535,1,opus,A12
LA_E_9476650,1,opus,A08
LA_E_9476685,1,none,A12
LA_E_9477000,1,ulaw,A12
LA_E_9477580,1,opus,A18
LA_E_9477582,1,ulaw,A13
LA_E_9477716,1,pstn,A18
LA_E_9477976,1,gsm,A14
LA_E_9478718,1,gsm,A14
LA_E_9479790,1,gsm,A08
LA_E_9480267,0,pstn,bonafide
LA_E_9480769,1,pstn,A17
LA_E_9480783,1,g722,A08
LA_E_9480843,1,gsm,A09
LA_E_9480909,0,alaw,bonafide
LA_E_9481655,1,gsm,A18
LA_E_9481744,1,gsm,A17
LA_E_9482061,1,pstn,A17
LA_E_9482695,1,g722,A07
LA_E_9482721,0,g722,bonafide
LA_E_9483402,1,pstn,A14
LA_E_9483864,1,gsm,A12
LA_E_9484019,1,alaw,A12
LA_E_9484127,1,opus,A12
LA_E_9484932,1,none,A12
LA_E_9485042,1,ulaw,A18
LA_E_9485443,1,pstn,A12
LA_E_9485774,1,ulaw,A12
LA_E_9486376,1,g722,A17
LA_E_9486396,1,gsm,A11
LA_E_9487386,1,g722,A12
LA_E_9487880,0,pstn,bonafide
LA_E_9488140,1,none,A19
LA_E_9488525,1,none,A13
LA_E_9489398,1,opus,A15
LA_E_9489522,1,alaw,A12
LA_E_9490139,1,gsm,A09
LA_E_9490574,1,ulaw,A14
LA_E_9491255,1,ulaw,A08
LA_E_9491713,1,g722,A07
LA_E_9491732,1,pstn,A16
LA_E_9492065,1,g722,A10
LA_E_9492244,1,gsm,A07
LA_E_9492253,1,pstn,A13
LA_E_9492343,1,gsm,A13
LA_E_9492674,1,none,A09
LA_E_9492995,1,gsm,A18
LA_E_9493050,1,none,A12
LA_E_9493431,1,none,A18
LA_E_9493857,1,opus,A16
LA_E_9493913,1,ulaw,A07
LA_E_9493927,1,gsm,A15
LA_E_9494055,0,none,bonafide
LA_E_9494117,1,g722,A10
LA_E_9494698,1,gsm,A19
LA_E_9494821,0,none,bonafide
LA_E_9495440,1,opus,A18
LA_E_9496099,1,none,A15
LA_E_9496144,1,ulaw,A10
LA_E_9496222,1,none,A16
LA_E_9496455,1,ulaw,A08
LA_E_9497296,0,g722,bonafide
LA_E_9498120,1,gsm,A12
LA_E_9498574,1,none,A13
LA_E_9498732,1,opus,A14
LA_E_9498842,1,ulaw,A09
LA_E_9498998,1,opus,A14
LA_E_9499154,1,none,A13
LA_E_9499666,1,g722,A13
LA_E_9499918,1,gsm,A12
LA_E_9500787,1,gsm,A12
LA_E_9500806,1,none,A10
LA_E_9501495,1,none,A17
LA_E_9501651,1,opus,A18
LA_E_9502029,1,pstn,A12
LA_E_9502268,1,none,A19
LA_E_9502559,1,ulaw,A13
LA_E_9503668,1,opus,A13
LA_E_9503890,1,opus,A17
LA_E_9503907,1,gsm,A09
LA_E_9504183,0,g722,bonafide
LA_E_9504210,1,pstn,A10
LA_E_9504395,1,gsm,A16
LA_E_9504438,1,ulaw,A19
LA_E_9504444,1,opus,A16
LA_E_9504639,1,pstn,A10
LA_E_9505186,1,pstn,A19
LA_E_9505336,1,g722,A09
LA_E_9505693,1,pstn,A19
LA_E_9506025,1,alaw,A13
LA_E_9506063,1,alaw,A07
LA_E_9506123,1,opus,A17
LA_E_9506360,1,ulaw,A15
LA_E_9506414,1,gsm,A07
LA_E_9506833,1,pstn,A13
LA_E_9506851,1,pstn,A19
LA_E_9506987,1,alaw,A18
LA_E_9507203,1,ulaw,A16
LA_E_9507573,1,alaw,A16
LA_E_9507615,1,gsm,A09
LA_E_9508105,1,ulaw,A12
LA_E_9508113,1,none,A11
LA_E_9508434,1,alaw,A18
LA_E_9508449,1,g722,A10
LA_E_9509085,1,gsm,A18
LA_E_9509424,1,ulaw,A11
LA_E_9510072,1,alaw,A10
LA_E_9510182,1,none,A07
LA_E_9510541,1,pstn,A10
LA_E_9512121,1,ulaw,A16
LA_E_9512275,1,ulaw,A15
LA_E_9513244,0,opus,bonafide
LA_E_9513284,1,pstn,A08
LA_E_9513555,1,pstn,A11
LA_E_9513990,1,gsm,A11
LA_E_9514198,1,alaw,A16
LA_E_9514347,1,opus,A07
LA_E_9514500,1,alaw,A08
LA_E_9514685,1,pstn,A10
LA_E_9514964,1,alaw,A14
LA_E_9515036,1,pstn,A08
LA_E_9515079,1,alaw,A14
LA_E_9515206,1,alaw,A18
LA_E_9515251,1,ulaw,A13
LA_E_9515314,1,gsm,A13
LA_E_9515969,1,g722,A10
LA_E_9516184,1,pstn,A07
LA_E_9516247,1,pstn,A15
LA_E_9516770,1,alaw,A14
LA_E_9517229,1,pstn,A18
LA_E_9517320,1,alaw,A18
LA_E_9518078,1,none,A17
LA_E_9518310,1,none,A16
LA_E_9518366,1,ulaw,A09
LA_E_9518569,1,gsm,A12
LA_E_9518742,1,pstn,A16
LA_E_9518827,1,g722,A07
LA_E_9518971,1,pstn,A09
LA_E_9519114,1,g722,A07
LA_E_9519487,1,g722,A11
LA_E_9519506,1,opus,A15
LA_E_9519728,1,g722,A19
LA_E_9519786,1,none,A09
LA_E_9520314,1,gsm,A07
LA_E_9520887,1,ulaw,A19
LA_E_9521006,1,alaw,A07
LA_E_9521320,1,none,A12
LA_E_9521598,1,gsm,A17
LA_E_9521741,1,ulaw,A13
LA_E_9521742,0,alaw,bonafide
LA_E_9521935,1,g722,A17
LA_E_9522172,1,gsm,A08
LA_E_9522834,0,opus,bonafide
LA_E_9522865,1,gsm,A14
LA_E_9523489,1,ulaw,A09
LA_E_9523528,1,opus,A11
LA_E_9523537,1,alaw,A17
LA_E_9523730,1,alaw,A17
LA_E_9523790,1,alaw,A16
LA_E_9524313,1,g722,A17
LA_E_9524360,0,ulaw,bonafide
LA_E_9524493,1,none,A15
LA_E_9524778,1,pstn,A15
LA_E_9525393,1,g722,A13
LA_E_9525652,0,g722,bonafide
LA_E_9526000,1,alaw,A16
LA_E_9527039,1,g722,A14
LA_E_9527303,1,pstn,A18
LA_E_9527969,1,ulaw,A13
LA_E_9528020,1,pstn,A09
LA_E_9528109,1,none,A07
LA_E_9528173,1,none,A13
LA_E_9528321,1,alaw,A16
LA_E_9528484,1,g722,A19
LA_E_9529475,1,alaw,A14
LA_E_9529991,1,g722,A10
LA_E_9530083,1,g722,A10
LA_E_9530381,1,g722,A08
LA_E_9530390,1,ulaw,A12
LA_E_9530845,1,g722,A19
LA_E_9531020,1,none,A15
LA_E_9531055,1,none,A07
LA_E_9531094,1,gsm,A18
LA_E_9531265,1,gsm,A11
LA_E_9531621,1,alaw,A10
LA_E_9531920,1,opus,A07
LA_E_9531981,1,alaw,A07
LA_E_9532048,1,g722,A11
LA_E_9532410,1,ulaw,A09
LA_E_9532511,1,alaw,A12
LA_E_9532576,1,alaw,A10
LA_E_9532771,1,none,A13
LA_E_9532784,1,g722,A16
LA_E_9533141,1,alaw,A07
LA_E_9533934,1,gsm,A16
LA_E_9534141,1,opus,A12
LA_E_9534147,1,alaw,A15
LA_E_9534215,0,alaw,bonafide
LA_E_9534651,0,alaw,bonafide
LA_E_9534903,1,opus,A08
LA_E_9535064,1,alaw,A19
LA_E_9535719,1,pstn,A07
LA_E_9535762,1,none,A13
LA_E_9535862,1,gsm,A16
LA_E_9536387,1,none,A14
LA_E_9536409,0,ulaw,bonafide
LA_E_9537128,1,alaw,A10
LA_E_9537329,1,gsm,A08
LA_E_9537592,1,alaw,A19
LA_E_9537656,1,pstn,A12
LA_E_9538639,1,g722,A14
LA_E_9538692,1,g722,A19
LA_E_9538968,1,gsm,A11
LA_E_9539119,0,ulaw,bonafide
LA_E_9539698,1,alaw,A12
LA_E_9539712,1,g722,A08
LA_E_9539757,1,g722,A13
LA_E_9540396,1,gsm,A10
LA_E_9541188,1,gsm,A12
LA_E_9541247,1,gsm,A07
LA_E_9541467,1,g722,A09
LA_E_9541572,1,gsm,A08
LA_E_9541855,1,g722,A10
LA_E_9542628,1,none,A13
LA_E_9543120,1,gsm,A19
LA_E_9543127,1,alaw,A17
LA_E_9543384,1,g722,A14
LA_E_9543407,1,opus,A07
LA_E_9543897,0,gsm,bonafide
LA_E_9543991,1,none,A14
LA_E_9544053,1,g722,A18
LA_E_9545560,1,alaw,A08
LA_E_9545574,1,gsm,A11
LA_E_9546155,1,ulaw,A13
LA_E_9546408,1,gsm,A09
LA_E_9547005,1,pstn,A12
LA_E_9547161,1,pstn,A18
LA_E_9547360,1,none,A07
LA_E_9547502,1,none,A18
LA_E_9547547,1,opus,A11
LA_E_9547553,1,alaw,A12
LA_E_9547574,1,opus,A13
LA_E_9547790,0,gsm,bonafide
LA_E_9548269,1,ulaw,A12
LA_E_9548536,0,alaw,bonafide
LA_E_9548840,1,alaw,A11
LA_E_9549334,1,ulaw,A07
LA_E_9549464,1,pstn,A19
LA_E_9549908,1,pstn,A13
LA_E_9549974,1,alaw,A14
LA_E_9550024,1,opus,A08
LA_E_9550488,1,alaw,A16
LA_E_9551178,1,gsm,A08
LA_E_9551406,1,g722,A08
LA_E_9551507,1,pstn,A07
LA_E_9551570,1,ulaw,A16
LA_E_9551585,1,g722,A13
LA_E_9551672,1,opus,A17
LA_E_9552412,1,ulaw,A18
LA_E_9552620,0,g722,bonafide
LA_E_9553231,1,pstn,A18
LA_E_9553414,0,alaw,bonafide
LA_E_9553495,1,gsm,A15
LA_E_9553517,1,alaw,A15
LA_E_9553664,1,alaw,A08
LA_E_9553890,0,pstn,bonafide
LA_E_9553900,1,ulaw,A15
LA_E_9554005,1,none,A08
LA_E_9554170,1,none,A11
LA_E_9554293,1,none,A17
LA_E_9554641,1,none,A16
LA_E_9554969,1,opus,A19
LA_E_9555334,1,pstn,A17
LA_E_9555885,1,gsm,A11
LA_E_9555928,1,alaw,A11
LA_E_9556354,1,pstn,A08
LA_E_9556621,1,none,A13
LA_E_9556654,1,ulaw,A10
LA_E_9556946,1,ulaw,A09
LA_E_9557442,0,none,bonafide
LA_E_9558227,1,gsm,A16
LA_E_9558775,1,none,A14
LA_E_9558953,1,ulaw,A10
LA_E_9559709,0,pstn,bonafide
LA_E_9560648,1,ulaw,A13
LA_E_9561076,1,pstn,A19
LA_E_9561602,1,opus,A18
LA_E_9562520,1,ulaw,A08
LA_E_9562581,1,ulaw,A07
LA_E_9562596,1,g722,A13
LA_E_9562605,1,opus,A14
LA_E_9562698,1,none,A19
LA_E_9562738,1,none,A12
LA_E_9562953,1,ulaw,A18
LA_E_9563106,1,pstn,A11
LA_E_9563169,1,ulaw,A10
LA_E_9563425,1,none,A16
LA_E_9563975,1,ulaw,A15
LA_E_9564288,0,none,bonafide
LA_E_9564487,1,ulaw,A17
LA_E_9564784,1,none,A08
LA_E_9565032,0,gsm,bonafide
LA_E_9565131,1,ulaw,A16
LA_E_9565464,1,g722,A08
LA_E_9565621,1,opus,A11
LA_E_9565683,1,g722,A17
LA_E_9565891,1,pstn,A15
LA_E_9566199,1,gsm,A17
LA_E_9566412,1,pstn,A19
LA_E_9566800,1,pstn,A08
LA_E_9568114,1,alaw,A11
LA_E_9569055,0,none,bonafide
LA_E_9569099,1,none,A19
LA_E_9569325,1,ulaw,A14
LA_E_9569335,1,gsm,A08
LA_E_9569748,1,g722,A09
LA_E_9569752,1,g722,A14
LA_E_9570323,1,none,A16
LA_E_9570394,1,gsm,A10
LA_E_9570803,1,gsm,A19
LA_E_9570841,1,opus,A19
LA_E_9571332,1,pstn,A15
LA_E_9571560,1,opus,A16
LA_E_9571565,1,gsm,A07
LA_E_9572368,1,pstn,A08
LA_E_9572538,1,none,A08
LA_E_9572873,1,alaw,A18
LA_E_9573225,1,alaw,A12
LA_E_9573563,1,ulaw,A07
LA_E_9573591,1,gsm,A19
LA_E_9573623,1,g722,A16
LA_E_9574042,1,none,A09
LA_E_9574119,1,pstn,A07
LA_E_9574853,1,g722,A09
LA_E_9575572,1,gsm,A10
LA_E_9575673,1,pstn,A17
LA_E_9575710,1,opus,A13
LA_E_9575763,1,opus,A07
LA_E_9576318,1,alaw,A10
LA_E_9576424,1,none,A09
LA_E_9576576,1,ulaw,A10
LA_E_9576669,1,gsm,A07
LA_E_9576888,1,none,A19
LA_E_9576995,1,ulaw,A14
LA_E_9577389,1,pstn,A16
LA_E_9577582,1,pstn,A11
LA_E_9577943,1,g722,A17
LA_E_9578067,1,pstn,A16
LA_E_9578237,1,alaw,A19
LA_E_9578636,1,none,A10
LA_E_9579011,1,ulaw,A16
LA_E_9579322,1,pstn,A07
LA_E_9579854,1,gsm,A16
LA_E_9580160,1,opus,A11
LA_E_9580650,1,g722,A13
LA_E_9582101,1,gsm,A16
LA_E_9582129,1,alaw,A19
LA_E_9582366,1,opus,A15
LA_E_9582638,1,ulaw,A15
LA_E_9582811,0,opus,bonafide
LA_E_9583035,1,g722,A11
LA_E_9583242,1,pstn,A09
LA_E_9583255,1,opus,A07
LA_E_9583407,1,g722,A11
LA_E_9583575,1,opus,A19
LA_E_9584157,1,g722,A13
LA_E_9584325,1,pstn,A13
LA_E_9585040,1,alaw,A10
LA_E_9586183,1,pstn,A11
LA_E_9586271,1,gsm,A11
LA_E_9586478,1,none,A09
LA_E_9587440,1,ulaw,A13
LA_E_9587779,1,alaw,A09
LA_E_9587904,1,alaw,A14
LA_E_9587962,1,ulaw,A15
LA_E_9588041,1,ulaw,A14
LA_E_9588158,1,none,A15
LA_E_9588436,1,g722,A16
LA_E_9588822,1,pstn,A10
LA_E_9589004,1,ulaw,A16
LA_E_9589059,1,pstn,A15
LA_E_9589197,1,pstn,A17
LA_E_9589217,1,alaw,A15
LA_E_9589279,1,g722,A18
LA_E_9589417,1,pstn,A12
LA_E_9589621,1,g722,A18
LA_E_9589751,1,alaw,A09
LA_E_9590172,1,opus,A10
LA_E_9590284,1,pstn,A14
LA_E_9590378,1,gsm,A15
LA_E_9590533,1,opus,A14
LA_E_9591117,1,opus,A13
LA_E_9591918,1,g722,A07
LA_E_9592123,1,none,A19
LA_E_9592518,1,opus,A09
LA_E_9593069,1,opus,A17
LA_E_9593292,1,gsm,A16
LA_E_9593355,1,none,A15
LA_E_9593642,1,ulaw,A12
LA_E_9594012,1,none,A09
LA_E_9594014,1,pstn,A11
LA_E_9594173,1,ulaw,A10
LA_E_9594576,1,opus,A07
LA_E_9595071,1,g722,A14
LA_E_9595619,1,g722,A12
LA_E_9596192,1,pstn,A19
LA_E_9596225,1,ulaw,A10
LA_E_9596372,1,gsm,A07
LA_E_9596477,1,pstn,A07
LA_E_9596789,1,pstn,A17
LA_E_9596802,1,pstn,A15
LA_E_9597296,1,gsm,A19
LA_E_9597372,1,ulaw,A18
LA_E_9598006,1,alaw,A07
LA_E_9598216,1,alaw,A18
LA_E_9598263,1,pstn,A10
LA_E_9598281,1,g722,A13
LA_E_9598849,1,alaw,A18
LA_E_9599264,1,ulaw,A07
LA_E_9599771,1,g722,A14
LA_E_9600131,1,none,A08
LA_E_9600202,1,pstn,A14
LA_E_9600242,1,opus,A16
LA_E_9600308,1,opus,A13
LA_E_9600337,1,alaw,A15
LA_E_9600530,1,g722,A12
LA_E_9600832,1,ulaw,A15
LA_E_9600935,1,pstn,A08
LA_E_9601826,1,none,A12
LA_E_9601990,0,gsm,bonafide
LA_E_9602193,1,alaw,A14
LA_E_9602421,0,gsm,bonafide
LA_E_9602540,1,g722,A11
LA_E_9602628,1,ulaw,A08
LA_E_9602684,1,alaw,A17
LA_E_9602808,1,ulaw,A19
LA_E_9602960,1,gsm,A14
LA_E_9603008,1,opus,A18
LA_E_9603332,1,opus,A07
LA_E_9603392,1,pstn,A16
LA_E_9603399,1,ulaw,A08
LA_E_9603718,1,ulaw,A16
LA_E_9604914,1,gsm,A09
LA_E_9605048,1,none,A12
LA_E_9605757,1,opus,A17
LA_E_9606578,1,alaw,A15
LA_E_9606579,1,ulaw,A15
LA_E_9606635,1,g722,A14
LA_E_9606788,1,none,A16
LA_E_9606923,1,none,A16
LA_E_9607428,0,none,bonafide
LA_E_9607433,1,opus,A07
LA_E_9607524,1,opus,A08
LA_E_9607536,1,none,A10
LA_E_9607657,1,gsm,A13
LA_E_9607682,1,g722,A18
LA_E_9607781,1,opus,A19
LA_E_9607870,1,ulaw,A12
LA_E_9608108,1,g722,A08
LA_E_9608135,1,g722,A08
LA_E_9608466,1,alaw,A17
LA_E_9608530,1,gsm,A15
LA_E_9609172,1,alaw,A09
LA_E_9609215,1,alaw,A15
LA_E_9609750,1,pstn,A08
LA_E_9609779,1,none,A10
LA_E_9610150,1,ulaw,A17
LA_E_9610372,1,ulaw,A12
LA_E_9610869,1,none,A08
LA_E_9610915,1,gsm,A10
LA_E_9611123,1,gsm,A16
LA_E_9611165,0,ulaw,bonafide
LA_E_9611186,1,g722,A08
LA_E_9611581,1,gsm,A10
LA_E_9611930,1,g722,A14
LA_E_9611960,0,gsm,bonafide
LA_E_9611999,1,none,A17
LA_E_9612035,1,pstn,A14
LA_E_9612040,1,alaw,A16
LA_E_9612551,1,gsm,A19
LA_E_9612795,1,gsm,A15
LA_E_9613016,1,gsm,A07
LA_E_9613262,1,gsm,A10
LA_E_9613413,1,ulaw,A11
LA_E_9613474,1,gsm,A15
LA_E_9613520,1,ulaw,A11
LA_E_9613637,1,opus,A16
LA_E_9613762,1,opus,A09
LA_E_9614071,1,gsm,A18
LA_E_9614304,1,alaw,A11
LA_E_9614373,1,alaw,A19
LA_E_9614739,1,none,A14
LA_E_9614802,1,g722,A12
LA_E_9615065,1,opus,A11
LA_E_9615141,1,pstn,A10
LA_E_9615494,1,g722,A09
LA_E_9615509,1,g722,A19
LA_E_9615555,1,opus,A15
LA_E_9616182,1,ulaw,A14
LA_E_9616534,1,opus,A18
LA_E_9617039,1,pstn,A17
LA_E_9617481,1,opus,A09
LA_E_9618217,1,gsm,A16
LA_E_9618348,1,opus,A18
LA_E_9619206,1,none,A18
LA_E_9619596,1,g722,A16
LA_E_9619685,1,g722,A07
LA_E_9619739,1,ulaw,A10
LA_E_9620049,1,ulaw,A19
LA_E_9620185,1,pstn,A10
LA_E_9620555,1,opus,A07
LA_E_9621118,1,opus,A09
LA_E_9621241,1,gsm,A14
LA_E_9621467,1,ulaw,A09
LA_E_9621572,1,alaw,A11
LA_E_9621579,1,ulaw,A11
LA_E_9621724,1,g722,A16
LA_E_9621743,1,gsm,A11
LA_E_9621782,0,none,bonafide
LA_E_9621862,1,alaw,A08
LA_E_9622303,1,ulaw,A13
LA_E_9622699,1,none,A17
LA_E_9623934,1,alaw,A14
LA_E_9624497,1,ulaw,A12
LA_E_9624552,1,none,A14
LA_E_9625022,1,pstn,A11
LA_E_9625478,1,alaw,A08
LA_E_9625526,0,pstn,bonafide
LA_E_9625559,0,g722,bonafide
LA_E_9625669,1,opus,A14
LA_E_9625714,1,gsm,A17
LA_E_9626986,1,pstn,A18
LA_E_9627381,1,pstn,A10
LA_E_9628050,1,g722,A11
LA_E_9628360,1,alaw,A11
LA_E_9628416,1,ulaw,A13
LA_E_9628617,1,none,A18
LA_E_9628949,1,ulaw,A19
LA_E_9630032,1,none,A09
LA_E_9630047,1,ulaw,A17
LA_E_9630212,1,pstn,A16
LA_E_9630289,1,gsm,A09
LA_E_9630803,1,opus,A19
LA_E_9631197,1,none,A17
LA_E_9631441,1,pstn,A16
LA_E_9631625,0,pstn,bonafide
LA_E_9631750,1,g722,A17
LA_E_9631862,1,none,A17
LA_E_9632426,1,g722,A12
LA_E_9632514,1,pstn,A15
LA_E_9632905,1,opus,A17
LA_E_9633220,1,alaw,A13
LA_E_9633281,1,ulaw,A10
LA_E_9633348,1,alaw,A14
LA_E_9633731,1,ulaw,A08
LA_E_9633777,1,ulaw,A09
LA_E_9634389,1,pstn,A12
LA_E_9634703,1,g722,A16
LA_E_9635108,1,alaw,A15
LA_E_9635551,1,g722,A16
LA_E_9635695,1,ulaw,A16
LA_E_9635752,1,alaw,A08
LA_E_9636310,1,none,A14
LA_E_9636620,1,g722,A16
LA_E_9636812,1,alaw,A11
LA_E_9637014,1,opus,A15
LA_E_9637075,1,opus,A11
LA_E_9637214,1,g722,A14
LA_E_9637294,1,gsm,A18
LA_E_9637336,1,gsm,A17
LA_E_9638037,1,opus,A14
LA_E_9638208,0,gsm,bonafide
LA_E_9638252,1,gsm,A12
LA_E_9638325,1,none,A10
LA_E_9638377,1,opus,A09
LA_E_9638666,1,pstn,A07
LA_E_9638825,1,none,A12
LA_E_9638929,1,none,A18
LA_E_9638942,1,alaw,A15
LA_E_9638957,1,alaw,A15
LA_E_9638982,1,pstn,A16
LA_E_9639009,1,none,A09
LA_E_9639057,1,opus,A12
LA_E_9639244,1,opus,A13
LA_E_9639494,1,ulaw,A16
LA_E_9639881,0,ulaw,bonafide
LA_E_9639922,1,ulaw,A12
LA_E_9640335,1,pstn,A11
LA_E_9640404,1,gsm,A13
LA_E_9641118,1,pstn,A15
LA_E_9641598,1,gsm,A19
LA_E_9642457,1,g722,A11
LA_E_9642606,1,opus,A09
LA_E_9642727,1,g722,A17
LA_E_9643024,0,g722,bonafide
LA_E_9643052,1,opus,A15
LA_E_9643084,1,pstn,A11
LA_E_9643405,1,opus,A08
LA_E_9643737,1,pstn,A09
LA_E_9644243,1,opus,A14
LA_E_9644307,1,pstn,A12
LA_E_9644372,1,g722,A10
LA_E_9644375,1,opus,A10
LA_E_9644871,0,alaw,bonafide
LA_E_9645062,1,opus,A17
LA_E_9645459,1,gsm,A09
LA_E_9645573,1,ulaw,A11
LA_E_9645644,1,pstn,A07
LA_E_9646108,1,alaw,A13
LA_E_9646175,1,none,A15
LA_E_9646458,1,gsm,A17
LA_E_9646463,1,gsm,A18
LA_E_9646660,1,ulaw,A09
LA_E_9648482,1,alaw,A13
LA_E_9648506,1,pstn,A07
LA_E_9648671,1,ulaw,A07
LA_E_9648723,1,gsm,A08
LA_E_9648830,1,gsm,A10
LA_E_9648858,0,gsm,bonafide
LA_E_9648910,1,opus,A14
LA_E_9649290,1,gsm,A14
LA_E_9649541,1,g722,A08
LA_E_9649553,1,opus,A16
LA_E_9649697,1,gsm,A10
LA_E_9649715,1,opus,A09
LA_E_9650927,1,ulaw,A19
LA_E_9650948,1,ulaw,A09
LA_E_9651129,0,none,bonafide
LA_E_9651229,1,alaw,A19
LA_E_9651326,1,gsm,A12
LA_E_9652836,1,opus,A15
LA_E_9653104,1,ulaw,A16
LA_E_9653811,1,pstn,A15
LA_E_9653937,1,ulaw,A09
LA_E_9654853,1,ulaw,A15
LA_E_9654928,1,g722,A16
LA_E_9655028,1,pstn,A11
LA_E_9655220,1,opus,A09
LA_E_9655810,1,g722,A09
LA_E_9656425,1,pstn,A07
LA_E_9656755,1,opus,A17
LA_E_9657532,1,ulaw,A14
LA_E_9658207,0,g722,bonafide
LA_E_9658318,1,gsm,A19
LA_E_9659568,1,ulaw,A12
LA_E_9659812,1,g722,A08
LA_E_9660084,0,ulaw,bonafide
LA_E_9660139,1,none,A11
LA_E_9660844,1,gsm,A09
LA_E_9660915,1,gsm,A11
LA_E_9660926,1,gsm,A15
LA_E_9660951,1,none,A14
LA_E_9661476,1,opus,A11
LA_E_9661485,1,opus,A16
LA_E_9661530,1,alaw,A08
LA_E_9661592,1,opus,A07
LA_E_9661791,1,none,A17
LA_E_9662189,1,gsm,A13
LA_E_9662521,0,none,bonafide
LA_E_9662570,1,g722,A14
LA_E_9662785,1,gsm,A12
LA_E_9662981,1,opus,A14
LA_E_9663005,1,gsm,A13
LA_E_9663761,1,pstn,A12
LA_E_9663780,1,ulaw,A13
LA_E_9664187,1,ulaw,A12
LA_E_9664343,1,ulaw,A19
LA_E_9664379,1,pstn,A18
LA_E_9665121,1,alaw,A08
LA_E_9665210,1,gsm,A15
LA_E_9665277,1,alaw,A09
LA_E_9665369,1,none,A10
LA_E_9666155,1,g722,A18
LA_E_9666415,1,ulaw,A08
LA_E_9667359,1,opus,A18
LA_E_9667971,1,pstn,A09
LA_E_9668496,1,pstn,A13
LA_E_9669193,1,none,A11
LA_E_9669745,1,alaw,A09
LA_E_9669965,1,gsm,A07
LA_E_9670130,1,gsm,A18
LA_E_9670217,1,alaw,A09
LA_E_9670484,1,pstn,A12
LA_E_9670551,1,g722,A15
LA_E_9670906,1,ulaw,A07
LA_E_9670922,0,ulaw,bonafide
LA_E_9670985,1,alaw,A14
LA_E_9671225,1,gsm,A17
LA_E_9671375,1,gsm,A09
LA_E_9671863,0,alaw,bonafide
LA_E_9671921,0,alaw,bonafide
LA_E_9672045,1,none,A16
LA_E_9672132,1,gsm,A11
LA_E_9672225,1,opus,A16
LA_E_9672402,1,g722,A17
LA_E_9672566,1,g722,A19
LA_E_9673686,1,pstn,A13
LA_E_9673773,1,gsm,A15
LA_E_9674244,1,opus,A11
LA_E_9674317,1,gsm,A08
LA_E_9674655,1,g722,A13
LA_E_9674667,1,gsm,A19
LA_E_9674675,1,gsm,A18
LA_E_9675074,1,ulaw,A13
LA_E_9676306,1,gsm,A14
LA_E_9676449,1,none,A09
LA_E_9676496,1,none,A18
LA_E_9676773,1,pstn,A09
LA_E_9678646,1,gsm,A15
LA_E_9678658,1,alaw,A18
LA_E_9679813,1,alaw,A07
LA_E_9680142,1,opus,A14
LA_E_9680671,1,pstn,A11
LA_E_9681515,1,opus,A14
LA_E_9681896,0,g722,bonafide
LA_E_9682033,1,none,A15
LA_E_9682100,1,gsm,A12
LA_E_9682200,1,opus,A08
LA_E_9682291,1,ulaw,A12
LA_E_9682400,1,alaw,A09
LA_E_9682407,1,alaw,A11
LA_E_9682656,1,pstn,A17
LA_E_9683305,1,pstn,A16
LA_E_9683898,1,alaw,A08
LA_E_9684340,1,ulaw,A14
LA_E_9684491,1,gsm,A11
LA_E_9684653,1,alaw,A08
LA_E_9684815,0,pstn,bonafide
LA_E_9684829,1,alaw,A13
LA_E_9684969,1,alaw,A13
LA_E_9685159,1,opus,A17
LA_E_9686128,1,none,A18
LA_E_9686130,1,opus,A12
LA_E_9686544,0,g722,bonafide
LA_E_9687060,1,g722,A19
LA_E_9687069,1,opus,A13
LA_E_9687255,1,none,A09
LA_E_9687269,1,pstn,A09
LA_E_9687400,1,g722,A07
LA_E_9687612,1,opus,A12
LA_E_9687764,1,none,A11
LA_E_9687800,1,opus,A10
LA_E_9687984,1,ulaw,A13
LA_E_9688099,1,ulaw,A19
LA_E_9688157,1,g722,A10
LA_E_9689299,1,pstn,A07
LA_E_9689416,1,alaw,A08
LA_E_9689606,1,none,A10
LA_E_9689690,0,pstn,bonafide
LA_E_9690554,1,ulaw,A19
LA_E_9690686,1,gsm,A18
LA_E_9690793,1,ulaw,A07
LA_E_9691239,1,none,A10
LA_E_9691283,1,alaw,A19
LA_E_9691602,1,gsm,A14
LA_E_9691784,1,gsm,A18
LA_E_9691949,0,gsm,bonafide
LA_E_9693238,1,opus,A10
LA_E_9693440,1,none,A11
LA_E_9693936,1,g722,A18
LA_E_9694077,1,opus,A18
LA_E_9694181,1,opus,A15
LA_E_9694538,0,pstn,bonafide
LA_E_9694563,1,ulaw,A12
LA_E_9694774,1,gsm,A19
LA_E_9695638,1,ulaw,A11
LA_E_9695759,1,opus,A10
LA_E_9696857,1,opus,A11
LA_E_9697238,1,g722,A17
LA_E_9698229,1,gsm,A09
LA_E_9698567,1,ulaw,A18
LA_E_9698816,1,ulaw,A16
LA_E_9699336,1,g722,A07
LA_E_9699522,1,ulaw,A18
LA_E_9699577,1,gsm,A09
LA_E_9699673,0,g722,bonafide
LA_E_9699926,1,alaw,A07
LA_E_9700357,1,pstn,A10
LA_E_9700384,1,gsm,A15
LA_E_9700441,1,none,A08
LA_E_9700837,1,pstn,A10
LA_E_9700972,1,g722,A08
LA_E_9701888,1,g722,A07
LA_E_9702844,1,opus,A17
LA_E_9702955,1,none,A08
LA_E_9703359,1,alaw,A19
LA_E_9703915,1,ulaw,A15
LA_E_9704038,0,none,bonafide
LA_E_9704133,1,opus,A10
LA_E_9704253,1,opus,A07
LA_E_9704365,1,opus,A12
LA_E_9704609,1,pstn,A16
LA_E_9704991,0,opus,bonafide
LA_E_9705328,1,alaw,A12
LA_E_9705773,1,ulaw,A09
LA_E_9705842,1,none,A18
LA_E_9705953,1,ulaw,A07
LA_E_9706398,0,g722,bonafide
LA_E_9707038,1,none,A15
LA_E_9707076,1,opus,A13
LA_E_9708065,0,alaw,bonafide
LA_E_9708784,1,alaw,A16
LA_E_9709012,1,gsm,A17
LA_E_9709058,1,g722,A10
LA_E_9709131,1,none,A13
LA_E_9709847,1,ulaw,A16
LA_E_9710133,1,none,A18
LA_E_9710353,1,pstn,A08
LA_E_9710732,1,ulaw,A15
LA_E_9710754,1,ulaw,A15
LA_E_9711422,1,alaw,A08
LA_E_9711443,1,alaw,A19
LA_E_9711513,1,opus,A10
LA_E_9711748,1,opus,A09
LA_E_9711893,1,pstn,A16
LA_E_9712046,1,pstn,A08
LA_E_9712125,1,g722,A07
LA_E_9712956,1,pstn,A16
LA_E_9713383,1,gsm,A17
LA_E_9713433,1,gsm,A08
LA_E_9713528,0,pstn,bonafide
LA_E_9713630,1,opus,A12
LA_E_9713743,1,alaw,A12
LA_E_9714210,1,g722,A18
LA_E_9714243,1,ulaw,A10
LA_E_9714879,1,none,A16
LA_E_9715276,1,gsm,A09
LA_E_9715404,1,pstn,A12
LA_E_9716146,1,gsm,A16
LA_E_9717159,1,opus,A16
LA_E_9718226,1,ulaw,A11
LA_E_9718347,1,ulaw,A17
LA_E_9718615,1,g722,A19
LA_E_9718934,0,gsm,bonafide
LA_E_9718960,1,none,A11
LA_E_9719183,1,none,A14
LA_E_9719229,1,ulaw,A13
LA_E_9719781,1,none,A11
LA_E_9720108,1,g722,A12
LA_E_9720119,1,opus,A17
LA_E_9720153,1,none,A11
LA_E_9720649,1,ulaw,A12
LA_E_9720829,0,none,bonafide
LA_E_9721215,1,pstn,A18
LA_E_9721545,1,opus,A14
LA_E_9721839,1,opus,A11
LA_E_9722066,1,g722,A12
LA_E_9722251,1,gsm,A19
LA_E_9723075,1,opus,A17
LA_E_9723088,1,none,A14
LA_E_9723758,1,opus,A10
LA_E_9724138,1,alaw,A12
LA_E_9724251,1,opus,A13
LA_E_9724750,1,alaw,A13
LA_E_9725488,1,alaw,A17
LA_E_9725620,1,ulaw,A09
LA_E_9725931,1,gsm,A11
LA_E_9726175,1,alaw,A10
LA_E_9726884,1,g722,A15
LA_E_9727689,1,pstn,A09
LA_E_9727850,1,none,A09
LA_E_9728094,1,ulaw,A12
LA_E_9728133,1,pstn,A13
LA_E_9728605,1,g722,A18
LA_E_9729068,1,pstn,A09
LA_E_9729553,1,ulaw,A18
LA_E_9730369,1,none,A13
LA_E_9730821,0,alaw,bonafide
LA_E_9731038,0,none,bonafide
LA_E_9731321,1,gsm,A08
LA_E_9731434,1,gsm,A07
LA_E_9731547,1,ulaw,A14
LA_E_9731636,1,none,A16
LA_E_9731827,1,alaw,A13
LA_E_9731883,1,ulaw,A17
LA_E_9732102,1,ulaw,A09
LA_E_9732302,1,none,A17
LA_E_9732635,1,g722,A18
LA_E_9732722,1,alaw,A15
LA_E_9732947,1,alaw,A07
LA_E_9733270,1,none,A10
LA_E_9733581,1,opus,A12
LA_E_9733658,1,ulaw,A16
LA_E_9733809,1,g722,A19
LA_E_9734141,0,ulaw,bonafide
LA_E_9734176,1,ulaw,A09
LA_E_9734811,1,none,A10
LA_E_9734979,1,opus,A10
LA_E_9735574,1,alaw,A16
LA_E_9735582,1,opus,A11
LA_E_9735601,1,pstn,A13
LA_E_9736172,1,gsm,A18
LA_E_9736842,1,gsm,A09
LA_E_9736986,1,gsm,A13
LA_E_9737061,1,alaw,A14
LA_E_9737291,1,ulaw,A15
LA_E_9738760,1,ulaw,A19
LA_E_9738940,1,g722,A11
LA_E_9738977,0,pstn,bonafide
LA_E_9739927,0,g722,bonafide
LA_E_9740536,1,gsm,A11
LA_E_9741111,1,pstn,A12
LA_E_9741659,1,pstn,A14
LA_E_9741720,1,pstn,A18
LA_E_9742038,1,gsm,A17
LA_E_9742224,1,ulaw,A08
LA_E_9742607,1,none,A11
LA_E_9742700,1,ulaw,A15
LA_E_9742790,1,opus,A19
LA_E_9743572,1,alaw,A19
LA_E_9743574,1,g722,A15
LA_E_9743786,0,ulaw,bonafide
LA_E_9743899,1,pstn,A13
LA_E_9743918,1,ulaw,A16
LA_E_9744280,1,pstn,A15
LA_E_9745922,1,g722,A19
LA_E_9746022,1,pstn,A19
LA_E_9746206,0,opus,bonafide
LA_E_9746359,1,opus,A18
LA_E_9746805,0,opus,bonafide
LA_E_9747060,1,gsm,A14
LA_E_9747932,1,none,A17
LA_E_9747948,1,g722,A09
LA_E_9748917,1,gsm,A09
LA_E_9748970,1,opus,A07
LA_E_9749309,1,opus,A15
LA_E_9749417,1,ulaw,A11
LA_E_9749485,1,pstn,A11
LA_E_9749911,1,g722,A11
LA_E_9751096,1,gsm,A13
LA_E_9751508,1,alaw,A17
LA_E_9751804,1,pstn,A08
LA_E_9752481,1,g722,A19
LA_E_9753159,1,g722,A12
LA_E_9753194,1,opus,A10
LA_E_9753512,1,ulaw,A13
LA_E_9753613,1,pstn,A18
LA_E_9753681,1,ulaw,A11
LA_E_9753898,1,ulaw,A15
LA_E_9753955,1,alaw,A18
LA_E_9754033,1,pstn,A19
LA_E_9754497,1,ulaw,A11
LA_E_9754503,1,opus,A08
LA_E_9754601,1,none,A13
LA_E_9755280,1,pstn,A07
LA_E_9755344,1,g722,A11
LA_E_9755367,1,g722,A14
LA_E_9756688,1,ulaw,A14
LA_E_9756724,0,opus,bonafide
LA_E_9756795,0,none,bonafide
LA_E_9758090,1,none,A11
LA_E_9758601,1,opus,A17
LA_E_9759707,1,opus,A12
LA_E_9759837,0,none,bonafide
LA_E_9760010,1,pstn,A07
LA_E_9760648,0,opus,bonafide
LA_E_9761251,1,pstn,A08
LA_E_9761735,1,pstn,A15
LA_E_9762311,1,gsm,A10
LA_E_9762342,1,gsm,A15
LA_E_9762380,1,pstn,A09
LA_E_9762432,0,ulaw,bonafide
LA_E_9762601,1,g722,A09
LA_E_9763172,1,opus,A09
LA_E_9763236,1,gsm,A18
LA_E_9763596,1,opus,A11
LA_E_9763916,1,ulaw,A19
LA_E_9764175,1,g722,A10
LA_E_9764223,1,ulaw,A12
LA_E_9764411,1,ulaw,A14
LA_E_9764420,1,alaw,A12
LA_E_9764649,1,opus,A15
LA_E_9765241,1,g722,A14
LA_E_9765256,1,opus,A11
LA_E_9765261,1,g722,A13
LA_E_9765263,1,alaw,A15
LA_E_9765716,0,gsm,bonafide
LA_E_9766042,1,ulaw,A16
LA_E_9766059,1,pstn,A11
LA_E_9766611,1,ulaw,A12
LA_E_9767057,1,gsm,A15
LA_E_9767459,1,none,A08
LA_E_9767715,1,gsm,A12
LA_E_9767864,1,g722,A12
LA_E_9768245,1,alaw,A07
LA_E_9768612,1,alaw,A18
LA_E_9768665,1,opus,A14
LA_E_9769700,1,g722,A16
LA_E_9769718,1,g722,A08
LA_E_9769958,1,ulaw,A16
LA_E_9770068,1,g722,A15
LA_E_9770272,1,pstn,A07
LA_E_9771379,1,ulaw,A09
LA_E_9772082,1,alaw,A14
LA_E_9772336,1,pstn,A17
LA_E_9772350,1,gsm,A16
LA_E_9772838,1,pstn,A13
LA_E_9773017,1,pstn,A08
LA_E_9773139,1,gsm,A17
LA_E_9773165,1,g722,A11
LA_E_9774760,1,gsm,A19
LA_E_9774978,1,pstn,A18
LA_E_9775723,1,ulaw,A10
LA_E_9776633,1,none,A08
LA_E_9777888,1,none,A13
LA_E_9778152,1,gsm,A09
LA_E_9778446,1,none,A09
LA_E_9778920,1,alaw,A14
LA_E_9779389,1,alaw,A19
LA_E_9779750,1,pstn,A08
LA_E_9780432,1,pstn,A09
LA_E_9780566,1,ulaw,A19
LA_E_9781812,1,alaw,A07
LA_E_9782506,1,pstn,A07
LA_E_9782772,1,none,A10
LA_E_9784528,1,g722,A07
LA_E_9784740,1,none,A11
LA_E_9784892,1,none,A13
LA_E_9785174,1,g722,A09
LA_E_9785236,1,ulaw,A07
LA_E_9785263,1,none,A15
LA_E_9785409,1,ulaw,A19
LA_E_9786248,1,gsm,A08
LA_E_9786388,1,alaw,A08
LA_E_9786598,1,alaw,A09
LA_E_9786758,1,g722,A15
LA_E_9786761,1,ulaw,A18
LA_E_9788186,1,opus,A16
LA_E_9788751,1,opus,A16
LA_E_9789168,1,g722,A10
LA_E_9789495,1,alaw,A19
LA_E_9789606,1,pstn,A16
LA_E_9789681,1,g722,A12
LA_E_9790277,0,opus,bonafide
LA_E_9790650,1,none,A09
LA_E_9790872,1,alaw,A11
LA_E_9791262,0,ulaw,bonafide
LA_E_9791837,1,g722,A12
LA_E_9792010,0,pstn,bonafide
LA_E_9792051,1,gsm,A19
LA_E_9792215,1,none,A13
LA_E_9792467,1,opus,A14
LA_E_9792560,1,ulaw,A08
LA_E_9793107,1,gsm,A16
LA_E_9794488,0,gsm,bonafide
LA_E_9794669,1,ulaw,A17
LA_E_9795722,1,pstn,A08
LA_E_9796337,1,ulaw,A19
LA_E_9796409,1,pstn,A12
LA_E_9796523,0,none,bonafide
LA_E_9796702,1,none,A13
LA_E_9796964,1,gsm,A13
LA_E_9797083,1,opus,A07
LA_E_9797238,1,none,A18
LA_E_9797441,1,opus,A19
LA_E_9797615,1,opus,A12
LA_E_9797620,1,none,A11
LA_E_9797639,1,opus,A09
LA_E_9797644,1,opus,A15
LA_E_9798526,1,gsm,A14
LA_E_9799002,1,none,A18
LA_E_9799051,1,alaw,A09
LA_E_9799785,1,gsm,A14
LA_E_9799824,1,alaw,A17
LA_E_9800328,1,g722,A09
LA_E_9800922,1,none,A12
LA_E_9800993,1,none,A07
LA_E_9801143,1,opus,A14
LA_E_9802255,1,g722,A18
LA_E_9802405,1,gsm,A10
LA_E_9803285,0,gsm,bonafide
LA_E_9803505,1,opus,A18
LA_E_9803714,1,opus,A15
LA_E_9803972,1,pstn,A17
LA_E_9804442,1,none,A08
LA_E_9804469,1,none,A15
LA_E_9804533,1,gsm,A12
LA_E_9806251,1,ulaw,A09
LA_E_9806435,1,none,A12
LA_E_9806594,1,gsm,A18
LA_E_9806812,0,pstn,bonafide
LA_E_9806899,1,pstn,A07
LA_E_9807188,1,pstn,A19
LA_E_9807243,0,g722,bonafide
LA_E_9807540,1,g722,A07
LA_E_9807551,1,ulaw,A18
LA_E_9807718,0,opus,bonafide
LA_E_9808048,1,pstn,A19
LA_E_9808087,0,pstn,bonafide
LA_E_9808173,0,ulaw,bonafide
LA_E_9808255,1,gsm,A11
LA_E_9808422,1,opus,A08
LA_E_9808453,1,gsm,A07
LA_E_9808474,1,opus,A08
LA_E_9808502,1,gsm,A15
LA_E_9808681,1,alaw,A10
LA_E_9808718,0,alaw,bonafide
LA_E_9808729,1,g722,A19
LA_E_9808745,1,opus,A12
LA_E_9808789,1,opus,A12
LA_E_9809115,1,gsm,A18
LA_E_9809116,1,opus,A19
LA_E_9809717,1,gsm,A10
LA_E_9809829,1,ulaw,A16
LA_E_9809855,1,none,A08
LA_E_9810023,1,pstn,A14
LA_E_9810382,0,alaw,bonafide
LA_E_9810491,1,pstn,A08
LA_E_9810853,1,alaw,A12
LA_E_9811204,1,alaw,A13
LA_E_9811299,1,g722,A08
LA_E_9811937,1,none,A19
LA_E_9811965,1,opus,A09
LA_E_9812036,1,ulaw,A17
LA_E_9812049,1,alaw,A15
LA_E_9812248,1,opus,A14
LA_E_9812515,1,pstn,A13
LA_E_9812733,1,ulaw,A15
LA_E_9812782,1,pstn,A09
LA_E_9813070,1,pstn,A11
LA_E_9813666,0,alaw,bonafide
LA_E_9813904,1,ulaw,A08
LA_E_9815037,1,alaw,A09
LA_E_9815151,0,g722,bonafide
LA_E_9815193,1,ulaw,A15
LA_E_9815465,1,opus,A16
LA_E_9815882,1,opus,A09
LA_E_9816406,1,gsm,A17
LA_E_9816448,1,g722,A08
LA_E_9816918,1,none,A10
LA_E_9817016,0,gsm,bonafide
LA_E_9817158,1,pstn,A17
LA_E_9817192,1,gsm,A17
LA_E_9817552,1,alaw,A13
LA_E_9817768,1,opus,A07
LA_E_9818495,0,pstn,bonafide
LA_E_9818921,1,g722,A16
LA_E_9820951,1,pstn,A10
LA_E_9821317,0,alaw,bonafide
LA_E_9821505,1,pstn,A15
LA_E_9821653,1,gsm,A17
LA_E_9821791,0,ulaw,bonafide
LA_E_9823458,0,ulaw,bonafide
LA_E_9824113,1,g722,A08
LA_E_9824957,1,g722,A07
LA_E_9825058,1,pstn,A19
LA_E_9825158,1,g722,A17
LA_E_9825878,1,pstn,A11
LA_E_9826000,1,pstn,A11
LA_E_9826310,1,ulaw,A10
LA_E_9826908,1,pstn,A18
LA_E_9826944,1,ulaw,A17
LA_E_9827013,1,ulaw,A08
LA_E_9827051,1,none,A11
LA_E_9827158,1,alaw,A16
LA_E_9827968,1,alaw,A12
LA_E_9828534,1,alaw,A09
LA_E_9828988,1,ulaw,A10
LA_E_9829390,1,gsm,A11
LA_E_9830040,0,g722,bonafide
LA_E_9830288,1,gsm,A07
LA_E_9830531,1,opus,A18
LA_E_9831791,1,alaw,A12
LA_E_9832369,1,opus,A11
LA_E_9832435,1,pstn,A16
LA_E_9832488,0,ulaw,bonafide
LA_E_9832661,1,none,A11
LA_E_9832702,1,pstn,A07
LA_E_9832716,1,g722,A12
LA_E_9833124,1,ulaw,A15
LA_E_9833289,0,gsm,bonafide
LA_E_9833571,0,opus,bonafide
LA_E_9833593,1,alaw,A07
LA_E_9834083,1,alaw,A07
LA_E_9834533,1,opus,A13
LA_E_9834547,1,ulaw,A10
LA_E_9835125,1,none,A17
LA_E_9835286,1,gsm,A14
LA_E_9835379,1,alaw,A09
LA_E_9835380,1,gsm,A19
LA_E_9835730,0,ulaw,bonafide
LA_E_9836051,1,ulaw,A14
LA_E_9836515,1,alaw,A13
LA_E_9836721,1,opus,A07
LA_E_9837691,1,ulaw,A07
LA_E_9838040,1,gsm,A13
LA_E_9838183,1,alaw,A18
LA_E_9838709,1,alaw,A10
LA_E_9838970,1,gsm,A16
LA_E_9838984,1,none,A07
LA_E_9839037,1,gsm,A14
LA_E_9839224,1,alaw,A18
LA_E_9839447,1,ulaw,A09
LA_E_9840437,1,ulaw,A13
LA_E_9840749,1,opus,A15
LA_E_9841020,1,none,A14
LA_E_9841107,1,g722,A07
LA_E_9841899,0,gsm,bonafide
LA_E_9842019,1,g722,A12
LA_E_9842527,1,ulaw,A18
LA_E_9843250,1,opus,A15
LA_E_9844019,0,alaw,bonafide
LA_E_9844653,1,opus,A08
LA_E_9844711,1,alaw,A14
LA_E_9844795,1,ulaw,A14
LA_E_9844882,1,pstn,A14
LA_E_9844985,1,g722,A07
LA_E_9845451,1,opus,A16
LA_E_9845581,1,gsm,A13
LA_E_9845829,1,none,A14
LA_E_9846127,1,opus,A17
LA_E_9846316,1,ulaw,A08
LA_E_9846449,1,opus,A13
LA_E_9846904,0,opus,bonafide
LA_E_9846987,1,alaw,A10
LA_E_9847074,1,g722,A16
LA_E_9847453,1,gsm,A19
LA_E_9847456,1,none,A18
LA_E_9847717,1,pstn,A07
LA_E_9848091,1,pstn,A07
LA_E_9848295,1,alaw,A09
LA_E_9848440,1,alaw,A16
LA_E_9848570,1,opus,A09
LA_E_9848674,1,ulaw,A19
LA_E_9848769,1,ulaw,A12
LA_E_9848976,1,ulaw,A10
LA_E_9849659,1,ulaw,A17
LA_E_9849760,1,ulaw,A11
LA_E_9850262,0,none,bonafide
LA_E_9850266,1,pstn,A09
LA_E_9850886,1,gsm,A14
LA_E_9851112,1,none,A09
LA_E_9851155,1,g722,A16
LA_E_9851296,1,opus,A18
LA_E_9851677,1,ulaw,A13
LA_E_9851727,1,gsm,A09
LA_E_9852358,0,none,bonafide
LA_E_9852524,1,gsm,A10
LA_E_9852603,1,none,A16
LA_E_9852912,1,g722,A18
LA_E_9853542,1,ulaw,A09
LA_E_9854084,1,alaw,A19
LA_E_9854115,0,alaw,bonafide
LA_E_9854166,1,pstn,A15
LA_E_9855243,1,alaw,A15
LA_E_9855361,1,pstn,A17
LA_E_9856248,1,none,A12
LA_E_9856566,1,pstn,A14
LA_E_9856857,1,opus,A19
LA_E_9856956,0,none,bonafide
LA_E_9856985,1,none,A11
LA_E_9858035,1,gsm,A08
LA_E_9858247,1,none,A07
LA_E_9858360,0,g722,bonafide
LA_E_9858391,1,gsm,A08
LA_E_9858509,1,gsm,A12
LA_E_9859447,1,gsm,A09
LA_E_9859573,1,g722,A18
LA_E_9859932,1,opus,A10
LA_E_9860582,0,alaw,bonafide
LA_E_9860810,1,gsm,A18
LA_E_9860995,1,none,A17
LA_E_9861803,1,opus,A07
LA_E_9861834,0,g722,bonafide
LA_E_9862162,1,pstn,A14
LA_E_9862332,1,none,A10
LA_E_9862686,1,gsm,A11
LA_E_9863043,1,ulaw,A16
LA_E_9863068,1,gsm,A08
LA_E_9863771,0,pstn,bonafide
LA_E_9863788,1,ulaw,A17
LA_E_9864165,1,none,A14
LA_E_9864274,1,none,A09
LA_E_9864290,1,opus,A11
LA_E_9864334,1,none,A16
LA_E_9864596,1,ulaw,A16
LA_E_9865096,0,pstn,bonafide
LA_E_9865197,1,g722,A07
LA_E_9865996,1,gsm,A11
LA_E_9866684,1,pstn,A09
LA_E_9868240,1,opus,A09
LA_E_9868243,1,opus,A08
LA_E_9868292,1,pstn,A10
LA_E_9868297,0,opus,bonafide
LA_E_9869403,1,ulaw,A08
LA_E_9870873,1,none,A14
LA_E_9871632,1,opus,A16
LA_E_9871894,1,none,A08
LA_E_9871922,1,opus,A08
LA_E_9872166,1,alaw,A14
LA_E_9872492,1,gsm,A17
LA_E_9873286,1,gsm,A13
LA_E_9874016,1,pstn,A15
LA_E_9874159,1,gsm,A19
LA_E_9874979,1,g722,A18
LA_E_9875055,1,alaw,A13
LA_E_9875824,1,opus,A07
LA_E_9877513,1,opus,A19
LA_E_9877666,1,opus,A07
LA_E_9877671,0,none,bonafide
LA_E_9877733,1,none,A19
LA_E_9877734,0,g722,bonafide
LA_E_9877900,1,g722,A07
LA_E_9878394,1,g722,A08
LA_E_9878576,1,none,A18
LA_E_9878892,0,ulaw,bonafide
LA_E_9879361,1,pstn,A16
LA_E_9879518,1,g722,A11
LA_E_9880179,1,pstn,A10
LA_E_9880397,1,g722,A19
LA_E_9880714,0,g722,bonafide
LA_E_9881446,1,none,A09
LA_E_9881566,1,opus,A19
LA_E_9882865,1,pstn,A19
LA_E_9883254,1,gsm,A10
LA_E_9883387,1,gsm,A12
LA_E_9883395,1,alaw,A11
LA_E_9883800,1,none,A09
LA_E_9884743,1,opus,A11
LA_E_9884970,1,pstn,A15
LA_E_9885572,1,opus,A13
LA_E_9886156,0,pstn,bonafide
LA_E_9886358,1,gsm,A10
LA_E_9886836,1,ulaw,A17
LA_E_9887075,1,gsm,A12
LA_E_9887516,1,opus,A14
LA_E_9888509,0,ulaw,bonafide
LA_E_9889062,1,alaw,A17
LA_E_9889222,0,opus,bonafide
LA_E_9889514,1,ulaw,A10
LA_E_9889944,1,ulaw,A12
LA_E_9890738,1,alaw,A08
LA_E_9890836,1,alaw,A13
LA_E_9891483,1,ulaw,A15
LA_E_9892052,1,opus,A17
LA_E_9892464,1,none,A16
LA_E_9892541,1,pstn,A15
LA_E_9892975,1,gsm,A08
LA_E_9893040,1,ulaw,A09
LA_E_9893313,1,gsm,A14
LA_E_9893389,0,none,bonafide
LA_E_9893487,1,opus,A10
LA_E_9894532,1,ulaw,A16
LA_E_9894749,1,ulaw,A11
LA_E_9894822,1,alaw,A15
LA_E_9894845,1,g722,A07
LA_E_9895669,1,gsm,A17
LA_E_9895912,0,ulaw,bonafide
LA_E_9896912,1,ulaw,A08
LA_E_9896953,1,opus,A10
LA_E_9897143,1,gsm,A07
LA_E_9898002,1,gsm,A17
LA_E_9898939,1,ulaw,A09
LA_E_9899113,1,none,A17
LA_E_9899765,0,g722,bonafide
LA_E_9900371,1,g722,A09
LA_E_9900432,1,alaw,A15
LA_E_9900665,1,none,A18
LA_E_9900848,1,g722,A13
LA_E_9900967,1,none,A17
LA_E_9901086,1,alaw,A07
LA_E_9901691,1,alaw,A09
LA_E_9901864,1,gsm,A07
LA_E_9902070,1,gsm,A12
LA_E_9903773,1,gsm,A08
LA_E_9903802,1,gsm,A12
LA_E_9903835,1,opus,A11
LA_E_9903932,1,alaw,A15
LA_E_9904402,1,gsm,A19
LA_E_9904438,0,ulaw,bonafide
LA_E_9904448,1,gsm,A12
LA_E_9904639,1,none,A18
LA_E_9905067,1,none,A15
LA_E_9905542,1,alaw,A18
LA_E_9905870,0,opus,bonafide
LA_E_9906281,1,opus,A12
LA_E_9906282,0,none,bonafide
LA_E_9906821,1,none,A14
LA_E_9906937,1,gsm,A19
LA_E_9907210,1,ulaw,A08
LA_E_9907315,1,none,A12
LA_E_9907501,0,pstn,bonafide
LA_E_9907828,1,gsm,A09
LA_E_9907856,1,ulaw,A16
LA_E_9907981,1,opus,A12
LA_E_9908017,1,alaw,A08
LA_E_9908256,1,opus,A10
LA_E_9909237,1,pstn,A19
LA_E_9910479,1,none,A10
LA_E_9912097,1,none,A07
LA_E_9912376,0,ulaw,bonafide
LA_E_9912607,1,none,A19
LA_E_9912954,1,opus,A18
LA_E_9913383,0,none,bonafide
LA_E_9913640,1,alaw,A11
LA_E_9913702,1,none,A18
LA_E_9913947,1,gsm,A14
LA_E_9915364,1,gsm,A12
LA_E_9915481,1,pstn,A18
LA_E_9915636,1,gsm,A15
LA_E_9917042,1,opus,A10
LA_E_9917572,0,ulaw,bonafide
LA_E_9917850,1,opus,A07
LA_E_9918085,1,opus,A09
LA_E_9918339,0,alaw,bonafide
LA_E_9918838,1,opus,A11
LA_E_9918876,1,g722,A18
LA_E_9919616,1,g722,A10
LA_E_9919723,1,none,A10
LA_E_9920296,1,g722,A11
LA_E_9920834,1,ulaw,A14
LA_E_9921091,1,alaw,A17
LA_E_9921126,1,gsm,A15
LA_E_9921977,1,gsm,A11
LA_E_9923158,1,none,A18
LA_E_9924191,1,pstn,A17
LA_E_9924421,1,none,A17
LA_E_9925080,1,ulaw,A18
LA_E_9925378,0,alaw,bonafide
LA_E_9925484,1,gsm,A16
LA_E_9925882,1,alaw,A12
LA_E_9926261,0,ulaw,bonafide
LA_E_9926740,1,gsm,A17
LA_E_9927270,1,g722,A15
LA_E_9927517,1,opus,A07
LA_E_9927964,1,alaw,A08
LA_E_9927980,1,opus,A13
LA_E_9928384,1,ulaw,A19
LA_E_9928424,1,pstn,A13
LA_E_9928579,1,gsm,A09
LA_E_9929376,1,alaw,A14
LA_E_9929521,1,opus,A13
LA_E_9929733,1,alaw,A17
LA_E_9929803,1,alaw,A09
LA_E_9929911,1,ulaw,A13
LA_E_9930161,1,none,A09
LA_E_9930849,1,g722,A18
LA_E_9931569,1,alaw,A07
LA_E_9931744,1,alaw,A19
LA_E_9932626,1,gsm,A18
LA_E_9932693,1,none,A13
LA_E_9932908,1,gsm,A16
LA_E_9933035,1,pstn,A08
LA_E_9933758,1,alaw,A07
LA_E_9933761,1,alaw,A13
LA_E_9934123,0,opus,bonafide
LA_E_9934998,1,pstn,A10
LA_E_9935147,1,gsm,A14
LA_E_9935432,1,ulaw,A09
LA_E_9935669,0,alaw,bonafide
LA_E_9936010,1,ulaw,A18
LA_E_9936899,1,g722,A07
LA_E_9938723,1,gsm,A12
LA_E_9939428,0,opus,bonafide
LA_E_9939456,1,ulaw,A17
LA_E_9939523,1,ulaw,A15
LA_E_9939651,1,pstn,A12
LA_E_9939777,1,alaw,A16
LA_E_9939984,1,pstn,A12
LA_E_9940152,1,pstn,A14
LA_E_9940251,1,alaw,A11
LA_E_9940355,1,ulaw,A19
LA_E_9940367,0,ulaw,bonafide
LA_E_9940544,1,none,A09
LA_E_9941130,1,g722,A16
LA_E_9941792,1,pstn,A08
LA_E_9943168,1,opus,A18
LA_E_9943542,1,gsm,A16
LA_E_9943969,1,gsm,A13
LA_E_9943976,1,opus,A11
LA_E_9944382,1,g722,A07
LA_E_9944383,1,ulaw,A15
LA_E_9944760,1,opus,A08
LA_E_9944888,1,g722,A16
LA_E_9945260,0,opus,bonafide
LA_E_9945423,1,g722,A13
LA_E_9945755,1,opus,A11
LA_E_9946074,1,opus,A16
LA_E_9946118,1,ulaw,A08
LA_E_9947260,1,opus,A09
LA_E_9947276,1,alaw,A18
LA_E_9947539,1,gsm,A16
LA_E_9947742,1,pstn,A19
LA_E_9948301,1,none,A13
LA_E_9948435,1,g722,A16
LA_E_9948463,0,pstn,bonafide
LA_E_9948730,1,none,A08
LA_E_9949240,1,opus,A18
LA_E_9949662,1,alaw,A10
LA_E_9949694,1,ulaw,A18
LA_E_9950471,1,opus,A11
LA_E_9950748,1,g722,A13
LA_E_9950887,1,ulaw,A08
LA_E_9950946,1,alaw,A10
LA_E_9950974,1,pstn,A19
LA_E_9951353,1,pstn,A16
LA_E_9951489,1,alaw,A08
LA_E_9951548,1,g722,A14
LA_E_9952327,1,ulaw,A12
LA_E_9952363,1,alaw,A18
LA_E_9952505,1,ulaw,A13
LA_E_9952637,1,none,A19
LA_E_9952781,1,g722,A09
LA_E_9952908,1,alaw,A15
LA_E_9953169,1,alaw,A19
LA_E_9953393,1,none,A08
LA_E_9953831,1,g722,A18
LA_E_9954492,1,alaw,A09
LA_E_9955207,0,opus,bonafide
LA_E_9955746,1,ulaw,A13
LA_E_9956474,1,opus,A13
LA_E_9956641,1,pstn,A14
LA_E_9956923,1,pstn,A16
LA_E_9956993,1,alaw,A19
LA_E_9957257,1,opus,A15
LA_E_9957592,1,gsm,A19
LA_E_9957643,1,alaw,A16
LA_E_9958058,1,gsm,A07
LA_E_9958110,1,gsm,A18
LA_E_9958219,1,none,A15
LA_E_9958360,1,g722,A19
LA_E_9958885,1,opus,A12
LA_E_9960282,1,alaw,A15
LA_E_9960296,1,pstn,A17
LA_E_9960694,1,pstn,A11
LA_E_9960769,1,none,A11
LA_E_9960829,1,pstn,A09
LA_E_9961361,1,ulaw,A18
LA_E_9962022,1,none,A08
LA_E_9962093,1,pstn,A15
LA_E_9962150,1,pstn,A17
LA_E_9962771,1,ulaw,A10
LA_E_9962791,1,none,A11
LA_E_9962990,1,ulaw,A09
LA_E_9963146,1,ulaw,A19
LA_E_9963373,0,gsm,bonafide
LA_E_9963536,1,pstn,A16
LA_E_9963668,0,none,bonafide
LA_E_9963964,1,g722,A18
LA_E_9964118,1,opus,A07
LA_E_9964940,1,ulaw,A11
LA_E_9965590,1,pstn,A10
LA_E_9965648,1,none,A14
LA_E_9966032,1,g722,A12
LA_E_9966162,1,g722,A17
LA_E_9966808,1,ulaw,A09
LA_E_9966877,1,alaw,A08
LA_E_9967109,1,none,A14
LA_E_9967140,1,none,A17
LA_E_9967239,1,none,A07
LA_E_9967404,1,gsm,A18
LA_E_9967651,1,none,A13
LA_E_9967706,1,pstn,A13
LA_E_9967719,1,pstn,A11
LA_E_9968317,1,alaw,A12
LA_E_9968380,1,ulaw,A17
LA_E_9968454,1,g722,A19
LA_E_9968518,1,alaw,A18
LA_E_9968942,1,none,A12
LA_E_9969019,0,opus,bonafide
LA_E_9969591,1,g722,A19
LA_E_9969833,1,opus,A07
LA_E_9969986,1,ulaw,A17
LA_E_9970274,1,opus,A19
LA_E_9970372,1,g722,A18
LA_E_9970526,1,alaw,A19
LA_E_9970561,1,alaw,A15
LA_E_9971157,1,opus,A08
LA_E_9971385,1,alaw,A11
LA_E_9971925,1,alaw,A15
LA_E_9972912,1,pstn,A12
LA_E_9972974,1,gsm,A16
LA_E_9973322,1,opus,A14
LA_E_9973815,1,none,A15
LA_E_9973899,1,g722,A07
LA_E_9973946,1,g722,A09
LA_E_9974061,1,g722,A07
LA_E_9974124,1,gsm,A11
LA_E_9974474,1,g722,A12
LA_E_9974814,1,opus,A13
LA_E_9975952,1,none,A18
LA_E_9976111,1,pstn,A12
LA_E_9976174,1,pstn,A14
LA_E_9976298,1,opus,A19
LA_E_9976929,0,alaw,bonafide
LA_E_9976994,1,ulaw,A11
LA_E_9977247,1,gsm,A13
LA_E_9977649,1,gsm,A17
LA_E_9977888,1,gsm,A15
LA_E_9977982,0,none,bonafide
LA_E_9978154,1,gsm,A13
LA_E_9978805,1,pstn,A15
LA_E_9978907,1,opus,A16
LA_E_9979384,1,g722,A19
LA_E_9979733,1,g722,A07
LA_E_9980366,1,pstn,A18
LA_E_9981412,0,g722,bonafide
LA_E_9981956,0,none,bonafide
LA_E_9982206,1,pstn,A18
LA_E_9982545,1,alaw,A13
LA_E_9982654,1,pstn,A07
LA_E_9983102,1,ulaw,A14
LA_E_9983114,1,alaw,A14
LA_E_9983263,1,gsm,A11
LA_E_9983326,1,none,A12
LA_E_9983353,1,ulaw,A07
LA_E_9983740,1,none,A15
LA_E_9983980,1,none,A10
LA_E_9983994,1,ulaw,A18
LA_E_9984267,1,opus,A14
LA_E_9984381,1,none,A10
LA_E_9984809,1,pstn,A15
LA_E_9984848,1,alaw,A12
LA_E_9985038,1,gsm,A07
LA_E_9985533,1,pstn,A16
LA_E_9985826,1,gsm,A18
LA_E_9985908,1,none,A18
LA_E_9985998,1,gsm,A09
LA_E_9986181,1,g722,A07
LA_E_9986269,0,gsm,bonafide
LA_E_9986361,1,pstn,A16
LA_E_9986380,1,none,A12
LA_E_9986514,1,gsm,A14
LA_E_9986628,1,pstn,A14
LA_E_9986901,1,pstn,A12
LA_E_9987230,1,pstn,A09
LA_E_9987716,1,alaw,A13
LA_E_9987915,1,gsm,A12
LA_E_9988157,1,g722,A16
LA_E_9988280,0,alaw,bonafide
LA_E_9988398,1,g722,A08
LA_E_9988653,1,g722,A18
LA_E_9988713,1,opus,A11
LA_E_9988761,1,pstn,A15
LA_E_9989175,1,gsm,A09
LA_E_9989363,1,opus,A09
LA_E_9989382,1,g722,A08
LA_E_9989768,1,none,A19
LA_E_9989859,1,opus,A11
LA_E_9989986,1,g722,A17
LA_E_9990562,1,g722,A13
LA_E_9990960,1,alaw,A15
LA_E_9991127,1,opus,A12
LA_E_9991135,1,gsm,A19
LA_E_9991154,1,alaw,A10
LA_E_9991232,1,none,A16
LA_E_9991357,0,ulaw,bonafide
LA_E_9991957,1,none,A16
LA_E_9992603,0,g722,bonafide
LA_E_9992640,1,ulaw,A10
LA_E_9992819,1,gsm,A19
LA_E_9992886,1,none,A10
LA_E_9992942,1,g722,A18
LA_E_9993044,1,none,A11
LA_E_9993077,1,g722,A14
LA_E_9993766,1,gsm,A07
LA_E_9993951,1,none,A16
LA_E_9994128,1,ulaw,A10
LA_E_9994658,0,opus,bonafide
LA_E_9995277,1,opus,A10
LA_E_9995404,1,opus,A07
LA_E_9995783,1,pstn,A15
LA_E_9996081,1,alaw,A14
LA_E_9996293,0,ulaw,bonafide
LA_E_9996496,1,gsm,A10
LA_E_9996918,1,none,A07
LA_E_9997099,1,opus,A10
LA_E_9997269,1,alaw,A14
LA_E_9997545,1,none,A19
LA_E_9997550,0,opus,bonafide
LA_E_9998134,1,none,A07
LA_E_9998655,1,none,A19
LA_E_9999362,1,gsm,A15
LA_E_9999676,1,pstn,A13
LA_E_9999896,1,gsm,A15
